timestamp_s,can_id_hex,dlc,data_hex,signals_json
1779096042.298,0x100,8,00 5C F4 F3 5F 53 83 B6,speed=0.00
1779096042.341,0x200,8,93 64 FC AA F2 B1 91 DA,fuel=100.00
1779096042.445,0x300,8,02 7D D9 AA 15 96 66 F4,temp=42.00
1779096042.526,0x100,8,01 C5 75 F3 67 39 85 61,speed=1.00
1779096042.617,0x200,8,6B 64 FA 25 B5 48 9F A9,fuel=100.00
1779096042.711,0x300,8,03 A4 A7 BA 95 41 23 B1,temp=43.00
1779096042.805,0x100,8,02 11 17 4B DE DF 99 5E,speed=2.00
1779096042.902,0x200,8,33 64 EC C1 C7 9A 76 74,fuel=100.00
1779096042.997,0x300,8,04 BA 0E E5 7F 48 35 44,temp=44.00
1779096043.213,0x100,8,03 3B 74 A8 15 A7 27 E9,speed=3.00
1779096043.278,0x200,8,6A 64 00 C5 DC 0C DF 3D,fuel=100.00
1779096043.368,0x300,8,05 03 25 ED 93 8B ED 69,temp=45.00
1779096043.463,0x100,8,04 AF 1C D3 D7 84 D2 9E,speed=4.00
1779096043.559,0x200,8,4E 64 F9 10 9C C9 3D 7C,fuel=100.00
1779096043.655,0x300,8,06 51 84 06 8B 82 22 BD,temp=46.00
1779096043.749,0x100,8,06 EA AF 4D FF 5B F8 D4,speed=6.00
1779096043.838,0x200,8,72 64 AC C3 9A 5F D3 E1,fuel=100.00
1779096043.934,0x300,8,07 5E 0D 1B B2 C0 2A E6,temp=47.00
1779096044.023,0x100,8,07 E9 36 D9 B0 26 AD 6D,speed=7.00
1779096044.119,0x200,8,8A 64 A7 9F 89 ED 02 36,fuel=100.00
1779096044.215,0x300,8,08 91 EB 80 F9 48 41 39,temp=48.00
1779096044.311,0x100,8,09 B2 7F C0 DD F3 AF C2,speed=9.00
1779096044.398,0x200,8,6A 64 4F E0 19 B5 F7 2D,fuel=100.00
1779096044.492,0x300,8,0A 8B 41 AF F3 0E B2 04,temp=50.00
1779096044.587,0x100,8,0B 83 F4 6E 9C 15 DF 50,speed=11.00
1779096044.680,0x200,8,82 64 4E 86 2C 20 7C 0E,fuel=100.00
1779096044.775,0x300,8,0B 4C 71 A2 77 4B 02 6B,temp=51.00
1779096044.870,0x100,8,0C BE A1 9F 62 A8 96 18,speed=12.00
1779096044.966,0x200,8,66 64 F7 AB 01 82 9C 93,fuel=100.00
1779096045.061,0x300,8,0C D3 37 52 4B B1 4C FA,temp=52.00
1779096045.150,0x100,8,0E F9 A7 02 1E 3D E4 87,speed=14.00
1779096045.245,0x200,8,76 64 45 24 10 6B 6A 38,fuel=100.00
1779096045.341,0x300,8,0E 16 82 63 98 56 B6 AF,temp=54.00
1779096045.431,0x100,8,10 E6 9A 19 37 76 25 7C,speed=16.00
1779096045.527,0x200,8,7E 64 94 78 5C D2 6D CE,fuel=100.00
1779096045.624,0x300,8,0F EF EA 50 33 53 EE 69,temp=55.00
1779096045.719,0x100,8,12 97 67 36 02 1A C0 8E,speed=18.00
1779096045.806,0x200,8,46 64 86 B0 F9 42 17 70,fuel=100.00
1779096045.902,0x300,8,10 27 CE 4B 6D 34 D5 24,temp=56.00
1779096045.992,0x100,8,14 39 42 BB 64 A5 52 D8,speed=20.00
1779096046.088,0x200,8,5C 64 08 6B 60 5A B6 51,fuel=100.00
1779096046.183,0x300,8,12 B1 C4 E6 9D 99 D3 9F,temp=58.00
1779096046.280,0x100,8,16 F6 5F F4 75 B5 B6 5A,speed=22.00
1779096046.375,0x200,8,05 64 F3 8D 71 B3 7D 11,fuel=100.00
1779096046.462,0x300,8,13 33 D3 3E 61 96 24 07,temp=59.00
1779096046.557,0x100,8,18 DF DA 80 E0 1B 94 59,speed=24.00
1779096046.654,0x200,8,B3 64 60 00 1C BA BF 3C,fuel=100.00
1779096046.743,0x300,8,15 51 5A 42 00 41 5F 34,temp=61.00
1779096046.839,0x100,8,1A 0D 53 AB 0E 27 57 4F,speed=26.00
1779096046.935,0x200,8,A3 64 4A 34 1F D0 55 AA,fuel=100.00
1779096047.031,0x300,8,17 85 B7 E2 E7 1B F7 44,temp=63.00
1779096047.118,0x100,8,1C 12 E7 13 5C 6C 0C 96,speed=28.00
1779096047.212,0x200,8,67 64 23 7A FA BE 45 A0,fuel=100.00
1779096047.309,0x300,8,18 D7 1C B9 C4 37 CB 98,temp=64.00
1779096047.400,0x100,8,1F 00 EF F9 54 13 5A F3,speed=31.00
1779096047.492,0x200,8,BA 64 DE 9A ED CE 85 48,fuel=100.00
1779096047.589,0x300,8,1A 63 00 7F 48 69 31 3C,temp=66.00
1779096047.684,0x100,8,21 0D FC BE 7D CB 3A 68,speed=33.00
1779096047.774,0x200,8,63 64 3E D4 D1 90 37 49,fuel=100.00
1779096047.870,0x300,8,1C BE 8D 8A 19 52 D9 D7,temp=68.00
1779096047.984,0x100,8,23 33 47 AA 4D B0 77 D1,speed=35.00
1779096048.055,0x200,8,31 64 14 2D A4 DD BF 51,fuel=100.00
1779096048.153,0x300,8,1D 9F 74 03 D9 2D 14 54,temp=69.00
1779096048.248,0x100,8,25 01 C2 32 42 7A AC D1,speed=37.00
1779096048.343,0x200,8,87 64 E0 FD A0 E7 EF 44,fuel=100.00
1779096048.430,0x300,8,1F B5 A6 E3 06 53 C5 0F,temp=71.00
1779096048.526,0x100,8,27 4C 60 5C E0 2F 0E 64,speed=39.00
1779096048.622,0x200,8,3A 64 10 08 27 2E 36 06,fuel=100.00
1779096048.711,0x300,8,20 60 E1 0E F8 D0 9A AF,temp=72.00
1779096048.808,0x100,8,2A 55 58 F7 42 8C 28 3C,speed=42.00
1779096048.907,0x200,8,07 64 6F C8 93 41 D8 84,fuel=100.00
1779096048.997,0x300,8,22 77 D1 D0 B6 14 9B 0E,temp=74.00
1779096049.087,0x100,8,2C C8 4D E5 3E AD 91 93,speed=44.00
1779096049.186,0x200,8,8F 64 BC 51 38 EA 83 AB,fuel=100.00
1779096049.275,0x300,8,24 5E 7B DB B0 A7 6A 7D,temp=76.00
1779096049.367,0x100,8,2E 66 29 68 86 85 5A DB,speed=46.00
1779096049.462,0x200,8,33 64 8B 0F CE F0 E9 65,fuel=100.00
1779096049.560,0x300,8,26 8B 96 C5 C3 5B 01 3A,temp=78.00
1779096049.649,0x100,8,31 EB 1D 0B F7 BE E3 47,speed=49.00
1779096049.743,0x200,8,F0 64 0F 7C 85 6B 59 84,fuel=100.00
1779096049.837,0x300,8,28 81 CB 51 DE 46 1D D7,temp=80.00
1779096049.930,0x100,8,33 BC B4 0C 93 6D DC A3,speed=51.00
1779096050.023,0x200,8,DE 64 A1 AC E8 90 F1 97,fuel=100.00
1779096050.117,0x300,8,2A 7A AD 3C D3 71 F1 E5,temp=82.00
1779096050.215,0x100,8,36 13 A9 F9 63 1D 1C B2,speed=54.00
1779096050.304,0x200,8,68 64 64 16 63 5F 9B A0,fuel=100.00
1779096050.433,0x300,8,2B D8 1C FC A8 23 98 25,temp=83.00
1779096050.494,0x100,8,38 B9 55 A2 22 E2 D8 F8,speed=56.00
1779096050.589,0x200,8,83 64 97 6A 52 CF 88 FF,fuel=100.00
1779096050.680,0x300,8,2D 01 BE 25 8C D1 D0 CF,temp=85.00
1779096050.776,0x100,8,3B D9 20 D8 85 59 5B 84,speed=59.00
1779096050.871,0x200,8,30 64 54 2A 2C 43 80 62,fuel=100.00
1779096050.968,0x300,8,2F A6 F9 C3 BB 92 9C A8,temp=87.00
1779096051.062,0x100,8,3D C6 D8 61 0C EE 38 6A,speed=61.00
1779096051.151,0x200,8,08 64 6D 4B 8A 32 82 6C,fuel=100.00
1779096051.246,0x300,8,31 B0 35 C5 93 F0 93 5E,temp=89.00
1779096051.341,0x100,8,40 82 05 59 96 62 FE 70,speed=64.00
1779096051.432,0x200,8,11 64 62 A3 01 BD F1 11,fuel=100.00
1779096051.527,0x300,8,33 0B 75 23 A2 F1 E5 C7,temp=91.00
1779096051.623,0x100,8,43 13 56 63 44 4A DE 77,speed=67.00
1779096051.720,0x200,8,06 64 FE 18 6A 30 6C 97,fuel=100.00
1779096051.806,0x300,8,35 81 AF B0 46 0F 2C 02,temp=93.00
1779096051.902,0x100,8,45 CA 96 84 C1 A1 AA 0A,speed=69.00
1779096051.998,0x200,8,F4 64 50 DC 95 B7 D2 E2,fuel=100.00
1779096052.087,0x300,8,37 89 FC E9 DA 68 BE C9,temp=95.00
1779096052.183,0x100,8,48 A0 0A 38 0A 22 DD 35,speed=72.00
1779096052.279,0x200,8,F0 64 E9 DB 2E 2A 15 31,fuel=100.00
1779096052.367,0x300,8,39 C4 78 E1 69 3E 5C CD,temp=97.00
1779096052.463,0x100,8,4B 6B DE 17 50 2E C6 54,speed=75.00
1779096052.558,0x200,8,38 64 59 79 30 CB 47 CE,fuel=100.00
1779096052.654,0x300,8,3B B2 CC F3 16 5F B7 E6,temp=99.00
1779096052.743,0x100,8,4D C5 E3 37 9E 09 DB 20,speed=77.00
1779096052.840,0x200,8,8C 64 3F E5 7B A7 49 6A,fuel=100.00
1779096052.934,0x300,8,3D 1A 76 A2 85 C2 29 02,temp=101.00
1779096053.039,0x100,8,50 32 62 DB 66 10 9B 27,speed=80.00
1779096053.127,0x200,8,E1 64 1E 90 3F 78 5F 6E,fuel=100.00
1779096053.215,0x300,8,3F 4E 84 C0 57 26 04 BA,temp=103.00
1779096053.310,0x100,8,52 B3 B0 44 D4 A0 C7 43,speed=82.00
1779096053.399,0x200,8,1C 64 CE 79 64 C0 B9 BD,fuel=100.00
1779096053.496,0x300,8,41 3F 20 A7 E2 F3 16 7A,temp=105.00
1779096053.591,0x100,8,55 28 4A 62 C3 2B 72 20,speed=85.00
1779096053.688,0x200,8,EB 64 28 81 70 BF 8D E6,fuel=100.00
1779096053.774,0x300,8,41 59 7A A7 4A E7 37 FA,temp=105.00
1779096053.870,0x100,8,55 C6 1E D2 A8 B0 FE B1,speed=85.00
1779096053.966,0x200,8,D3 64 42 A1 03 53 5B 80,fuel=100.00
1779096054.056,0x300,8,41 16 61 B9 54 B7 6B C6,temp=105.00
1779096054.160,0x100,8,55 14 2C 82 1E AC 09 81,speed=85.00
1779096054.244,0x200,8,64 64 A5 16 6C 20 04 31,fuel=100.00
1779096054.340,0x300,8,41 60 BD 84 33 C7 52 72,temp=105.00
1779096054.429,0x100,8,55 B6 5B 4D 4E 76 2E 9D,speed=85.00
1779096054.526,0x200,8,A8 64 AB ED C3 34 45 8B,fuel=100.00
1779096054.628,0x300,8,41 09 52 C9 2A A8 BC AA,temp=105.00
1779096054.711,0x100,8,55 FC 3E 92 CD 63 95 30,speed=85.00
1779096054.807,0x200,8,D2 64 FF EA F2 6E 26 2E,fuel=100.00
1779096054.902,0x300,8,41 C4 33 33 1C FD B5 B7,temp=105.00
1779096054.996,0x100,8,55 64 25 A5 C2 87 9F 9A,speed=85.00
1779096055.085,0x200,8,CD 64 F8 6F CC D2 DA 0F,fuel=100.00
1779096055.182,0x300,8,41 F5 0A 83 3D 17 80 C8,temp=105.00
1779096055.276,0x100,8,55 44 EA D5 70 EF 7A 62,speed=85.00
1779096055.367,0x200,8,6E 64 74 19 F4 99 47 7F,fuel=100.00
1779096055.463,0x300,8,41 61 1D 5D 6F 91 64 97,temp=105.00
1779096055.559,0x100,8,55 4A 6B 3A 9E 39 86 80,speed=85.00
1779096055.656,0x200,8,AF 64 D5 95 15 1F 95 DB,fuel=100.00
1779096055.748,0x300,8,41 89 59 7B 13 54 65 80,temp=105.00
1779096055.838,0x100,8,55 D1 58 B1 4D B0 26 88,speed=85.00
1779096055.932,0x200,8,D0 64 47 5C EF CE 1D A9,fuel=100.00
1779096056.024,0x300,8,41 C2 C2 4B FA A2 37 96,temp=105.00
1779096056.123,0x100,8,55 02 13 73 1E 07 C2 F4,speed=85.00
1779096056.214,0x200,8,7D 64 21 77 0D 9A 57 A4,fuel=100.00
1779096056.307,0x300,8,41 C7 3A 70 9B 36 99 47,temp=105.00
1779096056.398,0x100,8,55 44 1A D7 B6 3B 2A 4A,speed=85.00
1779096056.494,0x200,8,B9 64 EB 8D 90 FF 36 49,fuel=100.00
1779096056.594,0x300,8,41 4A 27 60 A2 9A 95 08,temp=105.00
1779096056.680,0x100,8,55 1E 96 C5 20 E5 FE 80,speed=85.00
1779096056.776,0x200,8,C8 64 BC D4 C3 D6 5F 35,fuel=100.00
1779096056.870,0x300,8,41 1F 7C CD D9 F9 6D 9A,temp=105.00
1779096056.963,0x100,8,55 DC 5E 2E F1 6A 56 E7,speed=85.00
1779096057.057,0x200,8,3C 64 C3 A0 35 A9 A4 3C,fuel=100.00
1779096057.151,0x300,8,41 01 45 07 A4 93 23 53,temp=105.00
1779096057.243,0x100,8,55 AF 18 BB 9D 5D 87 51,speed=85.00
1779096057.338,0x200,8,6D 64 F0 F3 55 8C 5C 44,fuel=100.00
1779096057.431,0x300,8,41 DA 9E 31 8F C8 38 EF,temp=105.00
1779096057.525,0x100,8,55 25 0B 6E 0D C2 8E 55,speed=85.00
1779096057.621,0x200,8,4A 64 44 37 30 BC 98 A0,fuel=100.00
1779096057.714,0x300,8,41 5F 30 C6 37 81 26 E0,temp=105.00
1779096057.806,0x100,8,55 FF 0B 58 E4 5F 03 6A,speed=85.00
1779096057.900,0x200,8,5B 64 53 81 44 7F 4D 57,fuel=100.00
1779096057.993,0x300,8,41 4C F8 53 E5 E1 1A B4,temp=105.00
1779096058.087,0x100,8,55 A5 46 E3 39 FE BE B2,speed=85.00
1779096058.183,0x200,8,41 64 2F C8 42 1F 87 D3,fuel=100.00
1779096058.309,0x300,8,41 30 41 43 89 5C F3 28,temp=105.00
1779096058.377,0x100,8,55 32 6D D3 28 50 D8 26,speed=85.00
1779096058.462,0x200,8,58 64 0D 3F 25 DE 8A 96,fuel=100.00
1779096058.569,0x300,8,41 1A D7 DB 1D 92 A3 9A,temp=105.00
1779096058.654,0x100,8,55 D1 15 B3 0A D6 FA BC,speed=85.00
1779096058.742,0x200,8,02 64 DC 62 73 24 38 21,fuel=100.00
1779096058.840,0x300,8,41 AD 2C B8 64 74 CF D8,temp=105.00
1779096058.935,0x100,8,55 6D 9D 31 31 80 EA 63,speed=85.00
1779096059.031,0x200,8,32 64 A1 A0 36 0A 4F 38,fuel=100.00
1779096059.117,0x300,8,41 E8 8A 0F 3A 94 50 7A,temp=105.00
1779096059.213,0x100,8,55 42 89 35 55 2F 34 3C,speed=85.00
1779096059.309,0x200,8,04 64 95 CE 09 4E BA 88,fuel=100.00
1779096059.424,0x300,8,41 8F 0F 9B 3C 88 55 B5,temp=105.00
1779096059.493,0x100,8,55 BD 96 8D 67 47 B0 39,speed=85.00
1779096059.591,0x200,8,6C 64 B2 0E 73 1D B1 40,fuel=100.00
1779096059.688,0x300,8,41 D4 EE 65 96 33 41 6F,temp=105.00
1779096059.774,0x100,8,55 43 92 6A 14 BA 6E 06,speed=85.00
1779096059.870,0x200,8,F8 64 BE 86 92 88 E7 18,fuel=100.00
1779096059.966,0x300,8,41 4C FA C0 C0 07 F1 3F,temp=105.00
1779096060.056,0x100,8,55 60 D2 4E EE F3 29 7F,speed=85.00
1779096060.154,0x200,8,82 64 60 6A 58 28 F7 76,fuel=100.00
1779096060.244,0x300,8,41 AA 37 73 B5 0D C4 48,temp=105.00
1779096060.337,0x100,8,55 4A 33 8F F4 89 C2 2D,speed=85.00
1779096060.432,0x200,8,62 64 B1 42 49 53 E0 DE,fuel=100.00
1779096060.526,0x300,8,41 08 97 02 38 B0 8F 78,temp=105.00
1779096060.623,0x100,8,55 CE 6B C1 25 B1 AD 1D,speed=85.00
1779096060.712,0x200,8,15 64 6C C3 35 06 FA B1,fuel=100.00
1779096060.808,0x300,8,41 2F 15 E1 AA 52 F7 8C,temp=105.00
1779096060.902,0x100,8,55 91 D4 B2 72 F7 26 4D,speed=85.00
1779096061.006,0x200,8,44 64 28 1E 91 DD 89 7F,fuel=100.00
1779096061.112,0x300,8,41 65 9D 35 9A 5A 34 2E,temp=105.00
1779096061.192,0x100,8,55 90 D1 B8 D4 06 AD 7F,speed=85.00
1779096061.275,0x200,8,9C 64 74 84 E2 5B BB 4F,fuel=100.00
1779096061.369,0x300,8,41 81 20 08 6E 9D 74 45,temp=105.00
1779096061.463,0x100,8,55 7B C7 54 93 6A A7 39,speed=85.00
1779096061.556,0x200,8,B2 64 31 51 A7 F0 C9 9D,fuel=100.00
1779096061.650,0x300,8,41 37 A3 3B 73 5E 42 97,temp=105.00
1779096061.875,0x100,8,55 06 78 D6 F5 EE 2F 3D,speed=85.00
1779096061.932,0x200,8,C0 64 B0 2C A2 71 3D 25,fuel=100.00
1779096062.024,0x300,8,41 ED F6 1E A5 28 64 04,temp=105.00
1779096062.118,0x100,8,55 80 23 B3 AC 53 85 C4,speed=85.00
1779096062.215,0x200,8,A6 64 EE EC 71 8A 7F 0E,fuel=100.00
1779096062.308,0x300,8,41 9D 17 3B 4D AF 81 59,temp=105.00
1779096062.399,0x100,8,55 84 2A F0 A5 A5 8E 43,speed=85.00
1779096062.544,0x200,8,14 64 77 36 5A 81 2D D3,fuel=100.00
1779096062.681,0x300,8,41 7D 41 41 73 85 DD 6B,temp=105.00
1779096062.781,0x100,8,55 74 8F DC EA 38 1B D9,speed=85.00
1779096062.916,0x200,8,22 64 23 61 BE BB 78 E8,fuel=100.00
1779096063.056,0x300,8,41 82 44 09 CA 86 C1 C8,temp=105.00
1779096063.351,0x100,8,55 2B D3 4F 4A 67 D7 A2,speed=85.00
1779096063.796,0x200,8,3A 64 FA 10 8E 84 65 CA,fuel=100.00
1779096064.233,0x300,8,41 60 E0 89 E2 E4 90 F9,temp=105.00
1779096064.774,0x100,8,55 2F EE B9 B6 5B 64 48,speed=85.00
1779096066.056,0x200,8,41 64 81 1C C2 E7 6E A1,fuel=100.00
1779096068.721,0x300,8,41 77 07 7A F9 8A 8F A0,temp=105.00
1779096069.623,0x100,8,55 A4 DE B1 52 F7 88 11,speed=85.00
1779096072.510,0x200,8,C7 64 E6 34 07 B7 7B 8C,fuel=100.00
1779096075.412,0x300,8,41 32 EF DC 64 AC 8A 64,temp=105.00
1779096078.518,0x100,8,55 66 FE 0B 9C 5F F2 DC,speed=85.00
1779096079.720,0x200,8,B2 64 2B 88 D8 75 2F 45,fuel=100.00
1779096081.680,0x300,8,41 35 E0 F2 33 88 54 AA,temp=105.00
1779096083.249,0x100,8,55 29 47 4E 89 4A 5F F1,speed=85.00
1779096084.530,0x200,8,9E 64 46 B6 8E 95 5F 65,fuel=100.00
1779096084.936,0x300,8,41 7F 9D B4 CE 8A 8A 20,temp=105.00
1779096085.455,0x100,8,55 E2 96 FC C8 14 F7 98,speed=85.00
1779096085.564,0x200,8,FA 64 24 D8 02 7F 18 3E,fuel=100.00
1779096085.656,0x300,8,41 5B F0 1E E1 30 CB CA,temp=105.00
1779096085.755,0x100,8,55 63 30 03 24 EB CF EA,speed=85.00
1779096085.839,0x200,8,32 64 B3 02 5A A4 FF E3,fuel=100.00
1779096085.979,0x300,8,41 D9 ED 1E D7 30 A8 1E,temp=105.00
1779096086.069,0x100,8,55 90 73 3E 34 6A 80 0B,speed=85.00
1779096086.450,0x200,8,8E 64 0A 89 D3 A8 0D 39,fuel=100.00
1779096086.623,0x300,8,41 91 92 17 FD 84 13 5E,temp=105.00
1779096087.442,0x100,8,55 8A 1D AB 26 39 3E D1,speed=85.00
1779096089.070,0x200,8,1E 64 5D EF AE 84 AB EF,fuel=100.00
1779096091.409,0x300,8,41 57 16 FF D1 EF 39 EC,temp=105.00
1779096093.067,0x100,8,55 E4 FC 79 10 8F E2 B6,speed=85.00
1779096094.539,0x200,8,9A 64 57 B2 8B 8E 4C 35,fuel=100.00
1779096094.869,0x300,8,41 2E 2F F1 84 46 94 B1,temp=105.00
1779096098.161,0x100,8,55 DF AC 40 3C A9 E0 0D,speed=85.00
1779096102.403,0x200,8,88 64 3C C6 6C 36 27 57,fuel=100.00
1779096103.296,0x300,8,41 79 0A 0E FD C8 CA BC,temp=105.00
1779096106.265,0x100,8,55 49 55 54 17 49 54 8E,speed=85.00
1779096108.555,0x200,8,5C 64 AF E3 AC 1A 6A 9B,fuel=100.00
1779096110.761,0x300,8,41 A8 C7 BD 8D D4 2C B8,temp=105.00
1779096113.809,0x100,8,55 AE 1A DB D3 72 A3 9E,speed=85.00
1779096117.862,0x200,8,8A 64 49 C1 1B 19 14 F4,fuel=100.00
1779096118.133,0x300,8,41 56 61 17 FA EC F1 8E,temp=105.00
1779096118.316,0x100,8,55 D5 44 EA 43 1A AF FD,speed=85.00
1779096118.379,0x200,8,13 64 3A A1 B5 34 22 96,fuel=100.00
1779096118.654,0x300,8,41 73 E2 9B 03 37 14 99,temp=105.00
1779096118.845,0x100,8,55 23 87 CB 80 2D AD D6,speed=85.00
1779096118.989,0x200,8,B5 64 08 B2 81 2E AC 42,fuel=100.00
1779096119.140,0x300,8,41 AE 7E 82 30 A4 87 D7,temp=105.00
1779096119.238,0x100,8,55 8E 43 65 EC 78 C1 A6,speed=85.00
1779096119.470,0x200,8,E7 64 6A D2 BB 97 05 E6,fuel=100.00
1779096120.163,0x300,8,41 09 6C 6A 4A B4 9D 43,temp=105.00
1779096120.382,0x100,8,55 EF 11 6E DC E7 D2 8A,speed=85.00
1779096120.472,0x200,8,2E 64 A9 81 6F 30 81 0C,fuel=100.00
1779096120.653,0x300,8,41 D0 03 E6 D1 A5 2D 5A,temp=105.00
1779096120.947,0x100,8,55 08 AB F7 8A 00 CE FE,speed=85.00
1779096121.536,0x200,8,D7 64 D8 B4 2F DE 0A 7E,fuel=100.00
1779096121.623,0x300,8,41 AF 1E E8 50 60 07 F4,temp=105.00
1779096121.747,0x100,8,55 66 9A D9 A4 48 32 D5,speed=85.00
1779096121.860,0x200,8,24 64 7B 89 B0 12 1A 5A,fuel=100.00
1779096121.930,0x300,8,41 9D F2 F2 B3 7E B4 AD,temp=105.00
1779096122.006,0x100,8,55 EF 59 8F 71 B4 65 71,speed=85.00
1779096122.151,0x200,8,74 64 2D 11 E8 E2 93 6E,fuel=100.00
1779096122.251,0x300,8,41 1C AC 88 60 D6 D1 97,temp=105.00
1779096122.348,0x100,8,55 90 A9 9E D2 6E A9 E2,speed=85.00
1779096122.409,0x200,8,5F 64 70 7E 8C 27 8C 7F,fuel=100.00
1779096122.542,0x300,8,41 9C 6F 20 98 10 DD 4E,temp=105.00
1779096122.699,0x100,8,55 8B 0F 4A 01 19 69 C9,speed=85.00
1779096122.812,0x200,8,D0 64 26 9B 0A 09 B8 A8,fuel=100.00
1779096123.070,0x300,8,41 BC 5D 34 27 33 51 2A,temp=105.00
1779096123.534,0x100,8,55 BA F6 31 22 09 30 21,speed=85.00
1779096123.659,0x200,8,71 64 64 DD 97 24 37 09,fuel=100.00
1779096123.777,0x300,8,41 4F 44 2C 73 96 7D F7,temp=105.00
1779096123.870,0x100,8,55 E1 76 85 2E EE F0 5D,speed=85.00
1779096124.047,0x200,8,1A 64 0C 47 14 55 B4 EF,fuel=100.00
1779096124.176,0x300,8,41 F1 76 0C D0 70 CB FF,temp=105.00
1779096124.288,0x100,8,55 14 F7 A8 26 01 54 A1,speed=85.00
1779096124.394,0x200,8,C0 64 E2 0A 28 41 0E 1E,fuel=100.00
1779096124.722,0x300,8,41 69 5F DE 0D 80 59 C0,temp=105.00
1779096125.573,0x100,8,55 0E 86 EA C6 EB 13 75,speed=85.00
1779096125.982,0x200,8,A7 64 3D 5E E4 3F D4 DE,fuel=100.00
1779096126.207,0x300,8,41 0B 1D 7A 60 A5 58 51,temp=105.00
1779096126.554,0x100,8,55 AB 75 AB 24 4D 96 C8,speed=85.00
1779096126.694,0x200,8,EF 64 2C 11 F9 09 4D BD,fuel=100.00
1779096126.904,0x300,8,41 31 C3 31 C6 A1 89 1F,temp=105.00
1779096127.195,0x100,8,55 49 0B D9 DF DF F8 33,speed=85.00
1779096128.094,0x200,8,50 64 D4 FB B0 63 27 74,fuel=100.00
1779096128.522,0x300,8,41 57 C2 A1 9A 5B C4 87,temp=105.00
1779096128.550,0x100,8,55 46 DB BB BB 40 20 45,speed=85.00
1779096128.640,0x200,8,4F 64 ED 75 70 46 A2 25,fuel=100.00
1779096128.761,0x300,8,41 49 26 28 38 90 6A B4,temp=105.00
1779096128.976,0x100,8,55 E7 67 30 DA 61 B9 D7,speed=85.00
1779096129.049,0x200,8,F2 64 D5 9C C5 49 2E 57,fuel=100.00
1779096129.354,0x300,8,41 25 59 7E 05 68 5D 63,temp=105.00
1779096129.813,0x100,8,55 4B 73 1E B0 5F A2 3C,speed=85.00
1779096130.520,0x200,8,93 64 A6 B2 AA 6C 28 7B,fuel=100.00
1779096131.255,0x300,8,41 3A 6D 1B 6A CF BE 31,temp=105.00
1779096131.649,0x100,8,55 67 DB 38 26 F0 86 A2,speed=85.00
1779096132.192,0x200,8,4A 64 4A 3A B5 9F 12 58,fuel=100.00
1779096133.206,0x300,8,41 23 6D E6 84 F7 0F FD,temp=105.00
1779096134.605,0x100,8,55 71 5F 1D 7F 6C B3 57,speed=85.00
1779096134.703,0x200,8,0D 64 A9 BD 5C 32 65 AD,fuel=100.00
1779096135.010,0x300,8,41 F1 00 B4 03 5C 67 94,temp=105.00
1779096135.150,0x100,8,55 97 3F 5D 34 0F BE A7,speed=85.00
1779096135.215,0x200,8,7E 64 23 F6 04 6D D5 2C,fuel=100.00
1779096135.265,0x300,8,41 C8 02 1A 11 10 0A AF,temp=105.00
1779096135.373,0x100,8,55 0B D7 CE CC 5D ED 85,speed=85.00
1779096135.495,0x200,8,24 64 A7 FB 6C A0 09 77,fuel=100.00
1779096135.718,0x300,8,41 97 A5 E2 95 29 E6 5D,temp=105.00
1779096136.060,0x100,8,55 57 F9 F7 DB 93 7C 9B,speed=85.00
1779096136.428,0x200,8,64 64 33 F9 2F 4C 69 F7,fuel=100.00
1779096136.960,0x300,8,41 97 B1 FA 19 68 22 13,temp=105.00
1779096137.299,0x100,8,55 B8 97 0F 5B F1 44 C2,speed=85.00
1779096137.435,0x200,8,89 64 7D 2C 0C 1C D5 2E,fuel=100.00
1779096137.512,0x300,8,41 65 F3 A0 4C 94 1C 0A,temp=105.00
1779096137.800,0x100,8,55 D7 F1 62 6A 98 06 7C,speed=85.00
1779096137.948,0x200,8,FE 64 BC 6D 6C 04 AA EE,fuel=100.00
1779096138.195,0x300,8,41 A9 AB A3 B0 44 68 2F,temp=105.00
1779096138.756,0x100,8,55 75 6F 72 9C 5C 3A F0,speed=85.00
1779096139.432,0x200,8,16 64 57 60 E3 32 F3 6B,fuel=100.00
1779096139.803,0x300,8,41 5E 04 FD 7D 36 77 FF,temp=105.00
1779096140.984,0x100,8,55 49 BF FE F3 E6 41 D3,speed=85.00
1779096141.666,0x200,8,16 64 1A 70 3D AD 06 57,fuel=100.00
1779096142.189,0x300,8,41 62 21 61 F7 17 21 4F,temp=105.00
1779096142.331,0x100,8,55 E4 D3 A9 CD EF 19 10,speed=85.00
1779096142.847,0x200,8,B6 64 1B 9F E7 2E C4 5E,fuel=100.00
1779096144.123,0x300,8,41 C8 97 77 64 85 7E 9F,temp=105.00
1779096145.535,0x100,8,55 B8 27 82 E5 7C 74 80,speed=85.00
1779096147.146,0x200,8,75 64 65 54 5B D5 66 2B,fuel=100.00
1779096147.337,0x300,8,41 9F 9E 30 90 4D CE BA,temp=105.00
1779096147.475,0x100,8,55 47 0F FE B9 C7 93 DD,speed=85.00
1779096147.511,0x200,8,CF 64 3D 4A 8B 69 3E 8A,fuel=100.00
1779096147.751,0x300,8,41 D7 B6 6F F1 63 15 AA,temp=105.00
1779096147.903,0x100,8,55 B9 AA 16 19 C7 60 86,speed=85.00
1779096148.040,0x200,8,25 64 B0 10 B9 2E D3 41,fuel=100.00
1779096148.206,0x300,8,41 8E A8 8C 56 9C E0 E3,temp=105.00
1779096148.503,0x100,8,55 6D 40 77 FD D0 2F A7,speed=85.00
1779096148.598,0x200,8,1F 64 E9 48 44 A9 6C 08,fuel=100.00
1779096148.668,0x300,8,41 27 D3 7E 8E 96 26 39,temp=105.00
1779096148.752,0x100,8,55 E0 15 E5 1F 86 1A 4F,speed=85.00
1779096148.845,0x200,8,1E 64 55 D9 0A 5D 8B 33,fuel=100.00
1779096149.005,0x300,8,41 77 A6 78 95 F9 B4 5D,temp=105.00
1779096149.034,0x100,8,55 8C 01 13 0E 65 EC C2,speed=85.00
1779096149.130,0x200,8,F6 64 9C B0 D3 CB 20 B1,fuel=100.00
1779096149.523,0x300,8,41 D2 36 E8 A8 06 43 BF,temp=105.00
1779096149.797,0x100,8,55 03 2B 82 D2 BC 7D 13,speed=85.00
1779096149.923,0x200,8,16 64 19 09 4B 6C E8 89,fuel=100.00
1779096150.198,0x300,8,41 41 A0 E0 47 57 0F 0F,temp=105.00
1779096150.260,0x100,8,55 18 0B 3E D8 3D 07 BA,speed=85.00
1779096150.354,0x200,8,89 64 44 B0 49 12 C0 1A,fuel=100.00
1779096150.577,0x300,8,41 E9 79 B8 48 66 B4 ED,temp=105.00
1779096150.632,0x100,8,55 9E 02 E4 C3 EF CD 0F,speed=85.00
1779096150.771,0x200,8,F2 64 0F 26 C0 8A 65 BE,fuel=100.00
1779096150.835,0x300,8,41 F8 98 72 02 A9 66 44,temp=105.00
1779096150.914,0x100,8,55 8A 86 12 36 D2 E4 1F,speed=85.00
1779096151.197,0x200,8,82 64 0A 14 4D 54 E2 5D,fuel=100.00
1779096151.315,0x300,8,41 82 27 79 70 89 3F 79,temp=105.00
1779096151.401,0x100,8,55 D4 92 7C A1 0F C4 B5,speed=85.00
1779096151.539,0x200,8,37 64 D5 B1 7E B8 F0 EA,fuel=100.00
1779096152.213,0x300,8,41 D4 10 6F F4 C6 BC 8F,temp=105.00
1779096152.336,0x100,8,55 71 95 6B 1E CA FA BC,speed=85.00
1779096152.421,0x200,8,A6 64 02 9C FC F0 2C 25,fuel=100.00
1779096152.681,0x300,8,41 DA FC E6 33 C8 47 EC,temp=105.00
1779096152.756,0x100,8,55 1B 30 4A 9A D5 64 1A,speed=85.00
1779096152.939,0x200,8,BC 64 E7 99 B9 68 00 71,fuel=100.00
1779096153.011,0x300,8,41 B7 6A 08 84 1A AF 09,temp=105.00
1779096153.203,0x100,8,55 E2 5D FC B1 F9 F0 EC,speed=85.00
1779096153.266,0x200,8,EC 64 F5 AA 4C A4 C0 7E,fuel=100.00
1779096153.387,0x300,8,41 5E B7 09 31 56 C8 2E,temp=105.00
1779096153.454,0x100,8,55 17 7A 42 73 B8 0B D4,speed=85.00
1779096153.603,0x200,8,0F 64 AD 1F F1 3A 1B 62,fuel=100.00
1779096153.644,0x300,8,41 EB 99 34 F4 FF 57 F2,temp=105.00
1779096153.737,0x100,8,55 52 7D 6B 1C 7C F4 F4,speed=85.00
1779096153.893,0x200,8,B0 64 0D 1E D3 E9 36 04,fuel=100.00
1779096153.935,0x300,8,41 19 E7 62 0F FE D6 7B,temp=105.00
1779096154.035,0x100,8,55 36 40 9B FD 74 2F 8E,speed=85.00
1779096154.167,0x200,8,82 64 AB E2 20 D5 9E 70,fuel=100.00
1779096154.255,0x300,8,41 00 78 D2 8C A3 B5 03,temp=105.00
1779096154.399,0x100,8,55 3A D7 41 6E 9E 83 84,speed=85.00
1779096154.556,0x200,8,66 64 99 C3 F2 AB 0B A9,fuel=100.00
1779096154.664,0x300,8,41 F4 E6 88 49 DA B9 4B,temp=105.00
1779096154.698,0x100,8,55 7F 45 33 E1 57 E9 1F,speed=85.00
1779096154.782,0x200,8,B2 64 48 23 DD D6 F5 1F,fuel=100.00
1779096154.931,0x300,8,41 0E C9 5E 09 8F A2 E7,temp=105.00
1779096155.015,0x100,8,55 66 19 7D 2D 28 E7 95,speed=85.00
1779096155.127,0x200,8,C5 64 0F CA 35 A8 2F 9A,fuel=100.00
1779096155.232,0x300,8,41 28 1C 14 FF E1 7C 80,temp=105.00
1779096155.331,0x100,8,55 EE 4E AD B2 89 57 7A,speed=85.00
1779096155.614,0x200,8,DB 64 BD BD 99 DE 74 43,fuel=100.00
1779096155.811,0x300,8,41 16 11 37 97 24 B2 F4,temp=105.00
1779096156.903,0x100,8,55 80 2A 2C 1A 83 B6 8D,speed=85.00
1779096156.930,0x200,8,AB 64 FE 2E AF 78 47 D4,fuel=100.00
1779096157.216,0x300,8,41 08 A7 20 82 B4 DC AD,temp=105.00
1779096157.331,0x100,8,55 6D 87 13 F3 BB C8 5E,speed=85.00
1779096157.429,0x200,8,CD 64 BD 28 5B 80 B5 82,fuel=100.00
1779096157.516,0x300,8,41 30 E5 0B 8B D7 CA A2,temp=105.00
1779096157.577,0x100,8,55 5B B4 8F 58 7A D2 6F,speed=85.00
1779096157.705,0x200,8,F4 64 96 A4 C2 7B B4 5B,fuel=100.00
1779096157.803,0x300,8,41 CC 51 16 2C E3 2B 31,temp=105.00
1779096157.864,0x100,8,55 00 85 04 E6 A0 56 23,speed=85.00
1779096158.477,0x200,8,63 64 9A 56 7A 07 2B AF,fuel=100.00
1779096159.047,0x300,8,41 99 16 9C 18 F3 D7 E3,temp=105.00
1779096159.085,0x100,8,55 76 79 3B 1D 74 FB CD,speed=85.00
1779096159.449,0x200,8,4D 64 84 BC 3C F3 5A 52,fuel=100.00
1779096159.555,0x300,8,41 6E 67 0A 88 20 00 98,temp=105.00
1779096159.704,0x100,8,55 6E D7 1A C9 C8 E2 92,speed=85.00
1779096160.003,0x200,8,A6 64 53 3E ED F3 D7 19,fuel=100.00
1779096160.114,0x300,8,41 D7 0A FC FB 90 95 21,temp=105.00
1779096160.272,0x100,8,55 49 AE 88 71 0E E4 AC,speed=85.00
1779096160.346,0x200,8,45 64 73 C7 59 24 E0 6C,fuel=100.00
1779096160.903,0x300,8,41 FA E6 14 97 37 12 FD,temp=105.00
1779096162.801,0x100,8,55 EF 9F 36 DA FD 90 97,speed=85.00
1779096162.889,0x200,8,99 64 74 49 21 59 DA 0B,fuel=100.00
1779096162.971,0x300,8,41 B7 9D 63 C4 B0 91 88,temp=105.00
1779096163.182,0x100,8,55 4E CC 69 3C D4 6D C5,speed=85.00
1779096163.297,0x200,8,59 64 C8 FB F7 D9 DF 21,fuel=100.00
1779096163.483,0x300,8,41 52 F4 FB 9B C4 98 19,temp=105.00
1779096163.810,0x100,8,55 BB B7 21 73 12 07 84,speed=85.00
1779096164.523,0x200,8,78 64 F0 96 9E 56 B6 C6,fuel=100.00
1779096164.554,0x300,8,41 D4 56 D1 B9 CB DE EA,temp=105.00
1779096164.665,0x100,8,55 4D 8A D0 65 54 97 14,speed=85.00
1779096164.747,0x200,8,53 64 66 A0 6B DD D6 88,fuel=100.00
1779096165.002,0x300,8,41 76 86 4D 06 1F 84 9E,temp=105.00
1779096165.255,0x100,8,55 17 20 0A 21 58 21 B1,speed=85.00
1779096165.344,0x200,8,58 64 E7 F2 A5 31 A8 67,fuel=100.00
1779096165.435,0x300,8,41 E0 0A AC 64 77 14 90,temp=105.00
1779096165.531,0x100,8,55 A2 60 60 C5 8F 7E 2D,speed=85.00
1779096165.686,0x200,8,18 64 E2 B6 A8 30 E8 1D,fuel=100.00
1779096165.931,0x300,8,41 F0 6B 8F F3 BD FD 8A,temp=105.00
1779096165.970,0x100,8,55 5C 3C CC BF C1 65 C0,speed=85.00
1779096166.205,0x200,8,BF 64 0F BD A2 4E 60 43,fuel=100.00
1779096166.347,0x300,8,41 F8 7C 48 3E D0 78 DC,temp=105.00
1779096166.489,0x100,8,55 83 A9 70 00 2A C4 98,speed=85.00
1779096168.173,0x200,8,1A 64 7B CD 83 D5 F9 1C,fuel=100.00
1779096168.235,0x300,8,41 87 52 CC 2F 22 B0 C7,temp=105.00
1779096168.793,0x100,8,55 67 82 A6 1F F7 32 8D,speed=85.00
1779096168.897,0x200,8,61 64 C0 AC 18 D8 12 50,fuel=100.00
1779096168.986,0x300,8,41 2A 54 34 20 CF B4 86,temp=105.00
1779096169.079,0x100,8,55 19 7C 7E 94 B8 1F 6C,speed=85.00
1779096169.645,0x200,8,9E 64 7B 39 2C 0C BD C8,fuel=100.00
1779096169.815,0x300,8,41 3C 74 1B DB 20 79 37,temp=105.00
1779096170.104,0x100,8,55 90 A4 4A A8 B1 11 B4,speed=85.00
1779096170.255,0x200,8,98 64 6C 9B 27 46 6B 58,fuel=100.00
1779096170.318,0x300,8,41 B2 59 BF 65 85 2C 9B,temp=105.00
1779096170.733,0x100,8,55 EE 45 1A 9F 49 13 B7,speed=85.00
1779096170.879,0x200,8,E0 64 A6 BB 86 88 9D A2,fuel=100.00
1779096171.112,0x300,8,41 6F E0 5F 1D 35 74 CE,temp=105.00
1779096171.205,0x100,8,55 74 BD BC 43 08 A1 D0,speed=85.00
1779096171.293,0x200,8,0C 64 31 F2 17 36 B7 CA,fuel=100.00
1779096171.653,0x300,8,41 63 20 13 FC 31 58 E2,temp=105.00
1779096171.682,0x100,8,55 C2 21 1B 95 F1 41 01,speed=85.00
1779096171.794,0x200,8,48 64 08 EB AB 5F 91 E7,fuel=100.00
1779096171.860,0x300,8,41 15 6D AC 56 C8 36 F4,temp=105.00
1779096171.960,0x100,8,55 D6 A5 FA 5D C5 4F B8,speed=85.00
1779096172.088,0x200,8,CB 64 B6 F1 8F 52 92 B4,fuel=100.00
1779096172.177,0x300,8,41 E4 DC A0 D6 8C A5 40,temp=105.00
1779096172.264,0x100,8,55 70 F4 05 52 89 90 E8,speed=85.00
1779096172.397,0x200,8,A3 64 AA BA E4 28 AC 85,fuel=100.00
1779096172.531,0x300,8,41 E4 29 B9 6F 18 86 72,temp=105.00
1779096172.571,0x100,8,55 7A AA DA B2 51 D2 08,speed=85.00
1779096172.847,0x200,8,F9 64 A2 DE 58 C4 17 54,fuel=100.00
1779096173.239,0x300,8,41 7C DA 64 4F B3 E8 45,temp=105.00
1779096173.837,0x100,8,55 7C D5 95 C5 29 11 3C,speed=85.00
1779096174.751,0x200,8,3B 64 B2 C0 96 D0 0D D3,fuel=100.00
1779096174.846,0x300,8,41 7D 47 61 E5 C0 AD 78,temp=105.00
1779096174.965,0x100,8,55 EA 3F 94 27 84 28 61,speed=85.00
1779096175.096,0x200,8,6E 64 F1 FE DD 09 50 7A,fuel=100.00
1779096175.221,0x300,8,41 6E 2C C1 83 CB 07 95,temp=105.00
1779096175.435,0x100,8,55 52 BC F1 1F A2 11 D7,speed=85.00
1779096175.501,0x200,8,80 64 87 48 35 D4 50 48,fuel=100.00
1779096175.592,0x300,8,41 FB 75 84 8E A7 E3 72,temp=105.00
1779096175.692,0x100,8,55 2F 89 99 6B 5D D0 F8,speed=85.00
1779096175.800,0x200,8,37 64 F3 FB 35 7C 8B CA,fuel=100.00
1779096175.877,0x300,8,41 D7 0D FA 2E DB DA 1E,temp=105.00
1779096175.979,0x100,8,55 5D 2F E6 AB 99 04 D5,speed=85.00
1779096176.069,0x200,8,E6 64 A1 FF A6 B9 61 87,fuel=100.00
1779096176.182,0x300,8,41 23 55 EC 01 B9 BA A5,temp=105.00
1779096176.259,0x100,8,55 6A B9 F6 E7 24 5A C0,speed=85.00
1779096176.373,0x200,8,3A 64 74 8A 57 C8 E8 AB,fuel=100.00
1779096176.435,0x300,8,41 D5 F3 17 79 74 2E 6C,temp=105.00
1779096176.561,0x100,8,55 C7 19 96 2A 19 CF 49,speed=85.00
1779096176.626,0x200,8,0D 64 28 FE 25 5A 14 92,fuel=100.00
1779096176.883,0x300,8,41 FB 7E 0D 0E 0C 74 D4,temp=105.00
1779096176.914,0x100,8,55 EE 69 46 FC 7C DA BA,speed=85.00
1779096177.109,0x200,8,53 64 A7 B3 49 0E 8E 45,fuel=100.00
1779096177.232,0x300,8,41 FA E4 49 E3 52 E5 2E,temp=105.00
1779096177.399,0x100,8,55 63 3E 92 44 EE D0 AF,speed=85.00
1779096177.560,0x200,8,38 64 3C DF F4 20 62 44,fuel=100.00
1779096177.683,0x300,8,41 6C 2B A2 61 BF DD 1C,temp=105.00
1779096178.168,0x100,8,55 81 3A 83 B4 10 F0 83,speed=85.00
1779096178.639,0x200,8,BC 64 CC 90 A1 87 FB B3,fuel=100.00
1779096179.463,0x300,8,41 A0 97 A8 FF 5F 64 95,temp=105.00
1779096179.734,0x100,8,55 D9 CF 7C 6E D2 E3 3B,speed=85.00
1779096179.901,0x200,8,4D 64 D4 2E B1 B4 15 2D,fuel=100.00
1779096179.943,0x300,8,41 B2 4B 9F 62 40 D2 DE,temp=105.00
1779096180.021,0x100,8,55 46 D8 BC 8B D1 1A 71,speed=85.00
1779096180.229,0x200,8,3B 64 56 51 EC E9 0F 5A,fuel=100.00
1779096180.622,0x300,8,41 4B 2C 66 DF 53 8B 2A,temp=105.00
1779096180.938,0x100,8,55 7E DA E8 17 71 04 8A,speed=85.00
1779096181.194,0x200,8,8D 64 76 64 F1 4A D7 B3,fuel=100.00
1779096181.302,0x300,8,41 A8 34 E4 14 F9 AC D4,temp=105.00
1779096181.447,0x100,8,55 65 5F D9 48 F0 AB F4,speed=85.00
1779096181.668,0x200,8,DC 64 AE C0 B4 46 53 BF,fuel=100.00
1779096183.481,0x300,8,41 B6 EB 12 BB 30 4B 7E,temp=105.00
1779096184.128,0x100,8,55 AD E0 B1 B7 1A FC 56,speed=85.00
1779096185.005,0x200,8,86 64 B5 18 E9 1A 5E B9,fuel=100.00
1779096185.115,0x300,8,41 D4 E6 DF 20 CF 0E 7A,temp=105.00
1779096185.237,0x100,8,55 DF 68 AF A1 95 B0 21,speed=85.00
1779096185.345,0x200,8,7E 64 5D 77 00 A6 3C 30,fuel=100.00
1779096186.044,0x300,8,41 C9 93 3C 17 E2 1B 59,temp=105.00
1779096186.464,0x100,8,55 4B 39 8F 58 72 4E 72,speed=85.00
1779096186.858,0x200,8,9E 64 DB D1 15 60 91 D2,fuel=100.00
1779096186.883,0x300,8,41 22 60 73 1A 95 A4 CB,temp=105.00
1779096186.983,0x100,8,55 B6 23 85 25 54 01 45,speed=85.00
1779096187.128,0x200,8,5F 64 83 D5 7E 86 8B 3B,fuel=100.00
1779096187.299,0x300,8,41 07 70 F2 1D 78 37 F8,temp=105.00
1779096187.483,0x100,8,55 AC 6E E7 90 1B 0D CA,speed=85.00
1779096188.232,0x200,8,60 64 F9 FF 1E 0F 30 E7,fuel=100.00
1779096188.380,0x300,8,41 37 BA F0 60 9B D5 A8,temp=105.00
1779096188.566,0x100,8,55 9C C1 41 B2 98 07 9E,speed=85.00
1779096188.673,0x200,8,7D 64 53 68 CD 84 1C A8,fuel=100.00
1779096188.802,0x300,8,41 5F 05 43 59 39 99 F8,temp=105.00
1779096188.968,0x100,8,55 C6 D5 6E 1C 39 6E DE,speed=85.00
1779096189.119,0x200,8,BB 64 26 14 66 F3 0D 63,fuel=100.00
1779096189.145,0x300,8,41 E8 01 39 AA 4D 35 AA,temp=105.00
1779096189.346,0x100,8,55 B5 81 37 47 E0 BD 59,speed=85.00
1779096189.567,0x200,8,2D 64 26 06 DA D8 2D B6,fuel=100.00
1779096189.781,0x300,8,41 2B 28 9A A9 C1 F0 E4,temp=105.00
1779096189.894,0x100,8,55 5D 0F E9 BE 12 47 9C,speed=85.00
1779096190.152,0x200,8,0B 64 36 28 12 52 84 48,fuel=100.00
1779096190.302,0x300,8,41 F4 51 2C CF 12 6F 7A,temp=105.00
1779096190.441,0x100,8,55 61 34 BF B8 A3 CA BD,speed=85.00
1779096190.549,0x200,8,CC 64 45 22 CC 9B 12 7E,fuel=100.00
1779096191.306,0x300,8,41 56 C7 8C A7 25 EA 35,temp=105.00
1779096191.506,0x100,8,55 0E 67 06 7F E7 26 53,speed=85.00
1779096191.606,0x200,8,72 64 74 A0 49 43 94 80,fuel=100.00
1779096191.698,0x300,8,41 13 61 FA AE B4 6A 9F,temp=105.00
1779096191.771,0x100,8,55 04 13 12 E4 B3 C2 7D,speed=85.00
1779096191.889,0x200,8,C7 64 59 C4 9F DC 09 21,fuel=100.00
1779096191.944,0x300,8,41 8D 36 DE 1E 7C D7 91,temp=105.00
1779096192.074,0x100,8,55 24 56 1C 0A AE 35 67,speed=85.00
1779096192.123,0x200,8,78 64 C2 79 E6 1C F2 14,fuel=100.00
1779096192.229,0x300,8,41 96 D9 6D AD 52 E8 BC,temp=105.00
1779096192.348,0x100,8,55 35 58 BE 5F 4F 89 E3,speed=85.00
1779096192.399,0x200,8,E4 64 93 D8 C9 A6 9E B7,fuel=100.00
1779096192.522,0x300,8,41 34 A8 1C 96 BB 0A 1B,temp=105.00
1779096192.598,0x100,8,55 EC 15 6A 15 14 70 8E,speed=85.00
1779096192.693,0x200,8,69 64 C2 39 85 96 B0 B1,fuel=100.00
1779096192.797,0x300,8,41 BE 12 C5 D3 9B D2 D0,temp=105.00
1779096192.889,0x100,8,55 7B 53 81 37 3E 98 6C,speed=85.00
1779096192.998,0x200,8,3B 64 6B B9 FE 61 58 31,fuel=100.00
1779096193.058,0x300,8,41 5C EF 08 7D FF EF 47,temp=105.00
1779096193.169,0x100,8,55 4F 00 96 6E EE 06 E3,speed=85.00
1779096193.261,0x200,8,72 64 37 04 E6 EC 32 BB,fuel=100.00
1779096193.352,0x300,8,41 EE A5 C3 32 88 59 FE,temp=105.00
1779096193.450,0x100,8,55 9B F5 E6 A0 31 DA B9,speed=85.00
1779096193.532,0x200,8,8E 64 43 C4 0C F4 C1 89,fuel=100.00
1779096193.701,0x300,8,41 28 C8 BB 76 68 E2 B9,temp=105.00
1779096193.762,0x100,8,55 B8 C7 ED 35 95 F8 08,speed=85.00
1779096193.852,0x200,8,55 64 35 D2 B6 7D 1D D3,fuel=100.00
1779096193.947,0x300,8,41 4A 22 13 7C 00 51 86,temp=105.00
1779096194.045,0x100,8,55 0F 16 A1 4D B1 22 E4,speed=85.00
1779096194.171,0x200,8,99 64 8A 30 62 9D 44 FE,fuel=100.00
1779096194.228,0x300,8,41 1F A1 A0 7C 66 71 0E,temp=105.00
1779096194.346,0x100,8,55 4C AC F5 45 CF 99 42,speed=85.00
1779096194.437,0x200,8,54 64 FE 27 2F 4E D7 02,fuel=100.00
1779096194.483,0x300,8,41 E9 46 1E DE C2 C2 4E,temp=105.00
1779096194.584,0x100,8,55 9D 41 AD 4F F1 AA A8,speed=85.00
1779096194.690,0x200,8,A0 64 D5 00 8A EB 87 05,fuel=100.00
1779096194.790,0x300,8,41 9E A5 62 86 83 D7 ED,temp=105.00
1779096194.861,0x100,8,55 40 92 EB 58 AF 1E A3,speed=85.00
1779096194.956,0x200,8,4C 64 FA 97 37 1D EF 18,fuel=100.00
1779096195.059,0x300,8,41 91 85 73 13 9F 26 E2,temp=105.00
1779096195.154,0x100,8,55 48 DC BD E2 9A 37 82,speed=85.00
1779096195.246,0x200,8,C3 64 26 EA A1 62 CB B2,fuel=100.00
1779096195.358,0x300,8,41 6A 45 94 BD 93 8F 92,temp=105.00
1779096195.436,0x100,8,55 C0 47 63 92 A0 A2 E0,speed=85.00
1779096195.526,0x200,8,74 64 B1 6A F4 4E DC D6,fuel=100.00
1779096195.661,0x300,8,41 EF 8D 2D 67 79 CB A5,temp=105.00
1779096195.716,0x100,8,55 00 5F 5B 9D DD B8 D0,speed=85.00
1779096195.798,0x200,8,54 64 BE A5 64 6B 26 36,fuel=100.00
1779096195.921,0x300,8,41 10 7D 24 B4 C8 5A 24,temp=105.00
1779096196.025,0x100,8,55 87 D9 72 8C F5 0F 0A,speed=85.00
1779096196.085,0x200,8,5E 64 5F 09 F7 56 0A A6,fuel=100.00
1779096196.237,0x300,8,41 FA F0 3B FB F7 CD A7,temp=105.00
1779096196.302,0x100,8,55 24 7C 7D 92 DF 58 5B,speed=85.00
1779096196.381,0x200,8,3C 64 2D D8 A2 DB A2 D1,fuel=100.00
1779096196.488,0x300,8,41 C0 3D B4 91 3B 69 55,temp=105.00
1779096196.544,0x100,8,55 02 B2 F9 A5 6D 15 4C,speed=85.00
1779096196.664,0x200,8,DB 64 B4 F7 A2 81 0E 98,fuel=100.00
1779096196.757,0x300,8,41 1B E5 E5 CD 29 E2 B3,temp=105.00
1779096196.842,0x100,8,55 F1 6F 52 63 D4 73 02,speed=85.00
1779096196.919,0x200,8,03 64 94 4F F1 A0 A9 ED,fuel=100.00
1779096197.081,0x300,8,41 8E CE BC 9B E2 A5 7B,temp=105.00
1779096197.114,0x100,8,55 29 5B 0A 09 E7 8E B6,speed=85.00
1779096197.246,0x200,8,7E 64 48 28 A5 6A BE 34,fuel=100.00
1779096197.359,0x300,8,41 B9 D4 9C 7F E6 34 9A,temp=105.00
1779096197.396,0x100,8,55 A8 33 E6 F2 C8 9C 35,speed=85.00
1779096197.495,0x200,8,EE 64 79 FC A7 18 BE 3C,fuel=100.00
1779096197.582,0x300,8,41 B2 34 B4 EB E7 B0 E4,temp=105.00
1779096197.667,0x100,8,55 8B B0 4C EF 29 57 B5,speed=85.00
1779096197.767,0x200,8,CA 64 EE 64 65 ED 71 0D,fuel=100.00
1779096197.880,0x300,8,41 C3 8C 98 14 A6 AB 35,temp=105.00
1779096197.960,0x100,8,55 BC AC D6 62 A7 1A 25,speed=85.00
1779096198.109,0x200,8,28 64 C6 D9 88 49 C0 31,fuel=100.00
1779096199.103,0x300,8,41 6D E6 45 AC C7 AB 1C,temp=105.00
1779096199.850,0x100,8,55 EB 36 68 B5 3D 59 11,speed=85.00
1779096201.611,0x200,8,C1 64 32 D5 DD 55 E7 75,fuel=100.00
1779096201.643,0x300,8,41 55 51 B7 86 5D 5B 18,temp=105.00
1779096202.387,0x100,8,55 3F 3C 52 ED 60 D7 CA,speed=85.00
1779096205.977,0x200,8,C1 64 08 C1 84 13 C6 C8,fuel=100.00
1779096206.139,0x300,8,41 68 46 B3 B8 29 BA 1B,temp=105.00
1779096207.211,0x100,8,55 2F F5 00 E3 BD C3 10,speed=85.00
1779096207.350,0x200,8,FB 64 74 1D 9A C5 4A 49,fuel=100.00
1779096207.586,0x300,8,41 F9 4B 7D 98 B1 4B 2D,temp=105.00
1779096207.667,0x100,8,55 E8 66 D7 94 A6 E1 F3,speed=85.00
1779096207.784,0x200,8,53 64 26 2E C5 C6 0A E8,fuel=100.00
1779096207.926,0x300,8,41 BC 88 D2 78 83 77 31,temp=105.00
1779096208.055,0x100,8,55 3F 7D 1A 40 12 F8 A0,speed=85.00
1779096208.180,0x200,8,E9 64 C6 B7 01 7D DD 0D,fuel=100.00
1779096208.432,0x300,8,41 5E E9 6A 75 DF 5F 5C,temp=105.00
1779096208.573,0x100,8,55 C6 FE 6F D2 13 47 10,speed=85.00
1779096208.686,0x200,8,7A 64 9B FE E1 E5 AA 41,fuel=100.00
1779096208.794,0x300,8,41 08 9E 31 A1 8A 24 4A,temp=105.00
1779096209.064,0x100,8,55 13 D6 9C 33 E1 4A 03,speed=85.00
1779096209.269,0x200,8,05 64 BC D6 11 97 6A AE,fuel=100.00
1779096209.355,0x300,8,41 F7 4A C5 79 8A 8C 82,temp=105.00
1779096209.474,0x100,8,55 7A 23 0C DE 74 80 6B,speed=85.00
1779096209.537,0x200,8,7E 64 43 6F A5 A6 90 79,fuel=100.00
1779096209.671,0x300,8,41 54 28 CF 8A F0 EF 15,temp=105.00
1779096209.729,0x100,8,55 54 0D 69 51 FD AC 85,speed=85.00
1779096209.816,0x200,8,FB 64 A5 3E 0F C6 2C CC,fuel=100.00
1779096209.920,0x300,8,41 A5 2E 32 06 D6 06 63,temp=105.00
1779096210.011,0x100,8,55 08 F2 06 0B 30 32 A2,speed=85.00
1779096210.135,0x200,8,AB 64 C6 6E EB 7A 0E F1,fuel=100.00
1779096210.195,0x300,8,41 8D 56 1E 0B B8 7C F1,temp=105.00
1779096210.314,0x100,8,55 AA FD 83 16 17 F1 99,speed=85.00
1779096210.378,0x200,8,5F 64 EB F2 94 D1 0C 78,fuel=100.00
1779096210.543,0x300,8,41 B5 73 5F A9 22 97 61,temp=105.00
1779096210.603,0x100,8,55 54 EA 85 F1 20 F3 2B,speed=85.00
1779096210.664,0x200,8,E3 64 E0 6D 58 E7 A9 5E,fuel=100.00
1779096210.762,0x300,8,41 FF 09 A7 FD 62 7F 99,temp=105.00
1779096210.876,0x100,8,55 0D 7D 1E 47 AA 82 FD,speed=85.00
1779096210.934,0x200,8,28 64 C2 D6 A1 17 40 9A,fuel=100.00
1779096211.023,0x300,8,41 D4 84 B6 3E 01 9A 78,temp=105.00
1779096211.154,0x100,8,55 1F C8 39 A0 5E AD D0,speed=85.00
1779096211.251,0x200,8,27 64 81 11 3D 34 F3 9F,fuel=100.00
1779096211.330,0x300,8,41 62 8B 97 5D 42 EE 87,temp=105.00
1779096211.417,0x100,8,55 97 55 8C 87 11 BF C0,speed=85.00
1779096211.521,0x200,8,EC 64 B6 D4 70 A7 BC B7,fuel=100.00
1779096211.780,0x300,8,41 15 90 09 B8 85 0E 87,temp=105.00
1779096212.470,0x100,8,55 9E 73 8B 8C 5E 3D 04,speed=85.00
1779096213.768,0x200,8,0A 64 A5 8C AD 28 8D A0,fuel=100.00
1779096213.874,0x300,8,41 F2 EC 7A EA 42 D9 D5,temp=105.00
1779096213.949,0x100,8,55 98 DD B3 92 94 7A 77,speed=85.00
1779096214.797,0x200,8,24 64 F7 20 DF 53 0D 19,fuel=100.00
1779096214.997,0x300,8,41 8C 1F 22 A9 F6 B4 81,temp=105.00
1779096215.502,0x100,8,55 CE 76 A4 BD 28 FA 4C,speed=85.00
1779096216.089,0x200,8,17 64 2A 59 B8 6B 91 BF,fuel=100.00
1779096216.239,0x300,8,41 B5 09 E5 6B 5C C4 16,temp=105.00
1779096216.371,0x100,8,55 56 0D 95 E7 33 6B 35,speed=85.00
1779096216.484,0x200,8,AB 64 B5 4D 43 CE F6 17,fuel=100.00
1779096216.597,0x300,8,41 E1 10 CA 7C E8 E6 41,temp=105.00
1779096216.713,0x100,8,55 E5 42 6B 3B 83 E2 9D,speed=85.00
1779096216.801,0x200,8,A5 64 57 49 33 EB C8 55,fuel=100.00
1779096217.182,0x300,8,41 FA 70 37 87 E9 E8 0B,temp=105.00
1779096217.285,0x100,8,55 FD BB 7C E3 43 42 21,speed=85.00
1779096217.460,0x200,8,BA 64 EB FA 16 EC F6 A7,fuel=100.00
1779096217.568,0x300,8,41 B2 21 A1 EC 8F 1E B4,temp=105.00
1779096217.671,0x100,8,55 99 F1 8C 7C CD B9 9E,speed=85.00
1779096217.911,0x200,8,2C 64 D5 22 94 B2 F6 5A,fuel=100.00
1779096217.943,0x300,8,41 E9 B1 F3 43 E8 66 D8,temp=105.00
1779096218.056,0x100,8,55 3B B2 61 05 64 D3 A9,speed=85.00
1779096218.238,0x200,8,93 64 3C 50 FF 32 29 70,fuel=100.00
1779096218.312,0x300,8,41 73 D0 80 67 AA E2 E3,temp=105.00
1779096218.387,0x100,8,55 E8 F6 66 C3 FB 86 AC,speed=85.00
1779096218.557,0x200,8,5A 64 5D A9 AF 6D 7D FA,fuel=100.00
1779096218.688,0x300,8,41 00 6F C0 F7 CE 5F 66,temp=105.00
1779096218.950,0x100,8,55 30 E6 21 39 64 34 9E,speed=85.00
1779096219.041,0x200,8,22 64 86 D0 BC 78 28 FD,fuel=100.00
1779096219.187,0x300,8,41 B4 56 85 94 D4 85 CE,temp=105.00
1779096219.289,0x100,8,55 D0 4F AB 60 C6 CD A0,speed=85.00
1779096219.529,0x200,8,EA 64 55 51 1A D3 77 3A,fuel=100.00
1779096219.818,0x300,8,41 73 3D 26 EC 85 02 AA,temp=105.00
1779096219.961,0x100,8,55 8C DB FD F0 07 EE 90,speed=85.00
1779096220.103,0x200,8,DE 64 3D 24 6F 79 EC 38,fuel=100.00
1779096220.214,0x300,8,41 07 C1 9D 83 CC 59 40,temp=105.00
1779096220.336,0x100,8,55 45 FA 19 1D 20 8A 2C,speed=85.00
1779096220.401,0x200,8,1D 64 B8 B2 F8 19 62 1F,fuel=100.00
1779096220.496,0x300,8,41 36 A4 A5 E1 B4 45 B8,temp=105.00
1779096220.573,0x100,8,55 AD E3 82 AF 25 4A 9A,speed=85.00
1779096220.766,0x200,8,BD 64 98 91 7B C6 A9 D5,fuel=100.00
1779096220.856,0x300,8,41 EC 2E 6F CC E7 83 10,temp=105.00
1779096220.958,0x100,8,55 82 42 84 D9 A2 6B B5,speed=85.00
1779096221.114,0x200,8,45 64 31 3A B6 36 F3 53,fuel=100.00
1779096221.205,0x300,8,41 EB 84 6B 3F 8C 40 3B,temp=105.00
1779096221.359,0x100,8,55 CD 56 CA 73 AE E5 8E,speed=85.00
1779096221.411,0x200,8,6C 64 DF 50 2E 34 9B 5B,fuel=100.00
1779096221.915,0x300,8,41 AF 6D 9C 11 32 3C 41,temp=105.00
1779096221.988,0x100,8,55 06 07 6C 20 48 9E 97,speed=85.00
1779096222.082,0x200,8,B2 64 1A C7 7B 0F 93 86,fuel=100.00
1779096222.221,0x300,8,41 8A E2 C2 2A 85 C7 C8,temp=105.00
1779096222.338,0x100,8,55 98 3A 6C 01 94 1E 0B,speed=85.00
1779096222.547,0x200,8,CF 64 F9 56 C3 85 D9 CA,fuel=100.00
1779096222.644,0x300,8,41 36 E4 45 A3 C0 54 FC,temp=105.00
1779096222.827,0x100,8,55 96 CF 6D 54 84 F4 24,speed=85.00
1779096222.928,0x200,8,31 64 B8 C6 D7 9B 82 3C,fuel=100.00
1779096223.082,0x300,8,41 4C 0B 48 CB 4A 6F C6,temp=105.00
1779096223.199,0x100,8,55 37 AE 69 C3 08 3B BF,speed=85.00
1779096223.403,0x200,8,94 64 F3 61 87 AE 38 31,fuel=100.00
1779096223.580,0x300,8,41 9D C6 2D 6C 4B 7A 7E,temp=105.00
1779096223.650,0x100,8,55 81 E0 FD 22 0E 3E 42,speed=85.00
1779096223.804,0x200,8,C5 64 F8 84 F5 AB 01 D6,fuel=100.00
1779096223.842,0x300,8,41 DD C5 80 7F 91 5B 08,temp=105.00
1779096224.047,0x100,8,55 5E 2E 33 FB 80 C1 76,speed=85.00
1779096224.135,0x200,8,1F 64 37 51 79 5F 31 1F,fuel=100.00
1779096224.338,0x300,8,41 AA 8B A8 36 3B 5C 85,temp=105.00
1779096224.434,0x100,8,55 32 5C 8C 54 4A D0 9E,speed=85.00
1779096224.546,0x200,8,D0 64 8A B4 C5 CB 0F 4E,fuel=100.00
1779096224.725,0x300,8,41 C4 D0 A0 E5 DC CB 88,temp=105.00
1779096224.928,0x100,8,55 5C 8D 9E 57 E7 A2 76,speed=85.00
1779096225.630,0x200,8,7D 64 73 B7 BF 57 52 B7,fuel=100.00
1779096225.762,0x300,8,41 E6 49 C7 53 6D 4C 3D,temp=105.00
1779096225.797,0x100,8,55 5A 6E 71 CC 5B 98 8B,speed=85.00
1779096225.945,0x200,8,08 64 C5 9E 3F 5F D8 6D,fuel=100.00
1779096225.987,0x300,8,41 9C D5 E3 B4 52 7D C6,temp=105.00
1779096226.161,0x100,8,55 C5 D4 B3 DF 57 F1 3F,speed=85.00
1779096226.378,0x200,8,D6 64 6A AD 10 38 B3 56,fuel=100.00
1779096226.701,0x300,8,41 C6 4B 0F 86 AB 6E 43,temp=105.00
1779096226.884,0x100,8,55 35 AA 30 8D C6 50 CA,speed=85.00
1779096227.021,0x200,8,96 64 70 DE C6 94 84 DF,fuel=100.00
1779096227.047,0x300,8,41 52 5B CC 1A C5 54 66,temp=105.00
1779096227.281,0x100,8,55 97 AF 10 97 51 BF EE,speed=85.00
1779096227.447,0x200,8,50 64 58 37 BB B5 D6 F0,fuel=100.00
1779096227.560,0x300,8,41 64 7F F9 E9 58 D6 80,temp=105.00
1779096227.646,0x100,8,55 DE 3D C5 BD 94 50 E7,speed=85.00
1779096227.767,0x200,8,96 64 21 A0 E2 88 7F 4B,fuel=100.00
1779096227.789,0x300,8,41 A2 DA C6 91 3E BA A7,temp=105.00
1779096227.898,0x100,8,55 52 67 DD 5B 0D E7 42,speed=85.00
1779096228.089,0x200,8,53 64 5F 6C 71 55 79 BE,fuel=100.00
1779096228.189,0x300,8,41 2E 67 E8 3F 79 4F A2,temp=105.00
1779096228.356,0x100,8,55 87 C8 14 0F 51 33 F7,speed=85.00
1779096228.568,0x200,8,E3 64 76 99 0D 1B DA 95,fuel=100.00
1779096228.706,0x300,8,41 F2 34 55 90 97 BE 85,temp=105.00
1779096228.864,0x100,8,55 AB FB B2 F0 46 32 29,speed=85.00
1779096229.013,0x200,8,32 64 56 7E FA D8 60 14,fuel=100.00
1779096229.211,0x300,8,41 99 4F D4 3D E4 AF FD,temp=105.00
1779096229.352,0x100,8,55 44 8F E5 2E A7 F4 C3,speed=85.00
1779096232.849,0x200,8,96 64 AB 97 53 A5 64 63,fuel=100.00
1779096233.431,0x300,8,41 C2 AD DD 8E BB E6 90,temp=105.00
1779096234.319,0x100,8,55 68 08 25 09 88 18 68,speed=85.00
1779096235.493,0x200,8,E1 64 5C 8E 08 C6 42 6A,fuel=100.00
1779096235.795,0x300,8,41 DE A4 0B 59 D5 EC 0E,temp=105.00
1779096237.827,0x100,8,55 CB 11 00 92 C5 27 62,speed=85.00
1779096239.147,0x200,8,4C 64 A8 34 BB 06 2E A7,fuel=100.00
1779096240.243,0x300,8,41 14 66 C6 28 50 00 A8,temp=105.00
1779096240.270,0x100,8,55 EA 89 69 6B 5C C0 3C,speed=85.00
1779096240.431,0x200,8,09 64 3E 1E F6 36 25 1C,fuel=100.00
1779096240.494,0x300,8,41 76 B7 99 01 A7 9D 4A,temp=105.00
1779096240.625,0x100,8,55 66 D1 16 05 5E B3 FF,speed=85.00
1779096240.687,0x200,8,CF 64 E9 14 22 3D 2D A9,fuel=100.00
1779096240.754,0x300,8,41 8E 36 A4 DF A3 DA 41,temp=105.00
1779096240.854,0x100,8,55 0D D4 F2 3C 90 18 B3,speed=85.00
1779096240.953,0x200,8,6F 64 07 4D E8 D3 51 BE,fuel=100.00
1779096241.107,0x300,8,41 54 C0 21 D4 8F AF 52,temp=105.00
1779096241.159,0x100,8,55 39 D7 0E CF 2D D6 1C,speed=85.00
1779096241.245,0x200,8,8E 64 67 D0 A3 63 BC 46,fuel=100.00
1779096241.309,0x300,8,41 94 09 3C FA 66 88 17,temp=105.00
1779096241.440,0x100,8,55 C0 35 C6 64 59 BD 47,speed=85.00
1779096241.616,0x200,8,BC 64 B9 98 33 39 C4 F6,fuel=100.00
1779096241.733,0x300,8,41 11 E5 9E 9D BF 2C 3F,temp=105.00
1779096241.829,0x100,8,55 57 0B 9B 40 71 48 39,speed=85.00
1779096241.882,0x200,8,09 64 A7 29 D4 25 33 6F,fuel=100.00
1779096242.077,0x300,8,41 D2 0C BD 2C 5A 68 6E,temp=105.00
1779096242.198,0x100,8,55 34 D0 E9 6C 58 F8 41,speed=85.00
1779096242.280,0x200,8,FE 64 A5 58 F0 B6 39 A1,fuel=100.00
1779096242.368,0x300,8,41 A3 1B 70 7E 68 14 46,temp=105.00
1779096242.439,0x100,8,55 A6 B6 CB 19 88 7A C1,speed=85.00
1779096242.612,0x200,8,B3 64 99 D8 9E A7 D1 AB,fuel=100.00
1779096242.661,0x300,8,41 39 55 1C C6 1C 96 69,temp=105.00
1779096242.822,0x100,8,55 87 7E 83 CD 87 74 F7,speed=85.00
1779096242.927,0x200,8,E5 64 B5 57 AC 83 C1 B2,fuel=100.00
1779096243.053,0x300,8,41 6A BE 3F BF B0 7E A4,temp=105.00
1779096243.146,0x100,8,55 F8 91 05 8C 7E 07 91,speed=85.00
1779096243.194,0x200,8,9B 64 30 35 F8 A1 DA 2E,fuel=100.00
1779096243.297,0x300,8,41 F1 73 94 79 63 A1 27,temp=105.00
1779096243.370,0x100,8,55 93 92 CE D7 F6 46 96,speed=85.00
1779096243.489,0x200,8,A7 64 F9 94 EC 3B 6F E2,fuel=100.00
1779096243.570,0x300,8,41 38 0B A6 6C 5E ED 5E,temp=105.00
1779096243.662,0x100,8,55 9F BA 1C 6F 75 AD 48,speed=85.00
1779096243.770,0x200,8,BD 64 03 E1 F0 79 04 56,fuel=100.00
1779096243.871,0x300,8,41 1C 8D 26 A6 84 85 F8,temp=105.00
1779096243.955,0x100,8,55 93 76 A8 B4 2D F0 A9,speed=85.00
1779096244.073,0x200,8,FC 64 BB 71 0D 7B E6 91,fuel=100.00
1779096244.151,0x300,8,41 B9 7B F5 1C AB 12 87,temp=105.00
1779096244.252,0x100,8,55 F6 83 55 CE 92 8D 39,speed=85.00
1779096244.333,0x200,8,F9 64 F9 7F 5F 71 3C D7,fuel=100.00
1779096244.448,0x300,8,41 3C 97 E6 90 D4 7C DC,temp=105.00
1779096244.555,0x100,8,55 3A 1E F8 60 83 29 10,speed=85.00
1779096244.630,0x200,8,56 64 36 50 1D 00 B2 E5,fuel=100.00
1779096244.752,0x300,8,41 73 87 1D 3D A7 8A 83,temp=105.00
1779096244.853,0x100,8,55 54 E5 41 9C 0D 85 67,speed=85.00
1779096245.036,0x200,8,AE 64 85 25 0D 38 B6 A8,fuel=100.00
1779096245.153,0x300,8,41 A6 89 09 E8 42 94 D1,temp=105.00
1779096245.529,0x100,8,55 8A 57 9D 6E AF 3F 57,speed=85.00
1779096246.068,0x200,8,5C 64 3C 94 57 58 E0 02,fuel=100.00
1779096246.133,0x300,8,41 AC 08 3E 7B 62 AE AA,temp=105.00
1779096246.195,0x100,8,55 08 28 6A 96 71 41 D3,speed=85.00
1779096246.404,0x200,8,DA 64 FE 1B C2 C6 C5 92,fuel=100.00
1779096246.879,0x300,8,41 A5 A7 B8 A4 9A 46 95,temp=105.00
1779096250.911,0x100,8,55 01 13 8E 8B 26 2D 76,speed=85.00
1779096251.039,0x200,8,62 64 DF 7E 71 8E 06 A2,fuel=100.00
1779096251.156,0x300,8,41 29 53 88 93 61 1D 22,temp=105.00
1779096251.303,0x100,8,55 3C BD 1C 63 02 7C E5,speed=85.00
1779096251.420,0x200,8,F0 64 DF 71 3C EE 90 D9,fuel=100.00
1779096251.704,0x300,8,41 4C 06 0F EF 8C 18 06,temp=105.00
1779096251.770,0x100,8,55 E3 B9 93 E7 3A 22 84,speed=85.00
1779096251.838,0x200,8,C1 64 82 F4 9B 6C 3D 21,fuel=100.00
1779096251.984,0x300,8,41 5E 44 9B EC 40 12 C6,temp=105.00
1779096252.086,0x100,8,55 3F 1B 31 B7 75 8C 7B,speed=85.00
1779096252.202,0x200,8,FC 64 D2 7D CB DE D2 53,fuel=100.00
1779096252.401,0x300,8,41 18 94 80 54 CC 5B 95,temp=105.00
1779096252.516,0x100,8,55 3E 85 DE 7F 9D 02 63,speed=85.00
1779096252.672,0x200,8,E1 64 82 BA 30 F1 3B 38,fuel=100.00
1779096252.986,0x300,8,41 BE 12 9B D7 2D 9E B6,temp=105.00
1779096253.112,0x100,8,55 BF 77 17 B4 D7 F4 B5,speed=85.00
1779096253.257,0x200,8,CF 64 AC 6C F2 BF E7 0B,fuel=100.00
1779096253.356,0x300,8,41 A6 6C D8 74 EF 16 54,temp=105.00
1779096253.443,0x100,8,55 2E 7D A0 92 AA EE 6D,speed=85.00
1779096253.532,0x200,8,7F 64 83 C2 73 37 15 B4,fuel=100.00
1779096253.677,0x300,8,41 94 63 F7 94 E7 8B 0E,temp=105.00
1779096253.739,0x100,8,55 18 61 4F 5B AE 77 B8,speed=85.00
1779096253.819,0x200,8,03 64 11 1C D3 87 BD 9C,fuel=100.00
1779096253.947,0x300,8,41 B2 0A E0 C3 4D 27 78,temp=105.00
1779096254.027,0x100,8,55 B5 0B C3 B6 A3 19 CE,speed=85.00
1779096254.128,0x200,8,6F 64 D6 1C FC C2 ED 20,fuel=100.00
1779096254.231,0x300,8,41 B8 EB 09 A3 CA E1 5B,temp=105.00
1779096254.264,0x100,8,55 6D 9E 86 77 0C 85 01,speed=85.00
1779096254.401,0x200,8,E3 64 AF D8 2C CE 25 E1,fuel=100.00
1779096254.511,0x300,8,41 BC D0 A4 9A 29 9A 1F,temp=105.00
1779096254.629,0x100,8,55 40 4F CB B8 E5 73 D9,speed=85.00
1779096254.699,0x200,8,78 64 C3 FD EC 53 AF 2B,fuel=100.00
1779096254.739,0x300,8,41 AA F1 65 61 63 48 2A,temp=105.00
1779096254.859,0x100,8,55 29 80 17 88 79 93 5B,speed=85.00
1779096254.947,0x200,8,80 64 4C B9 49 F4 5E 85,fuel=100.00
1779096255.019,0x300,8,41 E0 E0 F3 F2 AC 1D 2E,temp=105.00
1779096255.136,0x100,8,55 DA B8 C7 77 AD A4 E4,speed=85.00
1779096255.302,0x200,8,E7 64 F7 9A 33 74 C8 9F,fuel=100.00
1779096255.415,0x300,8,41 52 55 95 1C D4 FA A5,temp=105.00
1779096255.513,0x100,8,55 AD 1E CC 80 A5 D0 AC,speed=85.00
1779096255.586,0x200,8,05 64 D6 A3 52 89 38 A0,fuel=100.00
1779096255.698,0x300,8,41 4C 29 60 BB 5F E3 64,temp=105.00
1779096255.782,0x100,8,55 3B CC 1A D4 67 C1 E4,speed=85.00
1779096255.896,0x200,8,BC 64 67 83 B5 01 B5 98,fuel=100.00
1779096256.016,0x300,8,41 78 5A ED 25 58 7E CD,temp=105.00
1779096256.145,0x100,8,55 EE C5 7A 8A 26 78 3F,speed=85.00
1779096256.249,0x200,8,53 64 38 35 CF 72 CC 61,fuel=100.00
1779096256.406,0x300,8,41 5E 9F 97 1F EE F8 D1,temp=105.00
1779096256.573,0x100,8,55 BF D5 F1 CC 8F 87 0A,speed=85.00
1779096256.817,0x200,8,09 64 DC 83 F2 5D EE E6,fuel=100.00
1779096256.938,0x300,8,41 BA 21 2D EE 88 2F 68,temp=105.00
1779096257.050,0x100,8,55 AF E1 9F 0A 11 E7 25,speed=85.00
1779096257.098,0x200,8,A6 64 3E 6B 8D 36 82 D1,fuel=100.00
1779096257.496,0x300,8,41 8B F4 43 D0 17 2D B2,temp=105.00
1779096257.655,0x100,8,55 72 AC 98 33 34 F7 45,speed=85.00
1779096257.838,0x200,8,7E 64 0E D5 CD 05 1F 66,fuel=100.00
1779096257.953,0x300,8,41 AF C8 F0 D3 EC CA 67,temp=105.00
1779096258.077,0x100,8,55 57 89 3E 69 3E B4 AD,speed=85.00
1779096258.211,0x200,8,76 64 2F 09 86 6A DE 9A,fuel=100.00
1779096258.248,0x300,8,41 61 71 55 6E D6 F6 58,temp=105.00
1779096258.332,0x100,8,55 A9 C7 40 BA 49 ED E8,speed=85.00
1779096258.454,0x200,8,76 64 23 94 F2 22 92 3F,fuel=100.00
1779096258.497,0x300,8,41 B9 20 05 BE 22 49 F5,temp=105.00
1779096258.654,0x100,8,55 F2 21 92 85 B0 16 90,speed=85.00
1779096259.039,0x200,8,0B 64 62 02 A5 C5 2E 7E,fuel=100.00
1779096259.078,0x300,8,41 64 5D 5A 3A FE 57 14,temp=105.00
1779096259.221,0x100,8,55 F3 F1 4E 6F B5 5C 77,speed=85.00
1779096259.293,0x200,8,F6 64 3A FD F1 B2 7F AB,fuel=100.00
1779096259.367,0x300,8,41 73 85 96 4B 2B EC 03,temp=105.00
1779096259.556,0x100,8,55 C9 25 9B DE 85 88 EF,speed=85.00
1779096259.686,0x200,8,9E 64 E7 BE B0 24 C1 3A,fuel=100.00
1779096259.828,0x300,8,41 41 AD D1 64 16 86 05,temp=105.00
1779096259.992,0x100,8,55 43 D7 7C 20 50 F6 62,speed=85.00
1779096260.026,0x200,8,23 64 45 CF F0 6F DF A7,fuel=100.00
1779096260.179,0x300,8,41 B7 08 8E 9F 3C A4 2B,temp=105.00
1779096260.242,0x100,8,55 BE A8 43 39 81 A4 33,speed=85.00
1779096260.362,0x200,8,A9 64 51 C8 B2 B0 53 C3,fuel=100.00
1779096260.467,0x300,8,41 66 4C 33 59 FE 96 D0,temp=105.00
1779096260.589,0x100,8,55 F4 78 FF 3E 0D F9 A2,speed=85.00
1779096260.715,0x200,8,B5 64 42 93 A5 FE 4D DE,fuel=100.00
1779096260.892,0x300,8,41 7E 25 9C 87 2D 3F BA,temp=105.00
1779096260.965,0x100,8,55 96 A6 CA 36 D7 58 92,speed=85.00
1779096261.060,0x200,8,C2 64 28 DE 27 EF F2 AD,fuel=100.00
1779096261.185,0x300,8,41 48 11 A3 A0 6E 0B EA,temp=105.00
1779096261.276,0x100,8,55 08 DA 4B B3 FF B2 15,speed=85.00
1779096261.363,0x200,8,9E 64 53 E4 A0 C5 EC 8B,fuel=100.00
1779096261.456,0x300,8,41 EC 69 D2 7D CE 33 74,temp=105.00
1779096261.521,0x100,8,55 73 AF A1 80 70 F4 AA,speed=85.00
1779096261.667,0x200,8,0E 64 26 3C 1F 96 38 0B,fuel=100.00
1779096261.711,0x300,8,41 37 C7 9E 87 D2 60 4A,temp=105.00
1779096261.826,0x100,8,55 63 10 39 A3 91 E1 8C,speed=85.00
1779096261.898,0x200,8,FC 64 AE 57 43 C0 52 4C,fuel=100.00
1779096261.981,0x300,8,41 0A 5F E7 2C 10 51 20,temp=105.00
1779096262.116,0x100,8,55 2E F0 4D 49 50 BB A2,speed=85.00
1779096262.210,0x200,8,1D 64 F9 17 94 72 BC 7E,fuel=100.00
1779096262.280,0x300,8,41 AF E9 45 FD F3 39 A2,temp=105.00
1779096262.365,0x100,8,55 EB C6 5F 34 96 A8 A9,speed=85.00
1779096262.478,0x200,8,E5 64 15 85 63 A6 56 9C,fuel=100.00
1779096262.556,0x300,8,41 70 E1 9F 94 61 E4 64,temp=105.00
1779096262.639,0x100,8,55 50 BC 84 12 94 B8 0E,speed=85.00
1779096262.848,0x200,8,D1 64 08 3B D3 F9 F6 CF,fuel=100.00
1779096262.959,0x300,8,41 8F E4 52 8B AE F5 AA,temp=105.00
1779096263.030,0x100,8,55 6C 63 C2 56 32 95 9C,speed=85.00
1779096263.127,0x200,8,1E 64 43 88 59 DB 29 1F,fuel=100.00
1779096263.265,0x300,8,41 41 9E 6C E1 08 4C 05,temp=105.00
1779096263.307,0x100,8,55 51 03 E4 65 5A 05 EF,speed=85.00
1779096263.454,0x200,8,1E 64 E0 0E C4 C7 39 31,fuel=100.00
1779096263.483,0x300,8,41 AD DE 35 58 A7 0B 19,temp=105.00
1779096263.594,0x100,8,55 C2 13 EE D5 CC 2A 27,speed=85.00
1779096263.676,0x200,8,9F 64 F1 30 FE 9E 65 55,fuel=100.00
1779096263.782,0x300,8,41 73 9C 7F 0D B9 97 FE,temp=105.00
1779096263.885,0x100,8,55 97 B7 D2 C1 D3 67 9C,speed=85.00
1779096263.973,0x200,8,9C 64 DC 8F 4E 0F D4 24,fuel=100.00
1779096264.053,0x300,8,41 A9 F3 18 94 2E AA 9C,temp=105.00
1779096264.150,0x100,8,55 60 0B F5 AE 8B ED AF,speed=85.00
1779096264.254,0x200,8,E9 64 39 B0 75 C3 03 3A,fuel=100.00
1779096264.359,0x300,8,41 4D FC 04 4B AF 74 65,temp=105.00
1779096264.446,0x100,8,55 10 FE 12 55 C6 33 13,speed=85.00
1779096264.555,0x200,8,45 64 26 80 09 BD 73 9F,fuel=100.00
1779096264.618,0x300,8,41 9C 8A 21 00 B4 65 DD,temp=105.00
1779096264.822,0x100,8,55 FE D6 DD 35 EB 77 B1,speed=85.00
1779096264.981,0x200,8,38 64 D9 9A 1D 7D 73 B8,fuel=100.00
1779096265.095,0x300,8,41 1C 20 15 12 AC D7 97,temp=105.00
1779096265.181,0x100,8,55 5E D7 20 57 CF B6 76,speed=85.00
1779096265.264,0x200,8,ED 64 3C 7C 2C 35 85 B9,fuel=100.00
1779096265.420,0x300,8,41 F4 63 0A 8E C5 C0 5F,temp=105.00
1779096265.479,0x100,8,55 1C C1 A5 A9 F7 F4 78,speed=85.00
1779096265.556,0x200,8,5B 64 BE DC E5 1A 77 6B,fuel=100.00
1779096265.637,0x300,8,41 6F 82 01 06 00 A0 FA,temp=105.00
1779096265.761,0x100,8,55 D8 94 E5 0E F8 37 5B,speed=85.00
1779096265.851,0x200,8,F1 64 C5 6B 6B AC 54 DA,fuel=100.00
1779096266.563,0x300,8,41 99 16 42 C0 78 58 90,temp=105.00
1779096266.660,0x100,8,55 36 28 76 F6 58 CE BD,speed=85.00
1779096266.701,0x200,8,76 64 2F D6 04 DC D8 16,fuel=100.00
1779096266.876,0x300,8,41 F7 E2 47 E0 52 A7 D3,temp=105.00
1779096266.977,0x100,8,55 79 FD 2A 66 1C 8D 8B,speed=85.00
1779096267.056,0x200,8,76 64 A9 99 B5 89 71 F7,fuel=100.00
1779096267.218,0x300,8,41 03 B1 7D 03 37 DE E8,temp=105.00
1779096267.290,0x100,8,55 F9 D5 AB E0 98 86 1F,speed=85.00
1779096267.495,0x200,8,23 64 C1 EC 93 A2 96 C0,fuel=100.00
1779096267.663,0x300,8,41 FE 81 A5 91 5D 47 B9,temp=105.00
1779096267.782,0x100,8,55 15 F0 36 CD CF 8A 18,speed=85.00
1779096267.854,0x200,8,3C 64 AD 69 29 8A 7C FB,fuel=100.00
1779096267.981,0x300,8,41 B2 1B C2 E6 DD 45 33,temp=105.00
1779096268.167,0x100,8,55 5B A8 85 E1 D7 14 FC,speed=85.00
1779096268.256,0x200,8,FE 64 26 38 4C 4F 9F 76,fuel=100.00
1779096268.316,0x300,8,41 43 27 46 DE F8 EB 8E,temp=105.00
1779096268.375,0x100,8,55 A6 1D 84 BD 6F 87 3B,speed=85.00
1779096268.535,0x200,8,37 64 A4 A8 CF 81 4E 00,fuel=100.00
1779096268.631,0x300,8,41 AB 7C D1 A9 40 F8 DE,temp=105.00
1779096268.705,0x100,8,55 E6 1B 80 E5 7B 45 C0,speed=85.00
1779096268.779,0x200,8,2A 64 DE FE 6F 0A 21 2D,fuel=100.00
1779096268.923,0x300,8,41 42 14 1D B1 F8 E1 DD,temp=105.00
1779096269.023,0x100,8,55 9C C7 CA 88 9C 9F BD,speed=85.00
1779096269.121,0x200,8,1F 64 D3 30 D4 D5 FF A2,fuel=100.00
1779096272.103,0x300,8,41 6C 2C A8 9D D3 48 78,temp=105.00
1779096272.696,0x100,8,55 58 CC 1A 8A CF 0F 59,speed=85.00
1779096272.729,0x200,8,FB 64 8F 02 CC FB 3F AC,fuel=100.00
1779096272.855,0x300,8,41 E6 9B E7 A0 BD 2A D1,temp=105.00
1779096272.942,0x100,8,55 56 17 4D DF 4C 9E 2B,speed=85.00
1779096273.143,0x200,8,24 64 55 FF F3 F1 F5 C0,fuel=100.00
1779096273.245,0x300,8,41 CE AF EA BD 7D 12 0F,temp=105.00
1779096273.347,0x100,8,55 C2 C6 98 BA 5D D9 2C,speed=85.00
1779096273.435,0x200,8,F7 64 B3 74 C6 EA 29 C4,fuel=100.00
1779096273.502,0x300,8,41 A3 35 61 E1 6C 70 73,temp=105.00
1779096273.633,0x100,8,55 53 00 FB CF 71 E4 C2,speed=85.00
1779096273.857,0x200,8,78 64 70 12 BE 36 4F 6B,fuel=100.00
1779096273.987,0x300,8,41 8F 66 F9 14 84 C5 3C,temp=105.00
1779096274.109,0x100,8,55 7E 5D 3D 43 2B 56 E4,speed=85.00
1779096274.313,0x200,8,C6 64 98 4E 93 64 2C 71,fuel=100.00
1779096274.651,0x300,8,41 62 C2 AC DC F6 2F EE,temp=105.00
1779096274.780,0x100,8,55 AC 50 5D A8 7D 94 C5,speed=85.00
1779096274.897,0x200,8,A9 64 62 92 14 5E F9 EB,fuel=100.00
1779096274.982,0x300,8,41 98 94 F2 8D D7 BD 99,temp=105.00
1779096275.421,0x100,8,55 1E 4E 06 36 AD 3F 82,speed=85.00
1779096275.500,0x200,8,40 64 58 24 12 B9 9C B6,fuel=100.00
1779096275.574,0x300,8,41 43 45 59 DC DF 9E 43,temp=105.00
1779096275.654,0x100,8,55 34 5C 12 36 6C FF D5,speed=85.00
1779096275.744,0x200,8,11 64 4C 75 97 1B 19 0A,fuel=100.00
1779096275.897,0x300,8,41 2E 73 95 B6 B4 22 00,temp=105.00
1779096276.220,0x100,8,55 54 FF DB 22 27 30 2D,speed=85.00
1779096276.906,0x200,8,71 64 14 EE 04 3A 3E 30,fuel=100.00
1779096276.971,0x300,8,41 37 F2 D3 F3 F5 BF FB,temp=105.00
1779096277.146,0x100,8,55 F2 53 29 16 62 9C 0A,speed=85.00
1779096277.312,0x200,8,43 64 75 50 54 DC 0F F7,fuel=100.00
1779096277.363,0x300,8,41 A3 A6 48 EB 20 5A 6D,temp=105.00
1779096277.533,0x100,8,55 02 DE 3E DE 53 2B E5,speed=85.00
1779096277.667,0x200,8,68 64 3B B2 91 F0 9F AD,fuel=100.00
1779096277.714,0x300,8,41 81 F4 47 C4 F2 C5 5F,temp=105.00
1779096277.955,0x100,8,55 EA 16 94 A3 BE 83 39,speed=85.00
1779096278.164,0x200,8,4A 64 0D 36 B4 0F 94 66,fuel=100.00
1779096278.262,0x300,8,41 28 FE 39 E5 E6 DA 43,temp=105.00
1779096278.323,0x100,8,55 D3 BC 77 0C E2 9A A1,speed=85.00
1779096278.412,0x200,8,1D 64 85 72 5D 07 64 63,fuel=100.00
1779096279.698,0x300,8,41 A1 98 56 7C 8B DE EA,temp=105.00
1779096280.440,0x100,8,55 B5 AF 31 B2 D9 EB 1E,speed=85.00
1779096281.837,0x200,8,59 64 60 20 E7 93 15 E1,fuel=100.00
1779096282.668,0x300,8,41 72 E6 47 AF 4C 45 45,temp=105.00
1779096282.803,0x100,8,55 08 E6 E9 76 01 F0 2F,speed=85.00
1779096283.228,0x200,8,0C 64 30 5B E5 97 02 DF,fuel=100.00
1779096283.628,0x300,8,41 C6 5E 11 57 1B 4A 53,temp=105.00
1779096283.820,0x100,8,55 1A 83 7C C1 B2 F2 DB,speed=85.00
1779096283.977,0x200,8,1C 64 E9 8D CA 15 B0 70,fuel=100.00
1779096284.322,0x300,8,41 FF C8 3C AD F4 EC C1,temp=105.00
1779096284.447,0x100,8,55 C9 FB BD 8A C4 07 2B,speed=85.00
1779096284.538,0x200,8,4D 64 85 76 68 6B 4D D5,fuel=100.00
1779096284.646,0x300,8,41 AE C0 EF 40 EB 8B 39,temp=105.00
1779096284.735,0x100,8,55 96 61 53 2F 9B BA 78,speed=85.00
1779096284.818,0x200,8,F5 64 B9 AF 12 82 23 C1,fuel=100.00
1779096284.922,0x300,8,41 15 EE 11 FD 4E 3A 02,temp=105.00
1779096284.997,0x100,8,55 25 1E 1E 95 D5 63 A8,speed=85.00
1779096285.089,0x200,8,48 64 A2 A1 7B 7C 5F 96,fuel=100.00
1779096285.221,0x300,8,41 22 C4 F8 D2 04 70 26,temp=105.00
1779096285.279,0x100,8,55 E2 1B 2A 5E 48 D3 69,speed=85.00
1779096285.389,0x200,8,4B 64 98 8A 37 EC C3 C7,fuel=100.00
1779096285.465,0x300,8,41 6F 1F D1 72 10 8B 50,temp=105.00
1779096285.585,0x100,8,55 88 4B BD 56 42 C3 2C,speed=85.00
1779096285.658,0x200,8,2E 64 53 C2 A5 FA 75 E2,fuel=100.00
1779096285.763,0x300,8,41 D9 1A F7 86 F3 DF 12,temp=105.00
1779096285.873,0x100,8,55 FD CE 67 CB 8C 83 F9,speed=85.00
1779096285.981,0x200,8,F0 64 20 23 B6 E3 08 C2,fuel=100.00
1779096286.042,0x300,8,41 C3 F5 14 EA 29 51 7D,temp=105.00
1779096286.152,0x100,8,55 05 E8 20 EF 3D 6A 59,speed=85.00
1779096286.269,0x200,8,14 64 98 CE 8C 0A 6D E1,fuel=100.00
1779096286.344,0x300,8,41 75 FC C0 C9 D7 81 2A,temp=105.00
1779096286.431,0x100,8,55 C4 D0 C6 53 68 DA 4B,speed=85.00
1779096286.564,0x200,8,70 64 6E D4 FB AA FC 62,fuel=100.00
1779096286.622,0x300,8,41 27 16 68 3E 79 C7 B3,temp=105.00
1779096286.752,0x100,8,55 A2 01 67 AA 94 D9 C2,speed=85.00
1779096286.803,0x200,8,A7 64 13 BC 2C 1A 30 2E,fuel=100.00
1779096286.900,0x300,8,41 1E 0B D2 EE D1 A4 C9,temp=105.00
1779096286.981,0x100,8,55 F3 99 C3 77 E3 47 81,speed=85.00
1779096287.087,0x200,8,58 64 17 32 AA 45 38 35,fuel=100.00
1779096287.184,0x300,8,41 E4 6F FE 45 FA 4B A5,temp=105.00
1779096287.319,0x100,8,55 9D 28 43 7D 16 F6 79,speed=85.00
1779096287.386,0x200,8,29 64 AA D2 5F A8 0C 39,fuel=100.00
1779096287.453,0x300,8,41 61 7E 61 91 52 6F 79,temp=105.00
1779096287.548,0x100,8,55 60 44 AE 1E B8 C7 85,speed=85.00
1779096287.627,0x200,8,9F 64 FE FD F5 9E 80 A4,fuel=100.00
1779096287.742,0x300,8,41 D7 40 15 43 CA 78 C7,temp=105.00
1779096287.838,0x100,8,55 3A 3E 22 8F EB B5 BF,speed=85.00
1779096287.907,0x200,8,B5 64 C7 D2 EF BA 72 B6,fuel=100.00
1779096288.026,0x300,8,41 F1 7C C7 08 A3 48 83,temp=105.00
1779096288.139,0x100,8,55 F7 42 9E 3A B5 A0 28,speed=85.00
1779096288.215,0x200,8,F6 64 ED 30 84 4C E7 C2,fuel=100.00
1779096288.317,0x300,8,41 33 C3 6A 26 C0 67 D1,temp=105.00
1779096288.452,0x100,8,55 DB 41 70 39 25 88 76,speed=85.00
1779096288.531,0x200,8,E2 64 F8 0A 51 2C 55 F4,fuel=100.00
1779096288.588,0x300,8,41 21 7C 49 3C E6 0C 91,temp=105.00
1779096288.699,0x100,8,55 C7 E2 1A 1C 1B A3 EE,speed=85.00
1779096288.898,0x200,8,D1 64 2F 8A 9E 7F A5 88,fuel=100.00
1779096289.170,0x300,8,41 42 8C F6 57 0D 28 06,temp=105.00
1779096289.781,0x100,8,55 02 A8 37 AA 38 D3 E3,speed=85.00
1779096290.047,0x200,8,8F 64 75 7B EA BF 2F F0,fuel=100.00
1779096290.120,0x300,8,41 2F 32 FF E9 C0 A3 DF,temp=105.00
1779096290.185,0x100,8,55 56 FD CE 43 52 87 3D,speed=85.00
1779096291.047,0x200,8,7D 64 F0 26 FA 79 3A 7E,fuel=100.00
1779096292.159,0x300,8,41 61 87 89 22 80 3D 38,temp=105.00
1779096292.296,0x100,8,55 DB BD DF EA 72 18 A0,speed=85.00
1779096292.436,0x200,8,9A 64 F2 53 A6 B7 E0 2F,fuel=100.00
1779096292.598,0x300,8,41 FE A9 85 EB C2 4D 1A,temp=105.00
1779096292.667,0x100,8,55 45 FA 72 B4 AB 7E 3F,speed=85.00
1779096292.738,0x200,8,33 64 3A A7 44 FA FD D4,fuel=100.00
1779096292.831,0x300,8,41 2E A1 44 A1 12 96 EF,temp=105.00
1779096292.962,0x100,8,55 63 E3 51 C3 4D 69 46,speed=85.00
1779096293.184,0x200,8,8C 64 C6 C6 D3 B1 C8 0F,fuel=100.00
1779096293.316,0x300,8,41 E1 48 73 F7 5F 15 F8,temp=105.00
1779096293.500,0x100,8,55 7B 9E AB 87 FE D3 EE,speed=85.00
1779096293.634,0x200,8,8B 64 1E 64 9F A2 31 F3,fuel=100.00
1779096293.969,0x300,8,41 A4 E6 41 EE 82 9A A3,temp=105.00
1779096294.135,0x100,8,55 39 29 2E 18 B4 97 DC,speed=85.00
1779096294.380,0x200,8,F9 64 1D DB DB 18 86 19,fuel=100.00
1779096294.417,0x300,8,41 C0 F6 14 34 8C 66 24,temp=105.00
1779096294.489,0x100,8,55 8A 1D 4C F6 CE B6 E8,speed=85.00
1779096294.680,0x200,8,79 64 67 75 F9 79 C4 65,fuel=100.00
1779096294.845,0x300,8,41 DB FD 9C 2F BF F4 D3,temp=105.00
1779096294.978,0x100,8,55 23 13 AE B4 23 A3 36,speed=85.00
1779096295.086,0x200,8,1E 64 33 72 79 45 9E BB,fuel=100.00
1779096295.189,0x300,8,41 90 7B C8 E8 12 A3 3E,temp=105.00
1779096295.321,0x100,8,55 84 94 5B F6 DA 11 DE,speed=85.00
1779096295.494,0x200,8,BB 64 15 2E CD CC F2 17,fuel=100.00
1779096295.678,0x300,8,41 33 81 75 A8 02 F1 A5,temp=105.00
1779096295.715,0x100,8,55 77 AD 31 67 DF 0F 49,speed=85.00
1779096295.835,0x200,8,54 64 EF 5D 0C EE 42 BE,fuel=100.00
1779096295.977,0x300,8,41 14 C0 85 FF 42 4E 46,temp=105.00
1779096296.012,0x100,8,55 B3 A9 C0 DC 60 68 A3,speed=85.00
1779096296.079,0x200,8,B7 64 99 CA BD 25 C7 D7,fuel=100.00
1779096296.264,0x300,8,41 5D D4 EF E5 1C 5C BF,temp=105.00
1779096296.398,0x100,8,55 81 09 5C D6 4B F7 D4,speed=85.00
1779096296.545,0x200,8,E1 64 81 EA 52 C2 36 42,fuel=100.00
1779096296.740,0x300,8,41 09 7F D4 DC E2 5C EC,temp=105.00
1779096296.873,0x100,8,55 F3 82 44 4F 0F 86 D6,speed=85.00
1779096296.984,0x200,8,F5 64 18 F6 4E C6 82 88,fuel=100.00
1779096297.102,0x300,8,41 36 C8 88 94 C0 16 1B,temp=105.00
1779096297.195,0x100,8,55 4F 58 DD BF 40 EB 9F,speed=85.00
1779096297.217,0x200,8,49 64 10 6E E9 CC AF FA,fuel=100.00
1779096297.319,0x300,8,41 17 0C 11 31 7A 7B 2F,temp=105.00
1779096297.445,0x100,8,55 DD CC D4 F6 9E 00 A2,speed=85.00
1779096297.552,0x200,8,55 64 48 2E 17 45 A8 93,fuel=100.00
1779096297.635,0x300,8,41 7A BB 4E 8D D1 59 91,temp=105.00
1779096297.671,0x100,8,55 4B 0B 75 E9 DB F7 D6,speed=85.00
1779096297.772,0x200,8,CA 64 9A 2B DE F9 D1 AF,fuel=100.00
1779096297.972,0x300,8,41 D0 10 95 61 4E D1 D1,temp=105.00
1779096298.069,0x100,8,55 F7 AD 9D C4 D8 0E 44,speed=85.00
1779096298.149,0x200,8,A9 64 FA 9E C6 EE 51 71,fuel=100.00
1779096298.314,0x300,8,41 F3 E3 6D 6C 50 F4 32,temp=105.00
1779096298.413,0x100,8,55 24 0B 9D 97 05 DC 89,speed=85.00
1779096298.470,0x200,8,00 64 78 0E 16 A2 C5 2E,fuel=100.00
1779096298.547,0x300,8,41 EA E0 C7 D3 C9 9D B0,temp=105.00
1779096298.611,0x100,8,55 41 59 1D 11 4E 34 91,speed=85.00
1779096298.717,0x200,8,E9 64 32 A8 6E 64 86 AB,fuel=100.00
1779096298.795,0x300,8,41 D7 73 2A D5 10 3B 96,temp=105.00
1779096298.911,0x100,8,55 32 12 D2 A2 84 57 00,speed=85.00
1779096299.615,0x200,8,98 64 38 F4 48 57 02 7E,fuel=100.00
1779096299.738,0x300,8,41 43 25 E6 F4 92 C1 9D,temp=105.00
1779096299.783,0x100,8,55 03 E1 42 A5 02 FC D9,speed=85.00
1779096300.795,0x200,8,54 64 55 7E 39 B1 3E 26,fuel=100.00
1779096300.961,0x300,8,41 11 97 49 F7 96 53 32,temp=105.00
1779096300.986,0x100,8,55 6B C5 CC 3C 93 65 51,speed=85.00
1779096301.146,0x200,8,86 64 23 67 5F D6 E6 DB,fuel=100.00
1779096301.245,0x300,8,41 8C 89 1E 32 27 C0 F3,temp=105.00
1779096301.339,0x100,8,55 B7 37 5C E0 59 53 5F,speed=85.00
1779096301.368,0x200,8,19 64 87 EB 25 E2 A2 F0,fuel=100.00
1779096301.471,0x300,8,41 85 53 68 9E C2 90 27,temp=105.00
1779096301.563,0x100,8,55 BE A8 AF DF 6F 4A C4,speed=85.00
1779096301.690,0x200,8,99 64 E6 5A 97 EF 02 07,fuel=100.00
1779096301.870,0x300,8,41 E5 49 11 7D 2B 82 34,temp=105.00
1779096301.976,0x100,8,55 5F 55 E0 E3 25 18 A3,speed=85.00
1779096302.020,0x200,8,24 64 F9 AE D2 AC 61 AB,fuel=100.00
1779096302.212,0x300,8,41 7F 69 D7 A7 10 82 96,temp=105.00
1779096302.496,0x100,8,55 FE 77 D7 26 E4 B3 6E,speed=85.00
1779096302.616,0x200,8,E0 64 9D 8C BB 19 98 8A,fuel=100.00
1779096302.704,0x300,8,41 31 B6 70 5F CE D5 AA,temp=105.00
1779096302.821,0x100,8,55 02 B3 96 C6 C4 D7 3D,speed=85.00
1779096302.938,0x200,8,91 64 38 2C D0 7E 62 DC,fuel=100.00
1779096303.100,0x300,8,41 84 0B 44 BB F9 66 D4,temp=105.00
1779096303.210,0x100,8,55 6C E6 1E 2A FD 07 B7,speed=85.00
1779096303.237,0x200,8,0D 64 EA 31 65 79 EE 38,fuel=100.00
1779096303.480,0x300,8,41 9E 27 B2 B1 74 F6 E6,temp=105.00
1779096303.611,0x100,8,55 E1 33 5D 6E 9F 8F 18,speed=85.00
1779096303.744,0x200,8,E2 64 9A AE 42 43 99 D3,fuel=100.00
1779096303.861,0x300,8,41 F8 0A 4A 02 81 84 17,temp=105.00
1779096303.898,0x100,8,55 09 33 52 7C C2 62 EF,speed=85.00
1779096304.070,0x200,8,76 64 62 3C D7 F5 9D FE,fuel=100.00
1779096304.188,0x300,8,41 D8 09 AE 27 40 86 9D,temp=105.00
1779096304.289,0x100,8,55 6F E2 21 38 8C 7B 7D,speed=85.00
1779096304.454,0x200,8,00 64 5A 0E FC 1C 8D 85,fuel=100.00
1779096304.515,0x300,8,41 D9 0F 2C 56 3E 19 1C,temp=105.00
1779096304.556,0x100,8,55 54 9E 6F 8D C5 D3 EE,speed=85.00
1779096304.666,0x200,8,4D 64 EA 3B 8C 7B BE 0C,fuel=100.00
1779096304.793,0x300,8,41 28 DE 14 E9 0B 66 1A,temp=105.00
1779096304.880,0x100,8,55 3B 24 1C C8 85 3D 5A,speed=85.00
1779096304.970,0x200,8,95 64 CE 7F 60 1D 7F 8E,fuel=100.00
1779096305.132,0x300,8,41 5F EE 1E D6 1B 4E 0F,temp=105.00
1779096305.346,0x100,8,55 B0 9A E5 8A 9A BC 9F,speed=85.00
1779096305.419,0x200,8,C3 64 35 4E C5 9A A8 EC,fuel=100.00
1779096305.566,0x300,8,41 6B 63 D4 A0 0C 8B 9B,temp=105.00
1779096305.655,0x100,8,55 D4 23 A0 F4 99 FA 44,speed=85.00
1779096305.734,0x200,8,69 64 FC F4 2A FC 18 6A,fuel=100.00
1779096305.805,0x300,8,41 8D CF 61 68 2B FA 5C,temp=105.00
1779096305.869,0x100,8,55 AD 80 1E 2E 69 31 82,speed=85.00
1779096305.970,0x200,8,4A 64 3C D3 F2 0E 64 AA,fuel=100.00
1779096306.167,0x300,8,41 66 7A EA 7A 25 0C C9,temp=105.00
1779096306.426,0x100,8,55 87 DF 71 5D 37 C3 EA,speed=85.00
1779096306.512,0x200,8,1E 64 DC A6 97 77 E3 9E,fuel=100.00
1779096306.590,0x300,8,41 E6 4D 9A 36 55 23 BB,temp=105.00
1779096306.637,0x100,8,55 37 FD 54 5A F5 A6 02,speed=85.00
1779096306.973,0x200,8,1D 64 27 24 C8 3D 03 E4,fuel=100.00
1779096307.012,0x300,8,41 87 61 18 90 68 A6 4E,temp=105.00
1779096307.118,0x100,8,55 3F 60 28 60 28 C9 11,speed=85.00
1779096307.360,0x200,8,2E 64 45 B3 A5 23 32 00,fuel=100.00
1779096307.412,0x300,8,41 B4 CB 56 91 4C 26 DE,temp=105.00
1779096307.520,0x100,8,55 EF 0D EA 73 C6 58 24,speed=85.00
1779096307.609,0x200,8,9E 64 C5 56 50 30 70 E0,fuel=100.00
1779096307.685,0x300,8,41 2B 6F 56 D9 A5 5E F5,temp=105.00
1779096307.861,0x100,8,55 09 C1 70 76 9A 5E A4,speed=85.00
1779096307.969,0x200,8,50 64 12 0F 3D 01 A4 4A,fuel=100.00
1779096308.060,0x300,8,41 20 E7 EA 51 D4 B0 8A,temp=105.00
1779096308.178,0x100,8,55 16 28 BB 05 77 FB 03,speed=85.00
1779096308.325,0x200,8,54 64 3F 3E AE D0 22 3B,fuel=100.00
1779096308.550,0x300,8,41 09 DA 0F D4 4C F0 7C,temp=105.00
1779096308.636,0x100,8,55 D9 2D 7E C9 40 36 1C,speed=85.00
1779096308.705,0x200,8,B9 64 94 69 2D A0 5B 5F,fuel=100.00
1779096308.846,0x300,8,41 2D 4A 6B D1 FF 6C 28,temp=105.00
1779096309.045,0x100,8,55 48 07 AE 2D 14 D9 DA,speed=85.00
1779096309.138,0x200,8,62 64 B8 0D 9A 8C F2 A5,fuel=100.00
1779096309.204,0x300,8,41 56 C4 DB 9B 71 E4 97,temp=105.00
1779096309.267,0x100,8,55 4A CE FA 82 81 8E CB,speed=85.00
1779096309.384,0x200,8,40 64 FB 47 5E 15 C4 2A,fuel=100.00
1779096309.529,0x300,8,41 88 83 38 53 82 0F 64,temp=105.00
1779096309.555,0x100,8,55 B4 C7 B0 3B 5B 9D 3E,speed=85.00
1779096309.694,0x200,8,E5 64 4C 92 0B AC 66 21,fuel=100.00
1779096309.764,0x300,8,41 B2 DA 78 6A 20 27 42,temp=105.00
1779096309.844,0x100,8,55 CB 46 5B C1 F0 8E B6,speed=85.00
1779096309.928,0x200,8,AA 64 B3 67 95 44 C4 B1,fuel=100.00
1779096310.072,0x300,8,41 59 5F 9E 2A FA 92 71,temp=105.00
1779096310.155,0x100,8,55 0E E8 A9 C8 E9 A9 2C,speed=85.00
1779096310.307,0x200,8,64 64 CB 2A F4 E9 25 FF,fuel=100.00
1779096310.464,0x300,8,41 1D 1D 5E A3 07 89 8A,temp=105.00
1779096310.594,0x100,8,55 48 62 B1 78 35 0A 3D,speed=85.00
1779096310.985,0x200,8,89 64 FF 15 EF 7E 99 C8,fuel=100.00
1779096311.113,0x300,8,41 A1 9C 29 C8 07 62 E4,temp=105.00
1779096311.204,0x100,8,55 77 23 B6 3E 45 2B 82,speed=85.00
1779096311.378,0x200,8,DC 64 57 B7 07 35 C3 F1,fuel=100.00
1779096311.493,0x300,8,41 5B BD 23 66 73 9E 47,temp=105.00
1779096311.534,0x100,8,55 35 12 8F 6E 5D 47 53,speed=85.00
1779096311.709,0x200,8,6C 64 0E AD A0 51 9F 0C,fuel=100.00
1779096311.789,0x300,8,41 FE 82 B8 83 49 A1 FD,temp=105.00
1779096311.922,0x100,8,55 CA 9B A6 4B 04 2E A6,speed=85.00
1779096312.011,0x200,8,10 64 B2 97 19 E6 73 F1,fuel=100.00
1779096312.100,0x300,8,41 2E 87 8C B5 FD 72 AB,temp=105.00
1779096312.197,0x100,8,55 C9 CE 2D 5B 17 5C EE,speed=85.00
1779096312.322,0x200,8,99 64 7E 40 42 8C 68 9F,fuel=100.00
1779096312.444,0x300,8,41 A6 41 0B DB 2B 2B EC,temp=105.00
1779096312.671,0x100,8,55 71 5C 35 E5 42 B5 D8,speed=85.00
1779096312.824,0x200,8,E2 64 CF 9F 41 22 4D 91,fuel=100.00
1779096312.854,0x300,8,41 A6 9F 5F 69 6A AF 33,temp=105.00
1779096313.014,0x100,8,55 5B 15 FA 5F 56 28 26,speed=85.00
1779096313.050,0x200,8,FA 64 C3 45 CF 4E F8 D8,fuel=100.00
1779096313.130,0x300,8,41 76 1A 37 8E C0 C9 C8,temp=105.00
1779096313.248,0x100,8,55 2B 45 8C 85 9F 5F 82,speed=85.00
1779096313.326,0x200,8,0B 64 53 BF AE A5 3A 2F,fuel=100.00
1779096313.466,0x300,8,41 DA 27 D7 AB 49 59 60,temp=105.00
1779096313.515,0x100,8,55 AA 5E 33 4B 03 07 5C,speed=85.00
1779096313.665,0x200,8,B4 64 FC B6 B8 C6 F0 BB,fuel=100.00
1779096313.784,0x300,8,41 76 8A D9 6A AA 8E AC,temp=105.00
1779096313.877,0x100,8,55 7A 9F 6D 94 2D DD 22,speed=85.00
1779096314.025,0x200,8,33 64 1A B2 9A AA 2E D8,fuel=100.00
1779096314.112,0x300,8,41 98 AD 0C 87 93 29 77,temp=105.00
1779096314.197,0x100,8,55 C6 25 77 98 F4 CB D5,speed=85.00
1779096314.267,0x200,8,60 64 F3 1A 2C F3 49 6D,fuel=100.00
1779096314.483,0x300,8,41 E7 0B 58 28 A7 EF C6,temp=105.00
1779096314.565,0x100,8,55 F7 CE 24 FF 8A 0D F0,speed=85.00
1779096314.651,0x200,8,15 64 C1 01 81 CF 71 F3,fuel=100.00
1779096314.738,0x300,8,41 98 82 25 04 67 45 B6,temp=105.00
1779096314.822,0x100,8,55 B2 8C 2C 63 3D FF F7,speed=85.00
1779096314.970,0x200,8,74 64 2B 1F B3 4E 2B 4C,fuel=100.00
1779096315.102,0x300,8,41 67 C1 32 1F 45 69 9A,temp=105.00
1779096315.264,0x100,8,55 1B 43 45 A5 A9 00 60,speed=85.00
1779096315.357,0x200,8,32 64 19 20 7D 81 CC E0,fuel=100.00
1779096315.425,0x300,8,41 42 60 30 11 F9 07 97,temp=105.00
1779096315.518,0x100,8,55 1C 36 CC CA 45 DE FC,speed=85.00
1779096315.672,0x200,8,51 64 0E 5A 30 71 A8 3F,fuel=100.00
1779096315.759,0x300,8,41 61 91 33 07 6B 09 8F,temp=105.00
1779096316.395,0x100,8,55 66 96 C2 75 C2 59 35,speed=85.00
1779096316.493,0x200,8,67 64 DA A3 9F 0C 66 80,fuel=100.00
1779096316.670,0x300,8,41 11 9E 22 1C D5 7E 2F,temp=105.00
1779096316.697,0x100,8,55 61 85 B9 F5 A1 13 E8,speed=85.00
1779096316.907,0x200,8,BF 64 3D 71 9E C6 51 4B,fuel=100.00
1779096316.999,0x300,8,41 7F 2A 2E 2F 45 92 AC,temp=105.00
1779096317.169,0x100,8,55 C8 EF 5C 22 F6 43 3D,speed=85.00
1779096317.252,0x200,8,43 64 CF AF D6 03 BF 62,fuel=100.00
1779096317.494,0x300,8,41 8C 0B F9 46 9B 43 07,temp=105.00
1779096317.637,0x100,8,55 71 60 8E 7C AD 49 94,speed=85.00
1779096317.753,0x200,8,0D 64 1F 7F 41 77 55 44,fuel=100.00
1779096317.886,0x300,8,41 9F AE EB 1B AD 34 79,temp=105.00
1779096318.020,0x100,8,55 FE 2D 64 A7 33 99 24,speed=85.00
1779096318.498,0x200,8,5A 64 C3 49 EF 72 45 7A,fuel=100.00
1779096318.559,0x300,8,41 85 02 16 BB F2 BB A4,temp=105.00
1779096318.671,0x100,8,55 57 74 79 1C 59 5C B7,speed=85.00
1779096318.882,0x200,8,2A 64 66 0A CB 32 CD 2A,fuel=100.00
1779096319.326,0x300,8,41 C0 BE BD 46 F1 C8 84,temp=105.00
1779096319.499,0x100,8,55 20 EF F6 8D 3C 73 F8,speed=85.00
1779096319.604,0x200,8,3C 64 79 1C CD 36 F3 B7,fuel=100.00
1779096319.886,0x300,8,41 36 AE 29 F9 BE 64 E3,temp=105.00
1779096320.046,0x100,8,55 DB C2 05 49 13 6F E5,speed=85.00
1779096320.089,0x200,8,F5 64 E1 E1 F3 CC 48 0E,fuel=100.00
1779096320.158,0x300,8,41 89 56 FD 35 04 6C 26,temp=105.00
1779096320.249,0x100,8,55 02 6A 30 BB EA A3 B0,speed=85.00
1779096320.363,0x200,8,F2 64 35 08 28 DD 4C E7,fuel=100.00
1779096320.453,0x300,8,41 54 58 B3 E1 7D F9 8D,temp=105.00
1779096320.560,0x100,8,55 C3 6F 1E EF 85 ED 46,speed=85.00
1779096320.618,0x200,8,FF 64 EC DF A0 6A 70 C3,fuel=100.00
1779096320.755,0x300,8,41 AC A4 E7 B7 CF FA 0F,temp=105.00
1779096320.813,0x100,8,55 D5 08 55 FF 9B 33 3F,speed=85.00
1779096320.907,0x200,8,6E 64 B2 8A 88 6F 24 17,fuel=100.00
1779096320.998,0x300,8,41 32 54 4B A4 B5 16 08,temp=105.00
1779096321.120,0x100,8,55 E5 98 89 DC 5D D7 50,speed=85.00
1779096321.189,0x200,8,97 64 C2 E0 AB 65 82 12,fuel=100.00
1779096321.303,0x300,8,41 99 9A F1 F6 8D 11 C1,temp=105.00
1779096321.429,0x100,8,55 DD DE 4B 87 C3 47 75,speed=85.00
1779096321.466,0x200,8,65 64 DD 13 21 65 EB B7,fuel=100.00
1779096321.577,0x300,8,41 78 D5 D5 9B E7 2E 69,temp=105.00
1779096321.689,0x100,8,55 5C B0 18 7C E0 1E 60,speed=85.00
1779096321.744,0x200,8,E7 64 22 44 E6 49 E2 02,fuel=100.00
1779096321.867,0x300,8,41 A9 F1 C2 37 07 EF 0E,temp=105.00
1779096321.940,0x100,8,55 EE 82 31 1D 22 A6 10,speed=85.00
1779096322.065,0x200,8,FF 64 D4 EB 63 0C 25 91,fuel=100.00
1779096322.125,0x300,8,41 32 A3 DD F1 C8 05 CC,temp=105.00
1779096322.242,0x100,8,55 19 55 E2 08 D9 0D CA,speed=85.00
1779096322.311,0x200,8,4C 64 9A C7 7F 24 FD B7,fuel=100.00
1779096322.452,0x300,8,41 1C 27 BC 14 6B C6 54,temp=105.00
1779096322.507,0x100,8,55 81 30 96 77 D4 BF 76,speed=85.00
1779096322.637,0x200,8,23 64 27 06 A9 7E 5B 4B,fuel=100.00
1779096322.701,0x300,8,41 03 4F 70 23 67 80 66,temp=105.00
1779096322.827,0x100,8,55 2E D2 C0 29 D0 81 61,speed=85.00
1779096322.888,0x200,8,5D 64 36 93 61 3B DF 0A,fuel=100.00
1779096323.011,0x300,8,41 8E 57 DF A4 42 B5 5B,temp=105.00
1779096323.080,0x100,8,55 F4 E6 AC 65 B8 D7 0F,speed=85.00
1779096323.190,0x200,8,CA 64 5D 28 B6 C1 B8 DC,fuel=100.00
1779096323.249,0x300,8,41 D4 38 9E 96 3C CD 47,temp=105.00
1779096323.342,0x100,8,55 32 F0 85 83 D9 25 00,speed=85.00
1779096323.451,0x200,8,C2 64 0F 67 FE 1E F4 27,fuel=100.00
1779096323.582,0x300,8,41 6D 4B A2 31 8D 49 AA,temp=105.00
1779096323.646,0x100,8,55 E5 CE B8 B0 4C 8B BE,speed=85.00
1779096323.768,0x200,8,BA 64 11 DB 31 2D 00 37,fuel=100.00
1779096323.839,0x300,8,41 D1 72 20 DE 1D 78 5B,temp=105.00
1779096323.901,0x100,8,55 D9 DB AC 37 AE 75 CA,speed=85.00
1779096324.069,0x200,8,1A 64 A7 19 05 C8 C3 3A,fuel=100.00
1779096324.144,0x300,8,41 A1 BE 6C 18 6B F8 98,temp=105.00
1779096324.203,0x100,8,55 E1 03 79 CC 1F 3D 57,speed=85.00
1779096324.311,0x200,8,EC 64 D9 87 EC 62 C4 6E,fuel=100.00
1779096324.395,0x300,8,41 9B ED 5A E6 24 ED 25,temp=105.00
1779096324.500,0x100,8,55 22 87 1D 06 58 59 82,speed=85.00
1779096324.562,0x200,8,2A 64 90 04 4D 24 E2 9C,fuel=100.00
1779096324.691,0x300,8,41 99 5D DB A0 6B 47 D9,temp=105.00
1779096324.767,0x100,8,55 EA A8 60 19 30 96 69,speed=85.00
1779096324.883,0x200,8,3E 64 8E 92 D0 B9 BE 5A,fuel=100.00
1779096324.967,0x300,8,41 D8 A6 D4 44 6D 09 5E,temp=105.00
1779096325.033,0x100,8,55 8A D0 3E F4 78 93 5E,speed=85.00
1779096325.190,0x200,8,38 64 31 D9 B4 F6 ED 80,fuel=100.00
1779096325.294,0x300,8,41 46 FA 99 F3 79 FC E2,temp=105.00
1779096325.358,0x100,8,55 CC 47 CD F1 39 54 FA,speed=85.00
1779096325.424,0x200,8,6B 64 A0 0A 05 D3 96 51,fuel=100.00
1779096325.548,0x300,8,41 30 D9 8D 35 69 3E A0,temp=105.00
1779096325.628,0x100,8,55 EF B8 80 36 C0 6B F6,speed=85.00
1779096325.699,0x200,8,52 64 F0 0A FD C5 7B FC,fuel=100.00
1779096325.795,0x300,8,41 7C 40 43 AC 3B 61 07,temp=105.00
1779096325.885,0x100,8,55 1B 6F 11 31 F1 B0 A8,speed=85.00
1779096326.011,0x200,8,2B 64 FF C6 04 3C A7 23,fuel=100.00
1779096326.067,0x300,8,41 E2 E6 7C 11 2E DE BB,temp=105.00
1779096326.194,0x100,8,55 86 0F 50 AB 60 63 67,speed=85.00
1779096326.258,0x200,8,CD 64 59 B7 CD C8 4B 73,fuel=100.00
1779096326.374,0x300,8,41 38 6A E2 ED EB F9 66,temp=105.00
1779096326.434,0x100,8,55 4F 5A 8C A0 4A 2F 28,speed=85.00
1779096326.535,0x200,8,34 64 9A 76 37 DA 37 68,fuel=100.00
1779096326.627,0x300,8,41 64 E8 21 BE 11 0F 1D,temp=105.00
1779096326.776,0x100,8,55 AB 2D 5B 76 37 D9 77,speed=85.00
1779096326.809,0x200,8,31 64 09 A9 7D FF A6 37,fuel=100.00
1779096326.926,0x300,8,41 37 3D F0 B9 5D AD B0,temp=105.00
1779096327.006,0x100,8,55 46 5A 60 A4 6F E5 34,speed=85.00
1779096327.123,0x200,8,94 64 10 08 B8 0D 75 CE,fuel=100.00
1779096327.187,0x300,8,41 03 EA 65 6E A0 39 41,temp=105.00
1779096327.288,0x100,8,55 FA 30 84 8B AA 43 ED,speed=85.00
1779096327.372,0x200,8,3A 64 80 69 A5 ED D9 30,fuel=100.00
1779096327.480,0x300,8,41 F3 4E DF 5F A5 57 4D,temp=105.00
1779096327.564,0x100,8,55 BB 06 29 92 5A 65 20,speed=85.00
1779096327.679,0x200,8,7A 64 8F 6A 37 A8 1D CF,fuel=100.00
1779096327.811,0x300,8,41 38 F5 CE A6 96 3D 94,temp=105.00
1779096327.920,0x100,8,55 23 07 25 16 77 D4 A5,speed=85.00
1779096327.988,0x200,8,86 64 5B 59 87 95 D4 3D,fuel=100.00
1779096328.100,0x300,8,41 E1 4E 6E 99 08 07 69,temp=105.00
1779096328.162,0x100,8,55 5A A1 3E 7E 14 24 FE,speed=85.00
1779096328.222,0x200,8,26 64 55 85 F1 BB C5 AC,fuel=100.00
1779096328.318,0x300,8,41 34 90 FD 49 34 13 E5,temp=105.00
1779096328.421,0x100,8,55 87 7C C9 BE DC D1 7F,speed=85.00
1779096328.538,0x200,8,D1 64 DB 0A 8B 0F 6D 97,fuel=100.00
1779096328.605,0x300,8,41 9C 72 30 A3 C6 52 DD,temp=105.00
1779096328.709,0x100,8,55 67 02 33 6E 48 39 33,speed=85.00
1779096328.818,0x200,8,83 64 6A 7A 09 1E 2F 55,fuel=100.00
1779096328.881,0x300,8,41 4E 5F EC 5C 38 F8 05,temp=105.00
1779096328.992,0x100,8,55 67 BB 78 96 B3 92 9B,speed=85.00
1779096329.060,0x200,8,76 64 BF 63 BB 06 81 A8,fuel=100.00
1779096329.156,0x300,8,41 B3 E9 8C 2A 1A 01 E6,temp=105.00
1779096329.321,0x100,8,55 AE 06 2E E7 17 51 85,speed=85.00
1779096329.405,0x200,8,E9 64 25 2E 31 A4 E9 48,fuel=100.00
1779096329.463,0x300,8,41 87 E7 AA D9 A8 28 9A,temp=105.00
1779096329.576,0x100,8,55 D8 31 9C DC CA FF 03,speed=85.00
1779096329.637,0x200,8,15 64 7A 9A EA 5B 32 A3,fuel=100.00
1779096329.745,0x300,8,41 C4 66 41 6C B6 7E C0,temp=105.00
1779096329.839,0x100,8,55 BC 64 F3 CE 7B 08 22,speed=85.00
1779096329.932,0x200,8,EE 64 C2 24 7E 3C 41 41,fuel=100.00
1779096330.016,0x300,8,41 62 2D FF 07 E8 27 24,temp=105.00
1779096330.105,0x100,8,55 FC FC 42 3F C9 6D 68,speed=85.00
1779096330.218,0x200,8,35 64 D3 04 95 EB F3 3D,fuel=100.00
1779096330.323,0x300,8,41 78 01 25 B1 86 A9 B0,temp=105.00
1779096330.374,0x100,8,55 E7 83 2D 3A 52 92 84,speed=85.00
1779096330.545,0x200,8,5C 64 F0 D2 4B 2F C4 DA,fuel=100.00
1779096330.606,0x300,8,41 5A 2C BA ED 45 29 41,temp=105.00
1779096330.673,0x100,8,55 7E 1D 9B FE 96 99 48,speed=85.00
1779096330.787,0x200,8,65 64 3F 8B 90 84 01 5E,fuel=100.00
1779096330.868,0x300,8,41 95 81 04 10 15 D2 D3,temp=105.00
1779096330.936,0x100,8,55 67 B3 7B 82 75 44 72,speed=85.00
1779096331.042,0x200,8,04 64 7B 2B E2 B1 41 CB,fuel=100.00
1779096331.120,0x300,8,41 73 A0 DA 90 9B 81 A1,temp=105.00
1779096331.396,0x100,8,55 D9 04 EB 7A 61 53 4B,speed=85.00
1779096331.420,0x200,8,ED 64 AB 77 90 D8 C9 68,fuel=100.00
1779096331.515,0x300,8,41 E5 98 28 7C 87 16 12,temp=105.00
1779096331.614,0x100,8,55 CA 48 D4 05 43 3C E6,speed=85.00
1779096331.828,0x200,8,79 64 13 3C A0 B4 D7 96,fuel=100.00
1779096331.902,0x300,8,41 EB 5A A5 B3 49 EF EF,temp=105.00
1779096332.586,0x100,8,55 D1 E7 E6 24 C5 16 7A,speed=85.00
1779096332.631,0x200,8,84 64 75 40 4E 33 33 6D,fuel=100.00
1779096332.745,0x300,8,41 63 5B F8 0D ED 79 BE,temp=105.00
1779096332.813,0x100,8,55 07 41 35 DE E8 78 FF,speed=85.00
1779096332.908,0x200,8,A6 64 4A 0C 6D ED 4D 3D,fuel=100.00
1779096333.021,0x300,8,41 8A 9F 46 D1 A5 5A 6A,temp=105.00
1779096333.112,0x100,8,55 70 C3 9E 60 C0 41 56,speed=85.00
1779096333.199,0x200,8,84 64 C4 39 7A 26 97 EF,fuel=100.00
1779096333.301,0x300,8,41 4B EB 29 24 B3 38 64,temp=105.00
1779096333.396,0x100,8,55 E3 48 6E 25 CB 39 97,speed=85.00
1779096333.509,0x200,8,05 64 82 52 AF 1E 3D A5,fuel=100.00
1779096333.569,0x300,8,41 38 76 F1 5B 20 69 C0,temp=105.00
1779096333.695,0x100,8,55 2B 10 1B 26 05 76 27,speed=85.00
1779096333.753,0x200,8,4F 64 A6 62 CE F0 0C 28,fuel=100.00
1779096333.848,0x300,8,41 69 3A 78 59 8D FC 0C,temp=105.00
1779096333.951,0x100,8,55 C1 FD 5B D5 64 97 15,speed=85.00
1779096334.052,0x200,8,29 64 27 97 F4 86 D7 D7,fuel=100.00
1779096334.121,0x300,8,41 97 CE ED 8E FC E1 75,temp=105.00
1779096334.234,0x100,8,55 15 7D 84 F0 FE E4 45,speed=85.00
1779096334.353,0x200,8,36 64 29 3C 6E 86 2B C2,fuel=100.00
1779096334.449,0x300,8,41 6B AD 0E 63 A1 B5 50,temp=105.00
1779096334.592,0x100,8,55 C3 46 8A 3A 9D 51 DC,speed=85.00
1779096334.730,0x200,8,B9 64 25 FE 5D 60 18 7A,fuel=100.00
1779096335.090,0x300,8,41 CA 7B B7 AB 6F 49 3A,temp=105.00
1779096335.182,0x100,8,55 24 1F 57 98 E7 CA 5B,speed=85.00
1779096335.332,0x200,8,80 64 05 00 26 08 BA 29,fuel=100.00
1779096335.409,0x300,8,41 DB C3 C1 5F 96 5A DB,temp=105.00
1779096335.470,0x100,8,55 6B B7 3A C5 96 8A 6F,speed=85.00
1779096335.613,0x200,8,9D 64 3B 86 DF A5 0A 57,fuel=100.00
1779096335.663,0x300,8,41 BA A0 C6 05 08 0F D6,temp=105.00
1779096335.770,0x100,8,55 D4 B4 31 AA 57 DB 00,speed=85.00
1779096335.845,0x200,8,1D 64 7F 7F A4 AF 47 E2,fuel=100.00
1779096336.059,0x300,8,41 3A 5A 95 BF 14 3E D1,temp=105.00
1779096336.166,0x100,8,55 4E 4C 52 4E 77 01 C4,speed=85.00
1779096336.304,0x200,8,EA 64 73 DC 7C 60 BD C1,fuel=100.00
1779096336.428,0x300,8,41 D7 74 F1 3E 16 B9 FC,temp=105.00
1779096336.510,0x100,8,55 29 F5 DD 6E 40 BC 06,speed=85.00
1779096336.631,0x200,8,87 64 8D FD 00 CB D2 61,fuel=100.00
1779096336.730,0x300,8,41 2A DC 86 D1 BD 0E 5E,temp=105.00
1779096336.802,0x100,8,55 CC 82 0F CF D1 9A CF,speed=85.00
1779096336.922,0x200,8,09 64 AE D8 FE 3C CD B5,fuel=100.00
1779096337.025,0x300,8,41 63 0B 45 53 61 42 71,temp=105.00
1779096337.297,0x100,8,55 B1 AC BC 48 79 DD 2F,speed=85.00
1779096337.482,0x200,8,3E 64 E6 2F 8E B2 12 CE,fuel=100.00
1779096337.584,0x300,8,41 E7 6E 1E E6 8A A8 CE,temp=105.00
1779096337.689,0x100,8,55 A9 03 DA 92 59 82 51,speed=85.00
1779096337.759,0x200,8,47 64 70 C6 11 A2 98 1F,fuel=100.00
1779096337.889,0x300,8,41 09 4D EC D9 FA 13 DE,temp=105.00
1779096338.015,0x100,8,55 96 9E D8 AF 25 E3 F8,speed=85.00
1779096338.083,0x200,8,04 64 3D 3D 36 49 F1 B6,fuel=100.00
1779096338.151,0x300,8,41 C2 DA B5 72 C3 36 42,temp=105.00
1779096338.255,0x100,8,55 C5 79 CB F2 76 04 B6,speed=85.00
1779096338.366,0x200,8,43 64 0B B1 92 7A 75 1E,fuel=100.00
1779096338.451,0x300,8,41 9A A0 ED 20 62 DF 72,temp=105.00
1779096338.548,0x100,8,55 B7 F0 C3 26 4E A8 72,speed=85.00
1779096338.672,0x200,8,BD 64 0C FF 8A 42 0E 10,fuel=100.00
1779096338.790,0x300,8,41 74 FE CF 96 BE 50 AB,temp=105.00
1779096339.004,0x100,8,55 13 FD 81 8C 71 2E DE,speed=85.00
1779096339.184,0x200,8,1F 64 7B F7 9F C9 B5 6D,fuel=100.00
1779096339.273,0x300,8,41 1F CC 28 58 77 A1 F4,temp=105.00
1779096339.404,0x100,8,55 5F B7 0E D8 29 71 20,speed=85.00
1779096339.473,0x200,8,22 64 CB 07 F7 B8 E5 9D,fuel=100.00
1779096339.548,0x300,8,41 18 14 05 8D D2 1C 55,temp=105.00
1779096339.702,0x100,8,55 3E 94 BE 5C 75 94 2F,speed=85.00
1779096339.769,0x200,8,89 64 1D 62 1C 0E EA 2B,fuel=100.00
1779096339.827,0x300,8,41 46 AE 9E 5D 85 FD 42,temp=105.00
1779096339.944,0x100,8,55 92 6D 67 35 DA BA 10,speed=85.00
1779096340.061,0x200,8,C0 64 AA 20 1D 82 C3 BD,fuel=100.00
1779096340.183,0x300,8,41 88 AA 79 A0 2A 25 64,temp=105.00
1779096340.270,0x100,8,55 EE 62 2B BB F9 17 00,speed=85.00
1779096340.395,0x200,8,75 64 9B A6 D7 79 80 E0,fuel=100.00
1779096340.504,0x300,8,41 F9 0D 75 D2 9E 51 39,temp=105.00
1779096340.598,0x100,8,55 25 AB 87 47 28 86 3B,speed=85.00
1779096340.676,0x200,8,70 64 2E F5 DC F8 AB 45,fuel=100.00
1779096340.788,0x300,8,41 3F 08 B0 C6 8D A9 CF,temp=105.00
1779096340.857,0x100,8,55 45 78 7C 6B DF 3B 92,speed=85.00
1779096340.977,0x200,8,D1 64 E1 E5 C2 EE 1C B0,fuel=100.00
1779096341.047,0x300,8,41 C4 C8 A1 8E 5D 38 DD,temp=105.00
1779096341.170,0x100,8,55 50 24 BF EA 41 4C 10,speed=85.00
1779096341.238,0x200,8,F6 64 B1 3A AA A9 C3 26,fuel=100.00
1779096341.413,0x300,8,41 00 01 41 50 C6 B2 5B,temp=105.00
1779096341.500,0x100,8,55 D3 90 83 65 B3 33 43,speed=85.00
1779096341.563,0x200,8,2E 64 FD A1 4A 48 DF 88,fuel=100.00
1779096341.732,0x300,8,41 A4 82 A9 4A 43 3C 6F,temp=105.00
1779096342.021,0x100,8,55 56 2A A2 E9 2B B7 EE,speed=85.00
1779096342.110,0x200,8,A4 64 F2 9A 4E 31 75 4F,fuel=100.00
1779096342.238,0x300,8,41 F7 F1 7E 0B 33 2B 66,temp=105.00
1779096342.338,0x100,8,55 A4 EE 7A C2 8A 55 1F,speed=85.00
1779096342.416,0x200,8,B6 64 3E FB FB DB 48 CE,fuel=100.00
1779096342.515,0x300,8,41 C4 28 E4 05 3E 9C 26,temp=105.00
1779096342.583,0x100,8,55 1C BF 5E 12 A4 DD 53,speed=85.00
1779096342.653,0x200,8,4B 64 1A C0 A1 7C E8 E9,fuel=100.00
1779096342.829,0x300,8,41 FD 5F F9 FA 21 74 32,temp=105.00
1779096343.069,0x100,8,55 92 2E ED 0B CD 31 82,speed=85.00
1779096343.119,0x200,8,54 64 04 BF CA F4 14 62,fuel=100.00
1779096343.250,0x300,8,41 18 C7 83 4B 84 B1 96,temp=105.00
1779096343.437,0x100,8,55 9F E3 A0 71 27 FF 10,speed=85.00
1779096343.521,0x200,8,8C 64 97 4D 6E 98 09 1F,fuel=100.00
1779096343.662,0x300,8,41 40 83 57 A1 EE 14 5C,temp=105.00
1779096343.773,0x100,8,55 EB 38 5B E1 F9 F0 14,speed=85.00
1779096343.954,0x200,8,D2 64 A1 24 C0 84 40 EE,fuel=100.00
1779096343.980,0x300,8,41 2F E9 B0 2F 7C 73 63,temp=105.00
1779096344.173,0x100,8,55 B9 51 56 83 29 85 55,speed=85.00
1779096344.255,0x200,8,38 64 3B FC 1E B4 EE 98,fuel=100.00
1779096344.376,0x300,8,41 3A 79 DA 73 B3 46 80,temp=105.00
1779096344.432,0x100,8,55 B8 89 23 BC 7B 32 60,speed=85.00
1779096344.544,0x200,8,76 64 22 E4 FC B3 12 36,fuel=100.00
1779096344.664,0x300,8,41 07 A8 BF 79 14 53 09,temp=105.00
1779096344.782,0x100,8,55 25 2B D6 69 E5 20 46,speed=85.00
1779096344.838,0x200,8,49 64 66 84 29 1E A5 DB,fuel=100.00
1779096344.935,0x300,8,41 49 3C F8 50 C4 3C FD,temp=105.00
1779096345.005,0x100,8,55 EE 82 DE CA BA 68 AB,speed=85.00
1779096345.490,0x200,8,B7 64 FC 3D 96 7F 53 59,fuel=100.00
1779096345.544,0x300,8,41 C2 12 9C F8 02 7B 40,temp=105.00
1779096345.650,0x100,8,55 4D 87 86 2F 60 DC A4,speed=85.00
1779096345.761,0x200,8,F4 64 14 A6 EC 17 37 6B,fuel=100.00
1779096345.944,0x300,8,41 AC FD 8B AB CC C5 D0,temp=105.00
1779096346.029,0x100,8,55 3A 4B 28 0A 54 49 F1,speed=85.00
1779096346.236,0x200,8,15 64 5B 57 0F 86 3F 76,fuel=100.00
1779096346.356,0x300,8,41 BE B9 D2 C0 2E 5D 14,temp=105.00
1779096346.604,0x100,8,55 BF F7 70 84 7A AA E3,speed=85.00
1779096346.796,0x200,8,18 64 B7 BB FE 23 53 5B,fuel=100.00
1779096346.885,0x300,8,41 F5 49 28 ED 0A 9A 1C,temp=105.00
1779096346.968,0x100,8,55 37 2E C8 83 8E B0 3C,speed=85.00
1779096347.056,0x200,8,3F 64 B7 7A 41 0D B5 A3,fuel=100.00
1779096347.262,0x300,8,41 C5 8F 4B D6 48 DC 85,temp=105.00
1779096347.418,0x100,8,55 87 2D 9A 6D 70 E7 15,speed=85.00
1779096347.553,0x200,8,C2 64 8E 31 39 D6 A4 57,fuel=100.00
1779096347.648,0x300,8,41 C7 2D 67 4E A6 AD E2,temp=105.00
1779096347.712,0x100,8,55 AF 97 A8 08 37 5B B9,speed=85.00
1779096347.817,0x200,8,99 64 70 B1 38 53 EF ED,fuel=100.00
1779096347.965,0x300,8,41 80 F2 0C 45 07 46 CA,temp=105.00
1779096347.994,0x100,8,55 DE D3 28 E5 55 8E 80,speed=85.00
1779096348.120,0x200,8,B3 64 5A 03 D2 2D F0 CF,fuel=100.00
1779096348.192,0x300,8,41 E3 23 A1 26 C3 A9 18,temp=105.00
1779096348.288,0x100,8,55 FA D0 B2 18 E0 C0 00,speed=85.00
1779096348.422,0x200,8,7C 64 21 43 BC B9 1B 13,fuel=100.00
1779096348.535,0x300,8,41 DD 53 F5 1C 87 68 5B,temp=105.00
1779096348.582,0x100,8,55 6E 55 86 0B A8 26 D4,speed=85.00
1779096348.751,0x200,8,F9 64 C7 AB 44 B3 79 CC,fuel=100.00
1779096348.838,0x300,8,41 29 29 C7 FD B5 AB D8,temp=105.00
1779096348.967,0x100,8,55 95 D6 8F 26 86 91 C9,speed=85.00
1779096349.132,0x200,8,01 64 A1 02 DB 0C D7 4D,fuel=100.00
1779096349.316,0x300,8,41 F3 E3 34 C9 96 72 44,temp=105.00
1779096349.428,0x100,8,55 64 EE F9 B3 FF 31 A0,speed=85.00
1779096349.514,0x200,8,C3 64 E4 E2 BB E4 73 E3,fuel=100.00
1779096349.600,0x300,8,41 86 6A 04 AA 9D CB 66,temp=105.00
1779096349.785,0x100,8,55 E4 B3 D8 FD E7 84 63,speed=85.00
1779096349.887,0x200,8,C0 64 61 18 09 14 4A E8,fuel=100.00
1779096350.217,0x300,8,41 2E 22 CF 7B CC B3 AE,temp=105.00
1779096350.334,0x100,8,55 E5 04 D3 E3 73 DB 06,speed=85.00
1779096350.598,0x200,8,B5 64 B9 70 41 B7 F5 E8,fuel=100.00
1779096350.863,0x300,8,41 55 C3 E0 E2 92 1D DC,temp=105.00
1779096350.984,0x100,8,55 8E 1D CA A1 70 76 6E,speed=85.00
1779096351.169,0x200,8,97 64 D0 49 03 5E E8 9E,fuel=100.00
1779096351.277,0x300,8,41 87 D7 CC 31 37 96 81,temp=105.00
1779096351.380,0x100,8,55 8E D5 95 28 1E 2D F4,speed=85.00
1779096351.717,0x200,8,BA 64 42 C7 DA 40 C2 FE,fuel=100.00
1779096351.754,0x300,8,41 D6 48 A1 20 3C 85 32,temp=105.00
1779096351.828,0x100,8,55 0D 33 B0 6A D7 A3 C6,speed=85.00
1779096351.944,0x200,8,5B 64 0C EE D1 54 2F 5F,fuel=100.00
1779096352.037,0x300,8,41 96 AB 1D C5 B0 E0 57,temp=105.00
1779096352.462,0x100,8,55 44 1F 9C 3D 48 78 3A,speed=85.00
1779096353.032,0x200,8,09 64 BD CE F4 59 16 1C,fuel=100.00
1779096353.379,0x300,8,41 73 6D D6 9D 93 6E 0E,temp=105.00
1779096354.233,0x100,8,55 BD 1F 0E D3 AC 8B C5,speed=85.00
1779096354.316,0x200,8,F2 64 C2 68 FE D5 F5 DB,fuel=100.00
1779096354.476,0x300,8,41 8A CB 38 C6 6C 35 5B,temp=105.00
1779096354.572,0x100,8,55 9E B4 72 98 72 CC 48,speed=85.00
1779096354.712,0x200,8,7A 64 96 13 4B 23 A8 12,fuel=100.00
1779096354.821,0x300,8,41 54 C2 C2 0F 75 19 01,temp=105.00
1779096354.949,0x100,8,55 5A 77 A8 B5 A6 C4 6A,speed=85.00
1779096355.017,0x200,8,D1 64 BF 5C 01 F8 5E F7,fuel=100.00
1779096355.135,0x300,8,41 A4 17 B2 3D C2 49 78,temp=105.00
1779096355.245,0x100,8,55 EE 71 2E 82 25 B5 E7,speed=85.00
1779096355.349,0x200,8,DD 64 F9 7F E8 58 99 48,fuel=100.00
1779096355.549,0x300,8,41 FB 2A 9A 4E 35 04 C1,temp=105.00
1779096355.643,0x100,8,55 66 0A 04 91 C5 21 34,speed=85.00
1779096355.871,0x200,8,6A 64 6D 85 F1 C3 34 1F,fuel=100.00
1779096355.937,0x300,8,41 FD 81 74 81 65 96 32,temp=105.00
1779096356.003,0x100,8,55 49 66 64 1F 32 6A B7,speed=85.00
1779096356.100,0x200,8,14 64 CA EB 18 CF DF C3,fuel=100.00
1779096356.245,0x300,8,41 0A 09 C5 5E 37 88 FA,temp=105.00
1779096356.733,0x100,8,55 3B 18 CD 04 C4 88 53,speed=85.00
1779096357.110,0x200,8,85 64 F5 03 69 C3 82 7D,fuel=100.00
1779096357.388,0x300,8,41 12 2C 03 31 FA 0C FD,temp=105.00
1779096357.529,0x100,8,55 6B 13 30 FF 36 3E 0D,speed=85.00
1779096357.665,0x200,8,CF 64 53 20 2D 7A 51 1A,fuel=100.00
1779096357.697,0x300,8,41 63 CD C7 7F 89 E2 81,temp=105.00
1779096357.828,0x100,8,55 76 F8 61 21 B8 11 05,speed=85.00
1779096358.202,0x200,8,5D 64 F3 F9 FF 82 85 B3,fuel=100.00
1779096358.761,0x300,8,41 00 FD 79 74 F0 18 1C,temp=105.00
1779096358.947,0x100,8,55 0F 2E 56 B2 10 8D 3D,speed=85.00
1779096359.093,0x200,8,8E 64 27 51 AF F5 27 D8,fuel=100.00
1779096359.575,0x300,8,41 C4 35 32 E0 89 6A 93,temp=105.00
1779096360.379,0x100,8,55 02 0E 16 DD 94 A8 95,speed=85.00
1779096360.589,0x200,8,4A 64 A2 D8 0E 40 AF C8,fuel=100.00
1779096360.639,0x300,8,41 90 5B D4 F1 99 A9 41,temp=105.00
1779096360.928,0x100,8,55 A0 48 00 91 08 D6 D6,speed=85.00
1779096361.105,0x200,8,F4 64 A8 7B 99 A4 C7 6B,fuel=100.00
1779096361.518,0x300,8,41 DC DD E2 BF 7B F3 EF,temp=105.00
1779096361.787,0x100,8,55 EA FA 08 0A 60 6A 2E,speed=85.00
1779096361.980,0x200,8,40 64 5F 03 F5 A4 7E 5D,fuel=100.00
1779096362.167,0x300,8,41 BB 0A DC BE 42 6F 80,temp=105.00
1779096362.288,0x100,8,55 A7 4F 41 66 11 C7 8F,speed=85.00
1779096362.394,0x200,8,9E 64 46 25 52 6B 74 67,fuel=100.00
1779096362.448,0x300,8,41 F6 79 52 D0 66 7F 4C,temp=105.00
1779096362.538,0x100,8,55 26 2C 17 99 3F 25 4A,speed=85.00
1779096362.633,0x200,8,35 64 EA FB 64 3E F6 87,fuel=100.00
1779096362.745,0x300,8,41 0E D0 9C 7A E2 E9 90,temp=105.00
1779096362.855,0x100,8,55 A5 4F 73 92 16 63 3B,speed=85.00
1779096362.969,0x200,8,FD 64 4B 0B B8 A8 51 BE,fuel=100.00
1779096363.053,0x300,8,41 E2 08 B9 13 A6 9E FD,temp=105.00
1779096363.221,0x100,8,55 C0 B3 CD 9D 56 1B 11,speed=85.00
1779096363.316,0x200,8,DD 64 F0 1B 9D B2 2C 86,fuel=100.00
1779096363.407,0x300,8,41 A8 EE A4 84 15 F2 70,temp=105.00
1779096363.492,0x100,8,55 E4 5C 29 EA 1F C7 05,speed=85.00
1779096363.571,0x200,8,E8 64 78 93 7A 83 56 48,fuel=100.00
1779096363.636,0x300,8,41 41 78 59 0D 69 63 74,temp=105.00
1779096364.087,0x100,8,55 ED 44 41 96 90 F8 1A,speed=85.00
1779096364.255,0x200,8,5E 64 F6 E3 21 14 38 F4,fuel=100.00
1779096364.432,0x300,8,41 02 54 49 83 D4 76 9B,temp=105.00
1779096364.535,0x100,8,55 B0 47 9B E5 21 29 4E,speed=85.00
1779096364.585,0x200,8,1A 64 8C 0E 83 A4 1B 04,fuel=100.00
1779096366.121,0x300,8,41 92 C4 5A 32 48 48 F9,temp=105.00
1779096366.488,0x100,8,55 E0 A4 F6 5D 0F 6D 84,speed=85.00
1779096366.617,0x200,8,0F 64 E6 80 E4 26 04 08,fuel=100.00
1779096366.788,0x300,8,41 12 CA 13 B5 99 2D 20,temp=105.00
1779096366.987,0x100,8,55 3B C5 E6 7E 98 45 58,speed=85.00
1779096367.163,0x200,8,AB 64 FA DF 84 3C 09 4F,fuel=100.00
1779096367.232,0x300,8,41 46 16 B3 67 83 C4 3D,temp=105.00
1779096367.409,0x100,8,55 12 72 67 87 71 3E 7C,speed=85.00
1779096367.589,0x200,8,DF 64 A4 F5 75 24 99 89,fuel=100.00
1779096367.709,0x300,8,41 F6 25 37 F0 BA 75 22,temp=105.00
1779096367.835,0x100,8,55 D6 ED 2B 03 26 74 8A,speed=85.00
1779096367.920,0x200,8,2A 64 57 3F E2 29 16 B5,fuel=100.00
1779096368.065,0x300,8,41 01 3B D6 5D 10 AB 4D,temp=105.00
1779096368.487,0x100,8,55 4C 92 74 80 AD 6C 59,speed=85.00
1779096368.533,0x200,8,3A 64 BD 05 73 B4 C1 8D,fuel=100.00
1779096368.620,0x300,8,41 83 03 C7 B7 75 C1 6F,temp=105.00
1779096368.714,0x100,8,55 04 6F 5B 30 51 FF 11,speed=85.00
1779096368.869,0x200,8,68 64 C6 EB E6 79 1A DC,fuel=100.00
1779096369.253,0x300,8,41 FA A3 60 F9 C9 05 7E,temp=105.00
1779096370.937,0x100,8,55 74 E0 7C 97 8D 77 D8,speed=85.00
1779096371.035,0x200,8,EA 64 A0 04 08 6F 92 3E,fuel=100.00
1779096371.069,0x300,8,41 8E E0 29 A3 D5 39 45,temp=105.00
1779096371.194,0x100,8,55 79 36 06 76 B7 61 20,speed=85.00
1779096371.262,0x200,8,0B 64 86 59 8E CE F9 6E,fuel=100.00
1779096371.362,0x300,8,41 EB E5 E6 C0 1F 36 A6,temp=105.00
1779096371.448,0x100,8,55 7B 31 CC 09 78 A3 58,speed=85.00
1779096371.535,0x200,8,C0 64 C4 EA D5 7B 25 C5,fuel=100.00
1779096371.668,0x300,8,41 C9 35 D6 0E 72 0B 0B,temp=105.00
1779096371.749,0x100,8,55 06 85 FE 4E 5D E0 2C,speed=85.00
1779096371.836,0x200,8,F4 64 0C 66 09 D0 1F A5,fuel=100.00
1779096371.942,0x300,8,41 0C D6 1B 94 7F 3F C7,temp=105.00
1779096372.118,0x100,8,55 65 B7 2D 07 A6 AE CF,speed=85.00
1779096372.211,0x200,8,38 64 43 24 8E 23 3F 5E,fuel=100.00
1779096372.304,0x300,8,41 17 6A 9E C3 87 73 A1,temp=105.00
1779096372.391,0x100,8,55 C2 62 51 23 46 7F 90,speed=85.00
1779096372.469,0x200,8,6D 64 2F BE 38 13 73 77,fuel=100.00
1779096372.632,0x300,8,41 30 A4 03 65 19 B7 8D,temp=105.00
1779096372.715,0x100,8,55 C3 25 22 D4 F4 C8 7B,speed=85.00
1779096372.790,0x200,8,F9 64 1E BD F3 D6 0C 18,fuel=100.00
1779096372.867,0x300,8,41 1B 28 D0 E0 7A 33 11,temp=105.00
1779096373.003,0x100,8,55 32 35 EF DF DF 0B CA,speed=85.00
1779096373.069,0x200,8,5C 64 F4 1D 6E D0 2D 6B,fuel=100.00
1779096373.185,0x300,8,41 7B D9 2B E9 89 E0 86,temp=105.00
1779096373.246,0x100,8,55 6C 26 8C 0C 24 C0 7C,speed=85.00
1779096373.335,0x200,8,ED 64 31 1F BD B3 94 61,fuel=100.00
1779096373.430,0x300,8,41 F0 F6 53 4E 33 07 23,temp=105.00
1779096373.538,0x100,8,55 03 99 8F 51 41 3A 53,speed=85.00
1779096373.711,0x200,8,98 64 1C 1B 98 8D EE 68,fuel=100.00
1779096373.835,0x300,8,41 49 4D 20 81 F2 9B ED,temp=105.00
1779096374.080,0x100,8,55 A7 EF 2D 17 64 63 BE,speed=85.00
1779096374.405,0x200,8,DB 64 DA 09 83 6F 5D 65,fuel=100.00
1779096374.469,0x300,8,41 3E 47 30 42 1D AC 8D,temp=105.00
1779096374.540,0x100,8,55 F9 F0 72 F1 CF E0 68,speed=85.00
1779096374.690,0x200,8,58 64 60 EB DF A4 90 70,fuel=100.00
1779096375.238,0x300,8,41 F7 1C 15 9C ED B2 FB,temp=105.00
1779096375.280,0x100,8,55 C5 53 3B 9D 82 F5 B1,speed=85.00
1779096375.377,0x200,8,79 64 31 24 35 73 30 1E,fuel=100.00
1779096375.470,0x300,8,41 7B 44 1D 64 C7 F9 E9,temp=105.00
1779096375.600,0x100,8,55 F5 A3 8F 4D 77 37 45,speed=85.00
1779096375.675,0x200,8,60 64 4F BF FA 1A 83 F6,fuel=100.00
1779096376.246,0x300,8,41 C8 77 55 E8 84 43 54,temp=105.00
1779096376.294,0x100,8,55 34 7F 26 B6 9A D0 A8,speed=85.00
1779096376.588,0x200,8,D0 64 94 1D D4 43 C6 4D,fuel=100.00
1779096377.135,0x300,8,41 D8 E8 E4 0C 90 72 7F,temp=105.00
1779096377.696,0x100,8,55 C9 1B 1F E5 37 81 2A,speed=85.00
1779096378.416,0x200,8,2E 64 AB CF F0 C6 CB 9A,fuel=100.00
1779096378.845,0x300,8,41 19 02 BF 4A 18 C4 9D,temp=105.00
1779096379.902,0x100,8,55 76 CF C8 63 BA AB B2,speed=85.00
1779096380.123,0x200,8,67 64 83 1D A9 6A DB B1,fuel=100.00
1779096380.437,0x300,8,41 2C 81 DD 74 DD 98 0B,temp=105.00
1779096380.516,0x100,8,55 4C 3A C0 50 16 FF 62,speed=85.00
1779096380.605,0x200,8,1E 64 8B D2 88 0F 55 C2,fuel=100.00
1779096380.698,0x300,8,41 05 C9 B0 E8 CD C2 E8,temp=105.00
1779096380.810,0x100,8,55 AE 35 27 41 06 CE EB,speed=85.00
1779096380.932,0x200,8,74 64 09 7D EC 9A 2B 1A,fuel=100.00
1779096381.026,0x300,8,41 5D 0D 6B 54 3E 2D 16,temp=105.00
1779096381.070,0x100,8,55 1A B7 85 DE 4F 7B AE,speed=85.00
1779096381.136,0x200,8,42 64 10 83 F6 D6 87 74,fuel=100.00
1779096381.379,0x300,8,41 C2 37 21 F4 71 66 A2,temp=105.00
1779096381.570,0x100,8,55 00 EB 66 F9 33 85 54,speed=85.00
1779096381.733,0x200,8,E2 64 94 A7 43 9C 23 0F,fuel=100.00
1779096381.805,0x300,8,41 97 AB 8D C5 FA 33 3A,temp=105.00
1779096381.915,0x100,8,55 09 B2 14 FE E9 6D 09,speed=85.00
1779096382.103,0x200,8,49 64 76 D7 09 49 F2 2C,fuel=100.00
1779096382.211,0x300,8,41 55 EE 61 AE A2 AE B2,temp=105.00
1779096382.328,0x100,8,55 33 71 D5 03 42 02 AD,speed=85.00
1779096382.366,0x200,8,29 64 B3 51 CA 6C A2 7B,fuel=100.00
1779096382.481,0x300,8,41 B5 0C BA 53 63 61 93,temp=105.00
1779096382.629,0x100,8,55 F0 6B 4E 99 E3 17 56,speed=85.00
1779096382.951,0x200,8,71 64 C7 C4 B6 31 6E C3,fuel=100.00
1779096383.015,0x300,8,41 8F F1 68 6C 75 69 FD,temp=105.00
1779096383.113,0x100,8,55 E1 BE 90 80 A4 B5 AC,speed=85.00
1779096383.245,0x200,8,F8 64 25 0C 17 95 B6 06,fuel=100.00
1779096383.294,0x300,8,41 4B 81 92 1D CB 24 2D,temp=105.00
1779096383.560,0x100,8,55 F1 BF 63 3B 83 E9 B5,speed=85.00
1779096383.946,0x200,8,0B 64 CF 0D BB B8 E9 A0,fuel=100.00
1779096385.117,0x300,8,41 ED A0 EE D8 FE FA BE,temp=105.00
1779096387.554,0x100,8,55 0E 95 9B F7 82 A3 88,speed=85.00
1779096387.710,0x200,8,6D 64 4A EA A5 66 5F 06,fuel=100.00
1779096387.731,0x300,8,41 CD 7D 97 FA 1C 66 79,temp=105.00
1779096387.833,0x100,8,55 24 37 D3 D8 03 EA 84,speed=85.00
1779096390.178,0x200,8,20 64 95 38 14 C0 09 CA,fuel=100.00
