timestamp_s,can_id_hex,dlc,data_hex,signals_json
1779166328.894,0x200,8,98 64 68 8C 0F 65 5C 17,fuel=100.00
1779166328.993,0x300,8,11 7A 37 CB 04 0F C8 DE,temp=57.00
1779166329.080,0x100,8,15 C8 EC F3 1E C2 2C 38,speed=21.00
1779166329.172,0x200,8,EF 64 D1 4F B7 73 DB 69,fuel=100.00
1779166329.264,0x300,8,11 66 46 63 DD AD 7D C5,temp=57.00
1779166329.359,0x100,8,15 EB 15 CA CE 43 BF 5D,speed=21.00
1779166329.454,0x200,8,BA 64 C7 C5 C6 DF F8 32,fuel=100.00
1779166329.546,0x300,8,11 9B 4F 06 8F DA 79 82,temp=57.00
1779166329.638,0x100,8,15 49 E7 4C C1 C8 4D 47,speed=21.00
1779166329.730,0x200,8,1A 64 97 A5 81 68 83 2F,fuel=100.00
1779166329.825,0x300,8,11 21 DE AA 30 C1 AB 23,temp=57.00
1779166329.923,0x100,8,15 43 78 18 7C C6 A1 CB,speed=21.00
1779166330.015,0x200,8,E6 64 6D 66 61 3A C6 BE,fuel=100.00
1779166330.108,0x300,8,11 36 F9 01 51 54 60 85,temp=57.00
1779166330.198,0x100,8,15 40 F3 3C 43 68 B0 5D,speed=21.00
1779166330.292,0x200,8,ED 64 A0 1D 81 64 1D F2,fuel=100.00
1779166330.384,0x300,8,11 8A 2E BC 39 8A 09 A6,temp=57.00
1779166330.481,0x100,8,15 10 71 EC 16 B7 14 B7,speed=21.00
1779166330.572,0x200,8,90 64 32 9B 07 1F 78 F8,fuel=100.00
1779166330.666,0x300,8,11 59 14 DC 48 0F B6 27,temp=57.00
1779166330.774,0x100,8,15 0E 92 FB D3 AF E4 CE,speed=21.00
1779166330.867,0x200,8,D4 64 0E 13 55 AA 87 5E,fuel=100.00
1779166330.960,0x300,8,11 E5 BC 4A E6 B5 A7 F1,temp=57.00
1779166331.051,0x100,8,15 79 72 AC 64 C1 84 8D,speed=21.00
1779166331.145,0x200,8,01 64 47 C0 C7 ED 09 58,fuel=100.00
1779166331.238,0x300,8,11 95 AC 0B F6 2C 73 7C,temp=57.00
1779166331.332,0x100,8,15 30 FB D6 78 2D 58 AE,speed=21.00
1779166331.424,0x200,8,25 64 BE 78 59 3D 53 60,fuel=100.00
1779166331.517,0x300,8,11 79 CA 34 80 95 4D B5,temp=57.00
1779166331.609,0x100,8,15 21 DC 98 F2 66 EC CC,speed=21.00
1779166331.702,0x200,8,CB 64 E8 B6 9D EB D4 E1,fuel=100.00
1779166331.794,0x300,8,11 6F 7C 01 FA 52 19 A6,temp=57.00
1779166331.888,0x100,8,15 D1 23 54 5B E5 25 EC,speed=21.00
1779166331.986,0x200,8,11 64 72 06 75 56 18 BC,fuel=100.00
1779166332.075,0x300,8,11 F5 96 24 96 68 7B 11,temp=57.00
1779166332.169,0x100,8,15 60 06 28 83 92 3E 6D,speed=21.00
1779166332.262,0x200,8,2A 64 D3 5C 87 05 F0 50,fuel=100.00
1779166332.356,0x300,8,11 28 38 AE 17 1E 68 23,temp=57.00
1779166332.448,0x100,8,15 85 1F 16 A7 2F 00 3A,speed=21.00
1779166332.542,0x200,8,F1 64 68 6F AC 3F F0 C1,fuel=100.00
1779166332.634,0x300,8,11 F8 4B C4 36 A9 44 D9,temp=57.00
1779166332.727,0x100,8,15 59 2C A5 E0 9A 28 AF,speed=21.00
1779166332.821,0x200,8,06 64 25 F3 A5 F9 C6 C6,fuel=100.00
1779166332.916,0x300,8,11 24 90 20 99 13 3D 3A,temp=57.00
1779166333.028,0x100,8,15 11 10 3C AB 24 AF 41,speed=21.00
1779166333.118,0x200,8,6C 64 B0 58 2B 8C 2B 9A,fuel=100.00
1779166333.228,0x300,8,11 5E E9 9B 66 FF E0 B2,temp=57.00
1779166333.306,0x100,8,15 6F C0 30 D9 21 D3 F4,speed=21.00
1779166333.413,0x200,8,CE 64 48 E7 BA DC BC 70,fuel=100.00
1779166333.507,0x300,8,11 9B 0F D9 A3 4F 87 A1,temp=57.00
1779166333.586,0x100,8,15 95 83 C3 8C 5B CC 7C,speed=21.00
1779166333.680,0x200,8,45 64 8C 24 F0 A9 6C C4,fuel=100.00
1779166333.774,0x300,8,11 4E A7 E2 2B BE F2 75,temp=57.00
1779166333.883,0x100,8,15 6B 84 DE 09 71 70 F1,speed=21.00
1779166333.964,0x200,8,E8 64 C2 EA 1D 3A 84 A4,fuel=100.00
1779166334.068,0x300,8,11 98 BF 5D CD 8E AD F8,temp=57.00
1779166334.160,0x100,8,15 43 DA 38 F7 0E D4 4D,speed=21.00
1779166334.254,0x200,8,D2 64 5F 10 5D C2 91 2D,fuel=100.00
1779166334.346,0x300,8,11 F7 68 4F 1C 6C 79 B4,temp=57.00
1779166334.439,0x100,8,15 1E 8E 45 B3 D3 10 4D,speed=21.00
1779166334.533,0x200,8,AF 64 0D 72 F2 01 B7 ED,fuel=100.00
1779166334.624,0x300,8,11 9B BD 5A 80 98 D8 E8,temp=57.00
1779166334.717,0x100,8,15 AD C8 DB 54 06 48 81,speed=21.00
1779166334.813,0x200,8,4C 64 38 64 BE 51 4A 47,fuel=100.00
1779166334.904,0x300,8,11 81 C0 E4 C8 1C 68 26,temp=57.00
1779166334.997,0x100,8,15 AE 6B 09 86 C4 18 D7,speed=21.00
1779166335.089,0x200,8,63 64 57 B2 80 6B D5 C7,fuel=100.00
1779166335.185,0x300,8,11 ED 30 BB 50 19 E3 36,temp=57.00
1779166335.278,0x100,8,15 F0 3D BD 48 01 20 0D,speed=21.00
1779166335.372,0x200,8,01 64 E6 51 4A 00 E8 61,fuel=100.00
1779166335.465,0x300,8,11 6A 13 18 50 E5 91 7F,temp=57.00
1779166335.556,0x100,8,15 4A AF 38 0D 34 08 25,speed=21.00
1779166335.651,0x200,8,BB 64 1E 7F D1 41 E1 82,fuel=100.00
1779166335.744,0x300,8,11 8E 1B 2A C3 0D 6D B2,temp=57.00
1779166335.838,0x100,8,15 F2 1E AE 7D 11 AA E8,speed=21.00
1779166335.948,0x200,8,4C 64 10 6F D1 39 42 FA,fuel=100.00
1779166336.044,0x300,8,11 BC 2A 87 30 2D F0 7D,temp=57.00
1779166336.129,0x100,8,15 F5 EA C3 D1 04 DB 1C,speed=21.00
1779166336.223,0x200,8,F7 64 05 25 25 1D BD F2,fuel=100.00
1779166336.315,0x300,8,11 2E 54 53 54 FE 1E FE,temp=57.00
1779166336.408,0x100,8,15 79 55 6C BB 5F 8D A4,speed=21.00
1779166336.503,0x200,8,7F 64 71 C4 D6 9A FE E7,fuel=100.00
1779166336.594,0x300,8,11 07 EE 74 9C 9A FE CE,temp=57.00
1779166336.692,0x100,8,15 C4 E0 5C 7A 87 D6 9D,speed=21.00
1779166336.787,0x200,8,51 64 3C 3E 5D 21 D7 31,fuel=100.00
1779166336.879,0x300,8,11 B0 91 7B F0 E8 C5 20,temp=57.00
1779166336.973,0x100,8,15 26 6B E0 F5 71 54 AB,speed=21.00
1779166337.061,0x200,8,EB 64 E2 81 6E DE 2A 2F,fuel=100.00
1779166337.155,0x300,8,11 81 3F 88 10 90 FC 1B,temp=57.00
1779166337.247,0x100,8,15 0A 15 A3 76 B0 DA 32,speed=21.00
1779166337.342,0x200,8,2F 64 88 88 D6 C3 7F E3,fuel=100.00
1779166337.436,0x300,8,11 62 5F 8C C6 B6 34 46,temp=57.00
1779166337.528,0x100,8,15 83 21 10 08 B3 41 DC,speed=21.00
1779166337.621,0x200,8,17 64 2B 9B FC 51 24 56,fuel=100.00
1779166337.716,0x300,8,11 13 42 45 FF 74 3C 81,temp=57.00
1779166337.809,0x100,8,15 51 B7 C4 B9 D3 DB A8,speed=21.00
1779166337.904,0x200,8,F4 64 60 C3 B2 86 46 9F,fuel=100.00
1779166338.002,0x300,8,11 47 CA 2E 4C DD 42 A7,temp=57.00
1779166338.088,0x100,8,15 6B 89 BD 15 89 06 2C,speed=21.00
1779166338.183,0x200,8,49 64 08 C6 6A 19 49 A4,fuel=100.00
1779166338.278,0x300,8,11 63 22 DF 2B 21 E9 57,temp=57.00
1779166338.369,0x100,8,15 E6 50 A8 00 35 DD D6,speed=21.00
1779166338.462,0x200,8,C8 64 3E 6F 50 5B DB D4,fuel=100.00
1779166338.571,0x300,8,11 15 2A D7 68 53 E5 B8,temp=57.00
1779166338.663,0x100,8,15 7E 85 35 10 2E DD 65,speed=21.00
1779166338.756,0x200,8,56 64 62 61 10 76 D0 32,fuel=100.00
1779166338.851,0x300,8,11 A2 0E 69 3A 8A 6F 06,temp=57.00
1779166338.943,0x100,8,15 85 16 77 2E 04 AB 44,speed=21.00
1779166339.036,0x200,8,D6 64 2A 2B 71 9B 92 41,fuel=100.00
1779166339.130,0x300,8,11 1E 6C 68 13 55 B3 B4,temp=57.00
1779166339.225,0x100,8,15 02 CE 5B EB 80 08 72,speed=21.00
1779166339.317,0x200,8,CD 64 E2 CC DA 8F 35 26,fuel=100.00
1779166339.409,0x300,8,11 2D 72 A0 B0 F8 56 50,temp=57.00
1779166339.504,0x100,8,15 B9 65 14 53 5F E5 F0,speed=21.00
1779166339.594,0x200,8,DC 64 3B EF 11 F9 1C 62,fuel=100.00
1779166339.688,0x300,8,11 FD CD 45 76 8D 6C 04,temp=57.00
1779166339.783,0x100,8,15 65 C1 35 D3 0D B6 F6,speed=21.00
1779166339.874,0x200,8,20 64 2B 4C E2 44 8D 94,fuel=100.00
1779166339.973,0x300,8,11 F0 6A B6 7E D8 5F 58,temp=57.00
1779166340.061,0x100,8,15 07 47 91 9C 01 57 4C,speed=21.00
1779166340.154,0x200,8,8A 64 7B B4 45 30 97 0F,fuel=100.00
1779166340.249,0x300,8,11 EC 22 60 A7 D5 E9 3F,temp=57.00
1779166340.342,0x100,8,15 77 20 40 58 4F 1F 3C,speed=21.00
1779166340.436,0x200,8,AE 64 57 DD CD 46 BC 30,fuel=100.00
1779166340.527,0x300,8,11 69 E7 F7 A3 27 C1 D3,temp=57.00
1779166340.619,0x100,8,15 1D 52 D4 6C B8 2A 63,speed=21.00
1779166340.713,0x200,8,E0 64 85 C2 07 53 10 D4,fuel=100.00
1779166340.805,0x300,8,11 CE 8C A2 DE 7B 4C FE,temp=57.00
1779166340.913,0x100,8,15 83 9F 1A 9B 63 5D 92,speed=21.00
1779166341.006,0x200,8,71 64 57 78 FC AB 5D 5F,fuel=100.00
1779166341.098,0x300,8,11 62 30 F4 6E 7A FF E0,temp=57.00
1779166341.191,0x100,8,15 C9 C1 90 09 DF D5 5C,speed=21.00
1779166341.287,0x200,8,B7 64 18 A4 83 6B C2 91,fuel=100.00
1779166341.377,0x300,8,11 18 43 44 C4 E7 58 06,temp=57.00
1779166341.473,0x100,8,15 89 F8 A6 15 21 57 84,speed=21.00
1779166341.557,0x200,8,6A 64 01 1C C7 E8 46 E0,fuel=100.00
1779166341.654,0x300,8,11 68 06 EA E1 3D 5C DE,temp=57.00
1779166341.746,0x100,8,15 42 4B BC 62 43 3A AD,speed=21.00
1779166341.837,0x200,8,A5 64 38 98 19 79 60 00,fuel=100.00
1779166341.938,0x300,8,11 C1 DF 4E 60 8B DC FB,temp=57.00
1779166342.031,0x100,8,15 1C 78 32 CA BC 22 F8,speed=21.00
1779166342.124,0x200,8,9B 64 76 87 85 14 3E E6,fuel=100.00
1779166342.220,0x300,8,11 1A 9D DF E1 30 69 E2,temp=57.00
1779166342.312,0x100,8,15 E8 F7 03 DF 63 03 18,speed=21.00
1779166342.403,0x200,8,58 64 77 CA E6 43 8F C3,fuel=100.00
1779166342.498,0x300,8,11 F9 07 B6 88 43 97 E0,temp=57.00
1779166342.592,0x100,8,15 16 EB F1 1C 8C 4A DE,speed=21.00
1779166342.685,0x200,8,0C 64 4E E8 72 E7 E7 9B,fuel=100.00
1779166342.779,0x300,8,11 8E 02 66 74 78 6E 50,temp=57.00
1779166342.871,0x100,8,15 AF 61 72 34 CB BB 35,speed=21.00
1779166342.967,0x200,8,0D 64 96 29 75 D7 33 D9,fuel=100.00
1779166343.056,0x300,8,11 73 17 AD E4 91 A8 29,temp=57.00
1779166343.149,0x100,8,15 BE D9 CE DA 45 97 F4,speed=21.00
1779166343.243,0x200,8,58 64 E0 9E 69 8E FF E7,fuel=100.00
1779166343.343,0x300,8,11 91 62 A5 7E 9C C9 5C,temp=57.00
1779166343.432,0x100,8,15 FF 7E 3F B7 EA D7 5B,speed=21.00
1779166343.527,0x200,8,69 64 B4 6B F3 AA 82 2F,fuel=100.00
1779166343.617,0x300,8,11 5C 98 0D A7 37 8B BD,temp=57.00
1779166343.726,0x100,8,15 CD BB 98 1D 4E 02 5B,speed=21.00
1779166343.804,0x200,8,F0 64 4F CF F6 1A 92 88,fuel=100.00
1779166343.902,0x300,8,11 30 31 23 B1 BC A4 31,temp=57.00
1779166343.993,0x100,8,15 42 20 10 0E C0 BC 66,speed=21.00
1779166344.100,0x200,8,B8 64 F3 E8 0F 75 EA 5F,fuel=100.00
1779166344.187,0x300,8,11 2E C9 6F EF 72 70 54,temp=57.00
1779166344.286,0x100,8,15 7E F9 75 81 C2 1B 7E,speed=21.00
1779166344.381,0x200,8,FB 64 42 97 30 56 C4 CB,fuel=100.00
1779166344.475,0x300,8,11 14 B3 A3 83 C6 F1 9E,temp=57.00
1779166344.568,0x100,8,15 81 C9 1B BE 3B BB 71,speed=21.00
1779166344.663,0x200,8,41 64 69 D4 07 05 35 C4,fuel=100.00
1779166344.753,0x300,8,11 1F 6B 64 01 5E E7 C9,temp=57.00
1779166344.847,0x100,8,15 3C 53 E9 11 B8 14 8A,speed=21.00
1779166344.941,0x200,8,EE 64 66 A4 57 63 8C 0D,fuel=100.00
1779166345.032,0x300,8,11 BC 30 0D FC 64 F7 27,temp=57.00
1779166345.124,0x100,8,15 EE 79 FD 0D 42 8D A7,speed=21.00
1779166345.216,0x200,8,96 64 B9 98 1C B9 C6 A3,fuel=100.00
1779166345.311,0x300,8,11 68 1C 0F 12 79 24 FD,temp=57.00
1779166345.402,0x100,8,15 4E C6 80 62 52 C2 43,speed=21.00
1779166345.494,0x200,8,0A 64 C7 F8 E9 97 AD 3E,fuel=100.00
1779166345.588,0x300,8,11 DB 14 72 EC D4 71 84,temp=57.00
1779166345.681,0x100,8,15 5F 62 0F B9 F3 0D 0B,speed=21.00
1779166345.774,0x200,8,5B 64 81 24 0C 8C 83 E5,fuel=100.00
1779166345.883,0x300,8,11 C9 E7 ED 2D 31 11 A4,temp=57.00
1779166345.960,0x100,8,15 30 E5 D8 7C 3E FD 63,speed=21.00
1779166346.071,0x200,8,1E 64 C9 DF CE B9 AF 83,fuel=100.00
1779166346.163,0x300,8,11 A2 18 BC 31 94 6C F9,temp=57.00
1779166346.257,0x100,8,15 D5 92 EC C8 B5 90 35,speed=21.00
1779166346.350,0x200,8,A3 64 67 1F CB 76 70 3D,fuel=100.00
1779166346.442,0x300,8,11 5A 58 9E B0 D1 71 6D,temp=57.00
1779166346.535,0x100,8,15 50 FF F0 5C E7 48 87,speed=21.00
1779166346.628,0x200,8,E1 64 7D C5 B0 4C A7 90,fuel=100.00
1779166346.721,0x300,8,11 27 A1 EF 9F 81 63 6F,temp=57.00
1779166346.815,0x100,8,15 C4 CB 13 E0 95 19 29,speed=21.00
1779166346.901,0x200,8,CC 64 FD D6 09 AA EB 0F,fuel=100.00
1779166346.994,0x300,8,11 1E CA 99 F0 8F A6 E8,temp=57.00
1779166347.086,0x100,8,15 6A 82 2E A7 E5 B2 76,speed=21.00
1779166347.181,0x200,8,5F 64 C1 3A F4 74 B8 B0,fuel=100.00
1779166347.288,0x300,8,11 AF 80 83 03 6E C9 5A,temp=57.00
1779166347.381,0x100,8,15 71 CB 5B 21 71 40 14,speed=21.00
1779166347.474,0x200,8,2D 64 3F 9B D8 4B 1D 85,fuel=100.00
1779166347.566,0x300,8,11 58 9A DC 1E 4A 98 AA,temp=57.00
1779166347.657,0x100,8,15 74 06 9B 56 99 9A 37,speed=21.00
1779166347.754,0x200,8,A6 64 9F B5 21 17 71 60,fuel=100.00
1779166347.845,0x300,8,11 FA C7 45 99 BD E6 D0,temp=57.00
1779166347.937,0x100,8,15 85 8A 5C 7B A7 AF 58,speed=21.00
1779166348.032,0x200,8,D5 64 6D F9 CD 70 D5 0E,fuel=100.00
1779166348.125,0x300,8,11 9B D9 D3 1C D2 02 2C,temp=57.00
1779166348.218,0x100,8,15 18 E7 F1 09 1E 3C A7,speed=21.00
1779166348.311,0x200,8,7C 64 DE F1 53 4E 4D CF,fuel=100.00
1779166348.404,0x300,8,11 ED C3 9D 77 20 14 98,temp=57.00
1779166348.499,0x100,8,15 1B BE FD DE 8B 40 ED,speed=21.00
1779166348.594,0x200,8,DA 64 63 A3 48 11 DF 1E,fuel=100.00
1779166348.686,0x300,8,11 C9 49 4C 26 CB DE DE,temp=57.00
1779166348.776,0x100,8,15 93 2F 52 34 41 A5 D2,speed=21.00
1779166348.872,0x200,8,7A 64 30 1C DB 35 92 28,fuel=100.00
1779166348.966,0x300,8,11 5A CB 42 E5 2B 4B BC,temp=57.00
1779166349.058,0x100,8,15 F7 29 B0 A9 96 B9 18,speed=21.00
1779166349.150,0x200,8,84 64 18 9A 9C 1E 66 C8,fuel=100.00
1779166349.245,0x300,8,11 2A 81 B2 44 8A BE 01,temp=57.00
1779166349.350,0x100,8,15 6E 86 21 FC 4A 10 90,speed=21.00
1779166349.443,0x200,8,98 64 A1 99 3F D7 63 33,fuel=100.00
1779166349.536,0x300,8,11 4C 2F CF 9C E4 30 6B,temp=57.00
1779166349.629,0x100,8,15 92 D0 AA E7 DB DC 0A,speed=21.00
1779166349.725,0x200,8,B2 64 13 41 D9 CD 3F C6,fuel=100.00
1779166349.819,0x300,8,11 08 AF 44 0F 33 30 E2,temp=57.00
1779166349.914,0x100,8,15 B9 10 4E AE 4F A1 81,speed=21.00
1779166350.006,0x200,8,9C 64 E2 D5 40 1C 91 56,fuel=100.00
1779166350.098,0x300,8,11 76 A1 B7 2E 15 8B 9B,temp=57.00
1779166350.191,0x100,8,15 DB 6D 59 29 84 C9 B5,speed=21.00
1779166350.283,0x200,8,2C 64 3A AB B7 D4 5C 85,fuel=100.00
1779166350.376,0x300,8,11 D8 2C 30 6F 96 EB 40,temp=57.00
1779166350.468,0x100,8,15 57 EA 06 F2 92 2E BF,speed=21.00
1779166350.562,0x200,8,64 64 91 1F F5 AA 96 52,fuel=100.00
1779166350.653,0x300,8,11 AA C2 87 C3 C5 DC 0E,temp=57.00
1779166350.747,0x100,8,15 95 81 65 EF 81 0D 8E,speed=21.00
1779166350.839,0x200,8,E6 64 C4 AD B6 3F 22 4D,fuel=100.00
1779166350.938,0x300,8,11 45 A3 CD 64 99 94 61,temp=57.00
1779166351.037,0x100,8,15 DA 2C 68 62 19 B5 8C,speed=21.00
1779166351.131,0x200,8,41 64 61 46 EA AA 86 1E,fuel=100.00
1779166351.215,0x300,8,11 EC 3C 6B D5 D3 C8 6F,temp=57.00
1779166351.317,0x100,8,15 46 36 E1 5F E7 EC 0D,speed=21.00
1779166351.411,0x200,8,A3 64 75 4F 2E 5E 3D 9D,fuel=100.00
1779166351.505,0x300,8,11 31 4B FD 62 1C 0E BB,temp=57.00
1779166351.598,0x100,8,15 C6 6A C8 29 8A 73 AD,speed=21.00
1779166351.692,0x200,8,03 64 D3 A2 99 9A 64 5D,fuel=100.00
1779166351.784,0x300,8,11 F8 5E DD 1B CE 92 A2,temp=57.00
1779166351.880,0x100,8,15 8A C3 6E 06 A6 DA 9A,speed=21.00
1779166351.971,0x200,8,BF 64 BA F4 C2 7D 48 79,fuel=100.00
1779166352.062,0x300,8,11 2F E7 6E 93 BC EF 94,temp=57.00
1779166352.155,0x100,8,15 11 BD C4 44 4B E0 D6,speed=21.00
1779166352.248,0x200,8,B0 64 AF 63 39 1E C6 84,fuel=100.00
1779166352.340,0x300,8,11 1D 39 80 F7 A9 70 51,temp=57.00
1779166352.436,0x100,8,15 77 DF C0 C1 33 67 82,speed=21.00
1779166352.530,0x200,8,3A 64 4F 5B 0F 1F 4C F5,fuel=100.00
1779166352.626,0x300,8,11 A5 8A B3 F6 47 7F AC,temp=57.00
1779166352.716,0x100,8,15 BD 06 51 03 4B 18 67,speed=21.00
1779166352.808,0x200,8,12 64 1C 5D 14 BC 23 53,fuel=100.00
1779166352.903,0x300,8,11 E8 3A EF C3 D9 91 EB,temp=57.00
1779166352.995,0x100,8,15 63 43 CD 24 79 DA B5,speed=21.00
1779166353.088,0x200,8,42 64 14 29 AE C1 7B F0,fuel=100.00
1779166353.181,0x300,8,11 E4 0F 0D 6A 4B D1 F5,temp=57.00
1779166353.276,0x100,8,15 CB 8B 18 0B 2E 9E 98,speed=21.00
1779166353.383,0x200,8,10 64 A1 02 E5 75 BE 5B,fuel=100.00
1779166353.474,0x300,8,11 D6 01 A5 06 97 FB 16,temp=57.00
1779166353.568,0x100,8,15 F9 27 8F 81 A3 5E E3,speed=21.00
1779166353.660,0x200,8,F6 64 9D 5D AE 3B D1 30,fuel=100.00
1779166353.754,0x300,8,11 FF EB B4 51 82 26 C0,temp=57.00
1779166353.848,0x100,8,15 D3 D2 67 4A B8 F7 15,speed=21.00
1779166353.945,0x200,8,01 64 9B 3F 12 81 63 CB,fuel=100.00
1779166354.035,0x300,8,11 B5 E6 7F 64 12 D3 63,temp=57.00
1779166354.128,0x100,8,15 08 11 30 E5 BF AB F4,speed=21.00
1779166354.223,0x200,8,A0 64 88 DD CC 94 08 49,fuel=100.00
1779166354.317,0x300,8,11 83 A3 60 75 5D 63 D9,temp=57.00
1779166354.413,0x100,8,15 78 5A 58 DE 92 A1 EC,speed=21.00
1779166354.507,0x200,8,F6 64 BA 37 5F 23 25 CF,fuel=100.00
1779166354.599,0x300,8,11 7D D6 11 88 16 21 7D,temp=57.00
1779166354.693,0x100,8,15 B1 46 12 93 F7 A0 86,speed=21.00
1779166354.787,0x200,8,1A 64 D9 39 CF 02 81 F7,fuel=100.00
1779166354.885,0x300,8,11 AD A1 30 DA A5 CD 51,temp=57.00
1779166354.979,0x100,8,15 6F 5B 0B 6E E8 50 94,speed=21.00
1779166355.057,0x200,8,90 64 14 E6 D4 33 82 59,fuel=100.00
1779166355.151,0x300,8,11 67 71 CB 14 86 02 D0,temp=57.00
1779166355.244,0x100,8,15 BF 0C 4A 56 00 92 98,speed=21.00
1779166355.338,0x200,8,39 64 26 D7 1A 62 74 6C,fuel=100.00
1779166355.431,0x300,8,11 B2 61 42 D4 22 B4 6A,temp=57.00
1779166355.524,0x100,8,15 BC 73 A5 D4 4D C7 52,speed=21.00
1779166355.617,0x200,8,08 64 7E 61 CA 29 44 11,fuel=100.00
1779166355.726,0x300,8,11 B7 C0 FB 50 04 11 49,temp=57.00
1779166355.817,0x100,8,15 62 42 43 F1 05 57 FD,speed=21.00
1779166355.912,0x200,8,FD 64 D5 B9 A9 32 1E FC,fuel=100.00
1779166356.004,0x300,8,11 DE ED A0 77 E2 EC 57,temp=57.00
1779166356.095,0x100,8,15 24 CF 66 DC 89 F6 0C,speed=21.00
1779166356.187,0x200,8,30 64 46 A1 86 8A 75 17,fuel=100.00
1779166356.280,0x300,8,11 6A AD 5B 7F 41 3B 5B,temp=57.00
1779166356.373,0x100,8,15 87 A0 7D D2 E2 73 28,speed=21.00
1779166356.466,0x200,8,60 64 09 11 78 09 BB BA,fuel=100.00
1779166356.560,0x300,8,11 8D B1 4A 2B 67 EA A5,temp=57.00
1779166356.655,0x100,8,15 77 02 43 CF 01 FB F9,speed=21.00
1779166356.747,0x200,8,EA 64 CF EA 70 F6 D7 4F,fuel=100.00
1779166356.841,0x300,8,11 7F A6 A8 C3 E0 BC 48,temp=57.00
1779166356.938,0x100,8,15 9D 73 3A CE F6 ED C8,speed=21.00
1779166357.030,0x200,8,38 64 1A 7B 01 C4 FD 2F,fuel=100.00
1779166357.121,0x300,8,11 A4 A2 70 4D B6 93 82,temp=57.00
1779166357.214,0x100,8,15 CF 88 B7 A6 BE E1 18,speed=21.00
1779166357.307,0x200,8,0B 64 43 B7 C8 E7 8B 40,fuel=100.00
1779166357.401,0x300,8,11 F6 C7 E7 FA F0 EF 7F,temp=57.00
1779166357.499,0x100,8,15 0F DE 4E 4D AB C5 CE,speed=21.00
1779166357.591,0x200,8,C8 64 E9 D4 DF 64 5A EA,fuel=100.00
1779166357.683,0x300,8,11 FC 59 F2 D9 CF 0A F5,temp=57.00
1779166357.778,0x100,8,15 E0 17 AC CC 8D B6 8F,speed=21.00
1779166357.871,0x200,8,92 64 09 E0 DA 78 4E 5E,fuel=100.00
1779166357.965,0x300,8,11 8C C4 73 29 07 77 D0,temp=57.00
1779166358.058,0x100,8,15 38 C3 33 D0 A4 90 DA,speed=21.00
1779166358.155,0x200,8,FB 64 04 45 E2 10 2A B4,fuel=100.00
1779166358.248,0x300,8,11 DE 20 CA 3A AE 54 AB,temp=57.00
1779166358.343,0x100,8,15 95 65 99 3C B5 8B F6,speed=21.00
1779166358.434,0x200,8,52 64 50 74 F1 7B EA F5,fuel=100.00
1779166358.528,0x300,8,11 E7 4E DD D3 A5 7D 23,temp=57.00
1779166358.624,0x100,8,15 74 E8 51 49 8E E7 95,speed=21.00
1779166358.714,0x200,8,F1 64 35 BE D1 67 1B 39,fuel=100.00
1779166358.807,0x300,8,11 7C 87 4B AB 6D 51 94,temp=57.00
1779166358.900,0x100,8,15 33 32 92 F8 86 1F 97,speed=21.00
1779166358.998,0x200,8,C6 64 F6 80 B4 EE AD F2,fuel=100.00
1779166359.087,0x300,8,11 5C 60 55 7D D6 F4 08,temp=57.00
1779166359.194,0x100,8,15 01 7E 50 05 07 26 18,speed=21.00
1779166359.289,0x200,8,34 64 F4 41 A1 59 5C 8E,fuel=100.00
1779166359.369,0x300,8,11 99 49 64 0B 8C 33 6B,temp=57.00
1779166359.462,0x100,8,15 D7 70 9C F6 BB 69 66,speed=21.00
1779166359.569,0x200,8,F2 64 56 82 EE 2B 0F BB,fuel=100.00
1779166359.663,0x300,8,11 6C 2D 81 3A 39 AC 5D,temp=57.00
1779166359.756,0x100,8,15 27 91 1D 42 BE C3 0E,speed=21.00
1779166359.851,0x200,8,C9 64 30 FD 63 3F DF 6D,fuel=100.00
1779166359.945,0x300,8,11 29 64 36 76 99 AA 9C,temp=57.00
1779166360.037,0x100,8,15 37 00 60 1C 7B 6E 7A,speed=21.00
1779166360.131,0x200,8,60 64 51 DF EA 81 92 9F,fuel=100.00
1779166360.224,0x300,8,11 1D 1B 9B 98 4E EB 61,temp=57.00
1779166360.305,0x100,8,15 EF C0 9B 8E E4 54 48,speed=21.00
1779166360.399,0x200,8,7A 64 6E 13 32 24 98 02,fuel=100.00
1779166360.495,0x300,8,11 66 FF A3 18 AE 57 C8,temp=57.00
1779166360.601,0x100,8,15 30 3C 57 2B C4 B4 3A,speed=21.00
1779166360.694,0x200,8,CF 64 7D A5 51 26 95 73,fuel=100.00
1779166360.787,0x300,8,11 75 CD 34 0C 6E CF BF,temp=57.00
1779166360.882,0x100,8,15 05 30 12 E6 7D B5 03,speed=21.00
1779166360.975,0x200,8,38 64 96 9B 8E B7 A0 0E,fuel=100.00
1779166361.067,0x300,8,11 87 86 21 E0 3F 91 47,temp=57.00
1779166361.160,0x100,8,15 5E 87 09 83 EB A5 9C,speed=21.00
1779166361.254,0x200,8,97 64 AB BA 60 8C 0A 0B,fuel=100.00
1779166361.347,0x300,8,11 E2 72 36 43 4F 2C FC,temp=57.00
1779166361.440,0x100,8,15 EF AB 4F 90 D4 A7 E5,speed=21.00
1779166361.533,0x200,8,BC 64 CE 40 C1 A8 85 E6,fuel=100.00
1779166361.627,0x300,8,11 39 03 55 22 25 7D 6A,temp=57.00
1779166361.719,0x100,8,15 14 52 84 6A 05 F3 37,speed=21.00
1779166361.812,0x200,8,77 64 EB 94 B9 EA 55 58,fuel=100.00
1779166361.907,0x300,8,11 8A B6 29 60 B5 30 43,temp=57.00
1779166361.996,0x100,8,15 C3 F5 C8 F0 1A 94 A9,speed=21.00
1779166362.088,0x200,8,36 64 8F 46 11 5E B5 F5,fuel=100.00
1779166362.182,0x300,8,11 2A 46 70 4C 2C F3 26,temp=57.00
1779166362.277,0x100,8,15 18 65 52 A9 33 76 84,speed=21.00
1779166362.370,0x200,8,0E 64 A0 AC FF B0 2A 0D,fuel=100.00
1779166362.463,0x300,8,11 93 B0 A3 BE E1 05 1A,temp=57.00
1779166362.555,0x100,8,15 46 85 A3 E3 E5 11 25,speed=21.00
1779166362.664,0x200,8,12 64 B6 87 73 1F AF EF,fuel=100.00
1779166362.773,0x300,8,11 D7 A5 DE E9 F9 58 4E,temp=57.00
1779166362.866,0x100,8,15 18 71 9B E4 95 2B 77,speed=21.00
1779166362.963,0x200,8,4A 64 78 5E 33 E7 76 38,fuel=100.00
1779166363.040,0x300,8,11 DE 40 88 45 47 D5 62,temp=57.00
1779166363.148,0x100,8,15 7B D0 2A 13 BF FE E5,speed=21.00
1779166363.240,0x200,8,5B 64 FA E0 F2 C7 95 84,fuel=100.00
1779166363.334,0x300,8,11 B5 50 C5 23 AC 7E CE,temp=57.00
1779166363.428,0x100,8,15 99 C0 27 2D 6C AD C5,speed=21.00
1779166363.520,0x200,8,17 64 D0 91 67 54 79 87,fuel=100.00
1779166363.611,0x300,8,11 8C D2 20 05 9D 6D B4,temp=57.00
1779166363.704,0x100,8,15 1D 81 0B C0 09 48 FE,speed=21.00
1779166363.799,0x200,8,4D 64 57 8F 59 BA B5 A0,fuel=100.00
1779166363.892,0x300,8,11 BF 36 49 63 24 D4 9E,temp=57.00
1779166363.991,0x100,8,15 A7 87 04 DE 4F 79 EB,speed=21.00
1779166364.080,0x200,8,23 64 6C BC 31 9B 34 F7,fuel=100.00
1779166364.171,0x300,8,11 15 FE CF 1D 30 46 13,temp=57.00
1779166364.263,0x100,8,15 D7 30 DB 6F 3A 81 D4,speed=21.00
1779166364.355,0x200,8,F0 64 FC 51 4E 9A 29 58,fuel=100.00
1779166364.451,0x300,8,11 DE A7 F1 63 2D 8F 66,temp=57.00
1779166364.542,0x100,8,15 EF 05 34 2C 49 F3 4D,speed=21.00
1779166364.636,0x200,8,D1 64 F5 AA 25 63 26 DD,fuel=100.00
1779166364.729,0x300,8,11 67 FA E5 EF 1C F4 1C,temp=57.00
1779166364.822,0x100,8,15 67 C9 21 B1 B4 03 9C,speed=21.00
1779166364.915,0x200,8,C5 64 58 FF A4 4D 48 95,fuel=100.00
1779166365.008,0x300,8,11 FF E3 AE 64 85 53 06,temp=57.00
1779166365.117,0x100,8,15 22 FC 62 F4 AC 12 81,speed=21.00
1779166365.212,0x200,8,C7 64 21 79 5D 3D 4C 46,fuel=100.00
1779166365.304,0x300,8,11 72 14 F7 98 68 C5 C4,temp=57.00
1779166365.401,0x100,8,15 3D 20 7D 84 D0 75 67,speed=21.00
1779166365.481,0x200,8,C8 64 CF C7 D4 36 4A DF,fuel=100.00
1779166365.583,0x300,8,11 1E 22 E6 8B B6 44 20,temp=57.00
1779166365.678,0x100,8,15 DC 9F 46 F8 A8 41 72,speed=21.00
1779166365.774,0x200,8,68 64 5C 9B 45 D2 3C 0B,fuel=100.00
1779166365.864,0x300,8,11 BC 0B D6 A2 C6 9D FD,temp=57.00
1779166365.957,0x100,8,15 DE 70 20 A8 76 06 27,speed=21.00
1779166366.051,0x200,8,B5 64 8A B9 E6 69 67 BD,fuel=100.00
1779166366.145,0x300,8,11 D4 0C ED B1 67 A9 43,temp=57.00
1779166366.238,0x100,8,15 93 A7 4C 39 D0 67 3B,speed=21.00
1779166366.332,0x200,8,B3 64 4E 98 F0 5D E5 D0,fuel=100.00
1779166366.426,0x300,8,11 DB B2 13 E2 22 52 AC,temp=57.00
1779166366.520,0x100,8,15 64 09 1E 67 BC BC D1,speed=21.00
1779166366.610,0x200,8,C7 64 4E 10 C8 26 CC E1,fuel=100.00
1779166366.703,0x300,8,11 29 D5 64 F5 80 20 D0,temp=57.00
1779166366.797,0x100,8,15 EB 72 86 A3 11 17 A3,speed=21.00
1779166366.892,0x200,8,8D 64 D5 14 AA C3 29 E3,fuel=100.00
1779166366.989,0x300,8,11 02 41 A2 5D CA 7F EE,temp=57.00
1779166367.076,0x100,8,15 3A FB 6B 6C 17 DA 38,speed=21.00
1779166367.169,0x200,8,48 64 DF 65 9D C4 C0 DD,fuel=100.00
1779166367.264,0x300,8,11 C7 B7 1F 39 02 36 D6,temp=57.00
1779166367.357,0x100,8,15 03 B4 E6 36 98 4C D0,speed=21.00
1779166367.448,0x200,8,A0 64 4A EF 72 4B 59 D4,fuel=100.00
1779166367.544,0x300,8,11 BF 64 E9 0D 67 83 21,temp=57.00
1779166367.634,0x100,8,15 6B 8F AF BF 7D EC EE,speed=21.00
1779166367.728,0x200,8,DD 64 77 69 2B DC D7 13,fuel=100.00
1779166367.822,0x300,8,11 70 1B 20 98 CD 66 59,temp=57.00
1779166367.916,0x100,8,15 EA 10 54 0B CA 76 3D,speed=21.00
1779166368.010,0x200,8,30 64 26 1C 8B F4 F6 59,fuel=100.00
1779166368.104,0x300,8,11 DF 07 E2 9C D2 0F 93,temp=57.00
1779166368.200,0x100,8,15 81 72 0E 43 B7 08 4B,speed=21.00
1779166368.295,0x200,8,CF 64 AE 43 61 8E DC AE,fuel=100.00
1779166368.388,0x300,8,11 37 63 79 67 7C 9F 1B,temp=57.00
1779166368.485,0x100,8,15 22 57 9E 49 40 66 95,speed=21.00
1779166368.573,0x200,8,0D 64 E2 35 81 F9 B3 C6,fuel=100.00
1779166368.669,0x300,8,11 9F 7E 55 92 7E F1 FD,temp=57.00
1779166368.759,0x100,8,15 59 F1 C3 C6 A4 C4 22,speed=21.00
1779166368.852,0x200,8,1F 64 73 35 7D 40 7C D8,fuel=100.00
1779166368.960,0x300,8,11 A1 FA AB 9F 69 92 AA,temp=57.00
1779166369.052,0x100,8,15 05 96 59 4B 27 50 EC,speed=21.00
1779166369.146,0x200,8,BC 64 A7 FB 5F AA 1B A4,fuel=100.00
1779166369.238,0x300,8,11 60 41 9E 37 9F 58 6E,temp=57.00
1779166369.333,0x100,8,15 D1 9A 0E D4 B9 F6 2E,speed=21.00
1779166369.425,0x200,8,94 64 1B B8 85 5E 12 7F,fuel=100.00
1779166369.521,0x300,8,11 16 BA 0C 43 13 EC 4E,temp=57.00
1779166369.614,0x100,8,15 F3 B9 45 15 84 C0 80,speed=21.00
1779166369.706,0x200,8,D4 64 C5 A2 73 75 56 7B,fuel=100.00
1779166369.799,0x300,8,11 EC 8E 9E D3 B6 2F 6E,temp=57.00
1779166369.897,0x100,8,15 E9 0D 00 63 60 26 AA,speed=21.00
1779166369.981,0x200,8,D9 64 C2 FC 6C D4 DE 35,fuel=100.00
1779166370.080,0x300,8,11 57 87 66 15 24 11 F9,temp=57.00
1779166370.174,0x100,8,15 6F 18 66 10 36 60 D8,speed=21.00
1779166370.266,0x200,8,5A 64 3F C4 6D 8D 72 73,fuel=100.00
1779166370.358,0x300,8,11 1B DF 50 3D 9A B8 E1,temp=57.00
1779166370.452,0x100,8,15 6F A4 F1 D6 43 DC A4,speed=21.00
1779166370.544,0x200,8,8C 64 8E FF 38 25 1B F6,fuel=100.00
1779166370.637,0x300,8,11 A3 6D 9D 39 5A 28 5D,temp=57.00
1779166370.730,0x100,8,15 3D 6E E2 3F 99 C8 64,speed=21.00
1779166370.823,0x200,8,28 64 FB C6 F8 28 8D BD,fuel=100.00
1779166370.919,0x300,8,11 18 35 81 84 83 17 C4,temp=57.00
1779166371.010,0x100,8,15 51 B2 3D 13 66 B0 AC,speed=21.00
1779166371.103,0x200,8,D9 64 3A D5 DD 21 D1 6F,fuel=100.00
1779166371.211,0x300,8,11 C1 F1 D9 86 7D 8A 11,temp=57.00
1779166371.302,0x100,8,15 32 E6 35 9C B2 7E 0B,speed=21.00
1779166371.394,0x200,8,26 64 EB 6B 15 67 B4 15,fuel=100.00
1779166371.489,0x300,8,11 09 0D B0 6D 25 83 4F,temp=57.00
1779166371.581,0x100,8,15 BC 6A 4D 4D F7 73 82,speed=21.00
1779166371.674,0x200,8,91 64 7A 0F 34 3C 4B CF,fuel=100.00
1779166371.767,0x300,8,11 50 C3 95 BA 2C 94 8A,temp=57.00
1779166371.861,0x100,8,15 3D 6F 09 AD 0E 85 0B,speed=21.00
1779166371.956,0x200,8,C3 64 3D F9 6F FA C8 B6,fuel=100.00
1779166372.047,0x300,8,11 C0 DB D3 46 9E F1 05,temp=57.00
1779166372.140,0x100,8,15 2B 18 3E DF D3 B7 E9,speed=21.00
1779166372.233,0x200,8,52 64 7D 39 E9 E6 54 24,fuel=100.00
1779166372.326,0x300,8,11 36 74 25 F5 66 72 1A,temp=57.00
1779166372.420,0x100,8,15 85 12 DD 7E DB 69 F8,speed=21.00
1779166372.514,0x200,8,E2 64 9B A6 B5 7D 28 E4,fuel=100.00
1779166372.606,0x300,8,11 F3 64 28 00 D0 B4 94,temp=57.00
1779166372.702,0x100,8,15 CD 20 88 18 5F DB B0,speed=21.00
1779166372.794,0x200,8,81 64 74 FF 76 51 41 3F,fuel=100.00
1779166372.889,0x300,8,11 E9 60 97 B3 70 18 0E,temp=57.00
1779166372.983,0x100,8,15 C1 96 33 38 37 FC 93,speed=21.00
1779166373.072,0x200,8,5A 64 5A 00 AB 34 08 85,fuel=100.00
1779166373.165,0x300,8,11 BC B9 23 A1 04 A4 08,temp=57.00
1779166373.273,0x100,8,15 6A 8D 42 C5 88 34 C1,speed=21.00
1779166373.366,0x200,8,7F 64 BB 8B 9E E3 4E CC,fuel=100.00
1779166373.458,0x300,8,11 E2 54 52 6D 59 3B E9,temp=57.00
1779166373.552,0x100,8,15 BD 87 E9 7F 73 74 0B,speed=21.00
1779166373.643,0x200,8,BD 64 E2 76 51 E3 02 04,fuel=100.00
1779166373.736,0x300,8,11 42 82 96 D6 76 D6 4A,temp=57.00
1779166373.832,0x100,8,15 97 8C 65 D4 E0 23 AB,speed=21.00
1779166373.926,0x200,8,79 64 BF AF 36 CD 32 75,fuel=100.00
1779166374.020,0x300,8,11 91 B7 94 C7 75 1E 2C,temp=57.00
1779166374.114,0x100,8,15 6B 49 20 5A 09 C4 B2,speed=21.00
1779166374.204,0x200,8,AD 64 B9 10 4D A5 A0 12,fuel=100.00
1779166374.298,0x300,8,11 ED 60 56 6E 81 9E F9,temp=57.00
1779166374.390,0x100,8,15 C1 1D 64 83 AE 46 D5,speed=21.00
1779166374.485,0x200,8,39 64 CC 4B DC C8 C0 E8,fuel=100.00
1779166374.577,0x300,8,11 DE 76 A0 E9 CB 7A 6E,temp=57.00
1779166374.668,0x100,8,15 39 9B E0 FA 39 F6 9D,speed=21.00
1779166374.761,0x200,8,1A 64 13 26 E0 94 C6 FE,fuel=100.00
1779166374.856,0x300,8,11 B6 EE 37 41 F9 8E 75,temp=57.00
1779166374.950,0x100,8,15 93 69 7A C4 AE A2 B0,speed=21.00
1779166375.043,0x200,8,D2 64 24 1F 1A 03 5C 7F,fuel=100.00
1779166375.135,0x300,8,11 42 5B 22 F5 FE 09 7F,temp=57.00
1779166375.230,0x100,8,15 55 85 BB 3E 3D C5 15,speed=21.00
1779166375.322,0x200,8,71 64 F3 6F 66 3A D4 74,fuel=100.00
1779166375.416,0x300,8,11 94 C3 67 92 4D 92 81,temp=57.00
1779166375.523,0x100,8,15 EC FA 13 10 54 6E AB,speed=21.00
1779166375.618,0x200,8,AA 64 75 27 A6 E2 08 B1,fuel=100.00
1779166375.709,0x300,8,11 A0 E5 77 1D 8E C2 0A,temp=57.00
1779166375.804,0x100,8,15 91 B0 E6 F2 E1 5C AC,speed=21.00
1779166375.894,0x200,8,90 64 FA 19 FD E5 82 BF,fuel=100.00
1779166375.994,0x300,8,11 D9 61 AC A8 8A D1 FC,temp=57.00
1779166376.083,0x100,8,15 93 4E 90 1A 30 51 AD,speed=21.00
1779166376.176,0x200,8,5F 64 AE CB 13 87 3D CF,fuel=100.00
1779166376.273,0x300,8,11 E2 8E 9C 0D 24 7D 4B,temp=57.00
1779166376.366,0x100,8,15 29 18 97 EC F4 89 E3,speed=21.00
1779166376.458,0x200,8,19 64 48 F8 56 26 DD EC,fuel=100.00
1779166376.552,0x300,8,11 E7 76 63 3A 3F 15 A8,temp=57.00
1779166376.647,0x100,8,15 A0 E1 03 90 D7 C6 10,speed=21.00
1779166376.738,0x200,8,84 64 46 30 71 F3 9C 61,fuel=100.00
1779166376.832,0x300,8,11 67 A7 00 DD C7 A5 4D,temp=57.00
1779166376.926,0x100,8,15 67 C4 28 E3 EB 72 54,speed=21.00
1779166377.018,0x200,8,27 64 76 73 3D C2 54 38,fuel=100.00
1779166377.110,0x300,8,11 0B 72 A1 09 C9 4D FB,temp=57.00
1779166377.204,0x100,8,15 ED 5C 50 41 28 5E 93,speed=21.00
1779166377.298,0x200,8,E4 64 F0 C3 F7 6E 21 BC,fuel=100.00
1779166377.390,0x300,8,11 67 D6 27 FC 35 F6 F0,temp=57.00
1779166377.486,0x100,8,15 CC E4 8D B9 2A 49 95,speed=21.00
1779166377.578,0x200,8,FE 64 F3 F3 D8 AA 3E 67,fuel=100.00
1779166377.668,0x300,8,11 98 FC 87 F0 73 4D F8,temp=57.00
1779166377.761,0x100,8,15 A6 89 98 30 D4 66 EE,speed=21.00
1779166377.854,0x200,8,FE 64 C1 FA E2 AA 5F 0B,fuel=100.00
1779166377.950,0x300,8,11 BD 4D 2E 31 00 42 FD,temp=57.00
1779166378.042,0x100,8,15 B4 E5 A3 DF F9 B8 50,speed=21.00
1779166378.134,0x200,8,39 64 53 26 38 90 F2 A4,fuel=100.00
1779166378.229,0x300,8,11 05 73 F4 86 DB 2A 48,temp=57.00
1779166378.322,0x100,8,15 46 BD 7B 09 33 D7 2A,speed=21.00
1779166378.416,0x200,8,6E 64 93 46 5A 47 6F F1,fuel=100.00
1779166378.507,0x300,8,11 C7 A8 03 D3 A4 04 99,temp=57.00
1779166378.616,0x100,8,15 0A E3 5C EB 6F BA 8C,speed=21.00
1779166378.709,0x200,8,17 64 BA 72 A0 A3 19 58,fuel=100.00
1779166378.802,0x300,8,11 9C 65 A9 C2 12 2B 20,temp=57.00
1779166378.894,0x100,8,15 17 F2 91 67 EA 01 C6,speed=21.00
1779166378.990,0x200,8,4A 64 47 3B A5 AC FC 1A,fuel=100.00
1779166379.081,0x300,8,11 5B 59 12 59 2D 50 FF,temp=57.00
1779166379.176,0x100,8,15 2D 55 DE 78 8B 3B 20,speed=21.00
1779166379.270,0x200,8,89 64 5C 68 3B EF 00 0F,fuel=100.00
1779166379.365,0x300,8,11 0B 77 2A 59 8D 2A 6B,temp=57.00
1779166379.456,0x100,8,15 FD B6 22 75 F7 03 02,speed=21.00
1779166379.549,0x200,8,4A 64 69 DC 51 95 A2 04,fuel=100.00
1779166379.636,0x300,8,11 31 E6 7A 24 86 95 75,temp=57.00
1779166379.728,0x100,8,15 35 AC 35 08 F2 0C 66,speed=21.00
1779166379.823,0x200,8,80 64 C5 FE FA BC BD 5A,fuel=100.00
1779166379.919,0x300,8,11 3D 9C 0E 22 10 BC 97,temp=57.00
1779166380.009,0x100,8,15 1B 99 D7 5F 7F 2C D7,speed=21.00
1779166380.102,0x200,8,B5 64 71 5C A5 E4 81 CF,fuel=100.00
1779166380.198,0x300,8,11 D6 79 9F 22 5B B8 37,temp=57.00
1779166380.304,0x100,8,15 E4 F1 53 A0 FC 01 00,speed=21.00
1779166380.384,0x200,8,FC 64 F2 CF 73 C4 81 1F,fuel=100.00
1779166380.479,0x300,8,11 0F 77 2E D7 C1 1C 08,temp=57.00
1779166380.584,0x100,8,15 BB 90 4D EC BE 0C 1A,speed=21.00
1779166380.677,0x200,8,EF 64 C5 08 42 4D AB D1,fuel=100.00
1779166380.759,0x300,8,11 B5 D9 51 AA 13 83 9D,temp=57.00
1779166380.865,0x100,8,15 E0 12 10 0C 4B 91 08,speed=21.00
1779166380.959,0x200,8,38 64 AD F5 D7 60 5B 87,fuel=100.00
1779166381.051,0x300,8,11 BF 40 3F CA 95 EA FA,temp=57.00
1779166381.142,0x100,8,15 DB FA 13 D0 EE 13 1A,speed=21.00
1779166381.234,0x200,8,6A 64 BD 89 82 03 96 5A,fuel=100.00
1779166381.328,0x300,8,11 80 6A 0B A4 7E F6 9B,temp=57.00
1779166381.422,0x100,8,15 44 E2 06 FE 46 CB 99,speed=21.00
1779166381.517,0x200,8,64 64 4E 92 99 78 66 F9,fuel=100.00
1779166381.610,0x300,8,11 C8 50 59 BB F3 53 C2,temp=57.00
1779166381.702,0x100,8,15 16 1B 97 2A A5 C3 69,speed=21.00
1779166381.794,0x200,8,12 64 02 7E 55 65 14 31,fuel=100.00
1779166381.888,0x300,8,11 2F B5 47 D9 2B 7B DF,temp=57.00
1779166381.989,0x100,8,15 54 C0 9B EC 43 F0 A2,speed=21.00
1779166382.074,0x200,8,F9 64 EC FF CB 63 3F 72,fuel=100.00
1779166382.165,0x300,8,11 E6 23 EC A6 69 63 6C,temp=57.00
1779166382.258,0x100,8,15 79 81 C6 DE 05 C4 83,speed=21.00
1779166382.368,0x200,8,CD 64 E4 73 BF 06 DF 97,fuel=100.00
1779166382.461,0x300,8,11 1E 4B 32 BF 05 14 79,temp=57.00
1779166382.555,0x100,8,15 22 A7 A8 A3 A2 44 D6,speed=21.00
1779166382.647,0x200,8,85 64 22 4B 14 8F EC 91,fuel=100.00
1779166382.740,0x300,8,11 74 5C 5F 0A 6D 66 4B,temp=57.00
1779166382.834,0x100,8,15 65 9F D6 74 30 48 B3,speed=21.00
1779166382.915,0x200,8,6E 64 CC B1 CC 22 B5 27,fuel=100.00
1779166383.009,0x300,8,11 C4 12 E5 4C 49 D5 28,temp=57.00
1779166383.115,0x100,8,15 45 64 20 08 51 A5 28,speed=21.00
1779166383.211,0x200,8,BA 64 1A 18 0F 98 30 EA,fuel=100.00
1779166383.289,0x300,8,11 E8 65 CD 66 29 C3 4B,temp=57.00
1779166383.397,0x100,8,15 7D 93 40 44 C6 E3 D1,speed=21.00
1779166383.493,0x200,8,52 64 BE 1F 3C F6 0A 54,fuel=100.00
1779166383.583,0x300,8,11 CB 0B 70 8C 1F 4C D0,temp=57.00
1779166383.678,0x100,8,15 13 3F D8 0B 2F 8B B5,speed=21.00
1779166383.768,0x200,8,99 64 A5 56 80 73 08 A2,fuel=100.00
1779166383.862,0x300,8,11 2E 6E 6E 5F 61 E8 87,temp=57.00
1779166383.961,0x100,8,15 FC F0 BD E0 A1 22 EA,speed=21.00
1779166384.052,0x200,8,DF 64 C2 E7 CC 73 5D DE,fuel=100.00
1779166384.144,0x300,8,11 35 4D 97 15 2A DD EE,temp=57.00
1779166384.238,0x100,8,15 8B 53 D5 65 CC 90 89,speed=21.00
1779166384.332,0x200,8,F8 64 E5 CE 8E B7 9A 13,fuel=100.00
1779166384.425,0x300,8,11 C5 A0 0F 4F 69 F3 3E,temp=57.00
1779166384.512,0x100,8,15 DA B8 6A 68 78 70 FA,speed=21.00
1779166384.605,0x200,8,66 64 85 60 B1 B3 C3 CD,fuel=100.00
1779166384.700,0x300,8,11 C5 49 08 39 94 DA 5F,temp=57.00
1779166384.794,0x100,8,15 AC 87 71 6E C4 5D 3C,speed=21.00
1779166384.888,0x200,8,81 64 9C 40 C4 35 E4 8D,fuel=100.00
1779166384.984,0x300,8,11 09 85 32 E3 5F 53 E2,temp=57.00
1779166385.072,0x100,8,15 AA 6B F0 EE E3 00 A4,speed=21.00
1779166385.181,0x200,8,3A 64 47 8D 6D 72 AA 4D,fuel=100.00
1779166385.260,0x300,8,11 F1 42 F4 7E 02 5E BE,temp=57.00
1779166385.366,0x100,8,15 F1 69 A6 C9 38 03 01,speed=21.00
1779166385.460,0x200,8,DC 64 60 8D DF 3E AC E3,fuel=100.00
1779166385.554,0x300,8,11 2A 7E EF C6 2F A7 AD,temp=57.00
1779166385.644,0x100,8,15 DF A4 7B 07 C6 8E 52,speed=21.00
1779166385.736,0x200,8,41 64 C7 C6 AD 98 03 E7,fuel=100.00
1779166385.830,0x300,8,11 4C E2 F3 44 D9 FE AB,temp=57.00
1779166385.916,0x100,8,15 89 68 68 02 E2 0C 29,speed=21.00
1779166386.009,0x200,8,44 64 A5 5B 31 4D 85 40,fuel=100.00
1779166386.104,0x300,8,11 21 59 3F E2 E5 38 CE,temp=57.00
1779166386.197,0x100,8,15 82 96 9D 86 D0 84 55,speed=21.00
1779166386.292,0x200,8,D2 64 62 52 52 97 ED 39,fuel=100.00
1779166386.386,0x300,8,11 D7 42 CD EE BB 7F 71,temp=57.00
1779166386.482,0x100,8,15 FE 18 43 D4 89 C8 A1,speed=21.00
1779166386.573,0x200,8,D9 64 D8 DD B0 D9 58 BA,fuel=100.00
1779166386.667,0x300,8,11 1F 4D FF 33 E4 3E B0,temp=57.00
1779166386.757,0x100,8,15 CD EE 46 F7 20 61 D8,speed=21.00
1779166386.853,0x200,8,8C 64 AF F8 2B 09 CD 02,fuel=100.00
1779166386.952,0x300,8,11 1E 76 44 70 7F 9C A4,temp=57.00
1779166387.053,0x100,8,15 12 F5 96 8D 95 31 08,speed=21.00
1779166387.147,0x200,8,42 64 3E E6 C4 81 F6 EA,fuel=100.00
1779166387.228,0x300,8,11 0C 55 51 02 9F 90 16,temp=57.00
1779166387.334,0x100,8,15 CA 1C CE C1 36 1D 75,speed=21.00
1779166387.429,0x200,8,A1 64 84 EA 06 06 E2 22,fuel=100.00
1779166387.522,0x300,8,11 54 20 35 15 8D C5 3C,temp=57.00
1779166387.615,0x100,8,15 5D 74 4A F8 29 1D 8C,speed=21.00
1779166387.708,0x200,8,49 64 47 AB 7E 96 CD 0F,fuel=100.00
1779166387.803,0x300,8,11 54 C5 13 5A 59 6F CA,temp=57.00
1779166387.895,0x100,8,15 48 B3 82 D0 29 21 DF,speed=21.00
1779166387.990,0x200,8,91 64 26 80 EF FD 8F 95,fuel=100.00
1779166388.084,0x300,8,11 67 1D 73 B7 EC E2 40,temp=57.00
1779166388.180,0x100,8,15 B6 6F 68 46 A0 7E 9F,speed=21.00
1779166388.271,0x200,8,87 64 57 EF F2 98 AE 9F,fuel=100.00
1779166388.366,0x300,8,11 4B A5 C3 C6 99 DB CA,temp=57.00
1779166388.459,0x100,8,15 89 4F 52 72 7E 51 6C,speed=21.00
1779166388.551,0x200,8,E6 64 04 FB E1 BF 4A 25,fuel=100.00
1779166388.644,0x300,8,11 1B 91 F1 E9 5A CC 2E,temp=57.00
1779166388.738,0x100,8,15 ED E6 AC 80 07 52 7B,speed=21.00
1779166388.832,0x200,8,DA 64 C9 61 B5 1F 62 05,fuel=100.00
1779166388.926,0x300,8,11 99 E2 0F 0C B3 3E 73,temp=57.00
1779166389.020,0x100,8,15 97 DB 6B D8 00 0C D3,speed=21.00
1779166389.112,0x200,8,A6 64 AD B2 58 75 CD D6,fuel=100.00
1779166389.205,0x300,8,11 C0 15 53 EE 0D EE 7A,temp=57.00
1779166389.299,0x100,8,15 5E F5 BE 5D B0 75 2C,speed=21.00
1779166389.395,0x200,8,1D 64 FD 78 3E 49 74 CC,fuel=100.00
1779166389.488,0x300,8,11 F0 1F A3 51 90 AB 5E,temp=57.00
1779166389.579,0x100,8,15 1C F4 87 59 4B 91 20,speed=21.00
1779166389.672,0x200,8,DC 64 1F 07 D1 01 EB 5E,fuel=100.00
1779166389.765,0x300,8,11 69 30 B8 E2 25 F8 E0,temp=57.00
1779166389.857,0x100,8,15 27 4C A8 E2 2B 5B D9,speed=21.00
1779166389.951,0x200,8,BC 64 6C D5 AF 09 54 43,fuel=100.00
1779166390.044,0x300,8,11 65 C5 B6 6B 6E E2 08,temp=57.00
1779166390.138,0x100,8,15 2B DA 6C 2D 20 D4 59,speed=21.00
1779166390.228,0x200,8,65 64 8D 36 DE 5E 90 F8,fuel=100.00
1779166390.322,0x300,8,11 A2 5C C0 85 75 51 64,temp=57.00
1779166390.416,0x100,8,15 D8 97 5F 3A FA 38 C2,speed=21.00
1779166390.509,0x200,8,12 64 F9 63 EB 18 C4 04,fuel=100.00
1779166390.603,0x300,8,11 F0 AF 81 AD 71 5C AE,temp=57.00
1779166390.696,0x100,8,15 2C 74 55 68 3B 11 3F,speed=21.00
1779166390.804,0x200,8,DB 64 5E 90 D8 78 D0 37,fuel=100.00
1779166390.885,0x300,8,11 BF 0E 2B BA 12 3A B4,temp=57.00
1779166390.981,0x100,8,15 E7 AC E1 2E 7A 18 07,speed=21.00
1779166391.074,0x200,8,D2 64 75 B5 C0 30 E3 06,fuel=100.00
1779166391.164,0x300,8,11 0F 01 98 1A 79 37 AA,temp=57.00
1779166391.274,0x100,8,15 66 95 44 BA 2E 85 D8,speed=21.00
1779166391.352,0x200,8,46 64 A9 F1 91 82 13 68,fuel=100.00
1779166391.461,0x300,8,11 86 8E 96 E4 5B 04 DA,temp=57.00
1779166391.539,0x100,8,15 9C 44 37 3A 6D BB E1,speed=21.00
1779166391.647,0x200,8,50 64 76 AF 99 F3 EF 86,fuel=100.00
1779166391.741,0x300,8,11 06 AF 87 B4 86 34 21,temp=57.00
1779166391.834,0x100,8,15 BF 24 F8 1E 5A 6A 2B,speed=21.00
1779166391.927,0x200,8,A1 64 36 85 25 20 52 1A,fuel=100.00
1779166392.021,0x300,8,11 2E EA 39 17 67 68 CD,temp=57.00
1779166392.115,0x100,8,15 9D 92 E5 E1 A3 C1 7B,speed=21.00
1779166392.208,0x200,8,B8 64 C9 AB C8 95 D4 D1,fuel=100.00
1779166392.301,0x300,8,11 CD 45 9A 57 A4 EA 27,temp=57.00
1779166392.396,0x100,8,15 DF FA E9 34 98 EC 1E,speed=21.00
1779166392.479,0x200,8,8B 64 D1 CA 1C CE 31 CD,fuel=100.00
1779166392.586,0x300,8,11 B2 CE 97 A4 0A CF FC,temp=57.00
1779166392.674,0x100,8,15 4D 45 0D D1 29 82 1A,speed=21.00
1779166392.768,0x200,8,42 64 FF F8 62 8E C1 92,fuel=100.00
1779166392.861,0x300,8,11 2C 22 17 C9 DA 4C 7C,temp=57.00
1779166392.958,0x100,8,15 51 81 CA C0 71 6B D4,speed=21.00
1779166393.048,0x200,8,62 64 77 44 D5 90 91 09,fuel=100.00
1779166393.140,0x300,8,11 3A 2D 19 97 45 8A ED,temp=57.00
1779166393.234,0x100,8,15 B3 77 A6 6D F5 8B 6E,speed=21.00
1779166393.328,0x200,8,8E 64 80 54 71 D3 3D CA,fuel=100.00
1779166393.420,0x300,8,11 D6 22 50 3F 01 35 F1,temp=57.00
1779166393.514,0x100,8,15 6C 8F 4B C1 A3 67 9D,speed=21.00
1779166393.605,0x200,8,65 64 02 69 F0 1D A2 0D,fuel=100.00
1779166393.697,0x300,8,11 19 C6 DA 43 6C 66 C8,temp=57.00
1779166393.794,0x100,8,15 CA AE A5 F1 AD 98 70,speed=21.00
1779166393.883,0x200,8,AB 64 8E CC 37 CE 28 C8,fuel=100.00
1779166393.981,0x300,8,11 1C 41 06 3C FE 4C 75,temp=57.00
1779166394.084,0x100,8,15 BD 1E 70 70 C0 77 BB,speed=21.00
1779166394.177,0x200,8,CC 64 53 91 34 AE FF E3,fuel=100.00
1779166394.269,0x300,8,11 72 81 83 53 85 24 58,temp=57.00
1779166394.364,0x100,8,15 F6 72 5F D3 36 95 53,speed=21.00
1779166394.456,0x200,8,64 64 A1 F6 7E 14 30 41,fuel=100.00
1779166394.550,0x300,8,11 FD 9D E4 3A C4 1F 08,temp=57.00
1779166394.644,0x100,8,15 7C 13 F3 87 26 7E 27,speed=21.00
1779166394.738,0x200,8,3B 64 66 F2 41 E8 02 DD,fuel=100.00
1779166394.832,0x300,8,11 C0 04 92 7B 9A AA C2,temp=57.00
1779166394.927,0x100,8,15 EF 73 3A 5C EF 4E 9C,speed=21.00
1779166395.020,0x200,8,CB 64 68 ED 4E 7E C4 0F,fuel=100.00
1779166395.113,0x300,8,11 F6 AB 8C DC 20 DA 74,temp=57.00
1779166395.207,0x100,8,15 B0 8C 4B EF 32 77 F1,speed=21.00
1779166395.298,0x200,8,4D 64 18 33 78 70 36 27,fuel=100.00
1779166395.391,0x300,8,11 1A F0 36 28 0D 01 2D,temp=57.00
1779166395.487,0x100,8,15 83 E4 5B 30 6C EB 0E,speed=21.00
1779166395.578,0x200,8,76 64 00 3A AE BB 21 C8,fuel=100.00
1779166395.672,0x300,8,11 F1 3D DC 6B 4C EF E8,temp=57.00
1779166395.765,0x100,8,15 2A CE EB F1 59 51 DF,speed=21.00
1779166395.859,0x200,8,69 64 05 AE 0F C1 22 B1,fuel=100.00
1779166395.952,0x300,8,11 1C CE A1 D6 FE 9A AC,temp=57.00
1779166396.046,0x100,8,15 C3 8E 3D AF BC 3C 2D,speed=21.00
1779166396.139,0x200,8,BB 64 BF E0 B8 6A B5 DD,fuel=100.00
1779166396.233,0x300,8,11 C8 83 9E 84 5E B9 92,temp=57.00
1779166396.327,0x100,8,15 F6 90 96 12 0E 75 91,speed=21.00
1779166396.420,0x200,8,00 64 AF C9 C6 7E 65 9F,fuel=100.00
1779166396.513,0x300,8,11 F8 3E DE 21 A6 F9 EE,temp=57.00
1779166396.606,0x100,8,15 88 F0 EB B4 E5 74 6B,speed=21.00
1779166396.700,0x200,8,A3 64 E6 DF 84 D7 5C FD,fuel=100.00
1779166396.794,0x300,8,11 A4 3B 38 C0 F5 C8 3C,temp=57.00
1779166396.887,0x100,8,15 08 E1 12 E5 86 84 03,speed=21.00
1779166396.984,0x200,8,83 64 05 CB C4 FA 5A 7A,fuel=100.00
1779166397.081,0x300,8,11 CD 95 59 D8 F7 E3 56,temp=57.00
1779166397.175,0x100,8,15 84 63 F3 50 4D D1 CF,speed=21.00
1779166397.271,0x200,8,15 64 DF 1D FD 22 59 51,fuel=100.00
1779166397.362,0x300,8,11 FD 09 2A 38 BF 50 70,temp=57.00
1779166397.454,0x100,8,15 D2 AC C4 2E A3 5B C9,speed=21.00
1779166397.548,0x200,8,55 64 AF F5 F6 C3 30 01,fuel=100.00
1779166397.643,0x300,8,11 F2 46 7E 2D 6E C3 73,temp=57.00
1779166397.734,0x100,8,15 A8 5C 4F 18 12 B1 4F,speed=21.00
1779166397.828,0x200,8,A8 64 32 15 1B AF 26 90,fuel=100.00
1779166397.922,0x300,8,11 14 EB BE D1 87 EC 14,temp=57.00
1779166398.014,0x100,8,15 5B E3 83 C7 60 41 34,speed=21.00
1779166398.105,0x200,8,BA 64 AD 52 CC 2E F3 03,fuel=100.00
1779166398.199,0x300,8,11 1D FB 00 B2 67 78 EE,temp=57.00
1779166398.294,0x100,8,15 CD 8D C6 D5 9E CA FE,speed=21.00
1779166398.385,0x200,8,37 64 22 3D 09 57 60 F8,fuel=100.00
1779166398.481,0x300,8,11 9E 03 06 D2 6C DB B8,temp=57.00
1779166398.573,0x100,8,15 D6 5D 7E 35 7E 57 E2,speed=21.00
1779166398.664,0x200,8,54 64 36 FC 75 2E 7B 36,fuel=100.00
1779166398.773,0x300,8,11 97 76 68 3B 90 CE E6,temp=57.00
1779166398.865,0x100,8,15 26 6B 7E 32 95 22 03,speed=21.00
1779166398.953,0x200,8,B2 64 5E 33 21 6B C4 5F,fuel=100.00
1779166399.049,0x300,8,11 B6 09 6B 75 1E 44 06,temp=57.00
1779166399.143,0x100,8,15 68 34 46 24 D1 02 82,speed=21.00
1779166399.234,0x200,8,76 64 B8 A3 50 44 CC 4A,fuel=100.00
1779166399.330,0x300,8,11 1E E6 CB 3C A7 80 A8,temp=57.00
1779166399.423,0x100,8,15 29 16 3E C3 B6 D2 C4,speed=21.00
1779166399.515,0x200,8,5E 64 F5 51 12 1C DD 3F,fuel=100.00
1779166399.609,0x300,8,11 AC E6 94 1E F1 BE 4F,temp=57.00
1779166399.702,0x100,8,15 C9 E8 15 54 CC 16 CC,speed=21.00
1779166399.805,0x200,8,D4 64 73 AF 0C F5 E5 5F,fuel=100.00
1779166399.886,0x300,8,11 15 66 83 DE C7 F3 6F,temp=57.00
1779166399.981,0x100,8,15 58 17 9D B0 2B F8 69,speed=21.00
1779166400.071,0x200,8,86 64 2F 5D 83 52 8E BD,fuel=100.00
1779166400.179,0x300,8,11 6D 69 16 ED 0F BC E7,temp=57.00
1779166400.259,0x100,8,15 6E 51 FC D8 55 09 F4,speed=21.00
1779166400.369,0x200,8,06 64 62 42 CC F0 7E DB,fuel=100.00
1779166400.459,0x300,8,11 21 2F 44 05 52 8F 54,temp=57.00
1779166400.552,0x100,8,15 A4 26 86 2D 62 74 BD,speed=21.00
1779166400.644,0x200,8,14 64 37 44 5A DA 0A F0,fuel=100.00
1779166400.737,0x300,8,11 4C EB C9 A2 C6 67 B4,temp=57.00
1779166400.831,0x100,8,15 59 A6 56 6E 40 BC 5D,speed=21.00
1779166400.925,0x200,8,A9 64 C6 37 53 31 2D B4,fuel=100.00
1779166401.017,0x300,8,11 35 0F 1C DE D8 63 B1,temp=57.00
1779166401.110,0x100,8,15 C3 C7 76 59 56 8B 04,speed=21.00
1779166401.204,0x200,8,6A 64 80 2F 68 CB 59 11,fuel=100.00
1779166401.300,0x300,8,11 DE 7F F1 A1 CE 92 5B,temp=57.00
1779166401.391,0x100,8,15 D2 29 75 25 C6 6C 90,speed=21.00
1779166401.485,0x200,8,26 64 6F 36 4E B9 DB 13,fuel=100.00
1779166401.577,0x300,8,11 B6 C1 BC 1F 5E 25 88,temp=57.00
1779166401.671,0x100,8,15 03 43 B0 82 0D 0D C2,speed=21.00
1779166401.764,0x200,8,FD 64 E3 25 60 C7 4A E0,fuel=100.00
1779166401.859,0x300,8,11 00 31 2D 2B 1B 39 17,temp=57.00
1779166401.949,0x100,8,15 41 46 C1 FB A1 69 2C,speed=21.00
1779166402.044,0x200,8,9F 64 11 C7 E6 D7 27 12,fuel=100.00
1779166402.136,0x300,8,11 18 1B 7C 9D 39 2A E7,temp=57.00
1779166402.229,0x100,8,15 53 BC DC 45 8E C6 09,speed=21.00
1779166402.322,0x200,8,E3 64 77 74 BB 17 47 64,fuel=100.00
1779166402.415,0x300,8,11 FD FA 99 A2 B7 00 58,temp=57.00
1779166402.508,0x100,8,15 0B D6 A9 C6 42 6C DF,speed=21.00
1779166402.616,0x200,8,1F 64 2C 27 A9 9E D3 5F,fuel=100.00
1779166402.710,0x300,8,11 2A A2 DB E0 5B 41 85,temp=57.00
1779166402.804,0x100,8,15 97 BF 4E AA 38 40 0B,speed=21.00
1779166402.897,0x200,8,DD 64 D5 7F C1 09 66 82,fuel=100.00
1779166402.992,0x300,8,11 40 DE A9 42 86 47 FF,temp=57.00
1779166403.079,0x100,8,15 D7 3F DB 42 CA 2D 12,speed=21.00
1779166403.171,0x200,8,DE 64 44 A1 2D 6F 60 9B,fuel=100.00
1779166403.265,0x300,8,11 DA 9C C9 14 EC D1 5B,temp=57.00
1779166403.359,0x100,8,15 AA 3F F4 36 0E B1 30,speed=21.00
1779166403.452,0x200,8,00 64 4A E7 86 6A 85 1F,fuel=100.00
1779166403.544,0x300,8,11 36 2C 55 37 53 C7 57,temp=57.00
1779166403.637,0x100,8,15 93 B9 2D CF A4 CB E8,speed=21.00
1779166403.729,0x200,8,85 64 AD 14 17 5E 7B CB,fuel=100.00
1779166403.822,0x300,8,11 11 12 6B 9D 2D 24 37,temp=57.00
1779166403.915,0x100,8,15 83 2B BF 4F 2A F0 AA,speed=21.00
1779166404.009,0x200,8,A8 64 38 D6 EF D9 B8 9F,fuel=100.00
1779166404.102,0x300,8,11 FC 3D 4F 15 AB E8 25,temp=57.00
1779166404.212,0x100,8,15 64 AC 6C CB 5E C3 2E,speed=21.00
1779166404.322,0x200,8,19 64 01 3A 9A 23 A2 56,fuel=100.00
1779166404.413,0x300,8,11 FE 9D A7 EB 84 A5 E9,temp=57.00
1779166404.507,0x100,8,15 89 AB C3 49 0D 79 EA,speed=21.00
1779166404.599,0x200,8,6F 64 87 E8 4E 1C 0E 3D,fuel=100.00
1779166404.692,0x300,8,11 F4 AC D6 93 5F AB 5C,temp=57.00
1779166404.787,0x100,8,15 29 B1 48 B2 8E 1C B8,speed=21.00
1779166404.883,0x200,8,87 64 4E 10 2A F3 58 1D,fuel=100.00
1779166404.972,0x300,8,11 EB 7D 84 07 36 B7 15,temp=57.00
1779166405.069,0x100,8,15 9B AC 70 EB 8B DC A9,speed=21.00
1779166405.162,0x200,8,82 64 96 74 43 35 BB F0,fuel=100.00
1779166405.257,0x300,8,11 42 B3 8D 75 B5 D6 0D,temp=57.00
1779166405.350,0x100,8,15 67 7E 91 34 A3 5C 44,speed=21.00
1779166405.444,0x200,8,81 64 4B 1F F8 8D A6 04,fuel=100.00
1779166405.535,0x300,8,11 82 9F 03 A8 08 2C 33,temp=57.00
1779166405.628,0x100,8,15 AE 4C C8 0C F4 8F 71,speed=21.00
1779166405.724,0x200,8,B0 64 1E 26 47 CC F3 82,fuel=100.00
1779166405.816,0x300,8,11 92 F5 B2 A5 CF F7 73,temp=57.00
1779166405.908,0x100,8,15 51 20 8B E9 7F C7 13,speed=21.00
1779166406.004,0x200,8,7E 64 9E E7 16 F0 4C 6F,fuel=100.00
1779166406.097,0x300,8,11 06 47 70 0B 92 A3 01,temp=57.00
1779166406.191,0x100,8,15 54 42 75 A0 4A A5 7D,speed=21.00
1779166406.284,0x200,8,44 64 56 7B 42 CD A8 CD,fuel=100.00
1779166406.378,0x300,8,11 E5 14 BA 6F A2 CC 57,temp=57.00
1779166406.474,0x100,8,15 5A B0 70 98 47 E8 6C,speed=21.00
1779166406.565,0x200,8,B2 64 92 B1 6B 4D F1 77,fuel=100.00
1779166406.659,0x300,8,11 6D 39 28 41 58 8A 5A,temp=57.00
1779166406.752,0x100,8,15 67 6C A7 88 CD 68 DE,speed=21.00
1779166406.845,0x200,8,A8 64 36 D3 81 D3 7A 72,fuel=100.00
1779166406.940,0x300,8,11 56 68 05 2A 69 E7 6B,temp=57.00
1779166407.032,0x100,8,15 DE 7E 16 C6 D6 00 67,speed=21.00
1779166407.125,0x200,8,FA 64 D5 02 D4 1D 39 75,fuel=100.00
1779166407.221,0x300,8,11 EB 1F A8 9E B5 62 10,temp=57.00
1779166407.316,0x100,8,15 6A C2 41 F2 01 CE 04,speed=21.00
1779166407.407,0x200,8,83 64 06 A2 D3 7D 37 C8,fuel=100.00
1779166407.501,0x300,8,11 D9 42 AF 41 5E E0 CD,temp=57.00
1779166407.592,0x100,8,15 97 7E BD FE 91 45 55,speed=21.00
1779166407.683,0x200,8,93 64 8F 20 05 A1 3A 91,fuel=100.00
1779166407.778,0x300,8,11 F7 60 AE E1 B7 8A 31,temp=57.00
1779166407.869,0x100,8,15 C6 B7 48 51 60 38 75,speed=21.00
1779166407.964,0x200,8,E2 64 76 31 FA 76 54 0D,fuel=100.00
1779166408.056,0x300,8,11 09 D0 6F 38 F1 2E 7A,temp=57.00
1779166408.149,0x100,8,15 D5 9C 38 95 41 A5 36,speed=21.00
1779166408.244,0x200,8,C3 64 1E D2 58 7E 78 D3,fuel=100.00
1779166408.337,0x300,8,11 63 8F 1E 32 F5 91 C7,temp=57.00
1779166408.433,0x100,8,15 76 9A D4 80 E1 18 8D,speed=21.00
1779166408.526,0x200,8,40 64 90 F1 EF A6 90 95,fuel=100.00
1779166408.618,0x300,8,11 2C 53 33 44 D8 58 57,temp=57.00
1779166408.728,0x100,8,15 21 C6 C7 82 6A 5F 7D,speed=21.00
1779166408.809,0x200,8,8B 64 E5 37 21 ED C9 42,fuel=100.00
1779166408.913,0x300,8,11 4B 69 60 3E FE 50 7C,temp=57.00
1779166409.005,0x100,8,15 CC 3F 85 97 1F B0 EF,speed=21.00
1779166409.101,0x200,8,14 64 E5 CF A0 9B C1 EF,fuel=100.00
1779166409.181,0x300,8,11 F4 F1 A1 64 2F 09 F6,temp=57.00
1779166409.274,0x100,8,15 98 04 F4 27 D3 8C 23,speed=21.00
1779166409.382,0x200,8,26 64 78 31 29 70 A0 15,fuel=100.00
1779166409.473,0x300,8,11 7B 9F 7B 53 C9 7B F0,temp=57.00
1779166409.566,0x100,8,15 38 0A CB 9E 20 09 47,speed=21.00
1779166409.660,0x200,8,5D 64 6E C5 31 36 7B 17,fuel=100.00
1779166409.752,0x300,8,11 80 CD A5 BE C1 FB 1A,temp=57.00
1779166409.846,0x100,8,15 00 E6 D3 8B 2A D2 C3,speed=21.00
1779166409.938,0x200,8,39 64 25 39 FB B7 A9 2A,fuel=100.00
1779166410.031,0x300,8,11 4E B9 60 71 2D D0 A7,temp=57.00
1779166410.125,0x100,8,15 85 C2 48 42 C4 D9 39,speed=21.00
1779166410.222,0x200,8,BD 64 A3 99 D0 1A D0 38,fuel=100.00
1779166410.313,0x300,8,11 81 3D 30 40 F2 4E 9E,temp=57.00
1779166410.407,0x100,8,15 08 E6 93 58 12 C0 6C,speed=21.00
1779166410.500,0x200,8,F7 64 63 A2 E9 36 E9 8F,fuel=100.00
1779166410.593,0x300,8,11 2C 58 42 12 BA 03 07,temp=57.00
1779166410.687,0x100,8,15 EC 8B DF 9A 8E EB 5C,speed=21.00
1779166410.781,0x200,8,E8 64 DE 81 55 F4 E7 A0,fuel=100.00
1779166410.874,0x300,8,11 63 E3 D5 04 37 41 C8,temp=57.00
1779166410.969,0x100,8,15 2E C4 29 64 84 E8 9C,speed=21.00
1779166411.059,0x200,8,8E 64 D7 27 46 0B 81 90,fuel=100.00
1779166411.154,0x300,8,11 0E C1 89 CE 8C 6E D5,temp=57.00
1779166411.249,0x100,8,15 8D 34 53 5E E1 5B A8,speed=21.00
1779166411.341,0x200,8,1A 64 95 87 6C B7 36 C4,fuel=100.00
1779166411.435,0x300,8,11 DD 7E 98 83 DD 3E 9F,temp=57.00
1779166411.529,0x100,8,15 C6 29 CA 90 58 C0 21,speed=21.00
1779166411.619,0x200,8,51 64 83 F6 F8 EC D5 24,fuel=100.00
1779166411.712,0x300,8,11 A9 2D 62 C3 3A 1F 67,temp=57.00
1779166411.805,0x100,8,15 02 A3 09 4E A1 E7 8B,speed=21.00
1779166411.899,0x200,8,3E 64 FF 83 FF CA BD FF,fuel=100.00
1779166411.994,0x300,8,11 79 9F C1 EF 8E AD 19,temp=57.00
1779166412.086,0x100,8,15 D7 85 D5 CE 0C 67 F2,speed=21.00
1779166412.181,0x200,8,D8 64 46 8F 25 17 C2 5E,fuel=100.00
1779166412.275,0x300,8,11 0F 36 66 25 42 53 28,temp=57.00
1779166412.382,0x100,8,15 AF C4 41 04 30 48 46,speed=21.00
1779166412.475,0x200,8,6B 64 2B CF 13 31 53 3C,fuel=100.00
1779166412.567,0x300,8,11 DE C6 F4 E7 0C 08 1C,temp=57.00
1779166412.660,0x100,8,15 E6 97 E0 9D 69 67 09,speed=21.00
1779166412.753,0x200,8,2B 64 A3 AC 23 CE AB 1E,fuel=100.00
1779166412.837,0x300,8,11 EB 7F 42 F4 58 A2 B5,temp=57.00
1779166412.945,0x100,8,15 C6 2C 37 94 CE E4 02,speed=21.00
1779166413.036,0x200,8,36 64 B4 14 1D D7 FF 7B,fuel=100.00
1779166413.130,0x300,8,11 BC A6 E1 C7 91 8B 8B,temp=57.00
1779166413.224,0x100,8,15 71 4C 87 E9 26 D0 F3,speed=21.00
1779166413.317,0x200,8,02 64 0E 6C 87 2D 59 EB,fuel=100.00
1779166413.399,0x300,8,11 EF 26 1E 32 F3 FE 93,temp=57.00
1779166413.493,0x100,8,15 B1 81 6A D5 CC 7C 46,speed=21.00
1779166413.587,0x200,8,67 64 C2 C4 9B 64 A0 A7,fuel=100.00
1779166413.681,0x300,8,11 4E 2E 5C D6 19 E4 BF,temp=57.00
1779166413.774,0x100,8,15 81 B5 9A B4 1B C1 F3,speed=21.00
1779166413.868,0x200,8,C9 64 A4 54 C8 E3 DD F5,fuel=100.00
1779166413.964,0x300,8,11 A2 2C CF A2 B1 96 44,temp=57.00
1779166414.069,0x100,8,15 B9 0E 69 92 D6 C1 4C,speed=21.00
1779166414.163,0x200,8,B5 64 E3 A1 3B 2D 22 E3,fuel=100.00
1779166414.252,0x300,8,11 CE D3 46 2F 9F 98 C3,temp=57.00
1779166414.347,0x100,8,15 22 F1 7F 46 65 8E D9,speed=21.00
1779166414.430,0x200,8,10 64 59 85 16 3D 70 7A,fuel=100.00
1779166414.527,0x300,8,11 8C 51 AB 97 D5 DE BD,temp=57.00
1779166414.621,0x100,8,15 98 61 C2 20 75 46 BF,speed=21.00
1779166414.713,0x200,8,8A 64 3F 61 25 89 F2 FF,fuel=100.00
1779166414.806,0x300,8,11 1C 4A BF 78 11 B6 A1,temp=57.00
1779166414.900,0x100,8,15 4C C6 51 95 56 E1 70,speed=21.00
1779166414.998,0x200,8,07 64 CB 8F EE A2 95 03,fuel=100.00
1779166415.100,0x300,8,11 D5 65 89 3A 0C BE 01,temp=57.00
1779166415.195,0x100,8,15 19 FD 70 BF B0 29 58,speed=21.00
1779166415.286,0x200,8,4B 64 78 7E AF A0 E5 24,fuel=100.00
1779166415.373,0x300,8,11 9A 8F A2 7A 5C 09 4A,temp=57.00
1779166415.466,0x100,8,15 39 0F 46 61 45 3A 4C,speed=21.00
1779166415.558,0x200,8,1A 64 F1 BA AF 6D 2A 06,fuel=100.00
1779166415.654,0x300,8,11 9B AB D5 5A B2 3F ED,temp=57.00
1779166415.746,0x100,8,15 10 0F BA F2 1F 83 79,speed=21.00
1779166415.843,0x200,8,C0 64 86 EF A4 06 66 AE,fuel=100.00
1779166415.936,0x300,8,11 8A 49 43 A5 9C 37 C3,temp=57.00
1779166416.026,0x100,8,15 14 15 C1 84 A0 60 F3,speed=21.00
1779166416.119,0x200,8,3B 64 EF 21 D6 2A 2C D2,fuel=100.00
1779166416.217,0x300,8,11 6E 51 65 8E 1C 78 D5,temp=57.00
1779166416.309,0x100,8,15 1E 82 F5 1D 03 97 B8,speed=21.00
1779166416.405,0x200,8,36 64 8E 96 DD A1 BA 03,fuel=100.00
1779166416.494,0x300,8,11 AA CC 31 DD 20 AE 3B,temp=57.00
1779166416.587,0x100,8,15 74 9D 93 68 0E 1D 81,speed=21.00
1779166416.682,0x200,8,C7 64 98 49 4B 5E BB FC,fuel=100.00
1779166416.775,0x300,8,11 AE 28 FE 1B 6F A2 1E,temp=57.00
1779166416.869,0x100,8,15 A1 2C 43 1F BE 66 5E,speed=21.00
1779166416.963,0x200,8,AC 64 F2 72 03 E1 C6 65,fuel=100.00
1779166417.069,0x300,8,11 99 D9 94 FC B7 AB E7,temp=57.00
1779166417.165,0x100,8,15 76 AC 92 49 DA 6A 42,speed=21.00
1779166417.244,0x200,8,57 64 B4 6D 46 91 6B 4F,fuel=100.00
1779166417.337,0x300,8,11 89 6E 0C 1D 23 58 CA,temp=57.00
1779166417.445,0x100,8,15 15 EB 20 C2 34 55 9A,speed=21.00
1779166417.541,0x200,8,23 64 3B 01 BB CF 40 4E,fuel=100.00
1779166417.632,0x300,8,11 F7 87 1B F6 55 E0 14,temp=57.00
1779166417.741,0x100,8,15 8F 02 C9 70 B0 79 B1,speed=21.00
1779166417.834,0x200,8,E9 64 6B C9 07 83 77 13,fuel=100.00
1779166417.927,0x300,8,11 3F DF 50 B6 F0 B5 BB,temp=57.00
1779166418.019,0x100,8,15 F7 AD F2 E9 8A 0C 35,speed=21.00
1779166418.114,0x200,8,11 64 95 D4 0E AF CD 0F,fuel=100.00
1779166418.208,0x300,8,11 47 BF 14 B7 B8 A3 93,temp=57.00
1779166418.303,0x100,8,15 AB FD 11 EC 32 13 22,speed=21.00
1779166418.395,0x200,8,9D 64 5E 71 91 D7 E2 95,fuel=100.00
1779166418.494,0x300,8,11 3D 68 8A B7 1C C5 CE,temp=57.00
1779166418.581,0x100,8,15 0B 90 D3 CE CD 42 C3,speed=21.00
1779166418.668,0x200,8,56 64 DF C7 81 16 0D 44,fuel=100.00
1779166418.763,0x300,8,11 A9 8D B2 72 84 C8 BF,temp=57.00
1779166418.855,0x100,8,15 F0 2F 0D D9 13 17 EC,speed=21.00
1779166418.949,0x200,8,2F 64 6B 47 57 5E 23 47,fuel=100.00
1779166419.040,0x300,8,11 AB 45 AE B2 96 0A 2B,temp=57.00
1779166419.133,0x100,8,15 F3 62 53 82 27 E2 0F,speed=21.00
1779166419.226,0x200,8,02 64 D4 18 CB 97 A8 23,fuel=100.00
1779166419.321,0x300,8,11 8E 3A 42 DC CB E6 3D,temp=57.00
1779166419.415,0x100,8,15 E1 19 9D EE 1E 9F DA,speed=21.00
1779166419.524,0x200,8,FA 64 A4 DF 47 0D 4B D4,fuel=100.00
1779166419.615,0x300,8,11 51 7A A2 D4 27 C9 34,temp=57.00
1779166419.710,0x100,8,15 72 E1 CA 95 D6 B6 C4,speed=21.00
1779166419.801,0x200,8,DF 64 F8 A9 D5 7E 34 41,fuel=100.00
1779166419.896,0x300,8,11 D0 9F 08 75 26 87 70,temp=57.00
1779166419.994,0x100,8,15 D3 F3 5B A2 67 9B A2,speed=21.00
1779166420.082,0x200,8,0B 64 0B 90 4C D1 EB 00,fuel=100.00
1779166420.175,0x300,8,11 CA BF 5C AF 05 8B FA,temp=57.00
1779166420.268,0x100,8,15 6D F7 A6 D5 50 E6 DA,speed=21.00
1779166420.360,0x200,8,CF 64 25 A3 D4 B2 88 A3,fuel=100.00
1779166420.452,0x300,8,11 9F 3E 27 63 02 47 2A,temp=57.00
1779166420.544,0x100,8,15 59 76 4A E0 43 80 CC,speed=21.00
1779166420.637,0x200,8,4B 64 CD 09 F9 E7 B0 4F,fuel=100.00
1779166420.728,0x300,8,11 0C 6D CC 5A DC A8 72,temp=57.00
1779166420.822,0x100,8,15 BA 2E 14 D7 35 D7 ED,speed=21.00
1779166420.916,0x200,8,AE 64 C1 91 45 96 61 C3,fuel=100.00
1779166421.008,0x300,8,11 9A BD 7C 0B 94 16 AE,temp=57.00
1779166421.102,0x100,8,15 1B DD F8 1F 90 7D C7,speed=21.00
1779166421.197,0x200,8,86 64 66 FE 9E 2C 10 A8,fuel=100.00
1779166421.306,0x300,8,11 E7 0A 26 6F 83 D1 6E,temp=57.00
1779166421.398,0x100,8,15 39 2C 95 0A 2F 9F E8,speed=21.00
1779166421.484,0x200,8,80 64 88 8A AD D0 16 BB,fuel=100.00
1779166421.584,0x300,8,11 D0 6C 74 85 BB 3A 89,temp=57.00
1779166421.677,0x100,8,15 84 EA E5 13 C2 63 AB,speed=21.00
1779166421.769,0x200,8,12 64 13 E9 67 EB 90 09,fuel=100.00
1779166421.864,0x300,8,11 87 6C 46 BA 43 DB 58,temp=57.00
1779166421.958,0x100,8,15 D0 E2 50 F2 F7 BD 97,speed=21.00
1779166422.050,0x200,8,FF 64 B4 DD 0A 88 90 F4,fuel=100.00
1779166422.144,0x300,8,11 40 FF 5A 4F A0 FB 35,temp=57.00
1779166422.240,0x100,8,15 FA 5A FF AF 42 80 8B,speed=21.00
1779166422.333,0x200,8,62 64 FF 97 4A 76 9F 47,fuel=100.00
1779166422.426,0x300,8,11 7E 9E 49 F1 0C 7E 0E,temp=57.00
1779166422.518,0x100,8,15 CF D2 F7 F7 87 67 16,speed=21.00
1779166422.614,0x200,8,FD 64 F1 B2 D0 3D D5 D3,fuel=100.00
1779166422.709,0x300,8,11 4E 55 73 6F CB D1 ED,temp=57.00
1779166422.806,0x100,8,15 0D 55 8F 56 79 E3 76,speed=21.00
1779166422.884,0x200,8,5C 64 1A D5 FB 79 7D 2B,fuel=100.00
1779166422.993,0x300,8,11 87 7A F0 3E 1A 50 49,temp=57.00
1779166423.083,0x100,8,15 02 69 F1 69 81 67 BA,speed=21.00
1779166423.180,0x200,8,82 64 2D BE 52 E8 E5 F3,fuel=100.00
1779166423.271,0x300,8,11 A2 3F 9F F7 19 A2 13,temp=57.00
1779166423.367,0x100,8,15 CF 0B 56 1A 9A 38 15,speed=21.00
1779166423.460,0x200,8,EE 64 6B B0 17 DF 49 15,fuel=100.00
1779166423.554,0x300,8,11 64 75 5C 63 97 4E 20,temp=57.00
1779166423.646,0x100,8,15 AC DE 00 34 7E 5A 6A,speed=21.00
1779166423.738,0x200,8,05 64 9D 54 B3 A1 97 0C,fuel=100.00
1779166423.830,0x300,8,11 29 64 D1 B1 91 03 1C,temp=57.00
1779166423.926,0x100,8,15 77 CA 68 73 47 FA DD,speed=21.00
1779166424.020,0x200,8,75 64 3C BA EC 0F 65 2B,fuel=100.00
1779166424.114,0x300,8,11 8B 29 51 5D 77 5D 2D,temp=57.00
1779166424.207,0x100,8,15 C3 E2 6D 52 47 F3 3D,speed=21.00
1779166424.301,0x200,8,0F 64 A5 3D 24 C1 09 7A,fuel=100.00
1779166424.395,0x300,8,11 D2 61 02 08 14 9E 1C,temp=57.00
1779166424.492,0x100,8,15 56 B0 77 5D 29 F2 6D,speed=21.00
1779166424.578,0x200,8,93 64 4B 27 0F CB 63 86,fuel=100.00
1779166424.674,0x300,8,11 C3 F4 56 44 76 AC 3D,temp=57.00
1779166424.771,0x100,8,15 FA 80 FE 4F 22 6D 37,speed=21.00
1779166424.864,0x200,8,A9 64 71 D0 8B 33 EA DD,fuel=100.00
1779166424.962,0x300,8,11 98 FA 6E BF 90 94 85,temp=57.00
1779166425.053,0x100,8,15 DA A2 12 DB 52 0D 9E,speed=21.00
1779166425.146,0x200,8,DA 64 89 1E E1 B1 C6 12,fuel=100.00
1779166425.239,0x300,8,11 7F 0B C0 B4 B6 7C D7,temp=57.00
1779166425.332,0x100,8,15 5D 8E 5D FB 8C B1 AE,speed=21.00
1779166425.425,0x200,8,09 64 8D B7 AF 1D 01 F6,fuel=100.00
1779166425.520,0x300,8,11 67 8E FD D1 8D 41 94,temp=57.00
1779166425.613,0x100,8,15 C5 2F F4 BE EB 74 29,speed=21.00
1779166425.706,0x200,8,4A 64 F3 F2 F7 F1 50 04,fuel=100.00
1779166425.801,0x300,8,11 88 15 45 86 BC 1F B8,temp=57.00
1779166425.893,0x100,8,15 23 71 66 ED 78 2E 11,speed=21.00
1779166425.988,0x200,8,08 64 BD 37 23 B3 3E 28,fuel=100.00
1779166426.078,0x300,8,11 41 56 6E 4E E4 0E 43,temp=57.00
1779166426.172,0x100,8,15 A6 07 00 1E 39 29 B6,speed=21.00
1779166426.266,0x200,8,09 64 E4 37 19 E0 B4 56,fuel=100.00
1779166426.359,0x300,8,11 11 B8 19 69 48 9A 82,temp=57.00
1779166426.450,0x100,8,15 38 27 2E BB 68 D3 23,speed=21.00
1779166426.542,0x200,8,93 64 B0 A6 66 5E 3C 9C,fuel=100.00
1779166426.636,0x300,8,11 8C C8 10 C2 3D 69 53,temp=57.00
1779166426.729,0x100,8,15 3E 90 02 33 2E EB 0F,speed=21.00
1779166426.822,0x200,8,73 64 A4 57 21 CE ED 04,fuel=100.00
1779166426.917,0x300,8,11 2A 6B E5 D5 07 9A 20,temp=57.00
1779166427.010,0x100,8,15 DF 87 E3 DE D4 B0 15,speed=21.00
1779166427.105,0x200,8,0C 64 29 7C 2B 81 B2 93,fuel=100.00
1779166427.208,0x300,8,11 19 91 3A 34 45 FC EC,temp=57.00
1779166427.301,0x100,8,15 79 B1 E9 56 32 69 75,speed=21.00
1779166427.394,0x200,8,3E 64 3D 0D 44 D9 03 00,fuel=100.00
1779166427.493,0x300,8,11 72 1E E3 77 72 1B 51,temp=57.00
1779166427.581,0x100,8,15 4F 8F 20 35 FB F1 4F,speed=21.00
1779166427.676,0x200,8,A1 64 00 F3 E3 D0 6D BA,fuel=100.00
1779166427.768,0x300,8,11 52 F3 9D 14 AF 96 0D,temp=57.00
1779166427.864,0x100,8,15 54 96 4A 74 05 08 3B,speed=21.00
1779166427.952,0x200,8,B8 64 65 6E FB 3B 15 D7,fuel=100.00
1779166428.047,0x300,8,11 DB 73 A9 9E D4 FA 8E,temp=57.00
1779166428.139,0x100,8,15 1B D3 E0 0D BB 37 D8,speed=21.00
1779166428.231,0x200,8,67 64 57 6E C5 0B 19 4F,fuel=100.00
1779166428.325,0x300,8,11 78 1D 65 94 17 AF 34,temp=57.00
1779166428.416,0x100,8,15 A4 90 5F 76 59 B1 15,speed=21.00
1779166428.510,0x200,8,8F 64 E4 7B C0 32 B5 A7,fuel=100.00
1779166428.607,0x300,8,11 12 4B 87 2C E1 19 94,temp=57.00
1779166428.701,0x100,8,15 84 3C 67 69 51 3B 2A,speed=21.00
1779166428.792,0x200,8,BE 64 70 CE 87 08 3C 53,fuel=100.00
1779166428.887,0x300,8,11 B1 DC D8 AE F9 87 9D,temp=57.00
1779166428.984,0x100,8,15 AF 30 A7 38 A1 0A 9D,speed=21.00
1779166429.084,0x200,8,48 64 EF 4F 18 8C DE 56,fuel=100.00
1779166429.180,0x300,8,11 47 BF 1B 8F D4 BC CB,temp=57.00
1779166429.273,0x100,8,15 D8 4A E1 D5 04 5F D7,speed=21.00
1779166429.368,0x200,8,06 64 CA 62 C4 9B 7E E9,fuel=100.00
1779166429.458,0x300,8,11 85 5B C0 9A D6 5E 78,temp=57.00
1779166429.549,0x100,8,15 50 37 88 D3 BE EA A3,speed=21.00
1779166429.642,0x200,8,92 64 A7 E5 03 61 C2 9B,fuel=100.00
1779166429.737,0x300,8,11 58 5F E3 F4 80 28 62,temp=57.00
1779166429.829,0x100,8,15 31 C9 26 93 9D 29 9C,speed=21.00
1779166429.924,0x200,8,1E 64 1D F0 36 81 45 95,fuel=100.00
1779166430.017,0x300,8,11 B2 BE 59 9F CC 26 E8,temp=57.00
1779166430.110,0x100,8,15 CC E6 61 54 22 79 32,speed=21.00
1779166430.203,0x200,8,13 64 6E A5 05 C6 6E 8F,fuel=100.00
1779166430.298,0x300,8,11 72 B5 44 FD ED F7 5B,temp=57.00
1779166430.391,0x100,8,15 72 3A 49 59 F3 28 83,speed=21.00
1779166430.488,0x200,8,0C 64 4A A5 D5 D6 1B 34,fuel=100.00
1779166430.578,0x300,8,11 16 76 E9 54 C2 3A D8,temp=57.00
1779166430.671,0x100,8,15 C1 88 16 76 44 20 30,speed=21.00
1779166430.762,0x200,8,A4 64 90 FE F7 F3 30 F8,fuel=100.00
1779166430.855,0x300,8,11 42 49 8B 89 AD 67 C7,temp=57.00
1779166430.952,0x100,8,15 69 76 01 52 41 00 C6,speed=21.00
1779166431.041,0x200,8,72 64 38 47 09 83 ED F1,fuel=100.00
1779166431.135,0x300,8,11 B1 09 B2 4B D4 E7 30,temp=57.00
1779166431.228,0x100,8,15 75 DC 09 9D 55 67 5D,speed=21.00
1779166431.323,0x200,8,D0 64 4D 14 8D E0 F7 03,fuel=100.00
1779166431.416,0x300,8,11 05 63 18 E3 40 DB E4,temp=57.00
1779166431.522,0x100,8,15 9A 7C 43 DC 57 72 89,speed=21.00
1779166431.617,0x200,8,57 64 5B E6 DA 21 E3 B8,fuel=100.00
1779166431.709,0x300,8,11 CB F0 81 76 49 D2 24,temp=57.00
1779166431.802,0x100,8,15 FB D0 0E B5 5B CF 2D,speed=21.00
1779166431.897,0x200,8,44 64 79 20 23 EA 54 06,fuel=100.00
1779166431.993,0x300,8,11 07 A5 47 4F 4C FA 9F,temp=57.00
1779166432.082,0x100,8,15 6C 7D 36 EB 2E FD 27,speed=21.00
1779166432.175,0x200,8,C0 64 09 2E B1 64 5F 0D,fuel=100.00
1779166432.269,0x300,8,11 D1 5D 81 ED 61 0A 08,temp=57.00
1779166432.361,0x100,8,15 A2 43 EA 8A 8F 67 22,speed=21.00
1779166432.456,0x200,8,E9 64 7E 78 8F A9 F8 70,fuel=100.00
1779166432.550,0x300,8,11 38 6B 91 BF 17 56 C0,temp=57.00
1779166432.644,0x100,8,15 C0 99 02 1F C4 6B 3A,speed=21.00
1779166432.738,0x200,8,AD 64 42 66 FF 52 37 93,fuel=100.00
1779166432.832,0x300,8,11 16 B8 A8 B6 0C AD 71,temp=57.00
1779166432.926,0x100,8,15 A8 29 A6 92 EF DC 0E,speed=21.00
1779166433.017,0x200,8,96 64 B7 2B 16 DD 8F 57,fuel=100.00
1779166433.111,0x300,8,11 2F 16 41 86 93 D2 8F,temp=57.00
1779166433.204,0x100,8,15 43 81 C3 9C CB D2 CD,speed=21.00
1779166433.297,0x200,8,E1 64 C7 49 F5 64 8B FB,fuel=100.00
1779166433.394,0x300,8,11 0E A7 81 B2 49 08 28,temp=57.00
1779166433.488,0x100,8,15 AF 27 AB BC 55 F2 AB,speed=21.00
1779166433.579,0x200,8,00 64 19 F3 63 C8 25 4E,fuel=100.00
1779166433.673,0x300,8,11 98 40 EF 50 1F 47 30,temp=57.00
1779166433.768,0x100,8,15 7B E3 89 0D DC 23 7C,speed=21.00
1779166433.861,0x200,8,1E 64 8B D8 D9 90 67 93,fuel=100.00
1779166433.955,0x300,8,11 D8 14 16 60 DF 6B F5,temp=57.00
1779166434.047,0x100,8,15 1F 3E B5 A7 6A 3B D5,speed=21.00
1779166434.140,0x200,8,D1 64 3E 02 4C 08 33 47,fuel=100.00
1779166434.232,0x300,8,11 45 FB 88 D5 56 7C AB,temp=57.00
1779166434.325,0x100,8,15 F0 6B 0B 3F 9B 6A 08,speed=21.00
1779166434.420,0x200,8,FC 64 CD AF A1 1F E9 48,fuel=100.00
1779166434.512,0x300,8,11 46 10 92 7A 20 AD 0A,temp=57.00
1779166434.606,0x100,8,15 5B C7 BF 13 92 8D DE,speed=21.00
1779166434.698,0x200,8,9B 64 BB BD B3 EA C9 52,fuel=100.00
1779166434.790,0x300,8,11 77 63 48 D0 CA 84 C5,temp=57.00
1779166434.886,0x100,8,15 94 2A BD 74 8C 9B 26,speed=21.00
1779166434.979,0x200,8,45 64 EF D8 FD DB 0A D6,fuel=100.00
1779166435.086,0x300,8,11 0B 4B 00 07 08 20 79,temp=57.00
1779166435.194,0x100,8,15 68 F6 36 0C 1F CE AF,speed=21.00
1779166435.287,0x200,8,0D 64 5F 2C 94 89 22 F4,fuel=100.00
1779166435.381,0x300,8,11 44 46 1E 1A 84 5A 75,temp=57.00
1779166435.476,0x100,8,15 E3 0D E1 81 12 A2 9A,speed=21.00
1779166435.567,0x200,8,D2 64 18 A2 F1 7E 7A BD,fuel=100.00
1779166435.661,0x300,8,11 D9 0F 4B DA 55 1B C2,temp=57.00
1779166435.753,0x100,8,15 6F B7 F3 D2 6B 39 A9,speed=21.00
1779166435.847,0x200,8,91 64 EE DB 87 AE 7E 33,fuel=100.00
1779166435.932,0x300,8,11 FA 3F E7 F3 8A E8 7B,temp=57.00
1779166436.033,0x100,8,15 CB B5 1E FA 0F E9 EE,speed=21.00
1779166436.126,0x200,8,DD 64 78 F1 AC CD E6 78,fuel=100.00
1779166436.221,0x300,8,11 20 1F 22 F3 BB E9 2F,temp=57.00
1779166436.314,0x100,8,15 DF DA 12 A5 6B E4 4D,speed=21.00
1779166436.407,0x200,8,DF 64 4A 14 8F D9 4E FA,fuel=100.00
1779166436.502,0x300,8,11 E2 6A 36 4C 73 18 F7,temp=57.00
1779166436.595,0x100,8,15 E5 31 FB DE 53 3B C8,speed=21.00
1779166436.688,0x200,8,84 64 5A 79 A6 F3 5B B6,fuel=100.00
1779166436.780,0x300,8,11 0D 34 E4 72 1B 90 94,temp=57.00
1779166436.875,0x100,8,15 96 9B 34 10 7D 1B 56,speed=21.00
1779166436.969,0x200,8,F8 64 1D 16 29 0D 2E A7,fuel=100.00
1779166437.061,0x300,8,11 5E 99 FD 20 15 BB E0,temp=57.00
1779166437.154,0x100,8,15 28 76 1B 3F F8 D9 4A,speed=21.00
1779166437.247,0x200,8,A0 64 55 7C 82 10 65 5D,fuel=100.00
1779166437.341,0x300,8,11 2F 82 6E 65 DC 93 90,temp=57.00
1779166437.434,0x100,8,15 1F 0C 62 7E 44 70 8A,speed=21.00
1779166437.527,0x200,8,34 64 31 E7 CE D2 F5 F0,fuel=100.00
1779166437.621,0x300,8,11 5E 27 DA 87 6D A4 72,temp=57.00
1779166437.714,0x100,8,15 8B 19 8B 5E 5F B2 97,speed=21.00
1779166437.806,0x200,8,13 64 A4 63 34 F8 A0 5C,fuel=100.00
1779166437.899,0x300,8,11 D1 8F E7 AD 9D 2E 74,temp=57.00
1779166438.007,0x100,8,15 BF 6D 97 0A E4 55 A7,speed=21.00
1779166438.086,0x200,8,A3 64 7B B8 54 A1 8E D9,fuel=100.00
1779166438.194,0x300,8,11 2C E1 45 9D A1 B7 E4,temp=57.00
1779166438.288,0x100,8,15 28 FE E2 5A E2 3F C6,speed=21.00
1779166438.380,0x200,8,A6 64 B2 24 0C B6 34 8F,fuel=100.00
1779166438.476,0x300,8,11 79 D2 2B 1B DA 49 A5,temp=57.00
1779166438.569,0x100,8,15 72 4A 4C F5 B1 3C E3,speed=21.00
1779166438.661,0x200,8,86 64 A2 12 52 67 02 BE,fuel=100.00
1779166438.753,0x300,8,11 B3 F2 A2 A0 56 37 37,temp=57.00
1779166438.847,0x100,8,15 98 03 EA 66 F0 FE B7,speed=21.00
1779166438.941,0x200,8,1B 64 04 09 42 65 91 28,fuel=100.00
1779166439.034,0x300,8,11 4C C7 60 94 D1 A6 76,temp=57.00
1779166439.129,0x100,8,15 8F 07 77 6C 07 C2 9A,speed=21.00
1779166439.223,0x200,8,8A 64 83 7E FF 1B 9A 37,fuel=100.00
1779166439.315,0x300,8,11 22 37 49 0B 5E A9 C8,temp=57.00
1779166439.406,0x100,8,15 0E 47 6A 4D D1 1A E7,speed=21.00
1779166439.502,0x200,8,34 64 DB 81 9D 19 E7 F7,fuel=100.00
1779166439.596,0x300,8,11 06 6A B0 16 EA 34 78,temp=57.00
1779166439.689,0x100,8,15 58 DD 86 D2 52 FE 20,speed=21.00
1779166439.783,0x200,8,CE 64 78 85 32 3B 5A 41,fuel=100.00
1779166439.877,0x300,8,11 1B D6 DE 9A B2 CA EF,temp=57.00
1779166439.969,0x100,8,15 71 B6 62 76 69 57 63,speed=21.00
1779166440.062,0x200,8,95 64 88 D6 B7 49 2D FF,fuel=100.00
1779166440.155,0x300,8,11 4D 08 04 50 4B 62 43,temp=57.00
1779166440.249,0x100,8,15 0B EC 60 9D 2A 7C DD,speed=21.00
1779166440.343,0x200,8,8A 64 FB D2 24 49 62 C0,fuel=100.00
1779166440.436,0x300,8,11 DB DF 45 CB EE 7D 7C,temp=57.00
1779166440.528,0x100,8,15 E3 A8 ED 0A 85 C2 11,speed=21.00
1779166440.620,0x200,8,51 64 5D B2 E8 1D 17 64,fuel=100.00
1779166440.713,0x300,8,11 E1 15 1C 3C CF AC 76,temp=57.00
1779166440.819,0x100,8,15 DD 18 7C 70 AA 98 9C,speed=21.00
1779166440.912,0x200,8,39 64 6D C3 B8 35 62 BA,fuel=100.00
1779166441.005,0x300,8,11 23 9C 5B 7B 03 3A 6A,temp=57.00
1779166441.098,0x100,8,15 34 FA DF 72 1D 91 51,speed=21.00
1779166441.192,0x200,8,0F 64 45 8C BA EF 9F 0A,fuel=100.00
1779166441.287,0x300,8,11 39 0A 91 6B EF B0 94,temp=57.00
1779166441.384,0x100,8,15 BC F5 D1 B1 7F 7C F0,speed=21.00
1779166441.475,0x200,8,68 64 4B F9 33 1D 19 16,fuel=100.00
1779166441.569,0x300,8,11 E0 E2 00 30 38 56 E8,temp=57.00
1779166441.663,0x100,8,15 73 EB D6 43 9B 69 C1,speed=21.00
1779166441.756,0x200,8,FB 64 0A DA A5 F9 53 54,fuel=100.00
1779166441.848,0x300,8,11 4E B3 55 48 3A 2A 4E,temp=57.00
1779166441.940,0x100,8,15 8F 7D 21 39 21 A2 80,speed=21.00
1779166442.033,0x200,8,8D 64 68 F8 D6 D1 60 77,fuel=100.00
1779166442.128,0x300,8,11 B5 65 5A 79 65 CA 38,temp=57.00
1779166442.221,0x100,8,15 14 58 0A 57 6B 8D 03,speed=21.00
1779166442.315,0x200,8,2F 64 81 F8 53 5F DD AD,fuel=100.00
1779166442.407,0x300,8,11 2D A0 38 DF 43 3D AB,temp=57.00
1779166442.503,0x100,8,15 78 16 C9 C1 A4 22 C5,speed=21.00
1779166442.598,0x200,8,C8 64 3A 6D 11 11 F2 BC,fuel=100.00
1779166442.690,0x300,8,11 EE 6A 29 BD 58 34 33,temp=57.00
1779166442.786,0x100,8,15 59 32 B3 3B B1 18 8F,speed=21.00
1779166442.878,0x200,8,F4 64 43 E0 9D 83 79 24,fuel=100.00
1779166442.977,0x300,8,11 75 B2 54 2B 51 6D 14,temp=57.00
1779166443.055,0x100,8,15 1E 1C 9C B5 82 C0 CA,speed=21.00
1779166443.150,0x200,8,5D 64 0D 03 93 B4 89 30,fuel=100.00
1779166443.245,0x300,8,11 E9 05 42 EC 50 D2 F1,temp=57.00
1779166443.338,0x100,8,15 E3 A9 EC 71 48 A3 08,speed=21.00
1779166443.429,0x200,8,76 64 27 97 7F B7 6E 18,fuel=100.00
1779166443.523,0x300,8,11 EB F6 79 28 A9 53 5C,temp=57.00
1779166443.631,0x100,8,15 C9 3D D2 68 C8 BB 2C,speed=21.00
1779166443.725,0x200,8,8A 64 B0 D3 6B 8F 0E 0F,fuel=100.00
1779166443.817,0x300,8,11 58 B4 A1 8D D2 8C 79,temp=57.00
1779166443.910,0x100,8,15 DA ED F8 E4 43 BF 0C,speed=21.00
1779166444.004,0x200,8,BE 64 CC 70 E2 A0 5C 0D,fuel=100.00
1779166444.097,0x300,8,11 24 C1 3A DD 3C 60 99,temp=57.00
1779166444.192,0x100,8,15 21 A3 F2 11 C1 55 40,speed=21.00
1779166444.284,0x200,8,18 64 C3 3B 3C B7 74 D1,fuel=100.00
1779166444.379,0x300,8,11 06 7D 2B C9 4E 2C 86,temp=57.00
1779166444.471,0x100,8,15 E4 94 C8 A1 CD A1 6A,speed=21.00
1779166444.563,0x200,8,16 64 FC 5B 72 50 A6 97,fuel=100.00
1779166444.657,0x300,8,11 C1 2F CE 85 28 9F 08,temp=57.00
1779166444.749,0x100,8,15 06 B3 CE 4D 18 E1 7E,speed=21.00
1779166444.841,0x200,8,20 64 C9 26 26 B0 FC FC,fuel=100.00
1779166444.936,0x300,8,11 37 59 77 0F 5C 7B 88,temp=57.00
1779166445.028,0x100,8,15 3C 45 37 E2 75 56 AE,speed=21.00
1779166445.122,0x200,8,32 64 09 66 5F 66 ED F0,fuel=100.00
1779166445.218,0x300,8,11 14 58 AA F0 C3 BF 45,temp=57.00
1779166445.310,0x100,8,15 EA 8F 1E 47 56 2E 70,speed=21.00
1779166445.404,0x200,8,E6 64 4C 10 B9 2F 32 5D,fuel=100.00
1779166445.498,0x300,8,11 65 8E CD 73 9C 88 A2,temp=57.00
1779166445.590,0x100,8,15 AB 5D 88 8A A5 A9 EC,speed=21.00
1779166445.682,0x200,8,DF 64 CC F2 F7 74 EF FB,fuel=100.00
1779166445.779,0x300,8,11 21 36 D6 B8 3C 19 FA,temp=57.00
1779166445.872,0x100,8,15 E7 71 A9 84 47 12 CF,speed=21.00
1779166445.967,0x200,8,0D 64 22 69 19 5D BB A5,fuel=100.00
1779166446.058,0x300,8,11 E2 74 E3 DA 46 FF 05,temp=57.00
1779166446.151,0x100,8,15 62 49 CC 63 D6 A3 C8,speed=21.00
1779166446.244,0x200,8,FA 64 39 7B 85 C3 51 FB,fuel=100.00
1779166446.338,0x300,8,11 02 1D A1 A2 41 CF BE,temp=57.00
1779166446.444,0x100,8,15 C7 74 39 0B 95 82 EA,speed=21.00
1779166446.537,0x200,8,7E 64 FA 42 B9 9F A5 C6,fuel=100.00
1779166446.629,0x300,8,11 4A 78 DF C9 6C 86 78,temp=57.00
1779166446.722,0x100,8,15 95 9D 12 1A 3D 94 4B,speed=21.00
1779166446.816,0x200,8,B2 64 E2 51 A8 49 E4 AA,fuel=100.00
1779166446.909,0x300,8,11 56 7B 95 D5 CB 18 39,temp=57.00
1779166446.999,0x100,8,15 66 66 D3 C1 13 0C 3B,speed=21.00
1779166447.097,0x200,8,D9 64 6D 3D EB 33 8D F5,fuel=100.00
1779166447.190,0x300,8,11 F4 33 B7 40 F0 0E C9,temp=57.00
1779166447.286,0x100,8,15 18 0E 4B 13 7A 8E 0C,speed=21.00
1779166447.377,0x200,8,CE 64 36 E1 90 3A D4 55,fuel=100.00
1779166447.471,0x300,8,11 2B 0C 55 1F 6F 85 F1,temp=57.00
1779166447.565,0x100,8,15 83 BC 93 BA B6 6E E0,speed=21.00
1779166447.659,0x200,8,8A 64 92 BF D7 74 DE 5E,fuel=100.00
1779166447.751,0x300,8,11 7F AD 56 8E 68 49 15,temp=57.00
1779166447.844,0x100,8,15 EE E7 56 8A A3 5A B4,speed=21.00
1779166447.936,0x200,8,24 64 A6 56 E2 8B 3A 95,fuel=100.00
1779166448.032,0x300,8,11 96 AB CF 85 CE 27 51,temp=57.00
1779166448.123,0x100,8,15 B0 B2 6A F8 1B 16 27,speed=21.00
1779166448.218,0x200,8,87 64 0B D2 98 80 AF 77,fuel=100.00
1779166448.313,0x300,8,11 21 58 6D E4 85 FF 68,temp=57.00
1779166448.404,0x100,8,15 82 2D 66 A2 CE 4A B2,speed=21.00
1779166448.496,0x200,8,12 64 06 35 3D C0 AC F5,fuel=100.00
1779166448.589,0x300,8,11 91 12 E5 DB 81 0E 61,temp=57.00
1779166448.681,0x100,8,15 A2 C3 CD BB 13 C0 9B,speed=21.00
1779166448.773,0x200,8,49 64 64 55 54 41 DD 25,fuel=100.00
1779166448.882,0x300,8,11 DA D8 AF 03 E6 87 E1,temp=57.00
1779166448.976,0x100,8,15 5F 3A E2 76 6F 75 5F,speed=21.00
1779166449.066,0x200,8,71 64 7D EC E8 2D 65 82,fuel=100.00
1779166449.160,0x300,8,11 F0 DB AD F9 ED 7A 4A,temp=57.00
1779166449.254,0x100,8,15 04 34 ED 3A 00 7F 9B,speed=21.00
1779166449.347,0x200,8,E8 64 17 ED E3 04 3D DE,fuel=100.00
1779166449.440,0x300,8,11 99 D5 68 93 D8 41 70,temp=57.00
1779166449.534,0x100,8,15 A0 99 A3 9A 96 B7 86,speed=21.00
1779166449.627,0x200,8,61 64 6B FF 14 56 5F 2D,fuel=100.00
1779166449.720,0x300,8,11 4E B2 B5 36 7D 0D C0,temp=57.00
1779166449.814,0x100,8,15 71 F0 54 3D 83 C1 E0,speed=21.00
1779166449.903,0x200,8,93 64 EB 75 F7 C8 22 FE,fuel=100.00
1779166449.997,0x300,8,11 2B 25 EB FD 76 FB 3E,temp=57.00
1779166450.088,0x100,8,15 88 78 DA 8D 6F 46 68,speed=21.00
1779166450.181,0x200,8,31 64 A2 56 CC 64 64 24,fuel=100.00
1779166450.275,0x300,8,11 0A 58 CB DF 59 3C 79,temp=57.00
1779166450.369,0x100,8,15 90 E2 E6 6A 01 57 83,speed=21.00
1779166450.461,0x200,8,28 64 1D D3 D9 97 9C 64,fuel=100.00
1779166450.555,0x300,8,11 7F 6C 26 89 1D 61 E4,temp=57.00
1779166450.650,0x100,8,15 94 34 7C 0C 28 CA C6,speed=21.00
1779166450.744,0x200,8,51 64 21 99 BD B8 45 54,fuel=100.00
1779166450.838,0x300,8,11 23 02 18 7E C1 16 DB,temp=57.00
1779166450.930,0x100,8,15 B3 E5 8E 12 14 FC BD,speed=21.00
1779166451.037,0x200,8,23 64 C0 64 04 0C 19 7F,fuel=100.00
1779166451.131,0x300,8,11 FE C4 8C 8C D3 61 52,temp=57.00
1779166451.221,0x100,8,15 6C 12 1D 78 01 C7 55,speed=21.00
1779166451.315,0x200,8,02 64 3F 24 7F BD 17 ED,fuel=100.00
1779166451.410,0x300,8,11 37 CE 80 D5 EA 99 FB,temp=57.00
1779166451.500,0x100,8,15 84 5F 51 79 AE A5 95,speed=21.00
1779166451.592,0x200,8,DC 64 A3 D4 A7 42 8F 9D,fuel=100.00
1779166451.686,0x300,8,11 16 50 6A 56 19 DE F9,temp=57.00
1779166451.780,0x100,8,15 88 C3 A0 F1 DC D8 6A,speed=21.00
1779166451.873,0x200,8,36 64 64 6F B1 01 68 69,fuel=100.00
1779166451.969,0x300,8,11 24 6D 4F 69 2A 35 1A,temp=57.00
1779166452.059,0x100,8,15 22 16 73 51 09 CB D2,speed=21.00
1779166452.151,0x200,8,B7 64 2B FA 09 09 CB 24,fuel=100.00
1779166452.245,0x300,8,11 9E D1 EF 64 38 DF 0C,temp=57.00
1779166452.338,0x100,8,15 67 6D A6 FE F4 23 98,speed=21.00
1779166452.433,0x200,8,86 64 C6 40 13 35 E3 97,fuel=100.00
1779166452.528,0x300,8,11 E8 C6 62 65 22 48 DD,temp=57.00
1779166452.618,0x100,8,15 FE 2E 60 30 44 48 B5,speed=21.00
1779166452.713,0x200,8,4F 64 C3 E3 5C 8A 38 DF,fuel=100.00
1779166452.805,0x300,8,11 21 36 62 92 8D 5C 11,temp=57.00
1779166452.913,0x100,8,15 95 64 DC 60 C9 60 B9,speed=21.00
1779166453.005,0x200,8,E7 64 E4 9D 37 A1 C4 62,fuel=100.00
1779166453.100,0x300,8,11 D4 18 A3 18 7D F4 5C,temp=57.00
1779166453.195,0x100,8,15 F8 7F C3 9C 4E 94 80,speed=21.00
1779166453.288,0x200,8,62 64 D3 84 92 82 9B B0,fuel=100.00
1779166453.368,0x300,8,11 4E 56 DD A7 F0 92 9A,temp=57.00
1779166453.463,0x100,8,15 45 C2 63 10 99 56 7F,speed=21.00
1779166453.558,0x200,8,F0 64 F5 A3 67 15 2D EF,fuel=100.00
1779166453.652,0x300,8,11 2A E7 B5 5C BC C3 6D,temp=57.00
1779166453.744,0x100,8,15 DB 69 A4 D1 0C DC 8C,speed=21.00
1779166453.837,0x200,8,10 64 19 86 16 0E 3F 09,fuel=100.00
1779166453.931,0x300,8,11 1C 61 6D DA 39 9A 67,temp=57.00
1779166454.034,0x100,8,15 0F 40 D9 DF 44 7F 96,speed=21.00
1779166454.129,0x200,8,15 64 CC 3C A0 5D 0B E5,fuel=100.00
1779166454.221,0x300,8,11 98 1D 7C A6 AF 92 71,temp=57.00
1779166454.309,0x100,8,15 EF 0C 26 59 4C 5B D9,speed=21.00
1779166454.404,0x200,8,FA 64 0F 6E 3C 04 BA AD,fuel=100.00
1779166454.498,0x300,8,11 F3 47 C8 EF 65 20 72,temp=57.00
1779166454.591,0x100,8,15 E5 75 70 AA 7D DB 72,speed=21.00
1779166454.686,0x200,8,13 64 8F BD 63 4F 90 8B,fuel=100.00
1779166454.781,0x300,8,11 B2 3A 33 D8 4B 19 0D,temp=57.00
1779166454.873,0x100,8,15 F1 9E A5 A9 87 5A 90,speed=21.00
1779166454.967,0x200,8,8F 64 1B FE FF 66 97 12,fuel=100.00
1779166455.057,0x300,8,11 53 CF 65 A2 37 D7 A8,temp=57.00
1779166455.153,0x100,8,15 89 8D 38 EE 42 4C 54,speed=21.00
1779166455.245,0x200,8,51 64 DE 3C 01 99 CB 80,fuel=100.00
1779166455.337,0x300,8,11 B2 75 80 87 E2 79 D4,temp=57.00
1779166455.431,0x100,8,15 8E 88 A8 8C C0 E5 9A,speed=21.00
1779166455.537,0x200,8,72 64 55 83 35 1C 03 56,fuel=100.00
1779166455.632,0x300,8,11 81 5C DE 59 75 35 9D,temp=57.00
1779166455.724,0x100,8,15 FF D0 2B 91 54 AD 58,speed=21.00
1779166455.819,0x200,8,62 64 50 A0 6E 5D 51 05,fuel=100.00
1779166455.911,0x300,8,11 1A 3F 39 0B 6A 95 6E,temp=57.00
1779166456.004,0x100,8,15 DF 0B FB 0D 51 1B BC,speed=21.00
1779166456.095,0x200,8,73 64 AA 89 48 C9 E4 CB,fuel=100.00
1779166456.191,0x300,8,11 B4 86 3C 10 22 17 E2,temp=57.00
1779166456.283,0x100,8,15 AD DF 96 26 D5 81 46,speed=21.00
1779166456.377,0x200,8,9A 64 09 28 78 10 A0 48,fuel=100.00
1779166456.471,0x300,8,11 16 AF 83 5E 3C D9 98,temp=57.00
1779166456.565,0x100,8,15 D7 6D 02 4D DA CB E5,speed=21.00
1779166456.658,0x200,8,5A 64 B0 5B 12 32 85 CB,fuel=100.00
1779166456.751,0x300,8,11 E2 57 79 F9 14 2E E1,temp=57.00
1779166456.843,0x100,8,15 1F 2E F6 03 38 32 54,speed=21.00
1779166456.938,0x200,8,54 64 C5 09 C0 C6 0F BE,fuel=100.00
1779166457.031,0x300,8,11 C0 B6 03 62 39 99 BE,temp=57.00
1779166457.125,0x100,8,15 68 F4 0D EF DD E0 8F,speed=21.00
1779166457.219,0x200,8,EC 64 2C 71 DF BB 2B 20,fuel=100.00
1779166457.314,0x300,8,11 3B 8B 35 CF 50 B6 E6,temp=57.00
1779166457.406,0x100,8,15 E2 1F D4 39 8A 63 A1,speed=21.00
1779166457.500,0x200,8,6A 64 B1 5F C2 BA AA 42,fuel=100.00
1779166457.592,0x300,8,11 36 5A AA 1B DD AF B3,temp=57.00
1779166457.685,0x100,8,15 BA E2 F2 ED F0 D0 D1,speed=21.00
1779166457.779,0x200,8,54 64 DB 0B 47 AF 47 99,fuel=100.00
1779166457.873,0x300,8,11 01 FB 95 91 5D D8 71,temp=57.00
1779166457.969,0x100,8,15 F0 26 2B 57 48 07 A2,speed=21.00
1779166458.060,0x200,8,92 64 72 0B 53 FE B0 09,fuel=100.00
1779166458.158,0x300,8,11 AE 93 86 CC 17 5E D5,temp=57.00
1779166458.254,0x100,8,15 65 68 A7 60 D3 EC BB,speed=21.00
1779166458.350,0x200,8,12 64 A6 7F C4 FC 92 01,fuel=100.00
1779166458.441,0x300,8,11 1A BE 68 A1 FE 04 BE,temp=57.00
1779166458.534,0x100,8,15 93 D9 F1 60 10 3F 8E,speed=21.00
1779166458.625,0x200,8,A3 64 CF AA D4 BC 79 ED,fuel=100.00
1779166458.720,0x300,8,11 DD 65 EE 5E F5 97 DA,temp=57.00
1779166458.812,0x100,8,15 0A 22 C5 C5 9C C6 20,speed=21.00
1779166458.904,0x200,8,3B 64 11 BE 36 C0 18 66,fuel=100.00
1779166458.997,0x300,8,11 3C 1E D8 B5 EA 9A 81,temp=57.00
1779166459.090,0x100,8,15 61 D9 53 8D D4 0F 47,speed=21.00
1779166459.184,0x200,8,C9 64 24 C0 0F 0C 67 AF,fuel=100.00
1779166459.277,0x300,8,11 18 1D 6C FB 55 A5 59,temp=57.00
1779166459.369,0x100,8,15 4D 36 88 F4 DF D9 EF,speed=21.00
1779166459.461,0x200,8,EE 64 7C E8 E1 4A 16 4A,fuel=100.00
1779166459.570,0x300,8,11 7A 3C E2 71 CC 23 E6,temp=57.00
1779166459.650,0x100,8,15 DC DA 46 12 5A CD 40,speed=21.00
1779166459.743,0x200,8,8B 64 0C B1 13 FB AD 0A,fuel=100.00
1779166459.838,0x300,8,11 A6 11 04 43 0C 9E 23,temp=57.00
1779166459.932,0x100,8,15 94 B1 FA EB 28 AC 14,speed=21.00
1779166460.038,0x200,8,DB 64 91 44 A7 45 E2 0F,fuel=100.00
1779166460.130,0x300,8,11 78 9C CF 37 A3 EF 49,temp=57.00
1779166460.223,0x100,8,15 D6 15 78 37 3A 05 83,speed=21.00
1779166460.317,0x200,8,48 64 AC 03 0E 0D FD 91,fuel=100.00
1779166460.410,0x300,8,11 87 E3 51 39 5F DE 3C,temp=57.00
1779166460.503,0x100,8,15 04 9F 80 40 A1 5E EF,speed=21.00
1779166460.598,0x200,8,CD 64 EA 99 D7 7A 95 DB,fuel=100.00
1779166460.690,0x300,8,11 04 B1 D2 CB CB 95 65,temp=57.00
1779166460.784,0x100,8,15 18 0F 4E B8 79 35 99,speed=21.00
1779166460.877,0x200,8,11 64 31 27 3C 39 FC D6,fuel=100.00
1779166460.972,0x300,8,11 FA D2 20 29 DF 50 9D,temp=57.00
1779166461.064,0x100,8,15 26 97 70 23 26 24 C1,speed=21.00
1779166461.156,0x200,8,2C 64 AF 33 93 5D 2E AD,fuel=100.00
1779166461.247,0x300,8,11 F1 A4 B4 05 78 80 D9,temp=57.00
1779166461.342,0x100,8,15 93 DB 32 D3 48 88 19,speed=21.00
1779166461.436,0x200,8,0C 64 66 5F E8 19 D9 AB,fuel=100.00
1779166461.528,0x300,8,11 AC D0 62 28 67 BE 9B,temp=57.00
1779166461.621,0x100,8,15 12 00 67 81 92 75 76,speed=21.00
1779166461.714,0x200,8,85 64 D4 C4 F1 BD 64 CA,fuel=100.00
1779166461.807,0x300,8,11 B5 F9 51 86 FE 66 62,temp=57.00
1779166461.899,0x100,8,15 DE 38 75 16 E4 AF 35,speed=21.00
1779166461.994,0x200,8,F0 64 15 B6 C1 7B 07 EC,fuel=100.00
1779166462.086,0x300,8,11 43 29 CF 1D B0 52 9F,temp=57.00
1779166462.182,0x100,8,15 30 61 2F F8 0D 1C 8F,speed=21.00
1779166462.274,0x200,8,B2 64 72 AE FA 17 3C 79,fuel=100.00
1779166462.369,0x300,8,11 A3 38 95 14 2F 3A 84,temp=57.00
1779166462.475,0x100,8,15 55 B6 28 82 32 3B 5B,speed=21.00
1779166462.566,0x200,8,F9 64 59 BA 06 CD 0C 2E,fuel=100.00
1779166462.660,0x300,8,11 0F B5 02 6E EF 2A 1A,temp=57.00
1779166462.752,0x100,8,15 E1 7C 26 21 E7 00 3C,speed=21.00
1779166462.847,0x200,8,4B 64 94 27 0F 4F 0A 8A,fuel=100.00
1779166462.942,0x300,8,11 18 AF 41 EA 37 D1 94,temp=57.00
1779166463.036,0x100,8,15 3E B3 17 29 54 33 A6,speed=21.00
1779166463.130,0x200,8,5A 64 E8 25 5E AB 9B E5,fuel=100.00
1779166463.223,0x300,8,11 93 11 60 D1 B0 1E 05,temp=57.00
1779166463.304,0x100,8,15 9A 6C 38 C5 A6 08 DE,speed=21.00
1779166463.410,0x200,8,74 64 7F B8 85 F1 CC C3,fuel=100.00
1779166463.502,0x300,8,11 C8 D9 65 A9 33 1A E4,temp=57.00
1779166463.596,0x100,8,15 B9 FB 3A 5D 2F A2 B6,speed=21.00
1779166463.687,0x200,8,CB 64 C2 1F D9 81 F9 93,fuel=100.00
1779166463.780,0x300,8,11 F7 82 6D 34 BC F3 8B,temp=57.00
1779166463.874,0x100,8,15 C6 DD 5B A1 5A F2 50,speed=21.00
1779166463.969,0x200,8,A9 64 96 B3 06 7D B1 8F,fuel=100.00
1779166464.062,0x300,8,11 63 2B 9D E7 36 6D D6,temp=57.00
1779166464.154,0x100,8,15 50 AD 6D 6D B4 3B 16,speed=21.00
1779166464.246,0x200,8,15 64 6A 39 F7 7E EA FE,fuel=100.00
1779166464.341,0x300,8,11 99 53 7E B4 BC 99 AF,temp=57.00
1779166464.437,0x100,8,15 5C 97 E9 81 DC F8 64,speed=21.00
1779166464.528,0x200,8,50 64 6A 41 86 47 C6 5E,fuel=100.00
1779166464.621,0x300,8,11 FF D1 46 19 B3 DC 5D,temp=57.00
1779166464.715,0x100,8,15 96 34 1D 6D 2E 27 7D,speed=21.00
1779166464.808,0x200,8,78 64 CB 64 DE FB 3F 8F,fuel=100.00
1779166464.899,0x300,8,11 1B 80 CA 15 59 43 C1,temp=57.00
1779166465.007,0x100,8,15 23 C7 21 A8 74 26 C3,speed=21.00
1779166465.101,0x200,8,F3 64 A8 E1 81 6E 80 5C,fuel=100.00
1779166465.194,0x300,8,11 AF F2 24 D1 A4 15 AE,temp=57.00
1779166465.288,0x100,8,15 18 E2 8A 73 96 C9 7B,speed=21.00
1779166465.382,0x200,8,60 64 24 AD C4 95 32 45,fuel=100.00
1779166465.474,0x300,8,11 69 D0 34 6E 42 B2 5C,temp=57.00
1779166465.569,0x100,8,15 03 D0 D9 CA 63 26 38,speed=21.00
1779166465.662,0x200,8,1B 64 81 E0 62 68 7C E4,fuel=100.00
1779166465.754,0x300,8,11 61 4B 5B 54 80 BC 26,temp=57.00
1779166465.847,0x100,8,15 31 93 52 C5 1A 1B D9,speed=21.00
1779166465.938,0x200,8,ED 64 C1 92 D1 0D EC 91,fuel=100.00
1779166466.032,0x300,8,11 FC 9A C4 48 32 CB 1A,temp=57.00
1779166466.126,0x100,8,15 FF 51 78 C1 1B B2 3C,speed=21.00
1779166466.221,0x200,8,A3 64 6C 77 64 E5 2A 64,fuel=100.00
1779166466.315,0x300,8,11 9D 9F 18 BD 75 3A 77,temp=57.00
1779166466.407,0x100,8,15 91 1E 80 B6 A0 A7 B5,speed=21.00
1779166466.503,0x200,8,02 64 C7 36 B7 AB 34 FC,fuel=100.00
1779166466.594,0x300,8,11 75 A5 CE 0F 00 25 9C,temp=57.00
1779166466.687,0x100,8,15 20 C3 7B 7A 9E 2D 6E,speed=21.00
1779166466.781,0x200,8,E8 64 9D 2B 21 F8 C8 2B,fuel=100.00
1779166466.873,0x300,8,11 A1 23 67 7F 19 CD BE,temp=57.00
1779166466.965,0x100,8,15 3C E8 1A 89 B1 65 D4,speed=21.00
1779166467.058,0x200,8,71 64 DA C3 7C 84 13 95,fuel=100.00
1779166467.153,0x300,8,11 53 D8 CF AD 93 89 43,temp=57.00
1779166467.245,0x100,8,15 FE 52 8D 87 A5 89 76,speed=21.00
1779166467.338,0x200,8,F1 64 49 68 EF 43 C6 DB,fuel=100.00
1779166467.432,0x300,8,11 69 A9 2B 8F D2 7B 43,temp=57.00
1779166467.524,0x100,8,15 D1 2E D8 C9 CF 4E 78,speed=21.00
1779166467.616,0x200,8,5C 64 2C 07 31 B4 58 4B,fuel=100.00
1779166467.727,0x300,8,11 8B 49 C4 CA 56 0E C6,temp=57.00
1779166467.806,0x100,8,15 18 87 45 16 A4 EB A1,speed=21.00
1779166467.914,0x200,8,48 64 40 BE 32 5C 9F C3,fuel=100.00
1779166468.007,0x300,8,11 4F 6B C8 C8 3A A6 44,temp=57.00
1779166468.098,0x100,8,15 55 EA C2 D3 0B 3C B4,speed=21.00
1779166468.191,0x200,8,2F 64 B4 9D 29 A2 E6 35,fuel=100.00
1779166468.287,0x300,8,11 2F C9 C2 59 FD D6 1E,temp=57.00
1779166468.379,0x100,8,15 50 0C A8 1E 99 CC D3,speed=21.00
1779166468.475,0x200,8,36 64 77 CD EE E9 D9 4C,fuel=100.00
1779166468.567,0x300,8,11 42 4C 12 6D E6 FD 7A,temp=57.00
1779166468.659,0x100,8,15 03 58 D4 29 8D 99 06,speed=21.00
1779166468.751,0x200,8,B6 64 4C FE 68 3F 7E E1,fuel=100.00
1779166468.845,0x300,8,11 FA F7 6B AC 9E 3F 45,temp=57.00
1779166468.937,0x100,8,15 AE 24 F3 22 DC 0D 8D,speed=21.00
1779166469.030,0x200,8,BD 64 6D C1 DE 7C F3 3D,fuel=100.00
1779166469.124,0x300,8,11 F5 85 35 53 8A 31 58,temp=57.00
1779166469.215,0x100,8,15 8E 4B 3E F1 F0 D8 D6,speed=21.00
1779166469.308,0x200,8,9B 64 BA 42 73 A8 25 BB,fuel=100.00
1779166469.400,0x300,8,11 97 19 C8 5F EB 12 6C,temp=57.00
1779166469.509,0x100,8,15 6D 80 4A 0D 05 1E 00,speed=21.00
1779166469.617,0x200,8,36 64 D0 01 B2 49 CA 0C,fuel=100.00
1779166469.708,0x300,8,11 0C 2E 52 0B 7D 39 70,temp=57.00
1779166469.803,0x100,8,15 4C 2C 5D 88 57 C3 8A,speed=21.00
1779166469.894,0x200,8,13 64 E1 85 36 6F D4 AB,fuel=100.00
1779166469.994,0x300,8,11 92 D0 EB E4 25 51 D2,temp=57.00
1779166470.082,0x100,8,15 99 08 BC ED C4 3B 6E,speed=21.00
1779166470.177,0x200,8,97 64 43 E6 60 A9 B5 78,fuel=100.00
1779166470.267,0x300,8,11 E9 26 57 DE 84 89 1B,temp=57.00
1779166470.362,0x100,8,15 5B 1E 59 96 FA 00 7A,speed=21.00
1779166470.455,0x200,8,DE 64 84 E6 9A 37 A6 6A,fuel=100.00
1779166470.549,0x300,8,11 CB 78 55 0D 5A 0E 45,temp=57.00
1779166470.643,0x100,8,15 71 0A 0F E9 B3 1F FA,speed=21.00
1779166470.738,0x200,8,E3 64 91 4F A0 25 38 FD,fuel=100.00
1779166470.829,0x300,8,11 48 33 A0 FB F5 60 D9,temp=57.00
1779166470.922,0x100,8,15 83 A7 23 B0 28 51 BF,speed=21.00
1779166471.016,0x200,8,F6 64 1F D0 69 54 F9 57,fuel=100.00
1779166471.111,0x300,8,11 76 8C 69 C1 4C 41 97,temp=57.00
1779166471.202,0x100,8,15 C9 8C 32 6F 3E 09 CF,speed=21.00
1779166471.295,0x200,8,21 64 50 64 27 9A BE 69,fuel=100.00
1779166471.388,0x300,8,11 6C 7A DE 32 1D 37 13,temp=57.00
1779166471.483,0x100,8,15 3C 20 05 2C E9 90 8A,speed=21.00
1779166471.574,0x200,8,00 64 B6 61 22 95 D8 6B,fuel=100.00
1779166471.668,0x300,8,11 11 52 E6 19 5E EE 35,temp=57.00
1779166471.762,0x100,8,15 BC 57 B4 65 32 44 4A,speed=21.00
1779166471.854,0x200,8,FA 64 5C 63 66 BB 14 94,fuel=100.00
1779166471.947,0x300,8,11 1E 1F 37 7A 4E 72 D0,temp=57.00
1779166472.040,0x100,8,15 17 54 C5 D2 60 F2 0A,speed=21.00
1779166472.134,0x200,8,14 64 13 72 C7 8D BF 83,fuel=100.00
1779166472.227,0x300,8,11 64 DB EE 48 19 99 D4,temp=57.00
1779166472.321,0x100,8,15 B5 0D EE 31 78 21 12,speed=21.00
1779166472.417,0x200,8,53 64 A1 84 84 5E DE AF,fuel=100.00
1779166472.522,0x300,8,11 64 87 C7 F5 39 13 18,temp=57.00
1779166472.613,0x100,8,15 D5 0B 16 2D AD EC E8,speed=21.00
1779166472.706,0x200,8,92 64 D5 D1 D4 BC 64 1F,fuel=100.00
1779166472.801,0x300,8,11 D5 AB D2 65 43 6F 4C,temp=57.00
1779166472.893,0x100,8,15 DA FA 50 D7 31 33 2D,speed=21.00
1779166472.990,0x200,8,5F 64 84 BE 83 9B 15 BC,fuel=100.00
1779166473.079,0x300,8,11 56 84 52 F1 2A 45 E2,temp=57.00
1779166473.174,0x100,8,15 87 4E 83 17 F3 12 E5,speed=21.00
1779166473.267,0x200,8,F8 64 0C 97 F7 56 24 E5,fuel=100.00
1779166473.360,0x300,8,11 00 39 07 E3 7D 35 A2,temp=57.00
1779166473.454,0x100,8,15 2C CA FC 0C 84 B4 C7,speed=21.00
1779166473.548,0x200,8,5E 64 D8 FF 87 C8 F7 7F,fuel=100.00
1779166473.641,0x300,8,11 8C 8D 8A 5B 66 5F A2,temp=57.00
1779166473.735,0x100,8,15 9B BF 19 E8 C4 52 20,speed=21.00
1779166473.828,0x200,8,0C 64 17 71 DF F1 1B F0,fuel=100.00
1779166473.920,0x300,8,11 41 7B F0 23 D8 35 CF,temp=57.00
1779166474.014,0x100,8,15 6C E9 66 AD A8 1C 8F,speed=21.00
1779166474.107,0x200,8,FC 64 B2 F6 14 C2 1E 99,fuel=100.00
1779166474.202,0x300,8,11 BD E7 05 79 BE DA 6F,temp=57.00
1779166474.294,0x100,8,15 CE 83 94 8E AA 8E 66,speed=21.00
1779166474.387,0x200,8,30 64 93 78 9A 13 30 DA,fuel=100.00
1779166474.483,0x300,8,11 CE 86 5E CF 61 5E 39,temp=57.00
1779166474.575,0x100,8,15 43 5E 68 4C 58 59 12,speed=21.00
1779166474.669,0x200,8,8B 64 F4 DB 01 5A E9 18,fuel=100.00
1779166474.762,0x300,8,11 02 7E 22 4F BF 42 B6,temp=57.00
1779166474.857,0x100,8,15 F6 72 79 90 19 3E D4,speed=21.00
1779166474.953,0x200,8,1C 64 8A 27 22 3D 4E DA,fuel=100.00
1779166475.044,0x300,8,11 77 FB DF 83 27 A5 18,temp=57.00
1779166475.137,0x100,8,15 6D ED 8F 22 01 3C 5C,speed=21.00
1779166475.230,0x200,8,51 64 33 0A AC 3D 34 21,fuel=100.00
1779166475.323,0x300,8,11 74 EB D2 AF 8F 30 8F,temp=57.00
1779166475.415,0x100,8,15 B0 6A 99 FB FD 9B 4E,speed=21.00
1779166475.509,0x200,8,F9 64 91 AA D4 2D 77 DA,fuel=100.00
1779166475.601,0x300,8,11 77 82 A9 42 94 3F 37,temp=57.00
1779166475.710,0x100,8,15 64 84 15 E0 85 E3 08,speed=21.00
1779166475.803,0x200,8,B6 64 39 0F CE 44 B5 D7,fuel=100.00
1779166475.895,0x300,8,11 6E 6B 53 AD 0E 2F 07,temp=57.00
1779166475.993,0x100,8,15 F7 71 85 69 BA B8 94,speed=21.00
1779166476.083,0x200,8,0A 64 34 DB C2 F0 5E 72,fuel=100.00
1779166476.175,0x300,8,11 0C 5E CB F6 CF C5 9A,temp=57.00
1779166476.269,0x100,8,15 BB E7 E9 4C 4E 66 CB,speed=21.00
1779166476.361,0x200,8,7D 64 27 C4 BF 56 4F 5F,fuel=100.00
1779166476.453,0x300,8,11 36 20 91 E0 AD B1 DF,temp=57.00
1779166476.546,0x100,8,15 42 F3 BA 20 16 C5 11,speed=21.00
1779166476.642,0x200,8,D3 64 C3 B3 D4 F0 D1 80,fuel=100.00
1779166476.737,0x300,8,11 7F 46 5E DA 74 74 C6,temp=57.00
1779166476.831,0x100,8,15 3E 42 27 95 B0 51 07,speed=21.00
1779166476.925,0x200,8,CD 64 52 70 52 38 2D FD,fuel=100.00
1779166477.020,0x300,8,11 BC 0C 69 15 0C 7C 2D,temp=57.00
1779166477.112,0x100,8,15 FD 1A 7E FF B8 9C E2,speed=21.00
1779166477.205,0x200,8,24 64 17 E1 85 3C DD 3D,fuel=100.00
1779166477.300,0x300,8,11 15 18 21 BF B3 7F D6,temp=57.00
1779166477.394,0x100,8,15 B8 85 41 48 9A 8C 90,speed=21.00
1779166477.488,0x200,8,83 64 86 2C 87 1F 6C 7F,fuel=100.00
1779166477.581,0x300,8,11 F2 29 FD 1E 03 3E 69,temp=57.00
1779166477.676,0x100,8,15 02 D2 66 42 54 DC 99,speed=21.00
1779166477.768,0x200,8,D9 64 6C 37 53 D4 37 FA,fuel=100.00
1779166477.863,0x300,8,11 5E 59 0F 63 E5 23 6F,temp=57.00
1779166477.949,0x100,8,15 08 41 3B AF D3 27 02,speed=21.00
1779166478.048,0x200,8,6D 64 BB 59 53 8F F2 04,fuel=100.00
1779166478.140,0x300,8,11 CB 29 E8 1F 8D FA 7A,temp=57.00
1779166478.233,0x100,8,15 D7 68 A7 C0 A6 45 AC,speed=21.00
1779166478.327,0x200,8,35 64 68 3A 70 14 98 20,fuel=100.00
1779166478.421,0x300,8,11 0A 70 6E 0F A8 84 F0,temp=57.00
1779166478.512,0x100,8,15 FA 14 F4 8B A2 3D E2,speed=21.00
1779166478.605,0x200,8,F9 64 35 0E 25 DE 0B F1,fuel=100.00
1779166478.698,0x300,8,11 40 3D B3 A7 4B 31 16,temp=57.00
1779166478.793,0x100,8,15 3A 60 AB EA D4 61 D5,speed=21.00
1779166478.885,0x200,8,71 64 DA D0 3A B3 44 B5,fuel=100.00
1779166478.984,0x300,8,11 4B 13 EA 78 43 AF 10,temp=57.00
1779166479.073,0x100,8,15 B4 31 17 22 3F 3B DF,speed=21.00
1779166479.179,0x200,8,D5 64 1E 2E BB C7 CD DC,fuel=100.00
1779166479.270,0x300,8,11 9E FC 11 3C 80 CF DF,temp=57.00
1779166479.362,0x100,8,15 EF 03 F1 95 D5 BF C0,speed=21.00
1779166479.457,0x200,8,16 64 2D 32 42 32 F0 12,fuel=100.00
1779166479.549,0x300,8,11 F8 FA A2 0B 40 3C C9,temp=57.00
1779166479.644,0x100,8,15 E1 DF 84 A9 55 9A DF,speed=21.00
1779166479.737,0x200,8,7E 64 79 53 7E 36 05 08,fuel=100.00
1779166479.829,0x300,8,11 AE 5E C7 DE 47 6A 21,temp=57.00
1779166479.924,0x100,8,15 D6 87 22 E2 2E 9D E9,speed=21.00
1779166480.016,0x200,8,67 64 DF 76 20 00 7F 67,fuel=100.00
1779166480.111,0x300,8,11 55 96 0F 2F E7 71 93,temp=57.00
1779166480.206,0x100,8,15 C3 D9 BC 51 6C 56 0B,speed=21.00
1779166480.299,0x200,8,9C 64 9C 4A AE 99 9A B6,fuel=100.00
1779166480.395,0x300,8,11 06 AF 0D CF 3F 9C 9A,temp=57.00
1779166480.489,0x100,8,15 66 38 09 4B 85 8F B4,speed=21.00
1779166480.580,0x200,8,E1 64 30 66 80 CF 7E B3,fuel=100.00
1779166480.673,0x300,8,11 86 59 37 7E 34 DB EF,temp=57.00
1779166480.766,0x100,8,15 BC AA 66 7D 68 76 67,speed=21.00
1779166480.858,0x200,8,4D 64 C2 7F EE 4C 64 7E,fuel=100.00
1779166480.952,0x300,8,11 A0 AE 31 C9 B6 DD 2E,temp=57.00
1779166481.047,0x100,8,15 B1 70 1A 42 A8 88 9C,speed=21.00
1779166481.138,0x200,8,25 64 8E 31 D9 8E B3 AD,fuel=100.00
1779166481.231,0x300,8,11 FD 13 81 A0 C5 30 55,temp=57.00
1779166481.325,0x100,8,15 CC 24 44 DE 54 BF ED,speed=21.00
1779166481.418,0x200,8,90 64 20 4B A0 70 D7 47,fuel=100.00
1779166481.511,0x300,8,11 E1 C2 48 75 12 20 BD,temp=57.00
1779166481.604,0x100,8,15 21 BC 8F 19 84 F1 01,speed=21.00
1779166481.701,0x200,8,59 64 49 34 C4 CE 01 D3,fuel=100.00
1779166481.793,0x300,8,11 F8 6F AA 7F 5F C9 45,temp=57.00
1779166481.886,0x100,8,15 54 C8 83 DF 40 A9 F2,speed=21.00
1779166481.989,0x200,8,22 64 15 FD 6D FC B2 FA,fuel=100.00
1779166482.072,0x300,8,11 93 E6 3D 5A F9 03 81,temp=57.00
1779166482.167,0x100,8,15 56 4C B5 6A F4 15 B5,speed=21.00
1779166482.273,0x200,8,78 64 6F 01 5C 79 FC 44,fuel=100.00
1779166482.365,0x300,8,11 14 AA 27 EE E5 10 26,temp=57.00
1779166482.459,0x100,8,15 ED 6D 2F AA D1 6B 76,speed=21.00
1779166482.551,0x200,8,90 64 67 41 0F AD 73 9D,fuel=100.00
1779166482.644,0x300,8,11 00 A1 55 F8 A1 38 D9,temp=57.00
1779166482.737,0x100,8,15 65 6C 4E AE 0D A2 7E,speed=21.00
1779166482.829,0x200,8,F8 64 CD 7D 58 5D 99 55,fuel=100.00
1779166482.921,0x300,8,11 A4 A4 74 86 04 90 99,temp=57.00
1779166483.014,0x100,8,15 65 10 B7 41 A6 2A 31,speed=21.00
1779166483.107,0x200,8,DA 64 DE BF 0E 3F 5F 97,fuel=100.00
1779166483.201,0x300,8,11 C8 7C 89 3F D1 00 26,temp=57.00
1779166483.293,0x100,8,15 35 1B 89 67 06 B6 E2,speed=21.00
1779166483.386,0x200,8,1B 64 B0 29 A8 65 53 CB,fuel=100.00
1779166483.483,0x300,8,11 59 FD F3 14 C1 ED 0C,temp=57.00
1779166483.575,0x100,8,15 72 FC 2E 85 42 9A F7,speed=21.00
1779166483.669,0x200,8,DA 64 0C 7B DD 43 53 45,fuel=100.00
1779166483.762,0x300,8,11 39 B0 F1 4A C3 61 18,temp=57.00
1779166483.854,0x100,8,15 B1 C1 34 99 86 07 EC,speed=21.00
1779166483.949,0x200,8,52 64 38 F0 4C 4C D1 13,fuel=100.00
1779166484.041,0x300,8,11 1C 84 23 42 E5 AB D3,temp=57.00
1779166484.134,0x100,8,15 03 71 AE A0 1D D1 01,speed=21.00
1779166484.230,0x200,8,43 64 23 55 69 4B 2F 5E,fuel=100.00
1779166484.323,0x300,8,11 88 50 55 03 B0 30 88,temp=57.00
1779166484.429,0x100,8,15 87 52 60 FC 8A 3E 11,speed=21.00
1779166484.510,0x200,8,4F 64 1E BC 9D E3 AB DB,fuel=100.00
1779166484.615,0x300,8,11 7F 1B CB 28 89 E7 53,temp=57.00
1779166484.708,0x100,8,15 14 FB 77 42 A4 A2 18,speed=21.00
1779166484.800,0x200,8,65 64 3C 5D 3A 5C BC 28,fuel=100.00
1779166484.894,0x300,8,11 54 46 6D CA F3 43 99,temp=57.00
1779166484.991,0x100,8,15 29 4C BF 2C BC CB 79,speed=21.00
1779166485.081,0x200,8,82 64 DA D9 48 7C F7 41,fuel=100.00
1779166485.173,0x300,8,11 65 0C 73 46 E6 3C 0E,temp=57.00
1779166485.267,0x100,8,15 9D 13 B7 1B B7 41 22,speed=21.00
1779166485.359,0x200,8,75 64 29 74 66 A4 E7 55,fuel=100.00
1779166485.454,0x300,8,11 7D 44 E4 09 F9 88 C4,temp=57.00
1779166485.547,0x100,8,15 DE C7 01 26 89 F9 5B,speed=21.00
1779166485.641,0x200,8,46 64 A8 06 0E F6 07 09,fuel=100.00
1779166485.733,0x300,8,11 8E FC 7E 9B 47 D3 ED,temp=57.00
1779166485.826,0x100,8,15 4F 54 D6 11 FC 9F 25,speed=21.00
1779166485.922,0x200,8,5E 64 19 74 B1 71 D8 D1,fuel=100.00
1779166486.015,0x300,8,11 B0 A1 7F 2E 6E C1 C4,temp=57.00
1779166486.106,0x100,8,15 0E 05 99 47 ED 3F CE,speed=21.00
1779166486.199,0x200,8,B8 64 FF A6 8A CC A1 EE,fuel=100.00
1779166486.291,0x300,8,11 1E 95 DF 99 AE 18 95,temp=57.00
1779166486.397,0x100,8,15 0C 61 28 4D FD 4C 66,speed=21.00
1779166486.494,0x200,8,FD 64 0E 5C 90 C2 8D DA,fuel=100.00
1779166486.586,0x300,8,11 8D 03 19 55 0B 8E 39,temp=57.00
1779166486.678,0x100,8,15 B8 D2 F7 13 6D AB DE,speed=21.00
1779166486.771,0x200,8,9E 64 D4 7F 1E 30 39 CE,fuel=100.00
1779166486.864,0x300,8,11 A0 BD E3 7E 24 D8 32,temp=57.00
1779166486.951,0x100,8,15 E5 52 D0 1C 49 22 EE,speed=21.00
1779166487.052,0x200,8,03 64 05 7F 6D 19 14 3F,fuel=100.00
1779166487.147,0x300,8,11 B2 C1 FA 52 CC 16 8B,temp=57.00
1779166487.238,0x100,8,15 02 45 B6 09 BC 8F 63,speed=21.00
1779166487.329,0x200,8,6F 64 7C F8 1D A7 33 01,fuel=100.00
1779166487.423,0x300,8,11 C5 9A 95 8C 2C ED 4C,temp=57.00
1779166487.514,0x100,8,15 77 12 58 56 0C BD 1A,speed=21.00
1779166487.607,0x200,8,99 64 54 99 58 12 8D 2B,fuel=100.00
1779166487.701,0x300,8,11 03 90 D0 45 BD 0A 21,temp=57.00
1779166487.794,0x100,8,15 04 A4 AC 50 C6 A8 07,speed=21.00
1779166487.888,0x200,8,BA 64 FB E4 DD 5A 67 FF,fuel=100.00
1779166487.983,0x300,8,11 32 DC A1 A7 C7 6B D0,temp=57.00
1779166488.073,0x100,8,15 58 88 D1 BF B0 B7 68,speed=21.00
1779166488.165,0x200,8,2E 64 7C 75 5B 0C FC F2,fuel=100.00
1779166488.259,0x300,8,11 3F FC DC 74 4B BD 05,temp=57.00
1779166488.352,0x100,8,15 EC DC C6 99 02 43 D3,speed=21.00
1779166488.447,0x200,8,4C 64 3B 77 60 5C 01 15,fuel=100.00
1779166488.540,0x300,8,11 61 FF 85 69 52 C8 B1,temp=57.00
1779166488.633,0x100,8,15 78 1C 7B 2B 9F C4 99,speed=21.00
1779166488.727,0x200,8,25 64 D5 D2 16 0E D9 F2,fuel=100.00
1779166488.821,0x300,8,11 05 8A 03 33 5E 01 71,temp=57.00
1779166488.929,0x100,8,15 F5 50 0D 7C FC E0 82,speed=21.00
1779166489.022,0x200,8,1F 64 F4 86 34 A6 51 94,fuel=100.00
1779166489.115,0x300,8,11 0F 3D 1D 21 A3 81 09,temp=57.00
1779166489.209,0x100,8,15 95 FE 97 EC 3D D0 88,speed=21.00
1779166489.303,0x200,8,65 64 4D 27 42 63 87 E9,fuel=100.00
1779166489.397,0x300,8,11 EF 2E 9F BC D2 35 5F,temp=57.00
1779166489.490,0x100,8,15 CC 8C 9E 66 33 5A D6,speed=21.00
1779166489.582,0x200,8,B0 64 51 B2 DB 7F 56 71,fuel=100.00
1779166489.674,0x300,8,11 D5 20 DE A1 D3 74 40,temp=57.00
1779166489.766,0x100,8,15 01 7D 11 B7 13 3F B4,speed=21.00
1779166489.859,0x200,8,9D 64 0B 5E C5 EA C7 24,fuel=100.00
1779166489.951,0x300,8,11 FD F3 79 94 69 28 B5,temp=57.00
1779166490.044,0x100,8,15 87 1C C8 F4 96 A4 93,speed=21.00
1779166490.138,0x200,8,E2 64 B0 14 5B CE BC 1C,fuel=100.00
1779166490.229,0x300,8,11 76 A3 83 01 F1 C6 02,temp=57.00
1779166490.321,0x100,8,15 67 30 A0 DC 63 C2 3E,speed=21.00
1779166490.415,0x200,8,43 64 FC 83 32 F6 B8 30,fuel=100.00
1779166490.509,0x300,8,11 82 50 94 0C 4D 52 C9,temp=57.00
1779166490.603,0x100,8,15 7B A3 26 90 9E 79 35,speed=21.00
1779166490.695,0x200,8,F7 64 A5 3C B3 3B 3E B3,fuel=100.00
1779166490.788,0x300,8,11 EB 2A D6 2D 53 1E 85,temp=57.00
1779166490.897,0x100,8,15 77 AA 89 83 1C A3 3B,speed=21.00
1779166490.994,0x200,8,B3 64 D2 25 42 F7 0D AA,fuel=100.00
1779166491.084,0x300,8,11 18 FE 73 AC 4A 98 71,temp=57.00
1779166491.179,0x100,8,15 CA 71 C1 28 16 F3 BC,speed=21.00
1779166491.271,0x200,8,F6 64 2C 0B B5 88 00 46,fuel=100.00
1779166491.363,0x300,8,11 EF EE 7F 15 57 51 13,temp=57.00
1779166491.455,0x100,8,15 1A 30 1E 60 11 B8 F8,speed=21.00
1779166491.549,0x200,8,D5 64 3D 4A 80 D4 98 3D,fuel=100.00
1779166491.641,0x300,8,11 29 81 13 2B A2 99 C5,temp=57.00
1779166491.733,0x100,8,15 50 64 59 9C CB 9E B1,speed=21.00
1779166491.826,0x200,8,3A 64 69 DD C2 EA 5C 5F,fuel=100.00
1779166491.921,0x300,8,11 FE 3A 7D CF 30 B3 77,temp=57.00
1779166492.013,0x100,8,15 47 7C AD 5D A5 45 6C,speed=21.00
1779166492.105,0x200,8,4F 64 87 21 64 C7 81 95,fuel=100.00
1779166492.200,0x300,8,11 78 E5 C5 EF 43 5A 65,temp=57.00
1779166492.291,0x100,8,15 17 7D 5E 84 FA F0 83,speed=21.00
1779166492.386,0x200,8,C0 64 72 7D 43 08 D7 AA,fuel=100.00
1779166492.480,0x300,8,11 36 52 37 9A C1 53 9E,temp=57.00
1779166492.572,0x100,8,15 27 6D D2 F3 4B 74 14,speed=21.00
1779166492.665,0x200,8,AD 64 F6 EE CA 8D 43 1C,fuel=100.00
1779166492.759,0x300,8,11 83 96 A5 8D 93 87 90,temp=57.00
1779166492.866,0x100,8,15 DD 64 68 7D C0 0F BA,speed=21.00
1779166492.953,0x200,8,1A 64 0C 7E EB 28 74 3E,fuel=100.00
1779166493.052,0x300,8,11 C5 02 DA A2 E2 54 28,temp=57.00
1779166493.147,0x100,8,15 B2 6C 8C 5B D9 CE E8,speed=21.00
1779166493.241,0x200,8,3D 64 76 66 E8 64 E1 4D,fuel=100.00
1779166493.334,0x300,8,11 54 A9 59 C4 9E 34 DB,temp=57.00
1779166493.427,0x100,8,15 A8 CB 16 39 80 6F CE,speed=21.00
1779166493.521,0x200,8,FF 64 91 4E 1B EC 13 56,fuel=100.00
1779166493.615,0x300,8,11 66 8B 26 B9 B3 DF 5F,temp=57.00
1779166493.706,0x100,8,15 3F 42 C8 92 47 5E 3B,speed=21.00
1779166493.802,0x200,8,09 64 F8 BA 43 A6 58 E7,fuel=100.00
1779166493.895,0x300,8,11 39 F4 0F 94 27 55 1C,temp=57.00
1779166493.992,0x100,8,15 6F 27 CC 24 AC 02 43,speed=21.00
1779166494.082,0x200,8,3E 64 81 59 B0 37 83 C1,fuel=100.00
1779166494.176,0x300,8,11 AE 87 FA 37 34 39 97,temp=57.00
1779166494.268,0x100,8,15 F8 39 29 ED 5F 30 C5,speed=21.00
1779166494.361,0x200,8,FD 64 22 DF 0D FA 9D C2,fuel=100.00
1779166494.454,0x300,8,11 21 64 DF A3 B1 9E DF,temp=57.00
1779166494.546,0x100,8,15 88 58 A2 14 8B 21 B8,speed=21.00
1779166494.644,0x200,8,0C 64 FD BB AE 5E 07 EA,fuel=100.00
1779166494.738,0x300,8,11 72 D2 55 C4 0B A3 82,temp=57.00
1779166494.834,0x100,8,15 9D 7B B5 B3 63 92 A1,speed=21.00
1779166494.925,0x200,8,4B 64 15 09 6C 25 3B 15,fuel=100.00
1779166495.019,0x300,8,11 F7 BE 36 E3 56 48 E7,temp=57.00
1779166495.113,0x100,8,15 54 D2 52 74 B6 79 29,speed=21.00
1779166495.206,0x200,8,C5 64 05 C9 49 2A D6 F8,fuel=100.00
1779166495.300,0x300,8,11 A1 7C 1F 3C 43 CF E7,temp=57.00
1779166495.394,0x100,8,15 21 0E C2 E3 73 7E F4,speed=21.00
1779166495.490,0x200,8,9E 64 07 DA 62 AE 2B 94,fuel=100.00
1779166495.581,0x300,8,11 C0 B3 2F EF 5E A1 35,temp=57.00
1779166495.675,0x100,8,15 34 16 E5 76 32 ED 08,speed=21.00
1779166495.769,0x200,8,20 64 6B BB A7 6F FE C0,fuel=100.00
1779166495.853,0x300,8,11 2E 0F 92 37 B6 C0 30,temp=57.00
1779166495.949,0x100,8,15 DF 75 DB 1A 87 DC 1D,speed=21.00
1779166496.055,0x200,8,24 64 E2 D3 4F F7 B2 F2,fuel=100.00
1779166496.132,0x300,8,11 CC 50 E5 C9 07 ED D0,temp=57.00
1779166496.243,0x100,8,15 36 D7 6D FD 2C 60 8C,speed=21.00
1779166496.333,0x200,8,61 64 6D 51 32 EC 92 0B,fuel=100.00
1779166496.425,0x300,8,11 83 55 19 09 43 7C CE,temp=57.00
1779166496.518,0x100,8,15 96 5A D8 92 18 30 00,speed=21.00
1779166496.615,0x200,8,6A 64 0E 0C 7B 1C 41 70,fuel=100.00
1779166496.705,0x300,8,11 B0 6C E1 18 9A 81 D7,temp=57.00
1779166496.799,0x100,8,15 B6 B6 C5 6F 67 A1 CB,speed=21.00
1779166496.894,0x200,8,19 64 27 F5 26 2C 3D 80,fuel=100.00
1779166496.983,0x300,8,11 CE 79 EE FA 28 80 D5,temp=57.00
1779166497.082,0x100,8,15 56 47 E6 F3 6E 0A 3F,speed=21.00
1779166497.173,0x200,8,2F 64 3A 7D 37 B6 4F B2,fuel=100.00
1779166497.265,0x300,8,11 67 35 5F 3F AD 4F 7D,temp=57.00
1779166497.356,0x100,8,15 7C 8B F0 40 AB 3B E1,speed=21.00
1779166497.450,0x200,8,1C 64 77 DC A7 AC C6 DF,fuel=100.00
1779166497.543,0x300,8,11 E3 A9 36 FC 15 4F A0,temp=57.00
1779166497.636,0x100,8,15 71 E4 F2 1A 65 85 4E,speed=21.00
1779166497.729,0x200,8,12 64 32 B0 73 0D D2 0C,fuel=100.00
1779166497.821,0x300,8,11 53 6E 20 31 E0 3C 7A,temp=57.00
1779166497.915,0x100,8,15 EA B1 D2 DF 5B 33 6E,speed=21.00
1779166498.007,0x200,8,F7 64 D4 E8 DA BC 76 6B,fuel=100.00
1779166498.102,0x300,8,11 3C 3C 8F D7 D3 B3 F7,temp=57.00
1779166498.202,0x100,8,15 46 5E EB 21 B0 6E B6,speed=21.00
1779166498.295,0x200,8,AC 64 D7 28 CE 5D A7 98,fuel=100.00
1779166498.387,0x300,8,11 5A 3D 52 C3 31 B5 C8,temp=57.00
1779166498.482,0x100,8,15 8E 45 CD DA B5 D5 40,speed=21.00
1779166498.575,0x200,8,70 64 95 94 4A B8 A1 6C,fuel=100.00
1779166498.670,0x300,8,11 41 88 67 0A C0 1C FC,temp=57.00
1779166498.764,0x100,8,15 3C 04 A8 4E FC 0B 70,speed=21.00
1779166498.857,0x200,8,1E 64 CD A1 E8 3C 28 04,fuel=100.00
1779166498.950,0x300,8,11 2E AC 31 38 BB 2D 2E,temp=57.00
1779166499.043,0x100,8,15 61 AA 4D A4 45 B9 C8,speed=21.00
1779166499.136,0x200,8,53 64 20 CF BE D2 BE AD,fuel=100.00
1779166499.230,0x300,8,11 27 23 AB 01 C5 CE B1,temp=57.00
1779166499.323,0x100,8,15 1E 64 37 3A 7A 56 90,speed=21.00
1779166499.415,0x200,8,EE 64 52 1B CD 7D DD 25,fuel=100.00
1779166499.523,0x300,8,11 D5 19 E3 91 72 6D 90,temp=57.00
1779166499.619,0x100,8,15 60 CF 6F 50 9A 29 C4,speed=21.00
1779166499.712,0x200,8,62 64 08 AC 92 9A 74 BF,fuel=100.00
1779166499.805,0x300,8,11 47 F0 67 2D 61 01 A6,temp=57.00
1779166499.902,0x100,8,15 D3 EA 09 C9 EB 70 FC,speed=21.00
1779166499.994,0x200,8,AE 64 6F 55 2A 4C E2 5D,fuel=100.00
1779166500.088,0x300,8,11 BD 0E EA DF 12 87 32,temp=57.00
1779166500.182,0x100,8,15 07 9C 12 80 A3 BB AA,speed=21.00
1779166500.275,0x200,8,AF 64 AE 7F 74 B0 6C 48,fuel=100.00
1779166500.368,0x300,8,11 26 4F 6E A5 53 D9 01,temp=57.00
1779166500.475,0x100,8,15 F0 BB 64 23 11 51 BB,speed=21.00
1779166500.554,0x200,8,66 64 73 6C 37 7A 87 75,fuel=100.00
1779166500.663,0x300,8,11 77 CD D2 A3 C2 46 87,temp=57.00
1779166500.756,0x100,8,15 40 7E 94 C5 13 1D 86,speed=21.00
1779166500.850,0x200,8,36 64 47 47 F6 CE E2 41,fuel=100.00
1779166500.944,0x300,8,11 CA 01 8B D5 2E B5 F7,temp=57.00
1779166501.037,0x100,8,15 12 44 01 56 55 74 A5,speed=21.00
1779166501.131,0x200,8,E1 64 F9 E5 91 D3 CF 14,fuel=100.00
1779166501.221,0x300,8,11 94 63 AD A3 FF 5F A7,temp=57.00
1779166501.315,0x100,8,15 D6 0E 0A 75 13 46 FE,speed=21.00
1779166501.408,0x200,8,5C 64 7C C0 4A CC 47 9C,fuel=100.00
1779166501.501,0x300,8,11 E7 23 36 58 3E 12 00,temp=57.00
1779166501.593,0x100,8,15 F5 E9 39 2C 44 31 39,speed=21.00
1779166501.686,0x200,8,E7 64 9C 69 26 51 71 14,fuel=100.00
1779166501.779,0x300,8,11 F6 C9 22 15 55 0E 2E,temp=57.00
1779166501.874,0x100,8,15 47 62 EC EA 56 CF 65,speed=21.00
1779166501.968,0x200,8,9D 64 AD F0 87 EA 22 CE,fuel=100.00
1779166502.060,0x300,8,11 FA F6 A1 C7 D1 6C A9,temp=57.00
1779166502.156,0x100,8,15 98 62 63 E9 18 78 F3,speed=21.00
1779166502.250,0x200,8,B0 64 C2 A6 04 FE 58 EF,fuel=100.00
1779166502.343,0x300,8,11 BA 34 64 C0 17 FD BE,temp=57.00
1779166502.437,0x100,8,15 12 4A 85 74 92 73 8C,speed=21.00
1779166502.529,0x200,8,04 64 4E CD BB 6B 37 1C,fuel=100.00
1779166502.622,0x300,8,11 36 11 19 05 97 A3 5E,temp=57.00
1779166502.713,0x100,8,15 E8 DB 45 64 19 7F C6,speed=21.00
1779166502.807,0x200,8,5D 64 2D 97 7E 99 CE EE,fuel=100.00
1779166502.899,0x300,8,11 39 AF E9 54 54 B2 0B,temp=57.00
1779166502.994,0x100,8,15 D4 28 9A 93 BB DA 20,speed=21.00
1779166503.087,0x200,8,0F 64 3D F7 60 1A 54 95,fuel=100.00
1779166503.181,0x300,8,11 93 33 C4 D2 27 F2 3B,temp=57.00
1779166503.273,0x100,8,15 AC F8 50 95 C3 B6 18,speed=21.00
1779166503.383,0x200,8,44 64 AB AB 1E 55 92 87,fuel=100.00
1779166503.461,0x300,8,11 7F 7C 03 AB 14 A5 23,temp=57.00
1779166503.568,0x100,8,15 BF 9A 63 F8 94 5F 2B,speed=21.00
1779166503.662,0x200,8,25 64 9F D8 74 AE DF 7E,fuel=100.00
1779166503.755,0x300,8,11 62 7A 42 D3 A9 87 3A,temp=57.00
1779166503.849,0x100,8,15 C6 25 84 12 81 93 C5,speed=21.00
1779166503.930,0x200,8,65 64 9E 00 0F 17 F5 24,fuel=100.00
1779166504.034,0x300,8,11 34 06 0E 79 1B 53 5A,temp=57.00
1779166504.126,0x100,8,15 94 FA 27 C0 28 56 C3,speed=21.00
1779166504.221,0x200,8,CB 64 77 68 FA BC DA 0E,fuel=100.00
1779166504.313,0x300,8,11 97 7A 04 28 4F 88 85,temp=57.00
1779166504.408,0x100,8,15 4B 4E 35 13 6B B9 92,speed=21.00
1779166504.501,0x200,8,B3 64 22 8F 34 DF F3 6B,fuel=100.00
1779166504.592,0x300,8,11 13 B3 DA B7 04 18 3C,temp=57.00
1779166504.684,0x100,8,15 45 14 A2 FC C0 F8 70,speed=21.00
1779166504.778,0x200,8,7A 64 B6 57 6A 5F F2 6A,fuel=100.00
1779166504.872,0x300,8,11 A8 B0 76 C3 A5 45 C0,temp=57.00
1779166504.965,0x100,8,15 F1 6F B0 92 F0 84 52,speed=21.00
1779166505.058,0x200,8,D1 64 64 2E 4E 00 3D E4,fuel=100.00
1779166505.152,0x300,8,11 3F 92 DD 3B 31 CB 71,temp=57.00
1779166505.246,0x100,8,15 A4 C8 B6 D1 FF 90 F4,speed=21.00
1779166505.337,0x200,8,A7 64 39 D4 88 94 20 B0,fuel=100.00
1779166505.444,0x300,8,11 28 42 1D 5A 47 CE 6B,temp=57.00
1779166505.538,0x100,8,15 84 63 DE B5 09 15 99,speed=21.00
1779166505.631,0x200,8,A4 64 00 7F 2D AF C8 FF,fuel=100.00
1779166505.711,0x300,8,11 0A D6 03 45 C3 B9 DC,temp=57.00
1779166505.805,0x100,8,15 F4 8F 8E 07 CE 50 6C,speed=21.00
1779166505.900,0x200,8,EB 64 0B DD 58 2B 0A 51,fuel=100.00
1779166505.993,0x300,8,11 5C F5 78 99 04 A7 7D,temp=57.00
1779166506.087,0x100,8,15 6A FC 64 99 3A A7 01,speed=21.00
1779166506.193,0x200,8,91 64 BD B4 A0 EE F5 38,fuel=100.00
1779166506.288,0x300,8,11 86 E8 4F B2 9C 21 7B,temp=57.00
1779166506.382,0x100,8,15 62 E8 BE 6C 59 C1 CB,speed=21.00
1779166506.476,0x200,8,81 64 83 8E F2 0E 18 BD,fuel=100.00
1779166506.567,0x300,8,11 BA DC 1B BA BE 82 7B,temp=57.00
1779166506.660,0x100,8,15 D9 26 5C 39 6B 83 A3,speed=21.00
1779166506.752,0x200,8,B6 64 C5 BA 8C 91 2F 1A,fuel=100.00
1779166506.845,0x300,8,11 18 79 63 68 CE E9 A0,temp=57.00
1779166506.937,0x100,8,15 0D 6B 50 4F 37 16 6F,speed=21.00
1779166507.029,0x200,8,45 64 91 DA 7E F3 36 EB,fuel=100.00
1779166507.123,0x300,8,11 6B 09 05 AE A1 6E 9E,temp=57.00
1779166507.216,0x100,8,15 DA C3 0B EA FB AF 0C,speed=21.00
1779166507.310,0x200,8,B9 64 72 FF E9 D3 A5 C4,fuel=100.00
1779166507.404,0x300,8,11 CC AD 95 D5 FF 17 FD,temp=57.00
1779166507.498,0x100,8,15 60 51 B4 32 44 F1 D5,speed=21.00
1779166507.592,0x200,8,19 64 24 E4 43 C2 D0 88,fuel=100.00
1779166507.686,0x300,8,11 7A 1C C4 77 BD E9 8B,temp=57.00
1779166507.778,0x100,8,15 08 EA 2F 4E D5 81 B8,speed=21.00
1779166507.874,0x200,8,6E 64 08 08 D5 F0 62 31,fuel=100.00
1779166507.967,0x300,8,11 2A 3F 7A 35 B2 81 3B,temp=57.00
1779166508.061,0x100,8,15 EA B9 4C 98 15 B5 BE,speed=21.00
1779166508.154,0x200,8,91 64 2E 01 6E 8E 72 5C,fuel=100.00
1779166508.247,0x300,8,11 52 55 C5 10 C5 A8 80,temp=57.00
1779166508.340,0x100,8,15 8D CD B9 02 7E 44 16,speed=21.00
1779166508.431,0x200,8,B3 64 69 07 80 D2 88 E9,fuel=100.00
1779166508.526,0x300,8,11 DB 99 D1 09 0E A4 9F,temp=57.00
1779166508.619,0x100,8,15 C0 B8 E1 12 81 F6 F0,speed=21.00
1779166508.715,0x200,8,68 64 5E 18 F7 BE 41 E5,fuel=100.00
1779166508.808,0x300,8,11 6A 29 17 51 6A 3C ED,temp=57.00
1779166508.902,0x100,8,15 ED 7F C9 07 AD E4 24,speed=21.00
1779166508.994,0x200,8,66 64 E9 AB A9 C1 37 30,fuel=100.00
1779166509.087,0x300,8,11 4C 84 BD 86 72 81 4D,temp=57.00
1779166509.180,0x100,8,15 03 0B 79 C5 AD FB 42,speed=21.00
1779166509.275,0x200,8,B0 64 69 A1 93 E7 BA 97,fuel=100.00
1779166509.368,0x300,8,11 C2 FF FF 64 78 E2 43,temp=57.00
1779166509.461,0x100,8,15 5C 9A 04 78 A4 C2 6C,speed=21.00
1779166509.558,0x200,8,8A 64 51 5A 2D D2 16 12,fuel=100.00
1779166509.663,0x300,8,11 DF AD 24 D8 12 09 36,temp=57.00
1779166509.758,0x100,8,15 E1 70 4D 9A 54 7C 7F,speed=21.00
1779166509.851,0x200,8,E1 64 8B CE DA 26 B3 14,fuel=100.00
1779166509.944,0x300,8,11 26 5A 75 84 DA 47 C4,temp=57.00
1779166510.036,0x100,8,15 AB 3E 44 51 18 0D 18,speed=21.00
1779166510.129,0x200,8,82 64 4C 99 BB 73 9D 1A,fuel=100.00
1779166510.223,0x300,8,11 0C 37 24 F9 DA 66 C8,temp=57.00
1779166510.315,0x100,8,15 DF 6B 55 3B 1C D3 6E,speed=21.00
1779166510.409,0x200,8,57 64 EA D0 74 9A F6 C3,fuel=100.00
1779166510.502,0x300,8,11 AE 1E BF ED 2D 1B 7E,temp=57.00
1779166510.596,0x100,8,15 52 94 7C 36 C4 C5 CA,speed=21.00
1779166510.688,0x200,8,74 64 BD E8 40 E6 B0 F8,fuel=100.00
1779166510.784,0x300,8,11 D3 23 57 09 BC 56 DC,temp=57.00
1779166510.875,0x100,8,15 36 7D 7F 83 90 40 D3,speed=21.00
1779166510.967,0x200,8,EA 64 B1 3E B6 4C 6A 17,fuel=100.00
1779166511.060,0x300,8,11 D2 12 B2 6C FC E7 FC,temp=57.00
1779166511.153,0x100,8,15 0A 2D F6 7E EF 2F ED,speed=21.00
1779166511.248,0x200,8,C9 64 D0 84 D3 EE 79 5E,fuel=100.00
1779166511.341,0x300,8,11 72 88 1B 36 3D 39 D3,temp=57.00
1779166511.438,0x100,8,15 13 19 B1 2F 61 FD 5E,speed=21.00
1779166511.528,0x200,8,21 64 85 7A DC 13 9E 6D,fuel=100.00
1779166511.624,0x300,8,11 62 05 46 67 41 70 1E,temp=57.00
1779166511.718,0x100,8,15 83 1A 45 2A 6F ED F7,speed=21.00
1779166511.811,0x200,8,94 64 B4 59 94 5F F4 A8,fuel=100.00
1779166511.903,0x300,8,11 67 98 1C FD 83 08 B1,temp=57.00
1779166511.998,0x100,8,15 FF 82 09 3B AB 52 0F,speed=21.00
1779166512.090,0x200,8,CB 64 68 B0 7C 20 DB 46,fuel=100.00
1779166512.184,0x300,8,11 81 49 90 61 3F 20 6D,temp=57.00
1779166512.280,0x100,8,15 CD B6 29 FE E2 EC B2,speed=21.00
1779166512.371,0x200,8,68 64 E5 7A DA 00 8F 64,fuel=100.00
1779166512.465,0x300,8,11 8F 90 FC 9B 4C 16 CE,temp=57.00
1779166512.558,0x100,8,15 5A AC 8A A4 47 6B 17,speed=21.00
1779166512.651,0x200,8,44 64 A1 9D 85 15 B8 37,fuel=100.00
1779166512.745,0x300,8,11 D1 8E 7D 18 77 97 7F,temp=57.00
1779166512.837,0x100,8,15 23 57 09 3F B8 76 FC,speed=21.00
1779166512.933,0x200,8,7F 64 71 57 2C 10 3C B6,fuel=100.00
1779166513.024,0x300,8,11 D9 B8 EF 4C B8 13 F3,temp=57.00
1779166513.117,0x100,8,15 53 78 7B 77 59 71 A6,speed=21.00
1779166513.212,0x200,8,43 64 1C A1 26 E5 58 D8,fuel=100.00
1779166513.319,0x300,8,11 A2 A9 4A EA C2 F9 99,temp=57.00
1779166513.411,0x100,8,15 14 3C FE F4 B3 2B F2,speed=21.00
1779166513.506,0x200,8,E6 64 C4 02 51 FE 94 A4,fuel=100.00
1779166513.599,0x300,8,11 90 93 46 AF 3D 2E A8,temp=57.00
1779166513.694,0x100,8,15 B5 45 7D 55 3E 87 70,speed=21.00
1779166513.787,0x200,8,05 64 B3 77 59 25 7D 53,fuel=100.00
1779166513.879,0x300,8,11 32 97 71 F9 F9 2B 3D,temp=57.00
1779166513.963,0x100,8,15 58 A7 4A 34 4A BD F9,speed=21.00
1779166514.067,0x200,8,8C 64 BC F1 C1 F0 C0 F6,fuel=100.00
1779166514.161,0x300,8,11 72 D9 A1 F5 25 A2 9D,temp=57.00
1779166514.254,0x100,8,15 53 52 D2 64 18 3E F0,speed=21.00
1779166514.347,0x200,8,9B 64 D2 73 9B 97 DD 65,fuel=100.00
1779166514.442,0x300,8,11 B5 6A 1D FC 42 C5 4D,temp=57.00
1779166514.534,0x100,8,15 6D DB 2A 69 2F B9 62,speed=21.00
1779166514.629,0x200,8,7F 64 25 32 AA 87 72 98,fuel=100.00
1779166514.721,0x300,8,11 5D F9 90 B4 80 C5 B6,temp=57.00
1779166514.816,0x100,8,15 51 A2 C7 0F 39 51 9F,speed=21.00
1779166514.908,0x200,8,85 64 B2 90 6E 23 23 D2,fuel=100.00
1779166515.003,0x300,8,11 7E E1 15 8E 30 C4 74,temp=57.00
1779166515.093,0x100,8,15 A0 71 1F 97 D3 1C 2E,speed=21.00
1779166515.183,0x200,8,31 64 0E 08 0A 9B 20 29,fuel=100.00
1779166515.276,0x300,8,11 B9 A7 5A CF 75 9A 7C,temp=57.00
1779166515.371,0x100,8,15 B5 1A 68 B1 76 BE 85,speed=21.00
1779166515.466,0x200,8,3D 64 A6 00 A0 EB 99 79,fuel=100.00
1779166515.558,0x300,8,11 38 CE 5E CA 21 93 0C,temp=57.00
1779166515.649,0x100,8,15 1E AF 68 58 50 26 37,speed=21.00
1779166515.760,0x200,8,12 64 6F 3C 41 70 0E AA,fuel=100.00
1779166515.866,0x300,8,11 B8 4A 0F 4F 8D 31 DE,temp=57.00
1779166515.954,0x100,8,15 80 E0 D0 B0 84 22 11,speed=21.00
1779166516.052,0x200,8,23 64 AF 34 AF C3 B4 60,fuel=100.00
1779166516.144,0x300,8,11 29 0B 70 20 61 0B 0F,temp=57.00
1779166516.238,0x100,8,15 BF 20 F2 0D 12 89 3A,speed=21.00
1779166516.329,0x200,8,EE 64 04 91 03 C6 A3 D7,fuel=100.00
1779166516.424,0x300,8,11 97 A1 4B B9 B5 F7 61,temp=57.00
1779166516.517,0x100,8,15 C8 CE 1B 54 39 76 D1,speed=21.00
1779166516.609,0x200,8,18 64 14 10 B7 66 C4 85,fuel=100.00
1779166516.701,0x300,8,11 7B 8E 28 B4 B6 31 BE,temp=57.00
1779166516.795,0x100,8,15 28 B3 BB 22 16 90 4F,speed=21.00
1779166516.889,0x200,8,30 64 BE C3 07 6B 4F 70,fuel=100.00
1779166516.991,0x300,8,11 20 E4 C3 F4 A5 D4 41,temp=57.00
1779166517.075,0x100,8,15 9D 76 97 7E 44 D0 B2,speed=21.00
1779166517.170,0x200,8,DE 64 84 D6 40 7C EB C2,fuel=100.00
1779166517.262,0x300,8,11 04 BB 11 10 20 BC D9,temp=57.00
1779166517.355,0x100,8,15 46 63 AA 4F A2 BC 3F,speed=21.00
1779166517.447,0x200,8,29 64 9E F6 63 98 E7 E8,fuel=100.00
1779166517.541,0x300,8,11 05 6F 1A 67 33 B6 9A,temp=57.00
1779166517.647,0x100,8,15 78 A7 0E 21 61 76 4D,speed=21.00
1779166517.741,0x200,8,13 64 8F 96 EB 74 05 E9,fuel=100.00
1779166517.834,0x300,8,11 0D AE 03 19 C9 DB 0D,temp=57.00
1779166517.928,0x100,8,15 5C 64 B7 42 99 78 50,speed=21.00
1779166518.023,0x200,8,42 64 1A 0F 60 D1 86 71,fuel=100.00
1779166518.115,0x300,8,11 7B F6 C5 82 5B 1B AF,temp=57.00
1779166518.210,0x100,8,15 77 7D 40 E2 0A 15 44,speed=21.00
1779166518.300,0x200,8,0E 64 2F D7 55 99 0F DA,fuel=100.00
1779166518.392,0x300,8,11 FD 73 91 D2 0B EC 55,temp=57.00
1779166518.489,0x100,8,15 7F D5 31 C8 FA 53 6F,speed=21.00
1779166518.581,0x200,8,92 64 0F 7D 2B CC 28 F8,fuel=100.00
1779166518.673,0x300,8,11 D6 64 E2 BB A8 7B 0A,temp=57.00
1779166518.765,0x100,8,15 0E 7D 32 E6 B9 2B 5C,speed=21.00
1779166518.858,0x200,8,A7 64 39 8A 29 26 45 11,fuel=100.00
1779166518.954,0x300,8,11 46 FE D0 72 F2 F4 2E,temp=57.00
1779166519.046,0x100,8,15 BD 5C F1 61 16 40 C4,speed=21.00
1779166519.139,0x200,8,59 64 52 C2 11 36 7C 40,fuel=100.00
1779166519.231,0x300,8,11 26 24 29 0A 61 F7 04,temp=57.00
1779166519.323,0x100,8,15 FD 55 DB 9B D7 C9 3C,speed=21.00
1779166519.415,0x200,8,62 64 AB 5E 53 BF 01 CD,fuel=100.00
1779166519.509,0x300,8,11 08 2D 39 28 2D 11 66,temp=57.00
1779166519.617,0x100,8,15 40 40 0F EE E5 79 4E,speed=21.00
1779166519.726,0x200,8,77 64 EA 1C AF 06 C0 41,fuel=100.00
1779166519.811,0x300,8,11 0A 77 7A DA 65 57 90,temp=57.00
1779166519.899,0x100,8,15 D5 89 B8 E6 07 B3 69,speed=21.00
1779166520.001,0x200,8,2C 64 19 DA AA 0C B6 13,fuel=100.00
1779166520.092,0x300,8,11 0F CA 6D 3E 6B 02 02,temp=57.00
1779166520.188,0x100,8,15 5B 14 EA C6 93 40 D0,speed=21.00
1779166520.279,0x200,8,D0 64 20 6B E4 78 8D B9,fuel=100.00
1779166520.369,0x300,8,11 50 E1 F5 64 F8 AC 42,temp=57.00
1779166520.478,0x100,8,15 DA 7A 44 B6 B8 A5 9E,speed=21.00
1779166520.556,0x200,8,03 64 C1 28 3A 70 16 21,fuel=100.00
1779166520.650,0x300,8,11 B0 9E EE 2A 28 D5 CF,temp=57.00
1779166520.742,0x100,8,15 1C 0D 9F 44 2C 5D 61,speed=21.00
1779166520.838,0x200,8,2E 64 06 73 C5 9F 0E 0D,fuel=100.00
1779166520.943,0x300,8,11 6A 77 C4 EB C2 EB 90,temp=57.00
1779166521.036,0x100,8,15 1A B3 5C C1 F3 C3 A3,speed=21.00
1779166521.126,0x200,8,EB 64 E0 79 8D 13 EF 39,fuel=100.00
1779166521.219,0x300,8,11 E8 3C D7 A2 F1 F0 05,temp=57.00
1779166521.313,0x100,8,15 C4 A5 B4 BC 1F AD B4,speed=21.00
1779166521.405,0x200,8,2D 64 4C 8D DE 4F C2 1A,fuel=100.00
1779166521.496,0x300,8,11 AF 26 E5 CC D8 C0 E2,temp=57.00
1779166521.591,0x100,8,15 02 E7 3E 0C 45 4B 25,speed=21.00
1779166521.683,0x200,8,2E 64 A5 E7 71 4B E7 7E,fuel=100.00
1779166521.777,0x300,8,11 7B C8 E0 7F A3 EF A3,temp=57.00
1779166521.873,0x100,8,15 FE B1 C0 0F 80 AD DE,speed=21.00
1779166521.968,0x200,8,AA 64 63 38 2E D8 2D 4E,fuel=100.00
1779166522.061,0x300,8,11 E6 4B 03 F6 9F 84 D8,temp=57.00
1779166522.157,0x100,8,15 47 71 94 0B E2 5E E3,speed=21.00
1779166522.250,0x200,8,D6 64 EA 79 7C 20 F7 FB,fuel=100.00
1779166522.342,0x300,8,11 38 61 54 E2 82 E6 EA,temp=57.00
1779166522.435,0x100,8,15 A6 02 31 0C E7 3A 06,speed=21.00
1779166522.527,0x200,8,1A 64 56 96 3C 5C CE E1,fuel=100.00
1779166522.621,0x300,8,11 C3 E2 13 A5 FB A0 A5,temp=57.00
1779166522.716,0x100,8,15 B3 C3 77 6A 09 F5 75,speed=21.00
1779166522.808,0x200,8,9F 64 6C D4 B8 D9 26 9E,fuel=100.00
1779166522.902,0x300,8,11 53 73 F3 57 4D F5 48,temp=57.00
1779166522.997,0x100,8,15 60 D6 95 64 6A 07 0D,speed=21.00
1779166523.100,0x200,8,6E 64 26 F2 DE 11 0A C1,fuel=100.00
1779166523.194,0x300,8,11 BD BA 13 88 7A 7E E2,temp=57.00
1779166523.286,0x100,8,15 E4 11 DE C0 DE 2F CA,speed=21.00
1779166523.380,0x200,8,7C 64 9D 6C CE AF F1 A7,fuel=100.00
1779166523.473,0x300,8,11 D8 FE 26 99 AC 38 86,temp=57.00
1779166523.565,0x100,8,15 A5 48 95 05 64 C8 05,speed=21.00
1779166523.660,0x200,8,F7 64 0A 08 B7 14 6D 7D,fuel=100.00
1779166523.753,0x300,8,11 A8 7B 52 6E 0E 2E 3C,temp=57.00
1779166523.844,0x100,8,15 AB 03 66 FA 48 C8 B7,speed=21.00
1779166523.940,0x200,8,69 64 69 5F 2B 3E 9F 68,fuel=100.00
1779166524.034,0x300,8,11 62 BF C9 FC 50 63 07,temp=57.00
1779166524.126,0x100,8,15 73 3D 6F 85 1C 4B 8B,speed=21.00
1779166524.219,0x200,8,C7 64 2A 65 3B 1A 8C 53,fuel=100.00
1779166524.314,0x300,8,11 FD 46 A0 BC 82 88 F2,temp=57.00
1779166524.408,0x100,8,15 78 EA B1 5F 5B 4F AC,speed=21.00
1779166524.500,0x200,8,4D 64 2F CF FE 97 35 C7,fuel=100.00
1779166524.593,0x300,8,11 82 A9 E9 05 F3 0F 3C,temp=57.00
1779166524.687,0x100,8,15 52 4F 64 66 25 40 E3,speed=21.00
1779166524.781,0x200,8,83 64 58 87 93 4C 59 10,fuel=100.00
1779166524.874,0x300,8,11 FE D1 0F D0 8D 50 9D,temp=57.00
1779166524.972,0x100,8,15 2F 68 3D 0B 89 84 B5,speed=21.00
1779166525.062,0x200,8,1C 64 34 B9 47 0A 7B 8C,fuel=100.00
1779166525.155,0x300,8,11 F8 82 E9 98 BE 8A 09,temp=57.00
1779166525.249,0x100,8,15 8E A8 62 66 83 06 C4,speed=21.00
1779166525.345,0x200,8,9A 64 20 B5 6F D0 94 D8,fuel=100.00
1779166525.436,0x300,8,11 24 6F B6 33 A4 63 D6,temp=57.00
1779166525.529,0x100,8,15 18 DC 46 09 33 0B 58,speed=21.00
1779166525.622,0x200,8,3D 64 7E 45 42 E4 EB 44,fuel=100.00
1779166525.715,0x300,8,11 81 67 A7 9F E3 69 08,temp=57.00
1779166525.809,0x100,8,15 93 6F D9 A6 67 5F 90,speed=21.00
1779166525.903,0x200,8,91 64 3C EB F6 2C E3 7A,fuel=100.00
1779166525.998,0x300,8,11 DF AE 10 7E AE 99 4B,temp=57.00
1779166526.086,0x100,8,15 06 8E E7 AA B6 7B 35,speed=21.00
1779166526.185,0x200,8,96 64 17 E0 A4 B8 5E BB,fuel=100.00
1779166526.287,0x300,8,11 46 49 89 E1 9D AC C2,temp=57.00
1779166526.377,0x100,8,15 92 CA 74 B8 22 ED 7E,speed=21.00
1779166526.471,0x200,8,FE 64 DA 14 19 12 32 13,fuel=100.00
1779166526.562,0x300,8,11 89 C4 60 46 D3 D6 6B,temp=57.00
1779166526.655,0x100,8,15 E4 47 0E E8 39 33 8D,speed=21.00
1779166526.747,0x200,8,EE 64 44 B0 D2 FB D5 77,fuel=100.00
1779166526.843,0x300,8,11 5B A8 2C 85 25 11 29,temp=57.00
1779166526.937,0x100,8,15 1E 62 D6 44 2B 2E F7,speed=21.00
1779166527.026,0x200,8,11 64 84 E5 14 86 87 EC,fuel=100.00
1779166527.121,0x300,8,11 50 84 4A 8D 03 C0 90,temp=57.00
1779166527.214,0x100,8,15 8A 85 78 6E C4 7C F0,speed=21.00
1779166527.307,0x200,8,28 64 98 7E 94 51 D6 3E,fuel=100.00
1779166527.401,0x300,8,11 84 07 99 FA D6 BE 2E,temp=57.00
1779166527.495,0x100,8,15 D0 E1 91 6A B1 B7 25,speed=21.00
1779166527.587,0x200,8,D3 64 67 90 5B 3C 1A BE,fuel=100.00
1779166527.695,0x300,8,11 1B 6C 61 EA 5D 8A F0,temp=57.00
1779166527.789,0x100,8,15 F2 3B 90 1B FE EF 35,speed=21.00
1779166527.869,0x200,8,71 64 D8 64 77 76 CB C1,fuel=100.00
1779166527.962,0x300,8,11 7C CB 08 41 A2 FF D0,temp=57.00
1779166528.070,0x100,8,15 68 E4 66 59 3A 69 AA,speed=21.00
1779166528.163,0x200,8,90 64 B2 E0 BB B7 CD E3,fuel=100.00
1779166528.258,0x300,8,11 F8 05 EC 48 02 F8 3C,temp=57.00
1779166528.350,0x100,8,15 7A 3E 49 76 9D 57 B9,speed=21.00
1779166528.437,0x200,8,71 64 A0 7E FB 6F 7F 2F,fuel=100.00
1779166528.537,0x300,8,11 F0 04 AD C3 CF B8 6F,temp=57.00
1779166528.632,0x100,8,15 4F 47 E7 8E 1B 92 DE,speed=21.00
1779166528.726,0x200,8,50 64 60 2A 99 98 03 0A,fuel=100.00
1779166528.808,0x300,8,11 CF A2 CA 22 79 60 6D,temp=57.00
1779166528.901,0x100,8,15 F0 51 81 69 7D 1E BF,speed=21.00
1779166529.006,0x200,8,05 64 17 C1 CF E8 D3 64,fuel=100.00
1779166529.099,0x300,8,11 22 C4 B0 7E FD 66 51,temp=57.00
1779166529.190,0x100,8,15 1D A1 0D 7F F9 8D AB,speed=21.00
1779166529.283,0x200,8,0A 64 45 0F 7C 87 A4 9C,fuel=100.00
1779166529.379,0x300,8,11 43 B7 DA 7F 25 49 1A,temp=57.00
1779166529.473,0x100,8,15 04 F1 AA 57 7F F5 3B,speed=21.00
1779166529.565,0x200,8,DE 64 F6 A5 55 5C 8C B7,fuel=100.00
1779166529.658,0x300,8,11 38 26 FD DA 79 AF ED,temp=57.00
1779166529.750,0x100,8,15 A9 9D 48 34 6F 77 7F,speed=21.00
1779166529.844,0x200,8,55 64 3B 9B D6 A9 61 79,fuel=100.00
1779166529.938,0x300,8,11 7A 44 6A C8 08 CF 64,temp=57.00
1779166530.029,0x100,8,15 07 72 BB 8F 8B E9 A1,speed=21.00
1779166530.123,0x200,8,F4 64 AB 7D 39 97 DF 8B,fuel=100.00
1779166530.215,0x300,8,11 A7 3B 33 C8 A5 E9 3F,temp=57.00
1779166530.311,0x100,8,15 08 34 16 40 74 AE 21,speed=21.00
1779166530.404,0x200,8,D7 64 9A 05 74 BA E6 85,fuel=100.00
1779166530.494,0x300,8,11 F3 D6 F9 8F 0A EF 7C,temp=57.00
1779166530.587,0x100,8,15 B0 A1 EB A4 20 C2 3E,speed=21.00
1779166530.681,0x200,8,4E 64 BF EB 81 56 32 78,fuel=100.00
1779166530.776,0x300,8,11 97 C1 88 79 A1 3C 89,temp=57.00
1779166530.871,0x100,8,15 D9 41 CF 83 76 02 1A,speed=21.00
1779166530.963,0x200,8,63 64 D9 26 BE 62 F1 42,fuel=100.00
1779166531.056,0x300,8,11 96 2C E5 1B BE 2A 3E,temp=57.00
1779166531.163,0x100,8,15 95 AF 4E 0E 62 08 60,speed=21.00
1779166531.257,0x200,8,17 64 29 18 6F 58 A6 DE,fuel=100.00
1779166531.349,0x300,8,11 22 34 29 4D 60 E0 58,temp=57.00
1779166531.434,0x100,8,15 10 91 8F 09 34 C8 B7,speed=21.00
1779166531.526,0x200,8,6F 64 8B 0C E4 28 3B 45,fuel=100.00
1779166531.619,0x300,8,11 F6 FB FA 65 58 F1 25,temp=57.00
1779166531.713,0x100,8,15 1B 37 C6 A8 EA DB 6A,speed=21.00
1779166531.808,0x200,8,84 64 F5 77 AB B8 F6 C9,fuel=100.00
1779166531.915,0x300,8,11 7E 58 21 49 82 0B A8,temp=57.00
1779166532.007,0x100,8,15 90 41 65 44 2B AE 48,speed=21.00
1779166532.103,0x200,8,38 64 EF D7 79 44 BC 87,fuel=100.00
1779166532.195,0x300,8,11 1A 87 47 7E 85 91 AB,temp=57.00
1779166532.287,0x100,8,15 47 9E 59 FC 68 14 9A,speed=21.00
1779166532.379,0x200,8,4E 64 34 EE 4C A1 B2 94,fuel=100.00
1779166532.474,0x300,8,11 C9 AC A1 61 3A 1A 55,temp=57.00
1779166532.566,0x100,8,15 FD 71 3C B8 69 6F 7F,speed=21.00
1779166532.657,0x200,8,07 64 DF 43 BA CC 3D 03,fuel=100.00
1779166532.749,0x300,8,11 43 D8 37 7D 6C B6 D4,temp=57.00
1779166532.846,0x100,8,15 F2 E6 88 D3 D9 F5 D4,speed=21.00
1779166532.938,0x200,8,A3 64 E4 8D DA 9F FF CC,fuel=100.00
1779166533.027,0x300,8,11 E2 C1 21 8D F3 62 DF,temp=57.00
1779166533.119,0x100,8,15 79 A2 95 95 09 3C D7,speed=21.00
1779166533.212,0x200,8,7D 64 61 74 95 71 47 BF,fuel=100.00
1779166533.308,0x300,8,11 30 7C 0D 51 95 84 1D,temp=57.00
1779166533.400,0x100,8,15 CC 16 35 2C CD F1 85,speed=21.00
1779166533.494,0x200,8,20 64 38 3A 1F 5B 65 30,fuel=100.00
1779166533.586,0x300,8,11 8C F0 B6 7A ED 4A E2,temp=57.00
1779166533.694,0x100,8,15 1D 4A 86 13 B1 EF 40,speed=21.00
1779166533.789,0x200,8,EE 64 00 84 5C 76 5E B4,fuel=100.00
1779166533.882,0x300,8,11 6B 68 28 7D E9 70 53,temp=57.00
1779166533.977,0x100,8,15 73 3E 02 CF 24 49 F4,speed=21.00
1779166534.070,0x200,8,54 64 13 0F B3 70 E2 62,fuel=100.00
1779166534.163,0x300,8,11 12 DE 29 19 0F 33 51,temp=57.00
1779166534.259,0x100,8,15 0F 1C C9 EB DD 94 73,speed=21.00
1779166534.349,0x200,8,A8 64 01 AC 55 0C 96 EF,fuel=100.00
1779166534.444,0x300,8,11 D7 74 76 E9 09 73 9C,temp=57.00
1779166534.536,0x100,8,15 DD 4C 81 02 2D 1A 86,speed=21.00
1779166534.630,0x200,8,3E 64 DB 8D 95 96 B5 18,fuel=100.00
1779166534.722,0x300,8,11 CF 41 BD AB 8F 0D 28,temp=57.00
1779166534.815,0x100,8,15 C5 B9 D1 A1 3F 66 5A,speed=21.00
1779166534.907,0x200,8,EF 64 25 1B 26 FC 79 2D,fuel=100.00
1779166535.004,0x300,8,11 7F 1C 73 78 E4 8A 2A,temp=57.00
1779166535.092,0x100,8,15 08 55 71 42 09 F5 28,speed=21.00
1779166535.186,0x200,8,20 64 74 9C EC B8 BD AB,fuel=100.00
1779166535.280,0x300,8,11 98 40 58 39 0F C0 0E,temp=57.00
1779166535.372,0x100,8,15 9B DF 1C 9D 43 A7 ED,speed=21.00
1779166535.465,0x200,8,0C 64 17 FF 15 5A A0 83,fuel=100.00
1779166535.558,0x300,8,11 9A C1 2A DA 58 E9 B2,temp=57.00
1779166535.652,0x100,8,15 9C AC 02 4A 61 29 1C,speed=21.00
1779166535.747,0x200,8,FE 64 A8 2F 10 02 6D 65,fuel=100.00
1779166535.839,0x300,8,11 CD 3D 72 A8 99 44 EF,temp=57.00
1779166535.935,0x100,8,15 35 87 0B AA 28 A5 84,speed=21.00
1779166536.025,0x200,8,FC 64 02 A9 5B 6A 2E A2,fuel=100.00
1779166536.117,0x300,8,11 2B 36 71 A4 62 F0 39,temp=57.00
1779166536.212,0x100,8,15 84 03 30 42 C8 92 36,speed=21.00
1779166536.306,0x200,8,2A 64 11 22 2D 9C AC 12,fuel=100.00
1779166536.398,0x300,8,11 02 BC B8 AA 7F 85 E0,temp=57.00
1779166536.493,0x100,8,15 80 B1 98 16 9A C6 26,speed=21.00
1779166536.587,0x200,8,FF 64 D7 45 7A A4 31 90,fuel=100.00
1779166536.679,0x300,8,11 DA 56 37 9B C5 26 14,temp=57.00
1779166536.774,0x100,8,15 AC 74 D4 87 AD 8F BC,speed=21.00
1779166536.870,0x200,8,7D 64 03 71 40 2C F6 78,fuel=100.00
1779166536.968,0x300,8,11 88 CD 51 E0 96 29 2D,temp=57.00
1779166537.072,0x100,8,15 3C F6 35 B9 35 CE 1D,speed=21.00
1779166537.162,0x200,8,80 64 90 25 98 6E 4B DE,fuel=100.00
1779166537.255,0x300,8,11 0D B0 19 B2 7D E7 A3,temp=57.00
1779166537.347,0x100,8,15 1D F5 BA CE 74 CC 4A,speed=21.00
1779166537.439,0x200,8,C8 64 2B 18 9A 65 59 D1,fuel=100.00
1779166537.530,0x300,8,11 4B 12 B0 24 C2 8E A8,temp=57.00
1779166537.626,0x100,8,15 9C 91 B7 50 D5 B4 B8,speed=21.00
1779166537.719,0x200,8,BD 64 F5 54 4D A1 44 63,fuel=100.00
1779166537.813,0x300,8,11 03 EF 94 92 E1 EC 96,temp=57.00
1779166537.900,0x100,8,15 D3 A7 AC E3 91 BE BF,speed=21.00
1779166537.994,0x200,8,5A 64 5A D6 CB BA 3D C0,fuel=100.00
1779166538.101,0x300,8,11 62 3B B3 F5 B0 73 56,temp=57.00
1779166538.192,0x100,8,15 1E FE 66 45 19 77 3F,speed=21.00
1779166538.287,0x200,8,EC 64 B2 CD 8D 60 56 D4,fuel=100.00
1779166538.380,0x300,8,11 F8 F8 A0 42 AF BD 80,temp=57.00
1779166538.471,0x100,8,15 B9 A2 87 1D E9 D2 E1,speed=21.00
1779166538.565,0x200,8,59 64 52 2C F3 E0 A9 69,fuel=100.00
1779166538.659,0x300,8,11 37 99 53 9F A2 20 3E,temp=57.00
1779166538.752,0x100,8,15 ED 83 0C 0A 63 11 8D,speed=21.00
1779166538.846,0x200,8,85 64 57 78 C5 DE 81 35,fuel=100.00
1779166538.941,0x300,8,11 A7 7E D5 39 25 5F 11,temp=57.00
1779166539.032,0x100,8,15 4E C9 95 87 12 50 C8,speed=21.00
1779166539.126,0x200,8,4F 64 1F 11 95 AE E0 02,fuel=100.00
1779166539.220,0x300,8,11 BE 0F 05 10 E5 AD C3,temp=57.00
1779166539.313,0x100,8,15 D0 FF 86 14 16 1E 21,speed=21.00
1779166539.404,0x200,8,7A 64 2C 04 CF C3 B4 7C,fuel=100.00
1779166539.499,0x300,8,11 76 69 D4 05 80 F2 EA,temp=57.00
1779166539.593,0x100,8,15 80 A1 D2 5E 27 D5 12,speed=21.00
1779166539.687,0x200,8,47 64 42 09 69 D9 54 AE,fuel=100.00
1779166539.782,0x300,8,11 3D 42 A5 59 1F 7E B9,temp=57.00
1779166539.874,0x100,8,15 96 C8 56 AC F0 E4 B0,speed=21.00
1779166539.967,0x200,8,97 64 2F 45 51 75 F4 4F,fuel=100.00
1779166540.061,0x300,8,11 7C 21 CA E4 41 B6 AB,temp=57.00
1779166540.154,0x100,8,15 0A 1D A9 2D 28 3D D7,speed=21.00
1779166540.248,0x200,8,45 64 10 EA B5 F6 E2 98,fuel=100.00
1779166540.340,0x300,8,11 B2 8F B0 07 13 17 56,temp=57.00
1779166540.431,0x100,8,15 67 4D C2 A7 12 E6 16,speed=21.00
1779166540.526,0x200,8,B8 64 45 3C C3 E0 65 CC,fuel=100.00
1779166540.619,0x300,8,11 0D B1 27 6F 80 D3 87,temp=57.00
1779166540.712,0x100,8,15 45 E9 6F BD 5C 18 3D,speed=21.00
1779166540.806,0x200,8,A2 64 A1 B4 06 E2 8D BC,fuel=100.00
1779166540.913,0x300,8,11 80 6B 46 E5 42 33 59,temp=57.00
1779166540.994,0x100,8,15 04 FA 46 E5 7F 3D 35,speed=21.00
1779166541.099,0x200,8,FF 64 A3 10 4B 1D 75 0D,fuel=100.00
1779166541.192,0x300,8,11 34 41 ED 35 D1 51 4E,temp=57.00
1779166541.288,0x100,8,15 02 55 AB 1B 4F CC 87,speed=21.00
1779166541.382,0x200,8,23 64 F4 71 CD 75 4E 51,fuel=100.00
1779166541.475,0x300,8,11 1C A9 80 84 5C 02 D1,temp=57.00
1779166541.567,0x100,8,15 F2 12 8A CE 16 D7 C3,speed=21.00
1779166541.661,0x200,8,29 64 B3 86 02 DF AB BF,fuel=100.00
1779166541.754,0x300,8,11 57 59 9F 26 CC D1 27,temp=57.00
1779166541.847,0x100,8,15 11 8C 74 8A 5C B9 47,speed=21.00
1779166541.943,0x200,8,5F 64 DF D9 30 64 F8 A1,fuel=100.00
1779166542.033,0x300,8,11 A3 18 B8 85 3C DE B5,temp=57.00
1779166542.129,0x100,8,15 E5 8D 19 16 5B 08 BF,speed=21.00
1779166542.222,0x200,8,B8 64 42 F9 C3 02 BE 18,fuel=100.00
1779166542.316,0x300,8,11 67 BF 49 97 11 C9 D6,temp=57.00
1779166542.409,0x100,8,15 20 3F 49 DE 5E FD 05,speed=21.00
1779166542.502,0x200,8,E9 64 D3 11 82 66 8A D0,fuel=100.00
1779166542.595,0x300,8,11 3F E8 DA 25 8A 62 A2,temp=57.00
1779166542.686,0x100,8,15 B1 EE A3 C5 5E 77 89,speed=21.00
1779166542.780,0x200,8,3A 64 E0 FD 81 E5 F3 0A,fuel=100.00
1779166542.873,0x300,8,11 71 5E E2 A3 67 5A 66,temp=57.00
1779166542.972,0x100,8,15 01 50 24 DB 7C BB 33,speed=21.00
1779166543.060,0x200,8,DC 64 7D 06 D6 80 7E D3,fuel=100.00
1779166543.155,0x300,8,11 1D D1 2B A0 5A D5 D8,temp=57.00
1779166543.251,0x100,8,15 29 EC 61 72 AD C1 6C,speed=21.00
1779166543.341,0x200,8,A1 64 D3 12 ED 58 9E 5D,fuel=100.00
1779166543.433,0x300,8,11 CB E4 E0 49 04 E9 1A,temp=57.00
1779166543.528,0x100,8,15 5D E9 5A C9 7B FF C6,speed=21.00
1779166543.621,0x200,8,EC 64 55 05 39 62 56 AD,fuel=100.00
1779166543.713,0x300,8,11 81 E3 94 0E C3 DB C4,temp=57.00
1779166543.808,0x100,8,15 0B 9F D3 F6 F4 1D DE,speed=21.00
1779166543.914,0x200,8,80 64 4A CA 94 5F 70 03,fuel=100.00
1779166544.007,0x300,8,11 1F 13 7D 6B 77 CF CB,temp=57.00
1779166544.087,0x100,8,15 14 A0 BF EF 2B 69 1C,speed=21.00
1779166544.180,0x200,8,B1 64 64 3B 60 C0 0D 37,fuel=100.00
1779166544.275,0x300,8,11 9F A3 C6 65 12 DA C7,temp=57.00
1779166544.382,0x100,8,15 0E E0 5E A4 02 FF E9,speed=21.00
1779166544.475,0x200,8,CA 64 C1 AF F6 74 E9 AF,fuel=100.00
1779166544.569,0x300,8,11 A7 27 CC CB 9E C5 AE,temp=57.00
1779166544.663,0x100,8,15 45 33 FB 2C C0 BF C3,speed=21.00
1779166544.757,0x200,8,18 64 37 90 0B 6F E9 AC,fuel=100.00
1779166544.850,0x300,8,11 0E 29 AC B6 14 55 89,temp=57.00
1779166544.943,0x100,8,15 8D F3 B6 BA 76 54 B9,speed=21.00
1779166545.035,0x200,8,D5 64 31 32 BB FA 7A 26,fuel=100.00
1779166545.130,0x300,8,11 02 6C 2F BF 8F 44 23,temp=57.00
1779166545.219,0x100,8,15 33 C4 5A A7 BE 72 8C,speed=21.00
1779166545.309,0x200,8,56 64 01 F6 FD CA 5F 5D,fuel=100.00
1779166545.404,0x300,8,11 B1 0D A2 CF 64 16 CD,temp=57.00
1779166545.494,0x100,8,15 53 95 66 AD DB 2D 9F,speed=21.00
1779166545.588,0x200,8,F6 64 37 6B 47 B4 E9 5B,fuel=100.00
1779166545.682,0x300,8,11 BC 01 78 E7 04 B8 88,temp=57.00
1779166545.773,0x100,8,15 CD DC C8 03 F3 E5 D7,speed=21.00
1779166545.870,0x200,8,A1 64 26 65 4C AD B2 49,fuel=100.00
1779166545.965,0x300,8,11 35 BD B3 BE 4A EA 11,temp=57.00
1779166546.055,0x100,8,15 BC 6C 4A 3B 1F 9E 68,speed=21.00
1779166546.163,0x200,8,C0 64 08 6A 1C 74 26 FF,fuel=100.00
1779166546.256,0x300,8,11 A6 10 DB B5 B0 BA 37,temp=57.00
1779166546.349,0x100,8,15 EB FB 63 CD C1 8A 3A,speed=21.00
1779166546.442,0x200,8,90 64 50 4F D9 A0 2C CA,fuel=100.00
1779166546.534,0x300,8,11 17 2C A5 21 DF 19 2E,temp=57.00
1779166546.629,0x100,8,15 F0 E4 CE A7 1F A7 C9,speed=21.00
1779166546.721,0x200,8,3F 64 1F 11 25 82 8B 45,fuel=100.00
1779166546.817,0x300,8,11 64 97 C5 72 3A C8 44,temp=57.00
1779166546.911,0x100,8,15 16 86 55 75 85 A6 09,speed=21.00
1779166547.004,0x200,8,22 64 FC 8F 56 D2 2D EA,fuel=100.00
1779166547.100,0x300,8,11 55 A7 F9 8D 9C 1A 7C,temp=57.00
1779166547.193,0x100,8,15 91 F3 35 16 48 4B 54,speed=21.00
1779166547.287,0x200,8,AB 64 9B 10 A3 8A 25 76,fuel=100.00
1779166547.380,0x300,8,11 16 2C B2 C0 56 70 5E,temp=57.00
1779166547.471,0x100,8,15 40 79 6D E0 46 1C E4,speed=21.00
1779166547.565,0x200,8,9E 64 14 10 F3 04 14 83,fuel=100.00
1779166547.658,0x300,8,11 CF 5C 95 BE 9F 6F 02,temp=57.00
1779166547.750,0x100,8,15 63 04 A7 A7 8B E0 78,speed=21.00
1779166547.845,0x200,8,BE 64 17 9F 2D 9C 9E C6,fuel=100.00
1779166547.943,0x300,8,11 AC 35 C6 75 71 4F 84,temp=57.00
1779166548.034,0x100,8,15 16 EC 0C CD 23 6A 44,speed=21.00
1779166548.124,0x200,8,BD 64 2E 58 AF D4 72 4E,fuel=100.00
1779166548.218,0x300,8,11 E6 9F 44 20 48 1D F2,temp=57.00
1779166548.311,0x100,8,15 A6 68 DE CE 35 48 4F,speed=21.00
1779166548.404,0x200,8,3F 64 6D BA D6 D8 CC 29,fuel=100.00
1779166548.496,0x300,8,11 84 44 52 05 0D 65 03,temp=57.00
1779166548.590,0x100,8,15 F3 9D C5 A6 8A 9E E1,speed=21.00
1779166548.684,0x200,8,F5 64 D4 09 E6 A7 73 75,fuel=100.00
1779166548.779,0x300,8,11 4E 35 25 8C 10 97 37,temp=57.00
1779166548.874,0x100,8,15 FC 1C EC 3F 4B B7 EE,speed=21.00
1779166548.963,0x200,8,1F 64 82 49 0A 33 61 5E,fuel=100.00
1779166549.055,0x300,8,11 B5 BD 71 62 FC 49 B2,temp=57.00
1779166549.162,0x100,8,15 9E AF 0B 61 8D C7 2E,speed=21.00
1779166549.256,0x200,8,FD 64 13 25 79 4A C9 92,fuel=100.00
1779166549.337,0x300,8,11 1F EC 50 30 C2 13 8A,temp=57.00
1779166549.442,0x100,8,15 F0 E7 F3 60 E3 F8 BD,speed=21.00
1779166549.536,0x200,8,92 64 A3 3B F9 3D E8 A8,fuel=100.00
1779166549.630,0x300,8,11 D0 FB 8B 04 B7 25 F0,temp=57.00
1779166549.722,0x100,8,15 12 97 CF E0 02 2A 3E,speed=21.00
1779166549.823,0x200,8,91 64 B0 9A 39 67 47 FB,fuel=100.00
1779166549.911,0x300,8,11 1D 67 E1 ED 40 34 CA,temp=57.00
1779166550.005,0x100,8,15 E5 80 92 3B 06 2F 6F,speed=21.00
1779166550.091,0x200,8,DB 64 67 B8 50 E0 D3 3F,fuel=100.00
1779166550.184,0x300,8,11 63 DC AC 12 67 A1 06,temp=57.00
1779166550.277,0x100,8,15 B6 90 A5 B8 FB 68 24,speed=21.00
1779166550.370,0x200,8,56 64 D3 25 69 E4 1D 74,fuel=100.00
1779166550.463,0x300,8,11 0E A7 80 39 21 9D 5B,temp=57.00
1779166550.558,0x100,8,15 FA D5 79 14 8A 13 D0,speed=21.00
1779166550.650,0x200,8,BC 64 7C 0F 4B F2 9D 46,fuel=100.00
1779166550.744,0x300,8,11 0C FD 36 99 67 D7 F9,temp=57.00
1779166550.837,0x100,8,15 93 85 47 94 8C FE 8E,speed=21.00
1779166550.934,0x200,8,75 64 B3 85 0F F6 05 CD,fuel=100.00
1779166551.025,0x300,8,11 21 EE F3 F8 72 9B 8E,temp=57.00
1779166551.119,0x100,8,15 FF 16 CC 5B 8C 5B 93,speed=21.00
1779166551.214,0x200,8,5E 64 10 72 A7 FB D5 93,fuel=100.00
1779166551.307,0x300,8,11 EE 09 A8 6A 67 A3 8C,temp=57.00
1779166551.400,0x100,8,15 78 66 DE 67 F4 23 BC,speed=21.00
1779166551.495,0x200,8,CF 64 7D 06 1D 4D BC ED,fuel=100.00
1779166551.587,0x300,8,11 5F 13 C8 86 14 14 7D,temp=57.00
1779166551.679,0x100,8,15 78 9D 5B DB 46 1D BE,speed=21.00
1779166551.776,0x200,8,BA 64 54 EC 04 64 DE B1,fuel=100.00
1779166551.870,0x300,8,11 95 E0 C5 F0 FB BC 40,temp=57.00
1779166551.964,0x100,8,15 B4 35 33 FD 16 1D EE,speed=21.00
1779166552.055,0x200,8,13 64 90 7F 3E 11 DD BF,fuel=100.00
1779166552.150,0x300,8,11 A8 26 E7 C2 A1 6B D3,temp=57.00
1779166552.243,0x100,8,15 4C 7C DC F4 39 BF E3,speed=21.00
1779166552.337,0x200,8,98 64 91 85 38 D3 01 09,fuel=100.00
1779166552.445,0x300,8,11 1E 3F A9 78 57 84 21,temp=57.00
1779166552.524,0x100,8,15 EF AD D4 79 39 E7 88,speed=21.00
1779166552.618,0x200,8,E2 64 B1 CB C9 C4 BC 6C,fuel=100.00
1779166552.726,0x300,8,11 F5 E8 21 73 E6 AE DB,temp=57.00
1779166552.820,0x100,8,15 B5 74 1E 41 42 A1 D5,speed=21.00
1779166552.899,0x200,8,10 64 C9 DD C6 69 8E C8,fuel=100.00
1779166552.994,0x300,8,11 A0 9C CD 08 B4 81 29,temp=57.00
1779166553.099,0x100,8,15 3C 0F 9D AF E0 0C 74,speed=21.00
1779166553.192,0x200,8,E4 64 A0 CA 61 AF 58 54,fuel=100.00
1779166553.287,0x300,8,11 E6 48 30 00 06 04 E0,temp=57.00
1779166553.379,0x100,8,15 4C 1B 03 1B 1B F8 4D,speed=21.00
1779166553.471,0x200,8,BD 64 C8 18 1E 3F C4 E5,fuel=100.00
1779166553.565,0x300,8,11 65 17 D2 6E 64 9C 88,temp=57.00
1779166553.654,0x100,8,15 98 32 BE 5B BC CF 82,speed=21.00
1779166553.748,0x200,8,41 64 0C BA A9 83 E6 E4,fuel=100.00
1779166553.843,0x300,8,11 0A D3 4E 7D AF CE 29,temp=57.00
1779166553.937,0x100,8,15 66 63 63 D3 4F 11 98,speed=21.00
1779166554.029,0x200,8,CF 64 92 18 62 8F F4 35,fuel=100.00
1779166554.124,0x300,8,11 43 ED 03 08 32 12 57,temp=57.00
1779166554.215,0x100,8,15 46 7F 11 DB B7 55 5B,speed=21.00
1779166554.310,0x200,8,D0 64 91 FE 3F F8 6F CB,fuel=100.00
1779166554.402,0x300,8,11 E5 78 17 34 F3 DA 76,temp=57.00
1779166554.496,0x100,8,15 F7 A6 98 FD A4 32 B6,speed=21.00
1779166554.590,0x200,8,D6 64 9C 90 2B FD F3 00,fuel=100.00
1779166554.684,0x300,8,11 4C F6 DA 39 93 AF AB,temp=57.00
1779166554.779,0x100,8,15 75 C8 D1 B7 0D AF 7E,speed=21.00
1779166554.872,0x200,8,94 64 25 72 51 E0 FE F2,fuel=100.00
1779166554.966,0x300,8,11 86 0D DF 64 F9 C7 B5,temp=57.00
1779166555.057,0x100,8,15 E6 99 70 36 DC 42 80,speed=21.00
1779166555.150,0x200,8,52 64 D3 AC BF 62 DA 92,fuel=100.00
1779166555.242,0x300,8,11 AE 77 54 B4 8E 44 C8,temp=57.00
1779166555.353,0x100,8,15 3D E8 CD 7A 86 6A 31,speed=21.00
1779166555.442,0x200,8,66 64 E1 E1 15 37 CC 0F,fuel=100.00
1779166555.534,0x300,8,11 2D C9 2D 55 3A C0 39,temp=57.00
1779166555.628,0x100,8,15 6B 8C 77 FD C4 3E 5D,speed=21.00
1779166555.718,0x200,8,D3 64 1D 53 FA C2 BF C1,fuel=100.00
1779166555.814,0x300,8,11 AD D7 6F 96 FC 23 69,temp=57.00
1779166555.905,0x100,8,15 89 A3 5F D1 28 F5 00,speed=21.00
1779166555.998,0x200,8,C4 64 C8 2B DF DF 0D A3,fuel=100.00
1779166556.091,0x300,8,11 4B 21 94 21 E2 29 55,temp=57.00
1779166556.184,0x100,8,15 01 22 7F 58 B1 2F E2,speed=21.00
1779166556.274,0x200,8,78 64 BC D2 B5 F4 3D 24,fuel=100.00
1779166556.367,0x300,8,11 D0 88 3D 5A EC F8 C9,temp=57.00
1779166556.465,0x100,8,15 64 94 F5 A8 12 54 5E,speed=21.00
1779166556.558,0x200,8,30 64 F9 D1 0E 17 5B 59,fuel=100.00
1779166556.652,0x300,8,11 6D 1A 12 A5 8B 29 32,temp=57.00
1779166556.744,0x100,8,15 5E 68 30 DC 76 C3 58,speed=21.00
1779166556.837,0x200,8,EC 64 0B CF 94 56 E2 14,fuel=100.00
1779166556.932,0x300,8,11 66 0F 0A 0F 2E 96 39,temp=57.00
1779166557.038,0x100,8,15 11 B0 D3 85 77 19 86,speed=21.00
1779166557.129,0x200,8,C5 64 3D 34 DF 25 D0 B9,fuel=100.00
1779166557.223,0x300,8,11 17 7C 3A DF E5 04 72,temp=57.00
1779166557.315,0x100,8,15 8B 54 31 93 BC 59 A3,speed=21.00
1779166557.410,0x200,8,46 64 63 29 5E 94 92 33,fuel=100.00
1779166557.502,0x300,8,11 D7 C6 24 B3 B3 0B 85,temp=57.00
1779166557.594,0x100,8,15 0A C3 E7 1C 95 68 10,speed=21.00
1779166557.688,0x200,8,C1 64 64 33 91 80 2F C3,fuel=100.00
1779166557.781,0x300,8,11 1C 5D 63 E6 D7 3B CF,temp=57.00
1779166557.875,0x100,8,15 01 E9 F7 7A D3 39 17,speed=21.00
1779166557.967,0x200,8,D9 64 89 F7 1D 36 4C 78,fuel=100.00
1779166558.058,0x300,8,11 9F 14 79 77 36 23 6F,temp=57.00
1779166558.149,0x100,8,15 C1 04 68 70 ED 69 6D,speed=21.00
1779166558.244,0x200,8,5B 64 BE 08 99 D9 9B C2,fuel=100.00
1779166558.349,0x300,8,11 18 35 97 9E D5 C4 25,temp=57.00
1779166558.441,0x100,8,15 1E 4C C6 E9 B3 9A 4C,speed=21.00
1779166558.537,0x200,8,BE 64 4C CC C2 FA 7F 7C,fuel=100.00
1779166558.631,0x300,8,11 9B C2 5C 72 79 73 2F,temp=57.00
1779166558.710,0x100,8,15 DA 69 6C FD F9 71 5A,speed=21.00
1779166558.820,0x200,8,0D 64 73 BF 02 FC 84 B0,fuel=100.00
1779166558.914,0x300,8,11 B3 12 04 1F 4E 29 41,temp=57.00
1779166559.000,0x100,8,15 D7 A3 C7 8F 66 C5 31,speed=21.00
1779166559.098,0x200,8,23 64 86 EF 9A F9 2E 20,fuel=100.00
1779166559.192,0x300,8,11 82 87 B0 9C 9F 7B 23,temp=57.00
1779166559.284,0x100,8,15 60 B5 9B 14 4C F0 A8,speed=21.00
1779166559.377,0x200,8,34 64 39 93 A0 4F FF 9F,fuel=100.00
1779166559.468,0x300,8,11 E5 6F CA 42 62 2F 21,temp=57.00
1779166559.563,0x100,8,15 98 08 1E 23 64 5B CD,speed=21.00
1779166559.655,0x200,8,E5 64 74 9C 26 EC FF 36,fuel=100.00
1779166559.749,0x300,8,11 39 C1 3D 24 90 E1 92,temp=57.00
1779166559.840,0x100,8,15 BC B1 53 7A 15 32 41,speed=21.00
1779166559.937,0x200,8,55 64 74 0D 4C D2 9E FD,fuel=100.00
1779166560.034,0x300,8,11 FD 64 11 31 3E 64 6D,temp=57.00
1779166560.125,0x100,8,15 EE D7 65 C4 33 8B 7E,speed=21.00
1779166560.219,0x200,8,DA 64 03 FA 79 BF 76 3A,fuel=100.00
1779166560.308,0x300,8,11 E4 E6 81 CB F7 23 FE,temp=57.00
1779166560.404,0x100,8,15 34 D2 82 EC B1 B3 4E,speed=21.00
1779166560.498,0x200,8,87 64 A3 48 AF 19 84 7D,fuel=100.00
1779166560.593,0x300,8,11 F0 09 8F E7 DB F0 BE,temp=57.00
1779166560.686,0x100,8,15 7B 12 1B 41 61 0F 08,speed=21.00
1779166560.779,0x200,8,4E 64 2C 27 04 E7 16 56,fuel=100.00
1779166560.869,0x300,8,11 2D D1 80 88 03 C7 09,temp=57.00
1779166560.965,0x100,8,15 28 04 C0 B7 7D DE 86,speed=21.00
1779166561.067,0x200,8,9D 64 4C 8A 45 22 34 CC,fuel=100.00
1779166561.160,0x300,8,11 56 B3 69 0B 1C B3 C8,temp=57.00
1779166561.254,0x100,8,15 E7 EF 40 8D 43 6A 4B,speed=21.00
1779166561.346,0x200,8,48 64 4C 66 3F 31 09 AB,fuel=100.00
1779166561.440,0x300,8,11 ED C6 F2 8F 98 63 64,temp=57.00
1779166561.531,0x100,8,15 95 0E 4A E4 30 60 BD,speed=21.00
1779166561.626,0x200,8,58 64 F4 90 54 7F 0A CC,fuel=100.00
1779166561.720,0x300,8,11 E7 6D 9F 03 54 63 91,temp=57.00
1779166561.812,0x100,8,15 71 FF EC 10 AC D0 0D,speed=21.00
1779166561.905,0x200,8,D3 64 DF 31 DC 17 BC 00,fuel=100.00
1779166562.001,0x300,8,11 30 5A 5D 1F 32 8B 71,temp=57.00
1779166562.092,0x100,8,15 FB B9 47 6F 96 D5 F5,speed=21.00
1779166562.184,0x200,8,E4 64 1A 54 DB 8B AB 05,fuel=100.00
1779166562.280,0x300,8,11 B8 56 34 37 A7 7C E4,temp=57.00
1779166562.373,0x100,8,15 DA 11 7E AA 01 08 D5,speed=21.00
1779166562.465,0x200,8,81 64 E1 D9 08 B6 19 A4,fuel=100.00
1779166562.558,0x300,8,11 72 3E E9 E0 C9 8E BA,temp=57.00
1779166562.650,0x100,8,15 C1 4C 75 C5 24 DF A7,speed=21.00
1779166562.743,0x200,8,AC 64 1A F7 D8 2B 26 CE,fuel=100.00
1779166562.839,0x300,8,11 C9 96 BC 14 F0 71 5C,temp=57.00
1779166562.932,0x100,8,15 54 39 0D F8 CB A0 00,speed=21.00
1779166563.033,0x200,8,3F 64 4F D7 6A 80 5F 91,fuel=100.00
1779166563.118,0x300,8,11 3D 04 9E DC BC 89 B0,temp=57.00
1779166563.213,0x100,8,15 9F E3 98 F9 61 20 EC,speed=21.00
1779166563.306,0x200,8,78 64 64 84 23 BA 29 C5,fuel=100.00
1779166563.414,0x300,8,11 D6 17 9E 5D B4 A4 4F,temp=57.00
1779166563.507,0x100,8,15 E0 95 99 33 A2 B7 DA,speed=21.00
1779166563.600,0x200,8,1F 64 30 C6 83 F2 3E C8,fuel=100.00
1779166563.694,0x300,8,11 EC 21 3C 62 9D EC 1C,temp=57.00
1779166563.787,0x100,8,15 43 E2 0B DA D4 EE 36,speed=21.00
1779166563.881,0x200,8,A1 64 57 78 51 89 74 11,fuel=100.00
1779166563.964,0x300,8,11 BC 7A B1 85 CE E2 1E,temp=57.00
1779166564.066,0x100,8,15 10 D2 D9 31 C8 D0 DB,speed=21.00
1779166564.161,0x200,8,70 64 14 E5 6D 9A 57 3C,fuel=100.00
1779166564.257,0x300,8,11 46 48 33 0D BF 94 02,temp=57.00
1779166564.338,0x100,8,15 86 92 1E F4 33 76 05,speed=21.00
1779166564.431,0x200,8,55 64 85 54 C3 43 53 20,fuel=100.00
1779166564.525,0x300,8,11 2E 67 E2 0E 43 5F 4E,temp=57.00
1779166564.619,0x100,8,15 2B 68 FB DC D3 B2 F5,speed=21.00
1779166564.713,0x200,8,61 64 49 83 1A E8 69 4E,fuel=100.00
1779166564.809,0x300,8,11 0C 35 BB 26 7C 4F F3,temp=57.00
1779166564.902,0x100,8,15 01 DA E1 27 02 03 98,speed=21.00
1779166564.994,0x200,8,83 64 47 16 52 AA 5F 13,fuel=100.00
1779166565.086,0x300,8,11 9E 7C EF 49 F3 C7 B5,temp=57.00
1779166565.179,0x100,8,15 2D DB 29 94 8F 16 BD,speed=21.00
1779166565.273,0x200,8,10 64 23 C5 D6 7C 61 58,fuel=100.00
1779166565.383,0x300,8,11 A9 63 C0 29 A4 C0 CF,temp=57.00
1779166565.476,0x100,8,15 26 E5 67 5E A4 09 88,speed=21.00
1779166565.567,0x200,8,F6 64 F7 D5 F4 AB 13 D2,fuel=100.00
1779166565.654,0x300,8,11 9F 20 EA 9F 6A F5 A2,temp=57.00
1779166565.744,0x100,8,15 13 7C 02 AA 44 2C 32,speed=21.00
1779166565.838,0x200,8,4E 64 B4 18 4A 30 01 53,fuel=100.00
1779166565.937,0x300,8,11 9F 6D 39 86 4A 27 AD,temp=57.00
1779166566.031,0x100,8,15 C4 AD 7C 6F 2C 8B F5,speed=21.00
1779166566.120,0x200,8,9E 64 29 19 88 80 1F B6,fuel=100.00
1779166566.213,0x300,8,11 91 35 8E 95 26 1F 09,temp=57.00
1779166566.306,0x100,8,15 F0 96 5F 75 26 8B DE,speed=21.00
1779166566.414,0x200,8,CC 64 D4 42 C9 8F 3A 41,fuel=100.00
1779166566.508,0x300,8,11 AE AF 94 1B 80 21 6C,temp=57.00
1779166566.598,0x100,8,15 AF 43 25 D0 A7 D9 48,speed=21.00
1779166566.693,0x200,8,CD 64 77 DD CA 9F 0C 5F,fuel=100.00
1779166566.783,0x300,8,11 A4 03 9F E2 49 F7 82,temp=57.00
1779166566.878,0x100,8,15 DA 57 F4 8C E5 88 7E,speed=21.00
1779166566.977,0x200,8,97 64 A1 74 7C 83 58 A2,fuel=100.00
1779166567.063,0x300,8,11 03 4D 34 E5 DF EC A1,temp=57.00
1779166567.158,0x100,8,15 48 7C 3C D3 7D F4 F9,speed=21.00
1779166567.249,0x200,8,C1 64 39 AE 68 B5 8F E8,fuel=100.00
1779166567.344,0x300,8,11 AD 05 3E BA 03 35 79,temp=57.00
1779166567.439,0x100,8,15 7B 85 69 F0 A0 A6 9E,speed=21.00
1779166567.532,0x200,8,64 64 1E A1 EB 90 6E A8,fuel=100.00
1779166567.624,0x300,8,11 C3 75 1E 97 4E 4F 14,temp=57.00
1779166567.716,0x100,8,15 DA 9A 4C 34 0D 33 06,speed=21.00
1779166567.813,0x200,8,E1 64 EA 34 56 87 25 E8,fuel=100.00
1779166567.904,0x300,8,11 B5 15 E9 27 91 C1 E9,temp=57.00
1779166568.000,0x100,8,15 0D D3 1C C8 55 E1 21,speed=21.00
1779166568.095,0x200,8,46 64 62 75 6A C4 4D 6E,fuel=100.00
1779166568.186,0x300,8,11 4B B0 68 99 90 F2 7E,temp=57.00
1779166568.279,0x100,8,15 41 5C 8F F2 49 55 51,speed=21.00
1779166568.374,0x200,8,A5 64 A8 06 19 16 34 80,fuel=100.00
1779166568.467,0x300,8,11 04 43 85 87 B1 96 AF,temp=57.00
1779166568.560,0x100,8,15 58 75 F1 1D 59 30 B7,speed=21.00
1779166568.654,0x200,8,AE 64 81 A1 86 0A 99 FD,fuel=100.00
1779166568.748,0x300,8,11 A5 AF B4 14 D8 F0 C6,temp=57.00
1779166568.844,0x100,8,15 58 DA 44 C1 9C 76 5B,speed=21.00
1779166568.939,0x200,8,93 64 7A 7D C3 92 03 67,fuel=100.00
1779166569.029,0x300,8,11 BE A5 F8 53 3D 1C AB,temp=57.00
1779166569.123,0x100,8,15 82 7E DB 94 DE 04 4D,speed=21.00
1779166569.216,0x200,8,95 64 F0 B0 17 07 59 D0,fuel=100.00
1779166569.309,0x300,8,11 48 C3 87 7A 9E 08 35,temp=57.00
1779166569.403,0x100,8,15 14 98 F9 14 A8 34 9F,speed=21.00
1779166569.494,0x200,8,BF 64 35 CB 99 49 81 90,fuel=100.00
1779166569.587,0x300,8,11 6F 8A 69 59 BA 5A 31,temp=57.00
1779166569.694,0x100,8,15 36 DD 51 A0 E7 76 62,speed=21.00
1779166569.780,0x200,8,DC 64 B8 89 83 3C 0F D1,fuel=100.00
1779166569.871,0x300,8,11 E5 62 77 27 78 5D 15,temp=57.00
1779166569.964,0x100,8,15 1D 5F C1 B9 10 36 CF,speed=21.00
1779166570.057,0x200,8,C7 64 0D 77 B7 2C 9E 22,fuel=100.00
1779166570.154,0x300,8,11 77 40 E6 B5 7B 42 D9,temp=57.00
1779166570.245,0x100,8,15 64 06 1A 28 63 5D D6,speed=21.00
1779166570.340,0x200,8,17 64 02 46 BA 7A FB 20,fuel=100.00
1779166570.432,0x300,8,11 D2 C9 7E 56 33 34 9B,temp=57.00
1779166570.525,0x100,8,15 24 4D 1B 6D EF 58 50,speed=21.00
1779166570.622,0x200,8,CE 64 4E E6 4B 7D 2C 6B,fuel=100.00
1779166570.711,0x300,8,11 EE D3 B3 C7 AD 9A C8,temp=57.00
1779166570.806,0x100,8,15 6D D7 F6 EF 0D 74 CC,speed=21.00
1779166570.914,0x200,8,27 64 2B 31 6B CA BD 3F,fuel=100.00
1779166570.993,0x300,8,11 09 C4 1F CF F9 BA 20,temp=57.00
1779166571.099,0x100,8,15 10 AE 62 EB 28 32 AE,speed=21.00
1779166571.193,0x200,8,94 64 6B 2C 6D 37 86 72,fuel=100.00
1779166571.287,0x300,8,11 EB 2C 03 D3 9F FA 5B,temp=57.00
1779166571.378,0x100,8,15 2D 80 E7 9E B5 C0 73,speed=21.00
1779166571.473,0x200,8,14 64 DD 87 44 45 CD F9,fuel=100.00
1779166571.565,0x300,8,11 FA DD 16 69 6A 84 1D,temp=57.00
1779166571.660,0x100,8,15 85 22 CF 65 04 1D AF,speed=21.00
1779166571.752,0x200,8,87 64 03 29 B2 2C A6 AB,fuel=100.00
1779166571.845,0x300,8,11 A9 7C D0 AF 1B 59 0D,temp=57.00
1779166571.940,0x100,8,15 1E 96 D2 D2 91 CC F9,speed=21.00
1779166572.031,0x200,8,BD 64 D6 96 6F 9A 84 44,fuel=100.00
1779166572.125,0x300,8,11 5E DA 6B 5D 04 63 66,temp=57.00
1779166572.222,0x100,8,15 FE 20 7E 7E 99 5B 59,speed=21.00
1779166572.314,0x200,8,91 64 7B A7 2F 61 27 8A,fuel=100.00
1779166572.405,0x300,8,11 48 3E AB 9F D5 FF 74,temp=57.00
1779166572.499,0x100,8,15 66 F0 A4 64 E4 11 C7,speed=21.00
1779166572.594,0x200,8,C1 64 4B C3 E6 F6 63 8D,fuel=100.00
1779166572.690,0x300,8,11 FE B3 3A 3B 3E BC 71,temp=57.00
1779166572.781,0x100,8,15 39 A3 84 86 61 55 2A,speed=21.00
1779166572.875,0x200,8,70 64 57 D5 DF 54 D2 69,fuel=100.00
1779166572.972,0x300,8,11 38 54 4D 8B ED 58 BC,temp=57.00
1779166573.062,0x100,8,15 46 01 A0 39 79 42 30,speed=21.00
1779166573.156,0x200,8,35 64 87 7E 08 DF FA 25,fuel=100.00
1779166573.248,0x300,8,11 25 0A 91 FC 0B 0E AF,temp=57.00
1779166573.342,0x100,8,15 FD 10 C1 27 D3 DA 98,speed=21.00
1779166573.433,0x200,8,8A 64 71 60 FC 13 4B 03,fuel=100.00
1779166573.526,0x300,8,11 BF EE AB 9B 91 A1 93,temp=57.00
1779166573.621,0x100,8,15 DA 4B 89 3D 46 C4 62,speed=21.00
1779166573.714,0x200,8,EC 64 AB F9 14 E4 33 5E,fuel=100.00
1779166573.808,0x300,8,11 23 E6 5E D4 0C F1 98,temp=57.00
1779166573.900,0x100,8,15 0D 94 4E 45 D2 9D 94,speed=21.00
1779166573.992,0x200,8,6B 64 E2 C7 57 EA 43 B2,fuel=100.00
1779166574.086,0x300,8,11 0A 8A AD A2 EA 8B 85,temp=57.00
1779166574.194,0x100,8,15 1E 6B 0C 2D 52 69 B9,speed=21.00
1779166574.291,0x200,8,23 64 A0 E6 C2 94 47 19,fuel=100.00
1779166574.367,0x300,8,11 EC DF 2F D5 27 D2 B0,temp=57.00
1779166574.474,0x100,8,15 90 CE 38 39 C2 36 35,speed=21.00
1779166574.569,0x200,8,2F 64 15 E8 BF 61 5A F7,fuel=100.00
1779166574.661,0x300,8,11 67 A7 29 C1 26 A3 0F,temp=57.00
1779166574.755,0x100,8,15 D3 7E E7 F0 72 58 7F,speed=21.00
1779166574.850,0x200,8,7A 64 C6 FD 2D A2 9A 63,fuel=100.00
1779166574.943,0x300,8,11 75 8F 72 DC 25 20 5E,temp=57.00
1779166575.039,0x100,8,15 F9 9A 87 C4 F3 FB 20,speed=21.00
1779166575.126,0x200,8,96 64 23 7F 60 D6 6E D0,fuel=100.00
1779166575.221,0x300,8,11 5B 57 F7 41 32 C5 F0,temp=57.00
1779166575.313,0x100,8,15 3A BA 96 C8 55 1C 13,speed=21.00
1779166575.406,0x200,8,A1 64 F6 DE CD E6 AD 03,fuel=100.00
1779166575.501,0x300,8,11 45 05 FB 43 05 23 71,temp=57.00
1779166575.594,0x100,8,15 7C 88 D4 A6 F6 C2 ED,speed=21.00
1779166575.689,0x200,8,CA 64 49 E9 E7 54 08 FA,fuel=100.00
1779166575.784,0x300,8,11 97 6C C4 3F D1 26 19,temp=57.00
1779166575.876,0x100,8,15 42 48 D9 07 B5 00 60,speed=21.00
1779166575.972,0x200,8,CC 64 A0 DF DF 5E 36 23,fuel=100.00
1779166576.063,0x300,8,11 1E F4 57 5B D3 73 5E,temp=57.00
1779166576.158,0x100,8,15 C7 A4 FE E8 CE 58 E3,speed=21.00
1779166576.249,0x200,8,17 64 63 F7 6E E4 57 54,fuel=100.00
1779166576.343,0x300,8,11 6C 19 D5 02 4F 27 25,temp=57.00
1779166576.436,0x100,8,15 00 C0 03 FE D7 D5 3A,speed=21.00
1779166576.531,0x200,8,45 64 9D 8F 4E CF 5A 81,fuel=100.00
1779166576.624,0x300,8,11 FF 22 8B 51 46 CA 75,temp=57.00
1779166576.719,0x100,8,15 37 0A FE E6 A9 64 45,speed=21.00
1779166576.813,0x200,8,93 64 FC 39 02 5A 81 2D,fuel=100.00
1779166576.905,0x300,8,11 EC 10 4F DD 78 9C 21,temp=57.00
1779166577.002,0x100,8,15 4E 59 71 37 84 20 13,speed=21.00
1779166577.092,0x200,8,25 64 ED E7 7F D3 E4 14,fuel=100.00
1779166577.187,0x300,8,11 E8 A3 C5 A7 9A 53 0D,temp=57.00
1779166577.281,0x100,8,15 4F AE 9C 7F 15 17 9B,speed=21.00
1779166577.374,0x200,8,2C 64 B3 B0 FF B1 E4 75,fuel=100.00
1779166577.466,0x300,8,11 2B 76 D2 07 08 F8 1D,temp=57.00
1779166577.558,0x100,8,15 E1 A7 45 06 D9 71 30,speed=21.00
1779166577.652,0x200,8,24 64 FD D9 D6 23 60 00,fuel=100.00
1779166577.744,0x300,8,11 B3 FA A5 8B 9E BC FC,temp=57.00
1779166577.838,0x100,8,15 B4 2F E5 F2 40 E7 FE,speed=21.00
1779166577.941,0x200,8,23 64 BA 34 B0 B2 EC E9,fuel=100.00
1779166578.031,0x300,8,11 C9 81 8F CF 5B 70 81,temp=57.00
1779166578.124,0x100,8,15 05 46 C4 44 A7 02 A9,speed=21.00
1779166578.216,0x200,8,A9 64 46 AC 84 8E BD 41,fuel=100.00
1779166578.310,0x300,8,11 F5 67 CB 98 52 48 BF,temp=57.00
1779166578.401,0x100,8,15 0A F7 2B BB 92 75 F1,speed=21.00
1779166578.494,0x200,8,F7 64 C7 00 06 45 63 2C,fuel=100.00
1779166578.588,0x300,8,11 FB 9D B5 19 3F 4B 7E,temp=57.00
1779166578.680,0x100,8,15 48 A4 82 BC 02 84 27,speed=21.00
1779166578.774,0x200,8,33 64 AF 67 0D 6F 62 F4,fuel=100.00
1779166578.869,0x300,8,11 FE 37 2B F3 5E 27 2E,temp=57.00
1779166578.968,0x100,8,15 32 13 EF D6 F7 BD 7F,speed=21.00
1779166579.056,0x200,8,97 64 11 2A BC B6 D8 44,fuel=100.00
1779166579.151,0x300,8,11 CD 09 06 6D 69 45 FF,temp=57.00
1779166579.257,0x100,8,15 60 4A 92 7C 25 F0 7B,speed=21.00
1779166579.351,0x200,8,B8 64 6A 9E 4D 1D 02 75,fuel=100.00
1779166579.443,0x300,8,11 94 E1 51 75 29 27 60,temp=57.00
1779166579.535,0x100,8,15 EE AE EE 28 E9 AA 90,speed=21.00
1779166579.628,0x200,8,BB 64 68 43 0B 97 46 61,fuel=100.00
1779166579.721,0x300,8,11 85 94 95 44 E3 0D 4A,temp=57.00
1779166579.814,0x100,8,15 E4 FD 5A 18 13 7F 91,speed=21.00
1779166579.906,0x200,8,90 64 46 FF E9 0D F5 0A,fuel=100.00
1779166580.004,0x300,8,11 A0 81 19 4C 5B 8F 82,temp=57.00
1779166580.096,0x100,8,15 6C D0 EA B0 3D E5 27,speed=21.00
1779166580.188,0x200,8,C2 64 54 76 28 8D 71 A6,fuel=100.00
1779166580.281,0x300,8,11 3A 58 3D CB 99 CC 8D,temp=57.00
1779166580.375,0x100,8,15 90 3E 9E E2 8E 6B C4,speed=21.00
1779166580.469,0x200,8,DF 64 6C 0E 31 C2 D8 88,fuel=100.00
1779166580.564,0x300,8,11 C6 98 DF EF 07 32 66,temp=57.00
1779166580.658,0x100,8,15 3F 20 40 DA C0 5C 7D,speed=21.00
1779166580.751,0x200,8,7B 64 8F AD 53 02 0D AE,fuel=100.00
1779166580.843,0x300,8,11 FD CB 0C 55 F2 12 A8,temp=57.00
1779166580.935,0x100,8,15 38 C6 08 9C 79 87 7D,speed=21.00
1779166581.027,0x200,8,7F 64 76 B0 8E 65 58 1B,fuel=100.00
1779166581.121,0x300,8,11 E9 4C 38 94 BE 59 29,temp=57.00
1779166581.215,0x100,8,15 15 9B 56 0E 63 2E E7,speed=21.00
1779166581.308,0x200,8,62 64 73 13 38 C7 E1 F3,fuel=100.00
1779166581.399,0x300,8,11 AD C7 3A 37 0E B8 82,temp=57.00
1779166581.495,0x100,8,15 48 06 05 5D 54 C9 74,speed=21.00
1779166581.588,0x200,8,EA 64 27 70 4F 6A E2 11,fuel=100.00
1779166581.680,0x300,8,11 EA 7F F6 73 EA A2 62,temp=57.00
1779166581.776,0x100,8,15 61 FF 59 A3 0F 9C A5,speed=21.00
1779166581.872,0x200,8,FE 64 A3 A6 71 25 08 A6,fuel=100.00
1779166581.961,0x300,8,11 D9 F0 55 6D 43 B2 34,temp=57.00
1779166582.056,0x100,8,15 BF 53 84 CD A3 F7 1D,speed=21.00
1779166582.151,0x200,8,55 64 53 1F DE E9 8A 2E,fuel=100.00
1779166582.244,0x300,8,11 11 2B 7E CA 7A C2 10,temp=57.00
1779166582.349,0x100,8,15 9B C4 30 0B C0 4A C0,speed=21.00
1779166582.442,0x200,8,20 64 55 55 60 E0 B1 1D,fuel=100.00
1779166582.536,0x300,8,11 BE 5C E8 AB 3A 50 7B,temp=57.00
1779166582.627,0x100,8,15 3C BE 2F D3 F6 FF AC,speed=21.00
1779166582.720,0x200,8,B6 64 D6 38 DB 42 C1 7E,fuel=100.00
1779166582.813,0x300,8,11 81 A4 09 2A 41 16 51,temp=57.00
1779166582.907,0x100,8,15 05 43 4F 3A 31 28 BB,speed=21.00
1779166582.998,0x200,8,CB 64 0A 96 3F 36 9A 3B,fuel=100.00
1779166583.091,0x300,8,11 0C 77 4C E0 11 BE 56,temp=57.00
1779166583.185,0x100,8,15 F3 C4 8C F5 EB B9 D3,speed=21.00
1779166583.279,0x200,8,2C 64 13 05 9E 7A 20 F1,fuel=100.00
1779166583.373,0x300,8,11 95 B5 22 B9 B8 93 65,temp=57.00
1779166583.462,0x100,8,15 AD DC 54 A6 35 34 BC,speed=21.00
1779166583.555,0x200,8,8C 64 7F E6 8E D7 B5 E9,fuel=100.00
1779166583.663,0x300,8,11 D5 25 D0 47 FD A4 68,temp=57.00
1779166583.755,0x100,8,15 51 37 95 4C 17 4F 94,speed=21.00
1779166583.848,0x200,8,D6 64 A0 51 0F 62 33 37,fuel=100.00
1779166583.942,0x300,8,11 9D CE 24 87 EB 9D 47,temp=57.00
1779166584.035,0x100,8,15 F6 90 C7 09 D2 53 B0,speed=21.00
1779166584.128,0x200,8,FA 64 06 43 CD D2 B8 7E,fuel=100.00
1779166584.221,0x300,8,11 ED 07 81 7D 67 2C C7,temp=57.00
1779166584.315,0x100,8,15 C1 9C 1C 0C D9 45 25,speed=21.00
1779166584.409,0x200,8,95 64 30 B7 57 E7 4D 66,fuel=100.00
1779166584.502,0x300,8,11 9C 64 D1 07 D4 B9 DA,temp=57.00
1779166584.597,0x100,8,15 39 77 9A DB 30 E6 13,speed=21.00
1779166584.688,0x200,8,E0 64 ED 7A 6D BE 07 15,fuel=100.00
1779166584.784,0x300,8,11 22 E1 59 8C 8C DF B4,temp=57.00
1779166584.874,0x100,8,15 8C AF CD 4E 9D DB 16,speed=21.00
1779166584.969,0x200,8,99 64 2E C3 F2 B9 F8 AD,fuel=100.00
1779166585.060,0x300,8,11 56 CC 2F B9 9A CE 15,temp=57.00
1779166585.154,0x100,8,15 5D 7B 95 12 1C 62 74,speed=21.00
1779166585.248,0x200,8,B3 64 2B 25 75 5F 69 8F,fuel=100.00
1779166585.338,0x300,8,11 E4 D1 FA 76 75 6A 23,temp=57.00
1779166585.431,0x100,8,15 E2 9B 64 CE 90 F2 2C,speed=21.00
1779166585.524,0x200,8,3B 64 86 97 FC 39 0F 87,fuel=100.00
1779166585.633,0x300,8,11 06 FA 23 AF A1 61 9C,temp=57.00
1779166585.726,0x100,8,15 91 19 59 BB F7 42 61,speed=21.00
1779166585.821,0x200,8,8B 64 31 86 BB 96 26 BF,fuel=100.00
1779166585.911,0x300,8,11 DB 46 C8 63 8A E4 A6,temp=57.00
1779166586.004,0x100,8,15 DE E5 C0 A6 F5 B3 CF,speed=21.00
1779166586.097,0x200,8,13 64 54 A4 1C 5F 4A 3C,fuel=100.00
1779166586.191,0x300,8,11 B1 CA FB C8 8C EA 91,temp=57.00
1779166586.284,0x100,8,15 85 E5 CA 79 40 10 CD,speed=21.00
1779166586.377,0x200,8,07 64 57 19 D2 F3 5C 92,fuel=100.00
1779166586.470,0x300,8,11 2F B0 60 4A B9 62 B2,temp=57.00
1779166586.563,0x100,8,15 C8 6D 55 7D 02 14 60,speed=21.00
1779166586.655,0x200,8,CA 64 B6 AC B3 FA 00 0F,fuel=100.00
1779166586.747,0x300,8,11 87 2B 42 D2 F4 13 55,temp=57.00
1779166586.841,0x100,8,15 EA 47 B3 3C 4E 2C 67,speed=21.00
1779166586.934,0x200,8,EA 64 48 FB 84 91 B4 39,fuel=100.00
1779166587.038,0x300,8,11 B7 69 BD F9 EF A0 FD,temp=57.00
1779166587.129,0x100,8,15 F2 F0 26 A6 2D E2 17,speed=21.00
1779166587.222,0x200,8,0B 64 C3 48 4C 5D 08 E2,fuel=100.00
1779166587.316,0x300,8,11 04 22 C3 D2 9B 34 C0,temp=57.00
1779166587.399,0x100,8,15 B1 EC DD F3 8D ED 8D,speed=21.00
1779166587.508,0x200,8,B8 64 7E F7 DF 95 8C DC,fuel=100.00
1779166587.602,0x300,8,11 8D 5A 61 CD 1A EB 2F,temp=57.00
1779166587.694,0x100,8,15 EB B0 EA D6 56 F1 DF,speed=21.00
1779166587.784,0x200,8,3C 64 A5 63 9B 9B 9B FD,fuel=100.00
1779166587.876,0x300,8,11 C1 63 AF 33 A2 6F 90,temp=57.00
1779166587.972,0x100,8,15 08 0E 79 9F D3 2F F3,speed=21.00
1779166588.067,0x200,8,43 64 80 9C 1F EB A5 C8,fuel=100.00
1779166588.161,0x300,8,11 33 D0 D2 3D FF C0 87,temp=57.00
1779166588.251,0x100,8,15 5A 76 45 EC 8A 5E 49,speed=21.00
1779166588.342,0x200,8,89 64 24 A6 58 B1 51 F0,fuel=100.00
1779166588.435,0x300,8,11 13 D5 03 97 6A 90 35,temp=57.00
1779166588.526,0x100,8,15 67 C9 90 0D 84 21 F3,speed=21.00
1779166588.620,0x200,8,91 64 D6 2C 2E 6F 6C F8,fuel=100.00
1779166588.714,0x300,8,11 7D B1 AB 78 B3 51 AF,temp=57.00
1779166588.808,0x100,8,15 75 C3 F4 03 50 97 F6,speed=21.00
1779166588.900,0x200,8,A5 64 9F FC 6B D2 86 A7,fuel=100.00
1779166588.998,0x300,8,11 7F 43 C6 AC 4B 68 B5,temp=57.00
1779166589.102,0x100,8,15 87 BB 62 B1 0B BA 55,speed=21.00
1779166589.193,0x200,8,B1 64 08 71 1D 28 2A 78,fuel=100.00
1779166589.287,0x300,8,11 12 F7 31 04 B9 C3 A4,temp=57.00
1779166589.381,0x100,8,15 89 73 0A 9D 19 59 10,speed=21.00
1779166589.478,0x200,8,C8 64 AF A2 B6 24 E3 3E,fuel=100.00
1779166589.556,0x300,8,11 8D C8 FE EF 0C 78 E3,temp=57.00
1779166589.663,0x100,8,15 02 93 0F 53 A5 BE EC,speed=21.00
1779166589.758,0x200,8,96 64 41 1C 89 1E 4F 21,fuel=100.00
1779166589.847,0x300,8,11 89 4A 31 0B A3 80 6D,temp=57.00
1779166589.943,0x100,8,15 6F 2D DD F0 95 CD EC,speed=21.00
1779166590.034,0x200,8,45 64 DA 6E A0 B7 0D 63,fuel=100.00
1779166590.126,0x300,8,11 82 B2 6E A5 7F FE FA,temp=57.00
1779166590.219,0x100,8,15 42 9A 63 BE 18 49 2E,speed=21.00
1779166590.312,0x200,8,82 64 EA 95 41 EF 61 D9,fuel=100.00
1779166590.407,0x300,8,11 3C 06 DB F1 D7 1A 02,temp=57.00
1779166590.499,0x100,8,15 AE 01 A5 E1 54 65 C9,speed=21.00
1779166590.594,0x200,8,45 64 D9 F4 28 EA 99 4F,fuel=100.00
1779166590.686,0x300,8,11 A0 AF F7 76 C2 E4 0E,temp=57.00
1779166590.781,0x100,8,15 96 99 A5 03 FD 14 DA,speed=21.00
1779166590.875,0x200,8,AA 64 D4 6A AA B2 21 A1,fuel=100.00
1779166590.967,0x300,8,11 DA E3 D0 C5 3F EE 51,temp=57.00
1779166591.061,0x100,8,15 82 38 FF E8 08 31 85,speed=21.00
1779166591.153,0x200,8,F0 64 90 11 8F 4F 18 81,fuel=100.00
1779166591.248,0x300,8,11 9B 09 E1 B0 21 71 6D,temp=57.00
1779166591.342,0x100,8,15 0A BF 3C 4F 3E 05 69,speed=21.00
1779166591.434,0x200,8,23 64 22 23 1A 82 79 6B,fuel=100.00
1779166591.526,0x300,8,11 72 FD 77 3C CB A6 2F,temp=57.00
1779166591.620,0x100,8,15 E1 F8 1A 71 0C 62 0E,speed=21.00
1779166591.728,0x200,8,5F 64 B2 C8 79 41 0E 27,fuel=100.00
1779166591.822,0x300,8,11 6D 26 3A AC 68 C2 02,temp=57.00
1779166591.913,0x100,8,15 C9 D9 97 E1 A6 E0 E1,speed=21.00
1779166592.009,0x200,8,4A 64 2A BB 04 A5 DE E1,fuel=100.00
1779166592.099,0x300,8,11 40 ED 37 5F 42 AD 7B,temp=57.00
1779166592.191,0x100,8,15 EF B9 E3 13 DF B1 E4,speed=21.00
1779166592.286,0x200,8,39 64 10 F8 94 15 58 98,fuel=100.00
1779166592.377,0x300,8,11 B4 16 ED 86 8F 80 97,temp=57.00
1779166592.472,0x100,8,15 25 4D 11 6A F8 4F B9,speed=21.00
1779166592.567,0x200,8,B7 64 E3 66 3A 3C 1B B1,fuel=100.00
1779166592.661,0x300,8,11 22 3F F0 25 9B AC 98,temp=57.00
1779166592.752,0x100,8,15 8C A6 C9 26 08 0F 11,speed=21.00
1779166592.840,0x200,8,D1 64 E8 5E 45 9D E2 ED,fuel=100.00
1779166592.936,0x300,8,11 47 3A EC D5 DE EB E9,temp=57.00
1779166593.026,0x100,8,15 24 71 76 12 BC B3 21,speed=21.00
1779166593.120,0x200,8,BA 64 77 53 2C 17 1A 7F,fuel=100.00
1779166593.212,0x300,8,11 CE D7 DE 76 DC C9 CD,temp=57.00
1779166593.306,0x100,8,15 62 3C BD BB 9D 9C 10,speed=21.00
1779166593.399,0x200,8,95 64 ED 30 A6 C0 95 E1,fuel=100.00
1779166593.506,0x300,8,11 5A 2C C8 9A 70 F4 8C,temp=57.00
1779166593.601,0x100,8,15 7F 13 EB 03 0A F2 E7,speed=21.00
1779166593.691,0x200,8,14 64 7C 2B B8 1C 05 18,fuel=100.00
1779166593.782,0x300,8,11 6C 53 59 25 A1 0D FB,temp=57.00
1779166593.875,0x100,8,15 E2 BC 8D 0B 40 45 D3,speed=21.00
1779166593.973,0x200,8,26 64 BA BF E8 24 C1 08,fuel=100.00
1779166594.063,0x300,8,11 5F C8 79 33 C7 32 88,temp=57.00
1779166594.157,0x100,8,15 24 11 2F 14 4A 44 3E,speed=21.00
1779166594.249,0x200,8,57 64 A5 10 D2 0B 65 6F,fuel=100.00
1779166594.342,0x300,8,11 16 0A 8F 19 C4 7F D8,temp=57.00
1779166594.437,0x100,8,15 73 7B 18 56 3C AF BF,speed=21.00
1779166594.531,0x200,8,0C 64 A9 E2 33 84 28 99,fuel=100.00
1779166594.624,0x300,8,11 42 8C 3A 6D F4 1D F3,temp=57.00
1779166594.716,0x100,8,15 28 31 89 42 85 68 34,speed=21.00
1779166594.811,0x200,8,BD 64 76 CA 2E B2 DC 8D,fuel=100.00
1779166594.900,0x300,8,11 5C E6 1F 60 CF 8A 87,temp=57.00
1779166594.992,0x100,8,15 64 31 34 3B F5 9A 2E,speed=21.00
1779166595.100,0x200,8,7D 64 71 AE 39 D2 DB D5,fuel=100.00
1779166595.193,0x300,8,11 8C 0B 3F 82 51 59 B6,temp=57.00
1779166595.289,0x100,8,15 04 97 E8 2A EB 54 FC,speed=21.00
1779166595.381,0x200,8,46 64 03 B2 3C 8D 88 7F,fuel=100.00
1779166595.475,0x300,8,11 5D 5A D5 8B BA F6 DE,temp=57.00
1779166595.567,0x100,8,15 B0 60 4C 43 B5 74 BC,speed=21.00
1779166595.659,0x200,8,3F 64 CF 6A C2 DA A9 6C,fuel=100.00
1779166595.752,0x300,8,11 DF 59 85 B5 76 D8 F7,temp=57.00
1779166595.845,0x100,8,15 09 BD D4 51 F5 C1 9A,speed=21.00
1779166595.938,0x200,8,97 64 98 B1 69 06 2C 61,fuel=100.00
1779166596.029,0x300,8,11 B4 82 3A FF 7E 31 0E,temp=57.00
1779166596.125,0x100,8,15 6C 9C 79 7F 09 94 A7,speed=21.00
1779166596.219,0x200,8,1C 64 90 A9 50 A4 3B F0,fuel=100.00
1779166596.310,0x300,8,11 A9 A2 DE 50 C7 4D AD,temp=57.00
1779166596.405,0x100,8,15 0E 74 02 2D FE D2 A4,speed=21.00
1779166596.495,0x200,8,1A 64 18 B2 A6 0D B4 6B,fuel=100.00
1779166596.589,0x300,8,11 05 56 FA 2D 7D BC 13,temp=57.00
1779166596.681,0x100,8,15 DF 99 91 58 2D 10 CF,speed=21.00
1779166596.774,0x200,8,19 64 CD 4D B3 D9 9C 95,fuel=100.00
1779166596.871,0x300,8,11 66 BB C0 38 8D 9D A2,temp=57.00
1779166596.972,0x100,8,15 89 DB 75 2B 45 A0 3C,speed=21.00
1779166597.063,0x200,8,4B 64 21 B4 B6 AD 51 70,fuel=100.00
1779166597.158,0x300,8,11 B0 2C A9 50 2D A4 10,temp=57.00
1779166597.246,0x100,8,15 B2 B1 3C 6C 94 A0 21,speed=21.00
1779166597.340,0x200,8,60 64 CE 1E 63 E1 1A EF,fuel=100.00
1779166597.431,0x300,8,11 4C A7 16 F5 0E 0C EF,temp=57.00
1779166597.525,0x100,8,15 84 2D 00 D6 9E 39 EF,speed=21.00
1779166597.619,0x200,8,96 64 2F A7 FA B8 BF 94,fuel=100.00
1779166597.713,0x300,8,11 2F 9D BB 1C 6F 61 2A,temp=57.00
1779166597.806,0x100,8,15 C8 8B 1B 85 81 64 85,speed=21.00
1779166597.914,0x200,8,C6 64 57 23 B2 53 7A 3F,fuel=100.00
1779166598.005,0x300,8,11 CE 7E C5 2F 02 31 38,temp=57.00
1779166598.099,0x100,8,15 7A 91 2D C1 78 C4 63,speed=21.00
1779166598.194,0x200,8,EF 64 7E 02 87 97 AF DA,fuel=100.00
1779166598.285,0x300,8,11 CD 5C F7 A1 32 F2 E2,temp=57.00
1779166598.378,0x100,8,15 7C 25 1B 4A 89 1B DA,speed=21.00
1779166598.470,0x200,8,5E 64 44 17 D2 19 09 45,fuel=100.00
1779166598.562,0x300,8,11 63 44 48 19 A7 71 D4,temp=57.00
1779166598.659,0x100,8,15 D8 34 38 9D BB 63 4C,speed=21.00
1779166598.751,0x200,8,7F 64 CC E9 27 63 B3 92,fuel=100.00
1779166598.848,0x300,8,11 60 7B EF C0 FD D3 61,temp=57.00
1779166598.939,0x100,8,15 0D C4 67 40 25 E4 46,speed=21.00
1779166599.032,0x200,8,1B 64 B7 AE 4F 77 01 F8,fuel=100.00
1779166599.124,0x300,8,11 98 39 C4 5D 1C 20 51,temp=57.00
1779166599.217,0x100,8,15 7F 13 88 8F E3 E8 41,speed=21.00
1779166599.310,0x200,8,41 64 A8 9A E5 1B FD 03,fuel=100.00
1779166599.404,0x300,8,11 42 BE DA A4 84 6F 68,temp=57.00
1779166599.494,0x100,8,15 11 8C 5D 22 F3 DC A5,speed=21.00
1779166599.586,0x200,8,83 64 35 11 6D CA 20 D1,fuel=100.00
1779166599.693,0x300,8,11 19 EC 7A FF DC 22 9E,temp=57.00
1779166599.786,0x100,8,15 A3 44 80 A8 3C D3 6E,speed=21.00
1779166599.880,0x200,8,4F 64 4A A9 20 6B E4 61,fuel=100.00
1779166599.974,0x300,8,11 C8 19 A3 7E 07 78 B3,temp=57.00
1779166600.065,0x100,8,15 E5 F1 77 D4 F9 7A 88,speed=21.00
1779166600.160,0x200,8,25 64 DB 03 EC 7B ED F6,fuel=100.00
1779166600.250,0x300,8,11 7D A7 59 8D 5C 49 47,temp=57.00
1779166600.343,0x100,8,15 29 4F 6F 7D 01 D6 6C,speed=21.00
1779166600.435,0x200,8,79 64 F5 61 CB 0A D6 4E,fuel=100.00
1779166600.528,0x300,8,11 D0 6B 36 AB 43 64 F5,temp=57.00
1779166600.623,0x100,8,15 B6 5E 3C EF 7D 14 50,speed=21.00
1779166600.717,0x200,8,E7 64 D7 AD 4F BE 05 95,fuel=100.00
1779166600.812,0x300,8,11 6E 91 1D 91 A7 D0 E1,temp=57.00
1779166600.904,0x100,8,15 B5 C2 ED D3 8A 97 63,speed=21.00
1779166600.997,0x200,8,46 64 F7 D9 60 62 E5 8D,fuel=100.00
1779166601.091,0x300,8,11 33 E7 99 3F EB F4 1B,temp=57.00
1779166601.184,0x100,8,15 77 09 62 75 7B D3 EB,speed=21.00
1779166601.277,0x200,8,40 64 0A 12 5B FA 0C C8,fuel=100.00
1779166601.372,0x300,8,11 F5 DA BE 3C 60 3C C8,temp=57.00
1779166601.464,0x100,8,15 5D F2 8A B8 CD 23 C6,speed=21.00
1779166601.570,0x200,8,EB 64 08 F5 37 09 28 4D,fuel=100.00
1779166601.650,0x300,8,11 95 30 5D 7E F2 06 BC,temp=57.00
1779166601.743,0x100,8,15 C7 DC CA E5 F8 A8 DA,speed=21.00
1779166601.837,0x200,8,7A 64 3A 02 F3 6B 68 1F,fuel=100.00
1779166601.944,0x300,8,11 C0 1C 83 02 33 76 CD,temp=57.00
1779166602.036,0x100,8,15 34 83 0E 1B 31 7D 15,speed=21.00
1779166602.130,0x200,8,AB 64 0A B2 E6 29 45 6A,fuel=100.00
1779166602.223,0x300,8,11 B0 7A 9B EA 02 EB D8,temp=57.00
1779166602.313,0x100,8,15 60 44 4E 22 07 80 94,speed=21.00
1779166602.409,0x200,8,69 64 C6 A7 2E C1 9D 52,fuel=100.00
1779166602.500,0x300,8,11 C6 23 0E 45 95 70 81,temp=57.00
1779166602.592,0x100,8,15 18 FA 88 0B AB 26 54,speed=21.00
1779166602.687,0x200,8,FF 64 A3 F0 22 33 4C C2,fuel=100.00
1779166602.779,0x300,8,11 92 77 F3 78 E2 3E D5,temp=57.00
1779166602.875,0x100,8,15 36 7E C4 8C 3B 37 98,speed=21.00
1779166602.967,0x200,8,7D 64 4D 62 91 BA 9B 1B,fuel=100.00
1779166603.059,0x300,8,11 38 B1 26 17 44 A3 B8,temp=57.00
1779166603.152,0x100,8,15 BA 66 62 35 45 3E ED,speed=21.00
1779166603.246,0x200,8,B3 64 28 1A 6B B2 BA 96,fuel=100.00
1779166603.340,0x300,8,11 D0 E0 1C 95 5A 0C 4A,temp=57.00
1779166603.431,0x100,8,15 2D B6 76 57 11 FA DB,speed=21.00
1779166603.525,0x200,8,FB 64 FC CA B5 59 9F 8B,fuel=100.00
1779166603.618,0x300,8,11 6F 19 A8 69 55 5A BE,temp=57.00
1779166603.712,0x100,8,15 F9 47 55 16 5D F7 29,speed=21.00
1779166603.821,0x200,8,33 64 54 2B A6 B0 4B 95,fuel=100.00
1779166603.901,0x300,8,11 CB 3E AD 40 11 7E 19,temp=57.00
1779166604.006,0x100,8,15 B2 0B EE D7 72 4C 2D,speed=21.00
1779166604.100,0x200,8,22 64 CF EE 6C A9 7C 6E,fuel=100.00
1779166604.194,0x300,8,11 F1 EE 01 0C E0 5C FE,temp=57.00
1779166604.287,0x100,8,15 FF 8E DE EE 95 45 E8,speed=21.00
1779166604.381,0x200,8,BE 64 EC E8 BF 92 E4 61,fuel=100.00
1779166604.473,0x300,8,11 12 60 97 FF 7D A4 EB,temp=57.00
1779166604.565,0x100,8,15 55 3E 23 B8 53 31 7D,speed=21.00
1779166604.659,0x200,8,AF 64 92 32 47 5B 46 71,fuel=100.00
1779166604.754,0x300,8,11 AA C7 44 BE BB 56 D6,temp=57.00
1779166604.848,0x100,8,15 7E 66 0A CD A7 78 02,speed=21.00
1779166604.941,0x200,8,8F 64 0D 1F B6 BC 2E C3,fuel=100.00
1779166605.032,0x300,8,11 80 75 4A A2 3C A8 D8,temp=57.00
1779166605.125,0x100,8,15 D5 64 59 22 B8 06 3E,speed=21.00
1779166605.219,0x200,8,DB 64 E9 EB 2D 5C 5E A8,fuel=100.00
1779166605.312,0x300,8,11 84 7E 92 86 2C 97 93,temp=57.00
1779166605.409,0x100,8,15 CE D7 1B CA 01 BC A9,speed=21.00
1779166605.506,0x200,8,99 64 4C 92 E0 EC 4D EA,fuel=100.00
1779166605.592,0x300,8,11 87 2A 7B 2E D1 9E F7,temp=57.00
1779166605.687,0x100,8,15 59 83 17 51 E6 E9 54,speed=21.00
1779166605.782,0x200,8,D3 64 4F F5 68 5A 69 6C,fuel=100.00
1779166605.875,0x300,8,11 44 7E DF 9C 63 50 0E,temp=57.00
1779166605.963,0x100,8,15 B2 AC 7F 3A 97 63 C7,speed=21.00
1779166606.062,0x200,8,0C 64 71 E9 0D 83 0C AF,fuel=100.00
1779166606.156,0x300,8,11 B3 E9 E1 32 0F A7 97,temp=57.00
1779166606.250,0x100,8,15 18 3F B4 3E D4 20 82,speed=21.00
1779166606.341,0x200,8,E5 64 F9 F1 3A 16 34 0D,fuel=100.00
1779166606.434,0x300,8,11 DF 69 DC 6C DD 46 E9,temp=57.00
1779166606.527,0x100,8,15 60 D6 8D 97 54 1B 97,speed=21.00
1779166606.621,0x200,8,3A 64 67 4B 6A 24 0C 54,fuel=100.00
1779166606.714,0x300,8,11 8E F5 A3 49 FB 70 7A,temp=57.00
1779166606.823,0x100,8,15 81 25 F7 2A 38 98 BB,speed=21.00
1779166606.903,0x200,8,EC 64 97 60 85 ED 69 55,fuel=100.00
1779166607.002,0x300,8,11 C9 5C EF C8 3F 0E EF,temp=57.00
1779166607.097,0x100,8,15 5D C1 80 8D C4 E1 4B,speed=21.00
1779166607.191,0x200,8,1D 64 3E 2F 8C 3E C4 97,fuel=100.00
1779166607.283,0x300,8,11 F9 75 2C 02 57 A4 FE,temp=57.00
1779166607.377,0x100,8,15 67 6A 09 76 5C ED 51,speed=21.00
1779166607.470,0x200,8,96 64 01 90 3C B8 45 C3,fuel=100.00
1779166607.565,0x300,8,11 D4 89 F8 91 4E 39 5D,temp=57.00
1779166607.658,0x100,8,15 D8 F4 09 FB 1E C2 BB,speed=21.00
1779166607.749,0x200,8,DA 64 93 75 C4 CD 80 6E,fuel=100.00
1779166607.843,0x300,8,11 0B 5E A0 2C EC D8 C5,temp=57.00
1779166607.936,0x100,8,15 B0 64 BB D1 98 B3 F8,speed=21.00
1779166608.028,0x200,8,4F 64 44 AF 90 18 01 5B,fuel=100.00
1779166608.121,0x300,8,11 FD 64 D5 E4 85 4B 89,temp=57.00
1779166608.213,0x100,8,15 92 F3 DA 18 7A 81 43,speed=21.00
1779166608.306,0x200,8,BC 64 E2 F9 64 E0 41 E9,fuel=100.00
1779166608.400,0x300,8,11 7A AB D7 7E 99 8A 19,temp=57.00
1779166608.495,0x100,8,15 8B F6 C1 29 86 78 21,speed=21.00
1779166608.588,0x200,8,BF 64 83 6A E1 AA 3C 58,fuel=100.00
1779166608.694,0x300,8,11 02 44 18 77 FE 9C 55,temp=57.00
1779166608.773,0x100,8,15 F4 23 A3 4B 2F 77 F1,speed=21.00
1779166608.882,0x200,8,2A 64 23 1D 29 D7 72 24,fuel=100.00
1779166608.962,0x300,8,11 37 1B 8E 64 D3 ED 2C,temp=57.00
1779166609.071,0x100,8,15 CE C9 7F C2 12 EC 7F,speed=21.00
1779166609.162,0x200,8,4E 64 E4 4F 30 A1 6C E6,fuel=100.00
1779166609.256,0x300,8,11 62 5C F4 77 CC B4 88,temp=57.00
1779166609.350,0x100,8,15 B9 C7 C4 3F 68 2A BA,speed=21.00
1779166609.442,0x200,8,45 64 A6 0D 71 8E F9 6F,fuel=100.00
1779166609.535,0x300,8,11 C3 4F E1 6E EB 81 D6,temp=57.00
1779166609.630,0x100,8,15 47 53 ED 2E 78 54 35,speed=21.00
1779166609.723,0x200,8,C4 64 F9 D9 9D 3C 01 33,fuel=100.00
1779166609.817,0x300,8,11 25 2B 36 B7 87 C3 3E,temp=57.00
1779166609.909,0x100,8,15 54 43 72 3D 71 F4 C3,speed=21.00
1779166610.005,0x200,8,12 64 FF EA 80 09 6B DD,fuel=100.00
1779166610.097,0x300,8,11 0D 93 5D 75 E7 A9 7B,temp=57.00
1779166610.191,0x100,8,15 A0 40 85 A4 5B AE 9D,speed=21.00
1779166610.285,0x200,8,58 64 F9 72 22 B2 52 34,fuel=100.00
1779166610.378,0x300,8,11 A8 AC 93 4F 03 27 35,temp=57.00
1779166610.471,0x100,8,15 C3 A2 54 B2 5A F3 14,speed=21.00
1779166610.564,0x200,8,F1 64 EA 00 27 E3 B0 70,fuel=100.00
1779166610.657,0x300,8,11 BC 60 67 D7 33 AB 20,temp=57.00
1779166610.753,0x100,8,15 D5 65 98 21 B0 D6 B7,speed=21.00
1779166610.848,0x200,8,D7 64 8E FA D2 90 EA 3F,fuel=100.00
1779166610.941,0x300,8,11 46 DD EA C1 AD 05 78,temp=57.00
1779166611.036,0x100,8,15 5D 0C 9D 63 BC A1 DF,speed=21.00
1779166611.129,0x200,8,B7 64 8D D4 7B 46 CA 7F,fuel=100.00
1779166611.222,0x300,8,11 80 3F B3 49 48 FB 97,temp=57.00
1779166611.316,0x100,8,15 45 68 11 AC 09 A6 17,speed=21.00
1779166611.407,0x200,8,12 64 A2 68 CE CF 2A C7,fuel=100.00
1779166611.500,0x300,8,11 9D DE E9 BD 02 42 68,temp=57.00
1779166611.595,0x100,8,15 0B 9E CC 44 CB 8E 85,speed=21.00
1779166611.689,0x200,8,BE 64 97 37 A0 87 F2 BD,fuel=100.00
1779166611.785,0x300,8,11 4A 8C CF E3 5B 81 08,temp=57.00
1779166611.878,0x100,8,15 E5 F9 30 E3 C6 13 DA,speed=21.00
1779166611.974,0x200,8,96 64 31 37 CB DD A7 BA,fuel=100.00
1779166612.063,0x300,8,11 58 B4 74 FD 65 11 63,temp=57.00
1779166612.157,0x100,8,15 93 EB D4 66 14 49 FE,speed=21.00
1779166612.254,0x200,8,4C 64 E5 8D BA A1 DB CE,fuel=100.00
1779166612.345,0x300,8,11 94 E7 9E FB 25 26 04,temp=57.00
1779166612.437,0x100,8,15 16 C2 E3 1E 39 8C 16,speed=21.00
1779166612.532,0x200,8,98 64 F4 71 84 3E 06 3F,fuel=100.00
1779166612.622,0x300,8,11 5B 7E 98 7E 78 A5 FC,temp=57.00
1779166612.716,0x100,8,15 B4 54 F3 17 C5 88 1C,speed=21.00
1779166612.808,0x200,8,76 64 FD 60 F8 35 68 04,fuel=100.00
1779166612.901,0x300,8,11 99 EE 7A 6A 79 44 4E,temp=57.00
1779166612.994,0x100,8,15 02 AD C6 34 56 4B F8,speed=21.00
1779166613.087,0x200,8,E8 64 BE 8A 29 30 1F 64,fuel=100.00
1779166613.194,0x300,8,11 37 74 A7 63 32 06 86,temp=57.00
1779166613.287,0x100,8,15 DD C1 1F 07 31 CA 6A,speed=21.00
1779166613.379,0x200,8,AE 64 61 08 AA CC D0 CE,fuel=100.00
1779166613.473,0x300,8,11 AE 82 A9 22 3D C7 F0,temp=57.00
1779166613.566,0x100,8,15 B5 78 64 25 1B 45 E9,speed=21.00
1779166613.663,0x200,8,EE 64 E3 4C 55 D8 CC E3,fuel=100.00
1779166613.754,0x300,8,11 68 A1 18 73 67 43 7A,temp=57.00
1779166613.849,0x100,8,15 B7 92 9C D0 A8 C8 E4,speed=21.00
1779166613.942,0x200,8,93 64 7F A4 97 F2 06 88,fuel=100.00
1779166614.033,0x300,8,11 69 AD 3C 02 FA FD 65,temp=57.00
1779166614.127,0x100,8,15 CE D4 A4 CA 84 41 D3,speed=21.00
1779166614.221,0x200,8,A4 64 61 B3 66 72 E5 B5,fuel=100.00
1779166614.313,0x300,8,11 E5 AF 8C 96 04 AD DD,temp=57.00
1779166614.406,0x100,8,15 A1 C1 6D 24 14 27 52,speed=21.00
1779166614.499,0x200,8,B5 64 3A E1 72 8C 50 B9,fuel=100.00
1779166614.591,0x300,8,11 8C 25 1E 21 46 6F DD,temp=57.00
1779166614.684,0x100,8,15 B0 20 BC 87 79 2A 1E,speed=21.00
1779166614.776,0x200,8,4A 64 52 1C 4E D0 E2 75,fuel=100.00
1779166614.871,0x300,8,11 0A 4F 23 A6 FE 77 08,temp=57.00
1779166614.964,0x100,8,15 50 C6 8B 40 42 83 99,speed=21.00
1779166615.056,0x200,8,94 64 31 F3 D4 99 45 85,fuel=100.00
1779166615.150,0x300,8,11 A8 EA 2C 0C AA C9 72,temp=57.00
1779166615.259,0x100,8,15 AD 94 5F 66 D2 1D 0C,speed=21.00
1779166615.349,0x200,8,9E 64 3F 9A E2 31 1F F3,fuel=100.00
1779166615.443,0x300,8,11 60 4D DD 9D DE 4B 9C,temp=57.00
1779166615.534,0x100,8,15 4C 57 CA 9F D2 32 7F,speed=21.00
1779166615.629,0x200,8,B9 64 87 99 A7 B0 41 6C,fuel=100.00
1779166615.722,0x300,8,11 D6 C1 EC 60 83 CD 69,temp=57.00
1779166615.813,0x100,8,15 C7 A7 3D 1C D5 34 02,speed=21.00
1779166615.906,0x200,8,B4 64 59 D2 66 B2 B8 F9,fuel=100.00
1779166616.006,0x300,8,11 87 F1 21 AF 3C 7D 0F,temp=57.00
1779166616.094,0x100,8,15 C1 57 E9 5F 0A 6C BD,speed=21.00
1779166616.187,0x200,8,69 64 62 E5 45 78 73 82,fuel=100.00
1779166616.282,0x300,8,11 7D 64 87 BB 51 A0 8D,temp=57.00
1779166616.374,0x100,8,15 FD 65 10 4A 49 76 09,speed=21.00
1779166616.466,0x200,8,9E 64 B4 89 7B EE D9 F0,fuel=100.00
1779166616.558,0x300,8,11 34 31 7C 1C DC E2 97,temp=57.00
1779166616.652,0x100,8,15 67 27 82 DB 9E 6C 8A,speed=21.00
1779166616.744,0x200,8,70 64 C1 F6 82 2E 2E 21,fuel=100.00
1779166616.837,0x300,8,11 C9 E1 30 56 00 C8 88,temp=57.00
1779166616.931,0x100,8,15 2E 3E E5 4C 24 10 F2,speed=21.00
1779166617.027,0x200,8,46 64 4A 2A 72 92 6E DA,fuel=100.00
1779166617.119,0x300,8,11 1D C3 73 5D 0B E2 1A,temp=57.00
1779166617.214,0x100,8,15 CB C0 5C 7A D6 C1 9C,speed=21.00
1779166617.309,0x200,8,85 64 ED AD 03 45 38 27,fuel=100.00
1779166617.404,0x300,8,11 FD A5 DF 3C 30 E7 D2,temp=57.00
1779166617.498,0x100,8,15 01 3A C4 70 B1 C2 E6,speed=21.00
1779166617.596,0x200,8,89 64 59 D2 44 A5 64 C6,fuel=100.00
1779166617.690,0x300,8,11 D5 26 C8 7A C3 15 65,temp=57.00
1779166617.781,0x100,8,15 FA 47 20 B0 E3 AF 45,speed=21.00
1779166617.877,0x200,8,1C 64 6F FE 1B 46 FF 12,fuel=100.00
1779166617.971,0x300,8,11 11 0C 7D 15 C4 0E 52,temp=57.00
1779166618.062,0x100,8,15 D3 2B A9 E1 23 F2 8C,speed=21.00
1779166618.155,0x200,8,17 64 6B 43 9B 8A DE 06,fuel=100.00
1779166618.250,0x300,8,11 AB E5 44 94 5C 3D 58,temp=57.00
1779166618.343,0x100,8,15 E4 0D B0 CF 52 4A 75,speed=21.00
1779166618.438,0x200,8,31 64 4C 84 4F F4 9B AC,fuel=100.00
1779166618.529,0x300,8,11 B5 28 86 81 52 5C 66,temp=57.00
1779166618.626,0x100,8,15 9E DB 49 A9 94 4D 0C,speed=21.00
1779166618.720,0x200,8,7C 64 86 F1 E8 91 11 7F,fuel=100.00
1779166618.815,0x300,8,11 DF 32 B5 65 DB 1F D6,temp=57.00
1779166618.908,0x100,8,15 AC BE 6F EF FC 3B A8,speed=21.00
1779166619.008,0x200,8,58 64 CE D5 68 35 43 26,fuel=100.00
1779166619.092,0x300,8,11 BD 10 2A 2F 8E 4B 98,temp=57.00
1779166619.189,0x100,8,15 CB 0F 95 84 88 74 5F,speed=21.00
1779166619.280,0x200,8,DC 64 BD A8 FE 3A 65 56,fuel=100.00
1779166619.375,0x300,8,11 65 96 FD E0 3F 41 D5,temp=57.00
1779166619.468,0x100,8,15 BD 2D 1E 90 49 61 CD,speed=21.00
1779166619.563,0x200,8,85 64 59 61 BE 68 9F 57,fuel=100.00
1779166619.656,0x300,8,11 C6 56 95 37 DF 12 2A,temp=57.00
1779166619.751,0x100,8,15 F4 88 A5 FE A0 6A B2,speed=21.00
1779166619.847,0x200,8,F9 64 5B 4B 6E 72 C6 32,fuel=100.00
1779166619.939,0x300,8,11 CA C8 52 3F 78 AB 60,temp=57.00
1779166620.030,0x100,8,15 19 E7 2C 9F 3B 68 AC,speed=21.00
1779166620.123,0x200,8,1B 64 78 AA FB F0 92 8F,fuel=100.00
1779166620.217,0x300,8,11 D4 54 E9 DD 36 AB 34,temp=57.00
1779166620.309,0x100,8,15 6E A6 FE E8 F2 C4 98,speed=21.00
1779166620.402,0x200,8,1F 64 F5 B5 EA 42 A3 CC,fuel=100.00
1779166620.497,0x300,8,11 10 DA 82 5F 38 14 57,temp=57.00
1779166620.592,0x100,8,15 30 0D 53 84 15 A3 CF,speed=21.00
1779166620.684,0x200,8,94 64 F7 C9 2B 1F EF 8A,fuel=100.00
1779166620.778,0x300,8,11 C2 46 5F 4D 06 6A 26,temp=57.00
1779166620.872,0x100,8,15 61 5B 76 B3 39 0E EE,speed=21.00
1779166620.967,0x200,8,7A 64 8C 82 A2 C4 82 17,fuel=100.00
1779166621.061,0x300,8,11 6D 4A 55 B1 B0 67 C8,temp=57.00
1779166621.152,0x100,8,15 AC A8 08 E6 A5 7C D5,speed=21.00
1779166621.245,0x200,8,34 64 62 E1 4F FA B3 F8,fuel=100.00
1779166621.339,0x300,8,11 EF 8D 78 91 DE 00 14,temp=57.00
1779166621.430,0x100,8,15 CE 01 76 52 EA 7B AC,speed=21.00
1779166621.524,0x200,8,6D 64 48 9C A3 EB C8 6F,fuel=100.00
1779166621.618,0x300,8,11 77 B3 6D FD 20 E0 A7,temp=57.00
1779166621.722,0x100,8,15 AE C4 C0 9B A9 4D 15,speed=21.00
1779166621.816,0x200,8,78 64 31 23 CA B2 77 6A,fuel=100.00
1779166621.908,0x300,8,11 6C 34 43 5B E1 FF 12,temp=57.00
1779166621.999,0x100,8,15 18 27 C3 85 E1 A7 2E,speed=21.00
1779166622.094,0x200,8,CF 64 BB 13 47 5C 6B 34,fuel=100.00
1779166622.187,0x300,8,11 BE CB 8A 8C 69 9E 97,temp=57.00
1779166622.280,0x100,8,15 F6 05 99 A5 01 A9 D4,speed=21.00
1779166622.373,0x200,8,67 64 CF 1C 04 EF E8 83,fuel=100.00
1779166622.466,0x300,8,11 2E AF 16 8A 23 D5 2D,temp=57.00
1779166622.560,0x100,8,15 0E 59 3A 5B 15 FB 0A,speed=21.00
1779166622.652,0x200,8,B9 64 08 5A 5A 73 22 3C,fuel=100.00
1779166622.744,0x300,8,11 4B DB A0 D5 77 E9 29,temp=57.00
1779166622.836,0x100,8,15 C7 89 97 68 AA CE 5F,speed=21.00
1779166622.946,0x200,8,58 64 E4 5A 5C 14 7F C7,fuel=100.00
1779166623.038,0x300,8,11 E0 51 E5 02 0C 2E 18,temp=57.00
1779166623.132,0x100,8,15 48 C3 87 92 8F DD 13,speed=21.00
1779166623.226,0x200,8,B2 64 5D 01 11 65 AB A9,fuel=100.00
1779166623.307,0x300,8,11 C4 75 0A FE AB EA 98,temp=57.00
1779166623.413,0x100,8,15 28 A5 EC 65 6E 63 01,speed=21.00
1779166623.508,0x200,8,F8 64 EC 55 7D 2C EF 17,fuel=100.00
1779166623.600,0x300,8,11 AB 30 90 9F 91 4E BC,temp=57.00
1779166623.694,0x100,8,15 19 4E FF FB 40 6A 1C,speed=21.00
1779166623.788,0x200,8,68 64 20 67 AB D4 9B DE,fuel=100.00
1779166623.882,0x300,8,11 B9 E3 B3 72 F8 29 42,temp=57.00
1779166623.974,0x100,8,15 7B 6A D4 7A 1D 1C 51,speed=21.00
1779166624.066,0x200,8,84 64 51 A5 22 54 1D 65,fuel=100.00
1779166624.159,0x300,8,11 ED A9 4D 9D A1 AC 63,temp=57.00
1779166624.252,0x100,8,15 F5 E4 A1 51 63 D0 18,speed=21.00
1779166624.347,0x200,8,5B 64 26 51 9E 13 9E A8,fuel=100.00
1779166624.440,0x300,8,11 45 BC A6 56 78 01 20,temp=57.00
1779166624.534,0x100,8,15 9D 67 4C B1 36 CF BA,speed=21.00
1779166624.627,0x200,8,71 64 D3 CE D2 1A 48 D0,fuel=100.00
1779166624.721,0x300,8,11 8D A8 3E 60 0A CF A8,temp=57.00
1779166624.815,0x100,8,15 16 31 0B 93 F3 02 23,speed=21.00
1779166624.906,0x200,8,EF 64 66 74 80 3F B9 A9,fuel=100.00
1779166625.003,0x300,8,11 3F FF DA F3 5E 28 84,temp=57.00
1779166625.092,0x100,8,15 8A 4C 07 CC 36 2F 68,speed=21.00
1779166625.183,0x200,8,EB 64 A0 7A BF C3 F5 C2,fuel=100.00
1779166625.280,0x300,8,11 A0 D1 01 E4 6B F4 35,temp=57.00
1779166625.372,0x100,8,15 2E D6 A3 56 88 E4 51,speed=21.00
1779166625.465,0x200,8,75 64 74 8E E7 A5 81 BD,fuel=100.00
1779166625.559,0x300,8,11 AD 8B 4C 2E EF 42 91,temp=57.00
1779166625.654,0x100,8,15 E7 62 99 60 2B 90 1B,speed=21.00
1779166625.745,0x200,8,FC 64 26 72 5D 0F E1 0F,fuel=100.00
1779166625.836,0x300,8,11 8D 91 1C E9 0D D5 D0,temp=57.00
1779166625.933,0x100,8,15 CE 51 11 AA F7 14 D6,speed=21.00
1779166626.026,0x200,8,36 64 5E BD FF 86 BC 99,fuel=100.00
1779166626.118,0x300,8,11 00 97 C6 E1 C4 8D B6,temp=57.00
1779166626.213,0x100,8,15 70 40 72 86 56 46 64,speed=21.00
1779166626.307,0x200,8,1C 64 D2 EA 40 5C 1E B0,fuel=100.00
1779166626.400,0x300,8,11 62 EC 58 98 77 27 6F,temp=57.00
1779166626.507,0x100,8,15 EA 5A 42 7B 6C 92 94,speed=21.00
1779166626.601,0x200,8,87 64 6A 0C B0 C3 B6 9C,fuel=100.00
1779166626.691,0x300,8,11 55 4D F3 8C 2E 16 F2,temp=57.00
1779166626.784,0x100,8,15 7F C2 80 0E 9C 3E AB,speed=21.00
1779166626.880,0x200,8,01 64 31 32 73 DD 55 FA,fuel=100.00
1779166626.979,0x300,8,11 E5 63 15 BB 92 B5 45,temp=57.00
1779166627.064,0x100,8,15 37 D7 C5 33 90 7C E2,speed=21.00
1779166627.160,0x200,8,97 64 20 F6 B8 CE 76 A6,fuel=100.00
1779166627.252,0x300,8,11 C0 65 59 EF 55 80 08,temp=57.00
1779166627.346,0x100,8,15 EE 0C F1 90 F9 9F 60,speed=21.00
1779166627.440,0x200,8,31 64 0C 21 42 27 C5 10,fuel=100.00
1779166627.534,0x300,8,11 E8 3F 5B EE 54 F9 90,temp=57.00
1779166627.628,0x100,8,15 B2 1D A1 2F 56 5E 00,speed=21.00
1779166627.720,0x200,8,7A 64 71 3D 87 DC 59 1B,fuel=100.00
1779166627.816,0x300,8,11 1C FE FC 92 91 34 6C,temp=57.00
1779166627.908,0x100,8,15 0A F8 86 EC 2F 64 63,speed=21.00
1779166627.999,0x200,8,5D 64 FD 03 2B 57 AE 10,fuel=100.00
1779166628.092,0x300,8,11 19 0D 2D 3C F4 B2 71,temp=57.00
1779166628.182,0x100,8,15 FD 47 50 21 35 77 E0,speed=21.00
1779166628.277,0x200,8,41 64 0B CD 5F 8E 8F 26,fuel=100.00
1779166628.370,0x300,8,11 82 F0 E0 4B 9E 3A 16,temp=57.00
1779166628.466,0x100,8,15 8D C5 F8 A1 AE 42 EE,speed=21.00
1779166628.558,0x200,8,E1 64 2F CE 3A A0 E3 84,fuel=100.00
1779166628.651,0x300,8,11 01 09 AD 17 4E 6B 34,temp=57.00
1779166628.744,0x100,8,15 67 F6 F8 6A C2 58 AE,speed=21.00
1779166628.837,0x200,8,F0 64 EF 8B 3D 71 05 B8,fuel=100.00
1779166628.931,0x300,8,11 F1 B5 B6 60 63 2F 31,temp=57.00
1779166629.037,0x100,8,15 AB E4 3E 59 24 A8 9D,speed=21.00
1779166629.131,0x200,8,CD 64 08 0E B9 8E 63 47,fuel=100.00
1779166629.227,0x300,8,11 AA BE 78 95 D8 28 D7,temp=57.00
1779166629.306,0x100,8,15 48 7A 3D A4 E0 62 8C,speed=21.00
1779166629.400,0x200,8,92 64 E9 29 07 B5 9C 14,fuel=100.00
1779166629.507,0x300,8,11 D6 E1 12 6D FC E9 BB,temp=57.00
1779166629.601,0x100,8,15 D0 EE 4E CB 84 B0 D2,speed=21.00
1779166629.694,0x200,8,CD 64 BF DB 1F EB D1 34,fuel=100.00
1779166629.787,0x300,8,11 41 DA 78 0F 31 70 FA,temp=57.00
1779166629.880,0x100,8,15 94 62 62 D8 D8 13 36,speed=21.00
1779166629.963,0x200,8,B6 64 A9 3F CF 55 B6 0E,fuel=100.00
1779166630.068,0x300,8,11 C1 73 40 69 86 06 09,temp=57.00
1779166630.160,0x100,8,15 EF 75 15 18 05 37 39,speed=21.00
1779166630.255,0x200,8,C3 64 5E 7D 8F D8 2A BF,fuel=100.00
1779166630.346,0x300,8,11 EC B3 BB B7 9F 09 40,temp=57.00
1779166630.440,0x100,8,15 C5 B3 32 05 EC E0 B6,speed=21.00
1779166630.534,0x200,8,CA 64 CB 0B 44 53 BD 59,fuel=100.00
1779166630.629,0x300,8,11 06 FA B5 BB 8C B0 44,temp=57.00
1779166630.725,0x100,8,15 B5 BD C0 BE 19 81 11,speed=21.00
1779166630.818,0x200,8,F2 64 3F 40 0D CD 98 A7,fuel=100.00
1779166630.911,0x300,8,11 20 F2 B8 37 40 BE 5B,temp=57.00
1779166631.002,0x100,8,15 87 32 25 A1 33 27 3D,speed=21.00
1779166631.099,0x200,8,17 64 4D 80 40 3D 4A E1,fuel=100.00
1779166631.190,0x300,8,11 CB EF 02 08 A7 42 70,temp=57.00
1779166631.281,0x100,8,15 18 13 1F EF 88 1E 97,speed=21.00
1779166631.375,0x200,8,3A 64 1C DA 8E AE 6C 96,fuel=100.00
1779166631.467,0x300,8,11 7A FF 7F C7 3D E0 CE,temp=57.00
1779166631.562,0x100,8,15 05 BF DE 93 F1 38 4F,speed=21.00
1779166631.653,0x200,8,08 64 59 1F 12 1D 37 6E,fuel=100.00
1779166631.748,0x300,8,11 0E 57 BD 6C A0 F3 85,temp=57.00
1779166631.842,0x100,8,15 BA 88 17 CE 79 78 43,speed=21.00
1779166631.936,0x200,8,4E 64 BA F4 E1 4E 30 FF,fuel=100.00
1779166632.028,0x300,8,11 BD 32 22 F0 94 73 B7,temp=57.00
1779166632.121,0x100,8,15 CA 7C A3 21 22 01 5E,speed=21.00
1779166632.211,0x200,8,B1 64 A0 45 F5 6F 17 62,fuel=100.00
1779166632.318,0x300,8,11 54 DF 66 34 AA 04 87,temp=57.00
1779166632.413,0x100,8,15 57 80 6A DF 2C 96 86,speed=21.00
1779166632.508,0x200,8,3B 64 B9 31 78 2E EC 79,fuel=100.00
1779166632.598,0x300,8,11 B4 EB 94 C0 B7 16 E7,temp=57.00
1779166632.693,0x100,8,15 08 E4 B9 0D 62 68 44,speed=21.00
1779166632.786,0x200,8,2A 64 68 28 99 20 86 AB,fuel=100.00
1779166632.880,0x300,8,11 C2 8B 24 45 20 63 12,temp=57.00
1779166632.964,0x100,8,15 7A 11 13 1B 9A 17 87,speed=21.00
1779166633.068,0x200,8,96 64 27 12 88 A2 8C 32,fuel=100.00
1779166633.160,0x300,8,11 7F AB 6C C8 3D CE 9D,temp=57.00
1779166633.254,0x100,8,15 ED 5E 4C 60 50 FB 8D,speed=21.00
1779166633.346,0x200,8,CB 64 73 11 DF E6 DA B3,fuel=100.00
1779166633.439,0x300,8,11 39 70 94 E8 0E 88 D9,temp=57.00
1779166633.533,0x100,8,15 31 89 69 90 00 26 BB,speed=21.00
1779166633.626,0x200,8,56 64 03 C1 0A F6 19 85,fuel=100.00
1779166633.717,0x300,8,11 47 C8 D9 D7 FD 75 63,temp=57.00
1779166633.810,0x100,8,15 D2 15 C4 AC D4 D1 37,speed=21.00
1779166633.902,0x200,8,F3 64 37 87 79 5D 62 C0,fuel=100.00
1779166634.001,0x300,8,11 F2 C6 F9 65 B2 44 49,temp=57.00
1779166634.091,0x100,8,15 9B 02 2B C8 8B 05 49,speed=21.00
1779166634.184,0x200,8,9B 64 82 20 4C A4 AF A5,fuel=100.00
1779166634.276,0x300,8,11 AE 9D EF DE DB 04 3E,temp=57.00
1779166634.373,0x100,8,15 59 B8 6B B6 61 04 A5,speed=21.00
1779166634.465,0x200,8,25 64 14 F7 7D 73 72 63,fuel=100.00
1779166634.557,0x300,8,11 EC C7 70 B1 C7 B4 FF,temp=57.00
1779166634.653,0x100,8,15 DC B8 69 2F 32 E0 DB,speed=21.00
1779166634.747,0x200,8,6F 64 EC F8 59 E4 B5 8F,fuel=100.00
1779166634.842,0x300,8,11 BE 4C C5 5E 26 FF FB,temp=57.00
1779166634.941,0x100,8,15 E1 6D 51 66 F6 98 9D,speed=21.00
1779166635.027,0x200,8,CA 64 5A B2 D1 F7 94 D0,fuel=100.00
1779166635.121,0x300,8,11 02 CC 14 8C 81 9A 06,temp=57.00
1779166635.213,0x100,8,15 93 C5 D5 0B 7E D8 2C,speed=21.00
1779166635.321,0x200,8,C4 64 96 6D CE 86 56 0C,fuel=100.00
1779166635.413,0x300,8,11 F9 4C BF 38 A3 C3 EF,temp=57.00
1779166635.494,0x100,8,15 09 41 B7 47 D6 EA 2D,speed=21.00
1779166635.600,0x200,8,F2 64 20 D2 75 3A 73 AC,fuel=100.00
1779166635.694,0x300,8,11 F1 67 F5 EA 66 7B BB,temp=57.00
1779166635.788,0x100,8,15 D7 18 EC C4 F1 D3 A0,speed=21.00
1779166635.871,0x200,8,F0 64 8D 26 01 06 3B 30,fuel=100.00
1779166635.975,0x300,8,11 2F BF BE 54 E8 74 64,temp=57.00
1779166636.068,0x100,8,15 50 49 83 5A 03 0C 45,speed=21.00
1779166636.162,0x200,8,15 64 58 92 EA 49 00 76,fuel=100.00
1779166636.257,0x300,8,11 D6 33 A9 17 72 00 D2,temp=57.00
1779166636.337,0x100,8,15 0F B8 84 08 14 9C 11,speed=21.00
1779166636.444,0x200,8,CF 64 FB 43 A5 42 EB 37,fuel=100.00
1779166636.538,0x300,8,11 80 AD 8F 60 B1 F1 73,temp=57.00
1779166636.631,0x100,8,15 71 F4 55 78 7D FD 00,speed=21.00
1779166636.723,0x200,8,73 64 6E 06 1A 7B FA 4D,fuel=100.00
1779166636.815,0x300,8,11 8C 02 8C 95 88 21 B4,temp=57.00
1779166636.906,0x100,8,15 6C A8 B7 F7 49 8F 39,speed=21.00
1779166636.999,0x200,8,0A 64 2B E7 95 D1 74 15,fuel=100.00
1779166637.092,0x300,8,11 A6 CA 2A 5C A3 05 61,temp=57.00
1779166637.183,0x100,8,15 F1 50 69 B3 77 5E AF,speed=21.00
1779166637.278,0x200,8,F4 64 29 B6 5F C3 59 0E,fuel=100.00
1779166637.372,0x300,8,11 C4 34 6C 66 8D F3 70,temp=57.00
1779166637.466,0x100,8,15 95 53 7F BE 95 BA 71,speed=21.00
1779166637.559,0x200,8,89 64 26 6E 47 AF A2 0D,fuel=100.00
1779166637.652,0x300,8,11 CF F9 CA 7A 7A 7C E3,temp=57.00
1779166637.745,0x100,8,15 05 4A 13 3E 7E 81 5A,speed=21.00
1779166637.839,0x200,8,27 64 13 9D 4E D4 33 5B,fuel=100.00
1779166637.934,0x300,8,11 0C F4 8B 3A D8 F8 27,temp=57.00
1779166638.025,0x100,8,15 69 BD 03 FE CC 0E A2,speed=21.00
1779166638.118,0x200,8,5A 64 37 37 86 1E AE 1A,fuel=100.00
1779166638.214,0x300,8,11 04 B0 72 D9 30 75 E4,temp=57.00
1779166638.308,0x100,8,15 B0 CF EF C2 99 7B 11,speed=21.00
1779166638.400,0x200,8,1F 64 A9 82 CE 7F 44 6C,fuel=100.00
1779166638.509,0x300,8,11 C3 E9 4B 05 36 2E D5,temp=57.00
1779166638.605,0x100,8,15 42 BA 33 38 8A 0E 53,speed=21.00
1779166638.697,0x200,8,34 64 7B 5D 72 A0 78 C0,fuel=100.00
1779166638.805,0x300,8,11 D6 E5 FC 85 20 4B 5D,temp=57.00
1779166638.897,0x100,8,15 BD 03 85 06 F3 CC BF,speed=21.00
1779166639.000,0x200,8,28 64 3E BA 0D 5C E8 B8,fuel=100.00
1779166639.072,0x300,8,11 18 F2 A8 59 E9 D8 2B,temp=57.00
1779166639.180,0x100,8,15 07 17 93 5B 51 7C 78,speed=21.00
1779166639.273,0x200,8,B7 64 2B 51 82 1E EC E2,fuel=100.00
1779166639.367,0x300,8,11 7C DA 49 07 48 7E 18,temp=57.00
1779166639.461,0x100,8,15 B2 17 A2 50 79 A1 A9,speed=21.00
1779166639.552,0x200,8,9A 64 8E C8 F5 C4 59 4F,fuel=100.00
1779166639.646,0x300,8,11 0F 1A 9C 57 77 48 03,temp=57.00
1779166639.740,0x100,8,15 4E 66 4E 08 57 7F 25,speed=21.00
1779166639.833,0x200,8,85 64 06 A3 92 9F 40 C8,fuel=100.00
1779166639.928,0x300,8,11 18 30 99 30 12 F4 21,temp=57.00
1779166640.026,0x100,8,15 2D 08 FF CC EC 51 42,speed=21.00
1779166640.113,0x200,8,5A 64 EC 61 89 38 9B 95,fuel=100.00
1779166640.207,0x300,8,11 B2 B0 D7 35 66 DD 08,temp=57.00
1779166640.301,0x100,8,15 03 6A 73 7F 36 E3 68,speed=21.00
1779166640.392,0x200,8,62 64 97 89 F3 72 5B F1,fuel=100.00
1779166640.487,0x300,8,11 F6 5C B5 AD 73 5C 50,temp=57.00
1779166640.578,0x100,8,15 8C D0 C9 8A AF 5D 31,speed=21.00
1779166640.669,0x200,8,AE 64 7C 71 31 EC BB 51,fuel=100.00
1779166640.764,0x300,8,11 1D DF 15 50 6E A1 92,temp=57.00
1779166640.860,0x100,8,15 96 25 4C 8C BE F0 04,speed=21.00
1779166640.956,0x200,8,57 64 FF F5 73 E0 2D 5A,fuel=100.00
1779166641.049,0x300,8,11 48 CC B8 41 C6 A8 BB,temp=57.00
1779166641.140,0x100,8,15 2E 45 66 B4 C8 C3 70,speed=21.00
1779166641.233,0x200,8,A1 64 09 12 11 2B CE 89,fuel=100.00
1779166641.325,0x300,8,11 A0 74 16 E9 2D 5A 5B,temp=57.00
1779166641.419,0x100,8,15 4B 06 E0 3F 5B 9F F1,speed=21.00
1779166641.512,0x200,8,D1 64 E4 9E B8 C6 22 7F,fuel=100.00
1779166641.607,0x300,8,11 4C 51 FF 27 D3 72 C6,temp=57.00
1779166641.702,0x100,8,15 83 73 B8 FF 21 64 C6,speed=21.00
1779166641.794,0x200,8,84 64 82 DC 32 8C 9D EE,fuel=100.00
1779166641.892,0x300,8,11 B0 40 52 27 32 CC 05,temp=57.00
1779166641.983,0x100,8,15 F3 8E 72 4B D1 5B 8B,speed=21.00
1779166642.078,0x200,8,55 64 64 25 2E C9 A2 71,fuel=100.00
1779166642.171,0x300,8,11 6B 4D 34 7B 29 33 3C,temp=57.00
1779166642.265,0x100,8,15 2A 13 17 C3 EB DC 7C,speed=21.00
1779166642.361,0x200,8,95 64 6B B9 79 69 03 2C,fuel=100.00
1779166642.453,0x300,8,11 42 00 EB DB 62 86 D7,temp=57.00
1779166642.546,0x100,8,15 35 33 02 A6 47 2D F1,speed=21.00
1779166642.644,0x200,8,05 64 D8 4B 7F 19 14 E6,fuel=100.00
1779166642.741,0x300,8,11 35 94 8A 02 5D 6E FD,temp=57.00
1779166642.831,0x100,8,15 FE BF 46 64 50 03 35,speed=21.00
1779166642.925,0x200,8,6F 64 71 4C E6 0E BC E9,fuel=100.00
1779166643.023,0x300,8,11 46 69 7D 50 3F A0 14,temp=57.00
1779166643.111,0x100,8,15 D4 09 FE 2F 01 42 C9,speed=21.00
1779166643.204,0x200,8,4A 64 97 68 05 B7 DA 51,fuel=100.00
1779166643.301,0x300,8,11 D0 87 BC CC 61 A9 32,temp=57.00
1779166643.392,0x100,8,15 E4 9A 66 3F E5 B8 F3,speed=21.00
1779166643.488,0x200,8,BC 64 D7 2C 33 63 06 EB,fuel=100.00
1779166643.579,0x300,8,11 23 7D AD 4E 13 B5 AC,temp=57.00
1779166643.674,0x100,8,15 90 83 45 E9 BF C2 B5,speed=21.00
1779166643.766,0x200,8,B2 64 D4 66 A8 E6 DF 2C,fuel=100.00
1779166643.860,0x300,8,11 B7 4A 1C 78 36 40 DD,temp=57.00
1779166643.957,0x100,8,15 6D 4F FF 32 3F 0D 98,speed=21.00
1779166644.054,0x200,8,59 64 26 89 73 CC F8 06,fuel=100.00
1779166644.141,0x300,8,11 42 24 8C AA 4C B9 74,temp=57.00
1779166644.236,0x100,8,15 B6 0A 5F 6D 30 B0 2A,speed=21.00
1779166644.326,0x200,8,14 64 CC 46 DE 91 12 CB,fuel=100.00
1779166644.421,0x300,8,11 87 CD AA C1 DA 65 1B,temp=57.00
1779166644.516,0x100,8,15 78 10 13 37 1F 19 96,speed=21.00
1779166644.609,0x200,8,55 64 7C 05 A9 38 2B 3D,fuel=100.00
1779166644.704,0x300,8,11 43 71 1D B7 1F A6 8E,temp=57.00
1779166644.797,0x100,8,15 33 14 52 DD 27 52 31,speed=21.00
1779166644.888,0x200,8,B3 64 5E 3C C7 17 DA B9,fuel=100.00
1779166644.989,0x300,8,11 75 26 A0 12 2F B1 5E,temp=57.00
1779166645.073,0x100,8,15 D8 08 CF 7A E9 C3 B4,speed=21.00
1779166645.166,0x200,8,F3 64 5E 8F 27 D1 F7 85,fuel=100.00
1779166645.260,0x300,8,11 CA 81 15 B6 30 51 6E,temp=57.00
1779166645.352,0x100,8,15 A9 D1 AA 12 B6 3F 66,speed=21.00
1779166645.460,0x200,8,08 64 91 B3 EC 57 82 71,fuel=100.00
1779166645.552,0x300,8,11 56 34 0A C3 BA 93 DE,temp=57.00
1779166645.647,0x100,8,15 F9 09 C7 AC 33 A7 00,speed=21.00
1779166645.740,0x200,8,A2 64 31 5B 69 80 56 86,fuel=100.00
1779166645.834,0x300,8,11 4C 53 9D DE A8 0B 9D,temp=57.00
1779166645.925,0x100,8,15 C3 7A E2 11 A3 FE 7F,speed=21.00
1779166646.019,0x200,8,9F 64 4C A8 0C B8 0E 88,fuel=100.00
1779166646.114,0x300,8,11 AB 76 73 65 B5 B6 1E,temp=57.00
1779166646.207,0x100,8,15 FC A1 8E 16 FE 1C 4E,speed=21.00
1779166646.301,0x200,8,C4 64 DE B6 53 18 DC DE,fuel=100.00
1779166646.395,0x300,8,11 CE 5F 56 38 26 62 EF,temp=57.00
1779166646.491,0x100,8,15 28 B8 32 E9 6C 23 12,speed=21.00
1779166646.582,0x200,8,68 64 81 B8 B8 8D F1 93,fuel=100.00
1779166646.674,0x300,8,11 DB 6D 92 87 05 D6 AC,temp=57.00
1779166646.767,0x100,8,15 E8 9C 35 2F CB 4D F5,speed=21.00
1779166646.861,0x200,8,89 64 11 BE 80 DB 18 2B,fuel=100.00
1779166646.958,0x300,8,11 AA 9F 48 85 41 B1 C4,temp=57.00
1779166647.046,0x100,8,15 9A 20 54 77 DF CF C8,speed=21.00
1779166647.139,0x200,8,C9 64 05 33 B2 77 B5 0A,fuel=100.00
1779166647.233,0x300,8,11 A0 55 DF 2A 51 FA F9,temp=57.00
1779166647.327,0x100,8,15 D5 53 2E 6E 8D C5 7E,speed=21.00
1779166647.421,0x200,8,65 64 78 C3 42 FC 59 8B,fuel=100.00
1779166647.514,0x300,8,11 21 13 0C 3E 25 DD FC,temp=57.00
1779166647.609,0x100,8,15 0E AD 80 03 E7 73 34,speed=21.00
1779166647.702,0x200,8,17 64 54 FA 13 E0 D0 DB,fuel=100.00
1779166647.795,0x300,8,11 02 D6 37 73 60 34 4E,temp=57.00
1779166647.888,0x100,8,15 09 56 5C AB 8B 5A AE,speed=21.00
1779166647.989,0x200,8,22 64 CC 6E 72 76 3A F3,fuel=100.00
1779166648.077,0x300,8,11 B0 73 9A EE 8D 34 6E,temp=57.00
1779166648.169,0x100,8,15 4A 38 88 77 DA 59 5C,speed=21.00
1779166648.263,0x200,8,CE 64 37 56 89 01 44 C2,fuel=100.00
1779166648.357,0x300,8,11 81 F7 0E B9 C9 CD 83,temp=57.00
1779166648.448,0x100,8,15 0B 78 05 FD BD 44 05,speed=21.00
1779166648.542,0x200,8,BB 64 8B 84 0C 62 81 25,fuel=100.00
1779166648.636,0x300,8,11 EE 1B A7 FD 86 C9 14,temp=57.00
1779166648.728,0x100,8,15 67 65 63 E5 B9 96 11,speed=21.00
1779166648.833,0x200,8,45 64 99 4F 38 9C E3 DE,fuel=100.00
1779166648.928,0x300,8,11 1A 00 30 E4 43 A4 38,temp=57.00
1779166649.023,0x100,8,15 0F AE 11 8A 61 01 FF,speed=21.00
1779166649.114,0x200,8,C1 64 46 E4 AB 2E 78 C4,fuel=100.00
1779166649.207,0x300,8,11 6A AF FA B5 2F 9A 7B,temp=57.00
1779166649.299,0x100,8,15 F1 E4 79 AF D8 DF 86,speed=21.00
1779166649.392,0x200,8,83 64 CF B4 14 15 6C 60,fuel=100.00
1779166649.488,0x300,8,11 5A B4 7F 47 07 B9 E3,temp=57.00
1779166649.578,0x100,8,15 E0 E1 38 71 26 8E 2E,speed=21.00
1779166649.670,0x200,8,E6 64 18 98 04 16 14 4F,fuel=100.00
1779166649.763,0x300,8,11 27 F9 D0 C2 73 62 F5,temp=57.00
1779166649.861,0x100,8,15 6E D8 1C 23 F5 45 76,speed=21.00
1779166649.954,0x200,8,BB 64 2B 3A C6 43 6B 97,fuel=100.00
1779166650.045,0x300,8,11 C1 04 FF F4 CD 11 70,temp=57.00
1779166650.138,0x100,8,15 B0 01 8E 77 53 24 37,speed=21.00
1779166650.230,0x200,8,9C 64 59 DE 29 4D BC A3,fuel=100.00
1779166650.326,0x300,8,11 B1 30 7A AA 99 4E D6,temp=57.00
1779166650.417,0x100,8,15 60 9B C5 F0 84 63 85,speed=21.00
1779166650.509,0x200,8,B6 64 8A 9A 70 C8 B3 4C,fuel=100.00
1779166650.602,0x300,8,11 2D DC 74 F3 99 98 03,temp=57.00
1779166650.696,0x100,8,15 46 8E C4 D2 16 5F B3,speed=21.00
1779166650.791,0x200,8,28 64 2B D2 32 EE 73 2B,fuel=100.00
1779166650.884,0x300,8,11 CF 63 2B B2 B2 BE B4,temp=57.00
1779166651.000,0x100,8,15 A6 22 2F EA 1E 17 0B,speed=21.00
1779166651.083,0x200,8,F4 64 DE 9E 54 A9 3E 7F,fuel=100.00
1779166651.177,0x300,8,11 D0 2F DA FD 24 5C 31,temp=57.00
1779166651.271,0x100,8,15 7E 7A 67 FB BB C2 41,speed=21.00
1779166651.366,0x200,8,9D 64 06 DE 6B A3 00 48,fuel=100.00
1779166651.463,0x300,8,11 FC 2B 03 EE 26 C2 C6,temp=57.00
1779166651.552,0x100,8,15 91 AE 90 CA 4C 5C BC,speed=21.00
1779166651.646,0x200,8,89 64 73 8A 09 B3 AF E0,fuel=100.00
1779166651.743,0x300,8,11 86 C4 94 BF 7F 6A C7,temp=57.00
1779166651.834,0x100,8,15 9A 15 3A C6 6F 6F DA,speed=21.00
1779166651.929,0x200,8,12 64 0E C8 71 86 80 9B,fuel=100.00
1779166652.022,0x300,8,11 1D 2D C6 08 B9 4D 3C,temp=57.00
1779166652.115,0x100,8,15 1F E5 72 5F 7A 69 5D,speed=21.00
1779166652.208,0x200,8,D3 64 01 ED 12 D4 F2 52,fuel=100.00
1779166652.303,0x300,8,11 F1 3C 39 22 E5 41 41,temp=57.00
1779166652.397,0x100,8,15 7D C3 A3 9A 80 CE F6,speed=21.00
1779166652.494,0x200,8,78 64 FF D8 3B 0C 44 E3,fuel=100.00
1779166652.582,0x300,8,11 50 4D 6A F0 69 27 06,temp=57.00
1779166652.675,0x100,8,15 F0 F0 FB 6A 01 44 D1,speed=21.00
1779166652.770,0x200,8,05 64 27 0A 55 47 2E C1,fuel=100.00
1779166652.867,0x300,8,11 DD E1 25 B7 74 98 AB,temp=57.00
1779166652.959,0x100,8,15 38 AE BC B4 8F 8B 8A,speed=21.00
1779166653.053,0x200,8,B0 64 87 D0 D2 FF 52 C6,fuel=100.00
1779166653.147,0x300,8,11 72 65 3D D4 C5 F1 38,temp=57.00
1779166653.241,0x100,8,15 D9 8A 74 8F 2D 11 D3,speed=21.00
1779166653.335,0x200,8,4C 64 D8 C5 4E BC 48 83,fuel=100.00
1779166653.427,0x300,8,11 0D 8B 92 69 DA 12 AB,temp=57.00
1779166653.521,0x100,8,15 BA 44 40 BC 7F 8A 9A,speed=21.00
1779166653.615,0x200,8,92 64 76 9D 56 37 06 BE,fuel=100.00
1779166653.708,0x300,8,11 F8 B4 90 06 22 03 48,temp=57.00
1779166653.801,0x100,8,15 B3 DB DA 3D 0D 49 5F,speed=21.00
1779166653.895,0x200,8,0E 64 74 3C E7 33 D4 7C,fuel=100.00
1779166653.988,0x300,8,11 B6 43 94 05 5A 6C 9D,temp=57.00
1779166654.082,0x100,8,15 94 D7 77 72 D5 D0 EC,speed=21.00
1779166654.177,0x200,8,1F 64 23 5E 2D 16 53 AD,fuel=100.00
1779166654.269,0x300,8,11 12 36 AD 1C A2 87 04,temp=57.00
1779166654.363,0x100,8,15 DE B7 C8 0C 99 E0 80,speed=21.00
1779166654.458,0x200,8,02 64 4C 45 E2 92 8F 91,fuel=100.00
1779166654.550,0x300,8,11 AF 75 D3 51 B6 BA 14,temp=57.00
1779166654.642,0x100,8,15 97 58 A0 F6 0C B1 40,speed=21.00
1779166654.737,0x200,8,75 64 D9 EA 1C 18 C4 7F,fuel=100.00
1779166654.828,0x300,8,11 3F E8 80 DD F5 E5 E0,temp=57.00
1779166654.921,0x100,8,15 09 E8 30 21 44 B0 BD,speed=21.00
1779166655.016,0x200,8,5E 64 34 FE 0B DF 3D 03,fuel=100.00
1779166655.107,0x300,8,11 EC 99 C8 68 32 6A CD,temp=57.00
1779166655.201,0x100,8,15 13 06 2E A4 8B 43 D4,speed=21.00
1779166655.297,0x200,8,48 64 E1 30 AB 3E CE 12,fuel=100.00
1779166655.385,0x300,8,11 A2 D1 20 7E 40 25 39,temp=57.00
1779166655.482,0x100,8,15 8A 79 17 0C 88 4B A4,speed=21.00
1779166655.572,0x200,8,57 64 E5 03 9E A4 BB 51,fuel=100.00
1779166655.666,0x300,8,11 8B BE 10 9E 20 CD 16,temp=57.00
1779166655.758,0x100,8,15 3B 72 5B F0 FE B8 A9,speed=21.00
1779166655.853,0x200,8,1C 64 37 92 9E E6 15 0E,fuel=100.00
1779166655.947,0x300,8,11 E4 6E 49 85 A3 50 9F,temp=57.00
1779166656.039,0x100,8,15 CB D5 33 D7 6C B2 BB,speed=21.00
1779166656.135,0x200,8,F4 64 23 80 13 49 A4 80,fuel=100.00
1779166656.243,0x300,8,11 4D A3 8E FB 9B BF 71,temp=57.00
1779166656.326,0x100,8,15 12 32 1A 93 63 AD 49,speed=21.00
1779166656.428,0x200,8,9E 64 1F 7A 09 23 7D 44,fuel=100.00
1779166656.519,0x300,8,11 0D 36 EC 47 A0 FF A6,temp=57.00
1779166656.611,0x100,8,15 09 75 33 3E 77 A0 54,speed=21.00
1779166656.707,0x200,8,58 64 D7 10 9D 25 F6 45,fuel=100.00
1779166656.800,0x300,8,11 23 7F CF EB CD BA 78,temp=57.00
1779166656.894,0x100,8,15 07 33 75 86 84 4C EB,speed=21.00
1779166656.991,0x200,8,F7 64 46 5E F5 80 E4 40,fuel=100.00
1779166657.081,0x300,8,11 6E 18 2E 6D 4A 38 CB,temp=57.00
1779166657.175,0x100,8,15 55 7A 31 AB 9A 1C B5,speed=21.00
1779166657.271,0x200,8,0D 64 78 13 8C C1 E1 C6,fuel=100.00
1779166657.362,0x300,8,11 68 21 12 4D 1F E7 FF,temp=57.00
1779166657.456,0x100,8,15 D2 86 88 FD 7A 78 A8,speed=21.00
1779166657.551,0x200,8,54 64 27 39 35 0C F7 70,fuel=100.00
1779166657.644,0x300,8,11 DC 38 4B 0C 56 3D C3,temp=57.00
1779166657.737,0x100,8,15 29 54 A6 F2 92 FE 8E,speed=21.00
1779166657.830,0x200,8,C4 64 E5 80 41 F5 47 57,fuel=100.00
1779166657.923,0x300,8,11 46 C6 73 43 76 12 7B,temp=57.00
1779166658.015,0x100,8,15 74 B7 82 11 25 CD 28,speed=21.00
1779166658.107,0x200,8,D9 64 AF 64 FF 0A 83 CA,fuel=100.00
1779166658.201,0x300,8,11 11 B5 C7 78 51 78 F8,temp=57.00
1779166658.296,0x100,8,15 F3 85 28 7F 1B 93 F9,speed=21.00
1779166658.387,0x200,8,51 64 B4 CE 9E 7C BD 8B,fuel=100.00
1779166658.485,0x300,8,11 A2 64 47 C1 4E A8 AA,temp=57.00
1779166658.575,0x100,8,15 69 55 13 D5 55 7F 0B,speed=21.00
1779166658.665,0x200,8,42 64 F4 75 4D 71 EE 79,fuel=100.00
1779166658.763,0x300,8,11 5D 7F 90 E3 5F BA 2E,temp=57.00
1779166658.867,0x100,8,15 10 56 D1 2E BA CF 4C,speed=21.00
1779166658.961,0x200,8,85 64 BA 38 B3 41 A0 0E,fuel=100.00
1779166659.052,0x300,8,11 57 C9 2B 68 75 DC B6,temp=57.00
1779166659.148,0x100,8,15 DE B9 44 A4 82 B9 A7,speed=21.00
1779166659.242,0x200,8,AE 64 A9 AD 39 3A 73 C3,fuel=100.00
1779166659.333,0x300,8,11 E4 F4 D1 09 E3 F1 4A,temp=57.00
1779166659.427,0x100,8,15 58 D8 9F 4A 7A 10 C0,speed=21.00
1779166659.519,0x200,8,60 64 15 AC D9 D9 7F B4,fuel=100.00
1779166659.613,0x300,8,11 86 51 A7 CF 65 E0 C2,temp=57.00
1779166659.704,0x100,8,15 A1 1A F3 94 CC 7D 16,speed=21.00
1779166659.797,0x200,8,22 64 1D 36 0A F7 EC 2A,fuel=100.00
1779166659.892,0x300,8,11 39 83 82 CA 9D EC 21,temp=57.00
1779166659.989,0x100,8,15 85 1B 66 7A 73 66 75,speed=21.00
1779166660.080,0x200,8,68 64 81 2F 11 B8 D1 AC,fuel=100.00
1779166660.171,0x300,8,11 B3 57 83 D1 D9 B1 8E,temp=57.00
1779166660.265,0x100,8,15 C8 81 86 66 4E A9 BF,speed=21.00
1779166660.358,0x200,8,3C 64 90 47 AA C5 E1 2C,fuel=100.00
1779166660.450,0x300,8,11 18 7A 86 49 F1 1F 53,temp=57.00
1779166660.544,0x100,8,15 15 93 1C 54 98 6B 83,speed=21.00
1779166660.637,0x200,8,B4 64 29 97 D2 09 5C CE,fuel=100.00
1779166660.731,0x300,8,11 08 5D DE 0F 24 90 CB,temp=57.00
1779166660.822,0x100,8,15 56 19 B5 54 2B 17 EE,speed=21.00
1779166660.918,0x200,8,BC 64 20 16 91 20 52 A9,fuel=100.00
1779166661.014,0x300,8,11 4D F2 92 4D 34 6F 18,temp=57.00
1779166661.115,0x100,8,15 08 8E 43 2C E7 D0 ED,speed=21.00
1779166661.209,0x200,8,29 64 F8 6F 44 DE 87 0B,fuel=100.00
1779166661.291,0x300,8,11 E5 6C 23 45 07 F7 3D,temp=57.00
1779166661.397,0x100,8,15 0F EC 76 C6 79 1B 24,speed=21.00
1779166661.494,0x200,8,A1 64 24 4A 9F 89 28 AF,fuel=100.00
1779166661.584,0x300,8,11 45 17 17 F0 FE 0B 8A,temp=57.00
1779166661.681,0x100,8,15 C4 86 CE 56 F3 08 41,speed=21.00
1779166661.770,0x200,8,16 64 CE 30 60 AB 2B AC,fuel=100.00
1779166661.865,0x300,8,11 1C E8 C5 74 EE FA 3F,temp=57.00
1779166661.961,0x100,8,15 99 BD 0F 3D DD 6C 97,speed=21.00
1779166662.053,0x200,8,79 64 30 B1 F0 1C 5C A8,fuel=100.00
1779166662.143,0x300,8,11 52 54 E7 B5 79 F4 C8,temp=57.00
1779166662.236,0x100,8,15 4F 1B AD 78 C6 9D 7A,speed=21.00
1779166662.329,0x200,8,1D 64 C8 75 34 62 5E 7E,fuel=100.00
1779166662.421,0x300,8,11 89 11 EE 71 72 22 83,temp=57.00
1779166662.514,0x100,8,15 80 96 0E 99 CF 82 A7,speed=21.00
1779166662.610,0x200,8,5B 64 50 80 20 1F E2 EA,fuel=100.00
1779166662.704,0x300,8,11 F8 D3 DD E9 43 59 89,temp=57.00
1779166662.795,0x100,8,15 60 2A 51 A5 DC 9A 15,speed=21.00
1779166662.892,0x200,8,61 64 13 69 AA 94 CF CC,fuel=100.00
1779166663.000,0x300,8,11 81 A9 11 6E 61 B2 1D,temp=57.00
1779166663.078,0x100,8,15 7D 05 57 70 0B 8F 23,speed=21.00
1779166663.171,0x200,8,22 64 C9 BA 95 6A B0 DE,fuel=100.00
1779166663.261,0x300,8,11 88 D4 5B 51 6A DF D5,temp=57.00
1779166663.354,0x100,8,15 15 6A 35 26 33 FD 22,speed=21.00
1779166663.447,0x200,8,07 64 2A FF EA 8F FB A9,fuel=100.00
1779166663.541,0x300,8,11 C9 80 E0 9C 35 A0 66,temp=57.00
1779166663.649,0x100,8,15 CC E3 10 07 0E 14 EB,speed=21.00
1779166663.726,0x200,8,AE 64 AB 57 DE 95 5C 90,fuel=100.00
1779166663.825,0x300,8,11 37 5A 95 94 8C 5B BF,temp=57.00
1779166663.928,0x100,8,15 77 5D 4D F7 2F C6 27,speed=21.00
1779166664.025,0x200,8,7A 64 83 FB BD 16 1E 96,fuel=100.00
1779166664.114,0x300,8,11 98 EC D1 06 23 DF E9,temp=57.00
1779166664.209,0x100,8,15 D5 DE EC 78 74 04 96,speed=21.00
1779166664.299,0x200,8,7D 64 F8 C6 77 B2 75 59,fuel=100.00
1779166664.394,0x300,8,11 74 B6 9F 87 8D 87 0E,temp=57.00
1779166664.489,0x100,8,15 C7 52 05 26 A7 3A 67,speed=21.00
1779166664.578,0x200,8,80 64 ED 16 1A 70 A9 0B,fuel=100.00
1779166664.670,0x300,8,11 3C 37 45 76 DB B7 6F,temp=57.00
1779166664.764,0x100,8,15 0F D3 D1 D3 18 98 EC,speed=21.00
1779166664.859,0x200,8,83 64 7E 10 94 12 D7 25,fuel=100.00
1779166664.953,0x300,8,11 4C 71 6B B5 DD B5 A0,temp=57.00
1779166665.042,0x100,8,15 2F DA 78 83 CD EF A7,speed=21.00
1779166665.135,0x200,8,73 64 90 90 DF CB 31 2F,fuel=100.00
1779166665.228,0x300,8,11 88 09 56 59 37 87 9C,temp=57.00
1779166665.321,0x100,8,15 29 49 33 C5 27 79 2B,speed=21.00
1779166665.414,0x200,8,09 64 94 F7 11 38 ED 8D,fuel=100.00
1779166665.509,0x300,8,11 0E 44 23 FE ED 3E AB,temp=57.00
1779166665.602,0x100,8,15 34 F3 02 D1 3F EE 12,speed=21.00
1779166665.717,0x200,8,6F 64 AF 35 26 CC 48 E1,fuel=100.00
1779166665.792,0x300,8,11 8D 9C F8 9D 5A D8 16,temp=57.00
1779166665.897,0x100,8,15 16 69 8B FF 85 DB 43,speed=21.00
1779166665.995,0x200,8,7E 64 54 E0 7F F7 BD 62,fuel=100.00
1779166666.083,0x300,8,11 26 7F 32 88 62 E1 CA,temp=57.00
1779166666.175,0x100,8,15 EF 8F 5E 3C 35 C5 C9,speed=21.00
1779166666.269,0x200,8,0F 64 21 10 04 08 D2 10,fuel=100.00
1779166666.359,0x300,8,11 9F E2 79 CD DF 68 6B,temp=57.00
1779166666.454,0x100,8,15 3D E7 19 0B 3A 19 4B,speed=21.00
1779166666.547,0x200,8,1C 64 60 48 BA E1 B5 40,fuel=100.00
1779166666.638,0x300,8,11 30 45 71 32 1D EB 3D,temp=57.00
1779166666.731,0x100,8,15 11 BC 43 56 BC 9E 27,speed=21.00
1779166666.824,0x200,8,C8 64 2C 7D 50 19 FA 0E,fuel=100.00
1779166666.918,0x300,8,11 99 EE CC 4A 60 39 1B,temp=57.00
1779166667.011,0x100,8,15 80 0B AD 3B 5D 9A C9,speed=21.00
1779166667.105,0x200,8,BB 64 7B 42 30 11 D0 02,fuel=100.00
1779166667.199,0x300,8,11 D8 F4 DA 45 BC 23 4F,temp=57.00
1779166667.292,0x100,8,15 DF 6E 6D 0A CE BE B1,speed=21.00
1779166667.385,0x200,8,D8 64 01 4B 15 83 5B B8,fuel=100.00
1779166667.482,0x300,8,11 E9 D9 22 58 3C 1B 4A,temp=57.00
1779166667.586,0x100,8,15 BD 1B 81 54 3B BD 85,speed=21.00
1779166667.679,0x200,8,27 64 D9 92 B1 CA 6C 51,fuel=100.00
1779166667.759,0x300,8,11 8C 95 CD 40 89 64 DB,temp=57.00
1779166667.866,0x100,8,15 27 E5 A1 BA EF 91 E6,speed=21.00
1779166667.952,0x200,8,38 64 B5 03 5E B8 57 55,fuel=100.00
1779166668.052,0x300,8,11 8B F8 E8 F3 FB 57 36,temp=57.00
1779166668.146,0x100,8,15 37 9B 73 25 50 F6 5D,speed=21.00
1779166668.241,0x200,8,CD 64 48 4D 6D F4 92 81,fuel=100.00
1779166668.333,0x300,8,11 36 E2 05 13 07 0B C8,temp=57.00
1779166668.427,0x100,8,15 BC C4 C5 40 C5 1F 64,speed=21.00
1779166668.511,0x200,8,34 64 A9 95 83 B1 97 99,fuel=100.00
1779166668.614,0x300,8,11 F9 CA 35 09 D1 54 5A,temp=57.00
1779166668.709,0x100,8,15 9D 81 6B CC DE 43 47,speed=21.00
1779166668.802,0x200,8,06 64 E2 03 3B 08 BE 9F,fuel=100.00
1779166668.896,0x300,8,11 B1 23 B0 AE 84 69 D7,temp=57.00
1779166669.001,0x100,8,15 F3 41 44 0D 6D 9D AC,speed=21.00
1779166669.081,0x200,8,1A 64 11 70 65 02 CB 28,fuel=100.00
1779166669.175,0x300,8,11 51 B2 7F B8 78 7E 3B,temp=57.00
1779166669.270,0x100,8,15 31 3E 9A FE E6 C9 FE,speed=21.00
1779166669.362,0x200,8,E7 64 8F E3 24 10 53 E0,fuel=100.00
1779166669.454,0x300,8,11 7A A6 98 99 5E 14 0C,temp=57.00
1779166669.547,0x100,8,15 C3 8D 40 33 02 E6 06,speed=21.00
1779166669.642,0x200,8,E5 64 8B 00 6B 4E 47 1B,fuel=100.00
1779166669.734,0x300,8,11 B7 E5 23 0C A9 69 9F,temp=57.00
1779166669.828,0x100,8,15 56 A7 7F 4D 24 35 0F,speed=21.00
1779166669.920,0x200,8,2A 64 DC 36 81 CA A6 77,fuel=100.00
1779166670.015,0x300,8,11 0C 3F D6 34 65 B8 70,temp=57.00
1779166670.108,0x100,8,15 71 48 D6 53 66 4B 09,speed=21.00
1779166670.201,0x200,8,E0 64 62 CF CD B3 B2 D6,fuel=100.00
1779166670.294,0x300,8,11 3E 52 91 94 48 C4 EB,temp=57.00
1779166670.389,0x100,8,15 6B ED 32 80 C6 18 D2,speed=21.00
1779166670.481,0x200,8,F6 64 65 66 FF 36 5D 85,fuel=100.00
1779166670.572,0x300,8,11 FF C8 86 25 A3 A0 DB,temp=57.00
1779166670.667,0x100,8,15 CD 71 E5 43 A9 EB 29,speed=21.00
1779166670.758,0x200,8,21 64 46 9D AA F7 E0 92,fuel=100.00
1779166670.854,0x300,8,11 C3 0A 9B 26 AC 6F 11,temp=57.00
1779166670.948,0x100,8,15 E4 B6 59 6B C5 18 96,speed=21.00
1779166671.043,0x200,8,9B 64 49 4B 87 1A 35 B5,fuel=100.00
1779166671.134,0x300,8,11 5C FB 13 5D DE 65 0B,temp=57.00
1779166671.227,0x100,8,15 0B C5 BF EE 0A 5F D0,speed=21.00
1779166671.321,0x200,8,39 64 C0 52 BC FD 16 F6,fuel=100.00
1779166671.430,0x300,8,11 9A BC 78 CF 3B 7F 2E,temp=57.00
1779166671.522,0x100,8,15 51 6E 1A 1D BE 2D F3,speed=21.00
1779166671.615,0x200,8,F3 64 B1 8F 01 7B 1D AB,fuel=100.00
1779166671.709,0x300,8,11 CB 80 06 CF D5 F1 6F,temp=57.00
1779166671.801,0x100,8,15 03 13 7C B9 A7 EF BD,speed=21.00
1779166671.895,0x200,8,F1 64 5F B2 7E E6 38 0F,fuel=100.00
1779166671.984,0x300,8,11 32 C5 30 64 CC 50 9D,temp=57.00
1779166672.081,0x100,8,15 A5 6B B8 6D 6B 32 8E,speed=21.00
1779166672.177,0x200,8,2A 64 1C B3 65 E3 C4 A8,fuel=100.00
1779166672.272,0x300,8,11 2F 30 55 B6 6F 13 10,temp=57.00
1779166672.367,0x100,8,15 E5 1B 85 0D 97 DE 93,speed=21.00
1779166672.457,0x200,8,C6 64 A6 82 C3 F4 3B 4C,fuel=100.00
1779166672.552,0x300,8,11 C3 7A A1 42 6C D4 D4,temp=57.00
1779166672.640,0x100,8,15 CF B8 85 76 4E EF 06,speed=21.00
1779166672.730,0x200,8,E0 64 B2 F3 C2 B8 2D D7,fuel=100.00
1779166672.823,0x300,8,11 6A FB 52 DC E9 B7 58,temp=57.00
1779166672.919,0x100,8,15 60 4F 14 BD B7 8A 79,speed=21.00
1779166673.011,0x200,8,66 64 4E 11 4E 95 E3 C9,fuel=100.00
1779166673.102,0x300,8,11 00 5E 11 11 CE 35 EF,temp=57.00
1779166673.210,0x100,8,15 AD F0 73 30 00 09 82,speed=21.00
1779166673.303,0x200,8,2A 64 48 12 C7 80 32 64,fuel=100.00
1779166673.398,0x300,8,11 41 9F 94 43 27 2E FD,temp=57.00
1779166673.494,0x100,8,15 E1 53 A9 27 EF 7E 8B,speed=21.00
1779166673.582,0x200,8,FE 64 BD E1 0B 44 F3 34,fuel=100.00
1779166673.676,0x300,8,11 F3 3E CB 9E F2 8B 13,temp=57.00
1779166673.768,0x100,8,15 32 B8 EB 0C 07 35 12,speed=21.00
1779166673.860,0x200,8,9B 64 B5 AF E5 88 84 4F,fuel=100.00
1779166673.955,0x300,8,11 C5 2C C1 2C F8 0C 25,temp=57.00
1779166674.047,0x100,8,15 5D 91 D8 9E 6B 97 07,speed=21.00
1779166674.142,0x200,8,1F 64 4E F7 AD 5B 1A 91,fuel=100.00
1779166674.236,0x300,8,11 32 F4 97 1A 67 ED B0,temp=57.00
1779166674.328,0x100,8,15 FD B0 3C 35 C1 0D 67,speed=21.00
1779166674.421,0x200,8,4E 64 7D 56 63 D1 9B B8,fuel=100.00
1779166674.512,0x300,8,11 A0 D1 8A 0B 80 79 5C,temp=57.00
1779166674.604,0x100,8,15 22 8C 0A 30 21 9A E0,speed=21.00
1779166674.696,0x200,8,80 64 79 B3 45 77 73 F5,fuel=100.00
1779166674.804,0x300,8,11 03 C2 58 64 34 B2 B6,temp=57.00
1779166674.900,0x100,8,15 B4 7F 98 26 6F 33 31,speed=21.00
1779166674.994,0x200,8,D9 64 DB BA FA C9 1D 37,fuel=100.00
1779166675.100,0x300,8,11 F1 2B 98 7D A9 7D D8,temp=57.00
1779166675.193,0x100,8,15 99 90 E3 BE 32 48 5D,speed=21.00
1779166675.287,0x200,8,58 64 03 AE BE 25 DE 4C,fuel=100.00
1779166675.379,0x300,8,11 1B 56 CD 69 16 82 24,temp=57.00
1779166675.473,0x100,8,15 5D 8E D0 F1 62 A0 44,speed=21.00
1779166675.567,0x200,8,80 64 75 C0 CB B7 BF 75,fuel=100.00
1779166675.659,0x300,8,11 0A 29 7B 26 60 DC 0D,temp=57.00
1779166675.753,0x100,8,15 81 9A 13 B2 3F 40 19,speed=21.00
1779166675.846,0x200,8,A4 64 90 23 0C 3A C7 86,fuel=100.00
1779166675.939,0x300,8,11 03 50 6A 65 84 B5 10,temp=57.00
1779166676.032,0x100,8,15 9C B9 88 DC E5 FC 8D,speed=21.00
1779166676.125,0x200,8,41 64 EC 32 91 4F AE 2B,fuel=100.00
1779166676.220,0x300,8,11 B2 7D E6 64 D1 DE C6,temp=57.00
1779166676.309,0x100,8,15 DF 09 0B 04 30 82 22,speed=21.00
1779166676.404,0x200,8,6E 64 05 AE 75 D2 40 AD,fuel=100.00
1779166676.496,0x300,8,11 9A 37 BA 9B EC 7B 4B,temp=57.00
1779166676.590,0x100,8,15 23 7C 2D 7B 9C 7B 09,speed=21.00
1779166676.683,0x200,8,5B 64 70 E8 F4 56 8C 30,fuel=100.00
1779166676.777,0x300,8,11 6E 38 21 5B 5C 25 E7,temp=57.00
1779166676.871,0x100,8,15 4A 2B 83 16 35 9B 07,speed=21.00
1779166676.964,0x200,8,F8 64 51 B4 21 BA 05 AE,fuel=100.00
1779166677.057,0x300,8,11 A4 E9 CB B8 CF 54 A3,temp=57.00
1779166677.163,0x100,8,15 95 2F 3D 76 FA EE 56,speed=21.00
1779166677.257,0x200,8,B5 64 E4 3E D6 A3 79 03,fuel=100.00
1779166677.351,0x300,8,11 D3 03 5C 70 25 AF DC,temp=57.00
1779166677.443,0x100,8,15 A4 5A 38 FC E0 03 4F,speed=21.00
1779166677.537,0x200,8,ED 64 AC C5 6E 1D 56 65,fuel=100.00
1779166677.631,0x300,8,11 8C 7B C4 13 92 18 74,temp=57.00
1779166677.725,0x100,8,15 1D 7D 0A 59 05 18 F3,speed=21.00
1779166677.817,0x200,8,F9 64 4B A2 3A 82 D5 E1,fuel=100.00
1779166677.911,0x300,8,11 06 E9 1B 6B 2D 60 26,temp=57.00
1779166677.998,0x100,8,15 E0 1D 33 A7 F5 B2 9C,speed=21.00
1779166678.093,0x200,8,0C 64 2A D2 04 23 7E A1,fuel=100.00
1779166678.187,0x300,8,11 9F 8D DF CD D8 31 D0,temp=57.00
1779166678.280,0x100,8,15 C3 7A F2 3C C7 8A 56,speed=21.00
1779166678.374,0x200,8,C6 64 4C 2D C2 D6 9E 54,fuel=100.00
1779166678.468,0x300,8,11 F2 AB 76 7D 30 AB B1,temp=57.00
1779166678.561,0x100,8,15 B3 C7 60 2D 08 3B 62,speed=21.00
1779166678.651,0x200,8,2C 64 FC FB B9 62 7F FE,fuel=100.00
1779166678.744,0x300,8,11 C1 1E A5 01 55 68 D5,temp=57.00
1779166678.836,0x100,8,15 AD 12 64 0E 4E C7 CB,speed=21.00
1779166678.931,0x200,8,39 64 FA 86 B0 FE EE 4B,fuel=100.00
1779166679.026,0x300,8,11 93 64 28 C0 FA 8B 8F,temp=57.00
1779166679.119,0x100,8,15 4D 59 5A 7D 43 67 C7,speed=21.00
1779166679.214,0x200,8,80 64 B0 3F 84 B5 4E EB,fuel=100.00
1779166679.305,0x300,8,11 88 3A 2E F9 94 4C 01,temp=57.00
1779166679.399,0x100,8,15 ED 78 35 4B CD 13 1D,speed=21.00
1779166679.492,0x200,8,03 64 D0 54 8A EB 63 02,fuel=100.00
1779166679.600,0x300,8,11 07 0B 50 79 8A 6B 02,temp=57.00
1779166679.694,0x100,8,15 C6 3C 86 44 40 E1 E4,speed=21.00
1779166679.787,0x200,8,BF 64 D2 36 9A C7 62 D6,fuel=100.00
1779166679.879,0x300,8,11 2B F9 50 FA E2 CA CE,temp=57.00
1779166679.980,0x100,8,15 86 74 03 45 B9 07 53,speed=21.00
1779166680.066,0x200,8,F1 64 65 C0 54 A4 FF 20,fuel=100.00
1779166680.158,0x300,8,11 9E FE EA C8 B0 9B D5,temp=57.00
1779166680.252,0x100,8,15 E5 76 25 F6 88 27 4C,speed=21.00
1779166680.346,0x200,8,07 64 3E 38 28 C3 F4 75,fuel=100.00
1779166680.441,0x300,8,11 FA 5F 93 0E BE DB 51,temp=57.00
1779166680.534,0x100,8,15 1C F4 C9 6D 4D 65 D5,speed=21.00
1779166680.628,0x200,8,A4 64 A0 CF F0 C6 6F 6B,fuel=100.00
1779166680.721,0x300,8,11 B6 C0 E3 5D 8F F4 89,temp=57.00
1779166680.814,0x100,8,15 26 96 51 3A 0B 15 E7,speed=21.00
1779166680.906,0x200,8,E2 64 AC 1A B5 7F 1E 03,fuel=100.00
1779166680.996,0x300,8,11 53 6F 11 A1 D6 D4 D6,temp=57.00
1779166681.088,0x100,8,15 54 DA 98 44 C2 42 8E,speed=21.00
1779166681.182,0x200,8,86 64 6C 30 DA E1 46 B7,fuel=100.00
1779166681.273,0x300,8,11 09 3D D2 1E 19 0D C6,temp=57.00
1779166681.369,0x100,8,15 19 27 A3 B1 09 C6 1F,speed=21.00
1779166681.477,0x200,8,E2 64 25 5F 36 69 A6 88,fuel=100.00
1779166681.569,0x300,8,11 8A 10 A0 7C D7 54 35,temp=57.00
1779166681.664,0x100,8,15 4E 89 03 3A BE 7D 74,speed=21.00
1779166681.758,0x200,8,AB 64 E3 56 6A DB 97 39,fuel=100.00
1779166681.837,0x300,8,11 E3 E7 EA 38 92 58 A1,temp=57.00
1779166681.947,0x100,8,15 2D A8 93 75 38 9B EE,speed=21.00
1779166682.023,0x200,8,A3 64 6A 14 3B B9 8E BB,fuel=100.00
1779166682.131,0x300,8,11 AE DE 43 B6 00 5D 6A,temp=57.00
1779166682.228,0x100,8,15 D0 56 B0 DB 4E EB 2B,speed=21.00
1779166682.315,0x200,8,90 64 58 82 43 7F 3E 99,fuel=100.00
1779166682.409,0x300,8,11 FB DF DD AF 53 DC 42,temp=57.00
1779166682.502,0x100,8,15 F1 6D C7 3A 5F 21 A4,speed=21.00
1779166682.596,0x200,8,BD 64 8E F4 CB AF 06 97,fuel=100.00
1779166682.691,0x300,8,11 DA D8 4B 20 08 F0 BF,temp=57.00
1779166682.786,0x100,8,15 1B E8 8D 2B CF AE 9C,speed=21.00
1779166682.881,0x200,8,9F 64 62 A8 5D 7F 28 0C,fuel=100.00
1779166682.972,0x300,8,11 07 56 7F F1 54 69 C3,temp=57.00
1779166683.064,0x100,8,15 74 16 6C 91 5E 9B 37,speed=21.00
1779166683.159,0x200,8,51 64 4A 3B DB 48 6A 41,fuel=100.00
1779166683.251,0x300,8,11 E2 C5 EA 39 6C 3A 96,temp=57.00
1779166683.344,0x100,8,15 55 42 A3 06 D8 40 D7,speed=21.00
1779166683.439,0x200,8,E0 64 A2 C4 15 2D AA 65,fuel=100.00
1779166683.530,0x300,8,11 D8 21 B0 1F 30 3E 33,temp=57.00
1779166683.625,0x100,8,15 60 73 2D B3 FD 2A 06,speed=21.00
1779166683.718,0x200,8,20 64 D9 71 3A 93 9C BE,fuel=100.00
1779166683.809,0x300,8,11 A3 7E 47 5A 04 BF 2E,temp=57.00
1779166683.903,0x100,8,15 38 5A 6C 7A 0B 5A AA,speed=21.00
1779166684.001,0x200,8,50 64 94 DD 1D 01 02 93,fuel=100.00
1779166684.091,0x300,8,11 B6 78 B6 65 C1 4E 24,temp=57.00
1779166684.185,0x100,8,15 9D 7D 2D F2 9B 4E 26,speed=21.00
1779166684.277,0x200,8,24 64 25 9B 59 01 AB 50,fuel=100.00
1779166684.370,0x300,8,11 81 D3 21 46 C1 1D B4,temp=57.00
1779166684.463,0x100,8,15 5B 54 29 C6 74 3E F5,speed=21.00
1779166684.556,0x200,8,B4 64 17 DE 1D 15 A5 D9,fuel=100.00
1779166684.650,0x300,8,11 C3 8D D7 95 7B 19 D0,temp=57.00
1779166684.744,0x100,8,15 99 B7 97 0F F7 65 06,speed=21.00
1779166684.838,0x200,8,8D 64 6A FE 54 3A C2 E6,fuel=100.00
1779166684.934,0x300,8,11 94 F3 1A 1A AD 8B 99,temp=57.00
1779166685.024,0x100,8,15 94 C7 1B 96 0E 06 0F,speed=21.00
1779166685.119,0x200,8,D3 64 2C 04 75 89 50 0F,fuel=100.00
1779166685.213,0x300,8,11 A4 08 09 D1 5C 79 2E,temp=57.00
1779166685.320,0x100,8,15 3F 4C B2 45 3A E2 01,speed=21.00
1779166685.400,0x200,8,8A 64 FD 1D 44 10 B9 72,fuel=100.00
1779166685.496,0x300,8,11 0E 3C EA 56 D3 79 C8,temp=57.00
1779166685.600,0x100,8,15 67 88 C1 28 EA 07 58,speed=21.00
1779166685.692,0x200,8,3D 64 A1 F1 FC 00 92 70,fuel=100.00
1779166685.787,0x300,8,11 04 44 B4 E6 86 79 5B,temp=57.00
1779166685.869,0x100,8,15 70 BE F6 28 C3 6C 7B,speed=21.00
1779166685.969,0x200,8,CE 64 46 3F 2F FE FF 56,fuel=100.00
1779166686.070,0x300,8,11 60 62 40 DD F6 FD 19,temp=57.00
1779166686.150,0x100,8,15 D8 B9 18 48 87 EA 1F,speed=21.00
1779166686.244,0x200,8,AF 64 3E F1 8A F9 CB 7D,fuel=100.00
1779166686.340,0x300,8,11 E0 A3 83 38 0F 40 51,temp=57.00
1779166686.444,0x100,8,15 C6 F1 2A 84 7F F5 1D,speed=21.00
1779166686.534,0x200,8,17 64 0F 25 4F 67 DD EE,fuel=100.00
1779166686.631,0x300,8,11 F2 4B 2D 56 09 ED 98,temp=57.00
1779166686.724,0x100,8,15 94 12 44 F3 25 24 4A,speed=21.00
1779166686.817,0x200,8,9C 64 6B F1 94 92 5F 40,fuel=100.00
1779166686.910,0x300,8,11 C1 A3 46 D8 8B E9 17,temp=57.00
1779166687.006,0x100,8,15 20 C1 F5 F8 CB 88 D0,speed=21.00
1779166687.098,0x200,8,EC 64 9E 97 73 B0 A5 C5,fuel=100.00
1779166687.191,0x300,8,11 85 24 79 C2 3D E2 1C,temp=57.00
1779166687.284,0x100,8,15 16 F9 34 1B D1 A7 0E,speed=21.00
1779166687.378,0x200,8,4F 64 25 C2 94 26 6D 52,fuel=100.00
1779166687.473,0x300,8,11 26 A5 0C 86 78 44 06,temp=57.00
1779166687.567,0x100,8,15 08 92 CA 1D 90 F9 8C,speed=21.00
1779166687.659,0x200,8,B1 64 81 36 34 1B 80 9D,fuel=100.00
1779166687.754,0x300,8,11 74 BC 46 6B 08 A1 34,temp=57.00
1779166687.847,0x100,8,15 5A 0B 9E D2 1C 3A F5,speed=21.00
1779166687.938,0x200,8,58 64 A5 4A 12 BC D1 AC,fuel=100.00
1779166688.032,0x300,8,11 6D 9A E2 76 B5 F6 CD,temp=57.00
1779166688.121,0x100,8,15 4A B8 DD 98 DE 42 57,speed=21.00
1779166688.218,0x200,8,E4 64 A2 47 D3 CF B4 2F,fuel=100.00
1779166688.311,0x300,8,11 BB B9 61 12 EE 21 95,temp=57.00
1779166688.402,0x100,8,15 C7 3F 23 3D 9C 21 B5,speed=21.00
1779166688.495,0x200,8,0E 64 61 F4 4D BB 0A E7,fuel=100.00
1779166688.588,0x300,8,11 DF 70 89 DB DB 59 B9,temp=57.00
1779166688.682,0x100,8,15 2B 41 D8 9C 81 A9 35,speed=21.00
1779166688.775,0x200,8,3D 64 3F AD 17 0A 24 36,fuel=100.00
1779166688.869,0x300,8,11 2A 5A 86 6A AF 2A FC,temp=57.00
1779166688.964,0x100,8,15 37 B4 53 90 5C 7B 4F,speed=21.00
1779166689.069,0x200,8,16 64 26 3E 78 59 84 17,fuel=100.00
1779166689.161,0x300,8,11 2B FD A3 65 20 5B 18,temp=57.00
1779166689.252,0x100,8,15 B9 D0 9E 04 A7 4B 0C,speed=21.00
1779166689.345,0x200,8,63 64 53 EC A0 40 27 42,fuel=100.00
1779166689.437,0x300,8,11 E8 C7 47 B1 B2 F6 AF,temp=57.00
1779166689.530,0x100,8,15 CE A8 D0 93 D3 AA 3A,speed=21.00
1779166689.624,0x200,8,87 64 73 74 1E 2D 37 18,fuel=100.00
1779166689.716,0x300,8,11 28 4A 09 3A C9 CF D5,temp=57.00
1779166689.811,0x100,8,15 6D 8B E2 0D A6 E4 DE,speed=21.00
1779166689.904,0x200,8,DD 64 49 76 6C B1 AA D6,fuel=100.00
1779166689.994,0x300,8,11 B9 31 B4 D3 0D B3 1C,temp=57.00
1779166690.086,0x100,8,15 ED 6E C8 08 37 07 0B,speed=21.00
1779166690.194,0x200,8,97 64 7C 49 F3 12 4C D7,fuel=100.00
1779166690.287,0x300,8,11 A4 49 B9 76 D0 EC DC,temp=57.00
1779166690.379,0x100,8,15 E0 CC 03 7E 61 82 9B,speed=21.00
1779166690.475,0x200,8,28 64 0B B3 4A F1 16 F2,fuel=100.00
1779166690.556,0x300,8,11 8F F3 FD B4 95 47 D2,temp=57.00
1779166690.661,0x100,8,15 6C 05 F8 CC 23 27 7E,speed=21.00
1779166690.756,0x200,8,8C 64 5D 2E 07 E3 B7 52,fuel=100.00
1779166690.853,0x300,8,11 B8 98 C6 2C D0 BB 84,temp=57.00
1779166690.948,0x100,8,15 14 15 99 B9 56 A9 C1,speed=21.00
1779166691.027,0x200,8,2A 64 8F 7B CB 2D 87 85,fuel=100.00
1779166691.131,0x300,8,11 A0 51 D9 58 7F 24 FE,temp=57.00
1779166691.226,0x100,8,15 C0 C0 A1 A0 C0 6F 6E,speed=21.00
1779166691.318,0x200,8,DD 64 7F DD 52 8B 0D EF,fuel=100.00
1779166691.411,0x300,8,11 F0 1B A1 AC 9F D6 F0,temp=57.00
1779166691.504,0x100,8,15 ED 5C 57 96 A3 D0 75,speed=21.00
1779166691.598,0x200,8,23 64 3F 2C CA 7F 5D 4F,fuel=100.00
1779166691.691,0x300,8,11 0F DC F2 04 06 E0 F3,temp=57.00
1779166691.783,0x100,8,15 94 AF 81 62 6A 17 D4,speed=21.00
1779166691.876,0x200,8,6F 64 A2 25 5F 0C 11 FE,fuel=100.00
1779166691.972,0x300,8,11 C1 D7 98 D0 10 01 CD,temp=57.00
1779166692.062,0x100,8,15 15 E2 BC B0 8E 5A C4,speed=21.00
1779166692.155,0x200,8,EA 64 3D C5 0C 9A CF AF,fuel=100.00
1779166692.249,0x300,8,11 6A 29 C1 AC E6 55 73,temp=57.00
1779166692.342,0x100,8,15 72 49 6B 67 91 FC 40,speed=21.00
1779166692.433,0x200,8,B2 64 4B 71 77 9E A6 C5,fuel=100.00
1779166692.527,0x300,8,11 EE CF 54 35 68 F8 8E,temp=57.00
1779166692.623,0x100,8,15 C9 97 3C 86 7A B5 CB,speed=21.00
1779166692.712,0x200,8,D6 64 77 1F 30 8F 4E 42,fuel=100.00
1779166692.821,0x300,8,11 C0 5F 75 85 52 DD 30,temp=57.00
1779166692.901,0x100,8,15 14 BF EA D7 73 91 73,speed=21.00
1779166693.008,0x200,8,A3 64 5C 23 84 9A 3C 56,fuel=100.00
1779166693.099,0x300,8,11 6B 62 3D EB 47 90 21,temp=57.00
1779166693.192,0x100,8,15 AC 81 7A 85 E8 38 B0,speed=21.00
1779166693.286,0x200,8,8B 64 59 A2 73 D9 03 F0,fuel=100.00
1779166693.378,0x300,8,11 60 35 1A AE 07 E9 C5,temp=57.00
1779166693.474,0x100,8,15 7C D6 51 67 5E 27 11,speed=21.00
1779166693.568,0x200,8,B1 64 40 B2 6B F8 32 88,fuel=100.00
1779166693.663,0x300,8,11 E5 37 A9 5E 2E 5C F3,temp=57.00
1779166693.756,0x100,8,15 84 8B 3A 30 37 C4 15,speed=21.00
1779166693.849,0x200,8,1D 64 32 B5 A1 19 95 D8,fuel=100.00
1779166693.943,0x300,8,11 58 28 B4 AF A1 EF 8D,temp=57.00
1779166694.037,0x100,8,15 4C 2F B3 1C FB DA D5,speed=21.00
1779166694.128,0x200,8,77 64 A5 5C AA 2F C0 3F,fuel=100.00
1779166694.224,0x300,8,11 CB F4 25 DA 26 B2 53,temp=57.00
1779166694.317,0x100,8,15 9D 86 0D 11 18 9D 57,speed=21.00
1779166694.408,0x200,8,91 64 44 1D B7 D8 AB DC,fuel=100.00
1779166694.502,0x300,8,11 58 BF C9 EE 04 B5 D6,temp=57.00
1779166694.597,0x100,8,15 1D C6 A4 38 1C F8 DF,speed=21.00
1779166694.687,0x200,8,42 64 1F A6 62 DD 6D 37,fuel=100.00
1779166694.779,0x300,8,11 62 7E 44 4A 99 60 D4,temp=57.00
1779166694.872,0x100,8,15 91 68 FB 44 AD DB A8,speed=21.00
1779166694.969,0x200,8,E0 64 46 41 33 B1 59 8E,fuel=100.00
1779166695.061,0x300,8,11 AF 8C B6 C4 11 67 3C,temp=57.00
1779166695.153,0x100,8,15 AE CA F3 12 3A 9A 92,speed=21.00
1779166695.247,0x200,8,44 64 79 86 3B 50 AB 85,fuel=100.00
1779166695.341,0x300,8,11 49 3B 77 DF F8 CC 29,temp=57.00
1779166695.433,0x100,8,15 83 31 25 A3 16 E2 50,speed=21.00
1779166695.525,0x200,8,92 64 17 54 2A 6E 41 E4,fuel=100.00
1779166695.621,0x300,8,11 0F A9 87 69 01 06 2C,temp=57.00
1779166695.714,0x100,8,15 A7 18 62 00 61 5F 7B,speed=21.00
1779166695.807,0x200,8,B2 64 1F DD 84 10 BE 8C,fuel=100.00
1779166695.900,0x300,8,11 DE 6C 1D B7 30 9A BF,temp=57.00
1779166695.992,0x100,8,15 D8 F2 6D AD 00 DB 8C,speed=21.00
1779166696.101,0x200,8,61 64 A5 D8 D5 3F 72 7B,fuel=100.00
1779166696.194,0x300,8,11 51 07 6C EE 07 4E EE,temp=57.00
1779166696.285,0x100,8,15 95 95 C2 BF 11 62 D9,speed=21.00
1779166696.378,0x200,8,8F 64 51 C9 73 AD A7 2B,fuel=100.00
1779166696.471,0x300,8,11 29 DB 9C AE CE 64 31,temp=57.00
1779166696.565,0x100,8,15 6E 9C 9B CD 14 BD 5E,speed=21.00
1779166696.660,0x200,8,5D 64 5D B1 D8 4A 38 4B,fuel=100.00
1779166696.751,0x300,8,11 F4 B3 6C 67 59 7F F1,temp=57.00
1779166696.846,0x100,8,15 ED 0A 4E E6 96 CD D4,speed=21.00
1779166696.940,0x200,8,FA 64 CF 9C CB 44 D7 23,fuel=100.00
1779166697.034,0x300,8,11 27 FE 22 B4 2E 79 DE,temp=57.00
1779166697.128,0x100,8,15 E5 A0 E4 6F 50 EE B8,speed=21.00
1779166697.223,0x200,8,1C 64 D8 05 9D 3F 2B 87,fuel=100.00
1779166697.317,0x300,8,11 EC F1 50 1C 93 15 26,temp=57.00
1779166697.411,0x100,8,15 4E 08 05 41 DA 54 50,speed=21.00
1779166697.502,0x200,8,AD 64 66 93 F3 29 9C C0,fuel=100.00
1779166697.594,0x300,8,11 81 B5 5B D6 31 A5 C9,temp=57.00
1779166697.688,0x100,8,15 DD 98 91 9B DF 8D E6,speed=21.00
1779166697.781,0x200,8,56 64 D9 24 92 3D 92 82,fuel=100.00
1779166697.878,0x300,8,11 2F FF F2 90 CF 57 4B,temp=57.00
1779166697.972,0x100,8,15 B0 B1 83 15 5D 59 83,speed=21.00
1779166698.063,0x200,8,BA 64 D4 0B E9 9D 9A 86,fuel=100.00
1779166698.156,0x300,8,11 0A EC 21 E1 13 D6 09,temp=57.00
1779166698.249,0x100,8,15 7A 5B EE B9 5E FE 1E,speed=21.00
1779166698.343,0x200,8,F8 64 43 2B 87 D9 88 A1,fuel=100.00
1779166698.437,0x300,8,11 BA 9C EC BD F6 1A 2E,temp=57.00
1779166698.528,0x100,8,15 FA 5E BA 8D 61 45 03,speed=21.00
1779166698.623,0x200,8,68 64 39 F8 22 80 AD 26,fuel=100.00
1779166698.716,0x300,8,11 39 F2 07 14 7E 3D 8D,temp=57.00
1779166698.806,0x100,8,15 0F B8 0F 1B E4 D2 F3,speed=21.00
1779166698.914,0x200,8,97 64 43 8B 4F 32 A8 9B,fuel=100.00
1779166699.008,0x300,8,11 78 72 4B 5D DF 9F EC,temp=57.00
1779166699.100,0x100,8,15 47 DC 8D 5B B5 FD 43,speed=21.00
1779166699.191,0x200,8,E4 64 0C C9 D5 76 D1 89,fuel=100.00
1779166699.285,0x300,8,11 CC 1A 57 2E 3E 09 DA,temp=57.00
1779166699.377,0x100,8,15 23 D4 9F 3F 58 18 11,speed=21.00
1779166699.470,0x200,8,4D 64 CA 66 F3 BF 3B 82,fuel=100.00
1779166699.564,0x300,8,11 32 1B F7 DD 3B B9 EA,temp=57.00
1779166699.655,0x100,8,15 D0 66 7F C1 0D 25 0D,speed=21.00
1779166699.750,0x200,8,6E 64 5B 22 90 B9 FE 58,fuel=100.00
1779166699.844,0x300,8,11 BA B6 0D 10 7C E2 0E,temp=57.00
1779166699.936,0x100,8,15 55 DE AA B2 73 BB F9,speed=21.00
1779166700.031,0x200,8,84 64 61 B0 1D 1A 93 1C,fuel=100.00
1779166700.126,0x300,8,11 5C 14 F8 33 2D C5 49,temp=57.00
1779166700.217,0x100,8,15 19 4D 4B 4E 8B 36 C6,speed=21.00
1779166700.310,0x200,8,CD 64 12 AD 4D 7F 07 16,fuel=100.00
1779166700.406,0x300,8,11 F4 CC C8 C5 CE A8 11,temp=57.00
1779166700.499,0x100,8,15 91 71 FD F9 8C 20 FF,speed=21.00
1779166700.593,0x200,8,9C 64 CB 0C E2 BE 26 02,fuel=100.00
1779166700.687,0x300,8,11 2F BC 2D 82 52 B2 B3,temp=57.00
1779166700.781,0x100,8,15 1B C3 ED F7 91 8D BA,speed=21.00
1779166700.878,0x200,8,8B 64 4D 42 AC CA 02 72,fuel=100.00
1779166700.967,0x300,8,11 30 40 CF E3 F0 6E 9F,temp=57.00
1779166701.059,0x100,8,15 34 64 B0 24 E2 E9 ED,speed=21.00
1779166701.152,0x200,8,4F 64 FF E1 05 AE 01 AC,fuel=100.00
1779166701.246,0x300,8,11 1F F8 74 EB 24 6C 44,temp=57.00
1779166701.340,0x100,8,15 F4 13 6C 4C 7D 64 FA,speed=21.00
1779166701.432,0x200,8,3A 64 BE D9 DB A6 A3 5F,fuel=100.00
1779166701.524,0x300,8,11 96 C0 DB 91 45 BD 1F,temp=57.00
1779166701.618,0x100,8,15 EE D0 08 FB F8 47 4E,speed=21.00
1779166701.711,0x200,8,A8 64 D4 72 26 04 A5 A4,fuel=100.00
1779166701.822,0x300,8,11 CA D4 C6 61 C4 F9 63,temp=57.00
1779166701.915,0x100,8,15 35 93 BE 52 76 DF F2,speed=21.00
1779166702.018,0x200,8,1E 64 F1 71 91 7E 29 B2,fuel=100.00
1779166702.103,0x300,8,11 27 82 DA 5C 84 B0 1C,temp=57.00
1779166702.212,0x100,8,15 7D 36 16 53 D4 28 4C,speed=21.00
1779166702.303,0x200,8,70 64 B4 FE 91 9A A7 85,fuel=100.00
1779166702.398,0x300,8,11 6C 73 0E 1A 7A 15 BB,temp=57.00
1779166702.493,0x100,8,15 DF C0 CB 2B 47 79 A5,speed=21.00
1779166702.583,0x200,8,06 64 5A 51 1A B2 9B F5,fuel=100.00
1779166702.677,0x300,8,11 1C 52 94 05 A0 63 F4,temp=57.00
1779166702.772,0x100,8,15 6C 22 8A 3A 00 69 1A,speed=21.00
1779166702.866,0x200,8,CF 64 21 77 A7 2D 27 81,fuel=100.00
1779166702.961,0x300,8,11 08 A2 06 AC 0F 61 0E,temp=57.00
1779166703.053,0x100,8,15 C5 B8 0A B6 51 59 D9,speed=21.00
1779166703.139,0x200,8,E8 64 DB 23 DB 9A F6 FA,fuel=100.00
1779166703.231,0x300,8,11 CB 22 01 E1 1A 92 F6,temp=57.00
1779166703.324,0x100,8,15 0B 99 01 D4 77 74 7E,speed=21.00
1779166703.416,0x200,8,A5 64 44 3E AE A5 C8 E3,fuel=100.00
1779166703.510,0x300,8,11 4A B6 E8 20 79 D5 CE,temp=57.00
1779166703.617,0x100,8,15 7D 21 A3 F9 11 D8 58,speed=21.00
1779166703.709,0x200,8,D4 64 72 FD A2 24 6C 8B,fuel=100.00
1779166703.804,0x300,8,11 DD 43 06 94 C4 AB BB,temp=57.00
1779166703.895,0x100,8,15 CB 8D D5 50 43 ED FB,speed=21.00
1779166703.995,0x200,8,A1 64 CF F0 9C 69 57 15,fuel=100.00
1779166704.078,0x300,8,11 26 2C C5 D0 7F 68 DB,temp=57.00
1779166704.172,0x100,8,15 83 5D 9B C5 8C EB 25,speed=21.00
1779166704.264,0x200,8,0F 64 68 8F AD 04 05 2E,fuel=100.00
1779166704.358,0x300,8,11 A8 3D C0 09 48 B8 CA,temp=57.00
1779166704.452,0x100,8,15 8D DF 3E E6 FB 11 06,speed=21.00
1779166704.546,0x200,8,E4 64 D3 70 F4 E7 D6 F1,fuel=100.00
1779166704.638,0x300,8,11 22 9E FE 7F 7E 9F 83,temp=57.00
1779166704.732,0x100,8,15 5B 95 24 D4 3D 7F A7,speed=21.00
1779166704.824,0x200,8,BB 64 FD F5 22 FA 0F C6,fuel=100.00
1779166704.919,0x300,8,11 72 85 5B 6B 73 5D 72,temp=57.00
1779166705.010,0x100,8,15 EF 43 7B 14 8C FE FC,speed=21.00
1779166705.114,0x200,8,6F 64 5C 51 F3 8A 11 AA,fuel=100.00
1779166705.207,0x300,8,11 71 EA C0 A4 68 A2 67,temp=57.00
1779166705.303,0x100,8,15 AA 9B D1 05 5F 42 05,speed=21.00
1779166705.394,0x200,8,E5 64 0F 5F 4E 2D 08 2C,fuel=100.00
1779166705.490,0x300,8,11 64 AF FF F6 B7 7C 6E,temp=57.00
1779166705.581,0x100,8,15 C0 1D CF 82 54 67 2B,speed=21.00
1779166705.674,0x200,8,DF 64 79 0E 69 2A 01 FA,fuel=100.00
1779166705.767,0x300,8,11 E6 E6 67 EF 9A 34 6E,temp=57.00
1779166705.857,0x100,8,15 66 BA E2 0D 7B 4A E9,speed=21.00
1779166705.951,0x200,8,89 64 E5 D3 11 B5 7C 4F,fuel=100.00
1779166706.048,0x300,8,11 A4 68 FE A9 48 81 92,temp=57.00
1779166706.137,0x100,8,15 CA 04 1D 85 20 83 32,speed=21.00
1779166706.230,0x200,8,75 64 C8 55 E0 3D 99 44,fuel=100.00
1779166706.321,0x300,8,11 CC 4F 43 83 0B DC FC,temp=57.00
1779166706.415,0x100,8,15 A8 5C 50 DD 75 03 7B,speed=21.00
1779166706.510,0x200,8,96 64 0A DA D6 3D 5D 25,fuel=100.00
1779166706.602,0x300,8,11 D7 0D 74 7A BC 5A 1A,temp=57.00
1779166706.698,0x100,8,15 63 C3 0E 6A 34 57 37,speed=21.00
1779166706.802,0x200,8,11 64 50 F8 75 AC 9D 12,fuel=100.00
1779166706.894,0x300,8,11 DE B5 1F 31 9A 27 A6,temp=57.00
1779166706.993,0x100,8,15 58 63 BF A3 5F 71 F5,speed=21.00
1779166707.080,0x200,8,AB 64 0A AB 03 43 11 C4,fuel=100.00
1779166707.175,0x300,8,11 F5 93 84 FF 47 A0 5D,temp=57.00
1779166707.266,0x100,8,15 0C 51 36 AE AB 7A 39,speed=21.00
1779166707.359,0x200,8,79 64 7D 37 2D 0D FA 97,fuel=100.00
1779166707.451,0x300,8,11 08 E2 37 97 1D 71 75,temp=57.00
1779166707.545,0x100,8,15 71 CC 66 14 93 22 AC,speed=21.00
1779166707.640,0x200,8,C5 64 F5 A0 B9 3A 8F 99,fuel=100.00
1779166707.733,0x300,8,11 FC 58 D8 1E 77 56 85,temp=57.00
1779166707.826,0x100,8,15 67 8E 04 72 E6 FB BA,speed=21.00
1779166707.919,0x200,8,22 64 49 F7 E4 6B 21 70,fuel=100.00
1779166708.015,0x300,8,11 DD D8 2A 56 DB 1B DB,temp=57.00
1779166708.106,0x100,8,15 88 A4 FD 33 90 C1 0A,speed=21.00
1779166708.199,0x200,8,CF 64 7F 7C CE 34 55 D4,fuel=100.00
1779166708.295,0x300,8,11 F3 30 55 BC C4 D5 34,temp=57.00
1779166708.387,0x100,8,15 FA A8 01 20 81 80 0D,speed=21.00
1779166708.482,0x200,8,7C 64 82 C4 94 C0 AD 23,fuel=100.00
1779166708.574,0x300,8,11 5A 4D 97 6B EF A7 5B,temp=57.00
1779166708.667,0x100,8,15 20 E9 54 CA C1 17 E9,speed=21.00
1779166708.759,0x200,8,DA 64 CF 9B F8 07 A8 5A,fuel=100.00
1779166708.855,0x300,8,11 83 6F 3F 6E 6A B7 02,temp=57.00
1779166708.960,0x100,8,15 31 6D FF 85 16 B6 1F,speed=21.00
1779166709.052,0x200,8,67 64 77 56 4F 47 D3 08,fuel=100.00
1779166709.144,0x300,8,11 4F F5 21 D5 95 C5 5E,temp=57.00
1779166709.238,0x100,8,15 AD D0 1D AE 4E EA AE,speed=21.00
1779166709.330,0x200,8,20 64 5F C6 E9 EA 90 03,fuel=100.00
1779166709.424,0x300,8,11 F5 9E CC 76 C7 1E B3,temp=57.00
1779166709.520,0x100,8,15 98 D2 C7 B5 69 86 99,speed=21.00
1779166709.615,0x200,8,40 64 12 3D DD AA 06 72,fuel=100.00
1779166709.707,0x300,8,11 63 18 FF A8 2F AB 1B,temp=57.00
1779166709.800,0x100,8,15 2B 84 59 52 C9 BE 59,speed=21.00
1779166709.893,0x200,8,ED 64 B7 99 EE A5 77 FA,fuel=100.00
1779166709.981,0x300,8,11 40 4E 6F CE 9A 2A FF,temp=57.00
1779166710.079,0x100,8,15 CB 18 3D D4 08 44 13,speed=21.00
1779166710.177,0x200,8,CE 64 EB 56 A6 5C 12 F1,fuel=100.00
1779166710.268,0x300,8,11 F6 D6 30 25 FE 0C B4,temp=57.00
1779166710.361,0x100,8,15 0A 6A 76 6A 9C 55 C1,speed=21.00
1779166710.455,0x200,8,26 64 80 33 17 54 E5 E2,fuel=100.00
1779166710.547,0x300,8,11 3A C9 4A 7F DB 08 F4,temp=57.00
1779166710.640,0x100,8,15 66 F5 02 0D C7 11 3D,speed=21.00
1779166710.731,0x200,8,63 64 0D 79 B1 93 6F 35,fuel=100.00
1779166710.827,0x300,8,11 11 0A F9 42 56 FC DF,temp=57.00
1779166710.919,0x100,8,15 B8 F8 A9 16 DD CA D0,speed=21.00
1779166711.015,0x200,8,72 64 85 59 D1 81 A1 DB,fuel=100.00
1779166711.111,0x300,8,11 85 5D B0 0E A5 45 06,temp=57.00
1779166711.202,0x100,8,15 C7 53 7C A0 94 FF 0B,speed=21.00
1779166711.294,0x200,8,3C 64 56 73 48 EB FE 6B,fuel=100.00
1779166711.388,0x300,8,11 E2 A0 C6 43 3C CF DE,temp=57.00
1779166711.484,0x100,8,15 3E 17 56 E9 10 68 F2,speed=21.00
1779166711.578,0x200,8,BC 64 4E 04 EB 93 59 56,fuel=100.00
1779166711.670,0x300,8,11 E5 25 92 E8 85 6D FA,temp=57.00
1779166711.763,0x100,8,15 13 71 FF F3 94 1B 66,speed=21.00
1779166711.859,0x200,8,8F 64 B8 DE 56 41 D2 4B,fuel=100.00
1779166711.952,0x300,8,11 E5 DD 27 F8 C6 7B AB,temp=57.00
1779166712.044,0x100,8,15 9B 72 2C A1 9E 33 41,speed=21.00
1779166712.137,0x200,8,32 64 85 EF 0C AC B6 9A,fuel=100.00
1779166712.230,0x300,8,11 6D D4 26 E1 FE 36 4F,temp=57.00
1779166712.325,0x100,8,15 05 8F 0B 55 E9 50 B3,speed=21.00
1779166712.417,0x200,8,D0 64 B9 04 B5 04 18 7C,fuel=100.00
1779166712.509,0x300,8,11 DD 98 6B 2C DC 25 C5,temp=57.00
1779166712.603,0x100,8,15 BE 1A DA 35 7C D3 DB,speed=21.00
1779166712.698,0x200,8,2C 64 3C A2 C2 38 7F 77,fuel=100.00
1779166712.791,0x300,8,11 7F 59 4C 22 E2 F5 5B,temp=57.00
1779166712.884,0x100,8,15 76 01 31 DF C2 35 C8,speed=21.00
1779166712.987,0x200,8,E1 64 FC F4 F1 8C 5C 7E,fuel=100.00
1779166713.083,0x300,8,11 17 F4 33 E0 05 38 A9,temp=57.00
1779166713.177,0x100,8,15 7C 49 FD DF 73 1A 8D,speed=21.00
1779166713.271,0x200,8,9D 64 C4 DF 49 0C FE 24,fuel=100.00
1779166713.363,0x300,8,11 0E 21 AD F5 AA 8C B9,temp=57.00
1779166713.456,0x100,8,15 15 81 15 56 0F 4D 16,speed=21.00
1779166713.550,0x200,8,6B 64 1B C4 97 B5 EB C0,fuel=100.00
1779166713.644,0x300,8,11 C4 E9 D8 12 6C 58 0F,temp=57.00
1779166713.740,0x100,8,15 F7 AB 94 27 95 18 31,speed=21.00
1779166713.831,0x200,8,1E 64 53 6D 28 BD BF 38,fuel=100.00
1779166713.926,0x300,8,11 BC 36 E5 BF F9 0E 3F,temp=57.00
1779166714.019,0x100,8,15 7E F4 BC 80 62 D3 7D,speed=21.00
1779166714.109,0x200,8,8F 64 34 0C 64 60 03 B1,fuel=100.00
1779166714.199,0x300,8,11 AC EA 8F 3E 43 52 2B,temp=57.00
1779166714.292,0x100,8,15 D2 C4 85 3A B7 32 25,speed=21.00
1779166714.387,0x200,8,46 64 CB 63 62 58 5A EB,fuel=100.00
1779166714.480,0x300,8,11 BD BB DE 4B BD E6 14,temp=57.00
1779166714.570,0x100,8,15 CE CB 75 3C 35 33 7D,speed=21.00
1779166714.664,0x200,8,31 64 3D 89 5B 76 94 22,fuel=100.00
1779166714.758,0x300,8,11 23 56 12 A7 7C DE C6,temp=57.00
1779166714.853,0x100,8,15 ED 5E B0 B1 10 62 38,speed=21.00
1779166714.948,0x200,8,57 64 09 D4 AE 17 7B 51,fuel=100.00
1779166715.053,0x300,8,11 CC 9B 21 9E 8C C0 E8,temp=57.00
1779166715.147,0x100,8,15 00 FC 37 60 F1 41 88,speed=21.00
1779166715.237,0x200,8,92 64 DC 14 67 E5 35 66,fuel=100.00
1779166715.331,0x300,8,11 7A 1F BB 29 0E 73 99,temp=57.00
1779166715.423,0x100,8,15 61 B2 EA 2A 84 F7 09,speed=21.00
1779166715.518,0x200,8,0D 64 52 C9 39 67 F1 A7,fuel=100.00
1779166715.613,0x300,8,11 13 5F 24 33 6E 32 B6,temp=57.00
1779166715.704,0x100,8,15 60 AB 10 DE D1 BE E2,speed=21.00
1779166715.800,0x200,8,E0 64 25 54 37 B1 3B BD,fuel=100.00
1779166715.892,0x300,8,11 21 04 37 38 A8 1D E1,temp=57.00
1779166715.992,0x100,8,15 BF BD 5B BD 12 23 61,speed=21.00
1779166716.080,0x200,8,D4 64 1F 33 EC E7 B0 B2,fuel=100.00
1779166716.176,0x300,8,11 72 31 D3 02 33 07 DA,temp=57.00
1779166716.267,0x100,8,15 F3 7C 62 AB 44 2B D8,speed=21.00
1779166716.363,0x200,8,5F 64 70 E5 EB 66 30 E8,fuel=100.00
1779166716.453,0x300,8,11 C6 48 32 ED 43 AD 44,temp=57.00
1779166716.545,0x100,8,15 F9 7F 34 FA 55 6E F4,speed=21.00
1779166716.637,0x200,8,6A 64 81 24 4F C4 0E 22,fuel=100.00
1779166716.731,0x300,8,11 E5 C8 15 EC 9E 84 D8,temp=57.00
1779166716.828,0x100,8,15 41 07 75 7C 26 ED AB,speed=21.00
1779166716.922,0x200,8,9A 64 0B 28 C6 CF DC E3,fuel=100.00
1779166717.017,0x300,8,11 6C 07 8E 99 A4 26 E2,temp=57.00
1779166717.105,0x100,8,15 42 AB 42 37 42 2E D3,speed=21.00
1779166717.200,0x200,8,8A 64 67 AF 18 25 A8 5B,fuel=100.00
1779166717.292,0x300,8,11 32 36 E0 BE CF D5 96,temp=57.00
1779166717.384,0x100,8,15 24 E8 AD 55 8B 48 06,speed=21.00
1779166717.480,0x200,8,75 64 EA AA 8C 1C D8 10,fuel=100.00
1779166717.574,0x300,8,11 3D 72 73 81 0E FC E0,temp=57.00
1779166717.679,0x100,8,15 1E 85 DB DF B0 15 A1,speed=21.00
1779166717.771,0x200,8,9B 64 41 41 DE 30 C2 56,fuel=100.00
1779166717.864,0x300,8,11 96 59 33 90 6A 8E 75,temp=57.00
1779166717.958,0x100,8,15 4B 96 91 A7 BA 69 2B,speed=21.00
1779166718.049,0x200,8,B5 64 C6 EF C8 6E 82 E5,fuel=100.00
1779166718.142,0x300,8,11 81 4B 2D 3F 38 15 2F,temp=57.00
1779166718.237,0x100,8,15 64 B9 47 B5 06 4E 3E,speed=21.00
1779166718.330,0x200,8,84 64 49 FD 94 B2 B2 BD,fuel=100.00
1779166718.422,0x300,8,11 00 2C D6 32 A0 19 73,temp=57.00
1779166718.519,0x100,8,15 E2 E8 E5 C9 5D 65 8F,speed=21.00
1779166718.613,0x200,8,FC 64 79 E3 77 BC 47 C2,fuel=100.00
1779166718.705,0x300,8,11 B5 2F A8 69 6F 2D 9B,temp=57.00
1779166718.797,0x100,8,15 1E 38 80 7A 46 46 A7,speed=21.00
1779166718.893,0x200,8,83 64 C4 20 4D DC 55 83,fuel=100.00
1779166718.989,0x300,8,11 55 B2 E9 89 29 3F D1,temp=57.00
1779166719.077,0x100,8,15 26 8E F0 25 3C 44 34,speed=21.00
1779166719.175,0x200,8,84 64 CF 68 8D 2A 7F 6D,fuel=100.00
1779166719.266,0x300,8,11 22 15 2B 19 4B F0 4A,temp=57.00
1779166719.360,0x100,8,15 5B F7 17 CB AA 20 BC,speed=21.00
1779166719.451,0x200,8,94 64 00 CD E3 15 20 DE,fuel=100.00
1779166719.543,0x300,8,11 54 69 0F 85 4C 47 D4,temp=57.00
1779166719.636,0x100,8,15 B0 C9 27 73 E7 51 29,speed=21.00
1779166719.728,0x200,8,BC 64 D2 9B 13 21 7C DA,fuel=100.00
1779166719.821,0x300,8,11 87 46 05 E4 81 1A D6,temp=57.00
1779166719.916,0x100,8,15 F0 DD B8 2A 8A 88 79,speed=21.00
1779166720.010,0x200,8,28 64 DB EB DE C8 86 61,fuel=100.00
1779166720.117,0x300,8,11 8C 92 4A DA C1 3E F6,temp=57.00
1779166720.210,0x100,8,15 42 E8 71 39 CF DC 10,speed=21.00
1779166720.304,0x200,8,C4 64 94 9A 0A 66 23 48,fuel=100.00
1779166720.397,0x300,8,11 FD 3E CB 9F 91 5C D5,temp=57.00
1779166720.486,0x100,8,15 47 1A 58 9F 8F 0B 33,speed=21.00
1779166720.584,0x200,8,CE 64 60 CE 50 35 9A 5F,fuel=100.00
1779166720.678,0x300,8,11 74 7B 79 10 73 1C 6F,temp=57.00
1779166720.768,0x100,8,15 63 51 3F 34 80 86 BA,speed=21.00
1779166720.864,0x200,8,A9 64 69 C5 55 A7 8E 66,fuel=100.00
1779166720.957,0x300,8,11 60 94 C3 A6 8D CA 13,temp=57.00
1779166721.050,0x100,8,15 E4 C4 6B 01 F8 EE 89,speed=21.00
1779166721.136,0x200,8,71 64 C2 46 05 93 5D 0B,fuel=100.00
1779166721.228,0x300,8,11 7A 03 1B 2E 32 F4 3B,temp=57.00
1779166721.324,0x100,8,15 06 F7 91 3C 44 8C 9F,speed=21.00
1779166721.415,0x200,8,58 64 DC E4 19 45 1A 07,fuel=100.00
1779166721.524,0x300,8,11 DC 2D 7D AA 3E 51 61,temp=57.00
1779166721.615,0x100,8,15 A2 88 D5 8F F3 03 73,speed=21.00
1779166721.709,0x200,8,CD 64 8C A8 74 E5 AF EA,fuel=100.00
1779166721.804,0x300,8,11 18 5B D7 72 74 26 7D,temp=57.00
1779166721.887,0x100,8,15 59 2A 86 E4 4F FF 9A,speed=21.00
1779166721.997,0x200,8,13 64 A9 6E D1 0D A3 8A,fuel=100.00
1779166722.083,0x300,8,11 71 59 4A 44 B2 BC EA,temp=57.00
1779166722.176,0x100,8,15 F8 BF 1F 30 FE F9 DB,speed=21.00
1779166722.266,0x200,8,A3 64 F8 63 F6 1C 41 8C,fuel=100.00
1779166722.359,0x300,8,11 6E C2 89 C0 EF CD E6,temp=57.00
1779166722.451,0x100,8,15 C1 EF 8A 31 F8 74 0E,speed=21.00
1779166722.545,0x200,8,25 64 0A 10 0D A1 4E 2F,fuel=100.00
1779166722.638,0x300,8,11 C2 D9 56 5C 2F 92 4E,temp=57.00
1779166722.731,0x100,8,15 41 39 1D F2 14 D7 27,speed=21.00
1779166722.826,0x200,8,29 64 71 93 59 5A 0F E9,fuel=100.00
1779166722.919,0x300,8,11 2A 04 DB E6 55 A2 07,temp=57.00
1779166723.013,0x100,8,15 27 7E 46 98 B1 FC C1,speed=21.00
1779166723.106,0x200,8,F7 64 BC 1B B2 B5 A6 20,fuel=100.00
1779166723.197,0x300,8,11 B2 80 D1 EF 7E 23 EF,temp=57.00
1779166723.293,0x100,8,15 E1 4E CC BB 2D F6 B5,speed=21.00
1779166723.383,0x200,8,3F 64 A8 71 0B 63 93 C5,fuel=100.00
1779166723.481,0x300,8,11 F7 BE 70 60 77 E9 F1,temp=57.00
1779166723.585,0x100,8,15 33 AF 5B D7 1E DF 7F,speed=21.00
1779166723.679,0x200,8,95 64 5B 1D E6 93 51 22,fuel=100.00
1779166723.769,0x300,8,11 36 4D CA AD 64 58 88,temp=57.00
1779166723.864,0x100,8,15 35 2F BF C5 2E 56 CA,speed=21.00
1779166723.955,0x200,8,A2 64 5C B8 A4 7C 50 6C,fuel=100.00
1779166724.048,0x300,8,11 A8 E6 6E DC 43 2A 37,temp=57.00
1779166724.143,0x100,8,15 88 BF DC A1 3C 44 10,speed=21.00
1779166724.233,0x200,8,70 64 BD 52 F0 B1 A2 5A,fuel=100.00
1779166724.328,0x300,8,11 50 AE E3 2D 70 B1 87,temp=57.00
1779166724.421,0x100,8,15 98 3E DC 5D 41 57 88,speed=21.00
1779166724.514,0x200,8,FC 64 CA 01 E1 3D D9 87,fuel=100.00
1779166724.607,0x300,8,11 34 9B 96 38 97 97 9C,temp=57.00
1779166724.701,0x100,8,15 24 BF C9 5A 26 5C 63,speed=21.00
1779166724.793,0x200,8,6A 64 5C 45 11 53 97 C7,fuel=100.00
1779166724.886,0x300,8,11 EF 5A 4B 4F FB 3E FC,temp=57.00
1779166724.986,0x100,8,15 4F 6E BA 0F B3 12 7A,speed=21.00
1779166725.072,0x200,8,1A 64 FD E7 46 43 0E 6F,fuel=100.00
1779166725.169,0x300,8,11 8B 6D 13 8D D2 A1 7E,temp=57.00
1779166725.260,0x100,8,15 41 23 52 5C E8 F8 60,speed=21.00
1779166725.354,0x200,8,0C 64 A4 EC 41 F1 67 11,fuel=100.00
1779166725.447,0x300,8,11 2A 17 56 F0 66 9F 78,temp=57.00
1779166725.542,0x100,8,15 F6 CA DA 62 EA DF 1D,speed=21.00
1779166725.634,0x200,8,ED 64 F2 86 7C 32 56 2C,fuel=100.00
1779166725.729,0x300,8,11 25 A0 DE 52 89 4E 69,temp=57.00
1779166725.820,0x100,8,15 87 9F 0F C6 A8 7D 90,speed=21.00
1779166725.929,0x200,8,A2 64 76 7E F3 14 C1 D4,fuel=100.00
1779166726.009,0x300,8,11 70 AA 76 3B 0B 68 C7,temp=57.00
1779166726.102,0x100,8,15 23 93 EA 52 E5 99 79,speed=21.00
1779166726.211,0x200,8,58 64 A1 CC 4D EE DF 8F,fuel=100.00
1779166726.304,0x300,8,11 D6 D5 9B 07 EF 6B A2,temp=57.00
1779166726.394,0x100,8,15 D0 C8 84 2D 3D D2 1A,speed=21.00
1779166726.489,0x200,8,27 64 5E FD D9 72 CE 2D,fuel=100.00
1779166726.582,0x300,8,11 40 4B 07 D3 8F 87 23,temp=57.00
1779166726.677,0x100,8,15 92 31 AB 95 C9 A9 29,speed=21.00
1779166726.768,0x200,8,56 64 4C 17 2F F1 39 F0,fuel=100.00
1779166726.860,0x300,8,11 07 72 D7 43 0E B8 44,temp=57.00
1779166726.956,0x100,8,15 BD DD 71 4C 01 72 B9,speed=21.00
1779166727.047,0x200,8,88 64 D1 12 07 3E 55 28,fuel=100.00
1779166727.143,0x300,8,11 CD 12 F7 19 6A F1 50,temp=57.00
1779166727.235,0x100,8,15 2A 04 2A CB 65 3C 7E,speed=21.00
1779166727.330,0x200,8,DB 64 80 68 3C 64 F7 BF,fuel=100.00
1779166727.424,0x300,8,11 18 51 F0 51 67 2E 5E,temp=57.00
1779166727.516,0x100,8,15 B4 98 D8 54 F4 3C 74,speed=21.00
1779166727.610,0x200,8,7E 64 EB 80 C4 77 57 F3,fuel=100.00
1779166727.704,0x300,8,11 2D C4 B5 B9 B9 7B AB,temp=57.00
1779166727.798,0x100,8,15 7F 34 41 9E 4E 55 2C,speed=21.00
1779166727.895,0x200,8,8A 64 2D 75 D6 7C 60 87,fuel=100.00
1779166727.991,0x300,8,11 E9 49 7E A6 13 72 24,temp=57.00
1779166728.076,0x100,8,15 60 19 D3 D9 26 32 33,speed=21.00
1779166728.169,0x200,8,50 64 04 9F 88 F5 25 4B,fuel=100.00
1779166728.264,0x300,8,11 39 9E 91 2B 9E 9C D6,temp=57.00
1779166728.356,0x100,8,15 3F E1 8D 81 C3 14 9E,speed=21.00
1779166728.449,0x200,8,C5 64 7F 98 03 3D 4C B1,fuel=100.00
1779166728.542,0x300,8,11 F7 2C 6F 51 97 CF 34,temp=57.00
1779166728.638,0x100,8,15 7A E0 AF 66 87 BD 2A,speed=21.00
1779166728.729,0x200,8,27 64 B8 8E 7C FE 12 9F,fuel=100.00
1779166728.823,0x300,8,11 48 AC FF 09 D2 8D 82,temp=57.00
1779166728.915,0x100,8,15 A8 A6 E2 BD 4A 57 95,speed=21.00
1779166729.008,0x200,8,92 64 0E 7C C4 A4 7D 59,fuel=100.00
1779166729.109,0x300,8,11 21 DD 6B E3 4E AA 7C,temp=57.00
1779166729.212,0x100,8,15 6D 68 7F FA 98 34 18,speed=21.00
1779166729.305,0x200,8,15 64 DB 7D 6A 1B C2 3A,fuel=100.00
1779166729.411,0x300,8,11 DD FD 49 2B B3 9C 4B,temp=57.00
1779166729.504,0x100,8,15 AF A6 69 AF CA 54 EE,speed=21.00
1779166729.597,0x200,8,FE 64 25 32 C0 DF 78 88,fuel=100.00
1779166729.690,0x300,8,11 E0 02 41 CD 0A 60 BA,temp=57.00
1779166729.785,0x100,8,15 33 6A A0 15 9D A5 60,speed=21.00
1779166729.876,0x200,8,BF 64 88 52 BC 04 8C 0E,fuel=100.00
1779166729.969,0x300,8,11 AB B0 BF F0 1F B0 A3,temp=57.00
1779166730.063,0x100,8,15 B4 24 73 E4 B8 72 BF,speed=21.00
1779166730.157,0x200,8,83 64 D4 E2 40 30 BE A3,fuel=100.00
1779166730.250,0x300,8,11 67 BC 6C D1 76 92 A4,temp=57.00
1779166730.344,0x100,8,15 0B 66 5F 47 BD 9A F6,speed=21.00
1779166730.436,0x200,8,A8 64 7A A1 2A 10 88 3B,fuel=100.00
1779166730.530,0x300,8,11 D9 EE F4 74 B6 E6 D5,temp=57.00
1779166730.625,0x100,8,15 D5 90 F0 99 36 BF 91,speed=21.00
1779166730.718,0x200,8,31 64 28 B5 B0 73 CD 12,fuel=100.00
1779166730.812,0x300,8,11 17 E2 54 35 10 AF 77,temp=57.00
1779166730.905,0x100,8,15 10 47 8D 71 47 5D 3B,speed=21.00
1779166731.003,0x200,8,3D 64 A5 22 EB 65 D4 AC,fuel=100.00
1779166731.091,0x300,8,11 26 6F 39 8B 66 EE 72,temp=57.00
1779166731.184,0x100,8,15 3D 57 44 67 E1 EF 7A,speed=21.00
1779166731.278,0x200,8,F1 64 7D E1 57 63 53 D4,fuel=100.00
1779166731.374,0x300,8,11 47 6A F7 92 85 60 94,temp=57.00
1779166731.467,0x100,8,15 77 4C 1C 72 E0 32 EF,speed=21.00
1779166731.564,0x200,8,97 64 40 FC 37 80 98 F8,fuel=100.00
1779166731.660,0x300,8,11 A7 A7 CE 72 D1 7E 46,temp=57.00
1779166731.750,0x100,8,15 21 E9 97 4B 1A AB 9E,speed=21.00
1779166731.844,0x200,8,56 64 18 15 9E EF 41 47,fuel=100.00
1779166731.940,0x300,8,11 BF D3 94 EE E7 29 0F,temp=57.00
1779166732.029,0x100,8,15 6E B0 81 54 98 5A BB,speed=21.00
1779166732.119,0x200,8,97 64 D3 F6 C4 1F 21 4E,fuel=100.00
1779166732.213,0x300,8,11 C7 B0 76 59 58 F8 85,temp=57.00
1779166732.305,0x100,8,15 81 4C 9D E3 08 60 7F,speed=21.00
1779166732.398,0x200,8,19 64 96 88 B6 61 D0 4B,fuel=100.00
1779166732.494,0x300,8,11 3D 91 AF 06 4F 24 79,temp=57.00
1779166732.587,0x100,8,15 3C 40 69 01 9E 68 61,speed=21.00
1779166732.694,0x200,8,49 64 C0 83 BB 0E EE C3,fuel=100.00
1779166732.774,0x300,8,11 4D 37 13 57 72 95 A8,temp=57.00
1779166732.880,0x100,8,15 8A 91 7D E8 87 55 62,speed=21.00
1779166732.962,0x200,8,76 64 DE 0C 64 7E 23 5C,fuel=100.00
1779166733.065,0x300,8,11 B3 71 16 5A C1 58 A3,temp=57.00
1779166733.158,0x100,8,15 43 74 3D F5 24 4B 8F,speed=21.00
1779166733.251,0x200,8,50 64 A5 F9 63 E9 45 59,fuel=100.00
1779166733.342,0x300,8,11 DE 4B E9 C5 0A A7 2D,temp=57.00
1779166733.436,0x100,8,15 06 67 93 73 73 79 4B,speed=21.00
1779166733.531,0x200,8,32 64 A5 39 4C B0 3F 07,fuel=100.00
1779166733.620,0x300,8,11 66 59 36 86 48 15 D3,temp=57.00
1779166733.712,0x100,8,15 8C F1 22 F7 F0 CC 0A,speed=21.00
1779166733.806,0x200,8,17 64 FE 5B 93 4A D4 DF,fuel=100.00
1779166733.899,0x300,8,11 DC 0C FA 60 6C 1C D2,temp=57.00
1779166733.992,0x100,8,15 DC 01 23 11 E3 E2 E0,speed=21.00
1779166734.098,0x200,8,24 64 AC 5D 33 B4 57 8D,fuel=100.00
1779166734.194,0x300,8,11 F8 8D 19 24 E5 B9 E7,temp=57.00
1779166734.287,0x100,8,15 92 D3 F0 F0 22 1F 2F,speed=21.00
1779166734.380,0x200,8,94 64 92 F4 46 0B C8 46,fuel=100.00
1779166734.473,0x300,8,11 57 D4 23 4C 8D 45 20,temp=57.00
1779166734.565,0x100,8,15 B2 BC 98 F8 66 F5 B0,speed=21.00
1779166734.661,0x200,8,C7 64 81 CD 8D E6 10 1A,fuel=100.00
1779166734.754,0x300,8,11 D8 06 0E 1C F8 19 EC,temp=57.00
1779166734.848,0x100,8,15 73 20 C0 6C A2 D0 01,speed=21.00
1779166734.941,0x200,8,19 64 E7 D4 4E CD 50 83,fuel=100.00
1779166735.034,0x300,8,11 FE 22 3E F6 9F 68 A3,temp=57.00
1779166735.127,0x100,8,15 A8 3D 29 3E DA 65 EB,speed=21.00
1779166735.222,0x200,8,CD 64 33 2B A5 85 DE 3E,fuel=100.00
1779166735.317,0x300,8,11 E8 1F 73 F8 CB B5 6C,temp=57.00
1779166735.411,0x100,8,15 A6 C5 D1 25 30 BA 76,speed=21.00
1779166735.502,0x200,8,A9 64 C7 77 FB C4 BC 81,fuel=100.00
1779166735.596,0x300,8,11 0C CE 00 14 56 7E AF,temp=57.00
1779166735.690,0x100,8,15 D8 73 5E 17 E3 D4 BA,speed=21.00
1779166735.784,0x200,8,EE 64 8E 99 02 B0 2D 5D,fuel=100.00
1779166735.879,0x300,8,11 8F BA F7 8A 5F A8 B0,temp=57.00
1779166735.974,0x100,8,15 3B 65 0F FA F6 64 F6,speed=21.00
1779166736.064,0x200,8,D8 64 5A 97 C0 90 25 EC,fuel=100.00
1779166736.158,0x300,8,11 BF 38 70 D1 C0 8E 07,temp=57.00
1779166736.249,0x100,8,15 CF 72 0B 83 33 57 F7,speed=21.00
1779166736.345,0x200,8,18 64 04 99 FE D4 50 35,fuel=100.00
1779166736.437,0x300,8,11 25 46 F9 86 65 54 31,temp=57.00
1779166736.528,0x100,8,15 39 E0 EE 24 1E 9A 76,speed=21.00
1779166736.623,0x200,8,69 64 51 04 37 71 0D E8,fuel=100.00
1779166736.714,0x300,8,11 6C A5 03 18 B2 83 B8,temp=57.00
1779166736.810,0x100,8,15 96 76 E6 CC 93 D2 0C,speed=21.00
1779166736.902,0x200,8,73 64 76 83 43 6A 5C DB,fuel=100.00
1779166736.994,0x300,8,11 72 9D CE 6E 43 22 D4,temp=57.00
1779166737.086,0x100,8,15 E5 A8 EF DD 66 60 5D,speed=21.00
1779166737.194,0x200,8,D8 64 AA 50 31 FC 97 94,fuel=100.00
1779166737.288,0x300,8,11 93 16 8E 62 21 EB E8,temp=57.00
1779166737.383,0x100,8,15 9F B1 ED 5C 06 73 04,speed=21.00
1779166737.474,0x200,8,5B 64 8B DB ED 79 DE 00,fuel=100.00
1779166737.569,0x300,8,11 4D FB EA 48 88 C8 5B,temp=57.00
1779166737.662,0x100,8,15 CF 76 E2 45 2F 0D CC,speed=21.00
1779166737.755,0x200,8,8A 64 76 84 81 4C CD AC,fuel=100.00
1779166737.849,0x300,8,11 09 DB D1 63 32 E2 FE,temp=57.00
1779166737.942,0x100,8,15 7B C0 72 D6 F2 C2 29,speed=21.00
1779166738.025,0x200,8,C4 64 4E 3E 51 56 27 4B,fuel=100.00
1779166738.128,0x300,8,11 FB 76 1B 1F 7F E9 17,temp=57.00
1779166738.226,0x100,8,15 96 25 B5 71 9C FF FB,speed=21.00
1779166738.315,0x200,8,1B 64 3F EC 63 CB D5 F0,fuel=100.00
1779166738.409,0x300,8,11 B8 7B D8 4F 63 15 2A,temp=57.00
1779166738.502,0x100,8,15 85 19 6D AD 6D 7E 42,speed=21.00
1779166738.593,0x200,8,50 64 11 15 83 BC B0 B0,fuel=100.00
1779166738.687,0x300,8,11 F3 3D 62 11 D7 AC C8,temp=57.00
1779166738.779,0x100,8,15 05 03 E4 14 F6 16 0D,speed=21.00
1779166738.872,0x200,8,CD 64 E7 D8 46 60 3F 33,fuel=100.00
1779166738.964,0x300,8,11 D7 6D BD 7C AA 49 32,temp=57.00
1779166739.060,0x100,8,15 73 D8 37 A9 9C FE 66,speed=21.00
1779166739.154,0x200,8,DD 64 53 30 E9 E4 62 A7,fuel=100.00
1779166739.247,0x300,8,11 C3 DD 09 08 27 BD 65,temp=57.00
1779166739.350,0x100,8,15 13 63 1C 7D 50 85 5B,speed=21.00
1779166739.443,0x200,8,2B 64 A7 47 F5 9B 36 85,fuel=100.00
1779166739.537,0x300,8,11 ED E3 AA F4 DD C5 54,temp=57.00
1779166739.630,0x100,8,15 FF 11 A6 B7 51 B9 E9,speed=21.00
1779166739.725,0x200,8,D6 64 49 00 7C 14 B3 A3,fuel=100.00
1779166739.822,0x300,8,11 E0 82 04 46 A9 B1 C9,temp=57.00
1779166739.912,0x100,8,15 68 99 32 85 3F B8 5F,speed=21.00
1779166740.007,0x200,8,32 64 F4 C4 0A B0 CF C5,fuel=100.00
1779166740.095,0x300,8,11 47 B7 89 49 11 FA AB,temp=57.00
1779166740.189,0x100,8,15 55 82 7F 2B AA 41 E8,speed=21.00
1779166740.281,0x200,8,E3 64 46 53 FE F0 30 A0,fuel=100.00
1779166740.378,0x300,8,11 F6 D0 5A 77 F4 FB 4F,temp=57.00
1779166740.470,0x100,8,15 C6 C0 20 E3 84 1D 3F,speed=21.00
1779166740.566,0x200,8,6D 64 A4 C9 9B 2F 8A 47,fuel=100.00
1779166740.656,0x300,8,11 9D D6 B8 EA 81 33 D0,temp=57.00
1779166740.752,0x100,8,15 3E 2F CF 55 3B BD 26,speed=21.00
1779166740.844,0x200,8,60 64 BC B0 20 F4 CE 62,fuel=100.00
1779166740.937,0x300,8,11 52 B7 7F DF 83 34 DB,temp=57.00
1779166741.031,0x100,8,15 1D 85 D6 69 7F E1 64,speed=21.00
1779166741.124,0x200,8,0A 64 54 A6 CE 16 94 68,fuel=100.00
1779166741.218,0x300,8,11 E1 D9 A3 22 65 7C FB,temp=57.00
1779166741.311,0x100,8,15 4F 69 EE F4 F0 D9 A1,speed=21.00
1779166741.403,0x200,8,F0 64 E7 85 01 F2 29 D3,fuel=100.00
1779166741.494,0x300,8,11 6C 58 B0 74 31 15 D1,temp=57.00
1779166741.586,0x100,8,15 9C F6 B8 DA EE CE 85,speed=21.00
1779166741.694,0x200,8,A6 64 87 5A 9C 47 78 53,fuel=100.00
1779166741.788,0x300,8,11 BA 26 95 7E 8E D6 BC,temp=57.00
1779166741.878,0x100,8,15 24 79 C3 55 F6 46 4C,speed=21.00
1779166741.966,0x200,8,C6 64 49 B6 9C 0A DA FF,fuel=100.00
1779166742.064,0x300,8,11 31 AA B7 1E C5 C2 23,temp=57.00
1779166742.158,0x100,8,15 20 90 91 E6 DE 26 3E,speed=21.00
1779166742.251,0x200,8,2F 64 75 59 28 B9 48 C1,fuel=100.00
1779166742.341,0x300,8,11 39 93 F6 3B 1E B7 00,temp=57.00
1779166742.433,0x100,8,15 D2 FA 98 74 AD 85 20,speed=21.00
1779166742.526,0x200,8,3B 64 D1 37 39 D8 4F A8,fuel=100.00
1779166742.618,0x300,8,11 8A 76 94 F5 3B 1A ED,temp=57.00
1779166742.712,0x100,8,15 58 47 D1 50 92 64 A7,speed=21.00
1779166742.808,0x200,8,77 64 F1 79 47 C9 19 EF,fuel=100.00
1779166742.900,0x300,8,11 96 8F CE 3E 75 9A 09,temp=57.00
1779166742.993,0x100,8,15 81 E5 06 15 23 B1 5E,speed=21.00
1779166743.088,0x200,8,43 64 06 CD 95 8D 6D 62,fuel=100.00
1779166743.181,0x300,8,11 D9 9E 05 9E B3 A4 7B,temp=57.00
1779166743.286,0x100,8,15 C7 FF 81 3F 4D C4 DC,speed=21.00
1779166743.381,0x200,8,8E 64 EC 39 40 FC 51 E6,fuel=100.00
1779166743.476,0x300,8,11 10 B4 44 B7 4B AC 2B,temp=57.00
1779166743.567,0x100,8,15 E8 46 15 6A CE 1B 71,speed=21.00
1779166743.662,0x200,8,6F 64 5C 35 58 18 BA 5F,fuel=100.00
1779166743.755,0x300,8,11 6A 1A DB 15 DE 02 1C,temp=57.00
1779166743.846,0x100,8,15 63 BD CF DE 07 60 F2,speed=21.00
1779166743.939,0x200,8,85 64 78 C0 0F E2 7F E3,fuel=100.00
1779166744.038,0x300,8,11 75 49 8A A0 10 51 EA,temp=57.00
1779166744.127,0x100,8,15 CD 0D 31 11 BD 76 C5,speed=21.00
1779166744.223,0x200,8,0A 64 41 86 D2 DF EA BA,fuel=100.00
1779166744.315,0x300,8,11 CD 63 B6 C4 DC A3 55,temp=57.00
1779166744.409,0x100,8,15 40 C7 B3 74 59 A0 7A,speed=21.00
1779166744.502,0x200,8,6F 64 22 7B 1C CA 84 EB,fuel=100.00
1779166744.597,0x300,8,11 C2 34 39 DF 91 AF 86,temp=57.00
1779166744.691,0x100,8,15 68 A2 0C AB 73 4B DA,speed=21.00
1779166744.783,0x200,8,B0 64 80 87 E1 D8 05 D7,fuel=100.00
1779166744.876,0x300,8,11 BF 87 0C 83 61 81 EF,temp=57.00
1779166744.964,0x100,8,15 73 04 C8 F9 50 C7 70,speed=21.00
1779166745.061,0x200,8,BA 64 8D 5B 7D B2 50 4E,fuel=100.00
1779166745.155,0x300,8,11 39 1C 67 95 A4 1D B1,temp=57.00
1779166745.245,0x100,8,15 01 18 DD 16 9D 95 65,speed=21.00
1779166745.339,0x200,8,A9 64 BF 14 8B 19 13 DE,fuel=100.00
1779166745.431,0x300,8,11 09 70 42 EE E1 23 9C,temp=57.00
1779166745.525,0x100,8,15 D4 32 8D F8 65 B8 CC,speed=21.00
1779166745.619,0x200,8,64 64 D3 CC EA F0 E4 63,fuel=100.00
1779166745.713,0x300,8,11 0D 50 E7 85 EC AB 94,temp=57.00
1779166745.805,0x100,8,15 BE 75 6B F8 F3 51 15,speed=21.00
1779166745.913,0x200,8,81 64 20 B2 7A E3 92 2C,fuel=100.00
1779166746.007,0x300,8,11 75 3E FC 73 8E 47 7F,temp=57.00
1779166746.097,0x100,8,15 66 99 3B 1B FE 91 77,speed=21.00
1779166746.191,0x200,8,3F 64 B4 7A 03 71 66 F0,fuel=100.00
1779166746.285,0x300,8,11 06 AD D6 5D FE 8C 30,temp=57.00
1779166746.379,0x100,8,15 5D C6 FF 6A C0 EA BB,speed=21.00
1779166746.472,0x200,8,12 64 38 E6 C5 E0 A8 BC,fuel=100.00
1779166746.565,0x300,8,11 05 64 03 7D 8C D1 29,temp=57.00
1779166746.657,0x100,8,15 1A BE D0 DC DC B4 01,speed=21.00
1779166746.751,0x200,8,47 64 7D 55 40 38 1F FC,fuel=100.00
1779166746.847,0x300,8,11 72 24 B5 8B 48 0D 1D,temp=57.00
1779166746.938,0x100,8,15 89 67 F5 11 4E C7 10,speed=21.00
1779166747.030,0x200,8,EA 64 77 7E 6B D6 4E 77,fuel=100.00
1779166747.127,0x300,8,11 D5 37 FC 8B 56 D3 65,temp=57.00
1779166747.218,0x100,8,15 C0 D9 DD 39 17 5E 56,speed=21.00
1779166747.312,0x200,8,03 64 ED 6E 03 C2 F6 C1,fuel=100.00
1779166747.404,0x300,8,11 FF 66 31 1B E0 11 77,temp=57.00
1779166747.496,0x100,8,15 28 97 0A 4D 7D 6C D6,speed=21.00
1779166747.590,0x200,8,72 64 8D EC 6A 50 8A 10,fuel=100.00
1779166747.686,0x300,8,11 7D A4 78 4A B9 33 0F,temp=57.00
1779166747.781,0x100,8,15 EB DC B7 E2 94 A2 53,speed=21.00
1779166747.875,0x200,8,1A 64 81 4B D4 43 5A 72,fuel=100.00
1779166747.970,0x300,8,11 BD 57 A5 BE 88 AA 14,temp=57.00
1779166748.066,0x100,8,15 59 90 07 08 2B 79 3D,speed=21.00
1779166748.153,0x200,8,D9 64 CB 33 24 44 2E 84,fuel=100.00
1779166748.248,0x300,8,11 5D 07 5B 71 98 70 0F,temp=57.00
1779166748.342,0x100,8,15 AF 00 71 54 04 B9 42,speed=21.00
1779166748.437,0x200,8,28 64 CD 91 FA C7 ED F6,fuel=100.00
1779166748.527,0x300,8,11 00 9F 03 73 EA 66 27,temp=57.00
1779166748.623,0x100,8,15 08 9F DF 2D 48 42 B6,speed=21.00
1779166748.715,0x200,8,CC 64 99 F3 07 ED 75 28,fuel=100.00
1779166748.809,0x300,8,11 49 5D B9 49 BD 2C C4,temp=57.00
1779166748.903,0x100,8,15 16 77 27 2D C0 69 00,speed=21.00
1779166748.994,0x200,8,EC 64 65 8E C3 8A F1 B2,fuel=100.00
1779166749.087,0x300,8,11 FC 29 AA 5A A6 1C 69,temp=57.00
1779166749.194,0x100,8,15 65 B2 C4 00 EA 9D 11,speed=21.00
1779166749.287,0x200,8,46 64 CA 88 91 21 C8 C8,fuel=100.00
1779166749.383,0x300,8,11 51 89 E5 5E 66 81 66,temp=57.00
1779166749.475,0x100,8,15 8B 70 E0 90 0B 99 C6,speed=21.00
1779166749.568,0x200,8,CC 64 8F E0 E8 39 4C D6,fuel=100.00
1779166749.662,0x300,8,11 A5 F7 28 01 FD 1C C6,temp=57.00
1779166749.755,0x100,8,15 F3 F9 3E EA F4 2C AF,speed=21.00
1779166749.848,0x200,8,12 64 7C 08 8C 77 27 8C,fuel=100.00
1779166749.940,0x300,8,11 AD 99 89 E9 8F 91 F2,temp=57.00
1779166750.036,0x100,8,15 8C A8 52 6D 5D 8F 3B,speed=21.00
1779166750.127,0x200,8,08 64 09 D4 CA 8E 5C 60,fuel=100.00
1779166750.221,0x300,8,11 5C 2D E4 46 59 D1 04,temp=57.00
1779166750.312,0x100,8,15 29 7D 33 C9 AB D2 AE,speed=21.00
1779166750.403,0x200,8,8D 64 D4 02 34 DC D4 CB,fuel=100.00
1779166750.497,0x300,8,11 9B E0 B4 B3 44 D3 BD,temp=57.00
1779166750.588,0x100,8,15 FF 99 64 E4 D2 F4 A0,speed=21.00
1779166750.683,0x200,8,48 64 27 90 A2 50 1F 43,fuel=100.00
1779166750.775,0x300,8,11 1E 43 7A 41 1F 43 1D,temp=57.00
1779166750.867,0x100,8,15 07 66 CD 01 C7 F0 D1,speed=21.00
1779166750.979,0x200,8,42 64 65 E3 40 FB B6 11,fuel=100.00
1779166751.057,0x300,8,11 A0 19 30 E0 35 4C 56,temp=57.00
1779166751.151,0x100,8,15 64 CE A1 9D 4B D5 7E,speed=21.00
1779166751.256,0x200,8,6D 64 69 73 94 F7 08 5C,fuel=100.00
1779166751.351,0x300,8,11 E6 AE C9 D2 10 72 12,temp=57.00
1779166751.443,0x100,8,15 6B 59 BF 5F 22 F2 9E,speed=21.00
1779166751.536,0x200,8,1C 64 43 47 77 69 4A A3,fuel=100.00
1779166751.632,0x300,8,11 DE 71 0C 99 CD C6 4F,temp=57.00
1779166751.723,0x100,8,15 CF 64 02 FE 89 D2 AB,speed=21.00
1779166751.818,0x200,8,9C 64 6A 62 E1 5C B5 93,fuel=100.00
1779166751.911,0x300,8,11 01 34 B0 5C F9 83 9D,temp=57.00
1779166751.998,0x100,8,15 D6 11 43 74 7D AF 6E,speed=21.00
1779166752.096,0x200,8,C5 64 BB 06 7D FB 93 F2,fuel=100.00
1779166752.191,0x300,8,11 03 82 BD A8 1E 58 41,temp=57.00
1779166752.283,0x100,8,15 E8 28 72 99 B5 DD AA,speed=21.00
1779166752.374,0x200,8,E0 64 38 37 99 88 D2 E5,fuel=100.00
1779166752.478,0x300,8,11 79 A0 3B 4B 4A 6A 0F,temp=57.00
1779166752.555,0x100,8,15 69 88 C6 02 0D D8 7E,speed=21.00
1779166752.649,0x200,8,35 64 A2 D0 CC 50 81 12,fuel=100.00
1779166752.742,0x300,8,11 99 D4 A7 68 45 3B 64,temp=57.00
1779166752.836,0x100,8,15 57 6F 18 4F 3F 8E 95,speed=21.00
1779166752.935,0x200,8,6C 64 BE DB 57 F7 41 AD,fuel=100.00
1779166753.025,0x300,8,11 89 D3 7D 1A BB E0 41,temp=57.00
1779166753.117,0x100,8,15 0B C6 6B 1C 8F 17 1A,speed=21.00
1779166753.213,0x200,8,98 64 C0 95 69 BA E6 3C,fuel=100.00
1779166753.306,0x300,8,11 FD 93 0D E0 CD 36 FD,temp=57.00
1779166753.412,0x100,8,15 78 FF 82 2C B3 8C 02,speed=21.00
1779166753.507,0x200,8,70 64 C5 CE 38 74 29 C9,fuel=100.00
1779166753.599,0x300,8,11 E6 5E 43 BC 66 26 E6,temp=57.00
1779166753.692,0x100,8,15 56 98 97 2F 61 1E 0D,speed=21.00
1779166753.783,0x200,8,8D 64 5E 3F 32 79 9C 0A,fuel=100.00
1779166753.877,0x300,8,11 44 11 54 01 9E C6 5D,temp=57.00
1779166753.965,0x100,8,15 02 A5 B4 9F DC EE 44,speed=21.00
1779166754.062,0x200,8,6E 64 4B 2B BC 1A 57 CE,fuel=100.00
1779166754.156,0x300,8,11 5B 13 5B CC BD 84 03,temp=57.00
1779166754.249,0x100,8,15 25 2C DE 79 2D 4C EB,speed=21.00
1779166754.342,0x200,8,8A 64 C3 73 F9 69 A3 B9,fuel=100.00
1779166754.436,0x300,8,11 FD C4 39 60 8F 1C 2E,temp=57.00
1779166754.530,0x100,8,15 A0 6E 96 4A D4 02 7A,speed=21.00
1779166754.623,0x200,8,27 64 C3 46 4B 4D 30 9D,fuel=100.00
1779166754.719,0x300,8,11 64 B1 3B 6E 18 09 D6,temp=57.00
1779166754.813,0x100,8,15 2A 41 94 23 4D 60 89,speed=21.00
1779166754.904,0x200,8,AA 64 E3 83 76 A4 E4 23,fuel=100.00
1779166754.997,0x300,8,11 F8 1D F2 2B 7E 58 29,temp=57.00
1779166755.089,0x100,8,15 4A 14 42 4E B5 76 64,speed=21.00
1779166755.182,0x200,8,F7 64 1D 30 A3 B7 FC E2,fuel=100.00
1779166755.274,0x300,8,11 BB F6 97 54 EB 48 6C,temp=57.00
1779166755.381,0x100,8,15 98 29 0E 34 37 1B 70,speed=21.00
1779166755.474,0x200,8,F6 64 18 02 38 A4 44 FE,fuel=100.00
1779166755.567,0x300,8,11 C9 71 DB C3 70 66 C4,temp=57.00
1779166755.659,0x100,8,15 FF 99 27 74 6C B0 1F,speed=21.00
1779166755.752,0x200,8,A9 64 2B 08 05 7E 53 6F,fuel=100.00
1779166755.847,0x300,8,11 A9 6E 9E 88 39 BC 14,temp=57.00
1779166755.942,0x100,8,15 93 99 33 26 A7 06 7E,speed=21.00
1779166756.034,0x200,8,69 64 37 99 C1 F3 9D D2,fuel=100.00
1779166756.130,0x300,8,11 90 BD 09 DF 61 B1 7F,temp=57.00
1779166756.222,0x100,8,15 7C 88 B8 57 20 ED 3C,speed=21.00
1779166756.318,0x200,8,00 64 04 5E 43 2C B1 AF,fuel=100.00
1779166756.408,0x300,8,11 22 E2 C5 33 E0 C0 CB,temp=57.00
1779166756.495,0x100,8,15 75 F7 DD BC 1F F9 B3,speed=21.00
1779166756.587,0x200,8,B0 64 78 21 DA 76 12 6D,fuel=100.00
1779166756.690,0x300,8,11 5C 41 90 20 05 56 B6,temp=57.00
1779166756.783,0x100,8,15 CF 94 92 47 1A 0E C7,speed=21.00
1779166756.876,0x200,8,F9 64 39 16 92 73 29 73,fuel=100.00
1779166756.969,0x300,8,11 F4 9D 5D 57 DF 21 39,temp=57.00
1779166757.062,0x100,8,15 19 2E E5 8C 87 04 25,speed=21.00
1779166757.156,0x200,8,9E 64 37 D9 ED 1C EA 00,fuel=100.00
1779166757.245,0x300,8,11 06 C8 D2 B7 5E 89 92,temp=57.00
1779166757.343,0x100,8,15 E1 6C F2 B1 CD 96 A3,speed=21.00
1779166757.436,0x200,8,8B 64 C0 74 F9 87 DC CE,fuel=100.00
1779166757.528,0x300,8,11 E2 F7 B5 D9 32 01 B6,temp=57.00
1779166757.671,0x100,8,15 AD F0 F9 59 48 E9 87,speed=21.00
1779166757.762,0x200,8,EE 64 88 2F 79 ED 81 FB,fuel=100.00
1779166757.860,0x300,8,11 A7 83 51 46 36 EB 08,temp=57.00
1779166757.949,0x100,8,15 B9 09 1B EE 02 8E 9E,speed=21.00
1779166758.044,0x200,8,35 64 EB 46 E5 FE C7 83,fuel=100.00
1779166758.134,0x300,8,11 B3 D7 D6 C5 0C 28 DE,temp=57.00
1779166758.227,0x100,8,15 63 F2 B6 62 98 1E 06,speed=21.00
1779166758.321,0x200,8,DF 64 02 F4 92 66 0C DE,fuel=100.00
1779166758.415,0x300,8,11 CF 63 D1 E1 7B D3 ED,temp=57.00
1779166758.508,0x100,8,15 8C D8 AF 2A F2 3E 19,speed=21.00
1779166758.601,0x200,8,7A 64 27 1E 66 EE 83 5B,fuel=100.00
1779166758.712,0x300,8,11 74 D3 62 20 B7 FC 26,temp=57.00
1779166758.790,0x100,8,15 49 BA 3E F6 73 EB 51,speed=21.00
1779166758.897,0x200,8,35 64 24 F0 11 93 5B F1,fuel=100.00
1779166758.985,0x300,8,11 D3 30 76 1C DC 68 90,temp=57.00
1779166759.084,0x100,8,15 3C D6 49 75 A9 53 F2,speed=21.00
1779166759.180,0x200,8,D2 64 E8 30 1E BF EC A6,fuel=100.00
1779166759.273,0x300,8,11 C4 D3 A7 0C B9 94 49,temp=57.00
1779166759.365,0x100,8,15 A0 21 E6 5C 10 11 77,speed=21.00
1779166759.457,0x200,8,49 64 17 EA 77 34 A8 BB,fuel=100.00
1779166759.552,0x300,8,11 2F 14 1D DD 28 F9 41,temp=57.00
1779166759.645,0x100,8,15 D0 C2 CB 22 EC 6D A3,speed=21.00
1779166759.737,0x200,8,23 64 0B 15 3A E7 80 3F,fuel=100.00
1779166759.830,0x300,8,11 68 33 DA D7 70 85 C6,temp=57.00
1779166759.924,0x100,8,15 0B CB 7D 6B 3B 54 3F,speed=21.00
1779166760.016,0x200,8,EB 64 8D 54 8B EA 55 F5,fuel=100.00
1779166760.114,0x300,8,11 8A 89 01 5D A9 27 8F,temp=57.00
1779166760.204,0x100,8,15 5B 13 75 8C 68 80 08,speed=21.00
1779166760.361,0x200,8,77 64 7B 79 1B CB 78 31,fuel=100.00
1779166760.666,0x300,8,11 68 65 F0 45 9B 6D D1,temp=57.00
1779166760.759,0x100,8,15 5E 34 73 DD D6 CD 92,speed=21.00
1779166760.872,0x200,8,FE 64 3D 9D 04 9E 6B 5C,fuel=100.00
1779166760.947,0x300,8,11 57 1D 00 17 26 E0 A7,temp=57.00
1779166761.044,0x100,8,15 FC 15 58 92 75 12 6F,speed=21.00
1779166761.138,0x200,8,03 64 4D BF 25 6A 87 B6,fuel=100.00
1779166761.231,0x300,8,11 66 92 89 E8 8E D7 17,temp=57.00
1779166761.324,0x100,8,15 F9 6B 83 DE 90 50 34,speed=21.00
1779166761.415,0x200,8,19 64 8E 63 E1 F1 34 6C,fuel=100.00
1779166761.522,0x300,8,11 A2 E1 26 1B 18 0B 41,temp=57.00
1779166761.614,0x100,8,15 B8 0D 97 32 17 CE 0D,speed=21.00
1779166761.708,0x200,8,31 64 69 87 45 47 71 FE,fuel=100.00
1779166761.805,0x300,8,11 60 6B F3 BC 12 27 FB,temp=57.00
1779166761.897,0x100,8,15 55 8F 1F 1D A6 33 64,speed=21.00
1779166761.995,0x200,8,01 64 9B 00 72 46 9C 8D,fuel=100.00
1779166762.070,0x300,8,11 50 B6 9D 98 E1 B3 B9,temp=57.00
1779166762.165,0x100,8,15 D2 21 DC AC C5 F5 F4,speed=21.00
1779166762.259,0x200,8,87 64 06 05 62 A6 30 6E,fuel=100.00
1779166762.363,0x300,8,11 A5 BF 7E 30 6F B6 E3,temp=57.00
1779166762.457,0x100,8,15 0C E8 FE A6 6F FF 2D,speed=21.00
1779166762.552,0x200,8,3C 64 9B 1D A9 FD AE 18,fuel=100.00
1779166762.646,0x300,8,11 46 31 C9 F7 3A 93 99,temp=57.00
1779166762.726,0x100,8,15 65 BC 26 1D DA 47 B8,speed=21.00
1779166762.821,0x200,8,C3 64 D2 72 E4 E2 90 FD,fuel=100.00
1779166762.915,0x300,8,11 DC 82 B2 9B 2A 71 33,temp=57.00
1779166763.010,0x100,8,15 87 C8 47 77 3C B4 FE,speed=21.00
1779166763.103,0x200,8,08 64 83 42 66 35 A8 F0,fuel=100.00
1779166763.198,0x300,8,11 77 26 34 30 34 B3 E1,temp=57.00
1779166763.292,0x100,8,15 BB 97 19 D1 AB DB 94,speed=21.00
1779166763.387,0x200,8,64 64 BC 73 E3 11 9A C3,fuel=100.00
1779166763.476,0x300,8,11 9D 38 A2 05 3B D3 64,temp=57.00
1779166763.577,0x100,8,15 6D 73 48 DC C3 DB D1,speed=21.00
1779166763.672,0x200,8,52 64 12 DF 78 7E 12 B2,fuel=100.00
1779166763.759,0x300,8,11 54 1C 64 2C 52 C6 D8,temp=57.00
1779166763.860,0x100,8,15 5A EA 58 AE 1B 6F 99,speed=21.00
1779166763.954,0x200,8,72 64 94 8A F5 6C C0 8A,fuel=100.00
1779166764.049,0x300,8,11 67 32 4E 26 CA A8 37,temp=57.00
1779166764.169,0x100,8,15 CA DF 43 85 D1 A2 83,speed=21.00
1779166764.271,0x200,8,BE 64 79 CC 87 FA 41 11,fuel=100.00
1779166764.365,0x300,8,11 D8 AE 58 57 7F 7F 88,temp=57.00
1779166764.454,0x100,8,15 33 37 1C D8 8D 40 48,speed=21.00
1779166764.538,0x200,8,2E 64 97 20 9C 72 33 86,fuel=100.00
1779166764.633,0x300,8,11 B4 38 29 C3 CC DF 3F,temp=57.00
1779166764.728,0x100,8,15 57 2F AE 8E 26 29 23,speed=21.00
1779166764.823,0x200,8,51 64 51 D3 B2 2C 69 00,fuel=100.00
1779166764.918,0x300,8,11 FF B6 AB 3B 4C D6 37,temp=57.00
1779166765.013,0x100,8,15 88 9D 70 FF A3 DB 9C,speed=21.00
1779166765.107,0x200,8,27 64 2B 87 9B 66 E8 A4,fuel=100.00
1779166765.202,0x300,8,11 07 5F 9F 38 32 94 79,temp=57.00
1779166765.296,0x100,8,15 29 EB B2 1A 45 83 63,speed=21.00
