timestamp_s,can_id_hex,dlc,data_hex,signals_json
1779095265.745,0x100,8,21 F5 A0 16 89 0E 3E 0B,speed=33.00
1779095265.831,0x200,8,B4 64 1D E2 14 DD 07 66,fuel=100.00
1779095265.923,0x300,8,1A 09 1B E5 78 BC B2 4D,temp=66.00
1779095266.020,0x100,8,26 D9 B1 4E 9D 78 86 33,speed=38.00
1779095266.114,0x200,8,FD 64 84 7B 66 C6 E0 93,fuel=100.00
1779095266.215,0x300,8,1E E2 0B 74 F7 D4 47 85,temp=70.00
1779095266.296,0x100,8,26 32 D9 5A A3 1E 65 73,speed=38.00
1779095266.395,0x200,8,C4 64 F1 BA D8 67 19 CA,fuel=100.00
1779095266.479,0x300,8,1E 82 1C 6F 0C 17 06 D8,temp=70.00
1779095266.572,0x100,8,26 7D D3 60 6C 10 DF E0,speed=38.00
1779095266.684,0x200,8,B6 64 F8 95 5F 5A 7D 81,fuel=100.00
1779095266.783,0x300,8,1E 60 42 DF 7A 11 4B 42,temp=70.00
1779095266.867,0x100,8,26 7E F3 B2 11 33 AD F3,speed=38.00
1779095266.972,0x200,8,F8 64 84 7F 9A 0E 69 19,fuel=100.00
1779095267.060,0x300,8,22 79 B8 ED 01 6A AD 6B,temp=74.00
1779095267.155,0x100,8,2B DB F0 56 C7 22 F8 D6,speed=43.00
1779095267.227,0x200,8,52 64 FF 7C 99 5D 66 57,fuel=100.00
1779095267.338,0x300,8,22 B7 34 47 A8 B9 A6 FE,temp=74.00
1779095267.418,0x100,8,2B 0B 9B 82 31 A3 19 4B,speed=43.00
1779095267.512,0x200,8,E8 64 BB A0 EA 93 F8 30,fuel=100.00
1779095267.611,0x300,8,22 12 9F A1 19 1E F6 C0,temp=74.00
1779095267.703,0x100,8,2B 55 FD AC C1 5A 1F 21,speed=43.00
1779095267.790,0x200,8,47 64 D9 44 A8 8C 7D 88,fuel=100.00
1779095267.884,0x300,8,22 F0 4B 1B 56 55 85 58,temp=74.00
1779095268.143,0x100,8,2B 59 E3 DF 38 2B 30 87,speed=43.00
1779095268.167,0x200,8,08 64 F6 30 D6 DF 28 2D,fuel=100.00
1779095268.258,0x300,8,25 06 C5 3D EC 1E 9A 0F,temp=77.00
1779095268.357,0x100,8,2F 51 5B DD 9F CC 1A 78,speed=47.00
1779095268.450,0x200,8,B4 64 88 28 B4 4B 52 58,fuel=100.00
1779095268.539,0x300,8,25 CE 92 3F 2C B8 1C 40,temp=77.00
1779095268.634,0x100,8,2F B2 63 01 01 AB D3 F4,speed=47.00
1779095268.730,0x200,8,63 64 3D BC C8 82 87 41,fuel=100.00
1779095268.823,0x300,8,25 AD 89 1D 44 46 A4 ED,temp=77.00
1779095268.915,0x100,8,2F 73 24 58 6A 06 30 F2,speed=47.00
1779095269.023,0x200,8,30 64 6B 32 93 08 67 6D,fuel=100.00
1779095269.107,0x300,8,28 04 2B 9E 4F E8 A7 F1,temp=80.00
1779095269.196,0x100,8,32 31 F3 E0 3E 4A 0A BB,speed=50.00
1779095269.303,0x200,8,EB 64 3D 05 59 DA 11 B4,fuel=100.00
1779095269.386,0x300,8,28 10 97 32 EE AE B5 21,temp=80.00
1779095269.483,0x100,8,32 92 72 37 4B 40 56 DB,speed=50.00
1779095269.574,0x200,8,D5 64 0A 70 14 A7 3C 1C,fuel=100.00
1779095269.673,0x300,8,28 BB 61 54 A8 F3 6E 33,temp=80.00
1779095269.767,0x100,8,32 15 59 0D D7 27 D7 F2,speed=50.00
1779095269.858,0x200,8,D5 64 39 96 F9 8D A4 AC,fuel=100.00
1779095269.946,0x300,8,28 25 B4 F9 AA 5A 4C 3D,temp=80.00
1779095270.041,0x100,8,36 83 DC 3E 7C A0 7D 68,speed=54.00
1779095270.138,0x200,8,04 64 D0 1F 03 CF 56 35,fuel=100.00
1779095270.244,0x300,8,2A D1 61 1B 94 8F BE E8,temp=82.00
1779095270.328,0x100,8,36 E3 53 FF 78 E0 BA 99,speed=54.00
1779095270.424,0x200,8,64 64 03 DD F8 B2 FE AA,fuel=100.00
1779095270.507,0x300,8,2A 98 B4 B5 A3 B7 87 1A,temp=82.00
1779095270.608,0x100,8,36 C7 7C 81 8F 52 CA 4E,speed=54.00
1779095270.705,0x200,8,DC 64 C0 5F 9F A4 E9 04,fuel=100.00
1779095270.794,0x300,8,2A 5B CA B0 F4 CD 61 67,temp=82.00
1779095270.884,0x100,8,36 6B F3 B8 70 BD FD F4,speed=54.00
1779095270.977,0x200,8,6B 64 CC 95 82 AB 3E F8,fuel=100.00
1779095271.073,0x300,8,2C 0B 4A 8C E1 7C 47 7E,temp=84.00
1779095271.192,0x100,8,39 9A 9C A1 8F 12 1C C9,speed=57.00
1779095271.259,0x200,8,90 64 86 8B 4C 43 AF 36,fuel=100.00
1779095271.359,0x300,8,2C 9D B9 DB 7A 02 F1 F4,temp=84.00
1779095271.451,0x100,8,39 94 7E 33 58 5E 5C B6,speed=57.00
1779095271.541,0x200,8,06 64 FB 7A 42 3D B7 B2,fuel=100.00
1779095271.640,0x300,8,2C 05 27 92 1A CA 4F 6D,temp=84.00
1779095271.735,0x100,8,39 C9 53 A5 D0 BF EC 4D,speed=57.00
1779095271.820,0x200,8,B4 64 24 93 24 49 7E 41,fuel=100.00
1779095271.922,0x300,8,2C B5 B4 FE 23 5B 8C 66,temp=84.00
1779095272.010,0x100,8,39 B1 00 D2 8F 99 8F FB,speed=57.00
1779095272.114,0x200,8,13 64 F6 E8 0D 47 C2 B0,fuel=100.00
1779095272.202,0x300,8,2E F8 0D 01 FC A9 FD BB,temp=86.00
1779095272.313,0x100,8,3B 3D 5C CA 3E F3 F8 8C,speed=59.00
1779095272.396,0x200,8,2F 64 52 EF DD 8E 88 49,fuel=100.00
1779095272.490,0x300,8,2E E7 FB D6 17 AE 9F 89,temp=86.00
1779095272.570,0x100,8,3B F5 BE EB 3B F4 54 38,speed=59.00
1779095272.673,0x200,8,DA 64 27 8E 7A D8 3B A3,fuel=100.00
1779095272.763,0x300,8,2E ED 8B 26 D1 55 5E 40,temp=86.00
1779095272.858,0x100,8,3B 23 10 73 EB 19 D2 95,speed=59.00
1779095272.949,0x200,8,7F 64 C7 46 A1 79 72 3E,fuel=100.00
1779095273.044,0x300,8,30 A0 A2 D7 F0 F0 8B 3B,temp=88.00
1779095273.141,0x100,8,3E 2F AB 5B CA 86 58 6A,speed=62.00
1779095273.241,0x200,8,1D 64 40 45 5B F6 22 FB,fuel=100.00
1779095273.324,0x300,8,30 75 EE B0 AA 58 7E 62,temp=88.00
1779095273.423,0x100,8,3E 1C FF E6 81 14 E9 AF,speed=62.00
1779095273.513,0x200,8,36 64 09 B4 DD 92 E7 51,fuel=100.00
1779095273.647,0x300,8,30 41 B3 C2 B9 05 13 9D,temp=88.00
1779095273.708,0x100,8,3E B9 C8 70 47 9B 82 FA,speed=62.00
1779095273.800,0x200,8,10 64 87 18 9A 04 02 ED,fuel=100.00
1779095273.883,0x300,8,30 DB B1 06 E3 48 DE 18,temp=88.00
1779095274.047,0x100,8,40 88 B1 B2 8D FF AB 70,speed=64.00
1779095274.076,0x200,8,AC 64 4B 0D 45 4B 4A 62,fuel=100.00
1779095274.181,0x300,8,32 B5 E7 9D D6 BD 29 B2,temp=90.00
1779095274.285,0x100,8,40 C0 75 76 7B 27 16 C6,speed=64.00
1779095274.372,0x200,8,E2 64 1E 9A 35 0E 84 94,fuel=100.00
1779095274.451,0x300,8,32 59 CC D6 2A 63 6B 47,temp=90.00
1779095274.542,0x100,8,40 DE DE 0A ED 5D BF F7,speed=64.00
1779095274.667,0x200,8,B6 64 D1 F7 62 66 CE EA,fuel=100.00
1779095274.729,0x300,8,32 23 63 F3 EA 8D 67 B2,temp=90.00
1779095274.820,0x100,8,40 D5 95 1D 66 0F 13 70,speed=64.00
1779095274.924,0x200,8,AB 64 72 56 94 EC A2 7C,fuel=100.00
1779095275.012,0x300,8,32 70 22 3B 48 F4 87 CA,temp=90.00
1779095275.107,0x100,8,42 9E 20 C0 75 47 F8 8C,speed=66.00
1779095275.205,0x200,8,A7 64 A1 EC 2E E1 31 59,fuel=100.00
1779095275.291,0x300,8,34 8E 2D 76 F5 95 13 DA,temp=92.00
1779095275.386,0x100,8,42 F0 B0 16 E3 36 3A 52,speed=66.00
1779095275.495,0x200,8,85 64 7C 47 90 4A 31 DD,fuel=100.00
1779095275.571,0x300,8,34 BD 13 EE 40 FF 04 4F,temp=92.00
1779095275.665,0x100,8,42 62 87 23 80 D1 3F 98,speed=66.00
1779095275.761,0x200,8,B4 64 CB 2D F4 16 D3 58,fuel=100.00
1779095275.857,0x300,8,34 09 B8 8F CC E4 F6 63,temp=92.00
1779095275.946,0x100,8,42 39 2D 05 D0 79 33 2A,speed=66.00
1779095276.044,0x200,8,7C 64 B4 7E F7 03 B8 6D,fuel=100.00
1779095276.138,0x300,8,35 99 12 03 8C 38 31 11,temp=93.00
1779095276.241,0x100,8,44 2A 2A A1 A8 FF DF D2,speed=68.00
1779095276.327,0x200,8,34 64 EB CC 51 5F 97 C0,fuel=100.00
1779095276.429,0x300,8,35 88 6E B0 61 B8 B7 88,temp=93.00
1779095276.513,0x100,8,44 C0 34 72 83 17 7A FF,speed=68.00
1779095276.623,0x200,8,B7 64 70 98 19 5A B9 5D,fuel=100.00
1779095276.698,0x300,8,35 5C 9B C2 67 96 12 9D,temp=93.00
1779095276.796,0x100,8,44 CA 94 1E 9E F0 AA A6,speed=68.00
1779095276.890,0x200,8,05 64 B5 BF 92 60 E2 89,fuel=100.00
1779095276.980,0x300,8,35 9B 71 C7 65 AE 43 58,temp=93.00
1779095277.077,0x100,8,46 D5 BE 89 56 8C B5 F6,speed=70.00
1779095277.181,0x200,8,ED 64 E9 BD EE 5B 7E 3E,fuel=100.00
1779095277.257,0x300,8,36 E5 06 04 D4 43 90 A8,temp=94.00
1779095277.354,0x100,8,46 33 FE 6F 5B 50 85 49,speed=70.00
1779095277.470,0x200,8,25 64 B2 63 BA 2D C6 D8,fuel=100.00
1779095277.541,0x300,8,36 8A D6 71 F3 71 DE D2,temp=94.00
1779095277.637,0x100,8,46 E6 6C 44 7F 01 4E DD,speed=70.00
1779095277.734,0x200,8,C2 64 A0 A9 08 F5 5C 65,fuel=100.00
1779095277.834,0x300,8,36 41 DC 3E F8 6C FE 31,temp=94.00
1779095277.914,0x100,8,46 AE A4 30 99 07 B6 6B,speed=70.00
1779095278.016,0x200,8,5E 64 98 9B 64 EF 84 4D,fuel=100.00
1779095278.174,0x300,8,37 34 9A 85 58 31 EE D2,temp=95.00
1779095278.213,0x100,8,47 92 1E 8F 25 7E 05 41,speed=71.00
1779095278.302,0x200,8,6C 64 C4 07 65 E2 02 6F,fuel=100.00
1779095278.386,0x300,8,37 F6 C2 4A EC 2B B7 9A,temp=95.00
1779095278.490,0x100,8,47 73 01 65 94 E6 E2 5A,speed=71.00
1779095278.570,0x200,8,01 64 2C C8 3D 10 84 3B,fuel=100.00
1779095278.670,0x300,8,37 5C 06 04 22 35 B9 14,temp=95.00
1779095278.757,0x100,8,47 01 C0 2D DC CA BF B9,speed=71.00
1779095278.857,0x200,8,18 64 0B 7D 65 0D B5 A4,fuel=100.00
1779095278.945,0x300,8,37 7C A8 FF E8 86 B7 77,temp=95.00
1779095279.044,0x100,8,48 B8 07 E8 1A 16 A1 96,speed=72.00
1779095279.136,0x200,8,A0 64 9E BD 7B C4 FA BF,fuel=100.00
1779095279.227,0x300,8,38 AB E0 94 FC 2C 14 9E,temp=96.00
1779095279.321,0x100,8,48 C6 AF A2 C4 39 0F 38,speed=72.00
1779095279.424,0x200,8,4B 64 6D 1A DE 7A 91 C0,fuel=100.00
1779095279.512,0x300,8,38 86 0E AF 92 D5 AD 05,temp=96.00
1779095279.649,0x100,8,48 85 9D EB 61 40 48 E4,speed=72.00
1779095279.700,0x200,8,C2 64 4D E7 B3 91 63 6F,fuel=100.00
1779095279.790,0x300,8,38 2D 4F BB 86 30 39 FE,temp=96.00
1779095279.883,0x100,8,48 32 EE EC A3 3E EE E4,speed=72.00
1779095279.978,0x200,8,39 64 0A 92 28 3B CB D7,fuel=100.00
1779095280.071,0x300,8,39 6B C1 A9 2A 08 9E 5C,temp=97.00
1779095280.193,0x100,8,49 29 A6 18 84 47 1F F3,speed=73.00
1779095280.279,0x200,8,F8 64 17 F1 EC 4C 1C 3F,fuel=100.00
1779095280.374,0x300,8,39 DE 9E 50 A1 8B BE 3A,temp=97.00
1779095280.465,0x100,8,49 CD 3F A2 D5 FB 65 05,speed=73.00
1779095280.603,0x200,8,47 64 5E 39 45 63 A4 B3,fuel=100.00
1779095280.653,0x300,8,39 8B 67 33 C7 8C 22 87,temp=97.00
1779095280.745,0x100,8,49 F0 FD 0A D0 64 21 82,speed=73.00
1779095280.848,0x200,8,A6 64 BF F4 78 32 C1 EB,fuel=100.00
1779095280.933,0x300,8,39 A8 F4 2B 0F DB AB 68,temp=97.00
1779095281.030,0x100,8,49 8C D6 20 27 1F AE 04,speed=73.00
1779095281.123,0x200,8,A6 64 60 E2 5C 7D 86 3C,fuel=100.00
1779095281.224,0x300,8,3A 52 27 80 31 66 C0 D2,temp=98.00
1779095281.307,0x100,8,4A F1 8F 4A 9E 16 1F 6A,speed=74.00
1779095281.402,0x200,8,40 64 27 9F F9 3F 57 BC,fuel=100.00
1779095281.496,0x300,8,3A 01 4A 81 D7 ED EF 75,temp=98.00
1779095281.590,0x100,8,4A 9A BF EF DE B2 EA 1B,speed=74.00
1779095281.698,0x200,8,80 64 D4 0B 8A 01 CB EB,fuel=100.00
1779095281.787,0x300,8,3A 10 36 D5 15 FC 2A EA,temp=98.00
1779095281.868,0x100,8,4A 04 AC 4B C8 C2 34 0A,speed=74.00
1779095281.961,0x200,8,DC 64 33 B7 DB 64 8E 5D,fuel=100.00
1779095282.059,0x300,8,39 E6 3F A5 00 71 CE CC,temp=97.00
1779095282.211,0x100,8,4A 6B 7B 4D C2 0E 40 64,speed=74.00
1779095282.248,0x200,8,E0 64 18 C2 BC 49 20 DB,fuel=100.00
1779095282.346,0x300,8,39 05 F4 1A 92 15 93 0B,temp=97.00
1779095282.441,0x100,8,4A E3 BE 1C C2 FF FC 8D,speed=74.00
1779095282.532,0x200,8,8B 64 CA 5F B8 10 9D C5,fuel=100.00
1779095282.633,0x300,8,39 A9 83 AD 7A 95 F3 9D,temp=97.00
1779095282.753,0x100,8,4A 69 6A B3 7F CA 3A BF,speed=74.00
1779095282.816,0x200,8,00 64 3E BD E2 6F 50 93,fuel=100.00
1779095282.909,0x300,8,39 F1 FC 03 B0 88 9D 70,temp=97.00
1779095282.992,0x100,8,4A 07 63 CA EB 79 DE F5,speed=74.00
1779095283.217,0x200,8,C0 64 B5 A1 AA 23 D8 8B,fuel=100.00
1779095283.282,0x300,8,38 1E 0E EA 8A 03 91 CC,temp=96.00
1779095283.371,0x100,8,48 D5 45 1B 9C 27 95 FD,speed=72.00
1779095283.473,0x200,8,AB 64 96 F0 8F 93 76 38,fuel=100.00
1779095283.561,0x300,8,38 8B FB 0D 3C 9F 05 4D,temp=96.00
1779095283.679,0x100,8,48 96 FB 0B A6 2C 33 CE,speed=72.00
1779095283.757,0x200,8,D0 64 CE FA 71 6A 7B EC,fuel=100.00
1779095283.848,0x300,8,38 9E 9D 11 F1 F5 D6 40,temp=96.00
1779095283.930,0x100,8,48 5A 1B 2A 8D E5 79 3C,speed=72.00
1779095284.026,0x200,8,B9 64 77 CF F9 D4 BA 5C,fuel=100.00
1779095284.118,0x300,8,36 61 2A 7E D9 3E B5 F3,temp=94.00
1779095284.229,0x100,8,46 6C 45 8A 08 11 40 C9,speed=70.00
1779095284.340,0x200,8,BE 64 07 32 4F A2 40 9B,fuel=100.00
1779095284.632,0x300,8,36 B5 70 2C 67 5D E1 1B,temp=94.00
1779095284.688,0x100,8,46 36 F7 D8 8D EF BE AC,speed=70.00
1779095284.790,0x200,8,74 64 A4 11 C0 2A A6 1A,fuel=100.00
1779095284.872,0x300,8,36 7F 65 86 BB 19 C5 BA,temp=94.00
1779095284.972,0x100,8,46 E9 D5 A4 D7 77 42 FD,speed=70.00
1779095285.056,0x200,8,4D 64 E5 07 A9 A8 6D 22,fuel=100.00
1779095285.156,0x300,8,34 B3 82 DD A4 DA F4 0B,temp=92.00
1779095285.256,0x100,8,42 2D 01 5A 1A 17 B9 83,speed=66.00
1779095285.340,0x200,8,52 64 93 63 89 97 44 35,fuel=100.00
1779095285.444,0x300,8,34 A2 81 D9 0D 13 68 BD,temp=92.00
1779095285.537,0x100,8,42 95 13 E5 D1 8A 5E 90,speed=66.00
1779095285.627,0x200,8,97 64 3A 6F BF 13 39 CA,fuel=100.00
1779095285.723,0x300,8,34 3C 4C 67 A9 61 BB D3,temp=92.00
1779095285.807,0x100,8,42 3F E0 48 17 F1 B6 BD,speed=66.00
1779095285.912,0x200,8,26 64 FC 2B B4 A7 F9 98,fuel=100.00
1779095286.006,0x300,8,34 58 E0 B1 21 E8 A2 55,temp=92.00
1779095286.090,0x100,8,3E 91 CB DD C3 C5 E0 EA,speed=62.00
1779095286.189,0x200,8,46 64 38 B4 E0 FD A6 04,fuel=100.00
1779095286.291,0x300,8,31 96 93 56 79 83 20 11,temp=89.00
1779095286.373,0x100,8,3E F3 53 D6 7B 3B 57 B3,speed=62.00
1779095286.473,0x200,8,47 64 48 CD 32 7F B1 06,fuel=100.00
1779095286.556,0x300,8,31 F6 1A 05 8F 22 89 0F,temp=89.00
1779095286.656,0x100,8,3E 72 EC 1D C3 6E 0C 7B,speed=62.00
1779095286.759,0x200,8,6A 64 85 C7 E2 0F D2 2A,fuel=100.00
1779095286.839,0x300,8,31 58 35 58 5C 03 53 9F,temp=89.00
1779095286.939,0x100,8,3E 39 2D 5D 82 E3 85 D4,speed=62.00
1779095287.027,0x200,8,AA 64 10 67 84 B3 5B 26,fuel=100.00
1779095287.123,0x300,8,2E A0 29 A4 D6 C0 27 AE,temp=86.00
1779095287.223,0x100,8,3B AF 8D 91 C9 16 A7 B0,speed=59.00
1779095287.308,0x200,8,56 64 15 49 58 41 AD 6D,fuel=100.00
1779095287.406,0x300,8,2E 92 0F 70 2F 25 61 D3,temp=86.00
1779095287.506,0x100,8,3B DD 32 4B 29 82 28 0F,speed=59.00
1779095287.590,0x200,8,DC 64 A4 1D 61 A2 96 90,fuel=100.00
1779095287.689,0x300,8,2E 25 63 9B 34 8B AC 85,temp=86.00
1779095287.790,0x100,8,3B 1B BB BE EE 30 5C FD,speed=59.00
1779095287.873,0x200,8,1F 64 53 AA 1A 58 56 D7,fuel=100.00
1779095287.972,0x300,8,2E 8B 3A 5E AC 57 5C 2E,temp=86.00
1779095288.056,0x100,8,3B E9 C3 97 6B B4 4B 83,speed=59.00
1779095288.156,0x200,8,12 64 EA C6 11 96 7A 56,fuel=100.00
1779095288.256,0x300,8,2B 90 81 56 4D 43 2B EC,temp=83.00
1779095288.339,0x100,8,37 B2 88 02 1E DF D7 7D,speed=55.00
1779095288.439,0x200,8,F9 64 B7 01 4B EB 71 2E,fuel=100.00
1779095288.540,0x300,8,2B 74 3B 91 5A 88 1A 42,temp=83.00
1779095288.623,0x100,8,37 C0 DA C4 CD 08 68 CC,speed=55.00
1779095288.723,0x200,8,51 64 1A E9 5E AB A0 DD,fuel=100.00
1779095288.806,0x300,8,2B 53 BA A7 6D A3 88 F2,temp=83.00
1779095288.906,0x100,8,37 D2 01 BB FD 4A F6 A5,speed=55.00
1779095289.006,0x200,8,80 64 C3 D1 9A 58 6A 86,fuel=100.00
1779095289.089,0x300,8,29 6E 19 39 48 85 EE 3E,temp=81.00
1779095289.189,0x100,8,34 84 FC 81 92 9E 38 E1,speed=52.00
1779095289.275,0x200,8,A6 64 5B 0E E6 EF 0E 45,fuel=100.00
1779095289.374,0x300,8,29 C4 0A DB 83 3F 16 3E,temp=81.00
1779095289.473,0x100,8,34 5C 10 68 62 03 7F D5,speed=52.00
1779095289.556,0x200,8,5F 64 C9 67 37 14 7E 6A,fuel=100.00
1779095289.656,0x300,8,29 E5 8A 53 15 EB 90 B8,temp=81.00
1779095289.758,0x100,8,34 8F D7 69 70 E7 2D 84,speed=52.00
1779095289.839,0x200,8,F3 64 88 14 27 3B B0 AC,fuel=100.00
1779095289.940,0x300,8,29 CD 31 63 E8 83 34 FF,temp=81.00
1779095290.040,0x100,8,34 AF 94 66 E6 97 47 E0,speed=52.00
1779095290.123,0x200,8,0D 64 6D DA B8 D4 7B 4C,fuel=100.00
1779095290.223,0x300,8,26 36 66 AB C5 F7 37 85,temp=78.00
1779095290.327,0x100,8,31 2B BD FE AC F3 45 80,speed=49.00
1779095290.407,0x200,8,6D 64 88 1F B2 64 EE 9C,fuel=100.00
1779095290.507,0x300,8,26 64 85 24 BA 44 FC E1,temp=78.00
1779095290.590,0x100,8,31 26 4F F2 51 CF EA 42,speed=49.00
1779095290.690,0x200,8,71 64 B8 F4 6A ED 2C 7E,fuel=100.00
1779095290.777,0x300,8,26 83 61 EF 7C 1D 98 D7,temp=78.00
1779095290.874,0x100,8,31 2F EE 79 66 4A 9D 34,speed=49.00
1779095290.974,0x200,8,7D 64 8D 54 77 18 71 78,fuel=100.00
1779095291.057,0x300,8,26 61 D1 6A B1 4A F9 8D,temp=78.00
1779095291.156,0x100,8,2E AA 01 1B 61 95 51 8D,speed=46.00
1779095291.257,0x200,8,8D 64 45 B6 D5 F9 03 05,fuel=100.00
1779095291.340,0x300,8,24 5C 74 85 8F FF A3 A5,temp=76.00
1779095291.440,0x100,8,2E B8 47 60 2F 5C 84 08,speed=46.00
1779095291.524,0x200,8,69 64 CC 3B 47 33 BF BD,fuel=100.00
1779095291.623,0x300,8,24 42 D9 1A 4A 47 C1 91,temp=76.00
1779095291.723,0x100,8,2E 8D 54 BD 89 D0 7B 9D,speed=46.00
1779095291.807,0x200,8,37 64 66 47 E9 06 2C B7,fuel=100.00
1779095291.910,0x300,8,24 55 B4 9A AA 0F 7F 71,temp=76.00
1779095292.007,0x100,8,2E 9E 7E D8 E9 EE 20 66,speed=46.00
1779095292.091,0x200,8,D2 64 A8 9D F8 8C FB 85,fuel=100.00
1779095292.191,0x300,8,23 AC 70 DB 50 A6 68 BA,temp=75.00
1779095292.281,0x100,8,2C 41 99 F5 78 C2 35 6E,speed=44.00
1779095292.374,0x200,8,A6 64 00 19 E1 6A 27 DF,fuel=100.00
1779095292.493,0x300,8,23 DC DA 87 FD FC E0 FE,temp=75.00
1779095292.559,0x100,8,2C D8 42 8A AA A9 13 2B,speed=44.00
1779095292.657,0x200,8,27 64 BC 69 A8 4D 21 6C,fuel=100.00
1779095292.757,0x300,8,23 31 84 BC 35 BB DD 44,temp=75.00
1779095292.839,0x100,8,2C BD E4 B3 FC FD 37 21,speed=44.00
1779095292.940,0x200,8,7C 64 D3 25 36 27 1C D4,fuel=100.00
1779095293.040,0x300,8,23 60 24 58 33 78 BE 58,temp=75.00
1779095293.127,0x100,8,2A E3 89 57 BE BE 8C 5D,speed=42.00
1779095293.223,0x200,8,80 64 DC 4E 50 43 3A 38,fuel=100.00
1779095293.307,0x300,8,21 ED 0E DE FF 87 67 0A,temp=73.00
1779095293.406,0x100,8,2A 3C 2C 46 E0 16 59 27,speed=42.00
1779095293.508,0x200,8,32 64 C9 A0 F4 97 47 A7,fuel=100.00
1779095293.590,0x300,8,21 2D A3 46 C3 5E 10 FA,temp=73.00
1779095293.690,0x100,8,2A 15 EA DC D7 68 E6 CD,speed=42.00
1779095293.790,0x200,8,E8 64 37 70 92 73 61 BC,fuel=100.00
1779095293.873,0x300,8,21 D4 3C B8 02 E7 D9 01,temp=73.00
1779095293.973,0x100,8,2A 22 B3 EB E4 E6 5B 4A,speed=42.00
1779095294.057,0x200,8,92 64 61 29 82 54 34 F2,fuel=100.00
1779095294.156,0x300,8,20 4F 73 2C B2 FA F4 18,temp=72.00
1779095294.256,0x100,8,28 8F E6 39 BF BC 4E C9,speed=40.00
1779095294.340,0x200,8,F0 64 DA 47 F2 BD 18 3F,fuel=100.00
1779095294.441,0x300,8,20 F5 BC 6E 2D 0B 4F 1A,temp=72.00
1779095294.527,0x100,8,28 D3 3D 46 51 7D 2C 5E,speed=40.00
1779095294.623,0x200,8,8D 64 8A 0E 5D 30 02 23,fuel=100.00
1779095294.719,0x300,8,20 D1 47 4D EF FC F7 EB,temp=72.00
1779095294.807,0x100,8,28 25 D9 B7 53 BE 3E DE,speed=40.00
1779095294.906,0x200,8,2E 64 D1 94 45 E2 3E ED,fuel=100.00
1779095295.006,0x300,8,20 C3 20 85 3E 12 50 1A,temp=72.00
1779095295.090,0x100,8,28 23 84 F8 C6 26 74 32,speed=40.00
1779095295.190,0x200,8,86 64 96 FE A1 2C E9 C1,fuel=100.00
1779095295.276,0x300,8,23 6F 5F 49 72 91 CA 2E,temp=75.00
1779095295.373,0x100,8,2C 93 78 38 57 FF 83 F5,speed=44.00
1779095295.474,0x200,8,FF 64 D4 72 F9 D2 B8 3F,fuel=100.00
1779095295.557,0x300,8,23 97 76 57 8B 7C 17 16,temp=75.00
1779095295.656,0x100,8,2C 4A 4B 76 0D CC F6 9B,speed=44.00
1779095295.761,0x200,8,C9 64 EF 70 FE C2 74 B4,fuel=100.00
1779095295.840,0x300,8,23 7A E1 81 4F EE BA D4,temp=75.00
1779095295.940,0x100,8,2C 7E 0D 8E CE 7E 87 C4,speed=44.00
1779095296.023,0x200,8,4E 64 C3 95 28 86 09 63,fuel=100.00
1779095296.123,0x300,8,26 DD D5 55 E5 9E 17 79,temp=78.00
1779095296.212,0x100,8,30 B8 F5 3A DB 55 EF 08,speed=48.00
1779095296.307,0x200,8,E4 64 9A C8 BB 3B A9 6C,fuel=100.00
1779095296.407,0x300,8,26 9F 6D 18 A7 14 22 9C,temp=78.00
1779095296.507,0x100,8,30 75 7B AB E3 26 E9 7E,speed=48.00
1779095296.591,0x200,8,C3 64 B2 2E 46 46 B3 31,fuel=100.00
1779095296.690,0x300,8,26 C3 7B 0F 4D 9B 8B 7D,temp=78.00
1779095296.782,0x100,8,30 67 CC A6 21 46 58 B5,speed=48.00
1779095296.874,0x200,8,E0 64 28 58 BD E0 D7 C4,fuel=100.00
1779095296.974,0x300,8,26 FF C1 3B A7 61 5C E1,temp=78.00
1779095297.057,0x100,8,30 16 C1 01 23 63 28 52,speed=48.00
1779095297.150,0x200,8,ED 64 DC EF C9 EB 35 D0,fuel=100.00
1779095297.257,0x300,8,29 02 5E C7 94 61 BF 9F,temp=81.00
1779095297.340,0x100,8,34 28 4A 4E 3C 4F 5F FA,speed=52.00
1779095297.441,0x200,8,0E 64 66 D8 0F B7 92 0B,fuel=100.00
1779095297.527,0x300,8,29 1F 79 B8 DA BD 07 F7,temp=81.00
1779095297.624,0x100,8,34 D4 62 9C F1 06 DF 8A,speed=52.00
1779095297.723,0x200,8,EA 64 DC E2 64 39 76 A9,fuel=100.00
1779095297.807,0x300,8,29 FF 0E 61 01 8B 43 CA,temp=81.00
1779095297.901,0x100,8,34 67 83 F8 2E 12 0D 55,speed=52.00
1779095298.008,0x200,8,6C 64 45 48 7E B0 5C 87,fuel=100.00
1779095298.094,0x300,8,29 5F B9 0D 2C D0 1F E3,temp=81.00
1779095298.192,0x100,8,37 F6 56 82 BF 0E B3 10,speed=55.00
1779095298.298,0x200,8,8F 64 93 E0 0E E8 E1 55,fuel=100.00
1779095298.368,0x300,8,2B F0 C7 37 FD 56 0B DE,temp=83.00
1779095298.473,0x100,8,37 08 FF 23 F3 DE B2 B2,speed=55.00
1779095298.558,0x200,8,74 64 A7 DE 0C FF 5F 2B,fuel=100.00
1779095298.657,0x300,8,2B 2B 9B FD A0 CB C8 6F,temp=83.00
1779095298.757,0x100,8,37 49 8C 10 65 71 93 0A,speed=55.00
1779095298.840,0x200,8,2A 64 A7 18 17 C7 A3 64,fuel=100.00
1779095298.940,0x300,8,2B 9B EC 4B B7 F5 98 01,temp=83.00
1779095299.025,0x100,8,37 12 33 52 F8 99 E2 CB,speed=55.00
1779095299.124,0x200,8,4F 64 EF EF D4 00 CE 42,fuel=100.00
1779095299.218,0x300,8,2D 77 C5 33 2D E1 90 35,temp=85.00
1779095299.307,0x100,8,3A C7 CE 4B 58 32 4F 7D,speed=58.00
1779095299.408,0x200,8,15 64 18 3F 48 79 D3 E2,fuel=100.00
1779095299.512,0x300,8,2D 30 95 01 EB 92 2D CC,temp=85.00
1779095299.590,0x100,8,3A 70 50 A8 51 FE 53 68,speed=58.00
1779095299.690,0x200,8,C9 64 D1 44 DA 63 1A 5C,fuel=100.00
1779095299.773,0x300,8,2D 93 C1 F2 A3 CB 86 B2,temp=85.00
1779095299.874,0x100,8,3A 1B 6F 6F B2 82 B7 01,speed=58.00
1779095299.974,0x200,8,D9 64 3D DE 86 3A 03 18,fuel=100.00
1779095300.058,0x300,8,2D D5 6A 7C 04 D7 75 CF,temp=85.00
1779095300.160,0x100,8,3C 7D 7A A0 F4 D1 3E 9F,speed=60.00
1779095300.273,0x200,8,B5 64 90 AF D2 95 03 C9,fuel=100.00
1779095300.349,0x300,8,2F 3A 84 0B BB C6 6C 32,temp=87.00
1779095300.440,0x100,8,3C C8 28 E1 95 18 E1 37,speed=60.00
1779095300.526,0x200,8,2A 64 FC FE 01 63 37 51,fuel=100.00
1779095300.624,0x300,8,2F 33 6A 46 C4 F4 0E 34,temp=87.00
1779095300.733,0x100,8,3C 80 75 B2 CA 76 0A 9B,speed=60.00
1779095300.806,0x200,8,EC 64 4A 7E F5 BA 92 B8,fuel=100.00
1779095300.907,0x300,8,2F 75 7C F6 65 AD 93 29,temp=87.00
1779095301.007,0x100,8,3C 04 29 B2 6F 63 96 11,speed=60.00
1779095301.090,0x200,8,9F 64 EF A8 29 51 5A 4B,fuel=100.00
1779095301.190,0x300,8,31 85 9F EB 40 E4 BC B2,temp=89.00
1779095301.302,0x100,8,3F 16 5C 86 60 9C 2F EB,speed=63.00
1779095301.462,0x200,8,BF 64 04 73 2C BE 5B 5C,fuel=100.00
1779095301.559,0x300,8,31 3E 48 A4 DE 92 0C 0A,temp=89.00
1779095301.657,0x100,8,3F 41 D4 84 FF 7F 26 CC,speed=63.00
1779095301.756,0x200,8,6A 64 99 59 92 FB 1F 8F,fuel=100.00
1779095301.840,0x300,8,31 C6 60 6D A3 EB 15 03,temp=89.00
1779095301.940,0x100,8,3F C5 8E 28 9D 5F A1 42,speed=63.00
1779095302.025,0x200,8,20 64 20 FC E3 02 9E 1B,fuel=100.00
1779095302.124,0x300,8,33 CD 99 53 A1 80 3D CD,temp=91.00
1779095302.224,0x100,8,41 1F 61 66 16 86 16 59,speed=65.00
1779095302.307,0x200,8,33 64 7E 22 21 2A 60 29,fuel=100.00
1779095302.406,0x300,8,33 40 55 59 85 2D A9 89,temp=91.00
1779095302.507,0x100,8,41 2F CB 57 AC 77 4C 0A,speed=65.00
1779095302.590,0x200,8,6E 64 8F 27 7D B3 A2 D5,fuel=100.00
1779095302.691,0x300,8,33 B0 61 13 25 1A 5F F2,temp=91.00
1779095302.776,0x100,8,41 60 F3 31 39 F8 68 68,speed=65.00
1779095302.874,0x200,8,65 64 1D 59 14 52 24 E1,fuel=100.00
1779095302.973,0x300,8,33 C0 6B 4B E4 6A 4A 1D,temp=91.00
1779095303.058,0x100,8,41 F8 7A 7C E1 ED BE 85,speed=65.00
1779095303.150,0x200,8,CE 64 BC 01 A1 1C 0A 1E,fuel=100.00
1779095303.257,0x300,8,34 13 F5 4E 60 FA CE ED,temp=92.00
1779095303.340,0x100,8,43 73 0C 9A 2B D7 03 46,speed=67.00
1779095303.441,0x200,8,95 64 D3 3E CC 7C A1 BC,fuel=100.00
1779095303.527,0x300,8,34 EE 5D 18 91 92 2D C3,temp=92.00
1779095303.627,0x100,8,43 E0 1F 8A 3C 29 8B 1F,speed=67.00
1779095303.710,0x200,8,31 64 2C CA A0 AF 9D 1A,fuel=100.00
1779095303.807,0x300,8,34 DC B7 97 70 CD 01 72,temp=92.00
1779095303.922,0x100,8,43 78 14 E5 A7 B0 38 84,speed=67.00
1779095304.007,0x200,8,52 64 FC B8 CA 51 33 67,fuel=100.00
1779095304.090,0x300,8,34 FB CC E2 25 C1 D3 78,temp=92.00
1779095304.190,0x100,8,45 48 9B AD 31 D4 1F 61,speed=69.00
1779095304.279,0x200,8,4C 64 27 44 B1 8C 9A EA,fuel=100.00
1779095304.373,0x300,8,35 4F 4E 7C 17 0B 17 83,temp=93.00
1779095304.474,0x100,8,45 38 16 05 F8 D2 15 91,speed=69.00
1779095304.581,0x200,8,3F 64 82 D5 E9 30 97 02,fuel=100.00
1779095304.657,0x300,8,35 1E 81 66 C3 1A A6 84,temp=93.00
1779095304.757,0x100,8,45 BF E1 10 BA C4 E6 D1,speed=69.00
1779095304.840,0x200,8,71 64 A4 B4 D3 AE 83 D8,fuel=100.00
1779095304.940,0x300,8,35 DA 4B 0C 35 86 57 28,temp=93.00
1779095305.027,0x100,8,45 5B 98 E8 6F DD 9F 6B,speed=69.00
1779095305.123,0x200,8,96 64 A2 7E 69 20 1B BA,fuel=100.00
1779095305.213,0x300,8,37 42 0A BD 2D 78 79 32,temp=95.00
1779095305.307,0x100,8,46 C3 2D 27 D4 FD A7 95,speed=70.00
1779095305.407,0x200,8,8C 64 4C 99 C6 17 48 BF,fuel=100.00
1779095305.508,0x300,8,37 32 AF 7B AF 82 B7 14,temp=95.00
1779095305.590,0x100,8,46 07 DF E7 17 C2 7A C3,speed=70.00
1779095305.690,0x200,8,CF 64 C9 C5 C1 04 FE 6D,fuel=100.00
1779095305.774,0x300,8,37 A3 B8 37 34 6E 24 36,temp=95.00
1779095305.875,0x100,8,46 BB B2 AA 2C 81 E4 C7,speed=70.00
1779095305.973,0x200,8,B5 64 E4 92 40 B2 1D 9C,fuel=100.00
1779095306.058,0x300,8,37 04 5A AA 3B 9C F8 3F,temp=95.00
1779095306.156,0x100,8,46 60 A3 BD 97 77 58 AB,speed=70.00
1779095306.257,0x200,8,3E 64 25 B0 23 9D 40 49,fuel=100.00
1779095306.339,0x300,8,36 65 14 0A 32 03 E2 7A,temp=94.00
1779095306.440,0x100,8,46 06 9E 30 16 20 CD 52,speed=70.00
1779095306.529,0x200,8,7B 64 D9 57 57 05 F5 D8,fuel=100.00
1779095306.624,0x300,8,36 AA A4 3C C7 FC 73 B5,temp=94.00
1779095306.724,0x100,8,46 61 C3 42 04 66 8F 70,speed=70.00
1779095306.807,0x200,8,FC 64 99 E3 76 3E 08 93,fuel=100.00
1779095306.945,0x300,8,36 43 16 7D 04 A0 16 69,temp=94.00
1779095307.007,0x100,8,46 04 12 F3 59 29 C7 F3,speed=70.00
1779095307.100,0x200,8,0F 64 D2 BC A1 C3 53 ED,fuel=100.00
1779095307.191,0x300,8,35 9C A5 63 23 89 79 2D,temp=93.00
1779095307.633,0x100,8,45 EC DE 08 D4 4D 39 A7,speed=69.00
1779095307.657,0x200,8,57 64 5A E9 9D 71 98 D2,fuel=100.00
1779095307.757,0x300,8,35 DC 2E 13 27 1E 6F 76,temp=93.00
1779095307.889,0x100,8,45 6A CB DA 38 B5 46 71,speed=69.00
1779095307.941,0x200,8,F2 64 A6 1A BC 2E A0 69,fuel=100.00
1779095308.040,0x300,8,35 F4 AA B3 20 BB FB FC,temp=93.00
1779095308.122,0x100,8,45 44 91 78 97 BC F9 54,speed=69.00
1779095308.223,0x200,8,64 64 BB 64 71 9B F9 75,fuel=100.00
1779095308.306,0x300,8,37 38 92 DA 76 98 A6 FD,temp=95.00
1779095308.407,0x100,8,46 B7 E0 CD 35 96 F1 75,speed=70.00
1779095308.507,0x200,8,D6 64 CB 39 A1 67 87 27,fuel=100.00
1779095308.590,0x300,8,37 72 33 A7 99 08 23 39,temp=95.00
1779095308.691,0x100,8,46 E2 F9 39 BE DC 67 9A,speed=70.00
1779095308.778,0x200,8,EB 64 42 D8 F5 48 97 44,fuel=100.00
1779095308.874,0x300,8,37 A7 BC B8 8E F1 4C 5C,temp=95.00
1779095308.974,0x100,8,46 B6 73 A0 F5 72 6C 40,speed=70.00
1779095309.058,0x200,8,AF 64 B6 C7 38 B3 77 9F,fuel=100.00
1779095309.157,0x300,8,38 E2 8C 1C 3C B9 EE E0,temp=96.00
1779095309.256,0x100,8,48 7A EF 36 C6 F1 0D 32,speed=72.00
1779095309.350,0x200,8,5A 64 72 45 56 0E 4A DA,fuel=100.00
1779095309.440,0x300,8,38 ED 90 1D D7 B3 DE 81,temp=96.00
1779095309.525,0x100,8,48 A8 D0 43 16 B4 8B F9,speed=72.00
1779095309.623,0x200,8,CA 64 B0 3D 47 76 8E 93,fuel=100.00
1779095309.724,0x300,8,38 17 63 72 7B D0 69 01,temp=96.00
1779095309.807,0x100,8,48 54 87 43 B1 E7 D8 EA,speed=72.00
1779095309.907,0x200,8,85 64 D7 DD 03 49 4C C5,fuel=100.00
1779095309.998,0x300,8,38 88 72 76 82 95 A5 63,temp=96.00
1779095310.091,0x100,8,48 37 F0 5A 19 DF C4 A5,speed=72.00
1779095310.190,0x200,8,7C 64 38 6A 6C 05 9C 03,fuel=100.00
1779095310.276,0x300,8,39 CB 8D DA E2 52 EC F2,temp=97.00
1779095310.376,0x100,8,49 1F 45 82 09 63 08 C1,speed=73.00
1779095310.473,0x200,8,0C 64 C4 0C 17 F4 6C 4F,fuel=100.00
1779095310.557,0x300,8,39 A3 DC 6B 11 4C 30 33,temp=97.00
1779095310.702,0x100,8,49 20 3E B7 AD 91 CE 58,speed=73.00
1779095310.757,0x200,8,41 64 F0 F4 1E 20 9D 7E,fuel=100.00
1779095310.858,0x300,8,39 70 40 2B A7 9D 56 CA,temp=97.00
1779095310.940,0x100,8,49 90 EC 36 4D EC DF 16,speed=73.00
1779095311.025,0x200,8,E4 64 18 92 15 4C 37 2A,fuel=100.00
1779095311.124,0x300,8,39 A0 5B F4 70 DF CC BA,temp=97.00
1779095311.224,0x100,8,4A 3A 5B 9B D7 27 4A B6,speed=74.00
1779095311.311,0x200,8,86 64 19 E6 AD 29 58 20,fuel=100.00
1779095311.404,0x300,8,39 95 F7 20 B8 97 C9 2A,temp=97.00
1779095311.507,0x100,8,4A E1 F4 0F 4E F8 B0 BA,speed=74.00
1779095311.605,0x200,8,2C 64 45 4D 3B D5 E9 03,fuel=100.00
1779095311.796,0x300,8,39 40 D1 0C A4 7E E4 83,temp=97.00
1779095311.874,0x100,8,4A 32 E2 7E 96 74 40 35,speed=74.00
1779095311.965,0x200,8,7D 64 DA AC 60 8F E7 16,fuel=100.00
1779095312.079,0x300,8,39 E6 92 38 AC CC 70 45,temp=97.00
1779095312.157,0x100,8,4B 06 C6 C8 2C 43 DC 2D,speed=75.00
1779095312.325,0x200,8,01 64 79 FD A8 EF 52 41,fuel=100.00
1779095312.352,0x300,8,3A 5E 9E FF E3 CF B3 3C,temp=98.00
1779095312.440,0x100,8,4B 10 D8 75 09 EC 35 03,speed=75.00
1779095312.524,0x200,8,43 64 89 B3 24 5E 56 A4,fuel=100.00
1779095312.619,0x300,8,3A 31 B9 B0 F4 26 66 0C,temp=98.00
1779095312.727,0x100,8,4B 79 C0 50 06 D9 36 6A,speed=75.00
1779095312.807,0x200,8,09 64 F1 50 3C 01 AE 04,fuel=100.00
1779095312.906,0x300,8,3A 3C 1A 2A 6F 15 B7 38,temp=98.00
1779095312.994,0x100,8,4B 73 2D F2 1E AA 48 0A,speed=75.00
1779095313.090,0x200,8,79 64 B0 58 84 F0 0E 69,fuel=100.00
1779095313.190,0x300,8,3B 32 15 CD 10 68 40 AE,temp=99.00
1779095313.275,0x100,8,4C B2 58 F7 0E 5A 09 16,speed=76.00
1779095313.373,0x200,8,79 64 28 49 C1 3C 9B DF,fuel=100.00
1779095313.465,0x300,8,3B EE B9 65 BC 24 DD 9B,temp=99.00
1779095313.557,0x100,8,4C 49 E7 87 0F C4 DC 7F,speed=76.00
1779095313.656,0x200,8,D4 64 74 87 0F A4 31 48,fuel=100.00
1779095313.757,0x300,8,3B C6 0D 9C 4C C1 62 F2,temp=99.00
1779095313.840,0x100,8,4C A0 85 85 86 47 EE 34,speed=76.00
1779095313.941,0x200,8,D5 64 AD 64 3A 12 BF B2,fuel=100.00
1779095314.040,0x300,8,3B E9 35 C5 38 4F 41 64,temp=99.00
1779095314.124,0x100,8,4C 68 F1 61 D9 7B BB F0,speed=76.00
1779095314.220,0x200,8,74 64 10 BA 55 C4 3E 53,fuel=100.00
1779095314.307,0x300,8,3B 54 91 3D 09 7E F1 65,temp=99.00
1779095314.407,0x100,8,4D 3B F2 3C 8E 02 89 81,speed=77.00
1779095314.507,0x200,8,D5 64 E4 48 14 94 73 5C,fuel=100.00
1779095314.590,0x300,8,3B 86 9E CC 29 AC 6A CC,temp=99.00
1779095314.691,0x100,8,4D 98 43 CF 24 EF 34 38,speed=77.00
1779095314.774,0x200,8,84 64 FD 41 B6 26 12 5F,fuel=100.00
1779095314.873,0x300,8,3B 77 4B 87 BF 7C D1 19,temp=99.00
1779095314.962,0x100,8,4D 0C C6 15 42 03 14 DB,speed=77.00
1779095315.070,0x200,8,31 64 3E E4 E3 8E A0 25,fuel=100.00
1779095315.157,0x300,8,3B F3 27 6B 8A 5A 2D 64,temp=99.00
1779095315.257,0x100,8,4D B6 1C 02 D2 37 47 85,speed=77.00
1779095315.340,0x200,8,A6 64 2C 1C 0A 39 43 4C,fuel=100.00
1779095315.440,0x300,8,3C 9D DF 67 56 44 ED 43,temp=100.00
1779095315.532,0x100,8,4D C3 F2 8E 5A D4 61 3D,speed=77.00
1779095315.623,0x200,8,14 64 AA 90 FE 18 1A 52,fuel=100.00
1779095315.723,0x300,8,3C 05 67 DB FA F1 AF 94,temp=100.00
1779095315.807,0x100,8,4D 5D BB AF 6C 5A 6E 72,speed=77.00
1779095315.907,0x200,8,30 64 E7 B7 24 BF 07 F0,fuel=100.00
1779095316.007,0x300,8,3C 35 62 6A 49 4F 88 42,temp=100.00
1779095316.090,0x100,8,4D 1F 93 ED 43 AA 03 94,speed=77.00
1779095316.190,0x200,8,6B 64 D6 67 2D 31 5E 11,fuel=100.00
1779095316.274,0x300,8,3C 14 C7 E6 A6 4E D6 8E,temp=100.00
1779095316.373,0x100,8,4E 5C 28 CF 84 9C 7A 4F,speed=78.00
1779095316.463,0x200,8,D6 64 B5 FA 4D 4F 25 F1,fuel=100.00
1779095316.557,0x300,8,3C 10 08 98 5F 1B 8A 99,temp=100.00
1779095316.657,0x100,8,4E 37 B5 84 D9 76 A2 E2,speed=78.00
1779095316.757,0x200,8,ED 64 0A 80 E2 BA 71 39,fuel=100.00
1779095316.840,0x300,8,3C 2D 9D 06 26 8F D7 E9,temp=100.00
1779095316.940,0x100,8,4E 5F 4B F0 1F 6A FD CE,speed=78.00
1779095317.024,0x200,8,21 64 7B 8D D8 1C 6E EE,fuel=100.00
1779095317.123,0x300,8,3C CD DD EA BD F2 B5 A1,temp=100.00
1779095317.223,0x100,8,4F BD 23 63 3F 96 FD 01,speed=79.00
1779095317.307,0x200,8,40 64 D4 8B 13 87 75 67,fuel=100.00
1779095317.407,0x300,8,3D EB A9 4B 65 CC 61 0A,temp=101.00
1779095317.507,0x100,8,4F 23 82 79 C1 E1 B5 EE,speed=79.00
1779095317.590,0x200,8,2D 64 AE 40 46 F3 41 A8,fuel=100.00
1779095317.698,0x300,8,3D 4C E2 4F 63 36 12 96,temp=101.00
1779095317.800,0x100,8,4F 3E F0 3F BF BB EC 9B,speed=79.00
1779095317.874,0x200,8,31 64 95 DD 36 C7 13 22,fuel=100.00
1779095317.963,0x300,8,3D D0 FA 76 AE 51 04 64,temp=101.00
1779095318.059,0x100,8,4F A2 48 50 00 94 93 D3,speed=79.00
1779095318.158,0x200,8,8D 64 DC A8 A9 EA AC A2,fuel=100.00
1779095318.257,0x300,8,3D B6 FE E2 8C 87 10 77,temp=101.00
1779095318.340,0x100,8,4F 45 F1 0E B0 6E CC BD,speed=79.00
1779095318.435,0x200,8,F9 64 1F E4 58 C7 EA CB,fuel=100.00
1779095318.532,0x300,8,3D 00 9A 6A A0 60 AE 06,temp=101.00
1779095318.627,0x100,8,4F 64 04 5E C6 6C D5 A4,speed=79.00
1779095318.801,0x200,8,49 64 69 70 FC 25 D5 78,fuel=100.00
1779095318.830,0x300,8,3D A2 EF 71 EF 92 5C B9,temp=101.00
1779095318.910,0x100,8,4F 82 6B E0 D0 4B 88 78,speed=79.00
1779095319.007,0x200,8,14 64 27 5D EB E0 21 25,fuel=100.00
1779095319.094,0x300,8,3D 80 29 5A FF 5B 11 C7,temp=101.00
1779095319.192,0x100,8,4F C8 BC A6 D8 CA 7D FC,speed=79.00
1779095319.279,0x200,8,5C 64 E9 9E 3F 67 B4 89,fuel=100.00
1779095319.376,0x300,8,3E C3 94 E2 FE 49 DA A6,temp=102.00
1779095319.477,0x100,8,50 97 52 1A 7D 51 58 74,speed=80.00
1779095319.560,0x200,8,A2 64 91 AF 7A 02 D0 E5,fuel=100.00
1779095319.655,0x300,8,3E B7 59 3C 01 E9 9C 72,temp=102.00
1779095319.757,0x100,8,50 09 51 6B 8A EB 74 B1,speed=80.00
1779095319.867,0x200,8,90 64 AD DA 02 CF CF 46,fuel=100.00
1779095319.945,0x300,8,3E F9 DD A6 3D BD 72 C5,temp=102.00
1779095320.040,0x100,8,50 E9 8A 19 8D 5D 99 D2,speed=80.00
1779095320.122,0x200,8,44 64 F3 D6 57 FB 0A 38,fuel=100.00
1779095320.225,0x300,8,3E B9 36 C2 1E 20 D9 BA,temp=102.00
1779095320.352,0x100,8,50 69 59 A2 19 78 2F 43,speed=80.00
1779095320.398,0x200,8,86 64 B3 3D D5 45 20 65,fuel=100.00
1779095320.507,0x300,8,3E DB 05 01 A2 94 7D A9,temp=102.00
1779095320.601,0x100,8,50 FB 4A CD E1 7B 40 4D,speed=80.00
1779095320.699,0x200,8,08 64 25 AC 5F F5 01 18,fuel=100.00
1779095320.780,0x300,8,3E 88 CF 78 D2 C9 04 D1,temp=102.00
1779095320.874,0x100,8,50 8D 6C E1 E5 05 BF 6D,speed=80.00
1779095320.969,0x200,8,0E 64 26 7D DC 53 B0 EA,fuel=100.00
1779095321.065,0x300,8,3E FC E2 F7 7E 61 06 BD,temp=102.00
1779095321.158,0x100,8,50 9F 5E 2A 92 CB 65 63,speed=80.00
1779095321.243,0x200,8,D5 64 AA 33 97 D4 BD 79,fuel=100.00
1779095321.337,0x300,8,3E F9 60 54 10 34 33 48,temp=102.00
1779095321.433,0x100,8,51 A8 2D D5 15 51 79 0D,speed=81.00
1779095321.526,0x200,8,3A 64 9F 70 82 57 24 ED,fuel=100.00
1779095321.620,0x300,8,3E 16 DA E3 9B 6F 36 A4,temp=102.00
1779095321.715,0x100,8,51 68 D1 C6 58 69 92 04,speed=81.00
1779095321.870,0x200,8,9A 64 5A 77 0C C0 1C BF,fuel=100.00
1779095321.898,0x300,8,3E 90 DA 9C EA 04 FF 70,temp=102.00
1779095321.992,0x100,8,51 6A 76 7A 57 EC E2 2C,speed=81.00
1779095322.090,0x200,8,38 64 78 76 FB B8 B2 BC,fuel=100.00
1779095322.187,0x300,8,3E 4D 60 D9 AF 7C 83 ED,temp=102.00
1779095322.273,0x100,8,51 03 59 A9 5D B7 DD EE,speed=81.00
1779095322.367,0x200,8,BC 64 41 5C 41 69 FC ED,fuel=100.00
1779095322.462,0x300,8,3F 80 6B 20 D8 4E 54 3E,temp=103.00
1779095322.556,0x100,8,51 99 81 62 87 65 51 6C,speed=81.00
1779095322.656,0x200,8,82 64 32 E3 4B E3 83 FA,fuel=100.00
1779095322.744,0x300,8,3F 8B CB F1 D9 2E A2 8F,temp=103.00
1779095322.838,0x100,8,51 66 2C CE 08 FD 67 A5,speed=81.00
1779095322.931,0x200,8,7A 64 7B AB AF F2 85 64,fuel=100.00
1779095323.025,0x300,8,3F F0 60 CC 43 EF 52 A4,temp=103.00
1779095323.117,0x100,8,51 AF C1 DE 71 49 25 A4,speed=81.00
1779095323.212,0x200,8,2E 64 EA 0D 87 79 0D 84,fuel=100.00
1779095323.306,0x300,8,3F 38 58 80 50 C7 69 D2,temp=103.00
1779095323.403,0x100,8,51 32 48 4D F0 3A AE 1F,speed=81.00
1779095323.564,0x200,8,82 64 9E 66 E2 0B B8 86,fuel=100.00
1779095323.658,0x300,8,3F 30 1C 02 A8 A8 F6 75,temp=103.00
1779095323.747,0x100,8,51 7A CF 14 94 E1 47 DA,speed=81.00
1779095323.836,0x200,8,FB 64 2D 5C 2C CB 1E 9A,fuel=100.00
1779095323.930,0x300,8,3F 7D E6 89 AF F0 6B D8,temp=103.00
1779095324.025,0x100,8,51 77 77 A7 DF 82 D1 EB,speed=81.00
1779095324.119,0x200,8,D7 64 7E 6C 3A 0C C6 E3,fuel=100.00
1779095324.211,0x300,8,3F 67 C4 1B D9 C7 EF 3A,temp=103.00
1779095324.314,0x100,8,51 6C C7 AD 26 D2 CA BD,speed=81.00
1779095324.398,0x200,8,AE 64 93 76 79 21 4B 4B,fuel=100.00
1779095324.506,0x300,8,3F 48 11 A9 3B 60 9C 13,temp=103.00
1779095324.587,0x100,8,51 6D 32 43 69 1E B1 CB,speed=81.00
1779095324.682,0x200,8,FE 64 82 F8 A4 D0 2F 98,fuel=100.00
1779095324.777,0x300,8,3F 96 E7 AD 29 B1 3C F0,temp=103.00
1779095324.867,0x100,8,51 38 2A B4 DC 4C 08 59,speed=81.00
1779095324.961,0x200,8,D5 64 92 64 5C EF 84 BA,fuel=100.00
1779095325.056,0x300,8,3F 1E AF E8 AB 58 9E D3,temp=103.00
1779095325.148,0x100,8,51 D7 A2 B2 8D 3B E5 EE,speed=81.00
1779095325.244,0x200,8,8B 64 87 AE DB B7 84 81,fuel=100.00
1779095325.336,0x300,8,3F 95 4F EC 4B FD 56 F7,temp=103.00
1779095325.434,0x100,8,52 6F 5A D5 26 88 6D 8E,speed=82.00
1779095325.529,0x200,8,61 64 58 1E 7F 65 80 72,fuel=100.00
1779095325.637,0x300,8,3F 42 7D C0 ED AD F3 EF,temp=103.00
1779095325.723,0x100,8,52 4F 68 3D 17 80 7E 5E,speed=82.00
1779095325.817,0x200,8,E6 64 E7 A4 D3 5F C4 1D,fuel=100.00
1779095325.898,0x300,8,3F 24 C3 60 20 00 50 F2,temp=103.00
1779095325.993,0x100,8,52 FA 7A 52 9B F4 FC F9,speed=82.00
1779095326.089,0x200,8,FB 64 EB 6F DC 34 B9 7C,fuel=100.00
1779095326.185,0x300,8,3F 53 31 7D A1 A7 75 7B,temp=103.00
1779095326.281,0x100,8,52 D0 BD E2 47 24 F8 B4,speed=82.00
1779095326.377,0x200,8,F6 64 E2 8B 89 E5 FC 65,fuel=100.00
1779095326.471,0x300,8,3F FB 08 64 E3 2A ED 91,temp=103.00
1779095326.555,0x100,8,52 C3 C2 E0 93 46 B3 5E,speed=82.00
1779095326.684,0x200,8,16 64 1C 2B 4D 04 79 CE,fuel=100.00
1779095326.746,0x300,8,3F EF 2E 88 18 B0 4B 22,temp=103.00
1779095326.841,0x100,8,52 EF D2 EC 9A 71 B8 4D,speed=82.00
1779095326.936,0x200,8,2C 64 24 60 CA 7D 59 3E,fuel=100.00
1779095327.029,0x300,8,3F 85 0E EF 67 04 69 DC,temp=103.00
1779095327.124,0x100,8,52 FD F2 1B 0C F3 73 DA,speed=82.00
1779095327.212,0x200,8,80 64 DC E6 29 1B 9A 23,fuel=100.00
1779095327.305,0x300,8,40 62 6D DB 92 9D 13 DA,temp=104.00
1779095327.402,0x100,8,52 F2 B1 42 EB A9 55 BA,speed=82.00
1779095327.498,0x200,8,51 64 FA EC 87 E3 CF 74,fuel=100.00
1779095327.593,0x300,8,40 48 F2 D2 34 3A 59 B3,temp=104.00
1779095327.685,0x100,8,52 55 C6 86 95 0E A3 1F,speed=82.00
1779095327.780,0x200,8,EA 64 DF 40 9C 84 C7 D6,fuel=100.00
1779095327.868,0x300,8,40 C9 B9 C3 E2 DF B5 6E,temp=104.00
1779095327.962,0x100,8,52 CD 01 F4 67 BD 77 C0,speed=82.00
1779095328.058,0x200,8,4A 64 FE 3A 99 F1 40 58,fuel=100.00
1779095328.154,0x300,8,40 7E 31 33 DA 5E 96 D9,temp=104.00
1779095328.248,0x100,8,52 B6 C6 7F 18 B4 D8 16,speed=82.00
1779095328.342,0x200,8,94 64 1D E3 32 6A ED 3B,fuel=100.00
1779095328.435,0x300,8,40 AB 1E DB 80 21 81 6E,temp=104.00
1779095328.523,0x100,8,52 08 F7 E3 A4 26 5D 2E,speed=82.00
1779095328.617,0x200,8,E1 64 7C 1B BD 88 21 79,fuel=100.00
1779095328.713,0x300,8,40 5E CD 63 9F 2E 3F 29,temp=104.00
1779095328.806,0x100,8,52 8D FA 7A 36 77 EB 5A,speed=82.00
1779095328.901,0x200,8,A3 64 DF C1 4D CE 59 3B,fuel=100.00
1779095328.994,0x300,8,40 A8 39 FE E6 9A 4F 32,temp=104.00
1779095329.086,0x100,8,52 E4 50 BC D0 49 7A 14,speed=82.00
1779095329.180,0x200,8,4B 64 EB 4D 6B 52 18 C2,fuel=100.00
1779095329.273,0x300,8,40 F6 45 CA 55 98 CE 98,temp=104.00
1779095329.367,0x100,8,53 A5 37 6D 7C 57 7C 44,speed=83.00
1779095329.466,0x200,8,9B 64 50 78 F7 6C 3A 61,fuel=100.00
1779095329.559,0x300,8,40 ED A9 2C 52 8B 2A 71,temp=104.00
1779095329.657,0x100,8,53 6C E3 54 80 DC 71 D6,speed=83.00
1779095329.754,0x200,8,4E 64 A8 A4 C5 51 C1 A5,fuel=100.00
1779095329.857,0x300,8,40 0B ED 1B A4 E1 55 04,temp=104.00
1779095329.930,0x100,8,53 A8 54 9D B5 5C 00 91,speed=83.00
1779095330.026,0x200,8,82 64 F1 57 E8 D1 1A E6,fuel=100.00
1779095330.118,0x300,8,40 2A 8E 13 4B 9B 84 96,temp=104.00
1779095330.218,0x100,8,53 A2 01 6B E0 5F FA 11,speed=83.00
1779095330.315,0x200,8,D3 64 B0 30 F7 3E 0A 41,fuel=100.00
1779095330.409,0x300,8,40 ED E4 CC 4B 16 B7 DC,temp=104.00
1779095330.504,0x100,8,53 F8 94 24 B3 D4 3E 43,speed=83.00
1779095330.587,0x200,8,65 64 DE 00 3B BA E8 ED,fuel=100.00
1779095330.680,0x300,8,40 71 60 2F 62 28 F6 E8,temp=104.00
1779095330.775,0x100,8,53 2D A4 E8 81 EC 23 D0,speed=83.00
1779095330.870,0x200,8,3A 64 83 31 0F AB C0 1E,fuel=100.00
1779095330.963,0x300,8,40 E2 D0 F2 ED EA F4 0B,temp=104.00
1779095331.057,0x100,8,53 D0 09 AB 08 0F E3 DF,speed=83.00
1779095331.149,0x200,8,00 64 12 19 D9 EF D1 1B,fuel=100.00
1779095331.243,0x300,8,40 8D B8 15 75 88 72 9D,temp=104.00
1779095331.338,0x100,8,53 2F B2 F5 DE 2C 18 71,speed=83.00
1779095331.430,0x200,8,43 64 B2 E6 62 0B B8 D9,fuel=100.00
1779095331.524,0x300,8,40 71 6E 31 F2 E5 FC 1D,temp=104.00
1779095331.617,0x100,8,53 8A 39 A3 4D A9 3A C2,speed=83.00
1779095331.711,0x200,8,12 64 BB F9 54 F0 60 C6,fuel=100.00
1779095331.804,0x300,8,40 96 64 E2 EA 65 9A 98,temp=104.00
1779095331.899,0x100,8,53 1D 2D F6 D8 58 58 92,speed=83.00
1779095331.994,0x200,8,2D 64 1D F0 D9 20 0C 95,fuel=100.00
1779095332.087,0x300,8,40 C8 B9 5A 9D DE 58 5D,temp=104.00
1779095332.181,0x100,8,53 83 DA DB 13 35 32 31,speed=83.00
1779095332.274,0x200,8,03 64 D7 D1 CA 8F 1B CB,fuel=100.00
1779095332.368,0x300,8,40 8E 80 C2 34 55 8D CA,temp=104.00
1779095332.461,0x100,8,53 12 32 12 FC 72 03 45,speed=83.00
1779095332.556,0x200,8,6A 64 3C 7C 3F A7 F2 E0,fuel=100.00
1779095332.649,0x300,8,40 51 2F 4B 4B 12 D0 D7,temp=104.00
1779095332.812,0x100,8,53 EF 0F 36 4B 15 F0 29,speed=83.00
1779095332.843,0x200,8,C3 64 7A 11 32 65 17 C5,fuel=100.00
1779095332.935,0x300,8,40 33 53 98 52 6F 01 FE,temp=104.00
1779095333.034,0x100,8,53 24 EE BF 0A 8D DC F9,speed=83.00
1779095333.118,0x200,8,A3 64 61 8B C2 AB D4 6F,fuel=100.00
1779095333.212,0x300,8,40 DF D1 80 6E B1 AA 82,temp=104.00
1779095333.306,0x100,8,53 0B 88 92 62 1A F0 7B,speed=83.00
1779095333.402,0x200,8,DB 64 C3 F9 18 4B 33 66,fuel=100.00
1779095333.492,0x300,8,40 B8 45 EE F1 B6 09 2F,temp=104.00
1779095333.587,0x100,8,53 77 5B 0E 83 53 EF 44,speed=83.00
1779095333.680,0x200,8,B0 64 21 D9 91 EF 31 DB,fuel=100.00
1779095333.787,0x300,8,40 CB B0 FB 9A 9F 10 88,temp=104.00
1779095333.867,0x100,8,53 3F 9D FD A9 A6 17 69,speed=83.00
1779095333.962,0x200,8,C2 64 B3 C1 D8 1E 54 31,fuel=100.00
1779095334.058,0x300,8,40 6D 84 8B 86 A8 5D 3E,temp=104.00
1779095334.153,0x100,8,53 82 21 FC 5E E5 76 3E,speed=83.00
1779095334.247,0x200,8,D0 64 95 60 64 11 83 FD,fuel=100.00
1779095334.353,0x300,8,40 9E 91 0C B4 D5 C8 50,temp=104.00
1779095334.435,0x100,8,53 43 D5 C5 92 E8 4C EB,speed=83.00
1779095334.524,0x200,8,16 64 F8 D3 E0 83 22 E2,fuel=100.00
1779095334.618,0x300,8,40 07 C1 F5 C1 30 2B 33,temp=104.00
1779095334.713,0x100,8,53 8E 5E 95 AD 77 C9 61,speed=83.00
1779095334.810,0x200,8,99 64 25 D5 3A 5A 4F 02,fuel=100.00
1779095334.904,0x300,8,40 79 98 06 99 9E 0D F2,temp=104.00
1779095334.992,0x100,8,53 38 7E AB 9F D7 F0 F1,speed=83.00
1779095335.091,0x200,8,0E 64 B6 90 2E 00 B4 41,fuel=100.00
1779095335.180,0x300,8,40 C7 02 19 7A 83 06 91,temp=104.00
1779095335.274,0x100,8,53 6D 71 15 DC A7 EC 44,speed=83.00
1779095335.370,0x200,8,E0 64 EC F0 D1 4F 0D B2,fuel=100.00
1779095335.462,0x300,8,40 09 C0 52 B0 4C E8 8D,temp=104.00
1779095335.562,0x100,8,53 4C 92 26 85 08 E6 C5,speed=83.00
1779095335.650,0x200,8,2E 64 B5 EF 2C F7 4E 1E,fuel=100.00
1779095335.744,0x300,8,40 FD 6C 98 B7 87 54 17,temp=104.00
1779095335.849,0x100,8,53 7E F3 F2 66 47 63 2C,speed=83.00
1779095335.930,0x200,8,A1 64 29 4D 16 C9 77 75,fuel=100.00
1779095336.026,0x300,8,40 D2 51 35 31 15 4D 38,temp=104.00
1779095336.122,0x100,8,53 1F DA 77 A8 1C 3A 27,speed=83.00
1779095336.215,0x200,8,6F 64 83 4C 4C 04 A2 E6,fuel=100.00
1779095336.310,0x300,8,40 97 52 B9 E0 B2 1E 21,temp=104.00
1779095336.410,0x100,8,53 3A 9E BE 6C 0E 40 7A,speed=83.00
1779095336.503,0x200,8,38 64 5B 00 CB 38 E2 E5,fuel=100.00
1779095336.587,0x300,8,40 0E B2 5A A3 68 DD 40,temp=104.00
1779095336.681,0x100,8,53 BC A8 37 32 45 14 0C,speed=83.00
1779095336.778,0x200,8,B3 64 A4 83 EE 7A C2 A2,fuel=100.00
1779095336.874,0x300,8,40 44 70 3A 1A 73 68 14,temp=104.00
1779095336.968,0x100,8,53 89 32 BE 5C 5A 08 4F,speed=83.00
1779095337.060,0x200,8,16 64 1D 36 97 8C 82 CD,fuel=100.00
1779095337.152,0x300,8,40 73 AD 3B A3 F5 CF 6B,temp=104.00
1779095337.244,0x100,8,53 D4 9A 24 B0 79 31 58,speed=83.00
1779095337.338,0x200,8,15 64 12 E8 21 52 12 BE,fuel=100.00
1779095337.433,0x300,8,40 BD E6 97 E1 DB 5C E6,temp=104.00
1779095337.526,0x100,8,53 2B 25 4B 47 72 54 4E,speed=83.00
1779095337.620,0x200,8,20 64 C4 06 63 2C C3 58,fuel=100.00
1779095337.713,0x300,8,40 9F 38 D6 B3 67 EB F7,temp=104.00
1779095337.805,0x100,8,53 9B 78 77 04 03 69 E8,speed=83.00
1779095337.899,0x200,8,3F 64 4D 28 9B F8 51 F1,fuel=100.00
1779095337.992,0x300,8,40 73 E6 4E 8D BA 49 D9,temp=104.00
1779095338.087,0x100,8,53 5A 3D C7 C9 39 75 2C,speed=83.00
1779095338.180,0x200,8,5A 64 E6 1E 67 1D 5C 51,fuel=100.00
1779095338.282,0x300,8,40 8E EF 44 16 17 98 2F,temp=104.00
1779095338.367,0x100,8,53 B8 A4 92 95 A4 DA 63,speed=83.00
1779095338.473,0x200,8,D8 64 9C C1 D9 72 B2 C1,fuel=100.00
1779095338.556,0x300,8,40 4F DE 07 6E 17 B3 52,temp=104.00
1779095338.649,0x100,8,53 43 A7 F2 AD C6 92 B0,speed=83.00
1779095338.746,0x200,8,44 64 D6 83 F6 CB AF 52,fuel=100.00
1779095338.842,0x300,8,40 19 43 03 35 80 D7 DC,temp=104.00
1779095338.938,0x100,8,53 73 87 85 EA 12 75 9F,speed=83.00
1779095339.027,0x200,8,9E 64 C3 EB 96 B3 D0 68,fuel=100.00
1779095339.125,0x300,8,40 50 D7 2E 02 A6 80 F0,temp=104.00
1779095339.212,0x100,8,53 A9 6A 9C B6 70 35 27,speed=83.00
1779095339.306,0x200,8,D3 64 7A 5B D2 6A 9D 34,fuel=100.00
1779095339.402,0x300,8,41 11 71 C2 0C 98 74 EB,temp=105.00
1779095339.499,0x100,8,54 39 F3 11 3B 01 D6 B5,speed=84.00
1779095339.587,0x200,8,86 64 82 78 A7 D9 09 F7,fuel=100.00
1779095339.688,0x300,8,41 14 D9 DA 53 10 B0 58,temp=105.00
1779095339.779,0x100,8,54 C9 D7 E1 0D F2 FA 3A,speed=84.00
1779095339.868,0x200,8,2B 64 06 A7 76 3B BA 77,fuel=100.00
1779095339.963,0x300,8,41 9D BF F7 74 74 16 CA,temp=105.00
1779095340.058,0x100,8,54 75 87 B3 4E 5F 99 8D,speed=84.00
1779095340.154,0x200,8,E0 64 1C 94 EC 38 78 73,fuel=100.00
1779095340.249,0x300,8,41 73 C5 DC 4C FA C6 B3,temp=105.00
1779095340.433,0x100,8,54 90 C1 70 6A 2D D6 EB,speed=84.00
1779095340.537,0x200,8,AA 64 E3 8D 2D C3 32 0F,fuel=100.00
1779095340.618,0x300,8,41 AF 8E A8 07 5D 24 42,temp=105.00
1779095340.714,0x100,8,54 1A 1B 72 4E D6 79 0F,speed=84.00
1779095340.810,0x200,8,D6 64 2F 0C 5A 32 0B C6,fuel=100.00
1779095340.900,0x300,8,41 70 B6 7C A1 2C 1D D7,temp=105.00
1779095340.996,0x100,8,54 F2 DF 18 FA B9 CD E5,speed=84.00
1779095341.116,0x200,8,38 64 CE C5 3B 29 F5 B3,fuel=100.00
1779095341.181,0x300,8,41 EB 43 25 F8 EB DE 7A,temp=105.00
1779095341.273,0x100,8,54 94 4D B6 CE EE 4E 3C,speed=84.00
1779095341.370,0x200,8,DD 64 6E A1 58 85 9E 98,fuel=100.00
1779095341.466,0x300,8,41 FC 02 D8 4B F2 67 A9,temp=105.00
1779095341.560,0x100,8,54 B9 11 BC E9 5C D0 42,speed=84.00
1779095341.653,0x200,8,71 64 8F FB E0 1C A1 ED,fuel=100.00
1779095341.743,0x300,8,41 DF B4 52 2F 28 B4 56,temp=105.00
1779095341.836,0x100,8,54 70 AD 5E F6 1E E4 FF,speed=84.00
1779095341.932,0x200,8,E6 64 4C D4 78 51 72 58,fuel=100.00
1779095342.025,0x300,8,41 A5 7F 52 EE 99 07 F6,temp=105.00
1779095342.121,0x100,8,54 D6 97 58 72 1F 6F CC,speed=84.00
1779095342.215,0x200,8,FB 64 99 90 E9 79 5D 45,fuel=100.00
1779095342.310,0x300,8,41 EE 0E F1 12 D9 1B 13,temp=105.00
1779095342.399,0x100,8,54 67 8D CE 43 30 87 33,speed=84.00
1779095342.497,0x200,8,24 64 8A A3 00 CE 7D 31,fuel=100.00
1779095342.586,0x300,8,41 FC 41 37 6B 12 76 99,temp=105.00
1779095342.681,0x100,8,54 BB 03 3D 16 3F BD 9D,speed=84.00
1779095342.777,0x200,8,A7 64 B2 6C B3 68 D3 49,fuel=100.00
1779095342.870,0x300,8,41 1E 2D 04 42 F4 53 7C,temp=105.00
1779095342.968,0x100,8,54 25 F1 F0 4E 0F D6 9F,speed=84.00
1779095343.058,0x200,8,F6 64 23 7F 3D EA 30 3C,fuel=100.00
1779095343.151,0x300,8,41 6F B7 C8 53 68 0E 23,temp=105.00
1779095343.244,0x100,8,54 6F 7B E6 6E C5 98 F0,speed=84.00
1779095343.338,0x200,8,8E 64 F5 8D 7A 9B 3D FA,fuel=100.00
1779095343.430,0x300,8,41 AD 4B AF 82 FF C6 FE,temp=105.00
1779095343.526,0x100,8,54 34 4B 0C 1D F6 80 89,speed=84.00
1779095343.619,0x200,8,8F 64 7C EE D9 F3 CC 1F,fuel=100.00
1779095343.713,0x300,8,41 FF 85 B0 76 1E 72 EE,temp=105.00
1779095343.807,0x100,8,54 BE 41 EF C8 72 1D 2C,speed=84.00
1779095343.900,0x200,8,F5 64 B2 05 36 86 73 AE,fuel=100.00
1779095343.993,0x300,8,41 50 77 64 ED D8 59 20,temp=105.00
1779095344.090,0x100,8,54 6E 08 D1 F4 9B 77 82,speed=84.00
1779095344.181,0x200,8,8D 64 48 CA 94 90 C0 C9,fuel=100.00
1779095344.282,0x300,8,41 55 D0 57 78 03 27 AA,temp=105.00
1779095344.375,0x100,8,54 99 28 67 1C 4A 64 25,speed=84.00
1779095344.473,0x200,8,40 64 1E 72 6B F4 4B 90,fuel=100.00
1779095344.556,0x300,8,41 97 7C 64 16 98 02 46,temp=105.00
1779095344.650,0x100,8,54 A1 82 E9 25 9A 61 5D,speed=84.00
1779095344.746,0x200,8,8D 64 53 89 88 22 44 A6,fuel=100.00
1779095344.842,0x300,8,41 E2 CB DC D0 22 27 54,temp=105.00
1779095344.938,0x100,8,54 77 70 DA 82 80 0D 09,speed=84.00
1779095345.028,0x200,8,DD 64 8A FF D5 C6 81 D2,fuel=100.00
1779095345.127,0x300,8,41 4F 70 6C AC 1D 93 A0,temp=105.00
1779095345.211,0x100,8,54 16 09 C2 87 4E FD 23,speed=84.00
1779095345.306,0x200,8,51 64 DF 61 66 A1 A6 B2,fuel=100.00
1779095345.402,0x300,8,41 24 64 89 10 B3 B5 5C,temp=105.00
1779095345.499,0x100,8,54 E1 19 E8 0A E8 5F E8,speed=84.00
1779095345.594,0x200,8,52 64 EB 84 35 2C 39 DD,fuel=100.00
1779095345.689,0x300,8,41 65 34 72 4B 00 EF AA,temp=105.00
1779095345.784,0x100,8,54 54 2F 33 32 25 B6 37,speed=84.00
1779095345.868,0x200,8,1B 64 D5 17 32 65 99 9B,fuel=100.00
1779095345.962,0x300,8,41 DE 3C 9B E9 2C A5 D3,temp=105.00
1779095346.058,0x100,8,54 7E 8F 6D 54 11 65 CD,speed=84.00
1779095346.154,0x200,8,F6 64 33 40 32 47 B9 9D,fuel=100.00
1779095346.248,0x300,8,41 78 4E 7A 6B CF CB 95,temp=105.00
1779095346.336,0x100,8,54 D0 F4 25 42 E3 F8 6D,speed=84.00
1779095346.435,0x200,8,5E 64 67 0C 06 9A 9D 94,fuel=100.00
1779095346.524,0x300,8,41 6D EF 13 CC 6E C9 E9,temp=105.00
1779095346.618,0x100,8,54 7B 7B F6 05 2C 68 57,speed=84.00
1779095346.714,0x200,8,2F 64 12 D3 73 75 45 04,fuel=100.00
1779095346.808,0x300,8,41 96 83 32 35 98 08 3B,temp=105.00
1779095346.900,0x100,8,54 43 02 62 FE ED F9 CE,speed=84.00
1779095346.994,0x200,8,88 64 57 28 31 B2 E7 BE,fuel=100.00
1779095347.087,0x300,8,41 2C C3 40 C7 F4 EC 15,temp=105.00
1779095347.180,0x100,8,54 4A A1 DC 45 08 E7 3A,speed=84.00
1779095347.274,0x200,8,F5 64 87 D5 85 CA 69 15,fuel=100.00
1779095347.369,0x300,8,41 C3 94 7B 01 FB 1C FE,temp=105.00
1779095347.463,0x100,8,54 C7 36 54 A1 8A 20 8A,speed=84.00
1779095347.556,0x200,8,77 64 31 08 83 AF BA E5,fuel=100.00
1779095347.650,0x300,8,41 78 76 2B 00 18 71 23,temp=105.00
1779095347.743,0x100,8,54 8D E6 03 9E C9 46 2B,speed=84.00
1779095347.836,0x200,8,88 64 EE 25 E5 07 10 A2,fuel=100.00
1779095347.930,0x300,8,41 7D A5 CD 91 34 03 F1,temp=105.00
1779095348.027,0x100,8,54 77 59 09 77 AB B0 0C,speed=84.00
1779095348.122,0x200,8,BE 64 EE 5A B4 26 9C 8E,fuel=100.00
1779095348.212,0x300,8,41 1A 75 FB 30 8F D3 49,temp=105.00
1779095348.314,0x100,8,54 46 30 72 2C E6 93 ED,speed=84.00
1779095348.409,0x200,8,76 64 15 D8 01 F3 7E B9,fuel=100.00
1779095348.492,0x300,8,41 AE 78 A3 33 94 17 CA,temp=105.00
1779095348.586,0x100,8,54 0E 62 1A 09 80 61 E3,speed=84.00
1779095348.682,0x200,8,E5 64 9D 24 7F 09 40 C6,fuel=100.00
1779095348.778,0x300,8,41 43 AE 0C 18 6C 84 7D,temp=105.00
1779095348.874,0x100,8,54 DE 91 FF F5 92 04 39,speed=84.00
1779095348.968,0x200,8,58 64 6B 62 C5 34 81 80,fuel=100.00
1779095349.065,0x300,8,41 50 E2 59 20 71 81 02,temp=105.00
1779095349.159,0x100,8,54 18 67 5F 6F E6 AA 80,speed=84.00
1779095349.244,0x200,8,5A 64 94 E8 11 BE 6A BB,fuel=100.00
1779095349.337,0x300,8,41 56 84 16 B9 73 68 26,temp=105.00
1779095349.434,0x100,8,54 0A A2 0A D5 8F 21 6C,speed=84.00
1779095349.530,0x200,8,58 64 2F 05 D6 1C 29 F6,fuel=100.00
1779095349.626,0x300,8,41 6D 83 93 73 54 25 F2,temp=105.00
1779095349.722,0x100,8,54 9B D1 1E FC 73 5A FB,speed=84.00
1779095349.817,0x200,8,B8 64 C7 44 60 77 36 64,fuel=100.00
1779095349.899,0x300,8,41 5D 45 FC AE 88 9D E5,temp=105.00
1779095349.995,0x100,8,54 B2 B2 62 50 40 48 0C,speed=84.00
1779095350.090,0x200,8,DD 64 61 05 6E 62 22 06,fuel=100.00
1779095350.186,0x300,8,41 61 CE E7 E6 76 47 86,temp=105.00
1779095350.273,0x100,8,54 CC 96 DD AC A8 EC 8A,speed=84.00
1779095350.378,0x200,8,B2 64 B2 5E 45 99 CA DF,fuel=100.00
1779095350.462,0x300,8,41 B0 C6 3E D5 4D 67 D0,temp=105.00
1779095350.574,0x100,8,54 8C 5C 1E E4 B4 93 B0,speed=84.00
1779095350.649,0x200,8,41 64 90 AC 71 A8 03 81,fuel=100.00
1779095350.743,0x300,8,41 81 24 A4 A6 AC 7E 25,temp=105.00
1779095350.842,0x100,8,54 22 8F FF D0 91 FA FB,speed=84.00
1779095350.937,0x200,8,5B 64 2D DB 0D 00 87 2F,fuel=100.00
1779095351.135,0x300,8,41 4C 60 83 80 06 47 3F,temp=105.00
1779095351.212,0x100,8,54 FD 98 A2 08 CE D9 A4,speed=84.00
1779095351.306,0x200,8,68 64 B3 71 56 CE 3F 2A,fuel=100.00
1779095351.401,0x300,8,41 29 D9 9C 1C A8 BA C7,temp=105.00
1779095351.511,0x100,8,54 3C D1 25 31 A6 BC 78,speed=84.00
1779095351.594,0x200,8,B9 64 2C 94 02 0C 6B 95,fuel=100.00
1779095351.688,0x300,8,41 5F 76 9A 75 E6 12 FB,temp=105.00
1779095351.782,0x100,8,54 5D AE 6A D6 A2 1B C1,speed=84.00
1779095351.868,0x200,8,94 64 BB BC BD C6 10 BB,fuel=100.00
1779095351.962,0x300,8,41 3C 6B 71 BF 85 63 7D,temp=105.00
1779095352.058,0x100,8,54 17 3B E7 C5 25 D6 2D,speed=84.00
1779095352.154,0x200,8,99 64 D0 FC F6 BC 13 F3,fuel=100.00
1779095352.249,0x300,8,41 F8 15 0C 94 F8 EB DD,temp=105.00
1779095352.338,0x100,8,54 2B 17 57 93 B4 81 68,speed=84.00
1779095352.435,0x200,8,74 64 4F DC 2B 16 EB 37,fuel=100.00
1779095352.523,0x300,8,41 B0 7F FF F9 05 7A D0,temp=105.00
1779095352.617,0x100,8,54 EF 93 1C AA 0F 54 95,speed=84.00
1779095352.712,0x200,8,B3 64 B9 18 E7 9F A6 24,fuel=100.00
1779095352.808,0x300,8,41 CF 29 3E DB 9C A6 AF,temp=105.00
1779095352.903,0x100,8,54 7B 74 C1 39 E2 A2 83,speed=84.00
1779095352.997,0x200,8,BA 64 03 4D B3 97 62 FE,fuel=100.00
1779095353.089,0x300,8,41 36 6E 23 E6 26 3F 54,temp=105.00
1779095353.180,0x100,8,54 AB 48 D5 7E 97 5E 6F,speed=84.00
1779095353.273,0x200,8,BB 64 7A 5E 93 52 1B 10,fuel=100.00
1779095353.369,0x300,8,41 36 BD 98 2F 6F C3 27,temp=105.00
1779095353.466,0x100,8,54 EC 1E D6 12 87 54 DB,speed=84.00
1779095353.561,0x200,8,5D 64 74 43 06 3A E8 F6,fuel=100.00
1779095353.654,0x300,8,41 C7 A8 A0 5A 05 87 2D,temp=105.00
1779095353.743,0x100,8,54 2E 08 82 49 59 31 84,speed=84.00
1779095353.839,0x200,8,51 64 52 3E 33 86 C8 91,fuel=100.00
1779095353.961,0x300,8,41 3B D1 3A 64 8F C4 C4,temp=105.00
1779095354.026,0x100,8,54 A7 FF CA 39 17 B7 E5,speed=84.00
1779095354.120,0x200,8,E1 64 CB FA 3C 25 B8 B0,fuel=100.00
1779095354.213,0x300,8,41 89 79 30 D6 5C F9 51,temp=105.00
1779095354.308,0x100,8,54 07 BB 79 D4 1F 80 5B,speed=84.00
1779095354.401,0x200,8,E0 64 F8 8B A8 69 04 06,fuel=100.00
1779095354.493,0x300,8,41 45 B7 1E 5F A7 0B FE,temp=105.00
1779095354.640,0x100,8,54 E1 B0 C8 E8 E7 2A 27,speed=84.00
1779095354.682,0x200,8,06 64 98 0B B5 1C 79 B5,fuel=100.00
1779095354.778,0x300,8,41 2C 50 65 BA CC 57 7E,temp=105.00
1779095354.874,0x100,8,54 4E CA 9E 95 F2 51 6C,speed=84.00
1779095354.969,0x200,8,BC 64 78 DB 57 BF 5F 7E,fuel=100.00
1779095355.057,0x300,8,41 60 37 12 DB 6E 20 17,temp=105.00
1779095355.161,0x100,8,54 2B A6 10 D4 6B 4C 46,speed=84.00
1779095355.243,0x200,8,A3 64 E3 91 97 DC B4 CB,fuel=100.00
1779095355.338,0x300,8,41 53 FE 0E D7 1A B5 D2,temp=105.00
1779095355.434,0x100,8,54 20 66 E6 0D 5F 6D 03,speed=84.00
1779095355.524,0x200,8,24 64 56 AA 37 8B 59 3D,fuel=100.00
1779095355.626,0x300,8,41 B5 C3 99 6E 38 F0 6E,temp=105.00
1779095355.718,0x100,8,54 C0 5E F7 7B E5 4E 60,speed=84.00
1779095355.810,0x200,8,C0 64 91 1D 32 BB D9 84,fuel=100.00
1779095355.899,0x300,8,41 6D 8A EC 10 3B 49 29,temp=105.00
1779095355.994,0x100,8,54 A1 E1 39 B5 14 5B BA,speed=84.00
1779095356.089,0x200,8,F9 64 30 84 3C 18 20 11,fuel=100.00
1779095356.181,0x300,8,41 94 12 20 94 C8 A9 EE,temp=105.00
1779095356.281,0x100,8,54 58 63 30 02 0B D4 08,speed=84.00
1779095356.369,0x200,8,56 64 86 14 E9 53 A7 B6,fuel=100.00
1779095356.468,0x300,8,41 2B E9 1D 6B A5 49 5B,temp=105.00
1779095356.556,0x100,8,54 52 E9 BA DF F7 F5 5D,speed=84.00
1779095356.651,0x200,8,7D 64 D1 55 37 DA 1A 09,fuel=100.00
1779095356.746,0x300,8,41 E2 BC F8 0E 21 17 C8,temp=105.00
1779095356.868,0x100,8,54 3E D9 BF E7 54 D3 8E,speed=84.00
1779095356.935,0x200,8,F6 64 EB 50 76 C5 9D 86,fuel=100.00
1779095357.027,0x300,8,41 87 D3 63 09 BD F2 1A,temp=105.00
1779095357.122,0x100,8,54 15 46 8E 6C 09 4B E6,speed=84.00
1779095357.212,0x200,8,CE 64 A5 40 9B 22 31 D2,fuel=100.00
1779095357.306,0x300,8,41 43 B2 9A DF 8A DB 4B,temp=105.00
1779095357.399,0x100,8,54 AA D6 5A 21 AE DF D2,speed=84.00
1779095357.496,0x200,8,F8 64 CE 93 4F BD B8 1C,fuel=100.00
1779095357.591,0x300,8,41 0F F0 76 25 15 CE 65,temp=105.00
1779095357.680,0x100,8,54 1E 5F 0E E6 B1 74 EE,speed=84.00
1779095357.776,0x200,8,E2 64 9F AF 03 30 40 B7,fuel=100.00
1779095357.868,0x300,8,41 53 4D 3C 22 C4 9E FE,temp=105.00
1779095357.963,0x100,8,54 C2 96 B1 03 DB 4F 94,speed=84.00
1779095358.058,0x200,8,B2 64 7A E3 B4 60 3A 6B,fuel=100.00
1779095358.149,0x300,8,41 73 90 AF 68 31 75 57,temp=105.00
1779095358.242,0x100,8,54 E7 0C 27 01 FD 5A A2,speed=84.00
1779095358.337,0x200,8,F4 64 62 BE C8 26 D2 DE,fuel=100.00
1779095358.430,0x300,8,41 42 3D 55 4B 7B EA 69,temp=105.00
1779095358.524,0x100,8,54 CF BF 22 0A B7 99 A5,speed=84.00
1779095358.618,0x200,8,A7 64 C5 FC 5F 9F 5F D4,fuel=100.00
1779095358.713,0x300,8,41 B8 37 E8 C3 0E 2C 8B,temp=105.00
1779095358.809,0x100,8,54 1F 54 6A 64 4E A7 E4,speed=84.00
1779095358.903,0x200,8,EA 64 D1 D1 6C C0 09 34,fuel=100.00
1779095358.999,0x300,8,41 95 D5 80 5D 56 B7 EB,temp=105.00
1779095359.094,0x100,8,54 20 EB 88 05 C7 A7 A4,speed=84.00
1779095359.180,0x200,8,C6 64 8F B0 6C C7 76 F3,fuel=100.00
1779095359.274,0x300,8,41 23 E4 A8 9D FF 10 40,temp=105.00
1779095359.370,0x100,8,54 ED CC 5D A2 DD D0 F7,speed=84.00
1779095359.466,0x200,8,DE 64 35 12 F7 7E 19 4E,fuel=100.00
1779095359.558,0x300,8,41 2D 71 DC EE 4C 77 95,temp=105.00
1779095359.652,0x100,8,54 21 8A 8C D7 C2 BA E8,speed=84.00
1779095359.751,0x200,8,2E 64 B1 EA DC D6 3F 46,fuel=100.00
1779095359.842,0x300,8,41 78 4E 7A B9 CB 18 39,temp=105.00
1779095359.929,0x100,8,54 E1 AF 93 92 2A 48 9C,speed=84.00
1779095360.026,0x200,8,33 64 99 8A 43 9C 4D DC,fuel=100.00
1779095360.123,0x300,8,41 AD 3C B5 BE 04 7C 86,temp=105.00
1779095360.230,0x100,8,54 B7 2B ED 4E 51 CB 8C,speed=84.00
1779095360.305,0x200,8,75 64 4B 7F 4C F9 E7 77,fuel=100.00
1779095360.409,0x300,8,41 93 05 FB 5E 84 4A E2,temp=105.00
1779095360.497,0x100,8,54 A9 01 D4 0C 2C 97 17,speed=84.00
1779095360.586,0x200,8,49 64 25 7E 50 0C 5B FF,fuel=100.00
1779095360.682,0x300,8,41 6B 11 EC B9 B0 E8 53,temp=105.00
1779095360.778,0x100,8,54 78 AD 31 90 9B 3E A4,speed=84.00
1779095360.873,0x200,8,36 64 DB 94 72 80 6F FD,fuel=100.00
1779095360.967,0x300,8,41 8E 5E 10 3D 5B 98 CC,temp=105.00
1779095361.060,0x100,8,54 90 DA C9 E0 F8 A7 3C,speed=84.00
1779095361.152,0x200,8,60 64 7A B9 56 E3 B4 68,fuel=100.00
1779095361.242,0x300,8,41 F9 33 FE 63 EE B6 15,temp=105.00
1779095361.337,0x100,8,54 C8 CC E5 E0 E5 E7 86,speed=84.00
1779095361.432,0x200,8,FD 64 F0 A2 E8 23 13 9C,fuel=100.00
1779095361.526,0x300,8,41 A6 42 FF 99 1D 02 7D,temp=105.00
1779095361.620,0x100,8,54 81 02 4C 25 6D 7A D4,speed=84.00
1779095361.713,0x200,8,17 64 02 54 91 AB D9 6B,fuel=100.00
1779095361.807,0x300,8,41 03 A7 F9 67 8E D4 FA,temp=105.00
1779095361.900,0x100,8,54 57 83 2D 5A 69 87 1F,speed=84.00
1779095361.992,0x200,8,F7 64 9E 7A B5 9C 9B 3D,fuel=100.00
1779095362.090,0x300,8,41 84 0C 3D FE A6 D4 8E,temp=105.00
1779095362.180,0x100,8,54 C7 3B 8D 67 D7 F6 6D,speed=84.00
1779095362.280,0x200,8,42 64 F7 EF 3E 1D 27 6F,fuel=100.00
1779095362.371,0x300,8,41 4A 5F CD 90 0C CE 99,temp=105.00
1779095362.470,0x100,8,54 05 C8 5C EC 0C 48 EF,speed=84.00
1779095362.556,0x200,8,F5 64 14 F4 E5 FC B1 82,fuel=100.00
1779095362.650,0x300,8,41 32 07 9A 38 ED 70 2E,temp=105.00
1779095362.744,0x100,8,54 8E 3C 1D 7B 2E 9E 22,speed=84.00
1779095362.841,0x200,8,CB 64 90 F2 51 69 DF 21,fuel=100.00
1779095362.932,0x300,8,41 13 3B F4 DA B9 11 67,temp=105.00
1779095363.035,0x100,8,54 05 FB 1A 36 AD E2 30,speed=84.00
1779095363.119,0x200,8,2E 64 4C 83 B6 85 1E 6A,fuel=100.00
1779095363.222,0x300,8,41 58 2B F8 A9 08 68 38,temp=105.00
1779095363.306,0x100,8,54 61 2F D9 9A 78 72 60,speed=84.00
1779095363.400,0x200,8,4A 64 FE CB AF C7 4E FA,fuel=100.00
1779095363.492,0x300,8,41 BB D1 33 7B B7 9C 13,temp=105.00
1779095363.592,0x100,8,54 F8 2F 55 AE AE 75 8E,speed=84.00
1779095363.681,0x200,8,BD 64 C3 FE 54 D9 5B 38,fuel=100.00
1779095363.782,0x300,8,41 D7 3E DF E7 60 8D D3,temp=105.00
1779095363.876,0x100,8,54 DB DA BB C2 13 19 FD,speed=84.00
1779095363.962,0x200,8,76 64 C7 EA BC 6A 22 10,fuel=100.00
1779095364.059,0x300,8,41 56 A1 BE D4 87 35 EB,temp=105.00
1779095364.157,0x100,8,54 AE 90 3A E3 8E 0E E5,speed=84.00
1779095364.242,0x200,8,A3 64 21 F0 A3 87 F1 AB,fuel=100.00
1779095364.344,0x300,8,41 3C 62 99 BA 71 4B A7,temp=105.00
1779095364.435,0x100,8,54 B1 71 8F FA 80 9C 82,speed=84.00
1779095364.524,0x200,8,9D 64 35 E8 D5 0F 7F 71,fuel=100.00
1779095364.619,0x300,8,41 00 19 5F 28 89 9C 25,temp=105.00
1779095364.723,0x100,8,54 F7 B5 15 31 90 93 09,speed=84.00
1779095364.807,0x200,8,CE 64 5E EE D8 11 B4 A5,fuel=100.00
1779095364.906,0x300,8,41 AD F1 7C B0 D2 5E 5F,temp=105.00
1779095364.993,0x100,8,54 DE 73 18 B1 58 D2 0D,speed=84.00
1779095365.087,0x200,8,A7 64 D3 6E E6 25 69 F3,fuel=100.00
1779095365.180,0x300,8,41 63 1C B0 7B 03 CF A2,temp=105.00
1779095365.278,0x100,8,54 62 8D 55 34 E0 94 0C,speed=84.00
1779095365.367,0x200,8,06 64 10 35 15 EC 73 AE,fuel=100.00
1779095365.461,0x300,8,41 F9 22 54 4F 77 27 CA,temp=105.00
1779095365.563,0x100,8,54 D6 5F 03 BA 3C ED B0,speed=84.00
1779095365.652,0x200,8,B1 64 3E 23 5B 09 A3 E1,fuel=100.00
1779095365.748,0x300,8,41 A3 1B 18 3A 64 5F 71,temp=105.00
1779095365.844,0x100,8,54 06 9E 2F 35 C8 D7 5B,speed=84.00
1779095365.931,0x200,8,72 64 93 93 94 ED 7B 50,fuel=100.00
1779095366.035,0x300,8,41 0E 48 C4 DC AF B6 B0,temp=105.00
1779095366.122,0x100,8,54 1B 90 A4 7C C5 0C 23,speed=84.00
1779095366.219,0x200,8,1A 64 2B D3 49 3F 0F 62,fuel=100.00
1779095366.308,0x300,8,41 B1 F9 0F C7 67 B0 69,temp=105.00
1779095366.408,0x100,8,54 4F B2 C0 D0 90 1E E3,speed=84.00
1779095366.502,0x200,8,43 64 00 A6 A6 B3 77 C4,fuel=100.00
1779095366.586,0x300,8,41 0A 53 92 44 F8 B8 36,temp=105.00
1779095366.682,0x100,8,54 B4 02 F3 CA 72 51 C7,speed=84.00
1779095366.778,0x200,8,AA 64 90 21 5B 5D 53 12,fuel=100.00
1779095366.874,0x300,8,41 5D 75 0E 56 84 46 DB,temp=105.00
1779095366.967,0x100,8,54 62 AE E0 83 5D FA A8,speed=84.00
1779095367.058,0x200,8,23 64 E3 5E 92 9C 02 FA,fuel=100.00
1779095367.162,0x300,8,41 52 D4 3B 46 41 59 B8,temp=105.00
1779095367.244,0x100,8,54 9A 21 C9 75 39 F1 81,speed=84.00
1779095367.338,0x200,8,64 64 CD E5 1B DB 25 D2,fuel=100.00
1779095367.432,0x300,8,41 FD 33 39 FC A0 B5 F2,temp=105.00
1779095367.530,0x100,8,54 55 7C 04 1E 73 A1 98,speed=84.00
1779095367.627,0x200,8,AA 64 07 59 15 DD CB 74,fuel=100.00
1779095367.711,0x300,8,41 BF 2E 72 41 7D 50 A8,temp=105.00
1779095367.805,0x100,8,54 F7 08 29 24 0E D7 19,speed=84.00
1779095367.900,0x200,8,C5 64 10 00 E4 E4 87 05,fuel=100.00
1779095367.993,0x300,8,41 FA 6A 29 C2 62 0A 47,temp=105.00
1779095368.089,0x100,8,54 C2 01 62 C2 C5 57 B4,speed=84.00
1779095368.186,0x200,8,17 64 20 D4 5C E4 8F 83,fuel=100.00
1779095368.282,0x300,8,41 88 08 08 13 CC BB CC,temp=105.00
1779095368.377,0x100,8,54 BD D0 41 1B 61 B6 80,speed=84.00
1779095368.469,0x200,8,A4 64 8B 72 C7 88 CE AD,fuel=100.00
1779095368.555,0x300,8,41 63 01 E4 31 6A 5D FC,temp=105.00
1779095368.651,0x100,8,54 13 36 5A EA 7B 92 83,speed=84.00
1779095368.747,0x200,8,F3 64 2A 2A 41 9E EB 6C,fuel=100.00
1779095368.841,0x300,8,41 10 D1 77 67 4E 14 DE,temp=105.00
1779095368.938,0x100,8,54 18 F8 CD 67 24 B0 C4,speed=84.00
1779095369.033,0x200,8,B7 64 C9 0C 45 80 CE 52,fuel=100.00
1779095369.130,0x300,8,41 69 90 53 7C 35 EB 2D,temp=105.00
1779095369.211,0x100,8,54 3E 4C C8 F5 74 68 DB,speed=84.00
1779095369.305,0x200,8,38 64 FB 81 04 B2 26 61,fuel=100.00
1779095369.400,0x300,8,41 D3 1B F8 01 6A 6E DB,temp=105.00
1779095369.495,0x100,8,54 D4 AD 66 A9 16 9C 7C,speed=84.00
1779095369.590,0x200,8,39 64 32 23 4E 3B 83 1C,fuel=100.00
1779095369.684,0x300,8,41 45 6C 0E 59 D7 45 0A,temp=105.00
1779095369.777,0x100,8,54 A1 EC CE D0 D0 CF 5C,speed=84.00
1779095369.868,0x200,8,6E 64 85 56 1A 90 EA 51,fuel=100.00
1779095369.962,0x300,8,41 6E 71 A8 84 D2 6C AB,temp=105.00
1779095370.059,0x100,8,54 67 B1 F0 76 61 68 60,speed=84.00
1779095370.152,0x200,8,B2 64 6F 44 B8 36 0E 3E,fuel=100.00
1779095370.364,0x300,8,41 5E B0 0C 17 B2 FB 09,temp=105.00
1779095370.512,0x100,8,54 91 C3 E2 25 AB 5F 61,speed=84.00
1779095370.530,0x200,8,C0 64 EE 9E 1D C4 1B 8F,fuel=100.00
1779095370.618,0x300,8,41 24 FE A6 FA D4 51 4A,temp=105.00
1779095370.714,0x100,8,54 B0 95 0D 56 81 CE 74,speed=84.00
1779095370.809,0x200,8,C4 64 40 CA 41 BC 73 7C,fuel=100.00
1779095370.902,0x300,8,41 21 53 38 BC A5 AB E7,temp=105.00
1779095370.996,0x100,8,54 3A 0B 7E 73 AE 7A 50,speed=84.00
1779095371.091,0x200,8,46 64 12 AF 7D 30 25 81,fuel=100.00
1779095371.180,0x300,8,41 76 48 7A F2 ED 47 8B,temp=105.00
1779095371.274,0x100,8,54 96 3D 02 0E F0 EF 52,speed=84.00
1779095371.370,0x200,8,49 64 CF B6 21 72 A4 12,fuel=100.00
1779095371.465,0x300,8,41 E3 37 FF 49 29 96 C3,temp=105.00
1779095371.559,0x100,8,54 32 2D 9C CC 24 B7 EA,speed=84.00
1779095371.652,0x200,8,F2 64 B2 BC 1C 48 02 10,fuel=100.00
1779095371.747,0x300,8,41 46 FB F2 19 FE 5B A3,temp=105.00
1779095371.841,0x100,8,54 29 F1 26 E9 B7 59 68,speed=84.00
1779095371.931,0x200,8,2A 64 E7 D2 DC 45 7B 40,fuel=100.00
1779095372.024,0x300,8,41 DE E4 41 35 A4 43 BD,temp=105.00
1779095372.122,0x100,8,54 5E 77 6B 60 DA D3 FC,speed=84.00
1779095372.216,0x200,8,86 64 A8 8A 3E 35 56 37,fuel=100.00
1779095372.311,0x300,8,41 A8 59 03 08 71 15 21,temp=105.00
1779095372.399,0x100,8,54 FC 64 C5 CE DC 6D 7C,speed=84.00
1779095372.494,0x200,8,3B 64 8E 72 27 AB 47 A1,fuel=100.00
1779095372.591,0x300,8,41 25 8D 58 B7 E9 BA 59,temp=105.00
1779095372.682,0x100,8,54 8D 14 5F 7E 4A 9B EE,speed=84.00
1779095372.773,0x200,8,F8 64 55 E2 84 35 70 6D,fuel=100.00
1779095372.874,0x300,8,41 FD 6F EB 39 0B B6 5F,temp=105.00
1779095372.971,0x100,8,54 F9 30 C3 61 F2 15 1A,speed=84.00
1779095373.057,0x200,8,EF 64 0D 33 E2 21 52 CA,fuel=100.00
1779095373.160,0x300,8,41 6A 19 E3 27 51 6C 91,temp=105.00
1779095373.243,0x100,8,54 BE 75 2B E2 3D 5F 3D,speed=84.00
1779095373.341,0x200,8,33 64 86 00 64 C5 93 60,fuel=100.00
1779095373.434,0x300,8,41 A1 B2 A7 65 7E 55 6B,temp=105.00
1779095373.525,0x100,8,54 A7 9D 4F 9F 37 BF D0,speed=84.00
1779095373.626,0x200,8,A8 64 AF 91 DF CF AF 4E,fuel=100.00
1779095373.712,0x300,8,41 04 A4 23 70 FC D4 E8,temp=105.00
1779095373.817,0x100,8,54 3A 8C 46 7D AB 5F 29,speed=84.00
1779095373.916,0x200,8,43 64 FE F6 1F 1D 24 78,fuel=100.00
1779095373.994,0x300,8,41 F4 E3 4F 63 85 49 86,temp=105.00
1779095374.093,0x100,8,54 A3 B4 C0 75 BE BE 82,speed=84.00
1779095374.180,0x200,8,75 64 1C 96 09 31 8B C9,fuel=100.00
1779095374.282,0x300,8,41 B0 1A DA EE E9 A2 19,temp=105.00
1779095374.368,0x100,8,54 5D 3D 0D BF 2E 61 90,speed=84.00
1779095374.462,0x200,8,33 64 F7 44 2E 8F 58 88,fuel=100.00
1779095374.556,0x300,8,41 8D 82 BE 94 17 38 9C,temp=105.00
1779095374.649,0x100,8,54 B8 71 91 83 68 26 DF,speed=84.00
1779095374.761,0x200,8,AF 64 58 39 C7 A3 70 41,fuel=100.00
1779095374.839,0x300,8,41 B1 53 F3 3D 05 21 77,temp=105.00
1779095374.933,0x100,8,54 96 FA 24 AE B6 D3 A6,speed=84.00
1779095375.027,0x200,8,6D 64 5B DF 81 E1 30 84,fuel=100.00
1779095375.120,0x300,8,41 D7 7A 67 3A F0 A1 9D,temp=105.00
1779095375.211,0x100,8,54 6B 42 83 4F D4 AA BA,speed=84.00
1779095375.305,0x200,8,B5 64 DF E7 24 01 D1 7C,fuel=100.00
1779095375.401,0x300,8,41 45 1C A8 6A 63 9F 31,temp=105.00
1779095375.495,0x100,8,54 AA B2 AD 84 3B BE D7,speed=84.00
1779095375.591,0x200,8,6F 64 FB 87 32 1F E2 9A,fuel=100.00
1779095375.684,0x300,8,41 E3 8C ED B6 4F E5 0C,temp=105.00
1779095375.775,0x100,8,54 D9 1A D5 1C 13 B9 CE,speed=84.00
1779095375.867,0x200,8,F3 64 E4 37 37 72 2D B4,fuel=100.00
1779095375.962,0x300,8,41 D5 46 D9 92 C0 08 BE,temp=105.00
1779095376.059,0x100,8,54 BA 12 92 10 D1 BA EC,speed=84.00
1779095376.157,0x200,8,C5 64 8B 6B 1F 68 DF 96,fuel=100.00
1779095376.250,0x300,8,41 59 98 5A 32 D7 87 C1,temp=105.00
1779095376.341,0x100,8,54 B4 F9 5F 79 7B 02 26,speed=84.00
1779095376.435,0x200,8,B4 64 78 CC B7 36 82 A4,fuel=100.00
1779095376.918,0x300,8,41 84 3A E1 D1 5D 21 1D,temp=105.00
1779095376.997,0x100,8,54 08 13 DA E1 7E 8A 34,speed=84.00
1779095377.091,0x200,8,B8 64 4F BA 1E A8 3F 60,fuel=100.00
1779095377.185,0x300,8,41 8E BC 70 F5 0F 5A 29,temp=105.00
1779095377.273,0x100,8,54 44 18 8A BE 58 DC 07,speed=84.00
1779095377.381,0x200,8,84 64 E9 30 4A 7C B9 40,fuel=100.00
1779095377.461,0x300,8,41 B4 76 5D E8 4F 71 1B,temp=105.00
1779095377.555,0x100,8,54 DB C0 B7 28 97 61 7D,speed=84.00
1779095377.658,0x200,8,4F 64 36 1C 4F A8 32 E3,fuel=100.00
1779095377.754,0x300,8,41 E5 F3 DD 40 D0 AF 93,temp=105.00
1779095377.841,0x100,8,54 E3 EE C8 D5 C9 47 85,speed=84.00
1779095377.957,0x200,8,45 64 58 41 16 D2 27 02,fuel=100.00
1779095378.100,0x300,8,41 2E D8 02 B7 68 D1 A5,temp=105.00
1779095378.123,0x100,8,54 67 9A 85 51 EB 0C F4,speed=84.00
1779095378.211,0x200,8,E3 64 96 18 C7 C4 95 3B,fuel=100.00
1779095378.334,0x300,8,41 D5 F1 93 D0 7A 86 FB,temp=105.00
1779095378.398,0x100,8,54 14 30 2C 59 41 5B C0,speed=84.00
1779095378.495,0x200,8,EA 64 6D 94 CE C3 F3 10,fuel=100.00
1779095378.588,0x300,8,41 45 80 F9 22 84 FF FA,temp=105.00
1779095378.681,0x100,8,54 C0 BD 2E 86 94 F6 A3,speed=84.00
1779095378.774,0x200,8,96 64 00 59 1F 49 A7 FA,fuel=100.00
1779095378.869,0x300,8,41 C8 AA E6 A5 97 9E 78,temp=105.00
1779095378.961,0x100,8,54 38 64 4A ED 6B 18 A8,speed=84.00
1779095379.055,0x200,8,61 64 55 98 3B 29 26 5B,fuel=100.00
1779095379.149,0x300,8,41 99 46 EA FF 5D 1A 3C,temp=105.00
1779095379.243,0x100,8,54 30 52 85 6D 4A 6C 10,speed=84.00
1779095379.338,0x200,8,26 64 F8 3D 26 41 04 D0,fuel=100.00
1779095379.434,0x300,8,41 C0 20 BD CD 71 2A 1C,temp=105.00
1779095379.537,0x100,8,54 29 50 BF 78 5B 3A 58,speed=84.00
1779095379.619,0x200,8,47 64 CC 0A 70 3F 16 A6,fuel=100.00
1779095379.716,0x300,8,41 9A 84 41 DD 54 D1 5C,temp=105.00
1779095379.808,0x100,8,54 6B E1 3D F2 70 3C 96,speed=84.00
1779095379.908,0x200,8,A9 64 C5 1E 02 39 64 52,fuel=100.00
1779095379.994,0x300,8,41 24 7F 75 F7 66 BF 2A,temp=105.00
1779095380.091,0x100,8,54 77 0B 31 3E A7 BB BB,speed=84.00
1779095380.187,0x200,8,F4 64 DE 26 00 C9 F1 3D,fuel=100.00
1779095380.274,0x300,8,41 00 B5 BA 7D D3 1F 7E,temp=105.00
1779095380.378,0x100,8,54 8D C1 E8 CA F8 61 6E,speed=84.00
1779095380.472,0x200,8,37 64 88 50 07 F9 DB 4F,fuel=100.00
1779095380.556,0x300,8,41 66 18 51 AE 63 FB 46,temp=105.00
1779095380.664,0x100,8,54 1E 2D EE A0 75 3A E6,speed=84.00
1779095380.746,0x200,8,99 64 6B 8B 79 41 BC 67,fuel=100.00
1779095380.843,0x300,8,41 F9 4C F1 DB 56 E4 03,temp=105.00
1779095380.939,0x100,8,54 7F 53 65 82 46 0B 9F,speed=84.00
1779095381.025,0x200,8,59 64 C3 1F 58 A9 72 DE,fuel=100.00
1779095381.120,0x300,8,41 CB 0C 3D D4 AE 92 B8,temp=105.00
1779095381.211,0x100,8,54 33 B7 06 11 70 F1 1E,speed=84.00
1779095381.306,0x200,8,1B 64 CC 24 E3 BE 61 4A,fuel=100.00
1779095381.402,0x300,8,41 C6 40 1A 65 9B C8 2D,temp=105.00
1779095381.497,0x100,8,54 99 C4 7C 1B D6 E5 A9,speed=84.00
1779095381.591,0x200,8,33 64 91 DA AB 49 EE E5,fuel=100.00
1779095381.684,0x300,8,41 52 A8 B1 40 E9 72 43,temp=105.00
1779095381.832,0x100,8,54 DD D1 8D DB 2E 8D 4E,speed=84.00
1779095381.869,0x200,8,A1 64 E2 36 0F 8A 22 B1,fuel=100.00
1779095381.966,0x300,8,41 A6 BB C5 AA 07 22 A3,temp=105.00
1779095382.058,0x100,8,54 4E 63 E1 64 A1 F8 59,speed=84.00
1779095382.152,0x200,8,BD 64 19 33 FE 9B 2C DF,fuel=100.00
1779095382.244,0x300,8,41 58 F5 59 67 4E 12 47,temp=105.00
1779095382.338,0x100,8,54 D4 4B F8 76 2D 8C 0B,speed=84.00
1779095382.497,0x200,8,31 64 53 B3 B9 A5 9C 65,fuel=100.00
1779095382.627,0x300,8,41 A1 0B 5C F0 4F 1B 3C,temp=105.00
1779095382.713,0x100,8,54 8D 0E 7A DB 91 D3 FE,speed=84.00
1779095382.810,0x200,8,DD 64 2B 8F 73 21 6C 42,fuel=100.00
1779095382.905,0x300,8,41 E3 8B 7D 15 DB E1 D4,temp=105.00
1779095382.995,0x100,8,54 F3 5D 5A A8 4B BF 31,speed=84.00
1779095383.091,0x200,8,EF 64 E4 CE 05 E1 DD 3D,fuel=100.00
1779095383.191,0x300,8,41 2A 0A 81 27 93 59 E4,temp=105.00
1779095383.275,0x100,8,54 C6 BB 47 0C E7 0C 59,speed=84.00
1779095383.370,0x200,8,45 64 0D 99 AC 76 DA 05,fuel=100.00
1779095383.466,0x300,8,41 F4 12 48 83 09 30 89,temp=105.00
1779095383.563,0x100,8,54 95 84 35 0C 6D 0A 43,speed=84.00
1779095383.649,0x200,8,F7 64 40 32 5D 9D 7E FB,fuel=100.00
1779095383.745,0x300,8,41 FD 2E 15 E2 BE 30 4A,temp=105.00
1779095383.838,0x100,8,54 74 13 96 24 09 B7 46,speed=84.00
1779095383.930,0x200,8,87 64 86 4B 85 52 6F E0,fuel=100.00
1779095384.025,0x300,8,41 C6 59 E7 CD D4 3A DA,temp=105.00
1779095384.122,0x100,8,54 34 D5 3B 86 14 91 ED,speed=84.00
1779095384.217,0x200,8,5F 64 57 AC 4F 6E CE B7,fuel=100.00
1779095384.306,0x300,8,41 71 9F 62 D8 D6 47 02,temp=105.00
1779095384.408,0x100,8,54 73 3C 74 67 BD 55 F9,speed=84.00
1779095384.500,0x200,8,5B 64 76 67 65 FB EE 99,fuel=100.00
1779095384.591,0x300,8,41 0E EF 8C 9F 73 EF 4D,temp=105.00
1779095384.682,0x100,8,54 CB AA C8 DE 69 09 EF,speed=84.00
1779095384.775,0x200,8,9F 64 41 A7 86 1D C0 CF,fuel=100.00
1779095384.874,0x300,8,41 BB 1D 41 E2 38 77 70,temp=105.00
1779095384.966,0x100,8,54 BF 12 E3 88 7B C5 38,speed=84.00
1779095385.059,0x200,8,A6 64 A0 33 73 7A 8B C1,fuel=100.00
1779095385.157,0x300,8,41 2F 93 60 7A CF 0F 21,temp=105.00
1779095385.244,0x100,8,54 FE 69 D0 4C 9D A7 B9,speed=84.00
1779095385.338,0x200,8,48 64 3D D9 02 C9 DC 00,fuel=100.00
1779095385.434,0x300,8,41 A0 74 87 14 79 1D 2C,temp=105.00
1779095385.525,0x100,8,54 5C 59 5B A4 4E E5 F0,speed=84.00
1779095385.625,0x200,8,7D 64 48 EC 31 DF 0E FA,fuel=100.00
1779095385.721,0x300,8,41 86 C5 AD 7C E0 D6 F0,temp=105.00
1779095385.809,0x100,8,54 5D C3 AB 23 87 38 D8,speed=84.00
1779095385.899,0x200,8,89 64 86 B8 A5 6C F8 D6,fuel=100.00
1779095385.994,0x300,8,41 B0 22 C6 E9 D6 C9 B1,temp=105.00
1779095386.091,0x100,8,54 22 AF B6 7E 9E 8A 13,speed=84.00
1779095386.183,0x200,8,10 64 54 AE A8 81 99 B9,fuel=100.00
1779095386.274,0x300,8,41 1C 4F 36 A7 CA A8 E0,temp=105.00
1779095386.373,0x100,8,54 B2 6E 23 ED 58 E2 61,speed=84.00
1779095386.465,0x200,8,36 64 98 52 6E AB BD C1,fuel=100.00
1779095386.556,0x300,8,41 2C 25 F9 94 10 FA F7,temp=105.00
1779095386.650,0x100,8,54 94 37 35 02 23 2D A3,speed=84.00
1779095386.746,0x200,8,B7 64 38 00 CA E7 A8 49,fuel=100.00
1779095386.840,0x300,8,41 28 C4 44 26 5D E1 C3,temp=105.00
1779095386.935,0x100,8,54 F7 18 60 CC 95 74 3F,speed=84.00
1779095387.024,0x200,8,F5 64 15 01 FE 1C F6 40,fuel=100.00
1779095387.121,0x300,8,41 82 FB CB 9F C7 2E A1,temp=105.00
1779095387.212,0x100,8,54 4A 44 49 5D 90 04 69,speed=84.00
1779095387.306,0x200,8,27 64 09 7E 36 6C D3 DF,fuel=100.00
1779095387.402,0x300,8,41 BE D3 0B B4 09 75 95,temp=105.00
1779095387.496,0x100,8,54 4E 14 EA 67 CA 1C FB,speed=84.00
1779095387.590,0x200,8,28 64 FD A5 AF 8D 4B 26,fuel=100.00
1779095387.754,0x300,8,41 D7 A2 E1 2D 3F 1D 48,temp=105.00
1779095387.779,0x100,8,54 0F 2D CE 7D D6 5A 29,speed=84.00
1779095387.880,0x200,8,F0 64 98 3D 43 58 70 C3,fuel=100.00
1779095387.962,0x300,8,41 46 87 BB A6 C8 84 07,temp=105.00
1779095388.058,0x100,8,54 3F D9 DE 8A E8 CA 2C,speed=84.00
1779095388.156,0x200,8,64 64 27 F8 A0 5C 61 A4,fuel=100.00
1779095388.242,0x300,8,41 EA E9 D2 8C 93 CD AB,temp=105.00
1779095388.341,0x100,8,54 DB 27 52 4F 14 DB C4,speed=84.00
1779095388.442,0x200,8,9C 64 D3 AC CB 7E 69 62,fuel=100.00
1779095388.524,0x300,8,41 53 42 B2 7B FF 69 3D,temp=105.00
1779095388.617,0x100,8,54 B3 07 28 28 C7 62 2B,speed=84.00
1779095388.714,0x200,8,77 64 74 80 81 3E 9A 09,fuel=100.00
1779095388.805,0x300,8,41 B6 45 0A 65 8B 44 66,temp=105.00
1779095388.901,0x100,8,54 11 3B 43 72 A9 19 71,speed=84.00
1779095388.992,0x200,8,54 64 5E F2 CC 85 7A 47,fuel=100.00
1779095389.092,0x300,8,41 A8 D8 AC 6D 3F 48 1C,temp=105.00
1779095389.195,0x100,8,54 65 0B 61 DC FA CA 71,speed=84.00
1779095389.275,0x200,8,D7 64 65 12 3A 81 40 36,fuel=100.00
1779095389.367,0x300,8,41 F9 E6 0B 0A 40 74 92,temp=105.00
1779095389.461,0x100,8,54 A6 C3 8A 0C 62 0A DA,speed=84.00
1779095389.556,0x200,8,2D 64 30 3E 34 35 0C 2D,fuel=100.00
1779095389.648,0x300,8,41 7E ED 40 80 17 99 66,temp=105.00
1779095389.743,0x100,8,54 1D 4B 44 93 34 CD 03,speed=84.00
1779095389.836,0x200,8,F0 64 6B FB 27 AD 27 ED,fuel=100.00
1779095389.931,0x300,8,41 CD C7 8E 25 C9 1E 5C,temp=105.00
1779095390.024,0x100,8,54 4C 3A 36 2E 12 AC DC,speed=84.00
1779095390.118,0x200,8,1C 64 B4 BD 7C DE DB 89,fuel=100.00
1779095390.212,0x300,8,41 85 57 E9 BC DF 42 CA,temp=105.00
1779095390.307,0x100,8,54 1A 0D 72 EB CB 2C 5F,speed=84.00
1779095390.402,0x200,8,8A 64 0F 1B 84 AF 26 A4,fuel=100.00
1779095390.492,0x300,8,41 DD BC C8 F0 59 CC EB,temp=105.00
1779095390.587,0x100,8,54 F8 A7 2A C4 A7 A9 57,speed=84.00
1779095390.682,0x200,8,45 64 81 43 43 8B E3 1E,fuel=100.00
1779095390.774,0x300,8,41 84 89 F8 F3 8A 01 AC,temp=105.00
1779095390.873,0x100,8,54 40 56 8D 5B 95 BB 5A,speed=84.00
1779095390.966,0x200,8,5A 64 E8 F4 62 28 F1 19,fuel=100.00
1779095391.056,0x300,8,41 FF CC 1A 8F 43 9B CA,temp=105.00
1779095391.158,0x100,8,54 C2 C4 E2 37 00 5C 4F,speed=84.00
1779095391.244,0x200,8,EC 64 EC 48 F8 32 5F B9,fuel=100.00
1779095391.338,0x300,8,41 94 98 DE 0D 81 96 51,temp=105.00
1779095391.433,0x100,8,54 72 C2 EC 4B 62 15 B0,speed=84.00
1779095391.523,0x200,8,94 64 7F F4 CF 49 34 CA,fuel=100.00
1779095391.617,0x300,8,41 11 39 77 3E AD 64 BA,temp=105.00
1779095391.723,0x100,8,54 67 F5 F3 E3 F3 BB 23,speed=84.00
1779095391.805,0x200,8,13 64 EB 11 E7 64 F4 21,fuel=100.00
1779095391.898,0x300,8,41 5B E6 B8 33 B1 61 DD,temp=105.00
1779095391.993,0x100,8,54 CD 03 D9 E6 CF B9 19,speed=84.00
1779095392.090,0x200,8,6B 64 A0 4E B4 34 33 8B,fuel=100.00
1779095392.184,0x300,8,41 CF E0 8B C0 4C 0D EB,temp=105.00
1779095392.277,0x100,8,54 4E 1E 74 7F 28 E9 04,speed=84.00
1779095392.371,0x200,8,6C 64 A3 E2 B1 41 C8 C5,fuel=100.00
1779095392.464,0x300,8,41 58 38 AE B4 E1 B5 B8,temp=105.00
1779095392.556,0x100,8,54 2C 38 6F 98 EA 44 EF,speed=84.00
1779095392.669,0x200,8,47 64 84 CE F7 3F F3 7E,fuel=100.00
1779095392.743,0x300,8,41 9C 46 9B B7 7B A8 7E,temp=105.00
1779095392.840,0x100,8,54 43 41 31 9C 5C 21 5E,speed=84.00
1779095392.933,0x200,8,A4 64 4C 9B 26 B0 23 25,fuel=100.00
1779095393.024,0x300,8,41 64 F3 B1 72 4A C5 8C,temp=105.00
1779095393.123,0x100,8,54 62 5F 8F D6 E3 B1 A9,speed=84.00
1779095393.212,0x200,8,3B 64 AD 11 C7 48 71 69,fuel=100.00
1779095393.305,0x300,8,41 FB B5 05 E0 D8 4A 4D,temp=105.00
1779095393.401,0x100,8,54 AC 42 A6 28 3C E8 9B,speed=84.00
1779095393.497,0x200,8,F6 64 00 8F 8B DC 1B 05,fuel=100.00
1779095393.591,0x300,8,41 73 C2 09 8A 5F 2C 78,temp=105.00
1779095393.693,0x100,8,54 F3 9D 89 51 33 6A 9C,speed=84.00
1779095393.775,0x200,8,AA 64 42 73 7D F2 E7 A9,fuel=100.00
1779095393.868,0x300,8,41 0B EE 67 11 A8 C8 12,temp=105.00
1779095393.962,0x100,8,54 FF 75 3D C3 8F CE FB,speed=84.00
1779095394.059,0x200,8,1E 64 0C EF 28 23 84 D9,fuel=100.00
1779095394.153,0x300,8,41 C8 88 1E 0A 3D 0A E4,temp=105.00
1779095394.245,0x100,8,54 78 9C 14 C4 DE 89 A4,speed=84.00
1779095394.340,0x200,8,2C 64 62 56 D8 64 00 CE,fuel=100.00
1779095394.432,0x300,8,41 01 2A 75 36 DA C2 F2,temp=105.00
1779095394.524,0x100,8,54 15 50 D0 B6 B5 48 06,speed=84.00
1779095394.618,0x200,8,7F 64 B7 4D 66 BD 63 E6,fuel=100.00
1779095394.714,0x300,8,41 BD B5 CC 42 E8 98 12,temp=105.00
1779095394.810,0x100,8,54 0A 17 16 99 82 E1 41,speed=84.00
1779095394.906,0x200,8,45 64 5A BA 7F 14 32 42,fuel=100.00
1779095394.995,0x300,8,41 5A 57 C2 87 AE EF 52,temp=105.00
1779095395.090,0x100,8,54 CF F7 5E B8 F8 2A 2F,speed=84.00
1779095395.180,0x200,8,B5 64 47 26 69 F7 29 84,fuel=100.00
1779095395.274,0x300,8,41 77 81 E7 F1 A4 33 89,temp=105.00
1779095395.370,0x100,8,54 A4 60 9B A0 C8 0B 6D,speed=84.00
1779095395.462,0x200,8,43 64 3A C2 14 27 4C CE,fuel=100.00
1779095395.562,0x300,8,41 B8 66 7B C9 0B C6 EB,temp=105.00
1779095395.654,0x100,8,54 8B 48 C1 92 96 2D 43,speed=84.00
1779095395.758,0x200,8,BE 64 71 8B AB 80 7A 87,fuel=100.00
1779095395.858,0x300,8,41 A6 44 AF E5 ED 55 12,temp=105.00
1779095395.931,0x100,8,54 79 7B 88 DF F6 88 D1,speed=84.00
1779095396.053,0x200,8,A9 64 48 2F A8 06 E9 6F,fuel=100.00
1779095396.122,0x300,8,41 AA A5 1F 55 9B AF AB,temp=105.00
1779095396.217,0x100,8,54 B5 73 E1 74 09 90 38,speed=84.00
1779095396.313,0x200,8,42 64 58 EB 8A 28 75 74,fuel=100.00
1779095396.406,0x300,8,41 F8 AD BF B3 A4 96 D6,temp=105.00
1779095396.493,0x100,8,54 32 5A F1 99 58 91 BD,speed=84.00
1779095396.588,0x200,8,2E 64 83 94 C4 37 4D B3,fuel=100.00
1779095396.682,0x300,8,41 2C 0F E5 2F C8 F8 16,temp=105.00
1779095396.774,0x100,8,54 73 DD 96 0E 65 4E A3,speed=84.00
1779095396.874,0x200,8,BC 64 5B 14 3A E2 0A 49,fuel=100.00
1779095396.970,0x300,8,41 0E B2 96 81 25 44 D6,temp=105.00
1779095397.066,0x100,8,54 68 6C B2 1F 85 96 9B,speed=84.00
1779095397.158,0x200,8,76 64 C8 F2 45 17 10 BE,fuel=100.00
1779095397.243,0x300,8,41 39 57 4B 61 24 1E F7,temp=105.00
1779095397.342,0x100,8,54 26 D1 49 1D 10 35 57,speed=84.00
1779095397.431,0x200,8,2B 64 8C E4 FE 9C 00 99,fuel=100.00
1779095397.524,0x300,8,41 39 AD 5C FF E0 60 CC,temp=105.00
1779095397.620,0x100,8,54 B4 18 0B 88 8D 34 9F,speed=84.00
1779095397.714,0x200,8,A3 64 F4 9C 16 9C 60 30,fuel=100.00
1779095397.808,0x300,8,41 15 7B FC EE 62 90 5E,temp=105.00
1779095397.899,0x100,8,54 60 74 14 DC 82 68 32,speed=84.00
1779095397.994,0x200,8,AA 64 DB 19 AF DC 18 95,fuel=100.00
1779095398.110,0x300,8,41 46 39 94 D4 99 62 65,temp=105.00
1779095398.183,0x100,8,54 BC 5D D3 90 24 01 89,speed=84.00
1779095398.275,0x200,8,CB 64 9B F9 3F 8A 00 3C,fuel=100.00
1779095398.371,0x300,8,41 68 CF 64 41 6F 1B 0E,temp=105.00
1779095398.462,0x100,8,54 8B AB DE E5 85 D3 8A,speed=84.00
1779095398.556,0x200,8,41 64 C3 9B A8 D6 63 DA,fuel=100.00
1779095398.649,0x300,8,41 A2 0D CA 4E 03 C6 B1,temp=105.00
1779095398.750,0x100,8,54 54 6B 58 43 6F 76 91,speed=84.00
1779095398.840,0x200,8,1C 64 60 6D C3 71 76 1B,fuel=100.00
1779095398.937,0x300,8,41 88 5D 23 70 30 C1 20,temp=105.00
1779095399.024,0x100,8,54 6B AF 6D 71 0B FC 69,speed=84.00
1779095399.130,0x200,8,0D 64 C5 B3 35 75 24 E2,fuel=100.00
1779095399.211,0x300,8,41 53 64 BA 51 0B C3 20,temp=105.00
1779095399.306,0x100,8,54 2E 67 27 72 B3 1C 11,speed=84.00
1779095399.408,0x200,8,0F 64 C4 66 AD 39 13 3A,fuel=100.00
1779095399.493,0x300,8,41 5C F7 2D E1 5A E1 F7,temp=105.00
1779095399.591,0x100,8,54 D2 EE 15 E9 75 0A 0C,speed=84.00
1779095399.688,0x200,8,F4 64 7C 78 62 CD 4D C8,fuel=100.00
1779095399.774,0x300,8,41 47 AE A3 9F 52 81 3F,temp=105.00
1779095399.867,0x100,8,54 99 EA 65 35 18 04 A6,speed=84.00
1779095399.962,0x200,8,1D 64 ED BB E5 41 87 E3,fuel=100.00
1779095400.058,0x300,8,41 08 C0 23 AE 07 CF 6E,temp=105.00
1779095400.154,0x100,8,54 F5 B0 6B ED CE 39 E0,speed=84.00
1779095400.250,0x200,8,51 64 71 04 B6 94 27 8B,fuel=100.00
1779095400.356,0x300,8,41 68 A0 24 5C D0 84 81,temp=105.00
1779095400.435,0x100,8,54 0A 55 84 B7 EC 2F 03,speed=84.00
1779095400.542,0x200,8,01 64 DF 34 25 E3 4D 8C,fuel=100.00
1779095400.626,0x300,8,41 4D 35 6D 74 DE CA 65,temp=105.00
1779095400.720,0x100,8,54 9C 32 8F 7C 1A 0C CF,speed=84.00
1779095400.821,0x200,8,6B 64 BC 35 D1 27 BA 32,fuel=100.00
1779095400.903,0x300,8,41 60 62 91 CC E2 30 AB,temp=105.00
1779095400.996,0x100,8,54 59 16 9D 79 49 29 2D,speed=84.00
1779095401.093,0x200,8,FA 64 91 13 EE 22 DE 18,fuel=100.00
1779095401.183,0x300,8,41 C9 35 09 08 40 55 22,temp=105.00
1779095401.274,0x100,8,54 60 B5 14 A0 EA 06 43,speed=84.00
1779095401.368,0x200,8,EC 64 6A 75 BC FF 51 10,fuel=100.00
1779095401.461,0x300,8,41 91 BB 0D 50 29 24 30,temp=105.00
1779095401.557,0x100,8,54 F9 91 61 D2 4A 1B 0F,speed=84.00
1779095401.649,0x200,8,77 64 CD 58 36 A6 D9 C4,fuel=100.00
1779095401.743,0x300,8,41 91 4D B7 F6 A5 49 8A,temp=105.00
1779095401.842,0x100,8,54 73 3B AD 30 2E 96 AB,speed=84.00
1779095401.930,0x200,8,51 64 0D 4E FB AA 04 5E,fuel=100.00
1779095402.024,0x300,8,41 7A 51 0A BD 83 34 E5,temp=105.00
1779095402.138,0x100,8,54 17 FB 03 E1 AC 1E 0C,speed=84.00
1779095402.229,0x200,8,4F 64 FB 39 4B 3E D2 40,fuel=100.00
1779095402.528,0x300,8,41 0A 9B F7 CC BE 1C 95,temp=105.00
1779095402.590,0x100,8,54 85 99 1E 18 B8 46 A2,speed=84.00
1779095402.682,0x200,8,9B 64 03 0C C7 8C 58 83,fuel=100.00
1779095402.778,0x300,8,41 7D 2D 15 81 FE 50 B6,temp=105.00
1779095402.874,0x100,8,54 02 B9 43 D5 5E FB A0,speed=84.00
1779095402.970,0x200,8,5E 64 34 BF 28 D7 67 97,fuel=100.00
1779095403.066,0x300,8,41 01 F4 B8 4C D8 9A D8,temp=105.00
1779095403.157,0x100,8,54 6E 73 03 08 22 42 A3,speed=84.00
1779095403.242,0x200,8,74 64 43 27 20 4E 05 CB,fuel=100.00
1779095403.336,0x300,8,41 C6 EC C2 2C EB B7 E9,temp=105.00
1779095403.432,0x100,8,54 FF FD 09 B7 0B 86 21,speed=84.00
1779095403.525,0x200,8,E5 64 F9 F6 89 12 5D 8F,fuel=100.00
1779095403.620,0x300,8,41 28 40 DC E3 B9 83 25,temp=105.00
1779095403.717,0x100,8,54 DB 3E BF 70 26 D8 B0,speed=84.00
1779095403.809,0x200,8,E7 64 E5 02 AD 63 01 74,fuel=100.00
1779095403.900,0x300,8,41 60 74 A1 A7 98 7D D2,temp=105.00
1779095403.994,0x100,8,54 CA 4F 97 1A 67 F6 A6,speed=84.00
1779095404.088,0x200,8,1C 64 04 D8 33 ED 46 31,fuel=100.00
1779095404.181,0x300,8,41 07 70 B4 A9 30 88 26,temp=105.00
1779095404.274,0x100,8,54 A6 CC 97 7B 2C 9F D0,speed=84.00
1779095404.368,0x200,8,55 64 FC 18 DA D8 F6 AC,fuel=100.00
1779095404.461,0x300,8,41 9D 5A 1A B9 30 CF D1,temp=105.00
1779095404.554,0x100,8,54 2B 9A DD 26 57 A2 FF,speed=84.00
1779095404.650,0x200,8,35 64 66 E1 B7 10 62 F9,fuel=100.00
1779095404.747,0x300,8,41 BF DD 48 FA 1B A9 EE,temp=105.00
1779095404.842,0x100,8,54 68 A5 4D F6 1C A0 72,speed=84.00
1779095404.941,0x200,8,C9 64 74 A3 78 66 14 25,fuel=100.00
1779095405.024,0x300,8,41 C0 10 39 85 1C 8D DC,temp=105.00
1779095405.119,0x100,8,54 A2 40 AB EC 76 D7 63,speed=84.00
1779095405.211,0x200,8,5C 64 D7 12 81 E7 D6 98,fuel=100.00
1779095405.306,0x300,8,41 9F 92 DE F6 C3 C0 5D,temp=105.00
1779095405.407,0x100,8,54 98 31 84 CB BA 2F FB,speed=84.00
1779095405.498,0x200,8,95 64 0A BF D3 AC 6C 9F,fuel=100.00
1779095405.591,0x300,8,41 DF DE E1 10 4C 14 CB,temp=105.00
1779095405.687,0x100,8,54 AE DA 3F E1 24 9E AC,speed=84.00
1779095405.781,0x200,8,58 64 68 70 29 53 DB D3,fuel=100.00
1779095405.868,0x300,8,41 0C 58 61 4C C9 EB 0A,temp=105.00
1779095405.969,0x100,8,54 49 A3 6A 73 8C B4 FD,speed=84.00
1779095406.058,0x200,8,03 64 D5 C8 60 F1 BB 1B,fuel=100.00
1779095406.153,0x300,8,41 96 4A 9C 56 A6 EA 70,temp=105.00
1779095406.250,0x100,8,54 4F 8D 5E 3C D3 60 38,speed=84.00
1779095406.341,0x200,8,D8 64 28 46 D1 80 AB 84,fuel=100.00
1779095406.438,0x300,8,41 9E 6D B2 3E 20 D7 B2,temp=105.00
1779095406.523,0x100,8,54 52 10 19 05 D1 B5 99,speed=84.00
1779095406.618,0x200,8,91 64 22 EC 07 51 9E B8,fuel=100.00
1779095406.713,0x300,8,41 C4 7B 0B CA 08 EA 1F,temp=105.00
1779095406.808,0x100,8,54 F5 D3 C8 0E A5 73 AA,speed=84.00
1779095406.907,0x200,8,8D 64 39 4E 2C 4F 00 84,fuel=100.00
1779095406.997,0x300,8,41 34 B4 DD 23 0B C3 F1,temp=105.00
1779095407.091,0x100,8,54 85 BB 7F F7 C8 FA 41,speed=84.00
1779095407.179,0x200,8,B2 64 49 37 DE D3 78 D1,fuel=100.00
1779095407.274,0x300,8,41 E0 07 94 01 C2 D2 27,temp=105.00
1779095407.370,0x100,8,54 6C 6E FD 68 9A 3D 82,speed=84.00
1779095407.464,0x200,8,CC 64 43 F3 FB A0 8A A8,fuel=100.00
1779095407.563,0x300,8,41 E4 18 F5 FB B5 30 F0,temp=105.00
1779095407.672,0x100,8,54 1C 6D 07 B4 FF 65 06,speed=84.00
1779095407.744,0x200,8,16 64 AF EB 37 09 8E A7,fuel=100.00
1779095407.841,0x300,8,41 3F CC 8F 41 67 A1 75,temp=105.00
1779095407.929,0x100,8,54 8F C7 42 E4 36 DC F9,speed=84.00
1779095408.024,0x200,8,3D 64 81 50 9F 79 F1 09,fuel=100.00
1779095408.126,0x300,8,41 F5 3D 0C E1 8A ED 09,temp=105.00
1779095408.218,0x100,8,54 BD 30 AF E2 5D 88 0C,speed=84.00
1779095408.310,0x200,8,7A 64 5C B9 2F 9D 37 88,fuel=100.00
1779095408.406,0x300,8,41 47 08 62 6F D2 BA 73,temp=105.00
1779095408.500,0x100,8,54 FB 3D 90 C9 08 1C 22,speed=84.00
1779095408.591,0x200,8,F7 64 97 8C 67 4D E2 E5,fuel=100.00
1779095408.681,0x300,8,41 76 FF BE 98 21 B6 DE,temp=105.00
1779095408.775,0x100,8,54 4E 0A 9F F4 D3 0B 53,speed=84.00
1779095408.874,0x200,8,37 64 A5 F4 1E 2C B0 15,fuel=100.00
1779095408.969,0x300,8,41 D1 2A 18 26 4F 5E 82,temp=105.00
1779095409.055,0x100,8,54 7D EF D2 D6 C6 CD 12,speed=84.00
1779095409.159,0x200,8,16 64 07 DB 2C 0C E1 40,fuel=100.00
1779095409.244,0x300,8,41 F6 AC 08 01 9F 79 65,temp=105.00
1779095409.338,0x100,8,54 65 94 B2 A2 18 FB BD,speed=84.00
1779095409.434,0x200,8,26 64 6F 63 E7 90 1F 6F,fuel=100.00
1779095409.525,0x300,8,41 89 C9 51 67 E5 D5 45,temp=105.00
1779095409.619,0x100,8,54 85 AD 90 BA A5 DF AE,speed=84.00
1779095409.718,0x200,8,66 64 C2 F6 17 74 04 B9,fuel=100.00
1779095409.805,0x300,8,41 6B 0D 4F 74 3F E6 7A,temp=105.00
1779095409.900,0x100,8,54 63 B4 D5 1B 6C 82 2E,speed=84.00
1779095409.994,0x200,8,85 64 F4 AB 35 C4 47 E6,fuel=100.00
1779095410.089,0x300,8,41 36 C0 78 06 0F EA 9A,temp=105.00
1779095410.185,0x100,8,54 38 DB BA 45 6B 28 77,speed=84.00
1779095410.275,0x200,8,5C 64 D4 42 72 AE 8A 80,fuel=100.00
1779095410.373,0x300,8,41 49 12 9C 79 9F 9D B7,temp=105.00
1779095410.474,0x100,8,54 32 0C 07 BB 5E 2B 4D,speed=84.00
1779095410.556,0x200,8,D5 64 A9 20 D9 CE 73 83,fuel=100.00
1779095410.650,0x300,8,41 B6 75 60 0D 85 78 5D,temp=105.00
1779095410.745,0x100,8,54 8E BF 55 EB 80 24 A1,speed=84.00
1779095410.842,0x200,8,AE 64 30 C3 47 D6 0D FE,fuel=100.00
1779095410.933,0x300,8,41 17 97 7F 61 F3 49 78,temp=105.00
1779095411.031,0x100,8,54 A3 81 0D 07 AB 29 C6,speed=84.00
1779095411.124,0x200,8,AA 64 46 A8 9D AF 8A B8,fuel=100.00
1779095411.212,0x300,8,41 ED 74 D6 5C 4B 05 D8,temp=105.00
1779095411.306,0x100,8,54 6C D7 E3 38 13 55 6B,speed=84.00
1779095411.400,0x200,8,F3 64 2B 8E EE B7 FA DD,fuel=100.00
1779095411.495,0x300,8,41 AF B3 AE 2D 0B C6 BA,temp=105.00
1779095411.590,0x100,8,54 C6 F8 6C 57 99 49 1B,speed=84.00
1779095411.681,0x200,8,91 64 9F 9B A5 58 B9 26,fuel=100.00
1779095411.777,0x300,8,41 79 CD 08 CF 44 3D 66,temp=105.00
1779095411.868,0x100,8,54 18 8F 2E 38 EA CE F1,speed=84.00
1779095411.961,0x200,8,F1 64 F3 F7 17 33 7E F3,fuel=100.00
1779095412.057,0x300,8,41 AE 0C 21 88 63 B1 6F,temp=105.00
1779095412.152,0x100,8,54 56 88 71 8D DE 32 CF,speed=84.00
1779095412.246,0x200,8,26 64 49 C3 26 E9 FF 6E,fuel=100.00
1779095412.374,0x300,8,41 C7 A1 13 64 07 DF 43,temp=105.00
1779095412.437,0x100,8,54 51 1D C3 0F 81 B9 60,speed=84.00
1779095412.524,0x200,8,6E 64 F4 38 91 77 3B 08,fuel=100.00
1779095412.618,0x300,8,41 8D C7 92 41 BD 95 48,temp=105.00
1779095412.714,0x100,8,54 19 FE F1 E6 FD E5 65,speed=84.00
1779095412.808,0x200,8,E3 64 87 F4 90 7D C1 0C,fuel=100.00
1779095412.900,0x300,8,41 D1 D0 C8 3B 7C AF 09,temp=105.00
1779095412.993,0x100,8,54 DD F8 B5 A9 15 A9 C8,speed=84.00
1779095413.087,0x200,8,9A 64 D6 B4 B6 60 F9 17,fuel=100.00
1779095413.180,0x300,8,41 AB 62 8E 46 38 B9 FC,temp=105.00
1779095413.274,0x100,8,54 B0 E2 BE 21 44 62 67,speed=84.00
1779095413.368,0x200,8,58 64 55 E0 3A A0 D8 A9,fuel=100.00
1779095413.466,0x300,8,41 00 89 E0 E2 C6 8B 4D,temp=105.00
1779095413.559,0x100,8,54 1B 64 33 90 0F 6F 4E,speed=84.00
1779095413.658,0x200,8,E0 64 C9 E7 4F 60 62 8C,fuel=100.00
1779095413.752,0x300,8,41 4D 48 CB EF 85 7F 36,temp=105.00
1779095413.842,0x100,8,54 50 C8 33 A0 78 FE 51,speed=84.00
1779095413.930,0x200,8,10 64 C7 EC 40 F2 C5 34,fuel=100.00
1779095414.025,0x300,8,41 60 1B DB 8A 1F 24 B4,temp=105.00
1779095414.121,0x100,8,54 E5 89 2F 8D C7 EC 3C,speed=84.00
1779095414.218,0x200,8,7E 64 D7 17 98 B4 E4 CA,fuel=100.00
1779095414.311,0x300,8,41 41 66 F5 9E 59 D6 C6,temp=105.00
1779095414.401,0x100,8,54 6F 84 F3 F7 9A 38 C2,speed=84.00
1779095414.492,0x200,8,01 64 3D 62 4B AF 24 C2,fuel=100.00
1779095414.587,0x300,8,41 C3 7B E3 5C F1 9F 02,temp=105.00
1779095414.682,0x100,8,54 3D 1C 39 D2 2C 29 53,speed=84.00
1779095414.778,0x200,8,F0 64 E0 A8 9B 52 7F D7,fuel=100.00
1779095414.872,0x300,8,41 CA E6 7B DC 04 A1 9B,temp=105.00
1779095414.965,0x100,8,54 41 36 45 08 28 57 29,speed=84.00
1779095415.057,0x200,8,F1 64 67 FB 77 DD B7 D7,fuel=100.00
1779095415.151,0x300,8,41 A7 A1 D3 9D CD 80 A0,temp=105.00
1779095415.242,0x100,8,54 37 C2 CB BA F3 CE 54,speed=84.00
1779095415.337,0x200,8,78 64 14 7C 09 DA A3 50,fuel=100.00
1779095415.432,0x300,8,41 81 8B 80 80 14 C8 2C,temp=105.00
1779095415.526,0x100,8,54 56 9F ED 6B E4 F7 96,speed=84.00
1779095415.620,0x200,8,75 64 7A C5 E2 0B 16 93,fuel=100.00
1779095415.711,0x300,8,41 98 E8 29 6C 7C BA BC,temp=105.00
1779095415.804,0x100,8,54 DE D4 61 E3 F1 EC E5,speed=84.00
1779095415.900,0x200,8,27 64 35 6A BB 73 42 A5,fuel=100.00
1779095415.994,0x300,8,41 8A 40 75 C5 92 51 5E,temp=105.00
1779095416.088,0x100,8,54 E9 2D B6 94 0E 3A AF,speed=84.00
1779095416.182,0x200,8,1B 64 00 21 C3 45 DD AB,fuel=100.00
1779095416.282,0x300,8,41 DB 7F 8D DF 5B 95 48,temp=105.00
1779095416.371,0x100,8,54 A9 68 64 99 A6 69 46,speed=84.00
1779095416.468,0x200,8,32 64 70 F4 43 09 8B 26,fuel=100.00
1779095416.560,0x300,8,41 EE FB 24 81 98 F2 45,temp=105.00
1779095416.650,0x100,8,54 01 8A 83 E6 89 37 D5,speed=84.00
1779095416.746,0x200,8,C2 64 59 8F F7 1B 56 F8,fuel=100.00
1779095416.842,0x300,8,41 1A DA 2E B7 B3 EB 13,temp=105.00
1779095416.942,0x100,8,54 18 11 B9 24 CD 9A 30,speed=84.00
1779095417.033,0x200,8,F2 64 96 19 36 02 42 48,fuel=100.00
1779095417.127,0x300,8,41 35 EE 6C 7E CD 16 3C,temp=105.00
1779095417.212,0x100,8,54 8D 16 82 55 9A 6E B0,speed=84.00
1779095417.306,0x200,8,31 64 CD DE C8 7F 12 35,fuel=100.00
1779095417.402,0x300,8,41 D1 37 3D AE 53 8A FA,temp=105.00
1779095417.495,0x100,8,54 7E 6C 91 64 0E 58 8F,speed=84.00
1779095417.587,0x200,8,80 64 23 84 2E 1E 74 0B,fuel=100.00
1779095417.683,0x300,8,41 76 66 FB 05 0B 7D E8,temp=105.00
1779095417.778,0x100,8,54 E1 22 5F E2 7B DB 99,speed=84.00
1779095417.868,0x200,8,67 64 D3 95 18 8C 29 5C,fuel=100.00
1779095417.962,0x300,8,41 7E 23 E5 06 1F D2 06,temp=105.00
1779095418.059,0x100,8,54 C8 01 03 33 16 AD C9,speed=84.00
1779095418.153,0x200,8,11 64 1B D1 6A 4C 9F 0B,fuel=100.00
1779095418.249,0x300,8,41 1C 7F F6 85 D9 49 38,temp=105.00
1779095418.342,0x100,8,54 B2 06 6E 4F D1 B7 C1,speed=84.00
1779095418.442,0x200,8,7D 64 BA A4 A0 AC 29 CC,fuel=100.00
1779095418.523,0x300,8,41 BD CF FC 81 BB 83 21,temp=105.00
1779095418.618,0x100,8,54 B1 55 C0 C0 A9 FD C5,speed=84.00
1779095418.731,0x200,8,CF 64 D6 21 88 EC DF BF,fuel=100.00
1779095418.808,0x300,8,41 4B B7 94 35 F1 33 43,temp=105.00
1779095418.904,0x100,8,54 A5 1C 6D CF 6D 47 4C,speed=84.00
1779095418.995,0x200,8,D6 64 79 73 4A 8A FA 2F,fuel=100.00
1779095419.095,0x300,8,41 80 CA F7 C7 2A AF 67,temp=105.00
1779095419.184,0x100,8,54 90 31 9A 53 03 63 B0,speed=84.00
1779095419.286,0x200,8,44 64 7F F9 F4 11 4A C4,fuel=100.00
1779095419.379,0x300,8,41 4D 7B E5 1E E9 0B F2,temp=105.00
1779095419.532,0x100,8,54 7B DA E6 45 86 93 52,speed=84.00
1779095419.572,0x200,8,6D 64 B8 6B 71 A7 EB A1,fuel=100.00
1779095419.651,0x300,8,41 DC D7 6D 06 31 93 6D,temp=105.00
1779095419.789,0x100,8,54 7C A9 39 F2 3A 6B CA,speed=84.00
1779095420.021,0x200,8,E8 64 96 2A 5E 17 0A A3,fuel=100.00
1779095420.221,0x300,8,41 D3 B8 BE 10 A2 CF 64,temp=105.00
1779095420.306,0x100,8,54 29 AC AB D2 2E E5 AE,speed=84.00
1779095420.400,0x200,8,77 64 81 28 2B F2 A9 8E,fuel=100.00
1779095420.496,0x300,8,41 91 73 1B 6F 8D E3 5C,temp=105.00
1779095420.597,0x100,8,54 C5 33 5B 58 7E 21 BD,speed=84.00
1779095420.686,0x200,8,34 64 8F DB EB 6C 1F 16,fuel=100.00
1779095420.775,0x300,8,41 13 6A 9D 15 EC 76 8D,temp=105.00
1779095420.870,0x100,8,54 46 13 02 9C F8 FB FD,speed=84.00
1779095420.964,0x200,8,CE 64 7D 15 4B 89 F9 EE,fuel=100.00
1779095421.057,0x300,8,41 EA 6A EB 0D 83 B0 5D,temp=105.00
1779095421.150,0x100,8,54 D3 D0 2A F9 C6 0F 14,speed=84.00
1779095421.250,0x200,8,A8 64 91 FC CC 88 C6 91,fuel=100.00
1779095421.371,0x300,8,41 84 51 7D E3 FE B3 37,temp=105.00
1779095421.466,0x100,8,54 53 D1 87 87 32 C2 1E,speed=84.00
1779095421.572,0x200,8,93 64 A6 AE 64 5C B2 17,fuel=100.00
1779095421.624,0x300,8,41 96 9A 0B 45 2F 98 D8,temp=105.00
1779095421.715,0x100,8,54 E9 0F 09 90 F1 F4 E6,speed=84.00
1779095421.805,0x200,8,2A 64 D2 8F ED 6F C3 52,fuel=100.00
1779095421.920,0x300,8,41 A3 48 6C CE E9 55 11,temp=105.00
1779095421.996,0x100,8,54 20 5F 42 8A 98 EA 85,speed=84.00
1779095422.112,0x200,8,B2 64 61 87 34 28 5C 39,fuel=100.00
1779095422.186,0x300,8,41 C1 3C 69 14 3F C7 70,temp=105.00
1779095422.289,0x100,8,54 FB 14 67 4A 9E 14 83,speed=84.00
1779095422.380,0x200,8,9F 64 CC E3 12 9A 6B 33,fuel=100.00
1779095422.485,0x300,8,41 58 23 EB CF DC 59 8D,temp=105.00
1779095422.555,0x100,8,54 77 87 82 5B EB BA D8,speed=84.00
1779095422.781,0x200,8,60 64 6C 21 7D B5 B8 A5,fuel=100.00
1779095422.846,0x300,8,41 62 A1 BE 4C 6A DC 64,temp=105.00
1779095422.937,0x100,8,54 24 80 45 2A EB FB 9B,speed=84.00
1779095423.026,0x200,8,E1 64 5A FC 03 49 DC BA,fuel=100.00
1779095423.135,0x300,8,41 D9 49 60 5C E3 7D D6,temp=105.00
1779095423.263,0x100,8,54 82 9D AA 74 C1 C5 5B,speed=84.00
1779095423.360,0x200,8,32 64 D3 72 AF 84 62 17,fuel=100.00
1779095423.411,0x300,8,41 F2 48 61 FD 18 DB 70,temp=105.00
1779095423.518,0x100,8,54 EA 32 81 8E 5F 37 6C,speed=84.00
1779095423.617,0x200,8,72 64 29 82 2A 6A 8B A4,fuel=100.00
1779095423.693,0x300,8,41 5C 39 DE 67 13 21 32,temp=105.00
1779095423.779,0x100,8,54 D9 15 5C BE 52 6D 73,speed=84.00
1779095423.879,0x200,8,23 64 10 7F CA 50 A2 BA,fuel=100.00
1779095423.992,0x300,8,41 41 19 C4 A2 B9 26 D0,temp=105.00
1779095424.070,0x100,8,54 DD A7 67 67 6A 7D F8,speed=84.00
1779095424.197,0x200,8,6B 64 61 5D 81 74 A9 CD,fuel=100.00
1779095424.263,0x300,8,41 88 8F BF 7A 51 D4 0B,temp=105.00
1779095424.383,0x100,8,54 4A 4D 1C 89 ED 57 1F,speed=84.00
1779095424.468,0x200,8,18 64 0E CC F0 94 C0 ED,fuel=100.00
1779095424.537,0x300,8,41 AA 8E B3 A9 89 CB E3,temp=105.00
1779095424.643,0x100,8,54 F4 7E 92 10 81 11 A2,speed=84.00
1779095424.745,0x200,8,A2 64 19 5E FB 3A 2B EF,fuel=100.00
1779095424.820,0x300,8,41 01 98 16 DB FC AB 7C,temp=105.00
1779095424.920,0x100,8,54 25 C8 71 C2 1C C3 28,speed=84.00
1779095425.053,0x200,8,E7 64 17 3B 59 FA 0A 04,fuel=100.00
1779095425.095,0x300,8,41 FB DF 15 FD E2 3D 7F,temp=105.00
1779095425.230,0x100,8,54 68 4E 2C 88 80 69 1C,speed=84.00
1779095425.314,0x200,8,BF 64 6C BA 55 01 16 E2,fuel=100.00
1779095425.383,0x300,8,41 98 DE 41 A9 6A EE 6B,temp=105.00
1779095425.487,0x100,8,54 85 74 5E AE B5 90 49,speed=84.00
1779095425.632,0x200,8,E0 64 58 8A ED 26 B7 7B,fuel=100.00
1779095425.678,0x300,8,41 6E 32 9D CB 3F E8 36,temp=105.00
1779095425.774,0x100,8,54 B3 46 E9 EA 43 78 40,speed=84.00
1779095425.867,0x200,8,00 64 27 4B 37 F4 63 A9,fuel=100.00
1779095425.942,0x300,8,41 B0 3B 8B 1E E4 3E F6,temp=105.00
1779095426.052,0x100,8,54 06 D0 D5 B0 5E FE B8,speed=84.00
1779095426.131,0x200,8,05 64 BC E8 8D E9 E4 5C,fuel=100.00
1779095426.241,0x300,8,41 03 79 7B B9 94 0C AB,temp=105.00
1779095426.325,0x100,8,54 05 8F C9 DE 91 2F 29,speed=84.00
1779095426.428,0x200,8,27 64 DC 8E 43 EA DF 22,fuel=100.00
1779095426.501,0x300,8,41 DE 61 39 0B 2D 13 2E,temp=105.00
1779095426.606,0x100,8,54 20 F2 09 8C B3 8A FB,speed=84.00
1779095426.725,0x200,8,71 64 AE 98 D8 0D B1 05,fuel=100.00
1779095426.782,0x300,8,41 B1 77 BB EB FE E3 B9,temp=105.00
1779095426.894,0x100,8,54 61 34 A5 2A F9 3F 26,speed=84.00
1779095426.963,0x200,8,24 64 C9 FA 48 D2 AB 5B,fuel=100.00
1779095427.082,0x300,8,41 19 ED C3 ED B3 6C A9,temp=105.00
1779095427.275,0x100,8,54 93 16 D6 40 B9 91 E3,speed=84.00
1779095427.350,0x200,8,F2 64 CA 94 25 EB 23 5B,fuel=100.00
1779095427.445,0x300,8,41 FD A2 B9 34 A9 BB 1D,temp=105.00
1779095427.544,0x100,8,54 01 C8 96 D8 3C 77 9E,speed=84.00
1779095427.646,0x200,8,8A 64 DF E4 09 71 D4 AC,fuel=100.00
1779095427.748,0x300,8,41 A2 62 4F E1 C9 10 82,temp=105.00
1779095428.321,0x100,8,54 79 18 16 B6 70 18 BA,speed=84.00
1779095428.848,0x200,8,82 64 14 A2 6E C8 C7 A9,fuel=100.00
1779095429.137,0x300,8,41 15 9C F2 2C F8 12 18,temp=105.00
1779095429.526,0x100,8,54 F4 00 7F 62 D4 C0 AD,speed=84.00
1779095429.999,0x200,8,6C 64 9C 5A F2 27 0B 15,fuel=100.00
1779095432.083,0x300,8,41 2C 86 8C A3 70 51 6C,temp=105.00
1779095432.257,0x100,8,54 AD 9C 78 3A 60 C2 2C,speed=84.00
1779095433.029,0x200,8,0A 64 38 C5 4E 39 A6 7D,fuel=100.00
1779095433.294,0x300,8,41 5A AA CA 98 B7 8D DE,temp=105.00
1779095433.362,0x100,8,54 87 94 78 53 1E CA 3B,speed=84.00
1779095433.450,0x200,8,23 64 6D 28 73 1D 13 D5,fuel=100.00
1779095433.547,0x300,8,41 BD 60 23 62 26 D2 C9,temp=105.00
1779095433.663,0x100,8,54 9F 53 21 9C F0 0C E7,speed=84.00
1779095433.892,0x200,8,67 64 A4 8B 58 A6 01 81,fuel=100.00
1779095434.127,0x300,8,41 0E 73 DA 2C 38 C1 A6,temp=105.00
1779095435.086,0x100,8,54 B4 A3 46 0B 71 90 FB,speed=84.00
1779095436.574,0x200,8,36 64 C6 42 EB 56 3F BC,fuel=100.00
1779095436.667,0x300,8,41 1E 4B D1 04 9A B4 94,temp=105.00
1779095436.794,0x100,8,54 4B 55 DA FA 4D 9B 69,speed=84.00
1779095436.883,0x200,8,49 64 31 22 E5 13 DF 46,fuel=100.00
1779095437.004,0x300,8,41 69 32 6F 55 C6 EF 62,temp=105.00
1779095437.151,0x100,8,54 16 E7 B7 C0 A8 B5 E4,speed=84.00
1779095437.185,0x200,8,69 64 4D 24 AA B2 F9 3D,fuel=100.00
1779095437.269,0x300,8,41 5A 3B B1 F0 69 C2 71,temp=105.00
1779095437.374,0x100,8,54 EA B4 81 E3 65 B1 BB,speed=84.00
1779095437.451,0x200,8,64 64 BA 96 4D 96 4D 5C,fuel=100.00
1779095437.569,0x300,8,41 AA B4 1C D6 0F 85 5E,temp=105.00
1779095437.670,0x100,8,54 8F 62 D8 18 47 99 D0,speed=84.00
1779095437.748,0x200,8,D4 64 8A F5 28 26 63 09,fuel=100.00
1779095437.897,0x300,8,41 F5 B6 75 E5 28 E7 67,temp=105.00
1779095437.958,0x100,8,54 3C 7C DD 0A 79 E8 D7,speed=84.00
1779095438.021,0x200,8,52 64 01 FA 04 A9 50 8C,fuel=100.00
1779095438.136,0x300,8,41 AF 88 D3 96 EC 8F 42,temp=105.00
1779095438.207,0x100,8,54 D6 6B 4C DF 1C D2 E3,speed=84.00
1779095438.295,0x200,8,70 64 A3 F3 89 75 7F 6E,fuel=100.00
1779095438.392,0x300,8,41 B1 8D FF 83 7B A6 FD,temp=105.00
1779095438.499,0x100,8,54 27 AE 86 A0 3F 7F C3,speed=84.00
1779095438.580,0x200,8,3A 64 20 6A 7D 90 15 73,fuel=100.00
1779095438.685,0x300,8,41 56 3A DB 4A CE DF 4A,temp=105.00
1779095438.767,0x100,8,54 61 C4 34 66 B3 3C EB,speed=84.00
1779095438.873,0x200,8,DB 64 F9 51 2A BD 2B DB,fuel=100.00
1779095438.974,0x300,8,41 33 7F 06 04 96 B4 A6,temp=105.00
1779095439.075,0x100,8,54 2E 9D C0 7E 3A 3F 53,speed=84.00
1779095439.177,0x200,8,4F 64 AE BB 86 22 7A EB,fuel=100.00
1779095439.254,0x300,8,41 97 40 0F D4 B3 BF A7,temp=105.00
1779095439.328,0x100,8,54 40 8F 1C 2E EF F3 21,speed=84.00
1779095439.431,0x200,8,1A 64 0B 45 14 DE 7B CF,fuel=100.00
1779095439.520,0x300,8,41 78 4D B2 CF 27 57 D5,temp=105.00
1779095439.621,0x100,8,54 AA 70 05 0E C6 84 54,speed=84.00
1779095439.707,0x200,8,F8 64 38 45 A8 96 18 A4,fuel=100.00
1779095439.803,0x300,8,41 94 44 FF 19 FD 2A 3C,temp=105.00
1779095439.886,0x100,8,54 F1 B8 E1 FA C1 39 2D,speed=84.00
1779095440.002,0x200,8,07 64 C4 C1 58 9A 20 05,fuel=100.00
1779095440.081,0x300,8,41 FA 4D 79 B8 FE FB F7,temp=105.00
1779095440.209,0x100,8,54 5F 88 C7 E7 E5 C6 DB,speed=84.00
1779095440.283,0x200,8,BE 64 40 5C 1C EA B1 D3,fuel=100.00
1779095440.383,0x300,8,41 39 8F 07 37 27 42 76,temp=105.00
1779095440.454,0x100,8,54 25 9D 07 37 89 F0 2A,speed=84.00
1779095440.561,0x200,8,2F 64 BE 21 CC FF DE 26,fuel=100.00
1779095440.650,0x300,8,41 1E 7C 46 8E F3 AB 8A,temp=105.00
1779095440.740,0x100,8,54 53 53 AE 64 D6 9A 79,speed=84.00
1779095440.843,0x200,8,F4 64 05 EC CC 8F 86 5E,fuel=100.00
1779095440.952,0x300,8,41 59 A0 F4 76 11 2F AE,temp=105.00
1779095441.058,0x100,8,54 55 6F 24 20 23 09 FE,speed=84.00
1779095441.281,0x200,8,6D 64 AC 32 53 39 58 4B,fuel=100.00
1779095442.250,0x300,8,41 E2 2D 18 A9 1E B6 C8,temp=105.00
1779095442.957,0x100,8,54 E6 7C 4B 71 E8 9D 81,speed=84.00
1779095443.396,0x200,8,8F 64 F1 4F 8F 69 73 B3,fuel=100.00
1779095443.894,0x300,8,41 43 04 81 48 6C FB C9,temp=105.00
1779095444.691,0x100,8,54 F5 96 AC 8E 5E D3 2A,speed=84.00
1779095445.693,0x200,8,63 64 C7 78 75 5E 92 6D,fuel=100.00
1779095446.900,0x300,8,41 9B 9C 90 DF 78 4F 3C,temp=105.00
1779095449.736,0x100,8,54 1C 04 1B BE 6E 4E F7,speed=84.00
1779095452.556,0x200,8,6B 64 D0 88 46 B6 30 DD,fuel=100.00
1779095455.516,0x300,8,41 1D 90 13 0C A5 3F 8A,temp=105.00
1779095459.030,0x100,8,54 F9 24 99 B9 06 39 14,speed=84.00
1779095461.634,0x200,8,D3 64 8E 2D 0E 30 88 04,fuel=100.00
1779095464.419,0x300,8,41 09 FB F4 89 A2 CF 5C,temp=105.00
1779095467.294,0x100,8,54 B9 41 D8 99 39 2D D3,speed=84.00
1779095467.708,0x200,8,F3 64 53 C9 1A 85 38 11,fuel=100.00
1779095467.864,0x300,8,41 1D D2 28 94 9B 29 3F,temp=105.00
1779095467.972,0x100,8,54 46 37 6C D2 F7 A0 DA,speed=84.00
1779095468.042,0x200,8,9A 64 7D 3A A7 C2 74 C3,fuel=100.00
1779095468.160,0x300,8,41 B6 FA B8 6C CE 59 15,temp=105.00
1779095468.247,0x100,8,54 5B 1E 57 CB F7 6C 94,speed=84.00
1779095468.342,0x200,8,87 64 7A 42 6D 56 19 5E,fuel=100.00
1779095468.430,0x300,8,41 5B E6 C8 B0 DB 7A 7A,temp=105.00
1779095468.530,0x100,8,54 B7 8B 59 CA 5D 7F 2D,speed=84.00
1779095468.608,0x200,8,1E 64 72 FE 01 BC D2 72,fuel=100.00
1779095468.724,0x300,8,41 AD 9F 02 58 A4 30 AA,temp=105.00
1779095468.801,0x100,8,54 61 CE 47 5A A2 A4 94,speed=84.00
1779095468.910,0x200,8,08 64 3F 7C E2 C5 FA 3E,fuel=100.00
1779095468.992,0x300,8,41 C3 D0 59 D0 26 9D D3,temp=105.00
1779095469.080,0x100,8,54 73 4D 8E 45 82 1B F7,speed=84.00
1779095469.208,0x200,8,B4 64 B8 88 16 EF A5 07,fuel=100.00
1779095469.336,0x300,8,41 E4 C9 EA B8 02 C7 3E,temp=105.00
1779095469.409,0x100,8,54 B5 FF B5 63 62 A3 9E,speed=84.00
1779095469.456,0x200,8,56 64 12 AB B8 BD 29 D2,fuel=100.00
1779095469.703,0x300,8,41 87 62 D0 D6 7C F7 CE,temp=105.00
1779095470.042,0x100,8,54 72 0D 55 32 C7 19 38,speed=84.00
1779095471.212,0x200,8,E1 64 4E A9 72 FA 91 4F,fuel=100.00
1779095471.253,0x300,8,41 76 3C E8 88 97 CB 5B,temp=105.00
1779095471.361,0x100,8,54 CD 6F 6B AE 21 71 21,speed=84.00
1779095471.445,0x200,8,50 64 2B 06 A6 18 8F D6,fuel=100.00
1779095471.548,0x300,8,41 DF 06 17 78 DD 45 C4,temp=105.00
1779095471.641,0x100,8,54 8A 9B 1D E2 0A 0D 4A,speed=84.00
1779095471.738,0x200,8,AC 64 16 31 12 B8 2D 2B,fuel=100.00
1779095471.928,0x300,8,41 46 EB 89 72 F3 75 C5,temp=105.00
1779095472.000,0x100,8,54 58 06 B2 60 DF DE A8,speed=84.00
1779095472.113,0x200,8,DC 64 EC A2 68 93 D4 13,fuel=100.00
1779095472.200,0x300,8,41 61 C1 96 8F 12 14 2B,temp=105.00
1779095472.295,0x100,8,54 7D 92 7F E1 2B 19 1E,speed=84.00
1779095472.408,0x200,8,55 64 76 73 F9 A7 07 C3,fuel=100.00
1779095472.506,0x300,8,41 FB 70 B4 25 4C BC 5B,temp=105.00
1779095472.581,0x100,8,54 F9 26 B6 37 83 6F 1F,speed=84.00
1779095472.698,0x200,8,23 64 BA 7E 40 0C 40 87,fuel=100.00
1779095472.759,0x300,8,41 C0 4D A7 91 67 AD D8,temp=105.00
1779095472.844,0x100,8,54 7D 76 45 4F E4 28 F9,speed=84.00
1779095473.048,0x200,8,51 64 00 00 83 05 95 DA,fuel=100.00
1779095473.176,0x300,8,41 9E 92 CD E9 8D 70 93,temp=105.00
1779095473.289,0x100,8,54 53 8C 9F A8 91 89 32,speed=84.00
1779095473.452,0x200,8,8E 64 DD 2B B9 EE 82 42,fuel=100.00
1779095473.610,0x300,8,41 D8 39 57 0A DA 3F 7A,temp=105.00
1779095473.713,0x100,8,54 5E EF 95 AE 9E DA 37,speed=84.00
1779095474.014,0x200,8,FC 64 A9 2B 52 F6 47 7C,fuel=100.00
1779095474.153,0x300,8,41 38 E3 9B 9E 7B CF 0B,temp=105.00
1779095474.331,0x100,8,54 15 D2 A4 E5 25 3A 26,speed=84.00
1779095474.535,0x200,8,6B 64 00 71 9C A7 FB 1F,fuel=100.00
1779095474.624,0x300,8,41 91 B4 8F F3 1F 63 76,temp=105.00
1779095474.800,0x100,8,54 8C 92 15 8F 6A 19 3F,speed=84.00
1779095474.931,0x200,8,27 64 48 07 CC B3 0D 08,fuel=100.00
1779095475.047,0x300,8,41 1C 8D B3 1B 6F 15 BF,temp=105.00
1779095475.798,0x100,8,54 59 1C ED 95 93 FD C6,speed=84.00
1779095476.017,0x200,8,24 64 30 8D B9 B4 D9 C5,fuel=100.00
1779095476.248,0x300,8,41 46 10 5B 03 68 42 85,temp=105.00
1779095476.383,0x100,8,54 C9 9D 31 5F 75 85 90,speed=84.00
1779095476.529,0x200,8,2E 64 7E 93 93 AF 0C DD,fuel=100.00
1779095476.699,0x300,8,41 21 65 79 8B 12 5D 97,temp=105.00
1779095476.780,0x100,8,54 01 5F 6E 6D A3 32 9F,speed=84.00
1779095476.942,0x200,8,04 64 9A 9B 99 CF 54 D3,fuel=100.00
1779095477.096,0x300,8,41 3A 7B 3C 2C 90 76 CC,temp=105.00
1779095477.418,0x100,8,54 1B F4 9C B0 95 51 FA,speed=84.00
1779095477.543,0x200,8,21 64 1B 33 E5 54 13 FF,fuel=100.00
1779095477.635,0x300,8,41 52 BF 6C 62 E1 97 CB,temp=105.00
1779095477.770,0x100,8,54 5A A1 EF F9 1B AA 17,speed=84.00
1779095477.932,0x200,8,DC 64 06 45 43 85 F3 72,fuel=100.00
1779095478.063,0x300,8,41 A9 3F FF DA 15 3D 8D,temp=105.00
1779095478.201,0x100,8,54 64 9F 76 58 4E 7D 4E,speed=84.00
1779095478.319,0x200,8,25 64 F2 4B 82 47 A1 C6,fuel=100.00
1779095478.446,0x300,8,41 6F 62 6E A2 18 3A 90,temp=105.00
1779095478.520,0x100,8,54 9A 00 17 7A 0E B5 26,speed=84.00
1779095478.582,0x200,8,C9 64 7B 18 13 11 1F 71,fuel=100.00
1779095478.677,0x300,8,41 B1 8D 66 71 2E 9F BC,temp=105.00
1779095478.832,0x100,8,54 50 9A 22 C6 23 41 7B,speed=84.00
1779095478.908,0x200,8,08 64 42 FF 19 70 EB B3,fuel=100.00
1779095478.992,0x300,8,41 DD 8C 57 7E DA 16 83,temp=105.00
1779095479.064,0x100,8,54 19 7E ED 7C 83 5C C2,speed=84.00
1779095479.158,0x200,8,90 64 5B 98 17 87 F8 3E,fuel=100.00
1779095479.274,0x300,8,41 17 78 B9 92 2D 7F 5E,temp=105.00
1779095479.333,0x100,8,54 2A 83 11 E5 B1 2D C4,speed=84.00
1779095479.454,0x200,8,66 64 8B 59 89 27 E0 36,fuel=100.00
1779095479.511,0x300,8,41 5B 71 12 48 6B CC F3,temp=105.00
1779095479.663,0x100,8,54 93 F5 89 49 6B 5A 8E,speed=84.00
1779095479.725,0x200,8,A6 64 97 14 13 C3 6E 05,fuel=100.00
1779095479.801,0x300,8,41 F4 C9 D0 F2 20 1B 46,temp=105.00
1779095479.893,0x100,8,54 D3 E8 00 82 A8 45 3E,speed=84.00
1779095480.016,0x200,8,74 64 D9 01 1C 5C AE EC,fuel=100.00
1779095480.080,0x300,8,41 49 D6 3B 4C 3B 14 EB,temp=105.00
1779095480.177,0x100,8,54 1F D4 A3 66 BD 3C 0D,speed=84.00
1779095480.267,0x200,8,34 64 BE 44 1E 7E 7B 6B,fuel=100.00
1779095480.432,0x300,8,41 14 74 3A 3E 3C CD 0A,temp=105.00
1779095480.468,0x100,8,54 EA C2 26 EB 17 9E 6F,speed=84.00
1779095480.591,0x200,8,68 64 67 AA 78 66 4C 3A,fuel=100.00
1779095480.646,0x300,8,41 37 63 97 31 D0 42 32,temp=105.00
1779095480.814,0x100,8,54 35 95 0E 94 72 62 E2,speed=84.00
1779095480.887,0x200,8,BF 64 0D EA 32 0E CD 63,fuel=100.00
1779095480.927,0x300,8,41 42 77 ED F7 B1 12 36,temp=105.00
1779095481.054,0x100,8,54 92 24 14 D4 6B 6D 6B,speed=84.00
1779095481.109,0x200,8,B0 64 00 7F 54 BF 55 23,fuel=100.00
1779095481.266,0x300,8,41 EC B6 B8 D6 2F 10 A6,temp=105.00
1779095481.364,0x100,8,54 BB 50 7F DB EA 4A F7,speed=84.00
1779095481.516,0x200,8,11 64 B5 BA 62 47 11 81,fuel=100.00
1779095481.630,0x300,8,41 50 AA 1D DB 34 84 B7,temp=105.00
1779095481.773,0x100,8,54 AE 05 C3 1D 36 A2 A9,speed=84.00
1779095481.899,0x200,8,E4 64 16 5A 89 97 02 50,fuel=100.00
1779095482.035,0x300,8,41 82 D2 47 0B 00 16 B7,temp=105.00
1779095482.127,0x100,8,54 69 45 E1 8F F3 78 20,speed=84.00
1779095482.170,0x200,8,F5 64 30 AF 03 28 AF D9,fuel=100.00
1779095482.347,0x300,8,41 06 D8 C5 8D 8B 57 8F,temp=105.00
1779095482.554,0x100,8,54 EE 15 F5 A0 64 28 C8,speed=84.00
1779095482.719,0x200,8,F6 64 C2 3A E8 E1 FA 0A,fuel=100.00
1779095482.831,0x300,8,41 62 70 6D 57 03 3F 88,temp=105.00
1779095482.893,0x100,8,54 13 62 14 19 45 BF 11,speed=84.00
1779095483.012,0x200,8,87 64 EF 0E 4F A3 01 FB,fuel=100.00
1779095483.135,0x300,8,41 55 B1 14 C3 FD 86 40,temp=105.00
1779095483.185,0x100,8,54 37 E1 45 31 53 41 A8,speed=84.00
1779095483.284,0x200,8,9D 64 A8 B5 E3 95 78 6E,fuel=100.00
1779095483.417,0x300,8,41 4A F8 D7 27 A4 AC D0,temp=105.00
1779095483.515,0x100,8,54 D1 BE 39 E5 BA 72 73,speed=84.00
1779095483.611,0x200,8,B1 64 7D DA AB 5A E8 ED,fuel=100.00
1779095483.675,0x300,8,41 F1 8A 59 E6 15 07 EA,temp=105.00
1779095483.963,0x100,8,54 9C 6C DF D9 1B 5C 38,speed=84.00
1779095484.111,0x200,8,14 64 D4 C5 33 AD 62 79,fuel=100.00
1779095484.247,0x300,8,41 4B 17 A8 49 7B 2F 85,temp=105.00
1779095484.353,0x100,8,54 1F 84 1D F0 47 FB CF,speed=84.00
1779095484.480,0x200,8,5F 64 44 41 F9 73 66 65,fuel=100.00
1779095484.595,0x300,8,41 67 84 71 E4 4C 2B 97,temp=105.00
1779095484.744,0x100,8,54 DF C3 50 C9 EB 1B 17,speed=84.00
1779095484.767,0x200,8,2D 64 34 EC 72 F4 D3 42,fuel=100.00
1779095484.866,0x300,8,41 11 D8 8A EC 39 E6 93,temp=105.00
1779095484.998,0x100,8,54 FE FB 46 B8 6C A9 F0,speed=84.00
1779095485.070,0x200,8,B4 64 99 77 34 4D F4 17,fuel=100.00
1779095485.350,0x300,8,41 1C 84 E2 0D 52 F3 B3,temp=105.00
1779095485.459,0x100,8,54 AE 18 48 80 4A B2 30,speed=84.00
1779095485.562,0x200,8,64 64 F7 D3 C6 D2 43 55,fuel=100.00
1779095485.928,0x300,8,41 CC 90 ED 81 C2 B8 8A,temp=105.00
1779095486.109,0x100,8,54 66 42 EE B8 97 28 04,speed=84.00
1779095486.503,0x200,8,BD 64 EC AA 9D 7F 02 46,fuel=100.00
1779095486.744,0x300,8,41 BB 26 D7 8D 05 88 C3,temp=105.00
1779095486.810,0x100,8,54 6C B6 47 0B 66 E8 04,speed=84.00
1779095486.885,0x200,8,C5 64 5E 2E DC 18 86 E2,fuel=100.00
1779095486.990,0x300,8,41 9D 65 F8 B8 E2 3E FB,temp=105.00
1779095487.095,0x100,8,54 33 AB 04 2F 2B 2A A4,speed=84.00
1779095487.183,0x200,8,A4 64 B5 9B 84 95 CA 02,fuel=100.00
1779095487.275,0x300,8,41 52 9F BC 88 F3 DB FD,temp=105.00
1779095487.354,0x100,8,54 3D 4E C8 18 25 32 3E,speed=84.00
1779095487.491,0x200,8,9B 64 36 98 C4 39 2B A3,fuel=100.00
1779095487.578,0x300,8,41 94 B0 F9 E4 0C A6 70,temp=105.00
1779095487.644,0x100,8,54 6F E2 2A E4 FC 70 D2,speed=84.00
1779095487.766,0x200,8,96 64 7C 82 C8 BC E8 C5,fuel=100.00
1779095487.875,0x300,8,41 FE F4 E2 D0 55 52 CB,temp=105.00
1779095487.917,0x100,8,54 17 FE 52 E3 58 74 DA,speed=84.00
1779095488.045,0x200,8,E1 64 17 A4 A5 03 68 CF,fuel=100.00
1779095488.106,0x300,8,41 0C 07 C0 12 0F AC 05,temp=105.00
1779095488.230,0x100,8,54 94 24 B6 29 D4 CE 61,speed=84.00
1779095488.317,0x200,8,60 64 6A 59 27 1A C1 77,fuel=100.00
1779095488.409,0x300,8,41 13 1D 1E 5B 3B F9 1F,temp=105.00
1779095488.477,0x100,8,54 8F 43 F3 4E AB EF E4,speed=84.00
1779095488.575,0x200,8,78 64 57 50 E8 6F EE A4,fuel=100.00
1779095488.681,0x300,8,41 85 DB 48 67 38 D9 69,temp=105.00
1779095488.764,0x100,8,54 44 39 DC 50 87 E0 0A,speed=84.00
1779095488.861,0x200,8,8F 64 FF 68 60 14 D0 05,fuel=100.00
1779095488.949,0x300,8,41 32 A8 F1 C8 5A 3E 88,temp=105.00
1779095489.043,0x100,8,54 DF B7 74 DF 03 22 60,speed=84.00
1779095489.143,0x200,8,DE 64 A6 1A 76 07 16 BB,fuel=100.00
1779095489.254,0x300,8,41 D8 CF DB 69 CD EE 43,temp=105.00
1779095489.323,0x100,8,54 BB 7A A7 DE A3 8F 76,speed=84.00
1779095489.428,0x200,8,91 64 12 12 2C C9 7B DF,fuel=100.00
1779095489.530,0x300,8,41 65 C7 0D CE 8B 4F 67,temp=105.00
1779095489.608,0x100,8,54 27 09 C4 F4 AD 57 9F,speed=84.00
1779095489.721,0x200,8,72 64 97 4D 9A C9 6C 1B,fuel=100.00
1779095489.811,0x300,8,41 04 EA 6C D8 14 8F 1F,temp=105.00
1779095489.979,0x100,8,54 F9 E3 9C 54 D7 2E 87,speed=84.00
1779095490.000,0x200,8,95 64 37 AD DF C9 27 E3,fuel=100.00
1779095490.074,0x300,8,41 62 DB FC 17 66 47 77,temp=105.00
1779095490.205,0x100,8,54 03 9B B5 CD 61 CB E4,speed=84.00
1779095490.286,0x200,8,76 64 6E DA 93 2E 39 C6,fuel=100.00
1779095490.496,0x300,8,41 49 68 13 FA B3 24 38,temp=105.00
1779095490.569,0x100,8,54 9F ED BC F4 49 96 93,speed=84.00
1779095490.653,0x200,8,F7 64 7C FC 88 0B C3 53,fuel=100.00
1779095490.775,0x300,8,41 3D 00 B5 62 24 E0 2C,temp=105.00
1779095490.830,0x100,8,54 1A 3C A9 B3 10 9D C8,speed=84.00
1779095490.996,0x200,8,B5 64 3E E5 B0 D8 E6 29,fuel=100.00
1779095491.053,0x300,8,41 0E 56 43 70 1F 6F FE,temp=105.00
1779095491.112,0x100,8,54 00 E3 37 A2 0B 01 52,speed=84.00
1779095491.213,0x200,8,AA 64 98 19 17 00 FD 15,fuel=100.00
1779095491.318,0x300,8,41 81 1D 96 DA 0C CA 07,temp=105.00
1779095491.409,0x100,8,54 1D C6 6C 9C 07 66 EA,speed=84.00
1779095491.496,0x200,8,A7 64 9D 2B C8 FC 07 53,fuel=100.00
1779095491.582,0x300,8,41 1C AC C7 82 F8 5D 97,temp=105.00
1779095491.669,0x100,8,54 78 13 32 34 4F 6E 42,speed=84.00
1779095491.767,0x200,8,A1 64 B0 E3 8D 1B 69 C1,fuel=100.00
1779095491.931,0x300,8,41 BF DC 6A F2 55 5C 1D,temp=105.00
1779095491.980,0x100,8,54 44 A6 82 BC 86 71 78,speed=84.00
1779095492.049,0x200,8,A0 64 02 C5 4B 36 CC 77,fuel=100.00
1779095492.158,0x300,8,41 BE CB 68 84 A5 A1 0A,temp=105.00
1779095492.243,0x100,8,54 81 CB 78 24 D0 DF 1A,speed=84.00
1779095492.347,0x200,8,7D 64 72 F6 EE CD 8C 7A,fuel=100.00
1779095492.420,0x300,8,41 6E 8F B1 6E 8F 9A CF,temp=105.00
1779095492.513,0x100,8,54 99 07 26 4A 80 AE 3F,speed=84.00
1779095492.635,0x200,8,75 64 34 8A 37 D2 7F 10,fuel=100.00
1779095492.702,0x300,8,41 45 41 1F 71 43 41 8D,temp=105.00
1779095492.820,0x100,8,54 7C CE BE 64 6D B9 C5,speed=84.00
1779095492.900,0x200,8,99 64 7D F3 BD FB 6E 06,fuel=100.00
1779095493.015,0x300,8,41 3A A7 E0 4E 18 1F 91,temp=105.00
1779095493.074,0x100,8,54 ED 12 5E 61 C7 89 4F,speed=84.00
1779095493.194,0x200,8,08 64 A2 1B 23 B0 61 D5,fuel=100.00
1779095493.263,0x300,8,41 83 65 4C C6 78 71 99,temp=105.00
1779095493.378,0x100,8,54 1E AD 8C D5 00 DE E6,speed=84.00
1779095493.452,0x200,8,4D 64 CE 7B 2C CC A4 88,fuel=100.00
1779095493.560,0x300,8,41 26 0D F4 7F 3B F2 0C,temp=105.00
1779095493.647,0x100,8,54 29 91 A7 49 9F 69 50,speed=84.00
1779095493.772,0x200,8,8B 64 5E 27 59 D7 98 93,fuel=100.00
1779095493.824,0x300,8,41 86 85 99 0A F9 E3 FA,temp=105.00
1779095493.948,0x100,8,54 5C 4C D7 D2 87 AD 1E,speed=84.00
1779095494.017,0x200,8,83 64 85 3B D2 74 D8 61,fuel=100.00
1779095494.124,0x300,8,41 F5 05 E4 D7 CE 7F 0C,temp=105.00
1779095494.206,0x100,8,54 09 27 9C 3A 57 5F C4,speed=84.00
1779095494.352,0x200,8,93 64 B4 FD 86 E8 9F C9,fuel=100.00
1779095494.398,0x300,8,41 1A 5C 00 A1 FD 70 3B,temp=105.00
1779095494.483,0x100,8,54 06 E2 A9 51 3E A0 E1,speed=84.00
1779095494.571,0x200,8,1B 64 CB DB E1 A2 4F 39,fuel=100.00
1779095494.683,0x300,8,41 B1 FA F1 5E 14 D7 C0,temp=105.00
1779095494.778,0x100,8,54 E2 FB DB A7 B4 00 B2,speed=84.00
1779095494.858,0x200,8,04 64 13 B3 EF 87 0A 07,fuel=100.00
1779095494.963,0x300,8,41 1A 65 4E 53 C2 2F 10,temp=105.00
1779095495.047,0x100,8,54 3E AB AF B5 8A 56 BA,speed=84.00
1779095495.146,0x200,8,DE 64 85 36 A0 F8 17 24,fuel=100.00
1779095495.256,0x300,8,41 7E 57 4E C6 CD C7 F3,temp=105.00
1779095495.337,0x100,8,54 41 3C 75 60 B0 BE 25,speed=84.00
1779095495.444,0x200,8,6B 64 46 9B 7C 5F 40 1B,fuel=100.00
1779095495.518,0x300,8,41 D8 5A 99 62 20 C9 84,temp=105.00
1779095495.627,0x100,8,54 B5 32 8C 51 A7 36 0E,speed=84.00
1779095495.715,0x200,8,71 64 5F 12 EB 8F 38 87,fuel=100.00
1779095495.791,0x300,8,41 5F 32 14 C6 C3 E2 E4,temp=105.00
1779095495.902,0x100,8,54 22 02 BB C0 85 E7 08,speed=84.00
1779095495.983,0x200,8,9B 64 BE FB 6C 4F C4 2F,fuel=100.00
1779095496.092,0x300,8,41 C6 5B 7F 60 1F 6A BB,temp=105.00
1779095496.194,0x100,8,54 A3 08 2A 39 33 3B FA,speed=84.00
1779095496.272,0x200,8,65 64 49 C6 D4 DB 23 70,fuel=100.00
1779095496.369,0x300,8,41 56 7A 0C 56 B8 03 92,temp=105.00
1779095496.459,0x100,8,54 7F 92 07 44 68 74 BB,speed=84.00
1779095496.543,0x200,8,55 64 94 87 F6 8D A3 81,fuel=100.00
1779095496.643,0x300,8,41 1A A9 EE 74 18 3F 37,temp=105.00
1779095496.758,0x100,8,54 DF 61 B9 8C EB 82 0D,speed=84.00
1779095496.832,0x200,8,1C 64 04 2E 6F F0 A5 D8,fuel=100.00
1779095496.958,0x300,8,41 E5 C0 01 7D B3 58 54,temp=105.00
1779095497.012,0x100,8,54 DF 4E CF F3 77 E8 33,speed=84.00
1779095497.130,0x200,8,DA 64 36 1A EB C2 CF F1,fuel=100.00
1779095497.208,0x300,8,41 3B 3E 4B F9 A2 9E DB,temp=105.00
1779095497.318,0x100,8,54 DD 06 62 30 21 1A 01,speed=84.00
1779095497.407,0x200,8,F3 64 34 ED B4 BF C3 B9,fuel=100.00
1779095497.497,0x300,8,41 13 BC 17 F7 B2 0C B0,temp=105.00
1779095497.591,0x100,8,54 85 1A CB 04 BF CE 9B,speed=84.00
1779095497.683,0x200,8,34 64 44 0E 5B 2F 60 56,fuel=100.00
1779095497.784,0x300,8,41 35 20 F4 B0 03 A9 E0,temp=105.00
1779095497.884,0x100,8,54 DD B2 20 DE 7E 26 D0,speed=84.00
1779095497.964,0x200,8,7F 64 F0 D6 16 24 F2 39,fuel=100.00
1779095498.071,0x300,8,41 9A C7 F8 9E CB 2D E7,temp=105.00
1779095498.165,0x100,8,54 A3 C8 98 7A 4C 64 B8,speed=84.00
1779095498.240,0x200,8,67 64 1F AD E6 0C 01 D0,fuel=100.00
1779095498.379,0x300,8,41 19 11 87 FB 1C E8 6C,temp=105.00
1779095498.565,0x100,8,54 B9 C7 B1 2A 3C 40 75,speed=84.00
1779095498.665,0x200,8,B8 64 0A 03 72 DA 24 84,fuel=100.00
1779095498.765,0x300,8,41 BC AB 5D 16 23 13 38,temp=105.00
1779095498.827,0x100,8,54 35 39 E0 5A C5 B0 0A,speed=84.00
1779095498.889,0x200,8,90 64 F6 0A A8 C1 68 DB,fuel=100.00
1779095499.038,0x300,8,41 8B 4E BC 9E 06 E4 ED,temp=105.00
1779095499.073,0x100,8,54 82 31 D0 FD 6D 1F 7A,speed=84.00
1779095499.197,0x200,8,32 64 9C B5 26 45 44 9B,fuel=100.00
1779095499.262,0x300,8,41 B3 01 CF 13 03 99 8A,temp=105.00
1779095499.446,0x100,8,54 54 53 0D 26 DE 2A 30,speed=84.00
1779095499.464,0x200,8,9B 64 79 74 F1 5C A8 27,fuel=100.00
1779095499.584,0x300,8,41 4B 99 F1 D6 BB 1C 6B,temp=105.00
1779095499.644,0x100,8,54 F6 8B F9 58 12 A2 05,speed=84.00
1779095499.775,0x200,8,BA 64 34 B0 A9 BD F9 65,fuel=100.00
1779095499.840,0x300,8,41 83 BC BB B8 C5 48 DA,temp=105.00
1779095499.939,0x100,8,54 5E D6 44 E8 4D 1E 2E,speed=84.00
1779095500.061,0x200,8,B2 64 9D 47 65 AA 42 61,fuel=100.00
1779095500.112,0x300,8,41 69 DE 22 5C 10 E0 BF,temp=105.00
1779095500.208,0x100,8,54 FA F3 78 10 72 9C 41,speed=84.00
1779095500.296,0x200,8,72 64 93 7D 9C 37 9A A8,fuel=100.00
1779095500.450,0x300,8,41 18 FF 80 0C 58 55 B4,temp=105.00
1779095500.531,0x100,8,54 62 35 91 A2 37 5E DB,speed=84.00
1779095500.586,0x200,8,E7 64 93 93 15 5B 05 C2,fuel=100.00
1779095500.667,0x300,8,41 2E 15 2F D0 4C 5D 7A,temp=105.00
1779095500.793,0x100,8,54 AF 06 93 3F B5 4E 69,speed=84.00
1779095500.930,0x200,8,96 64 85 F7 6B B4 25 8F,fuel=100.00
1779095500.984,0x300,8,41 BE CB 33 CB 11 BA 6F,temp=105.00
1779095501.087,0x100,8,54 C4 B6 93 73 DD 1B 77,speed=84.00
1779095501.144,0x200,8,BE 64 53 E4 D6 06 A2 39,fuel=100.00
1779095501.228,0x300,8,41 C9 66 40 D4 0F F2 E1,temp=105.00
1779095501.383,0x100,8,54 7E 33 05 67 66 96 4B,speed=84.00
1779095501.475,0x200,8,23 64 33 72 07 32 CA 88,fuel=100.00
1779095501.556,0x300,8,41 89 49 BD 17 8C 40 4F,temp=105.00
1779095501.654,0x100,8,54 B4 58 48 7A D6 31 E7,speed=84.00
1779095501.719,0x200,8,8C 64 DD 95 83 35 A2 76,fuel=100.00
1779095501.824,0x300,8,41 32 A4 9A 71 0B EA AB,temp=105.00
1779095501.916,0x100,8,54 43 14 36 0A E4 CB D1,speed=84.00
1779095501.998,0x200,8,DA 64 2B 53 11 C0 7B 88,fuel=100.00
1779095502.097,0x300,8,41 33 32 EA AE 47 79 BF,temp=105.00
1779095502.201,0x100,8,54 81 BA 2E D9 37 75 05,speed=84.00
1779095502.283,0x200,8,D7 64 D1 CC 0D 4D 4F F9,fuel=100.00
1779095502.370,0x300,8,41 14 D7 54 33 1A 69 EC,temp=105.00
1779095502.474,0x100,8,54 44 7F FD 42 8B 0F 6E,speed=84.00
1779095502.577,0x200,8,30 64 E2 78 A7 95 D4 DD,fuel=100.00
1779095502.636,0x300,8,41 A1 23 F0 ED EC 97 10,temp=105.00
1779095502.749,0x100,8,54 A4 DF 64 36 5D FA C2,speed=84.00
1779095502.877,0x200,8,DC 64 F7 C3 AE 63 58 40,fuel=100.00
1779095502.939,0x300,8,41 ED C1 79 EB AC D3 60,temp=105.00
1779095503.031,0x100,8,54 6C C1 F1 22 83 51 31,speed=84.00
1779095503.118,0x200,8,E8 64 08 8F 17 41 09 B8,fuel=100.00
1779095503.204,0x300,8,41 93 4D 6A 04 FF 74 DA,temp=105.00
1779095503.336,0x100,8,54 32 61 BF F7 BF ED F3,speed=84.00
1779095503.402,0x200,8,17 64 CF 1C DF 8C B0 B9,fuel=100.00
1779095503.506,0x300,8,41 C4 BE E2 6C B4 CC C1,temp=105.00
1779095503.619,0x100,8,54 1A 17 80 B9 67 9D B3,speed=84.00
1779095503.703,0x200,8,EC 64 16 1A 2C A4 DC A0,fuel=100.00
1779095503.779,0x300,8,41 A4 0C CA 69 66 14 E5,temp=105.00
1779095503.886,0x100,8,54 D7 D5 EC FA 94 3F D7,speed=84.00
1779095503.969,0x200,8,E5 64 D5 A2 18 37 3B F7,fuel=100.00
1779095504.051,0x300,8,41 B6 8B 2C D8 6F 4F 72,temp=105.00
1779095504.160,0x100,8,54 29 FF EB B4 7B 67 B2,speed=84.00
1779095504.263,0x200,8,1E 64 18 66 F0 D1 BA 7A,fuel=100.00
1779095504.353,0x300,8,41 6D B1 20 CA 7A 94 1C,temp=105.00
1779095504.441,0x100,8,54 AC 60 C5 43 4D F0 10,speed=84.00
1779095504.591,0x200,8,1F 64 EE FE 53 93 39 9E,fuel=100.00
1779095504.650,0x300,8,41 1D F3 5C 7C 0B FE 50,temp=105.00
1779095504.715,0x100,8,54 EF FE 00 36 C1 90 7A,speed=84.00
1779095504.800,0x200,8,0B 64 7F C8 DE 8F 8B 2A,fuel=100.00
1779095504.899,0x300,8,41 03 24 A7 90 11 3E 86,temp=105.00
1779095504.992,0x100,8,54 B0 6F 3E 8D 89 9D 94,speed=84.00
1779095505.101,0x200,8,B0 64 4A 2E 44 DE 7F E3,fuel=100.00
1779095505.258,0x300,8,41 C9 84 9A 24 DA 3E 87,temp=105.00
1779095505.282,0x100,8,54 3A C6 06 67 28 D7 AE,speed=84.00
1779095505.370,0x200,8,76 64 95 07 AF CA E8 CF,fuel=100.00
1779095505.495,0x300,8,41 AD 66 87 6D 7B 1D 5E,temp=105.00
1779095505.556,0x100,8,54 DA 6E E8 76 66 B8 43,speed=84.00
1779095505.673,0x200,8,1F 64 4E BB E3 C9 7F 6E,fuel=100.00
1779095505.741,0x300,8,41 55 E5 BC A1 47 C2 3E,temp=105.00
1779095505.832,0x100,8,54 16 0F F4 AB 29 6D 00,speed=84.00
1779095505.944,0x200,8,F2 64 0A 3F 54 42 BF 9D,fuel=100.00
1779095506.058,0x300,8,41 CA A6 83 3B 60 EC ED,temp=105.00
1779095506.128,0x100,8,54 50 A9 13 F3 24 E3 C8,speed=84.00
1779095506.249,0x200,8,49 64 7F 93 24 A5 7A 98,fuel=100.00
1779095506.383,0x300,8,41 72 FC 27 AA B3 FD E5,temp=105.00
1779095506.435,0x100,8,54 97 23 ED D0 C9 36 32,speed=84.00
1779095506.615,0x200,8,7F 64 80 4E 8E 3A A8 A6,fuel=100.00
1779095506.708,0x300,8,41 4E 27 C4 85 4A 7C 15,temp=105.00
1779095506.809,0x100,8,54 ED 29 3D 72 9C CA E5,speed=84.00
1779095507.027,0x200,8,78 64 3B 15 4E 3E 5C AE,fuel=100.00
1779095507.126,0x300,8,41 0B 14 CC 65 A4 B1 CF,temp=105.00
1779095507.169,0x100,8,54 DF E4 CE E7 77 0A 5B,speed=84.00
1779095507.295,0x200,8,00 64 6C 39 E7 B8 35 3D,fuel=100.00
1779095507.326,0x300,8,41 9E 6D 26 3E 05 0A 5D,temp=105.00
1779095507.426,0x100,8,54 AA 55 6D 83 45 47 26,speed=84.00
1779095507.516,0x200,8,9A 64 E2 53 FE 0F F3 F7,fuel=100.00
1779095507.752,0x300,8,41 F4 48 3E A9 67 7E 00,temp=105.00
1779095508.069,0x100,8,54 EC D6 A1 05 90 B8 99,speed=84.00
1779095511.997,0x200,8,50 64 E3 05 DE AC 4C 4E,fuel=100.00
1779095512.348,0x300,8,41 DD 0B AB 96 D6 AD CD,temp=105.00
1779095512.467,0x100,8,54 2F 02 30 8D F1 B2 5E,speed=84.00
1779095512.552,0x200,8,7C 64 25 51 6D 51 D1 C8,fuel=100.00
1779095512.678,0x300,8,41 0F 30 0A 7A 2F 7E C4,temp=105.00
1779095512.820,0x100,8,54 0E 3E 5B A5 C9 54 FC,speed=84.00
1779095513.022,0x200,8,D5 64 22 29 4A 8B 61 C7,fuel=100.00
1779095513.218,0x300,8,41 A8 80 D0 6E 1B 73 EC,temp=105.00
1779095513.346,0x100,8,54 C9 75 7B 37 B4 A5 2E,speed=84.00
1779095513.469,0x200,8,D3 64 44 76 E5 1D C0 0A,fuel=100.00
1779095513.603,0x300,8,41 39 5A F3 AB C3 97 47,temp=105.00
1779095513.778,0x100,8,54 73 93 17 6B 2C B5 27,speed=84.00
1779095513.946,0x200,8,0A 64 26 46 FA D7 D3 5B,fuel=100.00
1779095514.080,0x300,8,41 9C 22 8B E7 D4 5B 39,temp=105.00
1779095514.185,0x100,8,54 56 DD B3 2A C6 22 94,speed=84.00
1779095514.397,0x200,8,3D 64 6B 48 25 53 3E 05,fuel=100.00
1779095514.598,0x300,8,41 FE 4B 89 F5 79 BB 41,temp=105.00
1779095514.704,0x100,8,54 BD 06 B8 1D A8 24 15,speed=84.00
1779095514.748,0x200,8,E2 64 4F 93 28 5D 79 FA,fuel=100.00
1779095514.839,0x300,8,41 A0 76 C5 D5 6B 9B 89,temp=105.00
1779095514.920,0x100,8,54 CD BC 7B B3 29 A2 67,speed=84.00
1779095515.040,0x200,8,5B 64 68 55 F4 1C A3 84,fuel=100.00
1779095515.175,0x300,8,41 26 D0 EE CC 50 02 DD,temp=105.00
1779095515.262,0x100,8,54 12 5E A9 EF F0 D1 B3,speed=84.00
1779095515.382,0x200,8,E4 64 93 15 E3 CB 64 85,fuel=100.00
1779095515.515,0x300,8,41 AB 89 5E 4B 95 D3 47,temp=105.00
1779095515.783,0x100,8,54 AE DF 7D 9E 01 E9 BD,speed=84.00
1779095516.078,0x200,8,FC 64 D7 19 B5 79 C9 D8,fuel=100.00
1779095516.149,0x300,8,41 9B 95 4D BB 77 02 B2,temp=105.00
1779095516.371,0x100,8,54 CB C5 37 80 3B 70 D2,speed=84.00
1779095516.570,0x200,8,42 64 68 81 2E 70 27 78,fuel=100.00
1779095516.667,0x300,8,41 BB 1F D2 A7 35 38 38,temp=105.00
1779095516.869,0x100,8,54 23 69 00 F7 E2 73 38,speed=84.00
1779095517.013,0x200,8,9F 64 1A D5 D3 B7 1C 43,fuel=100.00
1779095517.240,0x300,8,41 FC 31 1F E5 BF 93 21,temp=105.00
1779095517.280,0x100,8,54 23 7B DD 30 42 33 A6,speed=84.00
1779095517.434,0x200,8,0E 64 8F 17 F5 0F 9B F9,fuel=100.00
1779095517.501,0x300,8,41 6A 52 95 CF 9B 13 95,temp=105.00
1779095517.612,0x100,8,54 FB B0 0C F6 7F C9 3D,speed=84.00
1779095517.799,0x200,8,2E 64 28 FA 1A D3 E4 33,fuel=100.00
1779095517.938,0x300,8,41 E8 17 55 EC 94 E5 5B,temp=105.00
1779095518.027,0x100,8,54 B6 C2 3B B3 3F 58 20,speed=84.00
1779095518.129,0x200,8,E4 64 19 32 47 3B 05 8B,fuel=100.00
1779095518.220,0x300,8,41 2F 70 5B B9 03 B7 FB,temp=105.00
1779095518.306,0x100,8,54 07 6D D9 09 6A 5A C7,speed=84.00
1779095518.568,0x200,8,17 64 E3 1D 91 A9 99 3B,fuel=100.00
1779095518.691,0x300,8,41 B9 CE C7 D7 84 64 F9,temp=105.00
1779095518.784,0x100,8,54 06 27 A7 E0 37 33 BB,speed=84.00
1779095519.042,0x200,8,2C 64 6A C8 01 34 EF 5C,fuel=100.00
1779095519.079,0x300,8,41 7A 76 52 A4 BF 04 14,temp=105.00
1779095519.363,0x100,8,54 0D 04 99 27 DF 3F 48,speed=84.00
1779095519.569,0x200,8,1F 64 71 52 DA 51 BB 26,fuel=100.00
1779095519.647,0x300,8,41 6D 5A 63 78 11 19 6E,temp=105.00
1779095519.760,0x100,8,54 6C D8 9D 92 60 A5 32,speed=84.00
1779095520.073,0x200,8,E6 64 67 15 A9 55 CB CF,fuel=100.00
1779095520.112,0x300,8,41 2D C0 D9 3D 0C 38 23,temp=105.00
1779095520.255,0x100,8,54 EB 82 1F 9B 33 A0 FC,speed=84.00
1779095520.283,0x200,8,79 64 F0 D3 4B B5 52 77,fuel=100.00
1779095520.397,0x300,8,41 CF 7B 99 6B 8C 28 AE,temp=105.00
1779095520.585,0x100,8,54 21 1E C4 AD FB C6 DB,speed=84.00
1779095520.743,0x200,8,E2 64 96 9F E8 76 99 E6,fuel=100.00
1779095521.104,0x300,8,41 B1 BC FD 39 78 54 6E,temp=105.00
1779095521.196,0x100,8,54 1A 1E 7D 15 82 61 05,speed=84.00
1779095521.352,0x200,8,A4 64 03 EB 11 E1 80 D1,fuel=100.00
1779095521.457,0x300,8,41 51 F3 12 57 7E 76 6F,temp=105.00
1779095521.635,0x100,8,54 EA 0F D5 F1 86 0E 82,speed=84.00
1779095521.819,0x200,8,9E 64 94 E5 0D AB 9B B6,fuel=100.00
1779095521.901,0x300,8,41 DF F1 B0 01 2E 20 93,temp=105.00
1779095522.029,0x100,8,54 84 50 6C DA 0C 0D 2E,speed=84.00
1779095522.123,0x200,8,F7 64 3F F4 1D 1C 3A B6,fuel=100.00
1779095522.403,0x300,8,41 52 19 3F D4 B5 46 5D,temp=105.00
1779095522.500,0x100,8,54 D4 C9 8D E9 08 3A C4,speed=84.00
1779095522.732,0x200,8,DF 64 7B 34 6A C7 CF FC,fuel=100.00
1779095522.892,0x300,8,41 26 7C 81 36 17 4C CC,temp=105.00
1779095523.051,0x100,8,54 1B 51 B1 32 54 3D 8F,speed=84.00
1779095523.208,0x200,8,B7 64 51 95 FD BF D3 09,fuel=100.00
1779095523.380,0x300,8,41 05 EE 53 19 C3 65 44,temp=105.00
1779095523.522,0x100,8,54 39 B3 E6 72 22 20 04,speed=84.00
1779095523.712,0x200,8,40 64 C4 A9 C1 50 4B 04,fuel=100.00
1779095523.787,0x300,8,41 39 53 8D EB B4 3D 1B,temp=105.00
1779095523.860,0x100,8,54 6B C8 09 1B 74 BE FE,speed=84.00
1779095524.037,0x200,8,B3 64 3F 40 CB 00 6B 24,fuel=100.00
1779095524.184,0x300,8,41 B1 0F A9 AF F6 F5 6B,temp=105.00
1779095524.409,0x100,8,54 6D 16 0B BF 01 9B 32,speed=84.00
1779095524.562,0x200,8,EA 64 D7 9C F0 F4 39 5B,fuel=100.00
1779095524.619,0x300,8,41 9B 76 5A D8 4B 79 73,temp=105.00
1779095524.701,0x100,8,54 F1 1E 74 58 98 BA 55,speed=84.00
1779095524.810,0x200,8,2F 64 80 E5 B7 DC 18 0E,fuel=100.00
1779095524.980,0x300,8,41 DA 2E A0 E3 29 19 97,temp=105.00
1779095525.194,0x100,8,54 C9 57 6C C9 C1 D4 47,speed=84.00
1779095525.265,0x200,8,07 64 E5 8F E3 53 7E D5,fuel=100.00
1779095525.349,0x300,8,41 0B A5 C6 B8 B9 B1 09,temp=105.00
1779095525.563,0x100,8,54 99 AA 86 36 92 5E 67,speed=84.00
1779095525.619,0x200,8,86 64 6D 6E 75 4D C9 0D,fuel=100.00
1779095525.958,0x300,8,41 F7 C2 8C A5 8D BF 8B,temp=105.00
1779095526.086,0x100,8,54 DF 80 04 9E 5A 1D 8B,speed=84.00
1779095526.258,0x200,8,A0 64 77 07 AF 59 61 C2,fuel=100.00
1779095526.301,0x300,8,41 72 A2 88 76 F0 B3 BF,temp=105.00
1779095526.419,0x100,8,54 92 EB 14 C9 0B 21 47,speed=84.00
1779095526.596,0x200,8,AA 64 EC 65 99 13 B3 1C,fuel=100.00
1779095526.716,0x300,8,41 EB 92 32 38 86 1A 4A,temp=105.00
1779095526.798,0x100,8,54 18 ED CC AB 4D A4 21,speed=84.00
1779095526.980,0x200,8,D3 64 46 48 6E BA 01 08,fuel=100.00
1779095527.049,0x300,8,41 FD FB 99 A3 53 01 91,temp=105.00
1779095527.192,0x100,8,54 F6 88 F0 C3 AA D7 1E,speed=84.00
1779095527.232,0x200,8,B7 64 59 3A 39 31 CF 1C,fuel=100.00
1779095527.326,0x300,8,41 32 32 3F 50 D9 68 F0,temp=105.00
1779095527.487,0x100,8,54 EB 77 70 BB 3C FB 2E,speed=84.00
1779095527.668,0x200,8,4B 64 32 44 D8 AF 2F 7A,fuel=100.00
1779095527.695,0x300,8,41 46 F4 65 CA 09 8A 28,temp=105.00
1779095527.931,0x100,8,54 A4 7D DF 47 3C C3 AD,speed=84.00
1779095528.026,0x200,8,82 64 36 E8 A8 44 1C 92,fuel=100.00
1779095528.109,0x300,8,41 1A 52 37 F3 B2 E8 F8,temp=105.00
1779095528.193,0x100,8,54 64 49 DE 7D 5F 32 09,speed=84.00
1779095528.379,0x200,8,01 64 44 14 20 3D 41 1A,fuel=100.00
1779095528.467,0x300,8,41 D1 F0 A6 4B 17 E6 3A,temp=105.00
1779095528.654,0x100,8,54 26 24 BF 81 CF C3 4E,speed=84.00
1779095528.768,0x200,8,C9 64 17 DB D5 3E B5 B5,fuel=100.00
1779095528.834,0x300,8,41 79 EA F4 AD BB 1A 98,temp=105.00
1779095528.926,0x100,8,54 70 B4 9E C0 1F 11 56,speed=84.00
1779095529.012,0x200,8,F7 64 17 1E 65 36 7A 6E,fuel=100.00
1779095529.135,0x300,8,41 E6 BE 4E BB 2A 62 0C,temp=105.00
1779095529.214,0x100,8,54 AC 69 69 33 B3 96 0A,speed=84.00
1779095529.276,0x200,8,05 64 92 35 50 0C FF F2,fuel=100.00
1779095529.407,0x300,8,41 AA 79 A0 4B F1 E2 8F,temp=105.00
1779095529.644,0x100,8,54 58 44 21 26 40 A5 23,speed=84.00
1779095529.748,0x200,8,02 64 71 6D 77 95 D5 D0,fuel=100.00
1779095529.962,0x300,8,41 10 E9 CB 44 3A 61 72,temp=105.00
1779095530.031,0x100,8,54 A6 5B 27 75 DE D7 63,speed=84.00
1779095530.136,0x200,8,F4 64 9B 8F D0 01 CD 4C,fuel=100.00
1779095530.237,0x300,8,41 6F B2 73 81 26 9B 2B,temp=105.00
1779095530.449,0x100,8,54 FD C7 D3 71 45 28 8E,speed=84.00
1779095530.542,0x200,8,67 64 22 D4 ED 9A 61 C6,fuel=100.00
1779095530.627,0x300,8,41 69 39 22 E2 05 C2 EF,temp=105.00
1779095530.722,0x100,8,54 81 0A 27 98 C2 80 2C,speed=84.00
1779095530.835,0x200,8,54 64 19 F5 A4 01 05 9F,fuel=100.00
1779095530.959,0x300,8,41 26 1F F8 10 F0 40 B4,temp=105.00
1779095531.103,0x100,8,54 81 8F F6 9B BE 0C 11,speed=84.00
1779095531.293,0x200,8,5A 64 7D E5 EE 47 9A D2,fuel=100.00
1779095531.434,0x300,8,41 F7 73 12 66 38 9B D2,temp=105.00
1779095531.580,0x100,8,54 CE F1 C5 BB CA 9B 71,speed=84.00
1779095531.703,0x200,8,B9 64 3A 31 4D CB 0E D1,fuel=100.00
1779095531.746,0x300,8,41 3E F0 49 68 65 D4 ED,temp=105.00
1779095531.929,0x100,8,54 21 F4 F1 C2 3F 70 5F,speed=84.00
1779095532.111,0x200,8,5C 64 AE 4C B4 D5 78 A6,fuel=100.00
1779095532.240,0x300,8,41 85 5F 9A F8 45 2A 2F,temp=105.00
1779095532.348,0x100,8,54 4C BC 82 D5 5D 33 40,speed=84.00
1779095532.406,0x200,8,45 64 AA BE 82 44 D1 FC,fuel=100.00
1779095532.567,0x300,8,41 E8 38 E5 8E 08 95 F1,temp=105.00
1779095532.681,0x100,8,54 2D 22 44 A4 C2 3B 9B,speed=84.00
1779095532.909,0x200,8,70 64 01 4E C7 E8 0D 05,fuel=100.00
1779095533.024,0x300,8,41 69 68 7C 6E 49 75 BA,temp=105.00
1779095533.171,0x100,8,54 70 BF A8 4F 8E BD 9D,speed=84.00
1779095533.254,0x200,8,9C 64 A3 33 B4 B5 8B 2F,fuel=100.00
1779095533.408,0x300,8,41 9E B6 3E 20 6A C0 79,temp=105.00
1779095533.468,0x100,8,54 CC D4 B4 96 A3 92 37,speed=84.00
1779095533.546,0x200,8,47 64 FD 99 72 71 C5 C6,fuel=100.00
1779095533.702,0x300,8,41 7C 5A 6E 9F CB 02 4F,temp=105.00
1779095533.796,0x100,8,54 75 B9 DB 68 AF 1C 88,speed=84.00
1779095533.866,0x200,8,8C 64 21 68 A4 9F 54 4A,fuel=100.00
1779095534.129,0x300,8,41 DE A9 F7 C5 36 5F FE,temp=105.00
1779095534.269,0x100,8,54 E6 D4 A2 C2 39 E1 F1,speed=84.00
1779095534.373,0x200,8,24 64 94 F2 67 8E 0F 92,fuel=100.00
1779095534.456,0x300,8,41 CE 4F 66 EB 03 5B AE,temp=105.00
1779095534.552,0x100,8,54 D4 00 7D A8 F1 21 EF,speed=84.00
1779095534.736,0x200,8,E6 64 8A 39 E0 17 FF B8,fuel=100.00
1779095534.876,0x300,8,41 0C 3B 2A DD 9D 29 30,temp=105.00
1779095535.029,0x100,8,54 72 49 26 64 1B FC FB,speed=84.00
1779095535.072,0x200,8,90 64 68 30 D8 8A FD 4E,fuel=100.00
1779095535.161,0x300,8,41 52 61 F3 25 FB BA 72,temp=105.00
1779095535.272,0x100,8,54 17 16 63 35 F0 89 9B,speed=84.00
1779095535.364,0x200,8,5C 64 B9 44 59 B9 D2 89,fuel=100.00
1779095535.449,0x300,8,41 83 6D DC B1 A8 62 A7,temp=105.00
1779095535.533,0x100,8,54 EC A8 83 42 DC E6 B4,speed=84.00
1779095535.628,0x200,8,51 64 89 42 04 2A 10 83,fuel=100.00
1779095535.741,0x300,8,41 FF 2B F5 B9 52 FB E4,temp=105.00
1779095535.856,0x100,8,54 72 CE F4 5C 6F D3 DB,speed=84.00
1779095535.919,0x200,8,CA 64 07 BA CC F1 25 25,fuel=100.00
1779095536.009,0x300,8,41 A1 A6 8C A2 ED 41 D8,temp=105.00
1779095536.116,0x100,8,54 82 78 9B 65 C2 15 90,speed=84.00
1779095536.202,0x200,8,23 64 90 46 25 6E D8 BC,fuel=100.00
1779095536.342,0x300,8,41 19 25 4D D3 4E 8F EC,temp=105.00
1779095536.418,0x100,8,54 AF E6 08 CE 14 60 D7,speed=84.00
1779095536.480,0x200,8,AD 64 92 06 97 E7 BA 97,fuel=100.00
1779095536.585,0x300,8,41 0A DA 37 3A 6E CD F3,temp=105.00
1779095536.658,0x100,8,54 36 20 44 ED 2D C6 0B,speed=84.00
1779095536.770,0x200,8,A3 64 ED 3E BD 77 E2 A3,fuel=100.00
1779095536.871,0x300,8,41 68 E4 8D C3 35 03 7A,temp=105.00
1779095536.982,0x100,8,54 26 E1 16 36 F2 A2 12,speed=84.00
1779095537.049,0x200,8,DA 64 2E 29 2F BB D7 38,fuel=100.00
1779095537.153,0x300,8,41 F4 94 57 96 E1 77 E0,temp=105.00
1779095537.268,0x100,8,54 C7 09 27 B0 32 D6 32,speed=84.00
1779095537.335,0x200,8,D8 64 2C 66 99 09 6B 7C,fuel=100.00
1779095537.453,0x300,8,41 96 6C 3B B8 A0 DE 2A,temp=105.00
1779095537.498,0x100,8,54 2D 00 C9 9A 2B 2A B6,speed=84.00
1779095537.604,0x200,8,CE 64 BD 1D 0D FD 89 78,fuel=100.00
1779095537.710,0x300,8,41 FC 1D 39 62 72 01 BE,temp=105.00
1779095537.792,0x100,8,54 88 5D F6 7F 65 54 17,speed=84.00
1779095537.895,0x200,8,CB 64 E5 91 AF F2 42 F2,fuel=100.00
1779095537.964,0x300,8,41 41 B1 9A B0 6F 42 14,temp=105.00
1779095538.079,0x100,8,54 79 57 AF 08 68 A1 8F,speed=84.00
1779095538.188,0x200,8,0F 64 E8 5A A8 DF 9A BD,fuel=100.00
1779095538.260,0x300,8,41 9C 7C 19 E8 6E D6 ED,temp=105.00
1779095538.361,0x100,8,54 99 2F 63 42 97 28 11,speed=84.00
1779095538.440,0x200,8,57 64 F3 26 03 33 8E 97,fuel=100.00
1779095538.548,0x300,8,41 9B CB 4B 47 FC FB 6B,temp=105.00
1779095538.622,0x100,8,54 68 5F 93 41 75 06 73,speed=84.00
1779095538.717,0x200,8,86 64 69 1B 0C 5E EC 4B,fuel=100.00
1779095538.810,0x300,8,41 A9 8E 4F E3 DC 2E 98,temp=105.00
1779095538.926,0x100,8,54 FA 91 29 2A 8B BB BB,speed=84.00
1779095539.011,0x200,8,21 64 BB F3 CD DB 13 6A,fuel=100.00
1779095539.112,0x300,8,41 8A 5C A5 31 1E 9C 0E,temp=105.00
1779095539.222,0x100,8,54 07 43 DB 75 FB E4 54,speed=84.00
1779095539.287,0x200,8,F3 64 E5 F6 E0 3D A0 64,fuel=100.00
1779095539.683,0x300,8,41 D2 59 73 04 10 AA 97,temp=105.00
1779095539.785,0x100,8,54 C6 B8 26 0A 52 F7 BC,speed=84.00
1779095539.852,0x200,8,C2 64 B9 F6 6A 3D FC C8,fuel=100.00
1779095540.095,0x300,8,41 07 B9 2D 7D D7 4D 1C,temp=105.00
1779095540.218,0x100,8,54 B8 4D 41 44 4F 9D 76,speed=84.00
1779095540.429,0x200,8,85 64 C0 DD F0 2F 4C DA,fuel=100.00
1779095540.545,0x300,8,41 79 48 CF A4 6E 5D 6D,temp=105.00
1779095540.596,0x100,8,54 84 F2 4C 08 3D D8 95,speed=84.00
1779095540.786,0x200,8,8F 64 70 CD 10 DC C2 2F,fuel=100.00
1779095540.882,0x300,8,41 E4 AC 70 AA 45 7C B8,temp=105.00
1779095541.150,0x100,8,54 13 26 F9 4A 9A EF 4C,speed=84.00
1779095541.202,0x200,8,A9 64 48 D4 AC C0 08 C5,fuel=100.00
1779095541.399,0x300,8,41 17 44 5F 7F 33 70 70,temp=105.00
1779095541.567,0x100,8,54 56 37 12 6F 54 F8 96,speed=84.00
1779095541.635,0x200,8,DB 64 60 FE A3 6E A3 EB,fuel=100.00
1779095541.808,0x300,8,41 B9 61 55 F6 E5 3B C3,temp=105.00
1779095541.834,0x100,8,54 DF 1E 8A 21 37 1A 3B,speed=84.00
1779095541.928,0x200,8,C8 64 AF D6 6E 56 BC 00,fuel=100.00
1779095542.001,0x300,8,41 0D 57 5B FE EF 8C 1B,temp=105.00
1779095542.151,0x100,8,54 99 49 D8 86 7A 7F 23,speed=84.00
1779095542.350,0x200,8,3C 64 0B 77 68 8D DE 36,fuel=100.00
1779095542.434,0x300,8,41 2D 08 26 4D F4 94 A6,temp=105.00
1779095542.545,0x100,8,54 93 97 8C 48 76 61 2E,speed=84.00
1779095542.620,0x200,8,2D 64 21 7B 3C 2B DB 35,fuel=100.00
1779095542.683,0x300,8,41 DC CC 8C 64 A6 C6 DE,temp=105.00
1779095542.843,0x100,8,54 DE 79 E2 43 C1 BF E6,speed=84.00
1779095543.009,0x200,8,5A 64 06 24 B7 5F F2 60,fuel=100.00
1779095543.124,0x300,8,41 BB 2F A3 AB DA BF E6,temp=105.00
1779095543.285,0x100,8,54 AF 06 6F AE 4B D4 F1,speed=84.00
1779095544.000,0x200,8,1C 64 E6 85 50 BF A8 D0,fuel=100.00
1779095544.109,0x300,8,41 1A 41 9A 1A 67 88 DD,temp=105.00
1779095544.224,0x100,8,54 B1 2E ED 5C 98 95 0F,speed=84.00
1779095544.364,0x200,8,EE 64 13 34 A7 77 FA 22,fuel=100.00
1779095544.583,0x300,8,41 11 00 08 B4 73 9C FF,temp=105.00
1779095544.714,0x100,8,54 76 C8 50 48 63 C3 56,speed=84.00
1779095545.518,0x200,8,01 64 98 F5 B7 A2 D5 57,fuel=100.00
1779095545.888,0x300,8,41 79 F0 57 A9 85 B7 2A,temp=105.00
1779095546.132,0x100,8,54 3A 0A 99 AA 0A 23 2F,speed=84.00
1779095546.218,0x200,8,CE 64 10 37 25 41 9B 0D,fuel=100.00
1779095546.376,0x300,8,41 1F F8 40 4B 4B 87 60,temp=105.00
1779095546.424,0x100,8,54 97 BD 58 C3 D9 84 C9,speed=84.00
1779095546.542,0x200,8,E4 64 EA 62 0B F7 22 2E,fuel=100.00
1779095546.603,0x300,8,41 04 5C 52 4A 4A 83 E4,temp=105.00
1779095546.720,0x100,8,54 B6 13 02 B6 60 FD 13,speed=84.00
1779095546.778,0x200,8,4A 64 DD 06 42 9F 21 46,fuel=100.00
1779095546.896,0x300,8,41 70 86 A0 7D AD 7A 2E,temp=105.00
1779095547.001,0x100,8,54 20 EE D0 4A C0 7C 0C,speed=84.00
1779095547.065,0x200,8,E0 64 8E 83 35 C0 DC C0,fuel=100.00
1779095547.180,0x300,8,41 69 C2 64 6E B9 5C 44,temp=105.00
1779095547.289,0x100,8,54 E4 AC D5 10 B1 02 A1,speed=84.00
1779095547.443,0x200,8,93 64 34 63 DF 70 7F A0,fuel=100.00
1779095547.698,0x300,8,41 81 DB C3 4A 64 36 E8,temp=105.00
1779095547.907,0x100,8,54 FE 69 54 89 C8 56 F0,speed=84.00
1779095548.013,0x200,8,B6 64 1D 52 B5 59 4B 9F,fuel=100.00
1779095548.524,0x300,8,41 24 AE F1 6D 49 8C 11,temp=105.00
1779095548.652,0x100,8,54 45 F4 4F B4 AF A9 4C,speed=84.00
1779095548.765,0x200,8,8C 64 4F 4A 36 26 11 DB,fuel=100.00
1779095548.886,0x300,8,41 2B 5A 80 20 EE 5B 72,temp=105.00
1779095549.030,0x100,8,54 81 01 34 A6 A3 83 13,speed=84.00
1779095549.176,0x200,8,B1 64 B9 7F 78 CB 01 A9,fuel=100.00
1779095549.235,0x300,8,41 D5 E9 7F 69 4B BA 14,temp=105.00
1779095549.342,0x100,8,54 29 2D 30 96 DC 0B 37,speed=84.00
1779095549.458,0x200,8,9D 64 B4 B2 80 05 B0 EF,fuel=100.00
1779095550.474,0x300,8,41 C5 BF 17 AF 91 91 32,temp=105.00
1779095550.796,0x100,8,54 E6 25 95 08 61 A1 F5,speed=84.00
1779095550.810,0x200,8,97 64 E5 18 3E 17 AD B7,fuel=100.00
1779095550.919,0x300,8,41 B5 98 FC 06 A2 C0 8C,temp=105.00
1779095551.020,0x100,8,54 A3 BB C4 D7 D0 DF 32,speed=84.00
1779095551.102,0x200,8,50 64 24 56 16 A5 68 5E,fuel=100.00
1779095551.206,0x300,8,41 B3 8A 0D 44 2B AC 30,temp=105.00
1779095551.298,0x100,8,54 CF 7C 27 A1 88 A7 2C,speed=84.00
1779095551.396,0x200,8,45 64 93 33 F7 75 D7 FD,fuel=100.00
1779095551.465,0x300,8,41 82 D4 2D EE 9D ED 98,temp=105.00
1779095551.594,0x100,8,54 07 B6 17 28 BE 3C 39,speed=84.00
1779095551.657,0x200,8,35 64 13 E0 9D EA F7 07,fuel=100.00
1779095551.752,0x300,8,41 74 BC 3B DE 65 ED 3E,temp=105.00
1779095551.852,0x100,8,54 C5 B2 77 02 51 68 AC,speed=84.00
1779095551.934,0x200,8,10 64 81 F4 2F 06 45 10,fuel=100.00
1779095552.038,0x300,8,41 F2 89 AE 89 49 6E 8E,temp=105.00
1779095552.145,0x100,8,54 B5 16 22 F1 50 80 8C,speed=84.00
1779095552.232,0x200,8,37 64 AA 3C A3 7A 3C 81,fuel=100.00
1779095552.338,0x300,8,41 AD 3E 41 39 07 D7 F4,temp=105.00
1779095552.414,0x100,8,54 A0 06 7D C3 3C FB D4,speed=84.00
1779095552.507,0x200,8,A3 64 F8 9F 1A 2F 9C 0E,fuel=100.00
1779095552.603,0x300,8,41 BE DD C0 4A 7E 18 32,temp=105.00
1779095552.685,0x100,8,54 A0 20 B7 80 25 94 24,speed=84.00
1779095552.815,0x200,8,7E 64 A8 31 FC 02 34 DC,fuel=100.00
1779095552.898,0x300,8,41 08 33 62 3A B0 8E 63,temp=105.00
1779095552.979,0x100,8,54 E2 1B 49 1C A7 A0 9C,speed=84.00
1779095553.076,0x200,8,CC 64 64 54 1C C5 73 1E,fuel=100.00
1779095553.158,0x300,8,41 71 11 3A 9A EC 09 5C,temp=105.00
1779095553.265,0x100,8,54 94 79 20 61 DF C9 97,speed=84.00
1779095553.354,0x200,8,75 64 84 F6 F7 18 90 F7,fuel=100.00
1779095553.460,0x300,8,41 09 E5 FB 50 43 99 E9,temp=105.00
1779095553.535,0x100,8,54 74 16 FA 72 05 77 0C,speed=84.00
1779095553.621,0x200,8,73 64 53 77 BA E1 10 2C,fuel=100.00
1779095553.751,0x300,8,41 F7 B2 AE FB D7 A8 A7,temp=105.00
1779095553.828,0x100,8,54 61 3D 38 1E 8A DA 6C,speed=84.00
1779095553.928,0x200,8,0E 64 40 36 47 16 F8 B9,fuel=100.00
1779095554.051,0x300,8,41 C5 05 77 37 66 0C EB,temp=105.00
1779095554.148,0x100,8,54 73 02 CD 20 10 75 BF,speed=84.00
1779095554.196,0x200,8,AD 64 67 F3 6B B8 F0 40,fuel=100.00
1779095554.285,0x300,8,41 F2 FA 51 23 33 E8 EB,temp=105.00
1779095554.410,0x100,8,54 AE 4E 5E 2F E2 A1 F3,speed=84.00
1779095554.525,0x200,8,8B 64 1E E0 41 AD D2 65,fuel=100.00
1779095554.802,0x300,8,41 AA DE 5A A8 9F 45 85,temp=105.00
1779095554.896,0x100,8,54 8B 01 35 67 7C FE 7F,speed=84.00
1779095554.961,0x200,8,97 64 F1 28 08 05 DA FE,fuel=100.00
1779095555.367,0x300,8,41 E5 F3 CF F0 03 05 DE,temp=105.00
1779095555.473,0x100,8,54 AB 28 BD F6 7A 9D 59,speed=84.00
1779095555.595,0x200,8,93 64 DF 41 32 1E D7 EF,fuel=100.00
1779095557.258,0x300,8,41 67 DE A3 E0 09 FD 90,temp=105.00
1779095557.345,0x100,8,54 DD 4D 89 BC D7 D7 30,speed=84.00
1779095557.374,0x200,8,3A 64 B6 9C 65 D7 37 F4,fuel=100.00
1779095557.509,0x300,8,41 07 97 88 63 57 EC 0D,temp=105.00
1779095557.630,0x100,8,54 83 4B 45 33 4E 52 52,speed=84.00
1779095557.670,0x200,8,C3 64 98 A4 86 54 07 A9,fuel=100.00
1779095557.768,0x300,8,41 54 F2 14 1D C6 F3 F4,temp=105.00
1779095557.918,0x100,8,54 AA 7C B6 F4 D6 01 3B,speed=84.00
1779095558.103,0x200,8,E6 64 10 C2 51 17 E8 20,fuel=100.00
1779095558.174,0x300,8,41 38 A5 BF B7 45 56 55,temp=105.00
1779095558.295,0x100,8,54 C4 49 19 6D 63 E6 96,speed=84.00
1779095558.419,0x200,8,34 64 90 76 9F E6 EC F0,fuel=100.00
1779095558.518,0x300,8,41 3B 68 FC 4E 1B EF 40,temp=105.00
1779095558.587,0x100,8,54 8C 3C CE 42 D4 98 23,speed=84.00
1779095558.717,0x200,8,AE 64 F4 6F 5E 92 A6 57,fuel=100.00
1779095558.835,0x300,8,41 C1 F3 EF F3 3A 84 92,temp=105.00
1779095558.887,0x100,8,54 32 95 27 59 37 AB 75,speed=84.00
1779095558.992,0x200,8,85 64 5B EF 74 AF AE D7,fuel=100.00
1779095559.095,0x300,8,41 ED D7 2D 2B 8C 31 B1,temp=105.00
1779095559.209,0x100,8,54 FB 5F 6D 9D 78 CA 18,speed=84.00
1779095559.292,0x200,8,C3 64 BF EE 05 C0 92 53,fuel=100.00
1779095559.371,0x300,8,41 F0 4E 7A DE 1E E4 96,temp=105.00
1779095559.454,0x100,8,54 E7 EA EE 30 FC 7C DC,speed=84.00
1779095559.576,0x200,8,BE 64 C6 23 08 5D 22 05,fuel=100.00
1779095559.625,0x300,8,41 44 F0 E3 CA F0 C9 AA,temp=105.00
1779095559.756,0x100,8,54 CB 1E 64 43 9B 73 6D,speed=84.00
1779095559.814,0x200,8,4B 64 03 24 7A FB DE 72,fuel=100.00
1779095559.912,0x300,8,41 7B F0 28 6E 8D FF 7A,temp=105.00
1779095560.038,0x100,8,54 D0 35 E9 8C DF 62 B9,speed=84.00
1779095560.108,0x200,8,57 64 08 9B 3C C6 86 A9,fuel=100.00
1779095560.253,0x300,8,41 5A 93 AA 24 14 D5 1A,temp=105.00
1779095560.304,0x100,8,54 98 4D C1 23 44 99 C5,speed=84.00
1779095560.390,0x200,8,46 64 99 AA 8C B1 E3 93,fuel=100.00
1779095560.472,0x300,8,41 4D 27 FE C4 E0 EB 45,temp=105.00
1779095560.610,0x100,8,54 33 01 95 BE AD 1A 19,speed=84.00
1779095560.661,0x200,8,47 64 7E 6E 5A 05 A4 DA,fuel=100.00
1779095560.777,0x300,8,41 D3 93 DC 63 80 29 75,temp=105.00
1779095560.873,0x100,8,54 45 F3 6B CC C8 7A 5F,speed=84.00
1779095560.976,0x200,8,B0 64 F1 48 ED 21 9B 77,fuel=100.00
1779095561.092,0x300,8,41 1F 27 09 EA 25 C6 C4,temp=105.00
1779095561.172,0x100,8,54 3C 6A 6F D7 35 2D F6,speed=84.00
1779095561.244,0x200,8,B0 64 55 1B 85 D0 05 A9,fuel=100.00
1779095561.317,0x300,8,41 A2 9F DA 67 C3 37 9D,temp=105.00
1779095561.443,0x100,8,54 08 B8 FF E7 51 A4 14,speed=84.00
1779095561.520,0x200,8,AC 64 91 29 FC 7C B4 AD,fuel=100.00
1779095561.608,0x300,8,41 C6 F2 6A BA 95 D2 2D,temp=105.00
1779095561.702,0x100,8,54 9F 68 72 BA 10 30 BB,speed=84.00
1779095561.816,0x200,8,EE 64 58 6F 03 B9 9D DB,fuel=100.00
1779095561.874,0x300,8,41 82 76 45 8D 68 D9 7B,temp=105.00
1779095562.050,0x100,8,54 0C 9C CE D0 6C 22 23,speed=84.00
1779095562.110,0x200,8,AB 64 26 2B 02 47 6F 1C,fuel=100.00
1779095562.154,0x300,8,41 63 79 AC 5B 5D 90 43,temp=105.00
1779095562.253,0x100,8,54 86 F3 E3 67 D8 69 6A,speed=84.00
1779095562.344,0x200,8,BC 64 47 6E A2 1D 30 6A,fuel=100.00
1779095562.450,0x300,8,41 09 7F 53 47 37 72 D4,temp=105.00
1779095562.612,0x100,8,54 C6 9C 5F 44 B8 9C E4,speed=84.00
1779095562.660,0x200,8,00 64 0F 4F 41 0A A5 D5,fuel=100.00
1779095562.780,0x300,8,41 59 7B 9F A5 01 43 74,temp=105.00
1779095562.830,0x100,8,54 1E FF ED 6E 97 4C 67,speed=84.00
1779095562.957,0x200,8,C5 64 6D 1D 68 9A F5 7D,fuel=100.00
1779095563.114,0x300,8,41 36 8C 17 63 C6 50 44,temp=105.00
1779095563.226,0x100,8,54 38 90 6A 91 07 4A 6A,speed=84.00
1779095563.345,0x200,8,4B 64 E5 9F 44 A9 49 E9,fuel=100.00
1779095563.382,0x300,8,41 0E 4E 69 0A 95 73 EE,temp=105.00
1779095563.477,0x100,8,54 A9 E7 20 6E 1D 95 51,speed=84.00
1779095563.568,0x200,8,CD 64 0F 09 3B A0 C4 5D,fuel=100.00
1779095563.675,0x300,8,41 A5 AF D9 BF FB 66 8D,temp=105.00
1779095563.794,0x100,8,54 22 7F 93 F9 87 89 17,speed=84.00
1779095563.858,0x200,8,23 64 34 49 DD 06 E4 38,fuel=100.00
1779095563.940,0x300,8,41 A8 A7 E5 78 A7 E9 0A,temp=105.00
1779095564.075,0x100,8,54 28 2B 85 20 FE 2C C7,speed=84.00
1779095564.133,0x200,8,00 64 DE CF 13 BB B9 CB,fuel=100.00
1779095564.264,0x300,8,41 C4 43 E4 35 29 49 FF,temp=105.00
1779095564.313,0x100,8,54 08 1A 4E 93 61 40 01,speed=84.00
1779095564.408,0x200,8,E6 64 00 24 2C 79 86 A5,fuel=100.00
1779095564.499,0x300,8,41 85 11 0D 03 2D 97 C5,temp=105.00
1779095564.611,0x100,8,54 04 C1 73 11 AE B6 E8,speed=84.00
1779095564.685,0x200,8,B0 64 6F 50 CD F3 DA 14,fuel=100.00
1779095564.830,0x300,8,41 45 0E D7 66 35 C8 28,temp=105.00
1779095564.886,0x100,8,54 37 78 A3 56 E7 D8 7B,speed=84.00
1779095564.979,0x200,8,2A 64 C8 3F 3E 55 82 D0,fuel=100.00
1779095565.069,0x300,8,41 C3 78 32 92 08 CF A6,temp=105.00
1779095565.231,0x100,8,54 AD 70 AA 0D A3 67 BB,speed=84.00
1779095565.262,0x200,8,F3 64 2F 87 AB A7 62 20,fuel=100.00
1779095565.433,0x300,8,41 D2 98 38 21 C1 26 A1,temp=105.00
1779095565.476,0x100,8,54 4F 40 13 EE 13 F2 62,speed=84.00
1779095565.606,0x200,8,BB 64 7D 28 47 AD 73 2C,fuel=100.00
1779095565.668,0x300,8,41 BB D6 CE 0D 29 6D 73,temp=105.00
1779095566.145,0x100,8,54 99 69 1F 19 5D 21 DF,speed=84.00
1779095566.186,0x200,8,39 64 4F CC 25 0D 28 36,fuel=100.00
1779095566.354,0x300,8,41 AA 7E 19 89 A8 0D 3C,temp=105.00
1779095566.564,0x100,8,54 B0 5C 0E 5E 92 5B 18,speed=84.00
1779095566.653,0x200,8,59 64 D0 52 AD FB DE 0A,fuel=100.00
1779095566.941,0x300,8,41 30 26 DF 58 B5 38 A7,temp=105.00
1779095567.242,0x100,8,54 26 5C BD D4 EC 36 C8,speed=84.00
1779095568.687,0x200,8,5B 64 FD E5 CA F3 8A A9,fuel=100.00
1779095568.890,0x300,8,41 18 C3 11 CC 48 8F 5A,temp=105.00
1779095569.218,0x100,8,54 EA BB D4 64 2B 51 65,speed=84.00
1779095569.347,0x200,8,B9 64 D0 76 E8 B4 6A 05,fuel=100.00
1779095569.913,0x300,8,41 78 B7 AB 9B DA D3 0C,temp=105.00
1779095570.294,0x100,8,54 35 6F D8 FF EA 1E E4,speed=84.00
1779095570.408,0x200,8,DE 64 6F A6 94 A6 32 5F,fuel=100.00
1779095570.457,0x300,8,41 8A 00 2B 91 D0 CC ED,temp=105.00
1779095570.584,0x100,8,54 FB B9 42 A7 C7 00 AD,speed=84.00
1779095570.705,0x200,8,C9 64 83 47 95 4B 4B 13,fuel=100.00
1779095570.813,0x300,8,41 08 39 0A 6F 6F 3B 6F,temp=105.00
1779095570.979,0x100,8,54 11 AC 41 64 CA 15 FD,speed=84.00
1779095571.052,0x200,8,57 64 71 2A 8A B6 F4 BA,fuel=100.00
1779095571.318,0x300,8,41 75 F4 90 EE 4F 94 62,temp=105.00
1779095571.425,0x100,8,54 65 23 CD 57 3F 6A FB,speed=84.00
1779095571.643,0x200,8,40 64 14 F1 C1 99 49 1F,fuel=100.00
1779095571.943,0x300,8,41 0B 81 85 6D A7 95 FF,temp=105.00
1779095572.903,0x100,8,54 06 EA 4A 39 5F B0 C7,speed=84.00
1779095573.008,0x200,8,63 64 74 52 BB 69 B0 24,fuel=100.00
1779095573.554,0x300,8,41 30 85 3A 6F 78 C7 21,temp=105.00
1779095573.903,0x100,8,54 CE 2A A3 24 7F 6D 12,speed=84.00
1779095574.075,0x200,8,F7 64 75 4C 1A D6 A0 F5,fuel=100.00
1779095575.230,0x300,8,41 65 11 82 12 9F 17 B5,temp=105.00
1779095575.387,0x100,8,54 81 92 AC CF 9F 29 92,speed=84.00
1779095575.621,0x200,8,5F 64 99 FE C9 D1 41 BF,fuel=100.00
1779095575.748,0x300,8,41 9F AD 61 A9 1D 5B C9,temp=105.00
1779095575.997,0x100,8,54 18 F9 BF D6 A1 A4 E2,speed=84.00
1779095576.098,0x200,8,F6 64 5A C4 6F BE 8A E3,fuel=100.00
1779095576.557,0x300,8,41 AC 85 6F D2 6B 5E E0,temp=105.00
1779095576.962,0x100,8,54 84 24 8C A6 8C C2 A8,speed=84.00
1779095577.202,0x200,8,97 64 0B AB BB AA 30 67,fuel=100.00
1779095577.279,0x300,8,41 3F 2D 0B 39 E3 1A 3A,temp=105.00
1779095577.514,0x100,8,54 E5 F2 06 50 D8 A2 0B,speed=84.00
1779095578.137,0x200,8,D4 64 CB 9B A2 67 ED A4,fuel=100.00
1779095578.314,0x300,8,41 E6 9E 0C 6C D8 14 4B,temp=105.00
1779095579.054,0x100,8,54 2D AF F7 50 2A 8A 10,speed=84.00
1779095579.238,0x200,8,98 64 86 90 2E F1 DC E0,fuel=100.00
1779095579.416,0x300,8,41 39 1D 53 E8 79 BA 06,temp=105.00
1779095579.816,0x100,8,54 16 6C B7 E5 0C 7B 16,speed=84.00
1779095580.620,0x200,8,D6 64 21 9E 6B 10 85 F3,fuel=100.00
1779095582.542,0x300,8,41 ED A0 2C B0 D0 BB 37,temp=105.00
1779095583.936,0x100,8,54 75 85 E1 0E 75 84 57,speed=84.00
1779095584.369,0x200,8,00 64 61 86 07 DF C4 23,fuel=100.00
1779095584.483,0x300,8,41 1F 53 19 CD 89 74 AB,temp=105.00
1779095584.579,0x100,8,54 CB 3B 0A 7E B0 57 FC,speed=84.00
1779095584.718,0x200,8,6E 64 38 50 15 5A 9A AD,fuel=100.00
1779095584.757,0x300,8,41 0D D7 3A ED 1A 73 FA,temp=105.00
1779095585.171,0x100,8,54 37 8D 41 E6 5D B1 20,speed=84.00
1779095585.502,0x200,8,C3 64 9C 12 1A 54 52 20,fuel=100.00
1779095586.386,0x300,8,41 73 A3 72 0F CD 2D 1B,temp=105.00
1779095586.809,0x100,8,54 C0 CA AC AF D4 82 DD,speed=84.00
1779095586.823,0x200,8,14 64 1A 41 17 E3 EC 64,fuel=100.00
1779095586.921,0x300,8,41 A9 39 FE 12 AF 32 67,temp=105.00
1779095587.042,0x100,8,54 29 BF CB 05 E3 B7 19,speed=84.00
1779095587.114,0x200,8,65 64 7F A2 31 5B D9 26,fuel=100.00
1779095587.210,0x300,8,41 60 0F CA 70 58 A0 02,temp=105.00
1779095587.295,0x100,8,54 D2 6B 55 99 29 C6 62,speed=84.00
1779095587.437,0x200,8,79 64 23 5D 20 C2 F9 0B,fuel=100.00
1779095587.488,0x300,8,41 AD 6B DB 34 89 27 3E,temp=105.00
1779095587.644,0x100,8,54 D4 3C 8F 6F B2 7D A5,speed=84.00
1779095587.672,0x200,8,0E 64 65 B5 6D AF 4F 29,fuel=100.00
1779095587.862,0x300,8,41 9E A8 29 EE B2 9C 13,temp=105.00
1779095587.968,0x100,8,54 B1 43 31 E0 DA 71 B9,speed=84.00
1779095588.119,0x200,8,1D 64 98 7E C9 4A 68 5D,fuel=100.00
1779095588.144,0x300,8,41 5F 40 60 52 31 88 62,temp=105.00
1779095588.290,0x100,8,54 FA 98 A8 E0 BE E3 E9,speed=84.00
1779095588.330,0x200,8,58 64 6A CD 71 F3 B7 AB,fuel=100.00
1779095588.492,0x300,8,41 AB DB 23 9D C4 04 78,temp=105.00
1779095588.547,0x100,8,54 AE EB 67 5C 6B EF 55,speed=84.00
1779095588.627,0x200,8,84 64 1A B7 DE CA F4 3A,fuel=100.00
1779095588.738,0x300,8,41 7C DE 07 DA 16 C2 BB,temp=105.00
1779095588.885,0x100,8,54 5F 61 88 8B 7D 2F 68,speed=84.00
1779095589.034,0x200,8,1F 64 C7 62 22 B1 11 04,fuel=100.00
1779095589.126,0x300,8,41 F3 6A 72 40 EE 47 A6,temp=105.00
1779095589.286,0x100,8,54 56 D3 6D 3A DF 16 2F,speed=84.00
1779095589.392,0x200,8,1A 64 69 32 0C C1 0E 89,fuel=100.00
1779095589.463,0x300,8,41 C1 D6 B0 37 F5 00 08,temp=105.00
1779095589.794,0x100,8,54 E1 9F 58 FE CE 3C FD,speed=84.00
1779095589.869,0x200,8,BE 64 E3 8F 08 02 DD 80,fuel=100.00
1779095589.934,0x300,8,41 73 9E B6 3E 1E 3C 76,temp=105.00
1779095590.053,0x100,8,54 6B 7F D7 35 4C 89 7E,speed=84.00
1779095590.117,0x200,8,D6 64 9B 57 D2 FC FA 70,fuel=100.00
1779095590.195,0x300,8,41 9A FF 2D 7C 3E B1 3E,temp=105.00
1779095590.304,0x100,8,54 3A 5E 21 53 B4 AA E1,speed=84.00
1779095590.400,0x200,8,45 64 CF DC C5 22 D5 D8,fuel=100.00
1779095590.494,0x300,8,41 2E C1 0E D4 76 73 36,temp=105.00
1779095590.577,0x100,8,54 E7 47 C4 43 B5 F3 59,speed=84.00
1779095590.680,0x200,8,13 64 C6 C9 A8 B2 3B F1,fuel=100.00
1779095590.832,0x300,8,41 00 6A 62 EC 2B FC 86,temp=105.00
1779095590.893,0x100,8,54 A9 D3 E3 C5 04 EC 73,speed=84.00
1779095590.975,0x200,8,35 64 FA 97 D0 BB 49 23,fuel=100.00
1779095591.046,0x300,8,41 07 F9 3D 01 0C 97 D9,temp=105.00
1779095591.183,0x100,8,54 41 42 DD 5A 89 FF 73,speed=84.00
1779095591.259,0x200,8,B5 64 80 A7 BE FC C0 2F,fuel=100.00
1779095591.341,0x300,8,41 C5 63 68 A4 06 35 A7,temp=105.00
1779095591.428,0x100,8,54 C1 C2 FD 5E 85 B1 3A,speed=84.00
1779095591.579,0x200,8,85 64 56 E6 56 E9 C5 7E,fuel=100.00
1779095591.748,0x300,8,41 B4 5B 3C B0 43 3D E3,temp=105.00
1779095591.925,0x100,8,54 33 92 AC 4E 14 45 CE,speed=84.00
1779095592.047,0x200,8,63 64 FA 40 BB F9 7F F1,fuel=100.00
1779095592.181,0x300,8,41 84 70 74 91 63 32 E8,temp=105.00
1779095592.267,0x100,8,54 AC 77 81 24 62 F5 B8,speed=84.00
1779095592.414,0x200,8,FA 64 98 E6 A5 32 4E 41,fuel=100.00
1779095592.558,0x300,8,41 E0 4A 29 69 87 60 6A,temp=105.00
1779095592.896,0x100,8,54 13 F5 A7 6E 69 C9 D7,speed=84.00
1779095592.991,0x200,8,47 64 8F 3A 2E 26 37 A4,fuel=100.00
1779095593.042,0x300,8,41 5E B6 6A 08 99 5C 29,temp=105.00
1779095593.399,0x100,8,54 CC 5B 2D A1 6A 1D 33,speed=84.00
1779095593.630,0x200,8,53 64 A0 3E A0 CC 3B 92,fuel=100.00
1779095593.791,0x300,8,41 C1 CB 34 3B 09 75 FB,temp=105.00
1779095594.099,0x100,8,54 77 56 E2 80 93 A8 9B,speed=84.00
1779095594.212,0x200,8,27 64 68 1C 6B 13 38 E8,fuel=100.00
1779095594.323,0x300,8,41 BB 55 A7 41 AE 5F CE,temp=105.00
1779095594.407,0x100,8,54 4D FA 1A E3 2C 66 F4,speed=84.00
1779095594.650,0x200,8,84 64 7C 2F 53 B5 95 2E,fuel=100.00
1779095594.752,0x300,8,41 1E 3E 6E 8C 3F EA E8,temp=105.00
1779095595.695,0x100,8,54 82 C6 E6 02 DD 5D E6,speed=84.00
1779095595.817,0x200,8,01 64 BC 8C 6A 32 7B 44,fuel=100.00
1779095596.210,0x300,8,41 5A FB F8 65 5E 04 2D,temp=105.00
1779095596.457,0x100,8,54 0D 91 F4 FB DD 70 EB,speed=84.00
1779095596.560,0x200,8,A6 64 E0 F7 21 F9 E6 3F,fuel=100.00
1779095596.644,0x300,8,41 D7 70 94 23 62 BD A6,temp=105.00
1779095596.793,0x100,8,54 EB D8 28 6F D1 60 30,speed=84.00
1779095596.917,0x200,8,95 64 94 4D 0D DE 0D DE,fuel=100.00
1779095597.062,0x300,8,41 BE E5 96 93 69 E1 25,temp=105.00
1779095597.129,0x100,8,54 78 9C 2A F9 B6 91 A6,speed=84.00
1779095597.230,0x200,8,A3 64 BC 42 28 31 26 98,fuel=100.00
1779095597.836,0x300,8,41 BF DB 70 77 11 53 0B,temp=105.00
1779095597.909,0x100,8,54 DB 7B A2 D7 35 34 9C,speed=84.00
1779095598.007,0x200,8,0F 64 F7 92 44 92 77 C4,fuel=100.00
1779095598.187,0x300,8,41 8E E3 09 21 83 83 30,temp=105.00
1779095598.433,0x100,8,54 2B E1 86 BD F8 5B 36,speed=84.00
1779095600.201,0x200,8,D9 64 80 DD 71 8F 01 C8,fuel=100.00
1779095600.290,0x300,8,41 B2 E0 27 A0 25 5C BB,temp=105.00
1779095600.334,0x100,8,54 D0 AD DC FF 5F FC 64,speed=84.00
1779095600.499,0x200,8,9F 64 57 9A 78 DE DB A5,fuel=100.00
1779095600.590,0x300,8,41 EF 1F AD 87 47 83 60,temp=105.00
1779095600.687,0x100,8,54 C8 6F 51 E1 61 ED 45,speed=84.00
1779095600.803,0x200,8,38 64 EE C7 59 0A 3A 1A,fuel=100.00
1779095600.899,0x300,8,41 DC DC A6 4F 36 7F 05,temp=105.00
1779095600.970,0x100,8,54 0E 83 1A 88 CA 36 81,speed=84.00
1779095601.078,0x200,8,30 64 4C D7 D1 88 AD 96,fuel=100.00
1779095601.175,0x300,8,41 CF 20 A4 63 B6 AD B3,temp=105.00
1779095601.247,0x100,8,54 C1 5F 45 96 71 58 13,speed=84.00
1779095601.383,0x200,8,67 64 9C 27 A9 AD 3C F7,fuel=100.00
1779095601.512,0x300,8,41 BB 6F 6C DB 1B 9F EB,temp=105.00
1779095601.652,0x100,8,54 73 3C 6D A0 C1 F2 3F,speed=84.00
1779095601.828,0x200,8,DA 64 A5 2A EA 17 CF 8B,fuel=100.00
1779095601.950,0x300,8,41 75 F6 F0 38 20 41 F7,temp=105.00
1779095602.006,0x100,8,54 8F E2 1D 9E 4A B7 7D,speed=84.00
1779095602.063,0x200,8,85 64 49 46 AF E9 CE 72,fuel=100.00
1779095602.169,0x300,8,41 2A 19 2E A4 B1 68 29,temp=105.00
1779095602.250,0x100,8,54 3F 66 76 5A 54 97 03,speed=84.00
1779095602.343,0x200,8,9D 64 46 75 E9 35 AA 97,fuel=100.00
1779095602.477,0x300,8,41 75 DD 77 75 CD 7D C3,temp=105.00
1779095602.554,0x100,8,54 AB 4A 8C 20 DE 5F 9A,speed=84.00
1779095602.634,0x200,8,11 64 C5 BB 9A B9 3D 36,fuel=100.00
1779095602.722,0x300,8,41 A9 99 F6 50 18 F4 72,temp=105.00
1779095602.823,0x100,8,54 88 DC A9 87 A1 3B 7A,speed=84.00
1779095602.948,0x200,8,B3 64 26 06 0A FA 45 37,fuel=100.00
1779095603.003,0x300,8,41 5E 38 6C 40 36 CA 1F,temp=105.00
1779095603.130,0x100,8,54 6E BA 7D 2E B1 E0 0A,speed=84.00
1779095603.184,0x200,8,80 64 B9 BB 1B BD 14 EF,fuel=100.00
1779095603.295,0x300,8,41 AC 79 1E 4A 82 35 03,temp=105.00
1779095603.382,0x100,8,54 78 4C EB 42 F5 61 23,speed=84.00
1779095603.476,0x200,8,D6 64 96 D3 F3 C8 48 C0,fuel=100.00
1779095603.634,0x300,8,41 13 AE F3 15 8F B9 72,temp=105.00
1779095603.834,0x100,8,54 64 C9 75 E1 BD 09 8C,speed=84.00
1779095603.942,0x200,8,96 64 C1 BD EB 28 71 41,fuel=100.00
1779095604.218,0x300,8,41 41 BA A2 E0 E0 45 0F,temp=105.00
1779095604.293,0x100,8,54 14 97 07 BB DD 8D 8D,speed=84.00
1779095604.375,0x200,8,A6 64 13 78 A7 82 89 04,fuel=100.00
1779095604.468,0x300,8,41 91 C1 EB 08 3C 5A 9B,temp=105.00
1779095604.579,0x100,8,54 78 7E D1 62 05 D6 52,speed=84.00
1779095604.743,0x200,8,DC 64 B1 A1 09 88 A7 C4,fuel=100.00
1779095604.949,0x300,8,41 4D 2F 22 54 C1 A7 6A,temp=105.00
1779095605.256,0x100,8,54 18 8F 04 18 B3 CF 87,speed=84.00
1779095605.902,0x200,8,81 64 DC 62 CA E0 09 FE,fuel=100.00
1779095606.399,0x300,8,41 7F 35 DC 33 DB A5 45,temp=105.00
1779095606.547,0x100,8,54 B2 F0 84 69 02 89 3A,speed=84.00
1779095606.600,0x200,8,63 64 B2 4D 0D 1C 6D A2,fuel=100.00
1779095606.808,0x300,8,41 B3 A2 D5 23 CD 33 D7,temp=105.00
1779095606.941,0x100,8,54 AE B2 5F 3D 54 3B 1D,speed=84.00
1779095606.990,0x200,8,A0 64 FD DE F4 22 50 DD,fuel=100.00
1779095607.115,0x300,8,41 B4 0B F4 80 30 F4 80,temp=105.00
1779095607.183,0x100,8,54 BA A2 9E D0 46 66 42,speed=84.00
1779095607.278,0x200,8,BA 64 CA DD 65 73 DF 4F,fuel=100.00
1779095607.360,0x300,8,41 19 18 53 93 CA A6 F1,temp=105.00
1779095607.492,0x100,8,54 6C 42 60 B6 43 80 7E,speed=84.00
1779095607.549,0x200,8,22 64 FA 8D B1 29 71 CB,fuel=100.00
1779095607.670,0x300,8,41 D9 A4 EF 81 62 21 03,temp=105.00
1779095607.830,0x100,8,54 05 29 A2 59 F4 C0 69,speed=84.00
1779095607.991,0x200,8,3A 64 EB 8C D2 F8 5F 5F,fuel=100.00
1779095608.066,0x300,8,41 73 6E B5 33 68 13 21,temp=105.00
1779095608.125,0x100,8,54 B6 B0 2D B9 18 45 D3,speed=84.00
1779095608.206,0x200,8,12 64 81 10 51 DF 0F 6A,fuel=100.00
1779095608.394,0x300,8,41 CE 22 5E 3F F0 D4 00,temp=105.00
1779095608.704,0x100,8,54 78 92 89 01 6A 80 AC,speed=84.00
1779095608.757,0x200,8,69 64 AF D7 96 F1 91 2D,fuel=100.00
1779095608.846,0x300,8,41 21 54 2F C5 C4 3D 42,temp=105.00
1779095609.042,0x100,8,54 2D 9F D3 8D D8 9F 94,speed=84.00
1779095609.263,0x200,8,9E 64 45 64 70 53 48 EA,fuel=100.00
1779095609.454,0x300,8,41 6B 39 60 89 87 56 FB,temp=105.00
1779095609.546,0x100,8,54 68 47 65 C5 35 09 5C,speed=84.00
1779095609.664,0x200,8,3D 64 46 99 6D 3E FA 84,fuel=100.00
1779095609.775,0x300,8,41 99 E2 BB 7C 16 26 FC,temp=105.00
1779095609.881,0x100,8,54 86 51 44 DF 63 8C 05,speed=84.00
1779095609.995,0x200,8,F2 64 3F 01 1D C5 16 9E,fuel=100.00
1779095610.100,0x300,8,41 2A 0A 37 15 D4 93 14,temp=105.00
1779095610.166,0x100,8,54 6F CF F8 65 69 18 3E,speed=84.00
1779095610.288,0x200,8,93 64 5D 47 A0 9A 34 B3,fuel=100.00
1779095610.381,0x300,8,41 36 6E 3C F3 A2 C2 AD,temp=105.00
1779095610.550,0x100,8,54 52 F1 02 0E FB B0 27,speed=84.00
1779095610.870,0x200,8,30 64 18 33 4F 90 15 2D,fuel=100.00
1779095611.002,0x300,8,41 49 F0 2E 00 DC 01 4C,temp=105.00
1779095611.203,0x100,8,54 6C 5A AA 28 6A 18 FB,speed=84.00
1779095611.345,0x200,8,26 64 1E F7 BD 8E CD 9C,fuel=100.00
1779095611.381,0x300,8,41 81 19 FC 3C D8 85 BB,temp=105.00
1779095611.569,0x100,8,54 CE EB 63 7A 24 25 33,speed=84.00
1779095611.656,0x200,8,E6 64 DF BC 03 79 51 17,fuel=100.00
1779095611.781,0x300,8,41 DA 8D E0 AE 0E CC 28,temp=105.00
1779095611.978,0x100,8,54 64 CD 58 51 89 2A C9,speed=84.00
1779095612.259,0x200,8,AF 64 01 7E CD A8 3A 36,fuel=100.00
1779095612.375,0x300,8,41 47 8B 96 3E EF E4 D7,temp=105.00
1779095612.438,0x100,8,54 EA E7 7B 69 F1 C2 15,speed=84.00
1779095612.524,0x200,8,29 64 32 02 15 E0 D3 01,fuel=100.00
1779095612.607,0x300,8,41 56 4B 38 F1 A1 27 BD,temp=105.00
1779095612.695,0x100,8,54 3B C8 46 CB CC B7 8E,speed=84.00
1779095612.805,0x200,8,F3 64 A0 7A DD E4 54 98,fuel=100.00
1779095612.879,0x300,8,41 65 91 6B 64 F8 71 97,temp=105.00
1779095612.995,0x100,8,54 D2 7B AC 6B 37 02 8F,speed=84.00
1779095613.080,0x200,8,8C 64 3D 03 3F A1 56 26,fuel=100.00
1779095613.223,0x300,8,41 11 1D C7 5A EC 75 58,temp=105.00
1779095613.281,0x100,8,54 9D 11 65 06 48 73 80,speed=84.00
1779095613.365,0x200,8,44 64 16 43 DD 01 44 A9,fuel=100.00
1779095613.452,0x300,8,41 90 A7 8D 63 CE C9 D2,temp=105.00
1779095613.592,0x100,8,54 79 8A 95 76 F1 FA 33,speed=84.00
1779095613.745,0x200,8,78 64 85 01 B3 7B 14 4A,fuel=100.00
1779095613.836,0x300,8,41 2B 58 14 FA 1F 3D 9B,temp=105.00
1779095613.931,0x100,8,54 BD DF 08 4A 26 05 A9,speed=84.00
1779095614.033,0x200,8,FD 64 9E 4D 6D BA 86 FD,fuel=100.00
1779095614.126,0x300,8,41 E5 7F E5 06 D3 4E AD,temp=105.00
1779095614.197,0x100,8,54 57 5F 74 5C 17 9E A4,speed=84.00
1779095614.348,0x200,8,27 64 1F 72 AF A3 EE FA,fuel=100.00
1779095614.517,0x300,8,41 14 14 F1 C9 EB 5C 03,temp=105.00
1779095614.864,0x100,8,54 2F 2F 86 81 50 47 BF,speed=84.00
1779095614.960,0x200,8,D0 64 87 42 2A 95 33 2F,fuel=100.00
1779095615.064,0x300,8,41 76 0A E3 1E 00 7F E4,temp=105.00
1779095615.302,0x100,8,54 89 3F 63 E2 6B 68 B6,speed=84.00
1779095615.670,0x200,8,B4 64 A3 D6 9F CB 49 0A,fuel=100.00
1779095615.831,0x300,8,41 C6 BD 02 8C CE E8 51,temp=105.00
1779095616.203,0x100,8,54 90 4B 55 48 81 59 B9,speed=84.00
1779095616.306,0x200,8,F7 64 6F EF D2 63 7B F9,fuel=100.00
1779095616.385,0x300,8,41 0A 65 70 30 A4 67 4E,temp=105.00
1779095616.475,0x100,8,54 DC 81 57 D5 98 F7 A9,speed=84.00
1779095616.562,0x200,8,DF 64 A6 6B 2B 3B A3 2B,fuel=100.00
1779095616.665,0x300,8,41 17 BE FF F7 C7 EC EF,temp=105.00
1779095616.746,0x100,8,54 2A 30 44 D6 D0 9D 00,speed=84.00
1779095616.847,0x200,8,84 64 FC D1 DC C0 DF 49,fuel=100.00
1779095616.936,0x300,8,41 46 FA 09 42 99 2E FA,temp=105.00
1779095617.037,0x100,8,54 4B 3F D4 0B 25 1D 9B,speed=84.00
1779095617.125,0x200,8,6F 64 BF 03 13 0F 73 F3,fuel=100.00
1779095617.217,0x300,8,41 E1 FE 18 7E C9 08 92,temp=105.00
1779095617.341,0x100,8,54 D5 71 2E 43 56 5B 64,speed=84.00
1779095617.416,0x200,8,BB 64 0C F1 E8 30 6E 72,fuel=100.00
1779095617.497,0x300,8,41 64 67 4E B4 1A 2A 5B,temp=105.00
1779095617.590,0x100,8,54 BD 31 93 B8 01 89 A2,speed=84.00
1779095617.687,0x200,8,FF 64 22 B1 76 CC C1 11,fuel=100.00
1779095617.780,0x300,8,41 76 2B 91 75 6E 11 B2,temp=105.00
1779095617.889,0x100,8,54 1E 72 62 D4 FE 05 AA,speed=84.00
1779095617.968,0x200,8,2E 64 5B DE E0 5C 44 61,fuel=100.00
1779095618.067,0x300,8,41 AE 31 44 48 55 1F 31,temp=105.00
1779095618.165,0x100,8,54 FB 32 30 1E 9E 41 25,speed=84.00
1779095618.272,0x200,8,54 64 C8 DC FF B2 CD 83,fuel=100.00
1779095618.405,0x300,8,41 97 07 23 E0 22 E7 28,temp=105.00
1779095618.461,0x100,8,54 AC 35 91 A3 EA A0 65,speed=84.00
1779095618.571,0x200,8,FE 64 01 10 4C 61 1B 0F,fuel=100.00
1779095618.629,0x300,8,41 C4 E6 E3 AB 16 17 CB,temp=105.00
1779095618.762,0x100,8,54 37 BF BD 90 A3 29 99,speed=84.00
1779095618.835,0x200,8,C8 64 49 D0 BD 4E 0A 23,fuel=100.00
1779095618.926,0x300,8,41 15 8E 5F 59 3C 3B F2,temp=105.00
1779095619.007,0x100,8,54 75 EF 35 CD 45 B0 59,speed=84.00
1779095619.098,0x200,8,E4 64 A1 C4 C0 D1 4F E2,fuel=100.00
1779095619.215,0x300,8,41 51 5C B5 25 54 46 48,temp=105.00
1779095619.283,0x100,8,54 BB EE 80 E1 9A EA CF,speed=84.00
1779095619.377,0x200,8,9D 64 78 EF A1 01 80 4A,fuel=100.00
1779095619.471,0x300,8,41 F8 62 44 05 9E BF 5B,temp=105.00
1779095619.556,0x100,8,54 DC F7 25 67 49 20 10,speed=84.00
1779095619.659,0x200,8,15 64 C7 CA CE 79 48 7C,fuel=100.00
1779095619.798,0x300,8,41 84 BF B7 45 79 15 E5,temp=105.00
1779095619.847,0x100,8,54 8A 06 5D B4 C7 38 97,speed=84.00
1779095619.979,0x200,8,A3 64 57 61 35 B1 12 5B,fuel=100.00
1779095620.036,0x300,8,41 4C 27 4B 36 95 81 04,temp=105.00
1779095620.148,0x100,8,54 98 53 FC AA B4 2C F9,speed=84.00
1779095620.250,0x200,8,87 64 93 FD 9A 35 4C 23,fuel=100.00
1779095620.394,0x300,8,41 FE 48 B4 4F A5 90 AC,temp=105.00
1779095620.515,0x100,8,54 FC 4B D2 83 D1 CE C2,speed=84.00
1779095620.671,0x200,8,09 64 B5 8C 17 82 40 D3,fuel=100.00
1779095620.819,0x300,8,41 D8 AD 40 6D 2F 25 C0,temp=105.00
1779095620.937,0x100,8,54 79 DC 6A E0 7F 4B 7E,speed=84.00
1779095621.036,0x200,8,87 64 48 34 03 CA 85 BC,fuel=100.00
1779095621.162,0x300,8,41 AD F2 95 27 4C 09 11,temp=105.00
1779095621.285,0x100,8,54 21 C7 9E B5 59 D7 45,speed=84.00
1779095621.377,0x200,8,D0 64 12 55 38 EA 69 04,fuel=100.00
1779095621.466,0x300,8,41 C7 E8 78 48 78 11 69,temp=105.00
1779095621.529,0x100,8,54 48 D9 C3 BD CE B0 39,speed=84.00
1779095621.661,0x200,8,4B 64 AD 44 74 8C 16 BB,fuel=100.00
1779095621.733,0x300,8,41 32 44 AF 38 E0 D5 E5,temp=105.00
1779095621.825,0x100,8,54 AA 14 98 F7 97 7E EE,speed=84.00
1779095621.900,0x200,8,24 64 F6 0C A4 57 D8 BF,fuel=100.00
1779095622.061,0x300,8,41 01 83 B1 14 8B FC 90,temp=105.00
1779095622.102,0x100,8,54 F8 9C E3 48 D8 07 53,speed=84.00
1779095622.517,0x200,8,BF 64 B0 3D 6D C0 32 03,fuel=100.00
1779095622.913,0x300,8,41 75 1F B3 8A D8 E4 53,temp=105.00
1779095623.093,0x100,8,54 40 C8 2A 17 5B 7E F3,speed=84.00
1779095623.304,0x200,8,03 64 F8 69 0B DA E5 6D,fuel=100.00
1779095623.482,0x300,8,41 98 CC 89 7B A9 2D 81,temp=105.00
1779095623.670,0x100,8,54 F8 5F 74 84 C7 98 07,speed=84.00
1779095623.705,0x200,8,69 64 F2 58 04 B2 E1 81,fuel=100.00
1779095623.880,0x300,8,41 9B CC B2 9A 9F 3A 13,temp=105.00
1779095623.985,0x100,8,54 72 C5 CA 3C 58 35 0F,speed=84.00
1779095624.217,0x200,8,A1 64 19 09 F3 6B 0E 35,fuel=100.00
1779095624.272,0x300,8,41 7C 58 1C 23 E3 4A 2E,temp=105.00
1779095624.419,0x100,8,54 44 72 5E E1 52 13 5E,speed=84.00
1779095624.586,0x200,8,2F 64 8D 51 4C FC 45 37,fuel=100.00
1779095624.618,0x300,8,41 B7 51 15 3A 48 78 C4,temp=105.00
1779095624.728,0x100,8,54 0F 18 B0 24 F5 22 CA,speed=84.00
1779095624.829,0x200,8,F4 64 04 2B 9E 88 4B 7F,fuel=100.00
1779095625.516,0x300,8,41 55 DA E6 5A E4 2F B7,temp=105.00
1779095625.695,0x100,8,54 58 CF 7F B0 EE 6E 4B,speed=84.00
1779095625.757,0x200,8,47 64 69 36 A2 54 DE 08,fuel=100.00
1779095625.951,0x300,8,41 2D 85 56 14 33 A3 30,temp=105.00
1779095626.048,0x100,8,54 6C FE 1D 77 C7 02 A4,speed=84.00
1779095626.187,0x200,8,F7 64 60 45 06 1D 87 D0,fuel=100.00
1779095626.306,0x300,8,41 A9 4D D0 CA 18 4B BB,temp=105.00
1779095626.476,0x100,8,54 FC 51 F2 7E 3D 0A 11,speed=84.00
1779095626.662,0x200,8,2E 64 B3 7B AD 32 99 C5,fuel=100.00
1779095627.363,0x300,8,41 A9 8F 8D E7 57 EE 36,temp=105.00
1779095627.451,0x100,8,54 FF D8 68 1D 15 F3 30,speed=84.00
1779095627.600,0x200,8,F1 64 1A A3 0E 03 85 C6,fuel=100.00
1779095627.692,0x300,8,41 3C F0 73 29 4F B6 1A,temp=105.00
1779095627.759,0x100,8,54 4E 5B 35 D6 DD C3 8D,speed=84.00
1779095627.852,0x200,8,27 64 37 B2 90 AB 98 DD,fuel=100.00
1779095627.996,0x300,8,41 91 A9 40 5D E6 4F CE,temp=105.00
1779095628.040,0x100,8,54 40 4F 1A 54 AE 24 15,speed=84.00
1779095628.145,0x200,8,1F 64 E2 91 06 76 59 5F,fuel=100.00
1779095628.243,0x300,8,41 64 B7 53 A3 37 7A 76,temp=105.00
1779095628.312,0x100,8,54 B6 FD 69 4E AB 39 3A,speed=84.00
1779095628.403,0x200,8,78 64 1D 40 55 F9 BA 82,fuel=100.00
1779095628.543,0x300,8,41 EF DB 28 88 A8 AD 94,temp=105.00
1779095628.601,0x100,8,54 F8 18 5E E2 2B 97 BA,speed=84.00
1779095628.698,0x200,8,47 64 D1 FA 3C 86 DB 06,fuel=100.00
1779095628.778,0x300,8,41 F9 55 16 D4 83 B7 41,temp=105.00
1779095628.878,0x100,8,54 E0 AB 86 CC 0E 55 BF,speed=84.00
1779095628.991,0x200,8,9E 64 E4 57 E8 AC 89 34,fuel=100.00
1779095629.086,0x300,8,41 73 67 B1 50 69 2C D0,temp=105.00
1779095629.156,0x100,8,54 7A 1E 1D CF D7 95 10,speed=84.00
1779095629.327,0x200,8,CA 64 3B 0F 24 91 82 08,fuel=100.00
1779095629.412,0x300,8,41 3D CC 3F 28 DC D0 CA,temp=105.00
1779095629.450,0x100,8,54 3F FB 93 7A AB 9C 74,speed=84.00
1779095629.597,0x200,8,27 64 7C F4 FF 7E AA 3C,fuel=100.00
1779095629.628,0x300,8,41 DD 56 AC C3 86 A6 35,temp=105.00
1779095629.727,0x100,8,54 90 0D 3D 9E 47 7F 71,speed=84.00
1779095629.832,0x200,8,B7 64 90 42 F5 34 D7 D3,fuel=100.00
1779095629.916,0x300,8,41 8C 7B 68 E1 4E E1 01,temp=105.00
1779095630.214,0x100,8,54 08 96 CC CF 1E 0D 1B,speed=84.00
1779095630.349,0x200,8,1E 64 F2 2A A5 3B 8F 0B,fuel=100.00
1779095630.506,0x300,8,41 4E 41 09 41 F1 DE 42,temp=105.00
1779095630.665,0x100,8,54 A8 DB ED C7 32 8C 20,speed=84.00
1779095630.766,0x200,8,95 64 28 4B C9 80 92 0A,fuel=100.00
1779095630.904,0x300,8,41 E6 C6 AC 63 AE 2C 5F,temp=105.00
1779095630.974,0x100,8,54 20 2A A2 6A 11 7B 3D,speed=84.00
1779095632.286,0x200,8,BC 64 7F 2F F5 6A BB 94,fuel=100.00
1779095632.733,0x300,8,41 F5 79 66 32 C6 B0 30,temp=105.00
1779095632.911,0x100,8,54 5F 07 69 2F F8 7B 05,speed=84.00
1779095633.021,0x200,8,D7 64 72 9F 1A FE 2F B4,fuel=100.00
1779095633.162,0x300,8,41 C2 95 E8 03 98 AB 09,temp=105.00
1779095633.495,0x100,8,54 30 45 5F AE 40 99 CB,speed=84.00
1779095633.648,0x200,8,8C 64 6B C2 B5 C1 4C 3F,fuel=100.00
1779095633.781,0x300,8,41 D9 95 D1 9D 1C 87 3E,temp=105.00
1779095634.031,0x100,8,54 BF 98 60 63 CA 13 41,speed=84.00
1779095634.169,0x200,8,5E 64 20 77 B3 49 ED C7,fuel=100.00
1779095634.232,0x300,8,41 73 D9 C1 23 5E 80 E5,temp=105.00
1779095634.296,0x100,8,54 29 79 AF CB 39 CF 3F,speed=84.00
1779095634.394,0x200,8,7D 64 DC AF 6D B5 27 79,fuel=100.00
1779095634.488,0x300,8,41 17 37 4B 43 31 BD D9,temp=105.00
1779095634.578,0x100,8,54 29 FA 19 07 E9 DD DB,speed=84.00
1779095634.664,0x200,8,7E 64 C6 95 79 44 20 8B,fuel=100.00
1779095634.868,0x300,8,41 68 8D C2 63 60 EC EE,temp=105.00
1779095635.137,0x100,8,54 C7 AF D4 F8 15 70 64,speed=84.00
1779095635.441,0x200,8,8C 64 97 25 E2 A7 0A 05,fuel=100.00
1779095635.611,0x300,8,41 6B 3B 9E F4 BD 08 48,temp=105.00
1779095635.679,0x100,8,54 90 F6 F0 57 AA 8D B8,speed=84.00
1779095635.758,0x200,8,3B 64 32 6A 6E 67 4A BD,fuel=100.00
1779095635.826,0x300,8,41 B2 7D CB 64 AC 2C 06,temp=105.00
1779095635.923,0x100,8,54 87 73 B5 7B E8 34 EE,speed=84.00
1779095636.041,0x200,8,11 64 1A D4 4B 22 A9 88,fuel=100.00
1779095636.108,0x300,8,41 A2 D6 6D 3F 77 AA 69,temp=105.00
1779095636.226,0x100,8,54 A7 A7 10 4E 35 91 78,speed=84.00
1779095637.432,0x200,8,91 64 3B D0 E4 65 B7 73,fuel=100.00
1779095637.869,0x300,8,41 94 B4 A1 16 5D 45 CE,temp=105.00
1779095637.980,0x100,8,54 F9 83 07 F5 9A E6 C5,speed=84.00
1779095639.052,0x200,8,BE 64 35 BA 36 F4 34 DB,fuel=100.00
1779095639.875,0x300,8,41 7F 22 5E 14 E3 EB E2,temp=105.00
1779095640.004,0x100,8,54 EA 95 EC 7D D5 60 E9,speed=84.00
1779095640.204,0x200,8,53 64 00 7B 46 69 07 5B,fuel=100.00
1779095640.326,0x300,8,41 E1 08 78 E8 F4 2E 53,temp=105.00
1779095640.379,0x100,8,54 11 FD A4 A7 9D C9 C3,speed=84.00
1779095640.480,0x200,8,FE 64 60 19 43 1D 9A 02,fuel=100.00
1779095640.566,0x300,8,41 97 28 4C 14 86 75 0C,temp=105.00
1779095640.671,0x100,8,54 CB FA 19 98 92 C0 35,speed=84.00
1779095640.865,0x200,8,49 64 4C FA 1C AC 8E 22,fuel=100.00
1779095640.955,0x300,8,41 84 32 1B 9C 4D 9C 2E,temp=105.00
1779095641.053,0x100,8,54 BC 9D B2 88 DD 56 31,speed=84.00
1779095641.148,0x200,8,E1 64 6C 49 A2 A6 3A F0,fuel=100.00
1779095641.253,0x300,8,41 44 42 A6 17 D3 79 3F,temp=105.00
1779095641.416,0x100,8,54 D7 DD 9F 99 99 F0 BA,speed=84.00
1779095641.572,0x200,8,3D 64 99 F6 88 4C 22 96,fuel=100.00
1779095641.696,0x300,8,41 D1 8B 27 D5 D3 E1 D1,temp=105.00
1779095641.777,0x100,8,54 82 6C 29 5C 48 2F 2D,speed=84.00
1779095641.899,0x200,8,4E 64 B1 43 1E 65 95 7D,fuel=100.00
1779095641.971,0x300,8,41 E6 F7 29 C9 84 CA EB,temp=105.00
1779095642.062,0x100,8,54 BE 5F 18 A2 E2 84 6E,speed=84.00
1779095642.180,0x200,8,3D 64 9E 59 A3 89 5A 5F,fuel=100.00
1779095642.470,0x300,8,41 F6 7D A5 72 28 6A 38,temp=105.00
1779095642.604,0x100,8,54 59 24 10 80 F0 41 4E,speed=84.00
1779095643.166,0x200,8,80 64 02 47 60 11 D9 73,fuel=100.00
1779095643.273,0x300,8,41 6C 65 28 EB C2 DD 1D,temp=105.00
1779095643.421,0x100,8,54 53 05 51 45 1A BF CD,speed=84.00
1779095643.546,0x200,8,EF 64 A6 71 4F FE E3 82,fuel=100.00
1779095643.635,0x300,8,40 4F 87 19 7D 3E 98 D2,temp=104.00
1779095643.700,0x100,8,53 22 E3 59 E8 D9 7C 0A,speed=83.00
1779095643.827,0x200,8,52 64 57 04 1B 9E FA E0,fuel=100.00
1779095643.903,0x300,8,40 E8 3C D3 F1 F9 ED 71,temp=104.00
1779095644.062,0x100,8,53 5E DE EC 57 9A 2E 80,speed=83.00
1779095644.189,0x200,8,4A 64 18 8B D6 B8 31 C3,fuel=100.00
1779095644.235,0x300,8,40 0A 5C 55 E0 9E 6D F9,temp=104.00
1779095644.385,0x100,8,50 AC 12 CB 6D 06 B8 81,speed=80.00
1779095644.493,0x200,8,B3 64 AF 2A 1B 14 58 E6,fuel=100.00
1779095644.596,0x300,8,3E 98 41 D1 1D 8E 37 C7,temp=102.00
1779095644.802,0x100,8,50 5C 9A 48 8D 4C 83 70,speed=80.00
1779095644.833,0x200,8,5E 64 DE CC 2F 77 0C 98,fuel=100.00
1779095645.048,0x300,8,3E C6 CA 40 DA 8D BD 3A,temp=102.00
1779095645.214,0x100,8,50 3A 91 47 AA 70 AA EE,speed=80.00
1779095645.325,0x200,8,AF 64 C6 7E 73 3B BC EB,fuel=100.00
1779095645.398,0x300,8,3C 76 44 AF 79 F4 6E 3A,temp=100.00
1779095645.496,0x100,8,4D 23 66 9F 83 AA BB AB,speed=77.00
1779095645.602,0x200,8,50 64 C2 32 15 3D 66 89,fuel=100.00
1779095645.661,0x300,8,3C F5 69 1D 64 EC 18 94,temp=100.00
1779095645.749,0x100,8,4D 2E 21 88 46 32 33 42,speed=77.00
1779095645.840,0x200,8,95 64 53 4E AC 64 5E E7,fuel=100.00
1779095645.943,0x300,8,3C 2E D0 E2 E6 31 7E 63,temp=100.00
1779095646.101,0x100,8,4D 6E A4 C6 D7 2A A3 90,speed=77.00
1779095646.252,0x200,8,60 64 83 AE E2 A4 8B FB,fuel=100.00
1779095646.318,0x300,8,3C 16 CE D8 CF 2B CF 27,temp=100.00
1779095646.512,0x100,8,49 A5 4D BD 9C 89 84 07,speed=73.00
1779095646.767,0x200,8,94 64 A0 16 97 0D AF B7,fuel=100.00
1779095646.820,0x300,8,39 ED 72 59 18 F4 34 D8,temp=97.00
1779095646.901,0x100,8,49 94 45 91 03 FC 6A 8E,speed=73.00
1779095646.998,0x200,8,ED 64 87 04 01 47 B8 51,fuel=100.00
1779095647.093,0x300,8,39 74 3B EE 14 E2 5C 92,temp=97.00
1779095647.183,0x100,8,49 C4 6F 24 F9 AB 42 AF,speed=73.00
1779095647.306,0x200,8,6A 64 EA 6E 63 30 09 63,fuel=100.00
1779095647.371,0x300,8,35 55 04 18 56 EA EA A5,temp=93.00
1779095647.502,0x100,8,45 AE FC F4 D8 A9 40 C9,speed=69.00
1779095647.596,0x200,8,EE 64 DD B8 7D 5D 29 22,fuel=100.00
1779095647.743,0x300,8,35 28 84 E3 6B 8A 29 6B,temp=93.00
1779095647.869,0x100,8,45 E0 0E C5 A7 A5 C8 01,speed=69.00
1779095648.034,0x200,8,60 64 83 7D 93 3D E2 40,fuel=100.00
1779095648.194,0x300,8,35 C8 82 2C 78 E5 93 7D,temp=93.00
1779095648.350,0x100,8,45 4A 9E 71 4F 16 5D 6B,speed=69.00
1779095648.477,0x200,8,9D 64 6D 02 43 12 4D 2B,fuel=100.00
1779095648.620,0x300,8,32 02 4A FB 1F 81 B0 DF,temp=90.00
1779095648.764,0x100,8,40 2B 82 CE D8 8E B1 62,speed=64.00
1779095648.892,0x200,8,3D 64 63 F1 DD 5D A2 A1,fuel=100.00
1779095649.067,0x300,8,32 E9 07 18 F7 23 33 B4,temp=90.00
1779095649.184,0x100,8,40 51 9B 0E AE B8 1A 95,speed=64.00
1779095649.250,0x200,8,9D 64 82 71 42 CA A1 ED,fuel=100.00
1779095649.341,0x300,8,32 57 BD 42 B5 10 21 D6,temp=90.00
1779095649.453,0x100,8,3C 8F 03 09 1E F4 87 96,speed=60.00
1779095649.533,0x200,8,DE 64 B8 82 47 A8 66 C1,fuel=100.00
1779095649.641,0x300,8,2F E6 6D F2 CC 03 01 B4,temp=87.00
1779095649.721,0x100,8,3C AD 4D 08 F5 30 3E 98,speed=60.00
1779095649.826,0x200,8,53 64 C5 50 B2 E1 98 EF,fuel=100.00
1779095649.975,0x300,8,2F 81 A1 51 7A FF C0 B9,temp=87.00
1779095650.023,0x100,8,3C 66 AA EC 7B 6C F0 DA,speed=60.00
1779095650.111,0x200,8,8B 64 0E CD 44 1D 63 F3,fuel=100.00
1779095650.231,0x300,8,2F F7 A7 AC DB 7D 63 60,temp=87.00
1779095650.299,0x100,8,3C F5 59 DA 90 31 26 72,speed=60.00
1779095650.416,0x200,8,08 64 67 5F 76 6A 41 2D,fuel=100.00
1779095650.541,0x300,8,2C 4B 3F 1C F8 03 55 23,temp=84.00
1779095650.594,0x100,8,38 2A B6 48 30 91 D9 6D,speed=56.00
1779095650.718,0x200,8,E6 64 EC FE 8F 1F 50 D2,fuel=100.00
1779095650.819,0x300,8,2C 2E 2F 62 97 8B BF 99,temp=84.00
1779095650.896,0x100,8,38 11 59 45 72 BF 36 01,speed=56.00
1779095650.956,0x200,8,ED 64 51 16 22 FF 96 62,fuel=100.00
1779095651.056,0x300,8,2C 40 D0 F1 C6 3A A6 FA,temp=84.00
1779095651.153,0x100,8,38 A1 6B 2F E5 E7 BB 31,speed=56.00
1779095651.249,0x200,8,9F 64 0F 80 F5 04 D7 7F,fuel=100.00
1779095651.338,0x300,8,2C 27 13 63 A6 5E 75 7E,temp=84.00
1779095651.427,0x100,8,35 8D 11 D8 C2 87 FC B8,speed=53.00
1779095651.516,0x200,8,0D 64 78 DB A1 84 19 24,fuel=100.00
1779095651.657,0x300,8,2A CB AD F5 0B 6C ED F8,temp=82.00
1779095651.750,0x100,8,35 79 01 FA DD 7A 95 B4,speed=53.00
1779095651.865,0x200,8,A8 64 A5 80 73 8B 7B B4,fuel=100.00
1779095651.918,0x300,8,2A 37 1B E9 85 6E 70 FE,temp=82.00
1779095651.978,0x100,8,35 10 6E 4E 71 2B 8B 89,speed=53.00
1779095652.087,0x200,8,25 64 7B 9A 42 98 36 53,fuel=100.00
1779095652.175,0x300,8,2A A7 2A C8 21 12 A4 41,temp=82.00
1779095652.312,0x100,8,35 BE 07 38 AB 39 1D BD,speed=53.00
1779095653.183,0x200,8,73 64 52 11 30 14 9C 49,fuel=100.00
1779095653.269,0x300,8,27 24 DF FC F3 15 EF 65,temp=79.00
1779095653.416,0x100,8,2F EA ED 93 F7 C4 E3 B9,speed=47.00
1779095653.501,0x200,8,A3 64 A8 9C 95 4A 8B 0C,fuel=100.00
1779095653.627,0x300,8,25 A5 06 A3 57 C3 73 2D,temp=77.00
1779095653.716,0x100,8,2F AB D9 02 C9 02 F1 01,speed=47.00
1779095653.868,0x200,8,32 64 28 D4 E6 60 D0 3D,fuel=100.00
1779095654.024,0x300,8,25 EE A0 9C 28 78 C6 6E,temp=77.00
1779095654.068,0x100,8,2F 68 93 7D 5D D2 7A C3,speed=47.00
1779095654.285,0x200,8,AB 64 FA 29 C1 52 9B C9,fuel=100.00
1779095654.353,0x300,8,25 13 C1 2C 5F 16 FA 55,temp=77.00
1779095654.501,0x100,8,2C 20 F0 FB 5D DB 08 67,speed=44.00
1779095654.563,0x200,8,4F 64 9B FC FD 1E 84 34,fuel=100.00
1779095654.677,0x300,8,23 19 1C D2 18 9B 37 8F,temp=75.00
1779095654.917,0x100,8,2C F9 2C C8 1F B6 F6 A8,speed=44.00
1779095655.074,0x200,8,B6 64 5F 3A 8E 62 A6 79,fuel=100.00
1779095655.169,0x300,8,23 CE 2D 80 B8 FC 6C B0,temp=75.00
1779095655.229,0x100,8,2C 59 2B 9B 27 98 CD 12,speed=44.00
1779095655.300,0x200,8,F2 64 F1 35 09 0F 28 83,fuel=100.00
1779095655.411,0x300,8,22 40 79 75 B2 70 94 59,temp=74.00
1779095655.476,0x100,8,2A 4B ED 3F 73 D5 EF 9C,speed=42.00
1779095655.577,0x200,8,A9 64 C5 B7 EF 57 17 A7,fuel=100.00
1779095655.658,0x300,8,22 36 F7 69 C3 B8 AB D6,temp=74.00
1779095655.821,0x100,8,2A 11 B7 55 2A 69 CD 73,speed=42.00
1779095655.907,0x200,8,25 64 FE EF B5 58 FC 3F,fuel=100.00
1779095656.048,0x300,8,22 FF 4A 8E 01 38 8F D2,temp=74.00
1779095656.143,0x100,8,2A 79 93 8C D2 8F 9E DF,speed=42.00
1779095656.227,0x200,8,58 64 69 6E 72 6E 92 1A,fuel=100.00
1779095656.370,0x300,8,22 D3 08 0E E8 8B 0C 13,temp=74.00
1779095656.424,0x100,8,28 4B D6 A3 EA 18 3C 75,speed=40.00
1779095656.527,0x200,8,43 64 E5 18 71 55 4B CF,fuel=100.00
1779095656.593,0x300,8,20 8B 73 24 01 22 0C 5D,temp=72.00
1779095656.741,0x100,8,28 87 77 99 C7 6B A6 CE,speed=40.00
1779095656.798,0x200,8,94 64 51 3A D5 89 6E C3,fuel=100.00
1779095656.911,0x300,8,20 51 94 01 30 CF 34 0A,temp=72.00
1779095656.980,0x100,8,28 6C 14 A0 9F 85 9D 77,speed=40.00
1779095657.192,0x200,8,7E 64 E0 F8 83 EA BB 3F,fuel=100.00
1779095657.303,0x300,8,20 AA 13 BA 65 D0 CC 5B,temp=72.00
1779095657.461,0x100,8,26 D8 9A 0B B1 15 1B E3,speed=38.00
1779095657.530,0x200,8,8C 64 B7 1B 53 5A 60 D2,fuel=100.00
1779095657.641,0x300,8,1F 29 B8 A4 06 1D AA 8E,temp=71.00
1779095657.793,0x100,8,26 50 D6 4F 32 63 42 0B,speed=38.00
1779095657.976,0x200,8,9F 64 2E 69 68 6A 0B 26,fuel=100.00
1779095658.068,0x300,8,1F 3B 19 E0 AB 73 36 D0,temp=71.00
1779095658.140,0x100,8,26 F1 4F CE C5 8A F5 D4,speed=38.00
1779095658.183,0x200,8,8E 64 F7 D9 47 4A 78 03,fuel=100.00
1779095658.350,0x300,8,1F D2 59 72 77 B7 31 66,temp=71.00
1779095658.411,0x100,8,25 17 F0 FE 2A 13 46 46,speed=37.00
1779095658.468,0x200,8,BE 64 3C E7 9E 50 7F 50,fuel=100.00
1779095658.560,0x300,8,1D 0A 77 A0 08 98 F8 B4,temp=69.00
1779095658.694,0x100,8,25 14 BB 85 3A 95 07 57,speed=37.00
1779095658.754,0x200,8,FB 64 8C 8D 83 A7 86 63,fuel=100.00
1779095658.862,0x300,8,1D CB B3 45 BF 12 F3 29,temp=69.00
1779095659.030,0x100,8,25 96 06 3A 98 BF AC E1,speed=37.00
1779095659.046,0x200,8,CF 64 B1 B6 57 E6 B8 1F,fuel=100.00
1779095659.135,0x300,8,1D F8 43 CA 14 B8 21 41,temp=69.00
1779095659.257,0x100,8,25 6A 42 5E A8 D5 8E A8,speed=37.00
1779095659.346,0x200,8,25 64 8A 22 FB F5 2F C5,fuel=100.00
1779095659.467,0x300,8,1C FA 78 E6 A9 80 C2 66,temp=68.00
1779095659.520,0x100,8,23 31 97 AD 47 3A 2D 39,speed=35.00
1779095659.646,0x200,8,4E 64 D5 25 F8 D1 0E 07,fuel=100.00
1779095659.700,0x300,8,1C 9F A5 99 55 66 9A ED,temp=68.00
1779095659.807,0x100,8,23 DC DF D2 9D A1 EE 64,speed=35.00
1779095659.908,0x200,8,D4 64 62 10 9F 25 AF AA,fuel=100.00
1779095660.018,0x300,8,1C 70 6B B6 56 40 B7 17,temp=68.00
1779095660.072,0x100,8,23 D3 FE 60 B0 C8 CC 4E,speed=35.00
1779095660.185,0x200,8,D4 64 9D A4 3D 41 6F 6A,fuel=100.00
1779095660.291,0x300,8,1C 55 3B 1D 7C F9 74 E1,temp=68.00
1779095660.416,0x100,8,23 02 03 06 F6 45 F7 6E,speed=35.00
1779095660.493,0x200,8,6B 64 D9 BD 0C 95 0B C4,fuel=100.00
1779095660.540,0x300,8,1B E4 67 A2 A0 AE 5B 2A,temp=67.00
1779095660.675,0x100,8,22 47 14 74 93 05 4E CA,speed=34.00
1779095660.742,0x200,8,62 64 61 CE E3 92 B4 44,fuel=100.00
1779095660.810,0x300,8,1B 39 8A A0 DE 0B C2 FA,temp=67.00
1779095660.904,0x100,8,22 D1 E0 E3 EA 65 26 C9,speed=34.00
1779095660.999,0x200,8,33 64 D3 51 73 33 03 65,fuel=100.00
1779095661.099,0x300,8,1B CF 41 C6 47 04 8E BF,temp=67.00
1779095661.234,0x100,8,22 06 38 42 4A 30 AA 29,speed=34.00
1779095661.289,0x200,8,6A 64 B4 7C CA 15 BE ED,fuel=100.00
1779095661.419,0x300,8,1B 75 5D C2 1D 5C 2B 30,temp=67.00
1779095661.481,0x100,8,21 63 F8 B7 2F 55 D8 2A,speed=33.00
1779095661.582,0x200,8,00 64 BD 0D 33 76 13 E3,fuel=100.00
1779095661.658,0x300,8,1A AC F6 0D 27 66 55 B4,temp=66.00
1779095661.759,0x100,8,21 AD AD 31 C3 7E C5 AE,speed=33.00
1779095661.861,0x200,8,53 64 50 7C 5B 32 54 F9,fuel=100.00
1779095661.961,0x300,8,1A 3D 5C 4D E6 09 E5 7E,temp=66.00
1779095662.043,0x100,8,21 E6 25 AF 7E 45 34 C3,speed=33.00
1779095662.163,0x200,8,D2 64 EC EE CF BD 19 28,fuel=100.00
1779095662.281,0x300,8,1A 7D 9B AA 54 9C 43 FE,temp=66.00
1779095662.340,0x100,8,21 4B 1A 52 54 1E E3 BD,speed=33.00
1779095662.433,0x200,8,10 64 C7 57 F6 A5 6A 2B,fuel=100.00
1779095662.515,0x300,8,1A 14 04 6C 11 53 E0 71,temp=66.00
1779095662.626,0x100,8,20 A8 6F 15 50 F5 A0 66,speed=32.00
1779095662.716,0x200,8,57 64 91 F7 4E 56 4F 3D,fuel=100.00
1779095662.830,0x300,8,1A E1 92 97 D9 C6 18 96,temp=66.00
1779095662.928,0x100,8,20 52 B6 76 6F 90 05 CC,speed=32.00
1779095663.014,0x200,8,D1 64 9C 8B 98 E7 10 CF,fuel=100.00
1779095663.100,0x300,8,1A 64 7C 88 F2 09 CB B8,temp=66.00
1779095663.230,0x100,8,20 52 2F 96 14 78 A2 F8,speed=32.00
1779095663.314,0x200,8,FF 64 C2 88 EA 4F C1 3E,fuel=100.00
1779095663.368,0x300,8,1A BF 14 0D 8C 95 48 37,temp=66.00
1779095663.474,0x100,8,20 BF 62 9A A8 9A 4E 91,speed=32.00
1779095663.593,0x200,8,B1 64 8E DA AA 22 4D 91,fuel=100.00
1779095663.644,0x300,8,1A 75 38 28 0C 42 D4 98,temp=66.00
1779095663.785,0x100,8,20 58 1F A7 CF D9 F2 40,speed=32.00
1779095663.860,0x200,8,E9 64 C9 68 A9 DA 2F 7F,fuel=100.00
1779095663.952,0x300,8,1A 33 52 E3 6C E6 43 54,temp=66.00
1779095664.052,0x100,8,20 99 BC 5B DA F4 65 A6,speed=32.00
1779095664.135,0x200,8,8B 64 5A 02 F3 82 53 96,fuel=100.00
1779095664.219,0x300,8,1A 87 1D 71 70 25 43 AA,temp=66.00
1779095664.366,0x100,8,20 7A 20 4B 1F 89 48 B6,speed=32.00
1779095664.445,0x200,8,B3 64 86 8A EB 8A 1A 5C,fuel=100.00
1779095664.499,0x300,8,1A 6A 07 CF 3C 56 C2 43,temp=66.00
1779095664.587,0x100,8,20 F7 8C B1 3B F5 85 86,speed=32.00
1779095664.696,0x200,8,CD 64 D7 DC 7B 34 59 A2,fuel=100.00
1779095664.826,0x300,8,1A B1 5C FE 4B 9E C4 41,temp=66.00
1779095664.877,0x100,8,20 F1 89 08 68 3D 10 A5,speed=32.00
1779095664.987,0x200,8,E8 64 70 F1 50 09 C8 34,fuel=100.00
1779095665.068,0x300,8,1A 89 BA 5F 5F 7F 79 88,temp=66.00
1779095665.154,0x100,8,20 DB 62 99 D1 38 7F 4E,speed=32.00
1779095665.261,0x200,8,BD 64 F9 51 BD D1 FF 97,fuel=100.00
1779095665.346,0x300,8,1A 98 6C 73 BA 66 B7 FD,temp=66.00
1779095665.432,0x100,8,20 5B 47 89 32 C2 04 7E,speed=32.00
1779095665.517,0x200,8,CE 64 47 70 A0 71 BD 2E,fuel=100.00
1779095665.607,0x300,8,1A 0F 6F 4D 04 F1 91 36,temp=66.00
1779095665.746,0x100,8,20 B9 AE 30 48 2E 49 85,speed=32.00
1779095665.808,0x200,8,CC 64 69 25 68 62 35 58,fuel=100.00
1779095665.923,0x300,8,1A 7E 2B B6 C4 05 29 1B,temp=66.00
1779095665.991,0x100,8,20 CE 71 32 29 72 4B C5,speed=32.00
1779095666.094,0x200,8,14 64 BE 0F 9C 40 13 51,fuel=100.00
1779095666.233,0x300,8,1A 34 A5 41 0D DE 5F 86,temp=66.00
1779095666.315,0x100,8,20 D0 E1 EC 2C 89 1E ED,speed=32.00
1779095666.397,0x200,8,6C 64 E8 F6 05 3A 2A 54,fuel=100.00
1779095666.453,0x300,8,1B A2 80 8F AD 90 9B 8C,temp=67.00
1779095666.560,0x100,8,21 EE 98 A3 0F D9 D4 0F,speed=33.00
1779095666.641,0x200,8,98 64 95 85 21 93 F4 C5,fuel=100.00
1779095666.766,0x300,8,1B 29 68 48 7B 27 7A A3,temp=67.00
1779095666.903,0x100,8,21 BB 01 94 04 46 F1 A9,speed=33.00
1779095666.936,0x200,8,08 64 69 A5 1B 24 A6 B6,fuel=100.00
1779095667.062,0x300,8,1B C1 E8 EF B8 1B 44 C4,temp=67.00
1779095667.115,0x100,8,21 99 D6 37 B9 F2 F6 BD,speed=33.00
1779095667.239,0x200,8,87 64 88 F1 AB F6 F5 F6,fuel=100.00
1779095667.325,0x300,8,1B 85 EE B4 B4 D5 A2 2A,temp=67.00
1779095667.438,0x100,8,21 F4 46 11 6A 07 F8 01,speed=33.00
1779095667.498,0x200,8,21 64 99 21 24 18 BF C4,fuel=100.00
1779095667.580,0x300,8,1B 32 69 EC F8 37 71 52,temp=67.00
1779095667.678,0x100,8,22 6E AF 3F B8 0D C8 8E,speed=34.00
1779095667.770,0x200,8,F4 64 3E 6C BD 06 5F AA,fuel=100.00
1779095667.859,0x300,8,1B 19 59 9C 70 88 51 CD,temp=67.00
1779095667.991,0x100,8,22 18 BF 75 5D E8 68 4F,speed=34.00
1779095668.076,0x200,8,A6 64 E0 EC 08 4D 07 73,fuel=100.00
1779095668.136,0x300,8,1B 0E 56 61 4B 66 AA 06,temp=67.00
1779095668.234,0x100,8,22 FD FA EB 30 84 D7 99,speed=34.00
1779095668.362,0x200,8,9F 64 18 05 78 26 DC C2,fuel=100.00
1779095668.466,0x300,8,1B 36 75 25 01 3F FD BC,temp=67.00
1779095668.537,0x100,8,22 0B 9B BB 6C CB 19 ED,speed=34.00
1779095668.638,0x200,8,50 64 DB 08 87 B0 94 28,fuel=100.00
1779095668.745,0x300,8,1B 55 09 0B 02 0E C1 06,temp=67.00
1779095668.817,0x100,8,22 D8 0B 20 A6 03 06 39,speed=34.00
1779095668.927,0x200,8,66 64 A1 B1 F9 7D 4A 13,fuel=100.00
1779095669.013,0x300,8,1B D1 0B 9F FE DF 4E 7D,temp=67.00
1779095669.106,0x100,8,22 DC AA D4 0B D9 8D 43,speed=34.00
1779095669.201,0x200,8,5E 64 7B 45 89 21 5A 7F,fuel=100.00
1779095669.306,0x300,8,1B 54 E2 B0 AF 3A 53 73,temp=67.00
1779095669.369,0x100,8,22 42 A4 8F 3E 2D 89 BF,speed=34.00
1779095669.494,0x200,8,35 64 DF 69 05 C2 4C 85,fuel=100.00
1779095669.717,0x300,8,1C A7 83 A5 2F 33 2A B7,temp=68.00
1779095669.781,0x100,8,23 65 94 45 5B 71 A3 FF,speed=35.00
1779095670.110,0x200,8,62 64 C0 E5 26 44 29 37,fuel=100.00
1779095670.486,0x300,8,1D 28 9A 3C 80 D1 C7 60,temp=69.00
1779095670.664,0x100,8,24 BB AF B7 F4 A5 66 6E,speed=36.00
1779095671.264,0x200,8,D0 64 83 CC 2F 8A BF 30,fuel=100.00
1779095671.435,0x300,8,1D 30 08 78 67 DE 53 ED,temp=69.00
1779095671.540,0x100,8,25 5E C0 E7 38 76 AD 40,speed=37.00
1779095671.636,0x200,8,2D 64 5B F5 58 10 B4 50,fuel=100.00
1779095671.713,0x300,8,1E 96 AA 65 B3 05 08 CA,temp=70.00
1779095671.816,0x100,8,25 38 26 30 B5 80 38 0C,speed=37.00
1779095671.928,0x200,8,9F 64 44 A3 49 5D 51 44,fuel=100.00
1779095672.029,0x300,8,1E 59 AA 97 E2 FB F6 6C,temp=70.00
1779095672.236,0x100,8,25 AF 70 F0 1C 73 17 B6,speed=37.00
1779095672.304,0x200,8,01 64 DF 8B A2 49 9D 9A,fuel=100.00
1779095672.408,0x300,8,1E 1B 59 A7 AD 1F F5 DA,temp=70.00
1779095672.531,0x100,8,25 42 45 C9 17 AB 3A D7,speed=37.00
1779095672.596,0x200,8,E7 64 CD FE 68 47 17 31,fuel=100.00
1779095672.700,0x300,8,1D 75 B5 C6 A0 13 00 19,temp=69.00
1779095672.787,0x100,8,25 B7 1E 3D F9 DB 9B 27,speed=37.00
1779095672.884,0x200,8,A9 64 6D 6E 30 FD 8B 72,fuel=100.00
1779095672.951,0x300,8,1D 50 C7 55 79 77 A6 CB,temp=69.00
1779095673.102,0x100,8,25 6D EE 7C 96 73 06 FF,speed=37.00
1779095673.151,0x200,8,98 64 E1 AF 84 91 C1 F0,fuel=100.00
1779095673.245,0x300,8,1D 2E 6A B0 43 8F BB A7,temp=69.00
1779095673.359,0x100,8,25 4F E6 BC A4 F1 36 6E,speed=37.00
1779095673.419,0x200,8,45 64 40 C2 AD B8 87 3F,fuel=100.00
1779095673.539,0x300,8,1D 94 97 AE A4 BB 95 2E,temp=69.00
1779095673.717,0x100,8,24 65 77 27 2E C1 54 78,speed=36.00
1779095673.841,0x200,8,E4 64 6F 31 39 36 09 29,fuel=100.00
1779095673.906,0x300,8,1D CE 01 3F C4 1A 13 99,temp=69.00
1779095674.014,0x100,8,24 58 ED 45 3F 8B 4A B0,speed=36.00
1779095674.111,0x200,8,85 64 11 04 46 AA 04 5C,fuel=100.00
1779095674.252,0x300,8,1D 7E 98 A7 41 54 F8 CF,temp=69.00
1779095674.362,0x100,8,24 6D F8 24 07 AF 8E 61,speed=36.00
1779095674.532,0x200,8,3E 64 3F 69 9B D6 11 84,fuel=100.00
1779095674.563,0x300,8,1E AF 49 3B BF D1 85 21,temp=70.00
1779095674.642,0x100,8,25 61 65 FB 1B 6E 77 90,speed=37.00
1779095674.738,0x200,8,04 64 D0 39 77 D0 82 65,fuel=100.00
1779095674.882,0x300,8,1E 5B F4 B4 5F B3 9E 80,temp=70.00
1779095674.942,0x100,8,25 84 3C A9 2E FB 8F 8E,speed=37.00
1779095675.044,0x200,8,44 64 B1 4C 67 32 B6 69,fuel=100.00
1779095675.167,0x300,8,1E 81 C4 C6 4E C5 C0 05,temp=70.00
1779095675.218,0x100,8,25 F5 61 FB AF 2F A4 BD,speed=37.00
1779095675.328,0x200,8,58 64 77 F5 6D F1 27 B7,fuel=100.00
1779095675.386,0x300,8,1E 6D 46 16 B7 7A 93 44,temp=70.00
1779095675.536,0x100,8,25 47 C5 4B EA 34 7C B1,speed=37.00
1779095675.613,0x200,8,6B 64 D0 27 46 56 3F 5A,fuel=100.00
1779095675.683,0x300,8,1E DD D4 A0 EA 66 12 AA,temp=70.00
1779095675.812,0x100,8,25 B5 E9 4B 8A BA E1 2B,speed=37.00
1779095675.881,0x200,8,F0 64 BA 1C 0B BB A2 E9,fuel=100.00
1779095675.989,0x300,8,1E CE 60 44 E6 EF 00 99,temp=70.00
1779095676.110,0x100,8,25 AB 88 04 F4 69 A3 2D,speed=37.00
1779095676.157,0x200,8,F0 64 0D AB 66 D1 E3 4B,fuel=100.00
1779095676.240,0x300,8,1E D6 48 BC 99 D9 8E 1B,temp=70.00
1779095676.373,0x100,8,25 05 EB 21 5D 4B E4 D0,speed=37.00
1779095676.420,0x200,8,48 64 D6 4F 43 03 DE 3D,fuel=100.00
1779095676.552,0x300,8,1D AB 0A 5C 52 4F C3 E8,temp=69.00
1779095676.613,0x100,8,24 F1 E5 F8 7D 92 53 1B,speed=36.00
1779095676.731,0x200,8,0E 64 99 F1 11 11 B3 D2,fuel=100.00
1779095676.815,0x300,8,1D A9 99 BE A8 37 85 93,temp=69.00
1779095676.894,0x100,8,24 1B 0D 66 37 46 30 6D,speed=36.00
1779095676.989,0x200,8,18 64 1A 94 FB 20 CE F3,fuel=100.00
1779095677.087,0x300,8,1D B5 BA B4 6D 53 57 3E,temp=69.00
1779095677.181,0x100,8,24 DE D1 50 5F AE AC DB,speed=36.00
1779095677.263,0x200,8,5A 64 68 4A A5 AB 24 2C,fuel=100.00
1779095677.358,0x300,8,1D 7F CA F8 9C 4E 8C E3,temp=69.00
1779095677.499,0x100,8,24 C3 D8 B5 4D 53 7E 15,speed=36.00
1779095677.622,0x200,8,31 64 FA F1 6D 15 09 88,fuel=100.00
1779095677.749,0x300,8,1C C3 16 A0 C7 8B 45 4F,temp=68.00
1779095677.816,0x100,8,23 2A 19 75 AE F5 33 6B,speed=35.00
1779095677.987,0x200,8,4D 64 E3 4A 12 A6 9D 70,fuel=100.00
1779095678.078,0x300,8,1C DC DC EB 64 E9 0C 22,temp=68.00
1779095678.225,0x100,8,23 7E DE 6F 96 66 B4 90,speed=35.00
1779095678.911,0x200,8,97 64 84 39 4F AE C3 FF,fuel=100.00
1779095679.581,0x300,8,1B 78 F2 C9 09 CA F6 68,temp=67.00
1779095679.782,0x100,8,21 41 AF C0 FF F2 CB F7,speed=33.00
1779095679.909,0x200,8,75 64 01 88 A7 4E 39 31,fuel=100.00
1779095679.985,0x300,8,1A 8A F2 9E FB 7F 74 76,temp=66.00
1779095680.126,0x100,8,21 0E B4 C9 ED 69 48 BD,speed=33.00
1779095680.178,0x200,8,34 64 AD 88 85 92 A6 AF,fuel=100.00
1779095680.234,0x300,8,1A C5 60 71 B0 E4 1A 24,temp=66.00
1779095680.407,0x100,8,21 75 7B 8A BD C0 0F A0,speed=33.00
1779095680.439,0x200,8,40 64 B5 C9 7D 77 65 FE,fuel=100.00
1779095680.541,0x300,8,1D D2 1B 34 3C 78 59 57,temp=69.00
1779095680.651,0x100,8,25 D1 C9 B6 28 F1 1A 96,speed=37.00
1779095680.854,0x200,8,04 64 6C CD 4D 21 0C 98,fuel=100.00
1779095681.175,0x300,8,1D 3E F4 E8 32 02 BD 42,temp=69.00
1779095681.510,0x100,8,27 57 B3 2D 51 AB 4C CC,speed=39.00
1779095681.644,0x200,8,32 64 12 B2 D8 22 FF 35,fuel=100.00
1779095681.849,0x300,8,1F B0 4A 09 52 31 87 94,temp=71.00
1779095682.047,0x100,8,27 31 BA 28 66 65 8D 92,speed=39.00
1779095682.358,0x200,8,12 64 DC 40 C1 D9 E4 72,fuel=100.00
1779095682.500,0x300,8,22 A9 5E 6D 02 CA 5E 45,temp=74.00
1779095682.786,0x100,8,2A 2A B7 73 8B FF BE E5,speed=42.00
1779095683.141,0x200,8,FB 64 DD 5E 67 E5 72 32,fuel=100.00
1779095683.954,0x300,8,23 EA A7 90 42 4A 16 59,temp=75.00
1779095684.241,0x100,8,2C 99 7C 6C 2F 01 F3 80,speed=44.00
1779095684.407,0x200,8,AA 64 2D 2E E7 7F A0 2A,fuel=100.00
1779095684.518,0x300,8,23 E0 D1 B6 6F 87 DB 50,temp=75.00
1779095684.643,0x100,8,2D 00 D4 96 E7 E5 ED 67,speed=45.00
1779095684.810,0x200,8,A3 64 38 39 83 EE 12 75,fuel=100.00
1779095685.034,0x300,8,23 6A 95 90 D0 C6 17 6F,temp=75.00
1779095685.386,0x100,8,2D 6E 7B D2 F1 D7 98 EE,speed=45.00
1779095685.543,0x200,8,DB 64 27 C6 DF C5 CE 90,fuel=100.00
1779095685.748,0x300,8,23 B7 F8 3D E8 C5 7B E0,temp=75.00
1779095685.896,0x100,8,2C 90 DF 9A 9C 42 A1 10,speed=44.00
1779095685.994,0x200,8,49 64 44 12 BD 23 3D 69,fuel=100.00
1779095686.221,0x300,8,23 A2 37 63 B6 04 B5 66,temp=75.00
1779095686.375,0x100,8,2C A3 2B E4 36 9F 14 69,speed=44.00
1779095686.527,0x200,8,F3 64 6C 51 AC 0E A4 8D,fuel=100.00
1779095686.840,0x300,8,22 5C 48 A2 E4 0B B3 50,temp=74.00
1779095687.149,0x100,8,2B 65 59 93 2D 7F 48 C8,speed=43.00
1779095687.242,0x200,8,9D 64 D0 DA 5A 5C 66 07,fuel=100.00
1779095687.497,0x300,8,22 53 C7 BB 8E CC 78 F3,temp=74.00
1779095688.128,0x100,8,2B 4B 58 DF 23 63 E6 59,speed=43.00
1779095688.444,0x200,8,3A 64 C5 E7 E4 56 40 D8,fuel=100.00
1779095688.898,0x300,8,21 87 72 A9 60 E9 01 F3,temp=73.00
1779095689.135,0x100,8,27 94 64 41 B9 F6 F4 5E,speed=39.00
1779095689.302,0x200,8,F0 64 CC 87 8D D4 23 08,fuel=100.00
1779095689.494,0x300,8,1F E6 3A 83 59 D5 CE B0,temp=71.00
1779095689.793,0x100,8,27 12 D6 05 DA 31 71 28,speed=39.00
1779095689.942,0x200,8,28 64 40 C2 BB 36 93 42,fuel=100.00
1779095689.988,0x300,8,1E 3D AA 4A 28 38 22 09,temp=70.00
1779095690.108,0x100,8,26 EA 2A B8 79 A6 64 37,speed=38.00
1779095690.173,0x200,8,ED 64 44 5E B5 2C 66 E8,fuel=100.00
1779095690.311,0x300,8,1E 89 01 73 43 59 A6 0B,temp=70.00
1779095690.396,0x100,8,26 24 77 9A F2 2E 36 E8,speed=38.00
1779095690.620,0x200,8,5A 64 8B C4 9A 53 F6 89,fuel=100.00
1779095691.166,0x300,8,20 D6 90 FD 68 72 87 74,temp=72.00
1779095692.225,0x100,8,29 11 5B D2 D0 C0 43 0F,speed=41.00
1779095692.502,0x200,8,AA 64 7E B8 CA 6A 58 CB,fuel=100.00
1779095693.285,0x300,8,22 94 61 38 B5 BC F4 A9,temp=74.00
1779095693.370,0x100,8,2E D3 5B BA C8 02 28 BF,speed=46.00
1779095693.788,0x200,8,68 64 91 66 B4 31 AC 30,fuel=100.00
1779095693.868,0x300,8,26 77 30 28 3D C4 EC 99,temp=78.00
1779095694.004,0x100,8,30 51 3D 77 E4 E1 65 65,speed=48.00
1779095694.049,0x200,8,8E 64 54 A0 67 E1 0D BA,fuel=100.00
1779095694.132,0x300,8,26 75 3A 40 DB 40 B9 4B,temp=78.00
1779095694.235,0x100,8,30 F5 A9 F6 46 54 94 21,speed=48.00
1779095694.333,0x200,8,EE 64 57 15 9F 4F 9B 50,fuel=100.00
1779095694.424,0x300,8,26 9A BF 74 36 3F 03 42,temp=78.00
1779095694.509,0x100,8,30 58 A8 17 B4 39 B2 91,speed=48.00
1779095694.619,0x200,8,F8 64 F3 BB 84 2E DE 4D,fuel=100.00
1779095694.715,0x300,8,26 F5 5B F6 EF 79 6F F9,temp=78.00
1779095694.843,0x100,8,30 1E 7B 80 9B 43 DE D6,speed=48.00
1779095694.912,0x200,8,55 64 6B 90 06 66 BF 43,fuel=100.00
1779095694.986,0x300,8,26 3A AE EE 62 84 7F 19,temp=78.00
1779095695.104,0x100,8,30 3A 22 C0 23 D6 79 4A,speed=48.00
1779095695.208,0x200,8,4F 64 6A 12 98 BF 96 BC,fuel=100.00
1779095695.329,0x300,8,26 98 87 D6 4F 5A 18 9C,temp=78.00
1779095695.379,0x100,8,30 FF BF 25 31 25 0E F8,speed=48.00
1779095695.459,0x200,8,46 64 3B 93 09 34 33 FA,fuel=100.00
1779095695.584,0x300,8,25 C3 30 59 A9 66 05 6E,temp=77.00
1779095695.697,0x100,8,2F 30 43 32 04 AA 8F 56,speed=47.00
1779095695.768,0x200,8,D2 64 F0 1A 9B CD C6 EC,fuel=100.00
1779095695.840,0x300,8,25 83 B1 A0 50 07 98 A9,temp=77.00
1779095695.934,0x100,8,2F 85 92 CB 04 AB 57 EA,speed=47.00
1779095696.026,0x200,8,C4 64 EC 6C ED AE FE EF,fuel=100.00
1779095696.136,0x300,8,25 59 AA E8 33 F0 55 AA,temp=77.00
1779095696.207,0x100,8,2F 22 C8 C6 ED 52 F8 B0,speed=47.00
1779095696.314,0x200,8,81 64 5E E6 45 00 12 0E,fuel=100.00
1779095696.391,0x300,8,25 FA 05 E6 FC E4 F3 8F,temp=77.00
1779095696.490,0x100,8,2F B4 2F BA F8 14 83 3A,speed=47.00
1779095696.590,0x200,8,1F 64 05 EB BA 9F 26 1F,fuel=100.00
1779095696.667,0x300,8,24 BF C5 6D C4 78 A9 76,temp=76.00
1779095696.795,0x100,8,2D E8 34 06 E5 A2 8D 31,speed=45.00
1779095696.877,0x200,8,E2 64 68 1E 12 30 B4 59,fuel=100.00
1779095696.951,0x300,8,24 70 2E D1 D4 74 ED 82,temp=76.00
1779095697.049,0x100,8,2D D6 DA 48 0E 23 AF 42,speed=45.00
1779095697.144,0x200,8,A6 64 DD 0B F3 1B 35 47,fuel=100.00
1779095697.249,0x300,8,24 7E FA E4 8B EF 13 5F,temp=76.00
1779095697.393,0x100,8,2D 37 EA 8B 31 F3 BB 8D,speed=45.00
1779095697.425,0x200,8,55 64 ED AD 40 EA F6 F4,fuel=100.00
1779095697.528,0x300,8,24 A5 C4 E0 55 14 0D D7,temp=76.00
1779095697.667,0x100,8,2B 83 F1 8A 9F CB D1 DA,speed=43.00
1779095697.712,0x200,8,57 64 82 1D D8 5F F5 65,fuel=100.00
1779095697.791,0x300,8,22 B8 BC 2A 9B 88 0B 18,temp=74.00
1779095697.951,0x100,8,2B 9D 4C DE A6 7F 82 E3,speed=43.00
1779095698.029,0x200,8,C1 64 42 96 75 06 A5 7D,fuel=100.00
1779095698.098,0x300,8,22 98 48 56 90 0F DE BF,temp=74.00
1779095698.209,0x100,8,2B 35 DF C4 0F B7 A4 8F,speed=43.00
1779095698.287,0x200,8,9F 64 0A 16 EC 88 04 48,fuel=100.00
1779095698.384,0x300,8,22 12 99 70 F5 BC 2B E4,temp=74.00
1779095698.454,0x100,8,2B F2 36 73 68 5A C2 7C,speed=43.00
1779095698.575,0x200,8,9B 64 E7 05 2D 46 36 46,fuel=100.00
1779095698.649,0x300,8,21 68 B3 F1 F4 1F DB 0A,temp=73.00
1779095698.747,0x100,8,29 45 9C 03 2B AE 6D 3F,speed=41.00
1779095698.841,0x200,8,CB 64 C8 83 27 B2 78 89,fuel=100.00
1779095698.959,0x300,8,21 B0 25 D9 14 B9 DF D3,temp=73.00
1779095699.040,0x100,8,29 77 F7 90 17 7C D2 71,speed=41.00
1779095699.118,0x200,8,B8 64 4F 11 92 56 95 6C,fuel=100.00
1779095699.250,0x300,8,21 63 61 93 08 E9 E0 8F,temp=73.00
1779095699.312,0x100,8,29 ED BF CD AB B8 E9 E9,speed=41.00
1779095699.453,0x200,8,99 64 35 90 F5 A2 B9 6F,fuel=100.00
1779095699.486,0x300,8,21 C8 AC 3D CA 2F 18 CE,temp=73.00
1779095699.593,0x100,8,27 73 EF 6B 8F B2 CB 3F,speed=39.00
1779095699.713,0x200,8,AC 64 9D 35 83 7B 3F 56,fuel=100.00
1779095699.807,0x300,8,1F A5 F0 53 3A 6C B2 99,temp=71.00
1779095699.893,0x100,8,27 B5 B6 87 39 27 73 0A,speed=39.00
1779095699.961,0x200,8,5E 64 4B 6F C2 79 55 19,fuel=100.00
1779095700.127,0x300,8,1F D6 48 D2 0B F7 50 EA,temp=71.00
1779095700.154,0x100,8,27 AB AB 5F 1A E3 76 8D,speed=39.00
1779095700.311,0x200,8,00 64 B8 71 52 DF 36 4A,fuel=100.00
1779095700.383,0x300,8,1F 46 2C F3 69 69 31 F0,temp=71.00
1779095700.443,0x100,8,27 84 35 93 61 6E B7 EB,speed=39.00
1779095700.571,0x200,8,BC 64 77 8F B8 0C 4C 05,fuel=100.00
1779095700.659,0x300,8,1E 24 86 17 A1 FA 32 BC,temp=70.00
1779095700.741,0x100,8,26 06 9A D9 48 C6 97 9D,speed=38.00
1779095700.822,0x200,8,87 64 D3 D5 0A 7C AE E3,fuel=100.00
1779095700.905,0x300,8,1E 99 E7 7A 80 06 22 10,temp=70.00
1779095700.994,0x100,8,26 A4 8D 78 73 85 D6 CC,speed=38.00
1779095701.078,0x200,8,B0 64 50 A1 F2 B6 79 A8,fuel=100.00
1779095701.193,0x300,8,1E D3 05 47 6F 99 59 56,temp=70.00
1779095701.334,0x100,8,26 89 D8 FE 6D 26 DE 52,speed=38.00
1779095701.365,0x200,8,A7 64 B0 8E 6A FF 22 A3,fuel=100.00
1779095701.713,0x300,8,21 53 66 80 11 E8 6B 71,temp=73.00
1779095701.778,0x100,8,29 DF C1 8F AA B9 ED 5D,speed=41.00
1779095701.862,0x200,8,00 64 5F 90 57 45 EF 74,fuel=100.00
1779095701.966,0x300,8,21 DA 95 CA 4E FB C3 44,temp=73.00
1779095702.029,0x100,8,29 51 B2 FB 48 80 A3 58,speed=41.00
1779095702.326,0x200,8,01 64 D0 2D E5 E3 6E F5,fuel=100.00
1779095702.667,0x300,8,21 07 28 EB 6C 22 B8 8D,temp=73.00
1779095702.860,0x100,8,2C D4 5D 2E F0 F6 E4 58,speed=44.00
1779095703.202,0x200,8,F5 64 99 83 4C 90 96 5C,fuel=100.00
1779095703.325,0x300,8,23 EA 3B 26 70 7F AB 80,temp=75.00
1779095703.443,0x100,8,2C 78 6A 5D 4F 41 6B 7E,speed=44.00
1779095703.599,0x200,8,A9 64 E5 DF 2B C8 88 11,fuel=100.00
1779095704.057,0x300,8,25 0F F0 AB 4B 1B 23 D6,temp=77.00
1779095704.818,0x100,8,2F B1 2C C8 86 C6 B6 06,speed=47.00
1779095705.142,0x200,8,33 64 5A 3B CA 30 18 B1,fuel=100.00
1779095705.304,0x300,8,25 14 B1 27 BC 3B AD B6,temp=77.00
1779095705.330,0x100,8,2F 4B 3C CE F7 5C 86 D4,speed=47.00
1779095705.421,0x200,8,E0 64 A1 52 6C 5E 68 D8,fuel=100.00
1779095705.510,0x300,8,25 FF E0 32 D8 4B 08 C7,temp=77.00
1779095705.630,0x100,8,2F 3B B7 E8 A3 C4 B0 CD,speed=47.00
1779095705.709,0x200,8,E1 64 F2 89 3F FA 66 DD,fuel=100.00
1779095705.815,0x300,8,25 CE 7C F7 19 11 73 E6,temp=77.00
1779095705.925,0x100,8,2F 4A 0F 5C EF E9 C7 11,speed=47.00
1779095706.022,0x200,8,E0 64 DF 5B DC A1 78 58,fuel=100.00
1779095706.127,0x300,8,25 55 1F 01 36 B6 25 33,temp=77.00
1779095706.263,0x100,8,2F 95 FE 47 83 98 DD B7,speed=47.00
1779095706.329,0x200,8,7A 64 E8 E2 E8 14 F4 CA,fuel=100.00
1779095706.404,0x300,8,25 81 27 C7 8B C9 37 C0,temp=77.00
1779095706.520,0x100,8,2F 04 E3 F2 06 16 3B 19,speed=47.00
1779095706.668,0x200,8,B1 64 FC 74 C8 36 E6 AA,fuel=100.00
1779095706.750,0x300,8,24 63 06 84 BB 6B 63 00,temp=76.00
1779095706.883,0x100,8,2E BF 9B EB 3C FE 73 39,speed=46.00
1779095707.027,0x200,8,8E 64 59 8F AA DE 3E FC,fuel=100.00
1779095707.070,0x300,8,24 3B 4F 30 64 B1 65 C0,temp=76.00
1779095707.183,0x100,8,2E E2 B8 48 0E B4 F8 F2,speed=46.00
1779095707.315,0x200,8,6D 64 98 BF 64 09 CF 05,fuel=100.00
1779095707.467,0x300,8,24 26 9B 11 06 F0 DE 76,temp=76.00
1779095707.595,0x100,8,2E D4 A4 F5 81 4D 73 A1,speed=46.00
1779095707.749,0x200,8,02 64 8D E4 B6 D9 61 8C,fuel=100.00
1779095708.352,0x300,8,23 36 FC 18 96 5F C3 CD,temp=75.00
1779095708.448,0x100,8,2C 9C F1 E8 2B 58 53 86,speed=44.00
1779095708.641,0x200,8,93 64 A7 7D 14 6C 40 FE,fuel=100.00
1779095708.825,0x300,8,21 97 73 92 F8 76 BB 54,temp=73.00
1779095708.996,0x100,8,2A 96 F9 37 A7 33 49 76,speed=42.00
1779095709.259,0x200,8,47 64 83 09 22 AF AB A9,fuel=100.00
1779095709.316,0x300,8,21 35 C1 84 8D 92 F4 CB,temp=73.00
1779095709.531,0x100,8,2A 85 7E 8E DD 6A 74 59,speed=42.00
1779095709.649,0x200,8,57 64 75 BB 40 2D DA 14,fuel=100.00
1779095709.782,0x300,8,20 54 C6 AA 56 1F D3 D0,temp=72.00
1779095709.910,0x100,8,28 04 AE 89 B0 00 3B FC,speed=40.00
1779095709.991,0x200,8,97 64 FD 9B FF 9B 38 9E,fuel=100.00
1779095710.160,0x300,8,20 C6 4F E7 AD 50 F9 F6,temp=72.00
1779095710.300,0x100,8,28 A7 48 24 BA D2 2F 30,speed=40.00
1779095710.453,0x200,8,1B 64 A8 EC 57 8B E7 3D,fuel=100.00
1779095710.553,0x300,8,20 B5 03 8D 69 8C 24 22,temp=72.00
1779095710.912,0x100,8,26 F7 D8 CF E5 24 99 41,speed=38.00
1779095711.231,0x200,8,D0 64 04 11 2D E1 B2 97,fuel=100.00
1779095712.103,0x300,8,1E 91 E4 94 44 0B BE 1B,temp=70.00
1779095713.444,0x100,8,24 56 F1 B9 A9 C5 18 DE,speed=36.00
1779095714.713,0x200,8,95 64 4F E0 90 54 E0 78,fuel=100.00
1779095715.437,0x300,8,1A 98 5F A6 65 0A 6B 8A,temp=66.00
1779095716.375,0x100,8,21 AF 61 F8 37 A4 80 A0,speed=33.00
1779095716.982,0x200,8,25 64 EF 50 CA 8A 8E 20,fuel=100.00
1779095717.420,0x300,8,19 8E 50 67 40 32 37 3A,temp=65.00
1779095717.557,0x100,8,1F 7F DC B4 E7 43 2D F4,speed=31.00
1779095717.842,0x200,8,16 64 BB 1E 9E C2 E5 7A,fuel=100.00
1779095718.017,0x300,8,18 F7 CB FA FC 69 B1 3A,temp=64.00
1779095718.284,0x100,8,1E 10 7D 45 85 2D A0 3B,speed=30.00
1779095718.363,0x200,8,89 64 35 17 C9 67 D2 75,fuel=100.00
1779095718.560,0x300,8,18 66 83 FF 62 96 97 6C,temp=64.00
1779095718.735,0x100,8,1D 17 D1 86 E4 60 2E BC,speed=29.00
1779095718.779,0x200,8,C2 64 75 A4 8A 34 83 6B,fuel=100.00
1779095718.875,0x300,8,18 08 76 E9 37 DC 73 93,temp=64.00
1779095718.932,0x100,8,1D D0 91 EA BF E0 26 8C,speed=29.00
1779095719.077,0x200,8,F2 64 80 8B 94 41 A1 24,fuel=100.00
1779095719.278,0x300,8,18 56 07 68 92 AA 68 EA,temp=64.00
1779095719.655,0x100,8,1D 9C BB 81 5D 3D 5D 3B,speed=29.00
1779095720.270,0x200,8,2F 64 28 0A 74 C3 2D 8E,fuel=100.00
1779095721.371,0x300,8,1B 05 B6 52 00 7D 1F 66,temp=67.00
1779095722.012,0x100,8,24 BA 67 10 E7 E2 28 21,speed=36.00
1779095722.164,0x200,8,EC 64 D4 50 60 68 74 77,fuel=100.00
1779095722.208,0x300,8,1D CF 89 99 AF A3 7D FB,temp=69.00
1779095722.345,0x100,8,24 CD D3 4E 8C 2F 0F DA,speed=36.00
1779095722.369,0x200,8,F7 64 A4 A9 CC BD 69 DD,fuel=100.00
1779095722.488,0x300,8,1D 54 BB 91 02 7F 8D 26,temp=69.00
1779095722.546,0x100,8,24 58 AF 4E 11 8B 56 BF,speed=36.00
1779095722.679,0x200,8,CF 64 FB 56 1C 8F F1 31,fuel=100.00
1779095722.750,0x300,8,1E 92 F7 EF 77 9F B6 0F,temp=70.00
1779095722.866,0x100,8,25 8A 7E 9C 48 AB D3 48,speed=37.00
1779095723.029,0x200,8,3C 64 C5 59 54 E3 01 BA,fuel=100.00
1779095723.150,0x300,8,1E D3 6A 68 4B 1A E0 CE,temp=70.00
1779095723.314,0x100,8,25 1B 15 D3 93 EE 02 99,speed=37.00
1779095723.443,0x200,8,D4 64 87 D3 33 7E 18 4C,fuel=100.00
1779095723.615,0x300,8,1E C5 22 9F 80 A5 F0 3D,temp=70.00
1779095723.699,0x100,8,26 DB F2 4B AB 0A C1 AB,speed=38.00
1779095723.794,0x200,8,F8 64 F6 67 5D 43 21 09,fuel=100.00
1779095723.898,0x300,8,1E 9B 07 97 EF 66 B4 5C,temp=70.00
1779095724.050,0x100,8,26 F0 B5 15 D5 37 95 65,speed=38.00
1779095724.141,0x200,8,B2 64 B7 B8 8D D3 C9 C8,fuel=100.00
1779095724.181,0x300,8,1E 2F 5E 44 79 6D E1 E2,temp=70.00
1779095724.291,0x100,8,26 84 AA 44 3A 9A E2 4A,speed=38.00
1779095724.367,0x200,8,12 64 46 97 6D EF EE B7,fuel=100.00
1779095724.440,0x300,8,1E 01 C6 98 DA DD B5 08,temp=70.00
1779095724.530,0x100,8,26 50 C4 08 76 A7 C6 92,speed=38.00
1779095724.633,0x200,8,AA 64 89 95 53 6F E0 14,fuel=100.00
1779095724.743,0x300,8,22 B3 AA C6 3D 7F C2 47,temp=74.00
1779095724.817,0x100,8,2A 1E 35 81 ED 81 20 F3,speed=42.00
1779095724.942,0x200,8,4B 64 1A 34 A7 21 4C D2,fuel=100.00
1779095725.086,0x300,8,22 45 8D 8A 82 AB 0D 3C,temp=74.00
1779095725.171,0x100,8,2A 9C F8 46 67 AF 8E 03,speed=42.00
1779095725.277,0x200,8,FA 64 02 E5 D5 BD 84 51,fuel=100.00
1779095725.786,0x300,8,22 D6 53 5D 28 D6 F9 29,temp=74.00
1779095726.151,0x100,8,2E 2D 6D 54 1E 5E 33 20,speed=46.00
1779095726.575,0x200,8,64 64 3D 8B 15 F1 4E 04,fuel=100.00
1779095726.664,0x300,8,27 96 FA 67 51 09 70 53,temp=79.00
1779095726.751,0x100,8,32 23 B8 99 68 C4 AC 23,speed=50.00
1779095726.876,0x200,8,92 64 0D 53 F4 4B 04 ED,fuel=100.00
1779095726.975,0x300,8,27 3C 3E 09 DC AF C9 D7,temp=79.00
1779095727.036,0x100,8,32 8B 52 21 FE 64 97 0F,speed=50.00
1779095727.127,0x200,8,1A 64 64 23 89 B4 D8 5D,fuel=100.00
1779095727.300,0x300,8,27 7D 88 41 E5 F2 ED DB,temp=79.00
1779095727.429,0x100,8,32 2E 7D 59 3E B0 A6 10,speed=50.00
1779095727.554,0x200,8,08 64 68 40 C8 15 86 C4,fuel=100.00
1779095727.704,0x300,8,27 6E 44 77 7C 08 E7 49,temp=79.00
1779095727.835,0x100,8,35 FE 70 C4 B0 1A 48 B3,speed=53.00
1779095727.903,0x200,8,F0 64 A3 AD 73 76 28 8A,fuel=100.00
1779095728.043,0x300,8,2A 72 10 39 53 75 64 FE,temp=82.00
1779095728.169,0x100,8,35 51 F6 78 74 80 B2 D0,speed=53.00
1779095728.247,0x200,8,EF 64 C1 03 99 F9 77 27,fuel=100.00
1779095728.339,0x300,8,2A A7 50 34 F4 0B BA 9F,temp=82.00
1779095728.446,0x100,8,35 3C A0 E7 DE 1B E4 A6,speed=53.00
1779095728.575,0x200,8,31 64 82 4E C8 14 2A 92,fuel=100.00
1779095728.629,0x300,8,2A AF 93 1F C6 D5 2E 7A,temp=82.00
1779095728.723,0x100,8,38 22 F0 FE 9B 78 F2 2F,speed=56.00
1779095728.880,0x200,8,23 64 FD A6 0A B2 16 8D,fuel=100.00
1779095728.928,0x300,8,2C 72 06 33 32 07 82 17,temp=84.00
1779095729.080,0x100,8,38 A4 90 55 4F FE 6B F7,speed=56.00
1779095729.276,0x200,8,F3 64 14 5E 26 A5 1E 97,fuel=100.00
1779095729.428,0x300,8,2C 00 7B 9B FB 25 18 4B,temp=84.00
1779095729.525,0x100,8,38 0F 88 F5 92 3D 66 D8,speed=56.00
1779095729.695,0x200,8,3A 64 0F 44 37 61 FD CB,fuel=100.00
1779095730.364,0x300,8,2E 7E 22 FE C7 C8 AD D6,temp=86.00
1779095731.099,0x100,8,3B 03 82 D5 E9 72 2D 71,speed=59.00
1779095731.235,0x200,8,91 64 A7 90 41 88 AC 9A,fuel=100.00
1779095731.535,0x300,8,30 EE E1 EC 28 57 B3 7D,temp=88.00
1779095731.660,0x100,8,40 A1 83 D6 13 BE F0 82,speed=64.00
1779095731.982,0x200,8,93 64 B2 F3 BE 98 1F 0A,fuel=100.00
1779095732.134,0x300,8,32 67 76 49 A5 6A FB AC,temp=90.00
1779095732.252,0x100,8,40 A1 65 58 C4 26 D2 AA,speed=64.00
1779095732.316,0x200,8,49 64 37 B6 FF 7F E4 AD,fuel=100.00
1779095732.434,0x300,8,32 8E 89 5C C9 60 5A 4C,temp=90.00
1779095732.511,0x100,8,40 6A 0D 7D 63 96 35 72,speed=64.00
1779095732.606,0x200,8,6A 64 0A 96 15 09 22 33,fuel=100.00
1779095732.725,0x300,8,33 FE 82 39 71 12 9A EE,temp=91.00
1779095732.828,0x100,8,42 5C 14 5B 2F C2 80 C0,speed=66.00
1779095732.880,0x200,8,EE 64 EA 14 80 AB 50 B7,fuel=100.00
1779095732.982,0x300,8,33 5C 4D 5F EC 04 04 AA,temp=91.00
1779095733.082,0x100,8,42 96 A1 4C DC 7D C8 EB,speed=66.00
1779095733.164,0x200,8,CC 64 6A 5E 01 6A C3 1A,fuel=100.00
1779095733.301,0x300,8,33 20 6C 99 D5 B6 06 4B,temp=91.00
1779095733.352,0x100,8,42 98 4F 1B 51 70 8F 5B,speed=66.00
1779095733.439,0x200,8,DF 64 DF 0E 31 3B E0 09,fuel=100.00
1779095733.562,0x300,8,33 ED AF 8F 99 AB A8 B6,temp=91.00
1779095733.622,0x100,8,42 9C 03 F9 43 2E E1 E6,speed=66.00
1779095733.717,0x200,8,32 64 8D 00 AF DE D8 66,fuel=100.00
1779095733.832,0x300,8,35 96 DE 4D D1 06 34 E1,temp=93.00
1779095733.948,0x100,8,44 F1 4F 3E 44 A1 A3 74,speed=68.00
1779095734.075,0x200,8,61 64 CB 77 85 E7 CF 4F,fuel=100.00
1779095734.167,0x300,8,35 7F 78 1C FC 29 E4 57,temp=93.00
1779095734.218,0x100,8,44 B7 62 1D 2E A0 54 05,speed=68.00
1779095734.314,0x200,8,5C 64 20 67 50 18 8A 8F,fuel=100.00
1779095734.370,0x300,8,35 18 C8 3F 23 F8 1D 91,temp=93.00
1779095734.486,0x100,8,44 D1 2E 43 81 31 B2 47,speed=68.00
1779095734.592,0x200,8,80 64 0E 55 87 B7 32 ED,fuel=100.00
1779095734.667,0x300,8,35 3E EE AA 4D 31 FD AB,temp=93.00
1779095734.753,0x100,8,45 60 68 D0 DE 8B A2 1F,speed=69.00
1779095734.844,0x200,8,2D 64 28 65 3C 30 C3 7E,fuel=100.00
1779095734.959,0x300,8,36 9F 4A 52 22 EE 2E 2F,temp=94.00
1779095735.067,0x100,8,45 71 FE 93 44 56 0E 58,speed=69.00
1779095735.162,0x200,8,65 64 FD 6A 8E E1 3C E1,fuel=100.00
1779095735.246,0x300,8,36 CF 37 DF 75 32 B0 50,temp=94.00
1779095735.340,0x100,8,45 A4 F3 39 9A C0 2D 1B,speed=69.00
1779095735.452,0x200,8,1D 64 7C CE EC 7A 26 D8,fuel=100.00
1779095735.553,0x300,8,36 43 4C 25 DE C0 B1 C9,temp=94.00
1779095735.631,0x100,8,45 23 33 AC 41 3B A3 1C,speed=69.00
1779095735.741,0x200,8,CF 64 BF 82 78 46 53 AD,fuel=100.00
1779095735.824,0x300,8,37 46 DE 3C FD B1 64 92,temp=95.00
1779095735.930,0x100,8,47 16 70 C1 B9 FE C0 8D,speed=71.00
1779095736.009,0x200,8,88 64 E1 06 5F 8B 3A EB,fuel=100.00
1779095736.117,0x300,8,37 71 0A 77 AC 01 DC 45,temp=95.00
1779095736.186,0x100,8,47 AF C6 2D 8B F3 B5 38,speed=71.00
1779095736.314,0x200,8,B4 64 23 14 4B 49 C0 74,fuel=100.00
1779095736.374,0x300,8,37 C4 FA C8 4C 15 A0 85,temp=95.00
1779095736.486,0x100,8,47 DF 86 11 A8 CC 81 EF,speed=71.00
1779095736.624,0x200,8,61 64 D2 FA A1 C0 A7 CD,fuel=100.00
1779095736.740,0x300,8,38 49 5D C6 09 3A AC F6,temp=96.00
1779095737.007,0x100,8,48 3C E9 5E 8E F1 04 92,speed=72.00
1779095737.378,0x200,8,FB 64 84 FC 74 83 83 B4,fuel=100.00
1779095737.414,0x300,8,38 AA C7 DF B4 58 43 AC,temp=96.00
1779095737.653,0x100,8,48 C9 D4 36 A6 D3 42 59,speed=72.00
1779095737.815,0x200,8,5C 64 B2 E7 F4 58 C4 9A,fuel=100.00
1779095737.959,0x300,8,39 68 33 BD 3F 99 2B CD,temp=97.00
1779095738.082,0x100,8,49 73 20 04 8F 84 1C E1,speed=73.00
1779095738.187,0x200,8,18 64 55 71 87 4A DF A2,fuel=100.00
1779095738.394,0x300,8,39 4E E8 63 13 D8 2C 9F,temp=97.00
1779095738.588,0x100,8,49 61 B4 54 B2 93 D9 B7,speed=73.00
1779095738.842,0x200,8,C8 64 A8 02 EF EB 3E 6E,fuel=100.00
1779095738.948,0x300,8,3A 6A 01 80 8C D1 30 95,temp=98.00
1779095739.024,0x100,8,4B 5F 69 42 B1 99 69 4C,speed=75.00
1779095739.167,0x200,8,FF 64 AD 32 A4 DA 24 68,fuel=100.00
1779095739.270,0x300,8,3A 15 41 FB AC D0 D4 1A,temp=98.00
1779095739.385,0x100,8,4B F7 55 64 13 D8 35 2E,speed=75.00
1779095739.512,0x200,8,A0 64 80 B5 05 52 FF 61,fuel=100.00
1779095739.607,0x300,8,3A 66 FD 67 E3 43 65 E7,temp=98.00
1779095739.699,0x100,8,4B 1F 17 66 83 9E F8 EC,speed=75.00
1779095739.838,0x200,8,74 64 D6 D6 FE 74 72 F8,fuel=100.00
1779095740.096,0x300,8,3A BD 8A 6D 32 63 B3 9C,temp=98.00
1779095740.602,0x100,8,4B 0D CE 8C 14 42 29 94,speed=75.00
1779095740.806,0x200,8,2C 64 35 C9 04 2F A4 82,fuel=100.00
1779095740.950,0x300,8,3B 5B 2F 40 86 28 24 C8,temp=99.00
1779095741.029,0x100,8,4C BB 08 2F B9 18 4E 76,speed=76.00
1779095741.486,0x200,8,E5 64 35 70 B2 01 43 63,fuel=100.00
1779095741.533,0x300,8,3B CB 39 6E 9B C6 C8 E9,temp=99.00
1779095741.660,0x100,8,4C A7 CE 66 DA DF 41 8A,speed=76.00
1779095741.720,0x200,8,8D 64 F1 B9 E9 8D E0 12,fuel=100.00
1779095741.815,0x300,8,3C 6B FA 0D 2D 36 1D D2,temp=100.00
1779095742.041,0x100,8,4D F5 B1 AC 91 73 6D 77,speed=77.00
1779095742.153,0x200,8,6A 64 8F 4C 03 F5 13 FC,fuel=100.00
1779095742.210,0x300,8,3C FC 40 7C BB 95 73 67,temp=100.00
1779095742.368,0x100,8,4D A7 39 31 C6 D6 43 D1,speed=77.00
1779095742.521,0x200,8,33 64 27 8E 7A 01 28 CB,fuel=100.00
1779095742.594,0x300,8,3C 90 0B 2F 69 EF 6A B5,temp=100.00
1779095742.760,0x100,8,4E 51 F7 A7 08 BB 49 92,speed=78.00
1779095742.858,0x200,8,C3 64 C3 2C 9B 48 39 F8,fuel=100.00
1779095743.353,0x300,8,3C 71 2B D1 A4 0C B0 70,temp=100.00
1779095743.443,0x100,8,4E 2C FD D8 06 BA E3 17,speed=78.00
1779095743.597,0x200,8,49 64 FA 72 C3 25 10 41,fuel=100.00
1779095743.654,0x300,8,3C 87 18 79 0B D5 70 69,temp=100.00
1779095743.701,0x100,8,4E 36 35 C9 9B 41 FA A5,speed=78.00
1779095744.032,0x200,8,10 64 5A CE 69 71 77 E9,fuel=100.00
1779095744.696,0x300,8,3D CD 35 1A 8F 13 8E 55,temp=101.00
1779095744.804,0x100,8,4F E5 C0 EC 07 F4 A6 AD,speed=79.00
1779095745.030,0x200,8,09 64 8D EE 39 F1 7C 78,fuel=100.00
1779095745.591,0x300,8,3D 87 30 18 4D 3D 90 84,temp=101.00
1779095745.716,0x100,8,4F 55 4E C1 BC 0F 86 D0,speed=79.00
1779095746.377,0x200,8,99 64 A3 BA E3 32 BA 01,fuel=100.00
1779095747.312,0x300,8,3D AA 51 2B 77 E1 D4 44,temp=101.00
1779095747.497,0x100,8,50 DA 63 7F 20 68 82 3D,speed=80.00
1779095747.548,0x200,8,67 64 22 63 A0 11 16 94,fuel=100.00
1779095747.777,0x300,8,3E AF 01 47 7B 91 C0 E3,temp=102.00
1779095747.831,0x100,8,50 E8 A2 92 22 6E 75 4B,speed=80.00
1779095748.166,0x200,8,AF 64 93 1E FD 82 D9 22,fuel=100.00
1779095748.254,0x300,8,3E 7E C2 2A DA 8A 33 46,temp=102.00
1779095749.297,0x100,8,51 A3 6B F8 2B EC F4 22,speed=81.00
1779095749.550,0x200,8,82 64 FF 5B F8 CE 17 8C,fuel=100.00
1779095749.781,0x300,8,3F 48 03 26 BA 76 37 99,temp=103.00
1779095749.804,0x100,8,51 3F 58 EC E6 65 96 93,speed=81.00
1779095750.065,0x200,8,0D 64 63 C1 E6 D4 BD 6D,fuel=100.00
1779095750.147,0x300,8,3F 70 B6 9D 05 B5 61 52,temp=103.00
1779095750.279,0x100,8,51 B8 21 7B A8 04 17 98,speed=81.00
1779095751.897,0x200,8,27 64 0A 32 8E A3 93 EB,fuel=100.00
1779095752.917,0x300,8,3F 39 B4 BC 4D 00 87 03,temp=103.00
1779095754.385,0x100,8,52 64 E2 4B 65 8D 01 49,speed=82.00
1779095754.486,0x200,8,B1 64 09 24 F5 92 8F 7B,fuel=100.00
1779095754.616,0x300,8,3F 46 CC 4F 1A B6 7C 54,temp=103.00
1779095754.748,0x100,8,52 8B 93 DC 36 D2 BC B3,speed=82.00
1779095755.293,0x200,8,7E 64 EE E7 3F A4 A5 94,fuel=100.00
1779095756.398,0x300,8,40 AD EE 43 5B 12 F2 70,temp=104.00
1779095756.535,0x100,8,52 3B 86 EF 22 3D 4C EC,speed=82.00
1779095756.563,0x200,8,39 64 C8 70 29 22 34 91,fuel=100.00
1779095756.657,0x300,8,40 77 52 E7 2E CF 5C 52,temp=104.00
1779095756.752,0x100,8,53 0E 8A AE 7F 45 57 01,speed=83.00
1779095757.293,0x200,8,E2 64 0B A7 11 58 42 44,fuel=100.00
1779095757.387,0x300,8,40 2F B7 51 71 EA 45 6B,temp=104.00
1779095757.509,0x100,8,53 85 07 4F 03 1A A1 88,speed=83.00
1779095757.579,0x200,8,9B 64 70 54 44 66 A0 DD,fuel=100.00
1779095757.686,0x300,8,40 8D C7 09 7F 29 8E 08,temp=104.00
1779095757.764,0x100,8,53 BB A3 86 BA F2 9E 3A,speed=83.00
1779095757.892,0x200,8,70 64 6D 0E B7 0F 87 B8,fuel=100.00
1779095757.969,0x300,8,40 22 93 70 A9 C5 38 C1,temp=104.00
1779095758.049,0x100,8,53 67 F9 6D F7 F4 8C 6A,speed=83.00
1779095758.142,0x200,8,7C 64 95 7D FD F7 72 7E,fuel=100.00
1779095758.254,0x300,8,40 61 94 19 FD B6 B7 4E,temp=104.00
1779095758.342,0x100,8,53 13 D6 02 75 C5 72 DC,speed=83.00
1779095758.430,0x200,8,BF 64 0E 35 20 E1 56 7E,fuel=100.00
1779095758.523,0x300,8,40 9A 18 6F 9A F9 31 96,temp=104.00
1779095758.607,0x100,8,53 B3 99 07 8A B2 2B AF,speed=83.00
1779095758.710,0x200,8,EA 64 E5 76 40 EB 79 66,fuel=100.00
1779095758.801,0x300,8,40 47 D2 60 5B 0F C5 4A,temp=104.00
1779095758.892,0x100,8,53 70 4A 39 62 16 50 29,speed=83.00
1779095758.997,0x200,8,1D 64 95 E3 35 BC 43 FB,fuel=100.00
1779095759.078,0x300,8,40 84 EB D7 67 0F 75 8F,temp=104.00
1779095759.220,0x100,8,53 8A 9E DD 22 5F 51 A4,speed=83.00
1779095759.260,0x200,8,93 64 09 37 B2 B2 3C F5,fuel=100.00
1779095759.366,0x300,8,40 19 E6 DC 12 62 78 4D,temp=104.00
1779095759.475,0x100,8,53 A0 EE 38 54 3A 20 F1,speed=83.00
1779095759.550,0x200,8,8B 64 7D E1 5B EA D9 F4,fuel=100.00
1779095759.645,0x300,8,40 16 54 CB EA 98 6F CD,temp=104.00
1779095759.774,0x100,8,53 3C 68 03 C9 8E CE E7,speed=83.00
1779095759.850,0x200,8,9C 64 AA 0C 94 DC 95 63,fuel=100.00
1779095759.942,0x300,8,40 F5 17 AC 80 A3 AD 5B,temp=104.00
1779095760.041,0x100,8,53 FD C4 4B 05 30 03 5E,speed=83.00
1779095760.118,0x200,8,90 64 13 A6 3D A1 6F C0,fuel=100.00
1779095760.215,0x300,8,40 2E 1B B5 06 B8 54 34,temp=104.00
1779095760.302,0x100,8,53 61 0A EE 99 29 A8 BE,speed=83.00
1779095760.395,0x200,8,7B 64 4A 7D 73 21 D3 A6,fuel=100.00
1779095760.511,0x300,8,40 1E 01 F7 0D C2 01 94,temp=104.00
1779095760.588,0x100,8,53 75 7C 2B 2D 5A 5A 14,speed=83.00
1779095760.667,0x200,8,A2 64 71 BB 71 42 F5 99,fuel=100.00
1779095760.767,0x300,8,40 5D D7 9F A5 D4 46 19,temp=104.00
1779095760.885,0x100,8,53 A0 70 FD 82 2F 13 96,speed=83.00
1779095760.957,0x200,8,2C 64 0D 52 D1 D6 31 41,fuel=100.00
1779095761.041,0x300,8,40 FC 5E DE 94 4A 23 BF,temp=104.00
1779095761.157,0x100,8,53 36 78 96 2E 9D 2F A0,speed=83.00
1779095761.236,0x200,8,A0 64 34 1B 98 FC 37 7F,fuel=100.00
1779095761.324,0x300,8,40 BD 4B CE 17 36 7A DA,temp=104.00
1779095761.425,0x100,8,53 0C D6 98 A4 DF 7F 07,speed=83.00
1779095761.527,0x200,8,F8 64 AD 7D 7A 6B C0 AC,fuel=100.00
1779095761.628,0x300,8,40 CC 79 BB E5 24 B0 21,temp=104.00
1779095761.711,0x100,8,53 59 CF 96 9F 01 14 73,speed=83.00
1779095761.797,0x200,8,23 64 93 25 46 E1 DF 8D,fuel=100.00
1779095761.893,0x300,8,40 E8 E9 4B A3 A6 5B A6,temp=104.00
1779095761.983,0x100,8,53 85 D6 34 EE BF 78 7D,speed=83.00
1779095762.074,0x200,8,5B 64 0A B1 0B B5 AA 8E,fuel=100.00
1779095762.180,0x300,8,40 7D CD A2 A2 B5 68 3D,temp=104.00
1779095762.259,0x100,8,53 22 84 BE 42 BD D8 1C,speed=83.00
1779095762.364,0x200,8,93 64 F8 60 F0 1E BB 45,fuel=100.00
1779095762.454,0x300,8,40 06 A1 A5 91 B2 4C 84,temp=104.00
1779095762.580,0x100,8,53 1A 86 1A 46 12 2C E7,speed=83.00
1779095762.642,0x200,8,38 64 CF 1E 2E 6C 43 38,fuel=100.00
1779095762.760,0x300,8,40 BF C1 64 6D 04 E4 FA,temp=104.00
1779095762.838,0x100,8,53 4C 22 A3 9C E2 1B EE,speed=83.00
1779095762.973,0x200,8,55 64 38 90 EC BA 80 59,fuel=100.00
1779095763.019,0x300,8,40 D3 22 62 13 92 C9 46,temp=104.00
1779095763.129,0x100,8,53 6C 10 C8 46 C2 DB A6,speed=83.00
1779095763.210,0x200,8,2E 64 84 9C F8 5A 26 A1,fuel=100.00
1779095763.295,0x300,8,40 B8 B3 F2 5B 93 E3 D2,temp=104.00
1779095763.401,0x100,8,53 A0 49 22 80 3D 85 6A,speed=83.00
1779095763.492,0x200,8,69 64 1E 83 7D 4B 66 AB,fuel=100.00
1779095763.592,0x300,8,40 70 A2 4C 7F 27 B4 17,temp=104.00
1779095763.683,0x100,8,53 16 B2 2E E8 40 B1 F0,speed=83.00
1779095763.760,0x200,8,64 64 BA 12 9C CA 85 16,fuel=100.00
1779095763.870,0x300,8,40 35 51 BA A3 05 77 36,temp=104.00
1779095763.951,0x100,8,53 F6 60 C7 22 36 EB FC,speed=83.00
1779095764.065,0x200,8,66 64 8C A6 26 76 20 61,fuel=100.00
1779095764.144,0x300,8,40 61 E4 9A D4 73 A8 B1,temp=104.00
1779095764.236,0x100,8,53 73 E5 75 17 60 D3 ED,speed=83.00
1779095764.327,0x200,8,3E 64 CD E6 35 C9 3E 59,fuel=100.00
1779095764.430,0x300,8,40 73 C1 82 48 E5 57 00,temp=104.00
1779095764.530,0x100,8,53 31 08 87 81 82 FC 5D,speed=83.00
1779095764.611,0x200,8,65 64 51 7D 12 26 46 61,fuel=100.00
1779095764.710,0x300,8,40 69 A3 B7 D8 62 45 CC,temp=104.00
1779095764.797,0x100,8,53 9F 1C 96 1F 7A F2 08,speed=83.00
1779095764.904,0x200,8,8F 64 E6 F5 E9 CD 94 56,fuel=100.00
1779095764.989,0x300,8,40 18 C2 33 55 A8 EA 22,temp=104.00
1779095765.082,0x100,8,53 AB DB CB AB 09 39 7C,speed=83.00
1779095765.175,0x200,8,5B 64 8D 5D 4C E0 41 5E,fuel=100.00
1779095765.277,0x300,8,40 EE E6 B4 E9 F8 CB 2C,temp=104.00
1779095765.358,0x100,8,53 A0 C9 BA 40 23 2B A3,speed=83.00
1779095765.456,0x200,8,C0 64 8B 9E 07 36 C4 D2,fuel=100.00
1779095765.545,0x300,8,40 FB 41 91 C7 46 97 8D,temp=104.00
1779095765.643,0x100,8,53 B9 2C AA 20 F1 8D 4A,speed=83.00
1779095765.764,0x200,8,5B 64 2F 75 21 CE DA 06,fuel=100.00
1779095765.844,0x300,8,41 B9 8E A9 C9 F2 7D A9,temp=105.00
1779095765.931,0x100,8,54 78 04 66 84 4D E4 A7,speed=84.00
1779095766.026,0x200,8,D9 64 64 90 0A 6C 8D 4A,fuel=100.00
1779095766.105,0x300,8,41 28 1E 18 27 D1 F2 1B,temp=105.00
1779095766.203,0x100,8,54 6A AA 24 9D 98 0B A5,speed=84.00
1779095766.300,0x200,8,F6 64 5E 3B 4C 57 B8 D2,fuel=100.00
1779095766.394,0x300,8,41 9E 82 52 66 D6 82 2C,temp=105.00
1779095766.528,0x100,8,54 3D FC AF F2 E8 62 E0,speed=84.00
1779095766.585,0x200,8,FE 64 BD E8 3E C4 A8 36,fuel=100.00
1779095766.670,0x300,8,41 ED 10 E5 37 23 3B 36,temp=105.00
1779095766.780,0x100,8,54 B8 53 80 0E 1A 63 38,speed=84.00
1779095766.859,0x200,8,BE 64 DA 7E DD 35 2F F7,fuel=100.00
1779095766.967,0x300,8,41 8B 44 1F 47 7B 3C 1D,temp=105.00
1779095767.063,0x100,8,54 AA F9 A0 05 16 83 14,speed=84.00
1779095767.138,0x200,8,90 64 A7 B2 A4 A2 AC 4F,fuel=100.00
1779095767.249,0x300,8,41 CB DA 1F E5 29 D3 33,temp=105.00
1779095767.362,0x100,8,54 0E C0 6B 81 3E 77 FD,speed=84.00
1779095767.435,0x200,8,1E 64 13 2E 90 DB E6 97,fuel=100.00
1779095767.548,0x300,8,41 01 27 69 58 1E A2 63,temp=105.00
1779095767.629,0x100,8,54 5F 2B F9 F9 93 FF A5,speed=84.00
1779095767.717,0x200,8,8B 64 45 9C DA 80 FE FE,fuel=100.00
1779095767.824,0x300,8,41 F4 69 EA 6F 67 CE 76,temp=105.00
1779095767.901,0x100,8,54 0B C0 1F AA 46 EB BB,speed=84.00
1779095767.998,0x200,8,59 64 E5 29 CF 00 4C AE,fuel=100.00
1779095768.115,0x300,8,41 46 54 BD 27 6A E1 14,temp=105.00
1779095768.191,0x100,8,54 BF D5 1E CE 3A 70 0E,speed=84.00
1779095768.275,0x200,8,43 64 5D 68 81 0B 0A A1,fuel=100.00
1779095768.412,0x300,8,41 C4 B7 29 C6 70 98 F8,temp=105.00
1779095768.479,0x100,8,54 81 27 1E AE CB DD 0B,speed=84.00
1779095768.573,0x200,8,1A 64 37 AD F6 32 C1 B5,fuel=100.00
1779095768.717,0x300,8,41 56 C8 E6 FC 99 D3 46,temp=105.00
1779095768.805,0x100,8,54 CB 8D 02 F0 32 AA F5,speed=84.00
1779095769.100,0x200,8,DD 64 4A 30 06 30 C6 0E,fuel=100.00
1779095769.196,0x300,8,41 C1 DC 07 A5 89 C8 1C,temp=105.00
1779095770.027,0x100,8,54 BA 41 34 42 43 30 DD,speed=84.00
1779095770.318,0x200,8,AB 64 44 2C E2 D6 18 6F,fuel=100.00
1779095770.811,0x300,8,41 97 90 84 AB 24 8A 4D,temp=105.00
1779095770.937,0x100,8,54 BE 4C 50 D2 10 33 D7,speed=84.00
1779095771.116,0x200,8,9C 64 7A 34 29 73 AB BA,fuel=100.00
1779095771.321,0x300,8,41 17 E5 57 97 85 09 14,temp=105.00
1779095771.420,0x100,8,54 30 A9 09 9B 9E FC 52,speed=84.00
1779095771.659,0x200,8,50 64 66 24 B1 EB B7 8C,fuel=100.00
1779095771.848,0x300,8,41 BF C8 BB 89 72 7E 46,temp=105.00
1779095771.961,0x100,8,54 BF EB CD B6 D3 36 A5,speed=84.00
1779095772.048,0x200,8,E3 64 2D 75 C3 70 D7 B3,fuel=100.00
1779095772.141,0x300,8,41 E9 F2 E4 00 A7 52 21,temp=105.00
1779095772.348,0x100,8,54 40 C7 99 9E 37 15 D0,speed=84.00
1779095772.424,0x200,8,D9 64 D6 54 B0 98 FD 04,fuel=100.00
1779095772.529,0x300,8,41 FC B8 C5 8C 68 57 34,temp=105.00
1779095772.621,0x100,8,54 70 5E C1 C5 30 FA 02,speed=84.00
1779095772.704,0x200,8,4E 64 9F 4A 20 F8 30 AA,fuel=100.00
1779095772.801,0x300,8,41 C6 40 9A 4C B8 0C A3,temp=105.00
1779095772.894,0x100,8,54 25 E4 E6 E5 12 C3 C7,speed=84.00
1779095772.989,0x200,8,85 64 65 0B EE E0 9D 5A,fuel=100.00
1779095773.102,0x300,8,41 63 F9 C6 08 E1 B0 9F,temp=105.00
1779095773.205,0x100,8,54 27 95 46 7C 21 DE D7,speed=84.00
1779095773.265,0x200,8,B7 64 DD 5C 35 D9 AF 24,fuel=100.00
1779095773.380,0x300,8,41 F0 9E F6 71 9F EA BE,temp=105.00
1779095773.511,0x100,8,54 DE A8 52 28 D6 EE 8D,speed=84.00
1779095773.564,0x200,8,30 64 EA 3F 97 9D 77 49,fuel=100.00
1779095773.671,0x300,8,41 2E C8 0B FE 5E 40 D3,temp=105.00
1779095773.738,0x100,8,54 65 52 AD BA D1 22 B0,speed=84.00
1779095773.862,0x200,8,49 64 C9 12 D7 8D 56 D1,fuel=100.00
1779095773.964,0x300,8,41 6A E6 B3 3E 72 26 54,temp=105.00
1779095774.028,0x100,8,54 02 AE 2B F6 25 B0 18,speed=84.00
1779095774.115,0x200,8,63 64 8F A1 AD 77 81 AE,fuel=100.00
1779095774.233,0x300,8,41 6F B4 19 8E 48 42 F5,temp=105.00
1779095774.303,0x100,8,54 D6 76 4B 4F DA A6 E6,speed=84.00
1779095774.426,0x200,8,6A 64 DA 82 D2 41 62 AA,fuel=100.00
1779095774.485,0x300,8,41 25 00 29 2B 18 92 B7,temp=105.00
1779095774.587,0x100,8,54 8B B3 9D 82 07 E2 9F,speed=84.00
1779095774.682,0x200,8,5F 64 C6 CF 15 F1 D9 E0,fuel=100.00
1779095774.761,0x300,8,41 C0 1F F5 55 DF 85 58,temp=105.00
1779095774.904,0x100,8,54 A5 C8 62 13 CB 41 F7,speed=84.00
1779095774.960,0x200,8,2B 64 73 3B 94 56 F6 D4,fuel=100.00
1779095775.050,0x300,8,41 7D 58 DC B8 27 53 29,temp=105.00
1779095775.154,0x100,8,54 E6 E7 D6 BC 6B 8B B6,speed=84.00
1779095775.278,0x200,8,AF 64 A4 8D E1 96 3D EB,fuel=100.00
1779095775.325,0x300,8,41 F7 97 B6 60 A8 3C 80,temp=105.00
1779095775.422,0x100,8,54 CB E3 53 A8 30 67 00,speed=84.00
1779095775.527,0x200,8,C1 64 A0 02 06 B1 A0 83,fuel=100.00
1779095775.708,0x300,8,41 95 E8 D5 9A 13 C2 28,temp=105.00
1779095775.886,0x100,8,54 DF 67 28 15 BC 8B 15,speed=84.00
1779095776.519,0x200,8,8D 64 B7 11 AC 7B B4 02,fuel=100.00
1779095776.635,0x300,8,41 1C D4 C8 38 CD A1 F7,temp=105.00
1779095776.750,0x100,8,54 35 5F BC D8 78 48 DB,speed=84.00
1779095777.092,0x200,8,7A 64 E2 6B 79 F8 BD ED,fuel=100.00
1779095777.261,0x300,8,41 6D 6A 9E E3 E8 BE B5,temp=105.00
1779095777.694,0x100,8,54 1A AC 8B 05 92 AA 7C,speed=84.00
1779095778.751,0x200,8,19 64 62 45 0B DA 7C 93,fuel=100.00
1779095778.915,0x300,8,41 46 C5 48 A2 FA 21 63,temp=105.00
1779095779.035,0x100,8,54 46 4C 93 F9 0B EB E9,speed=84.00
1779095779.315,0x200,8,55 64 82 0B F9 6A 10 89,fuel=100.00
1779095780.333,0x300,8,41 A2 27 7D 5B E7 C7 05,temp=105.00
1779095780.463,0x100,8,54 4A C0 19 C2 39 60 93,speed=84.00
1779095780.525,0x200,8,48 64 F7 CF 2B 39 7B 68,fuel=100.00
1779095780.601,0x300,8,41 06 76 3B 7D D0 9B A3,temp=105.00
1779095780.702,0x100,8,54 6D EE 37 8C 4A 6B 50,speed=84.00
1779095780.812,0x200,8,C3 64 5A 31 C8 55 AA 38,fuel=100.00
1779095780.906,0x300,8,41 63 2B 21 7C FF 47 CE,temp=105.00
1779095780.980,0x100,8,54 AC BD 28 BE 55 74 51,speed=84.00
1779095781.085,0x200,8,F1 64 48 10 C7 D4 BD 25,fuel=100.00
1779095781.205,0x300,8,41 72 2F 34 E5 5F 4D BC,temp=105.00
1779095781.267,0x100,8,54 AD 2A DA 25 2E B2 38,speed=84.00
1779095781.404,0x200,8,6A 64 E5 33 E6 4E 0E 80,fuel=100.00
1779095781.501,0x300,8,41 B5 BD D6 EE 09 6F 9A,temp=105.00
1779095781.559,0x100,8,54 CE 91 70 B8 7D 55 E6,speed=84.00
1779095781.629,0x200,8,FF 64 41 84 8D E5 3F A8,fuel=100.00
1779095781.731,0x300,8,41 1F 66 3A 2D 1A B9 31,temp=105.00
1779095781.848,0x100,8,54 D7 F4 33 0C 7C 1B 83,speed=84.00
1779095781.921,0x200,8,A6 64 96 67 88 55 95 C0,fuel=100.00
1779095782.033,0x300,8,41 FE A6 5F A6 31 B3 22,temp=105.00
1779095782.104,0x100,8,54 75 78 66 5E 27 D8 92,speed=84.00
1779095782.219,0x200,8,42 64 94 55 68 0E 38 3B,fuel=100.00
1779095782.318,0x300,8,41 18 CD 32 F6 F0 0B 41,temp=105.00
1779095782.430,0x100,8,54 A9 D8 4D 04 AD 84 4A,speed=84.00
1779095782.488,0x200,8,23 64 25 16 DD CC F3 0B,fuel=100.00
1779095782.578,0x300,8,41 91 DF 2E A3 3F 09 B8,temp=105.00
1779095782.668,0x100,8,54 CB 61 FA DA 47 30 18,speed=84.00
1779095782.774,0x200,8,56 64 34 11 94 B4 BC 8A,fuel=100.00
1779095782.876,0x300,8,41 7C D9 68 E1 74 8B F2,temp=105.00
1779095782.972,0x100,8,54 8F AB E4 36 CC 06 FA,speed=84.00
1779095783.059,0x200,8,C4 64 BB 64 B0 C8 ED 85,fuel=100.00
1779095783.177,0x300,8,41 59 46 8C 92 75 9A B9,temp=105.00
1779095783.238,0x100,8,54 CE 1E 1E 51 A6 52 C4,speed=84.00
1779095783.334,0x200,8,2F 64 36 E0 4F B4 E6 35,fuel=100.00
1779095783.425,0x300,8,41 85 0D 41 9C E0 AF C0,temp=105.00
1779095783.515,0x100,8,54 C7 D5 E7 EA 5C 22 72,speed=84.00
1779095783.616,0x200,8,29 64 87 5A 87 3B 29 BE,fuel=100.00
1779095783.741,0x300,8,41 5A 1E CE 61 92 C7 B2,temp=105.00
1779095783.797,0x100,8,54 40 4A 15 9C EE 62 ED,speed=84.00
1779095783.931,0x200,8,99 64 A9 E0 A4 21 FD 69,fuel=100.00
1779095783.993,0x300,8,41 0E 90 6B F5 3B BB F8,temp=105.00
1779095784.094,0x100,8,54 FC 2D 0B 4C 4F 7D 1D,speed=84.00
1779095784.181,0x200,8,08 64 CC B1 86 74 D7 5C,fuel=100.00
1779095784.288,0x300,8,41 DF ED 72 70 18 95 B4,temp=105.00
1779095784.355,0x100,8,54 56 9B 16 EE DF 2D CB,speed=84.00
1779095784.494,0x200,8,90 64 A9 14 73 12 C2 4E,fuel=100.00
1779095784.562,0x300,8,41 60 81 33 1E 3A 9D 22,temp=105.00
1779095784.664,0x100,8,54 9A F2 DF 24 54 78 07,speed=84.00
1779095784.760,0x200,8,0B 64 03 24 00 74 09 DE,fuel=100.00
1779095784.827,0x300,8,41 94 81 89 E2 35 70 8E,temp=105.00
1779095784.925,0x100,8,54 7A 7B 38 85 CC BF 7A,speed=84.00
1779095785.077,0x200,8,1A 64 76 32 E3 51 86 46,fuel=100.00
1779095785.142,0x300,8,41 6D 8F 05 D4 22 A4 86,temp=105.00
1779095785.209,0x100,8,54 39 C5 05 6A 6D 23 12,speed=84.00
1779095785.942,0x200,8,62 64 D3 2D 64 F0 A0 1D,fuel=100.00
1779095786.069,0x300,8,41 69 95 4F 31 48 EE 5C,temp=105.00
1779095786.350,0x100,8,54 DF 1F 55 11 47 2C 3A,speed=84.00
1779095786.468,0x200,8,AD 64 FF BE A8 4D 15 FB,fuel=100.00
1779095786.898,0x300,8,41 C1 1D 3B E8 4C EB 04,temp=105.00
1779095787.020,0x100,8,54 2C 33 B7 E4 1F 55 96,speed=84.00
1779095787.144,0x200,8,E4 64 A6 05 C9 BC 88 AB,fuel=100.00
1779095787.202,0x300,8,41 F9 2D 89 4E 53 ED F4,temp=105.00
1779095787.328,0x100,8,54 18 BF C6 64 EA 54 0B,speed=84.00
1779095787.398,0x200,8,1E 64 CD 21 35 24 7C 3D,fuel=100.00
1779095787.497,0x300,8,41 8C D9 4F ED 57 46 BD,temp=105.00
1779095787.619,0x100,8,54 50 D3 58 32 40 0B 2E,speed=84.00
1779095787.676,0x200,8,F7 64 20 32 17 50 8D EE,fuel=100.00
1779095787.780,0x300,8,41 2F A4 79 CD 77 95 D7,temp=105.00
1779095787.844,0x100,8,54 1C 26 9E 28 CF 71 97,speed=84.00
1779095787.967,0x200,8,B6 64 53 2B 48 F9 4C 0C,fuel=100.00
1779095788.034,0x300,8,41 C6 58 C5 7F B9 FD 42,temp=105.00
1779095788.181,0x100,8,54 F8 85 EB B4 EC DF 6A,speed=84.00
1779095788.231,0x200,8,81 64 34 BD 33 8B 64 36,fuel=100.00
1779095788.329,0x300,8,41 4E 13 CA 96 55 BB 46,temp=105.00
1779095788.432,0x100,8,54 52 3C A5 70 87 9B E0,speed=84.00
1779095788.502,0x200,8,97 64 59 3E F0 7C A1 72,fuel=100.00
1779095788.631,0x300,8,41 43 FA 4E 11 F3 5E 97,temp=105.00
1779095788.696,0x100,8,54 8A 32 53 AE 81 BD 9A,speed=84.00
1779095788.794,0x200,8,87 64 18 5B 11 99 55 6C,fuel=100.00
1779095788.890,0x300,8,41 0A A2 5F D3 07 4A 5F,temp=105.00
1779095789.016,0x100,8,54 8B 0A 01 45 22 8C 08,speed=84.00
1779095789.077,0x200,8,2E 64 5C 0E 1A 18 45 66,fuel=100.00
1779095789.160,0x300,8,41 2E EC 53 9C A4 01 C5,temp=105.00
1779095789.270,0x100,8,54 FD 14 34 A1 A9 EF AA,speed=84.00
1779095789.361,0x200,8,7F 64 CD 8C EB 72 97 2B,fuel=100.00
1779095789.433,0x300,8,41 F5 C7 D8 F4 B5 9A 11,temp=105.00
1779095789.536,0x100,8,54 83 80 9B 36 8D E6 F6,speed=84.00
1779095789.642,0x200,8,89 64 FC B7 CD 2C A8 D4,fuel=100.00
1779095789.767,0x300,8,41 F2 AB A0 24 59 BB E3,temp=105.00
1779095789.849,0x100,8,54 86 8A 5B 2E DD 95 EC,speed=84.00
1779095789.937,0x200,8,16 64 10 C9 E9 45 04 FF,fuel=100.00
1779095790.051,0x300,8,41 98 17 7E 43 D9 B7 64,temp=105.00
1779095790.109,0x100,8,54 57 1A AA 81 44 9E FA,speed=84.00
1779095790.247,0x200,8,65 64 70 0D B4 BB 7B B9,fuel=100.00
1779095790.297,0x300,8,41 54 10 44 8E B4 BF B6,temp=105.00
1779095790.397,0x100,8,54 F7 54 19 A3 22 B0 33,speed=84.00
1779095790.465,0x200,8,AF 64 B4 61 1E 04 51 58,fuel=100.00
1779095790.580,0x300,8,41 3F 0C C9 75 C3 79 D3,temp=105.00
1779095790.660,0x100,8,54 92 F1 E0 20 2D DF 63,speed=84.00
1779095790.778,0x200,8,BF 64 EB 09 14 17 81 83,fuel=100.00
1779095790.887,0x300,8,41 9B 48 B3 3A 02 F0 0F,temp=105.00
1779095790.986,0x100,8,54 0F DD 67 A1 4F D9 01,speed=84.00
1779095791.091,0x200,8,21 64 CA 7D A4 B5 9E 30,fuel=100.00
1779095791.183,0x300,8,41 A3 28 52 F4 0D F8 0E,temp=105.00
1779095791.225,0x100,8,54 BA AD FA E5 81 6D F1,speed=84.00
1779095791.332,0x200,8,93 64 C4 A7 85 D6 92 BB,fuel=100.00
1779095791.457,0x300,8,41 B4 D7 1E DF 04 F2 23,temp=105.00
1779095791.561,0x100,8,54 AB 83 CD A2 87 C7 45,speed=84.00
1779095791.593,0x200,8,E3 64 9E 6E 5B 95 9D D5,fuel=100.00
1779095791.714,0x300,8,41 46 CA 3A FE 74 01 E7,temp=105.00
1779095791.784,0x100,8,54 A3 98 69 CC 9A D1 F0,speed=84.00
1779095791.925,0x200,8,71 64 0F FA F5 40 90 6C,fuel=100.00
1779095792.305,0x300,8,41 00 49 20 75 0F 15 51,temp=105.00
1779095792.370,0x100,8,54 3E D8 A1 83 2A 16 F7,speed=84.00
1779095792.608,0x200,8,4F 64 10 8B 9B 34 C0 D8,fuel=100.00
1779095792.877,0x300,8,41 AE 42 92 CA 8C 68 B6,temp=105.00
1779095793.163,0x100,8,54 8D 1D 95 E5 9C 64 F7,speed=84.00
1779095793.812,0x200,8,87 64 06 FF 46 22 64 4E,fuel=100.00
1779095794.526,0x300,8,41 C5 71 53 EA 8D FE 5D,temp=105.00
1779095794.612,0x100,8,54 90 54 35 70 01 C5 6B,speed=84.00
1779095794.779,0x200,8,D5 64 4B 35 CE 60 43 B2,fuel=100.00
1779095794.817,0x300,8,41 8C D0 74 03 BF DA 8B,temp=105.00
1779095794.893,0x100,8,54 C9 21 E1 54 7C 2B E9,speed=84.00
1779095795.119,0x200,8,3E 64 AF AC 5B 93 58 C5,fuel=100.00
1779095795.231,0x300,8,41 5E EA 8B 58 5C AC 36,temp=105.00
1779095795.259,0x100,8,54 09 2E 79 31 D7 8C 3C,speed=84.00
1779095795.384,0x200,8,95 64 E9 4B 61 61 B2 D5,fuel=100.00
1779095795.454,0x300,8,41 75 4A 50 B4 FB 14 C2,temp=105.00
1779095795.562,0x100,8,54 DF 6D 50 40 62 9B 2A,speed=84.00
1779095795.658,0x200,8,85 64 F4 CE F2 77 D1 77,fuel=100.00
1779095795.776,0x300,8,41 30 54 0F C5 B3 65 E7,temp=105.00
1779095795.891,0x100,8,54 E6 C0 C4 01 C0 A5 64,speed=84.00
1779095795.932,0x200,8,2C 64 95 FB 07 72 A1 47,fuel=100.00
1779095796.108,0x300,8,41 E9 13 3C 00 FA 62 23,temp=105.00
1779095796.240,0x100,8,54 AF 7F 06 09 D4 20 78,speed=84.00
1779095796.323,0x200,8,C9 64 A1 12 24 BD 9A A0,fuel=100.00
1779095796.386,0x300,8,41 48 9B 2B 60 19 43 62,temp=105.00
1779095796.484,0x100,8,54 2A 1B 5D DC 5C 0A 6A,speed=84.00
1779095796.608,0x200,8,72 64 81 96 05 E1 A6 BE,fuel=100.00
1779095796.735,0x300,8,41 EC BC 70 9E 16 71 9D,temp=105.00
1779095796.799,0x100,8,54 FA 6E B5 CC 3D 84 A1,speed=84.00
1779095796.859,0x200,8,31 64 47 AE B0 B7 61 75,fuel=100.00
1779095796.989,0x300,8,41 64 B6 5B AC 20 98 05,temp=105.00
1779095797.043,0x100,8,54 15 28 51 1F E7 01 91,speed=84.00
1779095797.153,0x200,8,BF 64 4F C4 FB 5C 37 6A,fuel=100.00
1779095797.240,0x300,8,41 DE B0 6A C2 EE DA BE,temp=105.00
1779095797.327,0x100,8,54 34 EE 78 7D 0A D7 B8,speed=84.00
1779095797.491,0x200,8,44 64 72 DA 54 97 57 E1,fuel=100.00
1779095797.630,0x300,8,41 1D 16 1C 89 DB 9E 73,temp=105.00
1779095797.711,0x100,8,54 07 0C 15 82 90 92 13,speed=84.00
1779095798.084,0x200,8,01 64 AA 7A 5D 75 66 DD,fuel=100.00
1779095798.179,0x300,8,41 37 79 93 CA 77 AF AB,temp=105.00
1779095798.506,0x100,8,54 5E 10 07 6E 8D 55 9C,speed=84.00
1779095798.585,0x200,8,79 64 D7 4B D5 E0 4C 49,fuel=100.00
1779095798.650,0x300,8,41 93 EF E7 D2 F5 F9 4A,temp=105.00
1779095798.734,0x100,8,54 0D 90 DF E7 7E 73 00,speed=84.00
1779095798.866,0x200,8,DF 64 1F 5B 09 4B F8 FB,fuel=100.00
1779095798.945,0x300,8,41 30 4C 9E A9 8F 30 12,temp=105.00
1779095799.046,0x100,8,54 06 06 1A F4 2E D2 D2,speed=84.00
1779095799.107,0x200,8,0D 64 5C EE 37 16 C6 8E,fuel=100.00
1779095799.213,0x300,8,41 29 51 5C 30 EA 2F 6F,temp=105.00
1779095799.321,0x100,8,54 C9 E3 AC 40 0A 3C C4,speed=84.00
1779095799.410,0x200,8,3F 64 21 1D BD 68 3A 7D,fuel=100.00
1779095799.511,0x300,8,41 2C 52 D7 85 6D 29 82,temp=105.00
1779095799.616,0x100,8,54 9F 8C 44 1F 7C 37 0A,speed=84.00
1779095799.678,0x200,8,D3 64 4A 2E C5 5A 6B 5B,fuel=100.00
1779095799.796,0x300,8,41 78 A7 0C D9 A0 C4 7B,temp=105.00
1779095799.902,0x100,8,54 F9 53 A0 9D 1B C6 17,speed=84.00
1779095799.973,0x200,8,3D 64 A2 AE 88 89 B2 38,fuel=100.00
1779095800.081,0x300,8,41 3F EF 02 8D 72 50 5B,temp=105.00
1779095800.193,0x100,8,54 6B 54 64 26 11 B2 9A,speed=84.00
1779095800.257,0x200,8,64 64 8C 10 E6 02 DF C7,fuel=100.00
1779095800.363,0x300,8,41 06 90 05 B7 05 2B 5A,temp=105.00
1779095800.467,0x100,8,54 DE 5B 3D AE 7E 99 72,speed=84.00
1779095800.528,0x200,8,79 64 7F 84 98 AE 35 F1,fuel=100.00
1779095800.631,0x300,8,41 3D 1D B5 AE 32 B2 18,temp=105.00
1779095800.731,0x100,8,54 DF 7F 99 4B 87 14 8E,speed=84.00
1779095800.801,0x200,8,29 64 52 2D 6F A8 67 0B,fuel=100.00
1779095800.903,0x300,8,41 82 22 70 07 66 4E 15,temp=105.00
1779095800.986,0x100,8,54 9E ED FA BA AC EB 92,speed=84.00
1779095801.097,0x200,8,5D 64 7C 1B 3D 98 8C 80,fuel=100.00
1779095801.195,0x300,8,41 4B 0F 91 73 AA 07 82,temp=105.00
1779095801.316,0x100,8,54 84 A8 83 46 B6 66 89,speed=84.00
1779095801.376,0x200,8,1B 64 B2 98 2E 33 7A E6,fuel=100.00
1779095801.494,0x300,8,41 24 41 1A 9E 19 29 ED,temp=105.00
1779095801.566,0x100,8,54 73 55 D9 8F AE 58 BE,speed=84.00
1779095801.650,0x200,8,B5 64 4B 69 DF 9F 0D 1A,fuel=100.00
1779095801.744,0x300,8,41 EC EF B1 54 CE B7 3F,temp=105.00
1779095801.894,0x100,8,54 2E E2 A3 E9 56 95 E6,speed=84.00
1779095802.115,0x200,8,AE 64 73 5D 23 17 ED 0C,fuel=100.00
1779095802.295,0x300,8,41 06 3C B2 48 8E 88 ED,temp=105.00
1779095802.971,0x100,8,54 62 54 B3 2A 96 47 BB,speed=84.00
1779095803.115,0x200,8,29 64 09 67 1F 48 C3 C7,fuel=100.00
1779095803.177,0x300,8,41 E6 4D 02 99 50 A7 39,temp=105.00
1779095803.284,0x100,8,54 2C 69 27 E3 57 1E F0,speed=84.00
1779095803.349,0x200,8,9C 64 B9 71 B3 50 EA 25,fuel=100.00
1779095803.419,0x300,8,41 DF 3D 42 22 56 30 BA,temp=105.00
1779095803.519,0x100,8,54 99 C2 CA 6B 57 0D 58,speed=84.00
1779095803.609,0x200,8,AE 64 41 BE 21 4D A6 09,fuel=100.00
1779095803.750,0x300,8,41 EF 37 42 94 76 17 6D,temp=105.00
1779095803.815,0x100,8,54 73 D9 55 94 0A 4B 57,speed=84.00
1779095803.948,0x200,8,CD 64 DE C2 78 90 38 59,fuel=100.00
1779095804.010,0x300,8,41 A2 F8 E5 B7 E7 7A B8,temp=105.00
1779095804.101,0x100,8,54 8A BA 8E AA DE 50 DF,speed=84.00
1779095804.314,0x200,8,C4 64 2F CC A6 43 31 CA,fuel=100.00
1779095804.368,0x300,8,41 83 8B 2D C4 39 E6 FD,temp=105.00
1779095804.477,0x100,8,54 33 FB B3 71 0A BE C2,speed=84.00
1779095804.585,0x200,8,8B 64 0F BB D7 FC 18 CB,fuel=100.00
1779095804.800,0x300,8,41 C5 BD 69 B2 72 0C 4E,temp=105.00
1779095804.829,0x100,8,54 C8 45 DD 80 A8 C3 B4,speed=84.00
1779095804.979,0x200,8,AB 64 7C E5 C9 41 6B 90,fuel=100.00
1779095805.076,0x300,8,41 B1 01 92 9E 86 51 66,temp=105.00
1779095805.183,0x100,8,54 DF C1 19 E5 A3 35 C2,speed=84.00
1779095805.232,0x200,8,80 64 48 39 9C B6 64 56,fuel=100.00
1779095805.298,0x300,8,41 B8 82 94 9E 68 3F 7D,temp=105.00
1779095805.417,0x100,8,54 92 C7 DC 48 D3 9E 25,speed=84.00
1779095805.480,0x200,8,F8 64 04 05 42 79 E6 7A,fuel=100.00
1779095805.642,0x300,8,41 BB 00 B7 6A C3 F5 6C,temp=105.00
1779095805.677,0x100,8,54 04 CE 15 DF 72 13 EF,speed=84.00
1779095805.829,0x200,8,18 64 DA DC D8 48 72 5D,fuel=100.00
1779095806.083,0x300,8,41 12 F9 AA 0F EE 4E CA,temp=105.00
1779095806.145,0x100,8,54 A6 E0 25 A2 7D 46 FB,speed=84.00
1779095806.291,0x200,8,65 64 9B 80 9E D0 A3 C7,fuel=100.00
1779095806.416,0x300,8,41 BF 4C 7D C4 ED D3 C6,temp=105.00
1779095806.511,0x100,8,54 62 7F E8 50 BA 78 5F,speed=84.00
1779095806.614,0x200,8,AC 64 9B 52 5B 0E 6C 39,fuel=100.00
1779095806.707,0x300,8,41 46 2C 89 44 C3 B9 EB,temp=105.00
1779095806.821,0x100,8,54 FE 26 15 14 2D E1 28,speed=84.00
1779095806.894,0x200,8,17 64 3D 7B D1 55 17 7F,fuel=100.00
1779095806.985,0x300,8,41 14 1B 18 55 14 7F 34,temp=105.00
1779095807.302,0x100,8,54 0F B4 E5 E9 C7 0A CC,speed=84.00
1779095807.442,0x200,8,34 64 BD 05 C9 78 37 9A,fuel=100.00
1779095807.492,0x300,8,41 C8 12 8D 01 A9 44 D1,temp=105.00
1779095807.592,0x100,8,54 2B 3D A3 FB 5C 08 0E,speed=84.00
1779095807.676,0x200,8,CA 64 E6 3D 7B EE 91 37,fuel=100.00
1779095807.763,0x300,8,41 52 AD 14 D3 2A B2 36,temp=105.00
1779095807.856,0x100,8,54 C2 E5 47 1A AA C7 1C,speed=84.00
1779095807.976,0x200,8,F8 64 55 90 41 32 55 14,fuel=100.00
1779095808.062,0x300,8,41 03 29 A6 2B 49 F5 5E,temp=105.00
1779095808.143,0x100,8,54 58 19 B1 5B B9 3E 41,speed=84.00
1779095808.214,0x200,8,41 64 67 13 74 03 A3 3E,fuel=100.00
1779095808.315,0x300,8,41 36 2E A5 EA 8D DE 16,temp=105.00
1779095808.404,0x100,8,54 57 1C D1 76 AD 1E B8,speed=84.00
1779095808.578,0x200,8,24 64 53 AF F0 1F 2C A6,fuel=100.00
1779095808.614,0x300,8,41 5B AA CA 88 11 5D BD,temp=105.00
1779095808.720,0x100,8,54 19 4D 6B 35 85 AC 09,speed=84.00
1779095808.781,0x200,8,5F 64 DC E2 7D DC CD D7,fuel=100.00
1779095808.883,0x300,8,41 5E 2A 5C B0 5B 75 01,temp=105.00
1779095808.990,0x100,8,54 8A 42 B9 22 9B DA 45,speed=84.00
1779095809.064,0x200,8,2E 64 1D DB 9F 31 16 C7,fuel=100.00
1779095809.174,0x300,8,41 DD A4 85 1B A3 BD 94,temp=105.00
1779095809.252,0x100,8,54 65 33 26 37 39 36 38,speed=84.00
1779095809.343,0x200,8,87 64 A3 9B 43 AF 9E F2,fuel=100.00
1779095809.444,0x300,8,41 70 CC 40 71 31 DD D3,temp=105.00
1779095809.525,0x100,8,54 0D 27 CF 5E BB 4C A4,speed=84.00
1779095809.632,0x200,8,9A 64 48 DB 3F 9F 73 AD,fuel=100.00
1779095809.742,0x300,8,41 CF 5D 31 D8 B9 D5 6F,temp=105.00
1779095809.810,0x100,8,54 23 35 D1 60 4C 71 6C,speed=84.00
1779095809.925,0x200,8,39 64 E0 3B BF 3D 63 5E,fuel=100.00
1779095810.034,0x300,8,41 92 BF FB 7F 28 F1 FE,temp=105.00
1779095810.096,0x100,8,54 F1 6C 22 F8 95 85 F6,speed=84.00
1779095810.200,0x200,8,F3 64 17 31 4B C5 72 00,fuel=100.00
1779095810.290,0x300,8,41 67 4C EF 49 0B EA 1C,temp=105.00
1779095810.386,0x100,8,54 8E 8F DC 85 63 24 A5,speed=84.00
1779095810.490,0x200,8,30 64 58 CD 0C 13 ED C3,fuel=100.00
1779095810.581,0x300,8,41 76 91 31 5B 9C FA 5D,temp=105.00
1779095810.683,0x100,8,54 F7 99 15 6D ED 66 31,speed=84.00
1779095810.761,0x200,8,7B 64 23 3E D6 FE E1 82,fuel=100.00
1779095810.862,0x300,8,41 79 4C 1D A0 4C 28 B1,temp=105.00
1779095810.962,0x100,8,54 6C 70 50 74 E6 A6 1D,speed=84.00
1779095811.029,0x200,8,61 64 C4 E2 3B B9 D1 FE,fuel=100.00
1779095811.123,0x300,8,41 11 B9 07 2A B6 A4 27,temp=105.00
1779095811.217,0x100,8,54 2C C6 22 89 C6 86 2D,speed=84.00
1779095811.311,0x200,8,1E 64 35 39 3C 36 A0 1A,fuel=100.00
1779095811.408,0x300,8,41 43 7A 35 D4 06 F3 94,temp=105.00
1779095811.503,0x100,8,54 53 C9 43 33 2A 95 E6,speed=84.00
1779095811.629,0x200,8,9F 64 94 4A EE 14 3A 96,fuel=100.00
1779095811.734,0x300,8,41 BB B0 A9 AC 0D D7 4C,temp=105.00
1779095811.786,0x100,8,54 E1 9D 92 11 00 1B D1,speed=84.00
1779095811.904,0x200,8,E2 64 A4 57 74 A2 D0 BE,fuel=100.00
1779095811.971,0x300,8,41 C3 F2 12 54 32 6A C8,temp=105.00
1779095812.078,0x100,8,54 69 01 DC 17 8B E4 53,speed=84.00
1779095812.161,0x200,8,03 64 28 93 0A 5F 9B 1B,fuel=100.00
1779095812.290,0x300,8,41 81 04 F6 CC AE C0 1F,temp=105.00
1779095812.347,0x100,8,54 40 C9 66 5C EF 01 0D,speed=84.00
1779095812.443,0x200,8,5F 64 84 BC 2D 88 52 D8,fuel=100.00
1779095812.547,0x300,8,41 EC 61 4F 23 98 FA 72,temp=105.00
1779095812.652,0x100,8,54 67 6E 25 74 1A DB 17,speed=84.00
1779095812.743,0x200,8,A4 64 80 2D 43 BB 8B DD,fuel=100.00
1779095812.830,0x300,8,41 FB 08 23 DF 35 D8 3A,temp=105.00
1779095812.907,0x100,8,54 98 E1 FA AB D7 FC 44,speed=84.00
1779095813.004,0x200,8,7F 64 9F EF AC F2 A9 61,fuel=100.00
1779095813.114,0x300,8,41 28 82 FA 25 4C DF 61,temp=105.00
1779095813.200,0x100,8,54 E0 3B 4A B0 6E EF 15,speed=84.00
1779095813.287,0x200,8,A6 64 91 8C 91 6F 56 32,fuel=100.00
1779095813.379,0x300,8,41 84 F7 32 F5 30 AA E8,temp=105.00
1779095813.470,0x100,8,54 1C 7D 93 C5 8C 16 F5,speed=84.00
1779095813.575,0x200,8,1F 64 B6 60 5D D9 54 E1,fuel=100.00
1779095813.653,0x300,8,41 85 C4 AC 1F 0B 62 6C,temp=105.00
1779095813.781,0x100,8,54 1C F9 A8 8B CE 32 38,speed=84.00
1779095813.854,0x200,8,70 64 5F 6D EC F9 C0 6E,fuel=100.00
1779095813.965,0x300,8,41 23 5F F0 5E 37 5B D1,temp=105.00
1779095814.044,0x100,8,54 95 69 91 BC 6F AE 22,speed=84.00
1779095814.124,0x200,8,18 64 16 33 D3 2B 9E 68,fuel=100.00
1779095814.259,0x300,8,41 6F A6 2F 7A 55 C6 DF,temp=105.00
1779095814.343,0x100,8,54 F3 55 68 D9 43 D2 75,speed=84.00
1779095814.535,0x200,8,FC 64 57 49 55 BE 0D A5,fuel=100.00
1779095814.640,0x300,8,41 A1 FF 5E 71 FA D6 A6,temp=105.00
1779095814.837,0x100,8,54 02 6A 1F 44 1A 45 51,speed=84.00
1779095814.902,0x200,8,24 64 21 67 6F 48 EF 4E,fuel=100.00
1779095815.018,0x300,8,41 F6 9D E4 8A AF 96 A8,temp=105.00
1779095815.103,0x100,8,54 22 BA D2 DD 7F 3E 5A,speed=84.00
1779095815.182,0x200,8,00 64 2D F4 E4 FE 64 ED,fuel=100.00
1779095815.277,0x300,8,41 D4 E5 E4 23 C7 25 70,temp=105.00
1779095815.411,0x100,8,54 6A 3E 8D 93 82 D5 17,speed=84.00
1779095815.468,0x200,8,27 64 9A ED C0 FE 19 E1,fuel=100.00
1779095815.574,0x300,8,41 7C A9 0F 8F 87 43 8A,temp=105.00
1779095815.660,0x100,8,54 B6 E3 08 7A 37 7C D7,speed=84.00
1779095815.779,0x200,8,28 64 57 14 25 CF FF BA,fuel=100.00
1779095815.925,0x300,8,41 01 69 19 D0 41 06 21,temp=105.00
1779095816.104,0x100,8,54 35 46 EB 14 5D 2A A7,speed=84.00
1779095816.437,0x200,8,86 64 CB 05 C5 65 92 53,fuel=100.00
1779095816.532,0x300,8,41 C7 C7 FB A2 53 D7 D6,temp=105.00
1779095816.683,0x100,8,54 C7 BB 9E 8E AA 37 05,speed=84.00
1779095816.920,0x200,8,F0 64 FA 2B 3A 88 B0 52,fuel=100.00
1779095817.091,0x300,8,41 2B 90 7A 68 24 BE 9F,temp=105.00
1779095817.469,0x100,8,54 92 6D 53 17 B2 74 F2,speed=84.00
1779095817.563,0x200,8,CF 64 4F 0F CE 54 0A B1,fuel=100.00
1779095817.683,0x300,8,41 6B 41 EC 6C 92 32 0B,temp=105.00
1779095818.148,0x100,8,54 CA 1E 70 D7 EF 49 52,speed=84.00
1779095818.241,0x200,8,C0 64 5D 63 68 F2 08 07,fuel=100.00
1779095818.267,0x300,8,41 F3 30 06 DC F7 BA 4D,temp=105.00
1779095818.426,0x100,8,54 0A 31 05 0F 54 D0 2D,speed=84.00
1779095818.632,0x200,8,52 64 17 BB D4 94 5C 04,fuel=100.00
1779095818.737,0x300,8,41 6A B3 E2 E0 6E 78 05,temp=105.00
1779095818.906,0x100,8,54 AE 53 FF ED 4D 3F 9B,speed=84.00
1779095818.933,0x200,8,48 64 28 69 9E 75 5B BE,fuel=100.00
1779095819.079,0x300,8,41 A5 0C 0F CD 4C 74 7B,temp=105.00
1779095819.176,0x100,8,54 F7 40 06 D4 92 EC 5E,speed=84.00
1779095819.341,0x200,8,21 64 35 71 9A A6 9F 1D,fuel=100.00
1779095819.433,0x300,8,41 81 2B 87 19 E8 A0 7C,temp=105.00
1779095819.529,0x100,8,54 2E FE A4 03 A1 0F CD,speed=84.00
1779095819.612,0x200,8,B3 64 37 46 9E 2A 6E BF,fuel=100.00
1779095819.688,0x300,8,41 96 9B CC 5A C4 C0 DC,temp=105.00
1779095819.811,0x100,8,54 23 25 66 11 C0 66 E5,speed=84.00
1779095819.863,0x200,8,D3 64 4E BB 63 A2 26 E7,fuel=100.00
1779095819.983,0x300,8,41 C5 76 4F 36 FC 5F 24,temp=105.00
1779095820.110,0x100,8,54 B5 DC 23 9A B3 89 4F,speed=84.00
1779095820.149,0x200,8,9C 64 2D D9 69 DD EB FD,fuel=100.00
1779095820.251,0x300,8,41 D8 1D BB 78 50 E9 DB,temp=105.00
1779095820.327,0x100,8,54 08 59 D5 92 CC C4 FB,speed=84.00
1779095820.431,0x200,8,B6 64 6B A9 77 69 5D 9F,fuel=100.00
1779095820.511,0x300,8,41 CB EC 29 1A 34 C6 3B,temp=105.00
1779095820.627,0x100,8,54 98 59 66 0D 39 FE 66,speed=84.00
1779095820.710,0x200,8,0F 64 96 F2 EB 0F 1E 7D,fuel=100.00
1779095821.049,0x300,8,41 19 30 BD 2C 50 8F 19,temp=105.00
1779095821.194,0x100,8,54 49 FC DE 9D 05 D6 A4,speed=84.00
1779095821.303,0x200,8,96 64 05 6A D7 AD 1D DF,fuel=100.00
1779095821.552,0x300,8,41 3A 54 C6 6C C6 2B F9,temp=105.00
1779095821.718,0x100,8,54 06 ED 5C 84 AA 87 39,speed=84.00
1779095821.913,0x200,8,5F 64 20 04 C0 B1 02 AF,fuel=100.00
1779095821.940,0x300,8,41 25 66 28 AB DF 7B 4D,temp=105.00
1779095822.068,0x100,8,54 D5 BD 70 F9 E6 90 E3,speed=84.00
1779095822.178,0x200,8,25 64 97 AE E2 F8 A1 17,fuel=100.00
1779095822.203,0x300,8,41 49 EF AD CE 4C 46 54,temp=105.00
1779095822.379,0x100,8,54 BB 77 54 6B B0 D0 BE,speed=84.00
1779095822.504,0x200,8,4D 64 F6 11 E5 32 FE F7,fuel=100.00
1779095822.614,0x300,8,41 52 5D 98 66 92 46 5D,temp=105.00
1779095822.736,0x100,8,54 04 7B A7 2D 98 5F 3B,speed=84.00
1779095822.862,0x200,8,2E 64 08 95 41 B0 24 0A,fuel=100.00
1779095823.154,0x300,8,41 46 2C 14 78 8B 6A D8,temp=105.00
1779095823.325,0x100,8,54 AD EB 44 F7 EA F5 C5,speed=84.00
1779095823.493,0x200,8,D1 64 AF E2 A5 8A A5 99,fuel=100.00
1779095823.525,0x300,8,41 7C EB EF 99 69 56 D0,temp=105.00
1779095823.712,0x100,8,54 23 6E 96 69 7D 95 B3,speed=84.00
1779095824.308,0x200,8,87 64 88 08 60 C6 C5 B4,fuel=100.00
1779095824.387,0x300,8,41 A6 37 49 5D B7 C4 27,temp=105.00
1779095824.465,0x100,8,54 86 9A 43 A0 0D 10 2E,speed=84.00
1779095824.600,0x200,8,23 64 42 C0 95 82 2D E1,fuel=100.00
1779095824.837,0x300,8,41 38 43 1B 71 27 90 12,temp=105.00
1779095824.964,0x100,8,54 37 80 0F B5 6A ED 53,speed=84.00
1779095825.184,0x200,8,4D 64 A7 7E F8 D0 C7 CD,fuel=100.00
1779095825.263,0x300,8,41 12 CF 2E 92 FF 16 A1,temp=105.00
1779095825.347,0x100,8,54 4D 3B 8C 68 75 C3 47,speed=84.00
1779095825.476,0x200,8,17 64 57 15 77 64 6C F6,fuel=100.00
1779095825.611,0x300,8,41 65 DB 98 C0 F2 55 DF,temp=105.00
1779095825.784,0x100,8,54 AF 33 95 E9 0A 43 D0,speed=84.00
1779095825.953,0x200,8,56 64 C0 BE 2E 6C CD 54,fuel=100.00
1779095825.986,0x300,8,41 49 09 FA F9 1C DA 16,temp=105.00
1779095826.180,0x100,8,54 EF 97 F2 81 F9 D9 D8,speed=84.00
1779095826.354,0x200,8,E7 64 D1 26 C4 CC 3A 38,fuel=100.00
1779095826.494,0x300,8,41 92 D2 D8 74 1E C2 6D,temp=105.00
1779095826.609,0x100,8,54 25 9D EF 37 64 27 93,speed=84.00
1779095826.744,0x200,8,96 64 0A A6 A5 D6 7C 06,fuel=100.00
1779095826.948,0x300,8,41 66 7A BB 9B 6F 3A 53,temp=105.00
1779095827.132,0x100,8,54 E9 14 1C 4E F5 47 A1,speed=84.00
1779095827.276,0x200,8,BA 64 F1 62 9D B0 40 D1,fuel=100.00
1779095827.334,0x300,8,41 FB 38 E1 FF 75 84 29,temp=105.00
1779095827.501,0x100,8,54 D4 59 CA B9 DE B2 C8,speed=84.00
1779095827.734,0x200,8,23 64 94 91 19 E9 2D A5,fuel=100.00
1779095827.809,0x300,8,41 79 ED 87 E7 5F 9C A1,temp=105.00
1779095827.971,0x100,8,54 9A BF AD 0C E2 45 CC,speed=84.00
1779095828.226,0x200,8,D8 64 95 68 75 60 AC 3A,fuel=100.00
1779095828.251,0x300,8,41 45 53 B8 FA B8 DC 03,temp=105.00
1779095828.401,0x100,8,54 4F DC 13 5A 20 43 6B,speed=84.00
1779095828.543,0x200,8,F2 64 A9 1B B3 8E AC 46,fuel=100.00
1779095828.685,0x300,8,41 B6 10 1E B5 BE 87 9D,temp=105.00
1779095828.763,0x100,8,54 92 9E 91 56 C5 73 38,speed=84.00
1779095828.904,0x200,8,1A 64 3E 87 29 91 9A 0E,fuel=100.00
1779095829.030,0x300,8,41 05 B2 B6 B3 1C 16 78,temp=105.00
1779095829.087,0x100,8,54 A6 A4 D0 70 BD E1 E8,speed=84.00
1779095829.309,0x200,8,DE 64 F2 49 28 58 36 65,fuel=100.00
1779095829.599,0x300,8,41 65 46 CF A5 BF 93 79,temp=105.00
1779095829.894,0x100,8,54 D0 8F AA BC 27 84 31,speed=84.00
1779095829.931,0x200,8,7B 64 55 4A 0F 5E 00 C8,fuel=100.00
1779095830.185,0x300,8,41 28 E1 1E B0 41 0F 77,temp=105.00
1779095830.467,0x100,8,54 18 8F 76 99 FB 2B 99,speed=84.00
1779095830.634,0x200,8,40 64 C1 E1 6C 02 9E C4,fuel=100.00
1779095830.785,0x300,8,41 F1 F8 80 69 BF 1D 04,temp=105.00
1779095830.876,0x100,8,54 0B 2A 46 B2 60 86 7B,speed=84.00
1779095830.993,0x200,8,A3 64 27 56 20 67 57 AA,fuel=100.00
1779095831.096,0x300,8,41 E4 00 ED E2 51 33 BD,temp=105.00
1779095831.187,0x100,8,54 8C 02 17 E5 4E 8E 5A,speed=84.00
1779095831.299,0x200,8,73 64 A6 67 2C 0E 19 A1,fuel=100.00
1779095831.324,0x300,8,41 3C AD 52 0F 7E 69 48,temp=105.00
1779095831.468,0x100,8,54 E4 13 6A 99 D1 9A 79,speed=84.00
1779095831.661,0x200,8,BB 64 A9 56 BA FB C9 92,fuel=100.00
1779095831.818,0x300,8,41 CE FC 2E BD 34 34 95,temp=105.00
1779095831.977,0x100,8,54 1E 52 EA 63 98 AB 2B,speed=84.00
1779095832.050,0x200,8,7D 64 9E 45 1D A1 A8 6F,fuel=100.00
1779095832.227,0x300,8,41 9E D6 7C 30 64 4D 88,temp=105.00
1779095832.302,0x100,8,54 FB 87 EA 58 7E 39 0B,speed=84.00
1779095832.518,0x200,8,2F 64 21 16 88 2F BF 5D,fuel=100.00
1779095832.601,0x300,8,41 CD D8 A2 3D 21 40 83,temp=105.00
1779095832.754,0x100,8,54 49 68 90 81 C8 DA 66,speed=84.00
1779095832.953,0x200,8,20 64 99 59 14 8A 95 B3,fuel=100.00
1779095833.129,0x300,8,41 1E 14 FF DC EE 19 55,temp=105.00
1779095833.413,0x100,8,54 66 E5 15 95 64 E3 3E,speed=84.00
1779095833.601,0x200,8,1B 64 6A 92 03 EE 7E FB,fuel=100.00
1779095833.708,0x300,8,41 8B C5 D2 F2 72 1B 31,temp=105.00
1779095833.865,0x100,8,54 C5 8B 2E 6D 0B 2D D1,speed=84.00
1779095834.069,0x200,8,54 64 33 D2 A0 5F 15 4B,fuel=100.00
1779095834.408,0x300,8,41 D4 04 FA 02 C6 70 16,temp=105.00
1779095834.443,0x100,8,54 C7 FB CE 7D 83 95 C7,speed=84.00
1779095834.597,0x200,8,DD 64 FF 18 4F 7F 5F A4,fuel=100.00
1779095834.647,0x300,8,41 90 A8 4B C0 10 E1 6C,temp=105.00
1779095834.735,0x100,8,54 39 14 BE 31 FF 6D 6D,speed=84.00
1779095834.836,0x200,8,2D 64 E9 BE 31 DD 59 E7,fuel=100.00
1779095834.898,0x300,8,41 5F 68 28 0D EB 7C D7,temp=105.00
1779095834.986,0x100,8,54 57 C0 A3 19 D3 D1 22,speed=84.00
1779095835.216,0x200,8,01 64 81 21 CA 2F F2 12,fuel=100.00
1779095835.392,0x300,8,41 72 05 29 02 11 5C DC,temp=105.00
1779095835.514,0x100,8,54 C5 49 D7 69 FA 1D CF,speed=84.00
1779095835.645,0x200,8,A2 64 B1 7E A4 A9 2F 4B,fuel=100.00
1779095835.845,0x300,8,41 71 A5 24 89 73 66 1D,temp=105.00
1779095835.996,0x100,8,54 40 3E 00 52 F5 B9 F9,speed=84.00
1779095836.047,0x200,8,10 64 96 D2 A9 BC BB EF,fuel=100.00
1779095836.108,0x300,8,41 51 AA F9 2A 5A 43 D5,temp=105.00
1779095836.211,0x100,8,54 E9 BC B6 A4 27 32 15,speed=84.00
1779095836.299,0x200,8,2A 64 36 F4 82 F8 76 FF,fuel=100.00
1779095836.422,0x300,8,41 09 27 E5 D1 00 85 38,temp=105.00
1779095836.560,0x100,8,54 FE 88 0D 97 1F 26 64,speed=84.00
1779095836.647,0x200,8,6D 64 A3 9F 72 01 96 64,fuel=100.00
1779095836.888,0x300,8,41 2E DC 4E DF 06 3E AF,temp=105.00
1779095837.516,0x100,8,54 97 20 D0 CF E4 39 F5,speed=84.00
1779095837.603,0x200,8,C7 64 1B BF 9F D5 C9 24,fuel=100.00
1779095837.720,0x300,8,41 E0 C4 9F E8 66 9B 57,temp=105.00
1779095837.802,0x100,8,54 E4 C7 DE 94 83 C5 D1,speed=84.00
1779095837.899,0x200,8,9D 64 B5 82 FE 32 E4 D2,fuel=100.00
1779095838.055,0x300,8,41 30 8C F2 CC 4E C4 45,temp=105.00
1779095838.191,0x100,8,54 6D 67 E8 10 68 03 B7,speed=84.00
1779095838.321,0x200,8,CF 64 C3 6F 2D 3F 49 44,fuel=100.00
1779095838.401,0x300,8,41 56 28 77 9C D1 72 2E,temp=105.00
1779095838.495,0x100,8,54 14 23 F3 9C C2 BB D8,speed=84.00
1779095838.590,0x200,8,BA 64 A6 0D 9E 7A FE 64,fuel=100.00
1779095838.703,0x300,8,41 B7 D7 96 27 C2 C2 48,temp=105.00
1779095838.860,0x100,8,54 AD 07 D6 B1 5D AE DF,speed=84.00
1779095838.950,0x200,8,F5 64 CC 62 A2 31 4A 02,fuel=100.00
1779095839.113,0x300,8,41 2B B9 CC 7E 02 D8 B5,temp=105.00
1779095839.204,0x100,8,54 E9 D9 86 A0 D8 3B 6E,speed=84.00
1779095839.440,0x200,8,A3 64 94 F3 9D CE 83 68,fuel=100.00
1779095839.543,0x300,8,41 9C 13 D0 D2 BB 61 16,temp=105.00
1779095839.612,0x100,8,54 C9 1B 97 7F F0 61 A0,speed=84.00
1779095839.674,0x200,8,0E 64 94 31 E1 D4 1E A4,fuel=100.00
1779095839.796,0x300,8,41 0E E4 0B C4 E6 22 29,temp=105.00
1779095840.075,0x100,8,54 3A 80 C5 EE 3B A5 7C,speed=84.00
1779095840.137,0x200,8,BC 64 01 9F 28 C8 52 DF,fuel=100.00
1779095840.238,0x300,8,41 C6 89 45 F0 A3 60 65,temp=105.00
1779095840.326,0x100,8,54 AB F4 9F 1F FF C1 1D,speed=84.00
1779095840.415,0x200,8,8B 64 5D 3B 7B EF 9E 19,fuel=100.00
1779095840.550,0x300,8,41 D3 A0 0D A8 57 C4 C4,temp=105.00
1779095840.646,0x100,8,54 00 F2 10 48 E6 96 FE,speed=84.00
1779095840.704,0x200,8,C0 64 2C 1B 4E 20 AF 8E,fuel=100.00
1779095840.836,0x300,8,41 1B EB 72 D5 CC 05 E1,temp=105.00
1779095840.890,0x100,8,54 38 17 C8 0D B1 26 35,speed=84.00
1779095840.990,0x200,8,43 64 6C 27 72 37 56 D5,fuel=100.00
1779095841.135,0x300,8,41 DD EC D7 6B E1 4B 3F,temp=105.00
1779095841.289,0x100,8,54 18 76 91 BD F8 34 58,speed=84.00
1779095841.386,0x200,8,CF 64 B7 93 3A F3 7D CC,fuel=100.00
1779095841.473,0x300,8,41 44 49 92 4E E8 5C 6A,temp=105.00
1779095841.636,0x100,8,54 16 83 B6 F7 DE 1A F7,speed=84.00
1779095841.715,0x200,8,AE 64 05 83 05 5C 32 E0,fuel=100.00
1779095841.821,0x300,8,41 3C AB E8 68 E1 2F 04,temp=105.00
1779095841.848,0x100,8,54 CC 3F F1 D3 97 CB D9,speed=84.00
1779095842.237,0x200,8,08 64 06 5F A5 D4 E3 2B,fuel=100.00
1779095842.318,0x300,8,41 6C 5D C6 61 47 79 19,temp=105.00
1779095842.415,0x100,8,54 01 0D FC 00 8F 88 DF,speed=84.00
1779095842.577,0x200,8,97 64 35 1F CE 9B D2 53,fuel=100.00
1779095842.707,0x300,8,41 7F 4B 17 94 7D 9E 91,temp=105.00
1779095842.793,0x100,8,54 5C 9F 70 0A 7D D7 32,speed=84.00
1779095842.911,0x200,8,7E 64 6A 2E DB 72 D2 84,fuel=100.00
1779095842.998,0x300,8,41 32 35 B1 84 81 57 FC,temp=105.00
1779095843.096,0x100,8,54 06 A4 33 6F 12 16 05,speed=84.00
1779095843.188,0x200,8,3B 64 8F 60 B3 C6 13 A9,fuel=100.00
1779095843.332,0x300,8,41 BE 79 E8 4E 9B D5 57,temp=105.00
1779095843.378,0x100,8,54 33 D2 9E EC D7 DE 39,speed=84.00
1779095843.490,0x200,8,9A 64 DF 66 F3 6E 6B B7,fuel=100.00
1779095843.565,0x300,8,41 6A E7 79 23 D8 26 1D,temp=105.00
1779095843.666,0x100,8,54 E2 59 8B 7E 05 A2 98,speed=84.00
1779095843.776,0x200,8,D6 64 6B 5B 8B 4E 26 22,fuel=100.00
1779095843.848,0x300,8,41 14 6F 4D 5A DF CE 12,temp=105.00
1779095843.962,0x100,8,54 FB 00 88 81 77 FA D5,speed=84.00
1779095844.035,0x200,8,79 64 DB A1 DA 2D 7F 0C,fuel=100.00
1779095844.370,0x300,8,41 D1 35 36 16 10 3E 46,temp=105.00
1779095844.419,0x100,8,54 34 70 84 C1 89 78 7E,speed=84.00
1779095844.524,0x200,8,9C 64 06 A9 FE F3 02 7B,fuel=100.00
1779095844.615,0x300,8,41 BC 7B D6 30 B4 E1 62,temp=105.00
1779095844.732,0x100,8,54 53 34 E9 20 0F 92 2E,speed=84.00
1779095844.825,0x200,8,89 64 8F 67 1F E0 D1 2E,fuel=100.00
1779095844.901,0x300,8,41 29 E8 E7 A2 F8 CC 67,temp=105.00
1779095844.992,0x100,8,54 44 34 8F D6 6D 71 1E,speed=84.00
1779095845.082,0x200,8,0B 64 73 82 AC 7E E3 0E,fuel=100.00
1779095845.170,0x300,8,41 05 50 5F F5 4B D6 61,temp=105.00
1779095845.440,0x100,8,54 5B D9 8A 6F B9 60 68,speed=84.00
1779095845.461,0x200,8,A6 64 E5 84 B9 F3 8C 6E,fuel=100.00
1779095845.554,0x300,8,41 48 38 4E 71 D4 57 47,temp=105.00
1779095845.666,0x100,8,54 88 E3 0A 8F 24 D1 8B,speed=84.00
1779095845.828,0x200,8,7E 64 8A C7 A8 9F CB AA,fuel=100.00
1779095846.483,0x300,8,41 96 B7 D1 38 6C 44 ED,temp=105.00
1779095846.654,0x100,8,54 AE F1 73 91 1B 74 02,speed=84.00
1779095846.771,0x200,8,76 64 EE 78 9C 0A 7D AD,fuel=100.00
1779095846.867,0x300,8,41 52 AA 9E F1 E6 0D E8,temp=105.00
1779095847.120,0x100,8,54 34 4E D7 BA 96 99 FA,speed=84.00
1779095847.268,0x200,8,4E 64 4C 2E 42 73 5F B0,fuel=100.00
1779095847.358,0x300,8,41 40 C6 F9 05 E8 56 1B,temp=105.00
1779095847.431,0x100,8,54 E3 27 A2 A3 AF 5E A6,speed=84.00
1779095847.545,0x200,8,5C 64 A5 9C 92 58 2C 07,fuel=100.00
1779095847.645,0x300,8,41 B7 97 FC 30 D7 B9 4F,temp=105.00
1779095847.729,0x100,8,54 C6 44 97 00 0D 1C 5F,speed=84.00
1779095847.860,0x200,8,6E 64 39 51 33 7B 1C D4,fuel=100.00
1779095847.920,0x300,8,41 41 E4 DF FD F6 B0 68,temp=105.00
1779095847.997,0x100,8,54 6F AE F5 4B 49 36 82,speed=84.00
1779095848.107,0x200,8,11 64 3D 1C 7E AC 37 62,fuel=100.00
1779095848.208,0x300,8,41 D0 57 08 0F 39 D9 FF,temp=105.00
1779095848.424,0x100,8,54 99 D3 38 62 2E 51 E3,speed=84.00
1779095848.458,0x200,8,59 64 70 95 B9 F8 83 3E,fuel=100.00
1779095848.560,0x300,8,41 58 7E 7E 5C 01 44 16,temp=105.00
1779095848.679,0x100,8,54 D9 EC B6 79 D9 48 57,speed=84.00
1779095848.776,0x200,8,CA 64 C1 03 0F 7A C7 46,fuel=100.00
1779095848.862,0x300,8,41 88 39 C6 AF 30 47 84,temp=105.00
1779095848.935,0x100,8,54 CA DF BE 48 E0 30 5F,speed=84.00
1779095849.038,0x200,8,95 64 12 1E 80 96 1E C3,fuel=100.00
1779095849.119,0x300,8,41 16 06 16 4F 6A 32 9B,temp=105.00
1779095849.245,0x100,8,54 E3 2C 36 E9 A2 FA AD,speed=84.00
1779095849.310,0x200,8,6C 64 5A 4C 81 D5 39 9A,fuel=100.00
1779095849.422,0x300,8,41 58 18 C7 B9 10 2A 25,temp=105.00
1779095849.567,0x100,8,54 CD 64 B9 77 A3 F9 3A,speed=84.00
1779095849.702,0x200,8,AF 64 AE 48 DA 01 B9 00,fuel=100.00
1779095849.771,0x300,8,41 B3 F9 82 06 4D A4 4C,temp=105.00
1779095849.875,0x100,8,54 B2 E8 16 BA 08 32 A3,speed=84.00
1779095850.004,0x200,8,D4 64 7A B1 26 1B 56 9C,fuel=100.00
1779095850.076,0x300,8,41 0D C3 59 C6 63 6A 48,temp=105.00
1779095850.150,0x100,8,54 CA E0 D8 A2 EF AC B3,speed=84.00
1779095850.298,0x200,8,BC 64 F0 31 6C B5 57 58,fuel=100.00
1779095850.327,0x300,8,41 3F 5A CF 4F 35 9C 28,temp=105.00
1779095850.504,0x100,8,54 8B 25 F9 5F B2 19 B9,speed=84.00
1779095850.568,0x200,8,18 64 E6 23 3C 17 A2 4F,fuel=100.00
1779095850.767,0x300,8,41 07 01 F6 A4 AF AF 04,temp=105.00
1779095850.902,0x100,8,54 D8 F0 4D 00 71 23 EE,speed=84.00
1779095851.065,0x200,8,48 64 1B 1C 2F 42 02 52,fuel=100.00
1779095851.087,0x300,8,41 B1 AD 4B F4 69 EC 61,temp=105.00
1779095851.176,0x100,8,54 25 0C C8 3E 2B 73 5C,speed=84.00
1779095851.333,0x200,8,C0 64 EA FB 68 47 43 81,fuel=100.00
1779095851.448,0x300,8,41 D4 69 52 C2 76 B7 A3,temp=105.00
1779095851.570,0x100,8,54 A0 8E 1C 87 22 6D E7,speed=84.00
1779095851.667,0x200,8,00 64 42 76 AD 2B B5 3E,fuel=100.00
1779095851.749,0x300,8,41 E0 04 88 D0 D5 D8 72,temp=105.00
1779095851.886,0x100,8,54 7F 5B 26 3C 30 F9 0C,speed=84.00
1779095851.935,0x200,8,23 64 AD 3F 7D B6 36 D5,fuel=100.00
1779095852.444,0x300,8,41 C2 30 3F 0D 71 D8 4C,temp=105.00
1779095852.516,0x100,8,54 7D 4B AA 21 8F 7B E9,speed=84.00
1779095852.610,0x200,8,FE 64 91 33 6E 1A 6B 29,fuel=100.00
1779095852.691,0x300,8,41 56 3E FE 22 9A 1B 5E,temp=105.00
1779095852.789,0x100,8,54 A3 87 94 9B 24 45 C1,speed=84.00
1779095852.880,0x200,8,68 64 91 24 3B D5 C1 0A,fuel=100.00
1779095852.974,0x300,8,41 64 E0 B2 38 61 2C B3,temp=105.00
1779095853.061,0x100,8,54 E6 61 70 CE 3C 58 BD,speed=84.00
1779095853.154,0x200,8,27 64 5A 6A CA E0 93 48,fuel=100.00
1779095853.269,0x300,8,41 EB 0E 48 0E 46 79 A0,temp=105.00
1779095853.378,0x100,8,54 19 E1 11 D7 9B B2 00,speed=84.00
1779095853.448,0x200,8,8F 64 F6 D9 5F 27 8F 1A,fuel=100.00
1779095853.527,0x300,8,41 F3 AD 25 93 CC 89 30,temp=105.00
1779095853.678,0x100,8,54 C2 1B E6 DC F1 3A D5,speed=84.00
1779095853.739,0x200,8,5A 64 27 B0 62 E8 C6 7E,fuel=100.00
1779095853.815,0x300,8,41 5C 33 D0 52 2B 03 06,temp=105.00
1779095853.950,0x100,8,54 B0 25 7F 3A 01 EA DE,speed=84.00
1779095854.017,0x200,8,19 64 25 57 F0 4F C4 95,fuel=100.00
1779095854.126,0x300,8,41 4A 31 6C 87 84 6C A9,temp=105.00
1779095854.192,0x100,8,54 BC 84 03 A8 29 0A C6,speed=84.00
1779095854.303,0x200,8,00 64 E1 98 A5 53 A2 18,fuel=100.00
1779095854.471,0x300,8,41 4B C2 00 6B 74 14 94,temp=105.00
1779095854.712,0x100,8,54 18 35 50 70 E2 F4 1A,speed=84.00
1779095854.768,0x200,8,9B 64 C0 1A 88 D6 D2 86,fuel=100.00
1779095854.945,0x300,8,41 45 4E 72 90 B2 BF 07,temp=105.00
1779095855.030,0x100,8,54 60 7F C0 81 7A BE 9F,speed=84.00
1779095855.082,0x200,8,6D 64 0E 97 EF 84 56 6D,fuel=100.00
1779095855.135,0x300,8,41 CF DA B4 3B 3C D3 0F,temp=105.00
1779095855.254,0x100,8,54 07 A9 98 3D 78 CA AC,speed=84.00
1779095855.335,0x200,8,5A 64 8F E2 EB EC 8A 74,fuel=100.00
1779095855.418,0x300,8,41 3D 2B 16 31 D1 EC FD,temp=105.00
1779095855.534,0x100,8,54 27 16 2C 5B 91 4F AC,speed=84.00
1779095855.608,0x200,8,01 64 7F 56 4B 8C 00 5A,fuel=100.00
1779095855.732,0x300,8,41 E1 10 26 F6 7E 93 D4,temp=105.00
1779095855.798,0x100,8,54 3C 92 63 E5 A2 18 2F,speed=84.00
1779095855.924,0x200,8,73 64 37 3E E4 81 D7 35,fuel=100.00
1779095856.015,0x300,8,41 06 27 62 A0 CA D0 BB,temp=105.00
1779095856.080,0x100,8,54 47 B4 DD 90 B3 F3 F6,speed=84.00
1779095856.169,0x200,8,0D 64 F3 64 3C 76 CB 1F,fuel=100.00
1779095856.293,0x300,8,41 6E 38 C4 22 DF 1A 7B,temp=105.00
1779095856.353,0x100,8,54 C7 A3 F7 C3 FA 22 9E,speed=84.00
1779095856.470,0x200,8,3F 64 61 98 B3 7C 1E 5C,fuel=100.00
1779095856.546,0x300,8,41 1E 22 64 23 54 75 D1,temp=105.00
1779095856.652,0x100,8,54 9B A1 A9 59 92 C5 0F,speed=84.00
1779095856.733,0x200,8,48 64 B5 76 29 1F BE 14,fuel=100.00
1779095856.834,0x300,8,41 A1 EB A3 1A 9D 9A E3,temp=105.00
1779095856.962,0x100,8,54 A5 EF 56 71 1E 8A 8F,speed=84.00
1779095857.031,0x200,8,77 64 38 49 47 13 27 CA,fuel=100.00
1779095857.139,0x300,8,41 76 EF 6C F9 AF 91 D6,temp=105.00
1779095857.201,0x100,8,54 98 A2 50 BF 82 29 5B,speed=84.00
1779095857.325,0x200,8,D5 64 AF F9 47 F8 04 A1,fuel=100.00
1779095857.385,0x300,8,41 B1 F8 C4 5A 69 1B 24,temp=105.00
1779095857.502,0x100,8,54 F6 E7 05 2A BE BE E4,speed=84.00
1779095857.581,0x200,8,67 64 35 2F 0D 65 7D 06,fuel=100.00
1779095857.693,0x300,8,41 71 48 BF C3 68 3C 36,temp=105.00
1779095857.826,0x100,8,54 CC 14 FE 43 BA DC A2,speed=84.00
1779095857.950,0x200,8,2F 64 6D 4D 77 19 D7 05,fuel=100.00
1779095858.100,0x300,8,41 10 05 12 29 EB 3A 26,temp=105.00
1779095858.251,0x100,8,54 DA 35 B3 20 11 E2 50,speed=84.00
1779095858.383,0x200,8,6A 64 2E 9D 8E 8D FE 7B,fuel=100.00
1779095858.544,0x300,8,41 67 0D C4 B4 CA 70 66,temp=105.00
1779095858.710,0x100,8,54 3F 54 20 05 40 C2 71,speed=84.00
1779095858.777,0x200,8,24 64 05 63 BD AF E5 03,fuel=100.00
1779095858.877,0x300,8,41 10 E3 ED 88 B0 EE 28,temp=105.00
1779095859.081,0x100,8,54 A3 B2 34 B1 05 97 0C,speed=84.00
1779095859.258,0x200,8,E1 64 E5 2E 62 8B 58 2A,fuel=100.00
1779095859.377,0x300,8,41 BA 51 49 B2 D5 50 B7,temp=105.00
1779095859.476,0x100,8,54 3B DD 89 90 E8 11 65,speed=84.00
1779095859.609,0x200,8,33 64 41 BD 57 6B 47 F5,fuel=100.00
1779095859.677,0x300,8,41 85 B5 3E 74 F1 ED 2E,temp=105.00
1779095859.766,0x100,8,54 F8 B8 4E FB 75 30 8D,speed=84.00
1779095859.899,0x200,8,61 64 66 AE 90 F0 80 E0,fuel=100.00
1779095859.957,0x300,8,41 49 5A 7A FB DB CF 27,temp=105.00
1779095860.060,0x100,8,54 A6 0F 36 71 D9 4D 25,speed=84.00
1779095860.183,0x200,8,86 64 85 74 4F 0C 3F B9,fuel=100.00
1779095860.267,0x300,8,41 AD 7B AA 4B C2 1F E4,temp=105.00
1779095860.380,0x100,8,54 18 A8 FE 6C 86 DF 26,speed=84.00
1779095860.452,0x200,8,F6 64 AB 88 7D 21 3B EE,fuel=100.00
1779095860.561,0x300,8,41 C3 4B 32 E1 F0 1B 86,temp=105.00
1779095860.708,0x100,8,54 DD 03 E6 AC 48 AD 91,speed=84.00
1779095860.813,0x200,8,CE 64 79 D9 9C 35 4B 7D,fuel=100.00
1779095860.930,0x300,8,41 AF DC A9 52 B4 52 D9,temp=105.00
1779095861.111,0x100,8,54 EB DD 2F D6 4A 21 6A,speed=84.00
1779095861.187,0x200,8,D8 64 4A B6 6D A8 55 DF,fuel=100.00
1779095861.328,0x300,8,41 88 B5 9A 4B 1C 2D 74,temp=105.00
1779095861.407,0x100,8,54 60 7B 49 0D 67 AF 1D,speed=84.00
1779095861.519,0x200,8,20 64 6A AA 5D 02 A5 31,fuel=100.00
1779095861.583,0x300,8,41 C5 F4 A6 5B F6 07 16,temp=105.00
1779095861.679,0x100,8,54 6B FE 14 DD 86 94 2A,speed=84.00
1779095862.190,0x200,8,BD 64 DE D9 D3 92 06 71,fuel=100.00
1779095862.396,0x300,8,41 6D AC CB 1A B5 80 69,temp=105.00
1779095862.488,0x100,8,54 BA 92 B1 AB 27 4D 8E,speed=84.00
1779095862.580,0x200,8,FB 64 A2 F4 27 9D 6C BE,fuel=100.00
1779095862.693,0x300,8,41 F1 61 61 AE 40 08 BE,temp=105.00
1779095862.768,0x100,8,54 9F 10 4A E0 0B 33 BD,speed=84.00
1779095862.946,0x200,8,25 64 D0 4E 2E 44 98 FE,fuel=100.00
1779095862.996,0x300,8,41 51 50 7E F3 4F C8 10,temp=105.00
1779095863.069,0x100,8,54 44 D4 59 EA BA 42 41,speed=84.00
1779095863.142,0x200,8,54 64 A3 44 06 31 B0 EA,fuel=100.00
1779095863.257,0x300,8,41 BC 83 6B 4E A2 68 1A,temp=105.00
1779095863.435,0x100,8,54 29 1C D1 EF A3 AF ED,speed=84.00
1779095863.545,0x200,8,6A 64 B8 7A 05 26 DA 99,fuel=100.00
1779095863.609,0x300,8,41 20 DE 74 CB 50 6D 63,temp=105.00
1779095863.724,0x100,8,54 CE A5 5C 71 4C 9F E6,speed=84.00
1779095863.880,0x200,8,65 64 E3 BD 76 EE 61 C4,fuel=100.00
1779095863.957,0x300,8,41 09 56 2A 47 DF C8 0D,temp=105.00
1779095863.989,0x100,8,54 C3 E4 FF BB BE 6F A6,speed=84.00
1779095864.100,0x200,8,AD 64 81 84 AD 1E 3F 1D,fuel=100.00
1779095864.167,0x300,8,41 F0 7E D9 E7 C8 1A 8B,temp=105.00
1779095864.266,0x100,8,54 1C C8 F6 5D 65 DA DC,speed=84.00
1779095864.450,0x200,8,62 64 65 91 3F 80 A8 B5,fuel=100.00
1779095864.543,0x300,8,41 34 78 77 0A 5F 73 67,temp=105.00
1779095864.706,0x100,8,54 62 A0 22 A6 B1 5C 81,speed=84.00
1779095864.775,0x200,8,34 64 67 66 74 56 2B 09,fuel=100.00
1779095864.829,0x300,8,41 F1 32 29 A9 51 DB ED,temp=105.00
1779095865.027,0x100,8,54 03 94 8D F1 2E 3A 67,speed=84.00
1779095865.402,0x200,8,3B 64 00 18 73 94 8B 08,fuel=100.00
1779095865.485,0x300,8,41 B9 AA 63 E8 58 05 9D,temp=105.00
1779095865.681,0x100,8,54 BE 75 79 5E D2 D6 CA,speed=84.00
1779095865.792,0x200,8,7D 64 64 88 0D 73 C5 FF,fuel=100.00
1779095865.864,0x300,8,41 1B 08 03 CF 90 6A 47,temp=105.00
1779095865.976,0x100,8,54 6A 33 95 C0 DD 32 18,speed=84.00
1779095866.191,0x200,8,F9 64 C7 AA 9F D6 FA F1,fuel=100.00
1779095866.282,0x300,8,41 DC 19 28 6C DD 9C 56,temp=105.00
1779095866.368,0x100,8,54 F5 94 A6 F0 5F 07 77,speed=84.00
1779095866.415,0x200,8,22 64 C2 5A 8D AC 18 43,fuel=100.00
1779095866.548,0x300,8,41 34 A5 7F A8 2E EE 11,temp=105.00
1779095866.609,0x100,8,54 C5 0B FA 8A 05 CC 44,speed=84.00
1779095866.749,0x200,8,8D 64 92 1F E8 C8 B9 E1,fuel=100.00
1779095866.810,0x300,8,41 79 97 10 8F B6 3D AD,temp=105.00
1779095866.961,0x100,8,54 33 C2 35 71 DA 05 DB,speed=84.00
1779095867.004,0x200,8,C6 64 BB E0 00 0F 09 C0,fuel=100.00
1779095867.102,0x300,8,41 EE 39 82 93 29 1B 06,temp=105.00
1779095867.273,0x100,8,54 C5 FC 1A F9 03 4B 69,speed=84.00
1779095867.425,0x200,8,4D 64 D6 E1 78 30 B7 7F,fuel=100.00
1779095867.545,0x300,8,41 10 12 0E 8E CC 89 71,temp=105.00
1779095867.653,0x100,8,54 C1 8F B5 84 3F 23 D3,speed=84.00
1779095867.770,0x200,8,A2 64 F3 36 18 A3 85 8E,fuel=100.00
1779095867.845,0x300,8,41 CC 72 17 B3 DF 21 C2,temp=105.00
1779095868.075,0x100,8,54 8E AB 93 96 02 25 A0,speed=84.00
1779095868.186,0x200,8,C9 64 F0 EF F5 BD 0B 32,fuel=100.00
1779095868.294,0x300,8,41 4F 2D D1 19 5F E5 DE,temp=105.00
1779095868.494,0x100,8,54 51 F9 DC 02 8E C5 4B,speed=84.00
1779095868.615,0x200,8,45 64 17 7F 7D 92 DD 86,fuel=100.00
1779095868.776,0x300,8,41 4D AE D0 B1 B3 56 58,temp=105.00
1779095868.897,0x100,8,54 D3 55 63 D0 06 DC C2,speed=84.00
1779095869.038,0x200,8,38 64 78 54 9D 9D AB 31,fuel=100.00
1779095869.108,0x300,8,41 16 58 43 20 B7 06 DF,temp=105.00
1779095869.217,0x100,8,54 B1 F1 AD 11 35 79 7B,speed=84.00
1779095869.337,0x200,8,6F 64 EB 86 DA FC FB E8,fuel=100.00
1779095869.454,0x300,8,41 34 48 66 99 1F F9 C4,temp=105.00
1779095869.679,0x100,8,54 7A 9F 88 03 11 84 DD,speed=84.00
1779095869.929,0x200,8,E6 64 02 83 72 AC 1A 74,fuel=100.00
1779095870.058,0x300,8,41 EB EE 2B 94 68 91 84,temp=105.00
1779095870.219,0x100,8,54 50 8E D8 E7 F9 19 36,speed=84.00
1779095870.346,0x200,8,1D 64 FD 50 58 3A B5 0E,fuel=100.00
1779095870.519,0x300,8,41 75 B2 E5 0E EB 98 87,temp=105.00
1779095870.616,0x100,8,54 89 EF D0 49 95 58 D7,speed=84.00
1779095870.708,0x200,8,02 64 A5 5B FE 83 2A 33,fuel=100.00
1779095870.959,0x300,8,41 0A 0C 9A 02 F4 F6 A7,temp=105.00
1779095871.075,0x100,8,54 F6 80 7C 6D 71 8A AD,speed=84.00
1779095871.170,0x200,8,E1 64 0C E1 9D 4D 07 1F,fuel=100.00
1779095871.303,0x300,8,41 DD 72 34 3F 80 38 0D,temp=105.00
1779095871.392,0x100,8,54 F4 73 3C BE 9D 8B E5,speed=84.00
1779095871.579,0x200,8,40 64 12 53 BE 33 1B 3C,fuel=100.00
1779095871.619,0x300,8,41 68 8C F0 1F DE AD 1E,temp=105.00
1779095871.824,0x100,8,54 0F 6C CB 24 62 72 0C,speed=84.00
1779095871.941,0x200,8,9F 64 2F E1 6F C8 9E E7,fuel=100.00
1779095872.042,0x300,8,41 71 2B 68 15 7B 6E 12,temp=105.00
1779095872.334,0x100,8,54 B2 91 05 0A ED BA 2D,speed=84.00
1779095872.549,0x200,8,2D 64 35 88 89 63 75 B7,fuel=100.00
1779095872.684,0x300,8,41 26 C9 96 BB B7 F2 C0,temp=105.00
1779095872.759,0x100,8,54 69 B5 7C 96 E3 FC C9,speed=84.00
1779095872.858,0x200,8,A2 64 DF 1A AD 0F 4B 1C,fuel=100.00
1779095872.992,0x300,8,41 7A 78 E7 F8 C6 DD 7D,temp=105.00
1779095873.179,0x100,8,54 9A 12 4D 8C 66 B2 5D,speed=84.00
1779095873.262,0x200,8,4E 64 77 AE CF F0 09 9D,fuel=100.00
1779095873.362,0x300,8,41 CC AE E7 83 BB 4E B9,temp=105.00
1779095873.437,0x100,8,54 B2 B5 6D 5C 3C C9 F6,speed=84.00
1779095873.527,0x200,8,5C 64 AC AD 77 88 2A 38,fuel=100.00
1779095873.628,0x300,8,41 C5 E1 3F C0 C5 82 BA,temp=105.00
1779095873.726,0x100,8,54 B6 C4 C8 73 6F 40 75,speed=84.00
1779095873.785,0x200,8,D0 64 82 47 68 4A 21 46,fuel=100.00
1779095873.945,0x300,8,41 A5 0C 27 B5 A3 5E BD,temp=105.00
1779095874.062,0x100,8,54 69 FA D1 DD 4D 3D 3C,speed=84.00
1779095874.250,0x200,8,C0 64 53 3A AF 01 80 ED,fuel=100.00
1779095874.367,0x300,8,41 B4 8D 8B 75 08 9E 5F,temp=105.00
1779095874.492,0x100,8,54 C0 F2 C5 CE 60 EC B7,speed=84.00
1779095874.623,0x200,8,9F 64 CA 03 D0 46 96 50,fuel=100.00
1779095874.737,0x300,8,41 65 D3 9C 20 86 8F 00,temp=105.00
1779095874.866,0x100,8,54 05 D8 4B BB 70 B9 D1,speed=84.00
1779095874.970,0x200,8,A0 64 D3 33 DF 61 F4 7C,fuel=100.00
1779095875.010,0x300,8,41 55 2F 1F 12 44 FE 74,temp=105.00
1779095875.254,0x100,8,54 7C 1C E3 B1 EC 9C 7D,speed=84.00
1779095875.354,0x200,8,9A 64 21 24 48 61 42 EB,fuel=100.00
1779095875.474,0x300,8,41 DA D5 91 92 5D 8F 0E,temp=105.00
1779095875.608,0x100,8,54 E3 76 CF A9 47 02 88,speed=84.00
1779095875.687,0x200,8,9D 64 12 C6 45 CA 14 8B,fuel=100.00
1779095875.877,0x300,8,41 DE D9 8F AC E8 34 EB,temp=105.00
1779095876.004,0x100,8,54 85 E4 64 13 42 B0 4F,speed=84.00
1779095876.080,0x200,8,86 64 9D 49 EC 61 1E 0D,fuel=100.00
1779095876.149,0x300,8,41 C5 BD E9 38 A8 4D 35,temp=105.00
1779095876.280,0x100,8,54 04 00 C3 25 B2 70 77,speed=84.00
1779095876.498,0x200,8,D0 64 7B 5F 4C 5A F5 F2,fuel=100.00
1779095876.536,0x300,8,41 9B BE A1 18 8D 95 28,temp=105.00
1779095876.627,0x100,8,54 DB BC C3 41 DF 1B 37,speed=84.00
1779095876.764,0x200,8,7C 64 70 13 2A AF EA B8,fuel=100.00
1779095876.817,0x300,8,41 98 D3 90 0E C7 20 79,temp=105.00
1779095876.974,0x100,8,54 BD 60 51 E1 CB 3F 52,speed=84.00
1779095877.019,0x200,8,F9 64 72 EA 5E 9E 78 5D,fuel=100.00
1779095877.095,0x300,8,41 AA E1 CA 5F 8D FC 63,temp=105.00
1779095877.202,0x100,8,54 8D B9 66 42 53 0C 06,speed=84.00
1779095877.323,0x200,8,0E 64 A5 12 10 5A 0D 2D,fuel=100.00
1779095877.382,0x300,8,41 42 DA A3 B4 27 31 36,temp=105.00
1779095877.496,0x100,8,54 29 87 27 75 F3 D6 F5,speed=84.00
1779095877.614,0x200,8,1C 64 62 5C 3E 47 62 D3,fuel=100.00
1779095877.673,0x300,8,41 56 46 45 6E CB 23 29,temp=105.00
1779095877.777,0x100,8,54 58 CF 62 49 88 B5 ED,speed=84.00
1779095877.877,0x200,8,88 64 49 07 D3 B2 61 AE,fuel=100.00
1779095878.015,0x300,8,41 A3 BF 3C ED E9 4F E8,temp=105.00
1779095878.062,0x100,8,54 5C FF 7E 72 06 44 37,speed=84.00
1779095878.173,0x200,8,EB 64 DE 1B 09 4F 49 13,fuel=100.00
1779095878.225,0x300,8,41 BD CA 37 AE 5A FE AE,temp=105.00
1779095878.330,0x100,8,54 A7 72 3E 76 82 68 70,speed=84.00
1779095878.471,0x200,8,29 64 94 AD AE 74 04 CE,fuel=100.00
1779095878.535,0x300,8,41 22 A4 77 46 18 D1 D8,temp=105.00
1779095878.617,0x100,8,54 CC A9 A5 4F 47 A8 42,speed=84.00
1779095878.727,0x200,8,31 64 0D 23 0E 9E 6C 8D,fuel=100.00
1779095878.823,0x300,8,41 A3 15 36 3F C0 16 A9,temp=105.00
1779095878.904,0x100,8,54 5A 11 FD 35 13 19 EA,speed=84.00
1779095879.022,0x200,8,C5 64 CE 98 65 EA B0 22,fuel=100.00
1779095879.086,0x300,8,41 64 CA 6D 73 57 49 6A,temp=105.00
1779095879.186,0x100,8,54 53 76 B5 01 68 EB 65,speed=84.00
1779095879.285,0x200,8,7B 64 19 C2 F1 27 C3 BF,fuel=100.00
1779095879.384,0x300,8,41 31 02 80 17 72 77 A6,temp=105.00
1779095879.463,0x100,8,54 0F 9D ED 77 4A 51 1D,speed=84.00
1779095879.575,0x200,8,3C 64 62 2A EB 8F 08 B4,fuel=100.00
1779095879.656,0x300,8,41 8E AF C1 D0 B5 82 AA,temp=105.00
1779095879.743,0x100,8,54 8D 62 B9 52 9F 68 21,speed=84.00
1779095879.852,0x200,8,FB 64 EC D2 BE BF 5E EF,fuel=100.00
1779095879.930,0x300,8,41 7B A8 CA 1C 15 D0 93,temp=105.00
1779095880.047,0x100,8,54 11 83 40 6E B4 A9 D1,speed=84.00
1779095880.107,0x200,8,7F 64 0F E1 2C 6C D5 FF,fuel=100.00
1779095880.226,0x300,8,41 D4 54 59 08 A4 4D 1F,temp=105.00
1779095880.350,0x100,8,54 A7 01 3D 47 40 3C B4,speed=84.00
1779095880.388,0x200,8,12 64 B6 4C C1 E3 AA 42,fuel=100.00
1779095880.490,0x300,8,41 CF 6C B1 96 C1 1A 5C,temp=105.00
1779095880.579,0x100,8,54 7C E3 DE 1E 23 B3 1E,speed=84.00
1779095880.685,0x200,8,9C 64 CD F9 28 E9 09 63,fuel=100.00
1779095880.794,0x300,8,41 90 4C F5 8E F4 A2 FF,temp=105.00
1779095880.920,0x100,8,54 3D 03 9F 59 CC 29 F1,speed=84.00
1779095881.125,0x200,8,56 64 5C 59 20 21 9C D2,fuel=100.00
1779095881.212,0x300,8,41 BF A8 7B 6D 3D 6B B8,temp=105.00
1779095881.301,0x100,8,54 07 AC 7D 51 34 47 0E,speed=84.00
1779095881.520,0x200,8,6B 64 3D 75 43 C1 A4 C5,fuel=100.00
1779095881.611,0x300,8,41 09 FF D1 E5 33 D4 03,temp=105.00
1779095881.707,0x100,8,54 47 2E 51 94 E6 C4 C2,speed=84.00
1779095881.800,0x200,8,16 64 1F 2C BF 82 0A F2,fuel=100.00
1779095881.990,0x300,8,41 8D D1 40 B7 CC 72 AC,temp=105.00
1779095882.197,0x100,8,54 B1 87 F9 08 69 59 AB,speed=84.00
1779095882.273,0x200,8,26 64 64 9B 9F B9 13 40,fuel=100.00
1779095882.408,0x300,8,41 1B DC 00 24 8B FA AA,temp=105.00
1779095882.477,0x100,8,54 10 74 54 11 41 63 66,speed=84.00
1779095882.733,0x200,8,44 64 CE B8 A6 77 A7 7B,fuel=100.00
1779095882.829,0x300,8,41 08 4C BF AA 54 D4 A1,temp=105.00
1779095882.937,0x100,8,54 9A 31 4A 4E 2D A7 35,speed=84.00
1779095883.059,0x200,8,D1 64 6E 01 A7 E4 F7 E9,fuel=100.00
1779095883.174,0x300,8,41 A6 8A B0 0C 19 96 DA,temp=105.00
1779095883.269,0x100,8,54 52 08 A9 F8 41 77 69,speed=84.00
1779095883.419,0x200,8,26 64 2D F1 66 10 A9 3C,fuel=100.00
1779095883.559,0x300,8,41 7B 3F 4D F6 17 8F 6D,temp=105.00
1779095883.624,0x100,8,54 ED C3 06 80 C5 1B E6,speed=84.00
1779095883.675,0x200,8,CE 64 B9 C1 3F 18 4C 1A,fuel=100.00
1779095883.811,0x300,8,41 D6 B6 65 AD 23 54 D8,temp=105.00
1779095883.880,0x100,8,54 C2 AB 0C 49 DE AE 41,speed=84.00
1779095883.988,0x200,8,5A 64 0E F4 CD EC 51 7E,fuel=100.00
1779095884.060,0x300,8,41 A0 DB 4D EB 18 E9 AF,temp=105.00
1779095884.163,0x100,8,54 3A 99 44 E7 8D DC 5A,speed=84.00
1779095884.267,0x200,8,0D 64 D3 73 4A 00 7C 0A,fuel=100.00
1779095884.331,0x300,8,41 92 D0 DA 5D 7C C2 25,temp=105.00
1779095884.430,0x100,8,54 45 19 0B F7 B8 90 2A,speed=84.00
1779095884.512,0x200,8,D0 64 97 75 72 A4 24 B9,fuel=100.00
1779095884.614,0x300,8,41 42 6E 12 E1 F6 BE 2B,temp=105.00
1779095884.700,0x100,8,54 B5 18 58 65 99 0E AB,speed=84.00
1779095884.827,0x200,8,88 64 98 1D 82 42 89 12,fuel=100.00
1779095884.885,0x300,8,41 47 BA 53 8D 33 BF 24,temp=105.00
1779095885.000,0x100,8,54 72 67 73 08 12 11 FA,speed=84.00
1779095885.096,0x200,8,FB 64 17 D1 94 B6 6D 9F,fuel=100.00
1779095885.176,0x300,8,41 26 65 23 95 B5 0E 78,temp=105.00
1779095885.270,0x100,8,54 81 EF 7A 2B 4B 48 C4,speed=84.00
1779095885.366,0x200,8,4F 64 7C F1 C3 DD 29 5A,fuel=100.00
1779095885.461,0x300,8,41 B0 7C 07 A2 EF 42 EF,temp=105.00
1779095885.558,0x100,8,54 67 9F F4 8B 72 39 C1,speed=84.00
1779095885.649,0x200,8,E7 64 C7 49 E1 26 87 32,fuel=100.00
1779095885.761,0x300,8,41 E8 F2 6F 6E 99 3A 9A,temp=105.00
1779095885.841,0x100,8,54 A8 70 F1 49 68 06 19,speed=84.00
1779095885.930,0x200,8,E5 64 C1 4C E8 00 DC 36,fuel=100.00
1779095886.034,0x300,8,41 CA 54 25 02 C4 80 FD,temp=105.00
1779095886.113,0x100,8,54 C6 7A DE E1 66 B1 48,speed=84.00
1779095886.201,0x200,8,42 64 59 61 85 BD 50 E3,fuel=100.00
1779095886.334,0x300,8,41 9F 66 F9 62 A1 22 F8,temp=105.00
1779095886.392,0x100,8,54 12 83 FC 15 EC 05 25,speed=84.00
1779095886.503,0x200,8,36 64 74 FD 34 1A 84 B2,fuel=100.00
1779095886.623,0x300,8,41 A7 F3 9E CF 4E 3C D2,temp=105.00
1779095886.686,0x100,8,54 9A 01 10 48 F4 45 F7,speed=84.00
1779095886.818,0x200,8,97 64 93 F5 43 19 5D B0,fuel=100.00
1779095886.907,0x300,8,41 4B 0F 03 70 2D D5 07,temp=105.00
1779095886.996,0x100,8,54 06 F5 19 CE 31 F0 69,speed=84.00
1779095887.118,0x200,8,AB 64 E5 07 80 92 6B 8D,fuel=100.00
1779095887.166,0x300,8,41 31 7E AE 2C C1 DD F0,temp=105.00
1779095887.271,0x100,8,54 FE F7 9E 94 30 CD A5,speed=84.00
1779095887.355,0x200,8,58 64 A3 0C AB FD A2 86,fuel=100.00
1779095887.436,0x300,8,41 C9 A4 E2 EF 23 B0 FE,temp=105.00
1779095887.564,0x100,8,54 85 6B 4F C9 CB BB F1,speed=84.00
1779095887.619,0x200,8,13 64 FF 80 DE FA 02 7C,fuel=100.00
1779095887.746,0x300,8,41 3C 89 28 C5 6E 5A 22,temp=105.00
1779095887.847,0x100,8,54 19 11 59 35 20 17 CE,speed=84.00
1779095887.935,0x200,8,4F 64 7C A2 5F AA FE A6,fuel=100.00
1779095888.025,0x300,8,41 60 12 1E CB BA AA 97,temp=105.00
1779095888.105,0x100,8,54 53 CA BA 51 47 BC C7,speed=84.00
1779095888.187,0x200,8,33 64 6C 64 ED 72 FE D3,fuel=100.00
1779095888.321,0x300,8,41 D8 2C 8A CE 18 50 7D,temp=105.00
1779095888.370,0x100,8,54 FB 54 74 B0 D2 F7 A3,speed=84.00
1779095888.500,0x200,8,39 64 46 94 CD 8B 94 AC,fuel=100.00
1779095888.596,0x300,8,41 93 91 E6 18 97 D1 C2,temp=105.00
1779095888.651,0x100,8,54 87 E8 4A B0 34 77 6B,speed=84.00
1779095888.822,0x200,8,AC 64 EE 15 07 CB 68 EF,fuel=100.00
1779095888.878,0x300,8,41 11 C6 56 8D 3A 86 9D,temp=105.00
1779095888.953,0x100,8,54 40 B3 81 BD 81 F0 2A,speed=84.00
1779095889.029,0x200,8,96 64 DC B4 B2 4F FB 3F,fuel=100.00
1779095889.178,0x300,8,41 EC 07 29 89 98 BA 7A,temp=105.00
1779095889.253,0x100,8,54 04 13 77 95 EB 27 D1,speed=84.00
1779095889.315,0x200,8,7F 64 5D 75 3A 22 5C 4F,fuel=100.00
1779095889.400,0x300,8,41 AA 6F CE D9 0F 26 05,temp=105.00
1779095889.496,0x100,8,54 E3 16 07 B6 7F FB F4,speed=84.00
1779095889.592,0x200,8,7C 64 D4 FD FD 34 AA B0,fuel=100.00
1779095889.714,0x300,8,41 4A D7 2E 09 97 07 4E,temp=105.00
1779095889.783,0x100,8,54 9E C7 AC 9D 76 D7 48,speed=84.00
1779095889.926,0x200,8,D4 64 91 79 2A E9 D2 51,fuel=100.00
1779095889.969,0x300,8,41 1A 61 23 96 16 44 DE,temp=105.00
1779095890.070,0x100,8,54 82 EF 6E 02 72 25 C6,speed=84.00
1779095890.159,0x200,8,E9 64 85 1E 82 C7 EB 11,fuel=100.00
1779095890.257,0x300,8,41 64 7B 15 EC 33 D4 8F,temp=105.00
1779095890.362,0x100,8,54 72 3F 8F 94 66 46 B9,speed=84.00
1779095890.433,0x200,8,BD 64 A0 A6 B8 A8 F7 DE,fuel=100.00
1779095890.576,0x300,8,41 41 D2 33 28 9E 8B CE,temp=105.00
1779095890.618,0x100,8,54 7F 26 7E DB B3 BE 98,speed=84.00
1779095890.764,0x200,8,55 64 E8 7A DE 87 36 28,fuel=100.00
1779095890.848,0x300,8,41 1C A3 BC 65 BF E3 69,temp=105.00
1779095890.906,0x100,8,54 16 4F E4 22 7E E8 2D,speed=84.00
1779095891.007,0x200,8,49 64 2E 5C 9B 3D 76 DD,fuel=100.00
1779095891.092,0x300,8,41 0F 05 61 18 72 86 3C,temp=105.00
1779095891.187,0x100,8,54 D6 47 05 99 53 09 BE,speed=84.00
1779095891.310,0x200,8,42 64 9E 84 E8 2A 8E 9A,fuel=100.00
1779095891.392,0x300,8,41 A5 A8 C4 F7 A4 11 E7,temp=105.00
1779095891.480,0x100,8,54 51 04 1D C3 22 10 DA,speed=84.00
1779095891.559,0x200,8,83 64 5B 16 E0 5F A5 AC,fuel=100.00
1779095891.668,0x300,8,41 01 AD 26 C9 34 A6 20,temp=105.00
1779095891.774,0x100,8,54 BF FC 23 AD E5 F7 60,speed=84.00
1779095891.861,0x200,8,D0 64 6B 46 C7 C7 C6 63,fuel=100.00
1779095891.966,0x300,8,41 CA C0 EF AC 99 1C 97,temp=105.00
1779095892.093,0x100,8,54 76 E1 92 6B DC 20 63,speed=84.00
1779095892.136,0x200,8,97 64 D3 FD C2 21 5E 40,fuel=100.00
1779095892.257,0x300,8,41 67 25 48 5F F4 C1 56,temp=105.00
1779095892.360,0x100,8,54 33 8A F8 2F 9D 06 1C,speed=84.00
1779095892.469,0x200,8,DC 64 75 B2 E7 9F 28 6D,fuel=100.00
1779095892.555,0x300,8,41 39 A6 D1 A8 2E 5A 40,temp=105.00
1779095892.659,0x100,8,54 B9 E9 F5 98 9D EE C8,speed=84.00
1779095892.781,0x200,8,41 64 67 0D 9F AA 4A 58,fuel=100.00
1779095892.851,0x300,8,41 6E 3D 91 DA C5 4E FB,temp=105.00
1779095892.940,0x100,8,54 BD 48 80 07 A0 93 D6,speed=84.00
1779095893.187,0x200,8,CB 64 37 B3 15 C8 03 3E,fuel=100.00
1779095893.280,0x300,8,41 D3 79 60 D2 A9 F7 B4,temp=105.00
1779095893.361,0x100,8,54 42 96 FF 96 80 C0 75,speed=84.00
1779095893.521,0x200,8,C1 64 1B B5 57 ED 1C 3C,fuel=100.00
1779095893.591,0x300,8,41 5E B7 D7 DF AF CB F5,temp=105.00
1779095893.748,0x100,8,54 87 C1 76 26 A6 24 B9,speed=84.00
1779095893.894,0x200,8,DC 64 D9 9B CD F5 50 7E,fuel=100.00
1779095893.995,0x300,8,41 DB 74 25 A4 3F 9B D3,temp=105.00
1779095894.066,0x100,8,54 3B 65 76 67 F6 91 B9,speed=84.00
1779095894.248,0x200,8,E6 64 F6 13 01 5A E9 7F,fuel=100.00
1779095894.393,0x300,8,41 AB D7 A3 A9 57 0D 49,temp=105.00
1779095894.416,0x100,8,54 7C 25 0F 43 17 DF D1,speed=84.00
1779095894.612,0x200,8,69 64 B3 49 6C 98 DF 86,fuel=100.00
1779095894.751,0x300,8,41 38 90 10 D9 A8 4A 4A,temp=105.00
1779095894.913,0x100,8,54 69 9D 0D BE E3 0E D8,speed=84.00
1779095895.045,0x200,8,B3 64 A6 4A 99 BA 2B B8,fuel=100.00
1779095895.187,0x300,8,41 66 8D AA D1 B3 80 DE,temp=105.00
1779095895.329,0x100,8,54 8F 4A 07 D1 D2 35 C9,speed=84.00
1779095895.367,0x200,8,75 64 D5 07 D2 C3 1F 9A,fuel=100.00
1779095895.497,0x300,8,41 5C 17 59 F3 20 D2 21,temp=105.00
1779095895.643,0x100,8,54 ED 1E 6E 04 D5 AC D3,speed=84.00
1779095895.708,0x200,8,C9 64 79 1D 54 F2 47 A2,fuel=100.00
1779095895.784,0x300,8,41 4B 99 B0 95 54 C8 39,temp=105.00
1779095895.875,0x100,8,54 55 41 6A F5 D1 04 B7,speed=84.00
1779095895.983,0x200,8,A3 64 8A CB 99 F2 A1 57,fuel=100.00
1779095896.065,0x300,8,41 22 8E 91 9D 86 25 AF,temp=105.00
1779095896.278,0x100,8,54 95 33 60 6A 2D 66 06,speed=84.00
1779095896.410,0x200,8,67 64 DF 07 D6 88 20 15,fuel=100.00
1779095896.543,0x300,8,41 56 D4 54 A3 05 22 F7,temp=105.00
1779095896.696,0x100,8,54 2A 9B F5 54 62 6C A9,speed=84.00
1779095896.802,0x200,8,62 64 9F CA 77 1C 35 95,fuel=100.00
1779095896.962,0x300,8,41 79 E1 DD 1B 6F 4D 95,temp=105.00
1779095897.161,0x100,8,54 6E 6B 49 8A EB 5A 57,speed=84.00
1779095897.331,0x200,8,0F 64 E6 E7 04 9A 98 8C,fuel=100.00
1779095897.457,0x300,8,41 8D F1 8B 0C 01 2C 7A,temp=105.00
1779095897.493,0x100,8,54 CE 8D 77 70 C9 35 BD,speed=84.00
1779095897.648,0x200,8,28 64 79 A3 91 0D 76 56,fuel=100.00
1779095897.687,0x300,8,41 76 60 48 5D 31 61 01,temp=105.00
1779095897.815,0x100,8,54 08 9F B6 D9 9B 00 34,speed=84.00
1779095897.910,0x200,8,BC 64 EF D5 FB 6B C2 0A,fuel=100.00
1779095898.093,0x300,8,41 2C BC 9F FC 77 F0 54,temp=105.00
1779095898.226,0x100,8,54 92 1A E2 12 C4 8D 2E,speed=84.00
1779095898.311,0x200,8,4F 64 0F 0F 26 EF 2B 6C,fuel=100.00
1779095898.483,0x300,8,41 26 D6 AD 81 3A 83 D9,temp=105.00
1779095898.698,0x100,8,54 AD 38 F8 35 B1 A7 65,speed=84.00
1779095898.778,0x200,8,29 64 78 37 00 9F 51 53,fuel=100.00
1779095898.885,0x300,8,41 57 CA B8 27 90 C6 8D,temp=105.00
1779095898.988,0x100,8,54 AB 7A 1B E7 27 23 39,speed=84.00
1779095899.143,0x200,8,72 64 5E FA 4F 33 76 26,fuel=100.00
1779095899.166,0x300,8,41 64 12 E7 FA 43 AD 5B,temp=105.00
1779095899.252,0x100,8,54 D6 39 16 E7 61 A5 C8,speed=84.00
1779095899.384,0x200,8,EF 64 2E 86 F1 57 68 BE,fuel=100.00
1779095899.475,0x300,8,41 DE F1 E8 57 CA BD 5E,temp=105.00
1779095899.545,0x100,8,54 29 01 52 6C 22 D8 65,speed=84.00
1779095899.710,0x200,8,A6 64 FE A1 66 E3 1D 6D,fuel=100.00
1779095899.783,0x300,8,41 1F B0 E6 16 A1 2A 7E,temp=105.00
1779095899.824,0x100,8,54 43 33 E3 B0 0B 41 61,speed=84.00
1779095899.926,0x200,8,79 64 FC 9D 57 3B 0F 4D,fuel=100.00
1779095900.008,0x300,8,41 40 8A C9 82 65 B3 73,temp=105.00
1779095900.117,0x100,8,54 B7 3F F8 04 D6 D3 DD,speed=84.00
1779095900.266,0x200,8,56 64 BC 05 AB DC F4 F1,fuel=100.00
1779095900.292,0x300,8,41 E3 45 D1 1D 77 23 B1,temp=105.00
1779095900.402,0x100,8,54 6E 47 D2 E1 2B 19 98,speed=84.00
1779095900.566,0x200,8,36 64 90 AF 8E EA 7A B7,fuel=100.00
1779095900.969,0x300,8,41 D1 02 3C A0 7E 50 B8,temp=105.00
1779095901.065,0x100,8,54 2B BC 1C 64 16 97 07,speed=84.00
1779095901.150,0x200,8,A3 64 D9 44 7B 00 88 6D,fuel=100.00
1779095901.314,0x300,8,41 7D 4D 6C DC BF D8 FA,temp=105.00
1779095901.410,0x100,8,54 5A E4 84 06 AF 2A 80,speed=84.00
1779095901.535,0x200,8,CA 64 93 83 B9 D5 03 FB,fuel=100.00
1779095901.627,0x300,8,41 41 6A 54 D5 2F 48 3B,temp=105.00
1779095901.777,0x100,8,54 A7 BE 41 84 C5 80 B6,speed=84.00
1779095901.879,0x200,8,AE 64 C8 B5 9F 19 DB CC,fuel=100.00
1779095902.079,0x300,8,41 4B 68 5F 36 23 2F 7F,temp=105.00
1779095902.248,0x100,8,54 77 BC ED 9B 0A F3 B3,speed=84.00
1779095902.371,0x200,8,75 64 74 EB 2D A3 A1 5F,fuel=100.00
1779095902.462,0x300,8,41 79 30 DA 41 40 84 0A,temp=105.00
1779095902.541,0x100,8,54 A0 FD EF 0B 2A 20 57,speed=84.00
1779095902.649,0x200,8,97 64 5F A3 80 F4 D8 0F,fuel=100.00
1779095902.727,0x300,8,41 4B B2 8D C3 33 9F B4,temp=105.00
1779095902.845,0x100,8,54 0C 69 B6 47 1E A4 5D,speed=84.00
1779095902.999,0x200,8,A1 64 3C AB DF 42 D0 80,fuel=100.00
1779095903.167,0x300,8,41 D6 24 CA 95 7D 34 32,temp=105.00
1779095903.207,0x100,8,54 2E 6E F6 06 ED CA 97,speed=84.00
1779095903.282,0x200,8,9B 64 19 29 5E 1F C5 37,fuel=100.00
1779095903.421,0x300,8,41 D6 41 44 FA E8 4A DF,temp=105.00
1779095903.479,0x100,8,54 2F 7E 49 F9 33 9B 7E,speed=84.00
1779095903.571,0x200,8,71 64 3C 94 1C B7 8C 56,fuel=100.00
1779095903.733,0x300,8,41 5F 88 8B D0 39 7C C2,temp=105.00
1779095903.783,0x100,8,54 D8 10 52 9E 36 2A ED,speed=84.00
1779095903.867,0x200,8,B8 64 E7 FE 62 A8 A5 19,fuel=100.00
1779095903.949,0x300,8,41 81 78 26 5D 92 24 A2,temp=105.00
1779095904.034,0x100,8,54 6E C0 62 08 6E 02 70,speed=84.00
1779095904.140,0x200,8,7A 64 99 B5 69 8C 03 08,fuel=100.00
1779095904.261,0x300,8,41 D2 FF 1D 9D 5E FA D2,temp=105.00
1779095904.311,0x100,8,54 1B 01 60 D9 56 AE 9B,speed=84.00
1779095904.418,0x200,8,59 64 04 C2 EA 06 37 2E,fuel=100.00
1779095904.541,0x300,8,41 8D 9B 90 CD F1 9E 62,temp=105.00
1779095904.609,0x100,8,54 B6 98 36 A0 6C 87 E2,speed=84.00
1779095904.776,0x200,8,88 64 AC 87 5D AF 63 D1,fuel=100.00
1779095904.875,0x300,8,41 9A 73 CF 10 AB CC 65,temp=105.00
1779095904.982,0x100,8,54 63 F6 92 2F 36 40 46,speed=84.00
1779095905.090,0x200,8,65 64 49 25 E1 29 40 F6,fuel=100.00
1779095905.162,0x300,8,41 14 A5 FE D9 0E 22 DE,temp=105.00
1779095905.301,0x100,8,54 24 6C 6B D8 51 0E C5,speed=84.00
1779095905.344,0x200,8,3D 64 44 69 5A 6B 7B 5A,fuel=100.00
1779095905.456,0x300,8,41 F0 FE 55 F8 B9 83 C1,temp=105.00
1779095905.534,0x100,8,54 08 4E C1 77 24 BD E1,speed=84.00
1779095905.651,0x200,8,AA 64 63 62 1A 23 9E 1E,fuel=100.00
1779095905.719,0x300,8,41 CC 04 3E 4A CC C7 26,temp=105.00
1779095905.833,0x100,8,54 63 63 02 3E 3B 6B E1,speed=84.00
1779095905.920,0x200,8,BE 64 A2 FC AC 9A 47 E1,fuel=100.00
1779095906.041,0x300,8,41 EE 4A 80 55 7A 33 91,temp=105.00
1779095906.100,0x100,8,54 1F 77 49 A9 81 72 59,speed=84.00
1779095906.194,0x200,8,51 64 14 56 12 43 DD D9,fuel=100.00
1779095906.301,0x300,8,41 42 87 C0 2E F2 2D FB,temp=105.00
1779095906.396,0x100,8,54 39 85 F4 C0 F1 DD 04,speed=84.00
1779095906.472,0x200,8,46 64 53 EF 71 A6 AC 7D,fuel=100.00
1779095906.615,0x300,8,41 76 F5 A3 74 63 2C F5,temp=105.00
1779095906.700,0x100,8,54 9F 1C A2 1A B1 AD 22,speed=84.00
1779095906.785,0x200,8,52 64 20 F6 E1 57 CE 7D,fuel=100.00
1779095906.863,0x300,8,41 80 7A 37 E3 49 01 5B,temp=105.00
1779095906.980,0x100,8,54 0B F3 B2 39 B2 EA FD,speed=84.00
1779095907.093,0x200,8,3B 64 DC 46 E9 C3 C5 BD,fuel=100.00
1779095907.175,0x300,8,41 C6 CF 3E 62 2A 66 FD,temp=105.00
1779095907.255,0x100,8,54 3A 86 9E 04 29 A2 DD,speed=84.00
1779095907.357,0x200,8,04 64 6A E6 23 7B D2 21,fuel=100.00
1779095907.415,0x300,8,41 CC E3 41 FD 61 94 FB,temp=105.00
1779095907.498,0x100,8,54 D1 BA 70 1E 26 C7 F3,speed=84.00
1779095907.627,0x200,8,DF 64 CA B2 AD 3F E0 05,fuel=100.00
1779095907.723,0x300,8,41 33 33 5A 57 A5 5D AD,temp=105.00
1779095907.853,0x100,8,54 D6 43 23 F4 B4 87 9E,speed=84.00
1779095907.909,0x200,8,8C 64 8B E6 FA 9F BD 25,fuel=100.00
1779095907.968,0x300,8,41 40 B7 7B C0 C0 3C 7E,temp=105.00
1779095908.098,0x100,8,54 D4 D6 C1 F8 C5 12 42,speed=84.00
1779095908.167,0x200,8,16 64 4F 57 39 88 26 3F,fuel=100.00
1779095908.326,0x300,8,41 63 0B CD DD D9 2E 65,temp=105.00
1779095908.377,0x100,8,54 80 F2 F2 D0 F6 C5 4E,speed=84.00
1779095908.464,0x200,8,E9 64 30 FE F3 95 01 8B,fuel=100.00
1779095908.569,0x300,8,41 EE C9 73 7A 46 D3 33,temp=105.00
1779095908.632,0x100,8,54 4A E4 D6 8E BB 0A 0C,speed=84.00
1779095908.726,0x200,8,92 64 96 0C 60 F6 D4 04,fuel=100.00
1779095908.857,0x300,8,41 09 15 C6 41 20 0E 99,temp=105.00
1779095908.908,0x100,8,54 85 F8 C8 02 9F B7 E6,speed=84.00
1779095909.020,0x200,8,38 64 41 30 86 5E 21 47,fuel=100.00
1779095909.116,0x300,8,41 51 42 5F 8E CE B5 43,temp=105.00
1779095909.217,0x100,8,54 20 B3 2E 84 70 F7 24,speed=84.00
1779095909.341,0x200,8,43 64 30 98 9A 30 51 06,fuel=100.00
1779095909.386,0x300,8,41 0E 6E 81 BF 50 AC 66,temp=105.00
1779095909.497,0x100,8,54 06 6B 15 13 FD 1B 6A,speed=84.00
1779095909.599,0x200,8,6D 64 B6 26 98 C3 55 91,fuel=100.00
1779095909.653,0x300,8,41 45 26 07 B0 EF 40 1D,temp=105.00
1779095909.794,0x100,8,54 0D AB 90 0F 33 6A C1,speed=84.00
1779095909.856,0x200,8,65 64 D0 C6 41 26 4C 20,fuel=100.00
1779095910.019,0x300,8,41 AB 72 7B 71 3A 49 8B,temp=105.00
1779095910.048,0x100,8,54 C1 10 7C 23 DC 7B AE,speed=84.00
1779095910.144,0x200,8,92 64 AE 3C 40 45 BB 20,fuel=100.00
1779095910.227,0x300,8,41 5F D9 08 3A 5B 36 49,temp=105.00
1779095910.330,0x100,8,54 85 4A 67 73 5F 91 33,speed=84.00
1779095910.410,0x200,8,62 64 C7 61 D3 A3 A0 13,fuel=100.00
1779095910.507,0x300,8,41 CF E7 EA A4 B8 8B F5,temp=105.00
1779095910.593,0x100,8,54 88 A7 56 F6 A1 A5 C2,speed=84.00
1779095910.711,0x200,8,8D 64 AC CF 65 7B B8 17,fuel=100.00
1779095910.798,0x300,8,41 E4 F4 EA 99 2C D4 DD,temp=105.00
1779095910.903,0x100,8,54 17 29 83 A2 3C 0C B7,speed=84.00
1779095910.984,0x200,8,8D 64 BD A5 ED 9E 8E F1,fuel=100.00
1779095911.080,0x300,8,41 C5 96 58 FC B6 DA F7,temp=105.00
1779095911.162,0x100,8,54 FD D7 E3 A4 06 60 30,speed=84.00
1779095911.274,0x200,8,B2 64 3C D7 F3 F5 FE 7A,fuel=100.00
1779095911.350,0x300,8,41 9D C5 BF 55 24 B9 2C,temp=105.00
1779095911.460,0x100,8,54 39 E1 A9 D7 30 00 E2,speed=84.00
1779095911.536,0x200,8,98 64 4F AF 3B 0F 70 A8,fuel=100.00
1779095911.641,0x300,8,41 DF 74 C6 FC 6D B3 4B,temp=105.00
1779095911.716,0x100,8,54 B3 D9 7C 03 13 27 80,speed=84.00
1779095911.815,0x200,8,CD 64 D5 12 15 D7 D7 BF,fuel=100.00
1779095911.915,0x300,8,41 C7 EB AB C7 38 8B BD,temp=105.00
1779095912.041,0x100,8,54 44 F0 63 15 67 EE 53,speed=84.00
1779095912.092,0x200,8,42 64 2C 0B F8 D2 3D D6,fuel=100.00
1779095912.192,0x300,8,41 9A 49 12 E9 42 31 CC,temp=105.00
1779095912.283,0x100,8,54 19 AE 19 DF 66 B9 0D,speed=84.00
1779095912.376,0x200,8,79 64 BC 50 9A 8E 29 A9,fuel=100.00
1779095912.465,0x300,8,41 89 6B D4 EE 2F 21 05,temp=105.00
1779095912.592,0x100,8,54 C8 FE CC 8F E3 C1 28,speed=84.00
1779095912.696,0x200,8,92 64 DC 74 7A 11 D7 31,fuel=100.00
1779095912.757,0x300,8,41 46 A8 E2 93 92 CA C3,temp=105.00
1779095912.845,0x100,8,54 45 40 C9 14 8B B5 AF,speed=84.00
1779095912.951,0x200,8,5F 64 05 85 EC E3 36 11,fuel=100.00
1779095913.054,0x300,8,41 83 E4 F5 56 44 32 95,temp=105.00
1779095913.167,0x100,8,54 04 83 F7 B7 6A 1C 8A,speed=84.00
1779095913.228,0x200,8,15 64 A3 42 58 71 BE D7,fuel=100.00
1779095913.337,0x300,8,41 A8 E2 BA BD 8B 1B D3,temp=105.00
1779095913.443,0x100,8,54 B5 C0 DD D1 BE F8 40,speed=84.00
1779095913.516,0x200,8,33 64 1C 89 52 B1 D9 E1,fuel=100.00
1779095913.628,0x300,8,41 51 BB C2 64 4D 7D FC,temp=105.00
1779095913.720,0x100,8,54 84 5D 59 81 9C F3 8E,speed=84.00
1779095913.781,0x200,8,78 64 64 B6 9B DD 25 33,fuel=100.00
1779095913.923,0x300,8,41 7C 9C A7 ED 2E 70 70,temp=105.00
1779095913.976,0x100,8,54 1E 6E 6F 4E 0C CC 39,speed=84.00
1779095914.095,0x200,8,B9 64 AB 2F 86 AA 62 00,fuel=100.00
1779095914.170,0x300,8,41 46 04 4F 67 1D EC 9B,temp=105.00
1779095915.128,0x100,8,54 27 6D 46 4E A4 60 8F,speed=84.00
1779095915.236,0x200,8,C0 64 3B 27 F4 2B 51 22,fuel=100.00
1779095915.399,0x300,8,41 0D 84 C1 C4 FB 9C 59,temp=105.00
1779095915.485,0x100,8,54 D1 B0 3B C2 61 80 2E,speed=84.00
1779095915.537,0x200,8,B7 64 08 92 12 B2 B5 1B,fuel=100.00
1779095915.638,0x300,8,41 26 84 6A B0 38 BD 9D,temp=105.00
1779095915.876,0x100,8,54 BD 5D 93 6B 62 32 8C,speed=84.00
1779095916.003,0x200,8,75 64 79 2C 52 B3 CC 6C,fuel=100.00
1779095916.070,0x300,8,41 37 5C BA 5C 03 FE 69,temp=105.00
1779095916.283,0x100,8,54 B1 BB 38 38 D2 34 91,speed=84.00
1779095916.399,0x200,8,01 64 68 14 2B A7 86 4E,fuel=100.00
1779095916.451,0x300,8,41 AB 2A 75 0D 42 A3 7B,temp=105.00
1779095916.531,0x100,8,54 C8 89 99 9B B6 F8 56,speed=84.00
1779095916.656,0x200,8,85 64 B7 10 DE CC E0 69,fuel=100.00
1779095916.774,0x300,8,41 35 E8 DF 53 93 A3 8D,temp=105.00
1779095916.854,0x100,8,54 08 97 6A 31 F7 BD BD,speed=84.00
1779095916.941,0x200,8,C6 64 90 5F 0A F0 E8 90,fuel=100.00
1779095917.020,0x300,8,41 23 9D A6 85 4C DD 36,temp=105.00
1779095917.125,0x100,8,54 A7 21 27 BC 42 29 DB,speed=84.00
1779095917.259,0x200,8,5A 64 86 0A E5 5F CE 65,fuel=100.00
1779095917.326,0x300,8,41 55 F1 BA D7 9D 27 7E,temp=105.00
1779095917.395,0x100,8,54 2A 52 73 A9 B5 92 87,speed=84.00
1779095917.531,0x200,8,85 64 1F DE BC 52 16 5C,fuel=100.00
1779095917.592,0x300,8,41 D4 46 40 19 63 E6 F1,temp=105.00
1779095917.713,0x100,8,54 6C AE 85 0A AB B2 F6,speed=84.00
1779095917.773,0x200,8,E1 64 D3 45 EB 49 3B 4D,fuel=100.00
1779095917.895,0x300,8,41 A8 0B 2B 19 14 BD 53,temp=105.00
1779095917.966,0x100,8,54 7E 94 5C 37 44 EC C1,speed=84.00
1779095918.422,0x200,8,74 64 E7 D3 54 21 86 01,fuel=100.00
1779095918.562,0x300,8,41 F2 99 C0 D8 2B F7 D5,temp=105.00
1779095918.685,0x100,8,54 5C 16 EF 98 55 05 8E,speed=84.00
1779095918.854,0x200,8,0D 64 45 E6 6B 76 01 FA,fuel=100.00
1779095919.073,0x300,8,41 0C 44 55 8A 85 EC 69,temp=105.00
1779095919.163,0x100,8,54 6B A4 E6 A4 60 61 E3,speed=84.00
1779095919.281,0x200,8,4F 64 8E 78 4C 61 57 9E,fuel=100.00
1779095919.358,0x300,8,41 9F 4D 53 16 05 71 44,temp=105.00
1779095919.436,0x100,8,54 40 03 1C 8E 43 5A 7C,speed=84.00
1779095919.518,0x200,8,2B 64 CC E4 E3 5D 26 9B,fuel=100.00
1779095919.595,0x300,8,41 94 B7 58 58 EA DD F7,temp=105.00
1779095919.673,0x100,8,54 7C 1C F3 72 69 B1 49,speed=84.00
1779095919.822,0x200,8,AB 64 E7 89 61 AF D0 2F,fuel=100.00
1779095919.883,0x300,8,41 BE 6C 2E BA D7 7F 9B,temp=105.00
1779095919.971,0x100,8,54 99 2F 50 86 D9 EB A5,speed=84.00
1779095920.062,0x200,8,D1 64 A0 DC 5C 3A 83 01,fuel=100.00
1779095920.233,0x300,8,41 FE 6A F2 F7 C0 49 22,temp=105.00
1779095920.291,0x100,8,54 2C A1 6A 7E 69 75 8A,speed=84.00
1779095920.388,0x200,8,51 64 D1 83 D9 3B 99 2D,fuel=100.00
1779095920.453,0x300,8,41 23 0C DB 32 EE 4F 2C,temp=105.00
1779095920.573,0x100,8,54 09 4F 2A 7F 17 4A F4,speed=84.00
1779095920.639,0x200,8,4D 64 30 31 B7 03 A9 CA,fuel=100.00
1779095920.744,0x300,8,41 45 89 42 E2 09 F9 2D,temp=105.00
1779095920.812,0x100,8,54 D2 73 79 3E 8F 06 D7,speed=84.00
1779095920.979,0x200,8,0F 64 73 B7 16 BD 96 65,fuel=100.00
1779095921.066,0x300,8,41 C5 AF F3 6C 7D 59 25,temp=105.00
1779095921.176,0x100,8,54 C1 21 1A 4D 34 5E 4B,speed=84.00
1779095921.284,0x200,8,06 64 E5 88 41 BE EA F7,fuel=100.00
1779095921.575,0x300,8,41 D3 E1 5D 9C 0D 1F 5C,temp=105.00
1779095921.710,0x100,8,54 48 27 AC 9C DF 39 F4,speed=84.00
1779095921.814,0x200,8,8E 64 EB 86 AE 2B 12 92,fuel=100.00
1779095922.069,0x300,8,41 C1 ED E0 6E 98 4B 2C,temp=105.00
1779095922.158,0x100,8,54 8A 3B 50 CC 57 07 DA,speed=84.00
1779095922.254,0x200,8,B2 64 3C 09 FC BF C1 3D,fuel=100.00
1779095922.519,0x300,8,41 3A 18 F4 5C 35 0A C8,temp=105.00
1779095922.597,0x100,8,54 6F 70 E7 1E ED 69 E4,speed=84.00
1779095922.698,0x200,8,AB 64 7D 16 B9 E0 18 32,fuel=100.00
1779095922.816,0x300,8,41 E7 3A C7 89 3B 5E C6,temp=105.00
1779095922.892,0x100,8,54 B5 24 90 30 B7 5A 52,speed=84.00
1779095923.031,0x200,8,FA 64 84 AC 01 ED A3 F1,fuel=100.00
1779095923.154,0x300,8,41 3D 22 3A 1A 5D 0C B0,temp=105.00
1779095923.258,0x100,8,54 32 E2 1E 24 9D BE BF,speed=84.00
1779095923.466,0x200,8,70 64 8C A6 D7 1D 90 3C,fuel=100.00
1779095923.583,0x300,8,41 C8 F0 40 45 D9 A4 8B,temp=105.00
1779095923.807,0x100,8,54 20 CB 50 85 94 B1 C1,speed=84.00
1779095924.373,0x200,8,BF 64 62 5D 13 5F 09 22,fuel=100.00
1779095924.514,0x300,8,41 E9 CE B3 CC 0A 67 55,temp=105.00
1779095924.579,0x100,8,54 81 DD 3F 44 1F 04 03,speed=84.00
1779095924.721,0x200,8,46 64 E6 B3 4D D1 E5 91,fuel=100.00
1779095924.789,0x300,8,41 D5 17 D2 E6 71 41 3C,temp=105.00
1779095924.848,0x100,8,54 3A 9A 71 1A 0E 90 A3,speed=84.00
1779095924.966,0x200,8,72 64 6E B9 A9 6E CD 69,fuel=100.00
1779095925.099,0x300,8,41 4D E9 AC DD 19 1A 09,temp=105.00
1779095925.182,0x100,8,54 3D 4A 19 4A BD DB D4,speed=84.00
1779095925.269,0x200,8,BA 64 F3 C2 C2 1E 32 13,fuel=100.00
1779095926.473,0x300,8,41 AF 0C E5 89 84 81 8D,temp=105.00
1779095926.869,0x100,8,54 58 70 4D 55 3A D3 76,speed=84.00
1779095927.366,0x200,8,A3 64 82 D6 92 1A F9 0D,fuel=100.00
1779095927.680,0x300,8,41 D3 E4 58 CA 8F F9 61,temp=105.00
1779095927.760,0x100,8,54 92 E6 44 AA 46 07 D7,speed=84.00
1779095927.937,0x200,8,07 64 2A 93 B9 E2 AF 24,fuel=100.00
1779095929.584,0x300,8,41 87 54 47 38 82 0C 5D,temp=105.00
1779095929.663,0x100,8,54 7D 44 FD 30 C5 7A 03,speed=84.00
1779095929.799,0x200,8,8D 64 A5 83 20 4D 42 A1,fuel=100.00
1779095929.911,0x300,8,41 5D 29 08 0E ED 88 D8,temp=105.00
1779095930.117,0x100,8,54 44 E6 FA DD 0D 77 20,speed=84.00
1779095930.305,0x200,8,61 64 22 DE 38 F1 93 9A,fuel=100.00
1779095930.449,0x300,8,41 E5 34 37 20 9C 4F C9,temp=105.00
1779095930.550,0x100,8,54 5C 62 A6 7C 58 08 67,speed=84.00
1779095930.648,0x200,8,36 64 48 8E E0 1F D2 8E,fuel=100.00
1779095930.686,0x300,8,41 B8 C3 CA 3C 5C A6 E0,temp=105.00
1779095930.803,0x100,8,54 08 96 A9 F5 C3 6D 86,speed=84.00
1779095931.139,0x200,8,B6 64 0E D1 F8 0B 34 F2,fuel=100.00
1779095931.245,0x300,8,41 95 D9 D2 54 DD 24 3A,temp=105.00
1779095931.371,0x100,8,54 14 53 4D F3 66 0F 60,speed=84.00
1779095931.464,0x200,8,DD 64 46 BD 49 CC 5E 50,fuel=100.00
1779095931.654,0x300,8,41 EA 0B 77 89 9E 97 E7,temp=105.00
1779095931.803,0x100,8,54 AE 7A 9B 34 56 CC 0B,speed=84.00
1779095931.921,0x200,8,4D 64 B3 EF A5 6F E4 3F,fuel=100.00
1779095932.006,0x300,8,41 A2 35 83 C3 B2 5C D1,temp=105.00
1779095932.129,0x100,8,54 3F 9B F4 02 38 C6 D4,speed=84.00
1779095932.227,0x200,8,81 64 29 7F 76 D6 DC 3D,fuel=100.00
1779095932.371,0x300,8,41 9F 01 1D 03 86 24 F7,temp=105.00
1779095932.450,0x100,8,54 02 86 C2 DB E8 1E 9A,speed=84.00
1779095932.503,0x200,8,4D 64 72 DC FD 10 4B 1E,fuel=100.00
1779095932.699,0x300,8,41 FD 42 12 03 A5 AF 0D,temp=105.00
1779095932.964,0x100,8,54 F4 C1 BE A7 8E E3 F7,speed=84.00
1779095933.146,0x200,8,26 64 2B C5 B9 77 D1 33,fuel=100.00
1779095933.419,0x300,8,41 F7 24 04 7A B3 D6 63,temp=105.00
1779095933.583,0x100,8,54 5C A5 5B A3 3A 3D 24,speed=84.00
1779095933.628,0x200,8,B4 64 CB F1 D3 54 AA 07,fuel=100.00
1779095933.767,0x300,8,41 7E 61 34 C3 9D E9 AB,temp=105.00
1779095933.851,0x100,8,54 2B 6B 54 0C 42 AF D9,speed=84.00
1779095934.113,0x200,8,A3 64 B5 27 14 3B 4E A9,fuel=100.00
1779095934.236,0x300,8,41 BA 8F 91 23 95 56 00,temp=105.00
1779095934.316,0x100,8,54 D2 4E E3 00 DA 72 F0,speed=84.00
1779095934.430,0x200,8,05 64 E9 B0 2E AC 47 18,fuel=100.00
1779095934.456,0x300,8,41 1B A7 52 50 84 C9 92,temp=105.00
1779095934.783,0x100,8,54 C5 9C 72 D3 F2 BD F2,speed=84.00
1779095935.267,0x200,8,C1 64 7B 3A E3 CF D7 C4,fuel=100.00
1779095935.347,0x300,8,41 02 A3 37 22 24 03 39,temp=105.00
1779095935.637,0x100,8,54 7C F8 8E 80 DA 8D B9,speed=84.00
1779095936.052,0x200,8,9E 64 1A 78 59 FF 2C 90,fuel=100.00
1779095936.616,0x300,8,41 0A 04 60 DE 96 6C A5,temp=105.00
1779095936.759,0x100,8,54 72 EC 9F 39 75 41 9B,speed=84.00
1779095936.831,0x200,8,D8 64 28 9E 1D 81 57 E1,fuel=100.00
1779095936.927,0x300,8,41 29 67 99 49 5B E1 FA,temp=105.00
1779095937.011,0x100,8,54 9A 25 A1 82 FF 18 85,speed=84.00
1779095937.101,0x200,8,13 64 6C 26 8B 1B F9 A3,fuel=100.00
1779095937.253,0x300,8,41 CA 10 B1 31 C7 30 BD,temp=105.00
1779095937.348,0x100,8,54 56 B4 63 E7 AE 00 98,speed=84.00
1779095937.432,0x200,8,07 64 2B DC E5 B7 B0 72,fuel=100.00
1779095937.562,0x300,8,41 60 37 6D C9 71 EF B0,temp=105.00
1779095937.733,0x100,8,54 3B E1 5B A6 CE F5 7B,speed=84.00
1779095937.849,0x200,8,65 64 4D AA 6A F7 1B BD,fuel=100.00
1779095938.003,0x300,8,41 CB 14 0C 06 D7 92 A1,temp=105.00
1779095938.052,0x100,8,54 27 58 2C 53 B4 50 BC,speed=84.00
1779095938.143,0x200,8,BA 64 BF 7E F6 1F 9C 45,fuel=100.00
1779095938.231,0x300,8,41 C6 16 7C 19 18 87 85,temp=105.00
1779095938.309,0x100,8,54 38 54 09 F8 F5 FF 00,speed=84.00
1779095938.419,0x200,8,95 64 66 4A 4C ED 66 A7,fuel=100.00
1779095938.594,0x300,8,41 7C 5D 3A DF 2C 43 73,temp=105.00
1779095938.931,0x100,8,54 1D 88 EC B1 40 2E 5C,speed=84.00
1779095939.092,0x200,8,AB 64 2D AF EA AC 6D CA,fuel=100.00
1779095939.204,0x300,8,41 9A 00 B7 D7 FB 1B 42,temp=105.00
1779095939.461,0x100,8,54 23 6F 3F 3D 91 A6 F5,speed=84.00
1779095939.529,0x200,8,94 64 D7 56 A1 4C 8A 62,fuel=100.00
1779095939.628,0x300,8,41 22 5C 02 B4 BA BF AD,temp=105.00
1779095939.880,0x100,8,54 9D C7 A5 8C 45 0B EC,speed=84.00
1779095940.083,0x200,8,36 64 E7 EC 09 4B 96 D6,fuel=100.00
1779095940.344,0x300,8,41 61 4C 1E AC 6D DB 14,temp=105.00
1779095940.567,0x100,8,54 F0 8D 0A BB A9 4B 64,speed=84.00
1779095940.759,0x200,8,CB 64 E2 0D 3C 35 8C DB,fuel=100.00
1779095940.961,0x300,8,41 3A 3C 1D 2E F1 EE CB,temp=105.00
1779095941.032,0x100,8,54 80 73 F9 99 85 F2 E2,speed=84.00
1779095941.229,0x200,8,45 64 96 00 35 F6 4A DB,fuel=100.00
1779095941.539,0x300,8,41 BB DA 6A E0 75 3C 62,temp=105.00
1779095941.685,0x100,8,54 18 FF F5 11 BA 0B 0D,speed=84.00
1779095941.969,0x200,8,DA 64 31 8B 0A 44 10 AC,fuel=100.00
1779095942.087,0x300,8,41 E6 B8 5C DD 2E AC 61,temp=105.00
1779095942.499,0x100,8,54 D7 6A FC CA 98 11 92,speed=84.00
1779095942.562,0x200,8,A3 64 CB CB 99 9D 8E 40,fuel=100.00
1779095943.010,0x300,8,41 39 63 F3 33 30 04 D2,temp=105.00
1779095943.116,0x100,8,54 2F A0 5C B7 6A B4 A9,speed=84.00
1779095943.343,0x200,8,13 64 34 A7 B1 E2 F4 8B,fuel=100.00
1779095943.504,0x300,8,41 36 9E 81 16 C3 32 EC,temp=105.00
1779095943.647,0x100,8,54 78 0C 10 4E 4A 53 D7,speed=84.00
1779095943.731,0x200,8,D3 64 12 C7 F3 78 63 0D,fuel=100.00
1779095943.767,0x300,8,41 11 DD FE CD 96 CC E3,temp=105.00
1779095943.945,0x100,8,54 57 A0 8C 1E 4A B3 9C,speed=84.00
1779095944.015,0x200,8,60 64 19 0F 60 8E 62 F6,fuel=100.00
1779095944.282,0x300,8,41 47 77 14 A7 D5 90 6D,temp=105.00
1779095944.764,0x100,8,54 E9 20 79 F0 7C 85 A2,speed=84.00
1779095944.806,0x200,8,10 64 67 05 0B 19 11 F2,fuel=100.00
1779095945.006,0x300,8,41 A7 8E 49 C3 E6 78 4F,temp=105.00
1779095945.117,0x100,8,54 9F 07 B3 0B 57 24 76,speed=84.00
1779095945.309,0x200,8,B4 64 0A 60 73 A3 E5 77,fuel=100.00
1779095945.355,0x300,8,41 82 18 2B 09 80 68 8C,temp=105.00
1779095945.568,0x100,8,54 E0 07 27 D4 54 92 C7,speed=84.00
1779095945.669,0x200,8,04 64 97 62 95 4B 18 11,fuel=100.00
1779095945.964,0x300,8,41 62 5E 00 DC 6A FB D9,temp=105.00
1779095946.437,0x100,8,54 4B 6E 68 99 A0 C1 78,speed=84.00
1779095946.604,0x200,8,25 64 6C 03 6E C9 AA D0,fuel=100.00
1779095946.705,0x300,8,41 C5 03 9D 63 BF 12 74,temp=105.00
1779095946.917,0x100,8,54 55 AC 10 8E 3A 4E E3,speed=84.00
1779095946.965,0x200,8,AB 64 49 F5 7A 4C D9 36,fuel=100.00
1779095947.076,0x300,8,41 C0 6A 06 DB 06 11 2E,temp=105.00
1779095947.210,0x100,8,54 D5 8E 27 8B CD F0 24,speed=84.00
1779095947.322,0x200,8,AF 64 9F A0 46 BF F3 02,fuel=100.00
1779095947.431,0x300,8,41 C4 55 E2 1F 4C 69 A6,temp=105.00
1779095947.705,0x100,8,54 33 4F 2B E9 DE 4A 2E,speed=84.00
1779095947.827,0x200,8,AB 64 6A 9D DD 72 67 D8,fuel=100.00
1779095948.148,0x300,8,41 11 B4 84 9A F7 5E 07,temp=105.00
1779095948.215,0x100,8,54 99 85 BC 74 4C 6A CC,speed=84.00
1779095948.365,0x200,8,D8 64 9D 14 83 FE BD B6,fuel=100.00
1779095948.434,0x300,8,41 D5 6E 15 F4 B2 CE D5,temp=105.00
1779095948.545,0x100,8,54 FC C0 55 BF 93 DB 47,speed=84.00
1779095948.583,0x200,8,87 64 34 08 C5 63 DC EA,fuel=100.00
1779095948.688,0x300,8,41 58 68 5F 73 4D 85 EE,temp=105.00
1779095948.803,0x100,8,54 4B BB BF 8E 78 C1 75,speed=84.00
1779095948.898,0x200,8,FA 64 19 A3 EB 27 C3 41,fuel=100.00
1779095948.952,0x300,8,41 44 65 3A FC 5C B3 CB,temp=105.00
1779095949.084,0x100,8,54 54 56 4A A2 F4 B6 8B,speed=84.00
1779095949.217,0x200,8,DA 64 40 AE C4 46 88 82,fuel=100.00
1779095949.339,0x300,8,41 0C B1 2A 4A 44 28 13,temp=105.00
1779095949.479,0x100,8,54 E2 67 0E 9F 27 B3 17,speed=84.00
1779095949.514,0x200,8,DB 64 B2 DA 5C 45 E3 21,fuel=100.00
1779095949.604,0x300,8,41 BB 74 97 71 4A 7D 47,temp=105.00
1779095949.700,0x100,8,54 ED F5 7B 7A 8F AD 6E,speed=84.00
1779095949.803,0x200,8,79 64 BA B3 70 BA CB 22,fuel=100.00
1779095950.060,0x300,8,41 24 85 A9 6E 6A 14 F5,temp=105.00
1779095950.207,0x100,8,54 B5 A4 05 57 E4 A7 7F,speed=84.00
1779095950.275,0x200,8,DE 64 61 C6 5A F1 45 62,fuel=100.00
1779095950.394,0x300,8,41 BB 55 A9 66 A4 CF 08,temp=105.00
1779095950.478,0x100,8,54 DF 54 47 46 50 53 F1,speed=84.00
1779095950.633,0x200,8,07 64 DB F0 59 E9 2D 2A,fuel=100.00
1779095950.705,0x300,8,41 17 5E 09 5A A1 11 EE,temp=105.00
1779095950.756,0x100,8,54 BC B4 86 FD 85 C5 C2,speed=84.00
1779095950.897,0x200,8,16 64 CC 76 B5 41 16 5A,fuel=100.00
1779095951.089,0x300,8,41 F8 4B 28 45 CE E5 D7,temp=105.00
1779095951.187,0x100,8,54 87 32 AC 4D 1B 2A 69,speed=84.00
1779095951.256,0x200,8,FA 64 89 FD A3 54 CC 2E,fuel=100.00
1779095951.305,0x300,8,41 86 88 B9 D0 DE 9D E5,temp=105.00
1779095951.403,0x100,8,54 78 EE 86 04 7D B4 04,speed=84.00
1779095951.556,0x200,8,62 64 1E 37 F3 30 F7 A9,fuel=100.00
1779095951.584,0x300,8,41 66 11 F6 E5 6C D9 99,temp=105.00
1779095951.901,0x100,8,54 BD 58 51 D5 E1 C0 8B,speed=84.00
1779095952.221,0x200,8,04 64 0D CD 64 09 E5 8E,fuel=100.00
1779095952.305,0x300,8,41 49 DF 9B 57 B4 A0 15,temp=105.00
1779095952.481,0x100,8,54 10 B1 BE DD BD 77 7A,speed=84.00
1779095952.834,0x200,8,CC 64 31 73 D2 0F 0B EA,fuel=100.00
1779095952.939,0x300,8,41 46 65 26 34 12 B9 92,temp=105.00
1779095953.039,0x100,8,54 56 CC CA 6E B5 BC 49,speed=84.00
1779095953.106,0x200,8,37 64 A8 34 15 14 05 20,fuel=100.00
1779095953.195,0x300,8,41 AC 8C 68 6F 41 2C 98,temp=105.00
1779095954.242,0x100,8,54 F3 1D BC DD E2 D0 EB,speed=84.00
1779095954.529,0x200,8,0F 64 21 94 13 46 AA 6C,fuel=100.00
1779095954.793,0x300,8,41 97 9D 2A 25 B5 F1 8D,temp=105.00
1779095954.903,0x100,8,54 CA A4 63 36 17 25 27,speed=84.00
1779095954.980,0x200,8,E3 64 31 51 47 86 4A BB,fuel=100.00
1779095955.142,0x300,8,41 EA 17 61 66 2D 10 E1,temp=105.00
1779095955.269,0x100,8,54 25 4E 16 14 AB BB BE,speed=84.00
1779095955.411,0x200,8,49 64 7B 91 AD 9C 5D B0,fuel=100.00
1779095955.582,0x300,8,41 26 42 30 35 98 20 34,temp=105.00
1779095956.443,0x100,8,54 2C 7F BE A1 D2 E8 4E,speed=84.00
1779095956.549,0x200,8,4D 64 74 8F F4 45 87 5D,fuel=100.00
1779095956.652,0x300,8,41 A8 C1 A6 D5 E6 DE EC,temp=105.00
1779095957.733,0x100,8,54 9E 19 75 D1 F7 04 43,speed=84.00
1779095957.799,0x200,8,63 64 20 40 C5 58 B2 85,fuel=100.00
1779095957.983,0x300,8,41 DC 3E 8A 99 0F A2 61,temp=105.00
1779095958.131,0x100,8,54 4A A8 DC 29 5F DF 8F,speed=84.00
1779095958.321,0x200,8,C7 64 B4 C3 21 14 86 FA,fuel=100.00
1779095958.429,0x300,8,41 9F 07 F8 A2 00 B0 7E,temp=105.00
1779095958.527,0x100,8,54 13 0C EF 5D 54 25 6B,speed=84.00
1779095958.677,0x200,8,A2 64 C0 09 D0 10 72 E2,fuel=100.00
1779095958.771,0x300,8,41 38 18 0D D0 A2 B2 43,temp=105.00
1779095958.835,0x100,8,54 8B 44 A9 82 D7 50 D6,speed=84.00
1779095958.967,0x200,8,62 64 EC A0 39 C1 6E 0A,fuel=100.00
1779095959.088,0x300,8,41 9C D8 01 CD D7 9E 29,temp=105.00
1779095959.295,0x100,8,54 E8 42 3C F2 03 BE F5,speed=84.00
1779095959.395,0x200,8,19 64 C0 C9 73 D2 1E 87,fuel=100.00
1779095959.561,0x300,8,41 E1 8D 53 EB A9 59 FD,temp=105.00
1779095960.436,0x100,8,54 45 C8 AE B2 84 AA 3E,speed=84.00
1779095960.671,0x200,8,BB 64 A8 30 3F 97 E2 1B,fuel=100.00
1779095960.709,0x300,8,41 E3 FA 8B 8D 25 B4 11,temp=105.00
1779095961.018,0x100,8,54 95 1A 0D 21 FE B5 76,speed=84.00
1779095961.066,0x200,8,56 64 1A EE BA 11 01 8A,fuel=100.00
1779095961.245,0x300,8,41 A5 0E 44 D9 BA 14 BB,temp=105.00
1779095961.439,0x100,8,54 0D CB F1 CF 72 B0 8B,speed=84.00
1779095961.815,0x200,8,67 64 3E A9 67 8B 6E A8,fuel=100.00
1779095962.070,0x300,8,41 A5 8A 23 62 B9 09 03,temp=105.00
1779095962.149,0x100,8,54 D5 6D DD 95 7E 3F E5,speed=84.00
1779095962.223,0x200,8,41 64 11 B4 EF 89 86 DE,fuel=100.00
1779095962.449,0x300,8,41 EE 2B BB 83 78 33 2A,temp=105.00
1779095962.631,0x100,8,54 63 E6 38 DF D6 C4 4B,speed=84.00
1779095962.726,0x200,8,AD 64 14 C1 09 7D 48 1A,fuel=100.00
1779095962.887,0x300,8,41 58 94 A8 08 3D 1F AB,temp=105.00
1779095962.961,0x100,8,54 B0 BB E3 0D 28 04 1A,speed=84.00
1779095963.042,0x200,8,47 64 3A C2 FA 9D AD 29,fuel=100.00
1779095963.179,0x300,8,41 FA 9F 70 4A D5 46 BB,temp=105.00
1779095963.320,0x100,8,54 79 D3 B7 EA DA 82 C1,speed=84.00
1779095963.609,0x200,8,87 64 A3 FB A7 B0 B3 50,fuel=100.00
1779095963.686,0x300,8,41 3F 31 F3 D6 85 45 90,temp=105.00
1779095963.783,0x100,8,54 6D 62 1A 7C 72 30 25,speed=84.00
1779095964.047,0x200,8,46 64 72 AA DB 14 A2 34,fuel=100.00
1779095964.177,0x300,8,41 F7 FF 0A 43 B2 F1 20,temp=105.00
1779095964.377,0x100,8,54 AE 52 A0 1C 54 A9 D2,speed=84.00
1779095964.633,0x200,8,6D 64 A3 1C A2 43 1F 7E,fuel=100.00
1779095964.711,0x300,8,41 FE EE 99 1E 49 58 16,temp=105.00
1779095964.756,0x100,8,54 65 43 6A 85 34 3E 1F,speed=84.00
1779095964.870,0x200,8,E9 64 0E 1C A6 AB 7C 7A,fuel=100.00
1779095964.949,0x300,8,41 8A 38 19 15 CF A5 6C,temp=105.00
1779095965.219,0x100,8,54 71 9B 8E 83 C4 7A 7F,speed=84.00
1779095966.056,0x200,8,68 64 92 1B 78 B6 A7 78,fuel=100.00
1779095966.144,0x300,8,41 CC E0 BF 84 59 67 DD,temp=105.00
1779095966.349,0x100,8,54 82 75 81 2D 3C CB E5,speed=84.00
1779095966.938,0x200,8,FD 64 D3 45 84 F5 0F 52,fuel=100.00
1779095967.150,0x300,8,41 7B DB 60 78 89 BB 90,temp=105.00
1779095967.547,0x100,8,54 C2 45 F4 B6 3C 05 FB,speed=84.00
1779095967.883,0x200,8,26 64 DA 50 2F C9 7D 18,fuel=100.00
1779095967.934,0x300,8,41 71 F4 A3 AC EB C8 86,temp=105.00
1779095968.296,0x100,8,54 E8 F4 69 A1 79 DF C0,speed=84.00
1779095969.943,0x200,8,2C 64 E2 C2 4A EA 9F 99,fuel=100.00
1779095971.316,0x300,8,41 DD B9 2C 74 75 12 09,temp=105.00
1779095975.967,0x100,8,54 74 A1 09 93 D3 27 5D,speed=84.00
1779095976.400,0x200,8,EB 64 74 19 9A A5 6F F6,fuel=100.00
1779095976.468,0x300,8,41 02 51 8D 79 34 91 18,temp=105.00
1779095976.565,0x100,8,54 A2 C9 3E 4B AA E4 F3,speed=84.00
1779095976.651,0x200,8,7B 64 1C DD EF BA 55 43,fuel=100.00
1779095976.714,0x300,8,41 F1 FE 82 9C DF 06 90,temp=105.00
1779095976.846,0x100,8,54 E6 17 C2 BB 68 41 33,speed=84.00
1779095976.970,0x200,8,A3 64 B0 50 E8 67 64 10,fuel=100.00
1779095977.004,0x300,8,41 4F 65 5C F1 FA F0 78,temp=105.00
1779095977.166,0x100,8,54 18 AE 84 69 C7 E3 E3,speed=84.00
1779095977.212,0x200,8,C9 64 59 FE C1 63 4E 4C,fuel=100.00
1779095977.271,0x300,8,41 0F B3 86 EC 41 C6 F2,temp=105.00
1779095977.382,0x100,8,54 67 F1 BD 05 3E 0E D1,speed=84.00
1779095977.454,0x200,8,16 64 E1 58 4B 82 84 D2,fuel=100.00
1779095977.548,0x300,8,41 3C F7 30 0D 3F F4 86,temp=105.00
1779095977.656,0x100,8,54 F0 48 4E C0 71 DA 63,speed=84.00
1779095977.756,0x200,8,2F 64 2A 33 3E D3 EE 4D,fuel=100.00
1779095977.825,0x300,8,41 67 FC A9 AB C2 85 EB,temp=105.00
1779095977.959,0x100,8,54 FD 54 5B 83 C9 0B DB,speed=84.00
1779095978.029,0x200,8,D5 64 47 A5 21 9A F7 51,fuel=100.00
1779095978.135,0x300,8,41 E5 B6 59 6C 42 76 96,temp=105.00
1779095978.210,0x100,8,54 F2 5D FF 03 E6 E6 60,speed=84.00
1779095978.289,0x200,8,DB 64 69 F8 49 A0 52 8A,fuel=100.00
1779095978.395,0x300,8,41 B1 0E 20 05 37 0F 57,temp=105.00
1779095978.500,0x100,8,54 26 FA 20 C8 BB 33 84,speed=84.00
1779095978.580,0x200,8,BC 64 8F 75 69 1B 84 12,fuel=100.00
1779095978.680,0x300,8,41 63 51 15 A7 EA 1A 46,temp=105.00
1779095978.776,0x100,8,54 BD 45 76 77 69 B7 71,speed=84.00
1779095978.906,0x200,8,55 64 D7 2E 81 FA 46 55,fuel=100.00
1779095978.961,0x300,8,41 18 39 72 5E 21 62 11,temp=105.00
1779095979.065,0x100,8,54 4C 98 D1 F0 11 51 97,speed=84.00
1779095979.182,0x200,8,BC 64 D4 3F 42 55 FB ED,fuel=100.00
1779095979.314,0x300,8,41 9A B3 97 29 32 8E BD,temp=105.00
1779095979.338,0x100,8,54 C0 C3 3D 3A 57 79 FC,speed=84.00
1779095979.777,0x200,8,59 64 00 EE 02 7E 24 46,fuel=100.00
1779095979.810,0x300,8,41 FE 83 A3 84 95 91 07,temp=105.00
1779095980.048,0x100,8,54 CA 06 F2 FF 26 59 56,speed=84.00
1779095980.290,0x200,8,0D 64 16 1A C1 7B AC D4,fuel=100.00
1779095982.854,0x300,8,41 85 FA F8 37 3E B7 C4,temp=105.00
1779095984.284,0x100,8,54 20 05 FB 36 66 31 81,speed=84.00
1779095984.390,0x200,8,57 64 DD FA 11 67 0C 71,fuel=100.00
1779095984.443,0x300,8,41 EF 19 9C 29 64 A1 AD,temp=105.00
1779095984.503,0x100,8,54 61 7D F7 0E 1E AE D1,speed=84.00
1779095984.670,0x200,8,43 64 7F 7F F7 3F 15 15,fuel=100.00
1779095984.704,0x300,8,41 E8 B4 F7 3A EF 65 06,temp=105.00
1779095984.822,0x100,8,54 22 38 13 02 66 86 EF,speed=84.00
1779095984.881,0x200,8,55 64 F5 53 DF 4A 8A 68,fuel=100.00
1779095985.009,0x300,8,41 0A 1D 40 80 5A 1F 6C,temp=105.00
1779095985.088,0x100,8,54 E4 99 A6 6E 6C AB 23,speed=84.00
1779095985.182,0x200,8,3D 64 F2 C6 58 C8 8A 7B,fuel=100.00
1779095985.247,0x300,8,41 D7 79 C3 57 05 0E AA,temp=105.00
1779095985.417,0x100,8,54 91 43 4E C4 9D 0E 21,speed=84.00
1779095985.451,0x200,8,5E 64 F1 53 CC 65 CF 99,fuel=100.00
1779095985.546,0x300,8,41 6A D6 78 2C 8B 3A 71,temp=105.00
1779095985.681,0x100,8,54 EF D3 94 8C 53 84 F0,speed=84.00
1779095985.736,0x200,8,48 64 0A E7 F2 01 26 3B,fuel=100.00
1779095985.851,0x300,8,41 15 94 E3 D0 18 C0 D2,temp=105.00
1779095985.919,0x100,8,54 88 34 A7 9A CC 50 90,speed=84.00
1779095986.051,0x200,8,D8 64 34 E7 37 53 4C F3,fuel=100.00
1779095986.095,0x300,8,41 7B 77 67 8C 19 D5 4F,temp=105.00
1779095986.189,0x100,8,54 2E 1E 29 54 A9 74 70,speed=84.00
1779095986.274,0x200,8,31 64 2A 98 0A 52 2B C2,fuel=100.00
1779095986.380,0x300,8,41 85 8B AE 80 92 06 B2,temp=105.00
1779095986.480,0x100,8,54 5B A2 02 4B F7 C1 40,speed=84.00
1779095986.579,0x200,8,11 64 2E DB 1B E7 DB 9F,fuel=100.00
1779095986.668,0x300,8,41 00 08 E5 D2 B0 E9 C7,temp=105.00
1779095986.778,0x100,8,54 28 5C 9F 6E 02 F0 2F,speed=84.00
1779095986.859,0x200,8,22 64 1C 25 1F 82 63 0D,fuel=100.00
1779095986.966,0x300,8,41 B2 4F 44 76 7C BD 43,temp=105.00
1779095987.095,0x100,8,54 6F DE F9 D6 33 45 FE,speed=84.00
1779095987.127,0x200,8,09 64 D4 24 49 67 53 86,fuel=100.00
1779095987.231,0x300,8,41 91 00 26 34 2E 35 46,temp=105.00
1779095987.350,0x100,8,54 5A CB D0 8F BE 7E B3,speed=84.00
1779095987.432,0x200,8,2F 64 D9 84 6F 7F 47 34,fuel=100.00
1779095987.544,0x300,8,41 29 05 2F 5D 5E 1E 14,temp=105.00
1779095988.394,0x100,8,54 1E 2F AB E3 29 46 08,speed=84.00
1779095988.466,0x200,8,F3 64 01 8B 1D A1 B9 BE,fuel=100.00
1779095988.588,0x300,8,41 65 46 CE 50 6C D4 B6,temp=105.00
1779095988.764,0x100,8,54 12 13 B0 A0 93 0C 10,speed=84.00
1779095988.814,0x200,8,9B 64 94 27 3D 48 D2 4D,fuel=100.00
1779095989.077,0x300,8,41 94 46 A5 76 6A E3 2B,temp=105.00
1779095989.188,0x100,8,54 1A 81 3F 88 FF CD 69,speed=84.00
1779095989.278,0x200,8,07 64 3D 38 32 F7 82 6C,fuel=100.00
1779095989.388,0x300,8,41 97 DD 7C B3 62 3B 8E,temp=105.00
1779095989.514,0x100,8,54 15 C1 6C 46 82 2E 0A,speed=84.00
1779095989.578,0x200,8,FA 64 19 8D 64 55 7A 72,fuel=100.00
1779095989.930,0x300,8,41 F4 68 23 21 6C A3 80,temp=105.00
1779095990.167,0x100,8,54 A3 DE A8 D9 3A AF 11,speed=84.00
1779095990.256,0x200,8,83 64 39 5C 74 79 8D 5D,fuel=100.00
1779095990.323,0x300,8,41 D6 75 4C 46 6F 9D 3D,temp=105.00
1779095990.462,0x100,8,54 83 80 29 26 68 F5 54,speed=84.00
1779095990.702,0x200,8,58 64 96 42 96 57 8A 35,fuel=100.00
1779095991.127,0x300,8,41 68 47 F0 FF F2 BB 19,temp=105.00
1779095991.179,0x100,8,54 90 39 15 D0 9E F1 BB,speed=84.00
1779095991.411,0x200,8,C9 64 2C 96 95 83 04 7D,fuel=100.00
1779095991.636,0x300,8,41 C1 AF FD 11 06 6F C7,temp=105.00
1779095991.744,0x100,8,54 A0 0C 9D 5D A6 EB B7,speed=84.00
1779095991.871,0x200,8,F3 64 2F 9A B8 B2 BC 09,fuel=100.00
1779095992.012,0x300,8,41 68 51 D9 19 49 A0 CB,temp=105.00
1779095992.094,0x100,8,54 46 C2 87 48 83 16 07,speed=84.00
1779095992.254,0x200,8,FA 64 21 0B DA 06 88 A4,fuel=100.00
1779095992.320,0x300,8,41 60 74 3C F7 98 D9 D5,temp=105.00
1779095992.450,0x100,8,54 A1 47 A1 81 F8 82 DE,speed=84.00
1779095992.568,0x200,8,AD 64 61 25 A3 46 B9 68,fuel=100.00
1779095992.672,0x300,8,41 B4 FB 75 32 63 6F E5,temp=105.00
1779095992.880,0x100,8,54 F3 77 4E E5 5E 88 2B,speed=84.00
1779095993.047,0x200,8,3E 64 09 B6 6E BC 17 E8,fuel=100.00
1779095993.371,0x300,8,41 FE 98 C9 E7 96 61 04,temp=105.00
1779095994.502,0x100,8,54 BD EC 76 30 ED 11 A9,speed=84.00
1779095994.613,0x200,8,7D 64 1B 66 D6 EA A2 B8,fuel=100.00
1779095994.814,0x300,8,41 04 A9 60 F0 5B 0B AC,temp=105.00
1779095994.933,0x100,8,54 94 E9 FF AC 74 94 FA,speed=84.00
1779095995.145,0x200,8,DF 64 8A B0 33 DE 40 BB,fuel=100.00
1779095996.370,0x300,8,41 D8 C1 8C 3D 85 DA 71,temp=105.00
1779095996.462,0x100,8,54 59 8D 68 9C 31 38 A3,speed=84.00
1779095996.841,0x200,8,FC 64 79 48 4E 87 6A 6A,fuel=100.00
1779095996.947,0x300,8,41 D8 2F 96 6F E1 73 38,temp=105.00
1779095997.133,0x100,8,54 B5 FC 3F 92 97 A1 45,speed=84.00
1779095997.806,0x200,8,42 64 D8 BB 6C DC D3 6F,fuel=100.00
1779095997.831,0x300,8,41 B9 36 A0 12 5B 0B D4,temp=105.00
1779095997.930,0x100,8,54 69 98 C1 6C A6 0A F9,speed=84.00
1779095998.011,0x200,8,41 64 DE A0 D5 7B CA 6F,fuel=100.00
1779095998.176,0x300,8,41 89 EE 48 38 81 0A 33,temp=105.00
1779095998.283,0x100,8,54 F4 7D A6 5B F2 E9 45,speed=84.00
1779095998.362,0x200,8,C4 64 BF D2 B5 D4 D9 DC,fuel=100.00
1779095998.478,0x300,8,41 B8 D8 D3 26 13 53 15,temp=105.00
1779095998.587,0x100,8,54 F7 6D B0 A1 C2 89 81,speed=84.00
1779095998.700,0x200,8,7B 64 80 CC 55 B7 57 06,fuel=100.00
1779095998.837,0x300,8,41 01 59 95 6A 0D 5F A9,temp=105.00
1779095998.970,0x100,8,54 B0 BC 70 3B C8 6E F5,speed=84.00
1779095999.107,0x200,8,C8 64 A5 B2 BB 88 01 DB,fuel=100.00
1779095999.218,0x300,8,41 54 65 1D 0B 19 CD 35,temp=105.00
1779095999.375,0x100,8,54 9C EF DF 7C BF 4A 53,speed=84.00
1779095999.481,0x200,8,77 64 6B 56 99 1B 61 85,fuel=100.00
1779095999.663,0x300,8,41 0A 3C 64 1D 67 84 B4,temp=105.00
1779095999.709,0x100,8,54 1D E9 5F 7A A0 1D 63,speed=84.00
1779095999.787,0x200,8,6F 64 C3 95 62 88 9A E1,fuel=100.00
1779096000.016,0x300,8,41 7F 1F 7A B0 81 26 4D,temp=105.00
1779096000.152,0x100,8,54 99 AD F1 97 4D EF 5A,speed=84.00
1779096000.312,0x200,8,2D 64 02 67 B7 48 F7 2F,fuel=100.00
1779096000.517,0x300,8,41 F8 1A CA 5B 17 C7 3F,temp=105.00
1779096000.762,0x100,8,54 8A 3B 1C 2C 1E 56 0C,speed=84.00
1779096000.833,0x200,8,3C 64 88 38 9C E3 09 1C,fuel=100.00
1779096001.763,0x300,8,41 B0 D1 19 A2 44 F0 12,temp=105.00
1779096002.002,0x100,8,54 E6 9B 71 E6 40 9F 10,speed=84.00
1779096002.143,0x200,8,3D 64 AF EE 50 69 6F B8,fuel=100.00
1779096002.298,0x300,8,41 3D A2 A0 2B 29 6D A3,temp=105.00
1779096002.335,0x100,8,54 33 A9 52 8F 90 75 23,speed=84.00
1779096002.470,0x200,8,56 64 9B 8C 8E DD AB 9F,fuel=100.00
1779096002.583,0x300,8,41 DA 44 A9 92 38 4E 80,temp=105.00
1779096002.681,0x100,8,54 F1 5C E9 F7 97 7C 3C,speed=84.00
1779096002.771,0x200,8,93 64 B4 58 65 E6 4B 62,fuel=100.00
1779096002.906,0x300,8,41 A0 61 08 87 05 8D 3F,temp=105.00
1779096003.067,0x100,8,54 4C 43 E4 60 A4 E4 FB,speed=84.00
1779096003.273,0x200,8,7D 64 B2 87 1C 25 B2 74,fuel=100.00
1779096003.544,0x300,8,41 A6 43 EB C6 C5 87 2C,temp=105.00
1779096003.665,0x100,8,54 A0 17 DE C5 FC 02 B5,speed=84.00
1779096003.780,0x200,8,C5 64 E5 65 64 F7 F1 14,fuel=100.00
1779096003.923,0x300,8,41 96 31 09 E7 37 93 D1,temp=105.00
1779096004.188,0x100,8,54 9F 3C A7 4D D7 B4 08,speed=84.00
1779096004.287,0x200,8,3C 64 32 FB DE 2D 23 18,fuel=100.00
1779096004.401,0x300,8,41 68 A2 D8 51 4F 57 8D,temp=105.00
1779096004.558,0x100,8,54 C3 2A 58 74 F8 40 B8,speed=84.00
1779096004.590,0x200,8,1D 64 17 FA 56 2C D2 95,fuel=100.00
1779096004.700,0x300,8,41 FB 97 DB A8 01 AB 96,temp=105.00
1779096004.782,0x100,8,54 A5 B3 8D 87 A8 10 84,speed=84.00
1779096004.874,0x200,8,84 64 D1 BB 82 7B 6E 78,fuel=100.00
1779096004.977,0x300,8,41 21 EA F2 CD EE 87 BF,temp=105.00
1779096005.099,0x100,8,54 F9 1B B6 DF 4B EF CE,speed=84.00
1779096005.171,0x200,8,FD 64 55 35 89 79 76 3F,fuel=100.00
1779096005.260,0x300,8,41 15 A7 9B EB 3D E8 B9,temp=105.00
1779096005.344,0x100,8,54 9D 00 A8 CF AE 35 B3,speed=84.00
1779096005.436,0x200,8,89 64 C3 D8 4A A9 0A 0C,fuel=100.00
1779096005.530,0x300,8,41 88 B8 42 B4 DE DA 69,temp=105.00
1779096005.633,0x100,8,54 C9 6A E7 95 6C 9D 99,speed=84.00
1779096005.733,0x200,8,39 64 CA 81 B7 C7 49 92,fuel=100.00
1779096005.821,0x300,8,41 A1 43 FF B6 32 03 95,temp=105.00
1779096005.908,0x100,8,54 4E EF 78 D5 55 6D 9E,speed=84.00
1779096006.023,0x200,8,12 64 DA E8 9E 4C 1F 35,fuel=100.00
1779096006.119,0x300,8,41 2E F0 8A B9 44 61 61,temp=105.00
1779096006.215,0x100,8,54 89 74 99 46 C5 9A F7,speed=84.00
1779096006.296,0x200,8,9E 64 D2 5E 75 15 F8 8F,fuel=100.00
1779096006.419,0x300,8,41 87 57 E2 4B 37 A1 A8,temp=105.00
1779096006.528,0x100,8,54 65 9F 16 7F 35 D4 97,speed=84.00
1779096006.563,0x200,8,4A 64 09 BA 34 A2 C2 F9,fuel=100.00
1779096006.732,0x300,8,41 AA 4A A2 37 EF C0 85,temp=105.00
1779096006.756,0x100,8,54 55 75 D1 56 C5 F2 30,speed=84.00
1779096006.884,0x200,8,FB 64 97 C3 B4 05 9E 40,fuel=100.00
1779096006.971,0x300,8,41 07 50 61 F8 F0 4D 6B,temp=105.00
1779096007.097,0x100,8,54 92 E6 0E 91 38 11 6F,speed=84.00
1779096007.166,0x200,8,91 64 98 C6 44 5C 12 E6,fuel=100.00
1779096007.235,0x300,8,41 08 A8 FB C5 68 95 7B,temp=105.00
1779096007.326,0x100,8,54 16 3D B5 92 3E 30 AC,speed=84.00
1779096007.452,0x200,8,CC 64 0A 89 5B 52 BE C1,fuel=100.00
1779096007.524,0x300,8,41 60 EF 89 65 E8 B2 BB,temp=105.00
1779096007.645,0x100,8,54 21 18 A2 2B 5B 78 34,speed=84.00
1779096007.794,0x200,8,9C 64 B1 48 10 09 E6 FB,fuel=100.00
1779096007.892,0x300,8,41 EE EA C2 D4 0D 0F 70,temp=105.00
1779096007.987,0x100,8,54 42 0A 5F BE B1 95 0F,speed=84.00
1779096008.133,0x200,8,81 64 91 75 2A 6D 2F A4,fuel=100.00
1779096008.598,0x300,8,41 76 FC 7B CB 17 17 41,temp=105.00
1779096008.697,0x100,8,54 FB 78 EC 33 DE 98 82,speed=84.00
1779096008.887,0x200,8,47 64 63 63 2B B0 A4 79,fuel=100.00
1779096008.982,0x300,8,41 76 BC FA 9A 3C 04 76,temp=105.00
1779096009.027,0x100,8,54 C0 8B 5C CA F1 92 9B,speed=84.00
1779096009.114,0x200,8,A1 64 EF 0F A1 D0 41 90,fuel=100.00
1779096009.210,0x300,8,41 93 55 51 86 78 9E FF,temp=105.00
1779096009.396,0x100,8,54 F7 63 66 7C 83 C0 70,speed=84.00
1779096009.494,0x200,8,BA 64 CF 97 1E C7 08 2D,fuel=100.00
1779096010.429,0x300,8,41 C8 42 09 50 01 56 08,temp=105.00
1779096010.561,0x100,8,54 6C 23 B1 AC 15 42 88,speed=84.00
1779096010.656,0x200,8,97 64 B6 4C B2 7D DF A1,fuel=100.00
1779096010.718,0x300,8,41 3C 6D ED 78 64 77 F5,temp=105.00
1779096011.297,0x100,8,54 93 87 45 86 73 8B F1,speed=84.00
1779096011.402,0x200,8,9B 64 A9 A5 89 1D D7 7B,fuel=100.00
1779096011.918,0x300,8,41 6B FA 24 EC 34 A3 3D,temp=105.00
1779096012.124,0x100,8,54 8E BD AB A6 7C CF 58,speed=84.00
1779096013.517,0x200,8,8B 64 24 76 18 77 69 D4,fuel=100.00
1779096014.110,0x300,8,41 83 64 AC 29 2D 1C E0,temp=105.00
1779096014.244,0x100,8,54 A7 C4 E7 7B 35 9C E2,speed=84.00
1779096014.324,0x200,8,1D 64 17 37 6E 17 98 99,fuel=100.00
1779096014.427,0x300,8,41 BD A2 50 F5 21 7D 57,temp=105.00
1779096014.516,0x100,8,54 24 24 95 9C C6 9D 09,speed=84.00
1779096014.916,0x200,8,E9 64 E8 C6 0A D3 FF 36,fuel=100.00
1779096017.051,0x300,8,41 9E 43 0D 19 FC 79 B2,temp=105.00
1779096018.162,0x100,8,54 EF 31 21 94 24 A5 6A,speed=84.00
1779096018.299,0x200,8,F4 64 83 25 51 A2 0F 6B,fuel=100.00
1779096018.479,0x300,8,41 CE 5C 4B 9B 1D C2 9A,temp=105.00
1779096018.556,0x100,8,54 58 A4 78 FA 3C DB 5C,speed=84.00
1779096018.699,0x200,8,4C 64 B4 65 01 6A C5 3F,fuel=100.00
1779096018.743,0x300,8,41 30 ED CD AE 35 B3 C6,temp=105.00
1779096019.037,0x100,8,54 BA B1 BB E8 5B 1D 62,speed=84.00
1779096019.127,0x200,8,55 64 8A A9 EC CF A0 EC,fuel=100.00
1779096019.201,0x300,8,41 A6 FB D5 AF A0 BE 89,temp=105.00
1779096019.370,0x100,8,54 C5 D7 4F E3 A5 6B 46,speed=84.00
1779096019.433,0x200,8,BD 64 30 F3 EB 61 1A 57,fuel=100.00
1779096019.512,0x300,8,41 11 D2 B2 B8 1A C2 AE,temp=105.00
1779096019.582,0x100,8,54 41 8D C5 F8 72 3A 06,speed=84.00
1779096019.681,0x200,8,7B 64 95 B2 6C 44 B2 D0,fuel=100.00
1779096020.533,0x300,8,41 AF B8 73 1F 3F CE AD,temp=105.00
1779096020.627,0x100,8,54 D8 D5 F5 3A 21 85 27,speed=84.00
1779096020.730,0x200,8,4D 64 08 A0 83 02 87 D6,fuel=100.00
1779096020.823,0x300,8,40 2B 9A C9 AF 0F E5 6C,temp=104.00
1779096020.934,0x100,8,53 C3 8A E0 B3 77 E5 56,speed=83.00
1779096021.066,0x200,8,53 64 7F E3 67 01 DF F3,fuel=100.00
1779096021.184,0x300,8,40 CA 28 80 25 06 FB F0,temp=104.00
1779096021.346,0x100,8,53 81 22 C4 51 DB 7E 8C,speed=83.00
1779096021.431,0x200,8,2F 64 12 C7 1F 22 01 17,fuel=100.00
1779096021.531,0x300,8,40 41 AD 06 D4 DB ED 91,temp=104.00
1779096021.583,0x100,8,53 2B 58 FF 7A 9E 1A 15,speed=83.00
1779096021.716,0x200,8,49 64 D8 C2 59 B6 E2 1E,fuel=100.00
1779096021.916,0x300,8,40 85 B0 59 7D 36 DF 64,temp=104.00
1779096022.082,0x100,8,50 17 9D 76 B3 B5 08 40,speed=80.00
1779096022.189,0x200,8,EA 64 03 87 6A F8 92 0E,fuel=100.00
1779096022.307,0x300,8,3E 1B 1A 2D 0D 96 C4 A6,temp=102.00
1779096022.427,0x100,8,50 A5 0E 80 73 BE 1C 06,speed=80.00
1779096022.489,0x200,8,4C 64 11 4D 3A 01 E9 6D,fuel=100.00
1779096022.589,0x300,8,3E 2E 20 A2 67 FB 82 72,temp=102.00
1779096022.719,0x100,8,50 CC C5 2D 31 36 8F B9,speed=80.00
1779096022.805,0x200,8,83 64 69 CE 6A 2B 19 9C,fuel=100.00
1779096022.872,0x300,8,3B 5B 8D F4 EE 4E 2F 3D,temp=99.00
1779096022.962,0x100,8,4D 6E 5E 0E 39 48 92 DB,speed=77.00
1779096023.055,0x200,8,30 64 E3 A9 44 B3 1D 4C,fuel=100.00
1779096023.195,0x300,8,3B 68 94 70 FC F7 92 8D,temp=99.00
1779096023.247,0x100,8,4D 35 C2 AB 54 E6 B8 54,speed=77.00
1779096023.369,0x200,8,D2 64 C9 DD D2 C1 5C 8A,fuel=100.00
1779096023.464,0x300,8,3B D4 C0 9F AC 7B D7 80,temp=99.00
1779096023.565,0x100,8,4D 5E C3 1E 43 EC 16 29,speed=77.00
1779096023.659,0x200,8,90 64 E2 38 1B B4 F2 2D,fuel=100.00
1779096023.799,0x300,8,38 16 F8 AE 55 ED 74 37,temp=96.00
1779096023.840,0x100,8,49 A9 2D FF 50 5D 9B 4A,speed=73.00
1779096023.988,0x200,8,C8 64 75 F7 79 DE 40 C9,fuel=100.00
1779096024.031,0x300,8,38 47 5A 7B E4 0A 4F C7,temp=96.00
1779096024.187,0x100,8,49 DC E0 30 A1 13 D6 27,speed=73.00
1779096024.436,0x200,8,49 64 BC 63 D2 19 1F 99,fuel=100.00
1779096024.562,0x300,8,38 E9 46 24 A0 6E 9E 6B,temp=96.00
1779096024.593,0x100,8,49 81 1C 69 7C 28 7C 72,speed=73.00
1779096024.828,0x200,8,67 64 04 B7 EF 61 89 17,fuel=100.00
1779096025.043,0x300,8,39 17 EB 0F A8 26 46 94,temp=97.00
1779096025.345,0x100,8,4A AB 12 60 65 3E E2 67,speed=74.00
1779096025.506,0x200,8,F3 64 60 D5 CA EA A4 68,fuel=100.00
1779096025.581,0x300,8,39 6E 8D 8D E3 CE 6E 75,temp=97.00
1779096025.664,0x100,8,4A 23 F0 DA 63 78 E5 09,speed=74.00
1779096025.930,0x200,8,AD 64 4F 6E 17 BC 95 21,fuel=100.00
1779096026.071,0x300,8,38 99 88 6F 67 DB 48 9F,temp=96.00
1779096026.256,0x100,8,49 C1 F0 64 87 B4 99 E0,speed=73.00
1779096026.382,0x200,8,B3 64 E2 34 6C E6 78 D0,fuel=100.00
1779096026.602,0x300,8,38 2D 5B 26 DB EC BE B8,temp=96.00
1779096026.870,0x100,8,47 DB D8 92 51 91 29 2C,speed=71.00
1779096027.022,0x200,8,D1 64 3B 83 D8 1E 57 B3,fuel=100.00
1779096027.111,0x300,8,37 F7 D0 CB E3 5A 4C AB,temp=95.00
1779096027.316,0x100,8,47 7D D7 0B 0B 3A 40 7A,speed=71.00
1779096028.026,0x200,8,67 64 CF 4D CD 5A 8B CA,fuel=100.00
1779096028.093,0x300,8,35 F4 8B 6F A9 86 5F 30,temp=93.00
1779096028.681,0x100,8,44 CA 67 C0 0D 72 E4 E8,speed=68.00
1779096029.190,0x200,8,65 64 A5 48 01 DA 9B 71,fuel=100.00
