timestamp_s,can_id_hex,dlc,data_hex,signals_json
1779777606.344,0x100,8,00 5D E1 E3 05 3C E7 CC,speed=0.00
1779777606.398,0x200,8,35 64 B5 F0 2C EC 35 09,fuel=100.00
1779777606.490,0x300,8,02 46 57 D5 28 7C 38 5E,temp=42.00
1779777606.572,0x100,8,00 A0 9C E5 B5 53 F8 75,speed=0.00
1779777606.671,0x200,8,5E 64 59 A1 75 A3 80 B0,fuel=100.00
1779777606.760,0x300,8,02 B5 AA 4D E8 64 BE 3E,temp=42.00
1779777606.858,0x100,8,00 67 DC 70 AD C5 22 F1,speed=0.00
1779777606.949,0x200,8,EB 64 32 5A 73 49 C4 BE,fuel=100.00
1779777607.044,0x300,8,02 33 6E 80 B9 50 3C 29,temp=42.00
1779777607.134,0x100,8,00 C9 7D 8F 2C A0 AC 68,speed=0.00
1779777607.228,0x200,8,23 64 F7 14 54 76 5B 2D,fuel=100.00
1779777607.325,0x300,8,02 0C 80 22 D1 CD 6F 97,temp=42.00
1779777607.415,0x100,8,00 74 0E EC 61 0D 03 17,speed=0.00
1779777607.510,0x200,8,3A 64 7F F5 DB 47 53 38,fuel=100.00
1779777607.606,0x300,8,02 CC 62 73 44 D2 84 F7,temp=42.00
1779777607.700,0x100,8,00 2A DD 12 31 72 F5 40,speed=0.00
1779777607.796,0x200,8,7C 64 7E 07 24 77 82 03,fuel=100.00
1779777607.885,0x300,8,02 15 E0 96 70 2B ED 4D,temp=42.00
1779777607.980,0x100,8,00 5C B5 3D 47 E3 86 A0,speed=0.00
1779777608.079,0x200,8,A7 64 A2 84 53 5F AF 5C,fuel=100.00
1779777608.166,0x300,8,02 53 FD 8A D4 4C 6E 6E,temp=42.00
1779777608.266,0x100,8,00 ED 7A F3 0C DB 7B 70,speed=0.00
1779777608.359,0x200,8,F9 64 14 E6 A1 8F 35 D2,fuel=100.00
1779777608.452,0x300,8,02 1F 08 AD 80 D9 1C C5,temp=42.00
1779777608.541,0x100,8,00 D8 61 70 D9 D0 96 AA,speed=0.00
1779777608.635,0x200,8,19 64 75 E1 96 3A BB E2,fuel=100.00
1779777608.731,0x300,8,02 AF 5E 26 E8 36 F1 3A,temp=42.00
1779777608.827,0x100,8,00 DB 64 6B 08 E1 53 7D,speed=0.00
1779777608.923,0x200,8,61 64 A9 F6 C1 E7 55 0C,fuel=100.00
1779777609.015,0x300,8,02 B6 43 89 1F 2B E5 0C,temp=42.00
1779777609.104,0x100,8,00 7D E0 30 A1 BE 29 06,speed=0.00
1779777609.198,0x200,8,FD 64 D1 7C F1 10 C7 99,fuel=100.00
1779777609.290,0x300,8,02 DF EF 6F A1 51 F0 85,temp=42.00
1779777609.389,0x100,8,00 34 62 96 67 29 FD A2,speed=0.00
1779777609.617,0x200,8,63 64 9E 7D E8 D3 64 CA,fuel=100.00
1779777609.667,0x300,8,02 21 24 04 3F 9B CA F5,temp=42.00
1779777609.763,0x100,8,00 B7 02 59 53 91 C6 81,speed=0.00
1779777609.852,0x200,8,5F 64 AB 15 63 78 E0 12,fuel=100.00
1779777609.950,0x300,8,02 4A D9 52 AB 02 5A A4,temp=42.00
1779777610.050,0x100,8,00 25 BA C9 66 67 40 66,speed=0.00
1779777610.141,0x200,8,54 64 29 A2 72 9B CE 12,fuel=100.00
1779777610.235,0x300,8,02 C5 CB ED B6 1A 14 0D,temp=42.00
1779777610.333,0x100,8,00 8A 30 20 51 DC 82 EB,speed=0.00
1779777610.419,0x200,8,DE 64 BA A2 58 E1 AB EE,fuel=100.00
1779777610.524,0x300,8,02 88 10 18 E4 93 E9 2C,temp=42.00
1779777610.605,0x100,8,00 C7 A2 C6 D3 2E 15 A2,speed=0.00
1779777610.700,0x200,8,34 64 0D B3 DE 6F 21 F2,fuel=100.00
1779777610.801,0x300,8,02 4E A6 8A D8 C4 43 98,temp=42.00
1779777610.893,0x100,8,00 40 5F 61 07 CD EB 26,speed=0.00
1779777610.997,0x200,8,62 64 A5 67 E2 0F 11 87,fuel=100.00
1779777611.075,0x300,8,02 84 E3 39 63 D6 B5 38,temp=42.00
1779777611.179,0x100,8,00 57 9D D1 89 64 52 A2,speed=0.00
1779777611.278,0x200,8,14 64 F9 25 A8 27 79 6E,fuel=100.00
1779777611.377,0x300,8,02 53 AA 59 67 36 C9 BE,temp=42.00
1779777611.474,0x100,8,00 3F E7 2A DA 5A 5B 24,speed=0.00
1779777611.540,0x200,8,55 64 4A F6 EC 20 30 0F,fuel=100.00
1779777611.639,0x300,8,02 F7 4E 19 23 82 68 3D,temp=42.00
1779777611.754,0x100,8,00 5E 4C C4 4C C1 46 42,speed=0.00
1779777611.855,0x200,8,01 64 58 F8 BE 97 AF DB,fuel=100.00
1779777611.924,0x300,8,02 42 BB F8 F1 14 2F 50,temp=42.00
1779777612.018,0x100,8,00 4A 8F 54 03 8D B9 1C,speed=0.00
1779777612.117,0x200,8,65 64 18 9F 5F 49 CA 2F,fuel=100.00
1779777612.207,0x300,8,02 FE 7F F0 9E 44 AB C0,temp=42.00
1779777612.305,0x100,8,00 1E 16 CA AE 78 F9 63,speed=0.00
1779777612.388,0x200,8,20 64 48 C2 F8 D5 20 A5,fuel=100.00
1779777612.484,0x300,8,02 73 AE 3C 78 7C E4 A3,temp=42.00
1779777612.583,0x100,8,00 EE 55 F8 57 E4 E0 92,speed=0.00
1779777612.686,0x200,8,AF 64 23 AB 67 85 F6 50,fuel=100.00
1779777612.771,0x300,8,02 24 16 BA 4A EB FA 68,temp=42.00
1779777612.867,0x100,8,00 A1 F4 94 1D 4F 83 FA,speed=0.00
1779777612.952,0x200,8,64 64 05 18 77 F8 32 16,fuel=100.00
1779777613.056,0x300,8,02 E6 0A 1A 7B 86 AD E9,temp=42.00
1779777613.136,0x100,8,00 7D D3 6F 0F 9F 84 89,speed=0.00
1779777613.236,0x200,8,17 64 75 D1 2B 79 9A 84,fuel=100.00
1779777613.334,0x300,8,02 9A 24 5F 06 E4 1C 09,temp=42.00
1779777613.417,0x100,8,00 F4 88 5C A0 BD 1F 79,speed=0.00
1779777613.523,0x200,8,43 64 09 91 28 5F CC AF,fuel=100.00
1779777613.635,0x300,8,02 86 DE BB BC FE 7B E2,temp=42.00
1779777613.711,0x100,8,00 9D 1D 01 57 B3 B6 42,speed=0.00
1779777613.792,0x200,8,E6 64 4E B2 DA 33 B2 7F,fuel=100.00
1779777613.893,0x300,8,02 3D 3B 48 D5 EC 70 F6,temp=42.00
1779777613.985,0x100,8,00 6D 04 B8 72 97 78 53,speed=0.00
1779777614.084,0x200,8,AC 64 76 98 F9 13 1D AF,fuel=100.00
1779777614.181,0x300,8,02 93 1A 61 2A DA D3 0A,temp=42.00
1779777614.278,0x100,8,00 8A 2E 52 58 2B DB 31,speed=0.00
1779777614.368,0x200,8,43 64 23 CD E9 BD 14 8B,fuel=100.00
1779777614.450,0x300,8,02 87 EC 1B 4A DF 1C B0,temp=42.00
1779777614.559,0x100,8,00 6B A2 A2 00 26 92 31,speed=0.00
1779777614.648,0x200,8,B1 64 8E 50 A9 AC 1B 22,fuel=100.00
1779777614.746,0x300,8,02 5B E9 3A 2A 21 C3 1B,temp=42.00
1779777614.836,0x100,8,00 1D 2F 7A 8E 43 F0 11,speed=0.00
1779777614.926,0x200,8,C3 64 A0 D0 3C 5D BD 0B,fuel=100.00
1779777615.031,0x300,8,02 02 A1 20 37 29 22 58,temp=42.00
1779777615.118,0x100,8,00 EE 86 CC B2 F7 EE 18,speed=0.00
1779777615.223,0x200,8,A4 64 95 B9 E2 2F 47 94,fuel=100.00
1779777615.302,0x300,8,02 34 68 B2 E3 0C 4B C6,temp=42.00
1779777615.400,0x100,8,00 90 F0 EF E9 22 A4 CB,speed=0.00
1779777615.497,0x200,8,17 64 CC 8E 2B 70 46 28,fuel=100.00
1779777615.586,0x300,8,02 32 2C D3 1B 5B 7A CF,temp=42.00
1779777615.672,0x100,8,00 83 24 EF 46 02 04 60,speed=0.00
1779777615.768,0x200,8,EC 64 BD C9 EA D3 78 14,fuel=100.00
1779777615.875,0x300,8,02 3D 88 60 66 5D F6 EF,temp=42.00
1779777615.980,0x100,8,00 CD 04 EF C1 E4 79 96,speed=0.00
1779777616.053,0x200,8,13 64 CA 16 E2 F0 F3 0F,fuel=100.00
1779777616.142,0x300,8,02 AC 37 91 92 CD 64 B3,temp=42.00
1779777616.236,0x100,8,00 B3 F2 0E EF 45 73 FD,speed=0.00
1779777616.328,0x200,8,A9 64 E0 5D B0 09 B6 6C,fuel=100.00
1779777616.428,0x300,8,02 56 10 C8 6A 38 DA 35,temp=42.00
1779777616.514,0x100,8,00 55 EA 6B 82 41 BE 1A,speed=0.00
1779777616.607,0x200,8,4C 64 FF B8 1D E6 C6 F4,fuel=100.00
1779777616.714,0x300,8,02 56 A3 F7 8A 81 44 65,temp=42.00
1779777616.805,0x100,8,00 6B 88 52 FC C5 8B B8,speed=0.00
1779777616.886,0x200,8,E6 64 64 21 88 32 4E F0,fuel=100.00
1779777616.984,0x300,8,02 F8 0C 80 DE 70 99 29,temp=42.00
1779777617.089,0x100,8,00 83 F6 3E 59 C5 6E 07,speed=0.00
1779777617.183,0x200,8,E6 64 20 C8 D1 C5 E9 86,fuel=100.00
1779777617.272,0x300,8,02 0F 80 BC B1 6F 35 45,temp=42.00
1779777617.373,0x100,8,00 62 78 2E 8F FE 8F 9C,speed=0.00
1779777617.469,0x200,8,90 64 5F 7B FD 33 0F 99,fuel=100.00
1779777617.556,0x300,8,02 33 C4 68 DD EF 9D 92,temp=42.00
1779777617.635,0x100,8,00 11 15 1A 60 51 5C CB,speed=0.00
1779777617.751,0x200,8,29 64 7E 1C DC DB BE E2,fuel=100.00
1779777617.834,0x300,8,02 1A 55 EC B9 78 A6 E0,temp=42.00
1779777617.931,0x100,8,00 4E 02 C9 64 B6 A2 94,speed=0.00
1779777618.032,0x200,8,7B 64 29 3C 50 03 DF 1A,fuel=100.00
1779777618.108,0x300,8,02 BA 59 46 1E 98 CE 7B,temp=42.00
1779777618.205,0x100,8,00 98 F3 52 30 72 41 35,speed=0.00
1779777618.301,0x200,8,D2 64 09 9D EF 48 89 14,fuel=100.00
1779777618.394,0x300,8,02 DC 65 7E E5 DA FA C9,temp=42.00
1779777618.492,0x100,8,00 AE B1 A2 00 3D A5 39,speed=0.00
1779777618.573,0x200,8,61 64 50 2D 4E 9B 30 02,fuel=100.00
1779777618.668,0x300,8,02 AD 63 DC E3 8C 6A B3,temp=42.00
1779777618.773,0x100,8,00 D3 F9 06 D5 D3 36 11,speed=0.00
1779777618.852,0x200,8,39 64 B2 94 DF 66 B7 36,fuel=100.00
1779777618.971,0x300,8,02 CD A3 4F FB 75 4E DB,temp=42.00
1779777619.040,0x100,8,00 32 5A 29 12 FE E0 6B,speed=0.00
1779777619.147,0x200,8,82 64 A8 DB 04 61 EB A2,fuel=100.00
1779777619.240,0x300,8,02 1A 41 8B 6B E6 DC DA,temp=42.00
1779777619.323,0x100,8,00 2D 0E 37 FB D5 A5 0B,speed=0.00
1779777619.418,0x200,8,95 64 0E FE F6 13 71 F5,fuel=100.00
1779777619.517,0x300,8,02 57 C3 50 93 DB 97 04,temp=42.00
1779777619.617,0x100,8,00 BA D3 89 B8 5D 93 DC,speed=0.00
1779777619.701,0x200,8,39 64 E9 CD 83 F5 D7 6E,fuel=100.00
1779777619.803,0x300,8,02 9B 86 03 E0 27 A8 14,temp=42.00
1779777619.892,0x100,8,00 68 A5 B8 E1 1B 33 2E,speed=0.00
1779777619.988,0x200,8,88 64 A9 EC 92 47 D2 0C,fuel=100.00
1779777620.090,0x300,8,02 F9 0D 38 B1 7B E6 2A,temp=42.00
1779777620.175,0x100,8,00 2D 27 23 44 5F D5 1E,speed=0.00
1779777620.276,0x200,8,45 64 BA 33 4D D2 03 77,fuel=100.00
1779777620.379,0x300,8,02 F1 09 32 B6 E8 87 19,temp=42.00
1779777620.466,0x100,8,00 CD B5 07 8D 24 65 A2,speed=0.00
1779777620.552,0x200,8,74 64 76 8C 53 40 83 08,fuel=100.00
1779777620.638,0x300,8,02 12 56 43 1A 8A 4D D5,temp=42.00
1779777620.746,0x100,8,00 4C 0F 64 68 B2 45 E7,speed=0.00
1779777620.834,0x200,8,55 64 62 DE 13 1E BB 23,fuel=100.00
1779777620.922,0x300,8,02 26 3D D5 7A DF FF 7F,temp=42.00
1779777621.013,0x100,8,00 5F 23 7F 16 19 A1 C7,speed=0.00
1779777621.107,0x200,8,4A 64 E1 34 9E 56 54 1B,fuel=100.00
1779777621.201,0x300,8,02 C0 13 1E 38 34 3A D7,temp=42.00
1779777621.302,0x100,8,00 8A 86 E8 F8 C3 A3 88,speed=0.00
1779777621.385,0x200,8,D4 64 F7 03 2E E5 BA 80,fuel=100.00
1779777621.484,0x300,8,02 17 81 D9 01 0C BE 51,temp=42.00
1779777621.575,0x100,8,00 59 5C F3 6C 7E FC 29,speed=0.00
1779777621.671,0x200,8,E8 64 33 56 A1 DA 1A 44,fuel=100.00
1779777621.759,0x300,8,02 60 C0 15 10 67 9A 8D,temp=42.00
1779777621.860,0x100,8,00 21 F1 69 43 BC AB 19,speed=0.00
1779777621.955,0x200,8,F3 64 E4 DB 35 A0 E4 2F,fuel=100.00
1779777622.040,0x300,8,02 F0 38 6B 32 AF D8 10,temp=42.00
1779777622.139,0x100,8,00 9F 33 B0 84 80 DF FD,speed=0.00
1779777622.234,0x200,8,C0 64 2D BA 76 E7 F4 1F,fuel=100.00
1779777622.336,0x300,8,02 E9 E2 DB 96 B8 49 E3,temp=42.00
1779777622.429,0x100,8,00 8B 45 3C 28 CF C3 2C,speed=0.00
1779777622.518,0x200,8,08 64 0A CC AD 2C 52 AD,fuel=100.00
1779777622.618,0x300,8,02 D2 2F 71 F7 6F 6C 40,temp=42.00
1779777622.702,0x100,8,00 82 F6 58 92 DD E4 CF,speed=0.00
1779777622.801,0x200,8,30 64 65 78 9D 3C 39 C8,fuel=100.00
1779777622.886,0x300,8,02 DE 33 8C D7 42 27 C3,temp=42.00
1779777622.995,0x100,8,00 18 33 23 20 70 0F D3,speed=0.00
1779777623.084,0x200,8,2D 64 81 64 34 F4 1E CB,fuel=100.00
1779777623.169,0x300,8,02 6C CB E9 FC 77 72 24,temp=42.00
1779777623.270,0x100,8,00 DE BE 39 22 1C 35 92,speed=0.00
1779777623.362,0x200,8,AF 64 BA 3C 8B 28 DC B5,fuel=100.00
1779777623.450,0x300,8,02 D3 07 6A EA B0 B9 FB,temp=42.00
1779777623.552,0x100,8,00 CD FE D1 E0 6F 71 4A,speed=0.00
1779777623.636,0x200,8,45 64 22 87 BD 62 87 93,fuel=100.00
1779777623.742,0x300,8,02 F0 75 4B 35 EB E0 9C,temp=42.00
1779777623.821,0x100,8,00 C8 F7 F6 1A C6 1D A1,speed=0.00
1779777623.922,0x200,8,62 64 C7 CE 57 D8 BF B9,fuel=100.00
1779777624.018,0x300,8,02 06 CD E7 14 FA 7F DE,temp=42.00
1779777624.105,0x100,8,00 F7 AC F1 F8 8F 80 87,speed=0.00
1779777624.201,0x200,8,54 64 B6 E9 53 02 79 55,fuel=100.00
1779777624.308,0x300,8,02 4C 5A 45 C4 0D 99 8B,temp=42.00
1779777624.398,0x100,8,00 45 A5 C9 72 2B 5D D0,speed=0.00
1779777624.494,0x200,8,6D 64 B0 10 C3 BB 95 BF,fuel=100.00
1779777624.578,0x300,8,02 0A B0 20 F3 70 E7 D5,temp=42.00
1779777624.669,0x100,8,00 83 49 5D EA 2E F7 87,speed=0.00
1779777624.775,0x200,8,58 64 54 63 00 98 DC 8F,fuel=100.00
1779777624.855,0x300,8,02 FF 83 E2 02 7B 17 0E,temp=42.00
1779777624.949,0x100,8,00 6E 1A F2 B7 AA 35 DE,speed=0.00
1779777625.043,0x200,8,1D 64 BF EB 6D 11 EB DF,fuel=100.00
1779777625.135,0x300,8,02 51 FA 23 33 A6 E7 CF,temp=42.00
1779777625.236,0x100,8,00 8E 18 CE 09 E8 70 2B,speed=0.00
1779777625.335,0x200,8,32 64 65 84 06 91 31 94,fuel=100.00
1779777625.442,0x300,8,02 95 3B 79 63 9E E8 45,temp=42.00
1779777625.538,0x100,8,00 C4 29 A6 49 98 71 22,speed=0.00
1779777625.618,0x200,8,6B 64 2F 2F A0 1E 8D DB,fuel=100.00
1779777625.704,0x300,8,02 47 D5 C7 46 94 34 FD,temp=42.00
1779777625.800,0x100,8,00 14 92 39 FB 77 EA 2F,speed=0.00
1779777625.923,0x200,8,6C 64 A0 DD B4 3B B4 29,fuel=100.00
1779777625.986,0x300,8,02 2A 4C F2 85 A8 70 0F,temp=42.00
1779777626.109,0x100,8,00 8A 93 A5 FD 94 C5 92,speed=0.00
1779777626.169,0x200,8,66 64 34 9F 6A 81 17 84,fuel=100.00
1779777626.284,0x300,8,02 0E DF F0 E5 67 3C FA,temp=42.00
1779777626.352,0x100,8,00 67 E7 00 45 88 15 58,speed=0.00
1779777626.451,0x200,8,C5 64 6E 11 82 FC 1E BC,fuel=100.00
1779777626.551,0x300,8,02 27 BF 23 45 1D E3 1C,temp=42.00
1779777626.654,0x100,8,00 17 1B 74 64 E9 31 62,speed=0.00
1779777626.751,0x200,8,F9 64 D7 03 85 16 FE 4C,fuel=100.00
1779777626.861,0x300,8,02 A5 84 B4 DC 20 C8 61,temp=42.00
1779777626.952,0x100,8,00 1F BB 9D E4 DF DA B8,speed=0.00
1779777627.025,0x200,8,43 64 3B 60 34 07 A3 47,fuel=100.00
1779777627.125,0x300,8,02 51 6E 02 D3 DA A8 01,temp=42.00
1779777627.218,0x100,8,00 80 22 59 F3 6D CD CF,speed=0.00
1779777627.307,0x200,8,28 64 A1 F2 7D 88 E0 2E,fuel=100.00
1779777627.400,0x300,8,02 A1 8C 75 1F F4 FF 9F,temp=42.00
1779777627.509,0x100,8,00 D5 42 A9 D5 5E 70 28,speed=0.00
1779777627.588,0x200,8,B4 64 89 74 DB C4 B7 6D,fuel=100.00
1779777627.685,0x300,8,02 B4 2D 38 1A 1C E9 ED,temp=42.00
1779777627.787,0x100,8,00 EE A8 5E 5E DA 51 60,speed=0.00
1779777627.887,0x200,8,36 64 EA 12 24 CC 95 66,fuel=100.00
1779777627.974,0x300,8,02 5F 16 1A 54 EA 4B 6B,temp=42.00
1779777628.081,0x100,8,00 26 5F 19 48 90 00 9A,speed=0.00
1779777628.156,0x200,8,B9 64 BE C4 3D 6A FD 38,fuel=100.00
1779777628.251,0x300,8,02 C5 8C F4 9A BA 98 17,temp=42.00
1779777628.355,0x100,8,00 6C 12 A9 F8 7F D7 FA,speed=0.00
1779777628.442,0x200,8,96 64 05 51 3B 6D 80 AF,fuel=100.00
1779777628.534,0x300,8,02 B8 02 57 F3 54 F1 F7,temp=42.00
1779777628.627,0x100,8,00 20 16 40 27 96 D8 D6,speed=0.00
1779777628.717,0x200,8,26 64 F9 1B AF F6 1C 59,fuel=100.00
1779777628.808,0x300,8,02 19 47 99 5D 4C 38 DA,temp=42.00
1779777628.929,0x100,8,00 B2 E8 29 74 94 A8 5D,speed=0.00
1779777628.996,0x200,8,DB 64 35 91 D6 4C A9 8F,fuel=100.00
1779777629.109,0x300,8,02 7F 19 93 77 DE CA 73,temp=42.00
1779777629.185,0x100,8,00 41 D5 8B DB 56 30 94,speed=0.00
1779777629.276,0x200,8,95 64 C5 1D 74 E4 FE F6,fuel=100.00
1779777629.373,0x300,8,02 97 BA 8A CB FE 94 ED,temp=42.00
1779777629.472,0x100,8,00 D0 7E F4 22 4A 6E A1,speed=0.00
1779777629.568,0x200,8,ED 64 86 13 E9 C8 8E 00,fuel=100.00
1779777629.651,0x300,8,02 B8 01 D5 37 54 9E EF,temp=42.00
1779777629.751,0x100,8,00 2E 06 12 C2 58 67 78,speed=0.00
1779777629.849,0x200,8,20 64 62 08 02 38 57 87,fuel=100.00
1779777629.931,0x300,8,02 38 2A 13 E4 B5 15 E8,temp=42.00
1779777630.031,0x100,8,00 31 C1 98 5A 34 37 AB,speed=0.00
1779777630.125,0x200,8,13 64 65 AA 89 CA A5 81,fuel=100.00
1779777630.230,0x300,8,02 5C F0 F2 90 DC EC F8,temp=42.00
1779777630.319,0x100,8,00 05 51 D0 2C 7E D9 64,speed=0.00
1779777630.425,0x200,8,EB 64 A1 5B 21 7A 5B 9E,fuel=100.00
1779777630.493,0x300,8,02 C9 B0 E3 DA 4C 59 C2,temp=42.00
1779777630.601,0x100,8,00 C4 45 D7 3B 8E 15 05,speed=0.00
1779777630.686,0x200,8,EA 64 18 B1 3E AD E9 A2,fuel=100.00
1779777630.785,0x300,8,02 09 E1 95 7B E4 FC E4,temp=42.00
1779777630.878,0x100,8,00 07 08 CC F6 92 83 56,speed=0.00
1779777630.966,0x200,8,51 64 1F 77 C7 95 10 7A,fuel=100.00
1779777631.075,0x300,8,02 CD 34 24 E8 63 F3 A5,temp=42.00
1779777631.152,0x100,8,00 40 37 65 9B 45 C4 E2,speed=0.00
1779777631.253,0x200,8,6A 64 24 47 AC 72 CD 41,fuel=100.00
1779777631.352,0x300,8,02 0E DA 1F D7 E3 F4 46,temp=42.00
1779777631.434,0x100,8,00 15 5E 09 D1 9C 94 0C,speed=0.00
1779777631.535,0x200,8,62 64 A1 78 70 90 5F 1F,fuel=100.00
1779777631.619,0x300,8,02 5B 5E AE C5 41 9C E4,temp=42.00
1779777631.719,0x100,8,00 23 F0 58 2E 2E 0D FA,speed=0.00
1779777631.819,0x200,8,8C 64 30 E8 99 67 B4 1C,fuel=100.00
1779777631.901,0x300,8,02 BC F9 B6 2A D3 82 4D,temp=42.00
1779777631.993,0x100,8,00 B6 7A B1 42 D1 9A 1E,speed=0.00
1779777632.111,0x200,8,AF 64 4D 60 5E 43 0B BA,fuel=100.00
1779777632.193,0x300,8,02 32 C0 61 81 12 00 3B,temp=42.00
1779777632.288,0x100,8,00 C6 79 E4 32 43 F3 AF,speed=0.00
1779777632.368,0x200,8,82 64 E0 E9 3F 5A BC 48,fuel=100.00
1779777632.468,0x300,8,02 A3 18 80 43 C2 5C 39,temp=42.00
1779777632.560,0x100,8,00 83 E6 29 57 00 82 C6,speed=0.00
1779777632.651,0x200,8,C9 64 0C 35 B2 AD 27 2A,fuel=100.00
1779777632.744,0x300,8,02 7E 7C CC 0F 83 D0 93,temp=42.00
1779777632.837,0x100,8,00 88 D1 59 42 E7 E1 56,speed=0.00
1779777632.950,0x200,8,6E 64 E2 73 00 3B 05 63,fuel=100.00
1779777633.044,0x300,8,02 E0 4C 5B C5 1B 6A D0,temp=42.00
1779777633.139,0x100,8,00 6E 78 41 46 1B E8 4D,speed=0.00
1779777633.219,0x200,8,AF 64 7D B5 EC 3F 0F C6,fuel=100.00
1779777633.320,0x300,8,02 A9 C3 CF D9 D1 C5 56,temp=42.00
1779777633.400,0x100,8,00 EE 5E C8 68 14 D7 1F,speed=0.00
1779777633.500,0x200,8,73 64 72 00 04 A9 23 31,fuel=100.00
1779777633.601,0x300,8,02 4E A2 4E 68 28 55 BC,temp=42.00
1779777633.688,0x100,8,00 63 23 04 8E B6 9D FA,speed=0.00
1779777633.789,0x200,8,84 64 A7 57 9C 44 96 52,fuel=100.00
1779777633.869,0x300,8,02 78 7E 65 63 1D 57 3C,temp=42.00
1779777633.968,0x100,8,00 5E BE 87 F3 6B 88 CD,speed=0.00
1779777634.058,0x200,8,11 64 2E 34 2B 12 EA A0,fuel=100.00
1779777634.153,0x300,8,02 76 78 08 A5 46 D3 60,temp=42.00
1779777634.252,0x100,8,00 C0 AD 65 53 5B 5D 0D,speed=0.00
1779777634.365,0x200,8,C1 64 9E 4A BF EB D8 B8,fuel=100.00
1779777634.434,0x300,8,02 8D B0 BA 4F 1F 06 F3,temp=42.00
1779777634.534,0x100,8,00 BE A9 2F 81 31 3F 30,speed=0.00
1779777634.629,0x200,8,E9 64 AF D5 13 99 34 16,fuel=100.00
1779777634.741,0x300,8,02 DE 59 18 B6 5F F2 CA,temp=42.00
1779777634.821,0x100,8,00 59 73 D9 1B E2 2B D5,speed=0.00
1779777634.904,0x200,8,25 64 05 47 EE B4 45 B4,fuel=100.00
1779777635.001,0x300,8,02 16 4A 49 BF 59 AB 26,temp=42.00
1779777635.100,0x100,8,00 77 C1 7F 88 8D F7 EF,speed=0.00
1779777635.184,0x200,8,8A 64 BC D3 A8 B7 61 D8,fuel=100.00
1779777635.292,0x300,8,02 AF CC 4F 51 3B 5B 72,temp=42.00
1779777635.370,0x100,8,00 4A 4B FD AF 2B 3E EA,speed=0.00
1779777635.470,0x200,8,D5 64 80 EC 35 E0 61 0D,fuel=100.00
1779777635.557,0x300,8,02 F6 E1 68 22 EC 07 45,temp=42.00
1779777635.662,0x100,8,00 B6 9A 49 25 1A 89 E2,speed=0.00
1779777635.744,0x200,8,D0 64 2F 69 D3 2B 8C 71,fuel=100.00
1779777635.837,0x300,8,02 AB 2B A3 57 85 65 40,temp=42.00
1779777635.941,0x100,8,00 30 29 7B 83 5F AA 7D,speed=0.00
1779777636.030,0x200,8,16 64 9F 67 22 2C BD 5C,fuel=100.00
1779777636.124,0x300,8,02 58 E4 4B 44 79 31 29,temp=42.00
1779777636.218,0x100,8,00 2E 1D 0C 70 A4 E4 20,speed=0.00
1779777636.319,0x200,8,1F 64 B4 F0 23 21 9D 4B,fuel=100.00
1779777636.414,0x300,8,02 3F 2C 56 86 C9 67 71,temp=42.00
1779777636.505,0x100,8,00 D5 F0 E8 65 34 28 F4,speed=0.00
1779777636.589,0x200,8,D2 64 65 C6 5E 83 C0 E6,fuel=100.00
1779777636.686,0x300,8,02 37 1A 69 F0 45 3D A3,temp=42.00
1779777636.786,0x100,8,00 E4 C0 FF A4 B5 FC 74,speed=0.00
1779777636.868,0x200,8,18 64 CC 11 42 78 BF EE,fuel=100.00
1779777636.976,0x300,8,02 BB BC 0D 6F 47 27 AA,temp=42.00
1779777637.060,0x100,8,00 20 BA 96 C8 25 B4 EE,speed=0.00
1779777637.161,0x200,8,07 64 E8 D4 4E 53 4E 5A,fuel=100.00
1779777637.251,0x300,8,02 F4 4A 79 9E 21 C2 56,temp=42.00
1779777637.351,0x100,8,00 0D 3C 98 25 6C E4 32,speed=0.00
1779777637.434,0x200,8,B7 64 3E B7 2B 95 D0 04,fuel=100.00
1779777637.534,0x300,8,02 20 F8 B5 81 49 22 71,temp=42.00
1779777637.618,0x100,8,00 15 48 06 1A 18 6B 73,speed=0.00
1779777637.718,0x200,8,27 64 84 64 D6 A5 7A 6D,fuel=100.00
1779777637.828,0x300,8,02 B9 67 F9 5E 4F 20 C2,temp=42.00
1779777637.928,0x100,8,00 80 B2 27 C0 14 02 B4,speed=0.00
1779777638.000,0x200,8,7D 64 68 65 68 E4 56 E5,fuel=100.00
1779777638.116,0x300,8,02 62 4B 67 EC 89 80 0F,temp=42.00
1779777638.184,0x100,8,00 68 D1 8D F3 A6 03 0B,speed=0.00
1779777638.298,0x200,8,B9 64 CA 0D 22 48 63 E4,fuel=100.00
1779777638.373,0x300,8,02 1B B2 91 3B 67 74 81,temp=42.00
1779777638.467,0x100,8,00 1A 15 9C DE 7E 7D F2,speed=0.00
1779777638.555,0x200,8,CF 64 B9 B9 10 9C CD 05,fuel=100.00
1779777638.662,0x300,8,02 3E 99 D5 01 3E 64 96,temp=42.00
1779777638.772,0x100,8,00 EB A1 E8 B8 E0 34 46,speed=0.00
1779777638.856,0x200,8,6A 64 9C 9D AC 33 E9 44,fuel=100.00
1779777638.948,0x300,8,02 F4 CD 67 74 23 61 89,temp=42.00
1779777639.036,0x100,8,00 0D 41 D8 03 FA 4B A5,speed=0.00
1779777639.121,0x200,8,B8 64 A2 4C C0 2C AE C1,fuel=100.00
1779777639.226,0x300,8,02 07 8E 43 4A AF 62 AC,temp=42.00
1779777639.318,0x100,8,00 18 01 75 10 06 B4 FA,speed=0.00
1779777639.408,0x200,8,49 64 E9 8A 33 94 7D BA,fuel=100.00
1779777639.500,0x300,8,02 B4 FC B0 CB E3 FD 22,temp=42.00
1779777639.601,0x100,8,00 DE 8B FC 80 8E AD 82,speed=0.00
1779777639.685,0x200,8,D0 64 0D 9E 1D F5 4E FD,fuel=100.00
1779777639.784,0x300,8,02 1F 50 2B 94 01 B6 E3,temp=42.00
1779777639.869,0x100,8,00 25 45 D6 6A E4 D8 66,speed=0.00
1779777639.974,0x200,8,28 64 16 48 06 42 60 92,fuel=100.00
1779777640.058,0x300,8,02 2E 5F F6 FA 61 16 16,temp=42.00
1779777640.161,0x100,8,00 33 B7 33 3A 1F 1A FF,speed=0.00
1779777640.247,0x200,8,5E 64 69 C9 B0 65 57 20,fuel=100.00
1779777640.351,0x300,8,02 17 A9 F5 61 B6 D3 6E,temp=42.00
1779777640.444,0x100,8,00 FD D4 D7 9C 84 DC 39,speed=0.00
1779777640.526,0x200,8,2B 64 CF 5E 69 EB B1 D8,fuel=100.00
1779777640.619,0x300,8,02 EF BB 0C 62 A4 B8 6E,temp=42.00
1779777640.719,0x100,8,00 25 74 83 41 3C 25 4F,speed=0.00
1779777640.820,0x200,8,0A 64 25 23 4B ED 71 D5,fuel=100.00
1779777640.906,0x300,8,02 F2 86 18 15 45 31 D0,temp=42.00
1779777641.003,0x100,8,00 8B 5B 52 72 13 6A 2B,speed=0.00
1779777641.089,0x200,8,CC 64 97 19 60 59 09 BC,fuel=100.00
1779777641.185,0x300,8,02 9A 13 6B D2 F1 C3 4E,temp=42.00
1779777641.293,0x100,8,00 7A 7C DD 33 90 91 CE,speed=0.00
1779777641.372,0x200,8,28 64 82 C0 BD 86 7F 8E,fuel=100.00
1779777641.470,0x300,8,02 94 95 C2 9D E3 95 B7,temp=42.00
1779777641.567,0x100,8,00 38 22 1A 24 C5 B1 95,speed=0.00
1779777641.657,0x200,8,91 64 79 DC E0 65 CA CA,fuel=100.00
1779777641.751,0x300,8,02 DF F9 67 22 B1 BC 92,temp=42.00
1779777641.846,0x100,8,00 F3 14 69 CA 21 F0 7F,speed=0.00
1779777641.935,0x200,8,C1 64 35 5B 86 C2 D0 1A,fuel=100.00
1779777642.034,0x300,8,02 EE D2 CF CB 11 D4 12,temp=42.00
1779777642.123,0x100,8,00 4A AA 74 E1 A4 92 AB,speed=0.00
1779777642.222,0x200,8,08 64 83 D0 EC E9 8C F5,fuel=100.00
1779777642.322,0x300,8,02 A3 9B 3D 86 21 EE FE,temp=42.00
1779777642.401,0x100,8,00 B8 60 8E 44 82 97 A7,speed=0.00
1779777642.501,0x200,8,7D 64 37 A5 0B 33 6E 76,fuel=100.00
1779777642.587,0x300,8,02 CD 0E 75 E2 CF 21 EA,temp=42.00
1779777642.685,0x100,8,00 18 73 A7 33 3E 19 1E,speed=0.00
1779777642.792,0x200,8,64 64 A3 BF A7 86 9B 91,fuel=100.00
1779777642.887,0x300,8,02 D5 F7 A2 43 73 84 64,temp=42.00
1779777642.974,0x100,8,00 9A AB 5B 5F F1 72 BF,speed=0.00
1779777643.067,0x200,8,CD 64 54 A0 DC 93 5B 41,fuel=100.00
1779777643.156,0x300,8,02 B9 65 19 C8 09 F9 4C,temp=42.00
1779777643.254,0x100,8,00 47 F5 58 37 36 99 A3,speed=0.00
1779777643.337,0x200,8,A7 64 C4 AC 7B 51 5D C6,fuel=100.00
1779777643.438,0x300,8,02 D5 B9 D3 F7 98 50 81,temp=42.00
1779777643.534,0x100,8,00 02 41 01 33 89 5B B8,speed=0.00
1779777643.622,0x200,8,D5 64 52 2A 23 97 F6 A2,fuel=100.00
1779777643.719,0x300,8,02 4E 83 5D A9 4B 15 AD,temp=42.00
1779777643.822,0x100,8,00 C3 94 EE 4C 00 1A F2,speed=0.00
1779777643.919,0x200,8,DB 64 4E 7E 2B 66 DC F8,fuel=100.00
1779777643.997,0x300,8,02 CE EB 21 3C 49 9D A9,temp=42.00
1779777644.095,0x100,8,00 75 20 70 60 69 7E D8,speed=0.00
1779777644.186,0x200,8,10 64 3D D3 A3 9B 00 DB,fuel=100.00
1779777644.284,0x300,8,02 A6 12 DB BE 64 A7 55,temp=42.00
1779777644.372,0x100,8,00 FF 7F 1E BD 36 DD 8C,speed=0.00
1779777644.479,0x200,8,BC 64 2C A8 AB 2D BA B4,fuel=100.00
1779777644.557,0x300,8,02 0C 68 56 8F 0A 50 81,temp=42.00
1779777644.656,0x100,8,00 BE AE B6 4E CE 5E DC,speed=0.00
1779777644.751,0x200,8,B9 64 17 94 4B 6D 40 1F,fuel=100.00
1779777644.841,0x300,8,02 66 44 98 26 7B 21 02,temp=42.00
1779777644.939,0x100,8,00 12 6A 2A 35 92 3F 5F,speed=0.00
1779777645.046,0x200,8,82 64 07 28 16 6D 8A 05,fuel=100.00
1779777645.126,0x300,8,02 AD AC 1F 7C 7A F4 A7,temp=42.00
1779777645.236,0x100,8,00 11 71 21 AC 31 5D 68,speed=0.00
1779777645.308,0x200,8,B9 64 3C 9E FE 7A BB 62,fuel=100.00
1779777645.407,0x300,8,02 A2 40 02 4F 7B 35 11,temp=42.00
1779777645.500,0x100,8,00 A3 5B 4F 5C EB 64 27,speed=0.00
1779777645.593,0x200,8,66 64 D5 04 10 CC 29 DB,fuel=100.00
1779777645.697,0x300,8,02 A4 0F CA 0E 32 F9 6E,temp=42.00
1779777645.795,0x100,8,00 B9 75 D9 1E 9A 0B A5,speed=0.00
1779777645.883,0x200,8,65 64 35 98 46 3B E1 4C,fuel=100.00
1779777645.968,0x300,8,02 F7 16 9E 1B 94 4C 28,temp=42.00
1779777646.072,0x100,8,00 B8 8F C8 E5 A2 09 E7,speed=0.00
1779777646.157,0x200,8,07 64 09 88 DE 5B 81 83,fuel=100.00
1779777646.244,0x300,8,02 BD C9 CF C8 52 4C DA,temp=42.00
1779777646.342,0x100,8,00 38 C2 60 91 0C 1B 66,speed=0.00
1779777646.448,0x200,8,FE 64 CC AB C8 CF 20 54,fuel=100.00
1779777646.524,0x300,8,02 0D 1E 19 83 B8 24 C2,temp=42.00
1779777646.635,0x100,8,00 10 05 DD 46 1E AF AA,speed=0.00
1779777646.723,0x200,8,53 64 CE 65 EA 3B 3A 35,fuel=100.00
1779777646.808,0x300,8,02 97 FF 75 E0 3D 3B A2,temp=42.00
1779777646.923,0x100,8,00 C2 E6 B2 FA 4F 44 C3,speed=0.00
1779777647.005,0x200,8,0F 64 5B B9 EA 0E C6 A2,fuel=100.00
1779777647.092,0x300,8,02 72 13 5A B2 6C EB 18,temp=42.00
1779777647.184,0x100,8,00 C4 58 A4 8B E5 B1 6B,speed=0.00
1779777647.285,0x200,8,FB 64 17 82 AE BE 73 9B,fuel=100.00
1779777647.369,0x300,8,02 0C 33 D6 4F FC 82 58,temp=42.00
1779777647.479,0x100,8,00 F8 B9 13 34 53 E5 C1,speed=0.00
1779777647.568,0x200,8,6C 64 52 6F 5C 80 26 73,fuel=100.00
1779777647.668,0x300,8,02 7B 5F 5D 62 C6 04 23,temp=42.00
1779777647.750,0x100,8,00 82 FE 01 FA FC 8C 7E,speed=0.00
1779777647.847,0x200,8,BD 64 F8 34 AE 7D 47 E7,fuel=100.00
1779777647.948,0x300,8,02 DE F4 63 DE 25 8A AD,temp=42.00
1779777648.034,0x100,8,00 33 A4 88 56 CE 80 BF,speed=0.00
1779777648.119,0x200,8,F8 64 92 D4 0D DA BD 14,fuel=100.00
1779777648.219,0x300,8,02 8D 19 96 85 C4 AD AF,temp=42.00
1779777648.319,0x100,8,00 A6 F5 F2 DD A0 82 8A,speed=0.00
1779777648.402,0x200,8,B9 64 22 71 5B C3 AE 0C,fuel=100.00
1779777648.501,0x300,8,02 CE 70 86 A3 30 16 0F,temp=42.00
1779777648.596,0x100,8,00 2B B3 D0 7A ED 5F 0A,speed=0.00
1779777648.685,0x200,8,13 64 54 D5 0F 4E 12 09,fuel=100.00
1779777648.785,0x300,8,02 69 68 CD 1C 62 B6 A1,temp=42.00
1779777648.879,0x100,8,00 43 02 A9 48 4B B8 7A,speed=0.00
1779777648.979,0x200,8,CA 64 55 58 1E 94 55 20,fuel=100.00
1779777649.072,0x300,8,02 7A CB 2C D3 74 BA 1E,temp=42.00
1779777649.151,0x100,8,00 18 AE AE 32 9E 5C 84,speed=0.00
1779777649.252,0x200,8,96 64 32 72 8A ED DE 98,fuel=100.00
1779777649.353,0x300,8,02 99 DB 07 80 89 24 22,temp=42.00
1779777649.434,0x100,8,00 37 5A 25 34 CB B6 60,speed=0.00
1779777649.535,0x200,8,D5 64 06 78 D4 9A 1A DC,fuel=100.00
1779777649.619,0x300,8,02 C2 BB 1C FE 68 47 88,temp=42.00
1779777649.717,0x100,8,00 71 0C 4D A0 5C 64 E0,speed=0.00
1779777649.816,0x200,8,21 64 DA F0 DB 6A 84 EF,fuel=100.00
1779777649.907,0x300,8,02 25 92 E8 99 C0 49 30,temp=42.00
1779777650.019,0x100,8,00 BD 4E 44 C4 04 BB 47,speed=0.00
1779777650.115,0x200,8,35 64 D0 CE 3D F3 D4 55,fuel=100.00
1779777650.199,0x300,8,02 F0 3E 63 81 20 33 98,temp=42.00
1779777650.289,0x100,8,00 19 D3 1E 2B D6 E8 05,speed=0.00
1779777650.396,0x200,8,15 64 BE BB B0 47 38 9B,fuel=100.00
1779777650.469,0x300,8,02 F3 B6 47 8D E5 F5 86,temp=42.00
1779777650.570,0x100,8,00 AE 0A 1F 69 7C B5 03,speed=0.00
1779777650.655,0x200,8,BD 64 7E 1E 94 F9 88 DD,fuel=100.00
1779777650.745,0x300,8,02 E3 4E B6 A2 82 E6 2D,temp=42.00
1779777650.854,0x100,8,00 31 A6 AF 16 BE 7C E0,speed=0.00
1779777650.973,0x200,8,75 64 C5 7C 99 7F E1 CF,fuel=100.00
1779777651.038,0x300,8,02 39 FA F3 36 9F 1B C4,temp=42.00
1779777651.135,0x100,8,00 35 1A 60 27 6B B9 89,speed=0.00
1779777651.218,0x200,8,E5 64 74 E1 68 0D 9C 9B,fuel=100.00
1779777651.305,0x300,8,02 F2 0F 4E 5D D6 8F F4,temp=42.00
1779777651.401,0x100,8,00 20 0C D9 50 13 CC BF,speed=0.00
1779777651.498,0x200,8,AD 64 5F 74 27 63 7D 93,fuel=100.00
1779777651.608,0x300,8,02 21 0E D1 65 38 AD F2,temp=42.00
1779777651.694,0x100,8,00 8B 8D A9 05 43 FB 71,speed=0.00
1779777651.788,0x200,8,4B 64 33 EE 48 72 23 7D,fuel=100.00
1779777651.873,0x300,8,02 E0 D2 05 36 BE B3 71,temp=42.00
1779777651.962,0x100,8,00 FC 1E C2 4F 15 97 80,speed=0.00
1779777652.070,0x200,8,CF 64 54 A1 26 A1 65 5B,fuel=100.00
1779777652.177,0x300,8,02 10 40 1A F9 1E 65 F5,temp=42.00
1779777652.263,0x100,8,00 B8 24 17 92 5F 36 0B,speed=0.00
1779777652.364,0x200,8,00 64 C1 DB 98 34 91 DF,fuel=100.00
1779777652.452,0x300,8,02 A5 88 5F D0 88 80 16,temp=42.00
1779777652.535,0x100,8,00 A6 42 C8 AA 53 C3 C4,speed=0.00
1779777652.623,0x200,8,E4 64 19 AA 36 1C 0E 58,fuel=100.00
1779777652.719,0x300,8,02 13 5B E9 15 A0 AD BD,temp=42.00
1779777652.813,0x100,8,00 9D CA 94 F5 E4 D6 2C,speed=0.00
1779777652.901,0x200,8,88 64 FD AE A1 F7 DE 5B,fuel=100.00
1779777652.997,0x300,8,02 F7 7F 63 55 4F 81 13,temp=42.00
1779777653.095,0x100,8,00 20 11 04 15 13 C9 59,speed=0.00
1779777653.186,0x200,8,AD 64 09 E6 E4 71 75 2E,fuel=100.00
1779777653.285,0x300,8,02 6B EB 4F 31 C4 C8 78,temp=42.00
1779777653.380,0x100,8,00 08 35 61 B7 B9 94 B7,speed=0.00
1779777653.468,0x200,8,27 64 A0 DB 3D 64 73 15,fuel=100.00
1779777653.568,0x300,8,02 22 F1 68 4A 4F E5 F3,temp=42.00
1779777653.663,0x100,8,00 D7 4D 7C FA 27 EA 0E,speed=0.00
1779777653.754,0x200,8,F3 64 77 BB 36 A4 FC E0,fuel=100.00
1779777653.836,0x300,8,02 63 21 2D 77 6B D8 12,temp=42.00
1779777653.964,0x100,8,00 96 83 FB 5A BB 8F AD,speed=0.00
1779777654.028,0x200,8,F1 64 C8 F4 D5 B2 CA E0,fuel=100.00
1779777654.141,0x300,8,02 C8 FE C3 5C AF FD 48,temp=42.00
1779777654.225,0x100,8,00 A6 77 5A 5D 73 98 FB,speed=0.00
1779777654.322,0x200,8,31 64 CC 1A 82 FA 30 C6,fuel=100.00
1779777654.403,0x300,8,02 CE 56 2A B1 47 B0 B0,temp=42.00
1779777654.497,0x100,8,00 32 0A 92 E1 E5 AF 9E,speed=0.00
1779777654.588,0x200,8,3C 64 30 1B F0 82 41 67,fuel=100.00
1779777654.684,0x300,8,02 D9 DA D2 0D 39 F3 14,temp=42.00
1779777654.789,0x100,8,00 91 F9 8F 3B 19 28 C9,speed=0.00
1779777654.879,0x200,8,10 64 50 66 6A 5A 6F A1,fuel=100.00
1779777654.963,0x300,8,02 6E FA D4 34 F6 29 FE,temp=42.00
1779777655.079,0x100,8,00 AE 09 48 57 00 57 21,speed=0.00
1779777655.156,0x200,8,B3 64 BA 91 B3 B4 F5 E1,fuel=100.00
1779777655.251,0x300,8,02 F8 AD C9 D7 1D 94 F4,temp=42.00
1779777655.357,0x100,8,00 BE EF C4 1B E6 F7 06,speed=0.00
1779777655.441,0x200,8,51 64 C7 CB D0 81 8E 37,fuel=100.00
1779777655.534,0x300,8,02 F3 6B CA 70 4F 34 1F,temp=42.00
1779777655.618,0x100,8,00 9D 0B 33 01 D9 10 A9,speed=0.00
1779777655.718,0x200,8,BB 64 08 60 B7 61 AE 74,fuel=100.00
1779777655.843,0x300,8,02 E6 B5 51 C2 F9 91 91,temp=42.00
1779777655.914,0x100,8,00 B8 43 7B 3E C1 64 D6,speed=0.00
1779777655.995,0x200,8,C3 64 FC 93 F9 96 18 B4,fuel=100.00
1779777656.087,0x300,8,02 C1 13 4D 74 31 16 BB,temp=42.00
1779777656.196,0x100,8,00 9B 16 3C AB C1 D5 11,speed=0.00
1779777656.286,0x200,8,22 64 B1 94 CC B8 7D 39,fuel=100.00
1779777656.373,0x300,8,02 67 85 FA 8A 5A 05 BD,temp=42.00
1779777656.468,0x100,8,00 E6 28 49 C1 D0 16 80,speed=0.00
1779777656.568,0x200,8,3C 64 0A 3B 9D D0 7B 95,fuel=100.00
1779777656.649,0x300,8,02 A1 A2 2A 1B 98 4C F4,temp=42.00
1779777656.750,0x100,8,00 46 22 B2 5D 3A 08 30,speed=0.00
1779777656.853,0x200,8,8E 64 F7 99 26 28 32 6F,fuel=100.00
1779777656.943,0x300,8,02 4D 54 BF E8 22 53 49,temp=42.00
1779777657.032,0x100,8,00 8C AF 2F 36 23 DB AC,speed=0.00
1779777657.135,0x200,8,80 64 ED EF 90 0C 27 C3,fuel=100.00
1779777657.219,0x300,8,02 12 58 79 4A BA EA B2,temp=42.00
1779777657.307,0x100,8,00 68 D4 ED BE C4 58 F0,speed=0.00
1779777657.401,0x200,8,D7 64 EF 60 FE B4 9D 73,fuel=100.00
1779777657.496,0x300,8,02 5C 89 32 A0 52 46 00,temp=42.00
1779777657.602,0x100,8,00 77 26 9B 24 59 C3 7A,speed=0.00
1779777657.696,0x200,8,94 64 1D C4 8C 17 8F 7B,fuel=100.00
1779777657.786,0x300,8,02 A2 CA 5A 6B AE 88 8B,temp=42.00
1779777657.885,0x100,8,00 91 BF 3B D6 1B 28 0B,speed=0.00
1779777657.969,0x200,8,5A 64 11 02 CE 32 47 86,fuel=100.00
1779777658.070,0x300,8,02 27 C1 9F 19 26 3B 43,temp=42.00
1779777658.170,0x100,8,00 C1 DB 7E 45 44 39 A3,speed=0.00
1779777658.251,0x200,8,72 64 4A A4 FD C2 34 BE,fuel=100.00
1779777658.351,0x300,8,02 F1 FB 27 01 72 A7 BF,temp=42.00
1779777658.432,0x100,8,00 C1 59 54 B7 78 0F FF,speed=0.00
1779777658.540,0x200,8,F2 64 99 32 4B 92 98 CC,fuel=100.00
1779777658.629,0x300,8,02 B1 46 AE 77 4D 57 64,temp=42.00
1779777658.719,0x100,8,00 07 86 D8 16 A4 5E FA,speed=0.00
1779777658.817,0x200,8,8C 64 F1 4D E1 EF 08 6E,fuel=100.00
1779777658.929,0x300,8,02 5B BF 7A E0 93 50 B6,temp=42.00
1779777658.999,0x100,8,00 DB D2 C1 CD 63 B2 70,speed=0.00
1779777659.095,0x200,8,98 64 32 44 5A DF B1 E7,fuel=100.00
1779777659.186,0x300,8,02 1A EE 95 BF D2 66 95,temp=42.00
1779777659.286,0x100,8,00 A6 AF 0C 88 3E CA 57,speed=0.00
1779777659.376,0x200,8,69 64 F1 7A 9A 46 A4 80,fuel=100.00
1779777659.469,0x300,8,02 21 84 25 D5 F5 04 6E,temp=42.00
1779777659.569,0x100,8,00 B5 C9 3C E1 44 95 4E,speed=0.00
1779777659.662,0x200,8,C1 64 FF 3A AE BF 22 1F,fuel=100.00
1779777659.753,0x300,8,02 D7 59 68 B1 E8 6F 32,temp=42.00
1779777659.852,0x100,8,00 B3 9F 4D A6 AA 70 E4,speed=0.00
1779777659.968,0x200,8,64 64 96 D5 F5 71 C5 27,fuel=100.00
1779777660.042,0x300,8,02 F0 4B 7A AC E2 3A 02,temp=42.00
1779777660.130,0x100,8,00 50 ED F1 6E A6 0B 47,speed=0.00
1779777660.226,0x200,8,D2 64 2C 4D 7A 5A 0D 2C,fuel=100.00
1779777660.327,0x300,8,02 FB 0B DD EA 67 50 8F,temp=42.00
1779777660.401,0x100,8,00 89 01 A0 75 B2 76 57,speed=0.00
1779777660.494,0x200,8,9B 64 B6 70 24 AC B0 A1,fuel=100.00
1779777660.606,0x300,8,02 3F AF 14 9B F0 5C 46,temp=42.00
1779777660.685,0x100,8,00 43 C1 B4 B0 E1 26 4D,speed=0.00
1779777660.785,0x200,8,EE 64 0C 1B 95 A3 9A 15,fuel=100.00
1779777660.868,0x300,8,02 EB 77 7C 99 AF 6F 41,temp=42.00
1779777660.970,0x100,8,00 B6 11 B6 9A 92 25 FC,speed=0.00
1779777661.056,0x200,8,FD 64 8B EB 16 40 0F 81,fuel=100.00
1779777661.151,0x300,8,02 CC F1 86 D4 8F B5 28,temp=42.00
1779777661.243,0x100,8,00 50 DA C5 80 D4 9D 4B,speed=0.00
1779777661.339,0x200,8,61 64 50 32 E7 35 F0 BB,fuel=100.00
1779777661.445,0x300,8,02 26 DC 34 5D BD 7F 75,temp=42.00
1779777661.531,0x100,8,00 4A 49 91 E9 F5 92 49,speed=0.00
1779777661.624,0x200,8,8C 64 DD 7D A9 E9 CA 65,fuel=100.00
1779777661.757,0x300,8,02 48 54 E2 37 F5 4B 4A,temp=42.00
1779777661.821,0x100,8,00 36 C8 81 5D B0 3D 04,speed=0.00
1779777661.914,0x200,8,15 64 1C 1B 24 2B 67 D7,fuel=100.00
1779777661.998,0x300,8,02 97 69 A3 CF C5 50 F5,temp=42.00
1779777662.104,0x100,8,00 FF 58 ED 9B 17 D1 40,speed=0.00
1779777662.181,0x200,8,3C 64 88 83 C3 65 47 01,fuel=100.00
1779777662.277,0x300,8,02 7D 0D 39 ED E4 C4 2F,temp=42.00
1779777662.380,0x100,8,00 FF 38 9F 57 B2 F6 E2,speed=0.00
1779777662.479,0x200,8,2D 64 85 45 9B DE 31 D9,fuel=100.00
1779777662.556,0x300,8,02 CB F1 BE 17 89 15 71,temp=42.00
1779777662.656,0x100,8,00 F7 89 15 B4 EB D2 D9,speed=0.00
1779777662.767,0x200,8,66 64 B1 32 FB 75 37 13,fuel=100.00
1779777662.840,0x300,8,02 D9 3C 95 AF 0F E5 7D,temp=42.00
1779777662.948,0x100,8,00 EA 2D BF D6 F1 46 66,speed=0.00
1779777663.032,0x200,8,AC 64 B1 17 85 BD 2D C4,fuel=100.00
1779777663.122,0x300,8,02 D8 EB A8 EB D1 14 AA,temp=42.00
1779777663.214,0x100,8,00 27 7B F8 0D 6D 0F B6,speed=0.00
1779777663.308,0x200,8,B5 64 3F 85 FE 67 DC 8E,fuel=100.00
1779777663.402,0x300,8,02 9B 56 D5 DF E6 31 24,temp=42.00
1779777663.503,0x100,8,00 24 5A FF F5 DA B8 E1,speed=0.00
1779777663.608,0x200,8,DD 64 88 30 73 FE 4B 67,fuel=100.00
1779777663.692,0x300,8,02 C6 FB 0A 7B C1 72 31,temp=42.00
1779777663.784,0x100,8,00 29 32 FC 74 EF A5 80,speed=0.00
1779777663.868,0x200,8,44 64 16 AD D0 28 9C 58,fuel=100.00
1779777663.963,0x300,8,02 76 BA 54 0D BB 8E 76,temp=42.00
1779777664.067,0x100,8,00 F4 24 60 BB 09 58 D5,speed=0.00
1779777664.153,0x200,8,BE 64 39 4C A9 A2 4D 49,fuel=100.00
1779777664.257,0x300,8,02 DD 57 5F FF 6C 9C 92,temp=42.00
1779777664.340,0x100,8,00 AC 9C 4A BA 2E C7 4C,speed=0.00
1779777664.431,0x200,8,77 64 28 01 90 E5 08 38,fuel=100.00
1779777664.534,0x300,8,02 4A BE 21 03 C0 CC E2,temp=42.00
1779777664.618,0x100,8,00 03 FA 37 7A F2 06 3C,speed=0.00
1779777664.720,0x200,8,A3 64 96 22 29 BB 98 B8,fuel=100.00
1779777664.806,0x300,8,02 DF A3 AA 4C 4E 90 D2,temp=42.00
1779777664.926,0x100,8,00 B6 A6 BB 76 03 42 CE,speed=0.00
1779777665.004,0x200,8,4C 64 56 64 56 0E 3D DE,fuel=100.00
1779777665.109,0x300,8,02 72 D2 BB 89 F6 ED 68,temp=42.00
1779777665.181,0x100,8,00 C1 86 63 B8 8E 29 B8,speed=0.00
1779777665.285,0x200,8,6E 64 9A AC BB 8A 3C ED,fuel=100.00
1779777665.378,0x300,8,02 8C 7F 87 FF 31 70 D6,temp=42.00
1779777665.507,0x100,8,00 C4 D5 7C E7 E7 19 3B,speed=0.00
1779777665.569,0x200,8,3B 64 9F CB FB 12 60 35,fuel=100.00
1779777665.660,0x300,8,02 45 4E 24 2F 92 DB 76,temp=42.00
1779777665.751,0x100,8,00 3E AA E8 9E 6E B9 2B,speed=0.00
1779777665.838,0x200,8,89 64 A1 00 95 98 AE CD,fuel=100.00
1779777665.949,0x300,8,02 85 B5 19 D7 E0 BF BE,temp=42.00
1779777666.035,0x100,8,00 45 31 47 91 6B 82 DC,speed=0.00
1779777666.131,0x200,8,08 64 81 0F ED FE EC 93,fuel=100.00
1779777666.223,0x300,8,02 86 16 0B F1 00 FA 9E,temp=42.00
1779777666.325,0x100,8,00 21 10 6C 9E CA 98 B9,speed=0.00
1779777666.401,0x200,8,14 64 88 0A 70 24 5C EF,fuel=100.00
1779777666.501,0x300,8,02 DF B0 D9 81 A1 16 9F,temp=42.00
1779777666.607,0x100,8,00 FE 77 C6 C9 14 4C E2,speed=0.00
1779777666.685,0x200,8,5E 64 EE A2 8F 47 9E 4F,fuel=100.00
1779777666.790,0x300,8,02 7B 77 70 87 07 C1 C6,temp=42.00
1779777666.872,0x100,8,00 F2 55 B8 BA 42 B3 7F,speed=0.00
1779777666.973,0x200,8,0B 64 5B C7 30 01 C2 99,fuel=100.00
1779777667.073,0x300,8,02 69 91 2F 2D 19 32 BD,temp=42.00
1779777667.150,0x100,8,00 A8 40 BD A1 93 58 73,speed=0.00
1779777667.253,0x200,8,20 64 B2 C2 2F 40 42 EC,fuel=100.00
1779777667.348,0x300,8,02 C3 A0 BE A0 91 65 C4,temp=42.00
1779777667.443,0x100,8,00 36 27 73 3A 96 5B 94,speed=0.00
1779777667.542,0x200,8,73 64 07 C3 44 9C 72 C9,fuel=100.00
1779777667.634,0x300,8,02 6A 9D D8 F6 27 01 C0,temp=42.00
1779777667.712,0x100,8,00 38 CC DA AA 86 6F 19,speed=0.00
1779777667.818,0x200,8,3F 64 4E 3A 30 E5 1E 1E,fuel=100.00
1779777667.927,0x300,8,02 66 52 FF 5B 1A 80 8F,temp=42.00
1779777668.024,0x100,8,00 0B CC 2E FF AB BD 97,speed=0.00
1779777668.102,0x200,8,39 64 30 0F 4C 41 94 A0,fuel=100.00
1779777668.187,0x300,8,02 73 1F 3E BB 35 CA 8A,temp=42.00
1779777668.285,0x100,8,00 4D F3 CC DD 4C F4 5A,speed=0.00
1779777668.385,0x200,8,6F 64 66 A4 2F D8 7B B7,fuel=100.00
1779777668.467,0x300,8,02 EA C2 DB AF 2E 06 6D,temp=42.00
1779777668.573,0x100,8,00 3D F5 B0 01 67 45 E0,speed=0.00
1779777668.651,0x200,8,17 64 C5 62 23 E9 85 D5,fuel=100.00
1779777668.757,0x300,8,02 0A 13 B3 BC 74 A9 AE,temp=42.00
1779777668.859,0x100,8,00 43 1C EE F0 D0 1F F7,speed=0.00
1779777668.937,0x200,8,D0 64 9D 4D 4B A1 FA 62,fuel=100.00
1779777669.027,0x300,8,02 47 CF 6B AE 2E 49 07,temp=42.00
1779777669.145,0x100,8,00 87 6C 42 B3 3F 02 A9,speed=0.00
1779777669.219,0x200,8,9B 64 A1 0E 86 BB B2 63,fuel=100.00
1779777669.317,0x300,8,02 C4 9B 4A 18 B0 13 58,temp=42.00
1779777669.407,0x100,8,00 56 B4 3E 6C 17 6F A8,speed=0.00
1779777669.502,0x200,8,11 64 0A E2 90 F4 38 5E,fuel=100.00
1779777669.603,0x300,8,02 F5 E1 EB 9B 55 5E 6A,temp=42.00
1779777669.689,0x100,8,00 F4 05 E2 0E 2B 48 DF,speed=0.00
1779777669.779,0x200,8,48 64 9E 90 3A 80 B3 4C,fuel=100.00
1779777669.875,0x300,8,02 38 C2 16 3D 2B 0D 0E,temp=42.00
1779777669.977,0x100,8,00 79 B1 D8 64 28 FD E1,speed=0.00
1779777670.069,0x200,8,A1 64 D9 83 52 E2 57 35,fuel=100.00
1779777670.154,0x300,8,02 DA 22 B8 25 AD 55 4D,temp=42.00
1779777670.248,0x100,8,00 39 F4 D8 73 D1 1B 5E,speed=0.00
1779777670.343,0x200,8,E4 64 38 E7 06 30 31 40,fuel=100.00
1779777670.431,0x300,8,02 A8 52 5D B0 AA 05 9C,temp=42.00
1779777670.555,0x100,8,00 EA 3E 74 25 68 AB DA,speed=0.00
1779777670.620,0x200,8,72 64 1A 0F 6C C2 0D F5,fuel=100.00
1779777670.718,0x300,8,02 24 A6 91 51 D3 10 08,temp=42.00
1779777670.822,0x100,8,00 98 C7 8F 23 AD C6 94,speed=0.00
1779777670.900,0x200,8,3C 64 E2 1A E5 B3 FD FB,fuel=100.00
1779777671.015,0x300,8,02 D9 9B 06 4E 1C C7 D4,temp=42.00
1779777671.106,0x100,8,00 7A 2B E0 E1 8F B3 B2,speed=0.00
1779777671.186,0x200,8,79 64 A5 2A B0 A3 65 CC,fuel=100.00
1779777671.287,0x300,8,02 43 F1 0D FE 85 7A 13,temp=42.00
1779777671.378,0x100,8,00 C1 A2 9B 24 D2 C8 B1,speed=0.00
1779777671.466,0x200,8,D4 64 23 37 FE 5D 26 C5,fuel=100.00
1779777671.568,0x300,8,02 14 6F 90 39 F4 18 4B,temp=42.00
1779777671.652,0x100,8,00 D6 5F 4A D0 FC 35 1C,speed=0.00
1779777671.751,0x200,8,5B 64 DD 91 EF 4B D0 84,fuel=100.00
1779777671.851,0x300,8,02 3A C2 28 F0 F9 FC 6A,temp=42.00
1779777671.949,0x100,8,00 C0 CA 43 E9 D6 2D 30,speed=0.00
1779777672.036,0x200,8,6A 64 E3 56 82 E9 C9 88,fuel=100.00
1779777672.120,0x300,8,02 A7 28 A2 4B 1D 90 15,temp=42.00
1779777672.219,0x100,8,00 A0 A4 06 F8 BE 7C FF,speed=0.00
1779777672.318,0x200,8,C5 64 85 EC 61 B7 CD EE,fuel=100.00
1779777672.420,0x300,8,02 D6 4C B6 6B 39 43 D5,temp=42.00
1779777672.506,0x100,8,00 6C E8 EB 62 52 AE 25,speed=0.00
1779777672.587,0x200,8,AC 64 48 5E 1C 76 34 F7,fuel=100.00
1779777672.692,0x300,8,02 50 C7 1E 4F 14 5E 9E,temp=42.00
1779777672.806,0x100,8,00 EF FB 63 AF 0A 5A EF,speed=0.00
1779777672.881,0x200,8,DD 64 9E A5 B5 1E 97 8C,fuel=100.00
1779777672.964,0x300,8,02 B3 9F 1D 7C D1 46 AF,temp=42.00
1779777673.075,0x100,8,00 F4 DF 35 A2 DC 51 EA,speed=0.00
1779777673.158,0x200,8,AB 64 0F B9 6D CD CE 09,fuel=100.00
1779777673.252,0x300,8,02 77 E1 F6 E6 C8 F7 FC,temp=42.00
1779777673.351,0x100,8,00 5D 9D BC 23 D4 E3 4A,speed=0.00
1779777673.435,0x200,8,A7 64 76 77 B3 B8 C6 08,fuel=100.00
1779777673.536,0x300,8,02 BA 93 A4 2A 7E ED 74,temp=42.00
1779777673.623,0x100,8,00 29 BE 66 5E F2 15 40,speed=0.00
1779777673.725,0x200,8,36 64 BD 38 AE B1 1F 5A,fuel=100.00
1779777673.819,0x300,8,02 3F D3 E5 5A B2 6C 14,temp=42.00
1779777673.901,0x100,8,00 7F 9F F5 48 0B F6 EE,speed=0.00
1779777674.011,0x200,8,B6 64 D8 B3 37 CB 9F A6,fuel=100.00
1779777674.102,0x300,8,02 B6 CF 7A 89 77 A0 37,temp=42.00
1779777674.184,0x100,8,00 C9 86 5C 74 7F 96 6B,speed=0.00
1779777674.291,0x200,8,50 64 85 0C 19 09 F4 01,fuel=100.00
1779777674.377,0x300,8,02 98 54 13 22 AD 52 03,temp=42.00
1779777674.470,0x100,8,00 9A E6 A6 FB C8 2F 5B,speed=0.00
1779777674.570,0x200,8,2D 64 14 90 94 A4 E1 4F,fuel=100.00
1779777674.657,0x300,8,02 F7 28 8F F4 DB EC 03,temp=42.00
1779777674.761,0x100,8,00 02 64 0D 4E F3 88 FD,speed=0.00
1779777674.864,0x200,8,85 64 24 6B 27 42 F7 46,fuel=100.00
1779777674.936,0x300,8,02 58 31 1C 04 64 6B 1F,temp=42.00
1779777675.041,0x100,8,00 59 DC 00 6D 23 C6 96,speed=0.00
1779777675.149,0x200,8,9F 64 E5 49 6A DE 55 0A,fuel=100.00
1779777675.218,0x300,8,02 4D 06 0C A0 66 8A 54,temp=42.00
1779777675.308,0x100,8,00 E4 B6 75 95 75 0A AA,speed=0.00
1779777675.402,0x200,8,E3 64 24 0A 1B 88 FF 50,fuel=100.00
1779777675.501,0x300,8,02 A3 E5 88 FD 57 FB 89,temp=42.00
1779777675.602,0x100,8,00 88 95 31 82 D4 AF 7C,speed=0.00
1779777675.686,0x200,8,FA 64 A7 44 A1 55 91 E5,fuel=100.00
1779777675.785,0x300,8,02 FC 28 C5 46 27 21 B4,temp=42.00
1779777675.869,0x100,8,00 97 F8 A7 9C 99 61 A6,speed=0.00
1779777675.975,0x200,8,29 64 BB AA 73 70 BF F5,fuel=100.00
1779777676.059,0x300,8,02 00 81 65 A4 9A D0 04,temp=42.00
1779777676.151,0x100,8,00 96 65 4B FB 4B 51 9E,speed=0.00
1779777676.258,0x200,8,1E 64 E8 79 8D F2 B7 60,fuel=100.00
1779777676.352,0x300,8,02 49 21 05 89 CF 41 B6,temp=42.00
1779777676.436,0x100,8,00 0E 87 78 80 87 6E 44,speed=0.00
1779777676.538,0x200,8,3A 64 21 82 59 D9 98 52,fuel=100.00
1779777676.620,0x300,8,02 78 A6 0F D4 46 8E 7C,temp=42.00
1779777676.725,0x100,8,00 0A 8D 2C 5D 5C 7E 10,speed=0.00
1779777676.818,0x200,8,11 64 F2 EF D4 8E 67 78,fuel=100.00
1779777676.925,0x300,8,02 4B BB B6 2E 94 1C 09,temp=42.00
1779777677.003,0x100,8,00 A8 38 D3 F4 A0 95 98,speed=0.00
1779777677.102,0x200,8,F0 64 98 4D CF D3 B4 FA,fuel=100.00
1779777677.186,0x300,8,02 04 18 71 08 33 21 61,temp=42.00
1779777677.285,0x100,8,00 7D 98 14 DC 62 D9 5C,speed=0.00
1779777677.373,0x200,8,42 64 1F 9D C1 26 BD 5A,fuel=100.00
1779777677.468,0x300,8,02 40 EB D5 1E 1E 96 54,temp=42.00
1779777677.567,0x100,8,00 50 DF 7E 6B D9 C7 32,speed=0.00
1779777677.651,0x200,8,E4 64 1A 1C 6A 3C F4 F2,fuel=100.00
1779777677.754,0x300,8,02 6F 94 3D CD FE DA 63,temp=42.00
1779777677.848,0x100,8,00 99 73 CE 0C C5 46 B2,speed=0.00
1779777677.960,0x200,8,6A 64 98 B1 E9 9D F2 2B,fuel=100.00
1779777678.035,0x300,8,02 36 4C A0 11 2F 3D 91,temp=42.00
1779777678.127,0x100,8,00 A6 E5 ED 03 E1 70 9D,speed=0.00
1779777678.219,0x200,8,E2 64 43 02 4D 4F A8 82,fuel=100.00
1779777678.320,0x300,8,02 F0 60 62 D7 B4 88 6F,temp=42.00
1779777678.402,0x100,8,00 99 79 EF 05 5C 0A 93,speed=0.00
1779777678.501,0x200,8,41 64 AF 17 67 D0 EE 2B,fuel=100.00
1779777678.602,0x300,8,02 7F E6 81 A9 89 7C 6D,temp=42.00
1779777678.686,0x100,8,00 C6 20 86 AA 35 43 62,speed=0.00
1779777678.775,0x200,8,8C 64 06 42 3A 9D 3B 70,fuel=100.00
1779777678.895,0x300,8,02 F3 4B 40 8C E9 03 B4,temp=42.00
1779777678.999,0x100,8,00 D2 70 63 1B 43 CF CB,speed=0.00
1779777679.060,0x200,8,D9 64 E5 B5 66 67 3A B2,fuel=100.00
1779777679.151,0x300,8,02 18 FD D9 2B 29 2B 59,temp=42.00
1779777679.264,0x100,8,00 3B 85 D8 69 CC AB 7B,speed=0.00
1779777679.356,0x200,8,A8 64 40 4C 5A EF AB 3E,fuel=100.00
1779777679.438,0x300,8,02 26 45 BD 85 C4 AE 1B,temp=42.00
1779777679.535,0x100,8,00 C0 02 3D 3A DD 8F 68,speed=0.00
1779777679.628,0x200,8,FA 64 EF 61 09 B8 62 37,fuel=100.00
1779777679.719,0x300,8,02 26 3E 51 3E A9 23 5A,temp=42.00
1779777679.819,0x100,8,00 F7 ED 9C 37 95 5B 1F,speed=0.00
1779777679.901,0x200,8,07 64 D8 16 B9 FB 00 C1,fuel=100.00
1779777679.997,0x300,8,02 75 A0 BF E4 34 89 92,temp=42.00
1779777680.095,0x100,8,00 93 28 DF C4 D1 DC FB,speed=0.00
1779777680.186,0x200,8,68 64 28 BF F1 D0 30 FA,fuel=100.00
1779777680.281,0x300,8,02 00 FA 49 B7 FD 9A 90,temp=42.00
1779777680.376,0x100,8,00 76 2B B4 F5 B4 25 61,speed=0.00
1779777680.468,0x200,8,D9 64 77 05 A0 6E 58 79,fuel=100.00
1779777680.579,0x300,8,02 4D B5 36 14 D7 B3 2B,temp=42.00
1779777680.661,0x100,8,00 5B 6A 3C 60 4F 1B C9,speed=0.00
1779777680.752,0x200,8,96 64 9D CE 77 7E 1C BA,fuel=100.00
1779777680.841,0x300,8,02 E2 B4 57 0A 50 E6 F6,temp=42.00
1779777680.935,0x100,8,00 20 7F 8E 8B 3B EF 93,speed=0.00
1779777681.035,0x200,8,8C 64 38 52 EA FD D4 47,fuel=100.00
1779777681.134,0x300,8,02 9B D5 34 5D C6 C3 36,temp=42.00
1779777681.219,0x100,8,00 73 00 AF 8F 9E EC 55,speed=0.00
1779777681.315,0x200,8,AE 64 9C F2 F3 31 E6 CB,fuel=100.00
1779777681.408,0x300,8,02 A1 C3 46 9F 89 D2 17,temp=42.00
1779777681.518,0x100,8,00 61 4C ED 9A 4A 42 2A,speed=0.00
1779777681.590,0x200,8,2E 64 10 90 70 40 F8 DA,fuel=100.00
1779777681.696,0x300,8,02 F8 3B D6 5A 83 65 AE,temp=42.00
1779777681.792,0x100,8,00 4F 4D 2E 70 AC 8E D3,speed=0.00
1779777681.869,0x200,8,73 64 6A FE A2 0B 1D 74,fuel=100.00
1779777681.973,0x300,8,02 16 2A 55 B7 CD 5A E4,temp=42.00
1779777682.058,0x100,8,00 D0 7C 33 68 7B 8B 27,speed=0.00
1779777682.160,0x200,8,3D 64 3E F4 C4 5B E5 E7,fuel=100.00
1779777682.245,0x300,8,02 0E 3B 69 0C AA 4C 71,temp=42.00
1779777682.342,0x100,8,00 08 DB 08 4A 41 A1 49,speed=0.00
1779777682.435,0x200,8,A1 64 E8 7E F2 1A 17 26,fuel=100.00
1779777682.535,0x300,8,02 98 FB 34 BA A8 C5 00,temp=42.00
1779777682.621,0x100,8,00 7E E3 5D B8 99 84 D2,speed=0.00
1779777682.716,0x200,8,32 64 DA CE 90 3A 31 D7,fuel=100.00
1779777682.822,0x300,8,02 3A EB 36 49 F7 06 46,temp=42.00
1779777682.922,0x100,8,00 ED 8B E2 56 DF 4A AE,speed=0.00
1779777682.994,0x200,8,FF 64 04 45 3F 4C 1F 07,fuel=100.00
1779777683.111,0x300,8,02 01 5B 16 10 CA 48 C4,temp=42.00
1779777683.186,0x100,8,00 FB 3B 06 10 D3 C7 79,speed=0.00
1779777683.275,0x200,8,5C 64 BF 9F 97 C7 EB 2C,fuel=100.00
1779777683.373,0x300,8,02 59 96 0D 16 B7 E0 0C,temp=42.00
1779777683.462,0x100,8,00 6E 9A FC 51 09 CE 20,speed=0.00
1779777683.564,0x200,8,6B 64 91 9D 55 D0 A1 76,fuel=100.00
1779777683.652,0x300,8,02 8F AC D5 04 4A 9E 54,temp=42.00
1779777683.753,0x100,8,00 48 59 26 58 30 26 27,speed=0.00
1779777683.842,0x200,8,62 64 60 3D 74 BE 86 74,fuel=100.00
1779777683.936,0x300,8,02 9D 0D 74 17 AA AA B8,temp=42.00
1779777684.040,0x100,8,00 5A 14 42 10 36 85 B9,speed=0.00
1779777684.140,0x200,8,AE 64 F2 BD 17 FC 6B F1,fuel=100.00
1779777684.212,0x300,8,02 6D CC ED A2 2F B7 A6,temp=42.00
1779777684.315,0x100,8,00 45 D6 59 9C DB DB 01,speed=0.00
1779777684.424,0x200,8,7F 64 DF F2 89 CC 6F 9A,fuel=100.00
1779777684.525,0x300,8,02 C9 7B 94 0E 5B 44 10,temp=42.00
1779777684.645,0x100,8,00 57 71 F8 65 24 10 1D,speed=0.00
1779777684.692,0x200,8,28 64 F1 F5 FC D8 0B 54,fuel=100.00
1779777684.790,0x300,8,02 E3 CF DC 1E D1 93 5C,temp=42.00
1779777684.901,0x100,8,00 73 30 94 65 5F E2 B9,speed=0.00
1779777685.005,0x200,8,AB 64 FC CE 3B 65 95 52,fuel=100.00
1779777685.070,0x300,8,02 B8 06 B7 69 8B E2 22,temp=42.00
1779777685.164,0x100,8,00 3E 1B 10 81 77 DB 5D,speed=0.00
1779777685.282,0x200,8,50 64 BD 22 02 27 6E B0,fuel=100.00
1779777685.352,0x300,8,02 35 D8 C2 B9 AE C7 41,temp=42.00
1779777685.436,0x100,8,00 65 CE C2 42 51 44 71,speed=0.00
1779777685.537,0x200,8,A2 64 45 AE 2D D6 7D 05,fuel=100.00
1779777685.633,0x300,8,02 D9 1A EB 81 5D 9C 9B,temp=42.00
1779777685.723,0x100,8,00 A6 EB 8B 80 09 1B 72,speed=0.00
1779777685.807,0x200,8,68 64 B4 EB 07 A6 66 22,fuel=100.00
1779777685.903,0x300,8,02 E2 CC 83 E0 6F 2C B6,temp=42.00
1779777686.004,0x100,8,00 DB 24 74 60 15 A8 FA,speed=0.00
1779777686.126,0x200,8,6E 64 88 C9 36 11 70 0E,fuel=100.00
1779777686.185,0x300,8,02 41 37 5D F0 C6 50 F0,temp=42.00
1779777686.285,0x100,8,00 99 1D 81 90 1B 0E DB,speed=0.00
1779777686.368,0x200,8,14 64 C7 33 66 AE 51 A9,fuel=100.00
1779777686.469,0x300,8,02 08 A7 0E 29 B7 E8 6D,temp=42.00
1779777686.570,0x100,8,00 5E F1 7E 2D BD F3 5D,speed=0.00
1779777686.668,0x200,8,B0 64 44 48 39 A2 A0 0E,fuel=100.00
1779777686.752,0x300,8,02 50 FF 9C 80 1E 6D 6B,temp=42.00
1779777686.852,0x100,8,00 A7 8F 7C F1 E7 F6 8D,speed=0.00
1779777686.938,0x200,8,37 64 22 54 1F 00 0D 71,fuel=100.00
1779777687.041,0x300,8,02 19 1F C9 99 7A 3D CD,temp=42.00
1779777687.118,0x100,8,00 B6 E2 5F AC 79 5E B6,speed=0.00
1779777687.220,0x200,8,A2 64 A2 B8 93 E0 4C 45,fuel=100.00
1779777687.321,0x300,8,02 47 84 B8 3E 19 39 DE,temp=42.00
1779777687.406,0x100,8,00 B6 3C EC 50 01 B4 42,speed=0.00
1779777687.500,0x200,8,76 64 13 B0 5B 65 B7 45,fuel=100.00
1779777687.592,0x300,8,02 39 95 08 51 05 66 40,temp=42.00
1779777687.712,0x100,8,00 21 E4 26 F4 8F 7C DA,speed=0.00
1779777687.785,0x200,8,C7 64 A8 1C AE 0D 26 05,fuel=100.00
1779777687.882,0x300,8,02 DF 77 29 5A D0 70 23,temp=42.00
1779777687.984,0x100,8,00 47 0F 3A CB 51 63 0F,speed=0.00
1779777688.079,0x200,8,75 64 77 1F 92 04 0C 92,fuel=100.00
1779777688.153,0x300,8,02 02 EC D1 A4 63 73 F2,temp=42.00
1779777688.254,0x100,8,00 65 A7 9F 05 75 24 59,speed=0.00
1779777688.341,0x200,8,F5 64 58 00 77 81 24 6F,fuel=100.00
1779777688.439,0x300,8,02 73 11 E2 54 71 7D AB,temp=42.00
1779777688.535,0x100,8,00 DC 27 3A 41 A5 41 20,speed=0.00
1779777688.623,0x200,8,58 64 AA 8A 34 88 44 F8,fuel=100.00
1779777688.718,0x300,8,02 11 F7 BD AF 9E 12 DC,temp=42.00
1779777688.810,0x100,8,00 34 9F 64 6E 05 B7 65,speed=0.00
1779777688.923,0x200,8,B6 64 03 9E 2C 50 6E 70,fuel=100.00
1779777689.005,0x300,8,02 A2 EE E9 BB B7 64 11,temp=42.00
1779777689.090,0x100,8,00 FF 78 88 A7 B8 72 76,speed=0.00
1779777689.199,0x200,8,40 64 D3 5B B7 B7 AC 25,fuel=100.00
1779777689.285,0x300,8,02 82 96 AA D3 15 EE 94,temp=42.00
1779777689.374,0x100,8,00 04 20 6C D0 05 63 0B,speed=0.00
1779777689.470,0x200,8,1E 64 04 C8 38 FF 72 2F,fuel=100.00
1779777689.562,0x300,8,02 98 5A 23 F7 D5 E5 A1,temp=42.00
1779777689.654,0x100,8,00 0F 0E 03 A3 9B 9D F7,speed=0.00
1779777689.748,0x200,8,DF 64 0F 51 F5 F2 05 35,fuel=100.00
1779777689.872,0x300,8,02 54 71 6D 74 C5 B2 F8,temp=42.00
1779777689.960,0x100,8,00 62 BF 12 FD F1 5F ED,speed=0.00
1779777690.030,0x200,8,A5 64 A6 29 23 22 BF 53,fuel=100.00
1779777690.155,0x300,8,02 C2 7E F5 B9 12 FB 9B,temp=42.00
1779777690.249,0x100,8,00 4A 26 C9 FB 0E 7A AD,speed=0.00
1779777690.327,0x200,8,00 64 F6 21 8F A0 B2 34,fuel=100.00
1779777690.429,0x300,8,02 DD 17 A8 5A 89 D8 1C,temp=42.00
1779777690.503,0x100,8,00 79 E8 96 6F 42 9C 24,speed=0.00
1779777690.604,0x200,8,51 64 2D BD E8 08 FC 59,fuel=100.00
1779777690.713,0x300,8,02 82 CC E8 46 5E 18 AB,temp=42.00
1779777690.785,0x100,8,00 7B 1F C1 52 40 95 E2,speed=0.00
1779777690.875,0x200,8,B6 64 BA 0B 86 DF C5 86,fuel=100.00
1779777690.973,0x300,8,02 AC BE 6C 96 6D E1 F0,temp=42.00
1779777691.060,0x100,8,00 EF 0B 81 2B 63 7F 4B,speed=0.00
1779777691.164,0x200,8,39 64 69 E8 08 09 10 AA,fuel=100.00
1779777691.252,0x300,8,02 15 61 B7 EC 59 F3 6C,temp=42.00
1779777691.353,0x100,8,00 A8 B1 3E ED 6D D1 AF,speed=0.00
1779777691.446,0x200,8,11 64 BE 38 35 F4 7F C9,fuel=100.00
1779777691.532,0x300,8,02 9B 86 67 AE B4 15 03,temp=42.00
1779777691.628,0x100,8,00 61 F9 35 3F 42 3C 2D,speed=0.00
1779777691.718,0x200,8,6C 64 FD CD A2 73 E9 23,fuel=100.00
1779777691.808,0x300,8,02 CD 56 A5 63 5C 3D 79,temp=42.00
1779777691.932,0x100,8,00 DE 8D 43 67 85 D1 5A,speed=0.00
1779777692.004,0x200,8,42 64 1E 21 5F 77 F7 88,fuel=100.00
1779777692.092,0x300,8,02 DE AD F8 35 A2 B2 9E,temp=42.00
1779777692.185,0x100,8,00 91 A1 06 A2 0F 80 02,speed=0.00
1779777692.297,0x200,8,34 64 AF 9F 2C A4 BF 44,fuel=100.00
1779777692.375,0x300,8,02 A4 ED 85 4D EA 3B 3F,temp=42.00
1779777692.468,0x100,8,00 83 DF EE DC 3A CA 79,speed=0.00
1779777692.557,0x200,8,64 64 CD 46 9C 53 09 61,fuel=100.00
1779777692.653,0x300,8,02 DC C4 B2 CD FD BE C6,temp=42.00
1779777692.771,0x100,8,00 C3 7C 0D 0A 61 DB 85,speed=0.00
1779777692.846,0x200,8,34 64 20 8A 09 A0 74 4E,fuel=100.00
1779777692.954,0x300,8,02 53 2D 8C 30 56 5F 30,temp=42.00
1779777693.046,0x100,8,00 5D 0C B4 B1 7A FE C2,speed=0.00
1779777693.125,0x200,8,0A 64 B9 6B 21 01 A9 83,fuel=100.00
1779777693.226,0x300,8,02 85 9D 8D 96 8C 06 21,temp=42.00
1779777693.318,0x100,8,00 5C BC 52 58 C3 85 CF,speed=0.00
1779777693.402,0x200,8,15 64 C5 54 A2 65 87 F0,fuel=100.00
1779777693.496,0x300,8,02 43 FA 32 F2 BD 09 9B,temp=42.00
1779777693.590,0x100,8,00 5D 68 A1 DB 38 D6 08,speed=0.00
1779777693.684,0x200,8,22 64 95 1C E8 83 30 65,fuel=100.00
1779777693.793,0x300,8,02 E9 48 2D 24 E1 81 6A,temp=42.00
1779777693.882,0x100,8,00 6C 0E 91 9E A4 2A 1A,speed=0.00
1779777693.970,0x200,8,ED 64 C1 9D 69 34 DC C1,fuel=100.00
1779777694.076,0x300,8,02 B5 27 FC B0 92 3A 8C,temp=42.00
1779777694.155,0x100,8,00 17 F2 0B F2 5C C9 58,speed=0.00
1779777694.256,0x200,8,FD 64 05 E4 77 E5 54 89,fuel=100.00
1779777694.344,0x300,8,02 F7 A5 E4 D0 FA 9A E8,temp=42.00
1779777694.438,0x100,8,00 A2 CC 7F 0B CD 1C 0A,speed=0.00
1779777694.535,0x200,8,42 64 4A 28 BB CF A2 42,fuel=100.00
1779777694.625,0x300,8,02 83 76 1F 2D 20 E4 F8,temp=42.00
1779777694.726,0x100,8,00 AD 42 F5 DF 2B 7D 15,speed=0.00
1779777694.818,0x200,8,0E 64 4F 32 BF 57 4E DD,fuel=100.00
1779777694.902,0x300,8,02 50 4E 3C 80 D2 DE FA,temp=42.00
1779777694.995,0x100,8,00 45 E7 16 82 AE CF A6,speed=0.00
1779777695.118,0x200,8,A8 64 A2 DB 42 FC 2A 7F,fuel=100.00
1779777695.201,0x300,8,02 C2 74 40 65 E3 70 64,temp=42.00
1779777695.298,0x100,8,00 12 61 8F B9 CD 44 51,speed=0.00
1779777695.375,0x200,8,57 64 E8 0F 4C E5 68 F1,fuel=100.00
1779777695.479,0x300,8,02 B5 8C E2 DA 7E E2 1D,temp=42.00
1779777695.568,0x100,8,00 7B 3B D2 65 79 98 DB,speed=0.00
1779777695.649,0x200,8,9B 64 6A 65 2B 2F BD F4,fuel=100.00
1779777695.753,0x300,8,02 49 58 B2 61 8B C4 96,temp=42.00
1779777695.860,0x100,8,00 39 F6 F9 1E DF FA 8F,speed=0.00
1779777695.966,0x200,8,16 64 E7 74 55 03 1D 4F,fuel=100.00
1779777696.035,0x300,8,02 47 E8 EC A2 04 3C A4,temp=42.00
1779777696.123,0x100,8,00 07 77 62 08 B2 61 C8,speed=0.00
1779777696.223,0x200,8,40 64 B9 8F 2B 55 F8 48,fuel=100.00
1779777696.310,0x300,8,02 4A 06 FC DA 38 9C 08,temp=42.00
1779777696.401,0x100,8,00 48 46 4A 2A CF 80 13,speed=0.00
1779777696.495,0x200,8,9A 64 8E B3 70 A5 D5 18,fuel=100.00
1779777696.606,0x300,8,02 B0 25 4E B6 FE 87 99,temp=42.00
1779777696.691,0x100,8,00 10 83 72 2E E9 27 F3,speed=0.00
1779777696.783,0x200,8,1B 64 AD 82 34 47 D8 81,fuel=100.00
1779777696.871,0x300,8,02 B6 0B 23 F9 26 15 18,temp=42.00
1779777696.975,0x100,8,00 CB 9C 38 5B 62 7B F1,speed=0.00
1779777697.087,0x200,8,74 64 40 F3 62 28 52 9F,fuel=100.00
1779777697.173,0x300,8,02 80 4D 31 BB C7 CC 1D,temp=42.00
1779777697.252,0x100,8,00 1D 9C EE 1E B0 23 F6,speed=0.00
1779777697.338,0x200,8,91 64 4E EA F3 7E E4 43,fuel=100.00
1779777697.444,0x300,8,02 7E 06 2B 24 7E 37 98,temp=42.00
1779777697.535,0x100,8,00 72 73 5D 51 89 48 7E,speed=0.00
1779777697.628,0x200,8,6F 64 E4 A0 64 6A E6 8E,fuel=100.00
1779777697.718,0x300,8,02 C1 D3 B2 F4 DA A5 FD,temp=42.00
1779777697.822,0x100,8,00 9B CF 7F A1 F0 B4 F7,speed=0.00
1779777697.909,0x200,8,B1 64 C4 94 7A 6D 25 27,fuel=100.00
1779777697.996,0x300,8,02 C0 95 88 A4 B1 27 BD,temp=42.00
1779777698.109,0x100,8,00 FF 2D 6D 0B F3 7B 32,speed=0.00
1779777698.187,0x200,8,71 64 13 D7 6C 72 68 99,fuel=100.00
1779777698.290,0x300,8,02 67 88 54 87 58 DE 8D,temp=42.00
1779777698.369,0x100,8,00 6B 4F FE 39 83 B3 D2,speed=0.00
1779777698.469,0x200,8,87 64 4F 01 50 BD 5B 06,fuel=100.00
1779777698.558,0x300,8,02 A0 C8 19 E5 EA 72 28,temp=42.00
1779777698.656,0x100,8,00 54 18 DC FE 59 88 97,speed=0.00
1779777698.760,0x200,8,8B 64 CA A3 DA 58 B4 A2,fuel=100.00
1779777698.842,0x300,8,02 36 58 F4 C9 6C 54 CD,temp=42.00
1779777698.945,0x100,8,00 5E 1B C4 29 F9 2B 17,speed=0.00
1779777699.032,0x200,8,77 64 5C EF 1D 8E B0 B0,fuel=100.00
1779777699.120,0x300,8,02 08 CC 64 9E F8 98 DB,temp=42.00
1779777699.231,0x100,8,00 39 85 D7 71 B3 22 49,speed=0.00
1779777699.311,0x200,8,3E 64 5C FF F2 22 F4 92,fuel=100.00
1779777699.401,0x300,8,02 0E 88 30 D0 37 9D 13,temp=42.00
1779777699.501,0x100,8,00 4A 9E 5F E6 39 05 13,speed=0.00
1779777699.592,0x200,8,2A 64 D3 29 08 71 A4 0C,fuel=100.00
1779777699.687,0x300,8,02 70 BD EF 63 87 83 D4,temp=42.00
1779777699.778,0x100,8,00 9E 64 4F B7 01 8E 33,speed=0.00
1779777699.878,0x200,8,B6 64 3B 00 D6 15 00 17,fuel=100.00
1779777699.969,0x300,8,02 13 DD 90 E6 82 C6 D2,temp=42.00
1779777700.073,0x100,8,00 8E 2C 05 5B 6C 54 AA,speed=0.00
1779777700.159,0x200,8,37 64 5E 29 7B B3 23 4A,fuel=100.00
1779777700.253,0x300,8,02 06 E1 97 0D 7F A8 F5,temp=42.00
1779777700.382,0x100,8,00 CF 2E 6A 67 B5 53 7C,speed=0.00
1779777700.446,0x200,8,87 64 D3 1B 80 4B 33 15,fuel=100.00
1779777700.552,0x300,8,02 6A C9 11 8C 6B 94 21,temp=42.00
1779777700.646,0x100,8,00 C2 79 72 FD 7B C4 CB,speed=0.00
1779777700.723,0x200,8,4C 64 59 24 FE 9D C2 B1,fuel=100.00
1779777700.819,0x300,8,02 A3 FA 38 84 52 56 20,temp=42.00
1779777700.913,0x100,8,00 D8 75 8C B8 B3 9A 0D,speed=0.00
1779777701.012,0x200,8,AC 64 95 20 07 0A 46 94,fuel=100.00
1779777701.099,0x300,8,02 A6 6B AC AD 42 1E CE,temp=42.00
1779777701.214,0x100,8,00 78 14 18 BD B8 72 07,speed=0.00
1779777701.290,0x200,8,FB 64 D6 24 81 D1 37 4C,fuel=100.00
1779777701.373,0x300,8,02 6A D9 12 59 93 9E B1,temp=42.00
1779777701.488,0x100,8,00 7C 22 86 7E 0F 63 E3,speed=0.00
1779777701.575,0x200,8,1F 64 92 CF A5 9F 4B 23,fuel=100.00
1779777701.665,0x300,8,02 A5 84 80 65 0A 64 53,temp=42.00
1779777701.762,0x100,8,00 1D 09 79 F4 F9 4E 29,speed=0.00
1779777701.875,0x200,8,A8 64 D6 44 2A F9 E9 06,fuel=100.00
1779777701.951,0x300,8,02 BA F5 7C 0D AD BB 16,temp=42.00
1779777702.035,0x100,8,00 CC 44 ED BB 1B 5E E6,speed=0.00
1779777702.129,0x200,8,35 64 A0 61 67 AA 64 A9,fuel=100.00
1779777702.222,0x300,8,02 2B F4 06 E5 24 D3 F2,temp=42.00
1779777702.311,0x100,8,00 3B 95 61 69 9B 0E 70,speed=0.00
1779777702.419,0x200,8,0E 64 2A 99 89 B7 4B A2,fuel=100.00
1779777702.501,0x300,8,02 56 98 B8 E4 C8 47 1F,temp=42.00
1779777702.602,0x100,8,00 63 DA 8A 53 90 7E B8,speed=0.00
1779777702.690,0x200,8,9D 64 F7 14 A4 DA BD 88,fuel=100.00
1779777702.785,0x300,8,02 43 E9 C2 46 A3 7B 3C,temp=42.00
1779777702.907,0x100,8,00 08 7F 10 35 81 0E A2,speed=0.00
1779777702.966,0x200,8,39 64 E4 30 6E C9 F5 1A,fuel=100.00
1779777703.080,0x300,8,02 A7 F9 E3 D8 FF 0A D9,temp=42.00
1779777703.156,0x100,8,00 40 8B 02 1B 4C B8 43,speed=0.00
1779777703.265,0x200,8,26 64 61 59 1F BF 6E E0,fuel=100.00
1779777703.343,0x300,8,02 A0 A6 36 7A E3 48 CB,temp=42.00
1779777703.457,0x100,8,00 0D 65 58 DB E4 A5 01,speed=0.00
1779777703.530,0x200,8,91 64 12 23 B9 93 18 6F,fuel=100.00
1779777703.619,0x300,8,02 1D 8A 9A 26 ED EC 0C,temp=42.00
1779777703.724,0x100,8,00 7F 28 12 33 42 9A 39,speed=0.00
1779777703.825,0x200,8,A7 64 01 DB 18 68 F3 91,fuel=100.00
1779777703.924,0x300,8,02 1A 55 D6 8D 39 C3 50,temp=42.00
1779777704.004,0x100,8,00 42 2C E7 D2 C5 A0 C2,speed=0.00
1779777704.094,0x200,8,71 64 36 4D 9C 7B 48 9A,fuel=100.00
1779777704.187,0x300,8,02 FF 08 27 15 DD 40 2F,temp=42.00
1779777704.286,0x100,8,00 58 89 9D CD 58 C2 E1,speed=0.00
1779777704.369,0x200,8,00 64 E3 85 63 3C 6C 29,fuel=100.00
1779777704.469,0x300,8,02 39 66 07 C9 62 03 CF,temp=42.00
1779777704.569,0x100,8,00 63 1D 77 B4 AE A0 E7,speed=0.00
1779777704.664,0x200,8,17 64 D7 AE 76 7C 0D 16,fuel=100.00
1779777704.753,0x300,8,02 07 2F 19 FE 48 77 7F,temp=42.00
1779777704.839,0x100,8,00 E9 89 0C 1F 58 5F 67,speed=0.00
1779777704.935,0x200,8,A3 64 FB CA BF 75 E4 20,fuel=100.00
1779777705.044,0x300,8,02 4B B8 DA 6E BC 22 AC,temp=42.00
1779777705.148,0x100,8,00 05 D1 99 C2 47 89 4F,speed=0.00
1779777705.226,0x200,8,95 64 2C 64 96 3B E7 BC,fuel=100.00
1779777705.312,0x300,8,02 E8 9F 9F 67 0F 7F 54,temp=42.00
1779777705.402,0x100,8,00 9E 6D 58 58 2D B4 0A,speed=0.00
1779777705.502,0x200,8,1A 64 DA AA 20 F1 54 99,fuel=100.00
1779777705.594,0x300,8,02 CC C1 35 AA ED B3 34,temp=42.00
1779777705.685,0x100,8,00 BA 66 EC 35 17 2A 8F,speed=0.00
1779777705.786,0x200,8,CA 64 DD 7A CF 14 0B C4,fuel=100.00
1779777705.896,0x300,8,02 4B 0E 4A 1C DF 59 C6,temp=42.00
1779777705.967,0x100,8,00 9F 83 9F 17 A6 A1 B0,speed=0.00
1779777706.071,0x200,8,60 64 48 EA D9 81 56 70,fuel=100.00
1779777706.157,0x300,8,02 CA B2 A1 70 3D 0A 26,temp=42.00
1779777706.245,0x100,8,00 6B B5 F5 83 6B EA 32,speed=0.00
1779777706.353,0x200,8,AC 64 16 2C 3B B6 2A E1,fuel=100.00
1779777706.442,0x300,8,02 83 EA 5B D3 36 F2 BA,temp=42.00
1779777706.536,0x100,8,00 B6 8B 4F 05 DD 9F F5,speed=0.00
1779777706.619,0x200,8,1E 64 C1 75 E8 93 92 91,fuel=100.00
1779777706.719,0x300,8,02 C7 3C 37 63 37 D0 0E,temp=42.00
1779777706.819,0x100,8,00 4C 3C AC F9 13 D7 B3,speed=0.00
1779777706.908,0x200,8,BF 64 A4 FC 49 B1 46 5B,fuel=100.00
1779777707.034,0x300,8,02 46 98 3D 56 A4 CF F0,temp=42.00
1779777707.096,0x100,8,00 AA C5 6E 16 20 3E 2A,speed=0.00
1779777707.194,0x200,8,19 64 1A 84 30 99 1A A4,fuel=100.00
1779777707.293,0x300,8,02 3D E9 4F 1C A3 32 63,temp=42.00
1779777707.376,0x100,8,00 3C 9B A5 69 6F 6F 64,speed=0.00
1779777707.470,0x200,8,44 64 1C A6 F7 2F D7 F2,fuel=100.00
1779777707.568,0x300,8,02 05 D1 20 93 0F F9 AB,temp=42.00
1779777707.673,0x100,8,00 15 A0 A6 01 56 AE 06,speed=0.00
1779777707.752,0x200,8,3A 64 14 68 D2 91 D9 BB,fuel=100.00
1779777707.848,0x300,8,02 EB 74 73 43 A0 05 6E,temp=42.00
1779777707.954,0x100,8,00 DB 06 E5 C7 C8 CE DB,speed=0.00
1779777708.035,0x200,8,2A 64 D7 78 AE 64 C4 BE,fuel=100.00
1779777708.142,0x300,8,02 2E 84 E6 84 60 19 9D,temp=42.00
1779777708.219,0x100,8,00 26 1C BF 86 C8 D6 B0,speed=0.00
1779777708.316,0x200,8,67 64 C7 2E 72 7C E7 18,fuel=100.00
1779777708.401,0x300,8,02 23 60 98 81 68 2E 9C,temp=42.00
1779777708.504,0x100,8,00 CB EF 78 7C 93 54 EE,speed=0.00
1779777708.588,0x200,8,EC 64 AB EC AC 80 86 1D,fuel=100.00
1779777708.706,0x300,8,02 EC 91 3B 8B B5 0F 1E,temp=42.00
1779777708.785,0x100,8,00 B7 3E A1 9B 4C 53 01,speed=0.00
1779777708.871,0x200,8,97 64 AA EB A8 43 B3 8B,fuel=100.00
1779777708.991,0x300,8,02 88 2B A3 FB 9C 52 D6,temp=42.00
1779777709.069,0x100,8,00 BE F7 11 23 EE 60 B5,speed=0.00
1779777709.153,0x200,8,FE 64 B0 71 B0 8D 6B D8,fuel=100.00
1779777709.254,0x300,8,02 F2 36 D9 2E 36 10 D5,temp=42.00
1779777709.345,0x100,8,00 88 05 15 9C B4 FE 50,speed=0.00
1779777709.445,0x200,8,D3 64 9B 53 06 77 8F 35,fuel=100.00
1779777709.535,0x300,8,02 0F 56 5D FF EC 48 62,temp=42.00
1779777709.621,0x100,8,00 11 84 97 50 C4 A2 D8,speed=0.00
1779777709.724,0x200,8,79 64 64 B4 A1 4C 38 6B,fuel=100.00
1779777709.819,0x300,8,02 36 6A 6E 33 D0 DD 04,temp=42.00
1779777709.910,0x100,8,00 14 9F 93 14 25 66 98,speed=0.00
1779777710.003,0x200,8,E1 64 26 20 7A 26 6E F8,fuel=100.00
1779777710.098,0x300,8,02 C9 A1 25 94 FE F4 19,temp=42.00
1779777710.193,0x100,8,00 C4 65 95 8F 6D 90 FF,speed=0.00
1779777710.291,0x200,8,B3 64 A0 87 A5 06 73 D2,fuel=100.00
1779777710.422,0x300,8,02 DC 19 CD CD BC C8 8F,temp=42.00
1779777710.484,0x100,8,00 EB 3F 78 D6 AB F9 5A,speed=0.00
1779777710.558,0x200,8,F5 64 40 40 56 34 CB A7,fuel=100.00
1779777710.652,0x300,8,02 E7 B8 91 67 20 71 67,temp=42.00
1779777710.757,0x100,8,00 EF 4B 9F EE 8E 5E F3,speed=0.00
1779777710.863,0x200,8,E4 64 E1 7B FA 21 C6 79,fuel=100.00
1779777710.944,0x300,8,02 A0 7F 47 D1 89 03 12,temp=42.00
1779777711.035,0x100,8,00 E6 37 01 64 28 0C 24,speed=0.00
1779777711.122,0x200,8,9C 64 47 AD 50 52 62 C2,fuel=100.00
1779777711.227,0x300,8,02 CF A1 D6 4B 12 DE AF,temp=42.00
1779777711.318,0x100,8,00 5D 4A 14 5D 96 09 E5,speed=0.00
1779777711.413,0x200,8,DC 64 AA 73 74 04 57 B7,fuel=100.00
1779777711.501,0x300,8,02 41 CD CC 3D F6 F7 0E,temp=42.00
1779777711.588,0x100,8,00 A0 49 0A 07 5A 30 5A,speed=0.00
1779777711.686,0x200,8,10 64 4A 12 E6 4B 69 F9,fuel=100.00
1779777711.779,0x300,8,02 4A C3 63 2F 46 68 EB,temp=42.00
1779777711.880,0x100,8,00 4E 4D DA A7 C0 ED D8,speed=0.00
1779777711.973,0x200,8,67 64 13 7E 30 4D D2 EB,fuel=100.00
1779777712.068,0x300,8,02 B2 A7 1F 7F 95 E5 C3,temp=42.00
1779777712.151,0x100,8,00 83 CC 86 04 1B 68 7D,speed=0.00
1779777712.252,0x200,8,D7 64 7B 50 22 31 24 41,fuel=100.00
1779777712.352,0x300,8,02 A1 4D B7 A5 FF 48 3D,temp=42.00
1779777712.445,0x100,8,00 D0 8E E1 87 AD 48 5B,speed=0.00
1779777712.524,0x200,8,AC 64 17 69 61 EB C5 46,fuel=100.00
1779777712.626,0x300,8,02 50 D2 B4 2B BA 7E D5,temp=42.00
1779777712.723,0x100,8,00 F0 B2 95 23 BB 79 E1,speed=0.00
1779777712.827,0x200,8,F8 64 BA 2D A3 57 E1 0B,fuel=100.00
1779777712.919,0x300,8,02 C7 89 8E 5F 8C 0E 23,temp=42.00
1779777713.002,0x100,8,00 5A A7 7F 64 93 CE A9,speed=0.00
1779777713.113,0x200,8,EE 64 96 EF 11 64 DB 3F,fuel=100.00
1779777713.186,0x300,8,02 E4 85 41 6C BB 69 D1,temp=42.00
1779777713.276,0x100,8,00 D0 20 0D 08 45 A3 41,speed=0.00
1779777713.369,0x200,8,F0 64 54 2C 26 0F 20 40,fuel=100.00
1779777713.470,0x300,8,02 DA BB 31 63 28 CB 16,temp=42.00
1779777713.556,0x100,8,00 57 6E 3D 23 A0 DC 17,speed=0.00
1779777713.662,0x200,8,99 64 05 28 28 6B 0C 7A,fuel=100.00
1779777713.744,0x300,8,02 58 AA F4 FB 54 F9 E0,temp=42.00
1779777713.841,0x100,8,00 90 96 64 B7 8F 8B BC,speed=0.00
1779777713.965,0x200,8,D0 64 F9 CF 8E 9B 48 AC,fuel=100.00
1779777714.038,0x300,8,02 C8 C3 61 C2 E3 1A A7,temp=42.00
1779777714.122,0x100,8,00 CF 9C E1 51 7F AE E9,speed=0.00
1779777714.218,0x200,8,02 64 9C FA C0 DD 96 28,fuel=100.00
1779777714.319,0x300,8,02 57 01 06 20 C2 44 B8,temp=42.00
1779777714.400,0x100,8,00 EF F1 A4 CA E3 81 0E,speed=0.00
1779777714.502,0x200,8,AA 64 58 72 9B BE FC 0C,fuel=100.00
1779777714.608,0x300,8,02 6B BD 07 E6 25 D9 2A,temp=42.00
1779777714.699,0x100,8,00 3F 70 6C 0E 0C 98 6C,speed=0.00
1779777714.797,0x200,8,DD 64 DE 2A 96 FD 0C 44,fuel=100.00
1779777714.887,0x300,8,02 6F 94 2D 4E 1F 92 C2,temp=42.00
1779777715.000,0x100,8,00 F1 01 4D 81 92 21 2D,speed=0.00
1779777715.060,0x200,8,EB 64 C0 D6 46 CE E7 33,fuel=100.00
1779777715.176,0x300,8,02 09 AF 90 5F 0E 86 63,temp=42.00
1779777715.253,0x100,8,00 8A BF 81 40 29 AF 01,speed=0.00
1779777715.344,0x200,8,B0 64 72 63 66 69 8E 96,fuel=100.00
1779777715.435,0x300,8,02 46 4A 8E 0A D9 78 8F,temp=42.00
1779777715.527,0x100,8,00 7D 1F A8 66 E6 E5 81,speed=0.00
1779777715.626,0x200,8,7E 64 DD 21 70 D2 DA 9B,fuel=100.00
1779777715.722,0x300,8,02 38 FB 1A CD 0D 83 EF,temp=42.00
1779777715.831,0x100,8,00 C7 DD D5 1D 19 5E 9F,speed=0.00
1779777715.926,0x200,8,A2 64 DA 35 12 D5 1F F2,fuel=100.00
1779777716.001,0x300,8,02 F6 CF A7 57 32 4D EA,temp=42.00
1779777716.091,0x100,8,00 9B C2 15 EE 80 1B EB,speed=0.00
1779777716.186,0x200,8,57 64 F1 4E 69 35 B1 B9,fuel=100.00
1779777716.295,0x300,8,02 C6 A1 7B 94 63 AC C1,temp=42.00
1779777716.372,0x100,8,00 82 CF 74 C0 EC 9B DB,speed=0.00
1779777716.470,0x200,8,00 64 AD D8 F0 18 E8 6A,fuel=100.00
1779777716.569,0x300,8,02 67 A6 A5 26 8D C5 B0,temp=42.00
1779777716.662,0x100,8,00 7C D4 91 45 30 65 39,speed=0.00
1779777716.753,0x200,8,7D 64 62 6E 6B 24 66 CA,fuel=100.00
1779777716.839,0x300,8,02 5D A3 96 43 78 9B 50,temp=42.00
1779777716.949,0x100,8,00 59 76 86 80 25 32 F8,speed=0.00
1779777717.025,0x200,8,C0 64 AC C9 53 37 F3 7F,fuel=100.00
1779777717.136,0x300,8,02 10 83 F0 BA 95 DC 57,temp=42.00
1779777717.237,0x100,8,00 B9 B1 F3 01 09 0D 12,speed=0.00
1779777717.310,0x200,8,8B 64 16 6D 2C A8 14 E3,fuel=100.00
1779777717.401,0x300,8,02 01 37 52 A7 33 D0 F9,temp=42.00
1779777717.502,0x100,8,00 48 1E A5 06 71 81 AB,speed=0.00
1779777717.597,0x200,8,C1 64 5E 8A E4 3E 87 78,fuel=100.00
1779777717.692,0x300,8,02 FC 22 DA EF 54 E0 71,temp=42.00
1779777717.778,0x100,8,00 F4 31 A3 17 0D 65 CB,speed=0.00
1779777717.885,0x200,8,DC 64 D5 33 21 24 BC EE,fuel=100.00
1779777717.970,0x300,8,02 89 68 8A 8A 75 3A 8D,temp=42.00
1779777718.073,0x100,8,00 DD 81 5F 1B 3C B9 3C,speed=0.00
1779777718.163,0x200,8,8A 64 F9 E4 67 97 96 2F,fuel=100.00
1779777718.249,0x300,8,02 07 79 5D C0 E5 78 E5,temp=42.00
1779777718.336,0x100,8,00 3E F0 D8 4A C1 90 36,speed=0.00
1779777718.435,0x200,8,7C 64 6D C9 1B B8 3D A6,fuel=100.00
1779777718.528,0x300,8,02 10 D8 8B 91 A8 B0 07,temp=42.00
1779777718.629,0x100,8,00 54 A0 FE 59 EF B5 57,speed=0.00
1779777718.732,0x200,8,8D 64 00 6C 4D 34 E5 77,fuel=100.00
1779777718.834,0x300,8,02 32 C4 2F D0 42 4B 8B,temp=42.00
1779777718.915,0x100,8,00 0F 44 11 87 50 D0 6A,speed=0.00
1779777719.009,0x200,8,48 64 88 F2 04 6E ED 65,fuel=100.00
1779777719.088,0x300,8,02 85 5C CA EC 24 45 C8,temp=42.00
1779777719.186,0x100,8,00 C4 AF 51 E7 74 96 FE,speed=0.00
1779777719.295,0x200,8,F8 64 82 A5 10 0F 95 10,fuel=100.00
1779777719.369,0x300,8,02 82 B9 D2 FB E4 37 99,temp=42.00
1779777719.469,0x100,8,00 69 34 5B F1 93 D2 A0,speed=0.00
1779777719.558,0x200,8,4B 64 37 6F A1 60 3D E3,fuel=100.00
1779777719.656,0x300,8,02 DB A8 B8 D5 D2 FE DA,temp=42.00
1779777719.752,0x100,8,00 40 BD 93 64 BC D9 CC,speed=0.00
1779777719.838,0x200,8,E2 64 CE 8C 4A 34 92 9A,fuel=100.00
1779777719.953,0x300,8,02 98 A0 CF 2D 1A C3 C7,temp=42.00
1779777720.031,0x100,8,00 42 46 F3 1A FA D2 BF,speed=0.00
1779777720.119,0x200,8,A2 64 00 E9 0F 13 DF A3,fuel=100.00
1779777720.220,0x300,8,02 35 8A C4 26 91 22 21,temp=42.00
1779777720.320,0x100,8,00 A0 47 04 61 8A 74 BB,speed=0.00
1779777720.402,0x200,8,50 64 EE C1 C9 39 1F 6D,fuel=100.00
1779777720.497,0x300,8,02 69 2C 0F 60 78 BD EF,temp=42.00
1779777720.613,0x100,8,00 8B 04 6B 3D E7 12 0D,speed=0.00
1779777720.694,0x200,8,11 64 C1 B8 7E 9C 55 1C,fuel=100.00
1779777720.786,0x300,8,02 B3 FF 3F C2 E6 83 EE,temp=42.00
1779777720.877,0x100,8,00 CE 65 47 8F EC EF DA,speed=0.00
1779777720.969,0x200,8,2B 64 03 BF FD 24 18 7A,fuel=100.00
1779777721.069,0x300,8,02 8A C6 71 A4 4D 72 06,temp=42.00
1779777721.160,0x100,8,00 AD F7 12 26 A4 53 A2,speed=0.00
1779777721.254,0x200,8,60 64 56 20 D3 49 08 7B,fuel=100.00
1779777721.341,0x300,8,02 95 71 E8 18 D7 D7 F9,temp=42.00
1779777721.435,0x100,8,00 EC 35 A0 2A 68 79 8C,speed=0.00
1779777721.535,0x200,8,5D 64 E6 61 E2 F0 1A 1C,fuel=100.00
1779777721.631,0x300,8,02 4F 2A 7A 1C 66 B3 4E,temp=42.00
1779777721.719,0x100,8,00 71 BA BF 2E B1 31 0B,speed=0.00
1779777721.819,0x200,8,AA 64 EA 09 E8 2D 5A 5E,fuel=100.00
1779777721.903,0x300,8,02 EB 3B 97 32 4C D1 28,temp=42.00
1779777722.002,0x100,8,00 4A 09 74 73 60 55 2B,speed=0.00
1779777722.096,0x200,8,8B 64 5D C9 EA 23 83 AE,fuel=100.00
1779777722.186,0x300,8,02 11 15 E6 44 F1 F7 AB,temp=42.00
1779777722.287,0x100,8,00 E6 D5 A8 6D 20 44 91,speed=0.00
1779777722.374,0x200,8,75 64 95 43 DC 00 C3 83,fuel=100.00
1779777722.468,0x300,8,02 E9 43 57 F7 8C B0 1F,temp=42.00
1779777722.569,0x100,8,00 BE 4B C4 66 7F 04 DE,speed=0.00
1779777722.655,0x200,8,8C 64 D1 17 DF 26 FB 47,fuel=100.00
1779777722.752,0x300,8,02 ED BC 04 8F 24 9E EB,temp=42.00
1779777722.853,0x100,8,00 B6 48 9F 9C 01 F1 2A,speed=0.00
1779777722.936,0x200,8,4F 64 FA 66 AC B6 C5 C1,fuel=100.00
1779777723.037,0x300,8,02 C1 C9 C5 1D CD 1B 87,temp=42.00
1779777723.133,0x100,8,00 9F A3 AF FA 29 7B 37,speed=0.00
1779777723.219,0x200,8,14 64 D0 F1 1D FC 6D B8,fuel=100.00
1779777723.310,0x300,8,02 30 F5 B9 91 17 10 64,temp=42.00
1779777723.403,0x100,8,00 CC 5F C7 48 5E 64 5D,speed=0.00
1779777723.507,0x200,8,C9 64 2E 97 5F BE E4 EC,fuel=100.00
1779777723.591,0x300,8,02 9A 69 BE 42 EA 65 CE,temp=42.00
1779777723.689,0x100,8,00 AE AD 6A BF 58 21 EC,speed=0.00
1779777723.785,0x200,8,63 64 86 D2 83 1B 78 17,fuel=100.00
1779777723.870,0x300,8,02 5E 3B 39 61 AE 23 EA,temp=42.00
1779777723.970,0x100,8,00 43 D2 8B DA 4B 9A 93,speed=0.00
1779777724.069,0x200,8,5B 64 99 5F B8 FA E9 6D,fuel=100.00
1779777724.152,0x300,8,02 41 64 57 C0 2A D5 46,temp=42.00
1779777724.252,0x100,8,00 2F 83 B2 B4 11 64 43,speed=0.00
1779777724.353,0x200,8,91 64 BF E1 FB 4E 6E 36,fuel=100.00
1779777724.435,0x300,8,02 69 4E E6 7A 25 A5 E6,temp=42.00
1779777724.535,0x100,8,00 70 3B ED 5E 5E DF C6,speed=0.00
1779777724.636,0x200,8,F0 64 40 D4 6D 3F FF DB,fuel=100.00
1779777724.719,0x300,8,02 AC DE 98 FF 42 C2 1D,temp=42.00
1779777724.820,0x100,8,00 FA 18 09 CA D0 EC BD,speed=0.00
1779777724.905,0x200,8,39 64 1F F9 9B BF 06 10,fuel=100.00
1779777725.006,0x300,8,02 2D E0 00 97 51 7F AB,temp=42.00
1779777725.103,0x100,8,00 11 5C 39 87 27 A8 BC,speed=0.00
1779777725.190,0x200,8,42 64 0E 1E 71 98 86 0F,fuel=100.00
1779777725.280,0x300,8,02 62 64 7D 99 54 EA F4,temp=42.00
1779777725.378,0x100,8,00 98 F8 B1 DB 9B EA 72,speed=0.00
1779777725.468,0x200,8,ED 64 07 54 40 78 AC FA,fuel=100.00
1779777725.578,0x300,8,02 8B A3 A9 C1 81 AE 0D,temp=42.00
1779777725.653,0x100,8,00 45 0F B5 3B BE 44 F1,speed=0.00
1779777725.755,0x200,8,64 64 DC 88 70 E2 C3 ED,fuel=100.00
1779777725.859,0x300,8,02 14 36 3C 42 9D 0F 9B,temp=42.00
1779777725.957,0x100,8,00 7D C4 44 34 9B F7 5B,speed=0.00
1779777726.029,0x200,8,FF 64 64 34 15 CF FB 50,fuel=100.00
1779777726.119,0x300,8,02 18 4F C8 80 97 0B AC,temp=42.00
1779777726.225,0x100,8,00 00 07 AC 5B E0 00 C2,speed=0.00
1779777726.318,0x200,8,83 64 75 28 C4 FA 9D 38,fuel=100.00
1779777726.410,0x300,8,02 1D F0 A1 DC 11 95 F3,temp=42.00
1779777726.507,0x100,8,00 60 1B 4B 46 44 15 56,speed=0.00
1779777726.594,0x200,8,B0 64 5F 77 B1 73 80 D4,fuel=100.00
1779777726.685,0x300,8,02 A6 0C 20 59 AC 9C F4,temp=42.00
1779777726.786,0x100,8,00 B7 F9 5F 8E 6A 51 0E,speed=0.00
1779777726.869,0x200,8,1F 64 1F BE F1 5A DC BE,fuel=100.00
1779777726.969,0x300,8,02 C3 5B 83 59 83 1A D2,temp=42.00
1779777727.065,0x100,8,00 67 87 32 BD 4E 75 24,speed=0.00
1779777727.160,0x200,8,91 64 AB 22 22 27 2B 2B,fuel=100.00
1779777727.275,0x300,8,02 4F 84 6B E0 FC C6 7C,temp=42.00
1779777727.352,0x100,8,00 9E 51 66 B3 CB ED A2,speed=0.00
1779777727.436,0x200,8,53 64 45 6D C1 5B 23 92,fuel=100.00
1779777727.536,0x300,8,02 D2 0B 64 67 35 5A EA,temp=42.00
1779777727.619,0x100,8,00 4A CF 5F B2 CC 69 B2,speed=0.00
1779777727.719,0x200,8,99 64 2E 76 36 19 D8 22,fuel=100.00
1779777727.809,0x300,8,02 CC DC DD E0 61 18 EB,temp=42.00
1779777727.925,0x100,8,00 4B 9C 8C 82 FD E7 CA,speed=0.00
1779777728.006,0x200,8,02 64 60 FB 5A E0 F8 95,fuel=100.00
1779777728.095,0x300,8,02 CA CB 6C 65 BA 7E 78,temp=42.00
1779777728.186,0x100,8,00 B1 2B 64 EA 3F 21 DF,speed=0.00
1779777728.280,0x200,8,22 64 56 FD 2F 5F D6 75,fuel=100.00
1779777728.381,0x300,8,02 65 AF C0 21 AA 8E 0E,temp=42.00
1779777728.469,0x100,8,00 0C B5 F3 62 B7 F9 71,speed=0.00
1779777728.568,0x200,8,F4 64 49 FC 27 09 56 93,fuel=100.00
1779777728.653,0x300,8,02 A7 F2 73 94 70 21 09,temp=42.00
1779777728.759,0x100,8,00 08 A3 8F 50 7C D4 B9,speed=0.00
1779777728.867,0x200,8,6D 64 5B DC 90 9D 84 33,fuel=100.00
1779777728.958,0x300,8,02 41 8A 92 D3 83 37 5C,temp=42.00
1779777729.041,0x100,8,00 22 20 F1 09 55 27 56,speed=0.00
1779777729.150,0x200,8,5D 64 59 E9 1C 19 40 09,fuel=100.00
1779777729.245,0x300,8,02 24 AD 5A AD D9 9E 9B,temp=42.00
1779777729.322,0x100,8,00 C4 4D 8D 40 97 CB AA,speed=0.00
1779777729.420,0x200,8,B7 64 71 69 A2 66 D1 6B,fuel=100.00
1779777729.522,0x300,8,02 44 18 23 75 F5 30 AB,temp=42.00
1779777729.605,0x100,8,00 AA 25 D1 71 CA 4C 63,speed=0.00
1779777729.709,0x200,8,66 64 26 13 69 DB E4 0B,fuel=100.00
1779777729.802,0x300,8,02 1C 15 33 93 D9 88 5B,temp=42.00
1779777729.890,0x100,8,00 75 99 AD FC 74 C7 07,speed=0.00
1779777729.986,0x200,8,DE 64 A4 96 3B 0F F7 98,fuel=100.00
1779777730.086,0x300,8,02 EB 90 22 3F 1D 81 94,temp=42.00
1779777730.173,0x100,8,00 83 F9 F2 97 5E DF 0C,speed=0.00
1779777730.269,0x200,8,FF 64 86 E6 45 58 99 EE,fuel=100.00
1779777730.354,0x300,8,02 26 94 56 39 23 B1 45,temp=42.00
1779777730.452,0x100,8,00 E3 F3 59 F6 7E E0 80,speed=0.00
1779777730.553,0x200,8,8C 64 60 F0 46 AF D5 BF,fuel=100.00
1779777730.636,0x300,8,02 EA DA B1 54 C5 15 56,temp=42.00
1779777730.735,0x100,8,00 5D 8C E4 B7 5A E6 8F,speed=0.00
1779777730.838,0x200,8,49 64 94 C5 F8 6C F5 D9,fuel=100.00
1779777730.922,0x300,8,02 AA 41 CB AA 33 52 D4,temp=42.00
1779777731.042,0x100,8,00 62 72 FA 46 19 BD 59,speed=0.00
1779777731.109,0x200,8,31 64 34 13 E1 6B 14 E1,fuel=100.00
1779777731.203,0x300,8,02 4F 22 0A F4 E5 C9 3F,temp=42.00
1779777731.309,0x100,8,00 CE 7E 12 C7 45 C5 4C,speed=0.00
1779777731.387,0x200,8,71 64 52 46 98 89 B3 2A,fuel=100.00
1779777731.485,0x300,8,02 DD ED 93 23 52 5D FC,temp=42.00
1779777731.573,0x100,8,00 BF 31 DF FA B0 14 65,speed=0.00
1779777731.673,0x200,8,D5 64 56 1B 97 8E A7 8F,fuel=100.00
1779777731.775,0x300,8,02 B8 46 E3 06 1A AB 12,temp=42.00
1779777731.874,0x100,8,00 67 04 50 EB F0 06 72,speed=0.00
1779777731.953,0x200,8,D3 64 A0 AD B7 46 83 FC,fuel=100.00
1779777732.049,0x300,8,02 45 A5 D9 4B BB 38 52,temp=42.00
1779777732.135,0x100,8,00 F8 0C 61 A6 A1 82 58,speed=0.00
1779777732.235,0x200,8,34 64 90 A3 C0 81 B8 51,fuel=100.00
1779777732.335,0x300,8,02 18 74 94 87 ED E2 9D,temp=42.00
1779777732.418,0x100,8,00 A0 99 DC 7A 32 AB 06,speed=0.00
1779777732.519,0x200,8,6B 64 14 F1 F5 64 34 3D,fuel=100.00
1779777732.605,0x300,8,02 C8 6D B9 47 D8 0E C6,temp=42.00
1779777732.712,0x100,8,00 C3 D6 8B A5 51 EA 31,speed=0.00
1779777732.795,0x200,8,C9 64 EE DF 15 71 55 24,fuel=100.00
1779777732.907,0x300,8,02 8C 1D A0 09 32 B4 E6,temp=42.00
1779777732.986,0x100,8,00 EF 6A A0 98 86 31 2E,speed=0.00
1779777733.092,0x200,8,A0 64 F8 18 DF 81 CB 91,fuel=100.00
1779777733.171,0x300,8,02 69 64 11 AB D7 2B 5F,temp=42.00
1779777733.276,0x100,8,00 59 03 D8 C8 E9 06 07,speed=0.00
1779777733.370,0x200,8,4E 64 10 B8 22 56 44 09,fuel=100.00
1779777733.460,0x300,8,02 EB B7 05 FA D2 23 6D,temp=42.00
1779777733.551,0x100,8,00 07 88 7A C3 88 86 B2,speed=0.00
1779777733.635,0x200,8,2E 64 B0 32 44 9E 98 A0,fuel=100.00
1779777733.735,0x300,8,02 E2 EA C1 CE C0 9C 50,temp=42.00
1779777733.831,0x100,8,00 F3 1E 47 11 74 05 91,speed=0.00
1779777733.926,0x200,8,3E 64 43 B4 E1 EA F0 F0,fuel=100.00
1779777734.009,0x300,8,02 6E 1B 41 64 E4 08 8F,temp=42.00
1779777734.103,0x100,8,00 69 B6 C0 D2 40 1E 8D,speed=0.00
1779777734.205,0x200,8,7A 64 96 65 CC 1F E9 11,fuel=100.00
1779777734.302,0x300,8,02 4B AE 6E 6F F4 6C 58,temp=42.00
1779777734.386,0x100,8,00 2F 4B DE AE 5B 0D D5,speed=0.00
1779777734.493,0x200,8,5D 64 81 D8 EF 3F D8 54,fuel=100.00
1779777734.571,0x300,8,02 33 32 93 4B 46 22 6C,temp=42.00
1779777734.685,0x100,8,00 9C 98 B9 7E 3A 09 AA,speed=0.00
1779777734.770,0x200,8,24 64 52 EA D9 F7 71 AE,fuel=100.00
1779777734.854,0x300,8,02 D5 DC EF 5C D6 30 59,temp=42.00
1779777734.970,0x100,8,00 0A 1F B0 4B 47 26 88,speed=0.00
1779777735.044,0x200,8,3B 64 E5 2E 58 BF 02 1A,fuel=100.00
1779777735.135,0x300,8,02 98 CF 4F 09 B5 91 FD,temp=42.00
1779777735.229,0x100,8,00 D9 96 87 F7 CF 61 0E,speed=0.00
1779777735.343,0x200,8,2D 64 C9 D2 C8 71 F6 F5,fuel=100.00
1779777735.419,0x300,8,02 4B A3 E2 E9 04 7D B0,temp=42.00
1779777735.515,0x100,8,00 FB 45 91 FA 95 EC 05,speed=0.00
1779777735.602,0x200,8,08 64 4B 7B 6A 6E 4D 97,fuel=100.00
1779777735.701,0x300,8,02 B9 28 0A 21 4D E0 B2,temp=42.00
1779777735.802,0x100,8,00 50 CF BB 01 9F 59 66,speed=0.00
1779777735.902,0x200,8,C8 64 EA 68 5D A4 2E F6,fuel=100.00
1779777735.997,0x300,8,02 A7 00 01 31 47 CD 99,temp=42.00
1779777736.082,0x100,8,00 25 10 14 E9 78 FA AA,speed=0.00
1779777736.181,0x200,8,29 64 EC 89 EB B5 45 E4,fuel=100.00
1779777736.269,0x300,8,02 9C E6 CE 90 25 0F 09,temp=42.00
1779777736.353,0x100,8,00 87 26 B7 EB B8 0A ED,speed=0.00
1779777736.453,0x200,8,BD 64 A1 D3 B9 AA 60 DC,fuel=100.00
1779777736.552,0x300,8,02 28 FD 61 7E A9 D3 B6,temp=42.00
1779777736.636,0x100,8,00 7A 62 02 05 A8 72 91,speed=0.00
1779777736.745,0x200,8,81 64 E1 AC 5A 62 59 4F,fuel=100.00
1779777736.869,0x300,8,02 11 D7 7E 4B E6 3C 1A,temp=42.00
1779777736.925,0x100,8,00 1D DC 25 B9 AD F5 8B,speed=0.00
1779777737.023,0x200,8,4A 64 A7 8A C5 4C A8 43,fuel=100.00
1779777737.119,0x300,8,02 AA AD D1 C0 84 C3 73,temp=42.00
1779777737.206,0x100,8,00 80 18 64 A4 57 46 E4,speed=0.00
1779777737.302,0x200,8,94 64 BA 86 1B F4 71 FF,fuel=100.00
1779777737.386,0x300,8,02 39 16 1D 81 FB 3E 29,temp=42.00
1779777737.502,0x100,8,00 5F E3 DA 2C 06 2A 1E,speed=0.00
1779777737.585,0x200,8,95 64 F9 3E 87 E7 E7 CF,fuel=100.00
1779777737.669,0x300,8,02 34 57 F5 F4 08 76 89,temp=42.00
1779777737.768,0x100,8,00 B4 41 DF E7 12 1C 46,speed=0.00
1779777737.859,0x200,8,FC 64 1C 58 85 08 15 59,fuel=100.00
1779777737.947,0x300,8,02 75 41 6E D5 C9 4A DA,temp=42.00
1779777738.046,0x100,8,00 80 DE 09 53 AF 6D 8E,speed=0.00
1779777738.153,0x200,8,40 64 39 8B DF E6 90 29,fuel=100.00
1779777738.244,0x300,8,02 DA A9 E0 FE A7 3C 48,temp=42.00
1779777738.335,0x100,8,00 71 96 92 27 0D F3 9C,speed=0.00
1779777738.419,0x200,8,91 64 89 86 D0 8D F5 4D,fuel=100.00
1779777738.523,0x300,8,02 F9 DC A4 ED D8 D4 1A,temp=42.00
1779777738.605,0x100,8,00 B7 DB F1 03 7B 20 44,speed=0.00
1779777738.704,0x200,8,61 64 0F 19 CF B0 99 56,fuel=100.00
1779777738.804,0x300,8,02 F8 D5 C2 DA EF 5A 57,temp=42.00
1779777738.905,0x100,8,00 EC F0 C9 42 1F CF 6F,speed=0.00
1779777738.985,0x200,8,54 64 99 6C 67 A0 00 A5,fuel=100.00
1779777739.072,0x300,8,02 EE 8E AB 76 87 B1 55,temp=42.00
1779777739.175,0x100,8,00 EB 55 08 82 36 94 E1,speed=0.00
1779777739.268,0x200,8,95 64 D7 BD 9C C7 C8 6E,fuel=100.00
1779777739.358,0x300,8,02 D3 09 6B C1 12 71 B4,temp=42.00
1779777739.461,0x100,8,00 9E C5 0B 63 44 85 26,speed=0.00
1779777739.551,0x200,8,E1 64 31 F9 CB 05 52 12,fuel=100.00
1779777739.636,0x300,8,02 27 35 9E C2 F9 80 10,temp=42.00
1779777739.735,0x100,8,00 33 9E 98 DE 59 6D 19,speed=0.00
1779777739.836,0x200,8,D5 64 0D 1C B8 A8 FB 12,fuel=100.00
1779777739.931,0x300,8,02 B5 9D B5 CC 59 2E 30,temp=42.00
1779777740.019,0x100,8,00 E8 4E 68 D3 F2 23 D8,speed=0.00
1779777740.103,0x200,8,71 64 F3 77 45 92 8C A8,fuel=100.00
1779777740.204,0x300,8,02 95 4B 4A B8 3E 3C 3B,temp=42.00
1779777740.302,0x100,8,00 50 1D FF 49 EB D2 49,speed=0.00
1779777740.386,0x200,8,FA 64 92 CE 2F 8D D8 BD,fuel=100.00
1779777740.485,0x300,8,02 7D B8 AF EC 85 B6 E1,temp=42.00
1779777740.585,0x100,8,00 56 A7 8B E8 2D CB 70,speed=0.00
1779777740.671,0x200,8,D1 64 06 3F 3E B4 C7 EA,fuel=100.00
1779777740.769,0x300,8,02 C8 20 80 7F B8 2D ED,temp=42.00
1779777740.855,0x100,8,00 6A C7 7E 9F 91 31 1C,speed=0.00
1779777740.958,0x200,8,98 64 F7 A1 09 19 DB 7A,fuel=100.00
1779777741.053,0x300,8,02 3E 66 2F 39 9C D8 46,temp=42.00
1779777741.136,0x100,8,00 5B AE 46 77 DF 52 8A,speed=0.00
1779777741.235,0x200,8,20 64 10 29 A0 5A AB 36,fuel=100.00
1779777741.322,0x300,8,02 A2 CF 35 6F 03 6D 74,temp=42.00
1779777741.422,0x100,8,00 DA 99 D8 91 18 CA 36,speed=0.00
1779777741.518,0x200,8,AA 64 B4 68 84 83 53 C6,fuel=100.00
1779777741.603,0x300,8,02 C2 EC 52 8B 15 F5 C0,temp=42.00
1779777741.708,0x100,8,00 68 D5 8C 52 A7 3F 8C,speed=0.00
1779777741.798,0x200,8,CD 64 F1 63 75 FA 6C D7,fuel=100.00
1779777741.886,0x300,8,02 F6 F4 B9 78 C7 CC B3,temp=42.00
1779777741.981,0x100,8,00 62 6B C8 8B C1 A1 B4,speed=0.00
1779777742.078,0x200,8,C1 64 C3 44 B8 21 1F 74,fuel=100.00
1779777742.176,0x300,8,02 EC BA A3 70 7B 48 C2,temp=42.00
1779777742.284,0x100,8,00 31 D3 A2 EB 2F 35 49,speed=0.00
1779777742.360,0x200,8,D2 64 43 FE 42 AA 89 21,fuel=100.00
1779777742.452,0x300,8,02 B1 8F 50 10 96 41 71,temp=42.00
1779777742.552,0x100,8,00 CE 01 23 0F 85 E8 2D,speed=0.00
1779777742.642,0x200,8,07 64 A7 0B C9 55 0C 9F,fuel=100.00
1779777742.737,0x300,8,02 72 31 6E 3B B7 4F A2,temp=42.00
1779777742.828,0x100,8,00 78 F8 4F 4A A8 F5 28,speed=0.00
1779777742.921,0x200,8,11 64 F8 79 63 03 15 34,fuel=100.00
1779777743.024,0x300,8,02 70 30 BD B8 94 E1 70,temp=42.00
1779777743.103,0x100,8,00 F3 38 05 28 37 D3 A5,speed=0.00
1779777743.202,0x200,8,B8 64 A0 E2 A1 7E 6E 40,fuel=100.00
1779777743.306,0x300,8,02 4D B1 51 27 82 53 F1,temp=42.00
1779777743.388,0x100,8,00 02 B0 1B 09 A8 64 2B,speed=0.00
1779777743.486,0x200,8,73 64 54 3D 85 18 83 F1,fuel=100.00
1779777743.586,0x300,8,02 7D C1 26 80 34 57 78,temp=42.00
1779777743.672,0x100,8,00 55 59 B0 FA F4 D2 2F,speed=0.00
1779777743.773,0x200,8,E3 64 5E C5 B4 20 37 03,fuel=100.00
1779777743.871,0x300,8,02 F0 A2 EE 8A 71 BC 08,temp=42.00
1779777743.954,0x100,8,00 60 44 C2 FC D8 9A EF,speed=0.00
1779777744.041,0x200,8,D4 64 12 E6 BD 31 13 F4,fuel=100.00
1779777744.147,0x300,8,02 28 6A 44 CB 70 DF 56,temp=42.00
1779777744.242,0x100,8,00 B7 6F D0 9A B0 C4 8B,speed=0.00
1779777744.336,0x200,8,74 64 E3 FF 40 93 04 8C,fuel=100.00
1779777744.419,0x300,8,02 B3 94 E0 17 91 EB 73,temp=42.00
1779777744.514,0x100,8,00 8B 5E C2 5E C4 A2 62,speed=0.00
1779777744.609,0x200,8,26 64 1B 95 71 35 33 AA,fuel=100.00
1779777744.702,0x300,8,02 57 06 BC 22 AB 35 B4,temp=42.00
1779777744.802,0x100,8,00 9C A5 B3 0E 9F 9C 56,speed=0.00
1779777744.886,0x200,8,BA 64 6C EC FE 1D 74 F5,fuel=100.00
1779777744.996,0x300,8,02 38 26 A6 DB EB 29 A8,temp=42.00
1779777745.073,0x100,8,00 B5 03 04 D6 AE 71 56,speed=0.00
1779777745.174,0x200,8,88 64 5E D2 58 F0 21 8E,fuel=100.00
1779777745.261,0x300,8,02 3E A3 D2 1D 1F D7 E5,temp=42.00
1779777745.366,0x100,8,00 46 C5 13 CA 58 A5 1E,speed=0.00
1779777745.458,0x200,8,15 64 4A 7D 87 5A 96 5F,fuel=100.00
1779777745.552,0x300,8,02 50 AE DE A9 43 58 65,temp=42.00
1779777745.644,0x100,8,00 24 07 CC B3 32 1A BC,speed=0.00
1779777745.739,0x200,8,86 64 83 85 D9 7F 61 22,fuel=100.00
1779777745.824,0x300,8,02 DF 29 C5 47 56 8F 47,temp=42.00
1779777745.929,0x100,8,00 20 28 F9 D8 9C 54 05,speed=0.00
1779777746.032,0x200,8,C5 64 2C 61 CF C5 30 B6,fuel=100.00
1779777746.112,0x300,8,02 9F B5 EA F6 19 BB A5,temp=42.00
1779777746.219,0x100,8,00 97 84 72 66 04 A5 01,speed=0.00
1779777746.308,0x200,8,09 64 15 DA 7C E6 75 AC,fuel=100.00
1779777746.397,0x300,8,02 DF 22 31 6D F3 49 C5,temp=42.00
1779777746.485,0x100,8,00 24 81 F2 29 BB 36 2F,speed=0.00
1779777746.585,0x200,8,19 64 A0 18 95 8C A3 2E,fuel=100.00
1779777746.669,0x300,8,02 D4 DE FC 4D C5 0F 8D,temp=42.00
1779777746.769,0x100,8,00 85 D0 D3 71 C5 3C F0,speed=0.00
1779777746.853,0x200,8,8A 64 15 C9 CB 79 9E D6,fuel=100.00
1779777746.949,0x300,8,02 30 54 81 97 9E 71 D6,temp=42.00
1779777747.044,0x100,8,00 B4 3D 51 4F 49 16 53,speed=0.00
1779777747.139,0x200,8,59 64 B2 C5 8F 75 04 92,fuel=100.00
1779777747.231,0x300,8,02 4F BD D6 54 5D 52 7E,temp=42.00
1779777747.335,0x100,8,00 03 9B 80 F7 E5 3E 1F,speed=0.00
1779777747.418,0x200,8,E4 64 3D BB F8 62 72 87,fuel=100.00
1779777747.522,0x300,8,02 18 63 68 31 67 54 46,temp=42.00
1779777747.625,0x100,8,00 D1 34 BF EB F1 60 90,speed=0.00
1779777747.710,0x200,8,94 64 9C 84 50 C6 78 81,fuel=100.00
1779777747.790,0x300,8,02 1B 37 EE 1D 29 8E EA,temp=42.00
1779777747.899,0x100,8,00 60 12 CD C3 BE F0 B3,speed=0.00
1779777747.986,0x200,8,03 64 A7 B2 66 D2 EC BB,fuel=100.00
1779777748.072,0x300,8,02 28 AB 71 01 B1 F6 EC,temp=42.00
1779777748.169,0x100,8,00 12 A7 9F 1E 98 82 CF,speed=0.00
1779777748.263,0x200,8,F8 64 D8 69 47 D6 72 96,fuel=100.00
1779777748.361,0x300,8,02 09 4D 03 09 A0 1A 2A,temp=42.00
1779777748.453,0x100,8,00 32 D8 79 F7 F3 E7 07,speed=0.00
1779777748.552,0x200,8,58 64 50 6E 21 1C D2 40,fuel=100.00
1779777748.635,0x300,8,02 86 23 3D F1 00 9A A2,temp=42.00
1779777748.735,0x100,8,00 EE 35 37 F7 44 94 1E,speed=0.00
1779777748.836,0x200,8,06 64 91 6F E3 7E 7B 06,fuel=100.00
1779777748.947,0x300,8,02 89 72 E9 0D D5 27 F5,temp=42.00
1779777749.009,0x100,8,00 CB 10 33 FA 42 45 BE,speed=0.00
1779777749.121,0x200,8,FA 64 19 C5 BA E9 8A BB,fuel=100.00
1779777749.203,0x300,8,02 0E 99 B9 B2 D2 65 DE,temp=42.00
1779777749.289,0x100,8,00 7D 75 7B E0 3B A6 D2,speed=0.00
1779777749.387,0x200,8,C7 64 85 9F 07 0A DA 27,fuel=100.00
1779777749.485,0x300,8,02 BD 77 2E F6 88 AB BA,temp=42.00
1779777749.589,0x100,8,00 B8 A9 BD 18 DE 1A A8,speed=0.00
1779777749.669,0x200,8,84 64 F5 80 FD C4 CF 00,fuel=100.00
1779777749.773,0x300,8,02 DD 1A 47 5C 38 81 2A,temp=42.00
1779777749.853,0x100,8,00 8D 5C 6C F9 D7 A1 FB,speed=0.00
1779777749.955,0x200,8,E3 64 BA E1 90 F6 BF 2F,fuel=100.00
1779777750.056,0x300,8,02 5A 11 39 83 76 4D 9F,temp=42.00
1779777750.136,0x100,8,00 6C B9 94 90 AA B5 77,speed=0.00
1779777750.248,0x200,8,83 64 09 E4 9F 1D 10 10,fuel=100.00
1779777750.325,0x300,8,02 44 CC F0 D6 D8 07 43,temp=42.00
1779777750.418,0x100,8,00 05 BC C7 40 58 66 AE,speed=0.00
1779777750.518,0x200,8,FD 64 12 29 70 D1 96 BF,fuel=100.00
1779777750.605,0x300,8,02 D0 AF 1F 12 42 32 A2,temp=42.00
1779777750.696,0x100,8,00 95 DD 39 28 0C B2 7C,speed=0.00
1779777750.806,0x200,8,DE 64 A6 DC 55 27 3B 95,fuel=100.00
1779777750.885,0x300,8,02 A7 AF 8A 75 FF 84 E5,temp=42.00
1779777750.993,0x100,8,00 28 61 0F F9 DB 6B 94,speed=0.00
1779777751.083,0x200,8,C4 64 EC D9 C1 4D 2A 58,fuel=100.00
1779777751.169,0x300,8,02 53 16 2E 45 07 4A F9,temp=42.00
1779777751.266,0x100,8,00 3D 1D 1A 39 B6 1D 50,speed=0.00
1779777751.361,0x200,8,E3 64 6E 80 02 24 6D 25,fuel=100.00
1779777751.453,0x300,8,02 84 B5 E6 C1 25 C8 B9,temp=42.00
1779777751.544,0x100,8,00 55 16 2D 81 7E F5 E5,speed=0.00
1779777751.636,0x200,8,35 64 C3 9E A5 5D CA 35,fuel=100.00
1779777751.745,0x300,8,02 D2 D3 A2 EA FF F3 E5,temp=42.00
1779777751.840,0x100,8,00 38 C5 EA D1 71 50 99,speed=0.00
1779777751.920,0x200,8,6D 64 6A 6E FC 04 6E F3,fuel=100.00
1779777752.024,0x300,8,02 76 7E F2 42 6F 9A EF,temp=42.00
1779777752.110,0x100,8,00 55 A1 73 54 F5 17 3A,speed=0.00
1779777752.220,0x200,8,AE 64 2F 7A 73 B7 90 1B,fuel=100.00
1779777752.309,0x300,8,02 45 6A 8D 32 32 4C 94,temp=42.00
1779777752.385,0x100,8,00 1E 89 BE 53 B3 D6 8E,speed=0.00
1779777752.485,0x200,8,DB 64 FF 7B 46 6E 54 93,fuel=100.00
1779777752.572,0x300,8,02 41 0B 56 D6 3B 70 89,temp=42.00
1779777752.678,0x100,8,00 79 11 46 2D 97 57 94,speed=0.00
1779777752.771,0x200,8,9D 64 A1 07 5C 87 4C 84,fuel=100.00
1779777752.870,0x300,8,02 4E D8 38 58 37 97 0D,temp=42.00
1779777752.966,0x100,8,00 D9 86 35 A5 4C 8B D8,speed=0.00
1779777753.062,0x200,8,0B 64 EA B2 E9 66 48 EE,fuel=100.00
1779777753.136,0x300,8,02 87 48 E2 7A C2 5D CB,temp=42.00
1779777753.236,0x100,8,00 D7 C8 0D 03 B4 66 29,speed=0.00
1779777753.347,0x200,8,C6 64 2C 71 F9 EF 3C A9,fuel=100.00
1779777753.420,0x300,8,02 7B C6 6D 75 FE D0 37,temp=42.00
1779777753.518,0x100,8,00 51 E2 59 94 93 92 A2,speed=0.00
1779777753.627,0x200,8,62 64 0F 7D 1F DA DB 24,fuel=100.00
1779777753.702,0x300,8,02 BA 47 2F E7 67 A4 90,temp=42.00
1779777753.802,0x100,8,00 57 D3 CB F9 5D 2C F7,speed=0.00
1779777753.920,0x200,8,D2 64 78 DB A7 85 52 87,fuel=100.00
1779777753.986,0x300,8,02 2A 5B B9 7C ED A6 59,temp=42.00
1779777754.071,0x100,8,00 C7 09 23 F7 AF 10 48,speed=0.00
1779777754.189,0x200,8,47 64 39 B4 7C 2C B8 40,fuel=100.00
1779777754.269,0x300,8,02 93 C7 B9 81 44 AD 2C,temp=42.00
1779777754.370,0x100,8,00 BE 64 DF 3C 29 BB 35,speed=0.00
1779777754.453,0x200,8,14 64 05 D2 82 BC 0B 5B,fuel=100.00
1779777754.546,0x300,8,02 20 8A AD 97 03 07 30,temp=42.00
1779777754.635,0x100,8,00 34 0E F7 CF 47 1A 49,speed=0.00
1779777754.740,0x200,8,4B 64 8C D7 AA B5 8B D9,fuel=100.00
1779777754.836,0x300,8,02 F7 B8 17 61 9F 47 84,temp=42.00
1779777754.943,0x100,8,00 5F 1E 3A 72 D6 0C 48,speed=0.00
1779777755.044,0x200,8,F5 64 88 15 BE C0 C8 68,fuel=100.00
1779777755.119,0x300,8,02 22 BB 50 29 DC 79 EC,temp=42.00
1779777755.222,0x100,8,00 BE 1C 98 83 9D 84 61,speed=0.00
1779777755.308,0x200,8,DE 64 47 D9 F8 F8 64 BF,fuel=100.00
1779777755.386,0x300,8,02 4B 1F DC FE 1D B9 DB,temp=42.00
1779777755.485,0x100,8,00 9C 93 2C F9 01 DB CA,speed=0.00
1779777755.586,0x200,8,64 64 AB 5D BA 36 21 36,fuel=100.00
1779777755.669,0x300,8,02 AB 2C 5D 11 DF 59 4A,temp=42.00
1779777755.771,0x100,8,00 5A 3C 9D 9F 7C 96 AE,speed=0.00
1779777755.855,0x200,8,82 64 FC 1D 36 BD 2A 12,fuel=100.00
1779777755.979,0x300,8,02 F5 C3 E8 B3 0C E1 69,temp=42.00
1779777756.085,0x100,8,00 22 2C A1 D1 6C 2E F5,speed=0.00
1779777756.134,0x200,8,E7 64 83 1B 54 AC A8 E5,fuel=100.00
1779777756.248,0x300,8,02 08 4B A4 04 39 51 87,temp=42.00
1779777756.338,0x100,8,00 BA 1E 6C AE 54 C7 21,speed=0.00
1779777756.428,0x200,8,E8 64 3C EF FA 84 5E 0B,fuel=100.00
1779777756.519,0x300,8,02 19 AD C9 FA B9 0D 88,temp=42.00
1779777756.620,0x100,8,00 56 A4 B9 A4 33 29 10,speed=0.00
1779777756.697,0x200,8,C0 64 8C FA 76 87 D7 37,fuel=100.00
1779777756.803,0x300,8,02 08 6C A9 FB 70 84 A5,temp=42.00
1779777756.892,0x100,8,00 11 C5 88 FD 7C B8 F1,speed=0.00
1779777756.985,0x200,8,22 64 21 43 4B 55 5B 14,fuel=100.00
1779777757.078,0x300,8,02 CD 54 D5 D3 D6 E4 B1,temp=42.00
1779777757.173,0x100,8,00 C6 89 6C 50 9F E4 63,speed=0.00
1779777757.269,0x200,8,59 64 1B 8D 37 98 2F 94,fuel=100.00
1779777757.357,0x300,8,02 6B AD 43 84 06 C5 31,temp=42.00
1779777757.458,0x100,8,00 77 11 B4 83 5E CA 99,speed=0.00
1779777757.553,0x200,8,9D 64 54 6E 87 2F 1A 63,fuel=100.00
1779777757.636,0x300,8,02 3D A5 ED 4D BF 72 82,temp=42.00
1779777757.740,0x100,8,00 C3 D4 E3 C8 A7 55 47,speed=0.00
1779777757.830,0x200,8,79 64 4C 9A D7 26 33 3F,fuel=100.00
1779777757.920,0x300,8,02 C1 5D 2C FA 87 93 D5,temp=42.00
1779777758.026,0x100,8,00 2B 71 43 4B 35 D4 B4,speed=0.00
1779777758.104,0x200,8,58 64 4D 6B 20 F1 D4 1F,fuel=100.00
1779777758.201,0x300,8,02 0C 12 B6 2D 0D 3A 4E,temp=42.00
1779777758.303,0x100,8,00 55 64 BA 0F 49 0A 94,speed=0.00
1779777758.386,0x200,8,4E 64 6F 29 F4 B7 3D D6,fuel=100.00
1779777758.485,0x300,8,02 D5 96 D6 4B 5A 7B A2,temp=42.00
1779777758.573,0x100,8,00 31 22 3A 20 74 F1 74,speed=0.00
1779777758.669,0x200,8,98 64 1C F9 32 05 C5 BB,fuel=100.00
1779777758.777,0x300,8,02 92 54 A3 42 D9 27 75,temp=42.00
1779777758.869,0x100,8,00 45 6E 1D 7C 7B 1E 1D,speed=0.00
1779777758.954,0x200,8,71 64 57 13 6F FE C0 18,fuel=100.00
1779777759.040,0x300,8,02 6E F5 41 AB 3F 46 71,temp=42.00
1779777759.144,0x100,8,00 C3 49 5C 66 06 7E D1,speed=0.00
1779777759.236,0x200,8,A7 64 EC E2 81 E3 C9 B7,fuel=100.00
1779777759.337,0x300,8,02 C0 17 5A 12 F3 5D F8,temp=42.00
1779777759.415,0x100,8,00 BA C5 1E 38 14 2F A4,speed=0.00
1779777759.519,0x200,8,FF 64 B3 2E 59 41 E0 98,fuel=100.00
1779777759.608,0x300,8,02 AA 64 D7 CC 75 24 0F,temp=42.00
1779777759.708,0x100,8,00 71 10 15 1D AA B7 F6,speed=0.00
1779777759.802,0x200,8,89 64 98 D7 81 59 4F AE,fuel=100.00
1779777759.894,0x300,8,02 3C D1 B5 6E 45 6B 47,temp=42.00
1779777759.981,0x100,8,00 33 B2 34 04 44 57 19,speed=0.00
1779777760.095,0x200,8,11 64 07 AB BA F1 4C 5B,fuel=100.00
1779777760.169,0x300,8,02 6A 72 66 34 23 B7 60,temp=42.00
1779777760.264,0x100,8,00 EB B4 6E A3 74 70 2E,speed=0.00
1779777760.372,0x200,8,23 64 79 EE 39 FD 05 77,fuel=100.00
1779777760.452,0x300,8,02 34 00 38 65 A7 1A D5,temp=42.00
1779777760.539,0x100,8,00 EB C6 4A 19 6A E2 2A,speed=0.00
1779777760.637,0x200,8,AD 64 F7 D7 33 90 5C 4F,fuel=100.00
1779777760.741,0x300,8,02 5A 6C 2A 4B 4B D1 78,temp=42.00
1779777760.837,0x100,8,00 37 02 D3 E0 31 BE 1C,speed=0.00
1779777760.919,0x200,8,72 64 E1 59 24 A4 D3 D1,fuel=100.00
1779777761.020,0x300,8,02 6A 33 2A C4 EA F2 38,temp=42.00
1779777761.113,0x100,8,00 BF 6D 88 B9 D9 B5 AC,speed=0.00
1779777761.206,0x200,8,C3 64 CE D0 CE E0 D1 B8,fuel=100.00
1779777761.304,0x300,8,02 97 25 87 83 F6 93 FC,temp=42.00
1779777761.403,0x100,8,00 C1 F8 81 6C F8 24 04,speed=0.00
1779777761.478,0x200,8,CA 64 27 4F 38 D1 8B 79,fuel=100.00
1779777761.586,0x300,8,02 40 67 E3 17 23 47 0D,temp=42.00
1779777761.669,0x100,8,00 C3 44 2D 31 4F 1F 8B,speed=0.00
1779777761.769,0x200,8,21 64 6A 1E A6 60 75 34,fuel=100.00
1779777761.863,0x300,8,02 16 8A 43 6D 28 18 E9,temp=42.00
1779777761.957,0x100,8,00 FC C2 DF CE 0E 25 4F,speed=0.00
1779777762.045,0x200,8,D3 64 23 D4 CD 07 05 E7,fuel=100.00
1779777762.144,0x300,8,02 D9 68 D1 A8 7B 0E 41,temp=42.00
1779777762.240,0x100,8,00 CE 6E 39 43 7D D4 B0,speed=0.00
1779777762.335,0x200,8,F7 64 EB 23 6E 66 C8 F6,fuel=100.00
1779777762.419,0x300,8,02 82 1B 25 CE 9A C2 E4,temp=42.00
1779777762.520,0x100,8,00 05 89 72 C3 03 99 1C,speed=0.00
1779777762.607,0x200,8,BA 64 7F 67 E9 37 46 FD,fuel=100.00
1779777762.702,0x300,8,02 61 D4 20 85 E9 55 AF,temp=42.00
1779777762.793,0x100,8,00 30 75 E7 04 C5 40 30,speed=0.00
1779777762.893,0x200,8,84 64 2F B5 76 C4 2C FC,fuel=100.00
1779777762.985,0x300,8,02 26 38 EB 68 43 3C FF,temp=42.00
1779777763.073,0x100,8,00 65 6D 18 86 C9 DF 14,speed=0.00
1779777763.172,0x200,8,5F 64 9D F8 06 87 59 B4,fuel=100.00
1779777763.259,0x300,8,02 F9 47 33 1A 33 BC C9,temp=42.00
1779777763.356,0x100,8,00 71 BA AF 9B FE 70 15,speed=0.00
1779777763.452,0x200,8,A1 64 3C 13 B3 DA 2E 39,fuel=100.00
1779777763.549,0x300,8,02 D9 2D B7 F3 CD 53 A9,temp=42.00
1779777763.645,0x100,8,00 3C 8A 76 55 88 6C C2,speed=0.00
1779777763.735,0x200,8,19 64 73 51 E3 A4 95 F2,fuel=100.00
1779777763.820,0x300,8,02 52 B2 3D 6F 9C A9 AB,temp=42.00
1779777763.936,0x100,8,00 EE 30 BF 88 5F 5F 98,speed=0.00
1779777764.021,0x200,8,60 64 EC 59 89 76 BC 32,fuel=100.00
1779777764.102,0x300,8,02 DA 88 E1 7A C9 DD 23,temp=42.00
1779777764.204,0x100,8,00 88 B9 DF 85 9F D4 B3,speed=0.00
1779777764.302,0x200,8,64 64 A4 E9 A1 C8 93 0C,fuel=100.00
1779777764.386,0x300,8,02 34 EE A1 4B 67 5E C1,temp=42.00
1779777764.486,0x100,8,00 E9 A1 C8 93 25 F5 47,speed=0.00
1779777764.572,0x200,8,F1 64 9E 57 D7 FF C1 EC,fuel=100.00
1779777764.674,0x300,8,02 7E 55 8D 84 09 A5 75,temp=42.00
1779777764.769,0x100,8,00 A8 4C D4 B1 EF D7 6A,speed=0.00
1779777764.861,0x200,8,E3 64 3A 9D 62 82 7B 7F,fuel=100.00
1779777764.955,0x300,8,02 9C D1 FF D7 06 00 25,temp=42.00
1779777765.053,0x100,8,00 6B 70 34 9E EC 00 84,speed=0.00
1779777765.135,0x200,8,FC 64 C3 EE 6A 11 EE 1C,fuel=100.00
1779777765.235,0x300,8,02 79 F6 39 5C B3 74 6B,temp=42.00
1779777765.336,0x100,8,00 2B D1 7E 0C 5A 3B 88,speed=0.00
1779777765.419,0x200,8,F6 64 7B 0B 5D 02 D9 D2,fuel=100.00
1779777765.518,0x300,8,02 38 78 DC 01 24 38 6E,temp=42.00
1779777765.602,0x100,8,00 84 B9 BE 5D E3 18 49,speed=0.00
1779777765.702,0x200,8,93 64 45 DF F7 83 49 EC,fuel=100.00
1779777765.802,0x300,8,02 E0 7F 19 2B F8 34 9F,temp=42.00
1779777765.886,0x100,8,00 F6 AB D9 72 10 BA 6F,speed=0.00
1779777765.981,0x200,8,F9 64 68 62 20 0C FF 8B,fuel=100.00
1779777766.078,0x300,8,02 2B 68 9B FC 00 4F BA,temp=42.00
1779777766.175,0x100,8,00 88 91 EB F9 37 D3 24,speed=0.00
1779777766.271,0x200,8,4D 64 D7 6C 72 C5 7F 13,fuel=100.00
1779777766.363,0x300,8,02 22 CB 0D EA D6 3E E1,temp=42.00
1779777766.465,0x100,8,00 66 6A 85 B4 CD 7D 69,speed=0.00
1779777766.552,0x200,8,94 64 64 00 F1 3F 78 90,fuel=100.00
1779777766.636,0x300,8,02 B0 2F 8E F3 25 6B E4,temp=42.00
1779777766.738,0x100,8,00 F6 0F 30 F7 99 A2 6E,speed=0.00
1779777766.822,0x200,8,19 64 76 8D 64 BB AC 0D,fuel=100.00
1779777766.915,0x300,8,02 C5 3B F8 AF 4C F8 A7,temp=42.00
1779777767.019,0x100,8,00 A2 59 89 2F 95 7C 5E,speed=0.00
1779777767.103,0x200,8,D1 64 E4 77 25 CF 91 A9,fuel=100.00
1779777767.214,0x300,8,02 93 2F 5C A8 38 16 77,temp=42.00
1779777767.291,0x100,8,00 E3 2A 54 51 47 5D 70,speed=0.00
1779777767.396,0x200,8,7F 64 C8 B0 12 35 09 09,fuel=100.00
1779777767.485,0x300,8,02 F3 45 37 44 9A 00 FC,temp=42.00
1779777767.585,0x100,8,00 DB 0E DE 97 D8 76 58,speed=0.00
1779777767.670,0x200,8,5E 64 25 09 9C 4C 2B 44,fuel=100.00
1779777767.769,0x300,8,02 23 7A 98 62 D8 BB D5,temp=42.00
1779777767.853,0x100,8,00 7F B3 2F 93 9E D1 32,speed=0.00
1779777767.969,0x200,8,D2 64 7F 0B 97 C4 3F C9,fuel=100.00
1779777768.052,0x300,8,02 02 ED AA B1 CC 63 89,temp=42.00
1779777768.138,0x100,8,00 F3 D0 CF 2D 9D 15 CD,speed=0.00
1779777768.237,0x200,8,B3 64 10 BE 76 A5 86 F9,fuel=100.00
1779777768.322,0x300,8,02 9B 10 61 CA FD 0E DF,temp=42.00
1779777768.425,0x100,8,00 D9 AD E2 96 86 64 D1,speed=0.00
1779777768.518,0x200,8,1A 64 FF 07 6E BA 98 58,fuel=100.00
1779777768.605,0x300,8,02 3B A7 80 B1 83 E4 B1,temp=42.00
1779777768.703,0x100,8,00 9A B6 D6 0D 0C 21 87,speed=0.00
1779777768.806,0x200,8,7F 64 89 29 A4 B2 66 D2,fuel=100.00
1779777768.887,0x300,8,02 C2 B4 CA 89 59 E8 19,temp=42.00
1779777768.991,0x100,8,00 29 2E E5 D9 05 2A F3,speed=0.00
1779777769.086,0x200,8,48 64 BE E2 5B 24 61 B7,fuel=100.00
1779777769.169,0x300,8,02 B7 F4 78 A0 0E E8 1F,temp=42.00
1779777769.268,0x100,8,00 85 66 BA DB 01 F6 DB,speed=0.00
1779777769.355,0x200,8,E7 64 EE 2D 6A 35 4E EA,fuel=100.00
1779777769.454,0x300,8,02 EF 4C C5 07 92 84 64,temp=42.00
1779777769.552,0x100,8,00 49 42 B8 8F D1 AF 80,speed=0.00
1779777769.639,0x200,8,FA 64 15 32 A6 4D 14 F7,fuel=100.00
1779777769.736,0x300,8,02 8F 69 20 18 B4 BB B3,temp=42.00
1779777769.835,0x100,8,00 96 A3 FE 1E A0 C7 44,speed=0.00
1779777769.948,0x200,8,AC 64 B9 ED F5 55 6E 0D,fuel=100.00
1779777770.019,0x300,8,02 71 D7 80 30 CA 5B B1,temp=42.00
1779777770.122,0x100,8,00 9B 73 E4 17 C6 30 98,speed=0.00
1779777770.214,0x200,8,CA 64 7B 49 C3 B0 AA 72,fuel=100.00
1779777770.302,0x300,8,02 5A F7 82 07 89 DD 30,temp=42.00
1779777770.386,0x100,8,00 5B C0 90 7E 62 79 34,speed=0.00
1779777770.483,0x200,8,A8 64 93 53 71 6F 63 54,fuel=100.00
1779777770.585,0x300,8,02 FF 7E 59 7B 9B AD 6A,temp=42.00
1779777770.672,0x100,8,00 C9 EC 13 8B 8C 5A D4,speed=0.00
1779777770.769,0x200,8,05 64 22 5C EB E5 B4 02,fuel=100.00
1779777770.861,0x300,8,02 16 AD 5D 12 9D 03 AF,temp=42.00
1779777770.967,0x100,8,00 0E 39 42 E7 10 ED 5D,speed=0.00
1779777771.056,0x200,8,B6 64 E1 3B 75 60 DC A3,fuel=100.00
1779777771.137,0x300,8,02 D4 0E 13 AE E2 5D 95,temp=42.00
1779777771.247,0x100,8,00 1F BC C3 D5 EC 5A 3A,speed=0.00
1779777771.335,0x200,8,05 64 C2 3A 97 8A 46 2D,fuel=100.00
1779777771.422,0x300,8,02 EB D8 C2 B1 A0 9F AF,temp=42.00
1779777771.523,0x100,8,00 FF 9A C0 B7 47 A6 A2,speed=0.00
1779777771.604,0x200,8,9F 64 C9 29 CA 52 B3 33,fuel=100.00
1779777771.702,0x300,8,02 3E 42 65 3A 7F 4A A3,temp=42.00
1779777771.802,0x100,8,00 F0 84 25 DC BF 8C 5C,speed=0.00
1779777771.908,0x200,8,01 64 60 16 EC A3 9A A2,fuel=100.00
1779777772.011,0x300,8,02 6E AF 89 68 33 AE 7D,temp=42.00
1779777772.073,0x100,8,00 A1 43 62 16 01 9E 6A,speed=0.00
1779777772.172,0x200,8,2D 64 F4 75 96 D1 50 7D,fuel=100.00
1779777772.280,0x300,8,02 7A 51 65 5A 4C F3 29,temp=42.00
1779777772.383,0x100,8,00 61 34 99 D3 A4 FB D8,speed=0.00
1779777772.452,0x200,8,F1 64 78 23 42 9D 4E 5B,fuel=100.00
1779777772.552,0x300,8,02 49 96 C5 92 DC 4B A1,temp=42.00
1779777772.636,0x100,8,00 D2 98 30 45 2E 88 98,speed=0.00
1779777772.736,0x200,8,03 64 5D F0 19 46 A7 DB,fuel=100.00
1779777772.836,0x300,8,02 12 B4 86 9C E7 3A D2,temp=42.00
1779777772.927,0x100,8,00 72 4A 34 23 7C 54 6A,speed=0.00
1779777773.039,0x200,8,B4 64 33 C6 C7 AA AE 6E,fuel=100.00
1779777773.107,0x300,8,02 0C BE F8 0E CD 1B C8,temp=42.00
1779777773.209,0x100,8,00 A8 05 E5 B3 35 86 61,speed=0.00
1779777773.302,0x200,8,C5 64 40 7C 1F 3D D1 A8,fuel=100.00
1779777773.394,0x300,8,02 A2 F5 FA 5A AF 60 47,temp=42.00
1779777773.487,0x100,8,00 69 19 BA 5F 24 68 99,speed=0.00
1779777773.585,0x200,8,B1 64 FD 39 99 D1 0C 98,fuel=100.00
1779777773.669,0x300,8,02 EF FA 0B B4 3C 10 A3,temp=42.00
1779777773.784,0x100,8,00 07 68 1A 65 F2 16 F1,speed=0.00
1779777773.856,0x200,8,AC 64 06 6D 2B C6 DE 59,fuel=100.00
1779777773.959,0x300,8,02 7E 35 2F DB 30 D1 D8,temp=42.00
1779777774.045,0x100,8,00 CD D6 CB 23 1F AD F9,speed=0.00
1779777774.137,0x200,8,9C 64 1B E1 98 E5 FA 99,fuel=100.00
1779777774.229,0x300,8,02 8C 29 B3 06 12 29 B2,temp=42.00
1779777774.329,0x100,8,00 28 0C 69 05 DE 1B 3B,speed=0.00
1779777774.422,0x200,8,98 64 F4 0C E0 4F 8C A5,fuel=100.00
1779777774.519,0x300,8,02 0C 14 A3 99 4B F8 8D,temp=42.00
1779777774.607,0x100,8,00 2F F9 BA 23 24 A4 F8,speed=0.00
1779777774.702,0x200,8,36 64 1F 58 49 EF A3 DD,fuel=100.00
1779777774.792,0x300,8,02 F0 6A 45 52 F9 06 E7,temp=42.00
1779777774.889,0x100,8,00 92 78 6C A0 F8 79 3F,speed=0.00
1779777774.987,0x200,8,94 64 C6 99 77 7A BA 65,fuel=100.00
1779777775.087,0x300,8,02 14 32 0F 51 7B DF E7,temp=42.00
1779777775.184,0x100,8,00 1A AC 9E E9 60 A6 2B,speed=0.00
1779777775.272,0x200,8,B1 64 8B 2F 09 58 BC 3D,fuel=100.00
1779777775.382,0x300,8,02 FB FC 08 FC 4A 48 9D,temp=42.00
1779777775.453,0x100,8,00 5E 29 16 81 AC F2 C1,speed=0.00
1779777775.542,0x200,8,91 64 70 29 56 28 56 00,fuel=100.00
1779777775.642,0x300,8,02 53 40 F9 B4 1B AC 67,temp=42.00
1779777775.736,0x100,8,00 6E A3 FB 43 42 DB 18,speed=0.00
1779777775.844,0x200,8,CC 64 03 7F AB AF 2A 1B,fuel=100.00
1779777775.930,0x300,8,02 50 5E 3B 0E 9E A0 8B,temp=42.00
1779777776.019,0x100,8,00 FB 5C B4 02 82 5E 87,speed=0.00
1779777776.108,0x200,8,53 64 2B 05 DF 57 E8 98,fuel=100.00
1779777776.209,0x300,8,02 47 FE 65 6E F1 6B 4F,temp=42.00
1779777776.302,0x100,8,00 3B CF AB 8B 9C 5A D6,speed=0.00
1779777776.394,0x200,8,4B 64 A9 5E 6D 2E 06 9C,fuel=100.00
1779777776.485,0x300,8,02 CF 17 FB 40 AA 31 33,temp=42.00
1779777776.577,0x100,8,00 BC 56 87 DF 9E 41 72,speed=0.00
1779777776.675,0x200,8,5E 64 6D B8 2E D0 21 10,fuel=100.00
1779777776.768,0x300,8,02 63 47 7D F2 78 22 BC,temp=42.00
1779777776.858,0x100,8,00 94 C1 83 4E 48 A4 89,speed=0.00
1779777776.957,0x200,8,E5 64 98 91 99 1C 1D 88,fuel=100.00
1779777777.044,0x300,8,02 B2 7A 4F 0A 23 0D F7,temp=42.00
1779777777.137,0x100,8,00 18 3F 60 CF D9 C0 25,speed=0.00
1779777777.242,0x200,8,82 64 A1 6F 0C AC 2B 39,fuel=100.00
1779777777.326,0x300,8,02 87 DE 70 B4 A9 19 8A,temp=42.00
1779777777.423,0x100,8,00 F2 8B 69 D1 85 F2 71,speed=0.00
1779777777.519,0x200,8,8F 64 C4 13 5B 33 07 55,fuel=100.00
1779777777.651,0x300,8,02 1B 3B 58 D4 0A 45 22,temp=42.00
1779777777.702,0x100,8,00 A8 84 DC 34 E2 EC 3F,speed=0.00
1779777777.802,0x200,8,F0 64 8F 7F 04 BB E4 5E,fuel=100.00
1779777777.899,0x300,8,02 88 37 50 B4 58 30 5B,temp=42.00
1779777777.986,0x100,8,00 D1 4B 42 C7 26 5B D6,speed=0.00
1779777778.075,0x200,8,82 64 02 42 31 E1 F3 35,fuel=100.00
1779777778.184,0x300,8,02 B8 FC 32 5C AB 45 48,temp=42.00
1779777778.269,0x100,8,00 7E 1D 40 1F 65 FD 4C,speed=0.00
1779777778.354,0x200,8,0A 64 73 35 D1 B1 48 EC,fuel=100.00
1779777778.453,0x300,8,02 28 14 54 1B 88 E9 60,temp=42.00
1779777778.559,0x100,8,00 E7 A9 D1 31 FC 36 29,speed=0.00
1779777778.652,0x200,8,2A 64 A9 3A 0B 91 AD 04,fuel=100.00
1779777778.752,0x300,8,02 0B 46 61 23 86 82 A0,temp=42.00
1779777778.837,0x100,8,00 33 4C 47 B2 B5 C9 BD,speed=0.00
1779777778.942,0x200,8,19 64 9F 75 BA 61 21 13,fuel=100.00
1779777779.047,0x300,8,02 93 DE BD 43 8D 15 06,temp=42.00
1779777779.125,0x100,8,00 3C 8A AA D1 82 58 F9,speed=0.00
1779777779.220,0x200,8,DB 64 91 43 69 E8 99 DA,fuel=100.00
1779777779.316,0x300,8,02 B0 AD E6 B7 BA 26 11,temp=42.00
1779777779.409,0x100,8,00 91 36 E4 92 35 74 AB,speed=0.00
1779777779.498,0x200,8,C0 64 14 06 E5 31 94 AF,fuel=100.00
1779777779.587,0x300,8,02 7D D4 01 90 36 48 7F,temp=42.00
1779777779.692,0x100,8,00 59 8A 29 72 72 49 2E,speed=0.00
1779777779.778,0x200,8,A9 64 7A FB 9D 29 C6 01,fuel=100.00
1779777779.870,0x300,8,02 CB 02 9F FE 7A 24 AA,temp=42.00
1779777779.971,0x100,8,00 B2 3A 43 F4 C7 EE D0,speed=0.00
1779777780.077,0x200,8,F6 64 76 21 E0 06 00 63,fuel=100.00
1779777780.153,0x300,8,02 47 D2 84 86 D0 8A 00,temp=42.00
1779777780.254,0x100,8,00 B4 AB 62 99 38 6B 5E,speed=0.00
1779777780.343,0x200,8,27 64 E9 C0 13 1E 03 3D,fuel=100.00
1779777780.438,0x300,8,02 93 0F AB BF 50 78 76,temp=42.00
1779777780.538,0x100,8,00 90 BF 14 1E 0E D9 1E,speed=0.00
1779777780.619,0x200,8,E1 64 F0 C5 EF 44 72 F0,fuel=100.00
1779777780.719,0x300,8,02 3E E5 D5 1D 3B 74 81,temp=42.00
1779777780.820,0x100,8,00 AE 25 E8 FC BC 93 CB,speed=0.00
1779777780.914,0x200,8,D2 64 11 FC 07 76 0E 61,fuel=100.00
1779777781.014,0x300,8,02 1C 8F 89 E2 95 54 27,temp=42.00
1779777781.102,0x100,8,00 0C 31 28 96 8F EC 4D,speed=0.00
1779777781.187,0x200,8,21 64 99 D0 6E 5B 4F D3,fuel=100.00
1779777781.285,0x300,8,02 5B 0D 7C 32 BA 33 B2,temp=42.00
1779777781.386,0x100,8,00 98 45 B1 EE 6B AA A9,speed=0.00
1779777781.469,0x200,8,59 64 BA C0 72 5C 61 35,fuel=100.00
1779777781.572,0x300,8,02 4E 0B 2F EE 84 F7 63,temp=42.00
1779777781.666,0x100,8,00 50 89 FF E7 9A 82 6C,speed=0.00
1779777781.754,0x200,8,1A 64 1B 2B 95 B4 67 24,fuel=100.00
1779777781.837,0x300,8,02 1D D2 44 95 0F 0E 2F,temp=42.00
1779777781.944,0x100,8,00 2C 8D 20 9B 52 F5 CF,speed=0.00
1779777782.042,0x200,8,F3 64 8D 95 76 BA 0B 21,fuel=100.00
1779777782.125,0x300,8,02 77 35 B1 F8 29 18 63,temp=42.00
1779777782.222,0x100,8,00 C0 5B EE DE A5 2F D3,speed=0.00
1779777782.308,0x200,8,B6 64 C3 7B F6 A7 BA 0F,fuel=100.00
1779777782.403,0x300,8,02 F9 98 65 A0 41 C7 30,temp=42.00
1779777782.502,0x100,8,00 E5 F2 54 69 17 A3 6B,speed=0.00
1779777782.610,0x200,8,F5 64 E0 45 FE 35 26 29,fuel=100.00
1779777782.687,0x300,8,02 D7 26 D2 BA FC 98 40,temp=42.00
1779777782.790,0x100,8,00 46 62 22 D5 D1 6B 1A,speed=0.00
1779777782.871,0x200,8,43 64 3F 02 48 CF C1 F2,fuel=100.00
1779777782.975,0x300,8,02 3F C7 E4 12 9F C4 BC,temp=42.00
1779777783.056,0x100,8,00 48 6D 3E 71 AD 9E 3A,speed=0.00
1779777783.154,0x200,8,04 64 FF F9 8D 77 2C DA,fuel=100.00
1779777783.267,0x300,8,02 74 29 B6 4F DD 5D 0E,temp=42.00
1779777783.340,0x100,8,00 9F 74 39 51 01 F7 62,speed=0.00
1779777783.436,0x200,8,B0 64 C6 D2 A0 61 E2 24,fuel=100.00
1779777783.529,0x300,8,02 3F 39 33 ED 05 76 F5,temp=42.00
1779777783.623,0x100,8,00 4F C8 D9 DA 88 A0 80,speed=0.00
1779777783.719,0x200,8,40 64 24 07 2F 03 98 12,fuel=100.00
1779777783.822,0x300,8,02 C3 D1 18 98 1A 67 3C,temp=42.00
1779777783.916,0x100,8,00 19 4B C9 B0 F4 58 6E,speed=0.00
1779777784.002,0x200,8,46 64 9B B4 49 21 25 25,fuel=100.00
1779777784.108,0x300,8,02 E0 C0 9C 23 67 6D E8,temp=42.00
1779777784.186,0x100,8,00 FE 14 F4 B8 44 E6 FA,speed=0.00
1779777784.278,0x200,8,F2 64 29 CA F3 ED 53 1C,fuel=100.00
1779777784.370,0x300,8,02 44 8E 81 E0 99 25 68,temp=42.00
1779777784.477,0x100,8,00 D0 3A DE 98 91 BE 51,speed=0.00
1779777784.556,0x200,8,0D 64 3E 43 7A 84 A6 27,fuel=100.00
1779777784.654,0x300,8,02 3E DF 09 5F 06 07 71,temp=42.00
1779777784.754,0x100,8,00 BC 03 14 F1 22 FA 12,speed=0.00
1779777784.839,0x200,8,0B 64 1A 5D CF DE 18 FA,fuel=100.00
1779777784.937,0x300,8,02 A3 C4 0C 2A D0 3D 68,temp=42.00
1779777785.032,0x100,8,00 61 05 60 D6 00 06 91,speed=0.00
1779777785.120,0x200,8,44 64 06 DD BC 3D 11 4E,fuel=100.00
1779777785.230,0x300,8,02 1B 43 0E 73 92 4D F5,temp=42.00
1779777785.356,0x100,8,00 F7 6A 12 48 3E 40 21,speed=0.00
1779777785.421,0x200,8,CE 64 5B 78 C8 23 64 DB,fuel=100.00
1779777785.503,0x300,8,02 B3 13 C3 B8 F0 39 42,temp=42.00
1779777785.602,0x100,8,00 FF 41 E5 48 26 15 DB,speed=0.00
1779777785.699,0x200,8,12 64 1F C1 5F 20 AB 42,fuel=100.00
1779777785.785,0x300,8,02 41 49 74 2E 70 F8 41,temp=42.00
1779777785.871,0x100,8,00 CC 9E 91 E2 86 8E 2D,speed=0.00
1779777785.969,0x200,8,E5 64 6D 53 3F 70 38 5A,fuel=100.00
1779777786.079,0x300,8,02 C2 E2 8C BE EB 9B 62,temp=42.00
1779777786.154,0x100,8,00 95 18 CB 11 2B 87 B2,speed=0.00
1779777786.244,0x200,8,2F 64 E4 C2 D5 26 0D 0D,fuel=100.00
1779777786.352,0x300,8,02 5A 6F 40 76 D2 12 1A,temp=42.00
1779777786.436,0x100,8,00 A4 27 BA BE 30 CA C9,speed=0.00
1779777786.540,0x200,8,CD 64 48 B8 69 CD C2 D1,fuel=100.00
1779777786.620,0x300,8,02 EA 96 04 2D 14 B2 25,temp=42.00
1779777786.723,0x100,8,00 C5 37 47 6F 7D 06 AD,speed=0.00
1779777786.821,0x200,8,85 64 ED AD 45 15 78 28,fuel=100.00
1779777786.905,0x300,8,02 0D 77 58 C3 6F 71 64,temp=42.00
1779777787.015,0x100,8,00 7B D1 F8 3A AD 29 51,speed=0.00
1779777787.099,0x200,8,71 64 95 2A 66 A5 EF 1A,fuel=100.00
1779777787.184,0x300,8,02 EB 6D 05 8D 28 66 76,temp=42.00
1779777787.279,0x100,8,00 6B D1 DE C5 1E AD D5,speed=0.00
1779777787.374,0x200,8,82 64 12 36 68 A3 08 2C,fuel=100.00
1779777787.471,0x300,8,02 F9 59 67 64 B6 17 A6,temp=42.00
1779777787.569,0x100,8,00 0F B1 6C 95 F0 00 41,speed=0.00
1779777787.655,0x200,8,E2 64 3C 5A 98 21 FF 0D,fuel=100.00
1779777787.752,0x300,8,02 20 6E 72 E8 DB EF 93,temp=42.00
1779777787.852,0x100,8,00 4A B0 77 46 87 8A AA,speed=0.00
1779777787.945,0x200,8,2D 64 A8 E9 66 03 14 A3,fuel=100.00
1779777788.036,0x300,8,02 96 18 B3 FE A5 66 82,temp=42.00
1779777788.122,0x100,8,00 E2 48 23 94 65 8A 54,speed=0.00
1779777788.219,0x200,8,7E 64 22 FD AA 11 73 E4,fuel=100.00
1779777788.319,0x300,8,02 89 65 4C C0 48 BF 2C,temp=42.00
1779777788.403,0x100,8,00 A1 38 D3 54 EC D4 9C,speed=0.00
1779777788.496,0x200,8,76 64 BA C5 32 AC 2C F6,fuel=100.00
1779777788.599,0x300,8,02 CD BE 85 18 25 00 24,temp=42.00
1779777788.690,0x100,8,00 13 22 B3 3D 0B 5F 04,speed=0.00
1779777788.787,0x200,8,18 64 21 B2 20 3E 51 C1,fuel=100.00
1779777788.872,0x300,8,02 CF AA 16 2D 25 BE 55,temp=42.00
1779777788.976,0x100,8,00 CA CF 4A F5 55 86 E0,speed=0.00
1779777789.075,0x200,8,14 64 90 15 08 0E AA AD,fuel=100.00
1779777789.155,0x300,8,02 B2 7E 19 BE 3C 62 0C,temp=42.00
1779777789.252,0x100,8,00 35 72 60 35 22 18 7A,speed=0.00
1779777789.361,0x200,8,FB 64 DF 15 2C 7E E2 68,fuel=100.00
1779777789.446,0x300,8,02 A8 22 CC 31 2B BD 80,temp=42.00
1779777789.535,0x100,8,00 DF E0 74 DD 4A 3B 5F,speed=0.00
1779777789.620,0x200,8,03 64 DC 28 99 40 14 8B,fuel=100.00
1779777789.729,0x300,8,02 DB 11 A0 96 5A 7E B3,temp=42.00
1779777789.821,0x100,8,00 5C BC 7E 98 2D 9B 1E,speed=0.00
1779777789.905,0x200,8,FA 64 27 12 C6 1E 0A F5,fuel=100.00
1779777790.002,0x300,8,02 5A 08 1C 07 93 37 72,temp=42.00
1779777790.109,0x100,8,00 84 34 F5 1E 2F E6 5B,speed=0.00
1779777790.206,0x200,8,47 64 D7 0A B4 5F DF 58,fuel=100.00
1779777790.287,0x300,8,02 7E D8 BD 38 4D 5A 2C,temp=42.00
1779777790.371,0x100,8,00 75 5E 44 39 36 3A 88,speed=0.00
1779777790.473,0x200,8,D3 64 41 79 82 B6 D8 84,fuel=100.00
1779777790.568,0x300,8,02 58 AD EE F3 9E BB 30,temp=42.00
1779777790.653,0x100,8,00 E8 38 E6 41 C4 36 B8,speed=0.00
1779777790.746,0x200,8,41 64 C3 7D 34 A2 7B 45,fuel=100.00
1779777790.852,0x300,8,02 A7 B0 6F 4C BF 28 F7,temp=42.00
1779777790.947,0x100,8,00 F4 E7 F7 08 18 6E 5F,speed=0.00
1779777791.036,0x200,8,2B 64 F9 72 6F A7 59 43,fuel=100.00
1779777791.121,0x300,8,02 05 43 C2 25 81 25 10,temp=42.00
1779777791.214,0x100,8,00 FF C0 E3 B9 C6 2B B8,speed=0.00
1779777791.308,0x200,8,56 64 BA 04 61 B7 F5 1E,fuel=100.00
1779777791.405,0x300,8,02 BC BF 65 4E 7B D8 39,temp=42.00
1779777791.503,0x100,8,00 47 16 D8 50 9D 58 B7,speed=0.00
1779777791.605,0x200,8,BF 64 16 69 94 20 A4 AA,fuel=100.00
1779777791.685,0x300,8,02 AC 48 5E 1D 42 98 C3,temp=42.00
1779777791.791,0x100,8,00 1E E8 A1 93 2D 13 D9,speed=0.00
1779777791.871,0x200,8,51 64 4C 98 F4 03 C1 4B,fuel=100.00
1779777791.974,0x300,8,02 AE 31 87 60 AA 90 A4,temp=42.00
1779777792.076,0x100,8,00 C9 5D 6E B7 A0 6E 6C,speed=0.00
1779777792.163,0x200,8,BC 64 47 D2 90 EA 36 6E,fuel=100.00
1779777792.245,0x300,8,02 2E 55 33 3B 34 CC 9A,temp=42.00
1779777792.338,0x100,8,00 FC AE 7D D2 60 6B 53,speed=0.00
1779777792.436,0x200,8,7E 64 F3 71 6D C8 3B 4C,fuel=100.00
1779777792.536,0x300,8,02 04 01 8B 5A E7 C4 F4,temp=42.00
1779777792.623,0x100,8,00 47 12 8A 78 57 DA 0F,speed=0.00
1779777792.718,0x200,8,18 64 F5 FA A8 AA 24 E2,fuel=100.00
1779777792.807,0x300,8,02 C3 22 2E 00 CB 41 CB,temp=42.00
1779777792.916,0x100,8,00 72 4A BA E9 75 C6 82,speed=0.00
1779777793.008,0x200,8,9C 64 CE 21 53 7B 47 DE,fuel=100.00
1779777793.102,0x300,8,02 3C D9 E6 94 24 1C 8D,temp=42.00
1779777793.186,0x100,8,00 D2 5D 9A B4 22 AE 19,speed=0.00
1779777793.278,0x200,8,A5 64 5B AE 25 89 CA 52,fuel=100.00
1779777793.378,0x300,8,02 EF 22 E3 50 E6 64 81,temp=42.00
1779777793.469,0x100,8,00 AA 23 CE 74 AA 76 1A,speed=0.00
1779777793.568,0x200,8,8E 64 47 EB 63 F4 01 1D,fuel=100.00
1779777793.652,0x300,8,02 2E CE EF 0F A3 9F 45,temp=42.00
1779777793.758,0x100,8,00 1B 7C 1D 97 9F 94 AB,speed=0.00
1779777793.836,0x200,8,62 64 10 F0 9E 33 D3 89,fuel=100.00
1779777793.947,0x300,8,02 5D E9 79 45 8A 6B 89,temp=42.00
1779777794.041,0x100,8,00 62 AD A3 1C 64 2D 1A,speed=0.00
1779777794.120,0x200,8,BC 64 D2 25 F9 CB 35 C3,fuel=100.00
1779777794.220,0x300,8,02 FD 8E C3 F5 C4 AA 6B,temp=42.00
1779777794.306,0x100,8,00 EC 7A 46 9A DC 5A 9F,speed=0.00
1779777794.403,0x200,8,6B 64 73 F1 46 78 AF 3E,fuel=100.00
1779777794.504,0x300,8,02 AC 89 99 A5 CF EB 12,temp=42.00
1779777794.593,0x100,8,00 59 34 78 57 7F BC E9,speed=0.00
1779777794.689,0x200,8,4D 64 9B FF 28 4A EF 9B,fuel=100.00
1779777794.786,0x300,8,02 95 62 1C 9C 80 84 53,temp=42.00
1779777794.872,0x100,8,00 41 76 39 9A 1A 45 83,speed=0.00
1779777794.972,0x200,8,80 64 75 B5 77 83 7D AF,fuel=100.00
1779777795.069,0x300,8,02 D1 00 60 E6 15 AC CF,temp=42.00
1779777795.157,0x100,8,00 60 D6 44 6A 32 35 2E,speed=0.00
1779777795.258,0x200,8,56 64 49 DF A8 F6 20 D7,fuel=100.00
1779777795.338,0x300,8,02 EB 23 8E 48 5A D1 48,temp=42.00
1779777795.447,0x100,8,00 E7 26 65 08 53 E5 3B,speed=0.00
1779777795.535,0x200,8,78 64 5B FE 5A 90 AA 76,fuel=100.00
1779777795.619,0x300,8,02 78 F7 59 F9 48 DE A3,temp=42.00
1779777795.720,0x100,8,00 4D A3 9A 14 BD 28 EF,speed=0.00
1779777795.812,0x200,8,BC 64 B6 FC 83 FD 16 5C,fuel=100.00
1779777795.902,0x300,8,02 95 B6 F2 79 61 CA D6,temp=42.00
1779777796.014,0x100,8,00 2F 46 7C 4A 27 56 E2,speed=0.00
1779777796.097,0x200,8,53 64 52 DF B1 72 52 5D,fuel=100.00
1779777796.193,0x300,8,02 74 01 42 07 F3 C0 02,temp=42.00
1779777796.276,0x100,8,00 C2 79 9A 0C 29 03 A9,speed=0.00
1779777796.373,0x200,8,D5 64 99 64 9E 63 C5 2C,fuel=100.00
1779777796.469,0x300,8,02 5B 9D 03 21 EA AD 13,temp=42.00
1779777796.569,0x100,8,00 8C 7E 69 C6 04 C1 57,speed=0.00
1779777796.662,0x200,8,13 64 53 2F 34 83 F2 E3,fuel=100.00
1779777796.753,0x300,8,02 7C 83 9F 22 C2 D2 AC,temp=42.00
1779777796.837,0x100,8,00 85 89 3B EC 05 56 A0,speed=0.00
1779777796.941,0x200,8,A7 64 C3 B9 A7 BA A3 AF,fuel=100.00
1779777797.046,0x300,8,02 28 30 DB D1 F4 EA 85,temp=42.00
1779777797.122,0x100,8,00 FC DB 51 AD FD 5C 8A,speed=0.00
1779777797.220,0x200,8,AE 64 5D 2D D7 90 1E E4,fuel=100.00
1779777797.324,0x300,8,02 A8 41 F7 1C CA 65 79,temp=42.00
1779777797.416,0x100,8,00 B4 F7 CE 62 F1 6B DE,speed=0.00
1779777797.502,0x200,8,50 64 22 E9 89 DE EC 4D,fuel=100.00
1779777797.587,0x300,8,02 7C 29 A9 1C 9D 90 62,temp=42.00
1779777797.686,0x100,8,00 80 84 74 EF 2E 5B 22,speed=0.00
1779777797.785,0x200,8,48 64 CC FF F2 35 35 9A,fuel=100.00
1779777797.885,0x300,8,02 3D 17 CB FB D9 99 AE,temp=42.00
1779777797.969,0x100,8,00 14 54 FD B7 B1 E4 77,speed=0.00
1779777798.077,0x200,8,E8 64 CC 22 AC 5E D8 DF,fuel=100.00
1779777798.152,0x300,8,02 24 20 DA D2 63 19 38,temp=42.00
1779777798.250,0x100,8,00 FB 67 47 F4 86 84 38,speed=0.00
1779777798.339,0x200,8,F3 64 A4 32 30 FF 35 59,fuel=100.00
1779777798.436,0x300,8,02 EA 55 63 41 D7 D4 79,temp=42.00
1779777798.535,0x100,8,00 86 06 EE C8 3F B3 97,speed=0.00
1779777798.625,0x200,8,48 64 C7 E2 BD 17 E4 02,fuel=100.00
1779777798.720,0x300,8,02 AC 2C 0B 80 A0 10 B9,temp=42.00
1779777798.822,0x100,8,00 18 F7 0E 30 FF 2A B6,speed=0.00
1779777798.903,0x200,8,28 64 6B 6D F1 09 C8 77,fuel=100.00
1779777799.009,0x300,8,02 85 45 BD 6E 27 E0 06,temp=42.00
1779777799.097,0x100,8,00 FE C0 A8 EE 60 6C 00,speed=0.00
1779777799.202,0x200,8,39 64 2F D6 4A F8 53 77,fuel=100.00
1779777799.279,0x300,8,02 82 A1 39 B5 14 D6 42,temp=42.00
1779777799.378,0x100,8,00 C0 11 C5 15 16 3A E5,speed=0.00
1779777799.471,0x200,8,AC 64 1B C1 67 FA 5C 50,fuel=100.00
1779777799.577,0x300,8,02 7C 1F BF D7 63 5F 58,temp=42.00
1779777799.653,0x100,8,00 55 FD 17 6F E7 46 0D,speed=0.00
1779777799.744,0x200,8,12 64 4A A2 96 B0 08 07,fuel=100.00
1779777799.839,0x300,8,02 4C 91 18 3B 8C 3A 48,temp=42.00
1779777799.938,0x100,8,00 4B 17 F7 5B B8 09 60,speed=0.00
1779777800.036,0x200,8,54 64 F7 B4 D1 83 15 95,fuel=100.00
1779777800.120,0x300,8,02 FB 7C AD 1C 30 9D 15,temp=42.00
1779777800.219,0x100,8,00 F7 43 BC 25 05 D7 FB,speed=0.00
1779777800.319,0x200,8,9F 64 B6 B7 66 74 B4 F3,fuel=100.00
1779777800.405,0x300,8,02 6D F6 BD AF 50 0D DD,temp=42.00
1779777800.506,0x100,8,00 3F 8C 72 3E 39 90 AD,speed=0.00
1779777800.593,0x200,8,11 64 AF 58 A1 64 6B 97,fuel=100.00
1779777800.697,0x300,8,02 00 37 D9 FE 31 F0 B9,temp=42.00
1779777800.791,0x100,8,00 80 39 0E 69 D6 51 50,speed=0.00
1779777800.874,0x200,8,39 64 4B 75 9D A4 46 47,fuel=100.00
1779777800.971,0x300,8,02 D2 66 05 D2 E8 A0 3F,temp=42.00
1779777801.071,0x100,8,00 7D D5 E6 F9 A2 5C E3,speed=0.00
1779777801.154,0x200,8,22 64 BE 87 47 ED 33 8B,fuel=100.00
1779777801.260,0x300,8,02 09 A5 4B 82 80 EB 82,temp=42.00
1779777801.346,0x100,8,00 3F 72 F1 AB 36 DA 1A,speed=0.00
1779777801.436,0x200,8,A5 64 FB 7A 92 A2 ED 3A,fuel=100.00
1779777801.541,0x300,8,02 AB 97 29 DF 1D 33 80,temp=42.00
1779777801.619,0x100,8,00 C9 94 F5 6B 80 05 B8,speed=0.00
1779777801.720,0x200,8,DF 64 DD AD 99 1F 53 19,fuel=100.00
1779777801.813,0x300,8,02 BF 30 83 62 DF 4E 24,temp=42.00
1779777801.903,0x100,8,00 D2 27 44 31 DB C0 DC,speed=0.00
1779777802.003,0x200,8,70 64 98 81 19 7A 91 BC,fuel=100.00
1779777802.095,0x300,8,02 A9 EC E7 6B 06 83 FE,temp=42.00
1779777802.187,0x100,8,00 40 47 DB 8A B3 A7 F5,speed=0.00
1779777802.286,0x200,8,53 64 16 BA 91 2E 6C FC,fuel=100.00
1779777802.386,0x300,8,02 BA CD C5 F5 ED 32 D7,temp=42.00
1779777802.470,0x100,8,00 98 3B 98 31 4E 38 91,speed=0.00
1779777802.569,0x200,8,66 64 5D 7C 67 88 CA 4E,fuel=100.00
1779777802.665,0x300,8,02 55 77 A1 B7 F9 FF BA,temp=42.00
1779777802.743,0x100,8,00 1A 50 DF 07 3D 9F E8,speed=0.00
1779777802.841,0x200,8,9D 64 B9 CF 7C 24 E2 60,fuel=100.00
1779777802.937,0x300,8,02 4A DF F7 11 FD FF 6F,temp=42.00
1779777803.036,0x100,8,00 3D 4C 77 43 AE 8D 48,speed=0.00
1779777803.122,0x200,8,DE 64 72 66 F7 E0 E8 D7,fuel=100.00
1779777803.226,0x300,8,02 B7 B0 E0 31 39 87 26,temp=42.00
1779777803.306,0x100,8,00 5A 67 C9 91 AD A5 22,speed=0.00
1779777803.402,0x200,8,C5 64 81 BB D5 21 46 CC,fuel=100.00
1779777803.499,0x300,8,02 44 E2 D2 E4 F1 F2 B3,temp=42.00
1779777803.605,0x100,8,00 09 A5 4E 03 E3 AE 08,speed=0.00
1779777803.688,0x200,8,8E 64 A7 0F 35 42 94 75,fuel=100.00
1779777803.786,0x300,8,02 6E 5E F5 27 F8 83 4C,temp=42.00
1779777803.875,0x100,8,00 08 C3 DD 82 13 42 18,speed=0.00
1779777803.981,0x200,8,88 64 66 93 A8 17 8C 56,fuel=100.00
1779777804.067,0x300,8,02 19 EF 1C 74 0F 2D 03,temp=42.00
1779777804.165,0x100,8,00 7C 00 D4 B5 3A 82 62,speed=0.00
1779777804.265,0x200,8,4C 64 FE 75 2C 74 91 89,fuel=100.00
1779777804.357,0x300,8,02 80 B8 DB 6A FC 95 0B,temp=42.00
1779777804.437,0x100,8,00 99 BA 47 9D 58 62 CC,speed=0.00
1779777804.540,0x200,8,24 64 FF 4E 98 96 FE 1A,fuel=100.00
1779777804.620,0x300,8,02 C4 24 8D B5 2E 54 0C,temp=42.00
1779777804.721,0x100,8,00 14 04 BF 6D 48 DB 7D,speed=0.00
1779777804.819,0x200,8,1B 64 CE 91 38 2F 08 5A,fuel=100.00
1779777804.916,0x300,8,02 70 01 22 3F 4A EC AB,temp=42.00
1779777804.994,0x100,8,00 48 C2 03 FA B1 68 DF,speed=0.00
1779777805.088,0x200,8,A2 64 53 E0 98 BB BB 0C,fuel=100.00
1779777805.186,0x300,8,02 3E 84 0A D4 09 49 D9,temp=42.00
1779777805.279,0x100,8,00 58 4E A3 8D 08 05 8C,speed=0.00
1779777805.375,0x200,8,0B 64 30 23 C4 F5 B2 12,fuel=100.00
1779777805.475,0x300,8,02 5C D9 40 33 25 89 F2,temp=42.00
1779777805.572,0x100,8,00 A5 22 F5 11 BB 88 41,speed=0.00
1779777805.662,0x200,8,31 64 3B 40 79 7F 56 84,fuel=100.00
1779777805.745,0x300,8,02 15 5E 10 0B A7 AD 47,temp=42.00
1779777805.875,0x100,8,00 5E DE 68 EC F8 6C E3,speed=0.00
1779777805.953,0x200,8,A7 64 CE 7E CB 87 00 D4,fuel=100.00
1779777806.036,0x300,8,02 CE EA AD 70 9D 8C D5,temp=42.00
1779777806.128,0x100,8,00 92 EC 86 72 9B C9 7B,speed=0.00
1779777806.221,0x200,8,34 64 FE 47 14 AA 6E A6,fuel=100.00
1779777806.319,0x300,8,02 9F 98 76 89 74 5C 7F,temp=42.00
1779777806.404,0x100,8,00 FC C7 BE 3A BA 71 CE,speed=0.00
1779777806.494,0x200,8,0B 64 FB 30 5C 59 54 DC,fuel=100.00
1779777806.587,0x300,8,02 B6 66 C7 25 03 3D E2,temp=42.00
1779777806.691,0x100,8,00 FE 2C 84 06 68 D4 50,speed=0.00
1779777806.786,0x200,8,B5 64 30 95 A6 C8 98 4E,fuel=100.00
1779777806.872,0x300,8,02 F0 9A 94 1F 57 51 EF,temp=42.00
1779777806.970,0x100,8,00 7E 61 33 A6 D9 E6 67,speed=0.00
1779777807.063,0x200,8,50 64 AB 53 65 61 DF 67,fuel=100.00
1779777807.184,0x300,8,02 32 AC EE 69 9F A0 42,temp=42.00
1779777807.250,0x100,8,00 C8 64 0A 90 09 F2 75,speed=0.00
1779777807.338,0x200,8,7C 64 12 27 E3 1F CA 09,fuel=100.00
1779777807.446,0x300,8,02 42 18 E1 28 9C 9B 3A,temp=42.00
1779777807.527,0x100,8,00 C6 66 AD 78 FB 2F B1,speed=0.00
1779777807.619,0x200,8,7E 64 4F 92 25 20 53 E1,fuel=100.00
1779777807.724,0x300,8,02 6D 2B C7 25 EC 61 9B,temp=42.00
1779777807.809,0x100,8,00 DE 57 C7 DB 94 D8 F5,speed=0.00
1779777807.915,0x200,8,B1 64 CA C9 BD B1 42 7E,fuel=100.00
1779777808.003,0x300,8,02 35 D0 28 78 D1 5F D8,temp=42.00
1779777808.094,0x100,8,00 65 ED DB 87 C2 27 64,speed=0.00
1779777808.196,0x200,8,9E 64 77 6E 4B 0F 4F 82,fuel=100.00
1779777808.276,0x300,8,02 00 9A F1 34 0C DA 3B,temp=42.00
1779777808.372,0x100,8,00 ED A3 17 30 E4 05 64,speed=0.00
1779777808.470,0x200,8,7B 64 D1 0F 8E EE 53 5E,fuel=100.00
1779777808.569,0x300,8,02 D2 CF 35 DA AC 94 7A,temp=42.00
1779777808.658,0x100,8,00 3F 7D B7 23 4E 93 5B,speed=0.00
1779777808.749,0x200,8,64 64 E9 AF 83 0E AA E6,fuel=100.00
1779777808.847,0x300,8,02 87 AD 70 15 74 89 F7,temp=42.00
1779777808.943,0x100,8,00 F9 FD 13 ED 23 5F 44,speed=0.00
1779777809.027,0x200,8,0F 64 37 D8 D3 55 EA 38,fuel=100.00
1779777809.149,0x300,8,02 3F 96 8D 10 06 17 02,temp=42.00
1779777809.217,0x100,8,00 50 01 51 52 BF 53 E6,speed=0.00
1779777809.328,0x200,8,7A 64 CF 4E 95 17 73 98,fuel=100.00
1779777809.408,0x300,8,02 F5 81 25 80 D3 4F A9,temp=42.00
1779777809.502,0x100,8,00 3B FE F7 2F A6 AF 17,speed=0.00
1779777809.590,0x200,8,76 64 09 9E CB B3 BA 2F,fuel=100.00
1779777809.686,0x300,8,02 84 DC 08 CF 82 9D 46,temp=42.00
1779777809.786,0x100,8,00 5F E2 12 90 F3 B3 19,speed=0.00
1779777809.924,0x200,8,C6 64 76 C1 8E D6 AC C1,fuel=100.00
1779777809.992,0x300,8,02 D0 B8 C8 83 41 5E C6,temp=42.00
1779777810.056,0x100,8,00 FF 5E 93 69 84 E6 FE,speed=0.00
1779777810.154,0x200,8,19 64 E6 A3 C6 8F FD 55,fuel=100.00
1779777810.254,0x300,8,02 AA 55 29 BA C8 0B 43,temp=42.00
1779777810.339,0x100,8,00 26 CC 59 4C 6A D7 69,speed=0.00
1779777810.445,0x200,8,5B 64 61 F3 15 92 6D B3,fuel=100.00
1779777810.540,0x300,8,02 F0 F5 38 AF 69 B1 14,temp=42.00
1779777810.620,0x100,8,00 4E 1E 0F 7E 9E C0 13,speed=0.00
1779777810.722,0x200,8,FD 64 D4 FF 3D BA C8 18,fuel=100.00
1779777810.829,0x300,8,02 8E 2D 00 FD 56 07 AB,temp=42.00
1779777810.907,0x100,8,00 E3 2F 44 17 AE 7D AC,speed=0.00
1779777811.004,0x200,8,9F 64 DB 1A 8C E0 82 BC,fuel=100.00
1779777811.108,0x300,8,02 BA F0 65 B1 9B F9 D1,temp=42.00
1779777811.188,0x100,8,00 CD F2 F0 3C A8 9A A2,speed=0.00
1779777811.288,0x200,8,F7 64 A1 A2 75 CA 48 AC,fuel=100.00
1779777811.373,0x300,8,02 BF B2 42 B9 6E F3 23,temp=42.00
1779777811.465,0x100,8,00 07 C8 5E BD 5B A9 A8,speed=0.00
1779777811.570,0x200,8,92 64 DC 33 9A 7F CB 9A,fuel=100.00
1779777811.654,0x300,8,02 C1 FE FB 01 28 03 07,temp=42.00
1779777811.752,0x100,8,00 01 93 96 BB 81 9A F2,speed=0.00
1779777811.858,0x200,8,A9 64 E3 A4 88 E6 9E 0F,fuel=100.00
1779777811.937,0x300,8,02 6D 99 AF D9 A5 CB EF,temp=42.00
1779777812.036,0x100,8,00 6E B5 4A E9 2A 63 11,speed=0.00
1779777812.121,0x200,8,5E 64 A9 DC C8 51 93 1C,fuel=100.00
1779777812.241,0x300,8,02 86 D6 0E EB F1 A0 84,temp=42.00
1779777812.311,0x100,8,00 8A B4 F0 64 55 D3 62,speed=0.00
1779777812.403,0x200,8,2D 64 7F F3 7E 45 17 72,fuel=100.00
1779777812.503,0x300,8,02 DE 0E 12 5B 3E 55 5A,temp=42.00
1779777812.589,0x100,8,00 97 16 13 46 47 A3 B5,speed=0.00
1779777812.694,0x200,8,7D 64 0A 86 8E CE 99 76,fuel=100.00
1779777812.785,0x300,8,02 58 BB 42 39 85 7F 51,temp=42.00
1779777812.886,0x100,8,00 C5 28 71 29 D8 B5 CF,speed=0.00
1779777812.989,0x200,8,E6 64 E2 AD 74 9C 26 3D,fuel=100.00
1779777813.070,0x300,8,02 7F 3A 85 25 8E EF 23,temp=42.00
1779777813.163,0x100,8,00 63 49 4D B3 1A 86 EA,speed=0.00
1779777813.253,0x200,8,D9 64 6F 47 CD D7 93 37,fuel=100.00
1779777813.339,0x300,8,02 2F 5A 62 4A FB 71 B8,temp=42.00
1779777813.442,0x100,8,00 C9 47 4A 94 C8 59 2D,speed=0.00
1779777813.539,0x200,8,19 64 D3 E5 B6 0A 17 5B,fuel=100.00
1779777813.622,0x300,8,02 0A B3 45 23 10 ED 45,temp=42.00
1779777813.719,0x100,8,00 4A 30 09 01 98 CD 62,speed=0.00
1779777813.805,0x200,8,C3 64 73 DE F5 A1 28 C1,fuel=100.00
1779777813.903,0x300,8,02 5C 3C 9A 09 79 AE 9F,temp=42.00
1779777814.011,0x100,8,00 0D 5B 5D 1F F6 2E 32,speed=0.00
1779777814.097,0x200,8,A0 64 6E FF BF 7D B9 E8,fuel=100.00
1779777814.191,0x300,8,02 11 BE FC F4 15 85 D1,temp=42.00
1779777814.280,0x100,8,00 B8 77 73 46 99 20 4E,speed=0.00
1779777814.383,0x200,8,5C 64 C9 E3 FF 43 6F D5,fuel=100.00
1779777814.465,0x300,8,02 37 3C E7 A3 61 31 3E,temp=42.00
1779777814.569,0x100,8,00 8D FC 03 20 A5 E0 2E,speed=0.00
1779777814.660,0x200,8,76 64 87 92 5C 86 9B 91,fuel=100.00
1779777814.753,0x300,8,02 DE 42 95 F4 FD DF 61,temp=42.00
1779777814.848,0x100,8,00 44 05 35 E7 3E B7 32,speed=0.00
1779777814.960,0x200,8,A6 64 E3 DD A5 A4 9B 59,fuel=100.00
1779777815.036,0x300,8,02 89 3E 2E 93 2D 9E 2A,temp=42.00
1779777815.120,0x100,8,00 C5 5C 4E A1 00 7E 70,speed=0.00
1779777815.228,0x200,8,B3 64 82 34 7D 61 E7 7C,fuel=100.00
1779777815.309,0x300,8,02 50 E9 22 2A CD 19 21,temp=42.00
1779777815.404,0x100,8,00 7E 3B 76 31 05 1C 68,speed=0.00
1779777815.511,0x200,8,16 64 40 A9 C5 9F BF 5D,fuel=100.00
1779777815.595,0x300,8,02 F8 D5 E0 ED B1 C9 79,temp=42.00
1779777815.684,0x100,8,00 DD E1 13 86 71 CC 9D,speed=0.00
1779777815.800,0x200,8,A7 64 41 D5 13 01 16 0E,fuel=100.00
1779777815.905,0x300,8,02 07 E4 FE 26 14 70 77,temp=42.00
1779777815.970,0x100,8,00 6B A1 C8 11 BE 36 5D,speed=0.00
1779777816.071,0x200,8,44 64 BA 2D 40 0B 0A 47,fuel=100.00
1779777816.160,0x300,8,02 46 79 39 B0 EC 4E 92,temp=42.00
1779777816.262,0x100,8,00 6C 5B 72 3F 93 F6 6A,speed=0.00
1779777816.348,0x200,8,F0 64 FE CD 97 65 B7 72,fuel=100.00
1779777816.448,0x300,8,02 E2 6C B0 00 B0 6E 20,temp=42.00
1779777816.524,0x100,8,00 B6 23 FA B3 EE EC 69,speed=0.00
1779777816.621,0x200,8,88 64 8B 12 42 24 73 55,fuel=100.00
1779777816.716,0x300,8,02 70 38 FD 64 11 FC DB,temp=42.00
1779777816.820,0x100,8,00 21 3D 69 A1 52 A9 40,speed=0.00
1779777816.913,0x200,8,69 64 89 60 8D A8 3D 4E,fuel=100.00
1779777817.003,0x300,8,02 DD 15 BA EA 74 FB F3,temp=42.00
1779777817.107,0x100,8,00 0C 5E 45 6D 77 43 07,speed=0.00
1779777817.193,0x200,8,8A 64 A0 D4 EC 41 2F 22,fuel=100.00
1779777817.281,0x300,8,02 30 44 9B DC 3C BD ED,temp=42.00
1779777817.371,0x100,8,00 07 49 05 4C B0 F5 14,speed=0.00
1779777817.473,0x200,8,51 64 1B 55 A6 10 CD 66,fuel=100.00
1779777817.557,0x300,8,02 B4 EE A3 78 94 1E FE,temp=42.00
1779777817.651,0x100,8,00 E8 F6 20 EE 53 F0 5F,speed=0.00
1779777817.744,0x200,8,9F 64 DE 25 21 8C CD 6F,fuel=100.00
1779777817.858,0x300,8,02 3F 5D E8 C5 A7 5F 3E,temp=42.00
1779777817.939,0x100,8,00 70 41 FE 4D 09 75 75,speed=0.00
1779777818.045,0x200,8,57 64 1B DA 35 05 26 45,fuel=100.00
1779777818.119,0x300,8,02 BB ED BB 45 94 94 1F,temp=42.00
1779777818.222,0x100,8,00 F2 A1 68 2D D4 FE F6,speed=0.00
1779777818.320,0x200,8,71 64 0F AA F0 6E 2A A8,fuel=100.00
1779777818.408,0x300,8,02 C7 E6 85 5E 17 14 8F,temp=42.00
1779777818.618,0x100,8,00 F7 2E A7 2F ED D9 9C,speed=0.00
1779777818.701,0x200,8,6D 64 D4 B1 10 57 FE FE,fuel=100.00
1779777818.789,0x300,8,02 B9 1D BD 06 19 4B 55,temp=42.00
1779777818.875,0x100,8,00 AF 1E 11 1B 87 AC 1F,speed=0.00
1779777818.974,0x200,8,A4 64 37 44 06 14 A2 EF,fuel=100.00
1779777819.067,0x300,8,02 40 9B 92 A1 93 A9 71,temp=42.00
1779777819.186,0x100,8,00 9B B1 61 FA 8F 9B 04,speed=0.00
1779777819.248,0x200,8,75 64 6D A1 A2 AB FF CC,fuel=100.00
1779777819.350,0x300,8,02 6A BD 75 5E 28 B6 4A,temp=42.00
1779777819.437,0x100,8,00 2B 43 51 11 C4 EE 7D,speed=0.00
1779777819.527,0x200,8,FE 64 9C BF F3 C5 0E 2D,fuel=100.00
1779777819.649,0x300,8,02 C6 77 99 C2 65 75 5A,temp=42.00
1779777819.718,0x100,8,00 7C 3B BE 02 3F E5 14,speed=0.00
1779777819.823,0x200,8,7F 64 A2 7A 49 FF E1 49,fuel=100.00
1779777819.899,0x300,8,02 A1 9A CB 6C 81 12 68,temp=42.00
1779777820.021,0x100,8,00 2F D1 48 82 7D 51 05,speed=0.00
1779777820.133,0x200,8,E9 64 83 E9 FA 52 B5 EC,fuel=100.00
1779777820.222,0x300,8,02 44 F5 7F 80 53 11 B5,temp=42.00
1779777820.282,0x100,8,00 D4 0F D1 EF 55 C0 FD,speed=0.00
1779777820.370,0x200,8,68 64 26 7A C5 2B AE 90,fuel=100.00
1779777820.470,0x300,8,02 AB BE 6D 45 E6 1C DF,temp=42.00
1779777820.569,0x100,8,00 D2 E7 03 63 1A 3A 9A,speed=0.00
1779777820.655,0x200,8,4F 64 99 46 83 88 F0 D9,fuel=100.00
1779777820.754,0x300,8,02 A4 27 E0 6C 9F 5E E7,temp=42.00
1779777820.869,0x100,8,00 C4 AC DF 42 06 C2 1C,speed=0.00
1779777820.936,0x200,8,C0 64 90 41 BE 06 2C E5,fuel=100.00
1779777821.063,0x300,8,02 73 0E AB 83 8A 75 A8,temp=42.00
1779777821.122,0x100,8,00 33 45 C0 AE 3B 29 0F,speed=0.00
1779777821.219,0x200,8,76 64 09 10 DF C9 24 D2,fuel=100.00
1779777821.317,0x300,8,02 1A 17 90 81 74 61 05,temp=42.00
1779777821.404,0x100,8,00 98 F3 41 75 10 AD E8,speed=0.00
1779777821.501,0x200,8,32 64 E0 2E 9D 13 07 5F,fuel=100.00
1779777821.597,0x300,8,02 27 95 88 E3 B9 D4 D8,temp=42.00
1779777821.685,0x100,8,00 60 03 35 61 D7 55 F8,speed=0.00
1779777821.827,0x200,8,28 64 E7 F9 B3 66 E6 02,fuel=100.00
1779777821.878,0x300,8,02 D4 AE 3E BE C2 B7 2C,temp=42.00
1779777821.965,0x100,8,00 11 FD D5 83 9C 06 6C,speed=0.00
1779777822.073,0x200,8,43 64 B6 94 02 29 56 5C,fuel=100.00
1779777822.156,0x300,8,02 4D B0 B8 47 A0 96 CB,temp=42.00
1779777822.259,0x100,8,00 F9 8D 2C F8 02 EB BA,speed=0.00
1779777822.365,0x200,8,E9 64 20 5C 43 1E B6 00,fuel=100.00
1779777822.437,0x300,8,02 23 80 2F 44 99 5E 7F,temp=42.00
1779777822.569,0x100,8,00 01 F0 87 22 B6 B9 FC,speed=0.00
1779777822.645,0x200,8,B6 64 7F FF 81 FE 63 F0,fuel=100.00
1779777822.718,0x300,8,02 20 27 34 06 6C 95 4C,temp=42.00
1779777822.819,0x100,8,00 09 CF 60 5F 3A C3 53,speed=0.00
1779777822.905,0x200,8,79 64 DB CC 61 4E E4 0F,fuel=100.00
1779777823.002,0x300,8,02 C9 57 1F 59 3A 10 D3,temp=42.00
1779777823.105,0x100,8,00 C1 6E 06 A3 A6 EA 08,speed=0.00
1779777823.186,0x200,8,3E 64 64 33 D9 40 60 C2,fuel=100.00
1779777823.285,0x300,8,02 31 78 82 A3 0F 27 39,temp=42.00
1779777823.369,0x100,8,00 17 08 CE 55 B2 1F 28,speed=0.00
1779777823.468,0x200,8,81 64 47 25 98 99 86 07,fuel=100.00
1779777823.558,0x300,8,02 8B E5 EF D2 32 8E CC,temp=42.00
1779777823.677,0x100,8,00 89 3A C4 64 68 50 50,speed=0.00
1779777823.785,0x200,8,BA 64 F2 6B F7 01 74 C7,fuel=100.00
1779777823.859,0x300,8,02 D2 19 32 15 F8 7A FB,temp=42.00
1779777823.935,0x100,8,00 15 66 CF 2D 7E 5F 96,speed=0.00
1779777824.038,0x200,8,8E 64 C5 50 9D C4 53 5A,fuel=100.00
1779777824.161,0x300,8,02 D1 FD 23 FB 4F B4 BA,temp=42.00
1779777824.230,0x100,8,00 4E 52 32 0C 2A 18 5A,speed=0.00
1779777824.308,0x200,8,D0 64 D6 B5 2F 93 12 7B,fuel=100.00
1779777824.449,0x300,8,02 81 C7 F0 CF 9A 6B 4E,temp=42.00
1779777824.521,0x100,8,00 7A 82 57 6B 10 CE 6B,speed=0.00
1779777824.629,0x200,8,99 64 D0 D9 3C CC 82 3D,fuel=100.00
1779777824.700,0x300,8,02 3D 5E AE D7 81 EB E2,temp=42.00
1779777824.830,0x100,8,00 D9 56 BD A3 A0 B0 64,speed=0.00
1779777824.877,0x200,8,AC 64 2D 53 77 5B 41 93,fuel=100.00
1779777824.968,0x300,8,02 D8 02 DA F7 6A 76 FF,temp=42.00
1779777825.086,0x100,8,00 0D FC F1 17 AE B8 27,speed=0.00
1779777825.199,0x200,8,98 64 F4 B8 3B 50 3B BB,fuel=100.00
1779777825.266,0x300,8,02 A9 FA 1F F5 43 8A C9,temp=42.00
1779777825.385,0x100,8,00 FA C1 EC 71 72 9A A4,speed=0.00
1779777825.472,0x200,8,6B 64 05 EC BA 5A 36 9F,fuel=100.00
1779777825.545,0x300,8,02 06 63 0E 83 3A 3C D0,temp=42.00
1779777825.620,0x100,8,00 91 94 1A 76 53 44 ED,speed=0.00
1779777825.712,0x200,8,79 64 F4 AD E0 CD 2A 37,fuel=100.00
1779777825.835,0x300,8,02 C5 BC B1 48 5E 6F EE,temp=42.00
1779777825.918,0x100,8,00 C5 A9 86 70 07 D7 0B,speed=0.00
1779777826.009,0x200,8,46 64 7F 00 3E 7B C7 7E,fuel=100.00
1779777826.137,0x300,8,02 59 73 92 9F 4B A2 21,temp=42.00
1779777826.215,0x100,8,00 1F C5 3E 46 9F 45 D1,speed=0.00
1779777826.284,0x200,8,04 64 11 66 6E 86 96 79,fuel=100.00
1779777826.419,0x300,8,02 3C BE CC FA 5D 1D CE,temp=42.00
1779777826.483,0x100,8,00 FD BD C2 FE 84 CE D3,speed=0.00
1779777826.587,0x200,8,DD 64 5A 5D 8E 5C 0A 86,fuel=100.00
1779777826.697,0x300,8,02 A5 25 14 1D 67 32 0B,temp=42.00
1779777826.783,0x100,8,00 DE 6C 92 DF B3 32 B3,speed=0.00
1779777826.842,0x200,8,F8 64 CA 25 7E BE D7 74,fuel=100.00
1779777826.959,0x300,8,02 68 AC BD B6 52 CC 5B,temp=42.00
1779777827.065,0x100,8,00 C5 99 65 5F 37 BA 8E,speed=0.00
1779777827.166,0x200,8,1B 64 21 F6 99 3E 4A 6A,fuel=100.00
1779777827.251,0x300,8,02 36 CE 64 59 E8 79 1F,temp=42.00
1779777827.316,0x100,8,00 3F 0E C5 2A 32 86 5A,speed=0.00
1779777827.421,0x200,8,9E 64 C2 F6 6C C2 FD 7E,fuel=100.00
1779777827.509,0x300,8,02 22 A7 82 33 57 C2 F5,temp=42.00
1779777827.634,0x100,8,00 50 2F 83 AA B4 F9 77,speed=0.00
1779777827.698,0x200,8,9E 64 09 1F 60 2F 0B 9B,fuel=100.00
1779777827.833,0x300,8,02 72 18 76 78 C1 08 2A,temp=42.00
1779777827.921,0x100,8,00 15 A5 94 D2 AC 56 EC,speed=0.00
1779777827.999,0x200,8,8B 64 84 15 86 CE 2C 93,fuel=100.00
1779777828.082,0x300,8,02 18 DF A8 1F 70 00 49,temp=42.00
1779777828.203,0x100,8,00 9D 07 CA 0E 95 92 88,speed=0.00
1779777828.285,0x200,8,CE 64 5D 55 3D EC 64 7D,fuel=100.00
1779777828.491,0x300,8,02 AC 2F 1A 51 D0 67 E9,temp=42.00
1779777828.559,0x100,8,00 5F EF D7 79 D9 A5 45,speed=0.00
1779777828.657,0x200,8,C7 64 DA 28 45 83 61 3E,fuel=100.00
1779777828.715,0x300,8,02 5F 58 F8 74 E9 16 A2,temp=42.00
1779777828.915,0x100,8,00 BA FD 32 C2 CF DC 19,speed=0.00
1779777829.001,0x200,8,76 64 00 56 8F 54 7A 32,fuel=100.00
1779777829.097,0x300,8,02 7A 67 40 8E 1C 10 17,temp=42.00
1779777829.236,0x100,8,00 17 EE 27 D0 38 85 90,speed=0.00
1779777829.322,0x200,8,38 64 22 02 90 A5 BC FA,fuel=100.00
1779777829.412,0x300,8,02 A5 C9 E0 BC 35 61 F4,temp=42.00
1779777829.503,0x100,8,00 C4 0C 97 E3 00 85 81,speed=0.00
1779777829.594,0x200,8,65 64 D5 D0 29 4B 7F 1C,fuel=100.00
1779777829.669,0x300,8,02 AA 2F B6 67 A0 1A 1E,temp=42.00
1779777829.791,0x100,8,00 AD A1 58 15 33 7B 22,speed=0.00
1779777829.921,0x200,8,D1 64 A8 B3 FF 3A C0 79,fuel=100.00
1779777829.984,0x300,8,02 51 CC 69 2D E4 59 E7,temp=42.00
1779777830.115,0x100,8,00 48 3A 8C 42 EF DB 18,speed=0.00
1779777830.198,0x200,8,C9 64 59 34 04 A0 14 7D,fuel=100.00
1779777830.265,0x300,8,02 3C F1 DA A5 2B 9C E1,temp=42.00
1779777830.341,0x100,8,00 BC 0C EC C7 17 15 2E,speed=0.00
1779777830.457,0x200,8,38 64 05 09 F0 1E 39 FF,fuel=100.00
1779777830.517,0x300,8,02 DD 9D 06 E4 29 21 E6,temp=42.00
1779777830.641,0x100,8,00 A8 C3 45 3C 12 52 81,speed=0.00
1779777830.706,0x200,8,8C 64 0E D5 D3 2D 81 65,fuel=100.00
1779777830.834,0x300,8,02 16 39 3C 3F 90 EF 54,temp=42.00
1779777830.919,0x100,8,00 22 55 D5 BB 74 A0 FE,speed=0.00
1779777831.001,0x200,8,DF 64 0E DA 2D 85 67 E5,fuel=100.00
1779777831.110,0x300,8,02 53 C5 B9 C4 3F 1A E2,temp=42.00
1779777831.166,0x100,8,00 63 E7 0E 56 3B D3 74,speed=0.00
1779777831.277,0x200,8,A5 64 7A 84 3F 95 23 E4,fuel=100.00
1779777831.374,0x300,8,02 21 93 54 4F C0 EB BC,temp=42.00
1779777831.481,0x100,8,00 26 21 4F 2F 4A B4 EE,speed=0.00
1779777831.549,0x200,8,14 64 21 31 1C ED A2 87,fuel=100.00
1779777831.652,0x300,8,02 9A 86 E8 5F D7 50 41,temp=42.00
1779777831.756,0x100,8,00 BC 71 E9 D5 03 4D F8,speed=0.00
1779777831.841,0x200,8,F5 64 77 C0 30 7A D9 D2,fuel=100.00
1779777831.916,0x300,8,02 0B 73 0C DD 9C 97 11,temp=42.00
1779777832.067,0x100,8,00 6B 95 4C FC 21 F3 AA,speed=0.00
1779777832.156,0x200,8,81 64 3A E3 B4 95 83 05,fuel=100.00
1779777832.244,0x300,8,02 67 0D 70 86 54 49 9B,temp=42.00
1779777832.340,0x100,8,00 23 63 CA CE 25 9B B0,speed=0.00
1779777832.435,0x200,8,1C 64 B7 1F C3 91 30 1E,fuel=100.00
1779777832.511,0x300,8,02 F0 5B 77 96 FC B3 C3,temp=42.00
1779777832.630,0x100,8,00 13 28 48 88 90 CF 1A,speed=0.00
1779777832.705,0x200,8,C6 64 81 89 2B 5B BC 5A,fuel=100.00
1779777832.848,0x300,8,02 A3 B9 4E 1E 00 EE 69,temp=42.00
1779777832.924,0x100,8,00 66 C7 3E BD BA ED 00,speed=0.00
1779777833.015,0x200,8,25 64 A0 70 11 6B D1 EE,fuel=100.00
1779777833.112,0x300,8,02 44 03 71 7C 71 16 B4,temp=42.00
1779777833.182,0x100,8,00 8A B1 47 94 ED CF 57,speed=0.00
1779777833.290,0x200,8,74 64 86 6B CF C7 0D DD,fuel=100.00
1779777833.353,0x300,8,02 4F D3 E2 9D D2 E4 52,temp=42.00
1779777833.481,0x100,8,00 E5 A8 DD 35 E3 D7 B4,speed=0.00
1779777833.595,0x200,8,04 64 0C B1 54 79 9A 94,fuel=100.00
1779777833.653,0x300,8,02 6D 0A 8B 1E 79 73 E1,temp=42.00
1779777833.760,0x100,8,00 E7 AD 14 6B 3E DD 3F,speed=0.00
1779777833.825,0x200,8,7A 64 30 DC B4 9B 26 58,fuel=100.00
1779777833.938,0x300,8,02 4E 68 76 ED 31 5E 99,temp=42.00
1779777834.038,0x100,8,00 FE 70 D1 6B 72 BC E8,speed=0.00
1779777834.150,0x200,8,E0 64 09 78 A0 C6 A3 89,fuel=100.00
1779777834.217,0x300,8,02 93 01 FB 2A 41 41 0C,temp=42.00
1779777834.341,0x100,8,00 74 D0 10 98 40 5D 21,speed=0.00
1779777834.407,0x200,8,24 64 A9 4B 09 41 0D 74,fuel=100.00
1779777834.541,0x300,8,02 5B 87 81 91 1D F8 0A,temp=42.00
1779777834.610,0x100,8,00 9C 4A 2B 29 1C C1 3F,speed=0.00
1779777834.674,0x200,8,80 64 1C 68 AE CA 76 BB,fuel=100.00
1779777834.804,0x300,8,02 7B 8E 19 6C 72 75 51,temp=42.00
1779777834.861,0x100,8,00 99 6A 6F DE 4D 65 27,speed=0.00
1779777834.975,0x200,8,30 64 98 B6 B5 86 B3 91,fuel=100.00
1779777835.072,0x300,8,02 D5 F0 55 9E 39 1A AA,temp=42.00
1779777835.147,0x100,8,00 CE 93 86 81 8F 31 67,speed=0.00
1779777835.258,0x200,8,62 64 01 DA FC C0 38 A7,fuel=100.00
1779777835.378,0x300,8,02 7C C4 39 37 F0 F7 FB,temp=42.00
1779777835.439,0x100,8,00 89 52 DF 93 BD 91 EE,speed=0.00
1779777835.549,0x200,8,5A 64 7F F0 49 A9 3F 12,fuel=100.00
1779777835.619,0x300,8,02 EF D2 8B 93 93 FD 6D,temp=42.00
1779777835.735,0x100,8,00 DC 86 96 55 31 8B 39,speed=0.00
1779777835.847,0x200,8,31 64 70 21 A5 49 3A F9,fuel=100.00
1779777835.902,0x300,8,02 A5 FB 1B 40 CC FA 54,temp=42.00
1779777835.998,0x100,8,00 74 73 4A 83 E1 BF E0,speed=0.00
1779777836.106,0x200,8,56 64 67 A3 FC CB 9A A5,fuel=100.00
1779777836.329,0x300,8,02 34 58 A1 07 53 38 38,temp=42.00
1779777836.423,0x100,8,00 BE 3A A2 94 AA 8E 54,speed=0.00
1779777836.543,0x200,8,EC 64 37 9D D2 4A 41 2A,fuel=100.00
1779777836.630,0x300,8,02 F3 80 56 44 F3 EF 4F,temp=42.00
1779777836.711,0x100,8,00 32 01 0A 5F 5E 71 A0,speed=0.00
1779777836.778,0x200,8,E7 64 65 B9 F0 27 88 1E,fuel=100.00
1779777836.894,0x300,8,02 4C C7 57 1F 3C 49 C4,temp=42.00
1779777836.983,0x100,8,00 BB CC B7 5B 81 11 1F,speed=0.00
1779777837.067,0x200,8,D2 64 6A 71 1F 2C 9E C3,fuel=100.00
1779777837.185,0x300,8,02 11 1F 72 07 6A 59 E5,temp=42.00
1779777837.292,0x100,8,00 96 F5 23 9F A7 00 A6,speed=0.00
1779777837.355,0x200,8,7C 64 66 62 83 9D 20 D3,fuel=100.00
1779777837.480,0x300,8,02 CB 79 D6 88 B9 1A 03,temp=42.00
1779777837.561,0x100,8,00 5D 37 BF EC 40 AF 08,speed=0.00
1779777837.621,0x200,8,7C 64 92 A9 4E 99 AE A5,fuel=100.00
1779777837.753,0x300,8,02 C4 AF 2C 1B 64 8E 7B,temp=42.00
1779777837.820,0x100,8,00 2C B7 2D 64 1B 9E DF,speed=0.00
1779777837.902,0x200,8,30 64 80 76 6D DE 95 DC,fuel=100.00
1779777838.034,0x300,8,02 88 6D A8 9C C0 54 1B,temp=42.00
1779777838.113,0x100,8,00 3A 59 80 77 BC 2B D9,speed=0.00
1779777838.226,0x200,8,BB 64 3E FA BB 2C 72 EA,fuel=100.00
1779777838.346,0x300,8,02 4B CB 5E B1 C4 8E 2C,temp=42.00
1779777838.414,0x100,8,00 DE C9 B9 E6 D1 83 9C,speed=0.00
1779777838.542,0x200,8,10 64 4F 97 83 C0 49 3F,fuel=100.00
1779777838.621,0x300,8,02 69 FB 4D 99 6A F8 AD,temp=42.00
1779777838.682,0x100,8,00 E4 49 21 9C D8 83 4A,speed=0.00
1779777838.811,0x200,8,2F 64 2C F1 8F 97 DA 8B,fuel=100.00
1779777838.887,0x300,8,02 05 29 FE 1F B9 C3 62,temp=42.00
1779777838.947,0x100,8,00 6C D7 91 5F D1 24 06,speed=0.00
1779777839.058,0x200,8,B3 64 A0 D7 94 28 45 77,fuel=100.00
1779777839.158,0x300,8,02 42 1D E3 28 37 4F 50,temp=42.00
1779777839.233,0x100,8,00 13 10 5F 78 F0 CB 97,speed=0.00
1779777839.352,0x200,8,68 64 AD 3A 19 47 FB BA,fuel=100.00
1779777839.432,0x300,8,02 17 6B A7 7B 5A E6 A1,temp=42.00
1779777839.511,0x100,8,00 C8 D0 EA E4 21 D1 7B,speed=0.00
1779777839.647,0x200,8,A5 64 A4 23 CA 7B 8B 8C,fuel=100.00
1779777839.747,0x300,8,02 2B 5B B1 A6 E6 DF E7,temp=42.00
1779777839.841,0x100,8,00 CD 56 0F 0E 5A FB 5A,speed=0.00
1779777839.899,0x200,8,A6 64 C9 06 C2 71 22 98,fuel=100.00
1779777840.011,0x300,8,02 24 92 31 ED 14 44 68,temp=42.00
1779777840.102,0x100,8,00 97 4F 73 73 5D 45 D7,speed=0.00
1779777840.206,0x200,8,37 64 C5 75 F0 EC 0D FB,fuel=100.00
1779777840.331,0x300,8,02 6D 8A 2E 80 78 AE 3D,temp=42.00
1779777840.388,0x100,8,00 2F A2 C3 42 67 E4 FC,speed=0.00
1779777840.478,0x200,8,6B 64 4A 35 E0 F1 9C A8,fuel=100.00
1779777840.562,0x300,8,02 68 73 1E 18 53 7B 98,temp=42.00
1779777840.668,0x100,8,00 42 79 D1 6D 4B 16 1F,speed=0.00
1779777840.764,0x200,8,19 64 9D 04 30 08 E8 CD,fuel=100.00
1779777840.867,0x300,8,02 3F DE 69 F2 2C 71 32,temp=42.00
1779777840.936,0x100,8,00 57 4C 05 FB A1 F5 50,speed=0.00
1779777841.061,0x200,8,42 64 E9 C5 9C 26 0C 36,fuel=100.00
1779777841.113,0x300,8,02 01 CA 14 A2 05 0E FB,temp=42.00
1779777841.212,0x100,8,00 66 B8 20 35 8C 5A 3A,speed=0.00
1779777841.313,0x200,8,AE 64 7E DC B0 A4 A3 CC,fuel=100.00
1779777841.436,0x300,8,02 82 7B 06 1A A0 CC D3,temp=42.00
1779777841.496,0x100,8,00 7C 12 39 C6 B6 47 27,speed=0.00
1779777841.610,0x200,8,83 64 1C F6 DB 11 C4 A6,fuel=100.00
1779777841.670,0x300,8,02 D3 8C 7D B7 C8 62 8D,temp=42.00
1779777841.816,0x100,8,00 D6 91 A2 C8 AF F8 B9,speed=0.00
1779777841.876,0x200,8,6B 64 DB 74 0A CD 1F 87,fuel=100.00
1779777841.968,0x300,8,02 39 BC 35 C5 89 36 FB,temp=42.00
1779777842.089,0x100,8,00 40 05 EA CC DC 26 AC,speed=0.00
1779777842.178,0x200,8,A9 64 E8 77 CF 12 F6 72,fuel=100.00
1779777842.260,0x300,8,02 2C 36 09 CB B2 C2 08,temp=42.00
1779777842.361,0x100,8,00 5E 56 4A 9C BD 5E 68,speed=0.00
1779777842.443,0x200,8,9B 64 C3 2E 1A 8F EE 11,fuel=100.00
1779777842.565,0x300,8,02 BE ED AF F5 E9 AB 93,temp=42.00
1779777842.650,0x100,8,00 31 F4 7E C9 61 6D D2,speed=0.00
1779777842.741,0x200,8,0B 64 B0 F0 C1 5F A7 CF,fuel=100.00
1779777842.827,0x300,8,02 CC D3 71 01 99 FA 03,temp=42.00
1779777842.940,0x100,8,00 B6 11 CF E1 91 86 7D,speed=0.00
1779777843.019,0x200,8,3C 64 3A A7 5B 2E C9 6B,fuel=100.00
1779777843.147,0x300,8,02 84 A7 74 87 8B 94 E2,temp=42.00
1779777843.211,0x100,8,00 29 54 8F 7E 95 B2 56,speed=0.00
1779777843.293,0x200,8,1A 64 BC CA 02 50 5C F1,fuel=100.00
1779777843.380,0x300,8,02 60 2C 98 46 74 5A D5,temp=42.00
1779777843.471,0x100,8,00 3E D0 7D 1A DA EE 04,speed=0.00
1779777843.588,0x200,8,84 64 DF 42 D2 19 E4 C2,fuel=100.00
1779777843.675,0x300,8,02 E5 CB 82 28 70 14 92,temp=42.00
1779777843.792,0x100,8,00 7E 66 7B 3B DF D0 E0,speed=0.00
1779777843.849,0x200,8,12 64 FE 14 16 9D 24 36,fuel=100.00
1779777844.038,0x300,8,02 0A BD E0 FE 54 90 05,temp=42.00
1779777844.087,0x100,8,00 AF E4 0C F6 66 C2 A1,speed=0.00
1779777844.161,0x200,8,34 64 EA 8D 95 16 12 36,fuel=100.00
1779777844.288,0x300,8,02 5E 1A 15 F3 0B 2E 91,temp=42.00
1779777844.378,0x100,8,00 7B 11 3E 45 7C F8 BD,speed=0.00
1779777844.460,0x200,8,5A 64 3B DC 74 29 89 C2,fuel=100.00
1779777844.542,0x300,8,02 D9 E3 64 81 21 6D 4A,temp=42.00
1779777844.648,0x100,8,00 92 26 F8 18 E1 B8 12,speed=0.00
1779777844.748,0x200,8,8B 64 43 7F 62 9B 79 DC,fuel=100.00
1779777844.940,0x300,8,02 DD 51 5A 9B 75 42 86,temp=42.00
1779777844.977,0x100,8,00 79 53 C1 95 9D F7 EA,speed=0.00
1779777845.107,0x200,8,FB 64 73 CE 30 64 89 E3,fuel=100.00
1779777845.175,0x300,8,02 10 45 BA 4C E1 04 57,temp=42.00
1779777845.286,0x100,8,00 85 19 37 0A E6 BD D4,speed=0.00
1779777845.348,0x200,8,60 64 22 35 86 6F 11 04,fuel=100.00
1779777845.441,0x300,8,02 40 30 BE AF EC 44 AD,temp=42.00
1779777845.540,0x100,8,00 D2 C5 D2 0A 7F 5A D1,speed=0.00
1779777845.645,0x200,8,03 64 D1 6F 8D 7A 9C CF,fuel=100.00
1779777845.744,0x300,8,02 81 81 A2 20 86 49 42,temp=42.00
1779777845.854,0x100,8,00 61 30 F4 8D CE 45 CE,speed=0.00
1779777845.910,0x200,8,58 64 D5 87 04 EA DD BC,fuel=100.00
1779777846.026,0x300,8,02 2E 14 23 A9 D7 29 CA,temp=42.00
1779777846.141,0x100,8,00 48 3C 4D 99 BC 02 9C,speed=0.00
1779777846.198,0x200,8,C5 64 F7 A2 71 BC 20 E5,fuel=100.00
1779777846.331,0x300,8,02 5A CF 7D 01 7B 18 61,temp=42.00
1779777846.399,0x100,8,00 1E BA 72 68 50 98 EB,speed=0.00
1779777846.497,0x200,8,47 64 6C 21 F6 50 80 68,fuel=100.00
1779777846.589,0x300,8,02 9E 15 E6 1D 4A C0 9C,temp=42.00
1779777846.705,0x100,8,00 8C 4D D5 D0 BA 16 EF,speed=0.00
1779777846.771,0x200,8,41 64 D0 E3 65 3B 54 81,fuel=100.00
1779777846.877,0x300,8,02 6C 2D 29 B1 50 91 52,temp=42.00
1779777846.945,0x100,8,00 36 C2 7A 10 83 F7 EF,speed=0.00
1779777847.035,0x200,8,6E 64 00 3F A2 AF DA 6C,fuel=100.00
1779777847.129,0x300,8,02 B1 24 24 55 8F 6A 88,temp=42.00
1779777847.242,0x100,8,00 85 4D 6C F3 9F 57 BB,speed=0.00
1779777847.345,0x200,8,3C 64 FD 7E E8 22 26 EF,fuel=100.00
1779777847.410,0x300,8,02 52 C9 13 92 D4 71 CB,temp=42.00
1779777847.506,0x100,8,00 8B 42 EA 76 C6 92 66,speed=0.00
1779777847.636,0x200,8,3F 64 D2 39 7B DE 08 DE,fuel=100.00
1779777847.701,0x300,8,02 58 69 C4 C3 DD 9D 67,temp=42.00
1779777847.814,0x100,8,00 6C C4 13 A5 73 97 40,speed=0.00
1779777847.878,0x200,8,F1 64 CA D6 29 CB DF 8F,fuel=100.00
1779777847.975,0x300,8,02 47 13 60 85 E5 1B 44,temp=42.00
1779777848.063,0x100,8,00 7A E7 2D EF 32 C4 EB,speed=0.00
1779777848.156,0x200,8,53 64 ED B9 CD D2 CA BA,fuel=100.00
1779777848.285,0x300,8,02 83 80 31 4F 1F 33 92,temp=42.00
1779777848.375,0x100,8,00 28 78 3F 50 67 C7 59,speed=0.00
1779777848.472,0x200,8,B3 64 4A 3E 13 D0 07 86,fuel=100.00
1779777848.581,0x300,8,02 B4 C4 20 04 EB B5 94,temp=42.00
1779777848.640,0x100,8,00 F8 AB F8 C6 EA A6 F4,speed=0.00
1779777848.728,0x200,8,D1 64 9E E9 F1 C2 E5 4F,fuel=100.00
1779777848.820,0x300,8,02 EF 23 DD D0 3A 18 A8,temp=42.00
1779777848.927,0x100,8,00 2E 40 1E A0 2F 04 4D,speed=0.00
1779777849.033,0x200,8,1F 64 A9 51 7F AF FE 44,fuel=100.00
1779777849.121,0x300,8,02 08 04 55 F7 63 93 9A,temp=42.00
1779777849.212,0x100,8,00 77 D5 34 E3 2F 92 5C,speed=0.00
1779777849.319,0x200,8,77 64 63 FC 29 EC BC C5,fuel=100.00
1779777849.379,0x300,8,02 16 AE A5 4E C0 17 CD,temp=42.00
1779777849.484,0x100,8,00 B1 45 0C DC DB FB 14,speed=0.00
1779777849.588,0x200,8,EF 64 02 30 74 A3 3B 4E,fuel=100.00
1779777849.697,0x300,8,02 CA 8B C7 9B 2F 2C 97,temp=42.00
1779777849.767,0x100,8,00 B9 CC 9F 3C D5 98 EA,speed=0.00
1779777849.880,0x200,8,A4 64 D9 0B 61 A7 4E 7F,fuel=100.00
1779777849.962,0x300,8,02 67 EE 24 E7 9E B6 E8,temp=42.00
1779777850.061,0x100,8,00 C2 CE 73 74 E0 38 5E,speed=0.00
1779777850.160,0x200,8,70 64 A5 4F 13 C9 84 3A,fuel=100.00
1779777850.247,0x300,8,02 38 5F 43 C4 D0 6C F0,temp=42.00
1779777850.346,0x100,8,00 31 32 86 4E C6 62 9B,speed=0.00
1779777850.405,0x200,8,19 64 65 3B 34 E3 92 EB,fuel=100.00
1779777850.544,0x300,8,02 3E 5D A4 A7 DD 05 36,temp=42.00
1779777850.597,0x100,8,00 B2 95 98 F1 AA 11 18,speed=0.00
1779777850.700,0x200,8,75 64 D7 CF CD 32 1B 5B,fuel=100.00
1779777850.851,0x300,8,02 48 07 B0 2E 1E CC 65,temp=42.00
1779777850.969,0x100,8,00 8F C8 FA 73 DD 92 FF,speed=0.00
1779777851.082,0x200,8,4B 64 BD 83 2A 0C 5E 3B,fuel=100.00
1779777851.164,0x300,8,02 B3 23 0E 78 FD E0 F4,temp=42.00
1779777851.273,0x100,8,00 44 2A BA 12 32 3A 49,speed=0.00
1779777851.375,0x200,8,12 64 86 E0 9B 62 58 AC,fuel=100.00
1779777851.473,0x300,8,02 A1 DF F4 4D D4 06 FA,temp=42.00
1779777851.529,0x100,8,00 27 58 34 42 25 EA A6,speed=0.00
1779777851.621,0x200,8,3C 64 AB D8 9D 3F E7 BB,fuel=100.00
1779777851.732,0x300,8,02 72 C4 3E F6 F8 4F 0E,temp=42.00
1779777851.845,0x100,8,00 DF 85 00 A2 EB 47 01,speed=0.00
1779777851.905,0x200,8,50 64 66 68 15 48 E8 6E,fuel=100.00
1779777852.013,0x300,8,02 AD CE 5B F1 E8 0A E5,temp=42.00
1779777852.095,0x100,8,00 DB A4 46 49 00 B4 46,speed=0.00
1779777852.210,0x200,8,42 64 C1 C5 D2 F5 30 26,fuel=100.00
1779777852.326,0x300,8,02 67 FB A9 44 10 7C DE,temp=42.00
1779777852.378,0x100,8,00 D2 F1 4C 04 7A 7B 4A,speed=0.00
1779777852.490,0x200,8,43 64 F8 F5 61 65 2B FB,fuel=100.00
1779777852.571,0x300,8,02 E0 B5 1C 93 D3 27 86,temp=42.00
1779777852.665,0x100,8,00 F9 55 2F 1C 29 75 24,speed=0.00
1779777852.753,0x200,8,A1 64 17 0C 1C 35 D6 D0,fuel=100.00
1779777852.871,0x300,8,02 A0 9F 80 8D 98 E2 BE,temp=42.00
1779777852.984,0x100,8,00 E1 89 CB D6 C6 2E FE,speed=0.00
1779777853.051,0x200,8,E6 64 EB 0E C5 83 B7 AE,fuel=100.00
1779777853.148,0x300,8,02 45 D2 63 25 66 3B 21,temp=42.00
1779777853.240,0x100,8,00 68 97 8F 3D 07 A0 6F,speed=0.00
1779777853.333,0x200,8,AD 64 B7 4D 5A 9B 7F 01,fuel=100.00
1779777853.459,0x300,8,02 FD 77 B1 87 35 57 88,temp=42.00
1779777853.514,0x100,8,00 02 54 70 DC 4D 5F FE,speed=0.00
1779777853.630,0x200,8,81 64 F0 C6 1C 17 0A 31,fuel=100.00
1779777853.705,0x300,8,02 96 0F 1F F9 F5 F4 61,temp=42.00
1779777853.821,0x100,8,00 CD 31 24 DA F7 4E FF,speed=0.00
1779777853.896,0x200,8,3D 64 B5 E6 00 C2 77 97,fuel=100.00
1779777854.003,0x300,8,02 AB 1F 18 A2 D3 72 C2,temp=42.00
1779777854.085,0x100,8,00 93 C2 95 54 D6 33 73,speed=0.00
1779777854.192,0x200,8,2A 64 31 19 A4 93 DE FD,fuel=100.00
1779777854.303,0x300,8,02 9B CB 62 DA D8 17 67,temp=42.00
1779777854.358,0x100,8,00 F6 5F 89 3B D9 A2 C1,speed=0.00
1779777854.465,0x200,8,51 64 15 F1 A7 19 5C FC,fuel=100.00
1779777854.574,0x300,8,02 76 F7 A2 7A BF 83 1A,temp=42.00
1779777854.660,0x100,8,00 87 FA 23 7A 10 CF B4,speed=0.00
1779777854.764,0x200,8,A0 64 F2 A9 1C D8 8C 01,fuel=100.00
1779777854.886,0x300,8,02 94 0A C4 32 E8 61 A2,temp=42.00
1779777854.940,0x100,8,00 0B CF 9A 95 8C 9E C6,speed=0.00
1779777855.028,0x200,8,25 64 03 0E FE 82 4F F0,fuel=100.00
1779777855.137,0x300,8,02 96 EA 1C DC 9B 49 D9,temp=42.00
1779777855.242,0x100,8,00 82 23 02 0B 7E 3F 5C,speed=0.00
1779777855.347,0x200,8,96 64 61 C9 FB 88 0D 57,fuel=100.00
1779777855.406,0x300,8,02 75 0A 72 E8 B3 C2 B0,temp=42.00
1779777855.515,0x100,8,00 81 14 9B 86 CB D1 46,speed=0.00
1779777855.595,0x200,8,BC 64 A8 70 A4 BB 3B D7,fuel=100.00
1779777855.675,0x300,8,02 1D FC 5A 97 A1 02 2D,temp=42.00
1779777855.802,0x100,8,00 E2 54 7F 31 08 79 21,speed=0.00
1779777855.857,0x200,8,AD 64 5C 26 D1 85 CB 6C,fuel=100.00
1779777855.960,0x300,8,02 CB 31 6C 91 A4 EF 68,temp=42.00
1779777856.058,0x100,8,00 2D 3E 94 2B 1C 1A 15,speed=0.00
1779777856.159,0x200,8,40 64 7C 9B E8 0A 91 19,fuel=100.00
1779777856.250,0x300,8,02 26 FC E9 01 8F E1 52,temp=42.00
1779777856.358,0x100,8,00 A4 89 1C 4F 11 A0 7D,speed=0.00
1779777856.447,0x200,8,F2 64 F6 7D A6 AF AD 38,fuel=100.00
1779777856.546,0x300,8,02 E5 78 99 BF 0E D1 21,temp=42.00
1779777856.641,0x100,8,00 EA F3 70 7A 78 C1 9B,speed=0.00
1779777856.711,0x200,8,C9 64 E1 F7 00 6B FB B8,fuel=100.00
1779777856.813,0x300,8,02 D1 98 AB 20 91 BF D1,temp=42.00
1779777856.924,0x100,8,00 11 CE A4 AE 6D 1A F7,speed=0.00
1779777856.996,0x200,8,89 64 B7 AC 40 E8 70 D5,fuel=100.00
1779777857.108,0x300,8,02 02 3F 1A 10 06 0D 49,temp=42.00
1779777857.213,0x100,8,00 75 C6 CF 76 6B 48 41,speed=0.00
1779777857.288,0x200,8,46 64 1B 5E 54 E6 8F 3E,fuel=100.00
1779777857.389,0x300,8,02 4A 23 4C CA FB DE F3,temp=42.00
1779777857.473,0x100,8,00 C5 EB A6 C6 6D 99 F0,speed=0.00
1779777857.600,0x200,8,9B 64 AA 12 12 6C 8A F1,fuel=100.00
1779777857.648,0x300,8,02 EF 6E A3 16 59 4D 81,temp=42.00
1779777857.750,0x100,8,00 0C 57 5B 7E D7 27 6B,speed=0.00
1779777857.858,0x200,8,E3 64 C4 23 9F CD 3B BB,fuel=100.00
1779777857.936,0x300,8,02 63 96 08 06 81 B7 28,temp=42.00
1779777858.052,0x100,8,00 69 00 4C DA 8D FE 48,speed=0.00
1779777858.104,0x200,8,E8 64 6D 2C 6D 8F 34 A7,fuel=100.00
1779777858.233,0x300,8,02 73 B8 F8 66 DC 82 FD,temp=42.00
1779777858.331,0x100,8,00 C0 D1 C0 01 AC B6 85,speed=0.00
1779777858.406,0x200,8,61 64 A4 E5 A4 8B B6 6C,fuel=100.00
1779777858.531,0x300,8,02 2E B7 3C DD 09 07 4C,temp=42.00
1779777858.578,0x100,8,00 19 84 A5 F9 90 14 F1,speed=0.00
1779777858.697,0x200,8,BD 64 00 E0 39 F2 33 DA,fuel=100.00
1779777858.804,0x300,8,02 8E D6 C1 53 3B 53 2F,temp=42.00
1779777858.864,0x100,8,00 30 29 9B 96 88 6B D7,speed=0.00
1779777858.965,0x200,8,C8 64 99 C1 18 96 13 77,fuel=100.00
1779777859.059,0x300,8,02 3C 0D A5 36 03 55 09,temp=42.00
1779777859.172,0x100,8,00 88 21 A1 C9 62 AB 0E,speed=0.00
1779777859.279,0x200,8,A0 64 01 7C 08 79 9A 4A,fuel=100.00
1779777859.377,0x300,8,02 EB 92 80 AE 99 41 18,temp=42.00
1779777859.469,0x100,8,00 4B 9F B2 4C 8D 31 56,speed=0.00
1779777859.565,0x200,8,A6 64 92 07 86 5F 38 DE,fuel=100.00
1779777859.633,0x300,8,02 9E FB 89 28 47 1B B6,temp=42.00
1779777859.735,0x100,8,00 6D 29 8B 28 F9 42 B2,speed=0.00
1779777859.833,0x200,8,76 64 9A 13 5C AC CF 54,fuel=100.00
1779777859.902,0x300,8,02 65 61 F0 E1 08 81 0C,temp=42.00
1779777860.003,0x100,8,00 FB 63 FE 72 C8 66 21,speed=0.00
1779777860.105,0x200,8,6A 64 AA D7 3D 87 3A 0C,fuel=100.00
1779777860.239,0x300,8,02 4A E4 DA 0C 7D D9 DD,temp=42.00
1779777860.291,0x100,8,00 1D 77 B1 79 75 4E 68,speed=0.00
1779777860.397,0x200,8,64 64 DE 76 82 AB B4 8D,fuel=100.00
1779777860.496,0x300,8,02 D7 AC B4 95 AC 8D FE,temp=42.00
1779777860.568,0x100,8,00 60 27 1E 8C 26 3E 17,speed=0.00
1779777860.662,0x200,8,D4 64 27 7A A0 09 0A 3D,fuel=100.00
1779777860.776,0x300,8,02 61 94 BB 8E 74 C5 24,temp=42.00
1779777860.883,0x100,8,00 D4 AC 1A FC FC 35 56,speed=0.00
1779777860.956,0x200,8,70 64 50 B1 EE A9 27 42,fuel=100.00
1779777861.046,0x300,8,02 49 9B 3A CA B3 03 D0,temp=42.00
1779777861.135,0x100,8,00 66 CC F9 92 43 30 34,speed=0.00
1779777861.240,0x200,8,E6 64 0C 7C 86 23 8E 29,fuel=100.00
1779777861.332,0x300,8,02 48 51 A1 45 0B C9 73,temp=42.00
1779777861.428,0x100,8,00 B4 DD 87 A2 1C C4 13,speed=0.00
1779777861.511,0x200,8,05 64 27 20 3E 36 DC 4A,fuel=100.00
1779777861.609,0x300,8,02 3A F2 43 19 1F AA B0,temp=42.00
1779777861.708,0x100,8,00 38 F0 88 9F 97 EC 44,speed=0.00
1779777861.802,0x200,8,40 64 9B A0 C6 59 B6 1F,fuel=100.00
1779777861.910,0x300,8,02 62 83 DE 37 E5 1D DE,temp=42.00
1779777861.987,0x100,8,00 B7 4C 42 E9 57 86 51,speed=0.00
1779777862.071,0x200,8,20 64 0E AA 75 66 FE BF,fuel=100.00
1779777862.163,0x300,8,02 D9 87 FB 4D 6D 17 C7,temp=42.00
1779777862.254,0x100,8,00 9C D5 6D 57 80 BA 3D,speed=0.00
1779777862.384,0x200,8,02 64 B2 A3 AF A2 67 AD,fuel=100.00
1779777862.448,0x300,8,02 A1 EF 3D 7D F3 C1 DC,temp=42.00
1779777862.581,0x100,8,00 68 10 2F CA 12 7B 15,speed=0.00
1779777862.632,0x200,8,3F 64 E0 47 EE 52 7D 51,fuel=100.00
1779777862.726,0x300,8,02 95 16 04 75 62 BB 8A,temp=42.00
1779777862.835,0x100,8,00 58 DE 5F 14 45 B6 35,speed=0.00
1779777862.923,0x200,8,EF 64 6F 10 55 A4 3B B4,fuel=100.00
1779777863.014,0x300,8,02 84 AE FB DF D3 EE B1,temp=42.00
1779777863.092,0x100,8,00 35 93 B9 64 88 90 35,speed=0.00
1779777863.223,0x200,8,9E 64 3E 49 07 13 F7 98,fuel=100.00
1779777863.319,0x300,8,02 51 CF 75 58 FC 43 5E,temp=42.00
1779777863.387,0x100,8,00 16 B7 BA 14 F8 EB F5,speed=0.00
1779777863.479,0x200,8,43 64 01 17 72 8D AE 6C,fuel=100.00
1779777863.583,0x300,8,02 E8 CC FE F1 8F 4A 3D,temp=42.00
1779777863.707,0x100,8,00 7C 69 D5 F1 56 AB FB,speed=0.00
1779777863.774,0x200,8,13 64 E5 D6 05 9A 8A DB,fuel=100.00
1779777863.844,0x300,8,02 88 38 D2 51 16 33 E0,temp=42.00
1779777863.971,0x100,8,00 7C 79 C0 4C 60 EF A4,speed=0.00
1779777864.080,0x200,8,48 64 06 86 01 53 9D 29,fuel=100.00
1779777864.163,0x300,8,02 6B 9B A0 07 53 36 6F,temp=42.00
1779777864.225,0x100,8,00 64 CB 7B 98 F5 F6 56,speed=0.00
1779777864.321,0x200,8,BD 64 C2 B3 94 C2 EB 95,fuel=100.00
1779777864.438,0x300,8,02 D0 9D CF 3C C8 EF C0,temp=42.00
1779777864.513,0x100,8,00 71 AB 6B A5 8F 26 58,speed=0.00
1779777864.594,0x200,8,AC 64 B7 DF 7A 1E 80 88,fuel=100.00
1779777864.686,0x300,8,02 D7 F4 3B 9A EB B0 7E,temp=42.00
1779777864.825,0x100,8,00 8C 2A 78 6C 8D 82 FF,speed=0.00
1779777864.893,0x200,8,A1 64 4F 6D E1 4E F2 66,fuel=100.00
1779777864.992,0x300,8,02 1F CC 15 72 F9 51 3F,temp=42.00
1779777865.101,0x100,8,00 1F 62 C4 8B 6F 9C D9,speed=0.00
1779777865.162,0x200,8,8E 64 CE 31 32 2E 8A 41,fuel=100.00
1779777865.289,0x300,8,02 AE 42 9A 79 A6 8C F8,temp=42.00
1779777865.344,0x100,8,00 27 35 76 39 67 38 FC,speed=0.00
1779777865.460,0x200,8,C8 64 9E 7C 0F 0C B7 74,fuel=100.00
1779777865.560,0x300,8,02 9F BB 16 65 8A 0D 4F,temp=42.00
1779777865.661,0x100,8,00 11 03 E5 DB F2 0D D9,speed=0.00
1779777865.849,0x200,8,40 64 53 11 66 A6 FC 11,fuel=100.00
1779777865.959,0x300,8,02 26 AA 1A CB CA DF 49,temp=42.00
1779777866.014,0x100,8,00 4F A9 78 BC E4 8A 1F,speed=0.00
1779777866.136,0x200,8,F9 64 91 CE 2F 72 A7 AC,fuel=100.00
1779777866.238,0x300,8,02 11 24 15 46 FE 8C 13,temp=42.00
1779777866.295,0x100,8,00 6F E6 F5 82 CB EE 24,speed=0.00
1779777866.388,0x200,8,92 64 59 1B AE AA 12 7B,fuel=100.00
1779777866.487,0x300,8,02 04 7D 10 1B 93 3F 5A,temp=42.00
1779777866.595,0x100,8,00 DA 70 CA 7E E5 D6 1E,speed=0.00
1779777866.695,0x200,8,10 64 63 AA 2C BC A1 45,fuel=100.00
1779777866.804,0x300,8,02 17 C4 B0 FB 10 07 07,temp=42.00
1779777866.871,0x100,8,00 6D C5 8F 00 3D 06 64,speed=0.00
1779777866.965,0x200,8,28 64 97 A4 73 63 5C C8,fuel=100.00
1779777867.081,0x300,8,02 BB 7C 29 24 B2 07 44,temp=42.00
1779777867.145,0x100,8,00 9B 97 06 E4 CF 38 F3,speed=0.00
1779777867.248,0x200,8,0C 64 04 0A C3 51 AA B1,fuel=100.00
1779777867.347,0x300,8,02 94 79 C3 7E 01 B7 49,temp=42.00
1779777867.435,0x100,8,00 F4 FB 73 6F F0 8B 5A,speed=0.00
1779777867.527,0x200,8,C5 64 28 8F EA E6 63 2A,fuel=100.00
1779777867.610,0x300,8,02 AC F6 89 61 B4 C9 3C,temp=42.00
1779777867.715,0x100,8,00 C2 AB 00 FF 66 B8 F4,speed=0.00
1779777867.818,0x200,8,BD 64 C0 42 FF 20 CC 1B,fuel=100.00
1779777867.918,0x300,8,02 DB 5E 3F 06 94 D8 A9,temp=42.00
1779777868.004,0x100,8,00 B5 40 F8 D7 80 25 DD,speed=0.00
1779777868.097,0x200,8,B8 64 3F 60 F5 FC B0 1A,fuel=100.00
1779777868.191,0x300,8,02 28 53 27 E9 6D 46 12,temp=42.00
1779777868.298,0x100,8,00 74 32 FF F8 BA 35 0D,speed=0.00
1779777868.387,0x200,8,5C 64 EE C7 AB 6E 6B 96,fuel=100.00
1779777868.449,0x300,8,02 A3 5B 82 59 C6 22 4D,temp=42.00
1779777868.564,0x100,8,00 CF 28 F3 EB BE 87 CC,speed=0.00
1779777868.647,0x200,8,25 64 E9 9F D8 6F 45 48,fuel=100.00
1779777868.747,0x300,8,02 AA B2 E3 C5 2C 5A 30,temp=42.00
1779777868.836,0x100,8,00 8C 14 C0 DA 26 0F 88,speed=0.00
1779777868.958,0x200,8,06 64 71 34 E0 73 D5 AF,fuel=100.00
1779777869.047,0x300,8,02 E0 E1 5E 4D 50 17 23,temp=42.00
1779777869.144,0x100,8,00 BC C6 23 B4 5E 36 50,speed=0.00
1779777869.201,0x200,8,E3 64 69 B1 17 67 F0 A0,fuel=100.00
1779777869.316,0x300,8,02 52 EB 46 C8 B5 C7 CE,temp=42.00
1779777869.413,0x100,8,00 A3 FE 2C 5B 07 EB 41,speed=0.00
1779777869.493,0x200,8,D9 64 D9 73 15 2B 64 70,fuel=100.00
1779777869.595,0x300,8,02 9E 22 8D D2 9C 63 A0,temp=42.00
1779777869.695,0x100,8,00 A3 99 FE C9 CC 30 F7,speed=0.00
1779777869.787,0x200,8,38 64 55 02 76 5F F4 5A,fuel=100.00
1779777869.861,0x300,8,02 50 34 B6 C4 B4 21 C2,temp=42.00
1779777869.972,0x100,8,00 60 3B D9 7C 38 EC 43,speed=0.00
1779777870.062,0x200,8,03 64 CF 38 89 E2 92 E8,fuel=100.00
1779777870.162,0x300,8,02 C0 95 CF CB 84 49 1E,temp=42.00
1779777870.269,0x100,8,00 87 D4 EE C3 54 03 07,speed=0.00
1779777870.373,0x200,8,16 64 31 90 8D F1 83 12,fuel=100.00
1779777870.430,0x300,8,02 14 6D 77 44 88 0F E2,temp=42.00
1779777870.523,0x100,8,00 EE 2B DF 22 84 EF 56,speed=0.00
1779777870.608,0x200,8,5D 64 4A D2 01 06 4B 65,fuel=100.00
1779777870.732,0x300,8,02 CE 02 BB A0 8A 6F 03,temp=42.00
1779777870.820,0x100,8,00 DB 33 34 CE 5F 3A D8,speed=0.00
1779777870.921,0x200,8,DA 64 1D F8 B5 A4 A5 3B,fuel=100.00
1779777871.010,0x300,8,02 CF 3C 95 2D 2C 80 6A,temp=42.00
1779777871.094,0x100,8,00 E6 73 B2 6E 1B 7E 88,speed=0.00
1779777871.178,0x200,8,10 64 06 E4 C4 D7 4D F7,fuel=100.00
1779777871.271,0x300,8,02 7A AE AA 26 22 1D 8B,temp=42.00
1779777871.361,0x100,8,00 D9 6C 34 D3 DF 16 34,speed=0.00
1779777871.460,0x200,8,64 64 AC 56 29 FF 50 8C,fuel=100.00
1779777871.546,0x300,8,02 09 D0 40 9E 76 F7 15,temp=42.00
1779777871.680,0x100,8,00 C9 76 33 F5 B3 35 A9,speed=0.00
1779777871.769,0x200,8,4C 64 02 9B D4 52 4A 1D,fuel=100.00
1779777871.863,0x300,8,02 9F D8 8C 5D 1D CB 13,temp=42.00
1779777871.917,0x100,8,00 33 D6 67 D9 60 9D 9F,speed=0.00
1779777872.011,0x200,8,54 64 C4 0C C6 C7 A1 BB,fuel=100.00
1779777872.135,0x300,8,02 54 F2 F7 F0 F0 28 9B,temp=42.00
1779777872.219,0x100,8,00 45 87 D9 DC A0 4B 66,speed=0.00
1779777872.307,0x200,8,68 64 65 65 E8 C3 F9 DC,fuel=100.00
1779777872.400,0x300,8,02 C4 BD 21 CE D4 0A 1C,temp=42.00
1779777872.489,0x100,8,00 B5 86 DE BD 55 BF 8A,speed=0.00
1779777872.579,0x200,8,9A 64 3F E7 4F A9 F8 AC,fuel=100.00
1779777872.670,0x300,8,02 E9 B1 FC E8 D2 4E 77,temp=42.00
1779777872.799,0x100,8,00 7F 86 AC 13 D6 7C 2E,speed=0.00
1779777872.898,0x200,8,B4 64 B4 72 35 4A 1D FE,fuel=100.00
1779777872.969,0x300,8,02 D8 24 1E 6B F0 4C 42,temp=42.00
1779777873.052,0x100,8,00 C7 85 2E E7 BA EB F7,speed=0.00
1779777873.162,0x200,8,F4 64 C8 22 A1 B9 E6 F4,fuel=100.00
1779777873.333,0x300,8,02 C0 CB 43 3F 01 89 BE,temp=42.00
1779777873.435,0x100,8,00 2D DF 68 40 F1 66 D3,speed=0.00
1779777873.523,0x200,8,6E 64 93 01 FE 73 E0 30,fuel=100.00
1779777873.662,0x300,8,02 4A 0B 50 B5 A6 5D E5,temp=42.00
1779777873.723,0x100,8,00 2D B4 58 95 23 B9 40,speed=0.00
1779777873.825,0x200,8,66 64 19 05 7B 5A 90 62,fuel=100.00
1779777873.912,0x300,8,02 E6 42 C3 31 65 9C 3A,temp=42.00
1779777873.982,0x100,8,00 D8 F5 5D 36 F9 A9 E9,speed=0.00
1779777874.090,0x200,8,A1 64 D0 67 54 7D 46 54,fuel=100.00
1779777874.209,0x300,8,02 08 B0 52 CA B1 AA 8F,temp=42.00
1779777874.276,0x100,8,00 85 27 FE 1A 2A F9 E1,speed=0.00
1779777874.386,0x200,8,7D 64 19 8D 41 E3 86 AE,fuel=100.00
1779777874.494,0x300,8,02 71 1D F5 C4 0C A2 3E,temp=42.00
1779777874.557,0x100,8,00 3E EF 99 33 B7 98 69,speed=0.00
1779777874.672,0x200,8,80 64 09 BF E3 BE 16 8B,fuel=100.00
1779777874.743,0x300,8,02 48 8D BC 63 33 CC B3,temp=42.00
1779777874.868,0x100,8,00 99 85 16 D6 60 1F 18,speed=0.00
1779777874.947,0x200,8,FB 64 2D 4C 8A 0C 48 9B,fuel=100.00
1779777875.049,0x300,8,02 24 DB B5 81 ED F8 92,temp=42.00
1779777875.162,0x100,8,00 69 C6 BF 70 C5 C8 33,speed=0.00
1779777875.234,0x200,8,15 64 E8 15 77 B8 0C AC,fuel=100.00
1779777875.324,0x300,8,02 DD 9D 60 F9 7E 00 A8,temp=42.00
1779777875.395,0x100,8,00 92 68 83 B3 1E 7D 99,speed=0.00
1779777875.500,0x200,8,1C 64 1A 9D 82 44 E7 81,fuel=100.00
1779777875.617,0x300,8,02 42 9E B7 86 69 90 2E,temp=42.00
1779777875.678,0x100,8,00 42 59 D6 40 0D 01 66,speed=0.00
1779777875.802,0x200,8,10 64 18 14 3A 2E 17 A2,fuel=100.00
1779777875.873,0x300,8,02 58 93 A5 69 01 98 3E,temp=42.00
1779777875.952,0x100,8,00 A7 33 14 B4 6D 73 2C,speed=0.00
1779777876.052,0x200,8,7B 64 A7 C1 67 C1 14 B6,fuel=100.00
1779777876.152,0x300,8,02 5B 79 F8 DF F6 68 44,temp=42.00
1779777876.252,0x100,8,00 5C EA B8 13 E0 F0 28,speed=0.00
1779777876.349,0x200,8,53 64 D1 0A 38 43 7D D3,fuel=100.00
1779777876.466,0x300,8,02 EB 97 90 50 D6 DE 08,temp=42.00
1779777876.535,0x100,8,00 64 F3 88 D2 23 BE 5F,speed=0.00
1779777876.663,0x200,8,D0 64 A1 31 AE 67 67 44,fuel=100.00
1779777876.728,0x300,8,02 ED 24 E0 BD 82 B5 6E,temp=42.00
1779777876.806,0x100,8,00 1C 02 82 CB 3E 8A 91,speed=0.00
1779777876.936,0x200,8,19 64 65 46 99 B7 A6 AD,fuel=100.00
1779777876.990,0x300,8,02 0B A2 A7 8D 03 BC 95,temp=42.00
1779777877.092,0x100,8,00 A0 DE BE 4E 44 78 2C,speed=0.00
1779777877.228,0x200,8,3E 64 38 AD 7C F3 CC 8A,fuel=100.00
1779777877.296,0x300,8,02 4D 04 AC B0 0A 12 40,temp=42.00
1779777877.395,0x100,8,00 A6 74 1D D7 A0 ED 02,speed=0.00
1779777877.461,0x200,8,0E 64 D5 D9 35 98 9E 0F,fuel=100.00
1779777877.598,0x300,8,02 75 8A 54 39 AA 57 FA,temp=42.00
1779777877.670,0x100,8,00 3B F3 28 5D 18 85 B2,speed=0.00
1779777877.747,0x200,8,56 64 CF 7C 12 06 98 4B,fuel=100.00
1779777877.871,0x300,8,02 58 9D 14 69 7B 9E 8A,temp=42.00
1779777877.927,0x100,8,00 D2 0C 9A 68 BD F0 DE,speed=0.00
1779777878.025,0x200,8,2B 64 8D 29 BD EF 0C 75,fuel=100.00
1779777878.150,0x300,8,02 A9 7B BB FD 5C 4D 0E,temp=42.00
1779777878.218,0x100,8,00 83 C1 B3 71 38 98 57,speed=0.00
1779777878.348,0x200,8,C7 64 5A 2D 05 8D E2 83,fuel=100.00
1779777878.421,0x300,8,02 95 56 9F 0C 0B 29 05,temp=42.00
1779777878.495,0x100,8,00 EC 69 3A 63 A2 91 00,speed=0.00
1779777878.633,0x200,8,83 64 B6 6A 4C FF 14 C6,fuel=100.00
1779777878.696,0x300,8,02 D0 67 B9 A1 B2 56 28,temp=42.00
1779777878.766,0x100,8,00 6E 69 92 34 F8 B2 47,speed=0.00
1779777878.879,0x200,8,69 64 2A 75 E0 C1 11 C9,fuel=100.00
1779777878.970,0x300,8,02 FD 8A 0D 14 8F 17 DA,temp=42.00
1779777879.078,0x100,8,00 0D E4 16 4F 9D 9B 61,speed=0.00
1779777879.189,0x200,8,63 64 BC 8A 7B 78 73 15,fuel=100.00
1779777879.265,0x300,8,02 B7 5B CC 43 43 1F 2F,temp=42.00
1779777879.351,0x100,8,00 F6 5B 93 C9 C7 0E F1,speed=0.00
1779777879.464,0x200,8,38 64 89 1F 04 0E 03 61,fuel=100.00
1779777879.550,0x300,8,02 E5 CE 4F D5 9F A1 7A,temp=42.00
1779777879.629,0x100,8,00 1B B9 BD E1 DC 4B A0,speed=0.00
1779777879.737,0x200,8,FF 64 2E E3 47 08 38 5A,fuel=100.00
1779777879.832,0x300,8,02 50 F2 A6 58 B8 6C 9B,temp=42.00
1779777879.915,0x100,8,00 43 01 46 D4 B5 91 9F,speed=0.00
1779777880.032,0x200,8,38 64 2E E9 E1 AD 30 F4,fuel=100.00
1779777880.097,0x300,8,02 E9 3E 43 76 CE 19 06,temp=42.00
1779777880.226,0x100,8,00 80 64 D3 31 45 9C A6,speed=0.00
1779777880.295,0x200,8,F4 64 46 A1 BF 7D 13 C9,fuel=100.00
1779777880.404,0x300,8,02 59 6F E8 3A 1B E2 6C,temp=42.00
1779777880.509,0x100,8,00 BD 49 2D 8E 32 12 1D,speed=0.00
1779777880.573,0x200,8,0C 64 BA B4 14 C5 86 91,fuel=100.00
1779777880.749,0x300,8,02 9D 42 7D C5 79 CF DB,temp=42.00
1779777880.807,0x100,8,00 82 C7 DC 6B FE 67 02,speed=0.00
1779777880.845,0x200,8,21 64 92 D6 10 6D A5 2F,fuel=100.00
1779777880.946,0x300,8,02 43 17 4E 06 56 71 9D,temp=42.00
1779777881.060,0x100,8,00 42 C7 E1 66 7E 35 A2,speed=0.00
1779777881.171,0x200,8,1C 64 B1 7C 20 46 C5 FF,fuel=100.00
1779777881.245,0x300,8,02 62 20 94 6C C6 BA 1B,temp=42.00
1779777881.345,0x100,8,00 01 97 DA 0E 95 C0 64,speed=0.00
1779777881.450,0x200,8,FE 64 FC 89 B9 38 DA AA,fuel=100.00
1779777881.517,0x300,8,02 71 9C 0D C3 EA 9C 0D,temp=42.00
1779777881.641,0x100,8,00 BE 82 78 92 EB 52 A0,speed=0.00
1779777881.711,0x200,8,B2 64 E2 FF 97 F3 9A 9C,fuel=100.00
1779777881.781,0x300,8,02 A8 AB 33 46 3E 97 4C,temp=42.00
1779777881.927,0x100,8,00 7A D3 4F 98 22 3C A3,speed=0.00
1779777881.992,0x200,8,B6 64 9C 1A FB 31 07 7E,fuel=100.00
1779777882.071,0x300,8,02 51 07 A6 1D AB 7A 44,temp=42.00
1779777882.181,0x100,8,00 66 AF 68 11 C0 DA 5E,speed=0.00
1779777882.284,0x200,8,8E 64 35 CC 2B 55 A0 47,fuel=100.00
1779777882.378,0x300,8,02 6A 8C BF 86 1F E9 A6,temp=42.00
1779777882.445,0x100,8,00 CA 8B 59 8B 13 BC C6,speed=0.00
1779777882.561,0x200,8,CF 64 C3 DF A7 FD F3 33,fuel=100.00
1779777882.641,0x300,8,02 78 01 01 4B 1D 03 64,temp=42.00
1779777882.732,0x100,8,00 23 42 C5 12 6F 0C AE,speed=0.00
1779777882.821,0x200,8,D0 64 45 E6 33 04 36 F3,fuel=100.00
1779777882.931,0x300,8,02 91 ED 48 CC 33 E5 3F,temp=42.00
1779777883.014,0x100,8,00 A5 84 BF AB 8F 00 B6,speed=0.00
1779777883.113,0x200,8,E9 64 60 49 4E A2 E0 FA,fuel=100.00
1779777883.197,0x300,8,02 3E 01 59 EE 34 89 B9,temp=42.00
1779777883.288,0x100,8,00 40 E8 B0 F5 D8 28 59,speed=0.00
1779777883.388,0x200,8,D3 64 60 38 18 85 6B E3,fuel=100.00
1779777883.481,0x300,8,02 2B C8 D9 33 E9 5B B3,temp=42.00
1779777883.583,0x100,8,00 A9 D7 42 30 80 06 A1,speed=0.00
1779777883.673,0x200,8,29 64 1D B5 37 43 A2 B0,fuel=100.00
1779777883.767,0x300,8,02 62 1D FB 67 63 4F A9,temp=42.00
1779777883.867,0x100,8,00 0E D6 F2 72 2B 09 DA,speed=0.00
1779777883.973,0x200,8,89 64 4E 17 F4 E1 F8 F8,fuel=100.00
1779777884.057,0x300,8,02 47 91 3B 46 1D F2 0F,temp=42.00
1779777884.146,0x100,8,00 31 0D DD 21 49 F3 43,speed=0.00
1779777884.245,0x200,8,AC 64 C2 A7 BD 14 FB FC,fuel=100.00
1779777884.330,0x300,8,02 8D E5 CA 96 CC 0E 2E,temp=42.00
1779777884.427,0x100,8,00 CE E5 4F 86 2D EF 92,speed=0.00
1779777884.514,0x200,8,F4 64 64 E8 90 D0 CA 2C,fuel=100.00
1779777884.618,0x300,8,02 B2 D8 25 32 76 9A 15,temp=42.00
1779777884.719,0x100,8,00 A7 05 B1 B5 D7 C8 2D,speed=0.00
1779777884.792,0x200,8,AD 64 79 D0 8A 10 12 B8,fuel=100.00
1779777884.896,0x300,8,02 27 8D 48 46 71 45 BD,temp=42.00
1779777884.980,0x100,8,00 3D EB 85 19 A5 E3 AC,speed=0.00
1779777885.109,0x200,8,06 64 75 2F 5D 2F CE F0,fuel=100.00
1779777885.157,0x300,8,02 89 16 FE 7F 34 37 25,temp=42.00
1779777885.294,0x100,8,00 3B 21 6B A5 F4 95 45,speed=0.00
1779777885.345,0x200,8,FA 64 BD BE 68 15 0E C5,fuel=100.00
1779777885.434,0x300,8,02 62 2D 53 9B 98 39 56,temp=42.00
1779777885.540,0x100,8,00 BE 8D 17 C9 C5 70 BC,speed=0.00
1779777885.627,0x200,8,9E 64 3F B8 F2 A8 28 4C,fuel=100.00
1779777885.722,0x300,8,02 D2 4A C5 CD FA B3 27,temp=42.00
1779777885.832,0x100,8,00 55 48 CE FD BB 37 41,speed=0.00
1779777885.925,0x200,8,18 64 8D 89 B6 08 FA C8,fuel=100.00
1779777886.012,0x300,8,02 33 5B 16 0F 13 D4 FF,temp=42.00
1779777886.099,0x100,8,00 F4 36 76 1F 8D 35 38,speed=0.00
1779777886.190,0x200,8,9A 64 52 40 20 F9 22 94,fuel=100.00
1779777886.313,0x300,8,02 21 10 31 09 CA E6 7B,temp=42.00
1779777886.370,0x100,8,00 40 F7 58 4A AF C8 2D,speed=0.00
1779777886.501,0x200,8,80 64 4E F1 D9 1E 4C 19,fuel=100.00
1779777886.584,0x300,8,02 D7 1F 2D 70 97 E1 B4,temp=42.00
1779777886.683,0x100,8,00 54 14 C6 77 39 04 8D,speed=0.00
1779777886.774,0x200,8,67 64 A1 B0 19 48 73 AD,fuel=100.00
1779777886.871,0x300,8,02 FC 41 1C 92 48 70 5A,temp=42.00
1779777886.981,0x100,8,00 BF 8B F0 35 FE 6A CB,speed=0.00
1779777887.067,0x200,8,AF 64 90 0C 88 93 92 7F,fuel=100.00
1779777887.126,0x300,8,02 A8 04 86 EF 60 48 96,temp=42.00
1779777887.255,0x100,8,00 25 CB DC 74 CD 3E 33,speed=0.00
1779777887.346,0x200,8,20 64 55 14 26 6A C4 74,fuel=100.00
1779777887.432,0x300,8,02 A9 3D 0F BB C6 B1 C9,temp=42.00
1779777887.524,0x100,8,00 A1 66 E7 5C 22 D9 24,speed=0.00
1779777887.645,0x200,8,94 64 40 9A F0 D8 4E 14,fuel=100.00
1779777887.789,0x300,8,02 48 B7 7A A8 7E E6 51,temp=42.00
1779777887.838,0x100,8,00 7D A5 96 F4 EA 8A FA,speed=0.00
1779777887.915,0x200,8,2D 64 2A 4C 3B 5C BE 63,fuel=100.00
1779777887.999,0x300,8,02 08 A1 8F 00 F2 C9 75,temp=42.00
1779777888.096,0x100,8,00 7A FE 0D B9 7E FC 26,speed=0.00
1779777888.180,0x200,8,49 64 97 DA 8E 64 5F 00,fuel=100.00
1779777888.271,0x300,8,02 74 F9 2A 92 A5 9E B7,temp=42.00
1779777888.367,0x100,8,00 D5 73 2C E6 9C B7 BF,speed=0.00
1779777888.457,0x200,8,17 64 83 C7 17 EB 13 1A,fuel=100.00
1779777888.551,0x300,8,02 E5 BC 67 9C 19 24 80,temp=42.00
1779777888.658,0x100,8,00 D4 AB 6B 3A A9 D3 35,speed=0.00
1779777888.741,0x200,8,C9 64 4A 2A D3 01 7E B2,fuel=100.00
1779777888.839,0x300,8,02 A1 8E EC 37 81 09 87,temp=42.00
1779777888.957,0x100,8,00 FB 0F BC E2 69 93 F0,speed=0.00
1779777889.049,0x200,8,62 64 0F 32 66 84 A5 4D,fuel=100.00
1779777889.147,0x300,8,02 97 E0 7B D2 97 2A E8,temp=42.00
1779777889.228,0x100,8,00 FE 8A B0 44 4F 46 AE,speed=0.00
1779777889.309,0x200,8,6A 64 64 4A 14 1D 95 C7,fuel=100.00
1779777889.386,0x300,8,02 A1 3A 23 70 8C 42 C6,temp=42.00
1779777889.511,0x100,8,00 98 7B 68 EF 7F 31 AE,speed=0.00
1779777889.590,0x200,8,ED 64 5A 42 4F 57 FF EA,fuel=100.00
1779777889.703,0x300,8,02 19 B3 35 B0 DB 40 0C,temp=42.00
1779777889.800,0x100,8,00 D0 3C 2C 5C EA 5F F2,speed=0.00
1779777889.863,0x200,8,E1 64 11 1C 57 39 50 6D,fuel=100.00
1779777889.965,0x300,8,02 91 7A 99 40 B9 4B CD,temp=42.00
1779777890.088,0x100,8,00 1A 45 CF A2 AD 5C C1,speed=0.00
1779777890.139,0x200,8,4C 64 F1 97 E7 6A F0 E8,fuel=100.00
1779777890.242,0x300,8,02 09 BB A6 AB A5 DC 5A,temp=42.00
1779777890.386,0x100,8,00 A7 E7 45 9C 99 C6 F7,speed=0.00
1779777890.442,0x200,8,B3 64 1D 48 F7 B7 1F 89,fuel=100.00
1779777890.538,0x300,8,02 7B 28 5A 26 92 DA 72,temp=42.00
1779777890.643,0x100,8,00 17 5A 68 4F 5F BE 48,speed=0.00
1779777890.750,0x200,8,E7 64 68 19 CE A0 42 72,fuel=100.00
1779777890.806,0x300,8,02 EE 7F 98 F6 1D FF 24,temp=42.00
1779777890.909,0x100,8,00 12 CB 71 FE 25 A1 07,speed=0.00
1779777891.001,0x200,8,CB 64 13 4E 57 FE CC 69,fuel=100.00
1779777891.098,0x300,8,02 C6 F6 FA 73 E0 FC 25,temp=42.00
1779777891.197,0x100,8,00 23 EC 74 8E 91 7F 60,speed=0.00
1779777891.293,0x200,8,31 64 49 5F 9E 46 FF E5,fuel=100.00
1779777891.409,0x300,8,02 C7 AE EB 96 8C 42 24,temp=42.00
1779777891.457,0x100,8,00 47 3D 3B 5C 26 B9 8A,speed=0.00
1779777891.588,0x200,8,1C 64 73 63 FB E5 96 65,fuel=100.00
1779777891.641,0x300,8,02 A5 9D 9B 70 65 A8 A8,temp=42.00
1779777891.756,0x100,8,00 2A AC E7 4E 83 7A 3D,speed=0.00
1779777891.858,0x200,8,F0 64 99 DC 47 AB CB DA,fuel=100.00
1779777891.947,0x300,8,02 B7 9C 45 43 38 1A A7,temp=42.00
1779777892.053,0x100,8,00 3A F3 28 46 C0 38 BF,speed=0.00
1779777892.133,0x200,8,31 64 96 FC A9 B8 0B B8,fuel=100.00
1779777892.210,0x300,8,02 06 1F 6F BF 00 BE BE,temp=42.00
1779777892.308,0x100,8,00 24 F5 6D 7C 7B 3F 33,speed=0.00
1779777892.394,0x200,8,A0 64 DA C3 32 94 02 17,fuel=100.00
1779777892.493,0x300,8,02 53 9A AA A4 AB A9 B6,temp=42.00
1779777892.598,0x100,8,00 85 70 64 81 C7 66 1B,speed=0.00
1779777892.684,0x200,8,B3 64 5F 9E 22 FC 4F 5B,fuel=100.00
1779777892.785,0x300,8,02 65 DC FF 5A B8 DD 2B,temp=42.00
1779777892.918,0x100,8,00 1C AD D2 F4 6D DE 89,speed=0.00
1779777892.964,0x200,8,70 64 E6 20 E5 68 76 BE,fuel=100.00
1779777893.079,0x300,8,02 7E 9B B3 BD A1 3D 45,temp=42.00
1779777893.168,0x100,8,00 29 C8 5B 6C 3F DC 6F,speed=0.00
1779777893.255,0x200,8,A4 64 CF 25 B0 2C BA 3F,fuel=100.00
1779777893.342,0x300,8,02 BA 4F 44 7D 21 66 8D,temp=42.00
1779777893.437,0x100,8,00 96 C9 4F B0 36 93 28,speed=0.00
1779777893.525,0x200,8,88 64 74 3D 06 4B 75 8E,fuel=100.00
1779777893.616,0x300,8,02 C0 E2 EF 20 D1 F9 92,temp=42.00
1779777893.713,0x100,8,00 42 47 E9 6E 36 D2 10,speed=0.00
1779777893.809,0x200,8,CF 64 D7 88 9F E6 5F 3E,fuel=100.00
1779777893.907,0x300,8,02 63 BC 63 E8 3F A3 9F,temp=42.00
1779777894.005,0x100,8,00 74 53 0C D7 49 D6 6A,speed=0.00
1779777894.089,0x200,8,B7 64 4A 24 58 85 60 0E,fuel=100.00
1779777894.179,0x300,8,02 D0 82 73 84 21 8C 68,temp=42.00
1779777894.307,0x100,8,00 07 D5 3F 52 FF FF DF,speed=0.00
1779777894.358,0x200,8,C3 64 12 99 37 63 D0 9A,fuel=100.00
1779777894.489,0x300,8,02 03 62 1E 2C 25 2D 8A,temp=42.00
1779777894.630,0x100,8,00 4B 09 C1 C5 9C 32 4F,speed=0.00
1779777894.694,0x200,8,DA 64 14 31 90 3C 5C 70,fuel=100.00
1779777894.774,0x300,8,02 83 A1 EC BD B6 52 1C,temp=42.00
1779777894.833,0x100,8,00 4F 0B 12 EC FF CF 3B,speed=0.00
1779777894.933,0x200,8,AD 64 45 53 22 44 0D 20,fuel=100.00
1779777895.064,0x300,8,02 17 EA CC 25 08 2C 6F,temp=42.00
1779777895.111,0x100,8,00 D4 D1 03 E4 A4 BB 3F,speed=0.00
1779777895.207,0x200,8,F8 64 BD 36 73 4F 83 14,fuel=100.00
1779777895.338,0x300,8,02 C4 26 2B C3 28 E7 09,temp=42.00
1779777895.389,0x100,8,00 32 53 12 EC 75 6A D2,speed=0.00
1779777895.509,0x200,8,4E 64 68 EE 17 F6 01 A1,fuel=100.00
1779777895.594,0x300,8,02 78 63 A0 58 AB 90 E7,temp=42.00
1779777895.682,0x100,8,00 D2 D2 F2 CD 3C 8B 66,speed=0.00
1779777895.776,0x200,8,56 64 99 92 19 2A D0 13,fuel=100.00
1779777895.883,0x300,8,02 67 2A 1C 25 23 5E 91,temp=42.00
1779777895.970,0x100,8,00 F3 19 D2 F6 F1 87 64,speed=0.00
1779777896.067,0x200,8,F3 64 33 CB CA 8F BA 9B,fuel=100.00
1779777896.153,0x300,8,02 DF 31 A2 B9 0D 75 57,temp=42.00
1779777896.249,0x100,8,00 8A 15 52 D8 64 41 AA,speed=0.00
1779777896.346,0x200,8,90 64 8B 5E 18 6F 43 24,fuel=100.00
1779777896.451,0x300,8,02 89 F4 FB B4 6F 18 BC,temp=42.00
1779777896.536,0x100,8,00 51 62 D6 5D DC 76 CC,speed=0.00
1779777896.621,0x200,8,12 64 D8 42 99 44 72 8E,fuel=100.00
1779777896.710,0x300,8,02 AA 9C 4D 3F D6 64 9A,temp=42.00
1779777896.805,0x100,8,00 AE D0 05 DC 16 13 59,speed=0.00
1779777896.926,0x200,8,5B 64 7C 81 34 3A 97 07,fuel=100.00
1779777896.991,0x300,8,02 F2 55 33 4D 5C 37 03,temp=42.00
1779777897.077,0x100,8,00 F2 61 E5 53 26 81 7F,speed=0.00
1779777897.218,0x200,8,66 64 91 29 AE BD F7 E3,fuel=100.00
1779777897.275,0x300,8,02 EF 0A 0F 55 59 1F 09,temp=42.00
1779777897.370,0x100,8,00 C2 70 91 B4 CF 99 2A,speed=0.00
1779777897.463,0x200,8,6D 64 1D F9 7C E0 FC C5,fuel=100.00
1779777897.585,0x300,8,02 2B 3B FE 85 3F 3D 8F,temp=42.00
1779777897.677,0x100,8,00 A6 BB 5C 4A 7F 80 1A,speed=0.00
1779777897.766,0x200,8,F0 64 B7 AD DF 2E 39 07,fuel=100.00
1779777897.880,0x300,8,02 FC E5 CB 4A 75 13 B9,temp=42.00
1779777897.941,0x100,8,00 4C 54 09 CF 52 CC 2B,speed=0.00
1779777898.032,0x200,8,8C 64 E0 30 FD FF DB CA,fuel=100.00
1779777898.128,0x300,8,02 80 F9 82 40 92 45 99,temp=42.00
1779777898.211,0x100,8,00 05 1B 09 02 73 BE 38,speed=0.00
1779777898.336,0x200,8,19 64 CC 14 FE E0 0A 77,fuel=100.00
1779777898.393,0x300,8,02 1C EC 56 8D 9B 10 2B,temp=42.00
1779777898.497,0x100,8,00 CE 92 A6 74 63 44 C5,speed=0.00
1779777898.634,0x200,8,1A 64 15 6D 2E 9C EA B5,fuel=100.00
1779777898.689,0x300,8,02 91 65 82 EF ED 0D 75,temp=42.00
1779777898.779,0x100,8,00 77 C3 4B 5E EC 76 C4,speed=0.00
1779777898.878,0x200,8,CB 64 0B DC 12 0C AA 5B,fuel=100.00
1779777898.981,0x300,8,02 CE 63 1A 5B 29 42 63,temp=42.00
1779777899.072,0x100,8,00 E5 D4 2C 7B 1F A8 97,speed=0.00
1779777899.155,0x200,8,04 64 B9 E8 E9 1A B5 DC,fuel=100.00
1779777899.241,0x300,8,02 EE F4 A3 FD 73 1B 02,temp=42.00
1779777899.367,0x100,8,00 B4 CF 97 E8 FE CC D9,speed=0.00
1779777899.416,0x200,8,22 64 59 74 BD 2F 5F E6,fuel=100.00
1779777899.555,0x300,8,02 4B 27 A7 2E E5 D9 82,temp=42.00
1779777899.637,0x100,8,00 71 4A 13 58 84 96 3B,speed=0.00
1779777899.728,0x200,8,01 64 F5 CA 20 E8 C3 3F,fuel=100.00
1779777899.830,0x300,8,02 3F F0 B3 31 A3 55 5E,temp=42.00
1779777899.904,0x100,8,00 41 8D 4E 78 49 0A A4,speed=0.00
1779777900.003,0x200,8,1B 64 4F 42 7E 71 34 D8,fuel=100.00
1779777900.106,0x300,8,02 9F D3 01 C2 95 68 16,temp=42.00
1779777900.206,0x100,8,00 B6 06 D2 78 9A ED BE,speed=0.00
1779777900.281,0x200,8,28 64 50 5B 4C C0 4A 6B,fuel=100.00
1779777900.419,0x300,8,02 40 C4 4E D3 44 A6 21,temp=42.00
1779777900.501,0x100,8,00 36 4B 77 EC A1 6B 56,speed=0.00
1779777900.594,0x200,8,87 64 87 58 A2 3A 32 4C,fuel=100.00
1779777900.682,0x300,8,02 0E A2 48 16 76 31 F5,temp=42.00
1779777900.758,0x100,8,00 E6 F4 45 37 36 9D 37,speed=0.00
1779777900.826,0x200,8,84 64 FB 00 FF 3B A6 DD,fuel=100.00
1779777900.976,0x300,8,02 FF C4 9C AD 87 0C 08,temp=42.00
1779777901.023,0x100,8,00 0C FF 51 2C 66 BA 6C,speed=0.00
1779777901.109,0x200,8,50 64 DC DE DB 31 39 3D,fuel=100.00
1779777901.229,0x300,8,02 64 49 28 42 77 EA 5C,temp=42.00
1779777901.345,0x100,8,00 F0 EE F3 7B F5 21 C5,speed=0.00
1779777901.411,0x200,8,F0 64 C3 6A D8 69 1D 36,fuel=100.00
1779777901.483,0x300,8,02 62 96 7B 77 F5 E5 17,temp=42.00
1779777901.606,0x100,8,00 EB 05 3D CF 33 F4 06,speed=0.00
1779777901.679,0x200,8,29 64 EF 14 BC 46 1D 4E,fuel=100.00
1779777901.814,0x300,8,02 DA 66 6E FC 02 C0 BF,temp=42.00
1779777901.977,0x100,8,00 A4 81 31 CA EF A1 71,speed=0.00
1779777902.066,0x200,8,22 64 CC 86 FF BA 10 CC,fuel=100.00
1779777902.162,0x300,8,02 6E B4 20 B7 9F F7 E6,temp=42.00
1779777902.231,0x100,8,00 8B 9C 30 0D D0 F3 8F,speed=0.00
1779777902.361,0x200,8,84 64 98 62 A4 37 E5 3C,fuel=100.00
1779777902.476,0x300,8,02 E0 13 1A 88 1B 23 DF,temp=42.00
1779777902.558,0x100,8,00 E8 73 6D 77 D7 90 3D,speed=0.00
1779777902.663,0x200,8,0F 64 B2 F7 D2 AE 26 2C,fuel=100.00
1779777902.743,0x300,8,02 AB 82 82 E6 55 98 26,temp=42.00
1779777902.854,0x100,8,00 3D 79 99 59 D2 3C 58,speed=0.00
1779777902.920,0x200,8,4A 64 EB 08 DF E2 9B 5E,fuel=100.00
1779777903.007,0x300,8,02 69 66 19 13 22 D0 E6,temp=42.00
1779777903.106,0x100,8,00 E8 8A 6E FD E0 0F 03,speed=0.00
1779777903.192,0x200,8,19 64 3E FC 91 D3 D3 40,fuel=100.00
1779777903.323,0x300,8,02 EA 03 16 A1 EA 38 A2,temp=42.00
1779777903.389,0x100,8,00 99 B0 8B 6A 70 06 FA,speed=0.00
1779777903.471,0x200,8,8B 64 D1 C6 B7 11 04 08,fuel=100.00
1779777903.572,0x300,8,02 52 51 60 48 59 12 D7,temp=42.00
1779777903.666,0x100,8,00 BC B4 A1 6B CA 9A 80,speed=0.00
1779777903.758,0x200,8,F6 64 53 3B 0A 81 75 A4,fuel=100.00
1779777903.846,0x300,8,02 80 A3 AB F1 44 87 DF,temp=42.00
1779777903.945,0x100,8,00 26 68 1D 25 90 57 23,speed=0.00
1779777904.057,0x200,8,33 64 CE C9 CE E5 60 12,fuel=100.00
1779777904.148,0x300,8,02 B3 40 FC 46 36 BF A1,temp=42.00
1779777904.242,0x100,8,00 2E EB 57 87 2A 9F 16,speed=0.00
1779777904.327,0x200,8,61 64 C5 EF 8F EF 12 49,fuel=100.00
1779777904.430,0x300,8,02 4B BA 8B FF 40 62 23,temp=42.00
1779777904.503,0x100,8,00 D8 43 2F 89 4E 67 01,speed=0.00
1779777904.623,0x200,8,D2 64 C3 E1 8D 6C 06 5F,fuel=100.00
1779777904.720,0x300,8,02 1B E1 ED 3E D0 00 F8,temp=42.00
1779777904.811,0x100,8,00 14 2B 53 44 A2 B9 14,speed=0.00
1779777904.884,0x200,8,16 64 6D F3 D2 13 FE F6,fuel=100.00
1779777904.968,0x300,8,02 B9 B7 33 52 27 0A AF,temp=42.00
1779777905.077,0x100,8,00 F2 7F 7B 1A EB 3E 27,speed=0.00
1779777905.196,0x200,8,9C 64 03 D9 5B 26 E4 AE,fuel=100.00
1779777905.336,0x300,8,02 70 BB D9 D0 64 ED 8E,temp=42.00
1779777905.388,0x100,8,00 3E 3D 88 80 E4 E1 F5,speed=0.00
1779777905.507,0x200,8,1C 64 6B 14 7B BD 39 EC,fuel=100.00
1779777905.603,0x300,8,02 8B 9C 7B F5 FA 4C 6A,temp=42.00
1779777905.710,0x100,8,00 81 2C 6B 70 F2 9D D6,speed=0.00
1779777905.795,0x200,8,AF 64 B4 C7 9F 18 3D C0,fuel=100.00
1779777905.905,0x300,8,02 89 47 26 FE 83 BE 2E,temp=42.00
1779777905.996,0x100,8,00 14 B1 35 FB 74 6C D0,speed=0.00
1779777906.054,0x200,8,9E 64 E6 66 AA D7 E5 C4,fuel=100.00
1779777906.162,0x300,8,02 F8 5F 65 59 58 35 CD,temp=42.00
1779777906.232,0x100,8,00 6C 48 7C 06 46 EB F8,speed=0.00
1779777906.345,0x200,8,1A 64 D0 0B 87 9B 63 85,fuel=100.00
1779777906.459,0x300,8,02 1B 3B 05 E0 EB 48 10,temp=42.00
1779777906.543,0x100,8,00 98 4B 80 AE FB 2B E3,speed=0.00
1779777906.604,0x200,8,4B 64 23 B3 E3 9B 7F AC,fuel=100.00
1779777906.736,0x300,8,02 BF EB C1 3B FE A9 E7,temp=42.00
1779777906.831,0x100,8,00 FB A8 9A 03 A1 F3 45,speed=0.00
1779777906.918,0x200,8,01 64 E5 7B 91 58 1E 77,fuel=100.00
1779777907.008,0x300,8,02 78 8E 24 D1 17 57 58,temp=42.00
1779777907.108,0x100,8,00 32 CA 4F 81 C5 0F AF,speed=0.00
1779777907.197,0x200,8,D8 64 2C 92 FF 99 A1 D4,fuel=100.00
1779777907.304,0x300,8,02 52 27 31 EF 90 4E BC,temp=42.00
1779777907.365,0x100,8,00 90 29 CF DB A0 C3 C4,speed=0.00
1779777907.459,0x200,8,1F 64 A8 47 65 B1 B0 8D,fuel=100.00
1779777907.558,0x300,8,02 C1 E7 FD 4C E4 AA A7,temp=42.00
1779777907.685,0x100,8,00 DE DF A7 9E 99 36 C4,speed=0.00
1779777907.752,0x200,8,0C 64 46 A3 0C 01 B4 68,fuel=100.00
1779777907.827,0x300,8,02 95 BC 39 2E 01 8A B6,temp=42.00
1779777907.950,0x100,8,00 18 09 90 A0 79 86 9D,speed=0.00
1779777908.031,0x200,8,82 64 BD 21 26 EF 3E 09,fuel=100.00
1779777908.144,0x300,8,02 20 B5 08 D3 7F C5 22,temp=42.00
1779777908.240,0x100,8,00 04 34 E7 7B AE 39 DB,speed=0.00
1779777908.327,0x200,8,29 64 1D 09 6E 0C 9B 68,fuel=100.00
1779777908.419,0x300,8,02 D4 36 56 A1 04 71 97,temp=42.00
1779777908.513,0x100,8,00 00 55 55 56 3D 48 B7,speed=0.00
1779777908.606,0x200,8,EC 64 45 70 99 2F A8 AF,fuel=100.00
1779777908.700,0x300,8,02 8F 42 41 60 56 A9 64,temp=42.00
1779777908.786,0x100,8,00 1E C5 91 51 55 3B BA,speed=0.00
1779777908.883,0x200,8,21 64 43 93 64 D6 D8 DD,fuel=100.00
1779777908.951,0x300,8,02 97 44 32 6D C2 CD 50,temp=42.00
1779777909.046,0x100,8,00 CF CC 7D 6B A3 35 A6,speed=0.00
1779777909.149,0x200,8,52 64 96 27 A2 82 AC D3,fuel=100.00
1779777909.260,0x300,8,02 CF 76 0C 7F FC D9 D3,temp=42.00
1779777909.371,0x100,8,00 A4 0E 20 35 45 18 5A,speed=0.00
1779777909.429,0x200,8,A1 64 B5 1A 8A D2 69 CA,fuel=100.00
1779777909.542,0x300,8,02 EE DA EC 78 BD AE 74,temp=42.00
1779777909.636,0x100,8,00 B9 D6 DF D5 FE 51 00,speed=0.00
1779777909.872,0x200,8,4A 64 3A 8A 7A A2 B2 36,fuel=100.00
1779777909.915,0x300,8,02 FA 4E 81 4C 5B 08 D0,temp=42.00
1779777910.004,0x100,8,00 75 4D BA 7F 23 05 71,speed=0.00
1779777910.119,0x200,8,DD 64 94 00 26 CC CE 69,fuel=100.00
1779777910.174,0x300,8,02 75 3E 3F C3 F4 91 72,temp=42.00
1779777910.302,0x100,8,00 5A 3F 93 D9 64 41 91,speed=0.00
1779777910.399,0x200,8,09 64 32 52 D7 1B E8 9E,fuel=100.00
1779777910.482,0x300,8,02 2E 2E 5E 2F 48 D1 57,temp=42.00
1779777910.590,0x100,8,00 33 71 A8 50 5E D4 6C,speed=0.00
1779777910.641,0x200,8,E7 64 0B 5C 0C 8F 11 91,fuel=100.00
1779777910.744,0x300,8,02 1D D6 63 3A A1 CD 18,temp=42.00
1779777910.847,0x100,8,00 78 63 6D B6 95 83 08,speed=0.00
1779777910.960,0x200,8,22 64 46 2C B0 1A 51 1D,fuel=100.00
1779777911.025,0x300,8,02 BA 52 C0 34 D7 8F C7,temp=42.00
1779777911.134,0x100,8,00 39 77 6D 50 0C 56 50,speed=0.00
1779777911.230,0x200,8,A1 64 CE D9 06 0C 07 7A,fuel=100.00
1779777911.311,0x300,8,02 F4 8A 3D 28 19 F5 26,temp=42.00
1779777911.436,0x100,8,00 BA 1E 1E 0F AB A2 0B,speed=0.00
1779777911.520,0x200,8,0C 64 77 6A 0B FE EB F8,fuel=100.00
1779777911.592,0x300,8,02 A3 3A 49 62 B9 C4 06,temp=42.00
1779777911.735,0x100,8,00 A0 7B 23 20 F8 DD 9F,speed=0.00
1779777911.819,0x200,8,7E 64 DA 95 A5 DB 26 BA,fuel=100.00
1779777911.895,0x300,8,02 89 07 26 BA B8 7A 12,temp=42.00
1779777911.960,0x100,8,00 21 33 67 A9 F1 FC 48,speed=0.00
1779777912.071,0x200,8,D6 64 E9 30 D2 71 C4 7F,fuel=100.00
1779777912.170,0x300,8,02 A9 FE AE 60 C8 D8 D5,temp=42.00
1779777912.234,0x100,8,00 7B 69 F1 1D 07 3A E8,speed=0.00
1779777912.327,0x200,8,87 64 CE 0E B8 0B BF 05,fuel=100.00
1779777912.451,0x300,8,02 C5 C0 B3 90 B0 C9 FD,temp=42.00
1779777912.539,0x100,8,00 42 63 3C 9F 56 49 5C,speed=0.00
1779777912.646,0x200,8,F4 64 B8 09 E7 80 20 EB,fuel=100.00
1779777912.729,0x300,8,02 BD 7F D9 CB 31 68 9E,temp=42.00
1779777912.822,0x100,8,00 8B 2E 1D 77 DA B4 A3,speed=0.00
1779777912.908,0x200,8,F4 64 72 D1 B3 F9 05 39,fuel=100.00
1779777912.987,0x300,8,02 B4 43 B3 64 30 01 6A,temp=42.00
1779777913.074,0x100,8,00 A4 4B A5 80 2A E8 9B,speed=0.00
1779777913.191,0x200,8,70 64 31 81 DE 2C 09 BE,fuel=100.00
1779777913.311,0x300,8,02 E2 BF DE 01 6C 05 AB,temp=42.00
1779777913.376,0x100,8,00 9C 08 77 13 97 83 2B,speed=0.00
1779777913.470,0x200,8,63 64 72 29 B9 CB 88 38,fuel=100.00
1779777913.578,0x300,8,02 13 B2 B3 3E B2 F5 D0,temp=42.00
1779777913.646,0x100,8,00 B8 1D 2E C2 15 74 DB,speed=0.00
1779777913.741,0x200,8,C4 64 F3 AA 93 AE ED C7,fuel=100.00
1779777913.838,0x300,8,02 7F 60 96 74 9B 00 EF,temp=42.00
1779777913.936,0x100,8,00 80 28 58 AE 8E 00 DC,speed=0.00
1779777914.035,0x200,8,C9 64 86 BF 7E 4B 89 0C,fuel=100.00
1779777914.118,0x300,8,02 97 25 9B 91 D9 C0 18,temp=42.00
1779777914.254,0x100,8,00 A6 48 DE CF 76 A5 48,speed=0.00
1779777914.318,0x200,8,47 64 DB 00 E5 AA E8 EC,fuel=100.00
1779777914.391,0x300,8,02 5B E2 A7 B8 E3 FD 28,temp=42.00
1779777914.489,0x100,8,00 9C C4 E8 53 CF 43 CF,speed=0.00
1779777914.623,0x200,8,D2 64 E7 A4 34 CF F1 AC,fuel=100.00
1779777914.690,0x300,8,02 64 97 66 04 66 5E C6,temp=42.00
1779777914.800,0x100,8,00 1B 12 C0 67 E3 FB 28,speed=0.00
1779777914.870,0x200,8,23 64 F7 4B 47 17 F6 79,fuel=100.00
1779777914.988,0x300,8,02 79 B8 A2 3A 55 80 42,temp=42.00
1779777915.052,0x100,8,00 24 0F F8 31 B6 70 DC,speed=0.00
1779777915.165,0x200,8,CE 64 20 8E DF 04 52 25,fuel=100.00
1779777915.238,0x300,8,02 31 24 92 4A 96 E8 38,temp=42.00
1779777915.359,0x100,8,00 1C 39 BA 78 1F 92 07,speed=0.00
1779777915.426,0x200,8,1A 64 37 C8 C6 5F 94 D6,fuel=100.00
1779777915.542,0x300,8,02 A3 4F 35 95 99 37 66,temp=42.00
1779777915.608,0x100,8,00 35 83 2A F6 7B 90 C8,speed=0.00
1779777915.710,0x200,8,90 64 6C 7D CA 72 D7 B4,fuel=100.00
1779777915.811,0x300,8,02 0C B0 2B E4 8E 7D A0,temp=42.00
1779777915.885,0x100,8,00 9A 71 83 1F E7 BB C8,speed=0.00
1779777915.998,0x200,8,A4 64 99 42 A3 97 D5 7A,fuel=100.00
1779777916.100,0x300,8,02 FA BB 46 73 99 F9 9D,temp=42.00
1779777916.167,0x100,8,00 F9 54 98 E8 A9 91 9B,speed=0.00
1779777916.281,0x200,8,84 64 CF CA 83 3B 4C 0A,fuel=100.00
1779777916.395,0x300,8,02 FF D9 96 D8 B6 9A FA,temp=42.00
1779777916.463,0x100,8,00 F6 E0 4E F0 24 55 26,speed=0.00
1779777916.579,0x200,8,09 64 05 C0 C7 A0 3D 9F,fuel=100.00
1779777916.640,0x300,8,02 7E 13 A7 A3 09 DC CB,temp=42.00
1779777916.759,0x100,8,00 46 38 72 D1 AC 2C 38,speed=0.00
1779777916.824,0x200,8,84 64 B7 D7 BC 65 39 3E,fuel=100.00
1779777916.939,0x300,8,02 6D 2D DC 87 44 C3 28,temp=42.00
1779777917.019,0x100,8,00 91 F0 2A 0D 3C 73 69,speed=0.00
1779777917.115,0x200,8,59 64 D9 1A 1F DC FD 4D,fuel=100.00
1779777917.225,0x300,8,02 9E 98 35 3E 7C 00 10,temp=42.00
1779777917.331,0x100,8,00 9C 05 0A 86 4C 17 D6,speed=0.00
1779777917.394,0x200,8,4D 64 8F 77 B4 E8 42 1C,fuel=100.00
1779777917.508,0x300,8,02 0E 75 2E 08 A5 4D 45,temp=42.00
1779777917.613,0x100,8,00 95 17 AE E6 1B 58 DF,speed=0.00
1779777917.756,0x200,8,FF 64 78 45 CC AC 39 20,fuel=100.00
1779777917.814,0x300,8,02 0D FA 4D C4 17 5D 6A,temp=42.00
1779777917.913,0x100,8,00 2F 7B 7D 34 54 93 81,speed=0.00
1779777917.973,0x200,8,D6 64 5C 02 49 7B BF 26,fuel=100.00
1779777918.064,0x300,8,02 6B DE 1C 34 91 82 75,temp=42.00
1779777918.179,0x100,8,00 B9 D7 EE A7 89 2A 80,speed=0.00
1779777918.242,0x200,8,B3 64 D4 3C 21 58 FB ED,fuel=100.00
1779777918.369,0x300,8,02 F7 C7 EF 1E BB 7C 3C,temp=42.00
1779777918.474,0x100,8,00 AC B8 47 6C 42 9A DB,speed=0.00
1779777918.522,0x200,8,1E 64 6E 2F E7 37 A9 88,fuel=100.00
1779777918.604,0x300,8,02 66 79 F3 10 E4 13 EE,temp=42.00
1779777918.735,0x100,8,00 E2 C7 95 69 5B 3A AF,speed=0.00
1779777918.809,0x200,8,69 64 53 DC B2 F2 4F 43,fuel=100.00
1779777918.931,0x300,8,02 DA 8E 3A E3 65 A2 6B,temp=42.00
1779777918.990,0x100,8,00 12 9A FC 56 7E 3E ED,speed=0.00
1779777919.097,0x200,8,CE 64 0C B8 D8 76 32 ED,fuel=100.00
1779777919.216,0x300,8,02 F3 1D 16 3D 2D A5 95,temp=42.00
1779777919.279,0x100,8,00 0B 73 D2 63 3B B8 D7,speed=0.00
1779777919.420,0x200,8,B7 64 CF C1 C2 B7 AA F9,fuel=100.00
1779777919.498,0x300,8,02 60 E0 C2 FC EF CA 66,temp=42.00
1779777919.561,0x100,8,00 D1 D3 BA 78 B8 2E B1,speed=0.00
1779777919.690,0x200,8,85 64 85 F6 9C 83 36 13,fuel=100.00
1779777919.760,0x300,8,02 69 C3 E4 AA F7 CE 4B,temp=42.00
1779777919.834,0x100,8,00 11 81 45 9F E9 56 75,speed=0.00
1779777919.939,0x200,8,96 64 9B 59 8F 9B EC FB,fuel=100.00
1779777920.033,0x300,8,02 FB 09 8B 12 BF 3B DD,temp=42.00
1779777920.105,0x100,8,00 5A 29 F1 2A BB 0D 20,speed=0.00
1779777920.219,0x200,8,9F 64 B8 9A AE 2F 33 5C,fuel=100.00
1779777920.336,0x300,8,02 6D 03 2E 8F 46 3B 5C,temp=42.00
1779777920.406,0x100,8,00 2D 4E 2A 05 B4 16 BB,speed=0.00
1779777920.527,0x200,8,43 64 64 85 5C 43 78 6F,fuel=100.00
1779777920.610,0x300,8,02 62 E0 FF 7C 47 8F CC,temp=42.00
1779777920.678,0x100,8,00 0B BB F8 29 ED D6 B0,speed=0.00
1779777920.788,0x200,8,67 64 94 F9 7E 84 9C 74,fuel=100.00
1779777920.859,0x300,8,02 81 17 3D FB 4A 77 00,temp=42.00
1779777920.986,0x100,8,00 29 1B B3 AD 22 C5 D9,speed=0.00
1779777921.096,0x200,8,A2 64 C5 23 4A 29 22 BA,fuel=100.00
1779777921.156,0x300,8,02 41 74 F7 7D 6A 6E C4,temp=42.00
1779777921.279,0x100,8,00 BC 81 CB E4 37 17 12,speed=0.00
1779777921.346,0x200,8,65 64 DD 16 14 FA 90 56,fuel=100.00
1779777921.471,0x300,8,02 03 6F 5C A0 F4 20 13,temp=42.00
1779777921.597,0x100,8,00 08 F6 EB D1 7D A2 36,speed=0.00
1779777921.710,0x200,8,AF 64 59 70 5A 11 03 66,fuel=100.00
1779777921.811,0x300,8,02 D6 00 DB B6 78 FF D5,temp=42.00
1779777921.948,0x100,8,00 9B 1D 17 8A 29 CE 05,speed=0.00
1779777922.000,0x200,8,F2 64 C1 84 5B EC BA 64,fuel=100.00
1779777922.116,0x300,8,02 68 32 D9 C9 1A 0A 12,temp=42.00
1779777922.189,0x100,8,00 52 39 F6 09 B5 2C FD,speed=0.00
1779777922.277,0x200,8,3D 64 F5 5A D4 86 DE 82,fuel=100.00
1779777922.374,0x300,8,02 D4 8C D3 DA D1 E1 4A,temp=42.00
1779777922.481,0x100,8,00 B7 0B 76 C8 81 83 9C,speed=0.00
1779777922.548,0x200,8,A1 64 2F 0E 35 DD CF 94,fuel=100.00
1779777922.648,0x300,8,02 2A 81 9A 8C 62 7A A2,temp=42.00
1779777922.751,0x100,8,00 17 48 79 44 25 8A CF,speed=0.00
1779777922.848,0x200,8,B1 64 4B 89 7B 50 1A 98,fuel=100.00
1779777922.925,0x300,8,02 04 B4 BA 7A C8 2C 97,temp=42.00
1779777923.061,0x100,8,00 9F 92 23 C0 A1 9F 22,speed=0.00
1779777923.126,0x200,8,61 64 51 7F 18 79 6E 2F,fuel=100.00
1779777923.231,0x300,8,02 54 6E EC E4 88 7D D7,temp=42.00
1779777923.306,0x100,8,00 48 04 25 39 10 56 18,speed=0.00
1779777923.399,0x200,8,C0 64 8D 0B 72 45 B0 93,fuel=100.00
1779777923.502,0x300,8,02 1B D1 8E DA 2A 6D 25,temp=42.00
1779777923.623,0x100,8,00 B4 3B 2A 19 80 0C B8,speed=0.00
1779777923.693,0x200,8,74 64 5B 45 A8 BB 60 BF,fuel=100.00
1779777923.819,0x300,8,02 6F 95 F0 DF 22 57 81,temp=42.00
1779777923.892,0x100,8,00 07 14 DD 78 86 D2 1C,speed=0.00
1779777923.965,0x200,8,F9 64 14 D6 7F 9E 9B 65,fuel=100.00
1779777924.094,0x300,8,02 C9 C8 C6 B0 86 85 7F,temp=42.00
1779777924.157,0x100,8,00 1C F3 54 F6 8D C9 4C,speed=0.00
1779777924.268,0x200,8,41 64 A8 47 FE 6C 48 1B,fuel=100.00
1779777924.328,0x300,8,02 DF C8 5A 18 67 9E AA,temp=42.00
1779777924.451,0x100,8,00 34 7A E3 73 41 C5 D5,speed=0.00
1779777924.522,0x200,8,53 64 EC C2 68 43 49 66,fuel=100.00
1779777924.680,0x300,8,02 48 03 17 81 BD 3F A4,temp=42.00
1779777924.727,0x100,8,00 B7 9D 2B 54 8D 67 3F,speed=0.00
1779777924.826,0x200,8,08 64 F9 F9 69 7C 85 87,fuel=100.00
1779777924.886,0x300,8,02 A9 DE 43 2D 72 1C FD,temp=42.00
1779777924.988,0x100,8,00 65 24 7F 7D 72 8E F3,speed=0.00
1779777925.088,0x200,8,A1 64 C9 0E DA 72 2C 3D,fuel=100.00
1779777925.201,0x300,8,02 30 C1 F6 9B F5 0D 54,temp=42.00
1779777925.267,0x100,8,00 26 68 C3 C7 40 3E B0,speed=0.00
1779777925.382,0x200,8,D2 64 0A 8C FF 0F 67 EA,fuel=100.00
1779777925.508,0x300,8,02 35 32 80 56 32 1B A1,temp=42.00
1779777925.589,0x100,8,00 08 A8 EB C8 E7 2D 4B,speed=0.00
1779777925.650,0x200,8,9A 64 9D 2D 1B 70 0F 69,fuel=100.00
1779777925.798,0x300,8,02 DB 96 12 08 2D D7 6A,temp=42.00
1779777925.891,0x100,8,00 01 15 BB D1 D6 9B A9,speed=0.00
1779777925.972,0x200,8,11 64 33 1B 8B 7E DA 3F,fuel=100.00
1779777926.031,0x300,8,02 63 66 F0 9D 74 D4 02,temp=42.00
1779777926.140,0x100,8,00 25 23 3E 02 DA 3E 72,speed=0.00
1779777926.234,0x200,8,55 64 71 41 AD 2B 5A F7,fuel=100.00
1779777926.311,0x300,8,02 A0 D2 F3 BD A5 D5 3A,temp=42.00
1779777926.418,0x100,8,00 FB 86 C2 D4 0B 8C 0E,speed=0.00
1779777926.485,0x200,8,E0 64 91 65 49 5E 56 BB,fuel=100.00
1779777926.609,0x300,8,02 AF 00 A8 6B 84 9A 9E,temp=42.00
1779777926.678,0x100,8,00 8D 94 0F 1A A9 8E E5,speed=0.00
1779777926.786,0x200,8,69 64 A3 2D 10 E8 9D 64,fuel=100.00
1779777926.933,0x300,8,02 7D 8B 1F 73 03 03 4F,temp=42.00
1779777926.967,0x100,8,00 8A FF 9F 93 72 5C A5,speed=0.00
1779777927.056,0x200,8,45 64 95 98 C4 12 6F 00,fuel=100.00
1779777927.148,0x300,8,02 23 97 A9 F8 01 3F 58,temp=42.00
1779777927.254,0x100,8,00 31 47 8E 75 78 86 9B,speed=0.00
1779777927.365,0x200,8,D3 64 E5 60 8C 49 53 8F,fuel=100.00
1779777927.433,0x300,8,02 86 E0 9B 94 FC E3 C0,temp=42.00
1779777927.544,0x100,8,00 78 83 C8 EF 3D 93 CC,speed=0.00
1779777927.612,0x200,8,46 64 E6 F2 F4 97 B5 88,fuel=100.00
1779777927.721,0x300,8,02 99 A1 F5 58 BA A8 B5,temp=42.00
1779777927.844,0x100,8,00 76 A2 60 F4 52 ED 0B,speed=0.00
1779777927.916,0x200,8,B1 64 50 26 BD 79 68 2D,fuel=100.00
1779777928.010,0x300,8,02 5B 58 40 8D CA 52 22,temp=42.00
1779777928.098,0x100,8,00 D0 B2 64 CB B5 17 43,speed=0.00
1779777928.206,0x200,8,63 64 0A 38 80 F4 77 3C,fuel=100.00
1779777928.292,0x300,8,02 9C 2B 71 BE 59 B3 99,temp=42.00
1779777928.377,0x100,8,00 F7 3B C5 99 89 67 55,speed=0.00
1779777928.493,0x200,8,C3 64 09 28 5D 8F 15 D5,fuel=100.00
1779777928.557,0x300,8,02 70 1E 82 64 E7 F0 C6,temp=42.00
1779777928.699,0x100,8,00 55 99 FB 5B DF 8D 44,speed=0.00
1779777928.743,0x200,8,F3 64 DA 9F 36 2F 94 FD,fuel=100.00
1779777928.848,0x300,8,02 98 9C 22 FE B1 89 80,temp=42.00
1779777929.008,0x100,8,00 C7 17 A5 B1 18 76 59,speed=0.00
1779777929.027,0x200,8,DB 64 C4 42 35 53 B1 41,fuel=100.00
1779777929.128,0x300,8,02 8D 3C BA E6 B5 B6 2C,temp=42.00
1779777929.204,0x100,8,00 E3 97 68 1A 50 BD 1A,speed=0.00
1779777929.330,0x200,8,F4 64 EE AA A0 92 68 F5,fuel=100.00
1779777929.391,0x300,8,02 57 52 7B 15 84 72 6B,temp=42.00
1779777929.512,0x100,8,00 AD BD A1 D1 9C 88 1B,speed=0.00
1779777929.600,0x200,8,24 64 42 44 41 A5 FE CA,fuel=100.00
1779777929.707,0x300,8,02 24 DB B6 26 95 F0 D7,temp=42.00
1779777929.798,0x100,8,00 B5 7E 50 09 D9 3E AA,speed=0.00
1779777929.901,0x200,8,D3 64 B0 8B BC AF B9 2A,fuel=100.00
1779777929.959,0x300,8,02 8F 09 91 A9 64 B7 FE,temp=42.00
1779777930.046,0x100,8,00 F8 F5 47 9E 6B 41 EB,speed=0.00
1779777930.143,0x200,8,7E 64 F1 06 7B 57 83 CE,fuel=100.00
1779777930.273,0x300,8,02 A6 AD 28 43 49 57 2B,temp=42.00
1779777930.336,0x100,8,00 08 87 AD 33 F7 FE 8B,speed=0.00
1779777930.465,0x200,8,C6 64 28 CA D9 0C 58 B7,fuel=100.00
1779777930.553,0x300,8,02 89 DD 7B 78 8B 1F CE,temp=42.00
1779777930.611,0x100,8,00 7D D9 3B 3C 2D 68 2B,speed=0.00
1779777930.733,0x200,8,E4 64 57 53 B6 39 98 CD,fuel=100.00
1779777930.861,0x300,8,02 0B 27 D6 0D 2B 6C 06,temp=42.00
1779777930.980,0x100,8,00 F9 FA CC BA 63 9C E6,speed=0.00
1779777931.099,0x200,8,82 64 15 31 40 67 BB 16,fuel=100.00
1779777931.212,0x300,8,02 44 A5 4D A1 E2 3E 5F,temp=42.00
1779777931.290,0x100,8,00 AF 51 4A BA D9 BE A1,speed=0.00
1779777931.358,0x200,8,28 64 5B 5C 1B 97 19 09,fuel=100.00
1779777931.499,0x300,8,02 4B 9F 40 3F CA 84 13,temp=42.00
1779777931.621,0x100,8,00 22 62 7C 28 04 E8 8E,speed=0.00
1779777931.642,0x200,8,66 64 DE D3 5F 51 16 1A,fuel=100.00
1779777931.774,0x300,8,02 4B 7D AB 46 DF 2E 33,temp=42.00
1779777931.829,0x100,8,00 1B 24 A4 DC 06 08 28,speed=0.00
1779777931.921,0x200,8,99 64 0A 44 EC F8 76 25,fuel=100.00
1779777932.028,0x300,8,02 C6 44 C6 B8 6C 37 3C,temp=42.00
1779777932.117,0x100,8,00 77 2A 35 D1 2D D1 6D,speed=0.00
1779777932.203,0x200,8,15 64 84 97 22 C9 58 D6,fuel=100.00
1779777932.303,0x300,8,02 41 E5 E3 2A 6B D9 7D,temp=42.00
1779777932.392,0x100,8,00 C2 D5 EE A4 BF 15 E8,speed=0.00
1779777932.488,0x200,8,52 64 E7 19 C1 EB 1A 8A,fuel=100.00
1779777932.575,0x300,8,02 76 D8 71 0E 9D 3C 65,temp=42.00
1779777932.671,0x100,8,00 34 6B 23 28 F3 63 7A,speed=0.00
1779777932.771,0x200,8,1C 64 D0 F0 1F 31 6B 5A,fuel=100.00
1779777932.867,0x300,8,02 25 BC 97 51 09 6B F2,temp=42.00
1779777932.955,0x100,8,00 3D C2 B7 0D D6 6F 0D,speed=0.00
1779777933.056,0x200,8,52 64 BE 64 82 62 93 CE,fuel=100.00
1779777933.190,0x300,8,02 05 52 57 00 2F 4D 1D,temp=42.00
1779777933.270,0x100,8,00 02 98 73 08 C2 1B 6F,speed=0.00
1779777933.338,0x200,8,EB 64 AB ED 19 80 38 B2,fuel=100.00
1779777933.437,0x300,8,02 6A A2 1F 34 C9 5D 93,temp=42.00
1779777933.538,0x100,8,00 E4 E5 90 11 A8 06 A1,speed=0.00
1779777933.623,0x200,8,7A 64 E0 06 C4 11 1F C7,fuel=100.00
1779777933.729,0x300,8,02 EA 97 DD 18 5C 0C E0,temp=42.00
1779777933.820,0x100,8,00 62 2E DC 7A 76 15 6B,speed=0.00
1779777933.916,0x200,8,2E 64 20 37 2C 16 01 F1,fuel=100.00
1779777934.003,0x300,8,02 87 7F CC B2 F5 00 D2,temp=42.00
1779777934.105,0x100,8,00 91 98 C6 8C 87 33 B6,speed=0.00
1779777934.187,0x200,8,9A 64 AD 25 CE 17 64 F4,fuel=100.00
1779777934.288,0x300,8,02 EC 60 B1 0C 77 84 74,temp=42.00
1779777934.378,0x100,8,00 F3 BE 6B 59 B3 FB 0F,speed=0.00
1779777934.470,0x200,8,70 64 FC 61 C5 66 00 08,fuel=100.00
1779777934.559,0x300,8,02 CA 54 CB DB 79 4B 5E,temp=42.00
1779777934.660,0x100,8,00 0F A6 49 02 22 0A E2,speed=0.00
1779777934.749,0x200,8,C1 64 9C DB 24 BE 06 C5,fuel=100.00
1779777934.841,0x300,8,02 EF 29 19 48 E0 F1 02,temp=42.00
1779777934.939,0x100,8,00 58 5F 28 B3 89 F1 7A,speed=0.00
1779777935.043,0x200,8,8D 64 AF B9 63 4E 9B DF,fuel=100.00
1779777935.133,0x300,8,02 ED 90 BD A8 06 AF 4A,temp=42.00
1779777935.222,0x100,8,00 20 32 DE 0B 32 33 EF,speed=0.00
1779777935.320,0x200,8,A0 64 CF F9 2B 01 3B D6,fuel=100.00
1779777935.405,0x300,8,02 6A 96 A6 47 87 5F B6,temp=42.00
1779777935.521,0x100,8,00 FF 85 9E D2 AD 35 CF,speed=0.00
1779777935.592,0x200,8,E3 64 AC CB 4D 9D 7C 6C,fuel=100.00
1779777935.688,0x300,8,02 7A 1C 05 61 CC D3 86,temp=42.00
1779777935.780,0x100,8,00 C0 59 54 16 31 49 16,speed=0.00
1779777935.908,0x200,8,E6 64 D3 DF 8F 7C A0 6E,fuel=100.00
1779777935.995,0x300,8,02 3D CD 32 BD BE 4B 9F,temp=42.00
1779777936.069,0x100,8,00 71 D0 4D 30 0D 42 79,speed=0.00
1779777936.163,0x200,8,E2 64 21 FD 96 23 A8 10,fuel=100.00
1779777936.267,0x300,8,02 88 BC 04 14 8A 62 83,temp=42.00
1779777936.344,0x100,8,00 2C 3B AC E3 77 31 04,speed=0.00
1779777936.437,0x200,8,FA 64 24 93 26 A4 9D 0B,fuel=100.00
1779777936.530,0x300,8,02 29 C4 7B EA 31 7E 53,temp=42.00
1779777936.626,0x100,8,00 D5 1E 21 1B 63 D1 DD,speed=0.00
1779777936.723,0x200,8,5D 64 7D 4C 24 59 C5 2A,fuel=100.00
1779777936.812,0x300,8,02 61 45 40 55 90 66 12,temp=42.00
1779777936.914,0x100,8,00 D1 81 D2 51 6C 85 09,speed=0.00
1779777937.031,0x200,8,E5 64 0C 9F 5A 57 CF FA,fuel=100.00
1779777937.088,0x300,8,02 EC 8F 88 DA E7 F1 B3,temp=42.00
1779777937.181,0x100,8,00 69 C4 CC 17 E7 A6 56,speed=0.00
1779777937.283,0x200,8,83 64 50 D8 AA 45 1A 82,fuel=100.00
1779777937.372,0x300,8,02 74 25 F2 58 86 D4 FD,temp=42.00
1779777937.474,0x100,8,00 D3 3D 68 DC 8D D9 58,speed=0.00
1779777937.571,0x200,8,30 64 83 2E C9 74 7F DB,fuel=100.00
1779777937.654,0x300,8,02 90 D5 C7 F7 C6 1F 4E,temp=42.00
1779777937.754,0x100,8,00 83 14 A8 97 BE ED 2C,speed=0.00
1779777937.847,0x200,8,E4 64 60 F0 15 17 2D E8,fuel=100.00
1779777937.940,0x300,8,02 A2 89 1F 6B CE FF 46,temp=42.00
1779777938.047,0x100,8,00 7C D7 8F 14 C8 DE 79,speed=0.00
1779777938.138,0x200,8,25 64 64 EF DF A6 87 18,fuel=100.00
1779777938.218,0x300,8,02 52 57 44 CE B6 E5 F4,temp=42.00
1779777938.309,0x100,8,00 F1 D4 A1 0D 3D 65 58,speed=0.00
1779777938.405,0x200,8,81 64 39 BF 47 80 87 08,fuel=100.00
1779777938.506,0x300,8,02 3F 9E AF 40 31 07 B3,temp=42.00
1779777938.593,0x100,8,00 59 A6 57 B4 17 3D E6,speed=0.00
1779777938.687,0x200,8,20 64 AA 51 E6 D9 9C 5D,fuel=100.00
1779777938.791,0x300,8,02 15 A9 BA 9F 92 06 C5,temp=42.00
1779777938.872,0x100,8,00 CB 7E AF 08 36 63 21,speed=0.00
1779777938.965,0x200,8,18 64 29 1C 8A C6 3C 7F,fuel=100.00
1779777939.071,0x300,8,02 94 E2 BD 1D 8D 34 97,temp=42.00
1779777939.154,0x100,8,00 21 FF 1C 7D B4 9F 37,speed=0.00
1779777939.254,0x200,8,14 64 CC B1 DA 90 5B F5,fuel=100.00
1779777939.339,0x300,8,02 D2 7D 79 20 7C 3F 4C,temp=42.00
1779777939.443,0x100,8,00 F2 DE 6B 95 B5 DE DD,speed=0.00
1779777939.537,0x200,8,74 64 FF F5 24 AC B3 B3,fuel=100.00
1779777939.621,0x300,8,02 EB B0 16 95 24 7C F1,temp=42.00
1779777939.720,0x100,8,00 20 2F 9D 0F A4 AB ED,speed=0.00
1779777939.821,0x200,8,08 64 1E 61 E0 D2 82 D3,fuel=100.00
1779777939.904,0x300,8,02 F8 75 0F 67 CE BA 1C,temp=42.00
1779777940.001,0x100,8,00 A1 EF BC 27 E2 5B 5A,speed=0.00
1779777940.097,0x200,8,91 64 D3 B4 17 CA 78 85,fuel=100.00
1779777940.186,0x300,8,02 00 47 48 D3 6D 8F 9F,temp=42.00
1779777940.287,0x100,8,00 5E A4 A1 3E C0 3F 93,speed=0.00
1779777940.370,0x200,8,82 64 4D 63 4D 8D 57 8F,fuel=100.00
1779777940.471,0x300,8,02 72 73 13 F1 AB 18 52,temp=42.00
1779777940.570,0x100,8,00 DD DD BA 16 C0 61 11,speed=0.00
1779777940.657,0x200,8,54 64 65 37 EF 1B 8A 5E,fuel=100.00
1779777940.754,0x300,8,02 23 35 64 5B 68 C9 75,temp=42.00
1779777940.837,0x100,8,00 95 8B 6B AD F8 C1 2C,speed=0.00
1779777940.938,0x200,8,7D 64 ED FD A9 18 24 43,fuel=100.00
1779777941.026,0x300,8,02 12 24 04 E5 F5 CB BA,temp=42.00
1779777941.121,0x100,8,00 D3 3B 0A B1 55 49 CC,speed=0.00
1779777941.212,0x200,8,A3 64 B9 12 98 D5 14 AD,fuel=100.00
1779777941.309,0x300,8,02 DB DA C6 C9 ED FE 88,temp=42.00
1779777941.403,0x100,8,00 34 93 BB B6 AF F9 1B,speed=0.00
1779777941.501,0x200,8,42 64 1E 28 2F 6C E0 50,fuel=100.00
1779777941.590,0x300,8,02 1C D9 68 CA E6 0C 5F,temp=42.00
1779777941.688,0x100,8,00 B4 40 9C D1 B5 3E 69,speed=0.00
1779777941.787,0x200,8,52 64 04 87 99 92 A5 73,fuel=100.00
1779777941.896,0x300,8,02 ED CD 98 DE F1 AD 48,temp=42.00
1779777941.983,0x100,8,00 0C B8 5A E9 4C A6 3E,speed=0.00
1779777942.071,0x200,8,2F 64 C4 7B 14 A7 F8 E7,fuel=100.00
1779777942.184,0x300,8,02 D1 F8 13 1F 44 C1 1F,temp=42.00
1779777942.254,0x100,8,00 94 8D BD B1 3F A7 EE,speed=0.00
1779777942.338,0x200,8,55 64 42 74 B6 EF 6E AF,fuel=100.00
1779777942.440,0x300,8,02 67 5B 2A B3 6A BC F7,temp=42.00
1779777942.560,0x100,8,00 FD 3B AD C6 47 4A C4,speed=0.00
1779777942.618,0x200,8,80 64 BD CC 38 ED F1 50,fuel=100.00
1779777942.720,0x300,8,02 73 02 03 6D 9C 3D 8D,temp=42.00
1779777942.821,0x100,8,00 D7 3B BF 95 8B AD 8D,speed=0.00
1779777942.910,0x200,8,A6 64 0F 57 99 CF 1F 5D,fuel=100.00
1779777943.004,0x300,8,02 3C B2 16 39 0B E5 59,temp=42.00
1779777943.089,0x100,8,00 8E 4E 6C 8B B5 C1 A6,speed=0.00
1779777943.188,0x200,8,47 64 33 A7 74 6D D3 62,fuel=100.00
1779777943.287,0x300,8,02 CE AB 5F 00 0A 9C 38,temp=42.00
1779777943.370,0x100,8,00 0C B6 5C C0 52 4F B1,speed=0.00
1779777943.481,0x200,8,5E 64 3A E1 F7 0E D0 91,fuel=100.00
1779777943.571,0x300,8,02 36 D4 D5 E7 92 4F 00,temp=42.00
1779777943.657,0x100,8,00 A1 1F 24 2C B1 81 EA,speed=0.00
1779777943.754,0x200,8,D2 64 CC 1E 85 5D 52 AE,fuel=100.00
1779777943.844,0x300,8,02 65 31 9F E0 00 F3 94,temp=42.00
1779777943.930,0x100,8,00 5C C2 54 9B 9D 9F 35,speed=0.00
1779777944.038,0x200,8,96 64 13 18 C9 94 FB CD,fuel=100.00
1779777944.118,0x300,8,02 4A DD 68 BA 9D 0A 9B,temp=42.00
1779777944.222,0x100,8,00 8E F1 AC C0 53 0F B9,speed=0.00
1779777944.321,0x200,8,57 64 33 CC EB 26 F6 3C,fuel=100.00
1779777944.400,0x300,8,02 26 3A 13 64 09 08 F9,temp=42.00
1779777944.522,0x100,8,00 2B E5 0A 68 3F 7E 9A,speed=0.00
1779777944.588,0x200,8,27 64 38 10 49 A5 3F 25,fuel=100.00
1779777944.700,0x300,8,02 F4 AB 0A 99 95 60 E2,temp=42.00
1779777944.787,0x100,8,00 3C 6D CA 4D E9 F5 5F,speed=0.00
1779777944.874,0x200,8,8A 64 BD D3 06 B2 92 62,fuel=100.00
1779777944.972,0x300,8,02 DA 2F 81 72 A2 20 B3,temp=42.00
1779777945.071,0x100,8,00 C7 5A 96 E9 75 B4 9E,speed=0.00
1779777945.154,0x200,8,D7 64 30 4E 8F 6A 17 17,fuel=100.00
1779777945.247,0x300,8,02 1B AD 26 48 2C 56 1C,temp=42.00
1779777945.339,0x100,8,00 AC FB 9F 02 38 F8 28,speed=0.00
1779777945.437,0x200,8,4B 64 01 95 13 45 AC 7E,fuel=100.00
1779777945.537,0x300,8,02 F0 CF 00 80 C8 8F CA,temp=42.00
1779777945.630,0x100,8,00 42 1E 2F 34 D2 F3 A4,speed=0.00
1779777945.720,0x200,8,2F 64 26 4F D6 00 40 39,fuel=100.00
1779777945.806,0x300,8,02 5C 56 B9 60 27 95 AD,temp=42.00
1779777945.905,0x100,8,00 6E C3 27 E6 9B D0 E5,speed=0.00
1779777945.997,0x200,8,F3 64 08 73 41 0D B7 82,fuel=100.00
1779777946.094,0x300,8,02 A3 A8 58 90 F5 CF 5B,temp=42.00
1779777946.187,0x100,8,00 21 E7 EC E9 A7 EB 14,speed=0.00
1779777946.291,0x200,8,55 64 4A F2 60 6F 6C 85,fuel=100.00
1779777946.371,0x300,8,02 DA CD E9 F6 19 AF 10,temp=42.00
1779777946.476,0x100,8,00 33 56 5E 45 88 C7 2B,speed=0.00
1779777946.557,0x200,8,D6 64 8B 02 EB 30 BE 0B,fuel=100.00
1779777946.660,0x300,8,02 92 5E 8C AE A4 63 01,temp=42.00
1779777946.759,0x100,8,00 B6 B9 3D A2 5A 54 4E,speed=0.00
1779777946.841,0x200,8,67 64 82 F3 F4 9A 7F 89,fuel=100.00
1779777946.942,0x300,8,02 14 A6 28 C2 F9 4D CF,temp=42.00
1779777947.038,0x100,8,00 AC B4 1B 14 CD EB 00,speed=0.00
1779777947.120,0x200,8,C4 64 2C D8 94 FA D9 EF,fuel=100.00
1779777947.214,0x300,8,02 93 BD D4 D1 9B B2 66,temp=42.00
1779777947.308,0x100,8,00 F1 2D E2 F6 33 0C 4B,speed=0.00
1779777947.404,0x200,8,D2 64 38 A0 A7 DE B1 39,fuel=100.00
1779777947.504,0x300,8,02 AB CF 61 8B E8 AE A9,temp=42.00
1779777947.592,0x100,8,00 4C 50 16 C8 34 05 44,speed=0.00
1779777947.687,0x200,8,D5 64 A7 44 F4 74 28 55,fuel=100.00
1779777947.788,0x300,8,02 A7 2A 03 D8 46 05 8B,temp=42.00
1779777947.877,0x100,8,00 0A 0D 51 DA E9 CD FE,speed=0.00
1779777947.988,0x200,8,6A 64 CB E8 A5 2A 1A F2,fuel=100.00
1779777948.058,0x300,8,02 33 30 B1 70 E2 1F 14,temp=42.00
1779777948.166,0x100,8,00 40 E5 7F 7D 01 5B 8D,speed=0.00
1779777948.253,0x200,8,88 64 0E A1 21 CA 9E A4,fuel=100.00
1779777948.346,0x300,8,02 7D 24 D3 65 2A 79 5A,temp=42.00
1779777948.437,0x100,8,00 01 89 F7 0C F6 DA A8,speed=0.00
1779777948.526,0x200,8,73 64 D4 AE 38 A4 45 04,fuel=100.00
1779777948.621,0x300,8,02 D6 26 CE 6B F4 78 CA,temp=42.00
1779777948.721,0x100,8,00 81 33 F1 07 4A 2A 6E,speed=0.00
1779777948.820,0x200,8,AE 64 4F 34 C7 65 52 27,fuel=100.00
1779777948.904,0x300,8,02 EB 7E CF 35 2A CE 8F,temp=42.00
1779777949.004,0x100,8,00 2E E3 85 AB 15 BC A8,speed=0.00
1779777949.103,0x200,8,A7 64 DD A4 0C 05 69 0D,fuel=100.00
1779777949.188,0x300,8,02 53 8A 6D 85 C7 90 65,temp=42.00
1779777949.274,0x100,8,00 BE 18 9C 38 B0 88 9F,speed=0.00
1779777949.377,0x200,8,CD 64 BD AD 3B C5 E9 23,fuel=100.00
1779777949.470,0x300,8,02 03 8E 55 D1 7C 19 62,temp=42.00
1779777949.570,0x100,8,00 75 56 1D 19 C6 75 A7,speed=0.00
1779777949.655,0x200,8,20 64 78 B0 03 2D 58 41,fuel=100.00
1779777949.754,0x300,8,02 0B EC 92 87 4A 6F 43,temp=42.00
1779777949.838,0x100,8,00 49 E2 EB A8 B2 B4 F1,speed=0.00
1779777949.937,0x200,8,13 64 F0 0E 12 EE 93 F0,fuel=100.00
1779777950.038,0x300,8,02 0B 5F EB 4C E9 32 CF,temp=42.00
1779777950.124,0x100,8,00 E0 03 C6 05 75 F0 54,speed=0.00
1779777950.221,0x200,8,A1 64 B0 74 D7 DE 40 FC,fuel=100.00
1779777950.321,0x300,8,02 0B 97 EE A7 EF 2E 80,temp=42.00
1779777950.406,0x100,8,00 B7 35 D3 1A 2D D1 47,speed=0.00
1779777950.493,0x200,8,29 64 FC A2 1D 96 89 1D,fuel=100.00
1779777950.587,0x300,8,02 F2 DA 7B D6 6F 7E D7,temp=42.00
1779777950.687,0x100,8,00 5D C2 39 D2 62 9B 9E,speed=0.00
1779777950.787,0x200,8,B1 64 2C C8 12 85 8B 7D,fuel=100.00
1779777950.874,0x300,8,02 36 15 52 3B 45 43 83,temp=42.00
1779777950.971,0x100,8,00 B3 AF 5A 6B 41 6E B6,speed=0.00
1779777951.063,0x200,8,10 64 93 7B 5E EA AF FD,fuel=100.00
1779777951.155,0x300,8,02 FF 23 B8 54 1A 8A E6,temp=42.00
1779777951.253,0x100,8,00 34 53 E9 63 DC 28 EA,speed=0.00
1779777951.343,0x200,8,3F 64 2B 99 64 CE BE 1E,fuel=100.00
1779777951.437,0x300,8,02 0E 8E F5 85 94 A5 F3,temp=42.00
1779777951.538,0x100,8,00 E3 86 CD EE BB D6 43,speed=0.00
1779777951.620,0x200,8,00 64 89 9D EE BC 96 10,fuel=100.00
1779777951.726,0x300,8,02 F5 BD D9 ED CC 76 08,temp=42.00
1779777951.820,0x100,8,00 A3 06 AC A4 CD 7B 88,speed=0.00
1779777951.905,0x200,8,7A 64 57 C8 B2 C9 70 5C,fuel=100.00
1779777952.006,0x300,8,02 82 4A D3 8A 37 8A 6A,temp=42.00
1779777952.118,0x100,8,00 14 5C 3A 21 E7 B6 A8,speed=0.00
1779777952.191,0x200,8,55 64 E0 54 4C F4 BE A3,fuel=100.00
1779777952.291,0x300,8,02 D5 2E EE CD 49 EF 19,temp=42.00
1779777952.371,0x100,8,00 30 D0 34 48 B6 2A DB,speed=0.00
1779777952.470,0x200,8,96 64 0B 07 48 23 1C FE,fuel=100.00
1779777952.558,0x300,8,02 EF FF F1 72 95 26 F3,temp=42.00
1779777952.665,0x100,8,00 59 F9 B9 A3 9E E7 5C,speed=0.00
1779777952.749,0x200,8,54 64 25 E4 23 76 FD 2F,fuel=100.00
1779777952.857,0x300,8,02 5A B7 14 28 65 31 EF,temp=42.00
1779777952.936,0x100,8,00 6D E0 85 66 89 F0 D1,speed=0.00
1779777953.056,0x200,8,C4 64 C9 47 40 59 DB D4,fuel=100.00
1779777953.121,0x300,8,02 2E FC 45 91 BB 44 B2,temp=42.00
1779777953.227,0x100,8,00 25 CC 0F 42 6F D9 D2,speed=0.00
1779777953.322,0x200,8,DB 64 C5 F9 DE 77 27 27,fuel=100.00
1779777953.404,0x300,8,02 2B 1D 08 D2 6E 1A 36,temp=42.00
1779777953.510,0x100,8,00 39 77 66 E3 26 9C E8,speed=0.00
1779777953.587,0x200,8,72 64 68 D0 DC 41 6C 09,fuel=100.00
1779777953.687,0x300,8,02 D4 4B 53 1B 4B 76 C8,temp=42.00
1779777953.780,0x100,8,00 AA 17 82 79 D3 B9 BF,speed=0.00
1779777953.892,0x200,8,2D 64 8D 7E 61 D1 EF EA,fuel=100.00
1779777953.975,0x300,8,02 2C DB C9 C8 CA AC E5,temp=42.00
1779777954.058,0x100,8,00 88 E6 81 B7 D8 54 EF,speed=0.00
1779777954.152,0x200,8,BB 64 D2 C8 B0 C5 7F 5B,fuel=100.00
1779777954.263,0x300,8,02 7F 4E 46 1E 60 B4 F8,temp=42.00
1779777954.338,0x100,8,00 DD 56 37 CA 34 9F DD,speed=0.00
1779777954.443,0x200,8,E9 64 34 DD 2D 7A 25 06,fuel=100.00
1779777954.524,0x300,8,02 D0 28 48 E2 57 D1 42,temp=42.00
1779777954.621,0x100,8,00 4C 9E 36 EC F7 05 16,speed=0.00
1779777954.722,0x200,8,F4 64 7B 58 06 7A 21 E6,fuel=100.00
1779777954.821,0x300,8,02 B3 1D 17 71 9C 72 CE,temp=42.00
1779777954.910,0x100,8,00 BC 8F E0 76 7D 4D 3F,speed=0.00
1779777955.004,0x200,8,90 64 89 8D BA 02 1C DD,fuel=100.00
1779777955.098,0x300,8,02 47 99 19 AC 16 D7 EB,temp=42.00
1779777955.180,0x100,8,00 F5 BC 44 4B 9C 99 A3,speed=0.00
1779777955.276,0x200,8,B2 64 66 CE 38 A5 0E 3E,fuel=100.00
1779777955.371,0x300,8,02 69 EE D2 BA 92 BE CE,temp=42.00
1779777955.470,0x100,8,00 20 95 A2 04 16 6D 26,speed=0.00
1779777955.570,0x200,8,12 64 0E E8 1B EA 40 F8,fuel=100.00
1779777955.653,0x300,8,02 6B 2B 1B DF 63 A0 97,temp=42.00
1779777955.754,0x100,8,00 1C 0C E2 06 EB 21 1D,speed=0.00
1779777955.840,0x200,8,FC 64 C2 E3 65 19 28 42,fuel=100.00
1779777955.937,0x300,8,02 17 EA 41 9D D9 D6 1D,temp=42.00
1779777956.037,0x100,8,00 11 65 37 4D CF 43 D4,speed=0.00
1779777956.118,0x200,8,AB 64 4D C5 83 44 36 A6,fuel=100.00
1779777956.221,0x300,8,02 D7 CE F6 A6 52 9E 8E,temp=42.00
1779777956.321,0x100,8,00 75 1D 86 41 42 7A F3,speed=0.00
1779777956.405,0x200,8,FC 64 4F F3 C9 56 50 D2,fuel=100.00
1779777956.504,0x300,8,02 E1 59 19 79 B7 18 47,temp=42.00
1779777956.594,0x100,8,00 F1 0C 5A 15 65 A1 A3,speed=0.00
1779777956.687,0x200,8,9A 64 7D 3E BA 85 F2 B7,fuel=100.00
1779777956.777,0x300,8,02 5B CE 87 82 A3 C6 BD,temp=42.00
1779777956.869,0x100,8,00 74 81 D8 79 8C B4 69,speed=0.00
1779777956.974,0x200,8,22 64 BE FD F7 03 03 55,fuel=100.00
1779777957.059,0x300,8,02 23 5F CC 26 9F 4A BC,temp=42.00
1779777957.154,0x100,8,00 58 F1 21 22 C4 E5 5B,speed=0.00
1779777957.257,0x200,8,68 64 75 B3 60 3E 58 D7,fuel=100.00
1779777957.349,0x300,8,02 95 FF 85 B1 D3 0E 94,temp=42.00
1779777957.432,0x100,8,00 24 28 65 31 EB FB AE,speed=0.00
1779777957.530,0x200,8,D3 64 53 53 C9 47 A8 F3,fuel=100.00
1779777957.638,0x300,8,02 04 F3 53 87 4F C1 02,temp=42.00
1779777957.721,0x100,8,00 00 FF 2D 00 E7 7A 70,speed=0.00
1779777957.821,0x200,8,0B 64 A2 69 4D 65 7B CC,fuel=100.00
1779777957.905,0x300,8,02 55 2B 1F 5F 4E 60 9F,temp=42.00
1779777958.005,0x100,8,00 7C 2C 44 BA 47 47 43,speed=0.00
1779777958.093,0x200,8,9A 64 DE A0 0E A3 E6 7D,fuel=100.00
1779777958.187,0x300,8,02 EA 37 70 C1 DE A1 58,temp=42.00
1779777958.287,0x100,8,00 B3 3A E1 09 AE 9D 7E,speed=0.00
1779777958.371,0x200,8,AE 64 37 22 C4 2A 58 38,fuel=100.00
1779777958.470,0x300,8,02 A7 2C 06 D8 2E 71 04,temp=42.00
1779777958.560,0x100,8,00 BD C5 5E 2A DD 3A 44,speed=0.00
1779777958.657,0x200,8,00 64 6C FE 25 3D 62 87,fuel=100.00
1779777958.754,0x300,8,02 B1 42 72 F6 F1 93 40,temp=42.00
1779777958.843,0x100,8,00 5A 12 DC 16 68 08 84,speed=0.00
1779777958.931,0x200,8,C4 64 AD 44 75 EF BA B2,fuel=100.00
1779777959.046,0x300,8,02 3C A6 BE 33 41 07 70,temp=42.00
1779777959.121,0x100,8,00 D3 9F 80 25 EF DB 7D,speed=0.00
1779777959.224,0x200,8,79 64 F1 28 A8 75 E4 32,fuel=100.00
1779777959.320,0x300,8,02 3A F5 83 1C 3A 78 EB,temp=42.00
1779777959.403,0x100,8,00 6A 3A E8 FA 79 F6 2D,speed=0.00
1779777959.504,0x200,8,8B 64 DC 0A 4B 66 2C 8C,fuel=100.00
1779777959.590,0x300,8,02 92 6B 45 73 96 E4 46,temp=42.00
1779777959.687,0x100,8,00 EC 25 3E 60 0C B5 EF,speed=0.00
1779777959.779,0x200,8,C1 64 28 5C AB 6F A2 B2,fuel=100.00
1779777959.879,0x300,8,02 C2 44 94 77 16 0C D7,temp=42.00
1779777959.967,0x100,8,00 CB 25 9B 83 BC C4 9B,speed=0.00
1779777960.069,0x200,8,FA 64 48 E5 64 26 C9 6F,fuel=100.00
1779777960.154,0x300,8,02 F1 C3 EE 3D AA DC EC,temp=42.00
1779777960.252,0x100,8,00 C1 4A 70 7C 42 7C A9,speed=0.00
1779777960.355,0x200,8,40 64 2A 8D FA B3 DF 7E,fuel=100.00
1779777960.437,0x300,8,02 35 01 DD FF EE 6E 44,temp=42.00
1779777960.549,0x100,8,00 2D CA A2 64 EE 1D 26,speed=0.00
1779777960.620,0x200,8,2B 64 64 43 D4 89 BD E1,fuel=100.00
1779777960.714,0x300,8,02 19 62 87 EB AC 15 71,temp=42.00
1779777960.809,0x100,8,00 F9 07 D6 54 D4 9F D3,speed=0.00
1779777960.919,0x200,8,0A 64 81 18 C5 E0 93 51,fuel=100.00
1779777960.995,0x300,8,02 B6 65 4C 47 E8 3F 75,temp=42.00
1779777961.093,0x100,8,00 22 3A 91 9B C1 34 EF,speed=0.00
1779777961.187,0x200,8,A8 64 A8 1D CB F3 57 06,fuel=100.00
1779777961.276,0x300,8,02 71 61 A9 6A B5 30 1D,temp=42.00
1779777961.384,0x100,8,00 90 F6 38 8C F6 74 EF,speed=0.00
1779777961.471,0x200,8,04 64 D9 1F FA 46 A9 5F,fuel=100.00
1779777961.570,0x300,8,02 CD F9 AA 23 46 FF 16,temp=42.00
1779777961.654,0x100,8,00 7B 09 B7 8D 54 65 77,speed=0.00
1779777961.745,0x200,8,DF 64 45 6A D0 05 27 E6,fuel=100.00
1779777961.845,0x300,8,02 4E 9E 06 0E E5 14 62,temp=42.00
1779777961.945,0x100,8,00 D8 53 66 E8 CB 7C AC,speed=0.00
1779777962.042,0x200,8,CE 64 D3 AD 76 08 2C 0C,fuel=100.00
1779777962.124,0x300,8,02 38 89 88 82 AC D5 FD,temp=42.00
1779777962.224,0x100,8,00 7F CA 3E C0 33 A1 B9,speed=0.00
1779777962.305,0x200,8,A8 64 01 66 71 87 91 B7,fuel=100.00
1779777962.404,0x300,8,02 38 35 95 3B DC 37 A8,temp=42.00
1779777962.504,0x100,8,00 CB F1 80 A7 31 87 13,speed=0.00
1779777962.590,0x200,8,48 64 79 21 C1 EE 52 39,fuel=100.00
1779777962.687,0x300,8,02 1C FC E5 D6 5A 6E 8F,temp=42.00
1779777962.777,0x100,8,00 92 3B 31 36 69 91 26,speed=0.00
1779777962.871,0x200,8,4E 64 77 32 B7 A5 C4 F8,fuel=100.00
1779777962.974,0x300,8,02 C6 CC D8 D2 C9 9D 08,temp=42.00
1779777963.064,0x100,8,00 0A EF 50 22 6C 55 EB,speed=0.00
1779777963.160,0x200,8,2A 64 64 0F 70 E6 46 31,fuel=100.00
1779777963.254,0x300,8,02 42 C2 AF 12 65 28 ED,temp=42.00
1779777963.357,0x100,8,00 06 04 0B 79 32 F9 3E,speed=0.00
1779777963.438,0x200,8,C3 64 C0 97 E7 F0 34 4C,fuel=100.00
1779777963.537,0x300,8,02 43 4B F3 9A BA 2C 17,temp=42.00
1779777963.624,0x100,8,00 02 10 F5 26 12 74 D7,speed=0.00
1779777963.720,0x200,8,E8 64 9D 2A B5 9A D2 47,fuel=100.00
1779777963.807,0x300,8,02 D0 3E CB 5D AF 9B A2,temp=42.00
1779777963.904,0x100,8,00 62 0B 30 05 9B 2F 0B,speed=0.00
1779777963.997,0x200,8,18 64 5A 00 87 0B C0 4B,fuel=100.00
1779777964.099,0x300,8,02 3A 7A 33 C9 81 44 48,temp=42.00
1779777964.188,0x100,8,00 71 BA 4D 65 85 A7 F7,speed=0.00
1779777964.292,0x200,8,03 64 2C 12 4A 4C F0 DF,fuel=100.00
1779777964.378,0x300,8,02 05 5E 76 CD EE B5 54,temp=42.00
1779777964.470,0x100,8,00 D6 FE 8E F1 13 8F 3A,speed=0.00
1779777964.570,0x200,8,0B 64 88 E5 EB 4B 1D AE,fuel=100.00
1779777964.658,0x300,8,02 07 D8 20 03 BD 14 3F,temp=42.00
1779777964.751,0x100,8,00 1E C2 BA 87 E5 E1 97,speed=0.00
1779777964.858,0x200,8,7C 64 43 EF 4B 11 85 CE,fuel=100.00
1779777964.937,0x300,8,02 8B C4 91 11 6E A1 7E,temp=42.00
1779777965.037,0x100,8,00 66 FF A0 83 B3 C7 8A,speed=0.00
1779777965.125,0x200,8,5A 64 73 09 00 41 55 B5,fuel=100.00
1779777965.220,0x300,8,02 D7 ED AC F2 7D DD D5,temp=42.00
1779777965.320,0x100,8,00 18 CC 2B 01 CA 80 6F,speed=0.00
1779777965.404,0x200,8,3E 64 D1 53 59 BC 12 9A,fuel=100.00
1779777965.506,0x300,8,02 71 69 9E E3 B5 36 EC,temp=42.00
1779777965.589,0x100,8,00 7C 78 A9 5D DC 58 36,speed=0.00
1779777965.691,0x200,8,B7 64 64 C0 9A 69 0F 3F,fuel=100.00
1779777965.789,0x300,8,02 DE 69 F0 3D E8 70 C6,temp=42.00
1779777965.878,0x100,8,00 D8 23 8D B9 04 D4 1E,speed=0.00
1779777965.977,0x200,8,AB 64 F4 9D 10 04 E7 EF,fuel=100.00
1779777966.085,0x300,8,02 05 7C D8 70 4D 00 2C,temp=42.00
1779777966.154,0x100,8,00 0A 50 85 5F 27 17 26,speed=0.00
1779777966.255,0x200,8,35 64 E9 BE FC 7F CB 13,fuel=100.00
1779777966.337,0x300,8,02 AF E5 2B 0E BA 0A EA,temp=42.00
1779777966.442,0x100,8,00 92 33 D2 65 85 D9 96,speed=0.00
1779777966.531,0x200,8,30 64 2D D8 0E A9 FF 2B,fuel=100.00
1779777966.621,0x300,8,02 4F 9F AA 49 50 A3 72,temp=42.00
1779777966.723,0x100,8,00 EF D6 41 00 C4 02 8A,speed=0.00
1779777966.808,0x200,8,C5 64 E6 52 02 76 3D 7A,fuel=100.00
1779777966.915,0x300,8,02 13 44 F5 CC F0 62 C7,temp=42.00
1779777967.004,0x100,8,00 87 B1 F9 04 D4 7A E9,speed=0.00
1779777967.100,0x200,8,86 64 1C 96 9C DA E3 30,fuel=100.00
1779777967.195,0x300,8,02 59 29 5C 0A D5 DE 15,temp=42.00
1779777967.288,0x100,8,00 1A 31 BE 49 73 75 18,speed=0.00
1779777967.373,0x200,8,47 64 86 9E FA F9 BE 4E,fuel=100.00
1779777967.470,0x300,8,02 48 CB 05 C9 D8 9C 0F,temp=42.00
1779777967.561,0x100,8,00 D3 BD 93 65 75 33 E3,speed=0.00
1779777967.654,0x200,8,39 64 32 04 27 67 35 1A,fuel=100.00
1779777967.744,0x300,8,02 14 58 4D 36 F8 79 7D,temp=42.00
1779777967.838,0x100,8,00 72 79 E6 30 FB 65 93,speed=0.00
1779777967.941,0x200,8,47 64 FC 27 36 87 0D DD,fuel=100.00
1779777968.025,0x300,8,02 4E 2B DC 2C B8 4C 25,temp=42.00
1779777968.121,0x100,8,00 64 C8 E4 0C B4 69 49,speed=0.00
1779777968.221,0x200,8,EA 64 14 C1 7A A8 63 F4,fuel=100.00
1779777968.314,0x300,8,02 D4 21 9A 9D FA 10 46,temp=42.00
1779777968.403,0x100,8,00 6D 83 13 A7 22 8E F6,speed=0.00
1779777968.504,0x200,8,C8 64 B0 BB 72 17 32 7B,fuel=100.00
1779777968.589,0x300,8,02 19 C1 28 96 D1 E4 6A,temp=42.00
1779777968.693,0x100,8,00 21 BD 63 4F B5 43 94,speed=0.00
1779777968.792,0x200,8,D0 64 BF D3 F4 DE 94 B9,fuel=100.00
1779777968.883,0x300,8,02 76 E6 73 43 D1 D1 98,temp=42.00
1779777968.971,0x100,8,00 F6 CE 74 72 EB 0D 4A,speed=0.00
1779777969.073,0x200,8,54 64 E5 70 F7 55 82 9A,fuel=100.00
1779777969.159,0x300,8,02 1E 6D 1D 90 91 BC E8,temp=42.00
1779777969.254,0x100,8,00 A3 1B 71 57 42 63 F2,speed=0.00
1779777969.341,0x200,8,37 64 FA 89 E5 DA BF 49,fuel=100.00
1779777969.437,0x300,8,02 9A 93 CE 4F BD D4 CC,temp=42.00
1779777969.544,0x100,8,00 BD FB B7 E4 60 11 79,speed=0.00
1779777969.619,0x200,8,FC 64 DA 82 7E A6 C3 73,fuel=100.00
1779777969.750,0x300,8,02 40 3F A0 A7 CD 9F 39,temp=42.00
1779777969.815,0x100,8,00 E1 52 DB EA BD 1B 61,speed=0.00
1779777969.949,0x200,8,28 64 CF A6 EA A0 1E 26,fuel=100.00
1779777970.005,0x300,8,02 EE 03 31 20 9A D2 05,temp=42.00
1779777970.098,0x100,8,00 31 90 9F 00 92 2A 58,speed=0.00
1779777970.201,0x200,8,69 64 76 CE 1E FD C8 D3,fuel=100.00
1779777970.287,0x300,8,02 FD 71 37 7F 73 19 E8,temp=42.00
1779777970.393,0x100,8,00 39 CE 11 01 53 F6 28,speed=0.00
1779777970.483,0x200,8,03 64 A4 77 7A F1 89 10,fuel=100.00
1779777970.592,0x300,8,02 13 41 41 95 46 82 09,temp=42.00
1779777970.662,0x100,8,00 1C C2 F5 69 13 40 2B,speed=0.00
1779777970.754,0x200,8,08 64 F2 F0 33 AA 33 4D,fuel=100.00
1779777970.847,0x300,8,02 12 77 BC 7A C3 BF 8B,temp=42.00
1779777970.944,0x100,8,00 E3 36 6A 0C 60 6F 90,speed=0.00
1779777971.035,0x200,8,4A 64 E8 E7 24 8F D5 16,fuel=100.00
1779777971.130,0x300,8,02 6E 26 57 9B 3E 27 1E,temp=42.00
1779777971.220,0x100,8,00 A7 33 2E 8F 58 91 C4,speed=0.00
1779777971.309,0x200,8,45 64 B1 D7 2F F7 43 11,fuel=100.00
1779777971.414,0x300,8,02 E5 C0 D4 FD 40 7D 67,temp=42.00
1779777971.504,0x100,8,00 A9 45 1C A3 03 F2 84,speed=0.00
1779777971.589,0x200,8,AA 64 78 87 49 04 3A 18,fuel=100.00
1779777971.686,0x300,8,02 F5 1D CB 12 04 48 E2,temp=42.00
1779777971.787,0x100,8,00 3C 8E E4 B0 D4 44 A8,speed=0.00
1779777971.871,0x200,8,30 64 3F 25 34 9E 35 6D,fuel=100.00
1779777971.971,0x300,8,02 45 AB 2C 62 59 B0 6F,temp=42.00
1779777972.078,0x100,8,00 B3 74 13 C1 F8 34 1D,speed=0.00
1779777972.157,0x200,8,BD 64 70 90 8B 0D 7F 7F,fuel=100.00
1779777972.254,0x300,8,02 AE DB 9D 6E 3E 2C A2,temp=42.00
1779777972.354,0x100,8,00 31 3F AE A9 B9 CF 31,speed=0.00
1779777972.446,0x200,8,C8 64 D3 60 08 94 EF 9D,fuel=100.00
1779777972.542,0x300,8,02 12 14 82 D6 EC E6 4B,temp=42.00
1779777972.621,0x100,8,00 7E F7 D0 4C 20 49 C9,speed=0.00
1779777972.715,0x200,8,7C 64 43 83 74 12 78 51,fuel=100.00
1779777972.809,0x300,8,02 E7 09 6D 4F BE AC 3B,temp=42.00
1779777972.904,0x100,8,00 0B 15 78 03 FE 19 DB,speed=0.00
1779777973.028,0x200,8,87 64 FC 2C BA 6E 03 9C,fuel=100.00
1779777973.101,0x300,8,02 B7 49 14 A0 4B A5 8D,temp=42.00
1779777973.197,0x100,8,00 7E F6 02 87 6F 36 D6,speed=0.00
1779777973.278,0x200,8,2C 64 BC 5B A4 B3 B9 B2,fuel=100.00
1779777973.372,0x300,8,02 9E AD 77 26 AF 6D 90,temp=42.00
1779777973.473,0x100,8,00 15 84 03 4D 14 7D 4A,speed=0.00
1779777973.589,0x200,8,72 64 91 D7 EC 02 94 C4,fuel=100.00
1779777973.654,0x300,8,02 21 02 FC F4 8D 35 94,temp=42.00
1779777973.754,0x100,8,00 4F 93 E9 F1 AA E6 2B,speed=0.00
1779777973.840,0x200,8,5C 64 9F 06 A3 9C D0 1E,fuel=100.00
1779777973.945,0x300,8,02 2C 9E 7A 21 52 6F 67,temp=42.00
1779777974.040,0x100,8,00 99 E4 B1 45 74 FD CA,speed=0.00
1779777974.131,0x200,8,37 64 C9 2A 14 A3 3B D7,fuel=100.00
1779777974.221,0x300,8,02 60 23 1B 59 84 43 AB,temp=42.00
1779777974.327,0x100,8,00 C2 6D 4E 53 F8 A8 B4,speed=0.00
1779777974.410,0x200,8,2C 64 49 6B 32 F7 3F 09,fuel=100.00
1779777974.511,0x300,8,02 AD 7A 77 D2 7C 8B CE,temp=42.00
1779777974.587,0x100,8,00 B9 81 F9 E0 D8 46 AA,speed=0.00
1779777974.687,0x200,8,F5 64 0A 30 74 56 8F 82,fuel=100.00
1779777974.787,0x300,8,02 9F F8 FC 39 FA CD 7C,temp=42.00
1779777974.872,0x100,8,00 16 76 63 78 13 36 61,speed=0.00
1779777974.970,0x200,8,39 64 32 AF CF 8E A5 9A,fuel=100.00
1779777975.076,0x300,8,02 08 B8 BF 14 00 E7 8B,temp=42.00
1779777975.161,0x100,8,00 E8 88 9F 1F 23 54 4F,speed=0.00
1779777975.261,0x200,8,60 64 FF 51 4D 6C 93 A7,fuel=100.00
1779777975.339,0x300,8,02 6A 26 61 27 CE F6 58,temp=42.00
1779777975.432,0x100,8,00 78 80 20 FA 92 06 5B,speed=0.00
1779777975.537,0x200,8,2C 64 DD 2B 34 65 0B DC,fuel=100.00
1779777975.623,0x300,8,02 45 08 BB 69 D4 7A 51,temp=42.00
1779777975.725,0x100,8,00 D7 E3 4B E3 49 A4 4D,speed=0.00
1779777975.820,0x200,8,13 64 CD 12 17 BF BB EA,fuel=100.00
1779777975.905,0x300,8,02 F4 71 CF 2B 0E 73 AF,temp=42.00
1779777976.002,0x100,8,00 5F 91 ED 9C C4 25 88,speed=0.00
1779777976.090,0x200,8,1B 64 EF 87 CE AE D4 73,fuel=100.00
1779777976.190,0x300,8,02 ED 8F AF CB 8C FE 07,temp=42.00
1779777976.297,0x100,8,00 88 DD 67 EE 29 91 C1,speed=0.00
1779777976.371,0x200,8,E6 64 2C 5E 14 0A 45 1C,fuel=100.00
1779777976.476,0x300,8,02 FA 37 DC 66 FC F9 19,temp=42.00
1779777976.557,0x100,8,00 FC 82 CF 58 CC 68 6B,speed=0.00
1779777976.654,0x200,8,83 64 B6 66 ED EE B8 A4,fuel=100.00
1779777976.755,0x300,8,02 BA 2F E7 29 5B 2C 18,temp=42.00
1779777976.838,0x100,8,00 CC FC 91 1C 5E 4E D9,speed=0.00
1779777976.954,0x200,8,C3 64 20 00 56 72 DC 4A,fuel=100.00
1779777977.028,0x300,8,02 9D 3B 1A AC 1A 73 86,temp=42.00
1779777977.132,0x100,8,00 C6 5B 1E BE 47 56 E0,speed=0.00
1779777977.227,0x200,8,CB 64 11 86 EB 19 D1 71,fuel=100.00
1779777977.306,0x300,8,02 9D 72 FE C9 D9 9A 79,temp=42.00
1779777977.409,0x100,8,00 2C 10 5E E6 0E AC 87,speed=0.00
1779777977.505,0x200,8,18 64 1B 6C 7B 53 09 0C,fuel=100.00
1779777977.588,0x300,8,02 0F EB 6E B3 05 BA 8F,temp=42.00
1779777977.687,0x100,8,00 4E 14 1E 60 E8 22 D1,speed=0.00
1779777977.787,0x200,8,BF 64 E0 E8 0F D8 C3 F5,fuel=100.00
1779777977.882,0x300,8,02 E0 46 43 BE 08 D1 24,temp=42.00
1779777977.971,0x100,8,00 91 87 0E 3A C3 65 1B,speed=0.00
1779777978.071,0x200,8,84 64 E1 61 58 D0 27 4C,fuel=100.00
1779777978.154,0x300,8,02 52 75 20 0C BC 79 7A,temp=42.00
1779777978.253,0x100,8,00 C5 C5 99 23 6F F7 17,speed=0.00
1779777978.337,0x200,8,BC 64 9F 2B 41 7F EE 21,fuel=100.00
1779777978.437,0x300,8,02 60 9A 15 28 4F 2E BE,temp=42.00
1779777978.558,0x100,8,00 1A DA 0A F9 C3 A2 48,speed=0.00
1779777978.661,0x200,8,6A 64 78 25 7C 46 7C 82,fuel=100.00
1779777978.735,0x300,8,02 A6 4A 4C 82 12 6C 9F,temp=42.00
1779777978.814,0x100,8,00 EA 56 D0 88 5E D1 0E,speed=0.00
1779777978.920,0x200,8,B1 64 65 FC CF 9E 04 4C,fuel=100.00
1779777979.005,0x300,8,02 C5 53 FC D0 73 54 F5,temp=42.00
1779777979.095,0x100,8,00 98 5F 49 DC 2D 9F 8E,speed=0.00
1779777979.192,0x200,8,D2 64 1A 87 53 3C FD 07,fuel=100.00
1779777979.275,0x300,8,02 09 30 2F 0F 8D 10 37,temp=42.00
1779777979.383,0x100,8,00 4C 56 D1 AC 4C 74 CB,speed=0.00
1779777979.470,0x200,8,51 64 30 26 4B E9 BD 35,fuel=100.00
1779777979.559,0x300,8,02 06 DA CE A4 CD 51 69,temp=42.00
1779777979.661,0x100,8,00 14 BA 88 88 BE AC B2,speed=0.00
1779777979.767,0x200,8,FE 64 1D B5 99 18 60 07,fuel=100.00
1779777979.845,0x300,8,02 78 FA 55 52 20 C8 9A,temp=42.00
1779777979.951,0x100,8,00 D1 D5 6C A7 53 C3 BF,speed=0.00
1779777980.043,0x200,8,69 64 55 EE A3 FF 70 36,fuel=100.00
1779777980.121,0x300,8,02 F6 BF 81 10 A2 32 D8,temp=42.00
1779777980.221,0x100,8,00 FF D6 99 43 98 98 04,speed=0.00
1779777980.417,0x200,8,2F 64 DA 07 49 EA 72 CD,fuel=100.00
1779777980.502,0x300,8,02 E5 96 86 1E 12 31 C1,temp=42.00
1779777980.591,0x100,8,00 2D 81 43 E3 5A B9 2D,speed=0.00
1779777980.718,0x200,8,AB 64 C5 30 F0 2A 90 70,fuel=100.00
1779777980.785,0x300,8,02 34 10 8F 01 1F 8D 2C,temp=42.00
1779777980.873,0x100,8,00 E4 56 09 1B 5A FB F7,speed=0.00
1779777980.968,0x200,8,EF 64 C7 3D 64 19 4B BA,fuel=100.00
1779777981.057,0x300,8,02 16 25 E6 09 1A 2B BA,temp=42.00
1779777981.152,0x100,8,00 03 A4 FC 0B 1F 9A DB,speed=0.00
1779777981.249,0x200,8,45 64 5F B4 EA 89 29 BD,fuel=100.00
1779777981.342,0x300,8,02 3D 59 8D C6 8E C3 9B,temp=42.00
1779777981.437,0x100,8,00 E2 70 CC 3A 87 26 FB,speed=0.00
1779777981.537,0x200,8,4A 64 4D 70 45 8A 67 45,fuel=100.00
1779777981.663,0x300,8,02 FF 24 38 44 20 5E 6A,temp=42.00
1779777981.720,0x100,8,00 C9 93 7C 0E 59 57 DC,speed=0.00
1779777981.815,0x200,8,4A 64 35 DD E5 8B B9 12,fuel=100.00
1779777981.905,0x300,8,02 D7 53 DE 8B CA 78 CB,temp=42.00
1779777982.004,0x100,8,00 17 0B 2D A5 95 BB 69,speed=0.00
1779777982.110,0x200,8,DC 64 8C 9D B6 42 AC DC,fuel=100.00
1779777982.198,0x300,8,02 7F F0 B6 05 D2 24 84,temp=42.00
1779777982.309,0x100,8,00 4E 4F 8F 42 09 1D 7F,speed=0.00
1779777982.382,0x200,8,4D 64 62 F8 FB 31 4C 84,fuel=100.00
1779777982.469,0x300,8,02 C3 FA 62 A6 7D 27 CE,temp=42.00
1779777982.570,0x100,8,00 62 02 CD 33 B0 3A 2F,speed=0.00
1779777982.659,0x200,8,BA 64 8F 46 4B C0 27 A0,fuel=100.00
1779777982.757,0x300,8,02 0F C8 DD B9 0E 39 C8,temp=42.00
1779777982.872,0x100,8,00 82 52 91 26 0D 3C A0,speed=0.00
1779777982.958,0x200,8,EF 64 99 CB 9F D1 9B 72,fuel=100.00
1779777983.033,0x300,8,02 14 CE D8 80 92 BA A8,temp=42.00
1779777983.145,0x100,8,00 22 35 FE A8 F9 D0 B1,speed=0.00
1779777983.224,0x200,8,33 64 C0 6E F4 1B 84 0A,fuel=100.00
1779777983.310,0x300,8,02 A5 85 1D 1C 9E 46 BD,temp=42.00
1779777983.412,0x100,8,00 FC AF E0 5A 07 6B 89,speed=0.00
1779777983.526,0x200,8,BF 64 38 D8 0B 6E E2 69,fuel=100.00
1779777983.596,0x300,8,02 8B D7 A1 57 D4 F0 D8,temp=42.00
1779777983.692,0x100,8,00 E6 33 EE C4 54 23 49,speed=0.00
1779777983.776,0x200,8,01 64 46 87 0C EE 91 CF,fuel=100.00
1779777983.879,0x300,8,02 4A D4 D3 48 31 5F 1B,temp=42.00
1779777983.979,0x100,8,00 BB 1D 34 0E 4F 13 B8,speed=0.00
1779777984.067,0x200,8,98 64 02 08 59 6C D8 F1,fuel=100.00
1779777984.182,0x300,8,02 FD D4 F7 90 5B AA AF,temp=42.00
1779777984.256,0x100,8,00 BA E4 1F 3E 37 11 90,speed=0.00
1779777984.348,0x200,8,CC 64 39 48 18 FF 9F 1F,fuel=100.00
1779777984.453,0x300,8,02 1F EB D4 43 18 7F A3,temp=42.00
1779777984.549,0x100,8,00 5C C3 B8 27 86 EB 86,speed=0.00
1779777984.664,0x200,8,AF 64 11 B1 32 E8 60 A9,fuel=100.00
1779777984.734,0x300,8,02 C6 1D F4 E9 9E D5 C1,temp=42.00
1779777984.811,0x100,8,00 58 86 B5 F4 64 20 64,speed=0.00
1779777984.920,0x200,8,C5 64 06 7C 94 67 67 4C,fuel=100.00
1779777985.003,0x300,8,02 7E 07 F8 8B 58 15 BF,temp=42.00
1779777985.089,0x100,8,00 54 52 8E B9 5A 0F 2A,speed=0.00
1779777985.198,0x200,8,CA 64 5B B5 07 6E 07 F4,fuel=100.00
1779777985.316,0x300,8,02 FC 5D CD 49 41 B1 F7,temp=42.00
1779777985.396,0x100,8,00 E9 75 B1 CE AD 57 87,speed=0.00
1779777985.474,0x200,8,46 64 3E F6 E6 98 C9 6F,fuel=100.00
1779777985.607,0x300,8,02 BD 06 2B 3A 2E AA F1,temp=42.00
1779777985.682,0x100,8,00 82 5B 6E 65 25 9F A8,speed=0.00
1779777985.769,0x200,8,CA 64 8B 23 D4 89 FA D3,fuel=100.00
1779777985.857,0x300,8,02 62 1B A3 4E 4B 7A C3,temp=42.00
1779777985.939,0x100,8,00 D6 8E 2E 2C F9 E3 C6,speed=0.00
1779777986.073,0x200,8,F1 64 A7 62 A4 90 EC 23,fuel=100.00
1779777986.149,0x300,8,02 9F 58 6D ED F6 F0 96,temp=42.00
1779777986.229,0x100,8,00 7F 67 67 DA B3 07 F2,speed=0.00
1779777986.340,0x200,8,DF 64 AB 0A 4C 13 EF 6E,fuel=100.00
1779777986.418,0x300,8,02 57 61 86 87 0B 5A FB,temp=42.00
1779777986.499,0x100,8,00 EA 0A BB 1F CC 83 73,speed=0.00
1779777986.662,0x200,8,EB 64 89 A7 AE 9B 3E 37,fuel=100.00
1779777986.752,0x300,8,02 39 78 40 21 D9 14 15,temp=42.00
1779777986.836,0x100,8,00 1B 8E 8A 3A 2A F4 B6,speed=0.00
1779777986.917,0x200,8,FC 64 F0 C8 55 A3 3F 15,fuel=100.00
1779777986.996,0x300,8,02 94 AB F9 EF 7D E8 DA,temp=42.00
1779777987.071,0x100,8,00 F8 19 55 F5 AC 92 D1,speed=0.00
1779777987.183,0x200,8,EB 64 9A A6 51 5B 79 D4,fuel=100.00
1779777987.291,0x300,8,02 BF 80 39 58 57 27 41,temp=42.00
1779777987.377,0x100,8,00 18 CB C7 6F FE 94 74,speed=0.00
1779777987.485,0x200,8,A4 64 CB 00 F1 10 B9 71,fuel=100.00
1779777987.554,0x300,8,02 1F 55 5C 97 45 FB D3,temp=42.00
1779777987.625,0x100,8,00 00 45 12 AC 4E A8 23,speed=0.00
1779777987.752,0x200,8,08 64 53 19 72 AF C7 33,fuel=100.00
1779777987.822,0x300,8,02 C5 DA 4E EF 2F 90 54,temp=42.00
1779777987.924,0x100,8,00 DC 3E A8 1D 46 ED 38,speed=0.00
1779777988.032,0x200,8,78 64 60 C6 54 0E DE 98,fuel=100.00
1779777988.097,0x300,8,02 32 DE 97 C8 18 A5 EC,temp=42.00
1779777988.238,0x100,8,00 59 7A B0 08 9D FA 50,speed=0.00
1779777988.303,0x200,8,84 64 D1 2E 17 38 87 55,fuel=100.00
1779777988.387,0x300,8,02 6D B1 4F B7 8D 79 95,temp=42.00
1779777988.515,0x100,8,00 2D 98 06 82 91 18 FE,speed=0.00
1779777988.579,0x200,8,A6 64 19 B4 5B 43 DC 4C,fuel=100.00
1779777988.660,0x300,8,02 28 53 50 29 3F 49 3E,temp=42.00
1779777988.785,0x100,8,00 26 D9 E7 79 F1 26 DA,speed=0.00
1779777988.856,0x200,8,4B 64 57 D5 FB D2 F2 1B,fuel=100.00
1779777988.960,0x300,8,02 81 46 91 42 5D 41 6D,temp=42.00
1779777989.082,0x100,8,00 8C 74 A0 71 46 01 9F,speed=0.00
1779777989.146,0x200,8,59 64 2D BA AA AD 9B 14,fuel=100.00
1779777989.221,0x300,8,02 DA 90 CE F9 42 C6 5F,temp=42.00
1779777989.346,0x100,8,00 EE 3E C5 DA 2F 57 A0,speed=0.00
1779777989.430,0x200,8,AB 64 89 C4 E5 CA A9 58,fuel=100.00
1779777989.503,0x300,8,02 49 C9 4E 92 12 A1 2C,temp=42.00
1779777989.622,0x100,8,00 C0 67 9A 22 AC EE 9E,speed=0.00
1779777989.696,0x200,8,B3 64 1E 4C CC B1 26 B3,fuel=100.00
1779777989.778,0x300,8,02 C5 2F 3F 57 EC 03 DA,temp=42.00
1779777989.910,0x100,8,00 F6 A1 5E A8 E7 4F 83,speed=0.00
1779777989.995,0x200,8,23 64 18 02 79 C7 ED F7,fuel=100.00
1779777990.062,0x300,8,02 13 6F C4 62 A7 40 B4,temp=42.00
1779777990.166,0x100,8,00 4D DA 44 26 0B 14 52,speed=0.00
1779777990.281,0x200,8,59 64 7E AD 7F 33 1E 7A,fuel=100.00
1779777990.344,0x300,8,02 2A C0 B9 37 51 61 30,temp=42.00
1779777990.476,0x100,8,00 91 F6 A9 52 48 8A 08,speed=0.00
1779777990.584,0x200,8,FC 64 1F 49 49 AA 7C 3F,fuel=100.00
1779777990.644,0x300,8,02 3E 6B C9 15 94 BD 2A,temp=42.00
1779777990.754,0x100,8,00 F6 F0 C3 48 DA 5B 58,speed=0.00
1779777990.823,0x200,8,96 64 62 02 57 F5 53 EF,fuel=100.00
1779777990.938,0x300,8,02 1E 45 9E C9 8F EA 76,temp=42.00
1779777991.016,0x100,8,00 C4 35 D3 12 A5 BF 8B,speed=0.00
1779777991.125,0x200,8,BF 64 A6 25 7E 1C 13 00,fuel=100.00
1779777991.204,0x300,8,02 C1 06 3B 63 E3 75 E0,temp=42.00
1779777991.325,0x100,8,00 89 D5 E7 87 28 2E 00,speed=0.00
1779777991.389,0x200,8,C5 64 85 B8 83 FB 24 87,fuel=100.00
1779777991.507,0x300,8,02 50 83 9F 78 2F 1E 70,temp=42.00
1779777991.575,0x100,8,00 19 2F EF AB 49 CD 63,speed=0.00
1779777991.701,0x200,8,E6 64 C3 4C A2 1D B6 FA,fuel=100.00
1779777991.784,0x300,8,02 84 E0 EC 12 F2 0B 42,temp=42.00
1779777991.885,0x100,8,00 F9 2A FA 67 40 AB 23,speed=0.00
1779777991.945,0x200,8,BC 64 BB 6F FA 43 18 B5,fuel=100.00
1779777992.082,0x300,8,02 56 79 6E 3A 5A 35 31,temp=42.00
1779777992.148,0x100,8,00 06 E8 47 28 3F D0 67,speed=0.00
1779777992.223,0x200,8,70 64 F6 B2 AE 3D 6E E6,fuel=100.00
1779777992.349,0x300,8,02 E4 97 5B 3A 51 80 AE,temp=42.00
1779777992.420,0x100,8,00 A9 5D 33 A0 A5 2A 1F,speed=0.00
1779777992.544,0x200,8,70 64 0B 8E 00 04 50 95,fuel=100.00
1779777992.603,0x300,8,02 F2 1F 5C EA AF 60 D7,temp=42.00
1779777992.800,0x100,8,00 5B 60 95 66 38 BC 4E,speed=0.00
1779777992.848,0x200,8,51 64 C3 8B A1 AA 81 13,fuel=100.00
1779777992.961,0x300,8,02 4D 48 22 58 92 E4 53,temp=42.00
1779777993.070,0x100,8,00 F4 86 4D 66 EE F9 80,speed=0.00
1779777993.139,0x200,8,7D 64 DC AB 43 91 80 B7,fuel=100.00
1779777993.254,0x300,8,02 F5 FD D6 F3 1C B8 CF,temp=42.00
1779777993.331,0x100,8,00 15 20 46 60 05 CE FD,speed=0.00
1779777993.414,0x200,8,C2 64 C6 BE EA B5 82 12,fuel=100.00
1779777993.532,0x300,8,02 E6 C9 89 B7 6B ED 9F,temp=42.00
1779777993.606,0x100,8,00 A9 2D 3A 15 CA 5F C1,speed=0.00
1779777993.739,0x200,8,83 64 D2 7E 2A 02 5F 7A,fuel=100.00
1779777993.826,0x300,8,02 AC AE 3E 74 6F B7 7C,temp=42.00
1779777993.940,0x100,8,00 44 E2 61 B6 0B 38 FC,speed=0.00
1779777994.009,0x200,8,31 64 93 D1 BC 64 29 7C,fuel=100.00
1779777994.123,0x300,8,02 45 73 B2 6E A7 F0 47,temp=42.00
1779777994.183,0x100,8,00 29 C7 CD BC EA 09 76,speed=0.00
1779777994.308,0x200,8,B8 64 1C C2 5E D0 64 0D,fuel=100.00
1779777994.382,0x300,8,02 F7 46 EF D3 39 18 9C,temp=42.00
1779777994.511,0x100,8,00 2D 56 E4 38 19 FF 0B,speed=0.00
1779777994.583,0x200,8,31 64 42 2C 5B 33 A8 67,fuel=100.00
1779777994.651,0x300,8,02 63 66 24 EF 55 2F A5,temp=42.00
1779777994.788,0x100,8,00 D7 7A 2E B7 CD F5 8D,speed=0.00
1779777994.877,0x200,8,8F 64 5A F2 8D 3B 95 F6,fuel=100.00
1779777994.958,0x300,8,02 68 A4 4C 5C C7 B1 67,temp=42.00
1779777995.048,0x100,8,00 0A 91 75 53 2F 56 D7,speed=0.00
1779777995.169,0x200,8,83 64 83 81 FC 0C BA D2,fuel=100.00
1779777995.229,0x300,8,02 E0 74 62 84 D3 73 79,temp=42.00
1779777995.349,0x100,8,00 CB 52 E7 FD A4 AE A7,speed=0.00
1779777995.415,0x200,8,D5 64 71 96 88 9F 1F C2,fuel=100.00
1779777995.547,0x300,8,02 66 31 4B 92 73 D1 D8,temp=42.00
1779777995.612,0x100,8,00 3A 12 81 57 80 C9 13,speed=0.00
1779777995.736,0x200,8,0D 64 BE 33 FB 83 29 D3,fuel=100.00
1779777995.803,0x300,8,02 F2 66 85 15 A3 C6 3C,temp=42.00
1779777995.876,0x100,8,00 46 AA 00 68 9A 05 E0,speed=0.00
1779777995.981,0x200,8,5D 64 56 9F 3D 04 B8 FE,fuel=100.00
1779777996.075,0x300,8,02 DE 62 25 86 8E C2 90,temp=42.00
1779777996.157,0x100,8,00 C2 FD 8F 42 70 0A 2D,speed=0.00
1779777996.286,0x200,8,FA 64 BA B8 16 45 B6 13,fuel=100.00
1779777996.372,0x300,8,02 B9 79 AA 5A 47 00 65,temp=42.00
1779777996.451,0x100,8,00 3B 34 55 64 B6 93 02,speed=0.00
1779777996.561,0x200,8,5A 64 48 77 EF 07 15 98,fuel=100.00
1779777996.626,0x300,8,02 83 27 3C B8 99 B9 4F,temp=42.00
1779777996.755,0x100,8,00 9E A9 49 A8 0C DF 0B,speed=0.00
1779777996.835,0x200,8,49 64 A7 BC 2A 9A 1B 58,fuel=100.00
1779777996.902,0x300,8,02 42 9C 15 2D F3 6B B1,temp=42.00
1779777997.024,0x100,8,00 C8 3B D6 58 45 63 6E,speed=0.00
1779777997.111,0x200,8,29 64 83 24 4A 4C F2 56,fuel=100.00
1779777997.244,0x300,8,02 05 68 76 FC C5 AF 13,temp=42.00
1779777997.318,0x100,8,00 C1 54 6A FE BB 82 E7,speed=0.00
1779777997.387,0x200,8,C4 64 9B 7D 5D 3D 22 1D,fuel=100.00
1779777997.463,0x300,8,02 62 A2 F8 20 F3 26 F7,temp=42.00
1779777997.591,0x100,8,00 4E 9A 0F 42 DB DB 99,speed=0.00
1779777997.676,0x200,8,EC 64 AF F9 E3 D9 8C 23,fuel=100.00
1779777997.748,0x300,8,02 2B 7D F3 D7 BF CF 37,temp=42.00
1779777997.886,0x100,8,00 3D 33 2B CA D1 E7 E5,speed=0.00
1779777997.939,0x200,8,A4 64 AF 26 A8 36 B4 CD,fuel=100.00
1779777998.084,0x300,8,02 89 07 34 6D DF 9D D8,temp=42.00
1779777998.172,0x100,8,00 BF 8F 56 02 A9 18 E8,speed=0.00
1779777998.243,0x200,8,15 64 CE C5 0E 70 F1 C9,fuel=100.00
1779777998.321,0x300,8,02 01 46 09 49 29 E0 D0,temp=42.00
1779777998.401,0x100,8,00 10 21 D8 83 39 6D F4,speed=0.00
1779777998.536,0x200,8,C8 64 A0 A8 1F C8 93 41,fuel=100.00
1779777998.609,0x300,8,02 02 10 CA 88 15 5B 38,temp=42.00
1779777998.689,0x100,8,00 E5 B0 91 2B B6 82 32,speed=0.00
1779777998.829,0x200,8,E5 64 E7 54 FE 1F 67 C6,fuel=100.00
1779777998.910,0x300,8,02 0F 3D DA 50 24 61 A1,temp=42.00
1779777998.983,0x100,8,00 96 42 77 4B FC A6 F7,speed=0.00
1779777999.093,0x200,8,D3 64 DB A1 3E 6C 3D 3D,fuel=100.00
1779777999.205,0x300,8,02 D4 86 89 A3 22 C3 90,temp=42.00
1779777999.282,0x100,8,00 AE B5 80 74 A7 AF 3D,speed=0.00
1779777999.355,0x200,8,8B 64 A9 F3 A2 48 2D 73,fuel=100.00
1779777999.435,0x300,8,02 67 6D CA D7 98 E0 FC,temp=42.00
1779777999.548,0x100,8,00 B9 D5 4A F4 F3 02 FF,speed=0.00
1779777999.664,0x200,8,AF 64 02 D3 3F 37 9D 9A,fuel=100.00
1779777999.737,0x300,8,02 85 29 78 B4 EE 06 92,temp=42.00
1779777999.859,0x100,8,00 05 CA D8 6D 73 94 46,speed=0.00
1779777999.909,0x200,8,7F 64 83 CA 5A 49 72 69,fuel=100.00
1779778000.071,0x300,8,02 75 A7 DE 5E 6E 62 58,temp=42.00
1779778000.211,0x100,8,00 A2 2A 98 38 08 56 00,speed=0.00
1779778000.311,0x200,8,2D 64 55 63 96 B2 EB 70,fuel=100.00
1779778000.378,0x300,8,02 85 47 38 7A 13 2E C4,temp=42.00
1779778000.516,0x100,8,00 2A 3D 43 CA 70 0B 1F,speed=0.00
1779778000.594,0x200,8,94 64 FC 4D 0E EA E9 B1,fuel=100.00
1779778000.694,0x300,8,02 99 52 44 F5 6A E7 37,temp=42.00
1779778000.751,0x100,8,00 BD 8C E2 0C C9 83 FD,speed=0.00
1779778000.848,0x200,8,55 64 2B 14 02 6A CB EC,fuel=100.00
1779778000.941,0x300,8,02 88 64 91 09 BF 49 A6,temp=42.00
1779778001.055,0x100,8,00 F8 6F FE FD D9 E9 B2,speed=0.00
1779778001.128,0x200,8,83 64 41 6A E9 86 DE EA,fuel=100.00
1779778001.265,0x300,8,02 7A 6A BC 72 C9 0D 0A,temp=42.00
1779778001.329,0x100,8,00 4E EE 96 4D 17 B7 5B,speed=0.00
1779778001.453,0x200,8,60 64 E7 25 FF C5 0F 44,fuel=100.00
1779778001.535,0x300,8,02 31 72 CB F4 DD 0D 8D,temp=42.00
1779778001.608,0x100,8,00 16 A2 46 CA D6 04 DE,speed=0.00
1779778001.736,0x200,8,37 64 74 F2 00 E6 D2 E0,fuel=100.00
1779778001.815,0x300,8,02 23 A3 D3 A6 A2 D6 16,temp=42.00
1779778001.899,0x100,8,00 8A 6F 76 7E 01 36 DC,speed=0.00
1779778001.993,0x200,8,D3 64 73 DA C1 02 2C 37,fuel=100.00
1779778002.101,0x300,8,02 40 3F 74 08 6E 62 8E,temp=42.00
1779778002.177,0x100,8,00 DD 83 24 2C 87 25 18,speed=0.00
1779778002.261,0x200,8,FE 64 04 F6 64 65 9B 89,fuel=100.00
1779778002.341,0x300,8,02 33 F2 C8 EA F9 0C 23,temp=42.00
1779778002.473,0x100,8,00 E1 C0 12 C4 6C 70 93,speed=0.00
1779778002.548,0x200,8,6F 64 5C 76 6F 08 F5 2D,fuel=100.00
1779778002.676,0x300,8,02 59 FC 90 7F 8E E2 06,temp=42.00
1779778002.745,0x100,8,00 41 42 5D E4 A9 9F D7,speed=0.00
1779778002.810,0x200,8,62 64 28 E5 EA DF 64 77,fuel=100.00
1779778002.926,0x300,8,02 77 1E 19 86 49 C0 0C,temp=42.00
1779778003.009,0x100,8,00 84 AE 70 C5 C3 8D B4,speed=0.00
1779778003.092,0x200,8,CE 64 A6 81 FD 1B CC AD,fuel=100.00
1779778003.229,0x300,8,02 1B 2C 57 4A 3E 2A 60,temp=42.00
1779778003.296,0x100,8,00 1C 7D 07 88 76 E2 D3,speed=0.00
1779778003.423,0x200,8,04 64 55 14 39 21 B5 7B,fuel=100.00
1779778003.493,0x300,8,02 E9 F9 6E 56 CB 9A CF,temp=42.00
1779778003.563,0x100,8,00 AD C1 71 BB 97 63 2F,speed=0.00
1779778003.684,0x200,8,17 64 1D B2 0E 60 14 E1,fuel=100.00
1779778003.760,0x300,8,02 61 DB 71 D9 E8 5E 43,temp=42.00
1779778003.905,0x100,8,00 C0 CC F1 54 F2 EE CE,speed=0.00
1779778003.949,0x200,8,54 64 2F 4A 8E 85 90 60,fuel=100.00
1779778004.037,0x300,8,02 19 2B 57 82 F7 F1 92,temp=42.00
1779778004.144,0x100,8,00 30 83 28 78 D1 74 F1,speed=0.00
1779778004.225,0x200,8,A5 64 F4 A2 45 5D 74 48,fuel=100.00
1779778004.353,0x300,8,02 63 B1 D6 CC 8A 06 8A,temp=42.00
1779778004.434,0x100,8,00 77 D4 E3 6A 72 9B 2D,speed=0.00
1779778004.501,0x200,8,48 64 E2 24 9B EA 10 BF,fuel=100.00
1779778004.637,0x300,8,02 D1 BA 1A EA F8 62 64,temp=42.00
1779778004.700,0x100,8,00 34 06 FF 84 FE 5B 2F,speed=0.00
1779778004.827,0x200,8,21 64 52 71 38 D9 2F 68,fuel=100.00
1779778004.897,0x300,8,02 60 D2 98 FB F6 F9 33,temp=42.00
1779778004.983,0x100,8,00 73 62 CF BA E6 F7 BA,speed=0.00
1779778005.092,0x200,8,03 64 60 97 1F 56 E8 DB,fuel=100.00
1779778005.167,0x300,8,02 32 8A 05 93 A7 F6 44,temp=42.00
1779778005.435,0x100,8,00 E6 83 AE EB 5F 57 1B,speed=0.00
1779778005.549,0x200,8,5D 64 DC 27 D3 C3 5D BE,fuel=100.00
1779778005.607,0x300,8,02 86 EA 46 44 CF 6B 56,temp=42.00
1779778005.705,0x100,8,00 DE C8 AD 4F 67 86 CF,speed=0.00
1779778005.830,0x200,8,6C 64 68 1A 82 7E 0D F8,fuel=100.00
1779778005.908,0x300,8,02 0F 08 30 8A D8 D0 BF,temp=42.00
1779778005.984,0x100,8,00 21 F8 26 DE CD 69 0F,speed=0.00
1779778006.086,0x200,8,8D 64 8D C2 E3 D2 30 0F,fuel=100.00
1779778006.203,0x300,8,02 61 E9 15 BA BC E2 99,temp=42.00
1779778006.280,0x100,8,00 31 56 A6 A5 CF 25 89,speed=0.00
1779778006.401,0x200,8,B8 64 93 EB 5A 0E E2 51,fuel=100.00
1779778006.464,0x300,8,02 C7 BD DD 12 61 DF 7A,temp=42.00
1779778006.584,0x100,8,00 11 1C 49 8B B3 78 E6,speed=0.00
1779778006.651,0x200,8,4E 64 9E 74 7A 0B 54 D3,fuel=100.00
1779778006.771,0x300,8,02 A2 E4 15 56 4E 02 61,temp=42.00
1779778006.841,0x100,8,00 FE 0F 05 D1 A7 4F 73,speed=0.00
1779778006.948,0x200,8,0A 64 64 37 F9 AD C2 46,fuel=100.00
1779778007.036,0x300,8,02 0B E3 0E C1 37 52 52,temp=42.00
1779778007.167,0x100,8,00 7E 25 2C C0 9B 6A 63,speed=0.00
1779778007.227,0x200,8,E1 64 F9 B6 69 EB 1E F2,fuel=100.00
1779778007.301,0x300,8,02 F9 60 EC 33 2D CA 50,temp=42.00
1779778007.429,0x100,8,00 DE FC 43 80 B5 36 1F,speed=0.00
1779778007.498,0x200,8,0C 64 A5 A4 6F C0 63 83,fuel=100.00
1779778007.684,0x300,8,02 0B 29 4B D3 F1 75 4F,temp=42.00
1779778007.765,0x100,8,00 9D FD AE 82 28 30 BB,speed=0.00
1779778007.860,0x200,8,50 64 E9 CE 19 AA D7 B4,fuel=100.00
1779778007.967,0x300,8,02 E3 A5 83 63 FB 5F CB,temp=42.00
1779778008.053,0x100,8,00 B8 06 AC 6F 8E D7 0C,speed=0.00
1779778008.166,0x200,8,28 64 3B A8 7A 55 54 84,fuel=100.00
1779778008.247,0x300,8,02 35 CA FA 6C 2B 7C 24,temp=42.00
1779778008.322,0x100,8,00 F8 A8 E6 04 5C 9A D4,speed=0.00
1779778008.449,0x200,8,8A 64 DD AE CE 39 BD EB,fuel=100.00
1779778008.524,0x300,8,02 55 51 51 59 84 8C 01,temp=42.00
1779778008.661,0x100,8,00 68 FE 12 4B 7D 79 55,speed=0.00
1779778008.731,0x200,8,44 64 36 33 CA CB C5 7E,fuel=100.00
1779778008.809,0x300,8,02 E2 67 8D 6A D8 C0 5E,temp=42.00
1779778008.889,0x100,8,00 2F 7A 0E 03 1B 52 5F,speed=0.00
1779778009.000,0x200,8,C6 64 15 2D 03 B2 4D 67,fuel=100.00
1779778009.081,0x300,8,02 28 5D 91 4E FB EF 5A,temp=42.00
1779778009.187,0x100,8,00 7F 02 FA 47 2E 82 4A,speed=0.00
1779778009.275,0x200,8,6D 64 A5 17 4C B3 21 19,fuel=100.00
1779778009.415,0x300,8,02 EF 81 51 BC 6E EA 51,temp=42.00
1779778009.472,0x100,8,00 0A BC 06 6D 1B EB E1,speed=0.00
1779778009.581,0x200,8,CB 64 DB AB AB 13 28 9F,fuel=100.00
1779778009.653,0x300,8,02 6B E1 7C 06 29 B1 D3,temp=42.00
1779778009.777,0x100,8,00 6A 36 37 58 B8 0B 66,speed=0.00
1779778009.851,0x200,8,95 64 A4 BA BC FD F9 19,fuel=100.00
1779778009.917,0x300,8,02 AB 49 88 A9 94 41 7A,temp=42.00
1779778010.031,0x100,8,00 8C 16 59 0D 0C 29 8E,speed=0.00
1779778010.103,0x200,8,4E 64 30 06 E1 44 45 95,fuel=100.00
1779778010.216,0x300,8,02 60 61 7B 37 40 2E 01,temp=42.00
1779778010.340,0x100,8,00 A4 22 1F C7 38 7D 16,speed=0.00
1779778010.411,0x200,8,46 64 0C 87 04 27 07 3B,fuel=100.00
1779778010.530,0x300,8,02 AD 22 35 97 0E B6 EC,temp=42.00
1779778010.597,0x100,8,00 01 63 A6 F1 D6 A5 9C,speed=0.00
1779778010.715,0x200,8,1F 64 78 70 2D CC 5F 12,fuel=100.00
1779778010.785,0x300,8,02 B3 36 B0 7F B6 58 33,temp=42.00
1779778010.898,0x100,8,00 B1 C4 41 EE D0 D6 0C,speed=0.00
1779778010.997,0x200,8,6D 64 4C E7 43 46 F5 97,fuel=100.00
1779778011.070,0x300,8,02 EF 14 E7 A8 9F 3B 7E,temp=42.00
1779778011.150,0x100,8,00 81 D3 6B 22 A3 91 E8,speed=0.00
1779778011.247,0x200,8,7D 64 79 3D 77 03 01 04,fuel=100.00
1779778011.360,0x300,8,02 E7 6F 44 68 4A E5 83,temp=42.00
1779778011.424,0x100,8,00 04 46 27 C7 A5 E8 3A,speed=0.00
1779778011.527,0x200,8,4D 64 B3 37 22 ED A2 02,fuel=100.00
1779778011.655,0x300,8,02 1D 26 4E D8 85 72 3D,temp=42.00
1779778011.714,0x100,8,00 0D 4F D1 48 64 0E 9C,speed=0.00
1779778011.813,0x200,8,93 64 7E D5 A2 65 F8 D7,fuel=100.00
1779778011.909,0x300,8,02 41 7D C2 CC F2 EA EC,temp=42.00
1779778011.990,0x100,8,00 B7 4F 53 A6 43 41 33,speed=0.00
1779778012.081,0x200,8,D7 64 17 62 EE E6 C9 AA,fuel=100.00
1779778012.183,0x300,8,02 23 7F 57 AD 0D AD 94,temp=42.00
1779778012.317,0x100,8,00 AA DB 98 EB 9D 6A 67,speed=0.00
1779778012.406,0x200,8,7D 64 DF A2 99 2B 32 7A,fuel=100.00
1779778012.462,0x300,8,02 6D 80 65 54 EE D3 72,temp=42.00
1779778012.577,0x100,8,00 55 BA 52 EE 47 96 1A,speed=0.00
1779778012.640,0x200,8,5F 64 46 A1 0B 4A 43 C0,fuel=100.00
1779778012.748,0x300,8,02 DD C4 C4 E5 C0 E1 FF,temp=42.00
1779778012.826,0x100,8,00 E9 4F 03 CF 21 5F AF,speed=0.00
1779778012.916,0x200,8,84 64 5A BA FF AA 7F DF,fuel=100.00
1779778013.046,0x300,8,02 F0 E0 50 EC D3 52 A7,temp=42.00
1779778013.108,0x100,8,00 85 54 07 75 FF A3 0D,speed=0.00
1779778013.220,0x200,8,7B 64 08 5B 00 38 B7 1A,fuel=100.00
1779778013.316,0x300,8,02 D1 F7 74 47 29 D6 E7,temp=42.00
1779778013.408,0x100,8,00 C5 79 B1 DA D4 19 E2,speed=0.00
1779778013.495,0x200,8,7E 64 93 F5 27 C3 EA 8A,fuel=100.00
1779778013.591,0x300,8,02 A2 C5 07 50 56 4C EC,temp=42.00
1779778013.707,0x100,8,00 8B 89 EE A9 51 DC C1,speed=0.00
1779778013.796,0x200,8,8B 64 CB D6 4D A7 8A 34,fuel=100.00
1779778013.881,0x300,8,02 E4 5D B5 3D F4 84 94,temp=42.00
1779778013.972,0x100,8,00 80 D6 73 50 25 CE F7,speed=0.00
1779778014.080,0x200,8,F5 64 23 07 19 75 A6 B5,fuel=100.00
1779778014.157,0x300,8,02 D2 86 C7 07 9F 16 77,temp=42.00
1779778014.257,0x100,8,00 5F 8A 5B 4E C0 26 CE,speed=0.00
1779778014.374,0x200,8,B0 64 EB 33 D2 69 E6 26,fuel=100.00
1779778014.455,0x300,8,02 48 8B A4 32 49 29 72,temp=42.00
1779778014.531,0x100,8,00 05 59 53 93 D3 B9 3E,speed=0.00
1779778014.648,0x200,8,76 64 E3 FF 4B 46 20 9C,fuel=100.00
1779778014.742,0x300,8,02 2E 8E 4C C0 33 A7 7C,temp=42.00
1779778014.798,0x100,8,00 B3 A3 A9 78 3E 13 ED,speed=0.00
1779778014.916,0x200,8,B6 64 A7 5E AD 55 C0 DF,fuel=100.00
1779778015.060,0x300,8,02 75 A9 7D 65 4D 04 82,temp=42.00
1779778015.120,0x100,8,00 06 0C 7A 60 AE C7 ED,speed=0.00
1779778015.194,0x200,8,53 64 4F 1A 83 D0 8E E0,fuel=100.00
1779778015.285,0x300,8,02 20 CF 72 60 B1 3A 8B,temp=42.00
1779778015.381,0x100,8,00 6D 2B C9 A1 D8 CE BC,speed=0.00
1779778015.478,0x200,8,11 64 93 44 7A 20 FB B0,fuel=100.00
1779778015.560,0x300,8,02 12 05 FE 58 44 10 36,temp=42.00
1779778015.635,0x100,8,00 1A A4 3B AB 98 BB 4D,speed=0.00
1779778015.754,0x200,8,62 64 AD BD 35 7B 11 8C,fuel=100.00
1779778015.871,0x300,8,02 F6 71 23 92 DF 26 CE,temp=42.00
1779778015.941,0x100,8,00 6E B0 A3 83 28 4F EC,speed=0.00
1779778016.038,0x200,8,29 64 81 52 46 89 60 47,fuel=100.00
1779778016.128,0x300,8,02 78 E5 22 1C EE DF D4,temp=42.00
1779778016.212,0x100,8,00 D7 4F A4 0C CE 46 81,speed=0.00
1779778016.308,0x200,8,35 64 56 F9 DD F4 1D 6C,fuel=100.00
1779778016.418,0x300,8,02 14 18 90 E2 D7 83 15,temp=42.00
1779778016.612,0x100,8,00 8F 15 D1 F6 B2 B7 B6,speed=0.00
1779778016.678,0x200,8,B5 64 63 89 B9 BE 26 FD,fuel=100.00
1779778016.778,0x300,8,02 FC C0 EF A2 7E 7F 83,temp=42.00
1779778016.863,0x100,8,00 21 16 E1 2F AD 39 89,speed=0.00
1779778016.981,0x200,8,DB 64 A9 91 F9 EC CB E4,fuel=100.00
1779778017.045,0x300,8,02 F4 54 AD 38 45 DB 26,temp=42.00
1779778017.169,0x100,8,00 24 CA 44 06 77 88 81,speed=0.00
1779778017.267,0x200,8,80 64 D1 4A 85 7D F9 4C,fuel=100.00
1779778017.351,0x300,8,02 7E 3A A9 D1 0F C1 0E,temp=42.00
1779778017.442,0x100,8,00 F5 F6 1F EF 9F 54 46,speed=0.00
1779778017.510,0x200,8,24 64 AF FE 86 F9 12 14,fuel=100.00
1779778017.608,0x300,8,02 5F 83 DE FF 43 25 B2,temp=42.00
1779778017.733,0x100,8,00 C5 C3 7B A4 30 3C 31,speed=0.00
1779778017.817,0x200,8,3D 64 42 46 10 EA 47 E6,fuel=100.00
1779778017.950,0x300,8,02 53 3E EF 24 38 7E 1D,temp=42.00
1779778018.022,0x100,8,00 4D 9D 23 9A 2D 15 C8,speed=0.00
1779778018.111,0x200,8,56 64 83 26 AB 3B A2 AD,fuel=100.00
1779778018.181,0x300,8,02 07 E3 F0 E1 11 22 9A,temp=42.00
1779778018.276,0x100,8,00 11 BD 01 26 1F AF 56,speed=0.00
1779778018.367,0x200,8,15 64 E3 35 55 2B 59 C4,fuel=100.00
1779778018.511,0x300,8,02 B4 EB C8 F3 6E AE D8,temp=42.00
1779778018.584,0x100,8,00 44 05 EF F9 97 71 AC,speed=0.00
1779778018.656,0x200,8,51 64 4D 61 57 FD 4C B7,fuel=100.00
1779778018.738,0x300,8,02 7B D8 A3 F6 59 0D EE,temp=42.00
1779778018.848,0x100,8,00 F3 DA 54 18 C8 53 7B,speed=0.00
1779778018.931,0x200,8,90 64 04 C2 74 2F 43 8A,fuel=100.00
1779778019.059,0x300,8,02 A5 D6 25 90 85 57 76,temp=42.00
1779778019.131,0x100,8,00 93 03 43 C3 65 93 50,speed=0.00
1779778019.220,0x200,8,F0 64 39 09 E5 EA F3 FE,fuel=100.00
1779778019.299,0x300,8,02 DD 8E 7D BB 24 0B 04,temp=42.00
1779778019.450,0x100,8,00 A6 41 E9 CE 0C 2B 97,speed=0.00
1779778019.523,0x200,8,3A 64 BB DD CF FB 3E DB,fuel=100.00
1779778019.596,0x300,8,02 F8 79 99 34 47 94 31,temp=42.00
1779778019.695,0x100,8,00 90 7D 8B EF 34 FE 47,speed=0.00
1779778019.821,0x200,8,D0 64 B2 80 BE 95 FC 90,fuel=100.00
1779778019.901,0x300,8,02 8A 71 1B E5 F3 D0 27,temp=42.00
1779778019.970,0x100,8,00 CB 8F 53 A7 3D B6 DE,speed=0.00
1779778020.078,0x200,8,62 64 10 9F 2E 8F 48 18,fuel=100.00
1779778020.138,0x300,8,02 C5 72 87 17 C8 66 BF,temp=42.00
1779778020.284,0x100,8,00 2A 5F 12 69 53 6A D9,speed=0.00
1779778020.375,0x200,8,4F 64 57 C8 31 55 F2 3D,fuel=100.00
1779778020.431,0x300,8,02 CD 8F 57 86 27 06 20,temp=42.00
1779778020.554,0x100,8,00 1A 31 06 52 C3 58 31,speed=0.00
1779778020.654,0x200,8,25 64 03 86 A1 C4 DB 9F,fuel=100.00
1779778020.741,0x300,8,02 2E 12 56 95 59 17 8E,temp=42.00
1779778020.810,0x100,8,00 0D 05 8B 84 FC 3D 32,speed=0.00
1779778020.891,0x200,8,73 64 44 9C 68 AE 5D EF,fuel=100.00
1779778021.000,0x300,8,02 C6 DF 7F 77 D3 F9 A5,temp=42.00
1779778021.113,0x100,8,00 F3 72 EC EE 1B C7 06,speed=0.00
1779778021.181,0x200,8,FD 64 27 70 6C 85 69 BA,fuel=100.00
1779778021.263,0x300,8,02 C1 D6 18 BC BB 74 70,temp=42.00
1779778021.381,0x100,8,00 57 D7 42 44 2A F3 4F,speed=0.00
1779778021.457,0x200,8,E8 64 B7 4D 51 CA 26 71,fuel=100.00
1779778021.580,0x300,8,02 E0 53 30 6B 3E AB 5B,temp=42.00
1779778021.648,0x100,8,00 DA BD F0 A6 F0 53 88,speed=0.00
1779778021.776,0x200,8,98 64 49 B6 14 14 72 6C,fuel=100.00
1779778021.846,0x300,8,02 84 08 6C 3C B1 AA 24,temp=42.00
1779778021.939,0x100,8,00 4E B9 91 AB 28 B4 0B,speed=0.00
1779778022.023,0x200,8,96 64 26 98 91 C2 D0 0B,fuel=100.00
1779778022.128,0x300,8,02 26 E8 F2 BB D2 23 83,temp=42.00
1779778022.205,0x100,8,00 B1 EA 76 75 F3 6D 5F,speed=0.00
1779778022.324,0x200,8,99 64 49 0F A9 D7 C6 71,fuel=100.00
1779778022.387,0x300,8,02 3B 47 7E AB 0C 8E 97,temp=42.00
1779778022.494,0x100,8,00 3D F1 0C 34 8C 85 55,speed=0.00
1779778022.600,0x200,8,73 64 6C ED 13 72 DC E3,fuel=100.00
1779778022.693,0x300,8,02 A5 57 50 47 E5 0D 7B,temp=42.00
1779778022.792,0x100,8,00 12 47 DB 8A FB C9 E2,speed=0.00
1779778022.856,0x200,8,3D 64 B9 0B 56 E7 34 80,fuel=100.00
1779778022.976,0x300,8,02 4D 01 1F 31 C0 DC 5A,temp=42.00
1779778023.076,0x100,8,00 83 00 09 F2 2C C8 90,speed=0.00
1779778023.176,0x200,8,2F 64 1C D9 AB B6 2C 17,fuel=100.00
1779778023.327,0x300,8,02 3A 6D 38 89 DE 56 E6,temp=42.00
1779778023.329,0x100,8,00 30 8B CA 0F 7A 81 93,speed=0.00
1779778023.421,0x200,8,F7 64 CF 00 C9 E0 79 14,fuel=100.00
1779778023.518,0x300,8,02 6C B8 28 30 48 21 C4,temp=42.00
1779778023.625,0x100,8,00 FA AC F6 58 5A 3D AC,speed=0.00
1779778023.735,0x200,8,6E 64 86 64 27 69 01 BF,fuel=100.00
1779778023.801,0x300,8,02 39 78 00 3B B6 48 E4,temp=42.00
1779778023.905,0x100,8,00 54 A0 12 8B 8D BB 56,speed=0.00
1779778023.998,0x200,8,A7 64 78 D0 E6 43 C4 30,fuel=100.00
1779778024.098,0x300,8,02 AA 16 88 73 62 07 82,temp=42.00
1779778024.205,0x100,8,00 9D 39 E1 F1 65 39 D2,speed=0.00
1779778024.267,0x200,8,06 64 BA BA 4F 37 77 FB,fuel=100.00
1779778024.367,0x300,8,02 29 77 84 A2 61 80 81,temp=42.00
1779778024.487,0x100,8,00 4B 6F E9 98 42 88 08,speed=0.00
1779778024.591,0x200,8,90 64 90 58 90 B0 37 4F,fuel=100.00
1779778024.644,0x300,8,02 E9 13 2D 7B 48 57 21,temp=42.00
1779778024.753,0x100,8,00 F3 7D F5 DE 89 96 69,speed=0.00
1779778024.862,0x200,8,82 64 9F F9 B1 FF B0 71,fuel=100.00
1779778024.922,0x300,8,02 58 63 DB A4 CB 73 0B,temp=42.00
1779778025.041,0x100,8,00 EA 20 B8 DE A8 68 45,speed=0.00
1779778025.206,0x200,8,33 64 57 75 8D 83 29 A9,fuel=100.00
1779778025.304,0x300,8,02 65 3A 44 FD 3F D1 37,temp=42.00
1779778025.399,0x100,8,00 8D 28 B0 3E 9B 1A 5E,speed=0.00
1779778025.501,0x200,8,D9 64 99 6E A1 BB 01 CF,fuel=100.00
1779778025.595,0x300,8,02 2A 56 F7 A8 5F B8 9B,temp=42.00
1779778025.690,0x100,8,00 C4 17 FD 6E 06 C5 83,speed=0.00
1779778025.792,0x200,8,76 64 E4 C3 4E C2 E8 C1,fuel=100.00
1779778025.859,0x300,8,02 47 AA 5C 65 CB 17 BB,temp=42.00
1779778025.965,0x100,8,00 E5 8E 03 FB C6 98 41,speed=0.00
1779778026.051,0x200,8,65 64 CF DE FE BB 96 33,fuel=100.00
1779778026.164,0x300,8,02 07 F9 DE 4C 40 00 A9,temp=42.00
1779778026.231,0x100,8,00 2E B1 12 A0 2A 49 6F,speed=0.00
1779778026.345,0x200,8,A3 64 B6 80 49 DE 97 1D,fuel=100.00
1779778026.467,0x300,8,02 F6 00 65 FA C1 2A DB,temp=42.00
1779778026.541,0x100,8,00 D7 AC 32 96 33 C7 53,speed=0.00
1779778026.657,0x200,8,19 64 6D 0E 3A 42 79 E5,fuel=100.00
1779778026.724,0x300,8,02 4D E9 80 FB 07 B2 B1,temp=42.00
1779778026.793,0x100,8,00 AE 67 BE D5 4F AA 06,speed=0.00
1779778026.936,0x200,8,49 64 76 4A D5 84 89 0D,fuel=100.00
1779778026.979,0x300,8,02 DD 80 EE 9F A7 B2 5D,temp=42.00
1779778027.098,0x100,8,00 E3 3E FE 06 F3 F1 A1,speed=0.00
1779778027.208,0x200,8,77 64 70 68 42 07 A8 5E,fuel=100.00
1779778027.281,0x300,8,02 EE 7D FB 43 46 59 E9,temp=42.00
1779778027.393,0x100,8,00 E1 7A 2C 0F 0C 83 67,speed=0.00
1779778027.460,0x200,8,8C 64 47 0D 8A 7E AC 9D,fuel=100.00
1779778027.572,0x300,8,02 86 1A A9 1C E6 0C 9D,temp=42.00
1779778027.637,0x100,8,00 0B D3 96 8F 5C 69 D1,speed=0.00
1779778027.755,0x200,8,38 64 D4 2A A8 63 AC B1,fuel=100.00
1779778027.824,0x300,8,02 A3 F4 53 AC 63 02 7E,temp=42.00
1779778027.923,0x100,8,00 50 44 2C 86 CE 6A 2C,speed=0.00
1779778028.059,0x200,8,86 64 92 52 C7 DD 31 95,fuel=100.00
1779778028.126,0x300,8,02 84 B1 30 64 98 B8 E4,temp=42.00
1779778028.256,0x100,8,00 B4 27 FC DE 71 A6 04,speed=0.00
1779778028.325,0x200,8,EB 64 2A 0C 25 7A 8A 24,fuel=100.00
1779778028.448,0x300,8,02 C4 03 B2 F3 4D 3C C1,temp=42.00
1779778028.517,0x100,8,00 45 4D B5 E0 F4 83 94,speed=0.00
1779778028.633,0x200,8,0C 64 DC 66 BD 4C 7F FF,fuel=100.00
1779778028.697,0x300,8,02 55 B6 F7 91 1B 6A E0,temp=42.00
1779778028.779,0x100,8,00 0C 48 77 02 92 B6 60,speed=0.00
1779778028.911,0x200,8,B4 64 90 D4 40 5D E3 D1,fuel=100.00
1779778028.982,0x300,8,02 1C B0 7C 35 D7 BB 77,temp=42.00
1779778029.059,0x100,8,00 72 07 FF 84 93 F1 56,speed=0.00
1779778029.177,0x200,8,6A 64 23 D5 CE 07 68 4B,fuel=100.00
1779778029.284,0x300,8,02 59 25 1E 3E 5E 77 B8,temp=42.00
1779778029.358,0x100,8,00 33 AC 47 2E 86 D4 A0,speed=0.00
1779778029.423,0x200,8,A1 64 7E 4E BD FA E9 C9,fuel=100.00
1779778029.549,0x300,8,02 3D 4E AF 01 F8 4E AE,temp=42.00
1779778029.657,0x100,8,00 D5 48 D5 EC 36 56 8E,speed=0.00
1779778029.725,0x200,8,F6 64 73 22 05 3E F3 82,fuel=100.00
1779778029.835,0x300,8,02 52 BD 31 53 87 A7 D9,temp=42.00
1779778029.897,0x100,8,00 0F E9 39 59 0F DC CE,speed=0.00
1779778030.016,0x200,8,32 64 84 14 26 EE 46 9E,fuel=100.00
1779778030.210,0x300,8,02 71 FA A5 0B 50 79 CA,temp=42.00
1779778030.273,0x100,8,00 28 BF D2 B1 E5 58 54,speed=0.00
1779778030.411,0x200,8,F7 64 DE 54 36 9F C1 0E,fuel=100.00
1779778030.474,0x300,8,02 B4 D1 89 26 D8 27 CB,temp=42.00
1779778030.591,0x100,8,00 6A CF BC 87 E7 02 D4,speed=0.00
1779778030.672,0x200,8,3C 64 17 19 83 39 66 B1,fuel=100.00
1779778030.741,0x300,8,02 1E 33 EA 17 C1 06 47,temp=42.00
1779778030.873,0x100,8,00 FF EC 11 09 94 5A 1B,speed=0.00
1779778030.924,0x200,8,A8 64 F3 C6 5D 82 1E 76,fuel=100.00
1779778031.055,0x300,8,02 9E 4F AF 7E 53 68 75,temp=42.00
1779778031.142,0x100,8,00 EE 71 8E 18 1A ED 85,speed=0.00
1779778031.207,0x200,8,39 64 6C 58 1E E5 73 0E,fuel=100.00
1779778031.324,0x300,8,02 83 50 69 31 06 7E BE,temp=42.00
1779778031.387,0x100,8,00 86 F7 7A EE 6C 01 0F,speed=0.00
1779778031.494,0x200,8,2F 64 DD CC 1A 1A 22 15,fuel=100.00
1779778031.626,0x300,8,02 96 01 62 07 4B EB EB,temp=42.00
1779778031.700,0x100,8,00 80 3B 8D 0C 86 12 1A,speed=0.00
1779778031.781,0x200,8,02 64 CA A1 E0 8F D9 7F,fuel=100.00
1779778031.887,0x300,8,02 36 A2 96 9E ED 95 9D,temp=42.00
1779778031.977,0x100,8,00 52 26 68 FD 31 D3 3F,speed=0.00
1779778032.091,0x200,8,A1 64 20 AF 4E 5B 24 09,fuel=100.00
1779778032.158,0x300,8,02 87 E3 AB 67 C4 D1 0F,temp=42.00
1779778032.272,0x100,8,00 85 2C 20 18 F3 88 40,speed=0.00
1779778032.394,0x200,8,35 64 A0 B4 2A AA 0E 6D,fuel=100.00
1779778032.470,0x300,8,02 9D 02 22 14 D4 7A 62,temp=42.00
1779778032.534,0x100,8,00 17 3A 2A 36 5B 0F E9,speed=0.00
1779778032.653,0x200,8,7F 64 3A EB D8 67 DC 08,fuel=100.00
1779778032.721,0x300,8,02 15 1D 75 21 DE 06 57,temp=42.00
1779778032.824,0x100,8,00 8E 54 60 15 ED 96 4A,speed=0.00
1779778032.943,0x200,8,FF 64 C6 9C F0 C8 E5 9A,fuel=100.00
1779778032.999,0x300,8,02 7A 5A C6 AF FE F1 9A,temp=42.00
1779778033.126,0x100,8,00 C9 BE B9 36 2E E1 FA,speed=0.00
1779778033.241,0x200,8,2F 64 79 FE 08 00 9E 0D,fuel=100.00
1779778033.299,0x300,8,02 AD 17 D0 53 0D FC E4,temp=42.00
1779778033.412,0x100,8,00 E0 69 44 85 C0 F0 1A,speed=0.00
1779778033.471,0x200,8,2D 64 F2 36 D3 C4 86 A0,fuel=100.00
1779778033.608,0x300,8,02 34 45 16 14 DA 5A 95,temp=42.00
1779778033.670,0x100,8,00 AD 3D E6 D4 D7 36 D1,speed=0.00
1779778033.744,0x200,8,12 64 53 8E ED 35 BD D6,fuel=100.00
1779778033.879,0x300,8,02 24 68 6D C1 45 37 D4,temp=42.00
1779778033.958,0x100,8,00 ED C5 01 61 71 80 94,speed=0.00
1779778034.044,0x200,8,CC 64 EA 54 76 50 FC 6E,fuel=100.00
1779778034.176,0x300,8,02 60 68 46 02 C6 C6 1F,temp=42.00
1779778034.257,0x100,8,00 12 3C 07 AB 25 60 90,speed=0.00
1779778034.323,0x200,8,19 64 E0 5B CD 3B 8E BC,fuel=100.00
1779778034.445,0x300,8,02 CF 31 00 A9 B7 15 76,temp=42.00
1779778034.526,0x100,8,00 A2 33 43 E7 D6 58 FE,speed=0.00
1779778034.605,0x200,8,43 64 BC D3 E5 5A A8 61,fuel=100.00
1779778034.731,0x300,8,02 E6 1D 65 81 4A BB F0,temp=42.00
1779778034.807,0x100,8,00 CD 4C 11 43 BB D3 A3,speed=0.00
1779778034.911,0x200,8,B9 64 FD B0 B3 ED B5 53,fuel=100.00
1779778034.997,0x300,8,02 1D B5 A2 8A 39 99 E2,temp=42.00
1779778035.101,0x100,8,00 4D 07 2A B2 B4 88 6C,speed=0.00
1779778035.171,0x200,8,31 64 E5 F8 6A 62 9D 83,fuel=100.00
1779778035.295,0x300,8,02 19 92 A4 E6 D9 78 C1,temp=42.00
1779778035.356,0x100,8,00 13 3F 65 30 65 E4 96,speed=0.00
1779778035.435,0x200,8,DC 64 27 77 61 2F AD 45,fuel=100.00
1779778035.550,0x300,8,02 8C 52 77 81 F1 7E 47,temp=42.00
1779778035.679,0x100,8,00 75 CE 0D 0C D1 5B AC,speed=0.00
1779778035.727,0x200,8,92 64 B8 8B 1C 31 81 73,fuel=100.00
1779778035.842,0x300,8,02 4F B3 C4 37 83 35 B3,temp=42.00
1779778035.921,0x100,8,00 F2 7A 34 D4 19 DA F3,speed=0.00
1779778036.074,0x200,8,2B 64 B4 9A BA 8C 68 D6,fuel=100.00
1779778036.141,0x300,8,02 89 94 72 00 39 16 0F,temp=42.00
1779778036.189,0x100,8,00 3C B1 FE BA DB 4C A3,speed=0.00
1779778036.321,0x200,8,DF 64 36 11 05 B9 A2 63,fuel=100.00
1779778036.375,0x300,8,02 79 D8 0D 0F 63 78 72,temp=42.00
1779778036.500,0x100,8,00 0F 6C CD 70 A1 15 1A,speed=0.00
1779778036.570,0x200,8,78 64 D3 92 5E 9B 49 5E,fuel=100.00
1779778036.699,0x300,8,02 19 9D 97 3D 7F EF AB,temp=42.00
1779778036.774,0x100,8,00 FC E9 B2 DF E4 E1 50,speed=0.00
1779778036.838,0x200,8,C2 64 1B 03 3B 7D D8 9E,fuel=100.00
1779778036.977,0x300,8,02 13 77 BB 63 2A 99 4B,temp=42.00
1779778037.159,0x100,8,00 7B 3C 17 14 C3 CA BA,speed=0.00
1779778037.231,0x200,8,48 64 52 03 9C 42 1D F2,fuel=100.00
1779778037.313,0x300,8,02 73 F0 BD 02 06 8D 7F,temp=42.00
1779778037.406,0x100,8,00 9D 98 86 9F EF EE B2,speed=0.00
1779778037.510,0x200,8,BB 64 44 46 4A E3 52 33,fuel=100.00
1779778037.625,0x300,8,02 AD AB C6 22 36 93 00,temp=42.00
1779778037.744,0x100,8,00 ED 2D 69 81 22 5D 7E,speed=0.00
1779778037.795,0x200,8,EA 64 CA 8A 43 49 67 08,fuel=100.00
1779778037.903,0x300,8,02 30 89 28 DC DB F6 38,temp=42.00
1779778037.991,0x100,8,00 24 99 6D DE 12 23 ED,speed=0.00
1779778038.082,0x200,8,7F 64 DC AC 55 3D 17 E3,fuel=100.00
1779778038.177,0x300,8,02 44 64 53 B7 63 53 81,temp=42.00
1779778038.276,0x100,8,00 47 27 8C 31 09 81 FA,speed=0.00
1779778038.368,0x200,8,A1 64 BB 41 38 E5 CA 15,fuel=100.00
1779778038.481,0x300,8,02 D5 39 BC FA FE 04 05,temp=42.00
1779778038.575,0x100,8,00 E2 9D D8 E3 EE 10 53,speed=0.00
1779778038.625,0x200,8,95 64 A8 5E 05 BB C5 68,fuel=100.00
1779778038.762,0x300,8,02 86 0A C7 15 C5 4B 44,temp=42.00
1779778038.817,0x100,8,00 23 A9 EE 90 4C D1 32,speed=0.00
1779778038.924,0x200,8,3F 64 F4 6C 86 26 4C E1,fuel=100.00
1779778039.001,0x300,8,02 43 9A CA AC CA 84 7F,temp=42.00
1779778039.094,0x100,8,00 54 D3 22 AE 5D 62 68,speed=0.00
1779778039.188,0x200,8,2A 64 47 7C CD 51 10 0C,fuel=100.00
1779778039.304,0x300,8,02 33 5D 87 73 4A DD 65,temp=42.00
1779778039.392,0x100,8,00 96 2C EE 2E AB 7A 12,speed=0.00
1779778039.480,0x200,8,F7 64 65 4E E9 1F 2D 40,fuel=100.00
1779778039.567,0x300,8,02 BB A9 CE 15 B1 25 26,temp=42.00
1779778039.678,0x100,8,00 FD FC 12 A3 42 64 C0,speed=0.00
1779778039.792,0x200,8,39 64 BF 67 73 BE 69 F9,fuel=100.00
1779778039.864,0x300,8,02 A5 D9 9C 01 82 E7 92,temp=42.00
1779778039.963,0x100,8,00 83 AE 62 45 DC 89 E4,speed=0.00
1779778040.049,0x200,8,1F 64 39 3C DC C1 12 5F,fuel=100.00
1779778040.155,0x300,8,02 38 C5 F3 A2 F6 32 E5,temp=42.00
1779778040.217,0x100,8,00 CC BE 9E C6 2A 69 49,speed=0.00
1779778040.324,0x200,8,38 64 1A 1D B9 21 D8 22,fuel=100.00
1779778040.414,0x300,8,02 74 F3 2F C7 92 10 25,temp=42.00
1779778040.516,0x100,8,00 03 32 00 E5 79 83 15,speed=0.00
1779778040.611,0x200,8,B1 64 52 A9 C2 50 E9 BD,fuel=100.00
1779778040.707,0x300,8,02 C3 CC EA 04 76 4C AA,temp=42.00
1779778040.808,0x100,8,00 D4 30 B2 48 79 78 67,speed=0.00
1779778040.877,0x200,8,F3 64 C2 9F 48 BF 15 67,fuel=100.00
1779778040.975,0x300,8,02 74 39 A9 58 20 31 79,temp=42.00
1779778041.068,0x100,8,00 E6 08 F5 41 E0 1D 1B,speed=0.00
1779778041.162,0x200,8,57 64 EA 5B BE 37 30 90,fuel=100.00
1779778041.257,0x300,8,02 A4 F1 BC 71 BD DE A9,temp=42.00
1779778041.366,0x100,8,00 2F F6 31 CF C9 AC 94,speed=0.00
1779778041.470,0x200,8,F3 64 BE CF C2 99 BE 66,fuel=100.00
1779778041.537,0x300,8,02 07 49 A9 01 FF 38 4D,temp=42.00
1779778041.623,0x100,8,00 65 E9 10 07 04 D5 09,speed=0.00
1779778041.731,0x200,8,05 64 1D 00 8A DB 54 EB,fuel=100.00
1779778041.816,0x300,8,02 2E 35 36 E8 61 AE A0,temp=42.00
1779778041.916,0x100,8,00 9C 18 1A 58 91 7C 7D,speed=0.00
1779778042.015,0x200,8,F0 64 07 0E ED 6F 0A AC,fuel=100.00
1779778042.106,0x300,8,02 4B 98 DA DB D8 B1 C6,temp=42.00
1779778042.216,0x100,8,00 5F EC 30 CF 93 66 3B,speed=0.00
1779778042.276,0x200,8,23 64 A6 C1 05 B4 7B 5C,fuel=100.00
1779778042.425,0x300,8,02 A6 A9 0C 59 7F F2 4A,temp=42.00
1779778042.498,0x100,8,00 9F 44 E6 43 DD 88 48,speed=0.00
1779778042.560,0x200,8,0D 64 18 35 72 02 43 26,fuel=100.00
1779778042.675,0x300,8,02 73 BA DD 70 87 7A 70,temp=42.00
1779778042.766,0x100,8,00 44 8E 6F 62 97 4B E8,speed=0.00
1779778042.887,0x200,8,B6 64 95 CC 3C 30 CA 49,fuel=100.00
1779778042.937,0x300,8,02 CB FE 3A 19 72 70 A7,temp=42.00
1779778043.040,0x100,8,00 8B CA E6 1F 2F 55 35,speed=0.00
1779778043.163,0x200,8,CC 64 13 3D C8 68 54 2E,fuel=100.00
1779778043.235,0x300,8,02 8B 83 5A 77 63 5E CB,temp=42.00
1779778043.333,0x100,8,00 2F C6 5A 8F 3A FC E3,speed=0.00
1779778043.401,0x200,8,9E 64 6F 89 68 CE 24 7F,fuel=100.00
1779778043.516,0x300,8,02 42 24 92 29 DD 53 FF,temp=42.00
1779778043.616,0x100,8,00 2C 96 83 9B 70 FC 05,speed=0.00
1779778043.712,0x200,8,8A 64 3E 47 06 D6 B6 D5,fuel=100.00
1779778043.783,0x300,8,02 3C 61 20 9B 55 95 A2,temp=42.00
1779778043.894,0x100,8,00 AA DC C3 9F B3 7F E0,speed=0.00
1779778043.981,0x200,8,21 64 9B 07 4B CC E6 8F,fuel=100.00
1779778044.080,0x300,8,02 F1 60 C8 4F 63 BE 8F,temp=42.00
1779778044.192,0x100,8,00 23 CB E1 E2 60 8F 03,speed=0.00
1779778044.259,0x200,8,9B 64 2A 8F 4B C0 85 18,fuel=100.00
1779778044.376,0x300,8,02 06 67 68 C4 C7 40 B8,temp=42.00
1779778044.453,0x100,8,00 44 B9 39 15 E7 5F 01,speed=0.00
1779778044.562,0x200,8,48 64 50 E0 B8 00 7F 87,fuel=100.00
1779778044.727,0x300,8,02 1E 32 28 C5 3F 1C FF,temp=42.00
1779778044.823,0x100,8,00 1A C8 6F 96 E9 A1 31,speed=0.00
1779778044.924,0x200,8,C5 64 7A 5D 4D 17 33 C0,fuel=100.00
1779778045.022,0x300,8,02 1C 11 8C 09 26 CF 26,temp=42.00
1779778045.121,0x100,8,00 89 28 A4 BD FD 21 33,speed=0.00
1779778045.229,0x200,8,00 64 CC 21 05 DE 7D 5E,fuel=100.00
1779778045.299,0x300,8,02 46 BF E3 82 A8 5C D2,temp=42.00
1779778045.411,0x100,8,00 64 5B 9B 72 70 51 F2,speed=0.00
1779778045.470,0x200,8,F9 64 E8 27 15 E8 C2 88,fuel=100.00
1779778045.599,0x300,8,02 4A 7D FD A4 39 55 37,temp=42.00
1779778045.660,0x100,8,00 9E 53 D8 5F 23 FE 1E,speed=0.00
1779778045.784,0x200,8,CA 64 68 50 DA 13 82 80,fuel=100.00
1779778045.840,0x300,8,02 44 53 38 B2 A4 90 22,temp=42.00
1779778045.939,0x100,8,00 6B C3 B2 34 F4 F8 DB,speed=0.00
1779778046.066,0x200,8,DF 64 13 06 8A AF 01 51,fuel=100.00
1779778046.133,0x300,8,02 A6 DB 34 2D FB 33 BB,temp=42.00
1779778046.225,0x100,8,00 B0 23 E3 41 B6 84 A0,speed=0.00
1779778046.330,0x200,8,41 64 5F 50 2E 7D F3 62,fuel=100.00
1779778046.455,0x300,8,02 90 CF CC 5A DE 22 8C,temp=42.00
1779778046.495,0x100,8,00 63 2C C0 C4 B6 FC 98,speed=0.00
1779778046.610,0x200,8,A9 64 18 A9 26 62 62 1B,fuel=100.00
1779778046.721,0x300,8,02 34 B4 30 5C 63 50 CE,temp=42.00
1779778046.787,0x100,8,00 09 88 BF 1D 78 84 50,speed=0.00
1779778046.906,0x200,8,A0 64 5A B1 8A D0 C1 2C,fuel=100.00
1779778046.993,0x300,8,02 E9 1F 72 4B 4B D9 57,temp=42.00
1779778047.082,0x100,8,00 28 7B 80 50 D3 17 E2,speed=0.00
1779778047.189,0x200,8,DC 64 1B 81 98 CB 32 0C,fuel=100.00
1779778047.279,0x300,8,02 7E 92 B6 B6 0A 92 6A,temp=42.00
1779778047.384,0x100,8,00 20 0B 00 33 AA 00 00,speed=0.00
1779778047.440,0x200,8,7F 64 F8 C6 50 18 67 85,fuel=100.00
1779778047.561,0x300,8,02 6F E3 21 C5 1D A8 FD,temp=42.00
1779778047.650,0x100,8,00 49 38 70 7A 76 07 CB,speed=0.00
1779778047.741,0x200,8,04 64 D2 35 8C 07 7C C8,fuel=100.00
1779778047.841,0x300,8,02 28 5D 0C 5E 4B D9 E1,temp=42.00
1779778047.915,0x100,8,00 5A 09 6E 53 74 DD 11,speed=0.00
1779778048.031,0x200,8,B8 64 A5 84 F1 68 C9 E9,fuel=100.00
1779778048.128,0x300,8,02 0D 44 1A B9 21 F2 08,temp=42.00
1779778048.237,0x100,8,00 FC CC DF E4 8D 50 C2,speed=0.00
1779778048.288,0x200,8,7E 64 2B D4 7B 9D 75 A3,fuel=100.00
1779778048.369,0x300,8,02 A9 46 9A 39 40 AC 85,temp=42.00
1779778048.502,0x100,8,00 EB C9 0C A4 66 F9 B3,speed=0.00
1779778048.559,0x200,8,5F 64 C1 1A 5D E4 99 96,fuel=100.00
1779778048.667,0x300,8,02 B7 22 55 CC 8E C9 09,temp=42.00
1779778048.767,0x100,8,00 BD 11 30 BF 19 B2 CF,speed=0.00
1779778048.851,0x200,8,AF 64 0D CF 5D 71 4A 1D,fuel=100.00
1779778048.939,0x300,8,02 E6 9A 27 65 FE E7 B4,temp=42.00
1779778049.070,0x100,8,00 E3 40 0F E2 1D 7B 74,speed=0.00
1779778049.161,0x200,8,98 64 94 86 AA 7B 57 E3,fuel=100.00
1779778049.259,0x300,8,02 76 A6 86 4E D3 22 8D,temp=42.00
1779778049.353,0x100,8,00 C2 57 B9 DB 77 50 0F,speed=0.00
1779778049.414,0x200,8,77 64 AE 5F C0 74 46 08,fuel=100.00
1779778049.532,0x300,8,02 A2 D2 D3 7E BA CC 58,temp=42.00
1779778049.599,0x100,8,00 3F 6B A8 2C 22 1B 81,speed=0.00
1779778049.715,0x200,8,72 64 A2 F4 2C 31 3D 57,fuel=100.00
1779778049.818,0x300,8,02 56 0A 71 EC 59 EE 0A,temp=42.00
1779778049.908,0x100,8,00 26 0C 57 99 20 50 6C,speed=0.00
1779778049.999,0x200,8,35 64 64 7A 21 CF 5E 74,fuel=100.00
1779778050.101,0x300,8,02 8D E5 90 E8 5D 85 16,temp=42.00
1779778050.179,0x100,8,00 A9 8D 86 96 D5 CC C1,speed=0.00
1779778050.267,0x200,8,3F 64 12 CE EC FC 97 6C,fuel=100.00
1779778050.369,0x300,8,02 FF 9F A8 5C 65 11 41,temp=42.00
1779778050.491,0x100,8,00 46 66 63 C6 04 C5 27,speed=0.00
1779778050.542,0x200,8,1B 64 30 0B 8B FE AE C8,fuel=100.00
1779778050.640,0x300,8,02 02 A9 77 AD FF 17 83,temp=42.00
1779778050.757,0x100,8,00 13 15 2D EB D1 C9 68,speed=0.00
1779778050.824,0x200,8,57 64 1A BB C3 D8 DE 2B,fuel=100.00
1779778050.906,0x300,8,02 76 F4 E7 0D DC 56 9F,temp=42.00
1779778051.033,0x100,8,00 A4 A0 FA 0D E0 EC 9B,speed=0.00
1779778051.125,0x200,8,99 64 24 69 EF D7 92 5E,fuel=100.00
1779778051.212,0x300,8,02 A2 84 B0 03 74 3C E5,temp=42.00
1779778051.323,0x100,8,00 D9 D0 77 12 8D EF 4C,speed=0.00
1779778051.384,0x200,8,2C 64 D7 D2 43 0E 81 0D,fuel=100.00
1779778051.496,0x300,8,02 CE 21 B8 5F 36 18 E6,temp=42.00
1779778051.596,0x100,8,00 CE F9 85 4F 39 A2 0C,speed=0.00
1779778051.656,0x200,8,88 64 F2 79 00 3B CE F8,fuel=100.00
1779778051.774,0x300,8,02 10 E5 67 CF C3 AF 11,temp=42.00
1779778051.841,0x100,8,00 2E D7 39 E7 4C BA 53,speed=0.00
1779778051.939,0x200,8,8C 64 23 B0 53 FF 7F 7B,fuel=100.00
1779778052.048,0x300,8,02 00 3B D7 A6 0F 02 57,temp=42.00
1779778052.142,0x100,8,00 79 3B 4D A7 9C 06 CD,speed=0.00
1779778052.230,0x200,8,03 64 1E 30 80 26 F6 A9,fuel=100.00
1779778052.329,0x300,8,02 6E 00 01 BD 47 02 E8,temp=42.00
1779778052.449,0x100,8,00 40 12 1F C8 D5 BE 4A,speed=0.00
1779778052.515,0x200,8,DE 64 8B CB 0F 38 F2 5F,fuel=100.00
1779778052.724,0x300,8,02 55 27 8F F5 2D 94 4E,temp=42.00
1779778052.788,0x100,8,00 8B BA 6E 58 17 71 DF,speed=0.00
1779778052.908,0x200,8,D3 64 FA 6A 6F 5E C7 F0,fuel=100.00
1779778052.959,0x300,8,02 A2 79 01 15 74 7D 9A,temp=42.00
1779778053.050,0x100,8,00 74 B7 9F B4 FC 3D 09,speed=0.00
1779778053.192,0x200,8,91 64 22 73 E6 40 DD 0C,fuel=100.00
1779778053.242,0x300,8,02 12 7D 64 73 75 2A 81,temp=42.00
1779778053.344,0x100,8,00 A6 B3 E5 A4 F4 E7 72,speed=0.00
1779778053.448,0x200,8,14 64 9F 6A 2D 49 00 5B,fuel=100.00
1779778053.518,0x300,8,02 E7 17 EA 5D 1E 75 76,temp=42.00
1779778053.613,0x100,8,00 41 7E 82 6C 89 FA CF,speed=0.00
1779778053.717,0x200,8,F3 64 6E 97 D2 F1 BC 7E,fuel=100.00
1779778053.826,0x300,8,02 96 29 E8 A6 95 EA 2F,temp=42.00
1779778053.886,0x100,8,00 DE C6 B5 8B 54 2A 62,speed=0.00
1779778054.004,0x200,8,1C 64 4E B3 DE 0C B2 57,fuel=100.00
1779778054.077,0x300,8,02 8F 1D A7 6F DE D0 88,temp=42.00
1779778054.182,0x100,8,00 F2 C0 E5 8A 51 6E E9,speed=0.00
1779778054.275,0x200,8,FD 64 33 FD 23 32 AA AE,fuel=100.00
1779778054.410,0x300,8,02 FB 16 6A 18 92 11 52,temp=42.00
1779778054.473,0x100,8,00 D0 2B E5 1C 3B 61 51,speed=0.00
1779778054.593,0x200,8,04 64 B8 6A 9D 92 5F 33,fuel=100.00
1779778054.646,0x300,8,02 20 FE BB D3 08 3F 10,temp=42.00
1779778054.731,0x100,8,00 3B 66 0C 3C 74 B4 1B,speed=0.00
1779778054.867,0x200,8,D8 64 20 52 04 E3 3B C6,fuel=100.00
1779778054.918,0x300,8,02 A3 28 26 12 A2 0B 87,temp=42.00
1779778055.020,0x100,8,00 3F F0 6C 29 BF 49 9F,speed=0.00
1779778055.117,0x200,8,E3 64 37 1F 78 1C A3 0B,fuel=100.00
1779778055.217,0x300,8,02 73 E7 C8 A4 D2 32 B1,temp=42.00
1779778055.316,0x100,8,00 93 C9 F4 31 D9 14 C7,speed=0.00
1779778055.419,0x200,8,47 64 AA 36 19 76 2A 0E,fuel=100.00
1779778055.523,0x300,8,02 99 DA 71 22 4E 43 AB,temp=42.00
1779778055.584,0x100,8,00 3C D0 D4 0D F7 04 33,speed=0.00
1779778055.680,0x200,8,66 64 95 90 2C EB 9A C0,fuel=100.00
1779778055.771,0x300,8,02 02 C5 A8 EE BF CA AE,temp=42.00
1779778055.866,0x100,8,00 9E 10 FC F3 6A BE 20,speed=0.00
1779778055.975,0x200,8,61 64 ED 59 A5 05 55 1C,fuel=100.00
1779778056.066,0x300,8,02 4F 07 07 29 43 BA 98,temp=42.00
1779778056.163,0x100,8,00 24 83 ED 8B A0 80 28,speed=0.00
1779778056.263,0x200,8,FE 64 1F 43 2C 8E 54 CB,fuel=100.00
1779778056.355,0x300,8,02 56 F6 50 57 D1 21 C5,temp=42.00
1779778056.463,0x100,8,00 32 B5 39 60 71 14 9C,speed=0.00
1779778056.527,0x200,8,6B 64 1B 8F EA 07 6E D7,fuel=100.00
1779778056.618,0x300,8,02 AC 66 19 EF E7 F6 E3,temp=42.00
1779778056.718,0x100,8,00 A6 84 7D 80 0E 0C C8,speed=0.00
1779778056.814,0x200,8,90 64 89 5B 8E 03 ED 2E,fuel=100.00
1779778056.891,0x300,8,02 1A 5E 3A ED 08 CD 91,temp=42.00
1779778056.991,0x100,8,00 3E 82 C1 81 8D 02 1F,speed=0.00
1779778057.086,0x200,8,00 64 3F 69 C3 BE 0A D3,fuel=100.00
1779778057.171,0x300,8,02 89 EB 54 69 0B F6 67,temp=42.00
1779778057.304,0x100,8,00 28 83 B8 A0 53 70 51,speed=0.00
1779778057.357,0x200,8,13 64 70 31 7A 1E 0F 75,fuel=100.00
1779778057.489,0x300,8,02 E2 5F 8B 5C 12 BD EE,temp=42.00
1779778057.582,0x100,8,00 0C B8 86 85 57 1A C5,speed=0.00
1779778057.679,0x200,8,83 64 00 4C 16 89 3F C5,fuel=100.00
1779778057.766,0x300,8,02 46 03 18 67 89 0C 24,temp=42.00
1779778057.826,0x100,8,00 94 1B C6 F7 9E FC 13,speed=0.00
1779778057.942,0x200,8,1D 64 23 28 C2 A9 17 2B,fuel=100.00
1779778058.027,0x300,8,02 82 83 A4 2D 14 6B F1,temp=42.00
1779778058.144,0x100,8,00 37 6D F8 0F A2 6E 24,speed=0.00
1779778058.206,0x200,8,27 64 87 2B C0 6C FE A7,fuel=100.00
1779778058.305,0x300,8,02 E1 31 05 60 25 FA 1A,temp=42.00
1779778058.396,0x100,8,00 D3 2F 56 7C BC 82 27,speed=0.00
1779778058.497,0x200,8,B7 64 FC 81 FF 8B D5 80,fuel=100.00
1779778058.587,0x300,8,02 72 59 64 53 DE 34 40,temp=42.00
1779778058.678,0x100,8,00 2E 6B 2B 60 69 F5 B2,speed=0.00
1779778058.772,0x200,8,49 64 48 5E A8 E0 1D BA,fuel=100.00
1779778058.881,0x300,8,02 75 66 74 7F DD 5C A0,temp=42.00
1779778058.965,0x100,8,00 A2 C1 3C 9A 27 DB 3E,speed=0.00
1779778059.065,0x200,8,60 64 DF E5 AC C6 AD C7,fuel=100.00
1779778059.165,0x300,8,02 9D 3B BF E8 E3 A5 BE,temp=42.00
1779778059.261,0x100,8,00 67 96 A0 DC 95 90 2C,speed=0.00
1779778059.363,0x200,8,A3 64 7B F6 D0 62 96 88,fuel=100.00
1779778059.447,0x300,8,02 54 EC D8 65 4F 06 0F,temp=42.00
1779778059.531,0x100,8,00 2F 27 BA 0A 9C 8A F1,speed=0.00
1779778059.670,0x200,8,74 64 AD FF F6 88 C7 65,fuel=100.00
1779778059.713,0x300,8,02 4D 3A 41 E5 7A C3 C6,temp=42.00
1779778059.807,0x100,8,00 94 B0 12 11 85 6E 62,speed=0.00
1779778059.913,0x200,8,58 64 5A 3F 70 F1 36 CA,fuel=100.00
1779778060.002,0x300,8,02 16 F5 BB 73 73 F7 65,temp=42.00
1779778060.104,0x100,8,00 8A 6E 73 96 8C 43 56,speed=0.00
1779778060.185,0x200,8,F2 64 D8 FE 89 66 64 E8,fuel=100.00
1779778060.276,0x300,8,02 6F 88 E5 49 20 FA DD,temp=42.00
1779778060.367,0x100,8,00 32 80 DC A6 19 2C 99,speed=0.00
1779778060.461,0x200,8,A8 64 A8 B3 21 DA 06 0E,fuel=100.00
1779778060.567,0x300,8,02 77 B0 0F 32 2E 68 25,temp=42.00
1779778060.662,0x100,8,00 92 B8 B4 16 CC 86 EF,speed=0.00
1779778060.775,0x200,8,E5 64 8A EF 4D 77 62 62,fuel=100.00
1779778060.830,0x300,8,02 C7 16 FB 95 E0 AB 08,temp=42.00
1779778060.946,0x100,8,00 B7 A3 A8 1C 9F 5A B4,speed=0.00
1779778061.025,0x200,8,52 64 3B C5 18 1A 92 27,fuel=100.00
1779778061.114,0x300,8,02 31 65 DC CD 7A 3D DD,temp=42.00
1779778061.209,0x100,8,00 A8 B2 64 34 F2 C7 CC,speed=0.00
1779778061.307,0x200,8,29 64 92 B4 9F 9A 19 81,fuel=100.00
1779778061.417,0x300,8,02 4F 8A 3B C4 74 E0 58,temp=42.00
1779778061.528,0x100,8,00 23 C5 E7 B3 8C 2A 4A,speed=0.00
1779778061.596,0x200,8,9E 64 95 8F 9F 31 A4 81,fuel=100.00
1779778061.708,0x300,8,02 2F 42 03 9B 26 AC 38,temp=42.00
1779778061.802,0x100,8,00 33 CE 0F 47 79 46 C2,speed=0.00
1779778061.875,0x200,8,BD 64 3D AC EE A9 7A 6F,fuel=100.00
1779778061.974,0x300,8,02 74 7A 49 03 4B 61 43,temp=42.00
1779778062.048,0x100,8,00 B1 32 DD 3C 9B CD 4E,speed=0.00
1779778062.149,0x200,8,68 64 26 9B D9 71 E4 C3,fuel=100.00
1779778062.247,0x300,8,02 D5 EE B4 0C 42 65 A9,temp=42.00
1779778062.342,0x100,8,00 5B 75 B8 8E DB C1 48,speed=0.00
1779778062.430,0x200,8,76 64 39 F6 A3 A1 75 12,fuel=100.00
1779778062.529,0x300,8,02 80 AF FE 81 1A 3B 8E,temp=42.00
1779778062.623,0x100,8,00 6E 7F 16 BE AC 7B 4E,speed=0.00
1779778062.723,0x200,8,ED 64 E4 67 F1 C7 73 55,fuel=100.00
1779778062.837,0x300,8,02 A8 95 28 1E D0 63 7E,temp=42.00
1779778062.893,0x100,8,00 E7 FF A3 56 05 BE AA,speed=0.00
1779778062.985,0x200,8,0F 64 76 56 98 3B B4 67,fuel=100.00
1779778063.084,0x300,8,02 B8 6F 4A 88 CE FC 82,temp=42.00
1779778063.174,0x100,8,00 78 D6 C1 61 B2 38 9D,speed=0.00
1779778063.279,0x200,8,BF 64 06 82 8E FA 04 E4,fuel=100.00
1779778063.387,0x300,8,02 F7 93 08 E3 E4 07 73,temp=42.00
1779778063.453,0x100,8,00 28 9C DF 5F EE 44 01,speed=0.00
1779778063.564,0x200,8,E0 64 FA E7 BC EE 97 33,fuel=100.00
1779778063.679,0x300,8,02 18 FE 37 1A 3B 5B AA,temp=42.00
1779778063.738,0x100,8,00 58 E5 9B FC DA 2F DD,speed=0.00
1779778063.856,0x200,8,39 64 03 FD 78 EA 7D AF,fuel=100.00
1779778063.930,0x300,8,02 DC AE 92 D9 07 CD 6E,temp=42.00
1779778064.025,0x100,8,00 23 91 24 58 FC 22 C4,speed=0.00
1779778064.122,0x200,8,47 64 6F 6F 01 2E 15 0C,fuel=100.00
1779778064.224,0x300,8,02 88 B9 9A CE 0F 55 1B,temp=42.00
1779778064.315,0x100,8,00 0D 44 A3 98 8B AC 0F,speed=0.00
1779778064.419,0x200,8,E1 64 21 1B EA 24 EE AB,fuel=100.00
1779778064.528,0x300,8,02 03 32 8F 75 F1 F5 01,temp=42.00
1779778064.578,0x100,8,00 3C 0E F2 68 0E DF AA,speed=0.00
1779778064.685,0x200,8,D6 64 00 B1 ED E3 04 3B,fuel=100.00
1779778064.762,0x300,8,02 EB 45 2F BD 17 0C E6,temp=42.00
1779778064.874,0x100,8,00 60 72 34 16 82 E6 1F,speed=0.00
1779778064.967,0x200,8,2C 64 CA 1A A6 39 70 70,fuel=100.00
1779778065.073,0x300,8,02 E6 05 34 6A B0 E0 29,temp=42.00
1779778065.172,0x100,8,00 31 3D B4 41 EC 4C F1,speed=0.00
1779778065.277,0x200,8,52 64 F1 25 85 38 F2 8D,fuel=100.00
1779778065.330,0x300,8,02 E5 51 54 B8 90 21 B5,temp=42.00
1779778065.417,0x100,8,00 36 BC 4B 1F 1C 15 8E,speed=0.00
1779778065.524,0x200,8,9E 64 66 9B 6E BB 8C 9E,fuel=100.00
1779778065.623,0x300,8,02 D0 13 C3 5B 15 41 9E,temp=42.00
1779778065.710,0x100,8,00 FF 13 7E 45 D3 C2 42,speed=0.00
1779778065.851,0x200,8,35 64 F0 6D D6 E9 FA EE,fuel=100.00
1779778065.909,0x300,8,02 9F 44 B3 E2 7A 1E 20,temp=42.00
1779778065.993,0x100,8,00 00 C1 EB 0C 68 5A 78,speed=0.00
1779778066.106,0x200,8,90 64 7F 92 93 86 7A 1D,fuel=100.00
1779778066.201,0x300,8,02 85 DD 7C 8B 60 6D 73,temp=42.00
1779778066.272,0x100,8,00 AD 6F 9E CF B9 2D B8,speed=0.00
1779778066.391,0x200,8,BB 64 23 61 30 1D 16 9B,fuel=100.00
1779778066.498,0x300,8,02 1C D0 93 7E 3C B8 9C,temp=42.00
1779778066.562,0x100,8,00 9D BA 6C CF 8D BB BE,speed=0.00
1779778066.783,0x200,8,1A 64 BF 71 EF 13 18 4E,fuel=100.00
1779778066.864,0x300,8,02 5E B2 5C 90 44 3F A6,temp=42.00
1779778066.969,0x100,8,00 57 44 20 B4 DD 0B DB,speed=0.00
1779778067.058,0x200,8,82 64 D7 C6 FA 34 5F 13,fuel=100.00
1779778067.153,0x300,8,02 77 7C 23 B8 06 C8 AD,temp=42.00
1779778067.252,0x100,8,00 4E AD 2C 47 4E 89 AA,speed=0.00
1779778067.351,0x200,8,A9 64 59 AE 9B 21 1F C7,fuel=100.00
1779778067.457,0x300,8,02 89 B7 D2 08 9A 46 73,temp=42.00
1779778067.551,0x100,8,00 B9 1A DB 8F 6C DB BC,speed=0.00
1779778067.605,0x200,8,BC 64 5F 55 3E B6 B7 2D,fuel=100.00
1779778067.739,0x300,8,02 56 07 54 E9 8E FC 35,temp=42.00
1779778067.821,0x100,8,00 54 8E 97 16 69 B2 44,speed=0.00
1779778067.921,0x200,8,C8 64 78 5D 55 40 28 27,fuel=100.00
1779778068.017,0x300,8,02 51 CF B1 04 13 C5 8D,temp=42.00
1779778068.100,0x100,8,00 76 88 AD C3 14 7F 53,speed=0.00
1779778068.199,0x200,8,03 64 7F 7E E1 AD 64 D2,fuel=100.00
1779778068.289,0x300,8,02 6F 04 86 C0 91 A3 22,temp=42.00
1779778068.382,0x100,8,00 72 A4 CE 9D 26 47 16,speed=0.00
1779778068.473,0x200,8,53 64 1F 8F A0 19 3D B7,fuel=100.00
1779778068.573,0x300,8,02 E0 E3 A6 A0 6C CD 4C,temp=42.00
1779778068.668,0x100,8,00 EA 99 6C AC 31 84 3F,speed=0.00
1779778068.766,0x200,8,D3 64 38 74 AB 93 D3 63,fuel=100.00
1779778068.869,0x300,8,02 DC 76 3C 69 00 DA 63,temp=42.00
1779778068.921,0x100,8,00 9D 60 69 59 4F DA CA,speed=0.00
1779778069.041,0x200,8,5D 64 5B 0C 39 EA ED D0,fuel=100.00
1779778069.133,0x300,8,02 92 28 9C F1 82 51 74,temp=42.00
1779778069.214,0x100,8,00 0E C3 03 9D AD 6C 4F,speed=0.00
1779778069.308,0x200,8,F6 64 D1 7A 9B 27 93 D5,fuel=100.00
1779778069.394,0x300,8,02 A6 78 72 B1 A7 AE E0,temp=42.00
1779778069.500,0x100,8,00 EC 38 47 BB D6 BB C6,speed=0.00
1779778069.607,0x200,8,D7 64 2B 8A 85 08 D0 C2,fuel=100.00
1779778069.704,0x300,8,02 DA 9A 69 CE 2E 1B DB,temp=42.00
1779778069.798,0x100,8,00 EB 9C 74 A5 1D A2 C6,speed=0.00
1779778069.862,0x200,8,2F 64 02 74 E1 3E DA D1,fuel=100.00
1779778069.964,0x300,8,02 7A 05 F1 19 F5 83 FF,temp=42.00
1779778070.052,0x100,8,00 13 4B F3 09 74 23 BE,speed=0.00
1779778070.141,0x200,8,AA 64 C3 2F 76 2F B0 E5,fuel=100.00
1779778070.269,0x300,8,02 B8 D1 BF 40 C9 51 41,temp=42.00
1779778070.362,0x100,8,00 6C 92 41 00 B3 D0 BE,speed=0.00
1779778070.462,0x200,8,76 64 A0 4D 4B B0 B0 33,fuel=100.00
1779778070.528,0x300,8,02 91 CD 69 C5 FF 9A 33,temp=42.00
1779778070.623,0x100,8,00 7F FB 59 84 38 12 FB,speed=0.00
1779778070.710,0x200,8,C5 64 38 FD 41 6F 8D B8,fuel=100.00
1779778070.831,0x300,8,02 96 EA 36 75 A2 2D 2E,temp=42.00
1779778070.887,0x100,8,00 1F 4F 7E 4A B3 DC E8,speed=0.00
1779778071.003,0x200,8,05 64 D6 F0 92 52 C3 20,fuel=100.00
1779778071.083,0x300,8,02 BE CA F9 6B 65 7B DE,temp=42.00
1779778071.193,0x100,8,00 F2 B4 F3 57 91 5D 18,speed=0.00
1779778071.280,0x200,8,E0 64 23 39 B2 9A 98 50,fuel=100.00
1779778071.389,0x300,8,02 89 CE 17 CB 37 45 12,temp=42.00
1779778071.481,0x100,8,00 20 0E 1B D7 46 EC 04,speed=0.00
1779778071.543,0x200,8,FC 64 87 A9 FD 2D 4C CA,fuel=100.00
1779778071.645,0x300,8,02 36 4B 85 4B CA F6 C8,temp=42.00
1779778071.733,0x100,8,00 06 10 56 83 DF 16 07,speed=0.00
1779778071.827,0x200,8,A4 64 1C EA 88 58 61 8B,fuel=100.00
1779778071.945,0x300,8,02 A8 27 57 66 39 F5 CB,temp=42.00
1779778072.030,0x100,8,00 E7 1E F1 DF 56 A6 5D,speed=0.00
1779778072.121,0x200,8,AA 64 DF D1 EF E4 6E 94,fuel=100.00
1779778072.212,0x300,8,02 15 EE 82 DC 08 0C 38,temp=42.00
1779778072.333,0x100,8,00 C8 E5 8E D0 60 FA 73,speed=0.00
1779778072.425,0x200,8,04 64 5F 14 85 CC 83 2E,fuel=100.00
1779778072.492,0x300,8,02 3C D3 6C 46 D9 72 22,temp=42.00
1779778072.598,0x100,8,00 E1 8A 01 6D 5C 9A 46,speed=0.00
1779778072.698,0x200,8,5A 64 0F 56 3F CE 3B AF,fuel=100.00
1779778072.794,0x300,8,02 00 D3 EA 29 2B 1E F0,temp=42.00
1779778072.894,0x100,8,00 F6 9F CF 1E C4 98 C2,speed=0.00
1779778072.960,0x200,8,41 64 27 A2 92 1A B2 1A,fuel=100.00
1779778073.061,0x300,8,02 9B 8A E3 90 72 C6 68,temp=42.00
1779778073.177,0x100,8,00 11 0D 80 83 02 EB 01,speed=0.00
1779778073.252,0x200,8,4C 64 4A F6 47 18 1E BF,fuel=100.00
1779778073.323,0x300,8,02 0C 61 5A 76 9B E9 1E,temp=42.00
1779778073.467,0x100,8,00 3B D2 0F 09 EA 8F 41,speed=0.00
1779778073.552,0x200,8,9C 64 D1 FB BD 9F CD 09,fuel=100.00
1779778073.621,0x300,8,02 B5 9F 2D E3 E6 70 BC,temp=42.00
1779778073.735,0x100,8,00 EF 2A 17 E7 17 34 C3,speed=0.00
1779778073.906,0x200,8,AE 64 1E 28 96 3F F9 1C,fuel=100.00
1779778074.001,0x300,8,02 28 D1 38 AD F4 EC 67,temp=42.00
1779778074.085,0x100,8,00 9F 9B 92 69 AB D6 03,speed=0.00
1779778074.198,0x200,8,69 64 AA 3A 45 AC 23 B8,fuel=100.00
1779778074.288,0x300,8,02 6D 0A 3A E2 85 C5 D9,temp=42.00
1779778074.389,0x100,8,00 A1 13 7D 26 05 F6 54,speed=0.00
1779778074.475,0x200,8,3E 64 61 1B 45 4B 56 8A,fuel=100.00
1779778074.571,0x300,8,02 24 0F A8 38 56 05 E0,temp=42.00
1779778074.664,0x100,8,00 F5 44 BC 07 57 DE 1E,speed=0.00
1779778074.750,0x200,8,CB 64 8A 12 F4 76 9C A5,fuel=100.00
1779778074.836,0x300,8,02 C0 63 B3 41 51 4F 05,temp=42.00
1779778074.928,0x100,8,00 62 90 C8 8E 3F 89 62,speed=0.00
1779778075.047,0x200,8,1A 64 07 84 9D AF C0 05,fuel=100.00
1779778075.155,0x300,8,02 D8 53 AA F7 4D 41 6D,temp=42.00
1779778075.205,0x100,8,00 A5 86 FA E4 1B F7 57,speed=0.00
1779778075.315,0x200,8,46 64 6C 1D FB DE 2E F7,fuel=100.00
1779778075.410,0x300,8,02 85 1A DB 53 24 CB E8,temp=42.00
1779778075.535,0x100,8,00 B5 36 A8 02 FF 44 23,speed=0.00
1779778075.600,0x200,8,BA 64 9A 33 38 8E 04 0B,fuel=100.00
1779778075.692,0x300,8,02 35 92 EA C9 B2 9F CD,temp=42.00
1779778075.782,0x100,8,00 B5 1E 82 83 EE 9D DE,speed=0.00
1779778075.878,0x200,8,83 64 CA 08 C6 4A 46 BD,fuel=100.00
1779778075.962,0x300,8,02 63 D7 84 E7 6E EF 74,temp=42.00
1779778076.093,0x100,8,00 53 63 11 DE 2C 55 2C,speed=0.00
1779778076.149,0x200,8,08 64 33 B4 79 0A 1C 87,fuel=100.00
1779778076.240,0x300,8,02 5F 74 81 5C BF 2C A9,temp=42.00
1779778076.346,0x100,8,00 EE E3 D0 5C C2 F2 17,speed=0.00
1779778076.450,0x200,8,70 64 92 A6 97 EE 30 EF,fuel=100.00
1779778076.541,0x300,8,02 F8 32 91 3A 9F 9F 9F,temp=42.00
1779778076.615,0x100,8,00 7A 84 8F 06 AA E6 B8,speed=0.00
1779778076.713,0x200,8,2F 64 D1 C5 51 4E 4C C8,fuel=100.00
1779778076.798,0x300,8,02 22 52 A9 BA EE 6C AD,temp=42.00
1779778076.906,0x100,8,00 FB 97 5B 74 FF 52 54,speed=0.00
1779778076.989,0x200,8,6F 64 18 52 1E 30 7E F9,fuel=100.00
1779778077.096,0x300,8,02 4A 25 28 0C 6F F4 13,temp=42.00
1779778077.202,0x100,8,00 1E 5C F1 41 A5 79 9C,speed=0.00
1779778077.284,0x200,8,D4 64 CE 8E D5 37 46 5C,fuel=100.00
1779778077.378,0x300,8,02 89 C9 F1 B4 A0 68 AA,temp=42.00
1779778077.474,0x100,8,00 E6 EA 33 CB 07 CE 2A,speed=0.00
1779778077.572,0x200,8,86 64 D7 74 AA 3C 6F 9B,fuel=100.00
1779778077.672,0x300,8,02 3F A9 D9 3C 1A 18 C2,temp=42.00
1779778077.760,0x100,8,00 04 E4 41 81 E4 11 AA,speed=0.00
1779778077.851,0x200,8,B2 64 04 9F AB 38 4B 5A,fuel=100.00
1779778077.942,0x300,8,02 46 98 50 91 4B 23 89,temp=42.00
1779778078.038,0x100,8,00 65 A0 20 16 80 A4 99,speed=0.00
1779778078.125,0x200,8,61 64 5D 8C 5D 3D CD AF,fuel=100.00
1779778078.210,0x300,8,02 64 45 73 B2 15 9E 22,temp=42.00
1779778078.300,0x100,8,00 9A 6C 9A 01 B7 87 2A,speed=0.00
1779778078.407,0x200,8,B8 64 FF 5C 4E 21 AF 22,fuel=100.00
1779778078.516,0x300,8,02 15 E1 07 6A C8 10 55,temp=42.00
1779778078.621,0x100,8,00 2D B7 B8 BD A2 F3 D7,speed=0.00
1779778078.681,0x200,8,79 64 54 4A 59 55 B0 4B,fuel=100.00
1779778078.804,0x300,8,02 52 2D 3A A2 39 3B 87,temp=42.00
1779778078.861,0x100,8,00 2C 8A 2E BB 3D BB FA,speed=0.00
1779778078.950,0x200,8,98 64 C2 EA DE 68 E2 E4,fuel=100.00
1779778079.055,0x300,8,02 B8 81 47 13 DF 53 F6,temp=42.00
1779778079.182,0x100,8,00 86 F2 E0 EF 54 00 0A,speed=0.00
1779778079.235,0x200,8,88 64 03 EA 2B 21 15 10,fuel=100.00
1779778079.347,0x300,8,02 47 A2 4A BD F2 80 91,temp=42.00
1779778079.440,0x100,8,00 4A 44 5A 63 7E A3 24,speed=0.00
1779778079.559,0x200,8,17 64 BB 67 2D 71 AD 26,fuel=100.00
1779778079.636,0x300,8,02 2B C4 24 AC 13 B4 39,temp=42.00
1779778079.746,0x100,8,00 2A 06 48 73 12 D9 91,speed=0.00
1779778079.834,0x200,8,CA 64 1C 2C D6 A9 FE 4F,fuel=100.00
1779778079.931,0x300,8,02 95 F5 C8 0D EC 32 34,temp=42.00
1779778080.007,0x100,8,00 0B 8C BE 98 50 37 34,speed=0.00
1779778080.115,0x200,8,71 64 CA CC 0E BC 0D 06,fuel=100.00
1779778080.198,0x300,8,02 D0 3E 76 D5 A7 4C 75,temp=42.00
1779778080.301,0x100,8,00 D4 51 37 96 FD B5 0B,speed=0.00
1779778080.397,0x200,8,2B 64 8C CE 2B 1D F3 95,fuel=100.00
1779778080.491,0x300,8,02 76 8A 05 D3 F3 11 C9,temp=42.00
1779778080.583,0x100,8,00 94 41 A7 C7 27 A3 B7,speed=0.00
1779778080.688,0x200,8,4F 64 68 1A 43 EE 23 36,fuel=100.00
1779778080.750,0x300,8,02 AF 72 75 92 A6 67 C1,temp=42.00
1779778080.836,0x100,8,00 B0 1B 63 B9 45 34 CD,speed=0.00
1779778080.938,0x200,8,A0 64 FD 6E 36 54 29 BC,fuel=100.00
1779778081.035,0x300,8,02 E9 44 CC BB EA 2F 38,temp=42.00
1779778081.197,0x100,8,00 71 0D 4F 7F 46 1F AA,speed=0.00
1779778081.241,0x200,8,02 64 98 7F D6 B2 76 70,fuel=100.00
1779778081.296,0x300,8,02 DB 8A 9C E2 D5 3B AB,temp=42.00
1779778081.427,0x100,8,00 1A 49 BC CB AB DE 1A,speed=0.00
1779778081.516,0x200,8,C3 64 63 6F C2 9C 93 EF,fuel=100.00
1779778081.606,0x300,8,02 A9 12 1D 42 A3 61 0B,temp=42.00
1779778081.672,0x100,8,00 F1 B9 07 37 1B 66 31,speed=0.00
1779778081.793,0x200,8,28 64 BA 76 B3 DD 6A 87,fuel=100.00
1779778081.861,0x300,8,02 85 39 05 9F 0A A5 9B,temp=42.00
1779778081.951,0x100,8,00 7A 99 C5 93 AC 5F 04,speed=0.00
1779778082.100,0x200,8,A4 64 7A 4E 62 36 55 72,fuel=100.00
1779778082.154,0x300,8,02 5E E3 2F 9D 5B 37 ED,temp=42.00
1779778082.271,0x100,8,00 5D 00 E6 D4 14 39 B3,speed=0.00
1779778082.335,0x200,8,CA 64 33 BA 22 3A 92 BD,fuel=100.00
1779778082.458,0x300,8,02 17 E8 EA 21 29 95 9A,temp=42.00
1779778082.517,0x100,8,00 86 F8 87 EC D9 EB 19,speed=0.00
1779778082.640,0x200,8,D1 64 02 A2 2D 6D C5 77,fuel=100.00
1779778082.723,0x300,8,02 96 81 62 15 31 E6 48,temp=42.00
1779778082.814,0x100,8,00 92 6E FD 71 D2 27 FC,speed=0.00
1779778082.885,0x200,8,01 64 34 22 A9 3A 77 AD,fuel=100.00
1779778082.995,0x300,8,02 81 A7 0A DE C1 28 88,temp=42.00
1779778083.132,0x100,8,00 55 BA B0 49 42 03 73,speed=0.00
1779778083.177,0x200,8,85 64 B4 26 F0 0E A0 27,fuel=100.00
1779778083.295,0x300,8,02 45 86 F7 5B C5 50 51,temp=42.00
1779778083.360,0x100,8,00 0E D9 DB 7A B4 F6 53,speed=0.00
1779778083.482,0x200,8,6D 64 F4 D6 4B D2 05 2E,fuel=100.00
1779778083.592,0x300,8,02 36 52 2C FB F6 48 29,temp=42.00
1779778083.663,0x100,8,00 85 52 8D D9 36 88 8F,speed=0.00
1779778083.757,0x200,8,B9 64 97 BB C0 A9 41 44,fuel=100.00
1779778083.856,0x300,8,02 1F 7C 63 B6 9E 3F FF,temp=42.00
1779778083.924,0x100,8,00 DD 0C 72 56 C6 B3 E1,speed=0.00
1779778084.013,0x200,8,8B 64 F4 9F BE 91 29 55,fuel=100.00
1779778084.136,0x300,8,02 1C 4D EE A1 97 7A 3C,temp=42.00
1779778084.227,0x100,8,00 DC E7 83 79 D0 04 CF,speed=0.00
1779778084.323,0x200,8,2D 64 3D EB 4C A6 FE 4C,fuel=100.00
1779778084.415,0x300,8,02 8F 6C C6 2E D8 FE C0,temp=42.00
1779778084.509,0x100,8,00 8B D5 06 2C 22 88 A1,speed=0.00
1779778084.725,0x200,8,B1 64 0D E6 34 05 DD 88,fuel=100.00
1779778084.783,0x300,8,02 35 14 BC 50 A4 5A 85,temp=42.00
1779778084.877,0x100,8,00 E6 60 C8 97 BC 02 F2,speed=0.00
1779778084.976,0x200,8,D7 64 73 88 E6 53 F5 48,fuel=100.00
1779778085.057,0x300,8,02 F4 DF 3D 08 73 E4 12,temp=42.00
1779778085.137,0x100,8,00 AB 96 0D FC 3E 60 29,speed=0.00
1779778085.232,0x200,8,24 64 F6 1C B5 65 95 E2,fuel=100.00
1779778085.359,0x300,8,02 15 22 37 00 BA EF B1,temp=42.00
1779778085.433,0x100,8,00 10 90 46 26 14 50 35,speed=0.00
1779778085.573,0x200,8,B6 64 5D 21 1D B2 60 A4,fuel=100.00
1779778085.640,0x300,8,02 37 A2 AE 53 30 59 C2,temp=42.00
1779778085.720,0x100,8,00 81 A7 E8 A7 25 E5 7C,speed=0.00
1779778085.812,0x200,8,C8 64 E8 03 17 96 4A F1,fuel=100.00
1779778085.889,0x300,8,02 AF 20 05 47 13 EC CC,temp=42.00
1779778086.021,0x100,8,00 C3 68 EA AB 1C 1C FD,speed=0.00
1779778086.077,0x200,8,FE 64 C5 62 5A 59 0A 90,fuel=100.00
1779778086.174,0x300,8,02 C6 18 80 CA 6D A8 FF,temp=42.00
1779778086.300,0x100,8,00 D4 0D 31 CA A8 21 10,speed=0.00
1779778086.356,0x200,8,1A 64 74 BE E3 92 4C 90,fuel=100.00
1779778086.461,0x300,8,02 29 08 38 B0 A6 F4 E0,temp=42.00
1779778086.595,0x100,8,00 A7 AE 56 5B E0 A1 BA,speed=0.00
1779778086.642,0x200,8,DF 64 AB B6 AF 57 97 73,fuel=100.00
1779778086.750,0x300,8,02 DD 69 87 A4 E2 4C 7E,temp=42.00
1779778086.839,0x100,8,00 D9 A1 D4 4E E9 FB 6C,speed=0.00
1779778086.964,0x200,8,8C 64 AF D7 E4 4D B4 82,fuel=100.00
1779778087.054,0x300,8,02 2B 1E 71 65 85 A0 84,temp=42.00
1779778087.135,0x100,8,00 E4 61 3E DC 54 46 8A,speed=0.00
1779778087.218,0x200,8,4E 64 25 AA 99 4D 7A 19,fuel=100.00
1779778087.302,0x300,8,02 16 23 16 05 BB 3C AE,temp=42.00
1779778087.392,0x100,8,00 A4 42 43 7A 78 2E FA,speed=0.00
1779778087.529,0x200,8,E9 64 06 6D 6C 03 32 07,fuel=100.00
1779778087.578,0x300,8,02 DC 5F 79 1F 6F 64 AE,temp=42.00
1779778087.707,0x100,8,00 A7 60 A5 BE 9D DA B9,speed=0.00
1779778087.761,0x200,8,52 64 34 45 5B D2 D6 B2,fuel=100.00
1779778087.859,0x300,8,02 27 28 69 E2 BF 99 84,temp=42.00
1779778087.955,0x100,8,00 31 E5 41 D1 78 7E B0,speed=0.00
1779778088.047,0x200,8,79 64 C9 14 01 47 E0 B1,fuel=100.00
1779778088.237,0x300,8,02 C0 B9 99 13 1D FE 40,temp=42.00
1779778088.351,0x100,8,00 08 50 10 43 50 C7 B6,speed=0.00
1779778088.450,0x200,8,D8 64 DB FC 6F BA 6A 33,fuel=100.00
1779778088.539,0x300,8,02 90 2F FC 0F 54 05 19,temp=42.00
1779778088.628,0x100,8,00 A8 DF 53 00 70 4B E7,speed=0.00
1779778088.719,0x200,8,29 64 1A 2D 2C 8F 59 90,fuel=100.00
1779778088.825,0x300,8,02 77 97 F4 91 B7 4A 72,temp=42.00
1779778088.922,0x100,8,00 47 87 9B A8 97 09 68,speed=0.00
1779778089.002,0x200,8,6C 64 F1 AD 2F 85 87 8F,fuel=100.00
1779778089.080,0x300,8,02 FF CD 7C CD 07 70 25,temp=42.00
1779778089.179,0x100,8,00 5F D8 31 ED 5D 71 20,speed=0.00
1779778089.284,0x200,8,EA 64 3A 38 BD BF 6F 34,fuel=100.00
1779778089.382,0x300,8,02 6C 62 98 90 85 A9 C9,temp=42.00
1779778089.480,0x100,8,00 4E 2A F1 E5 38 3A 64,speed=0.00
1779778089.577,0x200,8,6D 64 9F CB CB 7D 36 6E,fuel=100.00
1779778089.663,0x300,8,02 FF 29 7F B7 5C 45 6B,temp=42.00
1779778089.751,0x100,8,00 C4 66 B8 FC 4C 29 D1,speed=0.00
1779778089.832,0x200,8,D5 64 BC 7E 92 DF DA F4,fuel=100.00
1779778089.961,0x300,8,02 2D E1 F5 F6 6F 54 51,temp=42.00
1779778090.051,0x100,8,00 15 19 CA 62 97 12 43,speed=0.00
1779778090.150,0x200,8,26 64 0E FA 69 20 57 88,fuel=100.00
1779778090.226,0x300,8,02 2D DB A2 80 52 4E 62,temp=42.00
1779778090.329,0x100,8,00 A1 96 9D CB 0A 29 74,speed=0.00
1779778090.421,0x200,8,18 64 FE FB EE 4B D9 6D,fuel=100.00
1779778090.527,0x300,8,02 1D C7 72 41 0E 53 7A,temp=42.00
1779778090.594,0x100,8,00 DF 5E 41 05 E1 D5 7D,speed=0.00
1779778090.684,0x200,8,AB 64 6D CE 7D 0A 5F 9C,fuel=100.00
1779778090.777,0x300,8,02 8D F2 45 46 D4 F2 6C,temp=42.00
1779778090.862,0x100,8,00 B6 F5 7C EE 55 66 DB,speed=0.00
1779778090.980,0x200,8,13 64 F5 28 2A 65 3C FD,fuel=100.00
1779778091.065,0x300,8,02 84 41 62 BE 5B 5D A6,temp=42.00
1779778091.171,0x100,8,00 BE 32 D4 B9 95 42 33,speed=0.00
1779778091.271,0x200,8,36 64 2D 4D AF 2C A9 C5,fuel=100.00
1779778091.356,0x300,8,02 CC 64 4A BF 96 B8 1A,temp=42.00
1779778091.450,0x100,8,00 06 35 3E 50 90 09 84,speed=0.00
1779778091.532,0x200,8,BC 64 30 D3 7A 0B 78 22,fuel=100.00
1779778091.619,0x300,8,02 0E 02 7F D4 F9 B3 FD,temp=42.00
1779778091.727,0x100,8,00 AB 41 6A C3 63 70 F3,speed=0.00
1779778091.818,0x200,8,C9 64 40 7D 8E D8 F2 E2,fuel=100.00
1779778091.914,0x300,8,02 ED 9F 98 01 11 F1 D3,temp=42.00
1779778091.997,0x100,8,00 7A D6 78 A6 99 85 C8,speed=0.00
1779778092.074,0x200,8,E2 64 03 AE DA F9 97 3A,fuel=100.00
1779778092.204,0x300,8,02 50 29 CE 86 F0 96 E6,temp=42.00
1779778092.287,0x100,8,00 CF A0 4F D0 FA 6C DB,speed=0.00
1779778092.377,0x200,8,5B 64 CD C5 EE C1 3F FC,fuel=100.00
1779778092.455,0x300,8,02 CC AF 6D 90 91 E2 2F,temp=42.00
1779778092.568,0x100,8,00 AF C6 24 CC FC 18 8B,speed=0.00
1779778092.658,0x200,8,67 64 F0 33 3B 03 C3 03,fuel=100.00
1779778092.744,0x300,8,02 EB CA 6C 83 2E E3 08,temp=42.00
1779778092.867,0x100,8,00 F5 B0 1F 26 D7 59 C9,speed=0.00
1779778092.934,0x200,8,C9 64 81 B5 FE BE 86 1D,fuel=100.00
1779778093.046,0x300,8,02 3B 93 81 C7 C5 84 44,temp=42.00
1779778093.125,0x100,8,00 76 19 48 22 60 15 A1,speed=0.00
1779778093.241,0x200,8,FE 64 20 41 25 F1 BA DD,fuel=100.00
1779778093.322,0x300,8,02 08 DD 69 65 EF B3 E3,temp=42.00
1779778093.416,0x100,8,00 55 2E B7 D7 34 41 7B,speed=0.00
1779778093.499,0x200,8,AF 64 81 9D AA 8E 72 96,fuel=100.00
1779778093.583,0x300,8,02 BD 91 75 1C 7D 30 D4,temp=42.00
1779778093.700,0x100,8,00 52 BB 19 3C 5E 91 43,speed=0.00
1779778093.785,0x200,8,83 64 97 9A 59 E1 5C 33,fuel=100.00
1779778093.883,0x300,8,02 5A 66 4F C9 3F 9D AF,temp=42.00
1779778093.964,0x100,8,00 86 16 9E 65 28 C2 35,speed=0.00
1779778094.069,0x200,8,97 64 D6 5E E3 FF 90 FD,fuel=100.00
1779778094.154,0x300,8,02 8B 79 DE BE FB 91 22,temp=42.00
1779778094.268,0x100,8,00 EB 62 0D EA 99 3A 16,speed=0.00
1779778094.355,0x200,8,7B 64 85 B1 FA 07 A5 D2,fuel=100.00
1779778094.473,0x300,8,02 03 7C 49 E4 A2 B1 44,temp=42.00
1779778094.567,0x100,8,00 A8 A1 86 69 86 4E 4B,speed=0.00
1779778094.622,0x200,8,DE 64 F2 AD 6F BD 03 D7,fuel=100.00
1779778094.713,0x300,8,02 B4 8D 12 85 4D E0 D1,temp=42.00
1779778094.839,0x100,8,00 15 4B FD 88 0A A2 DB,speed=0.00
1779778094.896,0x200,8,CC 64 5B BE 8D 23 AA C8,fuel=100.00
1779778095.016,0x300,8,02 48 43 5E FC DC C8 1A,temp=42.00
1779778095.101,0x100,8,00 E2 E6 E1 D7 84 17 D2,speed=0.00
1779778095.193,0x200,8,12 64 07 53 B1 8D 34 29,fuel=100.00
1779778095.336,0x300,8,02 8B 35 43 FA D0 FD B0,temp=42.00
1779778095.415,0x100,8,00 F8 C0 27 60 A9 98 3A,speed=0.00
1779778095.574,0x200,8,CC 64 CE 71 87 59 5E 70,fuel=100.00
1779778095.712,0x300,8,02 18 AD EA B4 49 F2 C3,temp=42.00
1779778095.769,0x100,8,00 2A 2E A8 C6 2A FB E4,speed=0.00
1779778095.891,0x200,8,28 64 3A C8 5B 04 70 D1,fuel=100.00
1779778095.964,0x300,8,02 06 83 03 4F 96 1A 3E,temp=42.00
1779778096.051,0x100,8,00 12 E3 14 6A AF B1 67,speed=0.00
1779778096.131,0x200,8,D3 64 C4 C0 FB 1B BE 01,fuel=100.00
1779778096.249,0x300,8,02 8F 62 B8 C1 8E 10 2B,temp=42.00
1779778096.313,0x100,8,00 8F 96 6B 65 50 A3 F8,speed=0.00
1779778096.434,0x200,8,D9 64 3E 8E 29 BB 25 9D,fuel=100.00
1779778096.504,0x300,8,02 05 22 FA E8 B9 CC E7,temp=42.00
1779778096.611,0x100,8,00 7A 20 57 7E 07 23 00,speed=0.00
1779778096.729,0x200,8,98 64 3A 1E 60 47 45 C1,fuel=100.00
1779778096.793,0x300,8,02 A4 E1 F7 BB B7 56 D0,temp=42.00
1779778096.883,0x100,8,00 C5 37 FE E9 48 86 85,speed=0.00
1779778096.968,0x200,8,0A 64 21 74 E2 1E 2D F3,fuel=100.00
1779778097.059,0x300,8,02 18 1F 92 43 E4 4F 62,temp=42.00
1779778097.164,0x100,8,00 11 15 F3 1F 2A 3B 89,speed=0.00
1779778097.297,0x200,8,E3 64 41 E2 C7 F5 2F D1,fuel=100.00
1779778097.352,0x300,8,02 5C 2C 4C AC 2E FA 57,temp=42.00
1779778097.452,0x100,8,00 F8 6A B3 FB B8 B6 C6,speed=0.00
1779778097.585,0x200,8,51 64 DE BA BE D9 F5 D5,fuel=100.00
1779778097.674,0x300,8,02 43 22 D8 C9 00 10 4A,temp=42.00
1779778097.748,0x100,8,00 51 5B 85 C3 EB BC C6,speed=0.00
1779778097.813,0x200,8,13 64 88 C9 F3 4E E8 7D,fuel=100.00
1779778097.945,0x300,8,02 5B D8 3A D7 5C 46 7F,temp=42.00
1779778098.012,0x100,8,00 FE 02 E6 CD DF F2 75,speed=0.00
1779778098.090,0x200,8,09 64 C3 DE 35 43 10 E4,fuel=100.00
1779778098.221,0x300,8,02 4A EE 2E B1 7E EA 53,temp=42.00
1779778098.284,0x100,8,00 66 B9 EA 5A C6 F5 BF,speed=0.00
1779778098.415,0x200,8,A2 64 61 93 41 2F 8E 83,fuel=100.00
1779778098.477,0x300,8,02 06 FC CB 93 B6 85 56,temp=42.00
1779778098.601,0x100,8,00 8D 1F 63 D9 84 B7 32,speed=0.00
1779778098.681,0x200,8,CC 64 F5 3B E5 39 22 86,fuel=100.00
1779778098.795,0x300,8,02 80 AE 76 17 7E 7F 8C,temp=42.00
1779778098.868,0x100,8,00 3E C7 AA 80 99 B9 15,speed=0.00
1779778098.964,0x200,8,E3 64 7B 1E 00 34 79 95,fuel=100.00
1779778099.031,0x300,8,02 5F 3B FA BF 1C 5B 52,temp=42.00
1779778099.141,0x100,8,00 5C 78 52 9F FE 09 F2,speed=0.00
1779778099.245,0x200,8,FB 64 55 80 05 14 BA 65,fuel=100.00
1779778099.354,0x300,8,02 DA 3A 45 BF A8 48 16,temp=42.00
1779778099.415,0x100,8,00 70 99 C5 3E 10 D3 F2,speed=0.00
1779778099.543,0x200,8,F2 64 F6 19 57 0E F8 FD,fuel=100.00
1779778099.604,0x300,8,02 8C 5F 52 46 02 21 88,temp=42.00
1779778099.711,0x100,8,00 F9 13 F4 43 63 32 F9,speed=0.00
1779778099.818,0x200,8,69 64 B6 33 53 27 27 1D,fuel=100.00
1779778099.892,0x300,8,02 C1 5A 67 88 9B BA AC,temp=42.00
1779778099.965,0x100,8,00 75 74 9C 34 E5 0B CF,speed=0.00
1779778100.060,0x200,8,77 64 D3 8B CF 53 66 69,fuel=100.00
1779778100.164,0x300,8,02 46 9F 38 AC 38 63 28,temp=42.00
1779778100.247,0x100,8,00 74 D4 F2 38 03 1A 01,speed=0.00
1779778100.371,0x200,8,D5 64 B9 57 04 9F 60 1B,fuel=100.00
1779778100.436,0x300,8,02 4E 87 74 66 F7 15 71,temp=42.00
1779778100.572,0x100,8,00 4B BF 67 3C F3 17 AC,speed=0.00
1779778100.633,0x200,8,0D 64 C3 A8 D8 49 51 A2,fuel=100.00
1779778100.751,0x300,8,02 AB 6E 4C 51 53 F5 5F,temp=42.00
1779778100.813,0x100,8,00 01 9F FA 59 07 81 2C,speed=0.00
1779778100.934,0x200,8,EC 64 D2 7E 83 E2 E6 20,fuel=100.00
1779778101.003,0x300,8,02 08 D8 D0 2E 1E 37 BD,temp=42.00
1779778101.119,0x100,8,00 44 15 DD 7A 7C 51 8D,speed=0.00
1779778101.190,0x200,8,44 64 DD 59 E6 18 C4 A7,fuel=100.00
1779778101.317,0x300,8,02 ED 7D 47 F4 E3 E2 3B,temp=42.00
1779778101.408,0x100,8,00 C6 63 5B AD C6 DC F6,speed=0.00
1779778101.483,0x200,8,3A 64 E5 7C AB 2B BB 85,fuel=100.00
1779778101.555,0x300,8,02 5B 0F 58 DE 57 56 4A,temp=42.00
1779778101.712,0x100,8,00 00 84 D0 21 2F C8 8C,speed=0.00
1779778101.787,0x200,8,76 64 A3 CA 94 42 FE C4,fuel=100.00
1779778101.865,0x300,8,02 68 F8 BE 47 A0 42 3B,temp=42.00
1779778101.952,0x100,8,00 07 40 BF F4 31 74 7E,speed=0.00
1779778102.051,0x200,8,37 64 9D 52 4E D3 14 33,fuel=100.00
1779778102.124,0x300,8,02 95 E8 3A A9 49 41 68,temp=42.00
1779778102.249,0x100,8,00 B6 D3 B9 0E A0 37 F4,speed=0.00
1779778102.312,0x200,8,B8 64 B6 6F 67 58 BC C1,fuel=100.00
1779778102.432,0x300,8,02 81 04 C7 21 3E B1 B9,temp=42.00
1779778102.499,0x100,8,00 AE 6C 04 60 40 03 DF,speed=0.00
1779778102.655,0x200,8,A0 64 97 54 7E 08 8D 4D,fuel=100.00
1779778102.731,0x300,8,02 CE 8D 3F 29 BF 4B 00,temp=42.00
1779778102.806,0x100,8,00 07 BA CB 42 E3 EA 5A,speed=0.00
1779778102.912,0x200,8,63 64 BB 1E 46 84 BF 40,fuel=100.00
1779778102.967,0x300,8,02 9A 69 A1 B4 47 52 30,temp=42.00
1779778103.112,0x100,8,00 88 0B AA 7F 55 4B DA,speed=0.00
1779778103.180,0x200,8,0E 64 09 66 42 87 C9 13,fuel=100.00
1779778103.308,0x300,8,02 03 C0 A1 9F 78 19 50,temp=42.00
1779778103.379,0x100,8,00 E5 E6 91 D9 B9 38 4A,speed=0.00
1779778103.438,0x200,8,98 64 00 28 72 6E EE 9B,fuel=100.00
1779778103.570,0x300,8,02 FE 9C 7A 6A 13 A2 67,temp=42.00
1779778103.637,0x100,8,00 32 C3 11 30 91 CF B8,speed=0.00
1779778103.718,0x200,8,35 64 D1 AA C4 4F 89 0C,fuel=100.00
1779778103.860,0x300,8,02 48 91 AD 4A CB 0F 2D,temp=42.00
1779778103.909,0x100,8,00 52 57 26 C9 B3 9B A9,speed=0.00
1779778104.022,0x200,8,09 64 57 BB 98 81 79 47,fuel=100.00
1779778104.154,0x300,8,02 66 D0 4B D3 2C 00 CD,temp=42.00
1779778104.225,0x100,8,00 07 8D 83 0D C5 C0 AF,speed=0.00
1779778104.395,0x200,8,6F 64 29 34 EA EB 2A 7E,fuel=100.00
1779778104.495,0x300,8,02 5D D7 65 AD B1 13 8A,temp=42.00
1779778104.620,0x100,8,00 AB 7E 39 62 76 03 DD,speed=0.00
1779778104.696,0x200,8,00 64 C7 07 3B 17 00 6B,fuel=100.00
1779778104.767,0x300,8,02 99 13 22 6B 5B 07 95,temp=42.00
1779778104.887,0x100,8,00 A5 AD D4 62 90 28 CA,speed=0.00
1779778104.970,0x200,8,BA 64 BC 21 B3 E4 2C ED,fuel=100.00
1779778105.085,0x300,8,02 F7 BE 87 6A EE C6 17,temp=42.00
1779778105.150,0x100,8,00 F3 BA 04 4E 7A EF 47,speed=0.00
1779778105.278,0x200,8,D1 64 B6 11 85 C7 01 C5,fuel=100.00
1779778105.353,0x300,8,02 BD 12 73 16 F7 75 13,temp=42.00
1779778105.428,0x100,8,00 9A 5F BF 79 CE 0B DA,speed=0.00
1779778105.539,0x200,8,13 64 02 A4 44 20 BE 52,fuel=100.00
1779778105.623,0x300,8,02 FA 75 7C FB FB 2C 44,temp=42.00
1779778105.762,0x100,8,00 AC 54 54 D0 3B 35 33,speed=0.00
1779778105.840,0x200,8,9B 64 1F F8 A1 BF 8A 1E,fuel=100.00
1779778105.920,0x300,8,02 B6 52 AC 8D EA F7 FA,temp=42.00
1779778106.004,0x100,8,00 02 23 9E 01 D8 28 67,speed=0.00
1779778106.090,0x200,8,6A 64 6B DE C4 FA 77 91,fuel=100.00
1779778106.193,0x300,8,02 51 28 58 E2 81 07 87,temp=42.00
1779778106.279,0x100,8,00 1F 68 9C 5B AD 5F 20,speed=0.00
1779778106.395,0x200,8,27 64 2E F8 BA F3 CD 9F,fuel=100.00
1779778106.456,0x300,8,02 86 F6 35 9F FC F3 83,temp=42.00
1779778106.582,0x100,8,00 0A 37 78 90 92 75 71,speed=0.00
1779778106.652,0x200,8,40 64 56 B1 48 38 52 93,fuel=100.00
1779778106.779,0x300,8,02 CB 65 86 A2 1A DE 7E,temp=42.00
1779778106.844,0x100,8,00 E5 DE 94 69 3F 51 08,speed=0.00
1779778106.942,0x200,8,C8 64 9B 1E CE FD CA AD,fuel=100.00
1779778107.056,0x300,8,02 85 A0 F8 F9 A2 7E 7C,temp=42.00
1779778107.114,0x100,8,00 68 4D CF 1D 66 3B 13,speed=0.00
1779778107.248,0x200,8,3F 64 E5 FE 48 E2 0F 73,fuel=100.00
1779778107.312,0x300,8,02 A9 DA 2E CA FC 1E 8A,temp=42.00
1779778107.435,0x100,8,00 45 7F 1F 23 52 EE 1C,speed=0.00
1779778107.501,0x200,8,04 64 D2 84 1B DE 25 A6,fuel=100.00
1779778107.582,0x300,8,02 8C BC 85 CA D4 B5 0C,temp=42.00
1779778107.730,0x100,8,00 91 83 78 45 BD 8E 36,speed=0.00
1779778107.781,0x200,8,EF 64 D4 0A C5 5B 58 27,fuel=100.00
1779778107.887,0x300,8,02 3B 85 17 E8 80 AD 78,temp=42.00
1779778107.961,0x100,8,00 D2 2E 69 93 53 F3 75,speed=0.00
1779778108.087,0x200,8,B5 64 32 08 FF 62 C3 BA,fuel=100.00
1779778108.159,0x300,8,02 03 ED A3 35 F7 0E 76,temp=42.00
1779778108.262,0x100,8,00 DC 5B 17 81 C3 EC FC,speed=0.00
1779778108.340,0x200,8,ED 64 B2 DD 38 B2 56 3C,fuel=100.00
1779778108.457,0x300,8,02 4A A6 A3 D5 0C 99 8B,temp=42.00
1779778108.528,0x100,8,00 82 BD FA F7 E9 F6 BE,speed=0.00
1779778108.651,0x200,8,14 64 A5 A6 9A 4A F8 31,fuel=100.00
1779778108.728,0x300,8,02 A8 4D 11 65 49 91 E2,temp=42.00
1779778108.869,0x100,8,00 3A 9F A7 35 E1 3A A8,speed=0.00
1779778108.920,0x200,8,6D 64 0A 5E 8D 93 35 4B,fuel=100.00
1779778108.993,0x300,8,02 9A 84 A2 73 AF AB 25,temp=42.00
1779778109.100,0x100,8,00 9A 17 A3 7C B8 2C E9,speed=0.00
1779778109.167,0x200,8,4C 64 90 EE E4 F2 A3 82,fuel=100.00
1779778109.280,0x300,8,02 98 EE 6A 32 FC 4B FD,temp=42.00
1779778109.399,0x100,8,00 18 3A 5A 15 9F A4 0C,speed=0.00
1779778109.459,0x200,8,9B 64 B8 46 E7 07 43 D4,fuel=100.00
1779778109.568,0x300,8,02 DA 9E F2 1E D4 BD A3,temp=42.00
1779778109.646,0x100,8,00 AB 10 26 43 BC 11 CD,speed=0.00
1779778109.769,0x200,8,6D 64 FB 41 31 A4 69 9D,fuel=100.00
1779778109.834,0x300,8,02 1C AF B3 96 F6 0B 09,temp=42.00
1779778109.960,0x100,8,00 B8 E1 8E CC 08 19 0D,speed=0.00
1779778110.026,0x200,8,22 64 80 92 D1 63 FB 42,fuel=100.00
1779778110.121,0x300,8,02 90 18 CB F0 26 48 82,temp=42.00
1779778110.199,0x100,8,00 8D A7 02 3C 0C 38 EB,speed=0.00
1779778110.340,0x200,8,68 64 14 11 0A D0 FC 25,fuel=100.00
1779778110.400,0x300,8,02 B3 0B 15 3B 22 70 59,temp=42.00
1779778110.482,0x100,8,00 54 01 C8 53 94 16 3E,speed=0.00
1779778110.596,0x200,8,69 64 83 C8 3D B5 67 5A,fuel=100.00
1779778110.702,0x300,8,02 8D D6 2E E3 83 9C 8A,temp=42.00
1779778110.769,0x100,8,00 F7 79 6F 1E EB C9 44,speed=0.00
1779778110.877,0x200,8,C4 64 DE C0 9D DB AC F0,fuel=100.00
1779778110.968,0x300,8,02 1E 67 E7 B6 A2 FC 2A,temp=42.00
1779778111.080,0x100,8,00 0D FA FC 2E B8 7B 13,speed=0.00
1779778111.147,0x200,8,B0 64 13 F7 8C 48 11 E5,fuel=100.00
1779778111.252,0x300,8,02 D4 9E 2A 66 49 3F B9,temp=42.00
1779778111.353,0x100,8,00 01 12 7C D4 CE E6 A6,speed=0.00
1779778111.446,0x200,8,86 64 31 33 A4 42 98 43,fuel=100.00
1779778111.547,0x300,8,02 91 5F 8E 37 D3 81 29,temp=42.00
1779778111.648,0x100,8,00 97 56 55 D7 69 42 D2,speed=0.00
1779778111.704,0x200,8,18 64 FF 57 0A A4 E2 13,fuel=100.00
1779778111.802,0x300,8,02 0C 9F 32 72 D3 0B 8A,temp=42.00
1779778111.902,0x100,8,00 8F B4 4A 46 E3 D8 67,speed=0.00
1779778112.072,0x200,8,1A 64 06 80 D3 B1 94 97,fuel=100.00
1779778112.180,0x300,8,02 04 40 44 63 32 2F 8F,temp=42.00
1779778112.276,0x100,8,00 8A 61 36 1A 6C 45 0D,speed=0.00
1779778112.386,0x200,8,B8 64 63 D4 DA 63 93 D1,fuel=100.00
1779778112.481,0x300,8,02 65 41 4B 77 93 2D 47,temp=42.00
1779778112.572,0x100,8,00 2C FE 65 C8 4C 23 B2,speed=0.00
1779778112.668,0x200,8,1D 64 D0 ED 67 EB 9B 47,fuel=100.00
1779778112.766,0x300,8,02 AB 5D 03 80 7B 98 1C,temp=42.00
1779778112.821,0x100,8,00 03 49 19 8E 5C 54 E2,speed=0.00
1779778112.926,0x200,8,AF 64 2A C5 3B 28 0A 73,fuel=100.00
1779778113.022,0x300,8,02 9E 3F 03 C9 D9 EA 6E,temp=42.00
1779778113.142,0x100,8,00 2C 6F 64 52 93 48 C1,speed=0.00
1779778113.243,0x200,8,0F 64 29 C5 72 A4 64 9E,fuel=100.00
1779778113.302,0x300,8,02 DE C4 A8 9C 91 25 93,temp=42.00
1779778113.401,0x100,8,00 07 01 D5 46 A7 EB A6,speed=0.00
1779778113.506,0x200,8,2C 64 EB 1D 67 70 0E 3F,fuel=100.00
1779778113.602,0x300,8,02 AC 3A 1A E8 42 3A A3,temp=42.00
1779778113.717,0x100,8,00 11 8F 63 58 04 24 1D,speed=0.00
1779778113.774,0x200,8,89 64 73 07 28 0C D1 3A,fuel=100.00
1779778113.886,0x300,8,02 E9 0C 7E F6 76 70 94,temp=42.00
1779778113.979,0x100,8,00 81 7D A0 3E 56 8F A9,speed=0.00
1779778114.076,0x200,8,1C 64 22 15 29 E5 31 E9,fuel=100.00
1779778114.170,0x300,8,02 AB 6B EA B2 75 22 21,temp=42.00
1779778114.234,0x100,8,00 2D CF 70 A7 E0 88 0B,speed=0.00
1779778114.333,0x200,8,26 64 9E D9 1F E2 2A 7A,fuel=100.00
1779778114.462,0x300,8,02 D8 00 24 D0 8D 2F E3,temp=42.00
1779778114.569,0x100,8,00 D9 0B 3A 97 3A 15 9D,speed=0.00
1779778114.634,0x200,8,6C 64 80 5A 76 D6 6C 24,fuel=100.00
1779778114.732,0x300,8,02 3F 2A 00 4A 17 41 DF,temp=42.00
1779778114.851,0x100,8,00 A1 C8 97 7C 7D AD BA,speed=0.00
1779778114.925,0x200,8,61 64 5C E8 D9 8A 91 ED,fuel=100.00
1779778115.010,0x300,8,02 B6 48 6D 46 7E 2C DA,temp=42.00
1779778115.115,0x100,8,00 EA CD BB CD 52 28 23,speed=0.00
1779778115.187,0x200,8,D5 64 40 1F 46 64 CE 02,fuel=100.00
1779778115.304,0x300,8,02 56 E7 F8 F3 3A 85 84,temp=42.00
1779778115.421,0x100,8,00 46 1C D2 02 E0 B1 63,speed=0.00
1779778115.473,0x200,8,B4 64 27 9B E4 EC AE EF,fuel=100.00
1779778115.565,0x300,8,02 8C A4 7B BD 46 62 96,temp=42.00
1779778115.665,0x100,8,00 5B 14 DE 0E 4B 5E A8,speed=0.00
1779778115.771,0x200,8,2B 64 43 8B E8 49 8C 5E,fuel=100.00
1779778115.860,0x300,8,02 B6 E6 93 B2 9D F1 D4,temp=42.00
1779778116.002,0x100,8,00 BC 56 CE E3 D8 FA D2,speed=0.00
1779778116.052,0x200,8,59 64 E9 9A AC 55 E4 BC,fuel=100.00
1779778116.143,0x300,8,02 5E C8 E3 5C 00 5B EB,temp=42.00
1779778116.232,0x100,8,00 67 A7 62 0A 69 D0 41,speed=0.00
1779778116.352,0x200,8,DF 64 83 59 8D 0B BF C1,fuel=100.00
1779778116.466,0x300,8,02 9E 45 02 BE 80 D6 4B,temp=42.00
1779778116.523,0x100,8,00 6F 62 DD B4 DD FD 50,speed=0.00
1779778116.647,0x200,8,38 64 50 2E BC C9 A4 B8,fuel=100.00
1779778116.726,0x300,8,02 BF 70 F2 EB E0 07 F4,temp=42.00
1779778116.828,0x100,8,00 96 9D A8 F0 98 BC 76,speed=0.00
1779778116.914,0x200,8,09 64 83 B6 80 00 84 B9,fuel=100.00
1779778116.994,0x300,8,02 C4 53 AD DD 54 5C 0F,temp=42.00
1779778117.091,0x100,8,00 79 6B A8 36 CD 24 B0,speed=0.00
1779778117.185,0x200,8,67 64 2D 9F F2 A3 FD 5D,fuel=100.00
1779778117.281,0x300,8,02 4F AB 83 FC 18 6B F8,temp=42.00
1779778117.377,0x100,8,00 52 E1 AA 1E 4D 59 A1,speed=0.00
1779778117.476,0x200,8,E1 64 32 CB B8 12 FC 03,fuel=100.00
1779778117.546,0x300,8,02 75 F2 C0 67 AB 8C 51,temp=42.00
1779778117.650,0x100,8,00 FC B8 F7 32 91 16 4C,speed=0.00
1779778117.752,0x200,8,0F 64 EA 6F A2 4F 3D F2,fuel=100.00
1779778117.856,0x300,8,02 6F 53 55 42 AC 03 F0,temp=42.00
1779778117.951,0x100,8,00 23 0D 4D 66 04 F6 18,speed=0.00
1779778118.038,0x200,8,9F 64 E1 D9 A8 78 08 7B,fuel=100.00
1779778118.131,0x300,8,02 7B 95 5B 54 18 D4 5D,temp=42.00
1779778118.230,0x100,8,00 1F AB 53 F4 54 F1 5B,speed=0.00
1779778118.315,0x200,8,09 64 34 57 52 89 B4 B9,fuel=100.00
1779778118.419,0x300,8,02 D9 1F B3 F6 29 7D 5D,temp=42.00
1779778118.519,0x100,8,00 08 6F B8 66 4B F9 24,speed=0.00
1779778118.591,0x200,8,36 64 E5 D6 82 20 04 C5,fuel=100.00
1779778118.693,0x300,8,02 B6 77 4B 8A 9C 98 44,temp=42.00
1779778118.763,0x100,8,00 38 98 B7 E6 DD 99 F0,speed=0.00
1779778118.885,0x200,8,66 64 2D 7F 51 23 1E 29,fuel=100.00
1779778118.974,0x300,8,02 D9 5E A8 78 28 EB 84,temp=42.00
1779778119.058,0x100,8,00 4F 3E 01 55 B3 5B F0,speed=0.00
1779778119.149,0x200,8,3A 64 D4 38 54 C7 16 2C,fuel=100.00
1779778119.248,0x300,8,02 39 03 37 17 EF 20 E2,temp=42.00
1779778119.340,0x100,8,00 F3 3A 29 41 74 A4 06,speed=0.00
1779778119.445,0x200,8,49 64 34 64 55 3D A7 43,fuel=100.00
1779778119.531,0x300,8,02 E5 9B 57 9D E5 BB 2C,temp=42.00
1779778119.606,0x100,8,00 B3 A0 31 85 8E 5B 31,speed=0.00
1779778119.731,0x200,8,E6 64 3D BA 0C BB D7 3C,fuel=100.00
1779778119.925,0x300,8,02 6B AB DB 28 E4 A9 95,temp=42.00
1779778119.997,0x100,8,00 EC E4 4F 62 0C 5A AB,speed=0.00
1779778120.081,0x200,8,4A 64 76 A2 2E A8 14 3D,fuel=100.00
1779778120.168,0x300,8,02 64 38 7D 19 7B 27 02,temp=42.00
1779778120.265,0x100,8,00 25 EF 25 6A E5 F4 DF,speed=0.00
1779778120.368,0x200,8,77 64 43 C8 F2 82 7D 4A,fuel=100.00
1779778120.459,0x300,8,02 D9 0D 21 26 35 5D 66,temp=42.00
1779778120.547,0x100,8,00 F5 DE A3 ED 61 40 CA,speed=0.00
1779778120.644,0x200,8,F7 64 E1 50 9B BE 79 EE,fuel=100.00
1779778120.735,0x300,8,02 51 6B DF E4 CA 96 72,temp=42.00
1779778120.831,0x100,8,00 3A 9E 53 DC 30 8B EB,speed=0.00
1779778120.930,0x200,8,C2 64 70 A2 DE 9B EB 3B,fuel=100.00
1779778121.022,0x300,8,02 C3 44 C4 F3 86 50 8C,temp=42.00
1779778121.110,0x100,8,00 E4 D0 E5 E1 BB 22 F5,speed=0.00
1779778121.214,0x200,8,FB 64 E2 CC 38 CB F3 F0,fuel=100.00
1779778121.309,0x300,8,02 DC 27 D8 1C C5 9E AD,temp=42.00
1779778121.406,0x100,8,00 0C DD 8A 26 A5 21 D4,speed=0.00
1779778121.506,0x200,8,9E 64 4E E2 E2 90 EB 19,fuel=100.00
1779778121.603,0x300,8,02 FE 89 BB 08 9E C2 7C,temp=42.00
1779778121.691,0x100,8,00 2D 29 0E C7 2E F5 38,speed=0.00
1779778121.784,0x200,8,DA 64 AB 81 A3 4E AA 83,fuel=100.00
1779778121.889,0x300,8,02 83 FB C8 03 04 C0 6C,temp=42.00
1779778121.983,0x100,8,00 38 5B 36 CD DE 46 BB,speed=0.00
1779778122.079,0x200,8,C7 64 B3 F0 5A 34 00 43,fuel=100.00
1779778122.174,0x300,8,02 C9 43 D4 E0 62 BA 2D,temp=42.00
1779778122.237,0x100,8,00 1C D9 CF 4A 2A 63 FE,speed=0.00
1779778122.331,0x200,8,EE 64 11 5C 69 4A 94 4F,fuel=100.00
1779778122.419,0x300,8,02 EF D8 C9 C8 37 94 12,temp=42.00
1779778122.511,0x100,8,00 42 9E 32 5E 3D BC 88,speed=0.00
1779778122.605,0x200,8,8E 64 E6 85 E4 7A 5C 48,fuel=100.00
1779778122.697,0x300,8,02 E0 4F BB F2 DF FB 57,temp=42.00
1779778122.802,0x100,8,00 33 EE 98 BD 8F E8 A2,speed=0.00
1779778122.891,0x200,8,5C 64 1C 12 E9 04 40 CC,fuel=100.00
1779778123.026,0x300,8,02 9D 73 0C 21 F8 F9 3F,temp=42.00
1779778123.089,0x100,8,00 53 09 E2 04 C9 18 F1,speed=0.00
1779778123.215,0x200,8,62 64 4F 4B 05 C9 71 5B,fuel=100.00
1779778123.308,0x300,8,02 40 61 F7 51 FE 7D 7D,temp=42.00
1779778123.374,0x100,8,00 77 F3 CF B6 9D 8A 8A,speed=0.00
1779778123.484,0x200,8,0C 64 D3 DF E6 F0 04 63,fuel=100.00
1779778123.556,0x300,8,02 3F E3 56 89 C4 ED D6,temp=42.00
1779778123.642,0x100,8,00 FF C3 CC EC DA 43 68,speed=0.00
1779778123.739,0x200,8,E2 64 DC E3 2F 5B 01 77,fuel=100.00
1779778123.870,0x300,8,02 05 EE 78 B1 0D 5B BB,temp=42.00
1779778123.929,0x100,8,00 F4 8D E6 4A 78 79 13,speed=0.00
1779778124.021,0x200,8,25 64 74 D6 34 99 23 8A,fuel=100.00
1779778124.129,0x300,8,02 DF 54 24 92 A7 52 CA,temp=42.00
1779778124.207,0x100,8,00 1C E7 78 DC 14 6C 0D,speed=0.00
1779778124.332,0x200,8,94 64 D6 1E E7 80 60 0F,fuel=100.00
1779778124.413,0x300,8,02 4D 68 84 A7 B1 D7 7D,temp=42.00
1779778124.485,0x100,8,00 03 B7 A2 D0 DC E2 D2,speed=0.00
1779778124.614,0x200,8,38 64 B6 11 9C 47 2F 4D,fuel=100.00
1779778124.709,0x300,8,02 C0 23 D5 54 5A D0 E7,temp=42.00
1779778124.782,0x100,8,00 6D DC 50 EF A5 97 46,speed=0.00
1779778124.909,0x200,8,3D 64 81 00 53 C6 D4 33,fuel=100.00
1779778124.963,0x300,8,02 6A D3 AC DB 5D 93 E6,temp=42.00
1779778125.050,0x100,8,00 43 52 57 B3 E8 8A DD,speed=0.00
1779778125.199,0x200,8,4D 64 A6 DD 39 F3 62 3D,fuel=100.00
1779778125.289,0x300,8,02 2D 46 A2 47 01 B3 11,temp=42.00
1779778125.347,0x100,8,00 23 57 62 12 F5 00 2F,speed=0.00
1779778125.419,0x200,8,A2 64 C3 55 18 99 61 04,fuel=100.00
1779778125.525,0x300,8,02 99 51 D9 20 A3 2E 0C,temp=42.00
1779778125.609,0x100,8,00 FD D7 F2 22 0B 00 26,speed=0.00
1779778125.739,0x200,8,29 64 6C 68 CC 2B 5C 41,fuel=100.00
1779778125.806,0x300,8,02 EB 59 79 A7 BC 54 74,temp=42.00
1779778125.915,0x100,8,00 21 95 57 2C 9A 57 35,speed=0.00
1779778126.027,0x200,8,98 64 F2 9F 53 38 33 BE,fuel=100.00
1779778126.092,0x300,8,02 45 92 FC 70 75 2D 35,temp=42.00
1779778126.183,0x100,8,00 C1 F6 9B 28 C4 BF A9,speed=0.00
1779778126.281,0x200,8,20 64 39 15 79 AB 5A 35,fuel=100.00
1779778126.393,0x300,8,02 EB 54 22 2E 5D 25 1C,temp=42.00
1779778126.481,0x100,8,00 7E 9F 3F 96 B1 D5 B7,speed=0.00
1779778126.569,0x200,8,9E 64 42 35 22 F7 BA 98,fuel=100.00
1779778126.671,0x300,8,02 8E 4A D6 68 D6 E0 A1,temp=42.00
1779778126.755,0x100,8,00 C5 E4 52 A1 89 59 F8,speed=0.00
1779778126.849,0x200,8,F2 64 76 F1 60 AF C3 E7,fuel=100.00
1779778126.927,0x300,8,02 1A B0 EC 35 3E 91 D2,temp=42.00
1779778127.045,0x100,8,00 12 1D 5D 78 1A 4F DF,speed=0.00
1779778127.143,0x200,8,FF 64 E5 C1 12 F5 65 AC,fuel=100.00
1779778127.234,0x300,8,02 A2 B8 66 97 68 D3 5D,temp=42.00
1779778127.322,0x100,8,00 90 3E DB 5B C3 9C 54,speed=0.00
1779778127.409,0x200,8,3B 64 D4 84 E6 45 56 93,fuel=100.00
1779778127.492,0x300,8,02 A4 62 B7 75 40 95 96,temp=42.00
1779778127.588,0x100,8,00 74 32 22 41 70 2B 56,speed=0.00
1779778127.764,0x200,8,CD 64 D9 03 6A 06 DA 1A,fuel=100.00
1779778127.817,0x300,8,02 26 8A 56 92 F7 B5 F3,temp=42.00
1779778127.888,0x100,8,00 F1 B3 3B 56 B0 FC D4,speed=0.00
1779778127.954,0x200,8,82 64 4A 5A 8E D2 55 45,fuel=100.00
1779778128.066,0x300,8,02 21 5A 07 01 03 4B 77,temp=42.00
1779778128.154,0x100,8,00 4D 9D 8A BB 02 E7 85,speed=0.00
1779778128.264,0x200,8,B9 64 C0 9A 10 3A 96 2D,fuel=100.00
1779778128.342,0x300,8,02 5E 8C A1 C5 40 4B 0F,temp=42.00
1779778128.452,0x100,8,00 F1 9E 1C 70 4A CE 62,speed=0.00
1779778128.577,0x200,8,98 64 B4 D8 F4 09 45 CB,fuel=100.00
1779778128.655,0x300,8,02 2E F4 96 DD A8 4A 4D,temp=42.00
1779778128.732,0x100,8,00 34 B1 59 F0 0F BF FA,speed=0.00
1779778128.833,0x200,8,8F 64 D6 AD A4 EA 99 44,fuel=100.00
1779778128.934,0x300,8,02 A9 28 94 D5 37 F2 83,temp=42.00
1779778129.010,0x100,8,00 35 7E 4E 6C 42 D3 C4,speed=0.00
1779778129.094,0x200,8,29 64 1C 23 8C 24 F8 D4,fuel=100.00
1779778129.206,0x300,8,02 FF 22 09 0D 39 F8 A5,temp=42.00
1779778129.292,0x100,8,00 72 FD 94 1F BA 5B 23,speed=0.00
1779778129.380,0x200,8,CD 64 00 40 9A 1B A7 73,fuel=100.00
1779778129.495,0x300,8,02 DE 33 41 D5 84 61 6B,temp=42.00
1779778129.579,0x100,8,00 CB 6D CA 4E 9C CC 52,speed=0.00
1779778129.684,0x200,8,10 64 F5 B1 F1 9B 8B 50,fuel=100.00
1779778129.795,0x300,8,02 E4 90 AA F6 45 DE F5,temp=42.00
1779778129.884,0x100,8,00 96 9E 8A 99 EB DC AC,speed=0.00
1779778129.968,0x200,8,C1 64 C2 94 28 99 73 90,fuel=100.00
1779778130.083,0x300,8,02 EF 1A CC 67 B3 B9 A7,temp=42.00
1779778130.176,0x100,8,00 EC 66 A6 16 21 77 0B,speed=0.00
1779778130.262,0x200,8,39 64 1B 53 5A 13 BE C2,fuel=100.00
1779778130.358,0x300,8,02 37 23 FA 50 0F 14 A4,temp=42.00
1779778130.428,0x100,8,00 E3 98 C0 0F 87 1F 05,speed=0.00
1779778130.532,0x200,8,86 64 47 46 12 0B 51 5A,fuel=100.00
1779778130.642,0x300,8,02 A8 D0 A3 6B 09 50 71,temp=42.00
1779778130.757,0x100,8,00 B6 54 FE 29 3E 6A 52,speed=0.00
1779778130.839,0x200,8,10 64 54 26 4C D9 04 F4,fuel=100.00
1779778130.891,0x300,8,02 61 BC 64 E4 5C 15 14,temp=42.00
1779778130.990,0x100,8,00 25 83 51 54 E3 6A 72,speed=0.00
1779778131.080,0x200,8,8A 64 F3 5A 06 35 0F 2C,fuel=100.00
1779778131.194,0x300,8,02 0F 1F 45 EE 10 6B D9,temp=42.00
1779778131.288,0x100,8,00 8D 89 5F 0A 3C B1 1C,speed=0.00
1779778131.420,0x200,8,8B 64 14 B2 69 2C CB A8,fuel=100.00
1779778131.515,0x300,8,02 1A 6C BD 8C 10 1D A8,temp=42.00
1779778131.574,0x100,8,00 61 76 FA 0B E0 AC 2B,speed=0.00
1779778131.705,0x200,8,77 64 24 BE 03 5B A9 9B,fuel=100.00
1779778131.860,0x300,8,02 2A CC 80 B2 4E 94 10,temp=42.00
1779778131.973,0x100,8,00 54 22 DD 2A 98 3B 28,speed=0.00
1779778132.027,0x200,8,04 64 D4 E5 9A 42 C2 07,fuel=100.00
1779778132.102,0x300,8,02 16 0B 3C 9B B6 8C 8D,temp=42.00
1779778132.217,0x100,8,00 BC 7E 44 A6 2C E2 FC,speed=0.00
1779778132.297,0x200,8,EF 64 2A 73 04 CD 39 7E,fuel=100.00
1779778132.413,0x300,8,02 FC B4 3C 11 22 B5 33,temp=42.00
1779778132.522,0x100,8,00 3A BA C3 4E FD 4C 9C,speed=0.00
1779778132.579,0x200,8,43 64 8D 41 CD A8 11 6C,fuel=100.00
1779778132.689,0x300,8,02 8F 0C BB 6D 1B E8 94,temp=42.00
1779778132.797,0x100,8,00 EC D3 9D 44 B9 E2 AE,speed=0.00
1779778132.865,0x200,8,8B 64 EE 4D 60 16 E9 7B,fuel=100.00
1779778132.956,0x300,8,02 D5 4B 35 4F AC 31 95,temp=42.00
1779778133.084,0x100,8,00 E8 66 2E 2F 57 2C 3B,speed=0.00
1779778133.144,0x200,8,D6 64 80 8C 86 F7 D2 19,fuel=100.00
1779778133.239,0x300,8,02 55 28 BF BC 14 42 BC,temp=42.00
1779778133.357,0x100,8,00 A3 27 6A E2 1E 1D 56,speed=0.00
1779778133.426,0x200,8,19 64 5E 42 85 89 F2 C1,fuel=100.00
1779778133.551,0x300,8,02 99 26 9B 24 6E 79 CA,temp=42.00
1779778133.624,0x100,8,00 85 A2 52 07 0B BC B9,speed=0.00
1779778133.746,0x200,8,41 64 D0 87 96 87 5B A9,fuel=100.00
1779778133.802,0x300,8,02 E8 5C 7E 5F 26 1E 1A,temp=42.00
1779778133.946,0x100,8,00 65 1A 90 A0 B7 7B FF,speed=0.00
1779778133.993,0x200,8,33 64 2D BE 10 6A C6 A0,fuel=100.00
1779778134.107,0x300,8,02 12 5E 3A 6C 95 8C F2,temp=42.00
1779778134.171,0x100,8,00 BE B8 38 DC B1 81 C2,speed=0.00
1779778134.305,0x200,8,E2 64 8A 71 D7 60 EF 35,fuel=100.00
1779778134.382,0x300,8,02 44 EB 11 FA 78 92 B9,temp=42.00
1779778134.450,0x100,8,00 C5 2A 35 D4 93 36 AD,speed=0.00
1779778134.558,0x200,8,0F 64 25 B1 A4 32 EA 98,fuel=100.00
1779778134.666,0x300,8,02 65 04 9A 1B 0A 22 11,temp=42.00
1779778134.782,0x100,8,00 F7 B6 BD 27 AF 14 A0,speed=0.00
1779778134.858,0x200,8,61 64 D2 A1 38 21 75 36,fuel=100.00
1779778134.953,0x300,8,02 24 A3 37 3B 75 69 FD,temp=42.00
1779778135.048,0x100,8,00 A4 BC D6 BD 0C 3D 7F,speed=0.00
1779778135.118,0x200,8,52 64 76 38 B0 24 69 5F,fuel=100.00
1779778135.249,0x300,8,02 CC 35 53 46 A5 CB BC,temp=42.00
1779778135.320,0x100,8,00 13 05 C5 B5 71 47 E6,speed=0.00
1779778135.386,0x200,8,A8 64 2C 4D F9 66 B3 AA,fuel=100.00
1779778135.580,0x300,8,02 6B FF DA 8B 4E BE 91,temp=42.00
1779778135.676,0x100,8,00 04 96 6C FC BF 69 C4,speed=0.00
1779778135.800,0x200,8,4B 64 4C D5 C7 24 4D 6C,fuel=100.00
1779778135.864,0x300,8,02 7D 56 1A 2A D5 DC 33,temp=42.00
1779778135.973,0x100,8,00 8C 30 07 0F AF 21 D7,speed=0.00
1779778136.076,0x200,8,D7 64 F9 FB BF 49 9C BA,fuel=100.00
1779778136.152,0x300,8,02 29 34 CD 29 D0 60 E1,temp=42.00
1779778136.237,0x100,8,00 9A 7E 4F B5 91 25 DB,speed=0.00
1779778136.365,0x200,8,CF 64 96 6E 98 19 DC 4D,fuel=100.00
1779778136.443,0x300,8,02 16 B5 09 CB 32 1B 75,temp=42.00
1779778136.569,0x100,8,00 D6 A0 E8 15 A7 CE E5,speed=0.00
1779778136.667,0x200,8,4D 64 79 79 6A 90 E2 02,fuel=100.00
1779778136.768,0x300,8,02 4D D0 8C 00 4D E4 A2,temp=42.00
1779778136.883,0x100,8,00 A6 19 F1 E5 E2 71 D5,speed=0.00
1779778136.995,0x200,8,B8 64 85 DA 16 9D 9B C6,fuel=100.00
1779778137.119,0x300,8,02 4C 85 0C F0 D8 FC E2,temp=42.00
1779778137.180,0x100,8,00 07 11 38 6D BD D9 F9,speed=0.00
1779778137.323,0x200,8,F2 64 A5 31 54 80 7B 95,fuel=100.00
1779778137.396,0x300,8,02 E6 B9 8C BF E0 EF 36,temp=42.00
1779778137.458,0x100,8,00 9A EB E6 6E 3E E2 E1,speed=0.00
1779778137.604,0x200,8,0C 64 BF 49 6C 8F 7E B8,fuel=100.00
1779778137.672,0x300,8,02 72 9F 88 81 E2 3B 6A,temp=42.00
1779778137.768,0x100,8,00 C3 6C C3 88 6E 82 26,speed=0.00
1779778137.837,0x200,8,27 64 D4 F6 6C BF C9 E4,fuel=100.00
1779778137.935,0x300,8,02 F4 10 2E D6 15 D2 43,temp=42.00
1779778138.063,0x100,8,00 E2 11 6B 64 51 65 06,speed=0.00
1779778138.128,0x200,8,6C 64 6D 8F C4 F4 51 9E,fuel=100.00
1779778138.251,0x300,8,02 DB EC 84 02 31 A9 8B,temp=42.00
1779778138.339,0x100,8,00 80 E6 70 6C 2D CA DB,speed=0.00
1779778138.441,0x200,8,AE 64 FC 23 D2 4F 20 05,fuel=100.00
1779778138.517,0x300,8,02 B5 B2 9D 51 B8 CE 3A,temp=42.00
1779778138.630,0x100,8,00 66 1B F5 68 B4 7F 72,speed=0.00
1779778138.716,0x200,8,3C 64 6C 72 78 65 20 1C,fuel=100.00
1779778138.795,0x300,8,02 99 9F 65 A8 A5 2C 92,temp=42.00
1779778138.887,0x100,8,00 3F 5D C1 C6 F4 19 32,speed=0.00
1779778138.963,0x200,8,BA 64 C1 39 4F B6 6C 55,fuel=100.00
1779778139.046,0x300,8,02 72 30 57 0A 2D 8F FD,temp=42.00
1779778139.146,0x100,8,00 0E 59 2E 13 79 D9 0E,speed=0.00
1779778139.271,0x200,8,C2 64 1D 93 3A F9 31 65,fuel=100.00
1779778139.346,0x300,8,02 26 F9 21 62 7D EF A4,temp=42.00
1779778139.449,0x100,8,00 4E 2D A6 AE 6E 77 56,speed=0.00
1779778139.588,0x200,8,7C 64 88 07 CF 17 33 CC,fuel=100.00
1779778139.760,0x300,8,02 57 9D D9 F6 30 8B 4D,temp=42.00
1779778139.799,0x100,8,00 EF 01 84 A1 03 3F DD,speed=0.00
1779778139.894,0x200,8,B3 64 DE C5 85 A1 EA 1D,fuel=100.00
1779778140.032,0x300,8,02 E4 B9 A2 05 F1 C5 B2,temp=42.00
1779778140.079,0x100,8,00 78 65 C4 49 B9 B1 3A,speed=0.00
1779778140.180,0x200,8,61 64 8E D3 D5 EC E6 36,fuel=100.00
1779778140.264,0x300,8,02 0B 32 25 2C AD 36 CC,temp=42.00
1779778140.417,0x100,8,00 70 DE EF B2 59 3C 1E,speed=0.00
1779778140.494,0x200,8,C4 64 74 FA D2 DD 7B F0,fuel=100.00
1779778140.683,0x300,8,02 37 8D 5E A1 24 85 D5,temp=42.00
1779778140.786,0x100,8,00 0F 71 B9 99 DE 6E D2,speed=0.00
1779778140.870,0x200,8,3B 64 A1 02 3C C2 2C 3B,fuel=100.00
1779778140.932,0x300,8,02 40 94 B6 1C 50 D7 11,temp=42.00
1779778141.009,0x100,8,00 54 FB 51 BE 26 25 92,speed=0.00
1779778141.138,0x200,8,17 64 4C 14 B8 B7 FA AE,fuel=100.00
1779778141.210,0x300,8,02 10 4C 74 49 09 55 D7,temp=42.00
1779778141.355,0x100,8,00 6A 29 FD FA 08 62 C3,speed=0.00
1779778141.449,0x200,8,14 64 72 B4 69 AE 5B FC,fuel=100.00
1779778141.528,0x300,8,02 FE 3E CF BF 44 36 DF,temp=42.00
1779778141.616,0x100,8,00 1A 4B 78 31 6D D3 1D,speed=0.00
1779778141.706,0x200,8,0A 64 B3 09 D4 F0 FF 79,fuel=100.00
1779778141.863,0x300,8,02 2D 0B F0 F2 8A 90 18,temp=42.00
1779778141.933,0x100,8,00 6B E8 DB E2 93 0F 2B,speed=0.00
1779778142.001,0x200,8,20 64 B1 51 43 07 9A E0,fuel=100.00
1779778142.094,0x300,8,02 DB A3 F0 44 7D 33 EF,temp=42.00
1779778142.199,0x100,8,00 99 DC E2 B4 85 64 46,speed=0.00
1779778142.293,0x200,8,06 64 41 56 8F E7 B7 16,fuel=100.00
1779778142.375,0x300,8,02 DC 68 ED AB 98 A1 EE,temp=42.00
1779778142.445,0x100,8,00 C3 06 A9 F0 26 86 23,speed=0.00
1779778142.525,0x200,8,FF 64 26 91 95 8C 0B 1B,fuel=100.00
1779778142.631,0x300,8,02 41 E3 FE EA BB 24 0E,temp=42.00
1779778142.727,0x100,8,00 9F 14 4D 93 1B 65 E0,speed=0.00
1779778142.836,0x200,8,2D 64 19 95 59 4E 2B 7A,fuel=100.00
1779778142.925,0x300,8,02 1F A8 1B C3 B2 73 A4,temp=42.00
1779778143.003,0x100,8,00 DF AD 8F 75 94 7A 9B,speed=0.00
1779778143.101,0x200,8,5F 64 16 78 AC B5 C9 8E,fuel=100.00
1779778143.284,0x300,8,02 E3 8A 4E B9 A4 0E 78,temp=42.00
1779778143.401,0x100,8,00 44 6E 16 6F E8 F3 B4,speed=0.00
1779778143.476,0x200,8,87 64 CF 22 A0 5E 30 32,fuel=100.00
1779778143.598,0x300,8,02 76 5D 84 4D 66 63 5C,temp=42.00
1779778143.666,0x100,8,00 E7 46 2E 69 E9 2F FD,speed=0.00
1779778143.785,0x200,8,A5 64 59 F4 47 86 EF C9,fuel=100.00
1779778143.851,0x300,8,02 38 CE 25 BF A4 63 AA,temp=42.00
1779778143.938,0x100,8,00 36 63 28 74 C9 C8 5D,speed=0.00
1779778144.025,0x200,8,0A 64 97 96 2D 69 B9 7B,fuel=100.00
1779778144.145,0x300,8,02 DF 73 33 2A 33 9B C6,temp=42.00
1779778144.255,0x100,8,00 3E A9 A0 D5 1D F9 5C,speed=0.00
1779778144.329,0x200,8,FB 64 01 96 0D C2 95 F5,fuel=100.00
1779778144.449,0x300,8,02 EA DA 7C EE 15 45 32,temp=42.00
1779778144.634,0x100,8,00 AF 13 44 03 C5 6B 1A,speed=0.00
1779778144.694,0x200,8,DE 64 20 8E 02 EC D6 B2,fuel=100.00
1779778144.811,0x300,8,02 7B 69 06 A3 4E EE 57,temp=42.00
1779778144.892,0x100,8,00 97 D0 BD 6B 44 28 D2,speed=0.00
1779778145.012,0x200,8,4E 64 B8 26 46 6D BC 3B,fuel=100.00
1779778145.076,0x300,8,02 6D F2 6E A0 57 F6 A5,temp=42.00
1779778145.169,0x100,8,00 1A B4 B0 4D 16 31 EE,speed=0.00
1779778145.276,0x200,8,0F 64 B8 36 DB F9 73 DA,fuel=100.00
1779778145.400,0x300,8,02 64 1C 26 77 03 53 1A,temp=42.00
1779778145.471,0x100,8,00 B2 C8 1E 27 61 1F 24,speed=0.00
1779778145.544,0x200,8,E0 64 94 CC 3A A0 6D 0E,fuel=100.00
1779778145.622,0x300,8,02 C4 04 35 3C 82 00 BE,temp=42.00
1779778145.722,0x100,8,00 0F C9 76 AC 59 EB 9A,speed=0.00
1779778145.845,0x200,8,74 64 48 3B DF 72 3F 0F,fuel=100.00
1779778145.923,0x300,8,02 2C B9 21 F8 A6 15 3A,temp=42.00
1779778146.055,0x100,8,00 4D 72 4A 2B B2 FA 3B,speed=0.00
1779778146.122,0x200,8,92 64 E2 97 08 9A AD CA,fuel=100.00
1779778146.212,0x300,8,02 4E 09 23 08 3E 53 BC,temp=42.00
1779778146.316,0x100,8,00 7D 81 25 41 70 9D F6,speed=0.00
1779778146.421,0x200,8,72 64 BF 20 CD EB D0 41,fuel=100.00
1779778146.621,0x300,8,02 BD 05 FE D1 E2 CB E0,temp=42.00
1779778146.714,0x100,8,00 BE 07 99 B9 58 17 71,speed=0.00
1779778146.764,0x200,8,99 64 D3 73 94 BA 82 C1,fuel=100.00
1779778146.856,0x300,8,02 4C 70 82 F5 02 5D F6,temp=42.00
1779778146.981,0x100,8,00 6E F3 D2 36 0A 66 E2,speed=0.00
1779778147.065,0x200,8,48 64 F2 E4 BA 85 C2 41,fuel=100.00
1779778147.156,0x300,8,02 65 4C 80 A9 64 3C 71,temp=42.00
1779778147.234,0x100,8,00 08 1E 14 63 1F D1 C7,speed=0.00
1779778147.334,0x200,8,40 64 D7 0B 90 93 8E 79,fuel=100.00
1779778147.421,0x300,8,02 22 7E DF 27 D0 20 47,temp=42.00
1779778147.558,0x100,8,00 A5 6C D2 B7 27 AD 66,speed=0.00
1779778147.637,0x200,8,4A 64 EF 69 D7 3C 13 9C,fuel=100.00
1779778147.714,0x300,8,02 DA 8B F6 DC 9F CE 22,temp=42.00
1779778147.812,0x100,8,00 06 3D 49 CD 3B 9F F4,speed=0.00
1779778147.926,0x200,8,3B 64 D9 B8 7F 55 C5 99,fuel=100.00
