timestamp_s,can_id_hex,dlc,data_hex,signals_json
1779165657.611,0x100,8,00 D4 BC 27 AB 06 63 19,speed=0.00
1779165657.700,0x200,8,30 64 B6 C9 1B 55 31 29,fuel=100.00
1779165657.795,0x300,8,02 44 2A D4 24 80 C1 0E,temp=42.00
1779165657.885,0x100,8,00 B4 5E F0 44 07 B4 1D,speed=0.00
1779165657.978,0x200,8,F3 64 E3 66 E4 60 1F E7,fuel=100.00
1779165658.076,0x300,8,02 78 BF 00 BF 0B BF 3D,temp=42.00
1779165658.164,0x100,8,00 D5 51 8F 31 30 5A 69,speed=0.00
1779165658.262,0x200,8,8B 64 C7 FE DF 3B A0 14,fuel=100.00
1779165658.354,0x300,8,02 CC 2A 9C A1 40 6A 6B,temp=42.00
1779165658.446,0x100,8,00 04 FF 3D 53 1D 1D EE,speed=0.00
1779165658.547,0x200,8,F7 64 51 A1 8E E6 F7 0E,fuel=100.00
1779165658.644,0x300,8,02 A7 2E 02 4D D6 1A 0C,temp=42.00
1779165658.728,0x100,8,00 BF C1 77 31 7B FB 38,speed=0.00
1779165658.822,0x200,8,B3 64 62 3E EA 10 A0 5B,fuel=100.00
1779165658.917,0x300,8,02 52 B5 93 46 B1 CA 62,temp=42.00
1779165659.019,0x100,8,00 1E F6 89 9C 8D BA FD,speed=0.00
1779165659.110,0x200,8,6E 64 B9 D9 8B 84 E5 BA,fuel=100.00
1779165659.203,0x300,8,02 15 38 49 D4 88 56 20,temp=42.00
1779165659.289,0x100,8,00 59 B0 DB 29 1F 59 39,speed=0.00
1779165659.385,0x200,8,FA 64 21 A9 D4 A6 FF F6,fuel=100.00
1779165659.481,0x300,8,02 D2 58 6A AB B2 8A 5E,temp=42.00
1779165659.573,0x100,8,00 7D AA 31 DB 4A EF FC,speed=0.00
1779165659.668,0x200,8,CF 64 34 90 6E 32 07 E0,fuel=100.00
1779165659.763,0x300,8,02 4B 7E 5F 77 05 37 EE,temp=42.00
1779165659.863,0x100,8,00 64 52 3D 55 D9 18 0B,speed=0.00
1779165659.950,0x200,8,5F 64 66 62 F8 01 30 86,fuel=100.00
1779165660.042,0x300,8,02 E3 D2 30 DB 66 B3 89,temp=42.00
1779165660.133,0x100,8,00 F8 91 D3 82 46 32 1A,speed=0.00
1779165660.230,0x200,8,4E 64 70 F4 F5 94 BD 7C,fuel=100.00
1779165660.321,0x300,8,02 95 AA 1B CE 2F 09 3F,temp=42.00
1779165660.416,0x100,8,00 BF 62 57 3D CB 99 54,speed=0.00
1779165660.517,0x200,8,6D 64 C4 AB F6 A3 BB 7F,fuel=100.00
1779165660.613,0x300,8,02 46 B1 66 F2 D1 F0 CD,temp=42.00
1779165660.696,0x100,8,00 53 F2 D9 B3 FC 34 E4,speed=0.00
1779165660.793,0x200,8,18 64 8A 40 85 DA 15 AE,fuel=100.00
1779165660.885,0x300,8,02 FB 26 AF 1F 4D 04 AE,temp=42.00
1779165660.987,0x100,8,00 CF 80 6F C5 FD 64 D1,speed=0.00
1779165661.071,0x200,8,EB 64 E3 AA 96 2B A5 6C,fuel=100.00
1779165661.173,0x300,8,02 1A 92 B7 B0 E1 14 42,temp=42.00
1779165661.272,0x100,8,00 5B 07 B4 24 99 A5 0E,speed=0.00
1779165661.352,0x200,8,B4 64 38 D3 BB C3 A1 74,fuel=100.00
1779165661.448,0x300,8,02 E2 C0 E3 36 B6 25 AD,temp=42.00
1779165661.543,0x100,8,00 D0 54 33 96 41 49 AF,speed=0.00
1779165661.639,0x200,8,A6 64 68 CB 5C 0C 7B 15,fuel=100.00
1779165661.733,0x300,8,02 8F D3 49 B0 46 4A 88,temp=42.00
1779165661.833,0x100,8,00 37 FF 1B CD FE 3C 79,speed=0.00
1779165661.917,0x200,8,8B 64 FC 51 DD BD 18 FC,fuel=100.00
1779165662.011,0x300,8,02 78 EF DA D8 12 00 71,temp=42.00
1779165662.104,0x100,8,00 45 4D FC 04 4F 5A 99,speed=0.00
1779165662.198,0x200,8,92 64 DE 1E CA DF 3D 71,fuel=100.00
1779165662.293,0x300,8,02 24 BD 30 CB 29 C0 E1,temp=42.00
1779165662.389,0x100,8,00 47 78 05 B0 8C DB EF,speed=0.00
1779165662.480,0x200,8,C0 64 11 AB 20 4B 8C 73,fuel=100.00
1779165662.576,0x300,8,02 18 89 50 62 DD 48 50,temp=42.00
1779165662.666,0x100,8,00 54 91 42 38 CB 53 28,speed=0.00
1779165662.760,0x200,8,37 64 57 6C BD C9 67 F5,fuel=100.00
1779165662.853,0x300,8,02 0C B1 EB A7 32 FB 21,temp=42.00
1779165662.950,0x100,8,00 66 C4 BE 76 3D 1C 05,speed=0.00
1779165663.045,0x200,8,62 64 2F 5B 82 28 C7 C7,fuel=100.00
1779165663.133,0x300,8,02 99 4A 8A C7 4D 3B 92,temp=42.00
1779165663.230,0x100,8,00 EE 69 58 61 C1 FE 7A,speed=0.00
1779165663.328,0x200,8,70 64 92 48 1C 0E CB A9,fuel=100.00
1779165663.415,0x300,8,02 15 5D 89 57 45 6E 18,temp=42.00
1779165663.512,0x100,8,00 0C BC BA 5D D6 6E ED,speed=0.00
1779165663.614,0x200,8,98 64 87 BC 85 9F 26 45,fuel=100.00
1779165663.702,0x300,8,02 18 46 FC 12 D4 23 94,temp=42.00
1779165663.798,0x100,8,00 C7 FF 53 9E 46 63 4B,speed=0.00
1779165663.883,0x200,8,BD 64 93 7F A4 0E CD 8E,fuel=100.00
1779165663.981,0x300,8,02 CB 8D 0B D1 FA EB F2,temp=42.00
1779165664.177,0x100,8,00 95 04 99 10 B1 E6 FA,speed=0.00
1779165664.268,0x200,8,10 64 FF BB 00 1A A1 82,fuel=100.00
1779165664.355,0x300,8,02 B3 0B 3F F0 B3 1D CD,temp=42.00
1779165664.448,0x100,8,00 6A 8C 1B 42 E9 0E 65,speed=0.00
1779165664.542,0x200,8,EF 64 23 9F DB 9E 3E 68,fuel=100.00
1779165664.633,0x300,8,02 F9 A7 F9 BE 61 5A BB,temp=42.00
1779165664.731,0x100,8,00 74 99 8C 5B 5E AC DB,speed=0.00
1779165664.821,0x200,8,A0 64 D3 9D 0A EB 16 C4,fuel=100.00
1779165664.917,0x300,8,02 F4 55 B9 FD 4F DE C6,temp=42.00
1779165665.010,0x100,8,00 8D 78 F4 A7 AF 85 51,speed=0.00
1779165665.127,0x200,8,88 64 52 20 75 AE 1A 26,fuel=100.00
1779165665.252,0x300,8,02 6B 43 BB 58 BB 4F 06,temp=42.00
1779165665.327,0x100,8,00 E1 BF BF 86 E7 66 FC,speed=0.00
1779165665.393,0x200,8,04 64 81 BD 01 12 80 7C,fuel=100.00
1779165665.499,0x300,8,02 26 9C 02 45 83 18 BC,temp=42.00
1779165665.612,0x100,8,00 83 A1 DC 7B 70 46 3D,speed=0.00
1779165665.673,0x200,8,7B 64 3C F2 7B 2A F9 CA,fuel=100.00
1779165665.774,0x300,8,02 57 AF 60 1B E0 C9 5C,temp=42.00
1779165665.870,0x100,8,00 EE 3D C9 0A 1A CF 84,speed=0.00
1779165665.947,0x200,8,C2 64 D0 4C C8 54 B0 9A,fuel=100.00
1779165666.050,0x300,8,02 83 D3 72 22 9A CE 46,temp=42.00
1779165666.141,0x100,8,00 9C 05 DA DB A0 1A A0,speed=0.00
1779165666.245,0x200,8,66 64 9B 26 32 4A 8B 04,fuel=100.00
1779165666.325,0x300,8,02 9E 6B 83 E2 78 BD 85,temp=42.00
1779165666.470,0x100,8,00 9B DE 06 90 65 D9 DD,speed=0.00
1779165666.542,0x200,8,A3 64 2F DD C7 E2 1E 70,fuel=100.00
1779165666.631,0x300,8,02 07 D9 07 CF 99 DF 8A,temp=42.00
1779165666.713,0x100,8,00 B5 32 00 ED C9 D4 F4,speed=0.00
1779165666.805,0x200,8,A1 64 87 F2 30 20 31 64,fuel=100.00
1779165666.907,0x300,8,02 0F FF FC 02 F6 65 80,temp=42.00
1779165666.997,0x100,8,00 70 38 68 E3 34 6A C8,speed=0.00
1779165667.094,0x200,8,87 64 AB B2 78 48 A0 FE,fuel=100.00
1779165667.190,0x300,8,02 E2 99 E7 F3 D2 35 B4,temp=42.00
1779165667.283,0x100,8,00 13 48 58 2C 1F AA AE,speed=0.00
1779165667.368,0x200,8,CA 64 E4 6B 82 E0 C3 B2,fuel=100.00
1779165667.463,0x300,8,02 DE AF 5A BB 1B 97 06,temp=42.00
1779165667.605,0x100,8,00 84 5F AB 07 B3 89 01,speed=0.00
1779165667.674,0x200,8,03 64 9B 79 40 D8 AA 5F,fuel=100.00
1779165667.748,0x300,8,02 C3 8C 61 00 BA 78 90,temp=42.00
1779165667.856,0x100,8,00 E3 63 A9 1D FA D1 C2,speed=0.00
1779165667.931,0x200,8,42 64 C5 29 7C CD D7 8D,fuel=100.00
1779165668.027,0x300,8,02 C1 C4 35 A2 56 50 B4,temp=42.00
1779165668.119,0x100,8,00 89 A8 C2 E4 6C D1 45,speed=0.00
1779165668.218,0x200,8,74 64 52 EE 76 B9 F9 B0,fuel=100.00
1779165668.316,0x300,8,02 92 B8 3F 84 E5 B2 2F,temp=42.00
1779165668.412,0x100,8,00 BB 45 36 BD 47 32 64,speed=0.00
1779165668.499,0x200,8,F5 64 19 06 F0 61 B4 4C,fuel=100.00
1779165668.590,0x300,8,02 34 A5 5A AE 2C B6 73,temp=42.00
1779165668.680,0x100,8,00 C5 29 1F B8 8C D8 55,speed=0.00
1779165668.776,0x200,8,0B 64 EA 5A 59 A3 34 E5,fuel=100.00
1779165668.869,0x300,8,02 54 1E 24 A2 25 09 D0,temp=42.00
1779165668.964,0x100,8,00 79 53 02 06 15 5F FE,speed=0.00
1779165669.060,0x200,8,C8 64 08 03 93 AD 9A 94,fuel=100.00
1779165669.160,0x300,8,02 7B F7 D8 44 C2 DD D9,temp=42.00
1779165669.247,0x100,8,00 5D FB 96 50 48 61 E6,speed=0.00
1779165669.349,0x200,8,41 64 A2 18 72 1D CC 75,fuel=100.00
1779165669.432,0x300,8,02 DA D5 01 FC E5 DE 6A,temp=42.00
1779165669.529,0x100,8,00 E9 10 56 44 AB 1A F1,speed=0.00
1779165669.672,0x200,8,AE 64 28 19 16 F4 F1 BF,fuel=100.00
1779165669.732,0x300,8,02 14 1A BB 37 EF 27 BE,temp=42.00
1779165669.813,0x100,8,00 39 CD 69 7F 96 8E EE,speed=0.00
1779165669.914,0x200,8,24 64 CC 20 62 2A 54 15,fuel=100.00
1779165669.999,0x300,8,02 ED AF FD 65 A1 23 A3,temp=42.00
1779165670.089,0x100,8,00 9D 8A 92 4E C0 19 A5,speed=0.00
1779165670.182,0x200,8,70 64 A3 9E 65 BE 97 F7,fuel=100.00
1779165670.286,0x300,8,02 DB 71 7A 95 88 F3 2B,temp=42.00
1779165670.379,0x100,8,00 5B DE 81 FF BF 0C 58,speed=0.00
1779165670.464,0x200,8,CB 64 F3 7B BA 26 07 83,fuel=100.00
1779165670.566,0x300,8,02 E2 8B 37 B4 07 C3 6B,temp=42.00
1779165670.668,0x100,8,00 23 E9 89 7E CD 46 4F,speed=0.00
1779165670.758,0x200,8,75 64 57 38 73 70 AE 57,fuel=100.00
1779165670.864,0x300,8,02 82 0B 96 A9 4C 05 69,temp=42.00
1779165670.941,0x100,8,00 9C B3 2A 31 51 11 D1,speed=0.00
1779165671.053,0x200,8,C5 64 6C B2 41 5D F1 B4,fuel=100.00
1779165671.119,0x300,8,02 2B B4 F6 54 D1 D2 B4,temp=42.00
1779165671.227,0x100,8,00 19 A7 EF 3D A4 A3 16,speed=0.00
1779165671.346,0x200,8,A5 64 88 94 AC BC 06 A4,fuel=100.00
1779165671.415,0x300,8,02 5A D3 2F E9 65 1D 38,temp=42.00
1779165671.498,0x100,8,00 2A 81 94 D8 DD 3D 6F,speed=0.00
1779165671.600,0x200,8,C0 64 9A D9 8A E0 A0 74,fuel=100.00
1779165671.690,0x300,8,02 23 86 63 C3 72 09 5F,temp=42.00
1779165671.776,0x100,8,00 18 69 5C 9F 3A 91 07,speed=0.00
1779165671.882,0x200,8,B8 64 3B 6F 9D BB 55 9C,fuel=100.00
1779165671.967,0x300,8,02 85 BE AE 28 38 57 8A,temp=42.00
1779165672.081,0x100,8,00 BA 37 86 38 55 95 06,speed=0.00
1779165672.162,0x200,8,D6 64 03 E3 02 21 96 77,fuel=100.00
1779165672.258,0x300,8,02 6B 7D F3 A1 4F B5 82,temp=42.00
1779165672.341,0x100,8,00 3E 7C 8F 5D D5 F2 75,speed=0.00
1779165672.430,0x200,8,22 64 B3 B8 CA B3 7A 17,fuel=100.00
1779165672.533,0x300,8,02 E0 62 FF 61 A3 C0 59,temp=42.00
1779165672.624,0x100,8,00 CB AC D5 1A 68 59 E5,speed=0.00
1779165672.719,0x200,8,49 64 0B 2E 7E E2 0B 1D,fuel=100.00
1779165672.823,0x300,8,02 B8 43 70 64 14 2C 9C,temp=42.00
1779165672.934,0x100,8,00 C5 91 93 2C D6 93 72,speed=0.00
1779165673.050,0x200,8,48 64 B6 5D 7A 74 B1 6E,fuel=100.00
1779165673.115,0x300,8,02 EB 5A 54 1F 21 46 DB,temp=42.00
1779165673.192,0x100,8,00 4A 92 47 DF 0F 51 2C,speed=0.00
1779165673.294,0x200,8,EB 64 91 1A 87 82 97 EF,fuel=100.00
1779165673.377,0x300,8,02 7C F2 B4 66 10 6F 8D,temp=42.00
1779165673.485,0x100,8,00 58 14 B2 83 DD 7E F5,speed=0.00
1779165673.558,0x200,8,D9 64 F7 05 25 1D 1F 75,fuel=100.00
1779165673.662,0x300,8,02 19 C4 F8 D0 F3 B3 32,temp=42.00
1779165673.747,0x100,8,00 D2 32 B6 F3 ED D8 F3,speed=0.00
1779165673.850,0x200,8,CE 64 09 F2 EA 98 31 F9,fuel=100.00
1779165673.942,0x300,8,02 8C 63 D3 01 37 B8 F0,temp=42.00
1779165674.027,0x100,8,00 95 19 13 49 EF AC DF,speed=0.00
1779165674.140,0x200,8,07 64 45 E8 8D 65 59 0A,fuel=100.00
1779165674.256,0x300,8,02 1E 9C 1B 59 E4 8E DD,temp=42.00
1779165674.313,0x100,8,00 B5 7B D1 97 7C 1A BE,speed=0.00
1779165674.412,0x200,8,72 64 FB 93 39 D9 E8 8C,fuel=100.00
1779165674.508,0x300,8,02 65 1A 72 B3 1A 55 C1,temp=42.00
1779165674.606,0x100,8,00 13 92 49 A6 AD 42 2F,speed=0.00
1779165674.681,0x200,8,57 64 15 27 9C 9D 3D 86,fuel=100.00
1779165674.793,0x300,8,02 A1 17 17 D0 38 CC A7,temp=42.00
1779165674.880,0x100,8,00 20 D1 93 B7 E6 75 20,speed=0.00
1779165674.987,0x200,8,CC 64 D5 89 60 3F 51 3A,fuel=100.00
1779165675.095,0x300,8,02 77 29 5D 50 69 85 CC,temp=42.00
1779165675.160,0x100,8,00 BD 69 49 A4 74 5A 1C,speed=0.00
1779165675.251,0x200,8,D2 64 CE 33 DC 05 A2 9D,fuel=100.00
1779165675.347,0x300,8,02 FE E2 52 F3 CB 59 F8,temp=42.00
1779165675.440,0x100,8,00 EB 88 64 36 B3 C6 B7,speed=0.00
1779165675.538,0x200,8,00 64 53 E6 5E 58 16 05,fuel=100.00
1779165675.625,0x300,8,02 74 8F A8 00 61 72 A4,temp=42.00
1779165675.712,0x100,8,00 8E E4 82 79 E2 00 45,speed=0.00
1779165675.820,0x200,8,B6 64 F2 57 DF 7E DC 59,fuel=100.00
1779165675.924,0x300,8,02 05 28 5A BF 45 7E 9A,temp=42.00
1779165676.002,0x100,8,00 3A 9D 49 F7 9E 8E AB,speed=0.00
1779165676.115,0x200,8,E1 64 63 C4 76 12 EF DA,fuel=100.00
1779165676.193,0x300,8,02 AC 0B 79 92 27 AD 4C,temp=42.00
1779165676.282,0x100,8,00 24 19 D3 F7 BE 42 F5,speed=0.00
1779165676.374,0x200,8,78 64 91 3C A9 04 B9 76,fuel=100.00
1779165676.465,0x300,8,02 C5 12 A3 C0 44 95 CB,temp=42.00
1779165676.558,0x100,8,00 E2 79 E9 DC DE 42 4D,speed=0.00
1779165676.659,0x200,8,1C 64 FD CA 58 71 F7 72,fuel=100.00
1779165676.746,0x300,8,02 A7 E4 08 97 DF 1D 3E,temp=42.00
1779165676.853,0x100,8,00 56 45 07 3E 94 4D DE,speed=0.00
1779165676.937,0x200,8,5D 64 47 37 A3 F7 4B 63,fuel=100.00
1779165677.052,0x300,8,02 07 EF 1E 73 80 CA D6,temp=42.00
1779165677.120,0x100,8,00 64 6E 84 55 5E CA F8,speed=0.00
1779165677.219,0x200,8,04 64 5F 28 AE 2C 5D B3,fuel=100.00
1779165677.321,0x300,8,02 47 DA 86 8C 0C 90 56,temp=42.00
1779165677.408,0x100,8,02 70 3F 03 73 BC 27 95,speed=2.00
1779165677.503,0x200,8,D4 63 36 15 44 C0 C5 CE,fuel=99.00
1779165677.613,0x300,8,09 53 1D F0 A9 9B C7 4E,temp=49.00
1779165677.693,0x100,8,0B 5E 8F 76 D0 13 A8 6E,speed=11.00
1779165677.796,0x200,8,B3 63 57 34 B7 34 84 F6,fuel=99.00
1779165677.880,0x300,8,0B B6 15 F9 CC 4A F7 30,temp=51.00
1779165677.963,0x100,8,0D DC 90 52 F1 2B B5 9A,speed=13.00
1779165678.070,0x200,8,A2 63 80 14 FF E3 5B 6D,fuel=99.00
1779165678.192,0x300,8,0C 4A 41 5A 3C 60 6F 95,temp=52.00
1779165678.255,0x100,8,0D 34 F7 17 26 07 E5 EC,speed=13.00
1779165678.355,0x200,8,D1 63 39 62 41 C4 82 25,fuel=99.00
1779165678.438,0x300,8,0E 31 23 82 88 B4 93 59,temp=54.00
1779165678.543,0x100,8,12 E5 D8 38 0E C6 9C CE,speed=18.00
1779165678.622,0x200,8,70 63 F2 0B 2D DE 2A 12,fuel=99.00
1779165678.740,0x300,8,11 0B C2 65 92 E6 D7 BA,temp=57.00
1779165678.826,0x100,8,14 16 CC BF 2C 75 C5 06,speed=20.00
1779165678.907,0x200,8,A6 63 E3 E9 63 0F D7 1E,fuel=99.00
1779165679.022,0x300,8,11 AA 94 3D 08 1E 2D 9E,temp=57.00
1779165679.139,0x100,8,14 7C 42 9A DF 77 A7 5B,speed=20.00
1779165679.192,0x200,8,1D 63 CD 06 76 9B 9F C8,fuel=99.00
1779165679.324,0x300,8,11 47 95 D6 DA 33 14 C2,temp=57.00
1779165679.421,0x100,8,15 C9 5F 9E 20 2E 8C 40,speed=21.00
1779165679.488,0x200,8,99 63 2F 5F 55 5F D7 E3,fuel=99.00
1779165679.563,0x300,8,14 0A C8 3F BD CC F6 ED,temp=60.00
1779165679.662,0x100,8,19 C5 7F 88 64 C7 6C 45,speed=25.00
1779165679.743,0x200,8,F0 63 33 CD 6D 97 13 95,fuel=99.00
1779165679.847,0x300,8,16 4D 07 7C 9B A1 B4 79,temp=62.00
1779165679.933,0x100,8,1B 38 D3 34 08 34 BA 38,speed=27.00
1779165680.059,0x200,8,2C 62 6D D1 5A 21 BE 3E,fuel=98.00
1779165680.166,0x300,8,16 E5 ED B4 CC C2 E0 10,temp=62.00
1779165680.229,0x100,8,1B 5B 41 47 01 DB A0 9A,speed=27.00
1779165680.320,0x200,8,77 62 E8 06 AC 5A 6F 66,fuel=98.00
1779165680.409,0x300,8,17 7A A7 86 B6 B3 02 58,temp=63.00
1779165680.503,0x100,8,1E 28 B1 32 FB CA 0D 37,speed=30.00
1779165680.592,0x200,8,85 62 4D 17 AF A6 A6 43,fuel=98.00
1779165680.689,0x300,8,1A CE DB 36 97 E4 7E 33,temp=66.00
1779165680.794,0x100,8,20 29 43 E3 AC 7F 54 16,speed=32.00
1779165680.877,0x200,8,A8 62 50 F5 36 0F 1A 62,fuel=98.00
1779165680.963,0x300,8,1A C8 F9 B5 AC 46 1A 17,temp=66.00
1779165681.069,0x100,8,21 4B D3 26 7D B8 61 2B,speed=33.00
1779165681.175,0x200,8,2F 62 24 D0 54 33 8C 9C,fuel=98.00
1779165681.255,0x300,8,1A 68 D2 A5 83 19 59 02,temp=66.00
1779165681.343,0x100,8,21 7F 10 C0 11 6F 15 B9,speed=33.00
1779165681.433,0x200,8,20 61 EB F6 E1 6E 33 DA,fuel=97.00
1779165681.534,0x300,8,1C 33 35 A8 EA 7E 46 1F,temp=68.00
1779165681.642,0x100,8,24 39 B4 2A ED E2 42 DD,speed=36.00
1779165681.733,0x200,8,ED 61 B1 79 78 FC 59 1D,fuel=97.00
1779165681.817,0x300,8,1E CA A2 0C 2F E5 76 D1,temp=70.00
1779165681.913,0x100,8,26 D8 C5 21 F8 CE 89 D7,speed=38.00
1779165681.997,0x200,8,D1 61 C6 79 04 63 C5 D0,fuel=97.00
1779165682.106,0x300,8,1E 7F 3D C4 D8 9E DA 63,temp=70.00
1779165682.192,0x100,8,26 43 8C AD 86 F4 E5 2C,speed=38.00
1779165682.288,0x200,8,22 61 24 DA E0 D0 17 F6,fuel=97.00
1779165682.381,0x300,8,1E BF FF EE B1 6A E2 A9,temp=70.00
1779165682.476,0x100,8,28 92 12 99 F4 E6 4B 8D,speed=40.00
1779165682.569,0x200,8,D3 60 71 EF 00 ED D9 C7,fuel=96.00
1779165682.663,0x300,8,21 75 1D FA F5 93 A1 37,temp=73.00
1779165682.753,0x100,8,2A 9D 12 F6 62 A7 A5 16,speed=42.00
1779165682.852,0x200,8,DB 60 D1 08 75 4B 55 B6,fuel=96.00
1779165682.941,0x300,8,22 B8 1E 81 79 7E 60 B8,temp=74.00
1779165683.061,0x100,8,2A 7D A9 9F 37 85 C7 43,speed=42.00
1779165683.131,0x200,8,7A 60 42 B1 3A D5 F8 95,fuel=96.00
1779165683.227,0x300,8,22 54 9F 9D CF 42 84 2B,temp=74.00
1779165683.308,0x100,8,2A EB 6F CA 7F D9 E3 D7,speed=42.00
1779165683.424,0x200,8,41 60 40 3B 84 74 61 F8,fuel=96.00
1779165683.492,0x300,8,23 DB CB 45 50 B4 A2 69,temp=75.00
1779165683.602,0x100,8,2D 50 F2 C0 C1 4A 8A AC,speed=45.00
1779165683.694,0x200,8,74 5F 1F 04 7E 9D A2 87,fuel=95.00
1779165683.801,0x300,8,25 4E 36 56 05 F4 F9 EE,temp=77.00
1779165683.919,0x100,8,2E 60 C5 AC DE D4 A4 E8,speed=46.00
1779165683.984,0x200,8,6D 5F 86 BE D6 79 5D 25,fuel=95.00
1779165684.115,0x300,8,25 8E 56 F0 6A FE 35 69,temp=77.00
1779165684.176,0x100,8,2F 0E 93 9D 8C AA 0D F7,speed=47.00
1779165684.251,0x200,8,46 5F A3 52 14 15 36 C1,fuel=95.00
1779165684.354,0x300,8,25 01 C9 70 36 1F 60 41,temp=77.00
1779165684.439,0x100,8,30 81 05 4D 00 68 18 B5,speed=48.00
1779165684.525,0x200,8,24 5E 13 5F BF 86 4E B5,fuel=94.00
1779165684.631,0x300,8,27 8D 76 58 67 49 FD F1,temp=79.00
1779165684.733,0x100,8,32 D2 E4 48 37 3E 1C 04,speed=50.00
1779165684.819,0x200,8,D9 5E FE 9F 26 FC 11 10,fuel=94.00
1779165684.901,0x300,8,27 3A 73 87 67 C2 D4 0A,temp=79.00
1779165685.014,0x100,8,32 1C C6 94 F9 7D DE 4E,speed=50.00
1779165685.104,0x200,8,A7 5E 4B EB 76 9B AC 76,fuel=94.00
1779165685.181,0x300,8,28 C3 F5 82 56 AC F1 63,temp=80.00
1779165685.277,0x100,8,32 4F D2 93 29 A0 56 96,speed=50.00
1779165685.367,0x200,8,77 5D C7 90 95 00 0A B8,fuel=93.00
1779165685.479,0x300,8,28 16 AA CF 84 EE 00 1C,temp=80.00
1779165685.560,0x100,8,34 FC 7E F8 09 FC 16 EA,speed=52.00
1779165685.656,0x200,8,4B 5D C4 7D EB 5B F9 51,fuel=93.00
1779165685.747,0x300,8,2A 42 11 C7 5E D7 28 3C,temp=82.00
1779165685.857,0x100,8,35 10 D6 6D C6 09 71 AB,speed=53.00
1779165685.934,0x200,8,B7 5D 7F 19 D2 54 52 07,fuel=93.00
1779165686.039,0x300,8,2A B8 F6 BA EE F6 D5 22,temp=82.00
1779165686.140,0x100,8,36 8F 7E 5A AF DD F6 AE,speed=54.00
1779165686.220,0x200,8,63 5C BF 36 33 58 FB 7F,fuel=92.00
1779165686.319,0x300,8,2A C1 A9 20 7C FC C6 45,temp=82.00
1779165686.419,0x100,8,36 E4 2E 7E 46 35 BE 6A,speed=54.00
1779165686.498,0x200,8,8A 5C 0D 86 AD 9E AA 68,fuel=92.00
1779165686.609,0x300,8,2C CE F1 DA 26 0D DF 32,temp=84.00
1779165686.786,0x100,8,38 04 C8 8B AC D0 FC 20,speed=56.00
1779165686.920,0x200,8,AC 5C B9 D6 C8 38 07 7C,fuel=92.00
1779165686.991,0x300,8,2C 79 16 F3 52 89 67 48,temp=84.00
1779165687.066,0x100,8,39 00 B3 BB 6A 06 96 C5,speed=57.00
1779165687.152,0x200,8,01 5B C2 51 94 78 98 8E,fuel=91.00
1779165687.251,0x300,8,2C FF D3 5B C0 49 DC 6C,temp=84.00
1779165687.354,0x100,8,39 A0 AF FD 70 CA 52 E2,speed=57.00
1779165687.433,0x200,8,1D 5B 71 77 D7 1F 51 8F,fuel=91.00
1779165687.543,0x300,8,2D AD D5 A8 56 3F 11 65,temp=85.00
1779165687.625,0x100,8,3B 9D CE B9 CF D9 05 A1,speed=59.00
1779165687.712,0x200,8,DB 5B 70 4A 75 C2 A3 A9,fuel=91.00
1779165687.810,0x300,8,2E 9B AC 57 15 4A 0B E5,temp=86.00
1779165687.913,0x100,8,3B BE AF C8 8E DD CB 8C,speed=59.00
1779165688.013,0x200,8,E6 5A AA E1 DD 65 C8 03,fuel=90.00
1779165688.103,0x300,8,2E F8 D9 65 06 81 48 BF,temp=86.00
1779165688.185,0x100,8,3C 2A 0B BD C4 5D 73 47,speed=60.00
1779165688.279,0x200,8,D0 5A 55 EB FE 0E 87 AE,fuel=90.00
1779165688.370,0x300,8,2F 8D D5 0F 23 99 FF DB,temp=87.00
1779165688.468,0x100,8,3C 15 6A 47 1F 5F 27 4F,speed=60.00
1779165688.560,0x200,8,CC 59 3F 1F 2A 11 CF 90,fuel=89.00
1779165688.672,0x300,8,30 DE 5C E0 C1 13 DA 52,temp=88.00
1779165688.744,0x100,8,3E 1F B6 62 CB 6C 79 06,speed=62.00
1779165688.854,0x200,8,4A 59 66 1F 51 45 3F 53,fuel=89.00
1779165688.935,0x300,8,30 38 AC 26 F6 55 B9 55,temp=88.00
1779165689.031,0x100,8,3E 6A D3 2D 22 DF 85 45,speed=62.00
1779165689.126,0x200,8,D3 58 0C D0 F5 8A 62 D8,fuel=88.00
1779165689.216,0x300,8,30 7C 25 AD 1D 26 49 09,temp=88.00
1779165689.316,0x100,8,3E 73 B8 36 05 96 00 DF,speed=62.00
1779165689.411,0x200,8,3B 58 1F CE 88 E2 C2 B6,fuel=88.00
1779165689.504,0x300,8,31 9A 80 FD F7 CB EC E6,temp=89.00
1779165689.607,0x100,8,3F D7 2E F9 B2 C3 B0 7A,speed=63.00
1779165689.689,0x200,8,2A 57 14 8A 81 26 80 68,fuel=87.00
1779165689.793,0x300,8,32 A9 AB 27 1C F4 EC 3C,temp=90.00
1779165689.876,0x100,8,40 2D 83 44 AF 89 DE 0C,speed=64.00
1779165689.980,0x200,8,50 57 6E 5F E5 B8 9A 89,fuel=87.00
1779165690.071,0x300,8,32 F1 BF 16 2D 8C 2D A5,temp=90.00
1779165690.160,0x100,8,40 02 04 5E 9C 19 93 2B,speed=64.00
1779165690.247,0x200,8,50 57 12 A5 2F CB 89 F7,fuel=87.00
1779165690.343,0x300,8,32 88 AE 4A 2F 36 F6 59,temp=90.00
1779165690.435,0x100,8,41 CE 40 16 BA E3 B0 B8,speed=65.00
1779165690.529,0x200,8,E1 56 39 BB C7 34 3C 47,fuel=86.00
1779165690.621,0x300,8,33 7F 59 32 B7 26 5D C9,temp=91.00
1779165690.713,0x100,8,42 68 FF CB 64 DF C6 58,speed=66.00
1779165690.809,0x200,8,C2 56 1B 67 0A F6 9E 1F,fuel=86.00
1779165690.911,0x300,8,33 0C 30 B8 2C 58 73 A3,temp=91.00
1779165690.993,0x100,8,42 3B 36 8C 4B 6B E5 AD,speed=66.00
1779165691.106,0x200,8,5E 55 52 85 62 AC 5B 30,fuel=85.00
1779165691.182,0x300,8,34 CD 36 CA 2C 58 D1 53,temp=92.00
1779165691.284,0x100,8,42 05 86 94 20 13 12 AE,speed=66.00
1779165691.368,0x200,8,87 55 D2 CE 72 75 F2 B5,fuel=85.00
1779165691.473,0x300,8,34 09 49 16 24 B6 37 F8,temp=92.00
1779165691.567,0x100,8,43 2D 37 44 EE A4 51 97,speed=67.00
1779165691.659,0x200,8,58 54 AA 93 D5 23 A3 21,fuel=84.00
1779165691.752,0x300,8,35 4F E4 FF A4 61 F6 C8,temp=93.00
1779165691.846,0x100,8,44 46 CB 71 1A 91 26 CB,speed=68.00
1779165691.934,0x200,8,C8 54 E8 06 C5 84 7A 3A,fuel=84.00
1779165692.050,0x300,8,35 DA A7 F2 6F C4 A3 09,temp=93.00
1779165692.129,0x100,8,44 CB 38 4E FF 5D 8D D5,speed=68.00
1779165692.213,0x200,8,B5 53 95 17 C3 8D DC B4,fuel=83.00
1779165692.309,0x300,8,35 E1 CF 4A 9F A4 09 D7,temp=93.00
1779165692.411,0x100,8,44 2D 00 7F 70 58 59 94,speed=68.00
1779165692.499,0x200,8,2E 53 E1 45 FC 80 3A 07,fuel=83.00
1779165692.595,0x300,8,36 F0 42 87 63 0B 24 3C,temp=94.00
1779165692.680,0x100,8,45 10 06 EB 1A DE 5D 2B,speed=69.00
1779165692.779,0x200,8,92 52 0A FA 86 56 7F A8,fuel=82.00
1779165692.869,0x300,8,36 AB 30 F3 DB B8 34 7F,temp=94.00
1779165692.974,0x100,8,46 3B 84 F4 1A C8 E6 0B,speed=70.00
1779165693.063,0x200,8,9D 52 1D A8 41 70 8C 86,fuel=82.00
1779165693.154,0x300,8,36 92 4F F4 1E 8B 07 E9,temp=94.00
1779165693.243,0x100,8,46 12 E4 A7 BB 78 22 E0,speed=70.00
1779165693.340,0x200,8,8D 51 BE 6C F7 5D 56 39,fuel=81.00
1779165693.433,0x300,8,36 BD C6 8E 4D CF 41 26,temp=94.00
1779165693.528,0x100,8,46 B5 77 04 18 BD 4B 8D,speed=70.00
1779165693.621,0x200,8,CC 51 52 E1 B7 DC F2 94,fuel=81.00
1779165693.714,0x300,8,37 3D 77 39 8B CC 24 3D,temp=95.00
1779165693.811,0x100,8,47 9A 95 3C A9 D9 BE 00,speed=71.00
1779165693.905,0x200,8,37 50 0C 49 6D BE 47 B9,fuel=80.00
1779165694.000,0x300,8,37 68 94 BF 14 45 4F 28,temp=95.00
1779165694.103,0x100,8,47 BD AD E0 45 1A B3 50,speed=71.00
1779165694.182,0x200,8,8C 50 A0 06 B7 A5 32 BC,fuel=80.00
1779165694.277,0x300,8,37 64 38 55 2F 3C 2E 65,temp=95.00
1779165694.371,0x100,8,47 AE 5F AA 22 37 30 11,speed=71.00
1779165694.473,0x200,8,1E 4F F0 DA 2B 85 64 52,fuel=79.00
1779165694.561,0x300,8,38 F0 2D 72 8F F4 8E 77,temp=96.00
1779165694.657,0x100,8,48 F9 09 20 9B 40 3F 13,speed=72.00
1779165694.743,0x200,8,8D 4F 69 F1 1E 56 CC EB,fuel=79.00
1779165694.846,0x300,8,38 EB 67 9E D1 82 1A F4,temp=96.00
1779165694.932,0x100,8,48 DF 18 39 43 F3 E5 3C,speed=72.00
1779165695.033,0x200,8,96 4E BB D4 E9 7F 2E C5,fuel=78.00
1779165695.122,0x300,8,38 A0 AE 12 C6 4A 80 01,temp=96.00
1779165695.225,0x100,8,48 5B 6B 72 37 BC 59 EA,speed=72.00
1779165695.307,0x200,8,D0 4E 2F 42 68 E4 AD A3,fuel=78.00
1779165695.400,0x300,8,38 B9 BF 77 E4 A4 5C 18,temp=96.00
1779165695.493,0x100,8,49 6B 01 31 ED 6B 88 52,speed=73.00
1779165695.590,0x200,8,0F 4D D6 12 0A D7 16 23,fuel=77.00
1779165695.685,0x300,8,39 C9 69 D7 66 D0 56 02,temp=97.00
1779165695.777,0x100,8,49 FC A2 D5 E9 A4 FE DF,speed=73.00
1779165695.877,0x200,8,21 4C 20 F4 33 8A FE 5C,fuel=76.00
1779165695.971,0x300,8,39 04 59 46 FA C2 C7 35,temp=97.00
1779165696.077,0x100,8,49 4C 52 DB 8A DB D9 30,speed=73.00
1779165696.159,0x200,8,8D 4C 36 3C C8 43 5A 9A,fuel=76.00
1779165696.246,0x300,8,39 51 E1 D2 98 24 22 82,temp=97.00
1779165696.340,0x100,8,4A 6B DB B6 82 90 AC 24,speed=74.00
1779165696.437,0x200,8,B8 4B 95 3B 45 18 61 8F,fuel=75.00
1779165696.533,0x300,8,39 2E B1 9A 03 D1 AD 35,temp=97.00
1779165696.619,0x100,8,4A 9A 5C A8 6E 7B 13 1B,speed=74.00
1779165696.719,0x200,8,57 4B E4 62 D8 12 86 18,fuel=75.00
1779165696.806,0x300,8,39 19 94 81 A0 54 21 0D,temp=97.00
1779165696.901,0x100,8,4A AC B0 4B 75 51 3B A5,speed=74.00
1779165696.999,0x200,8,C6 4A F7 97 EC C6 54 F9,fuel=74.00
1779165697.103,0x300,8,39 48 2B 0C BB 4F BE 30,temp=97.00
1779165697.183,0x100,8,4A 05 9D 5C 52 F3 82 CF,speed=74.00
1779165697.280,0x200,8,CE 4A 1D E3 36 BA E1 78,fuel=74.00
1779165697.368,0x300,8,39 0B D0 35 B4 DF F9 19,temp=97.00
1779165697.462,0x100,8,4A 65 78 AD 87 97 09 F6,speed=74.00
1779165697.558,0x200,8,5A 49 71 26 22 19 C4 7A,fuel=73.00
1779165697.653,0x300,8,39 B5 17 72 44 99 7A 0F,temp=97.00
1779165697.746,0x100,8,4A 1D A2 F1 A3 5E A3 AC,speed=74.00
1779165697.842,0x200,8,35 49 91 59 CD 60 E8 19,fuel=73.00
1779165697.934,0x300,8,39 AC FA 10 34 80 1D 99,temp=97.00
1779165698.055,0x100,8,4A 6A CE 55 D3 41 46 CF,speed=74.00
1779165698.119,0x200,8,23 48 44 88 6B 3B BA 12,fuel=72.00
1779165698.213,0x300,8,39 80 05 65 47 89 71 85,temp=97.00
1779165698.309,0x100,8,4A D4 9B 7E 86 68 85 D9,speed=74.00
1779165698.406,0x200,8,2B 48 7E 8C C1 4F B5 6B,fuel=72.00
1779165698.495,0x300,8,39 13 DD 99 5A 73 2B 9B,temp=97.00
1779165698.588,0x100,8,4A 3F 9A 75 76 15 4A 54,speed=74.00
1779165698.693,0x200,8,25 47 5F C2 76 A5 2C CB,fuel=71.00
1779165698.784,0x300,8,39 CF 2B 53 B0 09 A4 00,temp=97.00
1779165698.896,0x100,8,4A D1 2C 31 9E 67 C1 C7,speed=74.00
1779165698.972,0x200,8,E5 47 E9 67 0E E2 86 7B,fuel=71.00
1779165699.080,0x300,8,39 40 15 3E 4F C1 C4 81,temp=97.00
1779165699.158,0x100,8,4A DB F8 A2 56 4F F7 BB,speed=74.00
1779165699.253,0x200,8,84 46 77 62 5A AE 62 84,fuel=70.00
1779165699.337,0x300,8,39 80 9A E5 07 5F DC DC,temp=97.00
1779165699.431,0x100,8,4A 40 2C 7D 86 C6 47 C5,speed=74.00
1779165699.529,0x200,8,EC 46 C1 E5 5B D0 1D A1,fuel=70.00
1779165699.620,0x300,8,39 E9 93 4C CE 7B C6 3B,temp=97.00
1779165699.717,0x100,8,4A 71 AB F3 F6 45 D2 DD,speed=74.00
1779165699.809,0x200,8,25 45 23 37 41 1F AC 1B,fuel=69.00
1779165699.915,0x300,8,39 98 D9 B0 85 46 7D D7,temp=97.00
1779165699.997,0x100,8,4A AF BD 5C 6C 8B 7A 84,speed=74.00
1779165700.113,0x200,8,A5 45 09 7C 24 53 78 46,fuel=69.00
1779165700.191,0x300,8,39 94 D7 16 6C 8F 23 0D,temp=97.00
1779165700.275,0x100,8,4A A4 0F 3F E4 DE F2 49,speed=74.00
1779165700.369,0x200,8,36 44 4A 66 DD A0 3F 1B,fuel=68.00
1779165700.477,0x300,8,39 55 9C C2 9C 0C E3 4E,temp=97.00
1779165700.560,0x100,8,4A 2A 20 6E 38 B1 8F 62,speed=74.00
1779165700.657,0x200,8,A1 44 9D 21 B0 9E 91 17,fuel=68.00
1779165700.744,0x300,8,39 F8 93 6F ED B4 52 FE,temp=97.00
1779165700.848,0x100,8,4A 99 75 19 DC AA DB F9,speed=74.00
1779165700.932,0x200,8,4E 43 DA 8E 78 7C 55 31,fuel=67.00
1779165701.036,0x300,8,39 94 E2 EE 3B 43 A0 2C,temp=97.00
1779165701.143,0x100,8,4A D7 C9 57 89 8A A2 C0,speed=74.00
1779165701.213,0x200,8,B2 43 02 77 20 6B 41 30,fuel=67.00
1779165701.309,0x300,8,39 A2 A8 60 0C 33 50 3C,temp=97.00
1779165701.406,0x100,8,4A FC 75 87 86 90 3B AB,speed=74.00
1779165701.494,0x200,8,05 42 93 6E 46 1F 1D AF,fuel=66.00
1779165701.599,0x300,8,39 70 07 48 51 A7 CE 40,temp=97.00
1779165701.680,0x100,8,4A F8 DB 65 A6 BB 9C 17,speed=74.00
1779165701.778,0x200,8,48 42 8A 16 91 1E 8F 5E,fuel=66.00
1779165701.877,0x300,8,39 14 5D C2 5C B4 6B 51,temp=97.00
1779165701.963,0x100,8,4A 8E 4E 59 B3 26 54 E9,speed=74.00
1779165702.067,0x200,8,F9 41 B3 B0 28 D0 C3 E1,fuel=65.00
1779165702.176,0x300,8,39 3E D5 F3 B7 FA F3 51,temp=97.00
1779165702.251,0x100,8,4A 8C FD 8C E4 01 33 25,speed=74.00
1779165702.354,0x200,8,F4 40 40 F6 32 15 83 9B,fuel=64.00
1779165702.432,0x300,8,39 57 35 DF 75 4B 47 65,temp=97.00
1779165702.528,0x100,8,4A 58 F5 63 F1 83 63 8A,speed=74.00
1779165702.626,0x200,8,E2 40 4F BB F9 70 88 87,fuel=64.00
1779165702.715,0x300,8,39 18 51 74 D5 9F 4F CB,temp=97.00
1779165702.805,0x100,8,4A FE 16 89 6C 5B C0 A7,speed=74.00
1779165702.910,0x200,8,8B 3F 92 A8 1B 6B 11 DB,fuel=63.00
1779165702.999,0x300,8,39 DB 9E 3B F3 F6 0C 38,temp=97.00
1779165703.103,0x100,8,4A 61 A2 B0 5B 23 74 CE,speed=74.00
1779165703.212,0x200,8,F4 3F C2 2A 99 61 12 E0,fuel=63.00
1779165703.283,0x300,8,39 3D D1 CD 0D 0D 11 04,temp=97.00
1779165703.369,0x100,8,4A F1 64 A7 29 0B A8 20,speed=74.00
1779165703.479,0x200,8,C8 3F 69 1E 42 14 BC 76,fuel=63.00
1779165703.570,0x300,8,39 C6 61 CF EB B3 19 64,temp=97.00
1779165703.673,0x100,8,4A EF 0E C8 62 57 92 E8,speed=74.00
1779165703.755,0x200,8,D5 3E E5 B1 51 7D 8A 86,fuel=62.00
1779165703.850,0x300,8,39 C0 85 1B F0 C4 76 6A,temp=97.00
1779165703.946,0x100,8,4A CB 41 9C C1 AD A3 2A,speed=74.00
1779165704.050,0x200,8,9F 3E 23 66 0E A8 07 45,fuel=62.00
1779165704.144,0x300,8,39 5A 32 BB 31 4A CA 4E,temp=97.00
1779165704.324,0x100,8,4A CD 76 0A FD 24 E7 B0,speed=74.00
1779165704.421,0x200,8,6B 3D 90 8C D3 D8 9A EF,fuel=61.00
1779165704.497,0x300,8,39 D0 F7 92 76 EF 64 8C,temp=97.00
1779165704.590,0x100,8,4A 1B CD B9 1B 67 B9 22,speed=74.00
1779165704.680,0x200,8,07 3D 2D 27 72 67 6C F1,fuel=61.00
1779165704.782,0x300,8,39 8B 19 80 83 9C 6B 66,temp=97.00
1779165704.869,0x100,8,4A 1E 3F F6 D9 43 D5 61,speed=74.00
1779165704.978,0x200,8,10 3C AE A5 56 DE DE D7,fuel=60.00
1779165705.071,0x300,8,39 05 25 F2 68 9D F4 AE,temp=97.00
1779165705.176,0x100,8,4A A6 77 FF 95 70 77 05,speed=74.00
1779165705.244,0x200,8,48 3C 43 0E A2 C3 08 D6,fuel=60.00
1779165705.345,0x300,8,39 96 75 C0 74 24 E0 85,temp=97.00
1779165705.432,0x100,8,4A F8 B0 1D 58 E5 12 C4,speed=74.00
1779165705.527,0x200,8,F9 3B E0 ED A0 63 27 5A,fuel=59.00
1779165705.622,0x300,8,39 87 0E 46 42 2E D4 B9,temp=97.00
1779165705.721,0x100,8,4A AD D4 B2 1D 89 A5 F5,speed=74.00
1779165705.811,0x200,8,39 3B F2 8E 8C 5D 79 C8,fuel=59.00
1779165705.917,0x300,8,39 85 C9 CD 89 F8 1F 7C,temp=97.00
1779165705.992,0x100,8,4A E4 DA E4 33 D4 8F A7,speed=74.00
1779165706.096,0x200,8,52 3A 22 C7 16 B6 91 09,fuel=58.00
1779165706.181,0x300,8,39 01 95 15 6F 0E B2 ED,temp=97.00
1779165706.285,0x100,8,4A AC 01 89 C3 48 6E 69,speed=74.00
1779165706.427,0x200,8,C2 3A 7D 13 D6 35 3D D7,fuel=58.00
1779165706.495,0x300,8,39 F0 86 55 71 9A 9E C4,temp=97.00
1779165706.582,0x100,8,4A CE 41 7B A5 E4 1B 6E,speed=74.00
1779165706.655,0x200,8,BB 39 2F F9 F8 FB 6C E2,fuel=57.00
1779165706.768,0x300,8,39 86 16 6B 1A 9D 63 6D,temp=97.00
1779165706.846,0x100,8,4A FC 35 39 14 63 12 50,speed=74.00
1779165706.941,0x200,8,D4 39 FF A8 F5 79 D0 09,fuel=57.00
1779165707.033,0x300,8,39 F1 16 42 EF B3 B6 4F,temp=97.00
1779165707.122,0x100,8,4A 1E 21 FC 2A 97 AD 22,speed=74.00
1779165707.231,0x200,8,75 38 BE B3 10 2A 68 03,fuel=56.00
1779165707.308,0x300,8,39 69 41 DA 51 FE 26 B0,temp=97.00
1779165707.402,0x100,8,4A 2D 84 55 7D 69 2A E3,speed=74.00
1779165707.498,0x200,8,CC 38 22 ED 18 2A D2 98,fuel=56.00
1779165707.589,0x300,8,39 CB 3A FA 49 89 AC 0D,temp=97.00
1779165707.681,0x100,8,4A 83 E6 BB A1 FA 04 69,speed=74.00
1779165707.791,0x200,8,82 37 EF 56 65 7B 57 56,fuel=55.00
1779165707.875,0x300,8,39 75 35 C6 7C C3 9F BD,temp=97.00
1779165707.991,0x100,8,4A 64 50 5E 10 18 82 61,speed=74.00
1779165708.056,0x200,8,F8 37 DC 13 47 69 83 31,fuel=55.00
1779165708.157,0x300,8,39 B6 A4 A3 4B 00 4D DE,temp=97.00
1779165708.245,0x100,8,4A E7 CF 0C E6 32 C5 62,speed=74.00
1779165708.355,0x200,8,56 36 8F A6 6F 9D FC 8B,fuel=54.00
1779165708.437,0x300,8,39 5D D8 60 E6 02 71 0C,temp=97.00
1779165708.535,0x100,8,4A BB E7 F8 70 C7 A9 54,speed=74.00
1779165708.621,0x200,8,DE 36 83 FA F4 3C B8 0A,fuel=54.00
1779165708.719,0x300,8,39 5F AD 9D 65 98 12 A5,temp=97.00
1779165708.809,0x100,8,4A B7 6D AE 80 F2 5B F9,speed=74.00
1779165708.913,0x200,8,92 35 64 85 2D 41 57 A2,fuel=53.00
1779165709.007,0x300,8,39 43 B7 54 CA ED 81 2B,temp=97.00
1779165709.099,0x100,8,4A B3 A7 95 C4 F7 60 EF,speed=74.00
1779165709.186,0x200,8,7C 35 9B E1 6B 15 55 D2,fuel=53.00
1779165709.301,0x300,8,39 C5 FF D7 BA 73 B2 36,temp=97.00
1779165709.374,0x100,8,4A 64 A2 C2 D1 3A E5 6B,speed=74.00
1779165709.469,0x200,8,07 34 F5 43 47 5B 4B 4E,fuel=52.00
1779165709.568,0x300,8,39 42 09 FA 1B 2F 0E FF,temp=97.00
1779165709.652,0x100,8,4A 66 EC 6E 3A 03 1B 2F,speed=74.00
1779165709.744,0x200,8,8A 34 4B A7 61 E3 A4 FF,fuel=52.00
1779165709.854,0x300,8,39 6F E1 13 2A 73 B0 17,temp=97.00
1779165709.950,0x100,8,4A BB 8C EF AE B8 43 0F,speed=74.00
1779165710.053,0x200,8,C4 33 C0 01 BE 7C EE 79,fuel=51.00
1779165710.118,0x300,8,39 48 07 A7 55 6B 1A 5A,temp=97.00
1779165710.223,0x100,8,4A 95 37 F9 1F B5 E5 F6,speed=74.00
1779165710.311,0x200,8,F7 33 C8 55 A0 C9 CE F9,fuel=51.00
1779165710.417,0x300,8,39 0F 03 8B 36 35 E8 AF,temp=97.00
1779165710.497,0x100,8,4A 4A DD E7 6B 1E A6 62,speed=74.00
1779165710.611,0x200,8,A4 32 AB 0B D5 34 07 3D,fuel=50.00
1779165710.681,0x300,8,39 1C 9F 17 C7 1C AA A5,temp=97.00
1779165710.796,0x100,8,4A 11 35 93 EB 72 68 90,speed=74.00
1779165710.868,0x200,8,52 32 12 67 AC B7 6F 38,fuel=50.00
1779165710.980,0x300,8,39 7D DA 7D A1 7E B6 EB,temp=97.00
1779165711.097,0x100,8,4A 9C F7 4E 8A 6A 4F 3F,speed=74.00
1779165711.155,0x200,8,3A 31 C4 35 15 8A 3B 36,fuel=49.00
1779165711.244,0x300,8,39 EE B0 AE 8C 20 B1 69,temp=97.00
1779165711.378,0x100,8,4A 65 37 3F 8A 0F EC 00,speed=74.00
1779165711.452,0x200,8,4D 31 C3 E4 76 F5 58 A6,fuel=49.00
1779165711.556,0x300,8,39 D7 EF 94 82 F4 C7 52,temp=97.00
1779165711.636,0x100,8,4A 0F 81 64 98 02 78 7E,speed=74.00
1779165711.761,0x200,8,BD 30 D0 B9 35 FF B6 42,fuel=48.00
1779165711.820,0x300,8,39 78 4B 11 2B 5E 64 2F,temp=97.00
1779165711.947,0x100,8,4A CF F3 C5 79 63 BC 75,speed=74.00
1779165712.015,0x200,8,29 30 19 34 AE 89 4B 82,fuel=48.00
1779165712.094,0x300,8,39 2C 5E 61 6A 1E C0 D3,temp=97.00
1779165712.194,0x100,8,4A 56 93 98 39 AA 2F 00,speed=74.00
1779165712.303,0x200,8,6A 2F 4C 66 F9 3D 2B A8,fuel=47.00
1779165712.381,0x300,8,39 17 6E BC 0F 8D 08 31,temp=97.00
1779165712.469,0x100,8,4A 23 3C 48 37 A3 62 BA,speed=74.00
1779165712.606,0x200,8,D1 2F EC 19 62 CF BF 90,fuel=47.00
1779165712.715,0x300,8,39 D0 AE 02 C3 B3 E0 C8,temp=97.00
1779165712.764,0x100,8,4A F4 56 AC 2B 40 65 26,speed=74.00
1779165712.877,0x200,8,63 2F 65 61 FA FF 6F E0,fuel=47.00
1779165712.966,0x300,8,39 19 81 9E 1B 2D 2E C5,temp=97.00
1779165713.051,0x100,8,4A F1 4E 2F EE FE 73 38,speed=74.00
1779165713.136,0x200,8,8A 2E B7 E3 6D B5 3E 95,fuel=46.00
1779165713.254,0x300,8,39 CF 6D 5B 12 F2 A9 3D,temp=97.00
1779165713.327,0x100,8,4A 81 E3 E5 1E ED 7A D7,speed=74.00
1779165713.457,0x200,8,87 2E 38 25 3D 90 85 69,fuel=46.00
1779165713.499,0x300,8,39 39 E9 CE AF B7 19 41,temp=97.00
1779165713.613,0x100,8,4A A7 E1 CD E1 1F 23 37,speed=74.00
1779165713.700,0x200,8,58 2D 9B 8F 7D FC F3 B7,fuel=45.00
1779165713.780,0x300,8,39 96 41 71 B9 06 FD 4E,temp=97.00
1779165713.875,0x100,8,4A F0 8D 95 A0 19 1B 48,speed=74.00
1779165713.974,0x200,8,FE 2D B4 A2 BD 22 42 9F,fuel=45.00
1779165714.085,0x300,8,39 59 A4 F0 A2 7F 6B 91,temp=97.00
1779165714.150,0x100,8,4A 9F 4D FF 3B 83 31 8C,speed=74.00
1779165714.306,0x200,8,76 2C 03 CC 73 CF D4 CF,fuel=44.00
1779165714.341,0x300,8,39 64 BF 0B 4F A3 58 19,temp=97.00
1779165714.440,0x100,8,4A F9 6E E7 3F EE E1 4D,speed=74.00
1779165714.551,0x200,8,2D 2C F7 23 DB 21 6C 66,fuel=44.00
1779165714.628,0x300,8,39 71 8B 56 2E E1 EF AF,temp=97.00
1779165714.727,0x100,8,4A A4 00 93 9E DB 39 75,speed=74.00
1779165714.817,0x200,8,0B 2B FC 1D 81 2A 74 43,fuel=43.00
1779165714.911,0x300,8,39 6B 73 3E DE 8C 05 A0,temp=97.00
1779165715.032,0x100,8,4A 2E 95 A7 8E 3C BA A3,speed=74.00
1779165715.117,0x200,8,42 2B FE 10 FF 70 87 56,fuel=43.00
1779165715.193,0x300,8,39 03 8D 6A 7C 34 1E 84,temp=97.00
1779165715.300,0x100,8,4A D3 70 4E 00 AC 6A BC,speed=74.00
1779165715.374,0x200,8,1A 2B C3 8F 49 19 3C 18,fuel=43.00
1779165715.494,0x300,8,39 22 D4 84 95 6F DC 82,temp=97.00
1779165715.566,0x100,8,4A 56 75 70 1F B6 92 BD,speed=74.00
1779165715.656,0x200,8,2A 2A 7D 3D AA B5 E7 87,fuel=42.00
1779165715.752,0x300,8,39 52 5F 70 47 E0 EF 25,temp=97.00
1779165715.874,0x100,8,4A FA 24 7C 9F AD 5D 3E,speed=74.00
1779165715.935,0x200,8,A7 29 A1 97 6B D6 82 2B,fuel=41.00
1779165716.067,0x300,8,39 CD 7F 73 47 4D FD FF,temp=97.00
1779165716.142,0x100,8,4A 00 9F 0C 1F A5 94 F3,speed=74.00
1779165716.247,0x200,8,01 29 7B 81 28 DF AF 8E,fuel=41.00
1779165716.313,0x300,8,39 83 2D B5 C7 E0 24 3F,temp=97.00
1779165716.434,0x100,8,4A 83 61 9A 33 7F AD DC,speed=74.00
1779165716.499,0x200,8,EF 29 EE 86 D5 86 31 62,fuel=41.00
1779165716.618,0x300,8,39 94 7E C3 76 E9 D0 2E,temp=97.00
1779165716.698,0x100,8,4A 69 0E 21 57 E4 96 34,speed=74.00
1779165716.794,0x200,8,59 28 10 C6 82 FF 28 04,fuel=40.00
1779165716.875,0x300,8,39 59 C6 8E 3C AA CD BE,temp=97.00
1779165717.000,0x100,8,4A 49 AA 8D 39 C7 7A D8,speed=74.00
1779165717.142,0x200,8,10 28 33 C9 E1 6C AD B1,fuel=40.00
1779165717.209,0x300,8,39 E8 98 A4 C7 B3 BE 4C,temp=97.00
1779165717.269,0x100,8,4A 2E D9 06 7B 8A 07 91,speed=74.00
1779165717.382,0x200,8,7A 27 96 10 65 32 76 FB,fuel=39.00
1779165717.511,0x300,8,39 68 E4 CB 45 FD 0C 8B,temp=97.00
1779165717.584,0x100,8,4A 99 26 D6 68 68 DB F8,speed=74.00
1779165717.634,0x200,8,10 27 4F 26 0A 59 AC 61,fuel=39.00
1779165717.740,0x300,8,39 AD 62 F2 6A 3F 3E 6E,temp=97.00
1779165717.863,0x100,8,4A D5 3A 68 DB 5D DD 80,speed=74.00
1779165717.936,0x200,8,20 27 F7 31 86 81 65 2E,fuel=39.00
1779165718.000,0x300,8,39 7F 6D 89 F6 02 DD C1,temp=97.00
1779165718.171,0x100,8,4A 67 FA AF E2 94 6E 10,speed=74.00
1779165718.240,0x200,8,6C 26 39 53 4D 18 03 1E,fuel=38.00
1779165718.314,0x300,8,39 70 86 9C EA B1 8E 84,temp=97.00
1779165718.396,0x100,8,4A 75 9A DE A8 0F 25 EA,speed=74.00
1779165718.496,0x200,8,1A 26 38 14 FE 2E F0 FC,fuel=38.00
1779165718.580,0x300,8,39 8A F8 C8 07 87 62 E9,temp=97.00
1779165718.677,0x100,8,4A A2 DE 99 2A D4 CA 51,speed=74.00
1779165718.772,0x200,8,8E 26 B2 F0 11 1A C3 EC,fuel=38.00
1779165718.875,0x300,8,39 7E 6E 3D 9A CE B1 D6,temp=97.00
1779165718.951,0x100,8,4A 50 FB 85 1B 72 BC 7E,speed=74.00
1779165719.062,0x200,8,72 25 D0 30 56 E1 1A E7,fuel=37.00
1779165719.230,0x300,8,39 96 8E A7 61 15 27 C3,temp=97.00
1779165719.313,0x100,8,4A 8A 9D 8E 14 26 8A 08,speed=74.00
1779165719.419,0x200,8,F3 25 8A C4 31 5C E5 2B,fuel=37.00
1779165719.497,0x300,8,39 DB 97 C2 66 B3 40 71,temp=97.00
1779165719.614,0x100,8,4A 78 F4 18 BB 48 40 D7,speed=74.00
1779165719.695,0x200,8,6F 24 37 7F F2 48 14 FD,fuel=36.00
1779165719.799,0x300,8,39 5F 5E 63 30 45 1B 53,temp=97.00
1779165719.886,0x100,8,4A E1 E4 89 1D B3 FD E1,speed=74.00
1779165719.989,0x200,8,7E 24 9A 62 C0 F2 0A D0,fuel=36.00
1779165720.084,0x300,8,39 68 91 94 BC DC 65 47,temp=97.00
1779165720.188,0x100,8,4A EA 43 E9 32 8D 3C 50,speed=74.00
1779165720.245,0x200,8,9E 23 95 1F 2C 84 B6 B0,fuel=35.00
1779165720.371,0x300,8,39 8B AA 95 C6 C4 1A F9,temp=97.00
1779165720.434,0x100,8,4A 0C 8A 18 B6 CD 37 F8,speed=74.00
1779165720.564,0x200,8,9D 23 2F F5 81 21 3E 38,fuel=35.00
1779165720.640,0x300,8,39 E8 3A 30 65 5F CD C3,temp=97.00
1779165720.741,0x100,8,4A 7F 05 9F 23 3B 3D 05,speed=74.00
1779165720.824,0x200,8,6A 22 7C 8F C3 D4 D4 B6,fuel=34.00
1779165720.986,0x300,8,39 96 4D 32 5E DB AA 64,temp=97.00
1779165721.011,0x100,8,4A CC 1B C7 0C 05 FC A4,speed=74.00
1779165721.155,0x200,8,C5 22 7F 85 3C 98 BE 99,fuel=34.00
1779165721.190,0x300,8,39 38 19 88 1E 2D CD 39,temp=97.00
1779165721.298,0x100,8,4A 2C B2 34 40 C5 C6 E3,speed=74.00
1779165721.376,0x200,8,87 21 04 E8 C2 C1 A5 C0,fuel=33.00
1779165721.463,0x300,8,39 12 31 C3 7C FA DA 9F,temp=97.00
1779165721.579,0x100,8,4A 12 B0 49 A0 3A 9D 6A,speed=74.00
1779165721.677,0x200,8,89 21 93 A4 64 46 37 47,fuel=33.00
1779165721.786,0x300,8,39 BA 86 A9 5D 03 C2 B7,temp=97.00
1779165721.853,0x100,8,4A 43 5F 01 84 9B BA BB,speed=74.00
1779165721.977,0x200,8,48 21 78 14 E2 E8 92 B3,fuel=33.00
1779165722.114,0x300,8,39 BD 84 C2 63 9C 19 40,temp=97.00
1779165722.145,0x100,8,4A 58 97 D7 82 44 B1 D6,speed=74.00
1779165722.241,0x200,8,71 20 BD FB 15 F1 28 93,fuel=32.00
1779165722.314,0x300,8,39 1B 1E C6 CA 45 AE 4D,temp=97.00
1779165722.415,0x100,8,4A 7D 19 C0 E7 34 5D 5A,speed=74.00
1779165722.514,0x200,8,82 20 97 D9 65 CF 34 76,fuel=32.00
1779165722.611,0x300,8,39 FD 2F 8A B7 5A D5 1A,temp=97.00
1779165722.697,0x100,8,4A AD 70 5C 7F 88 25 10,speed=74.00
1779165722.794,0x200,8,0B 20 A4 48 6F 55 6C 05,fuel=32.00
1779165722.880,0x300,8,39 93 5A D9 74 FE 34 88,temp=97.00
1779165722.993,0x100,8,4A C2 05 F3 89 24 0B 8C,speed=74.00
1779165723.064,0x200,8,07 1F 0E 1F 8D CE A1 42,fuel=31.00
1779165723.172,0x300,8,39 6F FE E9 12 02 37 4F,temp=97.00
1779165723.267,0x100,8,4A AB 18 CF 02 84 E1 AA,speed=74.00
1779165723.366,0x200,8,71 1E F8 C6 52 25 54 66,fuel=30.00
1779165723.432,0x300,8,39 2A C1 33 C8 C5 06 BE,temp=97.00
1779165723.545,0x100,8,4A B8 B9 68 94 68 6C 9C,speed=74.00
1779165723.625,0x200,8,56 1E C5 F0 9B 65 5C E0,fuel=30.00
1779165723.732,0x300,8,39 AF 72 5E AF E9 8A E8,temp=97.00
1779165723.809,0x100,8,4A 1F 18 7A 60 90 7A 92,speed=74.00
1779165723.919,0x200,8,E1 1D F3 29 54 21 01 51,fuel=29.00
1779165724.018,0x300,8,39 AE 1C 8B D0 85 05 8D,temp=97.00
1779165724.139,0x100,8,4A 55 4A 45 D7 F9 1A 02,speed=74.00
1779165724.185,0x200,8,35 1D 4C C8 45 BE E2 EC,fuel=29.00
1779165724.283,0x300,8,39 9E B3 AE DA 1E 76 E7,temp=97.00
1779165724.376,0x100,8,4A BC 57 4A F8 91 C6 4F,speed=74.00
1779165724.484,0x200,8,9D 1C 00 1E FE 0C 38 BD,fuel=28.00
1779165724.561,0x300,8,39 40 F2 44 65 C3 27 46,temp=97.00
1779165724.672,0x100,8,4A 82 D9 00 83 50 78 72,speed=74.00
1779165724.749,0x200,8,0B 1C 79 EC 46 86 8F 03,fuel=28.00
1779165724.860,0x300,8,39 E4 0F 2E 94 72 67 07,temp=97.00
1779165724.939,0x100,8,4A 3C 1E CF C4 E9 06 86,speed=74.00
1779165725.031,0x200,8,06 1B 7A F1 CF 73 14 28,fuel=27.00
1779165725.123,0x300,8,39 38 08 B9 5B 19 EF 41,temp=97.00
1779165725.236,0x100,8,4A 26 E3 CB 19 CA BC A1,speed=74.00
1779165725.308,0x200,8,10 1B C3 81 17 34 B7 F6,fuel=27.00
1779165725.434,0x300,8,39 9D 67 55 F4 61 E2 F4,temp=97.00
1779165725.501,0x100,8,4A C5 23 29 B7 DF 5A 45,speed=74.00
1779165725.616,0x200,8,81 1A 82 03 41 FE D9 68,fuel=26.00
1779165725.689,0x300,8,39 E4 6A C0 E1 2F A1 0A,temp=97.00
1779165725.795,0x100,8,4A FF DF 17 C8 D2 87 03,speed=74.00
1779165725.872,0x200,8,B5 1A 2C F3 D6 50 36 B5,fuel=26.00
1779165725.987,0x300,8,39 9B C0 37 8F 7E EC F3,temp=97.00
1779165726.062,0x100,8,4A C6 4D 80 9C 21 25 E0,speed=74.00
1779165726.175,0x200,8,98 19 4B 18 EA EF 2B 52,fuel=25.00
1779165726.245,0x300,8,39 6D 14 CF B3 75 87 5D,temp=97.00
1779165726.364,0x100,8,4A 1A 19 F3 D8 C0 82 C6,speed=74.00
1779165726.434,0x200,8,9F 19 CA F4 8D C6 68 8E,fuel=25.00
1779165726.550,0x300,8,39 82 C9 C3 68 8B BD D0,temp=97.00
1779165726.620,0x100,8,4A B6 77 69 AC BA 7F DD,speed=74.00
1779165726.712,0x200,8,AA 18 C3 59 61 0C 14 D7,fuel=24.00
1779165726.806,0x300,8,39 67 88 E5 38 D7 79 01,temp=97.00
1779165726.900,0x100,8,4A B8 90 C5 A1 F5 CA 42,speed=74.00
1779165727.010,0x200,8,74 18 F7 22 AD 7E 54 5C,fuel=24.00
1779165727.098,0x300,8,39 61 FA B6 A1 CD AB 17,temp=97.00
1779165727.199,0x100,8,4A FD 7B 1C D1 EA 6E 19,speed=74.00
1779165727.274,0x200,8,D8 17 69 4D FD 76 C0 A8,fuel=23.00
1779165727.384,0x300,8,39 C4 F8 8A D7 4E B6 8F,temp=97.00
1779165727.473,0x100,8,4A AF E3 0D 93 17 EB 61,speed=74.00
1779165727.575,0x200,8,35 17 6B E6 5D 63 41 63,fuel=23.00
1779165727.662,0x300,8,39 D9 A3 1E 7D 47 DD 9E,temp=97.00
1779165727.779,0x100,8,4A 26 D3 7C FC 8B F0 EC,speed=74.00
1779165727.837,0x200,8,3B 16 71 9F 42 F0 E8 5B,fuel=22.00
1779165727.956,0x300,8,39 B8 E6 56 9A 63 D8 15,temp=97.00
1779165728.039,0x100,8,4A 8D 6F 3A 75 19 2F FA,speed=74.00
1779165728.126,0x200,8,B7 16 77 AD 46 46 03 5A,fuel=22.00
1779165728.217,0x300,8,39 77 B8 76 1A AC 94 1F,temp=97.00
1779165728.322,0x100,8,4A 48 8F 79 69 AE 1E 65,speed=74.00
1779165728.418,0x200,8,70 15 8C 98 52 C0 CC 99,fuel=21.00
1779165728.496,0x300,8,39 70 C1 A7 69 2F 60 62,temp=97.00
1779165728.596,0x100,8,4A EF 4A 0E 1B EE D9 74,speed=74.00
1779165728.681,0x200,8,57 15 1D 0E 43 5F 6E 3A,fuel=21.00
1779165728.776,0x300,8,39 DD 24 FB B3 8F 5F 65,temp=97.00
1779165728.882,0x100,8,4A C3 34 34 3A 95 0F D9,speed=74.00
1779165728.964,0x200,8,E7 14 78 87 04 49 7D F2,fuel=20.00
1779165729.127,0x300,8,39 EC 7D 06 21 F3 F8 13,temp=97.00
1779165729.159,0x100,8,4A B8 D3 94 A2 8C 82 5E,speed=74.00
1779165729.256,0x200,8,7E 14 5C D5 79 BA D3 EC,fuel=20.00
1779165729.337,0x300,8,39 56 3E 5E 48 F9 B1 DF,temp=97.00
1779165729.450,0x100,8,4A D4 0F A6 A8 E3 69 B5,speed=74.00
1779165729.527,0x200,8,C5 13 FC B2 C1 14 87 0B,fuel=19.00
1779165729.629,0x300,8,39 E6 6B A3 6E 49 CC 0E,temp=97.00
1779165729.716,0x100,8,4A 68 67 1A E0 82 CC 10,speed=74.00
1779165729.815,0x200,8,DF 13 CE C9 83 E8 43 26,fuel=19.00
1779165729.900,0x300,8,39 39 61 49 5B 2B 90 D0,temp=97.00
1779165730.009,0x100,8,4A 5C 93 90 2C 90 D1 F9,speed=74.00
1779165730.104,0x200,8,C1 12 AF A1 AA 3E 5F 29,fuel=18.00
1779165730.189,0x300,8,39 B2 75 D6 58 34 29 35,temp=97.00
1779165730.284,0x100,8,4A 95 14 0A B6 A9 8B 74,speed=74.00
1779165730.372,0x200,8,F9 12 66 D1 7C C8 6E 4F,fuel=18.00
1779165730.470,0x300,8,39 06 E1 EA C1 F4 FE AF,temp=97.00
1779165730.561,0x100,8,4A 88 17 C4 64 08 C6 0A,speed=74.00
1779165730.655,0x200,8,1C 11 7F CD 5D 07 DE 53,fuel=17.00
1779165730.752,0x300,8,39 26 0F 05 A1 51 32 64,temp=97.00
1779165730.838,0x100,8,4A EC BE 0D 0E 4C CA CB,speed=74.00
1779165730.940,0x200,8,3C 11 3A AC 0C C2 F3 AB,fuel=17.00
1779165731.024,0x300,8,39 11 9F 32 CB D6 0A B2,temp=97.00
1779165731.122,0x100,8,4A D2 F4 AB 24 A1 C4 FC,speed=74.00
1779165731.225,0x200,8,80 10 FE 94 20 0D 87 49,fuel=16.00
1779165731.308,0x300,8,39 86 6B 79 91 A9 B0 18,temp=97.00
1779165731.401,0x100,8,4A 6A 41 4C 45 12 86 CF,speed=74.00
1779165731.503,0x200,8,71 10 E6 CE 79 71 6B 2C,fuel=16.00
1779165731.587,0x300,8,39 6C 1A 30 D7 E1 94 5F,temp=97.00
1779165731.683,0x100,8,4A C4 6C 7B F1 D5 57 F6,speed=74.00
1779165731.784,0x200,8,E4 0F 5B 10 E6 F5 03 89,fuel=15.00
1779165731.886,0x300,8,39 13 A4 69 78 91 87 FB,temp=97.00
1779165731.971,0x100,8,4A 89 F1 34 41 75 92 C7,speed=74.00
1779165732.070,0x200,8,17 0F 0D 7A EA 8D FC C4,fuel=15.00
1779165732.156,0x300,8,39 53 89 66 2C 6A EF F3,temp=97.00
1779165732.258,0x100,8,4A 3E 20 06 E6 64 8E E9,speed=74.00
1779165732.341,0x200,8,3A 0E 21 A7 0A 19 F9 16,fuel=14.00
1779165732.449,0x300,8,39 86 A8 B0 67 5C B9 31,temp=97.00
1779165732.539,0x100,8,4A E4 CC C3 80 76 B3 CF,speed=74.00
1779165732.619,0x200,8,9E 0D 33 0B DE 67 25 EB,fuel=13.00
1779165732.722,0x300,8,39 8D B9 78 71 2D 92 D4,temp=97.00
1779165732.815,0x100,8,4A 53 E4 46 08 3C 83 E6,speed=74.00
1779165732.904,0x200,8,54 0D 94 09 03 2C 04 14,fuel=13.00
1779165733.018,0x300,8,39 E6 CA 87 4F F1 01 34,temp=97.00
1779165733.098,0x100,8,4A EC 76 4D 11 0E 4B 06,speed=74.00
1779165733.192,0x200,8,2F 0C 8B 32 CE AA 0D 70,fuel=12.00
1779165733.280,0x300,8,39 8F 41 A2 E3 60 3B E0,temp=97.00
1779165733.369,0x100,8,4A 2F F3 D3 CE 06 D7 B0,speed=74.00
1779165733.463,0x200,8,48 0C 3C 3F D4 19 F8 DA,fuel=12.00
1779165733.566,0x300,8,39 C2 45 D5 8C 23 55 49,temp=97.00
1779165733.659,0x100,8,4A 51 F8 83 49 6D 40 93,speed=74.00
1779165733.746,0x200,8,DE 0B C0 C2 6F C4 F7 03,fuel=11.00
1779165733.838,0x300,8,39 4D 91 07 B4 28 0C 36,temp=97.00
1779165733.937,0x100,8,4A 14 D3 1C D5 9D 9D C6,speed=74.00
1779165734.026,0x200,8,EE 0B 6C F7 B6 7B 41 BB,fuel=11.00
1779165734.123,0x300,8,39 7C 34 C0 E6 6C 05 58,temp=97.00
1779165734.216,0x100,8,4A 1E BA AB B2 9B 7C 22,speed=74.00
1779165734.322,0x200,8,13 0A 75 3D 2C E4 4A 19,fuel=10.00
1779165734.410,0x300,8,39 93 48 F8 8B 2C AD 05,temp=97.00
1779165734.505,0x100,8,4A E9 24 06 32 2E 3F 3C,speed=74.00
1779165734.588,0x200,8,3D 0A 86 4E 5D 0E 83 6B,fuel=10.00
1779165734.697,0x300,8,39 35 B3 82 0F 00 84 F4,temp=97.00
1779165734.784,0x100,8,4A E5 7A 5A C8 65 30 42,speed=74.00
1779165734.874,0x200,8,0E 09 1B 62 65 9E FD 07,fuel=9.00
1779165734.975,0x300,8,39 C6 FB D8 AF D7 88 4A,temp=97.00
1779165735.056,0x100,8,4A FF D7 9A 7D 7F 42 6F,speed=74.00
1779165735.160,0x200,8,30 09 5A 49 65 EC 02 23,fuel=9.00
1779165735.254,0x300,8,39 DE BC 3C 18 57 95 BB,temp=97.00
1779165735.350,0x100,8,4A 62 CE F2 79 32 12 F9,speed=74.00
1779165735.443,0x200,8,EB 08 C3 79 29 8A 64 F0,fuel=8.00
1779165735.536,0x300,8,39 16 29 FD FB 5D EB 3F,temp=97.00
1779165735.641,0x100,8,4A DE B4 41 36 9D 68 4C,speed=74.00
1779165735.723,0x200,8,F5 08 D1 09 77 13 1C 50,fuel=8.00
1779165735.813,0x300,8,39 F8 25 86 6D D6 D6 69,temp=97.00
1779165735.909,0x100,8,4A 63 F1 95 7B 51 CA 41,speed=74.00
1779165736.005,0x200,8,4B 07 F8 07 D5 C2 48 2D,fuel=7.00
1779165736.093,0x300,8,39 75 50 9C 44 1B 5B 3B,temp=97.00
1779165736.193,0x100,8,4A A3 71 BC 37 68 7C 63,speed=74.00
1779165736.284,0x200,8,40 07 B6 57 3B 5B 73 C6,fuel=7.00
1779165736.385,0x300,8,39 77 6B A8 A4 44 D0 F8,temp=97.00
1779165736.464,0x100,8,4A 2A 0C 3D BD 28 4D 9B,speed=74.00
1779165736.566,0x200,8,54 06 A7 AD 5C 3E FA A0,fuel=6.00
1779165736.658,0x300,8,39 89 99 D3 37 48 F0 FC,temp=97.00
1779165736.752,0x100,8,4A 81 79 4A D8 C3 1E C9,speed=74.00
1779165736.843,0x200,8,DF 06 4E F9 38 65 1F 21,fuel=6.00
1779165736.940,0x300,8,39 61 A8 6C 2D FE 1E 81,temp=97.00
1779165737.037,0x100,8,4A 29 7E DF 43 5C 12 E4,speed=74.00
1779165737.137,0x200,8,81 05 49 CA 26 33 A6 83,fuel=5.00
1779165737.216,0x300,8,39 DA E4 65 1A 3B 3A 19,temp=97.00
1779165737.313,0x100,8,4A 42 8F B2 EC E7 F9 C0,speed=74.00
1779165737.399,0x200,8,C3 04 2B 09 BE C5 03 6E,fuel=4.00
1779165737.499,0x300,8,39 A6 EE AC C7 88 14 3B,temp=97.00
1779165737.600,0x100,8,4A 22 2F 91 77 74 F3 C3,speed=74.00
1779165737.685,0x200,8,D7 04 E1 26 3D D6 73 CD,fuel=4.00
1779165737.775,0x300,8,39 A5 0E FE B0 C8 F3 60,temp=97.00
1779165737.888,0x100,8,4A 43 85 3E 23 1C 03 A0,speed=74.00
1779165737.977,0x200,8,3A 03 93 1E 53 F9 9D BA,fuel=3.00
1779165738.058,0x300,8,39 18 EC C6 6B AE E2 04,temp=97.00
1779165738.157,0x100,8,4A 04 A3 AD 33 52 D9 2E,speed=74.00
1779165738.250,0x200,8,5F 03 F8 AA 00 0C D7 D7,fuel=3.00
1779165738.342,0x300,8,39 04 A7 BB 8B F9 E3 CC,temp=97.00
1779165738.451,0x100,8,4A 08 59 09 75 B4 F7 38,speed=74.00
1779165738.533,0x200,8,DC 02 CD D8 81 59 65 89,fuel=2.00
1779165738.629,0x300,8,39 9C CB 75 0C 99 50 76,temp=97.00
1779165738.716,0x100,8,4A 7E DB 5A E8 52 80 C2,speed=74.00
1779165738.813,0x200,8,77 02 BE E1 AC 1F CD A3,fuel=2.00
1779165738.903,0x300,8,39 9B DF F9 5A CE 1F 32,temp=97.00
1779165739.000,0x100,8,4A 8D 2C A8 1B 1C 7D 21,speed=74.00
1779165739.096,0x200,8,58 01 23 54 8C 8A 6A ED,fuel=1.00
1779165739.180,0x300,8,39 18 25 19 EE F0 DE BC,temp=97.00
1779165739.278,0x100,8,4A F6 91 A2 3B B3 F9 95,speed=74.00
1779165739.368,0x200,8,C8 01 D2 D9 CF E7 4F 79,fuel=1.00
1779165739.462,0x300,8,39 98 95 04 7F F3 BE 9B,temp=97.00
1779165739.561,0x100,8,4A 5A 3A 1D 05 98 09 D4,speed=74.00
1779165739.664,0x200,8,05 00 14 FF 75 81 D7 05,fuel=0.00
1779165739.755,0x300,8,39 67 E0 C7 F2 06 FB A7,temp=97.00
1779165739.847,0x100,8,4A 4E 72 99 76 8B A5 31,speed=74.00
1779165739.938,0x200,8,F3 00 9E 3D 4F FB 7D 66,fuel=0.00
1779165740.034,0x300,8,39 60 AD 91 C8 92 57 B0,temp=97.00
1779165740.122,0x100,8,4A DE 23 1B 03 EF 81 23,speed=74.00
1779165740.219,0x200,8,B5 00 BA 22 CF 72 52 CC,fuel=0.00
1779165740.323,0x300,8,39 EE 1A 3C 94 96 25 EA,temp=97.00
1779165740.406,0x100,8,4A B0 68 3F 92 77 1C 1F,speed=74.00
1779165740.500,0x200,8,C5 00 0D 1D B6 A8 C9 CB,fuel=0.00
1779165740.596,0x300,8,39 E3 01 6F 40 3C 57 A2,temp=97.00
1779165740.689,0x100,8,4A DC 4E A1 FE 6D C3 8E,speed=74.00
1779165740.782,0x200,8,E1 00 9A 9E 69 4E E5 EE,fuel=0.00
1779165740.888,0x300,8,39 91 A4 B8 06 7A 2C DE,temp=97.00
1779165740.967,0x100,8,4A 76 8F 98 E8 5A 8A 3D,speed=74.00
1779165741.060,0x200,8,4B 00 92 D5 C4 25 4B EB,fuel=0.00
1779165741.151,0x300,8,39 96 77 FF 50 17 FC A2,temp=97.00
1779165741.256,0x100,8,4A E2 D0 A4 9A B8 1B 77,speed=74.00
1779165741.345,0x200,8,76 00 85 02 8F 81 7D 3B,fuel=0.00
1779165741.440,0x300,8,39 F6 C6 D0 17 CD 03 46,temp=97.00
1779165741.533,0x100,8,4A 10 25 EA A7 A0 14 EF,speed=74.00
1779165741.620,0x200,8,F8 00 E8 2D 89 E6 DE B8,fuel=0.00
1779165741.727,0x300,8,39 32 F4 2D 4B 99 25 69,temp=97.00
1779165741.810,0x100,8,4A 81 CC A5 B8 3C 75 FE,speed=74.00
1779165741.910,0x200,8,70 00 B6 90 AA FB 89 52,fuel=0.00
1779165742.001,0x300,8,39 CF C3 0E 0F 43 B7 B1,temp=97.00
1779165742.094,0x100,8,4A 5B 28 EE 8D C0 72 74,speed=74.00
1779165742.185,0x200,8,94 00 09 94 BE 3E 74 34,fuel=0.00
1779165742.289,0x300,8,39 9D E7 12 22 FF BA BE,temp=97.00
1779165742.373,0x100,8,4A 22 97 E0 7C E9 C3 AF,speed=74.00
1779165742.475,0x200,8,AC 00 D9 9F 43 51 69 0D,fuel=0.00
1779165742.586,0x300,8,39 CF 31 A4 D0 3C 6B 59,temp=97.00
1779165742.662,0x100,8,4A AD CC 64 17 F6 CE 7E,speed=74.00
1779165742.747,0x200,8,B8 00 2F 87 C3 41 B3 6B,fuel=0.00
1779165742.836,0x300,8,39 32 D6 CF 71 44 D0 F9,temp=97.00
1779165742.932,0x100,8,4A F0 B4 B0 1D 86 74 A3,speed=74.00
1779165743.038,0x200,8,9A 00 64 28 FD 60 63 D3,fuel=0.00
1779165743.127,0x300,8,39 A0 7C 00 4E A0 F2 22,temp=97.00
1779165743.222,0x100,8,4A 8C FB 3C 56 87 CE 43,speed=74.00
1779165743.308,0x200,8,63 00 5E 54 73 CD BE 0A,fuel=0.00
1779165743.412,0x300,8,39 3B 9A 96 CB 97 D7 B9,temp=97.00
1779165743.506,0x100,8,4A 73 33 8C 15 63 1A B2,speed=74.00
1779165743.600,0x200,8,30 00 45 4B 87 39 B1 F5,fuel=0.00
1779165743.690,0x300,8,39 92 AB 8C D6 3C 56 94,temp=97.00
1779165743.781,0x100,8,4A 22 21 72 A4 2D CB 66,speed=74.00
1779165743.881,0x200,8,6D 00 D2 14 08 D5 D0 15,fuel=0.00
1779165743.970,0x300,8,39 1E 20 8C E4 F2 EF 57,temp=97.00
1779165744.071,0x100,8,4A E2 BF 32 69 44 A0 7C,speed=74.00
1779165744.156,0x200,8,FC 00 23 4D 3E 9D BC A6,fuel=0.00
1779165744.249,0x300,8,39 02 EF C9 1B C3 10 EC,temp=97.00
1779165744.344,0x100,8,4A 2E D0 0D 7C 45 F0 BC,speed=74.00
1779165744.434,0x200,8,36 00 42 F1 A8 E3 0D 85,fuel=0.00
1779165744.533,0x300,8,39 2F 4D ED 52 A7 B5 98,temp=97.00
1779165744.627,0x100,8,4A 22 BC 31 59 4C F8 91,speed=74.00
1779165744.723,0x200,8,66 00 28 B2 77 AD 09 0A,fuel=0.00
1779165744.816,0x300,8,39 9C 20 96 5A 4D F8 54,temp=97.00
1779165744.909,0x100,8,4A AB 93 A0 24 09 69 D4,speed=74.00
1779165744.997,0x200,8,1A 00 F0 76 06 C1 6B 82,fuel=0.00
1779165745.095,0x300,8,39 58 38 FE C4 6B 9B 08,temp=97.00
1779165745.189,0x100,8,4A 0F 41 E5 2E F0 5F 37,speed=74.00
1779165745.277,0x200,8,84 00 E0 CB 79 40 3B 8F,fuel=0.00
1779165745.376,0x300,8,39 F1 FC 33 8B CD 2E 80,temp=97.00
1779165745.466,0x100,8,4A 25 DB 37 E7 6F 2B 20,speed=74.00
1779165745.557,0x200,8,13 00 D1 81 90 EF E4 F8,fuel=0.00
1779165745.656,0x300,8,39 8F D1 C9 89 36 AE A2,temp=97.00
1779165745.748,0x100,8,4A F6 80 DB E3 A3 10 31,speed=74.00
1779165745.841,0x200,8,5D 00 C9 22 CE 39 2C DB,fuel=0.00
1779165745.940,0x300,8,39 E1 98 07 A8 B1 2E 93,temp=97.00
1779165746.036,0x100,8,4A 6A A9 97 30 7E C6 38,speed=74.00
1779165746.145,0x200,8,68 00 F0 D6 74 EC 5A 70,fuel=0.00
1779165746.222,0x300,8,39 D7 85 8F C6 93 AB 23,temp=97.00
1779165746.314,0x100,8,4A 28 8D C9 63 2E 88 B5,speed=74.00
1779165746.407,0x200,8,FC 00 D3 3C 09 B8 40 74,fuel=0.00
1779165746.507,0x300,8,39 07 63 5A 71 0A 52 F7,temp=97.00
1779165746.590,0x100,8,4A EE F5 26 C0 28 29 DD,speed=74.00
1779165746.692,0x200,8,62 00 DD EC 76 FD 60 60,fuel=0.00
1779165746.778,0x300,8,39 C0 AA FF DA 72 47 5C,temp=97.00
1779165746.871,0x100,8,4A 8F 12 D2 0A 76 9E 78,speed=74.00
1779165746.980,0x200,8,0C 00 18 6E 8C E6 86 36,fuel=0.00
1779165747.075,0x300,8,39 76 3F 99 D2 51 AE C2,temp=97.00
1779165747.152,0x100,8,4A EE CE A7 FB B6 FE EF,speed=74.00
1779165747.256,0x200,8,39 00 23 CF 6F 7E 75 BF,fuel=0.00
1779165747.341,0x300,8,39 C1 A5 4D 56 B9 F5 5B,temp=97.00
1779165747.443,0x100,8,4A E1 B4 DB BF 95 F9 14,speed=74.00
1779165747.539,0x200,8,8C 00 F9 2F D8 1C 62 40,fuel=0.00
1779165747.630,0x300,8,39 34 55 E4 AC 77 8E 27,temp=97.00
1779165747.724,0x100,8,4A 99 E5 60 93 A7 BF 35,speed=74.00
1779165747.808,0x200,8,3C 00 EF 63 D6 C4 98 76,fuel=0.00
1779165747.908,0x300,8,39 A4 AD FB 81 1C E7 04,temp=97.00
1779165748.001,0x100,8,4A 37 67 3D D1 3B 81 72,speed=74.00
1779165748.093,0x200,8,02 00 AD 19 83 AF B3 58,fuel=0.00
1779165748.193,0x300,8,39 8E F5 3E C5 F1 CD CA,temp=97.00
1779165748.280,0x100,8,4A 81 58 03 BB ED 51 14,speed=74.00
1779165748.377,0x200,8,1E 00 E1 61 94 C1 88 BE,fuel=0.00
1779165748.471,0x300,8,39 BD 70 28 BD CE 85 2C,temp=97.00
1779165748.574,0x100,8,4A 33 67 F2 D0 17 7B 15,speed=74.00
1779165748.667,0x200,8,39 00 D8 50 39 8C D7 23,fuel=0.00
1779165748.750,0x300,8,39 B1 25 47 10 46 94 07,temp=97.00
1779165748.840,0x100,8,4A D3 DA 73 10 18 B9 E3,speed=74.00
1779165748.936,0x200,8,5D 00 17 C0 96 3A 24 C9,fuel=0.00
1779165749.028,0x300,8,39 2D D0 BB DE 99 2B 23,temp=97.00
1779165749.121,0x100,8,4A 1A 10 85 2F F1 FE 24,speed=74.00
1779165749.222,0x200,8,56 00 39 9F D4 00 5E E9,fuel=0.00
1779165749.311,0x300,8,39 77 07 79 EC 2F 74 02,temp=97.00
1779165749.414,0x100,8,4A 61 73 40 7A 6E B9 B3,speed=74.00
1779165749.526,0x200,8,C3 00 85 9B DF DA 1D 6F,fuel=0.00
1779165749.604,0x300,8,39 D4 AB 53 32 CA 96 74,temp=97.00
1779165749.681,0x100,8,4A 87 4D CC F6 32 5C A0,speed=74.00
1779165749.783,0x200,8,9F 00 1E AA BF B0 AF B5,fuel=0.00
1779165749.875,0x300,8,39 11 C6 D4 EB B3 50 53,temp=97.00
1779165749.964,0x100,8,4A 02 20 CA 8F 31 13 88,speed=74.00
1779165750.081,0x200,8,1A 00 A2 2E 6B 58 10 B9,fuel=0.00
1779165750.152,0x300,8,39 78 DD 2B 8D 83 94 D3,temp=97.00
1779165750.248,0x100,8,4A 60 2C C0 9A BA FD 44,speed=74.00
1779165750.339,0x200,8,1D 00 07 44 1F 32 5C 5D,fuel=0.00
1779165750.437,0x300,8,39 80 43 AD 84 51 75 D2,temp=97.00
1779165750.531,0x100,8,4A 76 E7 39 BA B2 AD CD,speed=74.00
1779165750.625,0x200,8,20 00 3A 54 D1 D1 20 55,fuel=0.00
1779165750.717,0x300,8,39 0A 4C 0F 51 08 82 DB,temp=97.00
1779165750.814,0x100,8,4A AC A8 B6 4F 56 93 F4,speed=74.00
1779165750.902,0x200,8,AC 00 51 E7 F6 D8 7C 76,fuel=0.00
1779165751.016,0x300,8,39 39 67 5C E2 D2 D2 1D,temp=97.00
1779165751.092,0x100,8,4A B3 A4 5A 8A 0C 5D 65,speed=74.00
1779165751.189,0x200,8,71 00 D1 45 47 87 F4 C7,fuel=0.00
1779165751.278,0x300,8,39 A3 AF 7C B6 56 2D DF,temp=97.00
1779165751.375,0x100,8,4A 8B D5 7B 9C D1 10 63,speed=74.00
1779165751.473,0x200,8,3E 00 FB 83 49 D2 E7 A2,fuel=0.00
1779165751.564,0x300,8,39 2A FB 2D 68 EC 59 E1,temp=97.00
1779165751.655,0x100,8,4A 1A 9E 50 C3 78 79 4E,speed=74.00
1779165751.756,0x200,8,7F 00 78 7A FF 64 3C 6F,fuel=0.00
1779165751.845,0x300,8,39 0E A7 A7 B4 06 BA 2A,temp=97.00
1779165751.934,0x100,8,4A CA 7C 07 34 67 15 28,speed=74.00
1779165752.031,0x200,8,A7 00 54 FC 78 86 23 B9,fuel=0.00
1779165752.131,0x300,8,39 56 D3 D4 9F 29 15 AF,temp=97.00
1779165752.218,0x100,8,4A 61 C5 0C C3 C8 8B B5,speed=74.00
1779165752.309,0x200,8,22 00 71 67 4B C7 C6 F2,fuel=0.00
1779165752.410,0x300,8,39 44 14 DA D1 72 5D 57,temp=97.00
1779165752.528,0x100,8,4A ED 8B AD 6C BB F3 E7,speed=74.00
1779165752.606,0x200,8,BF 00 D5 3C 46 36 64 D9,fuel=0.00
1779165752.687,0x300,8,39 E4 A2 25 42 C2 1E EE,temp=97.00
1779165752.778,0x100,8,4A 9B 19 32 AC A0 62 AE,speed=74.00
1779165752.878,0x200,8,51 00 56 61 E3 FB 62 CD,fuel=0.00
1779165752.968,0x300,8,39 C8 FA 83 0F 0C 37 78,temp=97.00
1779165753.082,0x100,8,4A 9F 1B 57 11 78 4C A9,speed=74.00
1779165753.153,0x200,8,88 00 69 AF F2 3B C1 41,fuel=0.00
1779165753.256,0x300,8,39 97 C7 CE 1D EA 7A 16,temp=97.00
1779165753.344,0x100,8,4A 84 D5 BC 67 94 B0 D2,speed=74.00
1779165753.440,0x200,8,B2 00 69 CD 9F C3 76 CB,fuel=0.00
1779165753.533,0x300,8,39 48 6B B5 03 75 D7 FF,temp=97.00
1779165753.625,0x100,8,4A FA FD 4C 5D 15 F4 C8,speed=74.00
1779165753.717,0x200,8,CC 00 E1 41 94 E3 CF 57,fuel=0.00
1779165753.823,0x300,8,39 95 92 3C EC 07 2E 3A,temp=97.00
1779165753.915,0x100,8,4A A5 36 F2 23 D7 C6 1C,speed=74.00
1779165754.007,0x200,8,72 00 12 15 D5 08 12 35,fuel=0.00
1779165754.090,0x300,8,39 6F 22 D2 92 D5 FE C1,temp=97.00
1779165754.189,0x100,8,4A DF E5 A3 85 8B 65 9B,speed=74.00
1779165754.277,0x200,8,DA 00 4F 90 66 02 B2 7C,fuel=0.00
1779165754.372,0x300,8,39 88 63 E1 CF C1 EC C7,temp=97.00
1779165754.467,0x100,8,4A FB 81 CB D9 08 2E 56,speed=74.00
1779165754.565,0x200,8,C2 00 CD B2 8A 44 28 44,fuel=0.00
1779165754.662,0x300,8,39 69 C5 E2 F9 CD 9F 8A,temp=97.00
1779165754.753,0x100,8,4A 89 F9 2B 4E B5 83 82,speed=74.00
1779165754.846,0x200,8,FB 00 BE A2 F6 3B C3 4F,fuel=0.00
1779165754.942,0x300,8,39 5E 27 E2 7C 2C 5D 2B,temp=97.00
1779165755.045,0x100,8,4A 4F 35 3D 7F 7D B7 F4,speed=74.00
1779165755.126,0x200,8,A4 00 8B EE 4E 29 37 AF,fuel=0.00
1779165755.222,0x300,8,39 E6 E5 77 BE 2B 10 C7,temp=97.00
1779165755.307,0x100,8,4A 5F AF 0F 89 E9 29 ED,speed=74.00
1779165755.402,0x200,8,B2 00 01 67 F5 BA 36 B3,fuel=0.00
1779165755.496,0x300,8,39 D8 57 B5 C3 4E 87 1F,temp=97.00
1779165755.590,0x100,8,4A E1 74 69 EA C7 E6 00,speed=74.00
1779165755.689,0x200,8,27 00 1C 09 3A A8 DA CC,fuel=0.00
1779165755.777,0x300,8,39 A0 8A 67 8F BB B2 D7,temp=97.00
1779165755.873,0x100,8,4A A6 2A CF 29 D8 0C 01,speed=74.00
1779165755.965,0x200,8,35 00 D9 B4 94 BA D3 82,fuel=0.00
1779165756.059,0x300,8,39 2F CC D6 A5 F5 9E 1F,temp=97.00
1779165756.152,0x100,8,4A 19 BA B5 8E 7D 34 3A,speed=74.00
1779165756.248,0x200,8,0D 00 E0 F0 3E CC 78 CA,fuel=0.00
1779165756.338,0x300,8,39 79 65 39 CA 58 97 FA,temp=97.00
1779165756.431,0x100,8,4A 4E 98 A8 3F 75 BC A6,speed=74.00
1779165756.535,0x200,8,21 00 2C 6B 92 6E 71 FF,fuel=0.00
1779165756.632,0x300,8,39 01 43 F7 0A EB FB 46,temp=97.00
1779165756.725,0x100,8,4A 59 AA 84 9B 47 34 60,speed=74.00
1779165756.817,0x200,8,CC 00 04 43 CC 3E E6 CB,fuel=0.00
1779165756.908,0x300,8,39 DC B7 3C DA F5 E0 02,temp=97.00
1779165757.007,0x100,8,4A 28 E3 4D 0B C1 3A 63,speed=74.00
1779165757.092,0x200,8,66 00 E2 86 34 64 43 AF,fuel=0.00
1779165757.190,0x300,8,39 DE 0F A5 28 3C 09 61,temp=97.00
1779165757.296,0x100,8,4A 9F F9 7D AC E6 95 AA,speed=74.00
1779165757.428,0x200,8,F5 00 26 92 16 F7 4E 1A,fuel=0.00
1779165757.592,0x300,8,39 FB 3B 87 22 EE 54 F3,temp=97.00
1779165757.651,0x100,8,4A BA 53 B9 4A 2D B7 4C,speed=74.00
1779165757.748,0x200,8,E1 00 19 D4 F6 A5 17 C2,fuel=0.00
1779165757.840,0x300,8,39 4F EE 0A 25 A7 F3 48,temp=97.00
1779165757.941,0x100,8,4A FC D5 6E CB 0C 9A A9,speed=74.00
1779165758.024,0x200,8,AA 00 37 C8 FB 91 60 4C,fuel=0.00
1779165758.123,0x300,8,39 93 3C ED 8C D3 C7 A2,temp=97.00
1779165758.214,0x100,8,4A 13 A6 AA D8 62 51 62,speed=74.00
1779165758.311,0x200,8,78 00 05 DF 12 7B F4 B0,fuel=0.00
1779165758.410,0x300,8,39 2C AC 02 5B 42 7F 7D,temp=97.00
1779165758.496,0x100,8,4A 5F 9E 11 1C E8 EC 34,speed=74.00
1779165758.589,0x200,8,62 00 99 CB 61 ED DC A4,fuel=0.00
1779165758.684,0x300,8,39 46 A8 E9 4E 9D B2 30,temp=97.00
1779165758.781,0x100,8,4A C2 73 7E 81 49 8B 64,speed=74.00
1779165758.879,0x200,8,AA 00 96 A9 85 F0 25 3E,fuel=0.00
1779165758.971,0x300,8,39 90 C5 48 3D 3F 61 C1,temp=97.00
1779165759.074,0x100,8,4A F1 42 FA 8F 88 CD BE,speed=74.00
1779165759.157,0x200,8,6A 00 DF 0F E7 AF CB 84,fuel=0.00
1779165759.256,0x300,8,39 C1 05 56 B2 2F A8 6D,temp=97.00
1779165759.343,0x100,8,4A D1 29 0F 4F CC F2 EA,speed=74.00
1779165759.440,0x200,8,A6 00 91 0A 17 DD BF 3C,fuel=0.00
1779165759.527,0x300,8,39 58 17 1D C3 C7 0A 18,temp=97.00
1779165759.628,0x100,8,4A A7 7D 41 01 9C 0F 1F,speed=74.00
1779165759.723,0x200,8,AA 00 D3 80 FC A3 03 57,fuel=0.00
1779165759.815,0x300,8,39 C7 82 5C F5 D3 51 1A,temp=97.00
1779165759.909,0x100,8,4A E3 47 99 4A 2F 20 32,speed=74.00
1779165760.059,0x200,8,AC 00 AE 3B DC 30 9C 3F,fuel=0.00
1779165760.097,0x300,8,39 DC 16 05 38 F3 A2 25,temp=97.00
1779165760.194,0x100,8,4A C7 E9 71 89 7C D4 B3,speed=74.00
1779165760.294,0x200,8,CC 00 38 80 4F 47 66 65,fuel=0.00
1779165760.372,0x300,8,39 8B FD 11 D5 46 32 7E,temp=97.00
1779165760.469,0x100,8,4A 94 AD EC B1 C2 50 00,speed=74.00
1779165760.575,0x200,8,20 00 45 8E 34 26 E6 E5,fuel=0.00
1779165760.654,0x300,8,39 4B D2 7E CE 4A 36 54,temp=97.00
1779165760.756,0x100,8,4A A4 B7 EF FE 64 C4 96,speed=74.00
1779165760.841,0x200,8,41 00 CC 87 F5 65 22 DF,fuel=0.00
1779165760.936,0x300,8,39 85 87 54 9C 05 6E F7,temp=97.00
1779165761.040,0x100,8,4A 6A 0B 98 0B 6D 4C 60,speed=74.00
1779165761.120,0x200,8,7D 00 13 C5 0E 61 AE 0B,fuel=0.00
1779165761.214,0x300,8,39 04 2C F5 EF 15 44 8D,temp=97.00
1779165761.312,0x100,8,4A 10 A8 33 B4 5B 21 FA,speed=74.00
1779165761.402,0x200,8,92 00 31 2E C1 02 EA 40,fuel=0.00
1779165761.498,0x300,8,39 7D 0D E7 CA 3F 7F 19,temp=97.00
1779165761.591,0x100,8,4A 38 00 70 06 B4 AF DB,speed=74.00
1779165761.685,0x200,8,83 00 5E 69 45 6C 05 02,fuel=0.00
1779165761.788,0x300,8,39 02 C9 00 88 2A 96 B0,temp=97.00
1779165761.875,0x100,8,4A 0F 0A CE A8 0B 09 98,speed=74.00
1779165761.964,0x200,8,29 00 84 31 F9 F4 89 5B,fuel=0.00
1779165762.087,0x300,8,39 71 F1 C0 9B C4 76 65,temp=97.00
1779165762.160,0x100,8,4A 37 FC 92 5D A9 E6 07,speed=74.00
1779165762.254,0x200,8,96 00 9C 1C 1B DF DB 7B,fuel=0.00
1779165762.343,0x300,8,39 81 6E B7 92 40 F1 D5,temp=97.00
1779165762.434,0x100,8,4A 4C 88 08 C2 D1 AB 34,speed=74.00
1779165762.533,0x200,8,67 00 96 2F 3B 5C 0C 58,fuel=0.00
1779165762.621,0x300,8,39 2C FD 56 B8 77 A5 E0,temp=97.00
1779165762.721,0x100,8,4A 20 4A 91 63 AA 12 CD,speed=74.00
1779165762.808,0x200,8,C7 00 97 84 60 E3 FD A1,fuel=0.00
1779165762.907,0x300,8,39 AC BF 3D DB 5A D8 5D,temp=97.00
1779165762.999,0x100,8,4A 2E D2 71 6B D3 0C 2E,speed=74.00
1779165763.092,0x200,8,B7 00 CA A1 5A 70 42 4E,fuel=0.00
1779165763.189,0x300,8,39 C0 84 C5 4D 78 1A E6,temp=97.00
1779165763.286,0x100,8,4A 62 FD 3C 26 1E BC 8D,speed=74.00
1779165763.376,0x200,8,B7 00 7F 74 A1 54 D4 C2,fuel=0.00
1779165763.471,0x300,8,39 F4 72 89 97 02 98 97,temp=97.00
1779165763.569,0x100,8,4A 48 7B AC C2 4A 3A 82,speed=74.00
1779165763.657,0x200,8,CA 00 44 4A B9 5B D7 4F,fuel=0.00
1779165763.753,0x300,8,39 23 E5 06 CE 51 41 92,temp=97.00
1779165763.841,0x100,8,4A B6 C8 B3 94 87 A9 6B,speed=74.00
1779165763.939,0x200,8,EE 00 8D AA A6 0C 45 B7,fuel=0.00
1779165764.032,0x300,8,39 89 39 51 61 24 84 42,temp=97.00
1779165764.127,0x100,8,4A AF 02 40 DE 16 B7 7A,speed=74.00
1779165764.215,0x200,8,D8 00 6B F4 25 7F D3 5E,fuel=0.00
1779165764.334,0x300,8,39 33 72 6C 99 20 F3 14,temp=97.00
1779165764.400,0x100,8,4A 68 E7 1E 6F 04 B5 6A,speed=74.00
1779165764.531,0x200,8,53 00 92 00 38 D0 17 DE,fuel=0.00
1779165764.587,0x300,8,39 6F 8E B2 8F 8A 98 BC,temp=97.00
1779165764.697,0x100,8,4A 71 46 D3 B4 E8 BA FB,speed=74.00
1779165764.775,0x200,8,66 00 17 70 D0 1D AA D4,fuel=0.00
1779165764.870,0x300,8,39 EA 3C 1E 6B 59 47 0B,temp=97.00
1779165764.963,0x100,8,4A 80 04 F9 BA 1D 1C 2A,speed=74.00
1779165765.076,0x200,8,21 00 06 8E 02 7E F7 07,fuel=0.00
1779165765.164,0x300,8,39 F1 31 BE 66 70 6F ED,temp=97.00
1779165765.257,0x100,8,4A 97 AE 52 46 D4 9D AF,speed=74.00
1779165765.337,0x200,8,BA 00 B1 1F D2 BA 19 7A,fuel=0.00
1779165765.442,0x300,8,39 CC 6C 1D A2 B5 B0 9E,temp=97.00
1779165765.524,0x100,8,4A EE FA A9 DA 71 48 70,speed=74.00
1779165765.618,0x200,8,7E 00 3D 0C 97 EC 1D 4A,fuel=0.00
1779165765.724,0x300,8,39 DC F1 1B 9C 3C 4C 82,temp=97.00
1779165765.808,0x100,8,4A B5 DB DC 08 6E B1 E7,speed=74.00
1779165765.909,0x200,8,82 00 7E E3 32 DF 92 1C,fuel=0.00
1779165766.040,0x300,8,39 95 57 B7 A5 4F 94 64,temp=97.00
1779165766.100,0x100,8,4A 8B 68 CF F9 E3 C4 C2,speed=74.00
1779165766.192,0x200,8,10 00 79 B6 21 76 21 FB,fuel=0.00
1779165766.285,0x300,8,39 A8 CF 90 BB 21 9E 35,temp=97.00
1779165766.382,0x100,8,4A 32 1D 3D 5E D4 3B 09,speed=74.00
1779165766.473,0x200,8,1F 00 EC 36 9C F4 2B FA,fuel=0.00
1779165766.574,0x300,8,39 DE 38 24 86 BB 28 07,temp=97.00
1779165766.651,0x100,8,4A F5 A1 DF 22 0D 89 DA,speed=74.00
1779165766.753,0x200,8,7C 00 CF 20 E9 EE EE 6F,fuel=0.00
1779165766.847,0x300,8,39 A4 51 C5 EF 39 86 BB,temp=97.00
1779165766.944,0x100,8,4A E8 4E BA 62 B7 3E 1E,speed=74.00
1779165767.028,0x200,8,C2 00 AE 27 6E A8 DD 99,fuel=0.00
1779165767.122,0x300,8,39 54 63 54 8F BF 5E 8B,temp=97.00
1779165767.213,0x100,8,4A BF A0 3F 29 B5 27 8D,speed=74.00
1779165767.310,0x200,8,8E 00 6E 55 43 FF 07 5B,fuel=0.00
1779165767.404,0x300,8,39 15 B5 3E D3 F2 28 F2,temp=97.00
1779165767.500,0x100,8,4A 48 99 3A 19 BA 52 12,speed=74.00
1779165767.597,0x200,8,BE 00 25 B3 DC 43 72 91,fuel=0.00
1779165767.683,0x300,8,39 23 15 CD 53 1C 5C B3,temp=97.00
1779165767.782,0x100,8,4A B6 BD 48 46 6B 57 97,speed=74.00
1779165767.877,0x200,8,35 00 87 B5 0E 69 F6 F4,fuel=0.00
1779165767.963,0x300,8,39 EC 57 F6 11 84 9B 78,temp=97.00
1779165768.065,0x100,8,4A C7 5B E1 B3 22 E4 D1,speed=74.00
1779165768.151,0x200,8,A6 00 0D AC FF 6B F6 F8,fuel=0.00
1779165768.252,0x300,8,39 E9 BA E7 09 AC 1A 03,temp=97.00
1779165768.344,0x100,8,4A 9E 3A 47 3B DB E2 E5,speed=74.00
1779165768.460,0x200,8,FF 00 E9 59 66 B7 BD 9B,fuel=0.00
1779165768.536,0x300,8,39 F8 6A 03 AA 7E 67 22,temp=97.00
1779165768.645,0x100,8,4A C6 B5 20 3F 37 0B A4,speed=74.00
1779165768.716,0x200,8,10 00 84 A8 50 27 BA 8E,fuel=0.00
1779165768.829,0x300,8,39 1A F3 7B 5B 45 BF 87,temp=97.00
1779165768.909,0x100,8,4A BE 8F 0E 71 50 7A 6E,speed=74.00
1779165769.010,0x200,8,FD 00 A9 D0 59 E4 4B 68,fuel=0.00
1779165769.093,0x300,8,39 D0 CA 08 2E 89 11 C0,temp=97.00
1779165769.191,0x100,8,4A 08 74 60 D3 F8 C4 DD,speed=74.00
1779165769.279,0x200,8,7B 00 08 9B EB 58 69 58,fuel=0.00
1779165769.372,0x300,8,39 5B B9 B8 28 E0 D8 93,temp=97.00
1779165769.466,0x100,8,4A 66 44 73 A3 AC AD 16,speed=74.00
1779165769.567,0x200,8,2D 00 E1 A6 FE DC C9 71,fuel=0.00
1779165769.650,0x300,8,39 D6 34 B9 5E 4E 25 EF,temp=97.00
1779165769.742,0x100,8,4A F4 7B 23 AE FE A8 71,speed=74.00
1779165769.841,0x200,8,C8 00 C6 CC 70 E6 2A 21,fuel=0.00
1779165769.939,0x300,8,39 33 4A CE 64 C5 F5 A8,temp=97.00
1779165770.037,0x100,8,4A EC 38 08 DF AF 89 79,speed=74.00
1779165770.127,0x200,8,E8 00 BB AC 05 9F 61 30,fuel=0.00
1779165770.214,0x300,8,39 E4 57 7C 34 0D 1B 36,temp=97.00
1779165770.310,0x100,8,4A 7E 8C C8 A2 56 81 FF,speed=74.00
1779165770.401,0x200,8,EF 00 DA 5C 4C 5F 55 BE,fuel=0.00
1779165770.509,0x300,8,39 A2 BE 13 FF F9 A1 77,temp=97.00
1779165770.588,0x100,8,4A DE 96 6E 1A 7D 9F E8,speed=74.00
1779165770.681,0x200,8,4C 00 FC 37 DE 24 E4 A0,fuel=0.00
1779165770.778,0x300,8,39 FD DC 78 3C D8 D7 AC,temp=97.00
1779165770.869,0x100,8,4A A5 D9 F7 F5 17 EE 3D,speed=74.00
1779165770.963,0x200,8,D8 00 3A A8 A3 4C 6C 13,fuel=0.00
1779165771.076,0x300,8,39 91 9B 09 80 F8 A9 1A,temp=97.00
1779165771.156,0x100,8,4A 30 5E EC BC 1B 1C 55,speed=74.00
1779165771.246,0x200,8,D3 00 3A A5 46 29 19 09,fuel=0.00
1779165771.342,0x300,8,39 33 8F 5A 11 0A BB 64,temp=97.00
1779165771.444,0x100,8,4A AB FE 3C 46 8F AE 85,speed=74.00
1779165771.535,0x200,8,25 00 39 CB 2E 76 30 92,fuel=0.00
1779165771.624,0x300,8,39 60 BB 52 6E 3D 24 FB,temp=97.00
1779165771.713,0x100,8,4A A8 42 5D BC E9 55 1A,speed=74.00
1779165771.817,0x200,8,9A 00 4A D7 13 A3 12 4B,fuel=0.00
1779165771.905,0x300,8,39 77 F4 80 C7 BD 5E AE,temp=97.00
1779165772.008,0x100,8,4A 21 77 2B 6D F5 70 95,speed=74.00
1779165772.090,0x200,8,67 00 FC 6F 59 9C 91 01,fuel=0.00
1779165772.187,0x300,8,39 EC 3A 1D 42 F1 FF 60,temp=97.00
1779165772.276,0x100,8,4A CE F8 DC 5B 2D E9 81,speed=74.00
1779165772.374,0x200,8,98 00 12 5E 9C F6 C4 BA,fuel=0.00
1779165772.461,0x300,8,39 70 E5 3A 5F 5A A2 A7,temp=97.00
1779165772.568,0x100,8,4A F7 0E E0 93 B7 2F 27,speed=74.00
1779165772.650,0x200,8,C7 00 4F B9 30 CC C1 9E,fuel=0.00
1779165772.755,0x300,8,39 E1 B0 33 4A 4B D6 03,temp=97.00
1779165772.849,0x100,8,4A CF A6 FC 7A 39 E1 F8,speed=74.00
1779165772.948,0x200,8,C1 00 C5 3E 5C 8E C2 94,fuel=0.00
1779165773.031,0x300,8,39 2F 15 CE AB 82 95 F2,temp=97.00
1779165773.128,0x100,8,4A 4D 6A 2B 99 AB B9 5E,speed=74.00
1779165773.213,0x200,8,C7 00 D5 E5 E3 D1 A7 6D,fuel=0.00
1779165773.321,0x300,8,39 8F CB 2F E7 9C 8D 14,temp=97.00
1779165773.406,0x100,8,4A BC 21 47 D7 B7 C6 F5,speed=74.00
1779165773.504,0x200,8,0E 00 D8 6A 02 B4 38 D8,fuel=0.00
1779165773.587,0x300,8,39 68 3F 58 8D 7F 5E 5A,temp=97.00
1779165773.687,0x100,8,4A 9A 23 81 29 C9 B4 8C,speed=74.00
1779165773.789,0x200,8,53 00 2C 82 6E C5 92 D7,fuel=0.00
1779165773.873,0x300,8,39 0C 23 2F 4E 0F 70 2C,temp=97.00
1779165773.978,0x100,8,4A 31 E8 F8 6F 00 FF 19,speed=74.00
1779165774.067,0x200,8,A6 00 AB 98 9B F8 86 1D,fuel=0.00
1779165774.151,0x300,8,39 CA AA 2B 1B 82 A0 DB,temp=97.00
1779165774.260,0x100,8,4A F2 0E 5F DA D0 FF 0E,speed=74.00
1779165774.339,0x200,8,AE 00 50 DE 90 7F 83 4F,fuel=0.00
1779165774.442,0x300,8,39 D5 91 E9 5D C7 C7 90,temp=97.00
1779165774.524,0x100,8,4A DD 3C 9F 70 6B B4 F3,speed=74.00
1779165774.629,0x200,8,04 00 52 26 3D DA FE BF,fuel=0.00
1779165774.718,0x300,8,39 65 31 3F 33 E2 8C 0E,temp=97.00
1779165774.813,0x100,8,4A AB D1 B2 38 97 D2 F0,speed=74.00
1779165774.910,0x200,8,39 00 45 59 4E 2B 30 B3,fuel=0.00
1779165775.035,0x300,8,39 89 6D 8C 6D 83 26 99,temp=97.00
1779165775.102,0x100,8,4A A0 4A 8F CE EC 94 92,speed=74.00
1779165775.181,0x200,8,41 00 AD 75 4C 8B D2 4A,fuel=0.00
1779165775.281,0x300,8,39 D4 36 EB FE 66 4F C3,temp=97.00
1779165775.385,0x100,8,4A 52 DC 80 30 50 85 FD,speed=74.00
1779165775.489,0x200,8,9A 00 98 5D 05 FB A1 6F,fuel=0.00
1779165775.570,0x300,8,39 92 6A 0A 5F 40 94 44,temp=97.00
1779165775.656,0x100,8,4A D3 EF 66 16 11 95 E5,speed=74.00
1779165775.766,0x200,8,F1 00 7D 7A 32 77 90 F9,fuel=0.00
1779165775.857,0x300,8,39 EA 4D 1F 4D BD DF ED,temp=97.00
1779165775.943,0x100,8,4A D4 00 F2 A4 18 71 BC,speed=74.00
1779165776.028,0x200,8,06 00 FA 35 74 4C AC 66,fuel=0.00
1779165776.162,0x300,8,39 4D A3 48 0F 7C C3 35,temp=97.00
1779165776.226,0x100,8,4A C7 CB CE 16 AA 8F B1,speed=74.00
1779165776.320,0x200,8,16 00 B2 AA 98 3A D3 BF,fuel=0.00
1779165776.404,0x300,8,39 EE 15 82 47 58 0C A0,temp=97.00
1779165776.507,0x100,8,4A 62 9D DD 54 35 2B 1D,speed=74.00
1779165776.590,0x200,8,DD 00 43 25 E8 56 CB 1D,fuel=0.00
1779165776.712,0x300,8,39 57 B4 93 E3 93 53 4A,temp=97.00
1779165776.778,0x100,8,4A CC D4 38 ED 29 EA 2B,speed=74.00
1779165776.893,0x200,8,0A 00 78 56 2A 21 7D 4F,fuel=0.00
1779165776.984,0x300,8,39 0E 76 AC 7F 23 DE B0,temp=97.00
1779165777.131,0x100,8,4A B8 4E 9E 47 BD 62 7A,speed=74.00
1779165777.170,0x200,8,79 00 AB EC 37 2B CF 72,fuel=0.00
1779165777.247,0x300,8,39 4A 2F 8A F3 60 9A 93,temp=97.00
1779165777.363,0x100,8,4A D9 13 F3 7A 4E EB B7,speed=74.00
1779165777.462,0x200,8,B6 00 F0 D1 51 4E 9E AC,fuel=0.00
1779165777.527,0x300,8,39 C3 B3 77 38 8F C4 8D,temp=97.00
1779165777.637,0x100,8,4A 04 12 30 8D 22 3F 2D,speed=74.00
1779165777.726,0x200,8,E2 00 F6 0B 6F 9D BC CF,fuel=0.00
1779165777.805,0x300,8,39 C2 32 E7 B1 78 9E E9,temp=97.00
1779165777.911,0x100,8,4A 36 C7 F9 24 53 07 64,speed=74.00
1779165778.009,0x200,8,D7 00 06 B7 E7 E6 1E 0B,fuel=0.00
1779165778.120,0x300,8,39 CA F1 2F 7D E9 E1 7E,temp=97.00
1779165778.203,0x100,8,4A 20 9A 13 12 B1 A4 5C,speed=74.00
1779165778.288,0x200,8,06 00 FB 21 FE 96 65 EA,fuel=0.00
1779165778.402,0x300,8,39 B2 00 69 8E F4 96 32,temp=97.00
1779165778.473,0x100,8,4A 3F 47 EA 7E E4 82 37,speed=74.00
1779165778.591,0x200,8,98 00 93 41 7E 77 F7 D9,fuel=0.00
1779165778.655,0x300,8,39 65 04 43 C9 96 23 F0,temp=97.00
1779165778.757,0x100,8,4A 44 FC 64 3E B2 F0 A9,speed=74.00
1779165778.845,0x200,8,51 00 0C 9B 24 20 97 DE,fuel=0.00
1779165778.952,0x300,8,39 B1 73 2F A0 64 20 9F,temp=97.00
1779165779.042,0x100,8,4A D7 D7 2B D5 62 41 2D,speed=74.00
1779165779.148,0x200,8,5A 00 42 B8 41 02 6C F3,fuel=0.00
1779165779.215,0x300,8,39 D7 EF 35 26 E9 66 02,temp=97.00
1779165779.322,0x100,8,4A 3F 57 75 6C CA 39 D4,speed=74.00
1779165779.411,0x200,8,8F 00 0E 41 5A F0 E6 E2,fuel=0.00
1779165779.494,0x300,8,39 E1 1A 95 42 46 CB DD,temp=97.00
1779165779.594,0x100,8,4A 49 A8 6A A7 82 78 78,speed=74.00
1779165779.691,0x200,8,3C 00 1F E7 41 5F 09 9D,fuel=0.00
1779165779.784,0x300,8,39 3D 95 1D 5E CD 82 50,temp=97.00
1779165779.887,0x100,8,4A 98 90 0A 07 DF 2A 81,speed=74.00
1779165779.978,0x200,8,84 00 2A 44 6B CC FB B0,fuel=0.00
1779165780.124,0x300,8,39 B3 51 00 2E 62 FC 37,temp=97.00
1779165780.179,0x100,8,4A DE 24 2B E6 5D 82 4C,speed=74.00
1779165780.259,0x200,8,8B 00 B2 76 24 8F 30 5D,fuel=0.00
1779165780.348,0x300,8,39 6A 80 BB 6D 1F CE 86,temp=97.00
1779165780.453,0x100,8,4A 16 A1 B5 89 83 D7 15,speed=74.00
1779165780.532,0x200,8,6C 00 F0 D0 AA 3D 72 5B,fuel=0.00
1779165780.641,0x300,8,39 A0 0F 2A 66 E0 E6 3D,temp=97.00
1779165780.723,0x100,8,4A 3B E0 57 A3 29 56 6D,speed=74.00
1779165780.839,0x200,8,87 00 5E D1 00 A0 79 EC,fuel=0.00
1779165780.902,0x300,8,39 42 D9 47 B2 9E 1D A9,temp=97.00
1779165781.019,0x100,8,4A 12 5E AC F7 7A 6B 09,speed=74.00
1779165781.125,0x200,8,02 00 F4 9E D9 9A 1D 57,fuel=0.00
1779165781.203,0x300,8,39 6A D3 4C F2 E7 0A DA,temp=97.00
1779165781.276,0x100,8,4A 8F 21 8E 4F 84 F4 A9,speed=74.00
1779165781.391,0x200,8,9C 00 53 CF 92 1B 2A B9,fuel=0.00
1779165781.466,0x300,8,39 BB 76 67 00 2B AB D1,temp=97.00
1779165781.584,0x100,8,4A 77 97 A1 AD 7B A6 43,speed=74.00
1779165781.666,0x200,8,A5 00 0D 20 3D C8 34 6F,fuel=0.00
1779165781.772,0x300,8,39 8C C4 8C 27 5A 71 D4,temp=97.00
1779165781.839,0x100,8,4A 03 F4 6B AB E1 F3 60,speed=74.00
1779165781.956,0x200,8,15 00 D4 38 7B AF AC FD,fuel=0.00
1779165782.064,0x300,8,39 39 EE A7 6F 6D CF 68,temp=97.00
1779165782.141,0x100,8,4A 6A D9 B2 A8 C1 A6 3D,speed=74.00
1779165782.216,0x200,8,44 00 E4 02 B4 A3 26 A8,fuel=0.00
1779165782.327,0x300,8,39 37 72 E9 BE 37 52 04,temp=97.00
1779165782.413,0x100,8,4A FA 4D 93 3B 5A C2 CD,speed=74.00
1779165782.498,0x200,8,F0 00 99 E9 D2 5C F4 22,fuel=0.00
1779165782.606,0x300,8,39 75 7E 50 97 B9 F5 61,temp=97.00
1779165782.689,0x100,8,4A F2 CE EE 4E DD C1 5E,speed=74.00
1779165782.777,0x200,8,8D 00 83 86 55 A7 10 AF,fuel=0.00
1779165782.890,0x300,8,39 2C 7C 4D E4 42 E1 CE,temp=97.00
1779165782.979,0x100,8,4A 7C C4 74 AF F4 6C 99,speed=74.00
1779165783.088,0x200,8,34 00 71 4C B1 FD AE 1F,fuel=0.00
1779165783.184,0x300,8,39 A8 9D 6F 29 BC 93 B5,temp=97.00
1779165783.280,0x100,8,4A CF C0 52 73 A4 95 83,speed=74.00
1779165783.351,0x200,8,4E 00 E6 12 D3 87 33 46,fuel=0.00
1779165783.482,0x300,8,39 81 40 14 8D 30 70 B4,temp=97.00
1779165783.542,0x100,8,4A 9A BE BC AE DD 22 6E,speed=74.00
1779165783.654,0x200,8,60 00 17 2D 17 61 37 2A,fuel=0.00
1779165783.712,0x300,8,39 C9 67 DC 29 F6 BC 1D,temp=97.00
1779165783.832,0x100,8,4A 36 80 C0 A5 D1 21 A3,speed=74.00
1779165783.908,0x200,8,F2 00 63 6A F3 09 1C C7,fuel=0.00
1779165784.019,0x300,8,39 58 7F 2C 5C 8D 25 E7,temp=97.00
1779165784.147,0x100,8,4A 08 13 3D 1E A6 3B 72,speed=74.00
1779165784.205,0x200,8,C5 00 2E 2A F7 AB CB 15,fuel=0.00
1779165784.283,0x300,8,39 8E 54 23 63 CF 30 28,temp=97.00
1779165784.401,0x100,8,4A F1 79 B8 B8 0C 64 D1,speed=74.00
1779165784.476,0x200,8,77 00 D1 A6 62 A0 73 67,fuel=0.00
1779165784.564,0x300,8,39 0A A7 B1 9C 54 AE 93,temp=97.00
1779165784.663,0x100,8,4A D6 B2 1B CD 5C CE 4C,speed=74.00
1779165784.749,0x200,8,F5 00 74 64 DE 22 C1 FD,fuel=0.00
1779165784.846,0x300,8,39 6D 8B 4F 0F 93 48 AA,temp=97.00
1779165784.979,0x100,8,4A 27 AE DE 97 59 86 B5,speed=74.00
1779165785.052,0x200,8,AD 00 FE 95 00 3F F2 67,fuel=0.00
1779165785.165,0x300,8,39 0B EB 39 15 42 34 EA,temp=97.00
1779165785.285,0x100,8,4A EA DD 2E 14 27 72 70,speed=74.00
1779165785.350,0x200,8,D0 00 F1 B5 1A 24 8F BA,fuel=0.00
1779165785.414,0x300,8,39 53 90 36 6C AE AF 5C,temp=97.00
1779165785.509,0x100,8,4A 62 51 0F 6C 81 81 C6,speed=74.00
1779165785.614,0x200,8,D1 00 B9 99 11 35 17 89,fuel=0.00
1779165785.707,0x300,8,39 3D 73 F2 B1 58 20 BC,temp=97.00
1779165785.781,0x100,8,4A FF 6F 0B 33 F3 AF CF,speed=74.00
1779165785.888,0x200,8,C9 00 A5 D0 2D D5 A8 2C,fuel=0.00
1779165785.991,0x300,8,39 18 77 44 3A 11 90 E8,temp=97.00
1779165786.099,0x100,8,4A E5 D2 35 3C CF 32 21,speed=74.00
1779165786.168,0x200,8,8E 00 5E 46 AC 6C 6E BB,fuel=0.00
1779165786.287,0x300,8,39 A5 BA 75 32 47 E2 D5,temp=97.00
1779165786.336,0x100,8,4A C3 CE B1 1F 1F F3 1F,speed=74.00
1779165786.458,0x200,8,BD 00 F1 79 7D C3 C7 A1,fuel=0.00
1779165786.529,0x300,8,39 37 08 79 53 B6 DD 4C,temp=97.00
1779165786.649,0x100,8,4A 3B 9D D2 05 B9 0B 2C,speed=74.00
1779165786.725,0x200,8,D2 00 A8 9A 5F FD 5B 0F,fuel=0.00
1779165786.849,0x300,8,39 01 E3 EA 15 AE 6B 49,temp=97.00
1779165786.907,0x100,8,4A B5 B0 FC 47 1E 2A EB,speed=74.00
1779165787.053,0x200,8,B9 00 36 85 F0 7D 60 CE,fuel=0.00
1779165787.133,0x300,8,39 43 11 42 B2 D5 17 90,temp=97.00
1779165787.269,0x100,8,4A 0C 1A 14 F4 91 54 E5,speed=74.00
1779165787.385,0x200,8,C4 00 D1 5F 2F AE D3 BB,fuel=0.00
1779165787.505,0x300,8,39 E2 33 DB 93 39 EF 31,temp=97.00
1779165787.608,0x100,8,4A D2 66 1B F0 F4 B6 5A,speed=74.00
1779165787.670,0x200,8,2D 00 4A 62 87 12 3B DF,fuel=0.00
1779165787.769,0x300,8,39 32 C6 26 65 35 6D D3,temp=97.00
1779165787.857,0x100,8,4A 31 22 A1 5C AD 26 75,speed=74.00
1779165787.959,0x200,8,09 00 57 E5 F5 79 B1 FE,fuel=0.00
1779165788.025,0x300,8,39 BE 76 92 6A EB 25 71,temp=97.00
1779165788.174,0x100,8,4A DD C8 C7 52 66 50 EC,speed=74.00
1779165788.246,0x200,8,C5 00 79 52 03 28 0D B4,fuel=0.00
1779165788.346,0x300,8,39 2D 5A 44 03 D8 79 56,temp=97.00
1779165788.400,0x100,8,4A D1 AF 31 EF 90 A5 24,speed=74.00
1779165788.543,0x200,8,34 00 59 85 07 FA 7D 72,fuel=0.00
1779165788.599,0x300,8,39 FF E6 3A 3A 58 C9 CD,temp=97.00
1779165788.729,0x100,8,4A CA C6 D5 80 2C A7 8A,speed=74.00
1779165788.897,0x200,8,48 00 E6 46 C5 A9 3E 8F,fuel=0.00
1779165788.984,0x300,8,39 6C 4C 4A E3 4F 83 17,temp=97.00
1779165789.101,0x100,8,4A 77 B6 23 4D 7D 6B EE,speed=74.00
1779165789.165,0x200,8,69 00 4C FB C7 45 31 B3,fuel=0.00
1779165789.296,0x300,8,39 0F 9C 29 74 AF 71 9E,temp=97.00
1779165789.367,0x100,8,4A 00 DD A3 F4 6D 7F A3,speed=74.00
1779165789.485,0x200,8,F3 00 9A 7E 37 BD 57 D9,fuel=0.00
1779165789.542,0x300,8,39 BA 58 44 6B 16 01 33,temp=97.00
1779165789.647,0x100,8,4A 77 C9 0B BE AC DE BA,speed=74.00
1779165789.734,0x200,8,04 00 82 90 8C F5 3B 84,fuel=0.00
1779165789.815,0x300,8,39 56 EC 10 A3 11 7C 61,temp=97.00
1779165789.908,0x100,8,4A DC 55 1B 0D 92 7A 07,speed=74.00
1779165790.003,0x200,8,59 00 F3 D4 B2 14 A0 CB,fuel=0.00
1779165790.089,0x300,8,39 9A 04 43 23 59 53 C1,temp=97.00
1779165790.198,0x100,8,4A 36 55 62 67 02 5B A7,speed=74.00
1779165790.284,0x200,8,AF 00 40 72 A7 DA 7A A3,fuel=0.00
1779165790.404,0x300,8,39 69 2F 1A 4F D2 D1 2D,temp=97.00
1779165790.473,0x100,8,4A 24 B2 9C 48 09 93 81,speed=74.00
1779165790.564,0x200,8,4C 00 6E CE 93 CC E1 4F,fuel=0.00
1779165790.661,0x300,8,39 49 D8 40 74 2A C6 8A,temp=97.00
1779165790.763,0x100,8,4A F1 77 65 4B E6 A3 A5,speed=74.00
1779165790.839,0x200,8,33 00 F0 AD DC E8 63 7B,fuel=0.00
1779165790.936,0x300,8,39 71 68 A7 0E 3C 8A 2D,temp=97.00
1779165791.035,0x100,8,4A 73 DF 4B E5 88 80 74,speed=74.00
1779165791.142,0x200,8,73 00 C0 AD B4 BB F7 F6,fuel=0.00
1779165791.223,0x300,8,39 5D 22 4E FD EA FF 4B,temp=97.00
1779165791.311,0x100,8,4A 8F 77 91 F9 1B 01 3A,speed=74.00
1779165791.405,0x200,8,ED 00 33 C4 03 88 2D 5C,fuel=0.00
1779165791.498,0x300,8,39 FF BB 0F 3A BE 5C 66,temp=97.00
1779165791.588,0x100,8,4A CE E4 93 23 2B A9 E0,speed=74.00
1779165791.684,0x200,8,49 00 45 E5 D1 73 EA 5E,fuel=0.00
1779165791.776,0x300,8,39 D7 E4 48 D1 05 05 D7,temp=97.00
1779165791.870,0x100,8,4A 5B 63 58 68 27 AB 99,speed=74.00
1779165791.976,0x200,8,50 00 45 7C B3 EF 01 FC,fuel=0.00
1779165792.076,0x300,8,39 6F B4 45 8D B2 67 9E,temp=97.00
1779165792.157,0x100,8,4A FE 68 D5 EE 49 55 32,speed=74.00
1779165792.256,0x200,8,F1 00 D9 70 A4 8D 83 FD,fuel=0.00
1779165792.340,0x300,8,39 E9 5F C2 1D A4 12 AD,temp=97.00
1779165792.434,0x100,8,4A 36 3E AE BD 29 72 3E,speed=74.00
1779165792.535,0x200,8,76 00 30 9F 81 DB 50 66,fuel=0.00
1779165792.626,0x300,8,39 1F DE 43 8D 9B 0A A0,temp=97.00
1779165792.720,0x100,8,4A C4 60 F4 EA 45 0D 88,speed=74.00
1779165792.812,0x200,8,56 00 C9 B7 72 7E 10 F5,fuel=0.00
1779165792.899,0x300,8,39 4D 15 C8 2E AF C2 73,temp=97.00
1779165793.002,0x100,8,4A AB D3 71 F5 E3 D0 91,speed=74.00
1779165793.093,0x200,8,95 00 62 80 7B F7 DE AD,fuel=0.00
1779165793.182,0x300,8,39 8B 4A 02 86 10 05 ED,temp=97.00
1779165793.276,0x100,8,4A D3 CE 41 3E 3F EC FD,speed=74.00
1779165793.370,0x200,8,D1 00 DD 32 BC 2E 1D F2,fuel=0.00
1779165793.462,0x300,8,39 4A 47 04 8F 94 61 4E,temp=97.00
1779165793.568,0x100,8,4A 59 E7 0A 87 16 AB 9C,speed=74.00
1779165793.657,0x200,8,7E 00 4E A2 BD DB 38 F0,fuel=0.00
1779165793.756,0x300,8,39 99 43 CB 43 ED 70 12,temp=97.00
1779165793.846,0x100,8,4A 60 9B 34 EC 3C 50 E3,speed=74.00
1779165793.955,0x200,8,5F 00 2E 11 67 37 7F 13,fuel=0.00
1779165794.046,0x300,8,39 5F 17 8B 2C 6E 3C 94,temp=97.00
1779165794.139,0x100,8,4A 46 A5 B1 A3 3E D8 56,speed=74.00
1779165794.219,0x200,8,91 00 95 EF 2D 3C CE 3B,fuel=0.00
1779165794.308,0x300,8,39 22 A6 38 52 CF 04 56,temp=97.00
1779165794.406,0x100,8,4A 9A 8F 72 32 9C 5B 32,speed=74.00
1779165794.499,0x200,8,98 00 CA A0 EF 74 A6 30,fuel=0.00
1779165794.591,0x300,8,39 AD D1 5D 9B DA 71 FE,temp=97.00
1779165794.680,0x100,8,4A 33 38 87 62 5C 37 C9,speed=74.00
1779165794.777,0x200,8,25 00 96 42 D0 6B F6 37,fuel=0.00
1779165794.884,0x300,8,39 EC C9 44 90 E3 9A 98,temp=97.00
1779165794.962,0x100,8,4A D6 72 90 E1 86 32 C9,speed=74.00
1779165795.066,0x200,8,78 00 6D B7 E9 E3 D4 85,fuel=0.00
1779165795.149,0x300,8,39 30 85 38 E3 8E 85 3A,temp=97.00
1779165795.272,0x100,8,4A E6 2E 83 3D 1C 1E 04,speed=74.00
1779165795.348,0x200,8,9E 00 39 96 4A 1B AD 9D,fuel=0.00
1779165795.441,0x300,8,39 C9 77 B9 BA FA 0D A6,temp=97.00
1779165795.530,0x100,8,4A C6 5B 31 AA 2A 25 58,speed=74.00
1779165795.629,0x200,8,2D 00 BA F8 75 C7 76 C1,fuel=0.00
1779165795.725,0x300,8,39 14 02 F4 7C 26 3B 3A,temp=97.00
1779165795.809,0x100,8,4A 59 62 E5 BA D7 FE 48,speed=74.00
1779165795.906,0x200,8,5E 00 14 C3 03 62 AB C1,fuel=0.00
1779165796.022,0x300,8,39 65 83 33 8A E9 0E CF,temp=97.00
1779165796.097,0x100,8,4A E7 9E AF 6C 78 0D BC,speed=74.00
1779165796.192,0x200,8,20 00 96 1E 8F 39 10 AB,fuel=0.00
1779165796.284,0x300,8,39 4F 83 67 11 E4 21 CD,temp=97.00
1779165796.382,0x100,8,4A F4 88 68 23 45 E0 66,speed=74.00
1779165796.467,0x200,8,9E 00 EB C9 24 64 31 D2,fuel=0.00
1779165796.582,0x300,8,39 30 AE 58 81 8C DF 4C,temp=97.00
1779165796.652,0x100,8,4A DB 0F CF 9F F7 45 13,speed=74.00
1779165796.747,0x200,8,6A 00 C0 13 7D 25 03 D7,fuel=0.00
1779165796.843,0x300,8,39 11 9E C3 EA D9 73 36,temp=97.00
1779165796.933,0x100,8,4A F9 75 41 02 B7 A0 33,speed=74.00
1779165797.029,0x200,8,1F 00 F7 20 D0 E9 26 57,fuel=0.00
1779165797.141,0x300,8,39 7B AD 70 8E 95 55 B0,temp=97.00
1779165797.216,0x100,8,4A 20 7B 9D 43 31 36 31,speed=74.00
1779165797.313,0x200,8,A9 00 AD B3 5D 1D 1E 1C,fuel=0.00
1779165797.401,0x300,8,39 30 B4 1D 3B B1 E4 8B,temp=97.00
1779165797.493,0x100,8,4A 13 C7 7D E3 A2 69 00,speed=74.00
1779165797.592,0x200,8,76 00 75 47 14 05 2B CE,fuel=0.00
1779165797.688,0x300,8,39 08 D3 53 C9 85 03 9A,temp=97.00
1779165797.787,0x100,8,4A 5D ED E6 EF 9D 84 5D,speed=74.00
1779165797.878,0x200,8,BC 00 D4 90 9E B2 50 3E,fuel=0.00
1779165797.975,0x300,8,39 7D 52 28 BD 8F DF 57,temp=97.00
1779165798.057,0x100,8,4A 95 F7 90 77 ED E1 6C,speed=74.00
1779165798.156,0x200,8,2D 00 6D DC B1 57 45 B2,fuel=0.00
1779165798.249,0x300,8,39 2B FB D7 53 3C 96 01,temp=97.00
1779165798.345,0x100,8,4A 96 14 D0 A0 42 BA A9,speed=74.00
1779165798.437,0x200,8,61 00 B2 A1 60 25 19 3E,fuel=0.00
1779165798.524,0x300,8,39 E0 0E C3 DD 06 93 C6,temp=97.00
1779165798.623,0x100,8,4A 33 C8 5E 9A B2 34 62,speed=74.00
1779165798.715,0x200,8,3E 00 D6 3E E0 D3 B8 76,fuel=0.00
1779165798.810,0x300,8,39 19 0F 13 C7 6A DC C3,temp=97.00
1779165798.902,0x100,8,4A E2 89 90 29 64 2A 28,speed=74.00
1779165799.006,0x200,8,EB 00 89 33 F8 54 9B 8C,fuel=0.00
1779165799.087,0x300,8,39 D5 C9 E0 F9 4F 6E 5A,temp=97.00
1779165799.184,0x100,8,4A 3A 5E 2F F5 40 10 39,speed=74.00
1779165799.280,0x200,8,62 00 AE A8 D6 F7 2A A8,fuel=0.00
1779165799.379,0x300,8,39 07 1C 2E 0E D9 91 FB,temp=97.00
1779165799.465,0x100,8,4A 26 1E 12 4B 93 4A C9,speed=74.00
1779165799.559,0x200,8,8C 00 08 06 B1 62 C9 A5,fuel=0.00
1779165799.650,0x300,8,39 80 CD 06 C3 AA 46 D2,temp=97.00
1779165799.750,0x100,8,4A 6F DF C8 ED D6 18 D1,speed=74.00
1779165799.842,0x200,8,91 00 E1 8B 84 6B 63 B6,fuel=0.00
1779165799.936,0x300,8,39 30 82 C4 3C 53 6B D3,temp=97.00
1779165800.023,0x100,8,4A 42 E2 D1 01 9B D4 1F,speed=74.00
1779165800.129,0x200,8,3E 00 E0 B8 1C 1C A7 54,fuel=0.00
1779165800.212,0x300,8,39 74 0E E1 7C 60 19 2C,temp=97.00
1779165800.310,0x100,8,4A 9D 9E 22 8D C2 82 0D,speed=74.00
1779165800.410,0x200,8,00 00 20 C8 97 75 7B 1F,fuel=0.00
1779165800.500,0x300,8,39 FE A9 4C 2A B0 61 40,temp=97.00
1779165800.589,0x100,8,4A 4D 93 32 0E D2 2E 3A,speed=74.00
1779165800.692,0x200,8,43 00 2B 5E FB 1D B7 75,fuel=0.00
1779165800.778,0x300,8,39 8D 9D 3A B2 1D 1B 88,temp=97.00
1779165800.876,0x100,8,4A A2 5E 65 67 18 49 46,speed=74.00
1779165800.974,0x200,8,CE 00 67 AB 9B 99 ED 86,fuel=0.00
1779165801.073,0x300,8,39 52 63 F6 D0 93 12 83,temp=97.00
1779165801.157,0x100,8,4A 93 78 02 B9 A0 38 2F,speed=74.00
1779165801.251,0x200,8,3F 00 29 3F A6 00 60 49,fuel=0.00
1779165801.351,0x300,8,39 D5 BE 8F AE A7 B1 A4,temp=97.00
1779165801.434,0x100,8,4A 26 24 4E CA F4 AE 90,speed=74.00
1779165801.533,0x200,8,EF 00 B6 E8 94 47 41 8E,fuel=0.00
1779165801.619,0x300,8,39 FD 76 21 B1 AF 5E 5B,temp=97.00
1779165801.722,0x100,8,4A F7 65 3B DD 19 CE DE,speed=74.00
1779165801.811,0x200,8,47 00 05 34 F8 7C A8 09,fuel=0.00
1779165801.908,0x300,8,39 54 DF C5 A7 24 83 7E,temp=97.00
1779165802.012,0x100,8,4A E3 AD EB C6 A1 E0 C2,speed=74.00
1779165802.096,0x200,8,E7 00 F2 0E 11 C1 C6 15,fuel=0.00
1779165802.190,0x300,8,39 43 B5 B5 A6 B9 29 69,temp=97.00
1779165802.282,0x100,8,4A 50 36 8D 92 70 F1 6E,speed=74.00
1779165802.386,0x200,8,0C 00 E6 DA 50 70 86 EF,fuel=0.00
1779165802.473,0x300,8,39 71 95 85 DA 13 EA AE,temp=97.00
1779165802.566,0x100,8,4A 5E 0D 3D 8E 3C B5 40,speed=74.00
1779165802.656,0x200,8,1C 00 AD F9 3B 97 F7 D6,fuel=0.00
1779165802.744,0x300,8,39 2E 61 47 B8 AF E9 74,temp=97.00
1779165802.839,0x100,8,4A 5D DE 00 9C A3 0F 09,speed=74.00
1779165802.935,0x200,8,F1 00 24 31 0F AF F5 C1,fuel=0.00
1779165803.029,0x300,8,39 71 04 CE A7 97 C2 B1,temp=97.00
1779165803.119,0x100,8,4A 4B E5 E6 21 20 3E A5,speed=74.00
1779165803.213,0x200,8,D6 00 E5 83 64 F9 11 37,fuel=0.00
1779165803.310,0x300,8,39 F1 EF 3F 5B F4 C5 F7,temp=97.00
1779165803.401,0x100,8,4A B0 BB 60 3B 9C F5 64,speed=74.00
1779165803.494,0x200,8,32 00 A8 41 A9 F9 FB 9D,fuel=0.00
1779165803.587,0x300,8,39 C8 BA 60 57 8B 21 B4,temp=97.00
1779165803.681,0x100,8,4A 97 31 D9 39 81 19 91,speed=74.00
1779165803.775,0x200,8,35 00 F5 E2 AC 7D 03 BB,fuel=0.00
1779165803.893,0x300,8,39 AB 77 04 48 56 59 92,temp=97.00
1779165803.969,0x100,8,4A 51 0F A5 06 99 B6 02,speed=74.00
1779165804.080,0x200,8,EC 00 20 A3 2F AF 6C 3C,fuel=0.00
1779165804.157,0x300,8,39 DA F6 BC 8D BB 90 8D,temp=97.00
1779165804.255,0x100,8,4A 80 DA D8 81 DC 53 AC,speed=74.00
1779165804.347,0x200,8,1B 00 1F 60 7F A1 5D 02,fuel=0.00
1779165804.439,0x300,8,39 58 76 7D 15 A9 F9 8D,temp=97.00
1779165804.524,0x100,8,4A 8B 79 31 C7 7C E5 AF,speed=74.00
1779165804.623,0x200,8,A6 00 43 11 8C D2 CE C2,fuel=0.00
1779165804.714,0x300,8,39 88 A4 64 F2 02 B9 BB,temp=97.00
1779165804.818,0x100,8,4A 29 FD 25 39 66 54 E1,speed=74.00
1779165804.910,0x200,8,C9 00 E7 AB A8 4D 83 0F,fuel=0.00
1779165805.010,0x300,8,39 07 B5 5F DB 4B 36 43,temp=97.00
1779165805.089,0x100,8,4A D0 5A 76 2A 25 4D B4,speed=74.00
1779165805.196,0x200,8,A3 00 01 72 BB 53 8C 72,fuel=0.00
1779165805.284,0x300,8,39 9F FB 07 34 70 50 A6,temp=97.00
1779165805.375,0x100,8,4A 5A 45 7D BE 19 32 40,speed=74.00
1779165805.463,0x200,8,07 00 11 36 76 13 67 83,fuel=0.00
1779165805.566,0x300,8,39 4E 5A 7E ED A1 85 51,temp=97.00
1779165805.656,0x100,8,4A 3F 3B C5 D0 69 CF A4,speed=74.00
1779165805.757,0x200,8,DF 00 B3 D6 1C 4D F5 44,fuel=0.00
1779165805.845,0x300,8,39 8E 4F 1B 2E E9 54 0D,temp=97.00
1779165805.940,0x100,8,4A 64 B9 B9 4D D0 E7 C8,speed=74.00
1779165806.026,0x200,8,8F 00 FA 1C 84 6C A0 E6,fuel=0.00
1779165806.121,0x300,8,39 53 EF 35 C4 A1 8D BB,temp=97.00
1779165806.218,0x100,8,4A 56 98 22 BA A5 66 F5,speed=74.00
1779165806.320,0x200,8,80 00 C3 CB D4 7C 83 A5,fuel=0.00
1779165806.404,0x300,8,39 CA 87 DF 7C F1 40 2C,temp=97.00
1779165806.494,0x100,8,4A 94 C0 56 1F 78 59 23,speed=74.00
1779165806.588,0x200,8,8C 00 58 ED 1A F7 3D A4,fuel=0.00
1779165806.681,0x300,8,39 2C 3C 9C A5 EF 1D 60,temp=97.00
1779165806.774,0x100,8,4A 99 5F 26 C9 67 DE C8,speed=74.00
1779165806.869,0x200,8,A6 00 7E D0 A7 45 78 63,fuel=0.00
1779165806.962,0x300,8,39 AE 4A 9A 8B F5 F6 6F,temp=97.00
1779165807.075,0x100,8,4A 55 65 0C 0A B9 D2 83,speed=74.00
1779165807.154,0x200,8,CA 00 C0 C3 84 C2 6C 48,fuel=0.00
1779165807.275,0x300,8,39 F6 2F C2 AD 9E 5B 0A,temp=97.00
1779165807.347,0x100,8,4A 98 42 08 4F 76 40 61,speed=74.00
1779165807.450,0x200,8,01 00 0C E4 BD A5 73 46,fuel=0.00
1779165807.526,0x300,8,39 6F F4 E6 13 7F 37 D9,temp=97.00
1779165807.619,0x100,8,4A 6E EF 81 1D 40 AB 22,speed=74.00
1779165807.721,0x200,8,16 00 E0 41 4E 61 A0 47,fuel=0.00
1779165807.810,0x300,8,39 47 86 58 B1 FD E6 36,temp=97.00
1779165807.900,0x100,8,4A 87 DC F1 FD 4B 98 2A,speed=74.00
1779165808.005,0x200,8,A9 00 47 4F 6B 56 3C CC,fuel=0.00
1779165808.094,0x300,8,39 3E 19 B1 45 31 38 81,temp=97.00
1779165808.191,0x100,8,4A 2D E1 2B 5D 96 FD 87,speed=74.00
1779165808.286,0x200,8,36 00 EA F4 BA BB EB F9,fuel=0.00
1779165808.370,0x300,8,39 DC 2B 89 13 52 50 66,temp=97.00
1779165808.462,0x100,8,4A 42 0A B0 6B 8B 5E C9,speed=74.00
1779165808.562,0x200,8,2D 00 99 6A 59 01 6D 90,fuel=0.00
1779165808.665,0x300,8,39 0F E2 BD 08 CE 7C F9,temp=97.00
1779165808.754,0x100,8,4A 47 19 07 82 D3 FA 7D,speed=74.00
1779165808.848,0x200,8,F0 00 87 CB 54 19 A6 66,fuel=0.00
1779165808.947,0x300,8,39 65 B3 47 7B EE D0 A2,temp=97.00
1779165809.029,0x100,8,4A 99 80 E3 92 CD F0 C9,speed=74.00
1779165809.122,0x200,8,52 00 02 86 4C E2 D1 04,fuel=0.00
1779165809.221,0x300,8,39 49 FA C9 FB 1F AF EE,temp=97.00
1779165809.309,0x100,8,4A 9E 8D 85 20 E4 AD 93,speed=74.00
1779165809.408,0x200,8,15 00 54 13 DA 8C 59 44,fuel=0.00
1779165809.504,0x300,8,39 6A F0 87 62 97 A8 26,temp=97.00
1779165809.595,0x100,8,4A AC 81 10 64 B8 65 B7,speed=74.00
1779165809.822,0x200,8,41 00 A4 B5 F8 EF 29 2A,fuel=0.00
1779165809.917,0x300,8,39 C2 65 C7 75 D8 F1 D1,temp=97.00
1779165809.966,0x100,8,4A F2 C0 3A 98 9B 3C FE,speed=74.00
1779165810.075,0x200,8,5B 00 17 7C 3F 87 FA 42,fuel=0.00
1779165810.150,0x300,8,39 D7 9C E7 1C 13 EB 03,temp=97.00
1779165810.243,0x100,8,4A C4 6C EF 65 78 63 F0,speed=74.00
1779165810.338,0x200,8,46 00 C5 24 A7 B7 3B 32,fuel=0.00
1779165810.432,0x300,8,39 21 0F E6 68 BB A0 CB,temp=97.00
1779165810.524,0x100,8,4A 5B 8E 8B C5 63 4A 35,speed=74.00
1779165810.621,0x200,8,C7 00 CA BA 47 B1 EB 7C,fuel=0.00
1779165810.713,0x300,8,39 8E A6 9D 32 D2 AF 09,temp=97.00
1779165810.805,0x100,8,4A 5D AC 9B 17 5F DB A0,speed=74.00
1779165810.901,0x200,8,36 00 FF 0C 6C BB 9E 52,fuel=0.00
1779165811.001,0x300,8,39 85 B3 D4 F2 CA 1D 62,temp=97.00
1779165811.089,0x100,8,4A 9F 4B 4C 9E FC 32 2F,speed=74.00
1779165811.182,0x200,8,E0 00 49 E6 31 64 A6 65,fuel=0.00
1779165811.282,0x300,8,39 2D 2C B5 E0 F1 B4 12,temp=97.00
1779165811.377,0x100,8,4A EB FB F0 5B A0 3E 1B,speed=74.00
1779165811.468,0x200,8,28 00 F1 A1 2D 02 9C 90,fuel=0.00
1779165811.558,0x300,8,39 72 52 C5 AA 3F 43 D1,temp=97.00
1779165811.653,0x100,8,4A 20 12 A2 67 CE 14 EB,speed=74.00
1779165811.744,0x200,8,FD 00 D3 8A 32 8C 35 6A,fuel=0.00
1779165811.846,0x300,8,39 8F EE 0D A8 55 E6 B3,temp=97.00
1779165811.958,0x100,8,4A DF CE 8C 6B 0A EA 21,speed=74.00
1779165812.042,0x200,8,D4 00 1F AA 21 EE 01 0A,fuel=0.00
1779165812.141,0x300,8,39 EC 80 C2 05 5F F1 39,temp=97.00
1779165812.217,0x100,8,4A 79 B4 5E 47 9C E5 29,speed=74.00
1779165812.310,0x200,8,5D 00 3B 03 31 D3 EE D4,fuel=0.00
1779165812.406,0x300,8,39 77 6B 62 BE B5 38 80,temp=97.00
1779165812.495,0x100,8,4A BD 86 DB 31 F5 B2 C2,speed=74.00
1779165812.588,0x200,8,E0 00 DC A5 0A D7 E2 BA,fuel=0.00
1779165812.682,0x300,8,39 4C 21 F7 11 B7 D3 27,temp=97.00
1779165812.775,0x100,8,4A C4 3D 26 D4 7F DF 8B,speed=74.00
1779165812.871,0x200,8,09 00 A5 3E 72 87 30 6F,fuel=0.00
1779165812.965,0x300,8,39 BB 9F 60 84 4E 7D 76,temp=97.00
1779165813.074,0x100,8,4A 88 D7 B8 3B 48 32 35,speed=74.00
1779165813.150,0x200,8,F8 00 3E 7B E9 A7 DC 2E,fuel=0.00
1779165813.260,0x300,8,39 E1 CD 9C 01 AA F2 14,temp=97.00
1779165813.342,0x100,8,4A 3C AA 69 D5 6F 6C 6E,speed=74.00
1779165813.444,0x200,8,45 00 9B 12 67 7B D1 AA,fuel=0.00
1779165813.525,0x300,8,39 6C D3 4E 93 76 BA 1A,temp=97.00
1779165813.639,0x100,8,4A E5 AF 40 2D 8A 0D 20,speed=74.00
1779165813.726,0x200,8,BB 00 54 39 A2 B5 30 E2,fuel=0.00
1779165813.826,0x300,8,39 F9 BF E0 AC F8 8E 5A,temp=97.00
1779165813.911,0x100,8,4A B6 BB 8D 4B E4 55 A0,speed=74.00
1779165814.034,0x200,8,37 00 97 8B 78 9F DA 82,fuel=0.00
1779165814.107,0x300,8,39 23 AB A3 54 79 91 76,temp=97.00
1779165814.196,0x100,8,4A 69 1C C6 9D 67 B7 85,speed=74.00
1779165814.280,0x200,8,80 00 E5 24 BD 8B 42 58,fuel=0.00
1779165814.381,0x300,8,39 91 8A E7 17 D7 E9 A3,temp=97.00
1779165814.471,0x100,8,4A 16 2E E9 5B 81 1C 9D,speed=74.00
1779165814.567,0x200,8,20 00 80 F5 AD DD 81 2B,fuel=0.00
1779165814.659,0x300,8,39 98 AC 2B 9D 9F 59 07,temp=97.00
1779165814.747,0x100,8,4A D1 89 3C 4B 2B AA AE,speed=74.00
1779165814.844,0x200,8,FE 00 7B C4 63 5B B9 57,fuel=0.00
1779165814.968,0x300,8,39 5F A9 2F 39 1E 96 1C,temp=97.00
1779165815.025,0x100,8,4A C1 CA 43 79 18 14 DA,speed=74.00
1779165815.143,0x200,8,85 00 66 EE 33 11 9F 0A,fuel=0.00
1779165815.216,0x300,8,39 09 0B 40 06 F4 FD D2,temp=97.00
1779165815.312,0x100,8,4A 82 57 1A 2D 87 2D 9D,speed=74.00
1779165815.407,0x200,8,F3 00 50 FB C5 E8 4E BE,fuel=0.00
1779165815.500,0x300,8,39 0A 03 C3 D9 94 8A EA,temp=97.00
1779165815.594,0x100,8,4A 22 E4 0F F5 BA A2 86,speed=74.00
1779165815.685,0x200,8,13 00 0A D9 BE 9A 28 C8,fuel=0.00
1779165815.795,0x300,8,39 07 10 A3 19 2E E3 DF,temp=97.00
1779165815.927,0x100,8,4A CD 94 76 23 51 4A 97,speed=74.00
1779165815.974,0x200,8,2C 00 10 91 08 44 4F 74,fuel=0.00
1779165816.142,0x300,8,39 88 21 0F D8 89 5C FD,temp=97.00
1779165816.260,0x100,8,4A 1A 50 28 28 36 1F 09,speed=74.00
1779165816.342,0x200,8,7C 00 AB 34 30 EB 02 8D,fuel=0.00
1779165816.454,0x300,8,39 B0 39 6E 08 C8 DF 6C,temp=97.00
1779165816.534,0x100,8,4A BF DD F7 39 92 66 59,speed=74.00
1779165816.625,0x200,8,C0 00 22 93 AD 81 85 FC,fuel=0.00
1779165816.713,0x300,8,39 BE AC B4 64 0D 2E 2C,temp=97.00
1779165816.816,0x100,8,4A A7 A1 1C 1B F8 E1 98,speed=74.00
1779165816.898,0x200,8,6F 00 72 C0 2E 97 62 0C,fuel=0.00
1779165817.025,0x300,8,39 73 3B 87 F5 C7 A3 DA,temp=97.00
1779165817.090,0x100,8,4A 0A 2E 2E 01 6D A9 19,speed=74.00
1779165817.187,0x200,8,8E 00 C7 1A 85 8C 95 76,fuel=0.00
1779165817.276,0x300,8,39 C7 C6 45 0C B2 E8 39,temp=97.00
1779165817.371,0x100,8,4A FA 1E B2 53 4F 6D F9,speed=74.00
1779165817.466,0x200,8,3D 00 31 35 79 AC 8B 12,fuel=0.00
1779165817.558,0x300,8,39 95 E0 0E 5D 08 F4 90,temp=97.00
1779165817.655,0x100,8,4A 23 9C 4F 1A 38 97 D4,speed=74.00
1779165817.746,0x200,8,1B 00 B8 1F 3B 56 80 25,fuel=0.00
1779165817.842,0x300,8,39 66 1D 6F 42 72 B9 8B,temp=97.00
1779165817.949,0x100,8,4A 65 DD BC 3B 79 AE F9,speed=74.00
1779165818.033,0x200,8,7F 00 2A A3 60 79 F8 2C,fuel=0.00
1779165818.124,0x300,8,39 CC 08 48 79 34 66 7D,temp=97.00
1779165818.212,0x100,8,4A EF 9E 46 A6 DD 92 91,speed=74.00
1779165818.307,0x200,8,AE 00 24 4A 66 6A 72 93,fuel=0.00
1779165818.407,0x300,8,39 E3 0E F5 CB 89 42 FC,temp=97.00
1779165818.499,0x100,8,4A B7 44 E5 56 0C CA 75,speed=74.00
1779165818.591,0x200,8,F8 00 87 67 57 F6 1C 08,fuel=0.00
1779165818.684,0x300,8,39 03 35 30 F2 D2 AB D7,temp=97.00
1779165818.778,0x100,8,4A 03 9C 0F 5A 54 62 7C,speed=74.00
1779165818.873,0x200,8,CB 00 7A DE 35 D7 06 A1,fuel=0.00
1779165818.981,0x300,8,39 42 4D 25 72 39 AE B4,temp=97.00
1779165819.089,0x100,8,4A 7A 6A 5A 59 1E F2 C4,speed=74.00
1779165819.155,0x200,8,AA 00 63 48 D3 4B AB 2F,fuel=0.00
1779165819.256,0x300,8,39 DF 47 A8 07 FB 6E 1C,temp=97.00
1779165819.337,0x100,8,4A 08 21 53 EA BC 00 8B,speed=74.00
1779165819.437,0x200,8,9C 00 47 06 AB E3 ED AE,fuel=0.00
1779165819.527,0x300,8,39 4C 1F CC A9 38 21 FF,temp=97.00
1779165819.638,0x100,8,4A 99 43 B3 CB F3 01 C0,speed=74.00
1779165819.715,0x200,8,C3 00 C4 5A A9 CE DD CB,fuel=0.00
1779165819.811,0x300,8,39 6E 87 B4 44 55 E9 36,temp=97.00
1779165819.899,0x100,8,4A 5A F3 30 AC F8 E0 49,speed=74.00
1779165820.006,0x200,8,C7 00 6C 13 21 FE 93 4A,fuel=0.00
1779165820.113,0x300,8,39 78 21 91 66 34 EC 4C,temp=97.00
1779165820.184,0x100,8,4A 11 EA 84 07 F0 CE CB,speed=74.00
1779165820.278,0x200,8,2F 00 C3 D0 E7 7C A8 BA,fuel=0.00
1779165820.375,0x300,8,39 32 A6 83 C4 B6 20 61,temp=97.00
1779165820.475,0x100,8,4A 70 78 AA 61 44 52 E6,speed=74.00
1779165820.577,0x200,8,A2 00 21 7F 57 98 D6 CD,fuel=0.00
1779165820.660,0x300,8,39 E6 16 D6 0C 01 A8 A7,temp=97.00
1779165820.762,0x100,8,4A 38 C2 14 DD 10 0A AE,speed=74.00
1779165820.850,0x200,8,73 00 40 B1 33 9B EB 0A,fuel=0.00
1779165820.965,0x300,8,39 E0 22 54 5F 71 E4 14,temp=97.00
1779165821.042,0x100,8,4A 80 D7 9F F3 EA 2A B6,speed=74.00
1779165821.139,0x200,8,E2 00 AB E8 F8 A9 55 B1,fuel=0.00
1779165821.222,0x300,8,39 55 DE 43 2A 1E 9C 12,temp=97.00
1779165821.328,0x100,8,4A E8 2F A8 8A 83 B1 62,speed=74.00
1779165821.412,0x200,8,05 00 CA CA B4 9E 0D FC,fuel=0.00
1779165821.516,0x300,8,39 E3 1F D4 61 7C A3 FB,temp=97.00
1779165821.597,0x100,8,4A BC 81 37 3E 4F 59 94,speed=74.00
1779165821.692,0x200,8,1D 00 BC 52 19 91 1E 68,fuel=0.00
1779165821.776,0x300,8,39 ED 9D E3 E0 BF A6 A5,temp=97.00
1779165821.874,0x100,8,4A 93 72 99 50 12 74 B6,speed=74.00
1779165821.972,0x200,8,83 00 65 A4 4A D7 C3 4A,fuel=0.00
1779165822.061,0x300,8,39 88 10 0E B0 BD 42 DB,temp=97.00
1779165822.153,0x100,8,4A 58 A3 FD 52 F4 E7 42,speed=74.00
1779165822.246,0x200,8,74 00 DF EA 8E 87 78 EA,fuel=0.00
1779165822.345,0x300,8,39 44 4C 22 27 76 53 9F,temp=97.00
1779165822.456,0x100,8,4A 34 33 0D D3 CD 57 22,speed=74.00
1779165822.526,0x200,8,31 00 25 C1 C4 12 97 4E,fuel=0.00
1779165822.630,0x300,8,39 87 C3 92 43 32 85 DC,temp=97.00
1779165822.714,0x100,8,4A 2D 31 AE 2F F2 9E ED,speed=74.00
1779165822.814,0x200,8,3B 00 85 15 BD D7 83 DF,fuel=0.00
1779165822.904,0x300,8,39 86 F8 7A 8E C4 1F FA,temp=97.00
1779165823.011,0x100,8,4A 0A AB A5 73 E2 22 64,speed=74.00
1779165823.102,0x200,8,73 00 F5 2A 77 F2 1A 97,fuel=0.00
1779165823.197,0x300,8,39 71 BC 3E A4 28 97 78,temp=97.00
1779165823.294,0x100,8,4A 44 54 75 9E 0C 2A 2B,speed=74.00
1779165823.439,0x200,8,47 00 0B EE 59 68 3F A5,fuel=0.00
1779165823.469,0x300,8,39 47 97 5F 50 01 55 C0,temp=97.00
1779165823.563,0x100,8,4A FC 77 A8 5E F0 C8 7B,speed=74.00
1779165823.654,0x200,8,1D 00 83 1F FC 46 36 0A,fuel=0.00
1779165823.746,0x300,8,39 B1 A8 E0 33 15 1F 1A,temp=97.00
1779165823.841,0x100,8,4A 16 FC 0B 0E 01 07 9A,speed=74.00
1779165823.945,0x200,8,40 00 72 E4 B1 4A 6C 84,fuel=0.00
1779165824.034,0x300,8,39 42 92 53 95 69 17 82,temp=97.00
1779165824.121,0x100,8,4A 04 3B E8 F3 8D 15 D7,speed=74.00
1779165824.212,0x200,8,F3 00 0A E4 E0 03 21 8B,fuel=0.00
1779165824.321,0x300,8,39 BD 2B 93 DA 00 77 31,temp=97.00
1779165824.402,0x100,8,4A 9D AF 76 F2 BB D4 E9,speed=74.00
1779165824.530,0x200,8,72 00 D1 C3 1C 97 FE 93,fuel=0.00
1779165824.595,0x300,8,39 D1 80 D1 63 F6 3F 25,temp=97.00
1779165824.708,0x100,8,4A 3D E4 19 5B 8E E7 0A,speed=74.00
1779165824.784,0x200,8,DD 00 1B F0 01 66 01 A7,fuel=0.00
1779165824.890,0x300,8,39 E4 14 5D DE 0F BC 13,temp=97.00
1779165824.972,0x100,8,4A 93 81 47 CA 45 BC 8F,speed=74.00
1779165825.064,0x200,8,05 00 D9 C5 94 FB EF 21,fuel=0.00
1779165825.153,0x300,8,39 20 D8 57 6B 0B 6D 33,temp=97.00
1779165825.251,0x100,8,4A D5 5A 9F 3D 0F 60 27,speed=74.00
1779165825.340,0x200,8,57 00 70 A8 45 CF BA A6,fuel=0.00
1779165825.439,0x300,8,39 64 08 AA 94 7D 86 20,temp=97.00
1779165825.532,0x100,8,4A B8 40 4B 12 5A 35 7B,speed=74.00
1779165825.621,0x200,8,E0 00 87 B5 EB A7 17 27,fuel=0.00
1779165825.713,0x300,8,39 EE E9 95 D4 D3 90 EA,temp=97.00
1779165825.810,0x100,8,4A 4C 1F 19 8D CE 38 A2,speed=74.00
1779165825.907,0x200,8,E3 00 B1 2E A8 03 0F FF,fuel=0.00
1779165826.007,0x300,8,39 9A B9 C1 16 7A AA 0D,temp=97.00
1779165826.103,0x100,8,4A 73 A6 EF 20 D7 CC F0,speed=74.00
1779165826.191,0x200,8,4B 00 37 99 45 27 94 6A,fuel=0.00
1779165826.279,0x300,8,39 04 59 16 B2 24 C9 AE,temp=97.00
1779165826.386,0x100,8,4A EA F7 BA B2 F0 F7 C1,speed=74.00
1779165826.469,0x200,8,42 00 44 93 B3 B2 FE 03,fuel=0.00
1779165826.562,0x300,8,39 75 CD AB B5 DF 0F 88,temp=97.00
1779165826.652,0x100,8,4A 5B DC 71 E1 72 C0 84,speed=74.00
1779165826.746,0x200,8,B6 00 B4 E4 DD BC 4C 7F,fuel=0.00
1779165826.840,0x300,8,39 0B C4 1C 45 8E 55 9A,temp=97.00
1779165826.966,0x100,8,4A E2 85 CF 2D 4F ED 62,speed=74.00
1779165827.026,0x200,8,1F 00 B7 0F 8E 7B 9A 9A,fuel=0.00
1779165827.155,0x300,8,39 89 77 50 4F 06 E6 B2,temp=97.00
1779165827.217,0x100,8,4A 08 A8 32 C6 FB C3 91,speed=74.00
1779165827.318,0x200,8,F5 00 66 05 30 B4 B2 8D,fuel=0.00
1779165827.408,0x300,8,39 4B 24 67 D3 6B 25 D7,temp=97.00
1779165827.511,0x100,8,4A C8 18 CF B2 B1 25 59,speed=74.00
1779165827.599,0x200,8,C1 00 02 5B FC A0 C9 95,fuel=0.00
1779165827.693,0x300,8,39 28 3E 7F A7 8C B7 32,temp=97.00
1779165827.790,0x100,8,4A 82 B7 55 9C EB F5 B2,speed=74.00
1779165827.893,0x200,8,BC 00 C8 B4 42 D0 79 8D,fuel=0.00
1779165827.968,0x300,8,39 4E 50 B9 31 22 34 39,temp=97.00
1779165828.101,0x100,8,4A 29 FA 88 ED 3E 13 52,speed=74.00
1779165828.163,0x200,8,D8 00 0D 5A 8F 1D 7F DD,fuel=0.00
1779165828.266,0x300,8,39 7E 8F 97 46 4C DC 47,temp=97.00
1779165828.341,0x100,8,4A 8A CF 69 28 94 16 DE,speed=74.00
1779165828.439,0x200,8,A2 00 01 89 CF C2 89 54,fuel=0.00
1779165828.527,0x300,8,39 E6 7A 92 92 29 63 23,temp=97.00
1779165828.634,0x100,8,4A D2 A8 3D FC 68 C8 3E,speed=74.00
1779165828.719,0x200,8,39 00 76 1F 4F CD 11 A5,fuel=0.00
1779165828.807,0x300,8,39 67 C7 AC F2 98 29 71,temp=97.00
1779165828.911,0x100,8,4A 5A 07 26 32 FE 20 E4,speed=74.00
1779165829.028,0x200,8,52 00 87 43 3C A5 69 7F,fuel=0.00
1779165829.113,0x300,8,39 45 ED 6B F0 1E 1D AD,temp=97.00
1779165829.185,0x100,8,4A CA AB A3 F7 33 0D B6,speed=74.00
1779165829.301,0x200,8,6C 00 78 18 2A E7 34 26,fuel=0.00
1779165829.375,0x300,8,39 B5 ED BC 8F 60 5E 60,temp=97.00
1779165829.469,0x100,8,4A 01 D4 A1 D5 71 FF 99,speed=74.00
1779165829.576,0x200,8,91 00 7D 54 75 0B DF C9,fuel=0.00
1779165829.651,0x300,8,39 E2 3B 6A A9 7E 8E 24,temp=97.00
1779165829.786,0x100,8,4A 34 0F 4B 3C BE 6C 55,speed=74.00
1779165829.846,0x200,8,86 00 B0 8C 89 E8 58 95,fuel=0.00
1779165829.987,0x300,8,39 D9 6B 6F 5F 4D 98 E0,temp=97.00
1779165830.050,0x100,8,4A 75 7B 44 78 FF 6F C8,speed=74.00
1779165830.162,0x200,8,00 00 AB 03 48 A1 5C 38,fuel=0.00
1779165830.212,0x300,8,39 2E 6A 5B C4 47 14 D0,temp=97.00
1779165830.324,0x100,8,4A B8 2B 7C 2E A8 97 57,speed=74.00
1779165830.419,0x200,8,40 00 42 DA 21 96 E1 B2,fuel=0.00
1779165830.505,0x300,8,39 CB 0F EE 11 71 B6 69,temp=97.00
1779165830.591,0x100,8,4A D2 D9 24 5B 77 2B 01,speed=74.00
1779165830.691,0x200,8,38 00 71 B3 41 3D E3 C2,fuel=0.00
1779165830.780,0x300,8,39 7C B5 BA 98 90 D2 2A,temp=97.00
1779165830.893,0x100,8,4A 2E 77 E0 28 B9 D5 7D,speed=74.00
1779165830.975,0x200,8,B9 00 5D D0 D9 E5 D8 C0,fuel=0.00
1779165831.061,0x300,8,39 71 32 B5 FA 68 C5 C0,temp=97.00
1779165831.159,0x100,8,4A 91 6C 9E 26 DD 9B 2A,speed=74.00
1779165831.252,0x200,8,F6 00 C9 D1 AF 8A A9 E2,fuel=0.00
1779165831.341,0x300,8,39 24 0E 1E 76 15 65 8A,temp=97.00
1779165831.440,0x100,8,4A 72 43 6B 9B FD 68 27,speed=74.00
1779165831.525,0x200,8,1F 00 45 6C 46 EE DA 5E,fuel=0.00
1779165831.624,0x300,8,39 10 50 E9 EE 8D 57 28,temp=97.00
1779165831.726,0x100,8,4A E8 98 5D 9E 53 B3 61,speed=74.00
1779165831.822,0x200,8,AA 00 2D E2 6F DE 26 B4,fuel=0.00
1779165831.906,0x300,8,39 E6 93 D1 A1 3F 43 CF,temp=97.00
1779165832.014,0x100,8,4A 0B 59 CD D5 9C F5 13,speed=74.00
1779165832.128,0x200,8,41 00 42 09 3E 78 95 8B,fuel=0.00
1779165832.196,0x300,8,39 65 4F DC 53 BD 28 62,temp=97.00
1779165832.284,0x100,8,4A CB 43 76 F3 60 E0 45,speed=74.00
1779165832.389,0x200,8,25 00 52 A5 33 6E 60 05,fuel=0.00
1779165832.479,0x300,8,39 A6 BE 45 6F FA B9 B2,temp=97.00
1779165832.566,0x100,8,4A 6D 3F 55 93 80 58 C5,speed=74.00
1779165832.662,0x200,8,00 00 53 04 87 E0 B8 CC,fuel=0.00
1779165832.771,0x300,8,39 41 38 4A A8 79 C8 EC,temp=97.00
1779165832.900,0x100,8,4A 1A C6 74 DE 2A C3 E3,speed=74.00
1779165833.011,0x200,8,99 00 99 5C A1 F3 9D 2A,fuel=0.00
1779165833.093,0x300,8,39 ED 32 5C 78 98 92 8E,temp=97.00
1779165833.188,0x100,8,4A C8 EC 0B C9 FE 7F 75,speed=74.00
1779165833.241,0x200,8,59 00 0C 5E 0D E9 B3 14,fuel=0.00
1779165833.404,0x300,8,39 2D DC DF 1F B8 C8 6A,temp=97.00
1779165833.659,0x100,8,4A 60 4F 7C 49 43 6C A1,speed=74.00
1779165833.694,0x200,8,32 00 35 7B 91 EB 6F 58,fuel=0.00
1779165833.776,0x300,8,39 FE E8 4F 48 B1 76 D3,temp=97.00
1779165833.908,0x100,8,4A 42 E7 3E 4D 58 6F AC,speed=74.00
1779165833.964,0x200,8,37 00 77 BF CC A5 F5 7E,fuel=0.00
1779165834.116,0x300,8,39 33 E0 39 66 FC 3D 20,temp=97.00
1779165834.149,0x100,8,4A D1 AB DE DB 30 1B 34,speed=74.00
1779165834.251,0x200,8,3C 00 6A 79 51 CA 1E F6,fuel=0.00
1779165834.342,0x300,8,39 8D C9 10 45 C0 3F E2,temp=97.00
1779165834.442,0x100,8,4A B3 61 57 A2 A0 22 A8,speed=74.00
1779165834.530,0x200,8,0F 00 4F 54 C8 B0 E5 10,fuel=0.00
1779165834.636,0x300,8,39 13 FB 27 C3 ED 51 2F,temp=97.00
1779165834.725,0x100,8,4A C6 4B 4E 0E BC 0C D2,speed=74.00
1779165834.862,0x200,8,95 00 97 B3 34 E1 A1 FE,fuel=0.00
1779165834.931,0x300,8,39 5B 49 2A 6B 0B 46 4A,temp=97.00
1779165835.078,0x100,8,4A B8 EB F1 9D 09 6D 52,speed=74.00
1779165835.224,0x200,8,C9 00 6F 30 03 AB 4E 63,fuel=0.00
1779165835.329,0x300,8,39 C1 3F 68 32 4A 66 C6,temp=97.00
1779165835.399,0x100,8,4A EF E0 8E 49 37 F7 22,speed=74.00
1779165835.505,0x200,8,0A 00 0E CC 4A C9 CA B3,fuel=0.00
1779165835.582,0x300,8,39 C6 0B 92 60 80 75 E6,temp=97.00
1779165835.669,0x100,8,4A FC 53 EE 7B 1D 54 BE,speed=74.00
1779165835.762,0x200,8,23 00 D2 67 41 F9 D1 DB,fuel=0.00
1779165835.878,0x300,8,39 8E 8A EE 42 6C 8A 70,temp=97.00
1779165836.124,0x100,8,4A AF 46 59 B7 94 6C 75,speed=74.00
1779165836.439,0x200,8,F5 00 98 8A 44 10 34 B5,fuel=0.00
1779165836.646,0x300,8,39 00 D6 C0 42 1B DB BC,temp=97.00
1779165836.751,0x100,8,4A 2E ED 5F B2 77 3E 40,speed=74.00
1779165836.915,0x200,8,75 00 18 B0 43 EA 03 72,fuel=0.00
1779165836.986,0x300,8,39 3C 54 E8 31 0B D2 FC,temp=97.00
1779165837.085,0x100,8,4A 28 F5 13 1F D5 F0 24,speed=74.00
1779165837.235,0x200,8,70 00 87 83 4F E8 C1 15,fuel=0.00
1779165837.299,0x300,8,39 5C 5C ED 0F 4B 98 9C,temp=97.00
1779165837.352,0x100,8,4A 5E 08 10 FD F0 84 92,speed=74.00
1779165837.452,0x200,8,34 00 28 8B C2 E7 0E 5F,fuel=0.00
1779165837.546,0x300,8,39 55 5D 04 79 B6 9A 8C,temp=97.00
1779165837.658,0x100,8,4A 60 B1 F7 67 0E 6F 07,speed=74.00
1779165837.720,0x200,8,1A 00 D4 28 3E 46 1E 82,fuel=0.00
1779165837.815,0x300,8,39 F7 69 F8 8E 3F 68 C5,temp=97.00
1779165837.971,0x100,8,4A B3 1B 5C 69 CC 36 43,speed=74.00
1779165838.035,0x200,8,19 00 98 9F CF 3E C4 6E,fuel=0.00
1779165838.222,0x300,8,39 45 2C F1 87 54 A9 79,temp=97.00
1779165838.356,0x100,8,4A F6 CE BD 4F CD F0 B2,speed=74.00
1779165838.482,0x200,8,83 00 CA D7 1C C1 09 4F,fuel=0.00
1779165838.636,0x300,8,39 05 CE 69 E4 2C 85 27,temp=97.00
1779165839.055,0x100,8,4A 42 FF 51 2D EA 79 37,speed=74.00
1779165839.381,0x200,8,99 00 A6 52 A5 CD F6 0E,fuel=0.00
1779165839.445,0x300,8,39 3D AC ED C0 B6 E6 DC,temp=97.00
1779165839.504,0x100,8,4A 7F 57 89 C3 37 B7 83,speed=74.00
1779165839.610,0x200,8,2C 00 1A 93 BF B4 17 AD,fuel=0.00
1779165839.734,0x300,8,39 05 5A 08 F2 E6 B6 A2,temp=97.00
1779165839.806,0x100,8,4A 7D 42 46 D1 E6 42 0C,speed=74.00
1779165839.916,0x200,8,2E 00 C9 A0 94 FA BA 1D,fuel=0.00
1779165839.986,0x300,8,39 E2 9B 39 6F 32 13 07,temp=97.00
1779165840.066,0x100,8,4A AB 89 27 F4 24 EC 1F,speed=74.00
1779165840.231,0x200,8,6C 00 0E 69 85 4F B5 D8,fuel=0.00
1779165840.300,0x300,8,39 A1 D9 E9 EC 09 C7 BA,temp=97.00
1779165840.354,0x100,8,4A CD B8 D0 C8 EA 85 19,speed=74.00
1779165840.454,0x200,8,BD 00 04 AE 72 E7 D4 B4,fuel=0.00
1779165840.543,0x300,8,39 45 54 29 AA D1 71 AA,temp=97.00
1779165840.631,0x100,8,4A 50 16 9A 8C CE E6 39,speed=74.00
1779165840.745,0x200,8,79 00 9E F8 66 B9 1F 34,fuel=0.00
1779165840.873,0x300,8,39 87 09 F2 40 FB 9A D4,temp=97.00
1779165840.937,0x100,8,4A C6 46 2C 5D 9F F4 D1,speed=74.00
1779165841.043,0x200,8,53 00 83 EB 42 7F D0 EF,fuel=0.00
1779165841.161,0x300,8,39 77 E8 8E B3 8F 22 00,temp=97.00
1779165841.218,0x100,8,4A C7 54 70 FC 16 65 F1,speed=74.00
1779165841.298,0x200,8,D6 00 77 66 88 86 AD D6,fuel=0.00
1779165841.441,0x300,8,39 C6 DB F5 E4 33 F9 2D,temp=97.00
1779165841.511,0x100,8,4A 00 A6 C6 1F 9D 66 22,speed=74.00
1779165841.616,0x200,8,58 00 AB FB 29 17 91 6C,fuel=0.00
1779165841.676,0x300,8,39 0C 5E 16 86 23 B2 72,temp=97.00
1779165841.815,0x100,8,4A 20 3C 0F 8F 90 E5 88,speed=74.00
1779165841.870,0x200,8,8F 00 AF B8 14 0A 7D 43,fuel=0.00
1779165842.025,0x300,8,39 23 75 A2 4E 51 F3 EE,temp=97.00
1779165842.119,0x100,8,4A 4C 58 4F 89 C1 74 49,speed=74.00
1779165842.340,0x200,8,EF 00 F3 99 AF E1 1F F3,fuel=0.00
1779165842.438,0x300,8,39 A6 D5 35 70 27 81 D9,temp=97.00
1779165842.535,0x100,8,4A 29 23 1B 82 C5 A4 58,speed=74.00
1779165842.630,0x200,8,73 00 45 DD D4 DA C8 2D,fuel=0.00
1779165842.741,0x300,8,39 3B D3 F8 8B CF 6E 1D,temp=97.00
1779165842.819,0x100,8,4A 87 33 B4 DE BC FA AB,speed=74.00
1779165842.902,0x200,8,F3 00 AB 79 06 1D ED D1,fuel=0.00
1779165843.031,0x300,8,39 37 A9 69 9B 28 FE 4D,temp=97.00
1779165843.109,0x100,8,4A EE 80 97 E6 0B 97 E1,speed=74.00
1779165843.198,0x200,8,62 00 36 E9 BB 15 64 05,fuel=0.00
1779165843.298,0x300,8,39 24 2C E2 B7 92 DF 23,temp=97.00
1779165843.378,0x100,8,4A B5 5E D9 F4 99 E9 31,speed=74.00
1779165843.477,0x200,8,BD 00 FD F9 C2 C7 A3 14,fuel=0.00
1779165843.562,0x300,8,39 6D 7B DB 0A 38 59 FA,temp=97.00
1779165843.659,0x100,8,4A 4E A9 6C FD 7C E8 F9,speed=74.00
1779165843.745,0x200,8,E0 00 FF 6A B1 54 C3 8E,fuel=0.00
1779165843.853,0x300,8,39 48 81 1F C9 52 A9 6E,temp=97.00
1779165843.942,0x100,8,4A 5D 24 7D E4 8B 17 10,speed=74.00
1779165844.045,0x200,8,17 00 84 4D D2 9C D3 15,fuel=0.00
1779165844.122,0x300,8,39 EA 30 35 73 7C 79 AA,temp=97.00
1779165844.222,0x100,8,4A A8 90 38 16 B6 7B 22,speed=74.00
1779165844.315,0x200,8,6B 00 57 8C 2C 64 8E 8B,fuel=0.00
1779165844.413,0x300,8,39 F7 23 3C BC 20 AB 0F,temp=97.00
1779165844.498,0x100,8,4A 4D D4 AE 10 2A 30 37,speed=74.00
1779165844.593,0x200,8,D0 00 90 E4 54 B4 3D 61,fuel=0.00
1779165844.683,0x300,8,39 3F A4 1D E7 FC 56 18,temp=97.00
1779165844.793,0x100,8,4A 53 2D E5 F2 34 3D 24,speed=74.00
1779165844.873,0x200,8,22 00 65 FA D4 42 5C 6A,fuel=0.00
1779165844.991,0x300,8,39 FF CD B7 57 C5 56 D6,temp=97.00
1779165845.059,0x100,8,4A 0B D6 AB AA 52 C1 ED,speed=74.00
1779165845.185,0x200,8,35 00 20 6B E6 E1 92 FB,fuel=0.00
1779165845.251,0x300,8,39 E6 61 94 B0 F4 02 10,temp=97.00
1779165845.355,0x100,8,4A 22 2C 79 88 5E 97 9A,speed=74.00
1779165845.440,0x200,8,22 00 1D 15 18 50 9E FD,fuel=0.00
1779165845.531,0x300,8,39 00 EE AB B8 08 6F 5E,temp=97.00
1779165845.624,0x100,8,4A E4 C4 8A BC 40 0D F8,speed=74.00
1779165845.718,0x200,8,72 00 AA E3 3B 49 85 96,fuel=0.00
1779165845.814,0x300,8,39 1F E1 87 B6 08 50 16,temp=97.00
1779165845.922,0x100,8,4A E4 76 89 8B 95 C6 B8,speed=74.00
1779165846.026,0x200,8,65 00 60 6A C5 BF 11 F9,fuel=0.00
1779165846.119,0x300,8,39 E4 11 83 16 E9 02 D7,temp=97.00
1779165846.240,0x100,8,4A 07 D0 7F 45 8F E4 8A,speed=74.00
1779165846.307,0x200,8,77 00 FF 3C 16 87 4A 68,fuel=0.00
1779165846.412,0x300,8,39 EF 47 20 A3 42 D4 08,temp=97.00
1779165846.504,0x100,8,4A AF 53 E3 15 90 ED C6,speed=74.00
1779165846.587,0x200,8,C1 00 BC 84 11 79 11 D3,fuel=0.00
1779165846.685,0x300,8,39 82 F7 05 5D 00 93 E4,temp=97.00
1779165846.783,0x100,8,4A C5 B8 8E A0 97 A2 BE,speed=74.00
1779165846.879,0x200,8,D4 00 B3 78 5C FF 47 FE,fuel=0.00
1779165846.966,0x300,8,39 DF 04 C7 81 83 2F BC,temp=97.00
1779165847.102,0x100,8,4A 7B 73 32 B5 4C 82 2A,speed=74.00
1779165847.149,0x200,8,1E 00 E8 4A EE 0F F1 A0,fuel=0.00
1779165847.264,0x300,8,39 D3 AA 42 EA 7E F5 3D,temp=97.00
1779165847.342,0x100,8,4A 6F 8B 42 8E 83 30 AC,speed=74.00
1779165847.437,0x200,8,B9 00 12 AB 3D 9C 52 FA,fuel=0.00
1779165847.524,0x300,8,39 1C 10 6F 76 75 03 33,temp=97.00
1779165847.625,0x100,8,4A 0A DF 1C 4D 8C AF 5A,speed=74.00
1779165847.713,0x200,8,D6 00 1D 40 8F A4 57 8C,fuel=0.00
1779165847.825,0x300,8,39 2A 18 A2 5D 8E 2E F2,temp=97.00
1779165847.901,0x100,8,4A 6B 61 E9 6D AD 6F 05,speed=74.00
1779165848.003,0x200,8,A5 00 79 7D E8 34 81 EC,fuel=0.00
1779165848.090,0x300,8,39 83 5F A6 D5 54 87 7E,temp=97.00
1779165848.188,0x100,8,4A 2E 08 AF 6E A0 55 BA,speed=74.00
1779165848.281,0x200,8,3E 00 04 CD 6C 6F AA 3F,fuel=0.00
1779165848.372,0x300,8,39 BE 82 7D 70 B2 EF 49,temp=97.00
1779165848.464,0x100,8,4A 65 F0 C0 B6 ED 8F 4A,speed=74.00
1779165848.566,0x200,8,5E 00 2F F5 18 80 73 14,fuel=0.00
1779165848.653,0x300,8,39 B5 C9 57 B6 41 CA CA,temp=97.00
1779165848.759,0x100,8,4A FA F3 4D 7A 2D E2 72,speed=74.00
1779165848.837,0x200,8,60 00 CF 8D 22 05 8B 31,fuel=0.00
1779165848.938,0x300,8,39 64 E2 94 C7 73 32 A7,temp=97.00
1779165849.031,0x100,8,4A 11 7C ED 3B 1B 23 88,speed=74.00
1779165849.148,0x200,8,90 00 A0 F4 33 A5 15 90,fuel=0.00
1779165849.228,0x300,8,39 F0 31 D3 B3 B4 30 55,temp=97.00
1779165849.312,0x100,8,4A CE 1F DA 9C 76 2A 5B,speed=74.00
1779165849.407,0x200,8,04 00 09 85 23 23 8C FD,fuel=0.00
1779165849.510,0x300,8,39 81 95 E3 3B D4 91 BA,temp=97.00
1779165849.592,0x100,8,4A 72 4D 72 B2 2B C4 84,speed=74.00
1779165849.705,0x200,8,39 00 03 AC 75 47 02 B3,fuel=0.00
1779165849.794,0x300,8,39 28 2B 7A 45 50 40 BF,temp=97.00
1779165849.894,0x100,8,4A D2 55 E7 DC DE 23 F9,speed=74.00
1779165850.045,0x200,8,90 00 12 0B 08 A0 2E 7E,fuel=0.00
1779165850.187,0x300,8,39 8E EC 82 21 B8 F5 A3,temp=97.00
1779165850.268,0x100,8,4A F5 5A 09 3F D4 4B B6,speed=74.00
1779165850.363,0x200,8,43 00 90 DB 03 33 55 45,fuel=0.00
1779165850.467,0x300,8,39 72 AC AA 99 C0 23 A8,temp=97.00
1779165850.531,0x100,8,4A FE 13 96 8E 4A 99 72,speed=74.00
1779165850.636,0x200,8,4D 00 84 07 CC E6 A9 21,fuel=0.00
1779165850.719,0x300,8,39 C7 74 2C E3 D4 C3 5A,temp=97.00
1779165850.840,0x100,8,4A 8F 4F DA DC 22 52 07,speed=74.00
1779165850.907,0x200,8,8F 00 37 33 2D E8 C9 90,fuel=0.00
1779165851.063,0x300,8,39 3A 17 7D 7C 00 42 64,temp=97.00
1779165851.093,0x100,8,4A ED A9 3F 69 DC 66 3F,speed=74.00
1779165851.191,0x200,8,AE 00 E6 EA C3 98 19 A1,fuel=0.00
1779165851.287,0x300,8,39 25 B1 B6 BD 4A 16 4C,temp=97.00
1779165851.376,0x100,8,4A DE A7 CF C2 F9 7A C8,speed=74.00
1779165851.474,0x200,8,20 00 BB 4B 76 F8 79 26,fuel=0.00
1779165851.579,0x300,8,39 70 ED 59 1A E9 CF 9D,temp=97.00
1779165851.659,0x100,8,4A B5 7A 30 9C 47 A7 A5,speed=74.00
1779165851.767,0x200,8,F0 00 47 B2 EF 16 99 11,fuel=0.00
1779165851.841,0x300,8,39 BE 84 9E 3D 12 7C 79,temp=97.00
1779165851.978,0x100,8,4A 89 55 FA EE C3 E7 6C,speed=74.00
1779165852.062,0x200,8,8E 00 71 17 A9 AF F3 F9,fuel=0.00
1779165852.123,0x300,8,39 26 A7 52 1E 6C E7 7A,temp=97.00
1779165852.227,0x100,8,4A A1 11 51 07 B9 0B 00,speed=74.00
1779165852.315,0x200,8,D6 00 58 E2 98 32 BE 96,fuel=0.00
1779165852.423,0x300,8,39 C8 C9 25 ED 3F EB 7B,temp=97.00
1779165852.531,0x100,8,4A 92 97 50 03 3D EF 11,speed=74.00
1779165852.590,0x200,8,84 00 3C 67 2C C5 AE 55,fuel=0.00
1779165852.692,0x300,8,39 BF AA BC B3 F7 23 FC,temp=97.00
1779165852.813,0x100,8,4A 2D 86 1B 02 71 BD FC,speed=74.00
1779165852.876,0x200,8,5F 00 58 5D BD 76 02 F6,fuel=0.00
1779165852.972,0x300,8,39 11 9A D4 63 53 D5 86,temp=97.00
1779165853.071,0x100,8,4A 46 19 34 97 0D B9 B8,speed=74.00
1779165853.159,0x200,8,09 00 D6 20 59 A5 BF B7,fuel=0.00
1779165853.261,0x300,8,39 04 7F 96 99 D4 60 A9,temp=97.00
1779165853.337,0x100,8,4A C1 4E D2 7D 35 67 C5,speed=74.00
1779165853.440,0x200,8,4B 00 B1 F1 2E D3 DB 1A,fuel=0.00
1779165853.527,0x300,8,39 44 BA 63 43 D7 20 90,temp=97.00
1779165853.628,0x100,8,4A 92 D0 AF 58 AC CF 69,speed=74.00
1779165853.725,0x200,8,46 00 B6 68 1B A5 3D 93,fuel=0.00
1779165853.825,0x300,8,39 2B F7 75 E1 C1 D3 94,temp=97.00
1779165853.912,0x100,8,4A 51 B9 22 F3 19 D9 77,speed=74.00
1779165854.011,0x200,8,53 00 2E F9 E2 BA EB B1,fuel=0.00
1779165854.095,0x300,8,39 55 03 E8 74 C9 F8 6E,temp=97.00
1779165854.187,0x100,8,4A 6E 9A 67 B5 82 3E 9E,speed=74.00
1779165854.285,0x200,8,83 00 0F 1F D1 4A 3D 1C,fuel=0.00
1779165854.401,0x300,8,39 5A 72 72 8A 0C 5F E3,temp=97.00
1779165854.517,0x100,8,4A C9 60 3C DC 10 20 A0,speed=74.00
1779165854.583,0x200,8,61 00 71 D8 29 F9 E7 90,fuel=0.00
1779165854.676,0x300,8,39 F2 DF 71 B9 7E 7D 15,temp=97.00
1779165854.747,0x100,8,4A 64 68 63 44 04 C1 03,speed=74.00
1779165854.840,0x200,8,5D 00 5B D4 5E 92 EC 6A,fuel=0.00
1779165855.017,0x300,8,39 65 1B 85 58 FD 01 A4,temp=97.00
1779165855.115,0x100,8,4A D2 3F 2F CD 34 C6 6E,speed=74.00
1779165855.250,0x200,8,3D 00 5A 9D A8 04 86 E2,fuel=0.00
1779165855.309,0x300,8,39 2A 4D 32 B4 BC 6D 98,temp=97.00
1779165855.412,0x100,8,4A 65 9E 70 9D BB A3 ED,speed=74.00
1779165855.525,0x200,8,ED 00 3C 84 13 1F A1 CC,fuel=0.00
1779165855.595,0x300,8,39 30 4D DB 62 FC B0 83,temp=97.00
1779165855.710,0x100,8,4A 55 19 62 24 08 3A E0,speed=74.00
1779165855.785,0x200,8,DB 00 FF A0 E7 A4 B8 5D,fuel=0.00
1779165855.882,0x300,8,39 09 4A EC B2 E4 72 B4,temp=97.00
1779165856.002,0x100,8,4A 50 27 C7 25 1B 2A 62,speed=74.00
1779165856.101,0x200,8,84 00 29 60 80 D2 56 7C,fuel=0.00
1779165856.170,0x300,8,39 6E 26 BC FA E3 0C 0E,temp=97.00
1779165856.273,0x100,8,4A 05 1D D2 27 EA 68 A7,speed=74.00
1779165856.346,0x200,8,8B 00 C1 85 9D 9F 7A 57,fuel=0.00
1779165856.449,0x300,8,39 4A 50 81 19 04 8A 67,temp=97.00
1779165856.585,0x100,8,4A A0 67 4E 19 AB 58 CF,speed=74.00
1779165856.702,0x200,8,3C 00 69 67 57 1D 40 86,fuel=0.00
1779165856.748,0x300,8,39 FC 5D E9 1F 2D 08 91,temp=97.00
1779165856.808,0x100,8,4A 25 AF 05 DD EE 6A 2B,speed=74.00
1779165856.938,0x200,8,38 00 66 1A 02 A3 79 07,fuel=0.00
1779165857.019,0x300,8,39 3B D9 30 CD A5 E8 D8,temp=97.00
1779165857.150,0x100,8,4A BF 76 00 D1 4F A6 53,speed=74.00
1779165857.249,0x200,8,BB 00 C0 67 EA 39 4E 3D,fuel=0.00
1779165857.468,0x300,8,39 DB E3 8D FC 96 60 DF,temp=97.00
1779165857.629,0x100,8,4A EC 86 2D 20 FE 11 85,speed=74.00
1779165857.662,0x200,8,9E 00 80 D9 49 25 2C 21,fuel=0.00
1779165857.776,0x300,8,39 0E 1E 23 04 AE 60 9C,temp=97.00
1779165857.865,0x100,8,4A 4E E1 E1 FB BF 54 87,speed=74.00
1779165857.971,0x200,8,31 00 15 A5 68 9C 5B 6E,fuel=0.00
1779165858.064,0x300,8,39 8F 36 2F E8 91 64 55,temp=97.00
1779165858.172,0x100,8,4A F1 CA 1A B6 DE E9 27,speed=74.00
1779165858.243,0x200,8,A3 00 F5 9E B9 D1 92 EA,fuel=0.00
1779165858.327,0x300,8,39 0C A3 F2 72 9A 69 A1,temp=97.00
1779165858.418,0x100,8,4A C5 51 8C 79 19 95 14,speed=74.00
1779165858.523,0x200,8,B1 00 73 21 45 30 70 E5,fuel=0.00
1779165858.600,0x300,8,39 50 0C 10 20 21 6B 94,temp=97.00
1779165858.735,0x100,8,4A 5E A3 98 08 18 98 7E,speed=74.00
1779165858.945,0x200,8,7B 00 6F B8 3A D7 69 7C,fuel=0.00
1779165859.030,0x300,8,39 EB A5 04 22 6E B4 5F,temp=97.00
1779165859.092,0x100,8,4A B9 3C EF 1D 4C 6B 6B,speed=74.00
1779165859.176,0x200,8,60 00 1F D6 06 2C EA 1C,fuel=0.00
1779165859.275,0x300,8,39 BF 4C 1F 63 AD E5 96,temp=97.00
1779165859.340,0x100,8,4A FC AD 24 E1 A5 59 23,speed=74.00
1779165859.446,0x200,8,BB 00 1C 9C BD AA 56 7E,fuel=0.00
1779165859.531,0x300,8,39 52 64 DA 3A F4 3E 42,temp=97.00
1779165859.650,0x100,8,4A 06 97 DD 87 34 24 17,speed=74.00
1779165859.755,0x200,8,55 00 0C 1A FD 2B 90 0D,fuel=0.00
1779165859.813,0x300,8,39 9F 12 6C 59 1A 78 01,temp=97.00
1779165859.913,0x100,8,4A 71 BF C6 DD AC CB 95,speed=74.00
1779165860.009,0x200,8,AA 00 D0 3C 62 66 6A 08,fuel=0.00
1779165860.114,0x300,8,39 0A 67 BF CC FB 6F 28,temp=97.00
1779165860.184,0x100,8,4A 5B 15 1C 51 B1 97 0B,speed=74.00
1779165860.282,0x200,8,FF 00 D3 DE 7F 55 91 B2,fuel=0.00
1779165860.397,0x300,8,39 88 8E FD 9B 20 0C 21,temp=97.00
1779165860.469,0x100,8,4A 57 40 D6 03 84 11 50,speed=74.00
1779165860.562,0x200,8,B9 00 5A FD 14 F8 60 D0,fuel=0.00
1779165860.653,0x300,8,39 9E 4E 4D 45 1A EC C6,temp=97.00
1779165860.749,0x100,8,4A 4F 52 CB 8C 38 14 33,speed=74.00
1779165860.916,0x200,8,60 00 D4 34 88 B7 E7 E0,fuel=0.00
1779165860.950,0x300,8,39 7B CB 77 48 63 A9 62,temp=97.00
1779165861.084,0x100,8,4A A8 74 DC 86 90 C4 CD,speed=74.00
1779165861.120,0x200,8,AC 00 74 B2 1A A6 62 70,fuel=0.00
1779165861.222,0x300,8,39 18 2C E6 07 7D 73 BF,temp=97.00
1779165861.318,0x100,8,4A 6E 55 3B C5 11 57 BB,speed=74.00
1779165861.407,0x200,8,C8 00 45 98 BC AD AB 12,fuel=0.00
1779165861.509,0x300,8,39 D6 DA 74 8C F5 47 AB,temp=97.00
1779165861.619,0x100,8,4A 97 29 D3 12 AD 49 7F,speed=74.00
1779165861.725,0x200,8,FD 00 F3 FF D5 7C F2 E8,fuel=0.00
1779165861.783,0x300,8,39 CC 51 CF 69 34 A2 25,temp=97.00
1779165861.895,0x100,8,4A F6 31 6F 2F 4B 90 DA,speed=74.00
1779165861.984,0x200,8,9F 00 06 C2 94 A6 72 98,fuel=0.00
1779165862.070,0x300,8,39 20 1F AC F1 94 BA C8,temp=97.00
1779165862.155,0x100,8,4A 9C 51 F3 19 FC F9 D8,speed=74.00
1779165862.284,0x200,8,26 00 D8 D1 1C 4D 98 AE,fuel=0.00
1779165862.349,0x300,8,39 B8 6E 40 42 A9 39 FC,temp=97.00
1779165862.453,0x100,8,4A B9 8B 81 3E 56 B5 E9,speed=74.00
1779165862.531,0x200,8,02 00 09 20 53 C3 05 D8,fuel=0.00
1779165862.629,0x300,8,39 BB B7 15 91 E6 86 72,temp=97.00
1779165862.718,0x100,8,4A 62 C5 1F 48 65 A6 7D,speed=74.00
1779165862.819,0x200,8,B4 00 CF 09 47 F0 69 E1,fuel=0.00
1779165862.908,0x300,8,39 8F 60 95 42 75 12 DC,temp=97.00
1779165863.000,0x100,8,4A 8F 8B BF CB 42 13 80,speed=74.00
1779165863.096,0x200,8,4A 00 72 00 66 DD D0 3E,fuel=0.00
1779165863.217,0x300,8,39 54 17 80 CE 83 86 84,temp=97.00
1779165863.285,0x100,8,4A 35 CB 12 2B BC C5 25,speed=74.00
1779165863.378,0x200,8,34 00 69 A9 8F 66 47 6C,fuel=0.00
1779165863.463,0x300,8,39 88 D6 D7 1A A3 F6 D8,temp=97.00
1779165863.563,0x100,8,4A C9 AB 95 09 19 62 BA,speed=74.00
1779165863.659,0x200,8,D1 00 F9 85 12 AE 09 8D,fuel=0.00
1779165863.749,0x300,8,39 A7 0A E0 B6 28 7D 66,temp=97.00
1779165863.847,0x100,8,4A D7 8F EC B2 CC 5A 1C,speed=74.00
1779165863.940,0x200,8,48 00 1F BE 47 18 16 07,fuel=0.00
1779165864.026,0x300,8,39 96 99 0C 12 A9 4E 36,temp=97.00
1779165864.126,0x100,8,4A 2F B1 6B A3 0E B2 76,speed=74.00
1779165864.213,0x200,8,E1 00 C6 61 C6 E5 4F E2,fuel=0.00
1779165864.316,0x300,8,39 E5 43 EA F6 33 55 AA,temp=97.00
1779165864.412,0x100,8,4A 55 E8 80 91 19 CC FD,speed=74.00
1779165864.502,0x200,8,A4 00 B5 AB 88 FE 87 F8,fuel=0.00
1779165864.593,0x300,8,39 86 38 E8 1C F6 A7 3B,temp=97.00
1779165864.693,0x100,8,4A AD ED B2 D3 9F 2E 6E,speed=74.00
1779165864.780,0x200,8,DD 00 F0 B4 08 98 7C 34,fuel=0.00
1779165864.878,0x300,8,39 12 5A 15 29 69 2A 08,temp=97.00
1779165864.965,0x100,8,4A 18 4A 39 FD C4 46 76,speed=74.00
1779165865.068,0x200,8,ED 00 E6 D5 8A B6 74 5C,fuel=0.00
1779165865.150,0x300,8,39 21 45 A9 CC D4 F4 9A,temp=97.00
1779165865.252,0x100,8,4A 55 1B 36 78 8D EF D8,speed=74.00
1779165865.336,0x200,8,9E 00 E7 AF 8D 12 AA 22,fuel=0.00
1779165865.439,0x300,8,39 EB 44 2A A5 82 AF CA,temp=97.00
1779165865.537,0x100,8,4A 26 0B 93 FB 28 FD E2,speed=74.00
1779165865.628,0x200,8,E3 00 CC 33 D1 B3 52 56,fuel=0.00
1779165865.716,0x300,8,39 F7 A4 CD 8A FD 7E 19,temp=97.00
1779165865.817,0x100,8,4A 00 2D A9 FE 6D 6F 07,speed=74.00
1779165865.904,0x200,8,72 00 3D 07 5B 51 20 6A,fuel=0.00
1779165866.028,0x300,8,39 3D 34 34 CA D2 D3 86,temp=97.00
1779165866.088,0x100,8,4A 28 60 25 0C 4D 3B AE,speed=74.00
1779165866.192,0x200,8,24 00 44 4D 93 43 ED 08,fuel=0.00
1779165866.277,0x300,8,39 83 D7 B1 4C 8A 40 C8,temp=97.00
1779165866.377,0x100,8,4A EE A4 D0 E8 92 63 79,speed=74.00
1779165866.467,0x200,8,00 00 E2 C9 F0 D4 53 92,fuel=0.00
1779165866.568,0x300,8,39 69 CC AD 40 B1 42 BC,temp=97.00
1779165866.654,0x100,8,4A 62 10 2D 3D E1 DA 63,speed=74.00
1779165866.749,0x200,8,BE 00 0D E4 8E 82 A9 C7,fuel=0.00
1779165866.839,0x300,8,39 F2 8A 56 65 A1 5D 19,temp=97.00
1779165866.934,0x100,8,4A 84 80 B9 7E 47 5C 06,speed=74.00
1779165867.030,0x200,8,94 00 61 28 21 D1 88 C9,fuel=0.00
1779165867.134,0x300,8,39 06 B0 0C 16 BA 5E 67,temp=97.00
1779165867.213,0x100,8,4A 63 AA 97 1A C4 8C AB,speed=74.00
1779165867.326,0x200,8,0D 00 43 D7 68 37 63 A1,fuel=0.00
1779165867.399,0x300,8,39 01 BA AD E4 71 AB 54,temp=97.00
1779165867.498,0x100,8,4A 46 81 03 FE FB D2 33,speed=74.00
1779165867.586,0x200,8,3A 00 47 23 69 7B 8C 10,fuel=0.00
1779165867.686,0x300,8,39 26 C8 C8 75 29 B8 D3,temp=97.00
1779165867.775,0x100,8,4A C1 67 7B 2E A1 DA 08,speed=74.00
1779165867.872,0x200,8,5F 00 A4 23 4C D6 72 29,fuel=0.00
1779165867.970,0x300,8,39 4F E5 93 93 13 D7 3D,temp=97.00
1779165868.058,0x100,8,4A 69 86 9B 71 74 43 48,speed=74.00
1779165868.159,0x200,8,D2 00 C5 7E 29 A0 73 60,fuel=0.00
1779165868.254,0x300,8,39 A8 8C 28 FA BB 38 B2,temp=97.00
1779165868.341,0x100,8,4A 13 2E 55 74 C9 37 99,speed=74.00
1779165868.442,0x200,8,0E 00 73 C8 6B 00 5C 60,fuel=0.00
1779165868.528,0x300,8,39 E2 0A 94 FA 43 F0 C4,temp=97.00
1779165868.627,0x100,8,4A BD 13 74 4D CA E2 E5,speed=74.00
1779165868.714,0x200,8,4A 00 FF 0B 7C AF BE 75,fuel=0.00
1779165868.811,0x300,8,39 36 2F 50 72 41 39 BB,temp=97.00
1779165868.901,0x100,8,4A C8 58 C9 A4 13 E5 E8,speed=74.00
1779165869.023,0x200,8,66 00 2C DA BF D8 DC 51,fuel=0.00
1779165869.094,0x300,8,39 A6 7D E1 14 5D 6C 33,temp=97.00
1779165869.199,0x100,8,4A 91 E9 FC CE 74 A0 47,speed=74.00
1779165869.276,0x200,8,A6 00 9F 0B 01 5D 5E 30,fuel=0.00
1779165869.389,0x300,8,39 20 FE C4 66 4E 93 E2,temp=97.00
1779165869.466,0x100,8,4A A6 3F E6 C4 A3 7A F3,speed=74.00
1779165869.567,0x200,8,EA 00 23 85 D1 B1 63 E4,fuel=0.00
1779165869.655,0x300,8,39 55 DE 83 47 F9 AA 15,temp=97.00
1779165869.761,0x100,8,4A BF 74 7A 03 8B 48 A3,speed=74.00
1779165869.846,0x200,8,5D 00 4F 15 D2 A0 CD 6A,fuel=0.00
1779165869.945,0x300,8,39 CE D0 D3 3E 05 14 07,temp=97.00
1779165870.031,0x100,8,4A 35 4E A6 A0 9F F6 1B,speed=74.00
1779165870.130,0x200,8,3B 00 35 5F 2B 96 AA C4,fuel=0.00
1779165870.218,0x300,8,39 4E D0 91 C7 56 55 66,temp=97.00
1779165870.318,0x100,8,4A 44 6E A5 B7 18 36 1B,speed=74.00
1779165870.405,0x200,8,44 00 3D 7B 5C 16 EC 15,fuel=0.00
1779165870.502,0x300,8,39 69 BD E7 03 6B FA FC,temp=97.00
1779165870.591,0x100,8,4A B0 D1 E7 CB F5 01 C3,speed=74.00
1779165870.689,0x200,8,8E 00 4D A4 C1 B5 0B 28,fuel=0.00
1779165870.779,0x300,8,39 3F F2 C2 EB E8 CA 6A,temp=97.00
1779165870.876,0x100,8,4A 11 8B 28 3C 02 F5 B1,speed=74.00
1779165870.967,0x200,8,35 00 63 B4 CA 5E BF DE,fuel=0.00
1779165871.076,0x300,8,39 85 E2 26 9E B7 9F D3,temp=97.00
1779165871.151,0x100,8,4A EE 54 51 D2 F4 1F FE,speed=74.00
1779165871.250,0x200,8,C7 00 A8 3D 58 E8 A2 3E,fuel=0.00
1779165871.339,0x300,8,39 EC 8B 37 6B 38 3F 98,temp=97.00
1779165871.439,0x100,8,4A 82 5C 85 98 9E B8 97,speed=74.00
1779165871.525,0x200,8,40 00 97 63 90 0F 05 BA,fuel=0.00
1779165871.624,0x300,8,39 27 96 D0 3F 2F BC 91,temp=97.00
1779165871.713,0x100,8,4A 32 C0 10 A6 A7 7C EF,speed=74.00
1779165871.814,0x200,8,37 00 DD E0 B1 BB 8B C7,fuel=0.00
1779165871.902,0x300,8,39 3D 50 82 A1 BE 75 66,temp=97.00
1779165872.024,0x100,8,4A 7D D2 FB 69 61 80 2D,speed=74.00
1779165872.088,0x200,8,32 00 0A CB 8C B0 A2 B7,fuel=0.00
1779165872.186,0x300,8,39 EF 29 ED E0 1F 2E A4,temp=97.00
1779165872.275,0x100,8,4A E5 91 5F 0E B0 20 AD,speed=74.00
1779165872.374,0x200,8,55 00 ED 22 C4 88 83 E1,fuel=0.00
1779165872.462,0x300,8,39 37 9B B9 8E 28 0B E0,temp=97.00
1779165872.563,0x100,8,4A 3D 63 C4 9E D8 06 7A,speed=74.00
1779165872.650,0x200,8,C0 00 E9 6C 0F F4 A1 AD,fuel=0.00
1779165872.755,0x300,8,39 D8 07 6B 4B 98 72 77,temp=97.00
1779165872.837,0x100,8,4A 33 40 31 25 97 E4 15,speed=74.00
1779165872.948,0x200,8,43 00 EE AA 0D 1E 7D E4,fuel=0.00
1779165873.035,0x300,8,39 97 6F 7B 70 5E 58 0B,temp=97.00
1779165873.124,0x100,8,4A 90 48 6F AA 3D 89 9E,speed=74.00
1779165873.215,0x200,8,AA 00 A7 97 86 98 90 E9,fuel=0.00
1779165873.326,0x300,8,39 3C A2 99 63 7B 24 E5,temp=97.00
1779165873.406,0x100,8,4A 35 A6 58 8B D4 32 19,speed=74.00
1779165873.501,0x200,8,99 00 9B 7A 35 3B 14 E8,fuel=0.00
1779165873.589,0x300,8,39 94 69 31 C0 74 55 6F,temp=97.00
1779165873.694,0x100,8,4A A6 1E 27 62 99 4E 82,speed=74.00
1779165873.779,0x200,8,26 00 7E 1A 09 5D 3D E9,fuel=0.00
1779165873.879,0x300,8,39 5D 7E 4F E9 56 BE C9,temp=97.00
1779165873.976,0x100,8,4A 51 5A 7D 4B 1F 9C 16,speed=74.00
1779165874.066,0x200,8,36 00 84 93 93 FE C6 99,fuel=0.00
1779165874.160,0x300,8,39 D7 C1 AE D6 C3 12 82,temp=97.00
1779165874.260,0x100,8,4A 4C C5 D9 F8 78 41 61,speed=74.00
1779165874.348,0x200,8,8B 00 C8 21 03 5A 8A 4E,fuel=0.00
1779165874.444,0x300,8,39 95 2D 3A 80 CA B0 91,temp=97.00
1779165874.529,0x100,8,4A 6A BD B2 01 50 C9 36,speed=74.00
1779165874.629,0x200,8,BB 00 34 B7 AB 32 B9 80,fuel=0.00
1779165874.717,0x300,8,39 D7 CC DC BF 35 59 EE,temp=97.00
1779165874.813,0x100,8,4A 95 75 02 72 87 60 0A,speed=74.00
1779165874.905,0x200,8,18 00 55 3A 16 AC 48 7F,fuel=0.00
1779165875.032,0x300,8,39 1A E6 5E 9E 2A B0 58,temp=97.00
1779165875.092,0x100,8,4A E9 F9 33 66 76 A2 9E,speed=74.00
1779165875.190,0x200,8,EA 00 53 8A A1 AB A7 50,fuel=0.00
1779165875.278,0x300,8,39 22 E9 45 4E 2D 1E 9A,temp=97.00
1779165875.378,0x100,8,4A 6A 2B E5 2E BC E1 FA,speed=74.00
1779165875.469,0x200,8,22 00 4F 00 90 82 A5 1F,fuel=0.00
1779165875.573,0x300,8,39 6C C9 5E 71 C5 76 60,temp=97.00
1779165875.654,0x100,8,4A FD EA FF 7D 3F 06 49,speed=74.00
1779165875.751,0x200,8,2E 00 5E 94 21 66 88 E7,fuel=0.00
1779165875.839,0x300,8,39 3B 7C 45 54 9F 66 59,temp=97.00
1779165875.950,0x100,8,4A DF 42 79 DA 9C 9A 6C,speed=74.00
1779165876.026,0x200,8,E6 00 3D 76 16 18 F5 8C,fuel=0.00
1779165876.136,0x300,8,39 F9 41 91 7D 4B 3C 89,temp=97.00
1779165876.212,0x100,8,4A 75 64 E9 99 1B 45 7E,speed=74.00
1779165876.311,0x200,8,4A 00 55 88 8E CF 70 0E,fuel=0.00
1779165876.411,0x300,8,39 4C 71 5B 92 C3 78 C8,temp=97.00
1779165876.499,0x100,8,4A C0 0E 1B 3A 8A 52 4A,speed=74.00
1779165876.598,0x200,8,86 00 64 90 3C 65 3E E7,fuel=0.00
1779165876.698,0x300,8,39 4C BF 3E 12 BF 7F C5,temp=97.00
1779165876.784,0x100,8,4A FB EB 94 1E CC D9 C9,speed=74.00
1779165876.880,0x200,8,8F 00 1E 9F 71 2E E2 7A,fuel=0.00
1779165876.975,0x300,8,39 78 E5 5F FE AD 61 3C,temp=97.00
1779165877.060,0x100,8,4A 21 27 09 27 3C 4F 5E,speed=74.00
1779165877.159,0x200,8,D2 00 34 A2 6D FC 66 A3,fuel=0.00
1779165877.248,0x300,8,39 D2 35 9D ED 00 AD 74,temp=97.00
1779165877.339,0x100,8,4A 76 A1 96 48 AC E0 D4,speed=74.00
1779165877.445,0x200,8,AF 00 25 91 16 30 8C AE,fuel=0.00
1779165877.525,0x300,8,39 18 22 FB B3 5A B3 DC,temp=97.00
1779165877.629,0x100,8,4A C3 EB 03 51 F6 04 20,speed=74.00
1779165877.717,0x200,8,85 00 5E F8 84 8D DF 7B,fuel=0.00
1779165877.815,0x300,8,39 C7 36 0F 35 10 67 33,temp=97.00
1779165877.904,0x100,8,4A 8F 5C 69 CC 47 7A 95,speed=74.00
1779165878.013,0x200,8,73 00 68 F5 D1 C4 CB CB,fuel=0.00
1779165878.091,0x300,8,39 A1 2A A5 B5 39 81 C4,temp=97.00
1779165878.187,0x100,8,4A 12 F5 04 5F B4 0E 3C,speed=74.00
1779165878.275,0x200,8,89 00 24 0E B8 E3 A6 3F,fuel=0.00
1779165878.375,0x300,8,39 31 05 EA 1D 9A DE 87,temp=97.00
1779165878.462,0x100,8,4A D0 3A DD EC 8B B7 5A,speed=74.00
1779165878.563,0x200,8,3F 00 0B 5B 7A 04 E1 3D,fuel=0.00
1779165878.649,0x300,8,39 FF 48 1C E9 6F A5 14,temp=97.00
1779165878.750,0x100,8,4A B2 48 24 F5 F8 E8 41,speed=74.00
1779165878.836,0x200,8,60 00 6D 3F DE 9F AD 63,fuel=0.00
1779165878.944,0x300,8,39 EB 49 4E 24 32 53 6D,temp=97.00
1779165879.040,0x100,8,4A CE 88 A6 3E 72 6A 0A,speed=74.00
1779165879.132,0x200,8,9F 00 12 E0 1F 4A 22 65,fuel=0.00
1779165879.218,0x300,8,39 6D B8 9A F3 80 29 10,temp=97.00
1779165879.319,0x100,8,4A 00 2A CD B0 63 75 96,speed=74.00
1779165879.408,0x200,8,AE 00 45 7B E3 72 34 5E,fuel=0.00
1779165879.506,0x300,8,39 F7 73 F5 78 18 F4 CA,temp=97.00
1779165879.588,0x100,8,4A 8C 8E 16 7D 21 44 CE,speed=74.00
1779165879.695,0x200,8,E1 00 62 FF 99 57 3D 80,fuel=0.00
1779165879.779,0x300,8,39 15 42 F5 CF 68 07 51,temp=97.00
1779165879.882,0x100,8,4A 11 A0 17 65 3A AD 1E,speed=74.00
1779165879.965,0x200,8,B6 00 32 23 8B BA 11 71,fuel=0.00
1779165880.065,0x300,8,39 D1 7C 5D FA E2 B6 10,temp=97.00
1779165880.156,0x100,8,4A 3E EF 43 8B 77 32 96,speed=74.00
1779165880.256,0x200,8,4F 00 36 A2 66 DA 14 63,fuel=0.00
1779165880.340,0x300,8,39 5C 2A 6D EE 2D 31 3B,temp=97.00
1779165880.440,0x100,8,4A 6E 11 AE D8 7D C9 6E,speed=74.00
1779165880.524,0x200,8,F9 00 84 36 44 76 A0 14,fuel=0.00
1779165880.628,0x300,8,39 AF F5 66 EC 03 03 7B,temp=97.00
1779165880.725,0x100,8,4A E5 E2 60 BF AD E2 CA,speed=74.00
1779165880.809,0x200,8,F0 00 44 5D 47 A2 13 AA,fuel=0.00
1779165880.906,0x300,8,39 7B 8B 76 FA 5C F0 41,temp=97.00
1779165881.013,0x100,8,4A 31 DF 73 A7 01 0A 59,speed=74.00
1779165881.089,0x200,8,9C 00 AD 93 08 3D 96 45,fuel=0.00
1779165881.191,0x300,8,39 D6 18 DD 58 23 E1 4E,temp=97.00
1779165881.282,0x100,8,4A A5 71 49 39 EC 7C A2,speed=74.00
1779165881.374,0x200,8,56 00 A6 20 1F 5F 5C 4F,fuel=0.00
1779165881.463,0x300,8,39 89 F6 5F 9B 2E 63 26,temp=97.00
1779165881.566,0x100,8,4A 23 9E C2 C5 7C 52 DA,speed=74.00
1779165881.654,0x200,8,47 00 28 AF F9 27 E8 10,fuel=0.00
1779165881.752,0x300,8,39 1E 44 CC 74 EE B1 9F,temp=97.00
1779165881.842,0x100,8,4A A5 56 42 25 5D 17 43,speed=74.00
1779165881.944,0x200,8,ED 00 A0 AB 0A C8 F8 26,fuel=0.00
1779165882.033,0x300,8,39 1B DE 1D 90 C4 21 39,temp=97.00
1779165882.131,0x100,8,4A BC 35 A2 0B 4E 39 5D,speed=74.00
1779165882.218,0x200,8,A5 00 8C 51 F6 36 37 9B,fuel=0.00
1779165882.316,0x300,8,39 8D FB 28 24 4B D0 52,temp=97.00
1779165882.405,0x100,8,4A E4 CA AE D8 39 F0 A0,speed=74.00
1779165882.503,0x200,8,AD 00 0D D3 3C ED F2 5F,fuel=0.00
1779165882.591,0x300,8,39 8C 29 A6 9B 76 75 11,temp=97.00
1779165882.689,0x100,8,4A 48 AA 55 0D 75 61 65,speed=74.00
1779165882.777,0x200,8,2A 00 43 DA 22 A2 A5 1E,fuel=0.00
1779165882.873,0x300,8,39 60 95 E4 94 57 93 82,temp=97.00
1779165882.965,0x100,8,4A C7 5C 57 4F 09 E4 4B,speed=74.00
1779165883.067,0x200,8,01 00 D3 39 08 5E EB D8,fuel=0.00
1779165883.150,0x300,8,39 8F 45 C8 13 58 74 50,temp=97.00
1779165883.252,0x100,8,4A 34 38 AE 57 0D 8B F0,speed=74.00
1779165883.337,0x200,8,F6 00 6E 77 45 C0 50 7B,fuel=0.00
1779165883.443,0x300,8,39 25 EF 01 4A 0A 26 2F,temp=97.00
1779165883.525,0x100,8,4A 4B 55 1F B0 D4 CD 7A,speed=74.00
1779165883.629,0x200,8,8E 00 53 3F C2 1D DA D9,fuel=0.00
1779165883.716,0x300,8,39 63 20 0E 68 B0 E6 F0,temp=97.00
1779165883.824,0x100,8,4A 79 10 50 39 4C E9 DA,speed=74.00
1779165883.901,0x200,8,9A 00 18 E3 01 60 EB 0F,fuel=0.00
1779165884.013,0x300,8,39 53 C6 A7 3B E8 3D 2B,temp=97.00
1779165884.092,0x100,8,4A 02 C7 91 E4 56 FC 3F,speed=74.00
1779165884.196,0x200,8,B4 00 00 DB C9 83 D5 79,fuel=0.00
1779165884.274,0x300,8,39 15 96 6E 13 85 A1 3D,temp=97.00
1779165884.378,0x100,8,4A EE 0A 53 15 99 5D F0,speed=74.00
1779165884.471,0x200,8,8E 00 14 D9 51 A2 BF 60,fuel=0.00
1779165884.568,0x300,8,39 D4 79 A0 FA D1 E8 D4,temp=97.00
1779165884.655,0x100,8,4A EB FD F0 B4 B4 43 FF,speed=74.00
1779165884.756,0x200,8,E1 00 F2 67 F2 99 94 F2,fuel=0.00
1779165884.841,0x300,8,39 D9 D3 80 A1 83 AA 61,temp=97.00
1779165884.943,0x100,8,4A 51 63 DF 3D FB 37 29,speed=74.00
1779165885.025,0x200,8,A5 00 61 59 36 7F 91 96,fuel=0.00
1779165885.128,0x300,8,39 61 0B DA F9 D0 D0 03,temp=97.00
1779165885.213,0x100,8,4A 73 1C 36 72 F8 72 67,speed=74.00
1779165885.310,0x200,8,AC 00 15 F0 6A B0 6C 52,fuel=0.00
1779165885.399,0x300,8,39 3F 75 51 83 10 8A D8,temp=97.00
1779165885.499,0x100,8,4A DA 2B D8 B8 69 5D 58,speed=74.00
1779165885.588,0x200,8,BB 00 8C 1B BA 4E B3 12,fuel=0.00
1779165885.685,0x300,8,39 2B 56 48 97 13 2E D0,temp=97.00
1779165885.775,0x100,8,4A B2 AD 19 C1 5B D2 60,speed=74.00
1779165885.871,0x200,8,EC 00 DB E7 18 88 7A 64,fuel=0.00
1779165885.961,0x300,8,39 57 A4 FF AD 95 30 B1,temp=97.00
1779165886.062,0x100,8,4A A2 4D ED 1F 4D EF 41,speed=74.00
1779165886.162,0x200,8,75 00 57 F4 0E 5B 6E 9F,fuel=0.00
1779165886.254,0x300,8,39 64 56 59 9B D5 CB A2,temp=97.00
1779165886.339,0x100,8,4A 29 9D 36 AE C1 2D 94,speed=74.00
1779165886.447,0x200,8,EA 00 2B 1D 03 D1 49 39,fuel=0.00
1779165886.532,0x300,8,39 58 D1 64 33 15 F3 A2,temp=97.00
1779165886.634,0x100,8,4A C5 5B 21 85 A5 17 89,speed=74.00
1779165886.719,0x200,8,4E 00 44 7E 57 8B EB EA,fuel=0.00
1779165886.812,0x300,8,39 94 68 19 7C 04 92 23,temp=97.00
1779165886.901,0x100,8,4A C4 EF A7 8C 47 F3 A8,speed=74.00
1779165887.015,0x200,8,0F 00 81 30 39 77 14 3D,fuel=0.00
1779165887.099,0x300,8,39 CC 25 75 0E F4 88 6E,temp=97.00
1779165887.197,0x100,8,4A 47 E2 0A 59 57 BC AB,speed=74.00
1779165887.275,0x200,8,CD 00 66 6E FA 03 6B 24,fuel=0.00
1779165887.385,0x300,8,39 9B 8A 42 D1 13 81 C8,temp=97.00
1779165887.472,0x100,8,4A DC 9F C2 08 09 BD DB,speed=74.00
1779165887.568,0x200,8,46 00 82 6E 7B B7 E5 78,fuel=0.00
1779165887.656,0x300,8,39 AF 71 29 90 0E EE 02,temp=97.00
1779165887.757,0x100,8,4A 89 88 18 EF E6 68 DC,speed=74.00
1779165887.839,0x200,8,39 00 16 D2 E0 B0 44 02,fuel=0.00
1779165887.946,0x300,8,39 82 0C FC A6 B4 F6 3B,temp=97.00
1779165888.035,0x100,8,4A CA D1 F3 C1 D3 B4 5D,speed=74.00
1779165888.129,0x200,8,92 00 87 02 0F 25 57 18,fuel=0.00
1779165888.214,0x300,8,39 91 DA 0E C8 BA F1 34,temp=97.00
1779165888.316,0x100,8,4A F9 77 43 15 EF 09 C2,speed=74.00
1779165888.403,0x200,8,9C 00 E4 67 7B EF 6F 29,fuel=0.00
1779165888.506,0x300,8,39 C1 9A 92 76 13 A8 15,temp=97.00
1779165888.591,0x100,8,4A 3C B1 EB 4A 39 11 96,speed=74.00
1779165888.687,0x200,8,0C 00 54 23 D2 47 73 11,fuel=0.00
1779165888.778,0x300,8,39 89 61 DC 5B B5 1E 6A,temp=97.00
1779165888.889,0x100,8,4A E4 D1 38 1B A2 D4 22,speed=74.00
1779165888.973,0x200,8,A6 00 6D 47 16 33 5A BD,fuel=0.00
1779165889.112,0x300,8,39 44 2C 35 98 95 9A A6,temp=97.00
1779165889.168,0x100,8,4A 2A F2 23 21 AA 9A 71,speed=74.00
1779165889.270,0x200,8,A8 00 AD 7C A8 5E C7 61,fuel=0.00
1779165889.351,0x300,8,39 37 2C F9 E4 AB 61 87,temp=97.00
1779165889.455,0x100,8,4A C2 BB FD F8 A4 AF 96,speed=74.00
1779165889.541,0x200,8,5F 00 79 A8 62 25 A2 DF,fuel=0.00
1779165889.624,0x300,8,39 79 81 DA 75 13 07 78,temp=97.00
1779165889.720,0x100,8,4A 50 A6 EF 19 1D 73 30,speed=74.00
1779165889.851,0x200,8,A5 00 24 07 F3 A5 63 BF,fuel=0.00
1779165889.909,0x300,8,39 47 6D A6 EE 93 8B B9,temp=97.00
1779165889.997,0x100,8,4A 5D 39 11 7E F8 16 E8,speed=74.00
1779165890.099,0x200,8,2F 00 CB BB 59 BD 4F 20,fuel=0.00
1779165890.201,0x300,8,39 E4 7E F4 2A B8 9C CC,temp=97.00
1779165890.276,0x100,8,4A 71 2E 31 75 FB D0 53,speed=74.00
1779165890.377,0x200,8,5F 00 65 90 7B AA 52 87,fuel=0.00
1779165890.474,0x300,8,39 3F A6 77 D3 B9 08 3F,temp=97.00
1779165890.645,0x100,8,4A 9A E4 6A 3C F8 64 A9,speed=74.00
1779165891.077,0x200,8,E5 00 06 D1 A2 9B 7A 3F,fuel=0.00
1779165891.215,0x300,8,39 58 49 DD 87 63 7F 4D,temp=97.00
1779165891.618,0x100,8,4A 18 72 85 33 68 1D BB,speed=74.00
1779165891.806,0x200,8,1B 00 F1 B2 38 C4 E5 39,fuel=0.00
1779165891.966,0x300,8,39 F9 6D 18 C5 5D 8D B8,temp=97.00
1779165892.033,0x100,8,4A FA 5F 45 94 78 8A 35,speed=74.00
1779165892.106,0x200,8,1D 00 42 37 77 B6 22 4F,fuel=0.00
1779165892.174,0x300,8,39 AE F6 D7 7E 46 40 2F,temp=97.00
1779165892.306,0x100,8,4A A8 DA 88 D6 02 4B 58,speed=74.00
1779165892.363,0x200,8,8C 00 36 1D 44 3A 1A EE,fuel=0.00
1779165892.459,0x300,8,39 5D C8 E8 F9 46 D4 93,temp=97.00
1779165892.531,0x100,8,4A 10 4B B4 EC 31 11 BD,speed=74.00
1779165892.639,0x200,8,7B 00 67 EA 4D 19 A8 DB,fuel=0.00
1779165892.718,0x300,8,39 61 EF 99 B2 1B CE 63,temp=97.00
1779165892.822,0x100,8,4A 2B 00 7C C8 4B 42 A5,speed=74.00
1779165892.902,0x200,8,07 00 CD 20 19 C5 AF 01,fuel=0.00
1779165893.010,0x300,8,39 10 D5 BB 10 2B 9B 37,temp=97.00
1779165893.122,0x100,8,4A 4D C2 57 59 50 D8 D9,speed=74.00
1779165893.190,0x200,8,8C 00 AC D2 94 EB CE 8E,fuel=0.00
1779165893.327,0x300,8,39 AD FE 9D 40 B3 3C 53,temp=97.00
1779165893.380,0x100,8,4A 7C 27 39 00 C9 8C 0D,speed=74.00
1779165893.477,0x200,8,72 00 59 93 76 07 32 FF,fuel=0.00
1779165893.592,0x300,8,39 47 5F 86 4D BC F3 38,temp=97.00
1779165893.655,0x100,8,4A C5 D0 92 7B B5 3F F0,speed=74.00
1779165893.743,0x200,8,68 00 45 5A 56 CB 58 6F,fuel=0.00
1779165893.850,0x300,8,39 F3 2D 39 22 4A 4C EE,temp=97.00
1779165893.938,0x100,8,4A 4E CE 27 0B AB D4 05,speed=74.00
1779165894.033,0x200,8,E5 00 63 74 4D B9 8C 86,fuel=0.00
1779165894.118,0x300,8,39 EF D4 63 9D A5 ED 7A,temp=97.00
1779165894.225,0x100,8,4A 4A 11 10 98 EF 7A BF,speed=74.00
1779165894.307,0x200,8,AC 00 7E B4 CB A8 93 88,fuel=0.00
1779165894.409,0x300,8,39 AD 3C F5 28 CC C3 60,temp=97.00
1779165894.502,0x100,8,4A 71 38 C8 B0 64 12 AB,speed=74.00
1779165894.594,0x200,8,13 00 53 B8 66 7C BA 9F,fuel=0.00
1779165894.689,0x300,8,39 13 42 E7 5C 2C 4D 44,temp=97.00
1779165894.783,0x100,8,4A DB CF 2E A2 C8 56 A4,speed=74.00
1779165894.872,0x200,8,0A 00 EF 0C F2 C5 31 A2,fuel=0.00
1779165894.971,0x300,8,39 9D 10 D7 56 6C C3 D8,temp=97.00
1779165895.062,0x100,8,4A B2 96 CF E2 E7 D4 47,speed=74.00
1779165895.154,0x200,8,4F 00 8D 3E 05 38 B2 45,fuel=0.00
1779165895.247,0x300,8,39 00 EE FA 91 1B 89 A1,temp=97.00
1779165895.345,0x100,8,4A 8D 5C 6F 32 B9 9D 34,speed=74.00
1779165895.435,0x200,8,25 00 C9 4E 29 FA 83 B7,fuel=0.00
1779165895.528,0x300,8,39 E9 D1 9D 3E 90 33 C0,temp=97.00
1779165895.621,0x100,8,4A 85 FA 08 50 2D 46 16,speed=74.00
1779165895.713,0x200,8,D3 00 4C 6B D3 D0 16 11,fuel=0.00
1779165895.807,0x300,8,39 FA F8 6D 4A 43 D6 4B,temp=97.00
1779165895.902,0x100,8,4A 77 9C FB 97 6D 4A B4,speed=74.00
1779165895.994,0x200,8,C6 00 B6 CB E9 F4 8A 40,fuel=0.00
1779165896.101,0x300,8,39 2A FF 5F 7C 21 2F 30,temp=97.00
1779165896.194,0x100,8,4A 7A AC 34 51 70 94 C5,speed=74.00
1779165896.287,0x200,8,39 00 AE AA 13 28 89 FC,fuel=0.00
1779165896.379,0x300,8,39 D9 A4 A6 DD 9B 43 54,temp=97.00
1779165896.473,0x100,8,4A 47 0D 0E 1F 2B 35 DD,speed=74.00
1779165896.568,0x200,8,35 00 4B FC C9 05 9F 66,fuel=0.00
1779165896.658,0x300,8,39 16 C5 10 17 7F 26 91,temp=97.00
1779165896.753,0x100,8,4A 05 A3 16 1A 20 65 96,speed=74.00
1779165896.847,0x200,8,2F 00 55 1B 98 30 AD 05,fuel=0.00
1779165896.945,0x300,8,39 A6 9A 21 F8 0B AF 9B,temp=97.00
1779165897.035,0x100,8,4A 12 22 C2 9E 9D F5 0A,speed=74.00
1779165897.127,0x200,8,FD 00 73 5A 84 45 E4 02,fuel=0.00
1779165897.222,0x300,8,39 84 E2 59 9C 17 EA D3,temp=97.00
1779165897.316,0x100,8,4A E6 2D 43 79 D3 02 01,speed=74.00
1779165897.408,0x200,8,89 00 CE 20 DC 95 E5 1B,fuel=0.00
1779165897.500,0x300,8,39 93 C4 9C 7B 88 FE 1F,temp=97.00
1779165897.596,0x100,8,4A 7E DA 0F 00 FC 81 58,speed=74.00
1779165897.687,0x200,8,9A 00 A3 34 FB 4E 3F CF,fuel=0.00
1779165897.781,0x300,8,39 D5 04 F6 FB 95 E0 C4,temp=97.00
1779165897.877,0x100,8,4A 8E 72 54 59 4B CB 4B,speed=74.00
1779165898.007,0x200,8,39 00 0E 34 A5 AE 74 A6,fuel=0.00
1779165898.096,0x300,8,39 2C 37 CF 3E 6D 8D 1B,temp=97.00
1779165898.206,0x100,8,4A 74 73 17 7E DF B5 50,speed=74.00
1779165898.250,0x200,8,C8 00 AA 48 61 95 72 21,fuel=0.00
1779165898.346,0x300,8,39 9D 36 46 62 A4 E5 46,temp=97.00
1779165898.439,0x100,8,4A 01 39 07 6D 6A A2 AA,speed=74.00
1779165898.620,0x200,8,83 00 0A 10 1A 43 76 A3,fuel=0.00
1779165898.718,0x300,8,39 E7 BA 11 00 B0 3E 3E,temp=97.00
1779165898.814,0x100,8,4A C8 CD A7 D5 99 6B BF,speed=74.00
1779165898.906,0x200,8,4D 00 B0 51 50 9B 7F B5,fuel=0.00
1779165899.003,0x300,8,39 72 CB 4E E6 70 D2 41,temp=97.00
1779165899.094,0x100,8,4A F6 2C 82 94 42 D9 A9,speed=74.00
1779165899.185,0x200,8,4E 00 9E CF E9 31 02 FF,fuel=0.00
1779165899.279,0x300,8,39 18 6E 4E A5 29 3F 83,temp=97.00
1779165899.374,0x100,8,4A 15 4F C2 C9 89 F9 AB,speed=74.00
1779165899.468,0x200,8,E6 00 92 6F B1 E4 E7 3C,fuel=0.00
1779165899.565,0x300,8,39 18 2D 4C 8B 44 BE 75,temp=97.00
1779165899.659,0x100,8,4A 1A 56 80 46 EC AE 9D,speed=74.00
1779165899.755,0x200,8,D3 00 4A CD BA BF 20 29,fuel=0.00
1779165899.836,0x300,8,39 1A 72 09 C1 9B AD 82,temp=97.00
1779165899.944,0x100,8,4A 6E 12 DC B6 ED 74 5F,speed=74.00
1779165900.035,0x200,8,95 00 7A 7D B3 35 EE CC,fuel=0.00
1779165900.129,0x300,8,39 63 0D EB A8 52 29 51,temp=97.00
1779165900.223,0x100,8,4A EA 10 89 05 DC 94 E5,speed=74.00
1779165900.316,0x200,8,7D 00 06 B3 26 2F EB C3,fuel=0.00
1779165900.412,0x300,8,39 25 62 BE 21 D8 69 4B,temp=97.00
1779165900.508,0x100,8,4A C4 07 31 B9 C1 E9 FB,speed=74.00
1779165900.586,0x200,8,2F 00 7D EC 1A 9A C7 E1,fuel=0.00
1779165900.695,0x300,8,39 14 A0 1D 63 BB 83 7B,temp=97.00
1779165900.775,0x100,8,4A 7B 5A 63 D8 0B 5F 8D,speed=74.00
1779165900.884,0x200,8,F5 00 D0 B9 1B C1 33 B4,fuel=0.00
1779165900.983,0x300,8,39 72 28 66 5D 94 A0 CE,temp=97.00
1779165901.073,0x100,8,4A 20 2E 6A 10 A8 6F 2A,speed=74.00
1779165901.169,0x200,8,D6 00 29 F1 A0 91 C2 89,fuel=0.00
1779165901.263,0x300,8,39 3B 65 53 C0 D4 D4 81,temp=97.00
1779165901.356,0x100,8,4A 2A DD 7A 95 0F 07 45,speed=74.00
1779165901.451,0x200,8,F4 00 92 69 AC 67 4F 19,fuel=0.00
1779165901.544,0x300,8,39 3B E7 64 30 59 FE 0F,temp=97.00
1779165901.641,0x100,8,4A 7E E9 16 69 82 71 38,speed=74.00
1779165901.735,0x200,8,F1 00 A5 76 0D 79 9B 97,fuel=0.00
1779165901.831,0x300,8,39 75 2B C8 5E 08 86 AD,temp=97.00
1779165901.933,0x100,8,4A 1A A0 EC F9 75 A6 2D,speed=74.00
1779165902.033,0x200,8,A8 00 6A 7B 7F 05 CD 0F,fuel=0.00
1779165902.125,0x300,8,39 65 52 B1 CF C3 BE 1A,temp=97.00
1779165902.224,0x100,8,4A 46 E8 21 E1 15 05 BB,speed=74.00
1779165902.316,0x200,8,26 00 65 30 B5 D7 8D 79,fuel=0.00
1779165902.411,0x300,8,39 D4 A0 66 5A 73 8F 57,temp=97.00
1779165902.507,0x100,8,4A 2F 62 C9 FF 28 B8 76,speed=74.00
1779165902.600,0x200,8,63 00 96 0E A3 33 5B 14,fuel=0.00
1779165902.696,0x300,8,39 AD F7 D7 77 DC 09 4E,temp=97.00
1779165902.774,0x100,8,4A E9 9C BE 63 27 98 34,speed=74.00
1779165902.868,0x200,8,26 00 45 DF AD 88 B3 45,fuel=0.00
1779165902.966,0x300,8,39 F7 C8 74 47 83 B0 F2,temp=97.00
1779165903.064,0x100,8,4A CC 3F BE 2E B0 D2 10,speed=74.00
1779165903.152,0x200,8,45 00 DC BE AD 28 D3 DE,fuel=0.00
1779165903.248,0x300,8,39 52 09 3D DF CD 4E DB,temp=97.00
1779165903.341,0x100,8,4A B8 11 61 E2 D7 2C B0,speed=74.00
1779165903.435,0x200,8,45 00 14 69 2A FD EC 05,fuel=0.00
1779165903.529,0x300,8,39 21 5D 10 3E 91 DF 59,temp=97.00
1779165903.632,0x100,8,4A BC E0 18 BE F5 70 1E,speed=74.00
1779165903.719,0x200,8,7D 00 CB FA 67 DD D6 19,fuel=0.00
1779165903.815,0x300,8,39 87 8E 91 BD 84 C3 F0,temp=97.00
1779165903.909,0x100,8,4A 75 88 2B 59 EC 4A 5F,speed=74.00
1779165904.040,0x200,8,50 00 4D CE 16 61 65 E1,fuel=0.00
1779165904.098,0x300,8,39 64 BC A2 E8 DC 43 55,temp=97.00
1779165904.193,0x100,8,4A 7F 30 F3 17 D8 CA C5,speed=74.00
1779165904.289,0x200,8,84 00 97 27 0F 68 8F 14,fuel=0.00
1779165904.376,0x300,8,39 5D 5D 78 38 3F FD CA,temp=97.00
1779165904.463,0x100,8,4A 34 17 25 FF DF D5 68,speed=74.00
1779165904.560,0x200,8,34 00 1A 98 33 47 BA AA,fuel=0.00
1779165904.653,0x300,8,39 68 6B D2 84 EB 8E BD,temp=97.00
1779165904.748,0x100,8,4A 8C DC BD 6C 5F 4E 95,speed=74.00
1779165904.844,0x200,8,ED 00 2D 92 E4 D8 A8 10,fuel=0.00
1779165904.950,0x300,8,39 69 B3 4F 81 B8 AC E1,temp=97.00
1779165905.037,0x100,8,4A 54 9F 02 D2 54 34 F4,speed=74.00
1779165905.132,0x200,8,04 00 B8 56 D4 AA 13 0C,fuel=0.00
1779165905.213,0x300,8,39 64 B2 B9 4C 8A 2C 46,temp=97.00
1779165905.307,0x100,8,4A F5 B7 B4 78 88 CB 01,speed=74.00
1779165905.402,0x200,8,C4 00 8E ED EA 39 FA CC,fuel=0.00
1779165905.498,0x300,8,39 3D 6F 88 83 0C A5 E5,temp=97.00
1779165905.592,0x100,8,4A E6 0F 16 EF 8E E6 9E,speed=74.00
1779165905.687,0x200,8,31 00 4B 0A F4 E0 0F 49,fuel=0.00
1779165905.782,0x300,8,39 98 D6 42 0D 80 18 EC,temp=97.00
1779165905.869,0x100,8,4A C6 EB 2F 1F E3 3D C7,speed=74.00
1779165905.964,0x200,8,3E 00 D7 D0 50 4F AE C5,fuel=0.00
1779165906.059,0x300,8,39 B9 B4 EF F3 A8 25 BE,temp=97.00
1779165906.154,0x100,8,4A A2 66 B3 2C DA 0D 79,speed=74.00
1779165906.248,0x200,8,BE 00 50 2D F0 DA C8 E2,fuel=0.00
1779165906.344,0x300,8,39 A9 90 8A 1B B3 A1 2B,temp=97.00
1779165906.437,0x100,8,4A E5 CD F7 EE F1 68 52,speed=74.00
1779165906.532,0x200,8,85 00 02 3E 55 E2 17 62,fuel=0.00
1779165906.627,0x300,8,39 66 CA 75 89 D7 CA 8E,temp=97.00
1779165906.722,0x100,8,4A CF CD A8 2D D3 EF E5,speed=74.00
1779165906.816,0x200,8,99 00 22 39 BC F2 E5 C6,fuel=0.00
1779165906.912,0x300,8,39 AF 33 3C 16 6C C9 33,temp=97.00
1779165907.007,0x100,8,4A BC 35 47 2D 5C C0 36,speed=74.00
1779165907.099,0x200,8,42 00 42 62 B6 38 13 7C,fuel=0.00
1779165907.196,0x300,8,39 BB 52 7A CA 19 D0 55,temp=97.00
1779165907.289,0x100,8,4A F7 D9 E2 91 B0 DC 78,speed=74.00
1779165907.369,0x200,8,92 00 4A FC 17 08 21 09,fuel=0.00
1779165907.462,0x300,8,39 FB E4 DD 1E 4E 2E 21,temp=97.00
1779165907.559,0x100,8,4A 01 90 1B 2F 3A 9C 66,speed=74.00
1779165907.654,0x200,8,C5 00 3E 04 07 17 78 D8,fuel=0.00
1779165907.803,0x300,8,39 79 AB B5 1C E2 E1 21,temp=97.00
1779165907.900,0x100,8,4A F4 89 6B 7B B4 93 F7,speed=74.00
1779165907.936,0x200,8,2D 00 03 87 90 B5 90 74,fuel=0.00
1779165908.065,0x300,8,39 5F 5C 81 D3 87 C0 13,temp=97.00
1779165908.166,0x100,8,4A FB 31 3A 86 54 B2 5D,speed=74.00
1779165908.225,0x200,8,C6 00 3F 63 37 63 91 66,fuel=0.00
1779165908.306,0x300,8,39 5F 76 CC 19 CD 92 0C,temp=97.00
1779165908.402,0x100,8,4A 1D 12 83 1C 2A C4 B7,speed=74.00
1779165908.505,0x200,8,A4 00 3B 6D 7C 6B 4B 14,fuel=0.00
1779165908.590,0x300,8,39 9C 76 CC 93 07 8C D0,temp=97.00
1779165908.686,0x100,8,4A 2F D5 A4 83 44 73 50,speed=74.00
1779165908.782,0x200,8,32 00 57 CF AA 95 2B CD,fuel=0.00
1779165908.879,0x300,8,39 57 E1 D8 80 04 BF D8,temp=97.00
1779165908.962,0x100,8,4A 9D 05 1D 79 8F C4 C9,speed=74.00
1779165909.065,0x200,8,DD 00 C6 37 43 BC 9E 73,fuel=0.00
1779165909.159,0x300,8,39 E1 71 A5 DA D1 94 EE,temp=97.00
1779165909.257,0x100,8,4A 9B EB E0 11 51 BB E1,speed=74.00
1779165909.348,0x200,8,B7 00 D5 F0 EA 7C 02 C5,fuel=0.00
1779165909.443,0x300,8,39 94 46 57 A3 70 79 6F,temp=97.00
1779165909.538,0x100,8,4A D4 14 0D F7 98 25 B4,speed=74.00
1779165909.643,0x200,8,46 00 55 D0 5E 5D FD 20,fuel=0.00
1779165909.712,0x300,8,39 86 16 80 6B 4A AD 70,temp=97.00
1779165909.808,0x100,8,4A FD BA B8 E2 2C 51 AD,speed=74.00
1779165909.904,0x200,8,D7 00 46 BE 6A 55 58 2E,fuel=0.00
1779165909.999,0x300,8,39 06 D7 F1 EF F3 FE 98,temp=97.00
1779165910.094,0x100,8,4A 7F 1E 5B 36 73 2E 63,speed=74.00
1779165910.188,0x200,8,3A 00 6D CF 27 59 73 DB,fuel=0.00
1779165910.283,0x300,8,39 7A 01 5E 9C 7F 89 B5,temp=97.00
1779165910.377,0x100,8,4A 84 B9 40 AB 36 6D 89,speed=74.00
1779165910.472,0x200,8,EB 00 3A 33 9E 1C 46 D3,fuel=0.00
1779165910.568,0x300,8,39 89 8F 26 0C A6 80 50,temp=97.00
1779165910.654,0x100,8,4A 5A C9 DE 89 67 0C 3F,speed=74.00
1779165910.756,0x200,8,F2 00 3F 2B 02 5E D5 92,fuel=0.00
1779165910.859,0x300,8,39 68 19 2B 8F 38 FD 9C,temp=97.00
1779165910.940,0x100,8,4A 65 B2 12 AC E0 51 CE,speed=74.00
1779165911.035,0x200,8,26 00 A1 FD 24 A9 42 97,fuel=0.00
1779165911.123,0x300,8,39 D0 65 7D 67 2B F6 39,temp=97.00
1779165911.223,0x100,8,4A C8 B0 7D 4F C6 41 02,speed=74.00
1779165911.319,0x200,8,25 00 40 81 AA A8 88 2F,fuel=0.00
1779165911.406,0x300,8,39 A7 53 F6 BA 33 0C E9,temp=97.00
1779165911.506,0x100,8,4A F2 02 55 3A DF A5 56,speed=74.00
1779165911.602,0x200,8,2B 00 73 71 1D 6B C4 5D,fuel=0.00
1779165911.680,0x300,8,39 E1 DB 4F 65 2B A7 8D,temp=97.00
1779165911.790,0x100,8,4A 55 F3 80 BD 3D F3 20,speed=74.00
1779165911.872,0x200,8,2E 00 40 B9 1D 77 86 50,fuel=0.00
1779165911.967,0x300,8,39 49 7F 3A B8 FC 6C 52,temp=97.00
1779165912.063,0x100,8,4A 96 A9 6D 54 65 C9 5A,speed=74.00
1779165912.156,0x200,8,51 00 C8 74 32 08 D9 44,fuel=0.00
1779165912.252,0x300,8,39 EC 32 27 6B 5A B0 0E,temp=97.00
1779165912.345,0x100,8,4A 48 C7 75 6F D1 0F 08,speed=74.00
1779165912.440,0x200,8,35 00 04 2F A4 A2 1B 85,fuel=0.00
1779165912.535,0x300,8,39 61 D0 50 EE 85 02 94,temp=97.00
1779165912.631,0x100,8,4A D7 C5 F1 85 99 51 14,speed=74.00
1779165912.725,0x200,8,97 00 83 76 02 88 3E 2A,fuel=0.00
1779165912.805,0x300,8,39 EC 3F D4 FF 9A 96 5C,temp=97.00
1779165912.901,0x100,8,4A 3E 0F ED 74 1F 9B 8C,speed=74.00
1779165912.995,0x200,8,12 00 6E 5F 78 49 7F 4A,fuel=0.00
1779165913.089,0x300,8,39 1C 58 01 9B D4 D4 62,temp=97.00
1779165913.185,0x100,8,4A DE 88 FE 1B E2 30 D2,speed=74.00
1779165913.277,0x200,8,C3 00 80 01 B9 84 0E F1,fuel=0.00
1779165913.371,0x300,8,39 DE 40 2B B1 B5 01 1A,temp=97.00
1779165913.465,0x100,8,4A 32 8A A6 62 A2 F8 91,speed=74.00
1779165913.561,0x200,8,20 00 1E 79 BF 8D 73 46,fuel=0.00
1779165913.675,0x300,8,39 A8 25 1D 0B 02 B6 9C,temp=97.00
1779165913.749,0x100,8,4A 22 A6 B4 16 EF 94 15,speed=74.00
1779165913.847,0x200,8,4F 00 AD 84 47 F4 29 44,fuel=0.00
1779165913.937,0x300,8,39 BB 51 8B 9F C1 CA 60,temp=97.00
1779165914.038,0x100,8,4A 83 08 B0 8F 82 3D 61,speed=74.00
1779165914.133,0x200,8,D6 00 85 09 59 8D C3 E5,fuel=0.00
1779165914.227,0x300,8,39 67 E6 A8 9F 56 FA 43,temp=97.00
1779165914.306,0x100,8,4A AE 84 3D A7 CC 95 53,speed=74.00
1779165914.401,0x200,8,E1 00 C2 C6 2F 9A 5D AC,fuel=0.00
1779165914.494,0x300,8,39 AF A4 76 5E AA 9E 45,temp=97.00
1779165914.591,0x100,8,4A 2F 20 7D 6D FA 5A E4,speed=74.00
1779165914.686,0x200,8,AF 00 C7 10 36 A8 66 78,fuel=0.00
1779165914.782,0x300,8,39 7E 86 38 89 34 15 52,temp=97.00
1779165914.877,0x100,8,4A A2 42 58 6C 9A A3 DE,speed=74.00
1779165914.972,0x200,8,01 00 78 82 1F 48 86 89,fuel=0.00
1779165915.067,0x300,8,39 71 CE C0 39 AE 6C 19,temp=97.00
1779165915.160,0x100,8,4A 8D 35 4B 8E 02 9B 11,speed=74.00
1779165915.256,0x200,8,72 00 97 8F 93 39 BD 68,fuel=0.00
1779165915.351,0x300,8,39 4E 6C 87 33 65 8A D0,temp=97.00
1779165915.445,0x100,8,4A 54 76 0B E2 FF F8 45,speed=74.00
1779165915.524,0x200,8,6B 00 B2 AA CD 47 1A 98,fuel=0.00
1779165915.618,0x300,8,39 B7 44 08 1A 0A B6 A6,temp=97.00
1779165915.715,0x100,8,4A B2 DD 1C A3 31 51 48,speed=74.00
1779165915.810,0x200,8,2A 00 63 9F 51 02 E6 89,fuel=0.00
1779165915.914,0x300,8,39 60 DA 5C 50 06 1E 4B,temp=97.00
1779165916.006,0x100,8,4A B6 23 07 1E 53 E3 46,speed=74.00
1779165916.101,0x200,8,C8 00 DF 1A 42 99 98 A0,fuel=0.00
1779165916.180,0x300,8,39 12 C3 8B A8 E8 7F 46,temp=97.00
1779165916.274,0x100,8,4A 98 5B AE 8A 88 49 4E,speed=74.00
1779165916.369,0x200,8,AF 00 BE A2 20 2B B8 94,fuel=0.00
1779165916.462,0x300,8,39 0A AB 91 F1 94 F4 FC,temp=97.00
1779165916.558,0x100,8,4A 36 64 47 F3 69 2A F5,speed=74.00
1779165916.652,0x200,8,54 00 E3 84 93 FC FA 22,fuel=0.00
1779165916.747,0x300,8,39 DA FB EF 79 FC 0E 00,temp=97.00
1779165916.842,0x100,8,4A 72 6A F1 83 B5 66 25,speed=74.00
1779165916.948,0x200,8,D3 00 CF 05 B7 B5 BF 28,fuel=0.00
1779165917.035,0x300,8,39 8D 0B 11 7A 59 2B 4B,temp=97.00
1779165917.128,0x100,8,4A B9 0A F3 01 15 F2 18,speed=74.00
1779165917.222,0x200,8,0D 00 FA B2 A0 90 57 F0,fuel=0.00
1779165917.317,0x300,8,39 7D 4D B2 EA 42 A3 12,temp=97.00
1779165917.411,0x100,8,4A D9 4D 2C E4 50 E1 9F,speed=74.00
1779165917.506,0x200,8,3E 00 1A 9E 10 79 D1 BE,fuel=0.00
1779165917.600,0x300,8,39 DF D5 29 32 88 86 7C,temp=97.00
1779165917.681,0x100,8,4A A7 E3 A9 3B B8 46 CE,speed=74.00
1779165917.775,0x200,8,D1 00 89 BB AD 69 56 02,fuel=0.00
1779165917.874,0x300,8,39 0D 4E 2F CE F6 FE E5,temp=97.00
1779165917.972,0x100,8,4A D8 A1 FF A0 56 7F A6,speed=74.00
1779165918.064,0x200,8,D5 00 E0 EE A2 2B 39 53,fuel=0.00
1779165918.158,0x300,8,39 E9 87 D4 7B C7 24 55,temp=97.00
1779165918.255,0x100,8,4A DB 43 99 AD D7 F6 F6,speed=74.00
1779165918.350,0x200,8,FB 00 22 E0 BD 18 94 61,fuel=0.00
1779165918.446,0x300,8,39 0E 1C BD 46 02 68 BC,temp=97.00
1779165918.524,0x100,8,4A E5 0B 28 E3 69 06 C4,speed=74.00
1779165918.619,0x200,8,07 00 F8 33 DE 3B E1 0C,fuel=0.00
1779165918.713,0x300,8,39 2C D2 24 3C A4 D2 DB,temp=97.00
1779165918.808,0x100,8,4A BF E8 93 25 3A 7C 06,speed=74.00
1779165918.906,0x200,8,3B 00 9C A1 FA CB EB D8,fuel=0.00
1779165919.001,0x300,8,39 C3 BF 21 FD 5C C0 17,temp=97.00
1779165919.094,0x100,8,4A 41 48 9E 5D 26 E8 37,speed=74.00
1779165919.190,0x200,8,AB 00 BF EB 49 1A 5C 68,fuel=0.00
1779165919.284,0x300,8,39 E5 05 4C CC 0A 3D 1D,temp=97.00
1779165919.379,0x100,8,4A 63 A8 2F 58 D7 B3 29,speed=74.00
1779165919.473,0x200,8,1B 00 40 ED 8D F8 D2 A1,fuel=0.00
1779165919.569,0x300,8,39 8B 99 3A 42 AC 91 DF,temp=97.00
1779165919.664,0x100,8,4A 20 68 54 01 73 DD F4,speed=74.00
1779165919.744,0x200,8,0F 00 27 2D 7A FF 96 19,fuel=0.00
1779165919.841,0x300,8,39 0D FD 3C 9F 97 95 91,temp=97.00
1779165919.936,0x100,8,4A 64 64 71 7F C9 C3 62,speed=74.00
1779165920.033,0x200,8,E4 00 8B 97 FE AF 0B F8,fuel=0.00
1779165920.129,0x300,8,39 A2 BF E2 D9 37 98 A2,temp=97.00
1779165920.223,0x100,8,4A 4B CB B3 D8 FB DF A2,speed=74.00
1779165920.319,0x200,8,CB 00 6D EF 2A F4 98 2E,fuel=0.00
1779165920.413,0x300,8,39 B2 23 56 98 87 2F 46,temp=97.00
1779165920.509,0x100,8,4A CE DA 77 89 77 F7 4B,speed=74.00
1779165920.588,0x200,8,28 00 15 D8 16 AD 7C 5A,fuel=0.00
1779165920.682,0x300,8,39 4C CC 54 CF 4F A8 48,temp=97.00
1779165920.776,0x100,8,4A 6C 96 02 71 79 19 14,speed=74.00
1779165920.871,0x200,8,71 00 EF C2 BE E1 40 DF,fuel=0.00
1779165920.968,0x300,8,39 8C 16 C1 E8 C9 EA DA,temp=97.00
1779165921.060,0x100,8,4A 0F E3 C0 FD B9 1C B0,speed=74.00
1779165921.155,0x200,8,14 00 C7 51 B1 1C 86 21,fuel=0.00
1779165921.249,0x300,8,39 04 1D 12 B8 13 4B 60,temp=97.00
1779165921.345,0x100,8,4A 77 CD 05 20 07 9E EE,speed=74.00
1779165921.439,0x200,8,3C 00 EF 01 45 BB C4 11,fuel=0.00
1779165921.533,0x300,8,39 BD 3F B5 F2 34 79 6E,temp=97.00
1779165921.628,0x100,8,4A F5 E8 80 F3 97 D6 F6,speed=74.00
1779165921.723,0x200,8,BE 00 71 8D 1F 98 90 46,fuel=0.00
1779165921.819,0x300,8,39 E4 A6 34 34 C6 1B 61,temp=97.00
1779165921.915,0x100,8,4A 11 CE 00 95 02 CD A5,speed=74.00
1779165921.994,0x200,8,F9 00 75 64 29 2D 2F 47,fuel=0.00
1779165922.088,0x300,8,39 4B 71 C2 4C 06 35 4D,temp=97.00
1779165922.181,0x100,8,4A ED FF EE 3C DC 38 D5,speed=74.00
1779165922.276,0x200,8,67 00 43 1E F8 7F F9 D7,fuel=0.00
1779165922.371,0x300,8,39 DC 36 FE 32 16 AC 9A,temp=97.00
1779165922.466,0x100,8,4A F2 49 B7 46 80 93 92,speed=74.00
1779165922.562,0x200,8,F9 00 EA D9 96 02 16 6B,fuel=0.00
1779165922.655,0x300,8,39 05 78 5C 31 55 D5 FE,temp=97.00
1779165922.751,0x100,8,4A 7A D5 5A CE B0 38 D6,speed=74.00
1779165922.845,0x200,8,2D 00 42 42 FE 1D D6 0E,fuel=0.00
1779165922.945,0x300,8,39 0C 22 45 BD B2 B1 DB,temp=97.00
1779165923.027,0x100,8,4A 46 B2 1D 0E 40 5C EC,speed=74.00
1779165923.122,0x200,8,CD 00 88 6C AE A0 18 2E,fuel=0.00
1779165923.217,0x300,8,39 28 7C C0 13 8C 19 17,temp=97.00
1779165923.310,0x100,8,4A CA A6 42 B0 34 83 54,speed=74.00
1779165923.404,0x200,8,E6 00 17 8A D0 7D 27 DA,fuel=0.00
1779165923.499,0x300,8,39 67 18 7C 23 E4 FD 15,temp=97.00
1779165923.595,0x100,8,4A F6 C2 A8 92 73 E6 48,speed=74.00
1779165923.690,0x200,8,A2 00 61 E9 18 D5 DF 68,fuel=0.00
1779165923.787,0x300,8,39 F5 98 EC FD 75 8C BB,temp=97.00
1779165923.881,0x100,8,4A 16 00 35 ED 46 91 74,speed=74.00
1779165923.977,0x200,8,C7 00 E3 E2 D5 6D 9C 09,fuel=0.00
1779165924.058,0x300,8,39 11 6E 74 17 C9 E0 95,temp=97.00
1779165924.150,0x100,8,4A 32 4B 02 35 C0 23 30,speed=74.00
1779165924.246,0x200,8,D7 00 7D E2 35 BF C4 1A,fuel=0.00
1779165924.341,0x300,8,39 10 90 8C E9 2A DD 75,temp=97.00
1779165924.436,0x100,8,4A CB E1 06 9D 85 ED C8,speed=74.00
1779165924.531,0x200,8,24 00 B4 70 96 2B D3 84,fuel=0.00
1779165924.627,0x300,8,39 4C DC 2C FF 1E C9 39,temp=97.00
1779165924.722,0x100,8,4A E3 E8 2D 4B BF 25 75,speed=74.00
1779165924.815,0x200,8,42 00 CC 02 E7 04 E3 21,fuel=0.00
1779165924.910,0x300,8,39 31 D5 A8 2D 53 4F 2A,temp=97.00
1779165925.005,0x100,8,4A 90 EB F3 2B 6F B5 10,speed=74.00
1779165925.100,0x200,8,14 00 81 FF A8 93 3E 6B,fuel=0.00
1779165925.195,0x300,8,39 DC AA 6B 88 65 A5 0D,temp=97.00
1779165925.276,0x100,8,4A 58 07 85 F2 9E 8E 59,speed=74.00
1779165925.368,0x200,8,DB 00 80 7F 40 F1 6E B8,fuel=0.00
1779165925.463,0x300,8,39 23 34 E3 65 2A 4C 2A,temp=97.00
1779165925.560,0x100,8,4A 4F 85 29 16 C1 56 E9,speed=74.00
1779165925.653,0x200,8,4E 00 75 85 37 42 EB 95,fuel=0.00
1779165925.747,0x300,8,39 0F 71 59 F7 3E E1 6D,temp=97.00
1779165925.844,0x100,8,4A 61 8E DF F9 4E 98 EB,speed=74.00
1779165925.945,0x200,8,AE 00 3E F0 69 BA 03 9C,fuel=0.00
1779165926.024,0x300,8,39 59 19 23 44 3F 93 76,temp=97.00
1779165926.119,0x100,8,4A 07 BB 4E 3F 2B 6F 7C,speed=74.00
1779165926.214,0x200,8,15 00 D1 9D B9 F5 9C 91,fuel=0.00
1779165926.308,0x300,8,39 17 F1 75 E1 08 19 EB,temp=97.00
1779165926.403,0x100,8,4A 13 04 14 79 25 1B 13,speed=74.00
1779165926.498,0x200,8,30 00 AF 30 21 9C 82 C8,fuel=0.00
1779165926.592,0x300,8,39 05 B0 3D 3B 03 90 A6,temp=97.00
1779165926.687,0x100,8,4A 4C 6C 7A 74 A4 AE 2E,speed=74.00
1779165926.781,0x200,8,82 00 19 84 B9 F8 EE B3,fuel=0.00
1779165926.876,0x300,8,39 5B 17 BD 9F B0 0A 13,temp=97.00
1779165926.973,0x100,8,4A 49 B7 19 D1 8E A4 51,speed=74.00
1779165927.067,0x200,8,2F 00 CA C8 49 39 41 8B,fuel=0.00
1779165927.162,0x300,8,39 D2 B3 9D 35 B9 E3 D7,temp=97.00
1779165927.257,0x100,8,4A 93 83 EC 84 01 C3 51,speed=74.00
1779165927.336,0x200,8,0F 00 BA E5 72 0B 5E 17,fuel=0.00
1779165927.435,0x300,8,39 DB C4 31 16 3E 85 05,temp=97.00
1779165927.526,0x100,8,4A B2 4B 4C 9A 5E 8C 9F,speed=74.00
1779165927.619,0x200,8,C5 00 1A 12 46 6E 4C 18,fuel=0.00
1779165927.713,0x300,8,39 18 28 B5 0C FC E8 64,temp=97.00
1779165927.809,0x100,8,4A 1D 7D 0F E6 49 4F 05,speed=74.00
1779165927.908,0x200,8,4D 00 E6 1B 74 52 AE C8,fuel=0.00
1779165928.003,0x300,8,39 D4 19 35 16 98 DB 94,temp=97.00
1779165928.096,0x100,8,4A E2 AC 01 A4 82 17 64,speed=74.00
1779165928.191,0x200,8,0F 00 C2 21 6B 26 DD A8,fuel=0.00
1779165928.287,0x300,8,39 87 09 BF BC 44 BF E8,temp=97.00
1779165928.383,0x100,8,4A 51 CA FB F4 8D CE 29,speed=74.00
1779165928.475,0x200,8,D3 00 B9 7B BB 5A 63 9B,fuel=0.00
1779165928.571,0x300,8,39 5C D0 27 56 BD F0 5F,temp=97.00
1779165928.650,0x100,8,4A B2 C4 BC 5A C3 21 28,speed=74.00
1779165928.744,0x200,8,19 00 C6 0F DE 68 88 D9,fuel=0.00
1779165928.838,0x300,8,39 82 BE B5 1C 98 C3 A1,temp=97.00
1779165928.934,0x100,8,4A 78 DA 36 33 FA 95 0E,speed=74.00
1779165929.030,0x200,8,E2 00 02 4D 20 3B FD 42,fuel=0.00
1779165929.125,0x300,8,39 2F 36 66 DE DA F2 90,temp=97.00
1779165929.220,0x100,8,4A 1A 59 D6 05 7C 47 B9,speed=74.00
1779165929.315,0x200,8,81 00 7D 81 04 2E 12 6B,fuel=0.00
1779165929.411,0x300,8,39 DB 0B 78 43 3E 67 A9,temp=97.00
1779165929.505,0x100,8,4A F2 9E CE B9 EC 68 AD,speed=74.00
1779165929.599,0x200,8,FC 00 57 9F D4 84 DD AA,fuel=0.00
1779165929.693,0x300,8,39 41 47 D9 5E D0 2D E6,temp=97.00
1779165929.789,0x100,8,4A 48 8C FE 03 55 C9 6F,speed=74.00
1779165929.869,0x200,8,08 00 88 55 CC 0B 6E CA,fuel=0.00
1779165929.963,0x300,8,39 6A 7C 7B 56 77 EC DB,temp=97.00
1779165930.058,0x100,8,4A 12 C0 B5 D7 30 55 C0,speed=74.00
1779165930.152,0x200,8,21 00 82 CB 9A FC C6 04,fuel=0.00
1779165930.247,0x300,8,39 7E 95 F8 42 D4 D6 AF,temp=97.00
1779165930.342,0x100,8,4A E1 72 91 D8 48 97 96,speed=74.00
1779165930.439,0x200,8,D7 00 89 84 54 9A 26 06,fuel=0.00
1779165930.534,0x300,8,39 2F C5 30 0B 13 70 81,temp=97.00
1779165930.628,0x100,8,4A 9D 38 D3 1A 09 BE 57,speed=74.00
1779165930.723,0x200,8,1A 00 62 FB 51 B4 90 DA,fuel=0.00
1779165930.816,0x300,8,39 F0 AC DE F7 7A 15 9B,temp=97.00
1779165930.913,0x100,8,4A D2 5A 6B AF 09 18 11,speed=74.00
1779165931.006,0x200,8,C8 00 82 F4 C0 51 87 4E,fuel=0.00
1779165931.101,0x300,8,39 36 1E 92 51 54 EA 67,temp=97.00
1779165931.196,0x100,8,4A B3 87 79 FE 60 15 CD,speed=74.00
1779165931.275,0x200,8,02 00 62 65 B4 49 97 42,fuel=0.00
1779165931.371,0x300,8,39 08 7C 4D CE 7B B5 3D,temp=97.00
1779165931.467,0x100,8,4A 50 C6 2A E4 AB 09 08,speed=74.00
1779165931.562,0x200,8,6D 00 F6 4A 47 6F FC 31,fuel=0.00
1779165931.657,0x300,8,39 6E 76 3B E9 15 A0 C5,temp=97.00
1779165931.752,0x100,8,4A EB 56 35 E5 1F B7 55,speed=74.00
1779165931.848,0x200,8,CF 00 AA 44 AB 0D 3C 62,fuel=0.00
1779165931.940,0x300,8,39 98 2A 8E 73 5F B0 8B,temp=97.00
1779165932.038,0x100,8,4A 98 5D 6F 73 EE 68 B7,speed=74.00
1779165932.132,0x200,8,E6 00 7B FD 14 1F 1F 86,fuel=0.00
1779165932.226,0x300,8,39 27 17 71 B3 55 C6 32,temp=97.00
1779165932.306,0x100,8,4A 30 DB 65 BE 11 65 22,speed=74.00
1779165932.399,0x200,8,CF 00 B6 AB 6E CD C0 C4,fuel=0.00
1779165932.495,0x300,8,39 AD 78 D2 19 35 8F 24,temp=97.00
1779165932.591,0x100,8,4A 87 6B 43 E8 9B 29 B4,speed=74.00
1779165932.684,0x200,8,6D 00 71 89 01 2F E9 2D,fuel=0.00
1779165932.779,0x300,8,39 4C EE AF 5F 1C 99 DE,temp=97.00
1779165932.874,0x100,8,4A C1 5E 6A 39 A6 23 82,speed=74.00
1779165932.969,0x200,8,59 00 3A 68 5B 93 FE 89,fuel=0.00
1779165933.063,0x300,8,39 73 03 C7 86 EB B4 5B,temp=97.00
1779165933.157,0x100,8,4A 86 9A C2 2B FF 1A BA,speed=74.00
1779165933.253,0x200,8,AE 00 92 94 25 19 A5 F1,fuel=0.00
1779165933.348,0x300,8,39 4B 5D B3 54 1D C8 85,temp=97.00
1779165933.442,0x100,8,4A BA AD B3 F4 E4 7C 4E,speed=74.00
1779165933.537,0x200,8,1A 00 E2 F0 34 7A F8 4C,fuel=0.00
1779165933.632,0x300,8,39 8B 17 96 E9 88 F1 9E,temp=97.00
1779165933.727,0x100,8,4A 1B 29 D7 A8 4E 6B 21,speed=74.00
1779165933.806,0x200,8,7B 00 76 B6 A5 66 8B 31,fuel=0.00
1779165933.912,0x300,8,39 D0 02 96 1F 28 BC F3,temp=97.00
1779165934.005,0x100,8,4A 1F EB C9 C2 22 65 A4,speed=74.00
1779165934.100,0x200,8,31 00 EA F7 A9 F5 7F 2A,fuel=0.00
1779165934.193,0x300,8,39 C6 9C 16 B6 68 9A 50,temp=97.00
1779165934.289,0x100,8,4A 26 F5 C5 B4 33 FF A0,speed=74.00
1779165934.369,0x200,8,4C 00 1E 76 EE A4 17 4A,fuel=0.00
1779165934.462,0x300,8,39 3D F4 99 DE EC 60 AC,temp=97.00
1779165934.558,0x100,8,4A 90 2F 99 4A 90 D8 92,speed=74.00
1779165934.652,0x200,8,74 00 4C BD 0A 50 15 76,fuel=0.00
1779165934.747,0x300,8,39 3C 5F C1 9C D6 64 C3,temp=97.00
1779165934.843,0x100,8,4A EA 20 CD 2A D4 A8 95,speed=74.00
1779165934.945,0x200,8,3E 00 AE 94 6C A8 10 A5,fuel=0.00
1779165935.038,0x300,8,39 71 EB 2B 64 AF 65 2E,temp=97.00
1779165935.129,0x100,8,4A AF 88 C7 AA 9E 6C 44,speed=74.00
1779165935.225,0x200,8,09 00 1E 12 AB C9 81 57,fuel=0.00
1779165935.321,0x300,8,39 AA FB 38 F6 2F 83 43,temp=97.00
1779165935.399,0x100,8,4A 51 CC 25 6E 24 C5 D0,speed=74.00
1779165935.494,0x200,8,FA 00 C0 4F 41 66 79 D9,fuel=0.00
1779165935.590,0x300,8,39 F1 85 EA 13 90 6F 50,temp=97.00
1779165935.684,0x100,8,4A D9 7C 3A 5D AF 11 15,speed=74.00
1779165935.778,0x200,8,97 00 3B 39 D1 95 52 62,fuel=0.00
1779165935.873,0x300,8,39 F4 70 DF A6 A9 01 6B,temp=97.00
1779165935.970,0x100,8,4A 69 D1 5A 68 B0 1D 5C,speed=74.00
1779165936.063,0x200,8,8B 00 F9 C8 AB 9A 41 4C,fuel=0.00
1779165936.157,0x300,8,39 D1 C6 AE E4 07 DA 27,temp=97.00
1779165936.252,0x100,8,4A 78 CA 47 F8 1F 1F 82,speed=74.00
1779165936.348,0x200,8,D6 00 C7 8D 0B BF F5 DB,fuel=0.00
1779165936.442,0x300,8,39 D0 D1 F7 37 82 92 AC,temp=97.00
1779165936.537,0x100,8,4A CB 0E 9B DF 26 F5 2A,speed=74.00
1779165936.633,0x200,8,7E 00 E4 CF D3 FD 0D 33,fuel=0.00
1779165936.711,0x300,8,39 D1 5B 06 60 92 88 A4,temp=97.00
1779165936.806,0x100,8,4A 1A 2D 8D 78 D7 62 90,speed=74.00
1779165936.910,0x200,8,05 00 32 56 EC E1 98 44,fuel=0.00
1779165937.003,0x300,8,39 11 7A 55 B1 3C 93 F1,temp=97.00
1779165937.098,0x100,8,4A A1 68 8F AE 71 19 BD,speed=74.00
1779165937.193,0x200,8,8F 00 EE 9D 99 EA 18 AA,fuel=0.00
1779165937.287,0x300,8,39 65 9D 23 FE 33 74 FC,temp=97.00
1779165937.383,0x100,8,4A 6C 98 F2 90 B8 01 D2,speed=74.00
1779165937.461,0x200,8,8B 00 88 2F 8A F9 DD A0,fuel=0.00
1779165937.557,0x300,8,39 8B 7F CB 4B 25 55 54,temp=97.00
1779165937.652,0x100,8,4A E2 71 95 9E 27 6F 5F,speed=74.00
1779165937.747,0x200,8,91 00 EF 22 33 98 21 B0,fuel=0.00
1779165937.842,0x300,8,39 B6 92 4A 98 E5 CC D2,temp=97.00
1779165937.937,0x100,8,4A 3C 45 5E 19 1E FE 7E,speed=74.00
1779165938.029,0x200,8,A0 00 5A E5 80 27 DD FE,fuel=0.00
1779165938.124,0x300,8,39 A4 12 42 5F 4B 78 33,temp=97.00
1779165938.219,0x100,8,4A 30 36 40 36 49 A3 E0,speed=74.00
1779165938.314,0x200,8,86 00 58 64 8C 94 C9 26,fuel=0.00
1779165938.410,0x300,8,39 5B CD 2F B7 C2 FB FA,temp=97.00
1779165938.505,0x100,8,4A 89 DD D5 8F 08 9B 25,speed=74.00
1779165938.600,0x200,8,E6 00 D4 54 9B 1E 72 2A,fuel=0.00
1779165938.694,0x300,8,39 CB E9 C7 7C 99 E1 E9,temp=97.00
1779165938.790,0x100,8,4A 59 51 0C 22 D8 92 D1,speed=74.00
1779165938.868,0x200,8,F5 00 F4 CD ED 27 A7 57,fuel=0.00
1779165938.967,0x300,8,39 7B E0 0D 49 8B AA E9,temp=97.00
1779165939.060,0x100,8,4A 6F 5B EB 21 A0 0F CB,speed=74.00
1779165939.154,0x200,8,6D 00 B1 0B D4 80 95 FB,fuel=0.00
1779165939.250,0x300,8,39 E5 88 48 34 E3 4F 3F,temp=97.00
1779165939.344,0x100,8,4A E5 3E 93 92 DB 75 5F,speed=74.00
1779165939.440,0x200,8,76 00 8F 1F 2A E5 24 E0,fuel=0.00
1779165939.534,0x300,8,39 F7 3B FC CE C2 A7 23,temp=97.00
1779165939.628,0x100,8,4A 94 5D 4D 30 77 28 27,speed=74.00
1779165939.724,0x200,8,68 00 D9 94 FA 3F A6 3E,fuel=0.00
1779165939.819,0x300,8,39 1D 9B 39 45 44 E6 F4,temp=97.00
1779165939.900,0x100,8,4A 51 9A 5F F4 E4 07 59,speed=74.00
1779165940.010,0x200,8,5E 00 5F 19 E2 AA EC CA,fuel=0.00
1779165940.103,0x300,8,39 8F E2 A9 1C FA CB C6,temp=97.00
1779165940.197,0x100,8,4A 57 E1 CB DC 43 9A 60,speed=74.00
1779165940.293,0x200,8,AD 00 C2 AC 43 64 D2 9A,fuel=0.00
1779165940.387,0x300,8,39 EA E0 B6 EF C1 0B 5E,temp=97.00
1779165940.484,0x100,8,4A 6A 7F 5D DC 4E 6D A5,speed=74.00
1779165940.578,0x200,8,44 00 D1 99 8B C9 CA 40,fuel=0.00
1779165940.672,0x300,8,39 6A 8D 91 E6 AF 7D 1F,temp=97.00
1779165940.768,0x100,8,4A 79 C8 EE D8 E8 82 87,speed=74.00
1779165940.864,0x200,8,A1 00 6C CB 5C 35 FA 54,fuel=0.00
1779165940.952,0x300,8,39 DD A1 EF F9 51 E7 B1,temp=97.00
1779165941.044,0x100,8,4A 65 78 61 81 01 D2 46,speed=74.00
1779165941.138,0x200,8,FD 00 76 27 98 5F D8 4B,fuel=0.00
1779165941.234,0x300,8,39 1C B1 72 61 E3 67 DA,temp=97.00
1779165941.328,0x100,8,4A CB DA 3A 20 1F E2 BC,speed=74.00
1779165941.422,0x200,8,6B 00 C1 91 17 55 FD 16,fuel=0.00
1779165941.516,0x300,8,39 A7 2B FE E3 F7 FF B2,temp=97.00
1779165941.610,0x100,8,4A 8B 85 05 22 B9 90 7A,speed=74.00
1779165941.705,0x200,8,2F 00 9C 7C A8 E4 7C 90,fuel=0.00
1779165941.800,0x300,8,39 8E DD 82 F5 55 D1 1B,temp=97.00
1779165941.893,0x100,8,4A 29 7E B1 1F 4E 66 1C,speed=74.00
1779165941.988,0x200,8,85 00 5F C9 18 8E 79 20,fuel=0.00
1779165942.083,0x300,8,39 54 F3 BF A2 8A E6 37,temp=97.00
1779165942.178,0x100,8,4A CA 69 3A AE 8C F3 87,speed=74.00
1779165942.271,0x200,8,13 00 40 27 9F 27 22 B3,fuel=0.00
1779165942.366,0x300,8,39 D0 A2 52 FF 85 E4 F8,temp=97.00
1779165942.462,0x100,8,4A D4 6C CF 7B 1F DA 2E,speed=74.00
1779165942.541,0x200,8,00 00 77 A6 4E AA 4C 24,fuel=0.00
1779165942.637,0x300,8,39 E3 A5 20 2C 28 21 E1,temp=97.00
1779165942.732,0x100,8,4A D4 4D 37 55 7B 2C 83,speed=74.00
1779165942.826,0x200,8,E8 00 A6 5C BA 38 2E C2,fuel=0.00
1779165942.922,0x300,8,39 E3 11 14 13 7B 16 74,temp=97.00
1779165943.017,0x100,8,4A 5F 90 08 FC E8 E8 B4,speed=74.00
1779165943.113,0x200,8,53 00 99 B4 6A 07 DA B4,fuel=0.00
1779165943.209,0x300,8,39 34 2C FE 76 9F EB A7,temp=97.00
1779165943.304,0x100,8,4A 1A 5B 16 63 FC D2 15,speed=74.00
1779165943.385,0x200,8,62 00 B5 B2 92 D5 FF 5F,fuel=0.00
1779165943.478,0x300,8,39 69 58 69 78 11 28 D0,temp=97.00
1779165943.575,0x100,8,4A 8F FA FC A1 D5 0C F6,speed=74.00
1779165943.670,0x200,8,07 00 A8 14 B7 26 04 AC,fuel=0.00
1779165943.764,0x300,8,39 9A F3 EF F8 F5 D7 D5,temp=97.00
1779165943.852,0x100,8,4A 83 BB 3F 9E 10 A4 CD,speed=74.00
1779165943.952,0x200,8,39 00 6F 6F A2 9D CE 3D,fuel=0.00
1779165944.116,0x300,8,39 5F 47 E6 02 73 8A 69,temp=97.00
1779165944.174,0x100,8,4A EC 68 5F 84 B3 DF 26,speed=74.00
1779165944.231,0x200,8,7B 00 8F A8 3A B6 6F C6,fuel=0.00
1779165944.326,0x300,8,39 0C 32 5A 9E BE 11 FF,temp=97.00
1779165944.421,0x100,8,4A 2F 85 5C 64 50 FD 99,speed=74.00
1779165944.515,0x200,8,FA 00 5D F9 34 8D 1D 3D,fuel=0.00
1779165944.611,0x300,8,39 A5 6D A9 67 EF 0F F9,temp=97.00
1779165944.706,0x100,8,4A FA 0F C1 E7 E5 26 92,speed=74.00
1779165944.801,0x200,8,01 00 44 E5 ED 99 DA 3E,fuel=0.00
1779165944.896,0x300,8,39 05 F4 27 F9 40 46 D9,temp=97.00
1779165944.982,0x100,8,4A BE F8 06 CA 1B 2D 6E,speed=74.00
1779165945.086,0x200,8,98 00 0E 21 9B 5F A4 0D,fuel=0.00
1779165945.179,0x300,8,39 C5 50 D8 7F 76 69 75,temp=97.00
1779165945.274,0x100,8,4A 46 F0 50 C7 F3 7A 62,speed=74.00
1779165945.371,0x200,8,1F 00 82 70 4C 1C 2F F8,fuel=0.00
1779165945.466,0x300,8,39 F7 5A AD 72 98 EA 51,temp=97.00
1779165945.563,0x100,8,4A F7 6C E2 FB BF 32 D7,speed=74.00
1779165945.656,0x200,8,9C 00 E5 64 49 82 08 78,fuel=0.00
1779165945.751,0x300,8,39 93 7C 56 55 8D 32 5F,temp=97.00
1779165945.846,0x100,8,4A 45 6E 89 25 FF B5 A7,speed=74.00
1779165945.943,0x200,8,F4 00 C4 53 89 41 F5 26,fuel=0.00
1779165946.037,0x300,8,39 1A AF 90 2D 6B BE 96,temp=97.00
1779165946.132,0x100,8,4A ED 3D A7 01 95 05 9B,speed=74.00
1779165946.212,0x200,8,51 00 C1 A6 F8 65 31 6A,fuel=0.00
1779165946.306,0x300,8,39 E8 04 30 64 19 E5 C0,temp=97.00
1779165946.401,0x100,8,4A 59 83 D8 1C C0 8D F6,speed=74.00
1779165946.497,0x200,8,B5 00 C2 F5 58 46 72 AD,fuel=0.00
1779165946.591,0x300,8,39 9C 21 D3 1C 9C 64 B9,temp=97.00
1779165946.687,0x100,8,4A 83 54 6B 87 48 FF BB,speed=74.00
1779165946.782,0x200,8,F4 00 73 70 33 D1 F2 EA,fuel=0.00
1779165946.880,0x300,8,39 0C AD 3E 59 4A 76 3A,temp=97.00
1779165946.975,0x100,8,4A 7C 30 9C 2C D0 A6 0D,speed=74.00
1779165947.070,0x200,8,6D 00 58 5F E7 53 62 BF,fuel=0.00
1779165947.164,0x300,8,39 6B 97 EE C9 16 5F A9,temp=97.00
1779165947.242,0x100,8,4A 4C 75 63 67 5F B3 FB,speed=74.00
1779165947.338,0x200,8,4A 00 08 75 7F BC F3 D3,fuel=0.00
1779165947.431,0x300,8,39 A3 29 6A E2 66 73 6C,temp=97.00
1779165947.527,0x100,8,4A 97 BE 14 6D 72 F2 4E,speed=74.00
1779165947.621,0x200,8,84 00 3C 04 02 5F 48 E6,fuel=0.00
1779165947.717,0x300,8,39 CD D8 FB D4 08 BB CC,temp=97.00
1779165947.811,0x100,8,4A FA 7C 6E 3E 47 A4 2A,speed=74.00
1779165947.907,0x200,8,80 00 D3 1C 9D AF 07 8E,fuel=0.00
1779165948.001,0x300,8,39 9C 0A 67 62 E3 57 BF,temp=97.00
1779165948.097,0x100,8,4A DB 82 5F 9B D7 AC 90,speed=74.00
1779165948.193,0x200,8,41 00 A1 19 73 A4 E3 27,fuel=0.00
1779165948.287,0x300,8,39 A3 4C 1E BE 95 49 80,temp=97.00
1779165948.382,0x100,8,4A C7 30 43 94 A8 B9 81,speed=74.00
1779165948.477,0x200,8,C4 00 52 BF 38 FA 9B 04,fuel=0.00
1779165948.558,0x300,8,39 74 A7 83 61 78 B7 B2,temp=97.00
1779165948.653,0x100,8,4A 07 EA 23 15 0C E6 A1,speed=74.00
1779165948.750,0x200,8,F1 00 68 AC FC B0 48 B2,fuel=0.00
1779165948.843,0x300,8,39 F7 3F 2B E4 40 D1 67,temp=97.00
1779165948.944,0x100,8,4A 99 FE 66 D4 90 23 CC,speed=74.00
1779165949.033,0x200,8,78 00 5E 47 E7 0B 5A 99,fuel=0.00
1779165949.127,0x300,8,39 CC 5C 1B B7 15 81 FA,temp=97.00
1779165949.222,0x100,8,4A 7F 5A E6 21 A9 03 98,speed=74.00
1779165949.316,0x200,8,19 00 18 76 87 B8 0B 72,fuel=0.00
1779165949.411,0x300,8,39 8D 6B 22 10 FB 8F 60,temp=97.00
1779165949.505,0x100,8,4A 0E 05 C0 09 32 87 F7,speed=74.00
1779165949.600,0x200,8,8F 00 6C 45 98 13 AC 5E,fuel=0.00
1779165949.695,0x300,8,39 D7 05 05 DF 8A 4D E5,temp=97.00
1779165949.775,0x100,8,4A 49 1A D0 49 3D 3F 90,speed=74.00
1779165949.871,0x200,8,00 00 79 14 53 95 B7 27,fuel=0.00
1779165949.966,0x300,8,39 6C 6E E3 8B 19 22 6F,temp=97.00
1779165950.061,0x100,8,4A 78 15 63 80 B9 50 A2,speed=74.00
1779165950.155,0x200,8,18 00 1A 6C 1E 1B 15 2E,fuel=0.00
1779165950.251,0x300,8,39 96 5A 8B 78 57 B0 BB,temp=97.00
1779165950.346,0x100,8,4A 4C BD 85 58 8C 16 42,speed=74.00
1779165950.440,0x200,8,B6 00 41 98 E2 A0 B4 B2,fuel=0.00
1779165950.535,0x300,8,39 9C A6 BB 00 4D 13 50,temp=97.00
1779165950.630,0x100,8,4A 2D 9C 6D 85 D5 F4 A6,speed=74.00
1779165950.724,0x200,8,96 00 26 0A D4 B3 67 9C,fuel=0.00
1779165950.820,0x300,8,39 6F F0 0B DA 0C 0E D9,temp=97.00
1779165950.914,0x100,8,4A 9F 4A B6 3A 03 64 8D,speed=74.00
1779165951.008,0x200,8,8A 00 FC 4C EA 31 BD E5,fuel=0.00
1779165951.086,0x300,8,39 82 57 11 36 FC 9A FD,temp=97.00
1779165951.182,0x100,8,4A 31 E1 4B D9 49 2F 15,speed=74.00
1779165951.276,0x200,8,CD 00 C4 57 9B DC 17 85,fuel=0.00
1779165951.370,0x300,8,39 AD 24 43 7E 75 E9 45,temp=97.00
1779165951.464,0x100,8,4A 69 33 3F 4F C4 27 99,speed=74.00
1779165951.562,0x200,8,82 00 70 51 24 70 3E 92,fuel=0.00
1779165951.653,0x300,8,39 54 3D F3 85 B7 33 68,temp=97.00
1779165951.746,0x100,8,4A BE 38 0C 0F 9B 1B B8,speed=74.00
1779165951.841,0x200,8,9F 00 36 65 85 AF 86 88,fuel=0.00
1779165951.935,0x300,8,39 D8 13 1F 98 9D 6F 63,temp=97.00
1779165952.031,0x100,8,4A 62 AE A2 D4 27 6B 3D,speed=74.00
1779165952.126,0x200,8,C6 00 B2 FE 66 37 BE 0C,fuel=0.00
1779165952.221,0x300,8,39 FF 89 7B 9E 31 53 82,temp=97.00
1779165952.317,0x100,8,4A 80 3D 50 82 DE C5 D8,speed=74.00
1779165952.412,0x200,8,FA 00 5A 04 AF A5 03 42,fuel=0.00
1779165952.507,0x300,8,39 21 E5 AB 7E 3B 9A E3,temp=97.00
1779165952.601,0x100,8,4A B5 62 E4 4A 8E 7F 73,speed=74.00
1779165952.682,0x200,8,70 00 B3 83 50 D2 90 26,fuel=0.00
1779165952.775,0x300,8,39 2F CD 53 38 72 C6 5A,temp=97.00
1779165952.870,0x100,8,4A 02 B8 47 77 72 5B AC,speed=74.00
1779165952.967,0x200,8,AF 00 B6 6C 04 03 EC DB,fuel=0.00
1779165953.057,0x300,8,39 55 A7 EB 57 18 0D 07,temp=97.00
1779165953.150,0x100,8,4A 66 11 2B E9 DD D1 2E,speed=74.00
1779165953.244,0x200,8,D2 00 C0 06 BA 71 C3 29,fuel=0.00
1779165953.341,0x300,8,39 6C 2E 41 80 DF FE 31,temp=97.00
1779165953.435,0x100,8,4A CB F3 1B F9 B2 33 D1,speed=74.00
1779165953.531,0x200,8,80 00 0D 7B C4 6E 39 AE,fuel=0.00
1779165953.625,0x300,8,39 CF A8 01 5F 32 AA 1E,temp=97.00
1779165953.718,0x100,8,4A 0A B9 2B 59 01 44 1F,speed=74.00
1779165953.819,0x200,8,FC 00 81 71 9D 06 2A DA,fuel=0.00
1779165953.911,0x300,8,39 B1 6D 11 70 37 BC F5,temp=97.00
1779165954.004,0x100,8,4A 3D 88 E9 73 D7 4A 6C,speed=74.00
1779165954.100,0x200,8,FB 00 1A B4 43 13 8F 2D,fuel=0.00
1779165954.196,0x300,8,39 66 3C C1 00 1F A5 9A,temp=97.00
1779165954.274,0x100,8,4A E1 6D FB 35 82 FF E5,speed=74.00
1779165954.369,0x200,8,A6 00 9D 31 A7 86 5A 77,fuel=0.00
1779165954.464,0x300,8,39 79 2E 34 6F B2 7E 43,temp=97.00
1779165954.559,0x100,8,4A 33 C9 BC 12 28 2C 75,speed=74.00
1779165954.654,0x200,8,F4 00 8A E2 3B 92 6E 5A,fuel=0.00
1779165954.750,0x300,8,39 BC 30 F8 45 BE 76 C2,temp=97.00
1779165954.848,0x100,8,4A 76 45 C5 4A 8C 0F 00,speed=74.00
1779165954.939,0x200,8,13 00 BE BE 06 70 5B 62,fuel=0.00
1779165955.039,0x300,8,39 96 D5 5E 1F 73 A7 B0,temp=97.00
1779165955.134,0x100,8,4A E4 68 DA 05 78 B7 31,speed=74.00
1779165955.212,0x200,8,D0 00 0F 07 8A 98 09 2B,fuel=0.00
1779165955.307,0x300,8,39 81 FF 86 76 A0 CB 78,temp=97.00
1779165955.402,0x100,8,4A 3C 4F 84 CC 43 A0 4D,speed=74.00
1779165955.497,0x200,8,36 00 95 0F 95 AB 2F AD,fuel=0.00
1779165955.592,0x300,8,39 5F EB 03 09 9E 3B DA,temp=97.00
1779165955.688,0x100,8,4A EA D7 BA 9E 8C 54 08,speed=74.00
1779165955.781,0x200,8,07 00 48 7D B3 01 34 B9,fuel=0.00
1779165955.874,0x300,8,39 F0 B6 BC DA C1 59 6E,temp=97.00
1779165955.970,0x100,8,4A EF 8D BA 35 F6 49 9E,speed=74.00
1779165956.064,0x200,8,D9 00 5A F5 38 5F B1 A4,fuel=0.00
1779165956.158,0x300,8,39 6B AF 1D 62 5A F6 0F,temp=97.00
1779165956.255,0x100,8,4A 53 0A 27 14 26 34 B3,speed=74.00
1779165956.350,0x200,8,8A 00 00 EB 12 44 53 D3,fuel=0.00
1779165956.445,0x300,8,39 DC 26 26 1D D7 E8 60,temp=97.00
1779165956.539,0x100,8,4A 78 0D 6C 37 CB A8 39,speed=74.00
1779165956.632,0x200,8,00 00 E9 C0 19 92 23 C4,fuel=0.00
1779165956.726,0x300,8,39 07 6B 63 62 95 13 DD,temp=97.00
1779165956.805,0x100,8,4A 67 73 81 09 46 F6 BE,speed=74.00
1779165956.902,0x200,8,B5 00 13 FC 0A A8 FF AB,fuel=0.00
1779165956.995,0x300,8,39 6A BA 2C B0 7A 73 7A,temp=97.00
1779165957.090,0x100,8,4A 9E C3 51 B9 57 CE 64,speed=74.00
1779165957.185,0x200,8,7D 00 B2 4D 75 0E D1 10,fuel=0.00
1779165957.281,0x300,8,39 4E E1 D6 D8 0F E3 1F,temp=97.00
1779165957.376,0x100,8,4A 70 51 44 45 63 6D CC,speed=74.00
1779165957.470,0x200,8,F8 00 01 F0 3E 00 CC 2F,fuel=0.00
1779165957.567,0x300,8,39 49 4D 75 75 47 1B 1C,temp=97.00
1779165957.661,0x100,8,4A C6 DA 73 1C A3 1E 4E,speed=74.00
1779165957.755,0x200,8,02 00 41 4B 11 01 2C 43,fuel=0.00
1779165957.850,0x300,8,39 EC 7C 40 C7 F1 04 FC,temp=97.00
1779165957.944,0x100,8,4A F9 21 E8 43 3F C7 CE,speed=74.00
1779165958.025,0x200,8,C9 00 32 0F 9E B8 CC 7B,fuel=0.00
1779165958.119,0x300,8,39 C3 64 78 D6 CC 07 D9,temp=97.00
1779165958.214,0x100,8,4A 0B 3D A7 9F BF 80 8E,speed=74.00
1779165958.307,0x200,8,37 00 03 F7 8F FE 03 F6,fuel=0.00
1779165958.403,0x300,8,39 39 45 11 77 D6 7D CE,temp=97.00
1779165958.498,0x100,8,4A 53 A9 36 FC 97 18 0C,speed=74.00
1779165958.593,0x200,8,3D 00 C1 C0 E3 F5 9E 14,fuel=0.00
1779165958.687,0x300,8,39 EA 2C F9 81 5C 6A 92,temp=97.00
1779165958.782,0x100,8,4A 67 80 E8 6E 95 4E 97,speed=74.00
1779165958.877,0x200,8,E1 00 94 D2 D7 88 52 4F,fuel=0.00
1779165958.972,0x300,8,39 EC FF D3 36 AC C8 D5,temp=97.00
1779165959.069,0x100,8,4A FE 9C A5 9E AD 57 41,speed=74.00
1779165959.163,0x200,8,52 00 C8 44 80 BC D5 E1,fuel=0.00
1779165959.257,0x300,8,39 F9 44 92 2F 31 CE E2,temp=97.00
1779165959.336,0x100,8,4A D8 FE 64 BF 14 2D 54,speed=74.00
1779165959.432,0x200,8,FF 00 4D 21 DA D4 8D BF,fuel=0.00
1779165959.526,0x300,8,39 1D A1 E2 CA F8 A8 FE,temp=97.00
1779165959.621,0x100,8,4A 03 37 B5 45 3C A9 93,speed=74.00
1779165959.716,0x200,8,EE 00 10 EC 75 11 CA 51,fuel=0.00
1779165959.810,0x300,8,39 84 F3 A2 8B 7D 7D C2,temp=97.00
1779165959.905,0x100,8,4A 39 70 65 62 44 A4 FD,speed=74.00
1779165959.998,0x200,8,7E 00 40 41 61 73 E2 9F,fuel=0.00
1779165960.093,0x300,8,39 2C D8 5E 4E 85 8F 88,temp=97.00
1779165960.187,0x100,8,4A B8 85 88 A6 F6 26 FF,speed=74.00
1779165960.282,0x200,8,02 00 81 D9 3A DB 08 42,fuel=0.00
1779165960.377,0x300,8,39 EF CA E2 DE AB 6A 12,temp=97.00
1779165960.473,0x100,8,4A E1 72 63 4B 8E 85 67,speed=74.00
1779165960.566,0x200,8,A4 00 98 1A 70 EF FC 78,fuel=0.00
1779165960.660,0x300,8,39 7F 27 BB 5A 21 E3 5D,temp=97.00
1779165960.755,0x100,8,4A 3B ED 63 B0 8D 97 8E,speed=74.00
1779165960.849,0x200,8,11 00 B3 E1 83 19 F5 9D,fuel=0.00
1779165960.942,0x300,8,39 41 EF AE 8E 78 EF 21,temp=97.00
1779165961.037,0x100,8,4A 94 FC 49 BB BC 88 6D,speed=74.00
1779165961.132,0x200,8,0A 00 30 F6 C9 44 90 23,fuel=0.00
1779165961.229,0x300,8,39 CE C2 E5 E2 4A 4C 58,temp=97.00
1779165961.323,0x100,8,4A 89 C4 2C 4D 8F 79 A8,speed=74.00
1779165961.419,0x200,8,CC 00 F7 43 6A E2 02 AC,fuel=0.00
1779165961.511,0x300,8,39 94 BF 7B F0 9E 49 DA,temp=97.00
1779165961.606,0x100,8,4A 20 D0 6A 23 A7 CC BE,speed=74.00
1779165961.700,0x200,8,5C 00 5D B1 E3 6B 85 F9,fuel=0.00
1779165961.796,0x300,8,39 48 B1 43 35 9C C8 A8,temp=97.00
1779165961.893,0x100,8,4A BB 8F 45 9A 47 9D 40,speed=74.00
1779165961.990,0x200,8,C1 00 EA 96 F5 AE DE BF,fuel=0.00
1779165962.085,0x300,8,39 E5 95 78 E2 E8 2D DA,temp=97.00
1779165962.179,0x100,8,4A D0 8C 0C 28 58 D6 5C,speed=74.00
1779165962.258,0x200,8,C5 00 4D 75 32 82 38 6A,fuel=0.00
1779165962.353,0x300,8,39 CC 56 4C 9E 84 82 D0,temp=97.00
1779165962.447,0x100,8,4A 60 78 D7 6D AE 51 A6,speed=74.00
1779165962.542,0x200,8,DA 00 68 98 22 EA 1F E5,fuel=0.00
1779165962.639,0x300,8,39 D5 37 C0 31 FB 34 F8,temp=97.00
1779165962.735,0x100,8,4A E9 6A 43 86 30 E3 31,speed=74.00
1779165962.833,0x200,8,2D 00 AE 54 EA 09 30 14,fuel=0.00
1779165962.930,0x300,8,39 01 7D BD 13 CA A1 46,temp=97.00
1779165963.024,0x100,8,4A E5 BE D4 7A DE 8B F6,speed=74.00
1779165963.103,0x200,8,35 00 AE F7 9D 9D C5 82,fuel=0.00
1779165963.197,0x300,8,39 32 E8 5B E7 34 25 59,temp=97.00
1779165963.292,0x100,8,4A E3 BA E7 1D 79 C6 F6,speed=74.00
1779165963.386,0x200,8,47 00 7B D5 AE 01 F2 51,fuel=0.00
1779165963.481,0x300,8,39 EA 43 9A 14 D3 E8 E1,temp=97.00
1779165963.577,0x100,8,4A 0F 8F A8 E9 87 1B 54,speed=74.00
1779165963.672,0x200,8,D2 00 5A 4F 51 9A 11 61,fuel=0.00
1779165963.768,0x300,8,39 AC 46 48 A4 0C C7 B8,temp=97.00
1779165963.864,0x100,8,4A 65 9D D3 0E CB EF CE,speed=74.00
1779165963.960,0x200,8,7F 00 35 CA 28 B6 C1 7E,fuel=0.00
1779165964.054,0x300,8,39 37 2F 75 6C 17 20 F8,temp=97.00
1779165964.134,0x100,8,4A ED DC 53 89 8E E0 41,speed=74.00
1779165964.229,0x200,8,CC 00 A1 F7 68 98 A0 57,fuel=0.00
1779165964.324,0x300,8,39 EB 0D F5 34 96 27 7C,temp=97.00
1779165964.419,0x100,8,4A DD B6 AA 68 6A E0 4D,speed=74.00
1779165964.514,0x200,8,67 00 C8 4F 6C 23 76 E0,fuel=0.00
1779165964.609,0x300,8,39 21 9E 61 D4 3D C1 B2,temp=97.00
1779165964.705,0x100,8,4A DA 40 A7 F1 AB A7 90,speed=74.00
1779165964.799,0x200,8,23 00 5D 1C 28 4D 5D F5,fuel=0.00
1779165964.895,0x300,8,39 92 AD 81 A4 AF 59 E6,temp=97.00
1779165964.988,0x100,8,4A FB DF 7D B9 9E 20 75,speed=74.00
1779165965.082,0x200,8,C7 00 36 5B 34 AF 59 B8,fuel=0.00
1779165965.178,0x300,8,39 15 64 1B 78 F0 89 5F,temp=97.00
1779165965.272,0x100,8,4A EA 33 A3 64 8E 46 35,speed=74.00
1779165965.368,0x200,8,A8 00 BF B7 B9 49 C3 8C,fuel=0.00
1779165965.448,0x300,8,39 17 B7 2D 53 CB A6 6F,temp=97.00
1779165965.543,0x100,8,4A 90 ED 1D 86 32 BB 89,speed=74.00
1779165965.638,0x200,8,15 00 C0 1E AE B3 05 F1,fuel=0.00
1779165965.733,0x300,8,39 B3 62 A0 22 0D C4 65,temp=97.00
1779165965.828,0x100,8,4A D6 51 4D 5F C0 FC CD,speed=74.00
1779165965.922,0x200,8,32 00 CF 4E 07 4C 49 F0,fuel=0.00
1779165966.016,0x300,8,39 A9 B6 C4 D1 89 8A D7,temp=97.00
1779165966.111,0x100,8,4A 35 EA D6 FD 81 D1 7D,speed=74.00
1779165966.207,0x200,8,A7 00 02 F4 BF 7E BD FE,fuel=0.00
1779165966.302,0x300,8,39 F2 BE 63 79 96 E2 DA,temp=97.00
1779165966.397,0x100,8,4A 51 A7 14 BD 4D 7F 64,speed=74.00
1779165966.493,0x200,8,FA 00 76 C8 71 C9 BD 08,fuel=0.00
1779165966.571,0x300,8,39 F8 C9 BB 52 88 EC 4D,temp=97.00
1779165966.668,0x100,8,4A 93 8F 1D 1B 9C 50 95,speed=74.00
1779165966.763,0x200,8,5E 00 AB E5 42 E4 3C 88,fuel=0.00
1779165966.861,0x300,8,39 C4 C8 98 0D B7 52 05,temp=97.00
1779165966.948,0x100,8,4A D7 B0 EF 85 50 FC 73,speed=74.00
1779165967.051,0x200,8,34 00 DB C6 B5 D3 AD 2C,fuel=0.00
1779165967.145,0x300,8,39 5E AE C9 8A 59 4A C0,temp=97.00
1779165967.242,0x100,8,4A 63 71 61 F2 9B 00 E0,speed=74.00
1779165967.334,0x200,8,10 00 13 81 85 EC C8 85,fuel=0.00
1779165967.429,0x300,8,39 F7 3B EC F2 32 45 8A,temp=97.00
1779165967.523,0x100,8,4A 57 0D 27 94 20 E0 7A,speed=74.00
1779165967.603,0x200,8,AE 00 88 D6 25 DE 69 0C,fuel=0.00
1779165967.699,0x300,8,39 64 51 B9 76 F8 07 17,temp=97.00
1779165967.794,0x100,8,4A 9B BA 68 72 0A 1A DE,speed=74.00
1779165967.892,0x200,8,87 00 8F BA 38 05 65 90,fuel=0.00
1779165967.989,0x300,8,39 DF FA 85 AA 4C A7 DC,temp=97.00
1779165968.082,0x100,8,4A B6 44 0A 31 E8 25 3E,speed=74.00
1779165968.177,0x200,8,57 00 48 13 8C D2 A1 78,fuel=0.00
1779165968.272,0x300,8,39 EE 57 9A 24 54 0D ED,temp=97.00
1779165968.365,0x100,8,4A B6 D2 28 98 2F F9 0D,speed=74.00
1779165968.460,0x200,8,27 00 4D 7C AD 23 41 42,fuel=0.00
1779165968.541,0x300,8,39 34 39 2F 67 D2 26 B2,temp=97.00
1779165968.635,0x100,8,4A 65 03 FD F6 8B 0F 86,speed=74.00
1779165968.729,0x200,8,94 00 9E 8A 1F 8B A8 37,fuel=0.00
1779165968.825,0x300,8,39 DA 25 49 7F CE 6D 51,temp=97.00
1779165968.919,0x100,8,4A 9C A5 5F 41 44 1B 84,speed=74.00
1779165969.014,0x200,8,9D 00 4E 9A 2B 64 5E 4A,fuel=0.00
1779165969.110,0x300,8,39 C3 CD 9E FF 85 D0 E6,temp=97.00
1779165969.204,0x100,8,4A B8 04 0E CB 4D 8A 77,speed=74.00
1779165969.300,0x200,8,09 00 D4 E0 64 93 68 91,fuel=0.00
1779165969.396,0x300,8,39 07 49 6E 6F DC 1B 39,temp=97.00
1779165969.490,0x100,8,4A 34 6A CA A0 77 F7 52,speed=74.00
1779165969.585,0x200,8,72 00 ED 2B C4 80 35 8C,fuel=0.00
1779165969.678,0x300,8,39 4E E7 24 26 FC EA A0,temp=97.00
1779165969.775,0x100,8,4A 08 05 AA 1E 48 28 72,speed=74.00
1779165969.854,0x200,8,B6 00 B7 54 D3 7E 9B CB,fuel=0.00
1779165969.950,0x300,8,39 A6 1A FE 12 72 3F 51,temp=97.00
1779165970.043,0x100,8,4A AC 44 72 C2 32 77 85,speed=74.00
1779165970.137,0x200,8,06 00 B6 DF 71 9F 14 5F,fuel=0.00
1779165970.233,0x300,8,39 A2 F3 ED E4 B0 6D 6C,temp=97.00
1779165970.328,0x100,8,4A F6 C3 25 0F CF 59 57,speed=74.00
1779165970.423,0x200,8,9E 00 C3 39 C6 18 FA 32,fuel=0.00
1779165970.518,0x300,8,39 EC 35 72 38 72 A4 6B,temp=97.00
1779165970.612,0x100,8,4A 11 40 95 A7 D2 05 7E,speed=74.00
1779165970.707,0x200,8,80 00 29 83 F9 C2 3E A3,fuel=0.00
1779165970.803,0x300,8,39 83 AF E7 DC 77 3E 0C,temp=97.00
1779165970.898,0x100,8,4A F6 B5 75 C5 B6 64 34,speed=74.00
1779165970.988,0x200,8,08 00 FE 6D 1C 53 31 41,fuel=0.00
1779165971.082,0x300,8,39 00 4B 73 AC 08 9C 7E,temp=97.00
1779165971.175,0x100,8,4A F0 64 9C 12 3C 2F F4,speed=74.00
1779165971.272,0x200,8,35 00 0B A6 B6 6C E0 6B,fuel=0.00
1779165971.365,0x300,8,39 EC E5 79 0C C6 EE 1C,temp=97.00
1779165971.460,0x100,8,4A EC 44 1C D7 CD A0 A5,speed=74.00
1779165971.553,0x200,8,3E 00 43 ED 63 51 A4 E1,fuel=0.00
1779165971.648,0x300,8,39 AD 7A 5E C3 20 81 8C,temp=97.00
1779165971.727,0x100,8,4A 19 5A F6 03 E1 35 EE,speed=74.00
1779165971.821,0x200,8,9D 00 5E 9C F4 FB F8 47,fuel=0.00
1779165971.917,0x300,8,39 E5 CC 74 49 47 62 B6,temp=97.00
1779165972.012,0x100,8,4A 9E 73 AC 9E BB 42 16,speed=74.00
1779165972.108,0x200,8,48 00 08 04 27 11 55 39,fuel=0.00
1779165972.203,0x300,8,39 24 E6 B4 71 CB C1 B6,temp=97.00
1779165972.298,0x100,8,4A B0 DF F7 65 13 33 7C,speed=74.00
1779165972.392,0x200,8,B9 00 BD 8A A1 0F 49 BD,fuel=0.00
1779165972.487,0x300,8,39 59 85 7A F8 45 00 20,temp=97.00
1779165972.581,0x100,8,4A 0E C7 BC D1 CA 06 BB,speed=74.00
1779165972.676,0x200,8,44 00 02 CA 1B AE AE 9E,fuel=0.00
1779165972.772,0x300,8,39 66 4B A0 34 3A CB 21,temp=97.00
1779165972.866,0x100,8,4A E7 EF E2 E0 2E F1 77,speed=74.00
1779165972.946,0x200,8,68 00 55 E2 14 23 B1 6E,fuel=0.00
1779165973.040,0x300,8,39 A1 53 97 D6 C5 CC 0E,temp=97.00
1779165973.136,0x100,8,4A 57 34 5E 06 E2 5E D5,speed=74.00
1779165973.233,0x200,8,A1 00 8A 6A 1D BA 49 43,fuel=0.00
1779165973.327,0x300,8,39 0A 65 F0 74 75 FE 2D,temp=97.00
1779165973.422,0x100,8,4A 11 1F F3 BB 4D D9 E7,speed=74.00
1779165973.515,0x200,8,84 00 41 B9 B2 39 F8 C0,fuel=0.00
1779165973.610,0x300,8,39 F7 C7 42 EA 84 CB 39,temp=97.00
1779165973.704,0x100,8,4A AA 33 D5 A7 F7 74 42,speed=74.00
1779165973.801,0x200,8,54 00 7A 6C 0B 1D 26 75,fuel=0.00
1779165973.895,0x300,8,39 D1 D2 24 53 9B FB 7E,temp=97.00
1779165973.988,0x100,8,4A F8 43 DF FB 31 D1 8C,speed=74.00
1779165974.084,0x200,8,AC 00 C0 51 14 7B E6 69,fuel=0.00
1779165974.178,0x300,8,39 63 5A 22 A7 8C 36 EC,temp=97.00
1779165974.258,0x100,8,4A 34 1F 1B CE 95 B3 8A,speed=74.00
1779165974.352,0x200,8,F4 00 84 92 30 F1 FA E9,fuel=0.00
1779165974.447,0x300,8,39 3F E8 52 D3 E0 40 0C,temp=97.00
1779165974.542,0x100,8,4A 4F 0D 6B C6 F1 1B 12,speed=74.00
1779165974.638,0x200,8,8C 00 91 0D 87 55 D5 10,fuel=0.00
1779165974.732,0x300,8,39 E5 49 22 69 99 CE FE,temp=97.00
1779165974.830,0x100,8,4A BD 43 CC 4B B7 56 60,speed=74.00
1779165974.925,0x200,8,6F 00 FC 23 A0 5B 92 E9,fuel=0.00
1779165975.020,0x300,8,39 F4 F1 84 89 14 1C 56,temp=97.00
1779165975.116,0x100,8,4A E0 94 6C BD B3 1B CA,speed=74.00
1779165975.212,0x200,8,7D 00 17 47 4F C4 CC FE,fuel=0.00
1779165975.290,0x300,8,39 C6 A0 1D 7C 6D 82 96,temp=97.00
1779165975.386,0x100,8,4A 1B FF A2 16 AD 10 51,speed=74.00
1779165975.482,0x200,8,64 00 82 0A CD 6C 50 B9,fuel=0.00
1779165975.576,0x300,8,39 1A B0 3B 15 7F 2C FC,temp=97.00
1779165975.670,0x100,8,4A 6A A3 A8 19 96 F1 E5,speed=74.00
1779165975.765,0x200,8,7D 00 58 43 C4 D0 73 32,fuel=0.00
1779165975.861,0x300,8,39 DF 3E DB 4A 57 B1 2F,temp=97.00
1779165975.957,0x100,8,4A 5B 1B DB 48 5F 55 5E,speed=74.00
1779165976.050,0x200,8,B4 00 45 0F 9A 43 0C C3,fuel=0.00
1779165976.145,0x300,8,39 C5 4E A7 A8 56 5D 0A,temp=97.00
1779165976.241,0x100,8,4A CA F2 19 99 6B 91 F9,speed=74.00
1779165976.334,0x200,8,AF 00 70 54 F5 46 22 99,fuel=0.00
1779165976.429,0x300,8,39 51 4D 95 6C C8 95 FF,temp=97.00
1779165976.525,0x100,8,4A A0 14 E0 65 2F 7D F8,speed=74.00
1779165976.602,0x200,8,53 00 4A A2 4B 91 45 E9,fuel=0.00
1779165976.697,0x300,8,39 39 4F 90 0A FE 41 06,temp=97.00
1779165976.792,0x100,8,4A 7E 10 26 81 FD 08 A3,speed=74.00
1779165976.888,0x200,8,BD 00 40 4A 8B E0 8E 64,fuel=0.00
1779165976.985,0x300,8,39 79 0A 4F 04 D1 A1 52,temp=97.00
1779165977.078,0x100,8,4A 48 47 B3 E0 E6 09 C8,speed=74.00
1779165977.174,0x200,8,80 00 59 ED 94 40 4E E3,fuel=0.00
1779165977.269,0x300,8,39 F6 5C 10 BF BA 03 20,temp=97.00
1779165977.362,0x100,8,4A 34 D9 99 87 3B 72 12,speed=74.00
1779165977.456,0x200,8,42 00 66 BA EB 81 A1 BF,fuel=0.00
1779165977.550,0x300,8,39 13 15 20 73 0F 35 AC,temp=97.00
1779165977.645,0x100,8,4A BC B8 F5 BA FB 95 CD,speed=74.00
1779165977.741,0x200,8,BD 00 09 7A D7 A8 D0 F1,fuel=0.00
1779165977.835,0x300,8,39 FF 1A 7D 99 97 E5 89,temp=97.00
1779165977.928,0x100,8,4A 12 5E 80 26 B5 8A E9,speed=74.00
1779165978.023,0x200,8,26 00 B8 E7 AE 75 A3 8D,fuel=0.00
1779165978.102,0x300,8,39 EB 88 B5 56 DD 83 A6,temp=97.00
1779165978.198,0x100,8,4A 76 40 9E BD 12 E0 D1,speed=74.00
1779165978.293,0x200,8,D0 00 FA 45 BE 14 DB FA,fuel=0.00
1779165978.389,0x300,8,39 59 3C 17 E8 DD A4 25,temp=97.00
1779165978.483,0x100,8,4A EF 8E 47 A1 82 F7 EF,speed=74.00
1779165978.579,0x200,8,2B 00 D9 5A AB BE F4 49,fuel=0.00
1779165978.674,0x300,8,39 35 79 74 09 6A 71 68,temp=97.00
1779165978.769,0x100,8,4A 49 9F DC 1A 89 1A 68,speed=74.00
1779165978.864,0x200,8,11 00 CE 96 F8 1A 54 CF,fuel=0.00
1779165978.947,0x300,8,39 B2 E4 1F 70 7E E8 5D,temp=97.00
1779165979.053,0x100,8,4A FD BE 9D 92 F6 FD 5F,speed=74.00
1779165979.133,0x200,8,49 00 19 64 6E 1F 6C 50,fuel=0.00
1779165979.229,0x300,8,39 EA 8B B9 91 60 49 74,temp=97.00
1779165979.323,0x100,8,4A 0C 69 E2 52 13 B5 33,speed=74.00
1779165979.417,0x200,8,67 00 5D 38 5F A7 3A F8,fuel=0.00
1779165979.512,0x300,8,39 C0 2B F3 38 51 79 73,temp=97.00
1779165979.608,0x100,8,4A 16 28 1E A3 D4 44 47,speed=74.00
1779165979.700,0x200,8,38 00 4D E1 84 75 43 7E,fuel=0.00
1779165979.796,0x300,8,39 82 2E 40 A9 A8 96 FF,temp=97.00
1779165979.891,0x100,8,4A 54 FF 8C E2 28 18 4A,speed=74.00
1779165979.983,0x200,8,BE 00 95 08 D3 CA FD 9F,fuel=0.00
1779165980.082,0x300,8,39 5F C8 1F 6D C1 90 BF,temp=97.00
1779165980.176,0x100,8,4A BF D1 BD 69 B2 87 26,speed=74.00
1779165980.271,0x200,8,C2 00 4A F0 8A 25 8A 78,fuel=0.00
1779165980.366,0x300,8,39 50 6D 23 B4 23 90 21,temp=97.00
1779165980.462,0x100,8,4A A2 8F 49 A1 82 CB 83,speed=74.00
1779165980.558,0x200,8,BF 00 6D 38 6C 93 49 3F,fuel=0.00
1779165980.651,0x300,8,39 77 AB E9 67 6A 5B 37,temp=97.00
1779165980.746,0x100,8,4A 2D 4C 5B E2 BB EE 79,speed=74.00
1779165980.842,0x200,8,2B 00 AC E3 BB 27 92 34,fuel=0.00
1779165980.943,0x300,8,39 F1 76 1B 90 1C A1 50,temp=97.00
1779165981.032,0x100,8,4A 7F 35 93 05 6F 8E 7D,speed=74.00
1779165981.126,0x200,8,10 00 C4 2A 84 5E 35 AD,fuel=0.00
1779165981.222,0x300,8,39 01 76 A0 1E 8D F7 49,temp=97.00
1779165981.316,0x100,8,4A 7D 88 9C 94 2A 9B 48,speed=74.00
1779165981.412,0x200,8,5E 00 B8 0D 96 45 1B D3,fuel=0.00
1779165981.506,0x300,8,39 F4 84 68 8B F9 41 BB,temp=97.00
1779165981.600,0x100,8,4A E6 6A A5 75 D6 A1 9A,speed=74.00
1779165981.695,0x200,8,F5 00 77 A9 21 E9 36 75,fuel=0.00
1779165981.774,0x300,8,39 52 DC A2 54 6F 08 BA,temp=97.00
1779165981.871,0x100,8,4A F2 87 A9 66 A3 97 0A,speed=74.00
1779165981.969,0x200,8,AF 00 84 1E 32 5F 81 B7,fuel=0.00
1779165982.062,0x300,8,39 4F 1B 9A C7 E9 4A 51,temp=97.00
1779165982.156,0x100,8,4A F6 CF C1 99 CC 70 35,speed=74.00
1779165982.251,0x200,8,F5 00 A0 99 BC E3 32 26,fuel=0.00
1779165982.347,0x300,8,39 C1 24 BC 98 C4 53 80,temp=97.00
1779165982.442,0x100,8,4A C9 50 C5 D9 9B 8B 16,speed=74.00
1779165982.537,0x200,8,40 00 6B E6 06 13 73 F4,fuel=0.00
1779165982.632,0x300,8,39 B5 0E D0 9A FF 68 F3,temp=97.00
1779165982.727,0x100,8,4A 3D D3 DB 9A 57 7C 47,speed=74.00
1779165982.806,0x200,8,D5 00 8C E7 D0 DD A3 A8,fuel=0.00
1779165982.904,0x300,8,39 A5 55 5C 0A 9C B6 E2,temp=97.00
1779165982.995,0x100,8,4A 96 64 68 78 22 BD F7,speed=74.00
1779165983.090,0x200,8,A6 00 63 6E EE F2 02 83,fuel=0.00
1779165983.186,0x300,8,39 63 9D 7F 5F 41 D8 00,temp=97.00
1779165983.281,0x100,8,4A 7E 4F 17 84 AD AA 3B,speed=74.00
1779165983.374,0x200,8,DE 00 6B 06 EE 1B BC 38,fuel=0.00
1779165983.470,0x300,8,39 43 A0 A5 7E B2 1A 0A,temp=97.00
1779165983.566,0x100,8,4A B4 51 0A 34 FC D7 B3,speed=74.00
1779165983.660,0x200,8,78 00 D2 D9 E5 A4 F7 D7,fuel=0.00
1779165983.755,0x300,8,39 9A 9D 1F 16 60 17 3D,temp=97.00
1779165983.849,0x100,8,4A AE 9B 75 FE 0A 2B 97,speed=74.00
1779165983.945,0x200,8,BF 00 0A 4B 79 CF 30 D9,fuel=0.00
1779165984.039,0x300,8,39 CF D0 C7 E8 26 11 05,temp=97.00
1779165984.118,0x100,8,4A 1E 2D 89 FE BD 46 6C,speed=74.00
1779165984.213,0x200,8,8A 00 E5 3F 38 4B 0B 4B,fuel=0.00
1779165984.308,0x300,8,39 38 A2 5A 8B 0A 74 97,temp=97.00
1779165984.404,0x100,8,4A 56 F6 20 7A F7 D6 6F,speed=74.00
1779165984.496,0x200,8,31 00 33 70 46 A5 F1 E5,fuel=0.00
1779165984.590,0x300,8,39 07 01 37 B5 20 99 63,temp=97.00
1779165984.688,0x100,8,4A A3 E0 2B F2 17 1C B7,speed=74.00
1779165984.781,0x200,8,30 00 15 19 CA BE 5A 24,fuel=0.00
1779165984.876,0x300,8,39 0B AB E4 F7 56 DD 45,temp=97.00
1779165984.972,0x100,8,4A 60 9F F1 C6 F4 82 81,speed=74.00
1779165985.066,0x200,8,BB 00 24 2E EB D6 55 D8,fuel=0.00
1779165985.160,0x300,8,39 62 07 63 54 AC 77 EB,temp=97.00
1779165985.255,0x100,8,4A 53 4C FE A2 88 F1 68,speed=74.00
1779165985.350,0x200,8,85 00 F7 37 6A 5B BC CF,fuel=0.00
1779165985.446,0x300,8,39 CD 9B E6 2D FC E5 AB,temp=97.00
1779165985.541,0x100,8,4A 7C 6E 6C F3 35 AD 5A,speed=74.00
1779165985.638,0x200,8,6F 00 BD D3 A6 7A 89 D0,fuel=0.00
1779165985.732,0x300,8,39 B8 23 1D 79 38 D5 6B,temp=97.00
1779165985.825,0x100,8,4A 90 CC EE 3A 19 70 C5,speed=74.00
1779165985.940,0x200,8,97 00 2B F4 8D 3E 7C 3E,fuel=0.00
1779165986.030,0x300,8,39 F0 37 4E D9 F5 B6 4D,temp=97.00
1779165986.126,0x100,8,4A 96 60 13 A8 8E C3 64,speed=74.00
1779165986.220,0x200,8,06 00 DE F1 10 8B 82 7E,fuel=0.00
1779165986.316,0x300,8,39 52 FD 1A E3 67 F0 27,temp=97.00
1779165986.412,0x100,8,4A 2A 3E F7 67 C0 75 1E,speed=74.00
1779165986.505,0x200,8,B4 00 3C FA ED CA 41 33,fuel=0.00
1779165986.600,0x300,8,39 48 49 4C A3 7A E2 AF,temp=97.00
1779165986.694,0x100,8,4A 10 C6 C9 BD 8F A7 4D,speed=74.00
1779165986.788,0x200,8,BC 00 BB 30 E0 B9 30 3D,fuel=0.00
1779165986.869,0x300,8,39 F8 10 89 6E A3 FA E5,temp=97.00
1779165986.965,0x100,8,4A 76 CB 22 B4 00 0F 2C,speed=74.00
1779165987.059,0x200,8,23 00 11 92 C9 34 AB 34,fuel=0.00
1779165987.152,0x300,8,39 B8 D9 9B 60 1E E7 55,temp=97.00
1779165987.247,0x100,8,4A 6C 96 F4 DC B2 08 5E,speed=74.00
1779165987.343,0x200,8,0E 00 A3 89 5B B9 3C 34,fuel=0.00
1779165987.437,0x300,8,39 BB BA 1F 1D D9 AA DF,temp=97.00
1779165987.533,0x100,8,4A 83 F9 52 3B 5E CB 6B,speed=74.00
1779165987.627,0x200,8,0B 00 B6 00 70 B3 7B AD,fuel=0.00
1779165987.722,0x300,8,39 6B 36 02 AC C9 8C 5E,temp=97.00
1779165987.816,0x100,8,4A F1 54 83 06 6F F1 98,speed=74.00
1779165987.913,0x200,8,5F 00 CB 46 B8 AE A2 E1,fuel=0.00
1779165988.008,0x300,8,39 2E B9 C5 06 8E CF F8,temp=97.00
1779165988.087,0x100,8,4A A7 B8 88 B1 30 62 33,speed=74.00
1779165988.182,0x200,8,40 00 58 C2 37 F0 75 99,fuel=0.00
1779165988.277,0x300,8,39 E9 B8 7A F8 F8 AC 6B,temp=97.00
1779165988.374,0x100,8,4A ED 52 42 C0 61 79 40,speed=74.00
1779165988.467,0x200,8,8F 00 5A CA FB 93 3A C9,fuel=0.00
1779165988.564,0x300,8,39 70 D0 81 FC 63 C2 C3,temp=97.00
1779165988.658,0x100,8,4A F2 02 C3 B6 25 0E C6,speed=74.00
1779165988.752,0x200,8,6E 00 CA 57 6B 7D 39 A9,fuel=0.00
1779165988.851,0x300,8,39 38 03 7B 85 A4 DE 11,temp=97.00
1779165988.930,0x100,8,4A 3C C9 41 76 47 2C 06,speed=74.00
1779165989.027,0x200,8,4E 00 8B AB 6A 15 31 BF,fuel=0.00
1779165989.121,0x300,8,39 DB 8F B7 6D A0 2F 61,temp=97.00
1779165989.215,0x100,8,4A 60 93 AF 04 84 1D 43,speed=74.00
1779165989.311,0x200,8,8C 00 6A 65 1D F5 26 52,fuel=0.00
1779165989.406,0x300,8,39 2C F5 CC 7C 3D 3B C5,temp=97.00
1779165989.501,0x100,8,4A EF A8 DF 3C A4 41 0C,speed=74.00
1779165989.596,0x200,8,2A 00 8C BC 1D E3 93 F5,fuel=0.00
1779165989.692,0x300,8,39 FA EC 26 EC FA 55 6B,temp=97.00
1779165989.786,0x100,8,4A 81 4A 9C 00 54 A0 F0,speed=74.00
1779165989.881,0x200,8,D2 00 74 3C F0 DA 91 12,fuel=0.00
1779165989.975,0x300,8,39 D9 6E 11 D4 0F 9B 20,temp=97.00
1779165990.071,0x100,8,4A CA 16 98 BA D2 D0 21,speed=74.00
1779165990.165,0x200,8,C4 00 95 FB 44 FB 18 D7,fuel=0.00
1779165990.245,0x300,8,39 14 6C 93 C4 BB 37 31,temp=97.00
1779165990.339,0x100,8,4A 27 6D FA BC DE A1 D8,speed=74.00
1779165990.434,0x200,8,CC 00 54 CF 00 A3 AE CC,fuel=0.00
1779165990.529,0x300,8,39 6E 90 9D 9E 79 B9 31,temp=97.00
1779165990.625,0x100,8,4A 73 62 71 7F C8 4A 5B,speed=74.00
1779165990.721,0x200,8,02 00 4C 20 3B 88 C7 EE,fuel=0.00
1779165990.814,0x300,8,39 1D 33 E2 5A 8A 2A BC,temp=97.00
1779165990.901,0x100,8,4A C5 C4 08 CB 3E 67 E3,speed=74.00
1779165990.995,0x200,8,5D 00 F2 65 16 E2 54 CF,fuel=0.00
1779165991.090,0x300,8,39 12 B7 D7 87 8A 5D FD,temp=97.00
1779165991.185,0x100,8,4A 79 2E 87 74 D1 7F D7,speed=74.00
1779165991.280,0x200,8,53 00 6C 8B 06 10 B4 C3,fuel=0.00
1779165991.374,0x300,8,39 50 41 95 E3 CB AD 61,temp=97.00
1779165991.469,0x100,8,4A C5 2F ED 37 7A 05 DA,speed=74.00
1779165991.564,0x200,8,7E 00 B8 7C 03 DC 75 9B,fuel=0.00
1779165991.659,0x300,8,39 22 2A 0D 91 D8 BA EF,temp=97.00
1779165991.754,0x100,8,4A 36 F8 37 86 98 EA CC,speed=74.00
1779165991.855,0x200,8,38 00 60 00 02 54 41 8F,fuel=0.00
1779165991.932,0x300,8,39 E6 38 D1 48 91 C2 E0,temp=97.00
1779165992.027,0x100,8,4A 69 82 96 49 6F 3A 38,speed=74.00
1779165992.121,0x200,8,88 00 ED 71 FF 68 DD BB,fuel=0.00
1779165992.218,0x300,8,39 AB 57 C3 C4 85 19 EB,temp=97.00
1779165992.312,0x100,8,4A 57 E0 01 14 C3 06 A0,speed=74.00
1779165992.407,0x200,8,5F 00 C4 5D EF 11 F3 3C,fuel=0.00
1779165992.502,0x300,8,39 97 BF 18 21 55 56 CD,temp=97.00
1779165992.597,0x100,8,4A C9 C0 0D 5B 83 2D 93,speed=74.00
1779165992.691,0x200,8,1F 00 5E 23 68 92 01 63,fuel=0.00
1779165992.787,0x300,8,39 BF EA FC 14 9F DD C6,temp=97.00
1779165992.880,0x100,8,4A 4C D9 8C 5D 56 92 DF,speed=74.00
1779165992.976,0x200,8,63 00 EE 93 2B 41 0A 30,fuel=0.00
1779165993.069,0x300,8,39 D4 BB DF AD 81 0F 7B,temp=97.00
1779165993.163,0x100,8,4A ED D9 D5 E1 25 54 7D,speed=74.00
1779165993.259,0x200,8,11 00 81 FD 62 E1 CF CF,fuel=0.00
1779165993.354,0x300,8,39 AD 00 73 59 CE 2A 01,temp=97.00
1779165993.449,0x100,8,4A CB 75 61 62 6C 0D 39,speed=74.00
1779165993.545,0x200,8,00 00 B3 86 94 A0 9E 45,fuel=0.00
1779165993.642,0x300,8,39 D6 A9 5C 71 95 2E A9,temp=97.00
1779165993.735,0x100,8,4A 98 3E C1 78 28 48 2A,speed=74.00
1779165993.832,0x200,8,8B 00 CB 50 EC F7 FA 3D,fuel=0.00
1779165993.926,0x300,8,39 A0 60 D2 0C C2 A4 FF,temp=97.00
1779165994.032,0x100,8,4A 7A 66 CA 09 E1 6B C4,speed=74.00
1779165994.115,0x200,8,DE 00 48 1B A7 06 00 32,fuel=0.00
1779165994.211,0x300,8,39 C7 D7 10 85 BB 71 AE,temp=97.00
1779165994.290,0x100,8,4A CB 97 03 F4 07 27 37,speed=74.00
1779165994.385,0x200,8,7F 00 C8 85 D4 06 DD 62,fuel=0.00
1779165994.480,0x300,8,39 96 C5 6E DC B7 74 7D,temp=97.00
1779165994.575,0x100,8,4A DF 6A 51 A2 DF 68 34,speed=74.00
1779165994.670,0x200,8,75 00 4E 9E 16 2A 90 F1,fuel=0.00
1779165994.762,0x300,8,39 89 56 EC 3B 65 F4 75,temp=97.00
1779165994.857,0x100,8,4A 16 F2 12 3C 32 57 11,speed=74.00
1779165994.950,0x200,8,C8 00 C7 25 35 1B 88 76,fuel=0.00
1779165995.042,0x300,8,39 67 84 B7 FB 64 D2 EF,temp=97.00
1779165995.139,0x100,8,4A 8B 39 03 26 ED 62 7C,speed=74.00
1779165995.233,0x200,8,0A 00 04 23 F4 A5 1B 25,fuel=0.00
1779165995.327,0x300,8,39 B7 D0 1B 2F 52 7D 5C,temp=97.00
1779165995.422,0x100,8,4A EF 20 9B C1 17 E0 58,speed=74.00
1779165995.517,0x200,8,A4 00 58 9E B0 BF F8 10,fuel=0.00
1779165995.612,0x300,8,39 C7 2F 83 76 F2 DE C0,temp=97.00
1779165995.708,0x100,8,4A B9 0D 47 CC 47 D4 2B,speed=74.00
1779165995.801,0x200,8,FD 00 E5 F5 05 B5 85 63,fuel=0.00
1779165995.896,0x300,8,39 A9 2E 4C FB 27 9A EB,temp=97.00
1779165995.994,0x100,8,4A A7 28 62 F6 ED 5C 7F,speed=74.00
1779165996.071,0x200,8,8D 00 92 E8 09 36 9C 94,fuel=0.00
1779165996.167,0x300,8,39 AF 76 88 2E FF C8 8E,temp=97.00
1779165996.262,0x100,8,4A 8C 7A 61 6F 76 BD C0,speed=74.00
1779165996.357,0x200,8,0E 00 73 4C B3 14 32 B8,fuel=0.00
1779165996.451,0x300,8,39 C7 19 E3 BB C6 AE 34,temp=97.00
1779165996.545,0x100,8,4A 1C CD 7B 38 EA 77 D8,speed=74.00
1779165996.640,0x200,8,E3 00 98 6B EF CC 55 AB,fuel=0.00
1779165996.737,0x300,8,39 5B C9 30 6A 70 7A 80,temp=97.00
1779165996.830,0x100,8,4A E6 4D C0 94 E3 5B 87,speed=74.00
1779165996.926,0x200,8,19 00 42 01 D5 D8 55 5E,fuel=0.00
1779165997.020,0x300,8,39 08 9B 86 1C E5 F2 DD,temp=97.00
1779165997.115,0x100,8,4A 38 EF 1E FA 9F 14 84,speed=74.00
1779165997.211,0x200,8,45 00 87 9F 84 15 65 B7,fuel=0.00
1779165997.291,0x300,8,39 0D 30 39 D5 38 CA F7,temp=97.00
1779165997.385,0x100,8,4A 60 98 08 9D A3 B1 73,speed=74.00
1779165997.479,0x200,8,A4 00 F8 63 B3 1F 47 6B,fuel=0.00
1779165997.575,0x300,8,39 8B 85 B3 B1 C1 36 9E,temp=97.00
1779165997.670,0x100,8,4A 1C CA C3 14 4C DC 57,speed=74.00
1779165997.764,0x200,8,63 00 CE DA E8 F8 C5 ED,fuel=0.00
1779165997.860,0x300,8,39 97 41 BE A2 53 AB 2D,temp=97.00
1779165997.947,0x100,8,4A F4 58 DA 56 A6 5C 84,speed=74.00
1779165998.046,0x200,8,72 00 97 40 72 9E E7 6E,fuel=0.00
1779165998.140,0x300,8,39 2E C9 74 BE 4B A7 27,temp=97.00
1779165998.235,0x100,8,4A 11 4C 27 D3 A3 C6 AF,speed=74.00
1779165998.330,0x200,8,78 00 65 CA 1B B4 07 0F,fuel=0.00
1779165998.424,0x300,8,39 37 A4 AD C2 01 CF DF,temp=97.00
1779165998.520,0x100,8,4A 2C 9F F2 86 25 B8 18,speed=74.00
1779165998.618,0x200,8,AD 00 3A 6B 82 3A AE 62,fuel=0.00
1779165998.710,0x300,8,39 E7 53 09 88 89 03 06,temp=97.00
1779165998.804,0x100,8,4A A3 5A 33 84 0E CE 59,speed=74.00
1779165998.884,0x200,8,70 00 82 85 5A DD 94 3A,fuel=0.00
1779165998.978,0x300,8,39 B6 46 AA 4A D1 F7 A0,temp=97.00
1779165999.074,0x100,8,4A 57 71 25 EA 5C CB 94,speed=74.00
1779165999.169,0x200,8,83 00 AD BA E1 CE BD 41,fuel=0.00
1779165999.262,0x300,8,39 B4 EE A3 6B 3E 84 CF,temp=97.00
1779165999.358,0x100,8,4A 79 96 DC 5B 8B 11 C9,speed=74.00
1779165999.453,0x200,8,CE 00 CA 57 57 DC 5C DD,fuel=0.00
1779165999.548,0x300,8,39 4F 29 34 B1 FB 19 16,temp=97.00
1779165999.643,0x100,8,4A 22 8D C4 16 E3 B8 98,speed=74.00
1779165999.738,0x200,8,95 00 69 F2 2A 6D 07 6D,fuel=0.00
1779165999.834,0x300,8,39 05 29 3C D8 A1 92 27,temp=97.00
1779165999.932,0x100,8,4A B8 62 F3 0B FD F5 2E,speed=74.00
1779166000.022,0x200,8,65 00 D1 98 F0 C5 1F BA,fuel=0.00
1779166000.118,0x300,8,39 95 EA 81 5A F5 C7 4B,temp=97.00
1779166000.213,0x100,8,4A 46 F1 41 D9 18 D5 08,speed=74.00
1779166000.308,0x200,8,8D 00 5A 15 8B DD 8F E5,fuel=0.00
1779166000.403,0x300,8,39 32 37 59 B4 67 A3 A8,temp=97.00
1779166000.496,0x100,8,4A FE 93 81 84 31 4A 58,speed=74.00
1779166000.590,0x200,8,25 00 E2 CD 42 C7 4A 5C,fuel=0.00
1779166000.686,0x300,8,39 84 A1 22 E6 91 C1 4A,temp=97.00
1779166000.781,0x100,8,4A F1 C3 71 20 0F 19 5F,speed=74.00
1779166000.876,0x200,8,F9 00 FB 4A 47 40 1B 6B,fuel=0.00
1779166000.978,0x300,8,39 DD 3A C6 E6 39 17 6A,temp=97.00
1779166001.058,0x100,8,4A 59 35 C5 36 52 59 CE,speed=74.00
1779166001.150,0x200,8,2D 00 B6 09 59 AC 23 6F,fuel=0.00
1779166001.245,0x300,8,39 71 B8 52 91 F2 23 37,temp=97.00
1779166001.341,0x100,8,4A 27 BF 20 12 67 47 5F,speed=74.00
1779166001.435,0x200,8,D9 00 FB 3F D7 A8 77 AD,fuel=0.00
1779166001.529,0x300,8,39 FC 46 79 FF 18 CC B9,temp=97.00
1779166001.625,0x100,8,4A ED B4 D4 90 61 2C AC,speed=74.00
1779166001.719,0x200,8,E0 00 C3 A2 89 48 6F 46,fuel=0.00
1779166001.813,0x300,8,39 9E 81 AC 6E 1A EF B2,temp=97.00
1779166001.909,0x100,8,4A 22 34 59 13 B3 EA 2A,speed=74.00
1779166002.004,0x200,8,22 00 2C 84 26 AE 8C A3,fuel=0.00
1779166002.099,0x300,8,39 83 88 9D 4C FB 6F 44,temp=97.00
1779166002.182,0x100,8,4A 04 DD F4 B1 ED 42 28,speed=74.00
1779166002.274,0x200,8,76 00 F5 1D C1 75 5B 31,fuel=0.00
1779166002.370,0x300,8,39 C7 BD 5B 36 C7 B8 82,temp=97.00
1779166002.466,0x100,8,4A A2 07 7A E1 8E 01 E3,speed=74.00
1779166002.562,0x200,8,3F 00 17 FB 8B 58 2E 02,fuel=0.00
1779166002.657,0x300,8,39 3E 8E 45 B4 A8 66 76,temp=97.00
1779166002.749,0x100,8,4A 0D 7A 38 B2 6A 84 7A,speed=74.00
1779166002.846,0x200,8,DA 00 48 C8 02 61 52 39,fuel=0.00
1779166002.941,0x300,8,39 E2 26 7C EE 47 2E 2C,temp=97.00
1779166003.032,0x100,8,4A 1C 6F 6D F2 2C F6 F5,speed=74.00
1779166003.128,0x200,8,CC 00 70 17 5F 98 86 ED,fuel=0.00
1779166003.223,0x300,8,39 AD A0 B6 9D 63 19 34,temp=97.00
1779166003.319,0x100,8,4A 1D DC E4 A0 96 2D 99,speed=74.00
1779166003.414,0x200,8,40 00 1A 02 C1 2D 2F 5A,fuel=0.00
1779166003.492,0x300,8,39 DD B5 3E AA 08 B6 36,temp=97.00
1779166003.587,0x100,8,4A 90 9F F4 98 EF DD F8,speed=74.00
1779166003.682,0x200,8,26 00 B4 F9 B9 CE 19 DE,fuel=0.00
1779166003.777,0x300,8,39 5C 04 19 48 A5 E6 24,temp=97.00
1779166003.872,0x100,8,4A 6B 91 A7 FE 8B C3 D0,speed=74.00
1779166003.967,0x200,8,26 00 A8 A6 26 80 31 C1,fuel=0.00
1779166004.061,0x300,8,39 7C 07 C0 07 C9 C8 3C,temp=97.00
1779166004.154,0x100,8,4A E9 4A FE 4C BE AB 54,speed=74.00
1779166004.254,0x200,8,93 00 A6 32 E2 43 3D 74,fuel=0.00
1779166004.346,0x300,8,39 A0 29 AE F9 57 BC 11,temp=97.00
1779166004.442,0x100,8,4A 61 FB 35 AE CF 17 62,speed=74.00
1779166004.537,0x200,8,C5 00 74 A9 9F 20 F4 7D,fuel=0.00
1779166004.632,0x300,8,39 F8 EF D8 C5 41 1B 53,temp=97.00
1779166004.727,0x100,8,4A 46 15 E8 70 02 7E E3,speed=74.00
1779166004.807,0x200,8,60 00 73 35 9E 39 B1 0B,fuel=0.00
1779166004.902,0x300,8,39 32 88 37 81 35 39 C2,temp=97.00
1779166004.997,0x100,8,4A 98 D6 12 E9 7A 4D 36,speed=74.00
1779166005.093,0x200,8,8A 00 95 ED 64 73 E8 59,fuel=0.00
1779166005.188,0x300,8,39 59 DF AF CE DC 75 D2,temp=97.00
1779166005.284,0x100,8,4A 5A AF 7F E2 81 E1 49,speed=74.00
1779166005.379,0x200,8,2B 00 BD 5D D6 02 78 D5,fuel=0.00
1779166005.474,0x300,8,39 B3 15 1F DC 47 BD C9,temp=97.00
1779166005.571,0x100,8,4A 64 6E EF 7C C6 63 29,speed=74.00
1779166005.666,0x200,8,38 00 97 95 0E 68 13 08,fuel=0.00
1779166005.745,0x300,8,39 5C A1 C8 8A 1C 4B 18,temp=97.00
1779166005.841,0x100,8,4A 8A 45 D8 3A 2C C8 A9,speed=74.00
1779166005.936,0x200,8,FC 00 76 55 76 31 0B 3B,fuel=0.00
1779166006.030,0x300,8,39 6C 06 68 CD 1F 37 C8,temp=97.00
1779166006.124,0x100,8,4A D6 8D 06 21 B1 4A AE,speed=74.00
1779166006.218,0x200,8,37 00 A0 13 97 3F 77 38,fuel=0.00
1779166006.314,0x300,8,39 F6 89 CC 27 33 4F 91,temp=97.00
1779166006.409,0x100,8,4A 15 78 09 69 6A 8A 1B,speed=74.00
1779166006.505,0x200,8,28 00 15 28 5B A5 C7 6D,fuel=0.00
1779166006.600,0x300,8,39 D1 BA A3 0A F6 98 CC,temp=97.00
1779166006.694,0x100,8,4A 3D 43 6E CD B4 F2 D3,speed=74.00
1779166006.788,0x200,8,53 00 59 93 2A E5 8F 05,fuel=0.00
1779166006.880,0x300,8,39 79 A9 01 24 94 F0 54,temp=97.00
1779166006.968,0x100,8,4A 46 FF DC E0 D4 93 EA,speed=74.00
1779166007.060,0x200,8,D2 00 F1 88 69 19 9D 5C,fuel=0.00
1779166007.154,0x300,8,39 81 34 BA 1A 94 95 88,temp=97.00
1779166007.247,0x100,8,4A C2 89 15 3D 27 E2 FA,speed=74.00
1779166007.341,0x200,8,C0 00 E4 51 AE 9A E5 E3,fuel=0.00
1779166007.437,0x300,8,39 D3 28 EA 00 C2 29 FA,temp=97.00
1779166007.532,0x100,8,4A F2 83 7E 8C 59 54 73,speed=74.00
1779166007.626,0x200,8,88 00 36 D4 6A 46 FD 07,fuel=0.00
1779166007.722,0x300,8,39 9E BC BD 1A B1 3A 59,temp=97.00
1779166007.816,0x100,8,4A 67 4B AF 4F C0 C0 90,speed=74.00
1779166007.914,0x200,8,99 00 E5 84 AC 20 39 4E,fuel=0.00
1779166008.006,0x300,8,39 47 39 01 60 68 13 EE,temp=97.00
1779166008.086,0x100,8,4A F9 90 B8 71 15 31 0E,speed=74.00
1779166008.195,0x200,8,78 00 9F C6 63 F4 82 6D,fuel=0.00
1779166008.274,0x300,8,39 F5 06 27 54 D7 6B 30,temp=97.00
1779166008.371,0x100,8,4A 73 2C 0A 45 93 07 D8,speed=74.00
1779166008.467,0x200,8,E4 00 99 26 30 91 9B AE,fuel=0.00
1779166008.564,0x300,8,39 2F 51 90 42 33 C8 34,temp=97.00
1779166008.657,0x100,8,4A 3D 74 72 14 8A 3F 41,speed=74.00
1779166008.750,0x200,8,D4 00 C8 DE 97 7F 9F 9F,fuel=0.00
1779166008.846,0x300,8,39 A9 96 BA 35 0F 84 98,temp=97.00
1779166008.935,0x100,8,4A AA 5F 4C 23 DB B3 BB,speed=74.00
1779166009.036,0x200,8,85 00 26 BF 83 60 C7 F9,fuel=0.00
1779166009.132,0x300,8,39 04 2B 85 CB 3E 0B 98,temp=97.00
1779166009.225,0x100,8,4A C1 1D 44 04 4E 0C EA,speed=74.00
1779166009.305,0x200,8,DF 00 83 2C 54 83 7A 14,fuel=0.00
1779166009.401,0x300,8,39 66 77 5D 7E B9 A6 BD,temp=97.00
1779166009.497,0x100,8,4A 29 6E 4F 82 AD 7A 98,speed=74.00
1779166009.593,0x200,8,70 00 BB 70 F4 79 EB FE,fuel=0.00
1779166009.689,0x300,8,39 B3 06 82 B9 33 44 1B,temp=97.00
1779166009.784,0x100,8,4A 33 A7 20 99 60 70 C1,speed=74.00
1779166009.879,0x200,8,A6 00 85 57 37 A7 BF 7D,fuel=0.00
1779166009.974,0x300,8,39 B2 51 07 31 81 92 E2,temp=97.00
1779166010.069,0x100,8,4A 02 D2 0E 18 1B B7 2E,speed=74.00
1779166010.163,0x200,8,2E 00 AC BE 1B C5 8C 11,fuel=0.00
1779166010.243,0x300,8,39 AC 69 1E A9 86 B1 04,temp=97.00
1779166010.337,0x100,8,4A 4D 54 26 1B B0 A5 BF,speed=74.00
1779166010.433,0x200,8,12 00 EE 58 02 32 5F 4F,fuel=0.00
1779166010.529,0x300,8,39 ED 04 FF AA 8C B7 77,temp=97.00
1779166010.624,0x100,8,4A 94 58 72 05 C0 8E E7,speed=74.00
1779166010.719,0x200,8,B0 00 A9 D7 F6 A7 D6 19,fuel=0.00
1779166010.812,0x300,8,39 9E 96 68 F5 E6 B4 95,temp=97.00
1779166010.906,0x100,8,4A F1 22 60 13 88 9B DF,speed=74.00
1779166011.001,0x200,8,02 00 4E FC 7F BD D4 BC,fuel=0.00
1779166011.094,0x300,8,39 27 F7 A1 AD 0B 63 9E,temp=97.00
1779166011.191,0x100,8,4A 5B 4A 0E D0 59 FC FB,speed=74.00
1779166011.287,0x200,8,32 00 8F AF 04 74 35 02,fuel=0.00
1779166011.381,0x300,8,39 33 64 58 43 AB 95 E0,temp=97.00
1779166011.474,0x100,8,4A DD 9C D1 74 E8 49 35,speed=74.00
1779166011.571,0x200,8,82 00 BF 3A 67 B4 11 04,fuel=0.00
1779166011.665,0x300,8,39 C1 FD 4A 1E C8 B5 B5,temp=97.00
1779166011.758,0x100,8,4A BA C8 DB B5 1E 5E 9B,speed=74.00
1779166011.855,0x200,8,3D 00 AF EB 85 C1 A4 92,fuel=0.00
1779166011.954,0x300,8,39 CE DB 3A F1 73 75 DB,temp=97.00
1779166012.046,0x100,8,4A 10 B1 AA D5 51 90 B1,speed=74.00
1779166012.142,0x200,8,F6 00 1F 38 15 FC E1 43,fuel=0.00
1779166012.237,0x300,8,39 06 4A 62 39 A0 90 EF,temp=97.00
1779166012.333,0x100,8,4A D7 99 65 EB 20 8A 75,speed=74.00
1779166012.428,0x200,8,F6 00 72 34 13 4F 71 30,fuel=0.00
1779166012.522,0x300,8,39 E2 53 33 5C E5 B9 0C,temp=97.00
1779166012.615,0x100,8,4A E8 55 DF C5 C0 F9 69,speed=74.00
1779166012.710,0x200,8,B4 00 7C 41 A4 7B 4D BA,fuel=0.00
1779166012.805,0x300,8,39 D5 46 C5 31 FB 97 32,temp=97.00
1779166012.885,0x100,8,4A 33 69 F7 56 16 53 8E,speed=74.00
1779166012.992,0x200,8,DB 00 8C 96 3B 26 4E 87,fuel=0.00
1779166013.084,0x300,8,39 58 E9 55 51 5E 03 9A,temp=97.00
1779166013.178,0x100,8,4A 28 48 FC 14 60 7F 1B,speed=74.00
1779166013.272,0x200,8,0F 00 37 21 28 0A 2E A0,fuel=0.00
1779166013.353,0x300,8,39 48 D2 19 F1 11 59 74,temp=97.00
1779166013.448,0x100,8,4A 42 7B 16 B0 15 92 C9,speed=74.00
1779166013.542,0x200,8,09 00 36 B8 CF A3 44 48,fuel=0.00
1779166013.638,0x300,8,39 5C B3 08 67 43 D6 51,temp=97.00
1779166013.733,0x100,8,4A 92 7D 41 32 EA B0 C3,speed=74.00
1779166013.827,0x200,8,D9 00 55 96 C9 2E F3 3A,fuel=0.00
1779166013.926,0x300,8,39 1A AA 0B 91 69 6B 37,temp=97.00
1779166014.018,0x100,8,4A DE 0F 6D 66 5F D4 C2,speed=74.00
1779166014.112,0x200,8,E3 00 5E 74 D8 F7 5D B3,fuel=0.00
1779166014.207,0x300,8,39 43 7C B3 D8 A7 15 DC,temp=97.00
1779166014.302,0x100,8,4A 0B A8 94 FB 63 35 D9,speed=74.00
1779166014.396,0x200,8,A4 00 55 59 01 13 E9 22,fuel=0.00
1779166014.492,0x300,8,39 B1 F5 ED A4 D4 76 10,temp=97.00
1779166014.572,0x100,8,4A 90 BA A7 CA C7 C7 AA,speed=74.00
1779166014.667,0x200,8,11 00 DA 5D 4A FF 39 07,fuel=0.00
1779166014.761,0x300,8,39 FB 41 9B D0 D2 C6 68,temp=97.00
1779166014.858,0x100,8,4A B0 A3 CA 59 44 7A 7A,speed=74.00
1779166014.953,0x200,8,44 00 9A 51 CC B7 3D FA,fuel=0.00
1779166015.047,0x300,8,39 2C 73 83 98 A8 EA B0,temp=97.00
1779166015.143,0x100,8,4A 70 2A FF C3 82 FC 2E,speed=74.00
1779166015.238,0x200,8,0D 00 E6 0B 69 C0 B0 31,fuel=0.00
1779166015.333,0x300,8,39 5C 42 3C 86 A8 50 CF,temp=97.00
1779166015.428,0x100,8,4A 70 B8 2F 76 8E 0B A6,speed=74.00
1779166015.523,0x200,8,2B 00 63 4E B7 CA 27 5E,fuel=0.00
1779166015.603,0x300,8,39 2F 80 17 EA 80 52 84,temp=97.00
1779166015.698,0x100,8,4A D0 9E 2A D9 A1 C3 46,speed=74.00
1779166015.792,0x200,8,12 00 02 E0 58 09 0C 25,fuel=0.00
1779166015.887,0x300,8,39 5D D4 69 1D 3C 04 C5,temp=97.00
1779166015.981,0x100,8,4A 9B F0 49 C4 86 04 DA,speed=74.00
1779166016.078,0x200,8,1C 00 E2 35 92 7E 55 44,fuel=0.00
1779166016.172,0x300,8,39 19 23 9A CF 80 38 2A,temp=97.00
1779166016.266,0x100,8,4A 46 88 8D A0 41 A3 9B,speed=74.00
1779166016.360,0x200,8,01 00 71 65 60 BE AF EC,fuel=0.00
1779166016.456,0x300,8,39 F4 29 26 42 7D 7B A9,temp=97.00
1779166016.553,0x100,8,4A D5 F7 A6 C3 65 BF 04,speed=74.00
1779166016.646,0x200,8,01 00 B3 31 45 54 DB 9A,fuel=0.00
1779166016.740,0x300,8,39 05 59 51 B1 91 1E FA,temp=97.00
1779166016.835,0x100,8,4A BE A7 07 E4 19 AC AE,speed=74.00
1779166016.915,0x200,8,EB 00 43 CB 33 FD B5 E0,fuel=0.00
1779166017.008,0x300,8,39 E9 52 EC 9C A1 50 83,temp=97.00
1779166017.103,0x100,8,4A C3 70 87 19 B1 5A DD,speed=74.00
1779166017.198,0x200,8,6E 00 FA CB 1C 34 1B 3D,fuel=0.00
1779166017.292,0x300,8,39 89 18 03 ED C5 27 B6,temp=97.00
1779166017.388,0x100,8,4A 71 C1 17 B8 9B 0F BA,speed=74.00
1779166017.481,0x200,8,E8 00 17 97 6F 45 16 CC,fuel=0.00
1779166017.576,0x300,8,39 6B 01 1E 20 1D 17 72,temp=97.00
1779166017.670,0x100,8,4A 91 5D BE F8 62 67 25,speed=74.00
1779166017.766,0x200,8,52 00 A8 AD 92 02 C7 01,fuel=0.00
1779166017.861,0x300,8,39 61 7E E5 6A B6 83 29,temp=97.00
1779166017.957,0x100,8,4A 63 99 39 95 F8 A2 CB,speed=74.00
1779166018.052,0x200,8,75 00 E3 50 BE CA 98 8C,fuel=0.00
1779166018.145,0x300,8,39 7B A2 AF 99 D3 46 CA,temp=97.00
1779166018.240,0x100,8,4A 3D 4D 57 A4 3D 7A F2,speed=74.00
1779166018.334,0x200,8,83 00 62 B0 32 20 14 E6,fuel=0.00
1779166018.416,0x300,8,39 39 02 40 0B 5E 4D 18,temp=97.00
1779166018.524,0x100,8,4A 2A 37 25 BA D4 15 C4,speed=74.00
1779166018.620,0x200,8,B6 00 5E 00 3C B0 D0 34,fuel=0.00
1779166018.714,0x300,8,39 87 82 61 88 1A 73 4D,temp=97.00
1779166018.809,0x100,8,4A C3 67 C9 C6 11 91 47,speed=74.00
1779166018.900,0x200,8,11 00 56 53 9F 59 72 30,fuel=0.00
1779166019.003,0x300,8,39 22 A7 3E 80 6C FD 75,temp=97.00
1779166019.095,0x100,8,4A D4 EC 7D 6F BB 5E 7B,speed=74.00
1779166019.191,0x200,8,BE 00 59 45 EC B4 82 93,fuel=0.00
1779166019.287,0x300,8,39 F8 B0 70 06 B7 64 B1,temp=97.00
1779166019.381,0x100,8,4A F6 C6 92 D6 44 0D 77,speed=74.00
1779166019.478,0x200,8,8E 00 68 5B 54 02 C5 EC,fuel=0.00
1779166019.571,0x300,8,39 29 50 02 5D 47 89 C5,temp=97.00
1779166019.650,0x100,8,4A FD 94 D1 6C 9F 97 CE,speed=74.00
1779166019.744,0x200,8,E3 00 22 6F 29 1B 7A A0,fuel=0.00
1779166019.841,0x300,8,39 2F BC 32 75 86 BD 6B,temp=97.00
1779166019.936,0x100,8,4A BE 92 3E 69 72 74 84,speed=74.00
1779166020.032,0x200,8,94 00 F6 A3 DD 81 4F E5,fuel=0.00
1779166020.125,0x300,8,39 E7 3D 7B 37 6D 51 C4,temp=97.00
1779166020.220,0x100,8,4A A5 E7 E1 48 54 14 27,speed=74.00
1779166020.308,0x200,8,94 00 70 8A B2 A5 29 E4,fuel=0.00
1779166020.412,0x300,8,39 ED FD B3 1B 2A 4B 4C,temp=97.00
1779166020.506,0x100,8,4A DF 7A 9F C6 39 A6 9F,speed=74.00
1779166020.601,0x200,8,3F 00 3F 5A 21 8A EC CE,fuel=0.00
1779166020.688,0x300,8,39 5C 9D 86 4F F5 0C 08,temp=97.00
1779166020.775,0x100,8,4A DC E2 DB 12 7E D9 0B,speed=74.00
1779166020.874,0x200,8,77 00 57 CC D0 71 0A 1C,fuel=0.00
1779166020.965,0x300,8,39 D9 60 35 E2 E6 62 33,temp=97.00
1779166021.081,0x100,8,4A 82 A7 74 0F 4F 2C FD,speed=74.00
1779166021.154,0x200,8,94 00 E9 E8 52 46 EA 93,fuel=0.00
1779166021.255,0x300,8,39 42 0D 11 C1 86 94 B0,temp=97.00
1779166021.338,0x100,8,4A 45 A1 9F B4 F9 AA F3,speed=74.00
1779166021.437,0x200,8,BB 00 E5 C3 88 5F D4 D1,fuel=0.00
1779166021.537,0x300,8,39 44 F1 2D FD 04 C1 F8,temp=97.00
1779166021.621,0x100,8,4A 89 C7 84 98 A6 58 86,speed=74.00
1779166021.720,0x200,8,FB 00 5A 7F 51 FA 38 5D,fuel=0.00
1779166021.823,0x300,8,39 DC 90 12 6D A6 B3 85,temp=97.00
1779166021.904,0x100,8,4A 61 EC BB 22 BD 3F 52,speed=74.00
1779166022.005,0x200,8,7B 00 02 2E 04 86 B6 F5,fuel=0.00
1779166022.088,0x300,8,39 60 9D 9F D5 DA 85 21,temp=97.00
1779166022.187,0x100,8,4A 88 F4 67 40 A8 08 C2,speed=74.00
1779166022.288,0x200,8,91 00 98 43 05 A8 F1 9F,fuel=0.00
1779166022.369,0x300,8,39 9F 53 15 81 DD DE 4A,temp=97.00
1779166022.471,0x100,8,4A AB 36 8E 3A 25 76 5D,speed=74.00
1779166022.574,0x200,8,74 00 CB 02 26 B8 90 5F,fuel=0.00
1779166022.654,0x300,8,39 C5 E3 7D 44 74 DB 96,temp=97.00
1779166022.755,0x100,8,4A 03 3B 31 21 BD D0 61,speed=74.00
1779166022.837,0x200,8,32 00 70 7A EF A3 68 B7,fuel=0.00
1779166022.936,0x300,8,39 54 E8 CE 9F 42 21 7D,temp=97.00
1779166023.038,0x100,8,4A 90 DB 1C 14 B3 23 54,speed=74.00
1779166023.122,0x200,8,35 00 5B DF A3 5A C5 6F,fuel=0.00
1779166023.220,0x300,8,39 18 65 37 BA 0F 12 EC,temp=97.00
1779166023.307,0x100,8,4A D9 15 99 23 14 16 1E,speed=74.00
1779166023.404,0x200,8,AB 00 17 7F E1 75 17 CD,fuel=0.00
1779166023.504,0x300,8,39 61 37 1E 92 4B A6 3D,temp=97.00
1779166023.587,0x100,8,4A 45 01 87 EC E8 1F 76,speed=74.00
1779166023.687,0x200,8,2B 00 9A B8 56 D6 DF C5,fuel=0.00
1779166023.787,0x300,8,39 74 EE 94 8C 8F 3C FC,temp=97.00
1779166023.873,0x100,8,4A 69 EC 43 84 03 D8 AF,speed=74.00
1779166024.003,0x200,8,1A 00 35 42 36 5B DF 17,fuel=0.00
1779166024.057,0x300,8,39 61 CD 4F 62 B7 81 1C,temp=97.00
1779166024.154,0x100,8,4A 97 B6 88 08 7A A9 8B,speed=74.00
1779166024.254,0x200,8,C3 00 5F 69 C3 07 6C E4,fuel=0.00
1779166024.337,0x300,8,39 3C 57 C5 66 2C 7B D3,temp=97.00
1779166024.438,0x100,8,4A C1 5A 0A 5B AF B4 FC,speed=74.00
1779166024.538,0x200,8,E2 00 2A 19 91 51 37 7E,fuel=0.00
1779166024.623,0x300,8,39 E6 57 68 9E 04 59 23,temp=97.00
1779166024.721,0x100,8,4A 55 1D F6 8D F7 38 96,speed=74.00
1779166024.820,0x200,8,8E 00 AB 4D 4A CA B3 98,fuel=0.00
1779166024.906,0x300,8,39 3B 64 5D D2 7E 8C F7,temp=97.00
1779166025.004,0x100,8,4A 42 D6 89 02 38 3B FA,speed=74.00
1779166025.087,0x200,8,8F 00 7F B5 73 8D 6B 21,fuel=0.00
1779166025.186,0x300,8,39 36 7C 19 28 22 85 36,temp=97.00
1779166025.288,0x100,8,4A 4E D4 20 0E 7E 86 08,speed=74.00
1779166025.371,0x200,8,05 00 0D EB 93 11 5C B9,fuel=0.00
1779166025.472,0x300,8,39 09 BB DB EB 81 5D 92,temp=97.00
1779166025.558,0x100,8,4A 81 78 9D B8 96 C4 48,speed=74.00
1779166025.655,0x200,8,39 00 1F 38 1A 0A A6 A2,fuel=0.00
1779166025.755,0x300,8,39 12 02 2A 9C 6A 31 0C,temp=97.00
1779166025.840,0x100,8,4A A2 35 AD 22 22 7C 26,speed=74.00
1779166025.939,0x200,8,8D 00 4D D6 54 2A 24 E8,fuel=0.00
1779166026.033,0x300,8,39 C7 71 02 FA 9C 98 FC,temp=97.00
1779166026.128,0x100,8,4A 4A 6A B7 1F 71 EA 19,speed=74.00
1779166026.219,0x200,8,27 00 C7 F6 50 A8 D8 FC,fuel=0.00
1779166026.311,0x300,8,39 61 BB 87 31 60 F7 9F,temp=97.00
1779166026.406,0x100,8,4A C9 9C EA 09 10 95 F1,speed=74.00
1779166026.499,0x200,8,02 00 43 57 BB 22 71 5D,fuel=0.00
1779166026.592,0x300,8,39 0B D8 2D 46 0D CF EF,temp=97.00
1779166026.684,0x100,8,4A 16 3C 09 8C 9B E6 FE,speed=74.00
1779166026.778,0x200,8,77 00 01 48 4A 07 00 A7,fuel=0.00
1779166026.872,0x300,8,39 9E 6A A4 E7 DE 05 CF,temp=97.00
1779166026.967,0x100,8,4A 21 99 20 04 FB 9F 83,speed=74.00
1779166027.057,0x200,8,87 00 3E C5 D2 72 78 0A,fuel=0.00
1779166027.151,0x300,8,39 9A 38 27 95 4D 7F 7B,temp=97.00
1779166027.257,0x100,8,4A A7 75 12 E3 BC C1 E6,speed=74.00
1779166027.351,0x200,8,77 00 5E 67 2F F0 83 E8,fuel=0.00
1779166027.431,0x300,8,39 71 AE 79 8C 97 C7 E1,temp=97.00
1779166027.539,0x100,8,4A 6D E0 27 17 D5 46 56,speed=74.00
1779166027.633,0x200,8,F5 00 27 0D 37 4D BF BD,fuel=0.00
1779166027.725,0x300,8,39 DB B8 9A 2A D0 90 C9,temp=97.00
1779166027.816,0x100,8,4A 13 EB 5F ED 84 E9 E6,speed=74.00
1779166027.913,0x200,8,09 00 55 EA B9 69 85 80,fuel=0.00
1779166028.003,0x300,8,39 21 D0 2E 45 15 3E 37,temp=97.00
1779166028.096,0x100,8,4A 3C C4 E2 C1 00 C7 BD,speed=74.00
1779166028.189,0x200,8,75 00 2D D7 0F 68 EF 95,fuel=0.00
1779166028.283,0x300,8,39 00 82 38 FA 9B 38 1E,temp=97.00
1779166028.377,0x100,8,4A 8B 9D 03 A9 72 DF FA,speed=74.00
1779166028.470,0x200,8,E5 00 83 79 5C 2D 83 D5,fuel=0.00
1779166028.566,0x300,8,39 B0 52 9B D6 A2 8F D1,temp=97.00
1779166028.658,0x100,8,4A F9 22 E8 4D 73 47 F8,speed=74.00
1779166028.751,0x200,8,5C 00 3D 53 E0 D9 9D 11,fuel=0.00
1779166028.846,0x300,8,39 02 0E 05 E7 BE 5B 71,temp=97.00
1779166028.939,0x100,8,4A 46 4F 86 E7 11 F2 7C,speed=74.00
1779166029.033,0x200,8,0D 00 BA A3 93 62 E9 C8,fuel=0.00
1779166029.123,0x300,8,39 4C 9D 05 9E 39 6B 8A,temp=97.00
1779166029.216,0x100,8,4A 06 EA DD 67 BF 05 18,speed=74.00
1779166029.308,0x200,8,42 00 C4 F4 0F C2 2D 73,fuel=0.00
1779166029.404,0x300,8,39 FE 4D 61 B6 F1 04 FD,temp=97.00
1779166029.497,0x100,8,4A F4 0A F5 4C D6 62 75,speed=74.00
1779166029.589,0x200,8,6F 00 DC B6 0B 4B 74 C0,fuel=0.00
1779166029.682,0x300,8,39 01 1B E6 6D E8 20 95,temp=97.00
1779166029.774,0x100,8,4A 99 9E 3C D0 1B 5C 3C,speed=74.00
1779166029.881,0x200,8,C0 00 F1 90 B4 85 BE 31,fuel=0.00
1779166029.975,0x300,8,39 11 7F 1A 77 11 F7 3B,temp=97.00
1779166030.068,0x100,8,4A 56 1C 1E 71 0C EA FE,speed=74.00
1779166030.160,0x200,8,B3 00 B7 2C CB 0A A0 03,fuel=0.00
1779166030.257,0x300,8,39 75 2D 61 90 38 3B E7,temp=97.00
1779166030.347,0x100,8,4A B8 1F 28 4B 12 B7 65,speed=74.00
1779166030.440,0x200,8,C4 00 27 54 D8 C0 6A 43,fuel=0.00
1779166030.535,0x300,8,39 88 43 74 6A 57 72 5D,temp=97.00
1779166030.630,0x100,8,4A AE 35 F5 72 AD 67 D7,speed=74.00
1779166030.723,0x200,8,27 00 24 3C 72 42 54 37,fuel=0.00
1779166030.816,0x300,8,39 98 3D 2A E8 6E 1B 2C,temp=97.00
1779166030.909,0x100,8,4A 3D C9 ED AC 02 D8 15,speed=74.00
1779166031.005,0x200,8,78 00 B8 4B 15 42 19 BE,fuel=0.00
1779166031.094,0x300,8,39 1C DF 09 D2 40 F6 68,temp=97.00
1779166031.188,0x100,8,4A D1 74 DE E7 A6 AC D1,speed=74.00
1779166031.281,0x200,8,A5 00 DC B9 FC 08 0B B8,fuel=0.00
1779166031.377,0x300,8,39 1F A8 D3 73 3A 97 D2,temp=97.00
1779166031.471,0x100,8,4A 5F 70 47 D9 76 80 CE,speed=74.00
1779166031.563,0x200,8,54 00 90 0C E8 D2 88 47,fuel=0.00
1779166031.654,0x300,8,39 10 B0 FF FD 64 F2 F5,temp=97.00
1779166031.748,0x100,8,4A 59 AA BC A9 08 82 F6,speed=74.00
1779166031.844,0x200,8,0D 00 8E 7D 0E 32 51 F7,fuel=0.00
1779166031.937,0x300,8,39 E2 93 4B 20 46 A7 4E,temp=97.00
1779166032.027,0x100,8,4A 36 EE 97 9A 01 C2 75,speed=74.00
1779166032.124,0x200,8,29 00 C7 3A D8 B3 29 C8,fuel=0.00
1779166032.217,0x300,8,39 B7 9C 73 FA 17 EA C5,temp=97.00
1779166032.309,0x100,8,4A 89 0C DD 11 B6 7A 3B,speed=74.00
1779166032.402,0x200,8,2A 00 1A AA AE 4E DB B8,fuel=0.00
1779166032.495,0x300,8,39 27 00 31 70 8F F2 F1,temp=97.00
1779166032.590,0x100,8,4A B1 8E 71 20 FC F8 D2,speed=74.00
1779166032.684,0x200,8,23 00 12 F4 3B 02 14 1B,fuel=0.00
1779166032.775,0x300,8,39 C8 6F D7 47 4D 02 5C,temp=97.00
1779166032.871,0x100,8,4A F1 C7 4B 83 41 81 D9,speed=74.00
1779166032.966,0x200,8,67 00 23 60 12 17 C2 5D,fuel=0.00
1779166033.073,0x300,8,39 A9 F3 34 12 4E 86 89,temp=97.00
1779166033.151,0x100,8,4A 0C 86 C7 E1 B9 FF 5D,speed=74.00
1779166033.265,0x200,8,16 00 36 AD 68 26 38 16,fuel=0.00
1779166033.349,0x300,8,39 52 AE 65 B8 3C 67 D5,temp=97.00
1779166033.443,0x100,8,4A 91 00 43 B2 59 A2 F1,speed=74.00
1779166033.538,0x200,8,42 00 11 48 78 BA 89 89,fuel=0.00
1779166033.632,0x300,8,39 FE 12 1E 17 33 D2 69,temp=97.00
1779166033.724,0x100,8,4A 86 FD 0C 79 50 ED E2,speed=74.00
1779166033.821,0x200,8,34 00 18 02 10 F8 9C DF,fuel=0.00
1779166033.913,0x300,8,39 2A 23 04 23 1C CA A5,temp=97.00
1779166033.994,0x100,8,4A 5C 71 42 55 98 D5 50,speed=74.00
1779166034.090,0x200,8,CD 00 5A D2 95 28 E8 34,fuel=0.00
1779166034.191,0x300,8,39 7C 06 B3 37 9A 85 71,temp=97.00
1779166034.286,0x100,8,4A 29 51 1C 8E 5E D5 28,speed=74.00
1779166034.377,0x200,8,58 00 0E 0B E9 AC D9 3F,fuel=0.00
1779166034.471,0x300,8,39 ED 96 D9 6D 9A 51 65,temp=97.00
1779166034.567,0x100,8,4A C8 83 52 A8 FC 15 48,speed=74.00
1779166034.658,0x200,8,F4 00 FB BB 62 5E 2F 03,fuel=0.00
1779166034.750,0x300,8,39 68 7D 46 F6 FD A2 D6,temp=97.00
1779166034.845,0x100,8,4A 26 B2 3F 92 65 F8 C8,speed=74.00
1779166034.940,0x200,8,DB 00 57 0C 94 D0 47 1D,fuel=0.00
1779166035.028,0x300,8,39 4B 1B 56 9D FB 83 1D,temp=97.00
1779166035.121,0x100,8,4A 69 35 6E 13 D5 A5 CE,speed=74.00
1779166035.216,0x200,8,24 00 5E 0A 22 4E CA 58,fuel=0.00
1779166035.311,0x300,8,39 16 AB 41 5F 02 E6 E9,temp=97.00
1779166035.404,0x100,8,4A 94 F8 D7 21 68 7D E1,speed=74.00
1779166035.498,0x200,8,A7 00 E6 76 DD 4A DC 06,fuel=0.00
1779166035.592,0x300,8,39 5D F9 1D 45 5B 65 FB,temp=97.00
1779166035.684,0x100,8,4A 1B F7 D3 E8 07 BA 17,speed=74.00
1779166035.778,0x200,8,25 00 C0 D5 59 96 46 41,fuel=0.00
1779166035.870,0x300,8,39 C9 F8 2C 00 77 56 42,temp=97.00
1779166035.966,0x100,8,4A D5 EE F5 C4 14 14 B4,speed=74.00
1779166036.061,0x200,8,6D 00 5A FB 99 AE 5E 45,fuel=0.00
1779166036.154,0x300,8,39 C0 FA 47 80 DD E8 93,temp=97.00
1779166036.247,0x100,8,4A 82 C6 65 88 CB E3 4C,speed=74.00
1779166036.339,0x200,8,D4 00 02 68 8E 1A BB DF,fuel=0.00
1779166036.435,0x300,8,39 30 7D D2 F9 A2 02 F7,temp=97.00
1779166036.528,0x100,8,4A CF F7 27 1B F5 FF FC,speed=74.00
1779166036.622,0x200,8,77 00 4F 2A 73 25 63 A6,fuel=0.00
1779166036.714,0x300,8,39 18 2C F1 EC 20 A0 1C,temp=97.00
1779166036.807,0x100,8,4A 9C 73 15 44 89 65 D3,speed=74.00
1779166036.901,0x200,8,CE 00 E0 91 66 46 C3 31,fuel=0.00
1779166036.994,0x300,8,39 6F 54 F6 53 2F E3 28,temp=97.00
1779166037.087,0x100,8,4A BD E9 33 02 57 92 5E,speed=74.00
1779166037.179,0x200,8,77 00 91 CF 1E DC 3F DE,fuel=0.00
1779166037.274,0x300,8,39 67 33 08 32 DA 47 49,temp=97.00
1779166037.384,0x100,8,4A F2 F5 85 92 CC 93 06,speed=74.00
1779166037.476,0x200,8,79 00 3B 44 A3 F5 20 D8,fuel=0.00
1779166037.570,0x300,8,39 5D B3 74 2B 74 65 0F,temp=97.00
1779166037.665,0x100,8,4A C8 B0 46 6D 0F 8E A7,speed=74.00
1779166037.757,0x200,8,BD 00 85 EC 85 72 9A 5A,fuel=0.00
1779166037.850,0x300,8,39 DC F8 ED 18 D7 E8 69,temp=97.00
1779166037.932,0x100,8,4A 36 79 CC C0 3D 9C 38,speed=74.00
1779166038.035,0x200,8,59 00 C8 31 DB 0B 9C A2,fuel=0.00
1779166038.130,0x300,8,39 D9 0D B0 9F AF 14 84,temp=97.00
1779166038.227,0x100,8,4A FB 73 72 AE 6F C5 FD,speed=74.00
1779166038.328,0x200,8,FA 00 88 87 24 68 10 08,fuel=0.00
1779166038.407,0x300,8,39 11 5A 85 58 84 7C 08,temp=97.00
1779166038.500,0x100,8,4A 4D 21 56 C1 06 EA C3,speed=74.00
1779166038.593,0x200,8,FF 00 35 F9 06 0E D0 FC,fuel=0.00
1779166038.685,0x300,8,39 05 DF 45 D2 08 FC 18,temp=97.00
1779166038.780,0x100,8,4A EA 09 9E E7 0B 19 F6,speed=74.00
1779166038.871,0x200,8,F8 00 34 C0 E7 83 5A B0,fuel=0.00
1779166038.964,0x300,8,39 7E 2B 24 E6 1E F8 AE,temp=97.00
1779166039.057,0x100,8,4A 51 C6 88 CA 03 AD 16,speed=74.00
1779166039.152,0x200,8,E0 00 93 C1 2E F0 56 2C,fuel=0.00
1779166039.245,0x300,8,39 BA 8B B2 A2 80 8C 1B,temp=97.00
1779166039.338,0x100,8,4A 18 3D CD FF F2 F2 EF,speed=74.00
1779166039.431,0x200,8,9D 00 72 63 60 E8 41 8F,fuel=0.00
1779166039.524,0x300,8,39 48 37 DB 80 59 B4 F9,temp=97.00
1779166039.619,0x100,8,4A 6F C5 1A E8 4E E1 A6,speed=74.00
1779166039.713,0x200,8,4E 00 F1 8A C8 F4 72 BC,fuel=0.00
1779166039.806,0x300,8,39 EA C4 DE 96 9A 04 80,temp=97.00
1779166039.900,0x100,8,4A 90 FA 8A A5 CF CD BD,speed=74.00
1779166040.007,0x200,8,B3 00 D3 EC 97 6A A6 D3,fuel=0.00
1779166040.087,0x300,8,39 30 E0 9B BD D8 B5 1E,temp=97.00
1779166040.180,0x100,8,4A 0C 44 47 EC C8 35 93,speed=74.00
1779166040.289,0x200,8,51 00 ED E4 D6 B3 61 19,fuel=0.00
1779166040.381,0x300,8,39 AA 80 5F DE DD CC CC,temp=97.00
1779166040.473,0x100,8,4A FA 29 7A A7 CF 88 FA,speed=74.00
1779166040.564,0x200,8,D4 00 1E C4 4D 2E CB 24,fuel=0.00
1779166040.653,0x300,8,39 40 66 07 13 77 D3 C6,temp=97.00
1779166040.746,0x100,8,4A 1D 7B A6 AE FE 1D D6,speed=74.00
1779166040.841,0x200,8,31 00 50 64 B4 98 A5 58,fuel=0.00
1779166040.938,0x300,8,39 3B 2B B0 3E 29 F2 29,temp=97.00
1779166041.029,0x100,8,4A F2 B8 95 89 5A BB BB,speed=74.00
1779166041.119,0x200,8,01 00 B1 B3 62 96 96 83,fuel=0.00
1779166041.216,0x300,8,39 41 66 3A 5A F4 47 D9,temp=97.00
1779166041.306,0x100,8,4A 5A 01 D0 1D EF F7 7B,speed=74.00
1779166041.412,0x200,8,6A 00 42 11 FB 06 04 F0,fuel=0.00
1779166041.504,0x300,8,39 D7 0A 39 F2 C6 A9 4A,temp=97.00
1779166041.601,0x100,8,4A 6D 04 F5 A1 D1 F1 18,speed=74.00
1779166041.692,0x200,8,92 00 18 55 59 01 A9 F5,fuel=0.00
1779166041.786,0x300,8,39 A0 9F 63 29 85 56 B5,temp=97.00
1779166041.877,0x100,8,4A 95 3C B4 FA 37 F5 37,speed=74.00
1779166041.970,0x200,8,6B 00 D2 91 AA A9 D5 B4,fuel=0.00
1779166042.065,0x300,8,39 1C 87 2E 61 43 46 93,temp=97.00
1779166042.155,0x100,8,4A 32 2E 05 53 C2 7A 63,speed=74.00
1779166042.247,0x200,8,DF 00 9E 91 05 F9 8B F5,fuel=0.00
1779166042.341,0x300,8,39 D4 2F F5 32 61 62 A6,temp=97.00
1779166042.435,0x100,8,4A 20 36 9B 27 BA DA 40,speed=74.00
1779166042.529,0x200,8,D0 00 FA F1 CD 89 B4 E9,fuel=0.00
1779166042.622,0x300,8,39 75 3B 5D B7 EB 56 41,temp=97.00
1779166042.712,0x100,8,4A 86 D6 97 56 56 A2 9E,speed=74.00
1779166042.819,0x200,8,B8 00 01 A4 B3 B2 44 EE,fuel=0.00
1779166042.913,0x300,8,39 9C 5E 86 06 18 06 24,temp=97.00
1779166043.006,0x100,8,4A 22 7F 90 67 40 58 31,speed=74.00
1779166043.097,0x200,8,97 00 D6 A5 85 F6 C6 E5,fuel=0.00
1779166043.191,0x300,8,39 CA 92 01 47 0A 16 33,temp=97.00
1779166043.286,0x100,8,4A 79 D9 45 E7 6F 92 07,speed=74.00
1779166043.381,0x200,8,F7 00 20 6C 11 6B B1 15,fuel=0.00
1779166043.473,0x300,8,39 6E 97 EC F4 EF FA 1E,temp=97.00
1779166043.567,0x100,8,4A 18 7E E0 27 31 34 31,speed=74.00
1779166043.659,0x200,8,E8 00 EE 8C 3D A3 38 A1,fuel=0.00
1779166043.751,0x300,8,39 C7 20 5A 20 09 8B 26,temp=97.00
1779166043.846,0x100,8,4A 39 76 CB 5C D9 8E 40,speed=74.00
1779166043.939,0x200,8,CA 00 DA 78 DF 63 F7 D5,fuel=0.00
1779166044.032,0x300,8,39 89 4E A8 00 AB 86 6F,temp=97.00
1779166044.124,0x100,8,4A BD 05 86 C1 E8 E6 11,speed=74.00
1779166044.211,0x200,8,70 00 A1 17 01 F5 BA 26,fuel=0.00
1779166044.306,0x300,8,39 C1 D8 F5 87 9B D5 DD,temp=97.00
1779166044.403,0x100,8,4A C4 8C 97 DE CC 1F 7D,speed=74.00
1779166044.495,0x200,8,E6 00 83 85 07 5E A3 B5,fuel=0.00
1779166044.587,0x300,8,39 8F 67 78 F1 FA 54 CB,temp=97.00
1779166044.680,0x100,8,4A EF 77 46 6E DA D3 46,speed=74.00
1779166044.775,0x200,8,24 00 B5 11 76 E6 EC 16,fuel=0.00
1779166044.869,0x300,8,39 D9 1F 59 B8 76 07 48,temp=97.00
1779166044.964,0x100,8,4A F4 06 1C 02 5D 25 34,speed=74.00
1779166045.058,0x200,8,12 00 70 D1 33 16 3E 82,fuel=0.00
1779166045.165,0x300,8,39 C0 0D 37 0E 04 8F E0,temp=97.00
1779166045.257,0x100,8,4A F9 13 B7 3A F6 57 88,speed=74.00
1779166045.350,0x200,8,14 00 8D 67 1A 7B BD ED,fuel=0.00
1779166045.445,0x300,8,39 0D AA 07 D9 18 6D 4F,temp=97.00
1779166045.537,0x100,8,4A AD CD 8F AB B4 9B 0B,speed=74.00
1779166045.631,0x200,8,28 00 AA 52 9B 39 E6 05,fuel=0.00
1779166045.723,0x300,8,39 A9 03 E0 87 E1 4B 19,temp=97.00
1779166045.815,0x100,8,4A E7 33 38 E1 10 12 97,speed=74.00
1779166045.910,0x200,8,03 00 DC 4D 1C DD DD C5,fuel=0.00
1779166046.007,0x300,8,39 D8 73 34 F3 4B 28 6E,temp=97.00
1779166046.099,0x100,8,4A 9A 05 C9 C1 94 BA 05,speed=74.00
1779166046.189,0x200,8,FB 00 F7 53 EC CD D2 AA,fuel=0.00
1779166046.284,0x300,8,39 AD A2 7D F3 4C 09 E6,temp=97.00
1779166046.377,0x100,8,4A CC 10 17 59 1C BC 68,speed=74.00
1779166046.468,0x200,8,14 00 EC AC 80 A2 23 D7,fuel=0.00
1779166046.562,0x300,8,39 FD CF E5 FC C8 CE 26,temp=97.00
1779166046.653,0x100,8,4A 5D 33 AA A9 38 DF A0,speed=74.00
1779166046.747,0x200,8,5E 00 25 97 E9 BE D9 4C,fuel=0.00
1779166046.840,0x300,8,39 57 19 06 7B 32 29 36,temp=97.00
1779166046.933,0x100,8,4A 37 7C 75 64 7C 72 CF,speed=74.00
1779166047.027,0x200,8,04 00 DC 89 D9 1E 76 71,fuel=0.00
1779166047.120,0x300,8,39 EE B7 BE 13 B4 67 D3,temp=97.00
1779166047.213,0x100,8,4A 25 E1 09 E9 02 CF 36,speed=74.00
1779166047.307,0x200,8,C6 00 16 D0 30 B1 75 FA,fuel=0.00
1779166047.401,0x300,8,39 3B A8 A1 35 31 64 EC,temp=97.00
1779166047.495,0x100,8,4A D0 8D 3D 28 40 99 BF,speed=74.00
1779166047.589,0x200,8,45 00 4D BA 74 D5 4A 96,fuel=0.00
1779166047.695,0x300,8,39 85 4C 57 1B 49 E9 0F,temp=97.00
1779166047.789,0x100,8,4A 31 BC 6F 0F 37 60 02,speed=74.00
1779166047.869,0x200,8,5B 00 FA C5 6D 8A 44 EE,fuel=0.00
1779166047.964,0x300,8,39 B4 3A 96 89 22 91 D0,temp=97.00
1779166048.065,0x100,8,4A AA 1D E7 07 9F 69 48,speed=74.00
1779166048.150,0x200,8,BC 00 6A 6C 05 AF 87 49,fuel=0.00
1779166048.258,0x300,8,39 E9 E8 A3 B5 3C E1 3D,temp=97.00
1779166048.351,0x100,8,4A 54 E8 D9 DF 9C 5A 23,speed=74.00
1779166048.444,0x200,8,0D 00 A7 BD 41 9A 3A 35,fuel=0.00
1779166048.538,0x300,8,39 81 00 82 48 B5 6D E7,temp=97.00
1779166048.629,0x100,8,4A D4 A4 64 B6 E3 A7 45,speed=74.00
1779166048.722,0x200,8,30 00 BC B8 BE 19 EA 24,fuel=0.00
1779166048.817,0x300,8,39 A3 7D 32 F7 00 8E AB,temp=97.00
1779166048.912,0x100,8,4A D7 A9 66 02 DE 8A B5,speed=74.00
1779166049.002,0x200,8,DC 00 F4 37 71 2F A8 ED,fuel=0.00
1779166049.093,0x300,8,39 5D C5 1A 86 94 93 64,temp=97.00
1779166049.187,0x100,8,4A CA CC D2 FA 6B 7B 09,speed=74.00
1779166049.278,0x200,8,4D 00 B4 D2 70 39 0C 0F,fuel=0.00
1779166049.372,0x300,8,39 6F 20 CE 79 A9 9E E4,temp=97.00
1779166049.466,0x100,8,4A 51 22 43 49 F0 60 FF,speed=74.00
1779166049.560,0x200,8,D8 00 5C E6 31 09 7E 8A,fuel=0.00
1779166049.653,0x300,8,39 1A D3 98 DA 23 CC 5F,temp=97.00
1779166049.749,0x100,8,4A 3A EE FE 49 17 B4 5E,speed=74.00
1779166049.838,0x200,8,90 00 B5 84 29 D3 D6 28,fuel=0.00
1779166049.935,0x300,8,39 4F DC E8 9D C1 07 B4,temp=97.00
1779166050.027,0x100,8,4A 53 AF 79 1A DB CD B9,speed=74.00
1779166050.121,0x200,8,B3 00 66 46 8F 15 7B 0A,fuel=0.00
1779166050.215,0x300,8,39 2E BB 43 C5 70 49 43,temp=97.00
1779166050.309,0x100,8,4A 66 2C B3 D8 CB A6 93,speed=74.00
1779166050.401,0x200,8,FE 00 6D A4 18 D4 B0 6B,fuel=0.00
1779166050.493,0x300,8,39 F2 B9 B2 7C 75 7B 30,temp=97.00
1779166050.588,0x100,8,4A 7D 78 2F 6D 07 41 AD,speed=74.00
1779166050.681,0x200,8,EE 00 D7 A5 42 BC D7 99,fuel=0.00
1779166050.792,0x300,8,39 38 AA 39 F7 85 C1 DC,temp=97.00
1779166050.881,0x100,8,4A D8 4D DC 7A 7C EC F8,speed=74.00
1779166050.973,0x200,8,AD 00 11 B1 C7 F8 31 D1,fuel=0.00
1779166051.065,0x300,8,39 55 D9 70 92 4B 7C CE,temp=97.00
1779166051.156,0x100,8,4A C8 BB E7 6A CC 42 7B,speed=74.00
1779166051.250,0x200,8,D1 00 10 C3 98 70 65 F1,fuel=0.00
1779166051.342,0x300,8,39 2F 31 39 92 6C DA 74,temp=97.00
1779166051.435,0x100,8,4A 72 5D 2C 13 F9 50 3B,speed=74.00
1779166051.527,0x200,8,0A 00 5F 42 B1 24 C2 1E,fuel=0.00
1779166051.623,0x300,8,39 22 32 06 56 CF 26 39,temp=97.00
1779166051.716,0x100,8,4A AA A9 42 D6 DD B5 6A,speed=74.00
1779166051.807,0x200,8,62 00 A4 ED 60 38 05 B7,fuel=0.00
1779166051.900,0x300,8,39 67 09 6D D8 D7 E5 7E,temp=97.00
1779166051.996,0x100,8,4A DC 51 38 5F 75 C0 8E,speed=74.00
1779166052.087,0x200,8,06 00 88 16 E3 9A CE 7C,fuel=0.00
1779166052.181,0x300,8,39 8A 52 F8 8B 32 97 DB,temp=97.00
1779166052.288,0x100,8,4A 66 33 EC 16 90 7B D6,speed=74.00
1779166052.382,0x200,8,70 00 7D A6 D5 93 AF 33,fuel=0.00
1779166052.475,0x300,8,39 64 C4 F4 C0 8C 34 7E,temp=97.00
1779166052.569,0x100,8,4A E8 99 AD 1A A4 FC 3D,speed=74.00
1779166052.661,0x200,8,3F 00 44 A0 C1 69 AE F9,fuel=0.00
1779166052.753,0x300,8,39 01 D8 D3 E5 21 B2 28,temp=97.00
1779166052.847,0x100,8,4A B1 43 0A BB EF CE 1A,speed=74.00
1779166052.941,0x200,8,62 00 F1 52 BA D9 99 C6,fuel=0.00
1779166053.033,0x300,8,39 36 AC 45 C9 F3 98 34,temp=97.00
1779166053.123,0x100,8,4A E7 F2 BE DA 04 59 EF,speed=74.00
1779166053.216,0x200,8,63 00 44 BE 04 84 99 D2,fuel=0.00
1779166053.308,0x300,8,39 76 B0 27 37 C1 E9 60,temp=97.00
1779166053.405,0x100,8,4A 30 39 71 CF 19 91 B6,speed=74.00
1779166053.497,0x200,8,86 00 19 B2 90 5A 46 11,fuel=0.00
1779166053.589,0x300,8,39 87 7D 1A 42 EB 6F 51,temp=97.00
1779166053.685,0x100,8,4A F4 A8 9E F7 FC 4A DD,speed=74.00
1779166053.776,0x200,8,82 00 CE FF 06 E8 90 95,fuel=0.00
1779166053.868,0x300,8,39 5E 05 9B AD 21 53 DB,temp=97.00
1779166053.966,0x100,8,4A 86 51 77 4B 52 09 D8,speed=74.00
1779166054.058,0x200,8,26 00 DA 07 61 E0 BC 64,fuel=0.00
1779166054.150,0x300,8,39 BD 15 BE 3E 12 4B F7,temp=97.00
1779166054.258,0x100,8,4A CA AC B1 6A C6 D1 B9,speed=74.00
1779166054.337,0x200,8,68 00 22 3D 99 A5 A3 54,fuel=0.00
1779166054.431,0x300,8,39 FC 4D 34 70 99 21 6A,temp=97.00
1779166054.525,0x100,8,4A F9 A1 7B 8C 02 AC C2,speed=74.00
1779166054.618,0x200,8,27 00 D1 3B EB 88 CA E3,fuel=0.00
1779166054.726,0x300,8,39 69 B1 5C 36 C4 26 A2,temp=97.00
1779166054.818,0x100,8,4A 6B A7 20 51 32 25 03,speed=74.00
1779166054.913,0x200,8,B6 00 5D 62 62 88 F2 10,fuel=0.00
1779166055.005,0x300,8,39 35 77 45 2F 42 23 59,temp=97.00
1779166055.098,0x100,8,4A DF 52 82 E4 AD 61 F7,speed=74.00
1779166055.193,0x200,8,A7 00 86 F6 BB 47 9C DB,fuel=0.00
1779166055.286,0x300,8,39 DB 30 0F 89 BF 9E 75,temp=97.00
1779166055.379,0x100,8,4A AE CE A9 E3 CE 32 AC,speed=74.00
1779166055.472,0x200,8,7C 00 87 BF 5D 7C 72 9D,fuel=0.00
1779166055.569,0x300,8,39 F6 A1 A5 58 9D 47 C1,temp=97.00
1779166055.660,0x100,8,4A F0 D7 B8 9A 7A 02 D0,speed=74.00
1779166055.752,0x200,8,A6 00 B2 4A 7D AC 61 E1,fuel=0.00
1779166055.847,0x300,8,39 88 6C 83 A3 E3 40 57,temp=97.00
1779166055.940,0x100,8,4A FE 93 70 BE E2 27 0C,speed=74.00
1779166056.030,0x200,8,40 00 4A 5D 79 27 52 7D,fuel=0.00
1779166056.125,0x300,8,39 F6 4D 59 5C EB 2E C7,temp=97.00
1779166056.219,0x100,8,4A 9C CF 30 67 C8 EE C1,speed=74.00
1779166056.312,0x200,8,DB 00 D1 45 EF A2 20 1B,fuel=0.00
1779166056.404,0x300,8,39 83 30 D6 57 B8 31 D0,temp=97.00
1779166056.500,0x100,8,4A CF 99 81 A8 4A 1A E3,speed=74.00
1779166056.592,0x200,8,49 00 21 C7 3B 99 E4 4F,fuel=0.00
1779166056.685,0x300,8,39 A4 80 EC B9 BE 18 82,temp=97.00
1779166056.778,0x100,8,4A 60 E4 1B 9C 65 F9 F8,speed=74.00
1779166056.870,0x200,8,BE 00 88 8F 9C 5F 57 7D,fuel=0.00
1779166056.963,0x300,8,39 DC 3F C0 58 98 DA 31,temp=97.00
1779166057.071,0x100,8,4A 9B 31 54 40 16 26 E1,speed=74.00
1779166057.162,0x200,8,F2 00 26 74 08 E6 D2 B4,fuel=0.00
1779166057.255,0x300,8,39 DE A5 88 8E 67 0C F1,temp=97.00
1779166057.347,0x100,8,4A 8E 55 2D 28 1A 18 5D,speed=74.00
1779166057.442,0x200,8,42 00 D7 C3 D8 B0 91 83,fuel=0.00
1779166057.533,0x300,8,39 3A 84 6F 19 E5 9B F7,temp=97.00
1779166057.627,0x100,8,4A C5 DD 83 82 BD 8B 1D,speed=74.00
1779166057.717,0x200,8,E9 00 17 2B 49 DD CF 13,fuel=0.00
1779166057.810,0x300,8,39 F1 F3 20 BD 78 11 C2,temp=97.00
1779166057.904,0x100,8,4A 6F FA 77 F5 77 0E 4D,speed=74.00
1779166057.998,0x200,8,05 00 7F DD CF FD DD 26,fuel=0.00
1779166058.091,0x300,8,39 E6 94 63 AD 69 7C ED,temp=97.00
1779166058.183,0x100,8,4A 93 F6 D2 A4 84 8D 73,speed=74.00
1779166058.278,0x200,8,7A 00 16 E0 7C 9B 30 1C,fuel=0.00
1779166058.370,0x300,8,39 9E 7F F1 A8 CF C4 25,temp=97.00
1779166058.462,0x100,8,4A A8 1B CE AF CF 8E A2,speed=74.00
1779166058.558,0x200,8,D9 00 43 B1 EC B7 21 16,fuel=0.00
1779166058.651,0x300,8,39 17 F4 6A 09 09 9E 2F,temp=97.00
1779166058.759,0x100,8,4A 04 72 3E 9A 09 CE 2E,speed=74.00
1779166058.852,0x200,8,21 00 70 48 9E 43 19 94,fuel=0.00
1779166058.931,0x300,8,39 60 FB 7E 16 6D E3 CB,temp=97.00
1779166059.038,0x100,8,4A 90 F7 9D 66 52 91 19,speed=74.00
1779166059.131,0x200,8,B2 00 75 CB 09 D1 8A 68,fuel=0.00
1779166059.223,0x300,8,39 1B BB 18 FD 41 8C 3D,temp=97.00
1779166059.318,0x100,8,4A B9 52 D1 A5 1B 2C 84,speed=74.00
1779166059.414,0x200,8,8E 00 9C 3B FB A3 36 B5,fuel=0.00
1779166059.505,0x300,8,39 93 B8 FB EC 9B 6D 05,temp=97.00
1779166059.599,0x100,8,4A 23 09 4A 41 57 D2 71,speed=74.00
1779166059.693,0x200,8,A0 00 7B D5 28 F8 C3 3D,fuel=0.00
1779166059.787,0x300,8,39 74 3D EF AD 51 67 4F,temp=97.00
1779166059.881,0x100,8,4A F3 07 8D AE 7D B5 3F,speed=74.00
1779166059.967,0x200,8,58 00 9A 70 BF 9F 5A 9D,fuel=0.00
1779166060.067,0x300,8,39 7A F8 6E 6C 2C 05 96,temp=97.00
1779166060.160,0x100,8,4A 60 4E 80 D6 77 AB BB,speed=74.00
1779166060.252,0x200,8,2E 00 B7 78 5C 3E 65 5F,fuel=0.00
1779166060.346,0x300,8,39 07 18 AF 56 A5 BC 81,temp=97.00
1779166060.438,0x100,8,4A 1C CE 63 92 12 37 A3,speed=74.00
1779166060.534,0x200,8,C3 00 2B 27 8E B7 FD 5A,fuel=0.00
1779166060.630,0x300,8,39 85 AE 74 46 B2 62 F4,temp=97.00
1779166060.720,0x100,8,4A 61 67 C4 E2 83 75 83,speed=74.00
1779166060.814,0x200,8,4D 00 93 3D E5 4C B9 BB,fuel=0.00
1779166060.907,0x300,8,39 E5 99 AC A2 29 BC AE,temp=97.00
1779166061.006,0x100,8,4A ED 06 12 7A A5 D6 A1,speed=74.00
1779166061.094,0x200,8,66 00 42 5F 1B 31 E6 BD,fuel=0.00
1779166061.187,0x300,8,39 ED 87 83 1D 4C 4C 63,temp=97.00
1779166061.280,0x100,8,4A 11 DF 6C B5 39 1A 21,speed=74.00
1779166061.375,0x200,8,CC 00 DA 17 7C 95 1E 5B,fuel=0.00
1779166061.471,0x300,8,39 39 52 73 31 BB AC 00,temp=97.00
1779166061.563,0x100,8,4A A1 7E EC 9D 1E 97 3F,speed=74.00
1779166061.654,0x200,8,B4 00 51 2F CD C6 0C 99,fuel=0.00
1779166061.754,0x300,8,39 42 B9 56 A1 E0 21 54,temp=97.00
1779166061.849,0x100,8,4A D0 E9 FD 6F 33 1D 94,speed=74.00
1779166061.940,0x200,8,F2 00 22 E3 69 7B FA 54,fuel=0.00
1779166062.033,0x300,8,39 EB 28 52 3C 8D 5B F4,temp=97.00
1779166062.126,0x100,8,4A D9 A8 5E 59 D6 17 A7,speed=74.00
1779166062.221,0x200,8,5D 00 32 48 F3 19 24 FD,fuel=0.00
1779166062.314,0x300,8,39 50 0C 11 17 22 6F FE,temp=97.00
1779166062.407,0x100,8,4A 15 30 75 11 31 9F 41,speed=74.00
1779166062.502,0x200,8,87 00 C6 C4 44 21 01 20,fuel=0.00
1779166062.592,0x300,8,39 56 50 22 00 37 5F 92,temp=97.00
1779166062.686,0x100,8,4A 85 66 9B 46 90 F3 E9,speed=74.00
1779166062.780,0x200,8,26 00 1C 81 03 95 38 D2,fuel=0.00
1779166062.876,0x300,8,39 8A 55 E4 B5 B3 D8 BE,temp=97.00
1779166062.975,0x100,8,4A 94 30 F8 02 78 B2 51,speed=74.00
1779166063.065,0x200,8,96 00 27 CC 8C B5 74 3A,fuel=0.00
1779166063.156,0x300,8,39 53 6C A4 B4 08 F8 2A,temp=97.00
1779166063.249,0x100,8,4A CA 9A 27 50 10 1B BF,speed=74.00
1779166063.343,0x200,8,56 00 F8 85 0F 02 92 98,fuel=0.00
1779166063.436,0x300,8,39 F2 FE BE 7F 12 C2 43,temp=97.00
1779166063.527,0x100,8,4A 3D E3 5A 11 B2 FB 91,speed=74.00
1779166063.622,0x200,8,44 00 94 17 AA 93 76 C7,fuel=0.00
1779166063.718,0x300,8,39 79 0A 55 C7 FA 75 25,temp=97.00
1779166063.807,0x100,8,4A 8D 1B 8C F2 B6 9D 56,speed=74.00
1779166063.905,0x200,8,F1 00 23 B1 55 B2 DE 87,fuel=0.00
1779166063.997,0x300,8,39 3A 8E 77 2F 9E 89 8C,temp=97.00
1779166064.087,0x100,8,4A 54 8C 8E 71 38 E3 14,speed=74.00
1779166064.181,0x200,8,83 00 CA 12 3B 89 DD 10,fuel=0.00
1779166064.275,0x300,8,39 E9 38 6D 03 54 4E 4E,temp=97.00
1779166064.368,0x100,8,4A 61 7D 2F CA A4 23 0F,speed=74.00
1779166064.477,0x200,8,E3 00 6A 41 AA DB 56 F2,fuel=0.00
1779166064.569,0x300,8,39 99 BF 45 DB D9 50 9E,temp=97.00
1779166064.662,0x100,8,4A B4 77 B6 03 BD F1 77,speed=74.00
1779166064.756,0x200,8,F5 00 FF 75 02 00 28 81,fuel=0.00
1779166064.851,0x300,8,39 2F CF 0B 43 6B 62 24,temp=97.00
1779166064.936,0x100,8,4A 74 00 B9 A0 77 B3 14,speed=74.00
1779166065.037,0x200,8,61 00 7B E7 58 20 56 C6,fuel=0.00
1779166065.131,0x300,8,39 D7 12 BE 02 1C D6 E5,temp=97.00
1779166065.223,0x100,8,4A 7F B3 11 17 C6 9C 70,speed=74.00
1779166065.316,0x200,8,3E 00 12 D3 2B BA CF 84,fuel=0.00
1779166065.409,0x300,8,39 A9 92 B5 98 C3 04 44,temp=97.00
1779166065.502,0x100,8,4A C6 B2 C3 1A C7 96 47,speed=74.00
1779166065.595,0x200,8,0E 00 BA D9 F5 B7 24 33,fuel=0.00
1779166065.688,0x300,8,39 73 77 E2 AF 6A B1 DA,temp=97.00
1779166065.783,0x100,8,4A 5E A1 87 A1 37 55 2A,speed=74.00
1779166065.877,0x200,8,49 00 30 F5 DD F7 95 74,fuel=0.00
1779166065.972,0x300,8,39 97 9A 44 5E 5E CC 8A,temp=97.00
1779166066.066,0x100,8,4A 84 CE CE 76 DD 48 3A,speed=74.00
1779166066.160,0x200,8,CC 00 07 FF D9 22 C8 BD,fuel=0.00
1779166066.254,0x300,8,39 B8 EE 66 2B 8A E6 AE,temp=97.00
1779166066.346,0x100,8,4A CA B1 9B B9 9F 6B 28,speed=74.00
1779166066.437,0x200,8,5A 00 08 F8 EE F1 4C 5F,fuel=0.00
1779166066.531,0x300,8,39 CA 11 CB 2C 30 00 99,temp=97.00
1779166066.625,0x100,8,4A 3A 80 DF 50 32 3B 45,speed=74.00
1779166066.721,0x200,8,9D 00 E6 E4 34 03 52 79,fuel=0.00
1779166066.816,0x300,8,39 82 D5 FD E0 28 BB 93,temp=97.00
1779166066.909,0x100,8,4A B2 77 EA 20 AD 37 93,speed=74.00
1779166067.001,0x200,8,48 00 D9 FB A4 E6 AE 34,fuel=0.00
1779166067.093,0x300,8,39 ED B3 A8 27 B4 87 9B,temp=97.00
1779166067.188,0x100,8,4A 25 B2 94 C7 B7 45 27,speed=74.00
1779166067.280,0x200,8,6D 00 4A 02 EC 97 C0 AD,fuel=0.00
1779166067.374,0x300,8,39 99 97 55 4C BF 9B B6,temp=97.00
1779166067.468,0x100,8,4A AD FB E2 F5 1D B7 31,speed=74.00
1779166067.563,0x200,8,C5 00 DC FF 4F 1C 9A 6D,fuel=0.00
1779166067.654,0x300,8,39 89 CB 31 32 3F DD 3A,temp=97.00
1779166067.751,0x100,8,4A 69 46 CE 15 9E CD E7,speed=74.00
1779166067.846,0x200,8,A7 00 38 B9 D6 5C BA CC,fuel=0.00
1779166067.939,0x300,8,39 F5 DA 7E DC 3E 45 F5,temp=97.00
1779166068.030,0x100,8,4A 0C 91 39 79 AF 27 F2,speed=74.00
1779166068.124,0x200,8,BA 00 F4 DB 5B A6 46 78,fuel=0.00
1779166068.218,0x300,8,39 E1 B0 BC 9D E6 E3 E5,temp=97.00
1779166068.310,0x100,8,4A 8D CC 7A B0 4C 95 18,speed=74.00
1779166068.405,0x200,8,13 00 FB 12 1D A0 9E 4D,fuel=0.00
1779166068.497,0x300,8,39 61 80 6D 28 DA 0A F8,temp=97.00
1779166068.594,0x100,8,4A 00 DA DA 48 9B 3D 09,speed=74.00
1779166068.683,0x200,8,88 00 BF CC CF 99 AE 1C,fuel=0.00
1779166068.778,0x300,8,39 05 CA 46 DF BD 25 06,temp=97.00
1779166068.872,0x100,8,4A 8A D8 42 8F A0 BC A0,speed=74.00
1779166068.967,0x200,8,E9 00 8F 11 80 56 4F AE,fuel=0.00
1779166069.061,0x300,8,39 14 3D 73 6E 91 81 D5,temp=97.00
1779166069.154,0x100,8,4A 0D 10 EE 7E 59 6E 72,speed=74.00
1779166069.246,0x200,8,42 00 3D 06 8F 4C B9 C6,fuel=0.00
1779166069.338,0x300,8,39 BE F3 D5 CA FC C9 9D,temp=97.00
1779166069.433,0x100,8,4A F3 DD 4E 48 E9 0D D4,speed=74.00
1779166069.537,0x200,8,A9 00 35 A2 F5 8B B9 B1,fuel=0.00
1779166069.630,0x300,8,39 EB 28 97 BB 26 CF 21,temp=97.00
1779166069.723,0x100,8,4A CF EB F5 AA 3F 3E 41,speed=74.00
1779166069.816,0x200,8,22 00 54 17 C0 F8 06 26,fuel=0.00
1779166069.910,0x300,8,39 D6 76 FF 69 7D 28 4D,temp=97.00
1779166070.005,0x100,8,4A 4A 5A A3 5C AE 57 03,speed=74.00
1779166070.098,0x200,8,35 00 A5 30 6C D3 F2 86,fuel=0.00
1779166070.192,0x300,8,39 90 4F C8 24 36 9E 89,temp=97.00
1779166070.285,0x100,8,4A D7 34 32 B4 D8 4E B0,speed=74.00
1779166070.379,0x200,8,58 00 E9 4F 22 B7 13 D8,fuel=0.00
1779166070.472,0x300,8,39 36 16 FB 70 E6 45 F2,temp=97.00
1779166070.564,0x100,8,4A 32 2F 94 A6 1F 0B 6B,speed=74.00
1779166070.657,0x200,8,39 00 68 C0 2B EA 37 C3,fuel=0.00
1779166070.750,0x300,8,39 96 D7 6E 6F B2 35 72,temp=97.00
1779166070.846,0x100,8,4A 23 A6 CB 01 DC 70 4A,speed=74.00
1779166070.940,0x200,8,C5 00 50 BB D4 49 83 BF,fuel=0.00
1779166071.035,0x300,8,39 23 39 05 E1 E1 EF 8C,temp=97.00
1779166071.126,0x100,8,4A 78 7F A6 06 1E F0 10,speed=74.00
1779166071.218,0x200,8,C3 00 A2 67 E8 1A 36 EA,fuel=0.00
1779166071.314,0x300,8,39 CD D7 A5 43 E8 7F 25,temp=97.00
1779166071.406,0x100,8,4A 12 2F 86 0A E7 04 DC,speed=74.00
1779166071.499,0x200,8,4F 00 B6 6E 19 05 0D 9C,fuel=0.00
1779166071.593,0x300,8,39 8D 39 3C 45 0C 2D E9,temp=97.00
1779166071.684,0x100,8,4A B6 FB E0 4A 7C AF B9,speed=74.00
1779166071.778,0x200,8,F0 00 7D 29 84 06 4E 24,fuel=0.00
1779166071.874,0x300,8,39 58 16 16 54 0B 8B 69,temp=97.00
1779166071.970,0x100,8,4A 3F F9 EC 67 3C 05 9F,speed=74.00
1779166072.060,0x200,8,16 00 09 49 9B 42 64 2A,fuel=0.00
1779166072.155,0x300,8,39 09 2C 41 ED 5E 6D 44,temp=97.00
1779166072.247,0x100,8,4A D3 78 CC CD 7B 83 C8,speed=74.00
1779166072.340,0x200,8,D8 00 A4 91 C6 22 67 DE,fuel=0.00
1779166072.433,0x300,8,39 F8 EA 62 0C FE F3 74,temp=97.00
1779166072.527,0x100,8,4A B8 6C F9 52 D3 5F 71,speed=74.00
1779166072.621,0x200,8,37 00 A5 D1 9B 27 1E CE,fuel=0.00
1779166072.713,0x300,8,39 D6 76 B2 E4 1B 5B FA,temp=97.00
1779166072.807,0x100,8,4A 74 76 B5 96 B8 EB 2A,speed=74.00
1779166072.900,0x200,8,49 00 2F 41 F8 75 D2 6C,fuel=0.00
1779166072.993,0x300,8,39 17 31 E4 E7 97 50 6C,temp=97.00
1779166073.087,0x100,8,4A BB 38 02 C3 97 16 F7,speed=74.00
1779166073.197,0x200,8,53 00 11 8D AB CA 2D DE,fuel=0.00
1779166073.287,0x300,8,39 5C F1 3C B9 59 16 D2,temp=97.00
1779166073.382,0x100,8,4A 4A 40 93 08 65 49 02,speed=74.00
1779166073.476,0x200,8,13 00 9B 93 9C ED 05 F4,fuel=0.00
1779166073.569,0x300,8,39 61 F9 80 C3 F9 19 C8,temp=97.00
1779166073.661,0x100,8,4A 43 24 EA 2E FC AE 6E,speed=74.00
1779166073.751,0x200,8,75 00 CD D6 51 C1 58 E7,fuel=0.00
1779166073.845,0x300,8,39 5E 74 C7 8D 0E B7 95,temp=97.00
1779166073.938,0x100,8,4A 1A C7 71 CE B2 66 03,speed=74.00
1779166074.029,0x200,8,C1 00 44 23 B2 12 9E 44,fuel=0.00
1779166074.122,0x300,8,39 13 A7 C2 F2 81 B8 8F,temp=97.00
1779166074.219,0x100,8,4A B8 50 22 45 C0 BF 78,speed=74.00
1779166074.313,0x200,8,67 00 F1 C1 97 44 A0 D9,fuel=0.00
1779166074.403,0x300,8,39 F0 53 CE 77 1B A4 20,temp=97.00
1779166074.496,0x100,8,4A D1 9E BF 3D D0 73 01,speed=74.00
1779166074.589,0x200,8,B5 00 46 77 AA 97 2B 81,fuel=0.00
1779166074.684,0x300,8,39 40 A6 D0 40 C4 93 1D,temp=97.00
1779166074.777,0x100,8,4A 2E 46 1A 37 E2 78 72,speed=74.00
1779166074.872,0x200,8,EB 00 B1 F1 19 07 83 3B,fuel=0.00
1779166074.965,0x300,8,39 55 02 5F 55 79 7A A1,temp=97.00
1779166075.057,0x100,8,4A 0C 54 8B 3D 29 70 6E,speed=74.00
1779166075.162,0x200,8,8A 00 E4 A5 9B 6F DD 31,fuel=0.00
1779166075.254,0x300,8,39 80 52 7E 26 07 A5 29,temp=97.00
1779166075.349,0x100,8,4A CC CE FB 76 E4 41 FD,speed=74.00
1779166075.441,0x200,8,BF 00 04 35 87 E0 5B 93,fuel=0.00
1779166075.533,0x300,8,39 05 C4 92 35 35 88 44,temp=97.00
1779166075.626,0x100,8,4A 85 E7 F7 C2 07 BB F2,speed=74.00
1779166075.721,0x200,8,40 00 7E 4B 58 B1 42 7F,fuel=0.00
1779166075.810,0x300,8,39 53 A5 A6 F7 4C 54 05,temp=97.00
1779166075.904,0x100,8,4A 70 B4 D7 5B 08 71 8D,speed=74.00
1779166075.995,0x200,8,01 00 3E C4 F7 4B 9D F2,fuel=0.00
1779166076.089,0x300,8,39 4B 97 05 FC E6 C5 2E,temp=97.00
1779166076.183,0x100,8,4A 02 2E 44 2F 43 82 D3,speed=74.00
1779166076.279,0x200,8,B1 00 DF 0A 00 FA 4E 05,fuel=0.00
1779166076.369,0x300,8,39 33 C1 77 74 5C F2 A4,temp=97.00
1779166076.464,0x100,8,4A D4 C9 38 65 0C E7 A8,speed=74.00
1779166076.560,0x200,8,4D 00 AC D1 C4 27 0F C0,fuel=0.00
1779166076.650,0x300,8,39 9B B3 AF EB C9 72 F8,temp=97.00
1779166076.744,0x100,8,4A F6 A0 DC DD BE D1 21,speed=74.00
1779166076.837,0x200,8,B0 00 CB 9F 18 EA 75 51,fuel=0.00
1779166076.945,0x300,8,39 12 0B DE 8F 81 59 7B,temp=97.00
1779166077.037,0x100,8,4A CE 75 3E 40 DA D7 36,speed=74.00
1779166077.129,0x200,8,3D 00 B7 5D D2 77 38 F7,fuel=0.00
1779166077.222,0x300,8,39 F6 A2 FC 67 82 E9 D9,temp=97.00
1779166077.316,0x100,8,4A 4C 1A F4 DD 97 5D BF,speed=74.00
1779166077.410,0x200,8,F9 00 37 69 E2 10 6E 90,fuel=0.00
1779166077.505,0x300,8,39 61 4F 50 89 A9 4F D2,temp=97.00
1779166077.599,0x100,8,4A 7A 0A CA 92 3B FA 26,speed=74.00
1779166077.693,0x200,8,9C 00 C1 CA D3 D8 93 05,fuel=0.00
1779166077.783,0x300,8,39 97 58 BD F1 D5 6A 4B,temp=97.00
1779166077.878,0x100,8,4A BE C0 1F 7B D4 B4 3C,speed=74.00
1779166077.975,0x200,8,99 00 C9 54 C6 30 9D F5,fuel=0.00
1779166078.068,0x300,8,39 CD A4 7F 72 D6 ED 5B,temp=97.00
1779166078.159,0x100,8,4A ED C2 15 43 1B 92 2F,speed=74.00
1779166078.251,0x200,8,25 00 53 B4 20 11 8C 64,fuel=0.00
1779166078.346,0x300,8,39 D3 2B D4 49 40 06 D0,temp=97.00
1779166078.438,0x100,8,4A 59 DD C2 81 F8 58 17,speed=74.00
1779166078.533,0x200,8,32 00 1C 1C 08 61 0C 4F,fuel=0.00
1779166078.628,0x300,8,39 25 E1 83 0A B6 6D 3C,temp=97.00
1779166078.722,0x100,8,4A 99 FD 5A A1 40 F2 48,speed=74.00
1779166078.816,0x200,8,0F 00 B7 16 69 E9 06 F4,fuel=0.00
1779166078.911,0x300,8,39 75 C7 11 CC 15 7F 79,temp=97.00
1779166079.002,0x100,8,4A 54 3E 67 55 01 F0 AE,speed=74.00
1779166079.096,0x200,8,AC 00 4A F4 61 24 12 37,fuel=0.00
1779166079.191,0x300,8,39 0E 49 08 87 47 EE 35,temp=97.00
1779166079.287,0x100,8,4A A7 10 62 D3 76 4D 40,speed=74.00
1779166079.378,0x200,8,3B 00 39 9F EE 83 BD 2D,fuel=0.00
1779166079.471,0x300,8,39 08 4A A0 C4 72 1B 46,temp=97.00
1779166079.566,0x100,8,4A D5 7A B4 83 C5 81 B7,speed=74.00
1779166079.658,0x200,8,AD 00 4E 82 63 33 59 D7,fuel=0.00
1779166079.751,0x300,8,39 28 80 B3 C8 1D 27 1B,temp=97.00
1779166079.842,0x100,8,4A D8 7E BC 41 69 1E 0C,speed=74.00
1779166079.936,0x200,8,F7 00 57 A3 1A F7 4B CE,fuel=0.00
1779166080.027,0x300,8,39 9E 05 6A 4A 94 87 9F,temp=97.00
1779166080.119,0x100,8,4A 0A C9 52 07 0A DE F9,speed=74.00
1779166080.213,0x200,8,5B 00 60 FE 36 27 40 CF,fuel=0.00
1779166080.305,0x300,8,39 D8 C8 C6 5E 3C 26 80,temp=97.00
1779166080.414,0x100,8,4A 2E A3 A1 71 89 70 AC,speed=74.00
1779166080.504,0x200,8,0F 00 CD 70 ED 71 4A 1D,fuel=0.00
1779166080.599,0x300,8,39 9F B5 87 CA CD 35 7A,temp=97.00
1779166080.694,0x100,8,4A 8D BF 5D F9 9A A4 40,speed=74.00
1779166080.786,0x200,8,C1 00 26 73 B8 01 69 76,fuel=0.00
1779166080.878,0x300,8,39 35 A7 C7 CB 96 E9 09,temp=97.00
1779166080.974,0x100,8,4A AB 38 08 BE 3C 75 40,speed=74.00
1779166081.064,0x200,8,44 00 12 9A A6 0E 7C 08,fuel=0.00
1779166081.157,0x300,8,39 9E BA 8D 39 C9 FB AA,temp=97.00
1779166081.249,0x100,8,4A 9C 86 FC B8 B6 BE EF,speed=74.00
1779166081.345,0x200,8,9E 00 A3 00 71 15 5D 73,fuel=0.00
1779166081.437,0x300,8,39 67 D5 7E C8 BD BB B5,temp=97.00
1779166081.531,0x100,8,4A 3B DB C8 36 66 74 6A,speed=74.00
1779166081.625,0x200,8,89 00 59 9E 08 B2 FD AD,fuel=0.00
1779166081.721,0x300,8,39 43 7F F7 B4 5E E8 8F,temp=97.00
1779166081.810,0x100,8,4A 5E 34 0E 2B 3D 92 85,speed=74.00
1779166081.906,0x200,8,45 00 B5 71 60 81 C2 97,fuel=0.00
1779166081.996,0x300,8,39 8B 7B 89 AA 46 5B 56,temp=97.00
1779166082.093,0x100,8,4A DD 65 12 D7 EA F7 94,speed=74.00
1779166082.184,0x200,8,39 00 E5 C6 CA 2F 14 29,fuel=0.00
1779166082.277,0x300,8,39 5D DC 48 5D 26 72 9B,temp=97.00
1779166082.371,0x100,8,4A 1A D6 66 A3 80 C7 F2,speed=74.00
1779166082.464,0x200,8,AE 00 0B E7 CA 2E E3 27,fuel=0.00
1779166082.556,0x300,8,39 12 10 67 CC 17 31 08,temp=97.00
1779166082.664,0x100,8,4A 2B 1F 99 6E DA 6F 3A,speed=74.00
1779166082.743,0x200,8,17 00 7F FE 7B 3D 5C 2F,fuel=0.00
1779166082.850,0x300,8,39 E3 67 BD D6 7A 46 A5,temp=97.00
1779166082.944,0x100,8,4A E3 F0 07 04 08 F2 33,speed=74.00
1779166083.037,0x200,8,9A 00 6C 7E C1 17 7B C1,fuel=0.00
1779166083.134,0x300,8,39 55 46 D8 C6 E4 BC AB,temp=97.00
1779166083.226,0x100,8,4A A3 E3 07 DC A2 8B C7,speed=74.00
1779166083.318,0x200,8,A3 00 B6 86 7B 4A 3B 58,fuel=0.00
1779166083.410,0x300,8,39 20 31 C5 46 55 2C B1,temp=97.00
1779166083.504,0x100,8,4A 75 6D 4C 12 6A DE 85,speed=74.00
1779166083.598,0x200,8,56 00 6B 24 D2 96 B7 6B,fuel=0.00
1779166083.694,0x300,8,39 D3 A0 82 C5 09 C2 12,temp=97.00
1779166083.788,0x100,8,4A 38 F3 C0 E9 32 DA C9,speed=74.00
1779166083.881,0x200,8,89 00 62 B4 58 2C 36 14,fuel=0.00
1779166083.965,0x300,8,39 F2 7D D0 A3 A4 6B FE,temp=97.00
1779166084.070,0x100,8,4A 63 70 AA 66 E1 57 47,speed=74.00
1779166084.164,0x200,8,97 00 05 42 67 AC 67 DF,fuel=0.00
1779166084.256,0x300,8,39 09 1F 5A 23 FB F4 5F,temp=97.00
1779166084.350,0x100,8,4A E2 5C E7 B2 5A 01 E7,speed=74.00
1779166084.444,0x200,8,9D 00 63 84 E2 B5 D2 70,fuel=0.00
1779166084.536,0x300,8,39 4D 20 CD 97 06 AF 86,temp=97.00
1779166084.629,0x100,8,4A 10 64 86 95 E5 CA 54,speed=74.00
1779166084.721,0x200,8,F5 00 AB 43 73 89 EC 68,fuel=0.00
1779166084.812,0x300,8,39 DD D0 E8 5C 0A B4 EE,temp=97.00
1779166084.906,0x100,8,4A F9 2F 12 67 E3 5A AE,speed=74.00
1779166084.999,0x200,8,24 00 BA 98 A0 5A F9 59,fuel=0.00
1779166085.090,0x300,8,39 A6 BB 70 89 DA 1B AA,temp=97.00
1779166085.182,0x100,8,4A 73 EF E5 AF 16 E8 B3,speed=74.00
1779166085.275,0x200,8,7A 00 99 0A EF 41 4F BC,fuel=0.00
1779166085.382,0x300,8,39 7A 0E F3 90 93 BD A5,temp=97.00
1779166085.465,0x100,8,4A C8 D4 5D 4A 9A AD 57,speed=74.00
1779166085.559,0x200,8,5C 00 D5 69 3A 48 0D 14,fuel=0.00
1779166085.651,0x300,8,39 86 7C F9 17 4B 48 DF,temp=97.00
1779166085.744,0x100,8,4A 7D A9 87 1D A0 C5 3A,speed=74.00
1779166085.838,0x200,8,D0 00 7A B1 71 B6 FD A9,fuel=0.00
1779166085.931,0x300,8,39 DA 4A C4 81 57 53 65,temp=97.00
1779166086.024,0x100,8,4A ED 88 A9 06 AD 1C 24,speed=74.00
1779166086.132,0x200,8,42 00 8A B0 DF 48 AF C4,fuel=0.00
1779166086.227,0x300,8,39 0A D9 39 D0 D6 A5 50,temp=97.00
1779166086.306,0x100,8,4A D7 8C 4A 79 CC 4D 78,speed=74.00
1779166086.414,0x200,8,23 00 D2 27 59 CD 7E 5B,fuel=0.00
1779166086.508,0x300,8,39 6B 03 68 CE BE 01 8F,temp=97.00
1779166086.601,0x100,8,4A 67 57 B1 9D E6 9D EF,speed=74.00
1779166086.692,0x200,8,E8 00 9C CC 97 83 81 3E,fuel=0.00
1779166086.787,0x300,8,39 BE 05 30 8F EF 26 8C,temp=97.00
1779166086.881,0x100,8,4A 8D 69 D5 93 DD 07 79,speed=74.00
1779166086.973,0x200,8,CF 00 11 B1 E8 7C EF 89,fuel=0.00
1779166087.069,0x300,8,39 2F 03 A0 85 72 5A 95,temp=97.00
1779166087.160,0x100,8,4A 53 ED 04 B8 39 2A 5E,speed=74.00
1779166087.255,0x200,8,4B 00 68 98 E5 20 D4 91,fuel=0.00
1779166087.348,0x300,8,39 0A B9 F5 45 41 F2 7E,temp=97.00
1779166087.441,0x100,8,4A 06 F1 C7 DE FE F6 63,speed=74.00
1779166087.535,0x200,8,37 00 5B 40 AF C3 98 18,fuel=0.00
1779166087.629,0x300,8,39 42 66 09 5D 39 82 71,temp=97.00
1779166087.721,0x100,8,4A 59 AC 30 B9 BE AB 1B,speed=74.00
1779166087.816,0x200,8,5F 00 5D B7 36 59 81 DF,fuel=0.00
1779166087.909,0x300,8,39 4A 07 20 1E 3C 11 DD,temp=97.00
1779166088.001,0x100,8,4A 45 AD 28 B1 D3 BA B9,speed=74.00
1779166088.092,0x200,8,AE 00 52 65 0E 9D 01 09,fuel=0.00
1779166088.187,0x300,8,39 39 BE BF 28 5B 3F 70,temp=97.00
1779166088.279,0x100,8,4A 5A 60 7E 74 A0 FF 0E,speed=74.00
1779166088.374,0x200,8,2D 00 E4 48 96 0F 20 DC,fuel=0.00
1779166088.469,0x300,8,39 06 0B DE 36 F2 45 8C,temp=97.00
1779166088.563,0x100,8,4A 48 4B 21 A5 88 62 06,speed=74.00
1779166088.658,0x200,8,68 00 F6 36 68 2C B2 E0,fuel=0.00
1779166088.745,0x300,8,39 35 E5 51 E8 B5 4C CB,temp=97.00
1779166088.846,0x100,8,4A 5E B3 3F F2 75 C3 92,speed=74.00
1779166088.939,0x200,8,AB 00 21 6E F4 5C 9B 20,fuel=0.00
1779166089.029,0x300,8,39 8C 0A BC 2B B1 04 83,temp=97.00
1779166089.122,0x100,8,4A 90 29 89 52 D0 12 6B,speed=74.00
1779166089.216,0x200,8,84 00 4D 23 31 8E DD 9E,fuel=0.00
1779166089.308,0x300,8,39 1F D1 C2 A6 A1 83 09,temp=97.00
1779166089.401,0x100,8,4A DB F3 24 00 5E 15 1F,speed=74.00
1779166089.493,0x200,8,19 00 D1 8A 06 AE 00 4B,fuel=0.00
1779166089.587,0x300,8,39 0F 18 A4 9D 80 D8 0F,temp=97.00
1779166089.681,0x100,8,4A 4F 20 10 1F CA 6C 60,speed=74.00
1779166089.774,0x200,8,30 00 D9 4A 2C 3D 99 BB,fuel=0.00
1779166089.867,0x300,8,39 E0 C1 2B 59 FC 0B 1B,temp=97.00
1779166089.976,0x100,8,4A 7F 85 A9 CD 9A 31 A8,speed=74.00
1779166090.071,0x200,8,EE 00 D7 51 6E 91 F7 10,fuel=0.00
1779166090.162,0x300,8,39 D4 17 4F D7 79 BE 24,temp=97.00
1779166090.255,0x100,8,4A 52 33 9E 68 14 9E C9,speed=74.00
1779166090.348,0x200,8,A5 00 78 A6 C9 62 7D A9,fuel=0.00
1779166090.437,0x300,8,39 15 C0 76 C4 BB 2C 51,temp=97.00
1779166090.529,0x100,8,4A FA 2A 16 E6 71 8A 2D,speed=74.00
1779166090.625,0x200,8,4E 00 C6 B9 EF B5 7B B9,fuel=0.00
1779166090.716,0x300,8,39 E5 18 2E 7E DF 82 73,temp=97.00
1779166090.810,0x100,8,4A 08 56 3B E9 60 11 D4,speed=74.00
1779166090.905,0x200,8,D6 00 A8 38 43 34 04 34,fuel=0.00
1779166091.000,0x300,8,39 FA 7F 05 84 E7 56 88,temp=97.00
1779166091.091,0x100,8,4A 86 7F B2 CD 0C 01 5E,speed=74.00
1779166091.185,0x200,8,42 00 59 45 97 9A 48 E3,fuel=0.00
1779166091.278,0x300,8,39 52 C1 40 10 A5 CE 57,temp=97.00
1779166091.373,0x100,8,4A EF 30 85 F0 6A 89 73,speed=74.00
1779166091.465,0x200,8,D1 00 E0 69 F6 ED E3 67,fuel=0.00
1779166091.559,0x300,8,39 75 4E 4F 33 D2 C5 F4,temp=97.00
1779166091.651,0x100,8,4A EF EE 60 D0 EC 3A 4E,speed=74.00
1779166091.742,0x200,8,75 00 76 F1 4A EC 34 FC,fuel=0.00
1779166091.852,0x300,8,39 2E 94 D9 24 2C 84 40,temp=97.00
1779166091.948,0x100,8,4A EB 18 09 7A 4D 34 97,speed=74.00
1779166092.028,0x200,8,84 00 63 FF D1 95 F5 E5,fuel=0.00
1779166092.132,0x300,8,39 5F E3 1F E7 63 6D 10,temp=97.00
1779166092.226,0x100,8,4A B3 D7 CB 21 16 77 92,speed=74.00
1779166092.319,0x200,8,3B 00 FB 4C 1C 75 B8 E6,fuel=0.00
1779166092.412,0x300,8,39 DD 2D 53 81 C3 A7 8A,temp=97.00
1779166092.505,0x100,8,4A 77 5B 3A 90 36 D3 21,speed=74.00
1779166092.600,0x200,8,AF 00 1A C4 CB 42 86 C5,fuel=0.00
1779166092.693,0x300,8,39 03 49 0F DF AC 59 0B,temp=97.00
1779166092.785,0x100,8,4A 3C B0 C8 4D A8 67 E0,speed=74.00
1779166092.877,0x200,8,C7 00 D2 47 AA 27 A9 4E,fuel=0.00
1779166092.971,0x300,8,39 E0 A8 B0 0F E6 01 D6,temp=97.00
1779166093.063,0x100,8,4A EE 40 B2 4C 3F E3 89,speed=74.00
1779166093.156,0x200,8,12 00 76 FF 05 9E 77 69,fuel=0.00
1779166093.246,0x300,8,39 31 F1 86 B3 7A A5 47,temp=97.00
1779166093.341,0x100,8,4A DE 8C 38 E9 79 00 E3,speed=74.00
1779166093.432,0x200,8,FA 00 28 6D 9A 34 CB 20,fuel=0.00
1779166093.526,0x300,8,39 E1 D5 CD 1E 83 4D 34,temp=97.00
1779166093.619,0x100,8,4A 0F A2 CD 9D 0B 7F C2,speed=74.00
1779166093.713,0x200,8,6A 00 EB 49 A6 B8 AB E7,fuel=0.00
1779166093.819,0x300,8,39 CE 2D E7 81 A0 75 F6,temp=97.00
1779166093.912,0x100,8,4A 3D C8 96 66 20 2B 28,speed=74.00
1779166094.005,0x200,8,FD 00 35 A5 22 CF 24 87,fuel=0.00
1779166094.095,0x300,8,39 D2 9E 72 AB 4E 70 34,temp=97.00
1779166094.190,0x100,8,4A D6 77 DB 83 FB 11 7C,speed=74.00
1779166094.283,0x200,8,64 00 C5 FB 61 B5 95 78,fuel=0.00
1779166094.376,0x300,8,39 8B E9 D6 BA 5D 93 AE,temp=97.00
1779166094.471,0x100,8,4A C6 53 1A AB 9B E2 61,speed=74.00
1779166094.565,0x200,8,5B 00 A7 9A 28 23 3A 6E,fuel=0.00
1779166094.658,0x300,8,39 98 C8 CC F5 F1 17 96,temp=97.00
1779166094.750,0x100,8,4A 3F 84 F0 06 FF 3F 1E,speed=74.00
1779166094.843,0x200,8,4F 00 3E EB 2F F5 A7 92,fuel=0.00
1779166094.932,0x300,8,39 8F F9 72 C1 C2 F3 EB,temp=97.00
1779166095.028,0x100,8,4A 1C 53 C8 81 20 B2 59,speed=74.00
1779166095.121,0x200,8,19 00 B0 A0 7F 2B 58 F8,fuel=0.00
1779166095.214,0x300,8,39 74 A0 E8 4F A1 E5 1B,temp=97.00
1779166095.308,0x100,8,4A 66 2E 33 91 0E 06 30,speed=74.00
1779166095.404,0x200,8,AA 00 F9 4B 33 AC 1A 4B,fuel=0.00
1779166095.496,0x300,8,39 09 05 C8 87 9B 04 1F,temp=97.00
1779166095.590,0x100,8,4A F1 1E C1 30 8B 20 D2,speed=74.00
1779166095.684,0x200,8,21 00 73 46 44 83 03 51,fuel=0.00
1779166095.778,0x300,8,39 8D D2 00 7D 73 68 51,temp=97.00
1779166095.873,0x100,8,4A F9 63 E4 4A E4 4A EF,speed=74.00
1779166095.969,0x200,8,AD 00 5A B9 4E 95 C2 1E,fuel=0.00
1779166096.061,0x300,8,39 56 4B B2 E5 6D 3A 94,temp=97.00
1779166096.153,0x100,8,4A D7 35 3A 4C A0 13 CC,speed=74.00
1779166096.245,0x200,8,77 00 2C BE 32 B7 5E 03,fuel=0.00
1779166096.337,0x300,8,39 F7 0F 30 27 CE 7B 36,temp=97.00
1779166096.432,0x100,8,4A 36 6D 05 A3 6F 61 53,speed=74.00
1779166096.525,0x200,8,69 00 50 1E 48 05 78 97,fuel=0.00
1779166096.633,0x300,8,39 2E C7 B8 AB D5 0F 80,temp=97.00
1779166096.722,0x100,8,4A 81 82 CF 8E 43 95 CD,speed=74.00
1779166096.817,0x200,8,D9 00 6F 01 62 1D 9D CA,fuel=0.00
1779166096.911,0x300,8,39 F8 83 3E 88 7C 63 26,temp=97.00
1779166097.009,0x100,8,4A 40 57 90 13 EE 24 DC,speed=74.00
1779166097.096,0x200,8,11 00 9C 8E 40 26 89 01,fuel=0.00
1779166097.191,0x300,8,39 7A 97 B7 0A BB EE 89,temp=97.00
1779166097.283,0x100,8,4A E6 16 0C 8A ED 57 9C,speed=74.00
1779166097.375,0x200,8,CE 00 BD 84 00 04 79 3B,fuel=0.00
1779166097.470,0x300,8,39 AD 99 B2 CE 94 9A DF,temp=97.00
1779166097.564,0x100,8,4A 27 34 DE 05 34 30 DE,speed=74.00
1779166097.654,0x200,8,65 00 52 37 B8 24 2B 9A,fuel=0.00
1779166097.749,0x300,8,39 C8 0B 9B 75 9A 70 A5,temp=97.00
1779166097.843,0x100,8,4A E2 73 1E 07 9C B0 38,speed=74.00
1779166097.938,0x200,8,C7 00 5E 43 65 DC 43 2C,fuel=0.00
1779166098.029,0x300,8,39 96 A5 62 6B D2 F3 19,temp=97.00
1779166098.123,0x100,8,4A AF 89 2F F1 95 5F 3C,speed=74.00
1779166098.219,0x200,8,69 00 01 43 0F 71 E8 6A,fuel=0.00
1779166098.310,0x300,8,39 21 07 E1 02 8C 1A 83,temp=97.00
1779166098.404,0x100,8,4A 56 44 F4 23 07 97 1E,speed=74.00
1779166098.498,0x200,8,DC 00 A7 94 A5 F6 17 78,fuel=0.00
1779166098.593,0x300,8,39 44 D2 7C 73 EB 60 BD,temp=97.00
1779166098.688,0x100,8,4A 16 1E 3A 2C 33 72 CA,speed=74.00
1779166098.780,0x200,8,5F 00 C0 99 8C 54 0A 33,fuel=0.00
1779166098.873,0x300,8,39 27 B6 46 6A D4 E8 C6,temp=97.00
1779166098.968,0x100,8,4A F1 CA 03 23 62 64 C9,speed=74.00
1779166099.061,0x200,8,69 00 EF F3 CD 2D 86 93,fuel=0.00
1779166099.152,0x300,8,39 9D 89 04 56 5F 40 4D,temp=97.00
1779166099.249,0x100,8,4A 23 6F 86 19 A3 1C 2B,speed=74.00
1779166099.341,0x200,8,C5 00 4B 7A AB A3 45 2D,fuel=0.00
1779166099.435,0x300,8,39 EC 9C 3D 40 78 E2 E4,temp=97.00
1779166099.527,0x100,8,4A CB DC CA 29 64 D4 62,speed=74.00
1779166099.622,0x200,8,8B 00 05 CD A2 0D 6B 22,fuel=0.00
1779166099.715,0x300,8,39 1A 81 C0 FA 31 6C A6,temp=97.00
1779166099.805,0x100,8,4A B2 E2 07 A6 E4 75 70,speed=74.00
1779166099.900,0x200,8,69 00 52 DC 64 61 B4 E1,fuel=0.00
1779166100.007,0x300,8,39 EE A1 2E 8E A1 C7 74,temp=97.00
1779166100.100,0x100,8,4A 67 3D 41 E6 F2 4F E8,speed=74.00
1779166100.193,0x200,8,F3 00 A0 20 18 A0 B3 4E,fuel=0.00
1779166100.283,0x300,8,39 D5 16 FF 56 23 74 94,temp=97.00
1779166100.378,0x100,8,4A 9C DE A2 29 B0 AA 39,speed=74.00
1779166100.471,0x200,8,46 00 CD 26 96 FA A6 8D,fuel=0.00
1779166100.565,0x300,8,39 05 97 75 71 6A DD 30,temp=97.00
1779166100.655,0x100,8,4A 1E 42 97 B5 A7 38 39,speed=74.00
1779166100.748,0x200,8,E4 00 B3 95 9D F5 16 1B,fuel=0.00
1779166100.842,0x300,8,39 5A D0 B1 4C 7B 25 E0,temp=97.00
1779166100.934,0x100,8,4A 9F 29 D5 9F 60 7C 07,speed=74.00
1779166101.024,0x200,8,81 00 21 14 9E 6D 1E 60,fuel=0.00
1779166101.119,0x300,8,39 B6 11 CF 88 1D E9 71,temp=97.00
1779166101.226,0x100,8,4A 15 64 52 36 1B 2C A4,speed=74.00
1779166101.321,0x200,8,FA 00 FA 2C 68 BA F8 AF,fuel=0.00
1779166101.411,0x300,8,39 2D 34 AB 04 2D 98 EB,temp=97.00
1779166101.503,0x100,8,4A E3 B8 5C 19 4D 75 05,speed=74.00
1779166101.597,0x200,8,9C 00 4E 77 C6 F7 1E 0E,fuel=0.00
1779166101.691,0x300,8,39 02 BA BE 4E F4 50 53,temp=97.00
1779166101.785,0x100,8,4A 00 EC A7 F2 39 88 D3,speed=74.00
1779166101.879,0x200,8,8C 00 30 C5 77 04 8D 42,fuel=0.00
1779166101.972,0x300,8,39 AA D6 BC DE E2 E6 11,temp=97.00
1779166102.065,0x100,8,4A 70 0E 8A 06 AE 0D 53,speed=74.00
1779166102.161,0x200,8,D9 00 C4 0E 73 09 77 D5,fuel=0.00
1779166102.255,0x300,8,39 A7 BB 4E 4B 8C 7D 5A,temp=97.00
1779166102.339,0x100,8,4A 22 B5 60 62 3A 5D 1D,speed=74.00
1779166102.430,0x200,8,5B 00 B1 02 E8 B3 FD 48,fuel=0.00
1779166102.538,0x300,8,39 47 E1 CD 46 82 E7 8B,temp=97.00
1779166102.619,0x100,8,4A 02 28 E7 33 66 1A 32,speed=74.00
1779166102.724,0x200,8,EF 00 02 DD 98 90 0D 25,fuel=0.00
1779166102.818,0x300,8,39 D6 7F EB FC 8E 63 63,temp=97.00
1779166102.912,0x100,8,4A 7B 57 E5 E5 CD 04 C6,speed=74.00
1779166103.007,0x200,8,D8 00 CC C8 BB C3 02 3F,fuel=0.00
1779166103.099,0x300,8,39 56 03 F3 B3 2F 47 F9,temp=97.00
1779166103.194,0x100,8,4A A4 62 B6 BA 76 6C 8D,speed=74.00
1779166103.286,0x200,8,FA 00 40 78 EF 8E 08 4B,fuel=0.00
1779166103.380,0x300,8,39 90 FF 68 A5 55 F5 19,temp=97.00
1779166103.472,0x100,8,4A 1E 12 A9 6B BD C1 0A,speed=74.00
1779166103.567,0x200,8,4A 00 08 50 75 94 E2 C7,fuel=0.00
1779166103.660,0x300,8,39 F6 00 3A 06 FC C0 D4,temp=97.00
1779166103.754,0x100,8,4A 23 C7 F5 39 74 6D DD,speed=74.00
1779166103.848,0x200,8,44 00 F6 D2 90 C9 0E 51,fuel=0.00
1779166103.938,0x300,8,39 A4 FC 7B E8 88 5C A3,temp=97.00
1779166104.033,0x100,8,4A 5B 5B 9C C3 3F 9F FC,speed=74.00
1779166104.125,0x200,8,51 00 51 68 D9 B8 39 9C,fuel=0.00
1779166104.218,0x300,8,39 B9 97 3C BF D0 A7 F3,temp=97.00
1779166104.312,0x100,8,4A 90 E9 C8 CD D3 AD DF,speed=74.00
1779166104.404,0x200,8,EB 00 34 F8 74 B6 3B 5B,fuel=0.00
1779166104.497,0x300,8,39 34 6D 06 7E F4 0B 0A,temp=97.00
1779166104.588,0x100,8,4A 31 02 51 3A 60 35 CB,speed=74.00
1779166104.681,0x200,8,15 00 78 E2 E0 C0 BB 7B,fuel=0.00
1779166104.774,0x300,8,39 D3 EC 2F 87 55 36 AE,temp=97.00
1779166104.870,0x100,8,4A 54 E0 54 41 7D 01 1D,speed=74.00
1779166104.977,0x200,8,58 00 DB C0 E6 E2 3D E3,fuel=0.00
1779166105.073,0x300,8,39 B8 81 CA 2B 2E 81 04,temp=97.00
1779166105.160,0x100,8,4A E0 17 25 F9 DF FB 84,speed=74.00
1779166105.253,0x200,8,84 00 62 42 0E A1 8D A0,fuel=0.00
1779166105.347,0x300,8,39 29 44 1F D2 84 79 E7,temp=97.00
1779166105.439,0x100,8,4A 6F 36 B0 94 DA 9B 42,speed=74.00
1779166105.532,0x200,8,92 00 C5 B5 00 26 B5 FE,fuel=0.00
1779166105.627,0x300,8,39 C3 6D E1 6F 84 40 0C,temp=97.00
1779166105.716,0x100,8,4A E1 19 69 7A 8E 9D 6B,speed=74.00
1779166105.809,0x200,8,B6 00 F2 3F 3D CC F7 CE,fuel=0.00
1779166105.902,0x300,8,39 11 73 DD B8 F7 F7 42,temp=97.00
1779166105.996,0x100,8,4A 00 BA F3 D3 91 E3 DD,speed=74.00
1779166106.091,0x200,8,CB 00 11 F5 8A EA 07 12,fuel=0.00
1779166106.185,0x300,8,39 07 27 5D 14 55 D6 81,temp=97.00
1779166106.280,0x100,8,4A DA 5B 43 31 00 51 08,speed=74.00
1779166106.371,0x200,8,B9 00 32 A6 06 9F 8C C7,fuel=0.00
1779166106.464,0x300,8,39 AC EB 38 81 61 59 A5,temp=97.00
1779166106.557,0x100,8,4A F8 2F BD 59 44 7D D6,speed=74.00
1779166106.653,0x200,8,5D 00 F1 ED 19 36 FE 5C,fuel=0.00
1779166106.743,0x300,8,39 30 3C 6F E8 FF 15 4C,temp=97.00
1779166106.852,0x100,8,4A 87 FA 8C 3D 7F 7C D2,speed=74.00
1779166106.946,0x200,8,21 00 DC 2E 02 D0 1A 7C,fuel=0.00
1779166107.038,0x300,8,39 2D 64 34 11 B2 6A FA,temp=97.00
1779166107.128,0x100,8,4A D1 AD 49 DD F8 0D A2,speed=74.00
1779166107.221,0x200,8,F1 00 5A 5D 73 3B 33 B4,fuel=0.00
1779166107.316,0x300,8,39 E2 1D F9 0D 87 A1 49,temp=97.00
1779166107.409,0x100,8,4A 63 B1 34 1E 02 B5 CF,speed=74.00
1779166107.501,0x200,8,FE 00 38 5F DE 81 72 47,fuel=0.00
1779166107.594,0x300,8,39 DD 67 9B 4D FE C2 FA,temp=97.00
1779166107.687,0x100,8,4A 82 73 29 EA B6 73 D6,speed=74.00
1779166107.781,0x200,8,A4 00 45 D5 62 81 E3 72,fuel=0.00
1779166107.877,0x300,8,39 35 E8 35 32 82 7D 68,temp=97.00
1779166107.971,0x100,8,4A D4 1B 6A 66 2C A4 85,speed=74.00
1779166108.063,0x200,8,AA 00 3F 8E 6F 92 0C 87,fuel=0.00
1779166108.157,0x300,8,39 52 17 E1 22 FE 5B 11,temp=97.00
1779166108.251,0x100,8,4A B3 24 E4 8F 63 13 DE,speed=74.00
1779166108.345,0x200,8,AB 00 12 A2 46 E5 13 0A,fuel=0.00
1779166108.437,0x300,8,39 9E 59 55 1C 71 F7 15,temp=97.00
1779166108.531,0x100,8,4A 5D 56 9B 93 5F 23 92,speed=74.00
1779166108.625,0x200,8,DF 00 8A EB 1E 19 8A 80,fuel=0.00
1779166108.717,0x300,8,39 65 8C 49 19 2A 2D 84,temp=97.00
1779166108.808,0x100,8,4A E3 CB 97 30 26 3B 0B,speed=74.00
1779166108.902,0x200,8,24 00 2F D5 7D 62 06 3E,fuel=0.00
1779166108.995,0x300,8,39 AD 04 7D F8 7B CC 7C,temp=97.00
1779166109.088,0x100,8,4A CA 0A 4E 01 16 21 18,speed=74.00
1779166109.185,0x200,8,0D 00 F4 37 09 2C A1 CE,fuel=0.00
1779166109.276,0x300,8,39 D2 B5 67 93 7D 1B 5C,temp=97.00
1779166109.370,0x100,8,4A 5C 81 86 32 A8 F2 3A,speed=74.00
1779166109.463,0x200,8,B6 00 E1 28 B0 D5 73 EA,fuel=0.00
1779166109.572,0x300,8,39 7E 15 D6 20 76 B9 96,temp=97.00
1779166109.662,0x100,8,4A 7F 41 FE 72 9C CE 21,speed=74.00
1779166109.757,0x200,8,83 00 A8 54 91 1F F6 52,fuel=0.00
1779166109.849,0x300,8,39 D4 BB 54 CF 03 9F 48,temp=97.00
1779166109.938,0x100,8,4A C1 A8 F4 5C B2 AD B7,speed=74.00
1779166110.035,0x200,8,67 00 E7 9C A2 35 80 8A,fuel=0.00
1779166110.129,0x300,8,39 D3 08 FE 08 B3 BC 8B,temp=97.00
1779166110.222,0x100,8,4A 02 AD DD 17 24 86 6B,speed=74.00
1779166110.316,0x200,8,C9 00 21 44 18 D5 9E 0D,fuel=0.00
1779166110.408,0x300,8,39 F5 DF 50 4C A1 0D 9A,temp=97.00
1779166110.501,0x100,8,4A 82 62 B2 2C 5D B7 D8,speed=74.00
1779166110.593,0x200,8,DC 00 D9 A0 AD 2E 7C 47,fuel=0.00
1779166110.686,0x300,8,39 3C E0 8A B9 5A 13 74,temp=97.00
1779166110.779,0x100,8,4A CA 4D AB 46 71 1C AC,speed=74.00
1779166110.871,0x200,8,BF 00 52 DC DF 3F 60 0F,fuel=0.00
1779166110.967,0x300,8,39 D2 80 81 80 88 26 0B,temp=97.00
1779166111.057,0x100,8,4A B4 E9 DA 76 0A E3 41,speed=74.00
1779166111.152,0x200,8,12 00 B8 FA EF EC 94 13,fuel=0.00
1779166111.245,0x300,8,39 95 D5 E6 87 CD 97 66,temp=97.00
1779166111.338,0x100,8,4A F7 5A 8D 70 B9 2D 7E,speed=74.00
1779166111.431,0x200,8,B4 00 03 70 A3 0F 98 67,fuel=0.00
1779166111.524,0x300,8,39 D6 00 55 2A 23 19 6B,temp=97.00
1779166111.633,0x100,8,4A 90 43 F8 08 C3 CD 3B,speed=74.00
1779166111.724,0x200,8,C4 00 20 25 2A C0 DF E3,fuel=0.00
1779166111.819,0x300,8,39 12 C7 75 B5 2A 50 40,temp=97.00
1779166111.915,0x100,8,4A 58 8C 25 B7 7B 62 4F,speed=74.00
1779166111.993,0x200,8,1E 00 38 3C C5 F1 1B C3,fuel=0.00
1779166112.101,0x300,8,39 ED D0 98 6B F8 34 A4,temp=97.00
1779166112.192,0x100,8,4A 01 7E 23 AC 5E 37 31,speed=74.00
1779166112.286,0x200,8,0E 00 FB 96 30 06 6B DF,fuel=0.00
1779166112.380,0x300,8,39 C9 5A DD A9 3D FF 12,temp=97.00
1779166112.474,0x100,8,4A FA 3E 30 9F 49 6F DE,speed=74.00
1779166112.568,0x200,8,1C 00 6A 17 37 73 E9 F9,fuel=0.00
1779166112.659,0x300,8,39 13 0F 99 6F C9 10 07,temp=97.00
1779166112.755,0x100,8,4A DD 83 90 66 C0 35 69,speed=74.00
1779166112.842,0x200,8,9E 00 B2 8F 95 80 38 90,fuel=0.00
1779166112.943,0x300,8,39 47 6A E8 55 06 43 9B,temp=97.00
1779166113.038,0x100,8,4A 0B 95 8B 73 86 F8 DE,speed=74.00
1779166113.125,0x200,8,90 00 78 B8 BB 27 FD 1E,fuel=0.00
1779166113.218,0x300,8,39 86 8E 75 3E 22 94 BB,temp=97.00
1779166113.313,0x100,8,4A 82 09 4F EB 38 CD 61,speed=74.00
1779166113.406,0x200,8,51 00 3F 57 40 23 E9 3B,fuel=0.00
1779166113.500,0x300,8,39 E3 22 74 3F A5 76 7D,temp=97.00
1779166113.593,0x100,8,4A 85 D5 0F 1E 5B 45 9C,speed=74.00
1779166113.688,0x200,8,4A 00 97 9A B6 BF 54 4A,fuel=0.00
1779166113.784,0x300,8,39 29 8D 6E AC DE E4 E4,temp=97.00
1779166113.874,0x100,8,4A 59 88 FE 9D 8A 30 AC,speed=74.00
1779166113.966,0x200,8,3C 00 E0 FF DD B3 10 EB,fuel=0.00
1779166114.065,0x300,8,39 D7 43 7E D6 DE 96 66,temp=97.00
1779166114.157,0x100,8,4A 80 37 C9 7B 02 17 4C,speed=74.00
1779166114.250,0x200,8,77 00 FD C0 D4 5B 67 2C,fuel=0.00
1779166114.342,0x300,8,39 18 92 E0 DD 15 D5 30,temp=97.00
1779166114.438,0x100,8,4A 02 67 6A 27 5B 03 E9,speed=74.00
1779166114.530,0x200,8,7C 00 54 FD 7B 6E 2A B4,fuel=0.00
1779166114.622,0x300,8,39 7C DC A1 7A D1 77 19,temp=97.00
1779166114.717,0x100,8,4A 7A 89 9C 93 27 AE 6D,speed=74.00
1779166114.810,0x200,8,FE 00 AE 98 C3 3F 54 CA,fuel=0.00
1779166114.904,0x300,8,39 BA 0A 26 04 D3 6A E3,temp=97.00
1779166114.997,0x100,8,4A F4 16 A6 0B 98 52 6C,speed=74.00
1779166115.088,0x200,8,A6 00 47 2B B9 61 37 D7,fuel=0.00
1779166115.183,0x300,8,39 2C CD E7 DC E2 81 49,temp=97.00
1779166115.275,0x100,8,4A 47 76 B4 7F BA 39 A9,speed=74.00
1779166115.383,0x200,8,44 00 2D FC 9E 7D 14 BD,fuel=0.00
1779166115.463,0x300,8,39 BB C5 0A 5F 0E FB 6E,temp=97.00
1779166115.557,0x100,8,4A 2A E9 D8 F7 E9 2C E3,speed=74.00
1779166115.651,0x200,8,88 00 11 D9 50 B7 62 AD,fuel=0.00
1779166115.743,0x300,8,39 E2 C0 5E 26 75 85 5B,temp=97.00
1779166115.838,0x100,8,4A EA 9D 1A 43 AE F3 3F,speed=74.00
1779166115.932,0x200,8,88 00 AC B6 CA 21 DF 83,fuel=0.00
1779166116.039,0x300,8,39 95 94 DC 49 65 AC 7B,temp=97.00
1779166116.120,0x100,8,4A 31 38 46 DA EB DE 2B,speed=74.00
1779166116.214,0x200,8,DB 00 EE EA 43 69 83 D6,fuel=0.00
1779166116.307,0x300,8,39 12 C0 70 EB 93 D5 93,temp=97.00
1779166116.414,0x100,8,4A BE AD FE 75 B1 E1 EF,speed=74.00
1779166116.508,0x200,8,BD 00 39 FF 05 7C 1B 68,fuel=0.00
1779166116.600,0x300,8,39 D5 37 6B 99 7D F6 FD,temp=97.00
1779166116.693,0x100,8,4A E6 D3 65 F5 69 C1 51,speed=74.00
1779166116.787,0x200,8,E0 00 67 51 AB E9 3B DC,fuel=0.00
1779166116.880,0x300,8,39 CC 04 33 00 F0 69 22,temp=97.00
1779166116.973,0x100,8,4A 71 5A 0B CC 47 5E 2F,speed=74.00
1779166117.067,0x200,8,4C 00 BE 15 52 3E 9F B4,fuel=0.00
1779166117.159,0x300,8,39 E6 8B 5F 57 49 37 2B,temp=97.00
1779166117.252,0x100,8,4A CC D8 DC 97 F5 67 F0,speed=74.00
1779166117.344,0x200,8,31 00 B8 C7 1E 4A F1 06,fuel=0.00
1779166117.438,0x300,8,39 16 4B E5 7D 05 EA CA,temp=97.00
1779166117.531,0x100,8,4A A5 09 D5 35 65 C0 7E,speed=74.00
1779166117.625,0x200,8,71 00 C8 62 86 A9 3C D9,fuel=0.00
1779166117.719,0x300,8,39 59 64 1C 55 52 AA 7F,temp=97.00
1779166117.814,0x100,8,4A 9F 69 04 B1 08 A2 F0,speed=74.00
1779166117.906,0x200,8,DC 00 6F 56 BF 83 F3 14,fuel=0.00
1779166118.000,0x300,8,39 9B 36 99 14 4A D8 7E,temp=97.00
1779166118.096,0x100,8,4A EC DF 56 BE 0A 2D D6,speed=74.00
1779166118.187,0x200,8,9C 00 41 FC 91 15 2F 47,fuel=0.00
1779166118.281,0x300,8,39 FD B6 76 53 B8 DC 69,temp=97.00
1779166118.374,0x100,8,4A 54 56 BE C8 81 07 63,speed=74.00
1779166118.467,0x200,8,9B 00 BE 01 B2 04 90 FD,fuel=0.00
1779166118.559,0x300,8,39 FA CC 9F EA 5E 34 0A,temp=97.00
1779166118.653,0x100,8,4A 83 48 4E D3 70 1D E2,speed=74.00
1779166118.747,0x200,8,6C 00 55 AD B7 C3 1D 26,fuel=0.00
1779166118.841,0x300,8,39 AD B3 FD 8E CB 20 17,temp=97.00
1779166118.934,0x100,8,4A A1 BB 50 13 80 98 0D,speed=74.00
1779166119.024,0x200,8,0A 00 62 AA 2E 18 A0 51,fuel=0.00
1779166119.119,0x300,8,39 FF DB 98 43 F1 DB FA,temp=97.00
1779166119.227,0x100,8,4A F7 FA 5F A1 6E 19 F9,speed=74.00
1779166119.321,0x200,8,B8 00 D9 D5 2C 6B A0 54,fuel=0.00
1779166119.414,0x300,8,39 FE 60 66 F9 3E 78 45,temp=97.00
1779166119.494,0x100,8,4A ED D5 92 29 0E DC 81,speed=74.00
1779166119.591,0x200,8,E2 00 5B C9 83 D2 72 0C,fuel=0.00
1779166119.685,0x300,8,39 B1 8A 48 55 7D A6 D1,temp=97.00
1779166119.777,0x100,8,4A 4A 3E B9 BE 78 51 2F,speed=74.00
1779166119.872,0x200,8,AD 00 14 09 55 B4 BB 7C,fuel=0.00
1779166119.966,0x300,8,39 84 DF 4E 81 B8 11 79,temp=97.00
1779166120.060,0x100,8,4A 28 43 A5 85 42 A6 CF,speed=74.00
1779166120.151,0x200,8,70 00 AB D6 DB 32 E7 00,fuel=0.00
1779166120.246,0x300,8,39 C3 13 7C 09 36 8F C0,temp=97.00
1779166120.337,0x100,8,4A 27 DA 44 C4 B2 BB 32,speed=74.00
1779166120.430,0x200,8,DD 00 1F 5C AD 0E 0C A0,fuel=0.00
1779166120.538,0x300,8,39 5F B3 84 04 FB 69 B4,temp=97.00
1779166120.632,0x100,8,4A 3E DD 08 F8 3E 3D 3C,speed=74.00
1779166120.725,0x200,8,53 00 58 56 9C 55 40 71,fuel=0.00
1779166120.820,0x300,8,39 09 F5 B6 08 CC A0 11,temp=97.00
1779166120.915,0x100,8,4A 7A 05 A6 55 E6 8C 11,speed=74.00
1779166121.006,0x200,8,85 00 1C A4 BD 2D 21 C4,fuel=0.00
1779166121.097,0x300,8,39 47 B5 C1 60 DB 02 D1,temp=97.00
1779166121.191,0x100,8,4A 07 62 2F 29 77 7E 5B,speed=74.00
1779166121.284,0x200,8,0B 00 5A 15 CE DC 68 6B,fuel=0.00
1779166121.379,0x300,8,39 44 AC FA C6 6B 78 D7,temp=97.00
1779166121.471,0x100,8,4A F6 87 EB 81 0B D1 7D,speed=74.00
1779166121.564,0x200,8,25 00 AA 21 FE F7 DA 25,fuel=0.00
1779166121.655,0x300,8,39 9E 2F 4F 41 E6 76 F6,temp=97.00
1779166121.744,0x100,8,4A 41 E8 34 84 08 24 E6,speed=74.00
1779166121.836,0x200,8,7A 00 2A 42 57 12 84 73,fuel=0.00
1779166121.945,0x300,8,39 A5 24 E2 2A 5D EC A6,temp=97.00
1779166122.038,0x100,8,4A F0 A9 7B A0 E4 BD 3D,speed=74.00
1779166122.131,0x200,8,38 00 8D 59 3A 6C 26 6C,fuel=0.00
1779166122.225,0x300,8,39 E9 9B EA 46 DD C3 24,temp=97.00
1779166122.317,0x100,8,4A 37 2A 14 49 75 DD DF,speed=74.00
1779166122.408,0x200,8,4E 00 B9 79 EB 82 2E 3D,fuel=0.00
1779166122.503,0x300,8,39 7F 2D 7F 97 42 1A 51,temp=97.00
1779166122.597,0x100,8,4A 9C B1 91 75 CC 33 2E,speed=74.00
1779166122.692,0x200,8,F9 00 39 FE 24 1D 66 77,fuel=0.00
1779166122.785,0x300,8,39 9E 21 0C 73 EE B1 46,temp=97.00
1779166122.879,0x100,8,4A 86 95 A9 87 EE AF F6,speed=74.00
1779166122.971,0x200,8,EF 00 C3 EB 27 C7 2D F6,fuel=0.00
1779166123.066,0x300,8,39 F8 78 1D 1C 8B 50 1B,temp=97.00
1779166123.158,0x100,8,4A 15 08 CC 76 84 0C 0D,speed=74.00
1779166123.251,0x200,8,F2 00 B3 2B 3E 34 2B 4C,fuel=0.00
1779166123.343,0x300,8,39 EA 3A AF E9 4A A7 A6,temp=97.00
1779166123.437,0x100,8,4A 8C B9 BA 7C 99 7D 29,speed=74.00
1779166123.527,0x200,8,AA 00 E8 FB 1A AD EE C3,fuel=0.00
1779166123.622,0x300,8,39 75 32 9A 80 3C 04 B8,temp=97.00
1779166123.712,0x100,8,4A 23 0A 5D 8A 2A 03 5F,speed=74.00
1779166123.805,0x200,8,92 00 CF 69 C9 CD CC D0,fuel=0.00
1779166123.913,0x300,8,39 0D B3 99 37 BA 5C C4,temp=97.00
1779166124.006,0x100,8,4A E9 41 BD 04 1C 37 DF,speed=74.00
1779166124.100,0x200,8,A4 00 ED B6 8A 8C B7 EB,fuel=0.00
1779166124.195,0x300,8,39 2D 60 C4 E1 70 DC 98,temp=97.00
1779166124.286,0x100,8,4A 87 C3 82 F9 C1 C6 34,speed=74.00
1779166124.380,0x200,8,9C 00 60 52 C4 81 2E 41,fuel=0.00
1779166124.474,0x300,8,39 C3 0B DD E7 0F 59 16,temp=97.00
1779166124.569,0x100,8,4A DE EF 0E 98 1D AF 60,speed=74.00
1779166124.659,0x200,8,5B 00 B9 CA 60 CA E9 6B,fuel=0.00
1779166124.754,0x300,8,39 3E CB 3A 36 F2 E5 F0,temp=97.00
1779166124.845,0x100,8,4A 8C 10 3C 16 E1 0A 7C,speed=74.00
1779166124.938,0x200,8,92 00 07 BC 0C F7 AF E2,fuel=0.00
1779166125.031,0x300,8,39 99 9D 22 4C 86 DA 34,temp=97.00
1779166125.128,0x100,8,4A 37 EA 0A 41 F5 CF A4,speed=74.00
1779166125.219,0x200,8,82 00 F1 95 26 E8 39 88,fuel=0.00
1779166125.312,0x300,8,39 96 41 BA EC 04 A3 35,temp=97.00
1779166125.404,0x100,8,4A 8B CF AF 39 82 9F 4D,speed=74.00
1779166125.498,0x200,8,CA 00 75 04 A4 6A 1E 05,fuel=0.00
1779166125.592,0x300,8,39 B9 69 F8 20 D8 75 3F,temp=97.00
1779166125.686,0x100,8,4A 45 F1 3A F9 27 CA B1,speed=74.00
1779166125.779,0x200,8,D3 00 41 C6 05 F1 44 1F,fuel=0.00
1779166125.869,0x300,8,39 86 7A A9 0B 72 52 66,temp=97.00
1779166125.965,0x100,8,4A 8F 6E E3 18 F2 BF E5,speed=74.00
1779166126.057,0x200,8,FE 00 53 7F 3A F1 88 C5,fuel=0.00
1779166126.155,0x300,8,39 A3 5F ED DD 2B BD B6,temp=97.00
1779166126.249,0x100,8,4A F3 9E AA C5 25 1D 4C,speed=74.00
1779166126.342,0x200,8,14 00 58 51 8D 72 28 BE,fuel=0.00
1779166126.435,0x300,8,39 53 2E F0 46 80 AC 22,temp=97.00
1779166126.528,0x100,8,4A D0 D2 D8 06 EA AB 57,speed=74.00
1779166126.621,0x200,8,BC 00 0E 87 0B 84 20 FA,fuel=0.00
1779166126.713,0x300,8,39 35 FC 8D 16 7D 4D 34,temp=97.00
1779166126.807,0x100,8,4A 77 61 7C F6 AD 3E 4B,speed=74.00
1779166126.915,0x200,8,69 00 9E 61 C8 E1 B8 9B,fuel=0.00
1779166126.994,0x300,8,39 BA 27 7D ED A8 C2 27,temp=97.00
1779166127.099,0x100,8,4A 72 E2 8D 3E 01 3B BC,speed=74.00
1779166127.192,0x200,8,EE 00 B7 CD 61 90 41 BD,fuel=0.00
1779166127.286,0x300,8,39 62 DE 93 39 E9 68 F2,temp=97.00
1779166127.377,0x100,8,4A A2 A6 C2 7C 79 5E F5,speed=74.00
1779166127.468,0x200,8,7E 00 9F 4E 71 A4 AC 8D,fuel=0.00
1779166127.562,0x300,8,39 34 4A DF ED E4 87 02,temp=97.00
1779166127.654,0x100,8,4A B7 3E DA 67 30 EF 96,speed=74.00
1779166127.745,0x200,8,F4 00 A9 7F 27 E6 AD BA,fuel=0.00
1779166127.838,0x300,8,39 0D 29 60 4C BF FF 2B,temp=97.00
1779166127.932,0x100,8,4A 50 60 5F 38 28 D2 30,speed=74.00
1779166128.033,0x200,8,2D 00 94 33 7D 87 32 51,fuel=0.00
1779166128.126,0x300,8,39 F7 78 42 CF 33 CA 6F,temp=97.00
1779166128.223,0x100,8,4A EF A4 61 78 FB 1C 70,speed=74.00
1779166128.318,0x200,8,23 00 92 16 62 4B 46 DA,fuel=0.00
1779166128.408,0x300,8,39 37 BD 79 C3 EA 56 8C,temp=97.00
1779166128.502,0x100,8,4A 28 DE C9 F1 07 7F FC,speed=74.00
1779166128.594,0x200,8,21 00 30 DB F6 65 B0 70,fuel=0.00
1779166128.688,0x300,8,39 F1 ED 6E 5E 54 9A 0B,temp=97.00
1779166128.786,0x100,8,4A BF 13 3C 7B 66 B3 93,speed=74.00
1779166128.878,0x200,8,94 00 00 49 A8 8C C7 74,fuel=0.00
1779166128.973,0x300,8,39 32 0F B0 4E 51 27 7A,temp=97.00
1779166129.068,0x100,8,4A F0 31 83 3E 4B 4C 69,speed=74.00
1779166129.162,0x200,8,67 00 38 32 2D C2 D6 5C,fuel=0.00
1779166129.253,0x300,8,39 29 27 78 AB CF DF 63,temp=97.00
1779166129.347,0x100,8,4A C9 F3 C0 FA E5 79 78,speed=74.00
1779166129.441,0x200,8,3D 00 9D 7B 23 DF CA 74,fuel=0.00
1779166129.534,0x300,8,39 E9 33 3E F2 1B 8F B1,temp=97.00
1779166129.628,0x100,8,4A C1 50 E6 50 D7 7C E3,speed=74.00
1779166129.721,0x200,8,A1 00 A1 02 B3 33 0C C1,fuel=0.00
1779166129.815,0x300,8,39 63 11 4A 7E DB A6 14,temp=97.00
1779166129.909,0x100,8,4A 4B AF 17 18 E4 CB 73,speed=74.00
1779166130.004,0x200,8,9D 00 CD 37 BA 21 14 33,fuel=0.00
1779166130.093,0x300,8,39 48 8C 36 DA B5 8E CE,temp=97.00
1779166130.187,0x100,8,4A CD 41 9B 95 6A 24 36,speed=74.00
1779166130.278,0x200,8,DA 00 D0 44 68 E2 6A FB,fuel=0.00
1779166130.371,0x300,8,39 1A 07 D2 32 B5 E3 7E,temp=97.00
1779166130.466,0x100,8,4A 2F 0D 09 21 D8 40 77,speed=74.00
1779166130.560,0x200,8,EE 00 66 39 8C F2 F7 3F,fuel=0.00
1779166130.652,0x300,8,39 07 B5 8A 5A 94 1A 21,temp=97.00
1779166130.746,0x100,8,4A 85 19 3E DD FA 53 76,speed=74.00
1779166130.838,0x200,8,E7 00 83 35 7D 59 A9 1F,fuel=0.00
1779166130.934,0x300,8,39 33 35 02 1D 56 27 EB,temp=97.00
1779166131.025,0x100,8,4A 01 68 25 9E 96 64 F8,speed=74.00
1779166131.119,0x200,8,AB 00 CF 73 07 79 CE 9B,fuel=0.00
1779166131.227,0x300,8,39 3C E7 B5 FF 29 AC 1E,temp=97.00
1779166131.306,0x100,8,4A CD E0 EF F2 6B 9C 94,speed=74.00
1779166131.415,0x200,8,8E 00 D5 1B BA 5B F9 C2,fuel=0.00
1779166131.495,0x300,8,39 7F 85 6F B0 C0 E1 52,temp=97.00
1779166131.601,0x100,8,4A E3 EB 61 24 8F 68 41,speed=74.00
1779166131.693,0x200,8,6D 00 28 17 E1 BC 6A 3A,fuel=0.00
1779166131.786,0x300,8,39 AC E2 D4 28 E9 5D 6C,temp=97.00
1779166131.879,0x100,8,4A DB 34 EB F6 65 CF AF,speed=74.00
1779166131.974,0x200,8,56 00 2A 17 A1 C2 FD 0E,fuel=0.00
1779166132.064,0x300,8,39 F0 40 B5 F7 D2 27 CB,temp=97.00
1779166132.158,0x100,8,4A 63 D3 D2 56 64 01 C8,speed=74.00
1779166132.250,0x200,8,CA 00 15 2D 3E 16 83 CB,fuel=0.00
1779166132.343,0x300,8,39 36 9C 4F 0E 23 BE DF,temp=97.00
1779166132.439,0x100,8,4A 9C C7 36 E8 92 94 30,speed=74.00
1779166132.531,0x200,8,AA 00 3B 5B 76 40 BE 78,fuel=0.00
1779166132.626,0x300,8,39 E4 B9 E3 DC F7 F3 83,temp=97.00
1779166132.721,0x100,8,4A 9C 33 62 46 A3 24 01,speed=74.00
1779166132.812,0x200,8,91 00 8B F7 AD D5 BD EC,fuel=0.00
1779166132.906,0x300,8,39 15 19 C4 FA 32 6B 3C,temp=97.00
1779166133.001,0x100,8,4A A2 F8 0C 6C D5 6D 63,speed=74.00
1779166133.091,0x200,8,38 00 1A 47 27 50 B5 77,fuel=0.00
1779166133.185,0x300,8,39 96 5B AC 85 69 55 55,temp=97.00
1779166133.279,0x100,8,4A 18 19 7A 55 5C 47 56,speed=74.00
1779166133.372,0x200,8,95 00 BF C4 58 60 CE F2,fuel=0.00
1779166133.464,0x300,8,39 B1 2B 93 8F 76 E5 8E,temp=97.00
1779166133.558,0x100,8,4A 62 62 ED 2C DE 14 B0,speed=74.00
1779166133.664,0x200,8,27 00 3C 92 B1 D3 A1 78,fuel=0.00
1779166133.759,0x300,8,39 89 DC C2 40 AA DD 49,temp=97.00
1779166133.838,0x100,8,4A 99 60 C0 CF 68 72 58,speed=74.00
1779166133.933,0x200,8,04 00 40 5B EB 5D 54 2E,fuel=0.00
1779166134.037,0x300,8,39 7B DE A0 52 BC 56 D9,temp=97.00
1779166134.130,0x100,8,4A 37 FF E3 8B 28 B5 23,speed=74.00
1779166134.224,0x200,8,FA 00 20 BC 88 48 64 88,fuel=0.00
1779166134.318,0x300,8,39 16 99 9B 3F 14 92 49,temp=97.00
1779166134.413,0x100,8,4A 44 72 25 B6 6D ED 09,speed=74.00
1779166134.505,0x200,8,F3 00 7F AE CD 90 9E 94,fuel=0.00
1779166134.599,0x300,8,39 53 BE 4B 35 5A 63 0C,temp=97.00
1779166134.693,0x100,8,4A 39 5E 67 B3 FA 8E 77,speed=74.00
1779166134.786,0x200,8,EA 00 BC 2E 08 EE 27 AC,fuel=0.00
1779166134.881,0x300,8,39 66 09 51 21 15 54 C6,temp=97.00
1779166134.976,0x100,8,4A 8A BC 63 DD 22 93 C1,speed=74.00
1779166135.069,0x200,8,31 00 41 E2 1D 3A DB A2,fuel=0.00
1779166135.161,0x300,8,39 E6 CB 97 60 6F 1B 12,temp=97.00
1779166135.254,0x100,8,4A 1F 82 4A 28 19 D5 DE,speed=74.00
1779166135.350,0x200,8,62 00 80 96 57 B9 8F 50,fuel=0.00
1779166135.446,0x300,8,39 65 AA 1E 8D 4D 14 AD,temp=97.00
1779166135.535,0x100,8,4A 94 56 3E 2F A8 03 3E,speed=74.00
1779166135.630,0x200,8,C8 00 E2 0A BC 67 B7 33,fuel=0.00
1779166135.721,0x300,8,39 89 0A A7 E9 2F B9 98,temp=97.00
1779166135.815,0x100,8,4A A7 C2 AE 50 7B 51 D4,speed=74.00
1779166135.909,0x200,8,59 00 0C 68 5E E0 55 F4,fuel=0.00
1779166136.005,0x300,8,39 1C 7C 1A E0 D9 BE 17,temp=97.00
1779166136.096,0x100,8,4A 4E 5A D8 40 B4 AD 99,speed=74.00
1779166136.188,0x200,8,3D 00 56 1E EA F4 6C DB,fuel=0.00
1779166136.285,0x300,8,39 B4 6F FB 0B CF 80 D9,temp=97.00
1779166136.378,0x100,8,4A 69 6F B2 92 D4 D4 96,speed=74.00
1779166136.470,0x200,8,E1 00 43 2D 24 FB 2F 70,fuel=0.00
1779166136.566,0x300,8,39 24 D6 2B AE 27 5F 35,temp=97.00
1779166136.654,0x100,8,4A A2 0A 31 AA 12 FD 06,speed=74.00
1779166136.748,0x200,8,94 00 6C DC 90 2D E9 B8,fuel=0.00
1779166136.839,0x300,8,39 F1 F1 DD AB 84 08 77,temp=97.00
1779166136.936,0x100,8,4A 1A 32 87 E8 AE 61 4E,speed=74.00
1779166137.029,0x200,8,97 00 51 83 EB 71 B7 86,fuel=0.00
1779166137.120,0x300,8,39 4F 64 06 55 E1 94 B3,temp=97.00
1779166137.227,0x100,8,4A 7C 31 50 50 43 5D BA,speed=74.00
1779166137.321,0x200,8,A0 00 CA 14 CD A0 A0 52,fuel=0.00
1779166137.413,0x300,8,39 8F F5 91 B1 8B 24 4B,temp=97.00
1779166137.509,0x100,8,4A 03 70 42 B1 14 7A DE,speed=74.00
1779166137.601,0x200,8,3C 00 66 49 54 E0 E1 7E,fuel=0.00
1779166137.681,0x300,8,39 C5 72 2B E1 12 85 2B,temp=97.00
1779166137.788,0x100,8,4A 7D D9 4A 24 D5 5C B9,speed=74.00
1779166137.881,0x200,8,7E 00 C8 2F 80 ED C8 91,fuel=0.00
1779166137.977,0x300,8,39 C1 53 8D 9F 1D 13 41,temp=97.00
1779166138.068,0x100,8,4A 4E CC 2D 9B 87 05 A1,speed=74.00
1779166138.163,0x200,8,4A 00 62 7C 19 3C 1D 72,fuel=0.00
1779166138.255,0x300,8,39 2F 5E CE B2 C2 AA 39,temp=97.00
1779166138.349,0x100,8,4A 48 F2 0C B6 CC 02 20,speed=74.00
1779166138.442,0x200,8,6E 00 CB 1D 92 91 C3 83,fuel=0.00
1779166138.536,0x300,8,39 AB A6 0D 62 A0 B9 72,temp=97.00
1779166138.629,0x100,8,4A 96 AA 8F B7 22 F5 30,speed=74.00
1779166138.725,0x200,8,25 00 89 62 BA 0A 6F 8A,fuel=0.00
1779166138.817,0x300,8,39 81 EE 22 84 91 A3 40,temp=97.00
1779166138.912,0x100,8,4A A0 E1 19 A4 F1 6D 67,speed=74.00
1779166139.007,0x200,8,29 00 99 44 3F 64 74 7F,fuel=0.00
1779166139.096,0x300,8,39 7F 86 EC 69 F1 D0 8B,temp=97.00
1779166139.189,0x100,8,4A B6 2E 52 AE D5 8F 9A,speed=74.00
1779166139.284,0x200,8,9B 00 75 51 AF 5C 11 97,fuel=0.00
1779166139.376,0x300,8,39 A4 75 F6 BB F0 B4 E5,temp=97.00
1779166139.469,0x100,8,4A 46 F4 02 8B 6B CB C1,speed=74.00
1779166139.562,0x200,8,DA 00 10 BA DC 4C 4A 57,fuel=0.00
1779166139.654,0x300,8,39 D3 92 0F 8D 6E 38 AD,temp=97.00
1779166139.747,0x100,8,4A C4 77 09 6F 63 92 3B,speed=74.00
1779166139.843,0x200,8,FF 00 E1 C5 C2 0F DA 7D,fuel=0.00
1779166139.936,0x300,8,39 45 4F 80 97 72 23 4D,temp=97.00
1779166140.027,0x100,8,4A F5 07 18 1C 6B 64 E5,speed=74.00
1779166140.123,0x200,8,79 00 1C 39 45 69 78 10,fuel=0.00
1779166140.215,0x300,8,39 7C A4 C1 B8 4C 41 ED,temp=97.00
1779166140.308,0x100,8,4A 40 73 40 FB 0B 21 7C,speed=74.00
1779166140.404,0x200,8,14 00 66 84 2E 4D 5B B1,fuel=0.00
1779166140.496,0x300,8,39 91 B1 73 DE C9 A2 0C,temp=97.00
1779166140.599,0x100,8,4A 10 D3 7A BB F5 9C 4C,speed=74.00
1779166140.694,0x200,8,38 00 03 25 56 6A A4 2C,fuel=0.00
1779166140.785,0x300,8,39 89 71 01 35 9D 69 FB,temp=97.00
1779166140.879,0x100,8,4A 94 23 08 64 34 BC 15,speed=74.00
1779166140.976,0x200,8,8E 00 8B 83 60 0A 71 30,fuel=0.00
1779166141.066,0x300,8,39 B9 13 D3 D4 E8 8C 14,temp=97.00
1779166141.158,0x100,8,4A BE 68 36 E7 A3 91 88,speed=74.00
1779166141.252,0x200,8,7F 00 1E 13 B5 12 8D D2,fuel=0.00
1779166141.343,0x300,8,39 45 90 02 EC 03 71 D8,temp=97.00
1779166141.438,0x100,8,4A 24 A1 F5 27 1F 58 83,speed=74.00
1779166141.531,0x200,8,19 00 53 D4 93 ED 89 EE,fuel=0.00
1779166141.624,0x300,8,39 05 BA FD 6D 67 1A 70,temp=97.00
1779166141.719,0x100,8,4A 12 BC A2 9B 56 49 A2,speed=74.00
1779166141.812,0x200,8,30 00 BA C8 31 7D CB 44,fuel=0.00
1779166141.905,0x300,8,39 3D 6A 9B D9 29 91 85,temp=97.00
1779166141.997,0x100,8,4A A8 DD 12 FB 59 28 1C,speed=74.00
1779166142.092,0x200,8,53 00 49 C1 4C CF 48 BB,fuel=0.00
1779166142.187,0x300,8,39 36 0F 63 86 2D 64 46,temp=97.00
1779166142.279,0x100,8,4A F3 EA 80 C7 5E 0C FD,speed=74.00
1779166142.372,0x200,8,0E 00 03 0A 73 74 60 18,fuel=0.00
1779166142.466,0x300,8,39 76 3B 25 97 EE 60 0E,temp=97.00
1779166142.564,0x100,8,4A 71 D3 D5 3E 11 DE E7,speed=74.00
1779166142.655,0x200,8,8C 00 6D 69 1C DD C5 78,fuel=0.00
1779166142.745,0x300,8,39 E1 5C B8 4C D6 8F F5,temp=97.00
1779166142.838,0x100,8,4A 39 1A DD 5E B3 0D 31,speed=74.00
1779166142.932,0x200,8,81 00 66 0B 9D 94 78 4E,fuel=0.00
1779166143.024,0x300,8,39 8C A8 5B A7 71 FB A8,temp=97.00
1779166143.135,0x100,8,4A 3D ED 79 5C 67 F0 30,speed=74.00
1779166143.213,0x200,8,2F 00 36 D2 5F 55 48 D2,fuel=0.00
1779166143.319,0x300,8,39 54 90 41 C2 F0 BF 93,temp=97.00
1779166143.414,0x100,8,4A F7 88 CF 03 62 DA FE,speed=74.00
1779166143.508,0x200,8,ED 00 AC 5C 01 8F CD 58,fuel=0.00
1779166143.601,0x300,8,39 05 25 8E 6C E4 04 0C,temp=97.00
1779166143.695,0x100,8,4A C1 C1 40 45 E0 4C 44,speed=74.00
1779166143.789,0x200,8,6D 00 21 ED 0D 20 80 F4,fuel=0.00
1779166143.882,0x300,8,39 F0 E8 FE 14 52 0D D0,temp=97.00
1779166143.972,0x100,8,4A 4C 9F AA 62 83 FE D0,speed=74.00
1779166144.065,0x200,8,30 00 A0 20 B7 A7 AC 9E,fuel=0.00
1779166144.156,0x300,8,39 A3 40 6C 37 E4 99 1F,temp=97.00
1779166144.248,0x100,8,4A 7D 6C 90 A9 2C ED 29,speed=74.00
1779166144.342,0x200,8,6C 00 A0 C6 05 2D 36 25,fuel=0.00
1779166144.433,0x300,8,39 10 86 A9 D0 F9 58 5B,temp=97.00
1779166144.525,0x100,8,4A 53 8C DF 7E A3 8C E7,speed=74.00
1779166144.620,0x200,8,80 00 AB 0A 5F 71 84 B6,fuel=0.00
1779166144.712,0x300,8,39 64 82 63 A0 9B DC 6E,temp=97.00
1779166144.807,0x100,8,4A 05 B8 BF 02 AE 28 17,speed=74.00
1779166144.916,0x200,8,A3 00 FE 11 B4 45 FE 9B,fuel=0.00
1779166145.008,0x300,8,39 9F 76 CB 99 21 71 2A,temp=97.00
1779166145.101,0x100,8,4A DF 0F F2 8C 42 8E 06,speed=74.00
1779166145.182,0x200,8,FE 00 04 1B A0 8D 0A 68,fuel=0.00
1779166145.289,0x300,8,39 85 E0 D3 59 05 9F 01,temp=97.00
1779166145.383,0x100,8,4A A3 00 DB 09 DF 7F 3D,speed=74.00
1779166145.477,0x200,8,79 00 47 F3 83 B4 77 4E,fuel=0.00
1779166145.574,0x300,8,39 D8 26 F9 46 28 5B 9F,temp=97.00
1779166145.652,0x100,8,4A C1 47 3C 6B 9D 06 44,speed=74.00
1779166145.754,0x200,8,7A 00 94 F9 55 87 83 53,fuel=0.00
1779166145.849,0x300,8,39 95 B4 D8 E1 26 DA D8,temp=97.00
1779166145.941,0x100,8,4A 0B 92 D9 ED 0A C5 7A,speed=74.00
1779166146.032,0x200,8,0C 00 06 8B 5D 31 FD 66,fuel=0.00
1779166146.125,0x300,8,39 79 38 38 86 EB E8 74,temp=97.00
1779166146.219,0x100,8,4A DC 2F 76 8D A1 0B 55,speed=74.00
1779166146.313,0x200,8,63 00 27 63 5B 04 DB 0A,fuel=0.00
1779166146.407,0x300,8,39 3E 4B AF 5F FA 30 93,temp=97.00
1779166146.498,0x100,8,4A D7 DB 44 BE A2 22 56,speed=74.00
1779166146.592,0x200,8,60 00 3F A0 15 7F 86 03,fuel=0.00
1779166146.685,0x300,8,39 51 04 58 4F 63 88 FB,temp=97.00
1779166146.778,0x100,8,4A 97 72 2E 12 A4 FC E9,speed=74.00
1779166146.871,0x200,8,16 00 17 75 B9 CD D7 EC,fuel=0.00
1779166146.969,0x300,8,39 1F 8B 5B ED 7F AB 04,temp=97.00
1779166147.058,0x100,8,4A F2 CB 01 E9 D1 37 EC,speed=74.00
1779166147.151,0x200,8,A9 00 1A 57 D4 FA E9 00,fuel=0.00
1779166147.247,0x300,8,39 64 26 59 A9 9D 00 1F,temp=97.00
1779166147.338,0x100,8,4A DC 37 E9 28 46 A6 32,speed=74.00
1779166147.431,0x200,8,03 00 79 8C 9A 3A 89 6B,fuel=0.00
1779166147.526,0x300,8,39 3A 3A 82 CB D9 AD BF,temp=97.00
1779166147.618,0x100,8,4A A6 49 CD 24 F3 38 4F,speed=74.00
1779166147.725,0x200,8,08 00 B8 54 FB 4F F3 4B,fuel=0.00
1779166147.820,0x300,8,39 86 00 4F 2B 60 AA 4B,temp=97.00
1779166147.916,0x100,8,4A B5 1C 91 6F C0 70 BC,speed=74.00
1779166148.008,0x200,8,EA 00 5F 03 FB C2 3F 7D,fuel=0.00
1779166148.100,0x300,8,39 08 BA EB 26 A9 FA 70,temp=97.00
1779166148.193,0x100,8,4A 4E E1 9A 73 BB 81 AB,speed=74.00
1779166148.283,0x200,8,4A 00 7A 34 08 EF EE C8,fuel=0.00
1779166148.380,0x300,8,39 29 D9 BD 2F 4E 59 6E,temp=97.00
1779166148.474,0x100,8,4A F7 B0 51 4D 42 D7 CD,speed=74.00
1779166148.569,0x200,8,B3 00 1E 61 09 6F A4 9C,fuel=0.00
1779166148.659,0x300,8,39 41 0A 92 60 28 8D 31,temp=97.00
1779166148.752,0x100,8,4A BB 09 C1 82 6D 94 80,speed=74.00
1779166148.848,0x200,8,06 00 B2 17 44 7A 35 BD,fuel=0.00
1779166148.942,0x300,8,39 76 C2 12 50 64 5A C8,temp=97.00
1779166149.035,0x100,8,4A 1D 8D 45 31 79 92 38,speed=74.00
1779166149.127,0x200,8,F7 00 CA FC 25 7C 8C 4A,fuel=0.00
1779166149.221,0x300,8,39 76 C3 EF FE 7D 01 DA,temp=97.00
1779166149.314,0x100,8,4A E3 21 69 1C 18 DD 67,speed=74.00
1779166149.405,0x200,8,39 00 2A 78 A0 BB 5A 03,fuel=0.00
1779166149.497,0x300,8,39 94 13 0B AC 5D D8 F3,temp=97.00
1779166149.592,0x100,8,4A 8D F0 01 F4 9B 58 95,speed=74.00
1779166149.685,0x200,8,8B 00 0B 7E A8 42 4B 05,fuel=0.00
1779166149.780,0x300,8,39 FE BE C9 9D 59 60 EE,temp=97.00
1779166149.873,0x100,8,4A AB 8B C8 FA 18 55 D4,speed=74.00
1779166149.973,0x200,8,EE 00 C2 7C F0 98 11 3F,fuel=0.00
1779166150.061,0x300,8,39 D5 DD C0 E8 68 38 72,temp=97.00
1779166150.153,0x100,8,4A 9E E1 99 71 76 F0 26,speed=74.00
1779166150.247,0x200,8,C4 00 7D 26 65 57 F9 7A,fuel=0.00
1779166150.343,0x300,8,39 BB 16 AB 92 4A 2C 32,temp=97.00
1779166150.435,0x100,8,4A 13 AB 81 AE 4C 56 15,speed=74.00
1779166150.527,0x200,8,13 00 96 F3 E6 76 90 DD,fuel=0.00
1779166150.618,0x300,8,39 80 06 EB 0E 5C 4D 29,temp=97.00
1779166150.714,0x100,8,4A 48 0D DA EA 66 F2 71,speed=74.00
1779166150.818,0x200,8,54 00 85 8B BD 24 4E 42,fuel=0.00
1779166150.914,0x300,8,39 C0 AF 17 38 EB 78 83,temp=97.00
1779166151.010,0x100,8,4A E6 09 8D 36 02 E6 29,speed=74.00
1779166151.097,0x200,8,13 00 93 E7 1A E5 6B A0,fuel=0.00
1779166151.191,0x300,8,39 30 77 0F 42 4D A6 C4,temp=97.00
1779166151.286,0x100,8,4A A6 17 1B E1 45 5E 74,speed=74.00
1779166151.379,0x200,8,16 00 7B 6D A2 C7 9A FE,fuel=0.00
1779166151.475,0x300,8,39 8F 5B A4 64 2E 8B 43,temp=97.00
1779166151.568,0x100,8,4A C0 62 14 74 6D 65 29,speed=74.00
1779166151.653,0x200,8,D4 00 D6 9F 75 BB DD 32,fuel=0.00
1779166151.746,0x300,8,39 EF 48 D3 27 92 CA E5,temp=97.00
1779166151.838,0x100,8,4A 1C FE F0 89 0D 50 17,speed=74.00
1779166151.932,0x200,8,60 00 42 00 38 CB D4 88,fuel=0.00
1779166152.035,0x300,8,39 0F 75 09 32 75 46 8B,temp=97.00
1779166152.129,0x100,8,4A 7E 1A 6B 22 B0 55 5F,speed=74.00
1779166152.224,0x200,8,70 00 68 02 99 2E AB 55,fuel=0.00
1779166152.312,0x300,8,39 D0 31 26 E7 FD B4 4E,temp=97.00
1779166152.408,0x100,8,4A 32 0E 67 50 7B 51 4E,speed=74.00
1779166152.500,0x200,8,38 00 E6 09 8B 16 13 4A,fuel=0.00
1779166152.594,0x300,8,39 A5 58 3B 8D A5 25 73,temp=97.00
1779166152.687,0x100,8,4A 48 24 58 CB F5 68 B6,speed=74.00
1779166152.779,0x200,8,0C 00 8A 8D 00 1C 8A 67,fuel=0.00
1779166152.872,0x300,8,39 17 DE 75 71 F8 2E 98,temp=97.00
1779166152.967,0x100,8,4A 59 0A 16 58 B3 AC C2,speed=74.00
1779166153.060,0x200,8,38 00 B1 B0 F2 F2 0A 2F,fuel=0.00
1779166153.150,0x300,8,39 0F F5 13 FB 7F 0B 53,temp=97.00
1779166153.257,0x100,8,4A DC 2E 0E 77 41 6F 2D,speed=74.00
1779166153.345,0x200,8,26 00 DB 42 DF 81 9C 1F,fuel=0.00
1779166153.437,0x300,8,39 FA 26 CB F6 BD 99 96,temp=97.00
1779166153.531,0x100,8,4A 8D BB A0 21 26 91 9C,speed=74.00
1779166153.624,0x200,8,8D 00 2D 22 44 BF 7E 8D,fuel=0.00
1779166153.718,0x300,8,39 38 D5 93 BE A8 35 9F,temp=97.00
1779166153.809,0x100,8,4A 12 1E 78 56 A5 C3 4F,speed=74.00
1779166153.902,0x200,8,F9 00 FC 6F 74 19 C5 0C,fuel=0.00
1779166153.997,0x300,8,39 3D 68 02 FB 1A 8E 88,temp=97.00
1779166154.090,0x100,8,4A 35 78 B9 5F 8F 66 62,speed=74.00
1779166154.185,0x200,8,18 00 A1 F6 93 D7 89 CE,fuel=0.00
1779166154.278,0x300,8,39 FE 87 17 00 83 21 75,temp=97.00
1779166154.372,0x100,8,4A 6B 20 BE 80 BA 8C 49,speed=74.00
1779166154.464,0x200,8,4D 00 FF DA CF 0C 82 4B,fuel=0.00
1779166154.560,0x300,8,39 BB 27 59 84 F5 A8 64,temp=97.00
1779166154.653,0x100,8,4A CB 5D 85 11 88 45 EA,speed=74.00
1779166154.745,0x200,8,65 00 A7 BB D5 1A 0B B7,fuel=0.00
1779166154.839,0x300,8,39 3A 29 85 BC 7C 11 13,temp=97.00
1779166154.934,0x100,8,4A 72 CB AB F5 3F B9 EE,speed=74.00
1779166155.026,0x200,8,57 00 03 74 9D 06 CA 36,fuel=0.00
1779166155.132,0x300,8,39 A9 48 E3 82 CD 0F 47,temp=97.00
1779166155.229,0x100,8,4A 2E 4D 26 20 06 10 53,speed=74.00
1779166155.319,0x200,8,3D 00 86 C3 D6 6F 0A A8,fuel=0.00
1779166155.412,0x300,8,39 FD D0 C4 AE 84 80 92,temp=97.00
1779166155.505,0x100,8,4A F7 33 81 28 03 26 EC,speed=74.00
1779166155.599,0x200,8,13 00 48 EA 0D 22 D5 CB,fuel=0.00
1779166155.691,0x300,8,39 92 41 14 6A F5 E2 B2,temp=97.00
1779166155.785,0x100,8,4A 3A 9C 1F 9B 9D D8 33,speed=74.00
1779166155.879,0x200,8,DC 00 C6 98 41 3F ED F2,fuel=0.00
1779166155.974,0x300,8,39 0F 19 7A 71 3F 37 C5,temp=97.00
1779166156.065,0x100,8,4A 88 27 93 DE BE A1 C2,speed=74.00
1779166156.159,0x200,8,44 00 E5 7B 6D F8 C3 31,fuel=0.00
1779166156.252,0x300,8,39 81 72 1E FC CD 9B 16,temp=97.00
1779166156.346,0x100,8,4A 28 E1 2D 95 1A 0B 19,speed=74.00
1779166156.437,0x200,8,C0 00 E6 BF BC 3E 9A 8C,fuel=0.00
1779166156.530,0x300,8,39 F7 AE 57 50 10 FE B6,temp=97.00
1779166156.621,0x100,8,4A 71 B2 EF 11 3B D0 C4,speed=74.00
1779166156.714,0x200,8,53 00 C9 FE AC 95 63 47,fuel=0.00
1779166156.807,0x300,8,39 D2 CD 19 38 B4 32 4F,temp=97.00
1779166156.903,0x100,8,4A 9B 54 D5 49 51 4C 63,speed=74.00
1779166156.996,0x200,8,10 00 0F 3A E1 7C 11 4D,fuel=0.00
1779166157.087,0x300,8,39 5C 5F 59 F1 78 62 20,temp=97.00
1779166157.180,0x100,8,4A 5B EF BA BC 17 FB C0,speed=74.00
1779166157.275,0x200,8,80 00 A9 1F 9D C8 82 E4,fuel=0.00
1779166157.368,0x300,8,39 51 0C 54 C5 72 FC DC,temp=97.00
1779166157.462,0x100,8,4A FB 23 4F F8 78 E0 17,speed=74.00
1779166157.571,0x200,8,AF 00 2E 21 27 30 28 4C,fuel=0.00
1779166157.650,0x300,8,39 65 33 D2 B0 70 B2 F3,temp=97.00
1779166157.743,0x100,8,4A 63 6A 49 1D 80 A5 C0,speed=74.00
1779166157.850,0x200,8,D9 00 A0 16 BB AF B1 C2,fuel=0.00
1779166157.946,0x300,8,39 03 75 EA CB 62 CE 11,temp=97.00
1779166158.036,0x100,8,4A 88 5E 58 FE ED A2 3D,speed=74.00
1779166158.128,0x200,8,23 00 9F 01 8B 6A 25 D0,fuel=0.00
1779166158.220,0x300,8,39 92 92 BA 51 DA 30 EF,temp=97.00
1779166158.315,0x100,8,4A F1 85 51 9D CD EB 0D,speed=74.00
1779166158.407,0x200,8,0F 00 EB 43 57 2D F3 30,fuel=0.00
1779166158.499,0x300,8,39 1A 26 90 45 47 14 8A,temp=97.00
1779166158.594,0x100,8,4A D2 53 88 FA 30 D4 0B,speed=74.00
1779166158.687,0x200,8,12 00 15 25 D9 FB EA 30,fuel=0.00
1779166158.781,0x300,8,39 A1 01 4E 27 D7 8A 91,temp=97.00
1779166158.873,0x100,8,4A 48 53 24 2D FA 7B 55,speed=74.00
1779166158.970,0x200,8,D9 00 3C F8 CA 70 58 31,fuel=0.00
1779166159.061,0x300,8,39 DA CE 4F F2 70 5D 38,temp=97.00
1779166159.156,0x100,8,4A BF 7C 35 40 AF 1E 6D,speed=74.00
1779166159.246,0x200,8,BD 00 96 33 C5 98 66 22,fuel=0.00
1779166159.341,0x300,8,39 85 20 CB 5A C1 4D 1B,temp=97.00
1779166159.435,0x100,8,4A 88 49 2A 57 13 86 20,speed=74.00
1779166159.527,0x200,8,2A 00 DB 60 D2 95 17 17,fuel=0.00
1779166159.621,0x300,8,39 4B 5D F6 15 C8 47 E6,temp=97.00
1779166159.714,0x100,8,4A 60 08 75 99 4A EA AC,speed=74.00
1779166159.809,0x200,8,5A 00 D0 1C DD 78 A8 9A,fuel=0.00
1779166159.904,0x300,8,39 4D D8 C1 D5 85 68 54,temp=97.00
1779166159.996,0x100,8,4A 49 7E 88 AA 80 47 33,speed=74.00
1779166160.088,0x200,8,6F 00 BA E1 F9 C9 46 80,fuel=0.00
1779166160.182,0x300,8,39 1A BF 66 48 35 B7 B6,temp=97.00
1779166160.277,0x100,8,4A 52 7B 10 51 76 60 31,speed=74.00
1779166160.369,0x200,8,7D 00 F4 82 D6 B8 B9 3E,fuel=0.00
1779166160.463,0x300,8,39 26 21 15 81 8F 91 63,temp=97.00
1779166160.557,0x100,8,4A 1F 70 5B 0E 9B F1 1A,speed=74.00
1779166160.650,0x200,8,14 00 83 89 DF 9E A1 E4,fuel=0.00
1779166160.744,0x300,8,39 23 52 29 49 C8 E1 16,temp=97.00
1779166160.837,0x100,8,4A C9 4D EC 60 B1 D6 7C,speed=74.00
1779166160.946,0x200,8,63 00 C9 53 BE 0C 90 CA,fuel=0.00
1779166161.039,0x300,8,39 A2 41 BF 96 74 F4 ED,temp=97.00
1779166161.132,0x100,8,4A 57 1B 75 B6 B6 C3 65,speed=74.00
1779166161.223,0x200,8,44 00 55 08 3B 65 EA 26,fuel=0.00
1779166161.315,0x300,8,39 4F 3C 4F 18 0E 79 2C,temp=97.00
1779166161.411,0x100,8,4A 5A 74 85 17 C0 55 83,speed=74.00
1779166161.500,0x200,8,94 00 65 30 48 7D 56 85,fuel=0.00
1779166161.594,0x300,8,39 25 46 1F 34 B0 88 6D,temp=97.00
1779166161.685,0x100,8,4A 22 CC 76 AF D2 60 56,speed=74.00
1779166161.780,0x200,8,C0 00 BD 3A DB 51 ED B7,fuel=0.00
1779166161.873,0x300,8,39 6B D9 1D C6 1E 27 72,temp=97.00
1779166161.969,0x100,8,4A 69 10 38 2B FE 65 B3,speed=74.00
1779166162.062,0x200,8,A9 00 48 C7 7D 86 C6 98,fuel=0.00
1779166162.154,0x300,8,39 84 39 C8 E7 4B A8 EF,temp=97.00
1779166162.247,0x100,8,4A F5 85 76 48 0F D2 71,speed=74.00
1779166162.341,0x200,8,FB 00 7D B0 70 9F 88 B1,fuel=0.00
1779166162.436,0x300,8,39 C1 94 FB 9F 9E 3D 90,temp=97.00
1779166162.528,0x100,8,4A 07 9E 4D 7B 0D 65 20,speed=74.00
1779166162.622,0x200,8,82 00 C7 7F BD FC B2 08,fuel=0.00
1779166162.719,0x300,8,39 79 93 AC AD 2B BC 3A,temp=97.00
1779166162.811,0x100,8,4A 14 EF C3 6A B5 17 7E,speed=74.00
1779166162.904,0x200,8,A4 00 59 13 1F 5B 4F 33,fuel=0.00
1779166162.999,0x300,8,39 2E BF 6E 20 6A F2 FD,temp=97.00
1779166163.089,0x100,8,4A B4 CB EB 6A 39 52 19,speed=74.00
1779166163.181,0x200,8,73 00 40 A7 EA F1 F9 07,fuel=0.00
1779166163.281,0x300,8,39 20 AB 1F A9 AC 29 8F,temp=97.00
1779166163.373,0x100,8,4A CB 42 05 83 D8 5D 08,speed=74.00
1779166163.469,0x200,8,C3 00 25 93 53 8B A2 43,fuel=0.00
1779166163.561,0x300,8,39 46 19 C5 AC D1 AC 8B,temp=97.00
1779166163.653,0x100,8,4A 20 0C C0 87 5D 03 BF,speed=74.00
1779166163.745,0x200,8,FC 00 ED C7 3D D3 90 9E,fuel=0.00
1779166163.839,0x300,8,39 47 DC 70 86 46 33 DD,temp=97.00
1779166163.931,0x100,8,4A 9E 64 E7 28 18 09 EF,speed=74.00
1779166164.039,0x200,8,9B 00 1C 0B 32 90 85 B0,fuel=0.00
1779166164.119,0x300,8,39 64 83 31 17 BB C1 22,temp=97.00
1779166164.229,0x100,8,4A 7A 1D 0A 4A E3 62 83,speed=74.00
1779166164.319,0x200,8,69 00 EF 96 80 AB 07 CD,fuel=0.00
1779166164.413,0x300,8,39 67 74 72 71 60 2A 04,temp=97.00
1779166164.507,0x100,8,4A 7C 20 25 BB D5 C0 48,speed=74.00
1779166164.599,0x200,8,8A 00 B2 82 D5 46 7F C1,fuel=0.00
1779166164.692,0x300,8,39 77 19 FC DD EE 98 B6,temp=97.00
1779166164.784,0x100,8,4A 97 24 48 87 55 FD 8F,speed=74.00
1779166164.879,0x200,8,93 00 1E 11 01 F6 4B 88,fuel=0.00
1779166164.972,0x300,8,39 D0 A4 7D BF 77 B5 64,temp=97.00
1779166165.064,0x100,8,4A 37 D7 F7 79 3B B5 2D,speed=74.00
1779166165.157,0x200,8,63 00 A3 C1 AC 8D 1E 04,fuel=0.00
1779166165.250,0x300,8,39 6B 84 30 87 76 AA 8C,temp=97.00
1779166165.344,0x100,8,4A 08 74 1F 05 CE D0 95,speed=74.00
1779166165.437,0x200,8,D6 00 AE 3D 89 CA 50 E3,fuel=0.00
1779166165.530,0x300,8,39 DB 68 BA 0B 9C 6E 10,temp=97.00
1779166165.623,0x100,8,4A 11 4F 60 6D 21 A5 56,speed=74.00
1779166165.720,0x200,8,BE 00 4D C1 71 E6 7E 71,fuel=0.00
1779166165.810,0x300,8,39 C4 48 6F A1 57 43 B8,temp=97.00
1779166165.904,0x100,8,4A 5F 14 0E 51 94 70 2E,speed=74.00
1779166165.997,0x200,8,78 00 6B 18 97 C6 C0 E5,fuel=0.00
1779166166.088,0x300,8,39 50 86 D4 33 CF 2A 32,temp=97.00
1779166166.182,0x100,8,4A 27 5F 78 3B 31 5A B3,speed=74.00
1779166166.277,0x200,8,8A 00 55 7D F9 17 00 C8,fuel=0.00
1779166166.367,0x300,8,39 1D 76 61 C4 E9 AF 65,temp=97.00
1779166166.476,0x100,8,4A C7 B2 33 7E E7 1E 5A,speed=74.00
1779166166.569,0x200,8,E7 00 40 39 B4 67 EC 60,fuel=0.00
1779166166.662,0x300,8,39 C6 C6 C7 2C D7 C9 16,temp=97.00
1779166166.753,0x100,8,4A A5 B4 00 0F AA D1 EE,speed=74.00
1779166166.847,0x200,8,AD 00 D8 DE 37 67 29 9B,fuel=0.00
1779166166.944,0x300,8,39 37 A9 28 2D 41 B9 7F,temp=97.00
1779166167.032,0x100,8,4A A6 A5 75 C8 AE 52 36,speed=74.00
1779166167.128,0x200,8,68 00 19 EE C1 1C 22 48,fuel=0.00
1779166167.222,0x300,8,39 55 8E 91 96 33 FC 58,temp=97.00
1779166167.315,0x100,8,4A 4B E0 77 45 00 7D 55,speed=74.00
1779166167.407,0x200,8,53 00 74 29 F0 FA CE 22,fuel=0.00
1779166167.502,0x300,8,39 F7 25 F1 83 85 EF DB,temp=97.00
1779166167.595,0x100,8,4A A2 49 53 99 E7 00 F9,speed=74.00
1779166167.689,0x200,8,02 00 95 31 30 83 00 37,fuel=0.00
1779166167.781,0x300,8,39 25 23 4A 72 24 55 13,temp=97.00
1779166167.878,0x100,8,4A 16 5A 0A F0 0C 7C 1A,speed=74.00
1779166167.967,0x200,8,31 00 58 50 5F 33 7D FA,fuel=0.00
1779166168.066,0x300,8,39 B8 6B 81 43 C0 F4 C1,temp=97.00
1779166168.158,0x100,8,4A F7 DC 53 49 58 AE DB,speed=74.00
1779166168.250,0x200,8,5C 00 FE C6 36 A0 9A A7,fuel=0.00
1779166168.344,0x300,8,39 9E 91 FB B9 66 EF AC,temp=97.00
1779166168.438,0x100,8,4A 46 4A 02 DE FB 2E C6,speed=74.00
1779166168.532,0x200,8,DC 00 A8 BD 11 62 28 41,fuel=0.00
1779166168.624,0x300,8,39 EE 5E FA BC F5 47 0C,temp=97.00
1779166168.719,0x100,8,4A 95 BE AF B7 C1 9D 7C,speed=74.00
1779166168.811,0x200,8,51 00 72 94 97 A8 1D 5F,fuel=0.00
1779166168.904,0x300,8,39 12 D5 C7 49 E5 55 83,temp=97.00
1779166168.998,0x100,8,4A 73 8A 50 6F 37 F5 76,speed=74.00
1779166169.090,0x200,8,E0 00 5F 12 F5 2D 77 FD,fuel=0.00
1779166169.184,0x300,8,39 30 F6 3B C6 F8 F0 97,temp=97.00
1779166169.278,0x100,8,4A 12 C5 D3 01 F8 12 7E,speed=74.00
1779166169.372,0x200,8,44 00 E0 BB A5 7B 46 A6,fuel=0.00
1779166169.466,0x300,8,39 E1 0A C2 BD D3 E1 2B,temp=97.00
1779166169.561,0x100,8,4A 8E 7A E5 2F C2 F1 04,speed=74.00
1779166169.653,0x200,8,70 00 F9 D8 DF 1E 62 72,fuel=0.00
1779166169.745,0x300,8,39 4E 2B 10 80 B0 63 41,temp=97.00
1779166169.839,0x100,8,4A 30 10 E8 15 CD C9 F0,speed=74.00
1779166169.933,0x200,8,7A 00 C6 34 E4 ED D8 40,fuel=0.00
1779166170.025,0x300,8,39 62 48 CF FE F6 C3 C2,temp=97.00
1779166170.119,0x100,8,4A 7D 8C 6C 04 5E 56 45,speed=74.00
1779166170.213,0x200,8,E0 00 FF AE DB 55 A2 9A,fuel=0.00
1779166170.307,0x300,8,39 7A 3C 85 BC 46 C6 96,temp=97.00
1779166170.401,0x100,8,4A C4 63 DF B0 A2 52 FB,speed=74.00
1779166170.510,0x200,8,70 00 62 E9 3B CC 21 83,fuel=0.00
1779166170.601,0x300,8,39 90 B8 35 F7 02 09 CC,temp=97.00
1779166170.693,0x100,8,4A 62 C3 11 2A 0D 0C D9,speed=74.00
1779166170.787,0x200,8,F0 00 D2 A9 57 AA 5C A2,fuel=0.00
1779166170.881,0x300,8,39 0F 12 B9 A0 AA 81 4D,temp=97.00
1779166170.970,0x100,8,4A C6 14 73 75 85 8F 17,speed=74.00
1779166171.069,0x200,8,D1 00 27 FE 57 D6 2A 6C,fuel=0.00
1779166171.164,0x300,8,39 92 CD 88 C7 3D 2F 23,temp=97.00
1779166171.258,0x100,8,4A 7A 7B 65 8F 7B 9F DB,speed=74.00
1779166171.352,0x200,8,C3 00 EE 82 36 03 6B 6C,fuel=0.00
1779166171.444,0x300,8,39 0F 9D 5F A0 3F 0A 2A,temp=97.00
1779166171.536,0x100,8,4A AF 52 3F 73 DB 66 35,speed=74.00
1779166171.630,0x200,8,41 00 79 E1 5D 89 DC CB,fuel=0.00
1779166171.722,0x300,8,39 D8 7A 1B 8B 0E 67 67,temp=97.00
1779166171.815,0x100,8,4A B3 D3 D2 68 83 CB B6,speed=74.00
1779166171.909,0x200,8,F0 00 76 6C FE 7D 55 FC,fuel=0.00
1779166172.006,0x300,8,39 7C F4 1E 0B 26 E9 B8,temp=97.00
1779166172.096,0x100,8,4A 49 75 79 77 DF E4 06,speed=74.00
1779166172.188,0x200,8,3D 00 66 B8 F5 56 D5 54,fuel=0.00
1779166172.282,0x300,8,39 65 BC E9 DA B8 B0 71,temp=97.00
1779166172.374,0x100,8,4A E3 28 8C 1F 2C 25 90,speed=74.00
1779166172.467,0x200,8,AF 00 59 A8 00 55 F0 55,fuel=0.00
1779166172.563,0x300,8,39 7A FB 6C DC 00 BE B5,temp=97.00
1779166172.655,0x100,8,4A FA 22 1F 5D 96 E1 FB,speed=74.00
1779166172.747,0x200,8,18 00 71 48 26 A2 2F 8E,fuel=0.00
1779166172.849,0x300,8,39 37 43 21 A3 D2 F2 0D,temp=97.00
1779166172.936,0x100,8,4A 72 40 E4 D7 D3 9B 6B,speed=74.00
1779166173.026,0x200,8,6F 00 54 BB 84 26 60 FF,fuel=0.00
1779166173.121,0x300,8,39 88 37 26 3F 00 7C 2E,temp=97.00
1779166173.213,0x100,8,4A C7 4E 3E 82 84 8F 97,speed=74.00
1779166173.306,0x200,8,09 00 1D A9 73 02 31 6E,fuel=0.00
1779166173.399,0x300,8,39 50 74 CB 96 CD 85 BE,temp=97.00
1779166173.496,0x100,8,4A FF 09 92 72 B3 93 64,speed=74.00
1779166173.587,0x200,8,A1 00 BD E5 05 4D 30 A8,fuel=0.00
1779166173.695,0x300,8,39 5F 76 38 70 CC 45 FD,temp=97.00
1779166173.787,0x100,8,4A 13 DB 79 6F 72 08 B8,speed=74.00
1779166173.883,0x200,8,B5 00 79 AA B5 F3 B7 EF,fuel=0.00
1779166173.973,0x300,8,39 71 98 B0 7F A5 0E B1,temp=97.00
1779166174.069,0x100,8,4A 39 3B 40 FE 1B 61 E8,speed=74.00
1779166174.161,0x200,8,EC 00 EB 2C 23 1F 1D 53,fuel=0.00
1779166174.254,0x300,8,39 85 94 B3 7F C3 73 D8,temp=97.00
1779166174.346,0x100,8,4A F1 B4 22 14 FE F9 C0,speed=74.00
1779166174.440,0x200,8,01 00 F8 66 49 6D 2F 4C,fuel=0.00
1779166174.535,0x300,8,39 C9 A4 44 DC 26 55 3F,temp=97.00
1779166174.626,0x100,8,4A 3D 28 A6 2F 78 0A BE,speed=74.00
1779166174.720,0x200,8,A6 00 48 2F 4B 3F AE 13,fuel=0.00
1779166174.812,0x300,8,39 A3 19 63 01 D7 1A 64,temp=97.00
1779166174.907,0x100,8,4A 0D 35 24 38 0C 3C EA,speed=74.00
1779166175.005,0x200,8,01 00 75 01 6B 66 69 EA,fuel=0.00
1779166175.093,0x300,8,39 75 D8 30 D1 5C 0E E0,temp=97.00
1779166175.186,0x100,8,4A 48 99 95 C8 88 A5 84,speed=74.00
1779166175.281,0x200,8,34 00 E5 AB 0E CF 9E 6C,fuel=0.00
1779166175.372,0x300,8,39 FD C6 C5 F1 9F 79 59,temp=97.00
1779166175.466,0x100,8,4A 26 71 98 9B 0A 0C 14,speed=74.00
1779166175.559,0x200,8,F1 00 51 37 1D B9 A5 CF,fuel=0.00
1779166175.664,0x300,8,39 D9 0E 5E 63 C1 38 9A,temp=97.00
1779166175.756,0x100,8,4A CF F3 61 82 3B CD 1C,speed=74.00
1779166175.855,0x200,8,F6 00 76 EC 9C 89 77 83,fuel=0.00
1779166175.942,0x300,8,39 CC C1 C3 A8 5A 7F CC,temp=97.00
1779166176.037,0x100,8,4A E7 9B 2C 76 E6 C3 06,speed=74.00
1779166176.130,0x200,8,67 00 3B B1 61 25 84 1D,fuel=0.00
1779166176.224,0x300,8,39 82 DF 7D 75 6F 77 8D,temp=97.00
1779166176.318,0x100,8,4A 0D 86 FE 1D B4 EA AF,speed=74.00
1779166176.410,0x200,8,97 00 E2 0C 9D 1A C8 ED,fuel=0.00
1779166176.503,0x300,8,39 20 92 AE D0 54 0D 71,temp=97.00
1779166176.592,0x100,8,4A 54 A8 77 73 CD 57 69,speed=74.00
1779166176.686,0x200,8,12 00 AB 4F 85 B5 33 2C,fuel=0.00
1779166176.781,0x300,8,39 C6 AE FB 48 66 BC 6E,temp=97.00
1779166176.873,0x100,8,4A AD C5 F3 26 6A 94 4F,speed=74.00
1779166176.972,0x200,8,B7 00 5D 02 86 E0 AB 6D,fuel=0.00
1779166177.060,0x300,8,39 51 CB EA CD 2C B0 18,temp=97.00
1779166177.155,0x100,8,4A 18 AC 5D 8D 3B 21 3A,speed=74.00
1779166177.247,0x200,8,9C 00 76 E8 AC BA F5 D4,fuel=0.00
1779166177.341,0x300,8,39 7D 71 7D C2 2F 1F 99,temp=97.00
1779166177.433,0x100,8,4A 7B BC 36 74 69 44 33,speed=74.00
1779166177.527,0x200,8,9F 00 A0 5D ED F0 CE E4,fuel=0.00
1779166177.622,0x300,8,39 81 CD E5 E4 53 BA 11,temp=97.00
1779166177.713,0x100,8,4A E8 0A 26 F2 89 EC C3,speed=74.00
1779166177.809,0x200,8,DE 00 78 3F 70 D7 6D 5D,fuel=0.00
1779166177.901,0x300,8,39 69 26 39 5E 0B BE 47,temp=97.00
1779166177.996,0x100,8,4A BD 8C 72 9D E5 81 7A,speed=74.00
1779166178.086,0x200,8,A0 00 85 DA BF 60 29 FA,fuel=0.00
1779166178.195,0x300,8,39 57 AC CB 08 81 20 1E,temp=97.00
1779166178.291,0x100,8,4A 11 B9 0C 95 30 9E 7E,speed=74.00
1779166178.381,0x200,8,23 00 BE 5E C8 4A 69 23,fuel=0.00
1779166178.471,0x300,8,39 A2 92 91 7A 22 A1 55,temp=97.00
1779166178.568,0x100,8,4A 5C 28 B1 EF 81 A9 6D,speed=74.00
1779166178.660,0x200,8,96 00 51 2A 97 E0 7E E0,fuel=0.00
1779166178.753,0x300,8,39 1D 9A 0C C6 1F 9D D8,temp=97.00
1779166178.847,0x100,8,4A 8D 2E 15 AC C8 0F F5,speed=74.00
1779166178.940,0x200,8,7D 00 1B 84 1E A0 BE 1B,fuel=0.00
1779166179.033,0x300,8,39 4D 20 6A ED 45 06 59,temp=97.00
1779166179.128,0x100,8,4A 73 CA 54 74 C4 CB A2,speed=74.00
1779166179.220,0x200,8,A6 00 4B FB 58 5C 89 13,fuel=0.00
1779166179.313,0x300,8,39 AF 60 3B 9A 19 6B FC,temp=97.00
1779166179.407,0x100,8,4A 13 7F 9E 4B 51 AF 05,speed=74.00
1779166179.499,0x200,8,28 00 8D C6 40 4A F8 32,fuel=0.00
1779166179.593,0x300,8,39 3E 6F 16 26 F9 A7 0A,temp=97.00
1779166179.690,0x100,8,4A 0E D0 0C 2E 2C 04 AA,speed=74.00
1779166179.780,0x200,8,07 00 9D F8 75 AA EE 6A,fuel=0.00
1779166179.872,0x300,8,39 45 42 27 05 56 83 53,temp=97.00
1779166179.971,0x100,8,4A 23 A4 38 9A 55 68 03,speed=74.00
1779166180.067,0x200,8,B4 00 BE 5A A4 A3 6F 94,fuel=0.00
1779166180.152,0x300,8,39 6B CC D1 7B A5 3D 28,temp=97.00
1779166180.246,0x100,8,4A 0B 49 B2 29 33 14 C2,speed=74.00
1779166180.339,0x200,8,77 00 C5 34 00 67 6D 3E,fuel=0.00
1779166180.432,0x300,8,39 B2 74 C1 AA D1 DF 91,temp=97.00
1779166180.524,0x100,8,4A C6 7C CF 88 90 72 33,speed=74.00
1779166180.619,0x200,8,14 00 49 3A BE 5C C5 85,fuel=0.00
1779166180.713,0x300,8,39 CD 69 01 3B BE 63 5A,temp=97.00
1779166180.821,0x100,8,4A 3A 43 65 34 7D 0D 15,speed=74.00
1779166180.915,0x200,8,63 00 DC A6 F1 27 AD 12,fuel=0.00
1779166181.007,0x300,8,39 D2 7E 2A E1 D2 3F 0E,temp=97.00
1779166181.102,0x100,8,4A 14 51 F4 BF 77 0D C7,speed=74.00
1779166181.180,0x200,8,47 00 77 F9 69 C1 72 1B,fuel=0.00
1779166181.284,0x300,8,39 BC 89 0A D5 22 97 6C,temp=97.00
1779166181.379,0x100,8,4A F6 71 B7 72 90 A4 3C,speed=74.00
1779166181.472,0x200,8,F9 00 EE 04 8B 1D 12 2D,fuel=0.00
1779166181.566,0x300,8,39 32 5F CC FB 16 56 75,temp=97.00
1779166181.659,0x100,8,4A 87 FC 8F 2B 99 2C 52,speed=74.00
1779166181.752,0x200,8,C0 00 49 CE 83 4E 17 05,fuel=0.00
1779166181.844,0x300,8,39 91 20 2D 55 69 74 66,temp=97.00
1779166181.939,0x100,8,4A BC 66 6E 41 CC F4 84,speed=74.00
1779166182.031,0x200,8,20 00 D2 DA 5E FF 59 27,fuel=0.00
1779166182.122,0x300,8,39 FD 78 DE 2E 24 90 F9,temp=97.00
1779166182.215,0x100,8,4A DB BF 54 58 B6 32 F2,speed=74.00
1779166182.308,0x200,8,AB 00 F5 95 73 F6 DD 5A,fuel=0.00
1779166182.403,0x300,8,39 77 23 3A 6B 45 B9 63,temp=97.00
1779166182.496,0x100,8,4A 0C CA D0 4F 96 22 5E,speed=74.00
1779166182.588,0x200,8,E4 00 EE 74 B6 14 09 0A,fuel=0.00
1779166182.682,0x300,8,39 54 6F 4E F7 F2 47 CF,temp=97.00
1779166182.775,0x100,8,4A C6 6C 5B 76 40 34 EE,speed=74.00
1779166182.868,0x200,8,29 00 97 AB 27 16 43 9B,fuel=0.00
1779166182.974,0x300,8,39 0E FF FC 5C C4 D1 01,temp=97.00
1779166183.070,0x100,8,4A 1D 76 4B F2 05 6B 6F,speed=74.00
1779166183.159,0x200,8,73 00 5F 71 FB B1 36 82,fuel=0.00
1779166183.254,0x300,8,39 5D 00 44 C2 51 50 D8,temp=97.00
1779166183.345,0x100,8,4A 7A 72 FF CA 97 9B 14,speed=74.00
1779166183.438,0x200,8,C5 00 F2 32 D4 4D 16 FB,fuel=0.00
1779166183.532,0x300,8,39 65 7C 74 B4 0A B5 C4,temp=97.00
1779166183.623,0x100,8,4A E7 92 59 72 AC 8F 8A,speed=74.00
1779166183.717,0x200,8,BA 00 F8 E5 3D 61 AF 39,fuel=0.00
1779166183.812,0x300,8,39 C4 82 7C CE 5A EC 74,temp=97.00
1779166183.902,0x100,8,4A D0 5D 82 BC 69 0B 10,speed=74.00
1779166183.994,0x200,8,EE 00 9F CC 84 99 1C 2D,fuel=0.00
1779166184.088,0x300,8,39 02 3B F2 2A DB 1C 01,temp=97.00
1779166184.183,0x100,8,4A 8C C7 F2 58 7D E4 75,speed=74.00
1779166184.276,0x200,8,B6 00 35 0E 16 94 C1 3C,fuel=0.00
1779166184.369,0x300,8,39 48 CC 43 EC 5B 0C D6,temp=97.00
1779166184.464,0x100,8,4A 3D AB 51 28 17 AB 7A,speed=74.00
1779166184.557,0x200,8,C6 00 13 DC 93 4D B6 94,fuel=0.00
1779166184.650,0x300,8,39 B6 E3 24 B0 B2 79 05,temp=97.00
1779166184.746,0x100,8,4A CF 5F 03 0A CF 85 A9,speed=74.00
1779166184.851,0x200,8,C5 00 5F 09 92 28 52 AC,fuel=0.00
1779166184.943,0x300,8,39 E4 98 31 B2 CB C6 F7,temp=97.00
1779166185.035,0x100,8,4A F1 D0 21 DF 92 18 9F,speed=74.00
1779166185.127,0x200,8,40 00 A5 3B 6A 39 A0 01,fuel=0.00
1779166185.221,0x300,8,39 03 AF 3A D2 BD 8E F9,temp=97.00
1779166185.316,0x100,8,4A 2D 4E CA 8A A7 80 31,speed=74.00
1779166185.411,0x200,8,36 00 EB C1 D0 22 2F 55,fuel=0.00
1779166185.505,0x300,8,39 49 25 37 15 ED B6 25,temp=97.00
1779166185.598,0x100,8,4A 8B F6 96 5A 95 14 C3,speed=74.00
1779166185.693,0x200,8,39 00 10 2D EF 1F 95 53,fuel=0.00
1779166185.784,0x300,8,39 4A 9C 9A 7C 72 D4 AF,temp=97.00
1779166185.878,0x100,8,4A 1E F0 5E 0C C0 34 97,speed=74.00
1779166185.972,0x200,8,A1 00 EC 28 B0 33 B7 57,fuel=0.00
1779166186.062,0x300,8,39 F2 51 B4 EB 8E 19 C2,temp=97.00
1779166186.155,0x100,8,4A 32 C2 33 9A D7 FF 5E,speed=74.00
1779166186.247,0x200,8,25 00 AC F1 7B 2A 60 1A,fuel=0.00
1779166186.343,0x300,8,39 DB FA E2 86 95 5C 7A,temp=97.00
1779166186.436,0x100,8,4A 51 2E 86 1F FF 2A DC,speed=74.00
1779166186.528,0x200,8,8F 00 2E 8C 5A 12 BC B0,fuel=0.00
1779166186.620,0x300,8,39 11 0E 0F 44 22 0F C0,temp=97.00
1779166186.713,0x100,8,4A 67 97 7E E6 D4 BA 9A,speed=74.00
1779166186.805,0x200,8,7F 00 15 12 C0 DB 7E 9A,fuel=0.00
1779166186.901,0x300,8,39 BE 45 27 13 2C 3F FF,temp=97.00
1779166186.995,0x100,8,4A 2F F5 16 E1 F3 B1 E9,speed=74.00
1779166187.102,0x200,8,39 00 C0 51 1E 5A D5 AF,fuel=0.00
1779166187.194,0x300,8,39 55 D7 74 1F A3 0E 8A,temp=97.00
1779166187.288,0x100,8,4A 44 25 CF 34 4D 13 97,speed=74.00
1779166187.381,0x200,8,70 00 99 25 1C 34 C4 56,fuel=0.00
1779166187.473,0x300,8,39 12 5E 94 8F 86 FB 82,temp=97.00
1779166187.567,0x100,8,4A FB F9 2F 3D 4D 8B 54,speed=74.00
1779166187.662,0x200,8,E3 00 92 AB FB 6D 7F 78,fuel=0.00
1779166187.754,0x300,8,39 9C EF 09 27 9D 0F 47,temp=97.00
1779166187.847,0x100,8,4A 77 FC FA 26 CF 70 C4,speed=74.00
1779166187.943,0x200,8,C3 00 BD E9 D8 56 AC 74,fuel=0.00
1779166188.035,0x300,8,39 E2 0D FA 9F E2 7A C9,temp=97.00
1779166188.128,0x100,8,4A CB EA AB 72 DD 27 D5,speed=74.00
1779166188.221,0x200,8,69 00 4C 35 52 D7 A2 2F,fuel=0.00
1779166188.315,0x300,8,39 7B 94 19 06 13 6F 0E,temp=97.00
1779166188.401,0x100,8,4A CB 18 55 9C 2C 0F 92,speed=74.00
1779166188.507,0x200,8,36 00 29 4B D2 12 00 9F,fuel=0.00
1779166188.587,0x300,8,39 56 D1 A4 F5 C3 4E 54,temp=97.00
1779166188.681,0x100,8,4A 41 C6 52 ED 0B BC 49,speed=74.00
1779166188.787,0x200,8,E2 00 10 4B FE 7A 4E 4D,fuel=0.00
1779166188.881,0x300,8,39 BD 7F F0 6C 7A DC 00,temp=97.00
1779166188.968,0x100,8,4A 90 A1 E6 FC 8D 4B 78,speed=74.00
1779166189.067,0x200,8,CC 00 C0 C8 F8 39 A3 C7,fuel=0.00
1779166189.158,0x300,8,39 B0 84 CD 23 07 56 08,temp=97.00
1779166189.252,0x100,8,4A 0B 03 C0 FD 13 26 01,speed=74.00
1779166189.345,0x200,8,65 00 D8 5E FC 64 9A 9B,fuel=0.00
1779166189.440,0x300,8,39 E5 13 04 B5 59 B3 A7,temp=97.00
1779166189.533,0x100,8,4A AC 4A 00 13 AB AE EF,speed=74.00
1779166189.627,0x200,8,2E 00 21 A8 D3 FC 08 3E,fuel=0.00
1779166189.720,0x300,8,39 E5 1E 41 E5 15 5A 68,temp=97.00
1779166189.812,0x100,8,4A 16 18 43 9B F1 04 AA,speed=74.00
1779166189.908,0x200,8,DE 00 DF FD 61 ED C6 30,fuel=0.00
1779166190.003,0x300,8,39 CD 56 50 86 D5 97 28,temp=97.00
1779166190.094,0x100,8,4A 56 2B 5C D3 61 56 BE,speed=74.00
1779166190.187,0x200,8,17 00 95 C9 16 21 32 D8,fuel=0.00
1779166190.280,0x300,8,39 EC 3B 84 B7 AE 48 57,temp=97.00
1779166190.375,0x100,8,4A EA 68 E7 A7 32 60 79,speed=74.00
1779166190.469,0x200,8,4B 00 36 65 12 48 55 5E,fuel=0.00
1779166190.563,0x300,8,39 6C D6 56 D8 30 86 4E,temp=97.00
1779166190.654,0x100,8,4A 81 3F E5 2F F1 1E 52,speed=74.00
1779166190.748,0x200,8,FB 00 6E ED 19 3F 91 84,fuel=0.00
1779166190.841,0x300,8,39 E6 47 4E 1E E9 17 70,temp=97.00
1779166190.936,0x100,8,4A 75 32 D1 35 29 0F 01,speed=74.00
1779166191.027,0x200,8,45 00 9D 76 5B 79 98 98,fuel=0.00
1779166191.123,0x300,8,39 56 12 CB D7 0F 2B 3C,temp=97.00
1779166191.216,0x100,8,4A 7E 7A ED 85 E5 FE 2B,speed=74.00
1779166191.308,0x200,8,2C 00 26 AF 97 ED 8C 65,fuel=0.00
1779166191.401,0x300,8,39 55 86 08 B7 E0 DD 1A,temp=97.00
1779166191.508,0x100,8,4A 02 EC 8F 59 92 FD DF,speed=74.00
1779166191.587,0x200,8,8D 00 35 F3 B8 31 1E DC,fuel=0.00
1779166191.681,0x300,8,39 0E EC 3C 32 4F F5 47,temp=97.00
1779166191.788,0x100,8,4A 33 07 6B B3 F2 FD EA,speed=74.00
1779166191.880,0x200,8,C2 00 1C C2 88 47 FF F7,fuel=0.00
1779166191.976,0x300,8,39 D4 DE 0E 77 74 60 11,temp=97.00
1779166192.069,0x100,8,4A BE 3C B2 EF 30 86 B2,speed=74.00
1779166192.158,0x200,8,07 00 4F BC B0 D6 7E 09,fuel=0.00
1779166192.253,0x300,8,39 AA D5 39 11 AF 4A 55,temp=97.00
1779166192.347,0x100,8,4A 9C 1A 0E C3 D6 8E 06,speed=74.00
1779166192.439,0x200,8,45 00 0B E0 EE 50 8C 5F,fuel=0.00
1779166192.532,0x300,8,39 57 73 53 E3 2F F8 C1,temp=97.00
1779166192.628,0x100,8,4A AA 74 B3 E3 3E 60 5C,speed=74.00
1779166192.721,0x200,8,52 00 20 5C 98 46 DB 54,fuel=0.00
1779166192.814,0x300,8,39 52 95 06 0A DA FA 48,temp=97.00
1779166192.908,0x100,8,4A A8 DC AB FE 44 A3 5A,speed=74.00
1779166193.002,0x200,8,8E 00 46 4E 67 79 29 6A,fuel=0.00
1779166193.094,0x300,8,39 CB 65 8E 56 DD EE 85,temp=97.00
1779166193.189,0x100,8,4A EA EC 99 61 C2 00 EF,speed=74.00
1779166193.280,0x200,8,97 00 50 18 6A 8B A0 B6,fuel=0.00
1779166193.373,0x300,8,39 6C 94 3E C8 A2 B3 D5,temp=97.00
1779166193.465,0x100,8,4A 67 D2 83 50 83 DA FD,speed=74.00
1779166193.560,0x200,8,45 00 D9 EE E9 EC 56 01,fuel=0.00
1779166193.649,0x300,8,39 B2 CB 5C 43 C8 BF EC,temp=97.00
1779166193.743,0x100,8,4A 75 94 10 37 50 8B 78,speed=74.00
1779166193.838,0x200,8,D1 00 B1 E9 2D 81 29 D4,fuel=0.00
1779166193.946,0x300,8,39 FA 09 EF 77 7D FE 7E,temp=97.00
1779166194.038,0x100,8,4A BE 1A 5B F9 82 BB C7,speed=74.00
1779166194.131,0x200,8,43 00 3B 8F 8B 67 AB E8,fuel=0.00
1779166194.225,0x300,8,39 C0 AE FC AB 10 35 37,temp=97.00
1779166194.317,0x100,8,4A 20 8E E2 0E F4 48 FE,speed=74.00
1779166194.411,0x200,8,E0 00 4C 53 F9 FE 04 CC,fuel=0.00
1779166194.503,0x300,8,39 66 B4 FE A5 03 26 78,temp=97.00
1779166194.597,0x100,8,4A 83 1B D7 28 DF DA 35,speed=74.00
1779166194.688,0x200,8,87 00 BA 17 E5 A7 F4 BF,fuel=0.00
1779166194.782,0x300,8,39 C6 A3 0A 0B C4 65 E6,temp=97.00
1779166194.878,0x100,8,4A A4 42 2E 98 E7 3B DA,speed=74.00
1779166194.976,0x200,8,A7 00 2F A6 E6 43 CF 8F,fuel=0.00
1779166195.064,0x300,8,39 AE AB 8D 84 D9 FE 72,temp=97.00
1779166195.153,0x100,8,4A CA D1 F6 9F 7D 58 47,speed=74.00
1779166195.245,0x200,8,41 00 B2 23 E9 42 1E A3,fuel=0.00
1779166195.338,0x300,8,39 B1 DA 44 6B 68 61 26,temp=97.00
1779166195.431,0x100,8,4A 68 B0 7A 87 7F 34 50,speed=74.00
1779166195.538,0x200,8,89 00 38 9B CF 2E 57 1D,fuel=0.00
1779166195.632,0x300,8,39 F6 2C D7 F7 E2 10 D6,temp=97.00
1779166195.724,0x100,8,4A 4C BC B4 BC 66 DB B5,speed=74.00
1779166195.817,0x200,8,B3 00 E3 55 4E 34 20 E9,fuel=0.00
1779166195.911,0x300,8,39 65 63 08 32 C6 CB E1,temp=97.00
1779166196.003,0x100,8,4A 5B A5 60 B5 B5 28 32,speed=74.00
1779166196.098,0x200,8,99 00 BF 44 A7 AC 9E 92,fuel=0.00
1779166196.191,0x300,8,39 F7 1F 7C 78 AC 1D 78,temp=97.00
1779166196.287,0x100,8,4A F8 EF 9B A1 DD 7A 1F,speed=74.00
1779166196.369,0x200,8,59 00 B4 A1 BF 27 05 0B,fuel=0.00
1779166196.463,0x300,8,39 AC D1 66 AA EE 1A 20,temp=97.00
1779166196.559,0x100,8,4A A8 D2 38 CA 94 1B F8,speed=74.00
1779166196.665,0x200,8,21 00 1C 9D F7 37 87 A6,fuel=0.00
1779166196.756,0x300,8,39 56 05 36 43 4C 33 AC,temp=97.00
1779166196.850,0x100,8,4A 30 9A 1E F1 65 28 03,speed=74.00
1779166196.945,0x200,8,36 00 88 FD C2 39 38 A0,fuel=0.00
1779166197.034,0x300,8,39 25 C4 23 15 AA 0D 68,temp=97.00
1779166197.132,0x100,8,4A FF 9A 52 F3 4E 65 A1,speed=74.00
1779166197.215,0x200,8,B4 00 DF C9 74 89 25 88,fuel=0.00
1779166197.317,0x300,8,39 DF FE 2F 5B CD D9 8C,temp=97.00
1779166197.413,0x100,8,4A 93 39 9B 14 7D 9E 11,speed=74.00
1779166197.504,0x200,8,BC 00 F7 14 F1 A3 AC 3F,fuel=0.00
1779166197.597,0x300,8,39 BC ED 82 77 47 7A 8E,temp=97.00
1779166197.692,0x100,8,4A 7F 54 89 3C C9 84 2E,speed=74.00
1779166197.784,0x200,8,09 00 FF 6A CB 1D B3 04,fuel=0.00
1779166197.877,0x300,8,39 36 CB 8F 40 8B 79 85,temp=97.00
1779166197.966,0x100,8,4A 81 1F F9 8F BD F4 A1,speed=74.00
1779166198.064,0x200,8,96 00 31 12 EF AD BD 32,fuel=0.00
1779166198.158,0x300,8,39 95 AE BF 66 9B 04 22,temp=97.00
1779166198.252,0x100,8,4A 26 25 F4 D2 68 E3 30,speed=74.00
1779166198.345,0x200,8,87 00 20 2D EB E8 79 6A,fuel=0.00
1779166198.436,0x300,8,39 AD 28 4A D1 93 1F 55,temp=97.00
1779166198.530,0x100,8,4A 28 7F D4 8E 53 8D 3D,speed=74.00
1779166198.625,0x200,8,FF 00 FB 95 5C 47 36 F6,fuel=0.00
1779166198.719,0x300,8,39 3A 5E EB A1 68 4D 5E,temp=97.00
1779166198.814,0x100,8,4A B2 77 A4 22 E1 6D 9B,speed=74.00
1779166198.906,0x200,8,49 00 C8 FD 4C 0F AA 2E,fuel=0.00
1779166198.997,0x300,8,39 BF 37 5E 94 E9 21 66,temp=97.00
1779166199.091,0x100,8,4A 72 E4 A5 25 CC E8 C1,speed=74.00
1779166199.183,0x200,8,69 00 BF EE D4 AA 68 B1,fuel=0.00
1779166199.278,0x300,8,39 1A 3E 98 0D 12 38 BA,temp=97.00
1779166199.369,0x100,8,4A 2F 67 56 C4 D2 B1 87,speed=74.00
1779166199.464,0x200,8,08 00 E6 38 AD 13 DC 2B,fuel=0.00
1779166199.557,0x300,8,39 33 43 00 AF 15 35 62,temp=97.00
1779166199.665,0x100,8,4A B2 02 14 44 03 0D 8B,speed=74.00
1779166199.744,0x200,8,A1 00 61 74 63 97 7E EB,fuel=0.00
1779166199.854,0x300,8,39 04 3C 85 75 D4 E1 EC,temp=97.00
1779166199.945,0x100,8,4A 11 84 95 6E CE B6 27,speed=74.00
1779166200.037,0x200,8,47 00 C7 63 91 E1 8C BF,fuel=0.00
1779166200.131,0x300,8,39 82 AE E2 EE D0 99 C7,temp=97.00
1779166200.224,0x100,8,4A 4D ED 96 C3 6D 87 49,speed=74.00
1779166200.315,0x200,8,E8 00 33 7E 2D EC CA 17,fuel=0.00
1779166200.409,0x300,8,39 08 FA 80 BC 42 7E EE,temp=97.00
1779166200.500,0x100,8,4A 9F 15 69 13 97 8C DC,speed=74.00
1779166200.593,0x200,8,0C 00 8B 0C 65 E0 21 97,fuel=0.00
1779166200.687,0x300,8,39 9C 60 99 19 F4 82 A7,temp=97.00
1779166200.780,0x100,8,4A D9 96 0F 34 2E 19 2B,speed=74.00
1779166200.872,0x200,8,E7 00 AE 3C DC A7 CD 24,fuel=0.00
1779166200.968,0x300,8,39 CE 84 D6 27 D5 D2 51,temp=97.00
1779166201.059,0x100,8,4A D8 7C ED 8C BB 0D C2,speed=74.00
1779166201.151,0x200,8,BD 00 B6 B4 AC 34 E0 B3,fuel=0.00
1779166201.245,0x300,8,39 75 98 DE CC 3B B4 6B,temp=97.00
1779166201.338,0x100,8,4A 61 21 7D 47 BF 9F 38,speed=74.00
1779166201.434,0x200,8,BD 00 32 67 20 CD 44 CF,fuel=0.00
1779166201.530,0x300,8,39 E8 E1 9D 2B A4 9B AE,temp=97.00
1779166201.634,0x100,8,4A 56 4B 64 5B 67 8F BC,speed=74.00
1779166201.729,0x200,8,85 00 B9 7A F4 E2 20 10,fuel=0.00
1779166201.820,0x300,8,39 E7 6C 0F FC E6 00 93,temp=97.00
1779166201.899,0x100,8,4A 67 D0 4E 9A B9 61 53,speed=74.00
1779166201.994,0x200,8,96 00 A9 DE 4E 01 E1 1E,fuel=0.00
1779166202.087,0x300,8,39 EC FF D1 10 F9 55 26,temp=97.00
1779166202.195,0x100,8,4A 8D 65 68 66 D2 37 68,speed=74.00
1779166202.289,0x200,8,45 00 82 58 50 AF 78 68,fuel=0.00
1779166202.369,0x300,8,39 34 A2 DE 68 16 5F 9B,temp=97.00
1779166202.462,0x100,8,4A 2D CE 88 90 F9 9D C6,speed=74.00
1779166202.574,0x200,8,D3 00 14 08 B3 FA EB 4C,fuel=0.00
1779166202.650,0x300,8,39 89 DA AD 3E F9 A8 8F,temp=97.00
1779166202.745,0x100,8,4A EC 35 C1 C8 81 9C 50,speed=74.00
1779166202.838,0x200,8,ED 00 37 CF 02 CE 3C D3,fuel=0.00
1779166202.933,0x300,8,39 9F F7 B4 26 B7 0E CE,temp=97.00
1779166203.037,0x100,8,4A 5A DE 09 09 4B D1 84,speed=74.00
1779166203.130,0x200,8,CA 00 DF FA FD 38 66 14,fuel=0.00
1779166203.224,0x300,8,39 45 9E F9 98 18 95 5E,temp=97.00
1779166203.319,0x100,8,4A E2 56 57 E8 18 BE 72,speed=74.00
1779166203.413,0x200,8,33 00 9D C3 08 7C 0E 19,fuel=0.00
1779166203.508,0x300,8,39 B8 31 62 26 19 96 A2,temp=97.00
1779166203.599,0x100,8,4A DC 23 BF 7B BC 00 DF,speed=74.00
1779166203.694,0x200,8,14 00 71 AC 6D 6A FD A0,fuel=0.00
1779166203.790,0x300,8,39 45 CF E4 62 50 36 06,temp=97.00
1779166203.868,0x100,8,4A EB 3F E9 93 6E DD 9F,speed=74.00
1779166203.964,0x200,8,4D 00 4D 23 7F 1A 3B 92,fuel=0.00
1779166204.073,0x300,8,39 28 0D F1 55 F7 CA FF,temp=97.00
1779166204.151,0x100,8,4A 24 28 66 6B 51 37 0B,speed=74.00
1779166204.243,0x200,8,55 00 42 B9 74 F8 9D 84,fuel=0.00
1779166204.338,0x300,8,39 12 7A 40 04 1B 6C 27,temp=97.00
1779166204.432,0x100,8,4A 5B B7 09 F4 B5 8F 30,speed=74.00
1779166204.525,0x200,8,03 00 24 EE 90 17 D5 E3,fuel=0.00
1779166204.633,0x300,8,39 89 EE CE 88 8F 61 5F,temp=97.00
1779166204.713,0x100,8,4A 27 E0 A6 CD 61 B7 A1,speed=74.00
1779166204.811,0x200,8,E8 00 4C 7F E8 8D 2D 4D,fuel=0.00
1779166204.911,0x300,8,39 48 8D 2A D4 0A AD 49,temp=97.00
1779166205.001,0x100,8,4A 19 56 B7 71 E9 9A 91,speed=74.00
1779166205.095,0x200,8,A8 00 EE 53 AC 2C 03 9A,fuel=0.00
1779166205.189,0x300,8,39 5A A7 2B 99 85 A0 2F,temp=97.00
1779166205.280,0x100,8,4A 43 32 97 53 95 42 01,speed=74.00
1779166205.374,0x200,8,9D 00 9E 78 D9 91 E1 A6,fuel=0.00
1779166205.466,0x300,8,39 D8 5A 19 DA C6 F4 67,temp=97.00
1779166205.559,0x100,8,4A F1 A6 8D 23 0F DB 81,speed=74.00
1779166205.651,0x200,8,A5 00 22 DF 26 F8 13 BD,fuel=0.00
1779166205.744,0x300,8,39 A1 70 30 74 5C B3 0D,temp=97.00
1779166205.837,0x100,8,4A 27 D0 98 0D 07 EC 08,speed=74.00
1779166205.943,0x200,8,27 00 B9 F1 71 71 3D 85,fuel=0.00
1779166206.030,0x300,8,39 E7 D7 1E 6C 78 91 5A,temp=97.00
1779166206.119,0x100,8,4A 19 86 C0 AD 8C 10 E1,speed=74.00
1779166206.212,0x200,8,8A 00 E5 74 23 0C 52 A7,fuel=0.00
1779166206.322,0x300,8,39 5C 3C D0 8A D1 74 B1,temp=97.00
1779166206.414,0x100,8,4A 5F C9 DA 15 C7 86 88,speed=74.00
1779166206.508,0x200,8,8D 00 C4 2B EC 3D 62 7E,fuel=0.00
1779166206.588,0x300,8,39 E2 EB 33 EA 54 0D 08,temp=97.00
1779166206.685,0x100,8,4A 1F CD 05 F5 EB 8D DF,speed=74.00
1779166206.787,0x200,8,CA 00 64 A4 C6 41 1C 6C,fuel=0.00
1779166206.882,0x300,8,39 89 D7 25 42 35 7D AA,temp=97.00
1779166206.969,0x100,8,4A 2B 8A E2 5E D5 29 E7,speed=74.00
1779166207.061,0x200,8,1C 00 25 48 BC C6 84 4F,fuel=0.00
1779166207.154,0x300,8,39 74 70 90 00 C6 B1 65,temp=97.00
1779166207.246,0x100,8,4A 2F 7D C5 6E 80 24 A8,speed=74.00
1779166207.341,0x200,8,4F 00 43 8F 69 61 42 A6,fuel=0.00
1779166207.433,0x300,8,39 84 EA 09 E8 79 9B 67,temp=97.00
1779166207.527,0x100,8,4A B9 4D C5 5F D2 09 F4,speed=74.00
1779166207.621,0x200,8,9C 00 F3 8E 58 02 7F B8,fuel=0.00
1779166207.714,0x300,8,39 2A AE BF F0 6B F0 EA,temp=97.00
1779166207.806,0x100,8,4A ED 24 C3 D5 7D 56 0B,speed=74.00
1779166207.914,0x200,8,26 00 4D 33 E0 17 C7 AA,fuel=0.00
1779166208.008,0x300,8,39 41 11 A3 6C 7C 07 1F,temp=97.00
1779166208.097,0x100,8,4A E8 6C 27 47 01 A8 6C,speed=74.00
1779166208.190,0x200,8,7B 00 0C 56 CB 6E 1C F1,fuel=0.00
1779166208.285,0x300,8,39 51 19 E9 DF 31 9E F5,temp=97.00
1779166208.379,0x100,8,4A 95 F4 30 54 9A DA B0,speed=74.00
1779166208.471,0x200,8,DF 00 5F E0 EB DA CA 15,fuel=0.00
1779166208.568,0x300,8,39 13 3D E3 3A E2 26 26,temp=97.00
1779166208.659,0x100,8,4A 0F 17 F4 8C DC 9D ED,speed=74.00
1779166208.752,0x200,8,24 00 AF 2E 21 F2 75 B1,fuel=0.00
1779166208.846,0x300,8,39 5A 77 F3 53 30 7D 67,temp=97.00
1779166208.938,0x100,8,4A 28 B5 ED 9A BD A8 7B,speed=74.00
1779166209.029,0x200,8,C9 00 23 4E D4 51 DB ED,fuel=0.00
1779166209.124,0x300,8,39 EA 12 A0 B0 51 AF 96,temp=97.00
1779166209.218,0x100,8,4A E0 4C 5D C4 83 BE 87,speed=74.00
1779166209.311,0x200,8,83 00 C1 91 48 90 3A 38,fuel=0.00
1779166209.404,0x300,8,39 C4 3D 79 A4 2C AA 23,temp=97.00
1779166209.499,0x100,8,4A 11 E2 81 E7 B3 15 D2,speed=74.00
1779166209.592,0x200,8,39 00 BE 7E D8 9A E9 F3,fuel=0.00
1779166209.686,0x300,8,39 1D 90 47 B1 C9 39 E8,temp=97.00
1779166209.779,0x100,8,4A 57 B0 1C 89 2E 12 77,speed=74.00
1779166209.873,0x200,8,FE 00 FB 85 B2 BE AA DF,fuel=0.00
1779166209.966,0x300,8,39 63 04 CE CC F4 D3 08,temp=97.00
1779166210.072,0x100,8,4A E2 C4 DD 9D B6 64 61,speed=74.00
1779166210.166,0x200,8,C0 00 17 AF 50 D0 28 3B,fuel=0.00
1779166210.261,0x300,8,39 AB 02 89 47 B2 AE 8B,temp=97.00
1779166210.353,0x100,8,4A 9C 70 E1 4D 7E 0F 84,speed=74.00
1779166210.447,0x200,8,35 00 1C 7C 24 E4 70 37,fuel=0.00
1779166210.553,0x300,8,39 3E 28 80 C7 68 55 14,temp=97.00
1779166210.648,0x100,8,4A 0E 86 21 CD C7 90 22,speed=74.00
1779166210.738,0x200,8,FE 00 9F 5F 68 9C 5E 94,fuel=0.00
1779166210.831,0x300,8,39 71 0E 07 53 92 6F F4,temp=97.00
1779166210.929,0x100,8,4A 87 2C A7 B8 A1 DE E9,speed=74.00
1779166211.021,0x200,8,06 00 A8 63 6F D7 59 C5,fuel=0.00
1779166211.111,0x300,8,39 BD 91 6C 36 83 8D 34,temp=97.00
1779166211.205,0x100,8,4A 9B A1 52 2E C3 BA B7,speed=74.00
1779166211.299,0x200,8,70 00 FC 21 C5 15 04 13,fuel=0.00
1779166211.393,0x300,8,39 F6 FA 1A 7D F8 BE 3E,temp=97.00
1779166211.487,0x100,8,4A 38 FB 13 E2 E9 52 80,speed=74.00
1779166211.582,0x200,8,14 00 30 B7 54 5A 01 1F,fuel=0.00
1779166211.676,0x300,8,39 22 A2 C8 B5 43 5B 4D,temp=97.00
1779166211.766,0x100,8,4A 89 18 B1 7E E5 49 56,speed=74.00
1779166211.859,0x200,8,77 00 7C A1 FD 7E EC 8C,fuel=0.00
1779166211.958,0x300,8,39 72 43 32 8E 72 73 04,temp=97.00
1779166212.044,0x100,8,4A 64 80 CC C6 A2 F0 93,speed=74.00
1779166212.139,0x200,8,33 00 9A D5 00 0C 27 5F,fuel=0.00
1779166212.231,0x300,8,39 21 8E 20 67 F5 6D 31,temp=97.00
1779166212.326,0x100,8,4A 5B AA B5 04 22 70 BA,speed=74.00
1779166212.419,0x200,8,38 00 DA 6A 02 C5 98 DC,fuel=0.00
1779166212.512,0x300,8,39 0F 39 35 E5 F0 FE AD,temp=97.00
1779166212.605,0x100,8,4A 62 17 6E AD 2D F5 C9,speed=74.00
1779166212.700,0x200,8,51 00 A0 FB 0A 40 C2 BA,fuel=0.00
1779166212.794,0x300,8,39 71 D5 19 7B 42 A5 92,temp=97.00
1779166212.889,0x100,8,4A C8 1D A7 3B 55 3F FA,speed=74.00
1779166212.984,0x200,8,8E 00 DA F4 E4 42 BF 32,fuel=0.00
1779166213.076,0x300,8,39 15 2D E6 BE 5E 4E 8A,temp=97.00
1779166213.167,0x100,8,4A 30 B3 8D 99 28 D7 10,speed=74.00
1779166213.260,0x200,8,73 00 87 4C 8B B3 E3 93,fuel=0.00
1779166213.354,0x300,8,39 B0 BA D4 2B D8 9B BF,temp=97.00
1779166213.447,0x100,8,4A 92 06 0D 81 29 91 43,speed=74.00
1779166213.554,0x200,8,72 00 55 E1 24 EE A6 55,fuel=0.00
1779166213.649,0x300,8,39 81 0C 57 02 C6 7F 71,temp=97.00
1779166213.740,0x100,8,4A 72 A7 10 FE 34 A9 A3,speed=74.00
1779166213.834,0x200,8,45 00 8C 68 63 6F 4B D5,fuel=0.00
1779166213.929,0x300,8,39 15 4B 74 DF F2 B8 16,temp=97.00
1779166214.022,0x100,8,4A E2 1D 83 23 F8 CF 38,speed=74.00
1779166214.114,0x200,8,47 00 E9 3B 9A 6E 47 1D,fuel=0.00
1779166214.208,0x300,8,39 03 B7 6F F2 B2 F4 1A,temp=97.00
1779166214.301,0x100,8,4A CB 6D 54 5C 41 F5 6E,speed=74.00
1779166214.394,0x200,8,34 00 65 45 A8 EB 28 3D,fuel=0.00
1779166214.487,0x300,8,39 08 5A 60 2D 03 0F 4D,temp=97.00
1779166214.582,0x100,8,4A 0E 6E 06 13 8C 0A 60,speed=74.00
1779166214.675,0x200,8,CD 00 B2 D9 27 2F 0C 5C,fuel=0.00
1779166214.767,0x300,8,39 B6 E1 2B B0 F5 EC F9,temp=97.00
1779166214.856,0x100,8,4A FF 48 27 88 63 BE C2,speed=74.00
1779166214.957,0x200,8,AF 00 03 8E 05 2E FA 1C,fuel=0.00
1779166215.055,0x300,8,39 7C 02 E9 8B 15 AB 7A,temp=97.00
1779166215.148,0x100,8,4A 8C FF F4 A3 B8 56 9F,speed=74.00
1779166215.241,0x200,8,C8 00 F7 F7 23 96 FB DD,fuel=0.00
1779166215.334,0x300,8,39 30 72 D9 7B 8C 09 39,temp=97.00
1779166215.426,0x100,8,4A 05 0D F1 FE A7 1D 55,speed=74.00
1779166215.520,0x200,8,57 00 EB 8B 21 87 2D 5B,fuel=0.00
1779166215.612,0x300,8,39 2B C3 BE 1D E8 59 9C,temp=97.00
1779166215.699,0x100,8,4A FB 79 E7 A7 63 08 00,speed=74.00
1779166215.794,0x200,8,5F 00 21 F3 55 F8 FD D5,fuel=0.00
1779166215.887,0x300,8,39 86 C5 E6 9D 21 CB EE,temp=97.00
1779166215.984,0x100,8,4A 38 AF 5F F1 17 59 FB,speed=74.00
1779166216.074,0x200,8,E5 00 CB 29 7B 37 A3 65,fuel=0.00
1779166216.169,0x300,8,39 B6 84 11 25 A1 84 2C,temp=97.00
1779166216.261,0x100,8,4A 6C 36 5B 76 D6 3A D4,speed=74.00
1779166216.354,0x200,8,8A 00 E2 7F 84 AF D8 D2,fuel=0.00
1779166216.447,0x300,8,39 B5 18 E7 4F DA 5F E7,temp=97.00
1779166216.542,0x100,8,4A 8D 3A 36 BB 44 69 91,speed=74.00
1779166216.635,0x200,8,98 00 D2 55 CA FD 2A BF,fuel=0.00
1779166216.727,0x300,8,39 1F 29 DA 0A 8B D9 7A,temp=97.00
1779166216.823,0x100,8,4A 98 9B B9 21 BB E8 54,speed=74.00
1779166216.919,0x200,8,E7 00 24 D9 CA 6B 0A 72,fuel=0.00
1779166217.022,0x300,8,39 52 38 64 3C 78 9D A5,temp=97.00
1779166217.113,0x100,8,4A 95 D4 89 18 FF 69 E2,speed=74.00
1779166217.209,0x200,8,82 00 AD DA D1 6B A4 1D,fuel=0.00
1779166217.302,0x300,8,39 13 95 8A 3E 8F 91 AA,temp=97.00
1779166217.395,0x100,8,4A 7C 38 21 5D D8 94 34,speed=74.00
1779166217.489,0x200,8,05 00 E5 ED 1F C2 E2 D5,fuel=0.00
1779166217.582,0x300,8,39 8C FC 98 37 EB 36 C2,temp=97.00
1779166217.677,0x100,8,4A CB C5 C8 1F F8 27 32,speed=74.00
1779166217.770,0x200,8,08 00 C8 22 7D 3B A3 18,fuel=0.00
1779166217.864,0x300,8,39 0E 94 09 C3 B5 DE 0C,temp=97.00
1779166217.957,0x100,8,4A 68 C7 A2 F8 7E BE 3E,speed=74.00
1779166218.050,0x200,8,51 00 4B D9 D9 53 CF 42,fuel=0.00
1779166218.142,0x300,8,39 8D 4A FD FB D4 4B 65,temp=97.00
1779166218.237,0x100,8,4A D5 03 23 4C AA 50 FB,speed=74.00
1779166218.330,0x200,8,05 00 6B 32 C5 7A B4 B6,fuel=0.00
1779166218.425,0x300,8,39 13 6C E2 52 B3 4C 99,temp=97.00
1779166218.518,0x100,8,4A 73 D6 B3 7F 3F 42 52,speed=74.00
1779166218.611,0x200,8,14 00 7E A1 35 C4 BC CA,fuel=0.00
1779166218.704,0x300,8,39 26 37 59 A9 7A ED A3,temp=97.00
1779166218.798,0x100,8,4A D4 CB CE E3 FA 8F 3A,speed=74.00
1779166218.890,0x200,8,DB 00 E0 13 8F 98 54 7C,fuel=0.00
1779166218.986,0x300,8,39 1C 13 F9 8A 21 BD 1C,temp=97.00
1779166219.077,0x100,8,4A 42 4D E7 0C 70 B6 EE,speed=74.00
1779166219.169,0x200,8,F3 00 05 22 FC 29 85 AE,fuel=0.00
1779166219.262,0x300,8,39 4C DF 6F B0 A5 21 48,temp=97.00
1779166219.356,0x100,8,4A AD B7 B8 86 B6 43 70,speed=74.00
1779166219.450,0x200,8,B7 00 0F 1A 29 89 F9 90,fuel=0.00
1779166219.543,0x300,8,39 66 32 90 50 0F 45 FF,temp=97.00
1779166219.640,0x100,8,4A 8D 99 5B 49 8C BF 6A,speed=74.00
1779166219.730,0x200,8,3D 00 FF 0F 33 75 5D 31,fuel=0.00
1779166219.824,0x300,8,39 C9 E3 88 06 D2 2F 09,temp=97.00
1779166219.922,0x100,8,4A 89 E6 F9 BC F6 60 CB,speed=74.00
1779166220.011,0x200,8,E9 00 99 21 80 5E 43 9B,fuel=0.00
1779166220.104,0x300,8,39 01 9E 63 CB B7 AD DF,temp=97.00
1779166220.197,0x100,8,4A 3F 53 C9 D9 71 5C 7F,speed=74.00
1779166220.292,0x200,8,74 00 F0 AC 4E D0 C1 12,fuel=0.00
1779166220.390,0x300,8,39 80 19 DD 20 C4 BE 0F,temp=97.00
1779166220.482,0x100,8,4A 63 D4 12 EC A8 BF 6D,speed=74.00
1779166220.577,0x200,8,B5 00 44 E1 10 7E 5F 51,fuel=0.00
1779166220.668,0x300,8,39 F2 1D D7 98 A1 1D 61,temp=97.00
1779166220.761,0x100,8,4A 6F F1 2F 76 E7 CC 53,speed=74.00
1779166220.854,0x200,8,16 00 AF 4A 0F 37 3B D7,fuel=0.00
1779166220.948,0x300,8,39 37 B7 C5 49 F8 27 C7,temp=97.00
1779166221.042,0x100,8,4A 1E 8E A8 F1 F4 79 83,speed=74.00
1779166221.135,0x200,8,87 00 7C 33 91 BF D8 F3,fuel=0.00
1779166221.243,0x300,8,39 BB D5 85 0B 05 EE C4,temp=97.00
1779166221.322,0x100,8,4A ED E0 89 7F A0 C5 69,speed=74.00
1779166221.432,0x200,8,16 00 CD 77 75 1E F3 64,fuel=0.00
1779166221.521,0x300,8,39 A6 E6 7B 9C F8 49 60,temp=97.00
1779166221.617,0x100,8,4A 4C 19 47 72 C5 A8 F4,speed=74.00
1779166221.709,0x200,8,FA 00 52 90 D0 F1 EF 7F,fuel=0.00
1779166221.802,0x300,8,39 5A 41 D2 F3 3E A4 A0,temp=97.00
1779166221.895,0x100,8,4A AE 00 4A ED 23 21 9A,speed=74.00
1779166221.995,0x200,8,95 00 D4 CE 3B EB 14 DD,fuel=0.00
1779166222.082,0x300,8,39 AA 8E C9 F4 05 2F BE,temp=97.00
1779166222.175,0x100,8,4A 03 56 C4 CE 16 8A 86,speed=74.00
1779166222.267,0x200,8,C6 00 B9 F2 DE 96 24 65,fuel=0.00
1779166222.360,0x300,8,39 BF 14 82 0F AB 21 D1,temp=97.00
1779166222.454,0x100,8,4A 01 A2 6D 1F 9A FE 36,speed=74.00
1779166222.549,0x200,8,2B 00 75 79 A7 FB C0 09,fuel=0.00
1779166222.642,0x300,8,39 93 CF 77 11 79 AB 09,temp=97.00
1779166222.734,0x100,8,4A 01 EB 30 B3 C1 74 22,speed=74.00
1779166222.826,0x200,8,55 00 E2 4A E3 FC B0 9F,fuel=0.00
1779166222.923,0x300,8,39 85 CD CC DC 6F C6 94,temp=97.00
1779166223.015,0x100,8,4A EC BB 2A BE 67 33 51,speed=74.00
1779166223.108,0x200,8,A8 00 0A 02 73 28 34 2A,fuel=0.00
1779166223.201,0x300,8,39 B6 03 1B A3 E6 8A C8,temp=97.00
1779166223.293,0x100,8,4A B8 85 9F EB 66 49 6A,speed=74.00
1779166223.387,0x200,8,67 00 24 B0 CA 83 58 08,fuel=0.00
1779166223.479,0x300,8,39 B1 6A D7 38 4B 69 AA,temp=97.00
1779166223.572,0x100,8,4A D9 BD 7A 3C 2F C4 42,speed=74.00
1779166223.680,0x200,8,F9 00 A3 A3 79 8D 5C 0D,fuel=0.00
1779166223.771,0x300,8,39 54 60 61 6D 27 42 40,temp=97.00
1779166223.866,0x100,8,4A 55 F7 89 06 64 1C 65,speed=74.00
1779166223.952,0x200,8,C4 00 DB 5A F6 B3 E3 2A,fuel=0.00
1779166224.052,0x300,8,39 A3 4D 5D EF 4D 7B F7,temp=97.00
1779166224.145,0x100,8,4A 28 D9 18 2E B1 2B 55,speed=74.00
1779166224.238,0x200,8,D2 00 8B B1 9C 2E A0 B0,fuel=0.00
1779166224.332,0x300,8,39 83 06 CD C3 20 00 FF,temp=97.00
1779166224.424,0x100,8,4A D1 03 1E 44 32 E5 74,speed=74.00
1779166224.520,0x200,8,C4 00 CB 36 57 E3 BB A3,fuel=0.00
1779166224.613,0x300,8,39 FB 52 C6 C6 F1 9B FC,temp=97.00
1779166224.706,0x100,8,4A 9A 1C F1 82 7B 98 DE,speed=74.00
1779166224.799,0x200,8,4B 00 77 2A DF 91 30 DF,fuel=0.00
1779166224.892,0x300,8,39 49 95 4E C1 08 1F B3,temp=97.00
1779166224.988,0x100,8,4A 89 A1 E0 97 74 01 28,speed=74.00
1779166225.081,0x200,8,99 00 54 9A 5D BB 9D 28,fuel=0.00
1779166225.173,0x300,8,39 4F C2 86 45 4A 8A D2,temp=97.00
1779166225.267,0x100,8,4A 6C F9 7A 7A AC CC BE,speed=74.00
1779166225.361,0x200,8,7F 00 EF 64 63 BB B3 BC,fuel=0.00
1779166225.452,0x300,8,39 EA 61 9C 93 87 2D 8E,temp=97.00
1779166225.546,0x100,8,4A 24 82 42 60 31 6A 6C,speed=74.00
1779166225.639,0x200,8,7D 00 55 95 F6 6C 3C 78,fuel=0.00
1779166225.734,0x300,8,39 A4 45 A2 38 30 E3 27,temp=97.00
1779166225.826,0x100,8,4A C4 A9 14 4C 7C 2F A2,speed=74.00
1779166225.919,0x200,8,86 00 7B 55 59 32 EC 5F,fuel=0.00
1779166226.017,0x300,8,39 4E 6C 39 0A E4 AD 6F,temp=97.00
1779166226.110,0x100,8,4A 1D 09 ED 7E D5 7E 65,speed=74.00
1779166226.205,0x200,8,30 00 8C 05 EC C6 07 E0,fuel=0.00
1779166226.297,0x300,8,39 5B BE C6 EE B9 CF AA,temp=97.00
1779166226.390,0x100,8,4A 0A A6 E6 6F C9 A1 C1,speed=74.00
1779166226.484,0x200,8,C0 00 A4 3A 25 F5 BB 27,fuel=0.00
1779166226.577,0x300,8,39 DD 3A 51 8A AE 8F 73,temp=97.00
1779166226.671,0x100,8,4A CB 89 B7 19 DE C9 D0,speed=74.00
1779166226.762,0x200,8,2D 00 0C E9 00 F4 17 33,fuel=0.00
1779166226.857,0x300,8,39 56 36 0D 55 B0 76 48,temp=97.00
1779166226.958,0x100,8,4A 9F 86 75 44 A8 C1 F7,speed=74.00
1779166227.041,0x200,8,47 00 45 5F 77 C6 84 F9,fuel=0.00
1779166227.135,0x300,8,39 2C 0E 89 59 8B 7D EE,temp=97.00
1779166227.228,0x100,8,4A 55 16 83 F4 A9 02 4B,speed=74.00
1779166227.334,0x200,8,8E 00 55 A2 92 74 C3 1A,fuel=0.00
1779166227.428,0x300,8,39 C4 1D 24 2A DF 2E DC,temp=97.00
1779166227.519,0x100,8,4A A1 C5 2F 14 6D CA 26,speed=74.00
1779166227.614,0x200,8,52 00 B8 8B FF 7C 44 5E,fuel=0.00
1779166227.706,0x300,8,39 B3 43 99 D0 15 83 57,temp=97.00
1779166227.800,0x100,8,4A F8 3C F8 B5 BB 44 DD,speed=74.00
1779166227.892,0x200,8,5F 00 5C 83 F8 C7 89 9D,fuel=0.00
1779166227.985,0x300,8,39 59 C1 61 87 2C E5 4F,temp=97.00
1779166228.079,0x100,8,4A F2 B1 41 06 97 05 2B,speed=74.00
1779166228.171,0x200,8,D7 00 63 70 7E BF 30 2E,fuel=0.00
1779166228.262,0x300,8,39 B5 20 C0 1F C4 EB 7D,temp=97.00
1779166228.357,0x100,8,4A 37 EC 69 42 46 95 A3,speed=74.00
1779166228.446,0x200,8,E2 00 47 9A 99 C7 2F B4,fuel=0.00
1779166228.542,0x300,8,39 3F C9 3D 2E E9 30 07,temp=97.00
1779166228.649,0x100,8,4A FF EF F7 EE D3 6C CD,speed=74.00
1779166228.742,0x200,8,05 00 A1 9E 70 DC 18 DC,fuel=0.00
1779166228.838,0x300,8,39 A4 D7 72 74 44 50 6F,temp=97.00
1779166228.930,0x100,8,4A 2C 87 6C C7 97 F5 83,speed=74.00
1779166229.021,0x200,8,9A 00 B3 5F E6 9F 52 FF,fuel=0.00
1779166229.115,0x300,8,39 87 57 B1 0D CA 84 EC,temp=97.00
1779166229.208,0x100,8,4A 56 41 2C 48 32 DA 5A,speed=74.00
1779166229.299,0x200,8,16 00 93 E2 66 B6 74 A6,fuel=0.00
1779166229.393,0x300,8,39 57 C0 E1 A3 5F 2F 07,temp=97.00
1779166229.487,0x100,8,4A 88 82 B1 E4 53 E4 BB,speed=74.00
1779166229.581,0x200,8,4A 00 53 4E 30 B9 92 DF,fuel=0.00
1779166229.676,0x300,8,39 A0 52 2C 9E 5C 02 80,temp=97.00
1779166229.767,0x100,8,4A 7C DD 2B 88 32 15 E3,speed=74.00
1779166229.860,0x200,8,49 00 5D 14 73 39 0C 3F,fuel=0.00
1779166229.952,0x300,8,39 97 A5 17 A0 DA 48 DB,temp=97.00
1779166230.045,0x100,8,4A BD B4 63 B8 05 F8 CA,speed=74.00
1779166230.138,0x200,8,2E 00 51 FB 94 41 59 EC,fuel=0.00
1779166230.233,0x300,8,39 29 BB 07 03 FE 65 A1,temp=97.00
1779166230.326,0x100,8,4A A1 BB A6 F3 BF 42 54,speed=74.00
1779166230.418,0x200,8,A5 00 8B 3C 68 85 20 85,fuel=0.00
1779166230.511,0x300,8,39 89 3D C6 CB 55 4F 52,temp=97.00
1779166230.603,0x100,8,4A 01 FB 1F 0C 05 BA 66,speed=74.00
1779166230.696,0x200,8,D4 00 57 DF 9B 22 A1 42,fuel=0.00
1779166230.806,0x300,8,39 94 3F 17 FF 74 BB 5C,temp=97.00
1779166230.915,0x100,8,4A F8 9F 2C D8 44 83 96,speed=74.00
1779166230.996,0x200,8,B5 00 5C CC 39 02 37 B1,fuel=0.00
1779166231.102,0x300,8,39 64 7F 5A 60 FE 92 A7,temp=97.00
1779166231.180,0x100,8,4A CC 8E 91 15 55 E9 5F,speed=74.00
1779166231.287,0x200,8,7F 00 B5 78 FF ED 0E F0,fuel=0.00
1779166231.382,0x300,8,39 8C 12 F1 EC 4E AE 94,temp=97.00
1779166231.475,0x100,8,4A 38 5E 63 9A 35 FF D1,speed=74.00
1779166231.569,0x200,8,DB 00 88 22 C9 81 8F E0,fuel=0.00
1779166231.663,0x300,8,39 64 CB AE 0D 15 A0 9C,temp=97.00
1779166231.753,0x100,8,4A 22 EA C7 5F E7 3E E3,speed=74.00
1779166231.848,0x200,8,02 00 3C 4A 73 69 DC E8,fuel=0.00
1779166231.938,0x300,8,39 5F F0 25 BB 3B 93 75,temp=97.00
1779166232.032,0x100,8,4A 39 AC CB 90 35 9D 07,speed=74.00
1779166232.131,0x200,8,66 00 00 93 D1 55 98 2B,fuel=0.00
1779166232.213,0x300,8,39 6E A3 08 68 5A 7C 99,temp=97.00
1779166232.307,0x100,8,4A 6A 68 63 93 E5 A1 C6,speed=74.00
1779166232.401,0x200,8,69 00 B0 D1 D2 6B 17 34,fuel=0.00
1779166232.496,0x300,8,39 AB 89 4F 7D CC 55 3D,temp=97.00
1779166232.587,0x100,8,4A 6B 07 35 EB 7C 48 4F,speed=74.00
1779166232.695,0x200,8,FE 00 A0 E6 A4 E9 B0 0A,fuel=0.00
1779166232.775,0x300,8,39 8A 4C A8 F1 59 8A 76,temp=97.00
1779166232.883,0x100,8,4A EB 59 23 F6 8A 64 DC,speed=74.00
1779166232.979,0x200,8,6D 00 26 06 82 1B 69 31,fuel=0.00
1779166233.066,0x300,8,39 A3 44 EE 47 2F 5F 54,temp=97.00
1779166233.160,0x100,8,4A D1 18 A5 D5 17 0A 9C,speed=74.00
1779166233.256,0x200,8,E3 00 96 35 FA E8 F1 F4,fuel=0.00
1779166233.347,0x300,8,39 C6 45 EB A0 43 AA 39,temp=97.00
1779166233.442,0x100,8,4A FA 1B 32 77 CE 6F C1,speed=74.00
1779166233.535,0x200,8,16 00 C1 4C 3F 69 E7 F9,fuel=0.00
1779166233.630,0x300,8,39 E1 52 02 76 19 CE F8,temp=97.00
1779166233.721,0x100,8,4A 15 82 53 E1 69 C3 91,speed=74.00
1779166233.814,0x200,8,1B 00 4E 9A 3D 60 A9 26,fuel=0.00
1779166233.908,0x300,8,39 34 35 6B 1F 03 C8 42,temp=97.00
1779166234.008,0x100,8,4A EC 3F 6F AE 20 B9 B0,speed=74.00
1779166234.094,0x200,8,25 00 69 46 3A B0 4F 94,fuel=0.00
1779166234.187,0x300,8,39 1E 46 53 73 E8 00 AF,temp=97.00
1779166234.282,0x100,8,4A E7 0A BA F6 6C 6E C9,speed=74.00
1779166234.375,0x200,8,F8 00 91 BB E9 11 97 11,fuel=0.00
1779166234.468,0x300,8,39 AA 45 6D 73 F8 5B F8,temp=97.00
1779166234.560,0x100,8,4A 6A CC 99 D8 88 C3 6E,speed=74.00
1779166234.654,0x200,8,3F 00 2C EE 07 9E 04 B2,fuel=0.00
1779166234.748,0x300,8,39 66 C9 F2 D1 67 55 05,temp=97.00
1779166234.841,0x100,8,4A A7 8D AB 0E 36 1B 23,speed=74.00
1779166234.939,0x200,8,63 00 56 A8 FC B9 60 FE,fuel=0.00
1779166235.029,0x300,8,39 46 4B E5 77 97 82 FA,temp=97.00
1779166235.122,0x100,8,4A FF AB A4 C3 3B D2 BA,speed=74.00
1779166235.215,0x200,8,7C 00 69 C5 9B 2B 91 0A,fuel=0.00
1779166235.310,0x300,8,39 A7 FB 29 95 C4 7F C6,temp=97.00
1779166235.401,0x100,8,4A 15 D3 AA 1B 5C AA E3,speed=74.00
1779166235.508,0x200,8,97 00 28 4D 8E E4 67 E2,fuel=0.00
1779166235.590,0x300,8,39 AB D8 33 AA 00 CA 97,temp=97.00
1779166235.693,0x100,8,4A 6E 6A 52 6D 2C 90 65,speed=74.00
1779166235.788,0x200,8,1C 00 C6 09 63 21 02 64,fuel=0.00
1779166235.882,0x300,8,39 E1 A8 07 FB 1F 3A 2C,temp=97.00
1779166235.973,0x100,8,4A B0 53 2D 62 5E 69 AA,speed=74.00
1779166236.067,0x200,8,D3 00 A6 82 45 AF BA F6,fuel=0.00
1779166236.159,0x300,8,39 30 5F F0 3F 38 EA 36,temp=97.00
1779166236.253,0x100,8,4A 66 F1 05 B6 51 59 3A,speed=74.00
1779166236.338,0x200,8,5E 00 92 58 BB 12 31 BF,fuel=0.00
1779166236.431,0x300,8,39 83 8B AE E0 F5 26 BE,temp=97.00
1779166236.525,0x100,8,4A A9 8F B3 64 88 E8 07,speed=74.00
1779166236.618,0x200,8,2B 00 10 0A AA 0B FC 0B,fuel=0.00
1779166236.726,0x300,8,39 A0 7A BC D1 1C 1C 70,temp=97.00
1779166236.822,0x100,8,4A 4D 47 C3 98 4F 6E 9D,speed=74.00
1779166236.914,0x200,8,72 00 B5 30 C3 C4 BD FB,fuel=0.00
1779166237.011,0x300,8,39 05 CC C4 F4 53 48 5E,temp=97.00
1779166237.097,0x100,8,4A 7D FF AE 33 50 C3 EA,speed=74.00
1779166237.192,0x200,8,FE 00 40 D4 E5 10 71 D2,fuel=0.00
1779166237.283,0x300,8,39 CF 19 12 E4 1C 47 AF,temp=97.00
1779166237.376,0x100,8,4A B9 3D F5 8A 22 A9 A8,speed=74.00
1779166237.468,0x200,8,84 00 81 C8 B0 C7 4B DA,fuel=0.00
1779166237.564,0x300,8,39 41 A8 C7 72 4F E1 FF,temp=97.00
1779166237.657,0x100,8,4A 11 86 E7 8D 2A F7 53,speed=74.00
1779166237.748,0x200,8,D5 00 BE 2A 1B F4 2A 80,fuel=0.00
1779166237.840,0x300,8,39 CC 06 B5 26 47 C1 3B,temp=97.00
1779166237.936,0x100,8,4A 70 8A B9 70 1E CF 87,speed=74.00
1779166238.030,0x200,8,14 00 73 17 B9 6D A1 62,fuel=0.00
1779166238.122,0x300,8,39 8F C0 F6 AB BB 74 B1,temp=97.00
1779166238.214,0x100,8,4A 67 93 9D E9 CA 88 38,speed=74.00
1779166238.307,0x200,8,F8 00 7D 92 5D 9F D0 E9,fuel=0.00
1779166238.400,0x300,8,39 4C 2D 31 6F FA 41 3B,temp=97.00
1779166238.495,0x100,8,4A 35 39 59 59 9D AC 6C,speed=74.00
1779166238.587,0x200,8,57 00 61 C2 DF 08 95 14,fuel=0.00
1779166238.683,0x300,8,39 18 D1 47 B7 87 DB 93,temp=97.00
1779166238.777,0x100,8,4A 04 DD 35 AB 71 BE DE,speed=74.00
1779166238.873,0x200,8,AF 00 56 8F D9 B3 E8 EE,fuel=0.00
1779166238.968,0x300,8,39 71 99 75 0E 41 2D E3,temp=97.00
1779166239.056,0x100,8,4A 48 0C D6 48 C6 DB F9,speed=74.00
1779166239.151,0x200,8,51 00 27 0D AC AE 33 47,fuel=0.00
1779166239.244,0x300,8,39 0D E5 BB 83 6F DA 92,temp=97.00
1779166239.350,0x100,8,4A 9B 46 DD 18 AE E0 48,speed=74.00
1779166239.444,0x200,8,7D 00 10 79 72 36 17 8A,fuel=0.00
1779166239.536,0x300,8,39 F2 40 F5 4F 28 44 28,temp=97.00
1779166239.631,0x100,8,4A 7D 68 87 FD 33 FB C8,speed=74.00
1779166239.723,0x200,8,D7 00 EE B7 0B 1F 20 DA,fuel=0.00
1779166239.818,0x300,8,39 49 10 7A A0 31 2F 1B,temp=97.00
1779166239.911,0x100,8,4A D6 A5 3E 33 37 5C 2D,speed=74.00
1779166240.003,0x200,8,8F 00 D4 52 EE 5C 37 C8,fuel=0.00
1779166240.094,0x300,8,39 F3 D7 15 F1 80 81 50,temp=97.00
1779166240.188,0x100,8,4A B1 C8 D5 2E E3 6A CF,speed=74.00
1779166240.282,0x200,8,AB 00 7C BD E9 0E 45 B3,fuel=0.00
1779166240.375,0x300,8,39 BF 26 31 40 6E DE 1B,temp=97.00
1779166240.468,0x100,8,4A 89 08 44 97 26 9D CD,speed=74.00
1779166240.560,0x200,8,8A 00 31 46 5B CA 73 01,fuel=0.00
1779166240.654,0x300,8,39 38 D8 95 1D AD C4 FA,temp=97.00
1779166240.749,0x100,8,4A D0 B5 4C D5 A9 31 AE,speed=74.00
1779166240.842,0x200,8,23 00 CE 5B 18 0A 89 DE,fuel=0.00
1779166240.934,0x300,8,39 6E 01 3E 1B 83 6C 4C,temp=97.00
1779166241.028,0x100,8,4A 5B C7 B7 F6 B0 42 75,speed=74.00
1779166241.121,0x200,8,20 00 67 A0 51 8E 2C B8,fuel=0.00
1779166241.214,0x300,8,39 1A D8 B3 87 AC 22 BB,temp=97.00
1779166241.309,0x100,8,4A 04 92 E1 AE 5C A8 F1,speed=74.00
1779166241.401,0x200,8,0F 00 88 ED 4E EC A6 7F,fuel=0.00
1779166241.493,0x300,8,39 83 62 FD E5 8F 48 82,temp=97.00
1779166241.601,0x100,8,4A 0D F0 A1 DF 6F AC FB,speed=74.00
1779166241.695,0x200,8,70 00 9F 27 EA 7B A5 2D,fuel=0.00
1779166241.788,0x300,8,39 C8 B6 AD D4 42 7C 10,temp=97.00
1779166241.882,0x100,8,4A 70 6F 6C 64 5A 77 A7,speed=74.00
1779166241.975,0x200,8,1D 00 4D 3D 5A DE 23 2E,fuel=0.00
1779166242.066,0x300,8,39 34 A5 B9 10 61 51 B3,temp=97.00
1779166242.161,0x100,8,4A E5 0D 54 22 21 7B 8E,speed=74.00
1779166242.253,0x200,8,C7 00 DA C4 B0 64 4F E6,fuel=0.00
1779166242.348,0x300,8,39 1D E6 FC 8C DD 6A 62,temp=97.00
1779166242.441,0x100,8,4A 0D 24 D8 BF 14 29 3E,speed=74.00
1779166242.534,0x200,8,1A 00 EC D4 F9 AB B7 43,fuel=0.00
1779166242.629,0x300,8,39 6E 52 A2 D6 4C 78 72,temp=97.00
1779166242.722,0x100,8,4A 75 8F 43 5B 0B A0 58,speed=74.00
1779166242.814,0x200,8,7E 00 0D 8D 5E 89 83 24,fuel=0.00
1779166242.908,0x300,8,39 00 61 67 D2 EB 19 94,temp=97.00
1779166243.004,0x100,8,4A BA 1E 6F C6 A9 A0 6C,speed=74.00
1779166243.094,0x200,8,8D 00 C4 0F 5D CB 20 6F,fuel=0.00
1779166243.185,0x300,8,39 36 68 C8 CA 6F 94 57,temp=97.00
1779166243.280,0x100,8,4A EA A8 E4 02 ED AC AB,speed=74.00
1779166243.373,0x200,8,A0 00 3F 5B EF 8A AE D4,fuel=0.00
1779166243.468,0x300,8,39 C1 1E 6C E6 2F 54 C4,temp=97.00
1779166243.560,0x100,8,4A 18 0A 56 2B E5 0D 11,speed=74.00
1779166243.654,0x200,8,75 00 2E 30 1B 13 A7 0A,fuel=0.00
1779166243.747,0x300,8,39 79 EB B0 AE C0 36 41,temp=97.00
1779166243.838,0x100,8,4A F8 76 69 EE A6 71 85,speed=74.00
1779166243.934,0x200,8,12 00 CE 8F A7 87 C9 85,fuel=0.00
1779166244.038,0x300,8,39 71 B9 20 3E 72 F8 0A,temp=97.00
1779166244.131,0x100,8,4A E4 B8 C5 67 35 DC 6C,speed=74.00
1779166244.223,0x200,8,FD 00 C0 88 65 B1 CE 34,fuel=0.00
1779166244.318,0x300,8,39 3B EE DF 54 7E 84 FC,temp=97.00
1779166244.409,0x100,8,4A 44 C6 CE CE B0 21 B8,speed=74.00
1779166244.503,0x200,8,5A 00 B3 42 B3 C1 DB 67,fuel=0.00
1779166244.598,0x300,8,39 98 25 D4 C2 24 8C B6,temp=97.00
1779166244.692,0x100,8,4A 6E B3 CB 36 28 5E C7,speed=74.00
1779166244.785,0x200,8,5A 00 0F 51 7D 77 0E 33,fuel=0.00
1779166244.878,0x300,8,39 B4 5A 73 59 CA 1F 57,temp=97.00
1779166244.974,0x100,8,4A B0 FE 0B CE 9D 84 F9,speed=74.00
1779166245.062,0x200,8,B4 00 4A 12 D2 86 76 A6,fuel=0.00
1779166245.155,0x300,8,39 85 10 77 80 70 E6 22,temp=97.00
1779166245.247,0x100,8,4A 03 97 CF EB BF DC C7,speed=74.00
1779166245.340,0x200,8,43 00 C7 8D AF 9A 68 56,fuel=0.00
1779166245.435,0x300,8,39 07 B1 11 2C 27 61 08,temp=97.00
1779166245.526,0x100,8,4A 4F 5F C1 07 EE 6D 73,speed=74.00
1779166245.621,0x200,8,97 00 8D 52 01 33 4A 2D,fuel=0.00
1779166245.713,0x300,8,39 41 68 F9 76 63 63 56,temp=97.00
1779166245.807,0x100,8,4A 6C 30 0E 4D D3 AC BF,speed=74.00
1779166245.914,0x200,8,94 00 92 DD 5A 74 32 93,fuel=0.00
1779166246.004,0x300,8,39 F7 8E 06 A7 A2 68 89,temp=97.00
1779166246.098,0x100,8,4A 3A 7A 48 91 2F 62 76,speed=74.00
1779166246.193,0x200,8,B5 00 62 9F C6 6D F1 6C,fuel=0.00
1779166246.285,0x300,8,39 C7 20 0D 94 5B E0 1F,temp=97.00
1779166246.379,0x100,8,4A 5D 99 B3 24 0C 94 CD,speed=74.00
1779166246.472,0x200,8,FA 00 65 30 28 04 42 FA,fuel=0.00
1779166246.569,0x300,8,39 2C BA 9C F7 56 18 00,temp=97.00
1779166246.660,0x100,8,4A D4 05 D2 08 4E 68 60,speed=74.00
1779166246.756,0x200,8,3C 00 D7 E2 B0 4C D0 39,fuel=0.00
1779166246.847,0x300,8,39 EF C0 9A E8 A3 DE 43,temp=97.00
1779166246.931,0x100,8,4A 4D 05 2B 37 66 0A A2,speed=74.00
1779166247.032,0x200,8,26 00 AE D6 E5 DB 03 06,fuel=0.00
1779166247.130,0x300,8,39 49 83 CF 8F A7 71 DA,temp=97.00
1779166247.221,0x100,8,4A 8E 92 4F 90 66 E6 80,speed=74.00
1779166247.315,0x200,8,45 00 B5 2E 5F 55 D6 00,fuel=0.00
1779166247.409,0x300,8,39 3D 4B 5A 26 CB 5A 32,temp=97.00
1779166247.501,0x100,8,4A B2 3D AC 80 DA FE E1,speed=74.00
1779166247.594,0x200,8,10 00 59 DA 0D A6 8C CB,fuel=0.00
1779166247.688,0x300,8,39 B6 AE 82 9F F0 5C D3,temp=97.00
1779166247.781,0x100,8,4A 79 FC 86 88 0C CC 56,speed=74.00
1779166247.874,0x200,8,22 00 DC E8 E5 F7 A2 71,fuel=0.00
1779166247.966,0x300,8,39 FD 4B E7 C9 7F FD 68,temp=97.00
1779166248.057,0x100,8,4A 92 5A 49 A3 A6 F9 03,speed=74.00
1779166248.150,0x200,8,1C 00 CF 4A A2 12 6F FA,fuel=0.00
1779166248.244,0x300,8,39 81 36 C7 75 D1 E8 A5,temp=97.00
1779166248.338,0x100,8,4A C4 AA 7E B7 DB 9B 17,speed=74.00
1779166248.430,0x200,8,D0 00 37 0F 1A 42 CB 5A,fuel=0.00
1779166248.527,0x300,8,39 FC 63 D2 63 89 AC B8,temp=97.00
1779166248.634,0x100,8,4A 4E 7C C3 A5 B4 2B 34,speed=74.00
1779166248.725,0x200,8,58 00 CD C6 7B CD 89 49,fuel=0.00
1779166248.819,0x300,8,39 43 A6 CF B3 DE 7E 50,temp=97.00
1779166248.901,0x100,8,4A 07 BA 83 B2 84 1E FE,speed=74.00
1779166249.005,0x200,8,31 00 F3 42 B5 06 E9 48,fuel=0.00
1779166249.098,0x300,8,39 EB 72 4F 9A C8 3D 1A,temp=97.00
1779166249.190,0x100,8,4A 73 59 6A 1B 9C 55 99,speed=74.00
1779166249.283,0x200,8,8E 00 BF 27 3F EC 63 DF,fuel=0.00
1779166249.378,0x300,8,39 07 5A 60 E4 FC C9 6E,temp=97.00
1779166249.468,0x100,8,4A FE 5B 60 16 95 DB 78,speed=74.00
1779166249.560,0x200,8,85 00 8D 20 4D 2B 23 BB,fuel=0.00
1779166249.655,0x300,8,39 32 BB F6 0A EB 4A 11,temp=97.00
1779166249.749,0x100,8,4A 9F 63 E2 E8 AB 95 4F,speed=74.00
1779166249.841,0x200,8,B6 00 EE 68 3F F3 03 E4,fuel=0.00
1779166249.932,0x300,8,39 91 F4 D7 87 69 20 BC,temp=97.00
1779166250.025,0x100,8,4A A6 0C 1C A4 1A C8 CC,speed=74.00
1779166250.119,0x200,8,33 00 A1 0F 50 7D FF 5F,fuel=0.00
1779166250.226,0x300,8,39 7A 54 16 E1 82 44 58,temp=97.00
1779166250.307,0x100,8,4A 30 90 6F F3 A9 47 AD,speed=74.00
1779166250.415,0x200,8,DB 00 50 F9 8D F2 C8 17,fuel=0.00
1779166250.493,0x300,8,39 BD 5D 8E 7C B6 84 0F,temp=97.00
1779166250.601,0x100,8,4A 22 FB 9C B1 AE C0 94,speed=74.00
1779166250.684,0x200,8,97 00 B0 0E B8 72 36 1A,fuel=0.00
1779166250.777,0x300,8,39 72 9A 89 BE A4 FB B5,temp=97.00
1779166250.871,0x100,8,4A 32 EB CF E8 60 5B B1,speed=74.00
1779166250.973,0x200,8,18 00 4E 46 DA 61 22 52,fuel=0.00
1779166251.063,0x300,8,39 F3 FE 7A 76 C0 1B 6D,temp=97.00
1779166251.154,0x100,8,4A B1 E8 67 62 F6 4E 77,speed=74.00
1779166251.247,0x200,8,35 00 17 9C BF 6E 12 A1,fuel=0.00
1779166251.343,0x300,8,39 49 23 B4 43 D7 3B C0,temp=97.00
1779166251.435,0x100,8,4A 9F 2A BF 77 FF 54 A9,speed=74.00
1779166251.528,0x200,8,23 00 6C BF 07 CB 46 48,fuel=0.00
1779166251.621,0x300,8,39 32 3A D8 DD E1 E7 C1,temp=97.00
1779166251.715,0x100,8,4A 46 7C CF DA AF 52 A0,speed=74.00
1779166251.807,0x200,8,D5 00 B8 E6 2A CB 40 0D,fuel=0.00
1779166251.903,0x300,8,39 37 8D DF C9 E4 46 4F,temp=97.00
1779166251.995,0x100,8,4A 3C 95 82 7B 9B 45 C8,speed=74.00
1779166252.087,0x200,8,4B 00 C0 53 2A 1E 6E A6,fuel=0.00
1779166252.181,0x300,8,39 AB 39 7E F1 87 68 C1,temp=97.00
1779166252.278,0x100,8,4A 5E 20 25 B7 3C C6 28,speed=74.00
1779166252.370,0x200,8,9B 00 5E 95 1B 5C 7D 57,fuel=0.00
1779166252.463,0x300,8,39 26 19 4C B2 24 3D 0C,temp=97.00
1779166252.571,0x100,8,4A 14 70 FB D0 96 8B 15,speed=74.00
1779166252.663,0x200,8,88 00 60 1E A9 FC B4 5E,fuel=0.00
1779166252.754,0x300,8,39 5F 1B ED 35 39 46 BF,temp=97.00
1779166252.849,0x100,8,4A 15 93 3F 46 D1 44 69,speed=74.00
1779166252.946,0x200,8,C8 00 BC EF 95 13 C5 18,fuel=0.00
1779166253.039,0x300,8,39 62 20 01 68 25 39 9A,temp=97.00
1779166253.131,0x100,8,4A FC 25 CE ED 07 40 33,speed=74.00
1779166253.227,0x200,8,8C 00 8E 0F C5 A7 34 9D,fuel=0.00
1779166253.321,0x300,8,39 B3 D4 F9 A5 2A 4C 1C,temp=97.00
1779166253.412,0x100,8,4A 7A A1 14 65 A9 76 14,speed=74.00
1779166253.505,0x200,8,8F 00 11 6E CA 3A F7 06,fuel=0.00
1779166253.597,0x300,8,39 11 53 63 60 81 D2 DB,temp=97.00
1779166253.685,0x100,8,4A F0 0F 25 7D D9 A8 4F,speed=74.00
1779166253.778,0x200,8,49 00 E3 10 5A 46 23 06,fuel=0.00
1779166253.873,0x300,8,39 65 AE D5 BE 63 5E 31,temp=97.00
1779166253.969,0x100,8,4A 16 73 03 4E CA 35 34,speed=74.00
1779166254.058,0x200,8,28 00 40 A1 22 3D 06 A7,fuel=0.00
1779166254.153,0x300,8,39 5F FE 54 04 BF F7 C8,temp=97.00
1779166254.247,0x100,8,4A 77 34 71 F1 77 EC 91,speed=74.00
1779166254.344,0x200,8,B5 00 4D F7 CC DE 71 7E,fuel=0.00
1779166254.439,0x300,8,39 81 49 B5 0B C4 22 55,temp=97.00
1779166254.531,0x100,8,4A 9C 28 DA 47 35 23 0E,speed=74.00
1779166254.623,0x200,8,42 00 2C 1F 73 8B 9D 1F,fuel=0.00
1779166254.715,0x300,8,39 D8 4B 08 7E 93 3B 09,temp=97.00
1779166254.808,0x100,8,4A 0D B0 9C 71 C5 89 C4,speed=74.00
1779166254.904,0x200,8,3E 00 A1 12 3C 6E BB F9,fuel=0.00
1779166254.998,0x300,8,39 83 9F C3 87 15 4A EB,temp=97.00
1779166255.088,0x100,8,4A 1B C6 E7 47 52 7C 17,speed=74.00
1779166255.182,0x200,8,3D 00 34 FA 4C AC 53 84,fuel=0.00
1779166255.278,0x300,8,39 5E EF 03 2D 0C F7 C4,temp=97.00
1779166255.371,0x100,8,4A 7F EB 2A 5C 5C 23 9A,speed=74.00
1779166255.462,0x200,8,8D 00 F2 87 E8 4E 1D DF,fuel=0.00
1779166255.558,0x300,8,39 8E 69 68 26 06 C2 83,temp=97.00
1779166255.665,0x100,8,4A 02 94 40 7E 03 71 F8,speed=74.00
1779166255.746,0x200,8,0B 00 50 3C 03 D2 C8 34,fuel=0.00
1779166255.839,0x300,8,39 F4 8B C1 9F 22 01 0C,temp=97.00
1779166255.934,0x100,8,4A B0 70 9D 94 CC D3 C7,speed=74.00
1779166256.038,0x200,8,F4 00 60 33 21 74 5E B0,fuel=0.00
1779166256.135,0x300,8,39 CA CF 39 03 87 4E 9C,temp=97.00
1779166256.226,0x100,8,4A 8A 75 BB 3A 1B F3 59,speed=74.00
1779166256.317,0x200,8,95 00 4D D7 6E D4 B6 F2,fuel=0.00
1779166256.412,0x300,8,39 B9 F8 D0 DC 0D F8 7F,temp=97.00
1779166256.504,0x100,8,4A 1E 10 38 27 5E 0A A0,speed=74.00
1779166256.596,0x200,8,6E 00 F1 2C FD A2 18 5F,fuel=0.00
1779166256.688,0x300,8,39 CB 32 A7 D7 1B 14 13,temp=97.00
1779166256.783,0x100,8,4A 8F 27 17 2D E8 44 D9,speed=74.00
1779166256.877,0x200,8,AD 00 48 7E E2 7C 09 BE,fuel=0.00
1779166256.964,0x300,8,39 E6 5A BC 05 CC 93 90,temp=97.00
1779166257.062,0x100,8,4A 4B 0A 5A C7 C9 00 C2,speed=74.00
1779166257.156,0x200,8,59 00 70 BC 61 3D 14 D4,fuel=0.00
1779166257.250,0x300,8,39 56 E0 6C C0 BE 24 EC,temp=97.00
1779166257.342,0x100,8,4A EF 2B 5C 81 FE 45 8B,speed=74.00
1779166257.434,0x200,8,15 00 A0 07 C7 E7 E1 4E,fuel=0.00
1779166257.528,0x300,8,39 13 B6 8A A0 CF 8C 31,temp=97.00
1779166257.621,0x100,8,4A 11 84 FE 11 82 AC 17,speed=74.00
1779166257.714,0x200,8,C0 00 4C E0 9A 59 DD 09,fuel=0.00
1779166257.807,0x300,8,39 79 3A BB F4 2F A9 53,temp=97.00
1779166257.901,0x100,8,4A C5 9D 06 83 1C 80 30,speed=74.00
1779166258.005,0x200,8,43 00 8E 25 A2 27 04 7D,fuel=0.00
1779166258.101,0x300,8,39 DF C8 04 0F 93 67 4A,temp=97.00
1779166258.193,0x100,8,4A A6 57 F6 A0 02 A9 DD,speed=74.00
1779166258.287,0x200,8,79 00 23 50 5D 2D 92 A6,fuel=0.00
1779166258.380,0x300,8,39 22 7A 37 BA F7 11 61,temp=97.00
1779166258.472,0x100,8,4A 68 B9 96 33 26 4E E7,speed=74.00
1779166258.566,0x200,8,BB 00 F3 54 0B F6 BD B1,fuel=0.00
1779166258.657,0x300,8,39 78 39 BA 7E 4C EB 40,temp=97.00
1779166258.750,0x100,8,4A 78 9F 16 52 04 39 BE,speed=74.00
1779166258.845,0x200,8,00 00 F9 5D C3 F9 B6 AF,fuel=0.00
1779166258.939,0x300,8,39 9C 4D 25 6A 8A 8D 14,temp=97.00
1779166259.028,0x100,8,4A D2 93 2E 78 96 1F BB,speed=74.00
1779166259.122,0x200,8,8A 00 93 83 31 28 B5 19,fuel=0.00
1779166259.218,0x300,8,39 83 6F F2 AE 1A 58 1A,temp=97.00
1779166259.310,0x100,8,4A 22 07 33 49 FB DA F6,speed=74.00
1779166259.404,0x200,8,D8 00 94 A7 31 A4 29 9C,fuel=0.00
1779166259.494,0x300,8,39 5A 37 DF 63 71 70 3A,temp=97.00
1779166259.588,0x100,8,4A A4 16 BA F2 2E 67 41,speed=74.00
1779166259.682,0x200,8,7A 00 C4 9D EC 39 5B 85,fuel=0.00
1779166259.774,0x300,8,39 FC 17 C3 7E D1 BC 4E,temp=97.00
1779166259.885,0x100,8,4A AC CE 15 9A EE 6A 8D,speed=74.00
1779166259.965,0x200,8,7C 00 E9 CE 37 59 F5 AD,fuel=0.00
1779166260.068,0x300,8,39 1A FF FE 46 D6 4D 35,temp=97.00
1779166260.161,0x100,8,4A 84 ED CE 26 71 72 4B,speed=74.00
1779166260.256,0x200,8,64 00 D2 E8 98 2F 6B BA,fuel=0.00
1779166260.349,0x300,8,39 9F 24 38 A7 8A A4 53,temp=97.00
1779166260.442,0x100,8,4A CB E4 2C A0 E0 39 12,speed=74.00
1779166260.535,0x200,8,21 00 C5 BA 96 BA 48 1B,fuel=0.00
1779166260.629,0x300,8,39 1A 23 EA 60 8E 82 59,temp=97.00
1779166260.721,0x100,8,4A 86 58 86 E3 27 63 16,speed=74.00
1779166260.815,0x200,8,B0 00 BB B5 4F CC D8 E0,fuel=0.00
1779166260.910,0x300,8,39 8F 90 AD 5A 0A F7 AD,temp=97.00
1779166260.993,0x100,8,4A 9F 63 3B D5 E8 C0 F8,speed=74.00
1779166261.097,0x200,8,C8 00 9D 99 9F 49 C7 D7,fuel=0.00
1779166261.189,0x300,8,39 D4 95 92 2B 99 F5 F9,temp=97.00
1779166261.282,0x100,8,4A E0 1D 2F AD D7 C9 28,speed=74.00
1779166261.376,0x200,8,5B 00 80 6D D6 C5 D8 F0,fuel=0.00
1779166261.470,0x300,8,39 F7 9E 73 94 B2 26 EB,temp=97.00
1779166261.561,0x100,8,4A F2 ED 5D 4E F1 36 16,speed=74.00
1779166261.654,0x200,8,8B 00 F6 B2 2F A7 82 30,fuel=0.00
1779166261.748,0x300,8,39 20 92 61 10 F5 5A 43,temp=97.00
1779166261.843,0x100,8,4A BF C9 D5 75 D4 06 26,speed=74.00
1779166261.936,0x200,8,7E 00 CF EA 52 F5 0F 01,fuel=0.00
1779166262.028,0x300,8,39 D7 E5 80 6F A7 4C 09,temp=97.00
1779166262.120,0x100,8,4A 92 17 48 9F 3B 60 8C,speed=74.00
1779166262.214,0x200,8,1D 00 8E 88 4A 0B 1F 2E,fuel=0.00
1779166262.310,0x300,8,39 21 D5 0F 6C 75 B9 E3,temp=97.00
1779166262.401,0x100,8,4A 6D 10 35 2E 23 72 52,speed=74.00
1779166262.494,0x200,8,C6 00 7F 1C 50 10 CE 53,fuel=0.00
1779166262.589,0x300,8,39 1D 6A 00 07 27 A9 DC,temp=97.00
1779166262.682,0x100,8,4A 5A 36 0D C3 3C B0 46,speed=74.00
1779166262.776,0x200,8,C0 00 D0 59 2F 77 4F 07,fuel=0.00
1779166262.870,0x300,8,39 86 D3 A9 CF 1A DB 17,temp=97.00
1779166262.963,0x100,8,4A 35 BE 7D 2A DD 02 3D,speed=74.00
1779166263.069,0x200,8,A6 00 3F 63 BD 48 41 CD,fuel=0.00
1779166263.163,0x300,8,39 C6 47 C7 D5 5E 43 46,temp=97.00
1779166263.256,0x100,8,4A 5C 40 1C DF 8A 93 AA,speed=74.00
1779166263.349,0x200,8,27 00 84 C9 EB 10 5A 62,fuel=0.00
1779166263.444,0x300,8,39 50 EA F4 B9 8E 24 4F,temp=97.00
1779166263.535,0x100,8,4A 3A 67 D9 F5 7A 18 20,speed=74.00
1779166263.629,0x200,8,45 00 F2 7D A4 EE 12 61,fuel=0.00
1779166263.722,0x300,8,39 DF 79 5D 09 8A 1B 19,temp=97.00
1779166263.815,0x100,8,4A F7 3E 09 1D E4 E7 34,speed=74.00
1779166263.908,0x200,8,24 00 35 AD 84 0E 71 C2,fuel=0.00
1779166264.002,0x300,8,39 15 17 5F 66 21 86 07,temp=97.00
1779166264.094,0x100,8,4A A0 24 E0 BB 2C 1D CB,speed=74.00
1779166264.187,0x200,8,82 00 1D 12 EF C5 B7 30,fuel=0.00
1779166264.280,0x300,8,39 DE F5 E9 41 34 A5 47,temp=97.00
1779166264.375,0x100,8,4A 98 72 8C 3C AA DB 97,speed=74.00
1779166264.468,0x200,8,5C 00 52 F2 B8 B2 2E 1F,fuel=0.00
1779166264.562,0x300,8,39 DB A0 E2 F2 73 C3 36,temp=97.00
1779166264.654,0x100,8,4A 6C 3A 36 22 96 02 80,speed=74.00
1779166264.749,0x200,8,79 00 7A C6 42 31 54 D3,fuel=0.00
1779166264.841,0x300,8,39 C5 EC 63 9E FF C8 3F,temp=97.00
1779166264.935,0x100,8,4A 12 B6 67 AA 9D 59 4E,speed=74.00
1779166265.027,0x200,8,0C 00 EC 46 EE 83 3E D9,fuel=0.00
1779166265.121,0x300,8,39 5E 3B D3 EB 1A 7B 8C,temp=97.00
1779166265.215,0x100,8,4A FE 26 33 C6 68 2D 3A,speed=74.00
1779166265.307,0x200,8,20 00 85 D5 E5 D3 A3 5C,fuel=0.00
1779166265.415,0x300,8,39 28 BC AA 59 D6 85 BC,temp=97.00
1779166265.495,0x100,8,4A 65 C2 22 DA 70 6A DE,speed=74.00
1779166265.601,0x200,8,16 00 34 56 18 C6 78 D3,fuel=0.00
1779166265.694,0x300,8,39 AC 13 FF DF C2 96 58,temp=97.00
1779166265.789,0x100,8,4A 1D 38 98 DE 9D 76 8E,speed=74.00
1779166265.868,0x200,8,B0 00 83 DE C3 2A A6 B4,fuel=0.00
1779166265.976,0x300,8,39 10 47 2F CA 2C 30 DF,temp=97.00
1779166266.070,0x100,8,4A B3 0A 70 52 54 87 52,speed=74.00
1779166266.162,0x200,8,FA 00 A6 C4 D4 6E 1C 16,fuel=0.00
1779166266.255,0x300,8,39 67 BB A0 4E E7 15 4B,temp=97.00
1779166266.342,0x100,8,4A 96 C1 AF B5 1C 0C 23,speed=74.00
1779166266.434,0x200,8,77 00 B9 08 7B 86 89 38,fuel=0.00
1779166266.528,0x300,8,39 8E 78 20 9A 89 31 A5,temp=97.00
1779166266.622,0x100,8,4A 3F 54 76 B1 B7 6D E3,speed=74.00
1779166266.715,0x200,8,E1 00 70 77 AA CB F2 31,fuel=0.00
1779166266.811,0x300,8,39 A6 CB 65 2F 17 38 A4,temp=97.00
1779166266.904,0x100,8,4A 2E 5A CF 8E 06 D0 33,speed=74.00
1779166267.000,0x200,8,28 00 AB 8B A6 09 83 D9,fuel=0.00
1779166267.090,0x300,8,39 B7 F4 5A BA 30 A7 CA,temp=97.00
1779166267.182,0x100,8,4A 83 AA 57 78 03 91 91,speed=74.00
1779166267.276,0x200,8,25 00 D9 96 F8 A8 8A 26,fuel=0.00
1779166267.383,0x300,8,39 FF 95 E2 CB B6 38 30,temp=97.00
1779166267.462,0x100,8,4A B7 50 0A 65 FE D1 D3,speed=74.00
1779166267.569,0x200,8,09 00 04 6F D2 02 13 31,fuel=0.00
1779166267.661,0x300,8,39 1B 17 1A 2B 64 EF 86,temp=97.00
1779166267.754,0x100,8,4A D3 CD 2F A4 15 EB AD,speed=74.00
1779166267.850,0x200,8,E7 00 CE C5 A9 31 FA 2E,fuel=0.00
1779166267.942,0x300,8,39 4B AC 62 F3 CD 81 9A,temp=97.00
1779166268.035,0x100,8,4A 53 70 72 9F 81 0A 40,speed=74.00
1779166268.128,0x200,8,0C 00 D1 3F B6 22 19 06,fuel=0.00
1779166268.221,0x300,8,39 35 A8 AB 7B CF DD 67,temp=97.00
1779166268.314,0x100,8,4A D8 31 48 AA 6F 44 2A,speed=74.00
1779166268.407,0x200,8,44 00 41 2A 0E 6E DE 2F,fuel=0.00
1779166268.501,0x300,8,39 65 30 AE F8 6D 14 13,temp=97.00
1779166268.597,0x100,8,4A 41 CD 61 6E B3 E7 77,speed=74.00
1779166268.689,0x200,8,86 00 17 16 02 4F 3A C8,fuel=0.00
1779166268.780,0x300,8,39 87 CC F5 B8 6C 97 69,temp=97.00
1779166268.875,0x100,8,4A 4E 68 97 6F 24 A7 98,speed=74.00
1779166268.969,0x200,8,9E 00 FF B7 B6 52 D0 59,fuel=0.00
1779166269.063,0x300,8,39 1D 05 3F 64 91 C9 A5,temp=97.00
1779166269.155,0x100,8,4A 67 1A 38 4B 7D DC 1E,speed=74.00
1779166269.249,0x200,8,42 00 51 88 C3 93 B5 0D,fuel=0.00
1779166269.343,0x300,8,39 FE 62 34 C7 7E 28 55,temp=97.00
1779166269.436,0x100,8,4A F2 A5 4C 31 8C 06 CC,speed=74.00
1779166269.528,0x200,8,CD 00 5A 56 42 76 E2 1E,fuel=0.00
1779166269.621,0x300,8,39 F5 2A 46 04 A0 48 82,temp=97.00
1779166269.716,0x100,8,4A 52 98 3F AC 11 B3 EC,speed=74.00
1779166269.808,0x200,8,0C 00 22 80 55 D8 EA 4D,fuel=0.00
1779166269.902,0x300,8,39 7F D9 D7 35 84 E5 CB,temp=97.00
1779166269.995,0x100,8,4A 2E 6C 65 C2 F6 5F F1,speed=74.00
1779166270.091,0x200,8,E7 00 C7 B8 AD DB 70 77,fuel=0.00
1779166270.183,0x300,8,39 5D 8F 30 4A 30 7D 10,temp=97.00
1779166270.278,0x100,8,4A 98 73 4B 22 D8 66 16,speed=74.00
1779166270.371,0x200,8,66 00 99 8A 52 8B 6C E9,fuel=0.00
1779166270.462,0x300,8,39 ED 38 5F D3 C5 9E 88,temp=97.00
1779166270.557,0x100,8,4A F2 7D BF E4 3D 80 AC,speed=74.00
1779166270.650,0x200,8,5F 00 64 57 48 EE E7 C6,fuel=0.00
1779166270.758,0x300,8,39 0E 74 05 7B 24 A1 6F,temp=97.00
1779166270.851,0x100,8,4A 63 A8 CC 5C A5 2D 25,speed=74.00
1779166270.943,0x200,8,D9 00 A6 6C 3C 4C AB 9C,fuel=0.00
1779166271.037,0x300,8,39 D3 A5 08 83 69 CE E7,temp=97.00
1779166271.133,0x100,8,4A A4 A4 73 51 00 E6 82,speed=74.00
1779166271.225,0x200,8,30 00 B0 CA 1F C1 B8 9E,fuel=0.00
1779166271.319,0x300,8,39 53 91 46 4E CB F3 60,temp=97.00
1779166271.400,0x100,8,4A 2E 1B C3 FB 06 6F 8E,speed=74.00
1779166271.495,0x200,8,C6 00 82 FB 9D B9 72 98,fuel=0.00
1779166271.600,0x300,8,39 CC 9F 82 0F 20 68 B7,temp=97.00
1779166271.681,0x100,8,4A F9 52 67 0F F5 C5 7B,speed=74.00
1779166271.789,0x200,8,97 00 B3 A9 4E D1 22 7A,fuel=0.00
1779166271.884,0x300,8,39 5E 08 8F 89 08 F1 BB,temp=97.00
1779166271.964,0x100,8,4A C0 BB 0F 28 65 30 7C,speed=74.00
1779166272.068,0x200,8,B6 00 76 F7 86 D8 1B 05,fuel=0.00
1779166272.163,0x300,8,39 FA 06 D2 8F 2D D6 B3,temp=97.00
1779166272.258,0x100,8,4A B0 34 4C 68 B2 0D 2F,speed=74.00
1779166272.337,0x200,8,1E 00 E5 E9 B7 BC C4 F5,fuel=0.00
1779166272.445,0x300,8,39 77 EE 51 C3 49 E9 D3,temp=97.00
1779166272.525,0x100,8,4A 98 6D 1A F4 CF C0 59,speed=74.00
1779166272.635,0x200,8,C3 00 B4 A5 DB C1 26 00,fuel=0.00
1779166272.726,0x300,8,39 83 B5 19 8D 1D 6B 09,temp=97.00
1779166272.821,0x100,8,4A 96 66 1B 61 C9 97 D6,speed=74.00
1779166272.903,0x200,8,B4 00 B3 81 0A BA 96 2C,fuel=0.00
1779166273.014,0x300,8,39 77 5B 98 4A 6A 3C 5F,temp=97.00
1779166273.098,0x100,8,4A 19 52 BA 73 DB A7 B3,speed=74.00
1779166273.191,0x200,8,C8 00 08 52 82 C9 3A BD,fuel=0.00
1779166273.283,0x300,8,39 E5 5C 36 7B A3 01 F9,temp=97.00
1779166273.376,0x100,8,4A 87 25 8B 5C 96 4D F9,speed=74.00
1779166273.466,0x200,8,F9 00 0E 67 DC 6C D7 CE,fuel=0.00
1779166273.559,0x300,8,39 34 4E 68 52 2E 49 25,temp=97.00
1779166273.651,0x100,8,4A 38 FE C5 36 AE 70 E7,speed=74.00
1779166273.746,0x200,8,79 00 06 8F 09 75 CD 05,fuel=0.00
1779166273.839,0x300,8,39 7B E2 06 90 AC A3 15,temp=97.00
1779166273.934,0x100,8,4A 05 D0 54 D1 32 4E EC,speed=74.00
1779166274.025,0x200,8,22 00 F4 B0 E0 0C 8A 40,fuel=0.00
1779166274.119,0x300,8,39 6E B9 FE FD D5 02 6A,temp=97.00
1779166274.214,0x100,8,4A 15 2A 48 CA 7A 8F 3B,speed=74.00
1779166274.320,0x200,8,12 00 5E F3 C4 E0 14 E4,fuel=0.00
1779166274.412,0x300,8,39 34 E3 7D 3F 7D F3 BB,temp=97.00
1779166274.506,0x100,8,4A 7B 3A 3F A3 A2 20 04,speed=74.00
1779166274.600,0x200,8,2C 00 69 90 4E CD E1 82,fuel=0.00
1779166274.692,0x300,8,39 26 FC 88 18 00 94 08,temp=97.00
1779166274.783,0x100,8,4A 23 10 C6 AA 5F B2 39,speed=74.00
1779166274.875,0x200,8,1A 00 14 D6 1A 41 42 F4,fuel=0.00
1779166274.972,0x300,8,39 82 41 54 A9 A9 3D 1F,temp=97.00
1779166275.062,0x100,8,4A 79 3B 8A 0E 5E CC EC,speed=74.00
1779166275.157,0x200,8,F9 00 16 37 8E 52 EA 15,fuel=0.00
1779166275.250,0x300,8,39 71 7E 8C 24 68 2A C4,temp=97.00
1779166275.341,0x100,8,4A EA 86 99 69 1F 49 75,speed=74.00
1779166275.434,0x200,8,55 00 42 28 7F 6B FA 56,fuel=0.00
1779166275.528,0x300,8,39 AB 22 8B C3 84 34 EC,temp=97.00
1779166275.622,0x100,8,4A E4 53 C2 76 9D 4D 28,speed=74.00
1779166275.714,0x200,8,69 00 C3 C0 42 89 02 A9,fuel=0.00
1779166275.807,0x300,8,39 DE D1 B1 EE 6B 9A 7F,temp=97.00
1779166275.902,0x100,8,4A 68 E4 78 98 B8 D9 36,speed=74.00
1779166275.999,0x200,8,EF 00 A8 30 F8 D3 2D ED,fuel=0.00
1779166276.089,0x300,8,39 71 5B F2 4E AB FB 00,temp=97.00
1779166276.182,0x100,8,4A 94 DB 60 38 FB 0C 32,speed=74.00
1779166276.274,0x200,8,FE 00 B9 84 D2 4A 53 DA,fuel=0.00
1779166276.369,0x300,8,39 32 68 9D 7A C1 B0 0B,temp=97.00
1779166276.464,0x100,8,4A 15 05 D8 03 BE D7 BE,speed=74.00
1779166276.556,0x200,8,BF 00 66 5B 40 AD FE 8C,fuel=0.00
1779166276.651,0x300,8,39 82 C8 2D 5C 1F 89 50,temp=97.00
1779166276.756,0x100,8,4A 94 68 F2 BA 7F E2 D7,speed=74.00
1779166276.852,0x200,8,E8 00 9F 6B FD 60 BF 8C,fuel=0.00
1779166276.934,0x300,8,39 71 01 20 08 1B 32 99,temp=97.00
1779166277.035,0x100,8,4A ED FA C4 30 B7 03 ED,speed=74.00
1779166277.122,0x200,8,83 00 9D 5A 3C 52 99 5E,fuel=0.00
1779166277.216,0x300,8,39 85 58 50 05 E0 7B D4,temp=97.00
1779166277.311,0x100,8,4A 5D 11 B0 8F 86 AA 3A,speed=74.00
1779166277.403,0x200,8,ED 00 B3 FF 6A D6 3C 5E,fuel=0.00
1779166277.496,0x300,8,39 FB E9 AA D8 16 D8 87,temp=97.00
1779166277.589,0x100,8,4A 9B A5 E2 B7 2B 92 C4,speed=74.00
1779166277.682,0x200,8,1F 00 5C 50 DD 35 86 C2,fuel=0.00
1779166277.775,0x300,8,39 02 F4 B1 6E 4F 77 F1,temp=97.00
1779166277.884,0x100,8,4A 00 60 A3 50 46 77 17,speed=74.00
1779166277.977,0x200,8,D9 00 27 58 AF 36 2F A1,fuel=0.00
1779166278.067,0x300,8,39 4F 81 AD 78 99 78 0D,temp=97.00
1779166278.161,0x100,8,4A A0 B4 78 CC F2 E4 C7,speed=74.00
1779166278.252,0x200,8,58 00 51 2F B7 1B 06 E0,fuel=0.00
1779166278.348,0x300,8,39 C2 C5 45 D8 03 F9 BE,temp=97.00
1779166278.441,0x100,8,4A 30 79 5B 37 EE AB 0C,speed=74.00
1779166278.531,0x200,8,49 00 EF 74 1A 2A B2 80,fuel=0.00
1779166278.625,0x300,8,39 31 8A A4 36 A2 B1 BB,temp=97.00
1779166278.719,0x100,8,4A 58 FF F0 A0 93 90 17,speed=74.00
1779166278.811,0x200,8,AA 00 35 07 ED DD 89 AD,fuel=0.00
1779166278.905,0x300,8,39 6E C2 E6 2E 66 2B 2F,temp=97.00
1779166279.004,0x100,8,4A 1A 1C BD 85 C0 0D D9,speed=74.00
1779166279.096,0x200,8,3F 00 30 17 95 78 F5 77,fuel=0.00
1779166279.184,0x300,8,39 28 73 D1 23 C4 4E 96,temp=97.00
1779166279.280,0x100,8,4A F4 37 5E CC 6F EF 31,speed=74.00
1779166279.373,0x200,8,E1 00 EA 64 35 CA AD 77,fuel=0.00
1779166279.469,0x300,8,39 B3 DE 05 D5 E2 CB C0,temp=97.00
1779166279.561,0x100,8,4A 61 9D 15 76 1D A3 C4,speed=74.00
1779166279.655,0x200,8,66 00 D8 F5 4A CD 57 1A,fuel=0.00
1779166279.745,0x300,8,39 83 B8 F1 31 0D DB 67,temp=97.00
1779166279.838,0x100,8,4A 24 38 3E 4B C7 66 24,speed=74.00
1779166279.934,0x200,8,E8 00 11 8C 7C 86 5F B9,fuel=0.00
1779166280.026,0x300,8,39 89 E1 06 5A EB 5A 5F,temp=97.00
1779166280.118,0x100,8,4A A5 76 1D 3E DF 4A ED,speed=74.00
1779166280.212,0x200,8,2A 00 64 2D 94 12 C7 44,fuel=0.00
1779166280.305,0x300,8,39 16 EC 29 18 45 02 A1,temp=97.00
1779166280.413,0x100,8,4A 77 1F FD 07 CC 6D 24,speed=74.00
1779166280.508,0x200,8,C3 00 D9 B0 0C 71 58 A4,fuel=0.00
1779166280.601,0x300,8,39 13 0E 9F 17 8B 4B 2C,temp=97.00
1779166280.695,0x100,8,4A 96 8C 20 DD 72 E1 CA,speed=74.00
1779166280.784,0x200,8,C3 00 BB B9 52 A0 91 31,fuel=0.00
1779166280.879,0x300,8,39 47 37 05 F7 26 AF CB,temp=97.00
1779166280.975,0x100,8,4A 4F 8B 92 68 E0 B3 4F,speed=74.00
1779166281.068,0x200,8,FB 00 6E 51 22 51 0A 45,fuel=0.00
1779166281.162,0x300,8,39 DC 73 E1 01 94 5C 81,temp=97.00
1779166281.255,0x100,8,4A 48 E6 5F B8 D2 88 DE,speed=74.00
1779166281.347,0x200,8,7E 00 1C A9 5F 12 85 CF,fuel=0.00
1779166281.442,0x300,8,39 01 57 F5 9B DC B8 51,temp=97.00
1779166281.535,0x100,8,4A 22 5E 54 9F 38 00 F2,speed=74.00
1779166281.629,0x200,8,F7 00 A9 18 4D 61 35 29,fuel=0.00
1779166281.722,0x300,8,39 54 D0 F1 B7 00 77 F2,temp=97.00
1779166281.813,0x100,8,4A A4 43 58 B3 B0 5F B2,speed=74.00
1779166281.905,0x200,8,85 00 32 C3 9C 69 EE 8D,fuel=0.00
1779166282.002,0x300,8,39 88 BD 05 A6 83 88 63,temp=97.00
1779166282.092,0x100,8,4A 8B 9A CF E1 0C 11 4F,speed=74.00
1779166282.184,0x200,8,C3 00 A5 36 F4 A2 21 8C,fuel=0.00
1779166282.279,0x300,8,39 7C 39 B0 AB AD 45 B5,temp=97.00
1779166282.371,0x100,8,4A 54 93 A5 23 61 CC AF,speed=74.00
1779166282.465,0x200,8,31 00 3C 73 A4 0A F0 85,fuel=0.00
1779166282.557,0x300,8,39 76 D5 89 AF 28 84 DE,temp=97.00
1779166282.649,0x100,8,4A 6B D2 08 E8 93 E3 4B,speed=74.00
1779166282.758,0x200,8,1C 00 38 99 61 DF FD 38,fuel=0.00
1779166282.869,0x300,8,39 D3 96 43 82 DA 10 AF,temp=97.00
1779166282.957,0x100,8,4A 4E 56 E0 CF 89 14 C1,speed=74.00
1779166283.052,0x200,8,F5 00 03 55 5A 0A DF CA,fuel=0.00
1779166283.146,0x300,8,39 53 F5 46 A3 B6 66 73,temp=97.00
1779166283.240,0x100,8,4A D7 19 6A 26 95 AE 20,speed=74.00
1779166283.331,0x200,8,B0 00 76 FD 57 CF B3 79,fuel=0.00
1779166283.424,0x300,8,39 32 0C 2A B6 DD 33 9C,temp=97.00
1779166283.518,0x100,8,4A 52 9E 1B 2D 35 E7 D7,speed=74.00
1779166283.612,0x200,8,A0 00 49 B7 CD 18 06 5C,fuel=0.00
1779166283.705,0x300,8,39 A5 57 B0 EA BC 6D D3,temp=97.00
1779166283.798,0x100,8,4A 69 0D 4B 27 B7 7C 4A,speed=74.00
1779166283.895,0x200,8,5A 00 60 10 2A FF 55 A0,fuel=0.00
1779166283.987,0x300,8,39 97 2F E6 78 ED CA 38,temp=97.00
1779166284.079,0x100,8,4A C9 2D 8F 25 9D 4D 66,speed=74.00
1779166284.173,0x200,8,40 00 27 7B A1 24 95 96,fuel=0.00
1779166284.265,0x300,8,39 2A 64 83 FC B0 6E 2A,temp=97.00
1779166284.359,0x100,8,4A 9A 4F 50 B1 CD 11 FC,speed=74.00
1779166284.451,0x200,8,DA 00 8F 35 AB 62 84 7D,fuel=0.00
1779166284.545,0x300,8,39 18 43 E2 65 D3 DE E9,temp=97.00
1779166284.639,0x100,8,4A EE 83 8C 8A 11 64 F6,speed=74.00
1779166284.730,0x200,8,08 00 F4 22 35 A2 11 04,fuel=0.00
1779166284.822,0x300,8,39 9D FA B3 17 3B 02 9E,temp=97.00
1779166284.915,0x100,8,4A 30 DE 80 BE FA 4F 4C,speed=74.00
1779166285.009,0x200,8,5F 00 B4 AF 3A 4A 18 7B,fuel=0.00
1779166285.102,0x300,8,39 AE 90 44 8D E7 DD 83,temp=97.00
1779166285.196,0x100,8,4A BF D2 43 F2 FE F4 D5,speed=74.00
1779166285.290,0x200,8,C8 00 50 79 B7 AF B6 50,fuel=0.00
1779166285.398,0x300,8,39 CF 67 E1 5D C8 F0 2A,temp=97.00
1779166285.492,0x100,8,4A B8 A1 5A 8F 7D 0F 3C,speed=74.00
1779166285.583,0x200,8,34 00 52 34 10 54 2F A9,fuel=0.00
1779166285.678,0x300,8,39 E6 A4 26 7F 31 C3 EF,temp=97.00
1779166285.772,0x100,8,4A 09 3B 99 A4 F9 2E FA,speed=74.00
1779166285.864,0x200,8,C8 00 25 57 0F F4 DF 15,fuel=0.00
1779166285.952,0x300,8,39 D9 AA 3A BF 4A C4 91,temp=97.00
1779166286.048,0x100,8,4A F1 FF 19 E0 9B 86 85,speed=74.00
1779166286.143,0x200,8,BF 00 55 8D 4A C3 34 91,fuel=0.00
1779166286.235,0x300,8,39 7A 85 31 C8 61 24 BD,temp=97.00
1779166286.327,0x100,8,4A FE C9 00 CA 98 A5 E4,speed=74.00
1779166286.421,0x200,8,B9 00 D3 F4 42 57 9B 75,fuel=0.00
1779166286.514,0x300,8,39 CB 4C DE EE BB D9 8B,temp=97.00
1779166286.607,0x100,8,4A BF B9 61 22 0B 11 B8,speed=74.00
1779166286.700,0x200,8,4F 00 3A 67 59 3F D0 13,fuel=0.00
1779166286.793,0x300,8,39 9B 52 4F D1 54 D6 88,temp=97.00
1779166286.889,0x100,8,4A E5 CB 80 44 C4 FD 5B,speed=74.00
1779166286.983,0x200,8,0A 00 01 36 14 2A 8A BB,fuel=0.00
1779166287.072,0x300,8,39 D3 D5 F0 00 BE B6 D1,temp=97.00
1779166287.169,0x100,8,4A 77 28 F3 C2 26 9A BC,speed=74.00
1779166287.260,0x200,8,BB 00 3D 21 07 61 E2 14,fuel=0.00
1779166287.354,0x300,8,39 AE 33 7A 7C 25 8D FF,temp=97.00
1779166287.461,0x100,8,4A FC 51 A7 C9 0D 77 96,speed=74.00
1779166287.552,0x200,8,57 00 3D 0B 90 A5 30 76,fuel=0.00
1779166287.646,0x300,8,39 46 3B BE 8F 03 09 CA,temp=97.00
1779166287.742,0x100,8,4A 95 E7 35 4B 06 37 F5,speed=74.00
1779166287.833,0x200,8,37 00 CF D6 D3 E1 0C BF,fuel=0.00
1779166287.928,0x300,8,39 4B 66 49 73 EC E4 D7,temp=97.00
1779166288.013,0x100,8,4A 9C A9 87 CD EA A1 1B,speed=74.00
1779166288.112,0x200,8,EA 00 DE DB 84 3A 15 BE,fuel=0.00
1779166288.204,0x300,8,39 BA 7C 9B 70 B5 72 AD,temp=97.00
1779166288.301,0x100,8,4A 0B 2F F8 09 91 5A 7F,speed=74.00
1779166288.393,0x200,8,57 00 90 EF 23 6F 6D 21,fuel=0.00
1779166288.487,0x300,8,39 19 C0 65 15 B7 2F CB,temp=97.00
1779166288.580,0x100,8,4A 37 2C A1 47 2E AE 10,speed=74.00
1779166288.675,0x200,8,6B 00 9E 2A 50 C0 C0 EE,fuel=0.00
1779166288.768,0x300,8,39 0C 25 91 6E 4B F2 AE,temp=97.00
1779166288.860,0x100,8,4A 4F C7 A6 34 7C 40 9E,speed=74.00
1779166288.956,0x200,8,DC 00 76 BE 7D 01 E5 AE,fuel=0.00
1779166289.047,0x300,8,39 68 AA C8 62 DF 32 E2,temp=97.00
1779166289.140,0x100,8,4A 6A B0 D5 63 91 56 F0,speed=74.00
1779166289.233,0x200,8,0C 00 8A 15 87 59 E0 37,fuel=0.00
1779166289.327,0x300,8,39 5F 06 1D 25 F2 FC EB,temp=97.00
1779166289.421,0x100,8,4A E2 E8 25 67 49 23 9F,speed=74.00
1779166289.512,0x200,8,99 00 81 55 99 5C E2 9C,fuel=0.00
1779166289.606,0x300,8,39 AE 85 0D 8D 68 B6 1B,temp=97.00
1779166289.699,0x100,8,4A EF 4D E6 D5 80 10 2E,speed=74.00
1779166289.792,0x200,8,A5 00 4D 48 F2 CA 52 CD,fuel=0.00
1779166289.888,0x300,8,39 E2 71 28 CE 64 3A FE,temp=97.00
1779166289.980,0x100,8,4A F5 20 C7 C3 46 93 B1,speed=74.00
1779166290.072,0x200,8,93 00 C5 A1 0A B4 96 B2,fuel=0.00
1779166290.168,0x300,8,39 F8 E9 4A 3D D0 B3 7D,temp=97.00
1779166290.275,0x100,8,4A 94 17 13 F6 8B 42 27,speed=74.00
1779166290.352,0x200,8,F3 00 D3 5F 9B 99 7A 2A,fuel=0.00
1779166290.461,0x300,8,39 75 68 19 AB 35 39 52,temp=97.00
1779166290.553,0x100,8,4A 70 74 E3 B0 D9 CD C1,speed=74.00
1779166290.645,0x200,8,B3 00 0C 17 91 E2 5D BD,fuel=0.00
1779166290.738,0x300,8,39 72 0F 9E A1 EF CB CB,temp=97.00
1779166290.831,0x100,8,4A 1B 2A 48 8A 80 21 56,speed=74.00
1779166290.927,0x200,8,01 00 CE 9D 26 14 42 2C,fuel=0.00
1779166291.022,0x300,8,39 B4 1C B6 BB 3B 29 42,temp=97.00
1779166291.113,0x100,8,4A 82 7F AE F1 7F 9A A6,speed=74.00
1779166291.207,0x200,8,50 00 B4 BF 7D 0F C0 80,fuel=0.00
1779166291.302,0x300,8,39 32 67 5E AD FA A0 20,temp=97.00
1779166291.396,0x100,8,4A CA 2F 4E 0E 19 27 C4,speed=74.00
1779166291.489,0x200,8,75 00 CB 65 70 0B C9 99,fuel=0.00
1779166291.580,0x300,8,39 A4 FD 9E 0A 15 69 88,temp=97.00
1779166291.674,0x100,8,4A E7 53 8A BB 11 D8 20,speed=74.00
1779166291.767,0x200,8,91 00 46 C1 4B F8 02 E0,fuel=0.00
1779166291.860,0x300,8,39 20 AD 4F 6D 89 3D 33,temp=97.00
1779166291.954,0x100,8,4A 16 9E 7D A6 1F 10 D9,speed=74.00
1779166292.047,0x200,8,AA 00 BC AF AD 3F 54 C3,fuel=0.00
1779166292.141,0x300,8,39 9D F8 BE 80 E4 D6 5B,temp=97.00
1779166292.234,0x100,8,4A 77 1D B0 CC 9D 38 DA,speed=74.00
1779166292.328,0x200,8,BD 00 A8 62 CB 45 64 87,fuel=0.00
1779166292.421,0x300,8,39 0C 4B 42 7F E2 2E 13,temp=97.00
1779166292.517,0x100,8,4A 5C 7F C3 B4 62 2F 36,speed=74.00
1779166292.608,0x200,8,D5 00 2D DB 21 E4 70 95,fuel=0.00
1779166292.701,0x300,8,39 B1 1C 80 BB 70 2A 57,temp=97.00
1779166292.795,0x100,8,4A B8 02 5D 1E 37 59 9F,speed=74.00
1779166292.889,0x200,8,76 00 D7 34 EA 28 56 63,fuel=0.00
1779166292.979,0x300,8,39 A0 46 83 0B 01 40 7C,temp=97.00
1779166293.071,0x100,8,4A 1D 05 88 66 A9 C1 02,speed=74.00
1779166293.167,0x200,8,B8 00 F9 6E 38 6E D6 A5,fuel=0.00
1779166293.259,0x300,8,39 5D D9 C3 0E B5 1E 4A,temp=97.00
1779166293.353,0x100,8,4A 39 50 C0 94 62 FF D5,speed=74.00
1779166293.446,0x200,8,EE 00 BA A8 07 0A 42 1D,fuel=0.00
1779166293.555,0x300,8,39 FB AA BF 56 A0 DA B7,temp=97.00
1779166293.646,0x100,8,4A 61 59 6A 45 54 82 13,speed=74.00
1779166293.741,0x200,8,D8 00 E9 99 05 83 72 79,fuel=0.00
1779166293.835,0x300,8,39 59 EC 32 0A 7E 5B 50,temp=97.00
1779166293.929,0x100,8,4A 9C 8F 75 07 23 C1 91,speed=74.00
1779166294.020,0x200,8,F1 00 6F 0F E0 E8 7D 21,fuel=0.00
1779166294.114,0x300,8,39 AF F2 8A F6 CC 63 36,temp=97.00
1779166294.210,0x100,8,4A 87 DC 05 58 D7 A5 C5,speed=74.00
1779166294.301,0x200,8,F1 00 EF 36 D6 1E 3F 36,fuel=0.00
1779166294.396,0x300,8,39 36 E4 7D 4D 29 E5 99,temp=97.00
1779166294.487,0x100,8,4A 8B ED 0E 18 CA E6 4E,speed=74.00
1779166294.581,0x200,8,4E 00 39 A0 4B A3 48 BA,fuel=0.00
1779166294.674,0x300,8,39 E1 C6 15 BD 02 1D 75,temp=97.00
1779166294.769,0x100,8,4A E7 E6 B6 8B 57 88 AC,speed=74.00
1779166294.865,0x200,8,91 00 5F 4C 50 D0 E8 7A,fuel=0.00
1779166294.963,0x300,8,39 E8 4F 34 8C 8A 15 81,temp=97.00
1779166295.051,0x100,8,4A CA 29 32 A6 B1 04 53,speed=74.00
1779166295.145,0x200,8,4B 00 2E D8 68 72 EC 2B,fuel=0.00
1779166295.240,0x300,8,39 04 EE 35 BC 51 7B AF,temp=97.00
1779166295.335,0x100,8,4A ED 4C 28 FA 98 3F 47,speed=74.00
1779166295.428,0x200,8,7E 00 52 D4 DB 5E 12 F1,fuel=0.00
1779166295.521,0x300,8,39 06 B8 9E 32 CA 7B 6D,temp=97.00
1779166295.613,0x100,8,4A 80 41 D8 A5 EC E1 DC,speed=74.00
1779166295.704,0x200,8,1B 00 D9 30 48 F5 7E CE,fuel=0.00
1779166295.797,0x300,8,39 D5 A4 AE 68 07 15 F6,temp=97.00
1779166295.894,0x100,8,4A F2 82 05 6A 54 42 02,speed=74.00
1779166295.986,0x200,8,96 00 AC 17 4E 43 13 68,fuel=0.00
1779166296.077,0x300,8,39 57 0B DA 9F FC 42 E9,temp=97.00
1779166296.169,0x100,8,4A C1 10 F5 32 9B 16 D5,speed=74.00
1779166296.263,0x200,8,E1 00 AF 35 AF 63 4C 1C,fuel=0.00
1779166296.355,0x300,8,39 D6 97 AB 8A 10 C3 7C,temp=97.00
1779166296.448,0x100,8,4A A1 F3 9B 91 11 81 AA,speed=74.00
1779166296.541,0x200,8,68 00 16 39 82 75 59 92,fuel=0.00
1779166296.638,0x300,8,39 33 B7 E7 2F 85 82 57,temp=97.00
1779166296.727,0x100,8,4A C0 E4 DC 20 E3 A1 9C,speed=74.00
1779166296.821,0x200,8,D5 00 24 69 21 48 A1 DA,fuel=0.00
1779166296.921,0x300,8,39 D0 67 1A 71 2B 1F 31,temp=97.00
1779166297.016,0x100,8,4A A9 83 55 66 7C 03 F4,speed=74.00
1779166297.105,0x200,8,71 00 F3 C5 F9 9F 9A D4,fuel=0.00
1779166297.200,0x300,8,39 60 37 E1 C6 B2 C8 B1,temp=97.00
1779166297.294,0x100,8,4A 2D AB 84 12 90 18 E4,speed=74.00
1779166297.388,0x200,8,A6 00 F5 BE 72 AF E3 E4,fuel=0.00
1779166297.483,0x300,8,39 8C 8A D0 C3 22 AD 73,temp=97.00
1779166297.574,0x100,8,4A 1A D2 47 EA 93 11 57,speed=74.00
1779166297.670,0x200,8,14 00 C1 82 32 B4 EA D4,fuel=0.00
1779166297.759,0x300,8,39 BC 6C 04 B9 33 A2 74,temp=97.00
1779166297.852,0x100,8,4A E2 F1 AF E8 E8 07 08,speed=74.00
1779166297.959,0x200,8,52 00 D2 2D DF B9 C0 B6,fuel=0.00
1779166298.040,0x300,8,39 0B E4 FD FA 43 F3 15,temp=97.00
1779166298.138,0x100,8,4A E3 FE 21 42 C2 31 5E,speed=74.00
1779166298.232,0x200,8,CE 00 58 51 F8 46 86 7F,fuel=0.00
1779166298.326,0x300,8,39 52 8C 77 7A 29 E6 F6,temp=97.00
1779166298.420,0x100,8,4A F5 59 94 AB 27 C0 49,speed=74.00
1779166298.513,0x200,8,39 00 84 13 11 F4 49 3F,fuel=0.00
1779166298.608,0x300,8,39 27 D5 F1 7A 72 BC 44,temp=97.00
1779166298.700,0x100,8,4A 73 A4 9B 02 33 EC EF,speed=74.00
1779166298.795,0x200,8,F1 00 29 E2 FE 72 BF 3A,fuel=0.00
1779166298.890,0x300,8,39 4E 4B 5D EA 10 0E 19,temp=97.00
1779166298.983,0x100,8,4A 0C B5 31 39 77 4E 60,speed=74.00
1779166299.074,0x200,8,6A 00 1B 1B 94 24 13 78,fuel=0.00
1779166299.169,0x300,8,39 D1 D0 38 67 62 94 7A,temp=97.00
1779166299.263,0x100,8,4A DA 05 BB 68 AF FD E1,speed=74.00
1779166299.359,0x200,8,4A 00 3B B6 CF 8F ED B7,fuel=0.00
1779166299.452,0x300,8,39 56 B2 10 1E 6C B0 7C,temp=97.00
1779166299.545,0x100,8,4A D8 AC A3 24 C8 54 3F,speed=74.00
1779166299.639,0x200,8,95 00 D1 DA 6A C1 51 0A,fuel=0.00
1779166299.731,0x300,8,39 48 08 F8 AC 52 26 A9,temp=97.00
1779166299.827,0x100,8,4A B3 A0 25 03 54 51 5A,speed=74.00
1779166299.923,0x200,8,2E 00 2D 96 BC C4 F6 5B,fuel=0.00
1779166300.018,0x300,8,39 41 88 D6 EA 1C D2 F5,temp=97.00
1779166300.105,0x100,8,4A EA 0C B1 78 1D 2D D8,speed=74.00
1779166300.199,0x200,8,7E 00 33 69 05 34 66 F6,fuel=0.00
1779166300.292,0x300,8,39 3A 76 37 62 0B 30 1F,temp=97.00
1779166300.385,0x100,8,4A EB CB 85 7F D8 E0 88,speed=74.00
1779166300.479,0x200,8,A8 00 70 F0 92 A4 0F F3,fuel=0.00
1779166300.572,0x300,8,39 45 CF B4 A9 08 A1 62,temp=97.00
1779166300.665,0x100,8,4A 22 14 EE 5F D0 E6 E3,speed=74.00
1779166300.760,0x200,8,AC 00 D1 BE 06 DD 9E 45,fuel=0.00
1779166300.852,0x300,8,39 7F BB FC E7 33 07 74,temp=97.00
1779166300.947,0x100,8,4A 2E B2 E4 B3 B6 40 7D,speed=74.00
1779166301.053,0x200,8,A7 00 97 34 10 28 69 51,fuel=0.00
1779166301.145,0x300,8,39 F4 66 45 5D 45 8C C9,temp=97.00
1779166301.238,0x100,8,4A 13 81 12 EC 99 AC EA,speed=74.00
1779166301.330,0x200,8,C0 00 4C 5B C6 23 A9 4F,fuel=0.00
1779166301.423,0x300,8,39 9C 89 DE 00 F3 21 DF,temp=97.00
1779166301.518,0x100,8,4A 29 34 5E 2D 70 9F E3,speed=74.00
1779166301.611,0x200,8,74 00 82 EE BD 7C 13 B4,fuel=0.00
1779166301.703,0x300,8,39 7C 39 60 08 C5 11 1C,temp=97.00
1779166301.799,0x100,8,4A AE A1 74 20 0C A6 D4,speed=74.00
1779166301.889,0x200,8,E8 00 50 BA 72 48 11 F5,fuel=0.00
1779166301.986,0x300,8,39 FC 8E 00 20 3B 93 B3,temp=97.00
1779166302.078,0x100,8,4A 19 E6 CC 8B E4 59 C1,speed=74.00
1779166302.171,0x200,8,48 00 1A DD 1B D2 0D A7,fuel=0.00
1779166302.265,0x300,8,39 34 95 F6 CC 61 E4 65,temp=97.00
1779166302.359,0x100,8,4A B0 BF 8B A7 1B 03 81,speed=74.00
1779166302.452,0x200,8,93 00 A7 48 29 9E 93 42,fuel=0.00
1779166302.543,0x300,8,39 77 B1 D9 4F 4C 4D 7E,temp=97.00
1779166302.637,0x100,8,4A 39 01 D5 AF 23 F9 66,speed=74.00
1779166302.730,0x200,8,99 00 3B 19 58 44 A7 FE,fuel=0.00
1779166302.824,0x300,8,39 3C 19 40 2E 05 E6 9F,temp=97.00
1779166302.919,0x100,8,4A B0 E4 82 36 16 3D 04,speed=74.00
1779166303.012,0x200,8,1A 00 05 5F AF AF C4 78,fuel=0.00
1779166303.103,0x300,8,39 62 C3 DB 46 62 86 E5,temp=97.00
1779166303.197,0x100,8,4A ED 52 6D F9 AE E8 2B,speed=74.00
1779166303.293,0x200,8,78 00 99 E9 76 82 01 EC,fuel=0.00
1779166303.384,0x300,8,39 8A 71 8A 8A 99 32 7B,temp=97.00
1779166303.481,0x100,8,4A FD 7B A2 F0 E7 4D E5,speed=74.00
1779166303.573,0x200,8,F3 00 23 A8 D1 C5 DD 4A,fuel=0.00
1779166303.667,0x300,8,39 2F 27 7C 3D 4D 43 73,temp=97.00
1779166303.760,0x100,8,4A 88 DB 2F 62 49 D7 3A,speed=74.00
1779166303.859,0x200,8,3F 00 DF 9B 52 C1 5D 10,fuel=0.00
1779166303.964,0x300,8,39 BE 9D A7 30 7B F9 61,temp=97.00
1779166304.054,0x100,8,4A AC A4 7E 1A CC 4D E6,speed=74.00
1779166304.144,0x200,8,95 00 30 1E 39 EE 07 92,fuel=0.00
1779166304.240,0x300,8,39 0B 27 A6 FD 6C 77 09,temp=97.00
1779166304.332,0x100,8,4A 2E FA F0 28 F1 66 F6,speed=74.00
1779166304.426,0x200,8,37 00 EF 82 B8 F0 C8 0A,fuel=0.00
1779166304.518,0x300,8,39 D3 14 E7 BC 80 69 66,temp=97.00
1779166304.612,0x100,8,4A 84 1E 59 62 AD 52 51,speed=74.00
1779166304.703,0x200,8,3B 00 97 A5 76 D6 54 1A,fuel=0.00
1779166304.796,0x300,8,39 9C 40 7A 7E 8D AE 1D,temp=97.00
1779166304.889,0x100,8,4A 45 8B BA FF 60 2E 9A,speed=74.00
1779166304.983,0x200,8,6B 00 DD D8 E7 11 21 46,fuel=0.00
1779166305.077,0x300,8,39 89 96 E0 27 CB 0A 52,temp=97.00
1779166305.173,0x100,8,4A 1E 87 E8 00 C5 F7 17,speed=74.00
1779166305.265,0x200,8,8E 00 5D DD 39 96 67 56,fuel=0.00
1779166305.359,0x300,8,39 67 B0 36 B0 B5 7E D4,temp=97.00
1779166305.449,0x100,8,4A 66 FD D5 C9 3B F6 DF,speed=74.00
1779166305.542,0x200,8,17 00 46 2D D1 8D EC C6,fuel=0.00
1779166305.639,0x300,8,39 71 B5 BB C7 90 05 B9,temp=97.00
1779166305.729,0x100,8,4A A6 3E 7C F1 41 D5 1A,speed=74.00
1779166305.824,0x200,8,1A 00 51 46 33 83 E0 AB,fuel=0.00
1779166305.919,0x300,8,39 4E 3C 47 B9 14 B6 6B,temp=97.00
1779166306.017,0x100,8,4A 95 7A 41 34 D8 F8 37,speed=74.00
1779166306.107,0x200,8,DA 00 8C 18 26 E0 54 F2,fuel=0.00
1779166306.201,0x300,8,39 1E C1 19 0D 78 8D 57,temp=97.00
1779166306.292,0x100,8,4A 01 61 B8 F6 7D 22 21,speed=74.00
1779166306.384,0x200,8,B1 00 3B 6E 82 90 D7 C3,fuel=0.00
1779166306.493,0x300,8,39 26 F4 AE EB 5A 3F AE,temp=97.00
1779166306.584,0x100,8,4A F5 CF 2D 07 D1 BD 69,speed=74.00
1779166306.682,0x200,8,30 00 D1 A5 8A 4F 04 93,fuel=0.00
1779166306.772,0x300,8,39 98 55 A0 7F F6 7B 04,temp=97.00
1779166306.855,0x100,8,4A 9B 64 5F F6 A6 F8 C3,speed=74.00
1779166306.961,0x200,8,AD 00 75 BD A6 06 27 02,fuel=0.00
1779166307.053,0x300,8,39 10 75 98 0D 30 F6 E7,temp=97.00
1779166307.147,0x100,8,4A 3E 26 5E F2 E0 E9 56,speed=74.00
1779166307.241,0x200,8,2C 00 D7 86 62 EC 63 8D,fuel=0.00
1779166307.334,0x300,8,39 DD 23 1A 4B E2 F5 FC,temp=97.00
1779166307.429,0x100,8,4A F9 E8 A3 A9 3C C3 70,speed=74.00
1779166307.524,0x200,8,C9 00 C9 18 9A 65 2C 4F,fuel=0.00
1779166307.614,0x300,8,39 B2 A6 0A D3 BB 0C D2,temp=97.00
1779166307.708,0x100,8,4A 64 54 92 89 44 5C F0,speed=74.00
1779166307.800,0x200,8,38 00 8F 73 1F A7 07 F8,fuel=0.00
1779166307.892,0x300,8,39 55 36 79 63 20 05 25,temp=97.00
1779166307.993,0x100,8,4A 38 3F D7 6F BB 43 20,speed=74.00
1779166308.079,0x200,8,D7 00 0D 21 74 34 A0 E6,fuel=0.00
1779166308.175,0x300,8,39 8F A3 FD EB 39 36 93,temp=97.00
1779166308.268,0x100,8,4A A9 8D A7 2D 8A CF C2,speed=74.00
1779166308.360,0x200,8,98 00 8A 04 BD 6E 93 D0,fuel=0.00
1779166308.451,0x300,8,39 08 3E 9B CC 54 6D FF,temp=97.00
1779166308.543,0x100,8,4A 7A 45 06 ED C6 10 16,speed=74.00
1779166308.638,0x200,8,DE 00 53 30 52 B7 9D 00,fuel=0.00
1779166308.730,0x300,8,39 02 65 DC C4 10 91 68,temp=97.00
1779166308.824,0x100,8,4A 43 B4 E7 16 7E 00 E6,speed=74.00
1779166308.922,0x200,8,B6 00 20 18 2F 5E 43 07,fuel=0.00
1779166309.011,0x300,8,39 A7 10 39 F6 59 A2 BA,temp=97.00
1779166309.105,0x100,8,4A 63 CE 98 66 BE DB 2E,speed=74.00
1779166309.196,0x200,8,11 00 16 DA 8E EC 22 44,fuel=0.00
1779166309.305,0x300,8,39 CD 66 22 EA D2 58 74,temp=97.00
1779166309.385,0x100,8,4A 32 61 34 88 EA D5 D0,speed=74.00
1779166309.494,0x200,8,3E 00 77 2B 7F AF E0 A1,fuel=0.00
1779166309.585,0x300,8,39 6B CC 69 5E F0 D6 D8,temp=97.00
1779166309.677,0x100,8,4A EA A8 21 79 7D 6F CB,speed=74.00
1779166309.771,0x200,8,3E 00 93 A8 EE 77 9B DB,fuel=0.00
1779166309.866,0x300,8,39 AB FF E4 22 60 6A 68,temp=97.00
1779166309.957,0x100,8,4A 9E E4 3F 1E BA 8B C2,speed=74.00
1779166310.048,0x200,8,12 00 F1 5C 4D 30 DD 7E,fuel=0.00
1779166310.141,0x300,8,39 4C D7 D3 2A 49 30 64,temp=97.00
1779166310.232,0x100,8,4A A2 99 2F 39 51 E0 5D,speed=74.00
1779166310.325,0x200,8,BF 00 21 AA 68 75 AC 8F,fuel=0.00
1779166310.421,0x300,8,39 1A 00 FE 35 C6 89 FB,temp=97.00
1779166310.512,0x100,8,4A EC 36 D3 44 86 18 A6,speed=74.00
1779166310.604,0x200,8,56 00 32 83 17 62 89 4D,fuel=0.00
1779166310.711,0x300,8,39 75 09 B5 64 35 ED 28,temp=97.00
1779166310.790,0x100,8,4A B2 3A 47 C4 AB 3A 84,speed=74.00
1779166310.885,0x200,8,70 00 52 FD 76 96 49 DE,fuel=0.00
1779166310.980,0x300,8,39 1E FF 3E 15 BF FE F2,temp=97.00
1779166311.084,0x100,8,4A 6B 5A 6E FC 2C F5 78,speed=74.00
1779166311.177,0x200,8,C5 00 27 D8 20 A3 81 7E,fuel=0.00
1779166311.271,0x300,8,39 30 44 02 13 42 38 02,temp=97.00
1779166311.364,0x100,8,4A C7 1D BF 03 95 BF 65,speed=74.00
1779166311.458,0x200,8,51 00 2B 44 1B 6A D5 D9,fuel=0.00
1779166311.550,0x300,8,39 D0 A9 C1 63 7B 27 73,temp=97.00
1779166311.643,0x100,8,4A F8 35 C5 2C 0D 2D 39,speed=74.00
1779166311.738,0x200,8,AB 00 CC C5 EC BF AD 54,fuel=0.00
1779166311.830,0x300,8,39 5C C3 6B 01 1A 5C C9,temp=97.00
1779166311.924,0x100,8,4A DA 3D BD 9F BC 4F 03,speed=74.00
1779166312.015,0x200,8,05 00 20 26 CE 43 CF 3F,fuel=0.00
1779166312.108,0x300,8,39 98 C4 8B 98 C7 AD 94,temp=97.00
1779166312.201,0x100,8,4A 6C ED 9E 13 77 DF 5B,speed=74.00
1779166312.294,0x200,8,4F 00 11 98 97 0A 55 E3,fuel=0.00
1779166312.388,0x300,8,39 FF 85 E7 E9 C4 CC CA,temp=97.00
1779166312.483,0x100,8,4A 4C 3C 96 22 69 AE A1,speed=74.00
1779166312.575,0x200,8,3E 00 8C 09 5C 70 C4 42,fuel=0.00
1779166312.666,0x300,8,39 12 57 2D 0E E1 53 86,temp=97.00
1779166312.758,0x100,8,4A 94 41 3A 0A 3D 0C E7,speed=74.00
1779166312.868,0x200,8,F6 00 96 63 8E E8 0D 1E,fuel=0.00
1779166312.961,0x300,8,39 CB C3 78 B5 26 F6 F3,temp=97.00
1779166313.054,0x100,8,4A AB D2 CF 1A 13 A7 D5,speed=74.00
1779166313.147,0x200,8,A7 00 05 D2 49 63 56 66,fuel=0.00
1779166313.241,0x300,8,39 7D 7E 7F AA 50 7A A5,temp=97.00
1779166313.336,0x100,8,4A 8E 32 8B E2 28 A1 86,speed=74.00
1779166313.424,0x200,8,53 00 26 4D 8C 3F 79 BE,fuel=0.00
1779166313.519,0x300,8,39 32 05 CC 67 72 D4 02,temp=97.00
1779166313.612,0x100,8,4A 47 F5 71 09 3E 7D ED,speed=74.00
1779166313.705,0x200,8,2C 00 66 4D 66 05 5D F6,fuel=0.00
1779166313.798,0x300,8,39 FD 1A 34 36 F4 41 F1,temp=97.00
1779166313.891,0x100,8,4A 90 13 2D 76 EC 07 B4,speed=74.00
1779166313.986,0x200,8,62 00 E7 D1 05 DA 6C C2,fuel=0.00
1779166314.078,0x300,8,39 05 8C 1A 99 49 96 D8,temp=97.00
1779166314.174,0x100,8,4A 9E DF 43 11 EB 8C 6F,speed=74.00
1779166314.264,0x200,8,6E 00 CD 5F E0 3C A9 A5,fuel=0.00
1779166314.357,0x300,8,39 38 01 7D AE B3 5C 5D,temp=97.00
1779166314.451,0x100,8,4A 04 3A 2D E2 5C 8A C8,speed=74.00
1779166314.545,0x200,8,17 00 81 F0 6A 75 07 88,fuel=0.00
1779166314.639,0x300,8,39 2D F3 4D 46 A5 DD 84,temp=97.00
1779166314.731,0x100,8,4A 0C 8C 78 FD 65 B8 37,speed=74.00
1779166314.826,0x200,8,94 00 88 52 6C DD 34 32,fuel=0.00
1779166314.922,0x300,8,39 EB 5A C0 C6 8C D7 B5,temp=97.00
1779166315.012,0x100,8,4A 51 74 92 55 37 56 AB,speed=74.00
1779166315.104,0x200,8,92 00 25 7F 6C 80 99 F8,fuel=0.00
1779166315.199,0x300,8,39 10 84 E7 6E E8 3F 32,temp=97.00
1779166315.293,0x100,8,4A 96 20 45 0F 59 9F 4D,speed=74.00
1779166315.387,0x200,8,84 00 24 60 F0 94 A8 1F,fuel=0.00
1779166315.480,0x300,8,39 14 57 E4 B4 67 D3 BD,temp=97.00
1779166315.575,0x100,8,4A 8D D9 35 6C 3B FE 1B,speed=74.00
1779166315.669,0x200,8,4A 00 82 6E DB 0C 46 4C,fuel=0.00
1779166315.762,0x300,8,39 C9 69 76 58 EA 20 4B,temp=97.00
1779166315.855,0x100,8,4A 6F AC 3B 5E 6C 6F 7A,speed=74.00
1779166315.948,0x200,8,8E 00 41 1A 55 70 FC AC,fuel=0.00
1779166316.054,0x300,8,39 9B A3 74 7B 0F FB 26,temp=97.00
1779166316.148,0x100,8,4A 77 3A FC 0B 5F A8 9E,speed=74.00
1779166316.241,0x200,8,53 00 53 A8 0B FD B2 1A,fuel=0.00
1779166316.335,0x300,8,39 02 1B 74 29 E9 F3 52,temp=97.00
1779166316.428,0x100,8,4A C7 3D 7B A0 57 AC 2D,speed=74.00
1779166316.521,0x200,8,41 00 77 02 CB EE AF D4,fuel=0.00
1779166316.613,0x300,8,39 89 FA 98 2E D3 F8 7A,temp=97.00
1779166316.710,0x100,8,4A 4E AB B9 65 F4 3F B6,speed=74.00
1779166316.801,0x200,8,0C 00 1A B0 92 C8 6C 32,fuel=0.00
1779166316.897,0x300,8,39 F1 0A A5 85 DF CE E8,temp=97.00
1779166316.988,0x100,8,4A B2 66 FE 7A 46 93 B3,speed=74.00
1779166317.082,0x200,8,7B 00 2D AB BB C6 90 5B,fuel=0.00
1779166317.177,0x300,8,39 8B 81 1F 24 47 96 95,temp=97.00
1779166317.271,0x100,8,4A D4 00 87 18 C2 FA ED,speed=74.00
1779166317.363,0x200,8,D9 00 A6 7B D6 CE 22 26,fuel=0.00
1779166317.455,0x300,8,39 A7 70 D1 EE 7D 60 CE,temp=97.00
1779166317.548,0x100,8,4A CB 42 FC 42 21 9C E5,speed=74.00
1779166317.642,0x200,8,C1 00 40 3E 92 AA 48 50,fuel=0.00
1779166317.735,0x300,8,39 C5 39 C9 47 D2 38 EC,temp=97.00
1779166317.830,0x100,8,4A C1 36 A1 F0 DC DD D2,speed=74.00
1779166317.923,0x200,8,6D 00 F1 F8 4A 73 19 75,fuel=0.00
1779166318.015,0x300,8,39 57 F0 4B 2E C6 E6 29,temp=97.00
1779166318.109,0x100,8,4A C0 95 EC 9C 9F 09 E0,speed=74.00
1779166318.200,0x200,8,5A 00 3A 56 FF 4D 2A 76,fuel=0.00
1779166318.292,0x300,8,39 B7 9D 39 25 E5 15 8A,temp=97.00
1779166318.384,0x100,8,4A B9 A5 E2 20 23 0B 30,speed=74.00
1779166318.477,0x200,8,82 00 50 60 67 FD 4C E0,fuel=0.00
1779166318.585,0x300,8,39 02 0C D8 31 F2 27 5D,temp=97.00
1779166318.680,0x100,8,4A 1A 8E 16 85 0E 4C 2E,speed=74.00
1779166318.774,0x200,8,3B 00 D9 D3 AD D0 37 44,fuel=0.00
1779166318.868,0x300,8,39 4A 98 8E AC D3 71 47,temp=97.00
1779166318.959,0x100,8,4A 80 06 25 77 CA EC 18,speed=74.00
1779166319.052,0x200,8,AF 00 9C 40 A5 F0 2A 7E,fuel=0.00
1779166319.144,0x300,8,39 3A A5 94 A3 9B CF B5,temp=97.00
1779166319.238,0x100,8,4A 21 4B B5 FF 6E 42 10,speed=74.00
1779166319.332,0x200,8,29 00 99 B1 8A 4D 55 82,fuel=0.00
1779166319.427,0x300,8,39 7E D4 FA 91 53 D8 0D,temp=97.00
1779166319.521,0x100,8,4A A6 11 C1 6F 48 68 ED,speed=74.00
1779166319.613,0x200,8,32 00 B6 3B FC 99 83 4A,fuel=0.00
1779166319.708,0x300,8,39 8F 39 B1 E8 CC BE CC,temp=97.00
1779166319.799,0x100,8,4A BD A9 43 5E 8F C3 97,speed=74.00
1779166319.893,0x200,8,76 00 49 D3 67 64 EC 80,fuel=0.00
1779166319.985,0x300,8,39 9C 1B 7D A6 04 54 71,temp=97.00
1779166320.076,0x100,8,4A C9 95 65 69 9F 51 51,speed=74.00
1779166320.168,0x200,8,18 00 28 30 F8 95 A4 85,fuel=0.00
1779166320.261,0x300,8,39 1B 20 9D DC D9 A0 CA,temp=97.00
1779166320.354,0x100,8,4A B9 D0 21 AA 04 88 16,speed=74.00
1779166320.461,0x200,8,1F 00 79 54 B6 62 03 49,fuel=0.00
1779166320.554,0x300,8,39 0A 3A 7F 83 E0 7D 54,temp=97.00
1779166320.647,0x100,8,4A 61 E7 BD 24 C8 0E 8C,speed=74.00
1779166320.742,0x200,8,31 00 C1 50 B6 15 39 10,fuel=0.00
1779166320.836,0x300,8,39 84 42 E2 D6 7B D4 A3,temp=97.00
1779166320.918,0x100,8,4A E3 F5 4F 92 73 3F 3E,speed=74.00
1779166321.023,0x200,8,7C 00 37 53 B3 2A 06 71,fuel=0.00
1779166321.115,0x300,8,39 38 E3 98 C4 82 05 7D,temp=97.00
1779166321.207,0x100,8,4A 9D 57 28 D8 5A 5A C8,speed=74.00
1779166321.300,0x200,8,50 00 A6 6D 60 AA 89 87,fuel=0.00
1779166321.393,0x300,8,39 29 1A 70 4F CB C1 2D,temp=97.00
1779166321.487,0x100,8,4A 7B 5B 4E 3D 8C FC 38,speed=74.00
1779166321.585,0x200,8,C5 00 E0 50 43 47 2F 34,fuel=0.00
1779166321.678,0x300,8,39 34 40 38 FF 36 54 25,temp=97.00
1779166321.772,0x100,8,4A A2 E0 6F 23 E2 4F D7,speed=74.00
1779166321.865,0x200,8,7C 00 C7 B0 07 3D 21 96,fuel=0.00
1779166321.957,0x300,8,39 94 A5 07 6F AE 93 6D,temp=97.00
1779166322.050,0x100,8,4A 8D 62 6D 45 65 89 01,speed=74.00
1779166322.143,0x200,8,BB 00 22 A6 6E 40 AE 76,fuel=0.00
1779166322.237,0x300,8,39 21 F9 42 9D 2D 78 65,temp=97.00
1779166322.331,0x100,8,4A 63 25 C6 D4 07 28 57,speed=74.00
1779166322.424,0x200,8,0C 00 C0 D6 85 49 B2 CB,fuel=0.00
1779166322.518,0x300,8,39 07 08 28 B4 80 CB 34,temp=97.00
1779166322.613,0x100,8,4A 31 81 22 4E A7 1B 01,speed=74.00
1779166322.704,0x200,8,0E 00 53 DD 8E 0E 85 2B,fuel=0.00
1779166322.800,0x300,8,39 20 AD 80 42 57 4B 19,temp=97.00
1779166322.894,0x100,8,4A 77 29 39 6A D4 24 D2,speed=74.00
1779166322.993,0x200,8,E2 00 BC 02 5C 8D 2A 87,fuel=0.00
1779166323.080,0x300,8,39 CB 98 74 C8 6E 3D 8D,temp=97.00
1779166323.175,0x100,8,4A 23 15 FD 83 0E BD 8C,speed=74.00
1779166323.267,0x200,8,81 00 5C B2 EE 02 93 F7,fuel=0.00
1779166323.360,0x300,8,39 96 7B 43 47 79 5F 6D,temp=97.00
1779166323.454,0x100,8,4A 75 13 3D 08 87 E6 46,speed=74.00
1779166323.548,0x200,8,E0 00 AE 72 DD C3 0F 92,fuel=0.00
1779166323.644,0x300,8,39 3C 0A 5D A6 1A 2E 73,temp=97.00
1779166323.737,0x100,8,4A 53 F3 AB 27 B4 33 24,speed=74.00
1779166323.829,0x200,8,AE 00 0A 44 80 A4 F4 31,fuel=0.00
1779166323.923,0x300,8,39 30 C3 21 FF 50 D0 3F,temp=97.00
1779166324.016,0x100,8,4A 63 C2 38 2E EF 0B C7,speed=74.00
1779166324.110,0x200,8,4F 00 08 D6 9D 15 C7 78,fuel=0.00
1779166324.202,0x300,8,39 49 C4 AB 5D B8 14 4D,temp=97.00
1779166324.295,0x100,8,4A BA 7D 0A 7F 69 81 2A,speed=74.00
1779166324.388,0x200,8,DE 00 EB 2E 98 37 A8 DE,fuel=0.00
1779166324.480,0x300,8,39 95 A7 D9 45 13 BC FB,temp=97.00
1779166324.575,0x100,8,4A 3E 74 77 F9 D0 10 F3,speed=74.00
1779166324.670,0x200,8,19 00 8A EC A3 42 BC D0,fuel=0.00
1779166324.764,0x300,8,39 EE 3F 12 5D 45 99 CE,temp=97.00
1779166324.861,0x100,8,4A 24 DE 3F 6E 80 AF 6D,speed=74.00
1779166324.954,0x200,8,33 00 A0 D1 45 6C 76 54,fuel=0.00
1779166325.045,0x300,8,39 CB FE BA CE 71 E4 CF,temp=97.00
1779166325.143,0x100,8,4A 5D E8 C4 C0 13 5C 9C,speed=74.00
1779166325.234,0x200,8,7D 00 0D 0B B3 18 6A 5D,fuel=0.00
1779166325.327,0x300,8,39 40 B5 90 DD 18 09 EE,temp=97.00
1779166325.420,0x100,8,4A 10 C8 F3 B3 A7 13 EF,speed=74.00
1779166325.515,0x200,8,DD 00 E5 80 F1 F2 DB 96,fuel=0.00
1779166325.608,0x300,8,39 37 53 12 AB A8 80 DD,temp=97.00
1779166325.698,0x100,8,4A C6 D1 C0 F5 D2 C8 43,speed=74.00
1779166325.791,0x200,8,CD 00 5F 64 36 75 24 03,fuel=0.00
1779166325.890,0x300,8,39 88 D8 FB 8F 59 AF 53,temp=97.00
1779166325.981,0x100,8,4A 78 9B 6B 4A 20 18 0E,speed=74.00
1779166326.074,0x200,8,44 00 F9 A6 50 10 00 1E,fuel=0.00
1779166326.166,0x300,8,39 38 32 54 86 84 A4 7F,temp=97.00
1779166326.260,0x100,8,4A 6B 5B 1C 69 00 82 FD,speed=74.00
1779166326.354,0x200,8,07 00 DE 62 7A 03 45 27,fuel=0.00
1779166326.447,0x300,8,39 49 91 7F 8F 3F BD 7D,temp=97.00
1779166326.553,0x100,8,4A FD CE 4D C4 9B 02 72,speed=74.00
1779166326.646,0x200,8,66 00 5F AC 27 6F 62 20,fuel=0.00
1779166326.738,0x300,8,39 30 EF 98 FF FE F3 98,temp=97.00
1779166326.830,0x100,8,4A 8C 86 ED C7 03 95 B5,speed=74.00
1779166326.926,0x200,8,20 00 80 85 E8 C1 2E F8,fuel=0.00
1779166327.016,0x300,8,39 64 02 A8 70 7C 64 80,temp=97.00
1779166327.108,0x100,8,4A 97 F9 A2 DB 22 D8 90,speed=74.00
1779166327.201,0x200,8,F6 00 3A F6 D5 5C 39 F4,fuel=0.00
1779166327.295,0x300,8,39 63 54 C8 4F 10 4A B5,temp=97.00
1779166327.387,0x100,8,4A 50 7A 55 FE 65 9C 2B,speed=74.00
1779166327.482,0x200,8,E9 00 CA A9 7B 65 0D 09,fuel=0.00
1779166327.576,0x300,8,39 AA C6 83 D7 D8 49 01,temp=97.00
1779166327.668,0x100,8,4A 3B 00 86 A1 E0 DA 82,speed=74.00
1779166327.761,0x200,8,F8 00 E9 2A CD 2C 93 7E,fuel=0.00
1779166327.855,0x300,8,39 25 34 39 CD 84 87 20,temp=97.00
1779166327.949,0x100,8,4A F2 CA 19 D8 52 D0 10,speed=74.00
1779166328.054,0x200,8,5B 00 D1 98 FF 31 D8 2C,fuel=0.00
1779166328.147,0x300,8,39 B4 3B 4C 15 D5 C2 F9,temp=97.00
1779166328.241,0x100,8,4A 99 B0 9F 8B CE 1C C2,speed=74.00
1779166328.322,0x200,8,AF 00 76 79 D6 14 48 DD,fuel=0.00
1779166328.428,0x300,8,39 E8 F4 05 B5 21 78 38,temp=97.00
1779166328.508,0x100,8,4A 1D AE FA A1 A9 D3 1B,speed=74.00
1779166328.615,0x200,8,D0 00 6E 0E 6D 0C 19 ED,fuel=0.00
1779166328.708,0x300,8,39 FB 89 6D E0 D3 13 F9,temp=97.00
1779166328.801,0x100,8,4A AF 1B 4E 0C 7A 3E 31,speed=74.00
1779166328.895,0x200,8,6B 00 CE C6 D5 B5 C0 4A,fuel=0.00
1779166328.990,0x300,8,39 7E 09 7A 09 CE 7A 1F,temp=97.00
1779166329.079,0x100,8,4A 29 ED D2 40 75 46 5C,speed=74.00
1779166329.172,0x200,8,8F 00 9C 4D DF 35 A1 A7,fuel=0.00
1779166329.265,0x300,8,39 C5 5A 48 61 64 DF 30,temp=97.00
1779166329.360,0x100,8,4A DE 9D C4 A8 47 01 AF,speed=74.00
1779166329.454,0x200,8,00 00 2C 90 00 04 54 31,fuel=0.00
1779166329.546,0x300,8,39 DB 32 65 DE 0C 71 95,temp=97.00
1779166329.639,0x100,8,4A 27 B9 14 A9 68 96 E8,speed=74.00
1779166329.731,0x200,8,E4 00 44 75 53 F0 46 82,fuel=0.00
1779166329.826,0x300,8,39 A8 0F 77 87 27 42 A2,temp=97.00
1779166329.923,0x100,8,4A 7D DA 15 5D 7D C5 F1,speed=74.00
1779166330.016,0x200,8,B1 00 D5 8E CF B9 32 13,fuel=0.00
1779166330.109,0x300,8,39 1A 1D FE E5 D6 A6 A6,temp=97.00
1779166330.198,0x100,8,4A 06 61 DC 85 E5 E1 13,speed=74.00
1779166330.292,0x200,8,F6 00 DF DF 22 70 2B 5B,fuel=0.00
1779166330.385,0x300,8,39 74 5A 22 D9 6C 88 8D,temp=97.00
1779166330.479,0x100,8,4A 65 5F 63 AC 71 61 D0,speed=74.00
1779166330.573,0x200,8,10 00 B3 C3 B0 D0 AC E3,fuel=0.00
1779166330.666,0x300,8,39 B1 48 86 C1 EF B1 7E,temp=97.00
1779166330.775,0x100,8,4A 39 F7 11 14 A9 AD F5,speed=74.00
1779166330.867,0x200,8,65 00 F3 66 6F 83 C8 61,fuel=0.00
1779166330.961,0x300,8,39 0E 25 53 32 5A B2 8E,temp=97.00
1779166331.052,0x100,8,4A D7 3B FF FF 40 82 64,speed=74.00
1779166331.144,0x200,8,58 00 B6 9D 4F 78 AF 90,fuel=0.00
1779166331.240,0x300,8,39 56 D8 75 F6 5B 02 4B,temp=97.00
1779166331.333,0x100,8,4A 52 99 83 7F 51 E7 DE,speed=74.00
1779166331.424,0x200,8,04 00 EC 03 ED 31 F2 EA,fuel=0.00
1779166331.517,0x300,8,39 D4 DC B5 DF 8D F5 C2,temp=97.00
1779166331.609,0x100,8,4A F2 6D FA 6E 0B 39 4B,speed=74.00
1779166331.702,0x200,8,0E 00 B4 81 87 3E 1E AC,fuel=0.00
1779166331.794,0x300,8,39 AF 64 F7 30 93 6A 1A,temp=97.00
1779166331.889,0x100,8,4A DF A1 AF 9A C1 9B A4,speed=74.00
1779166331.983,0x200,8,BD 00 42 6A E0 AC D7 CA,fuel=0.00
1779166332.076,0x300,8,39 64 41 19 2B A3 0C 0B,temp=97.00
1779166332.169,0x100,8,4A ED 03 16 FA 55 05 AF,speed=74.00
1779166332.262,0x200,8,B4 00 65 C0 7D C1 3C 2D,fuel=0.00
1779166332.356,0x300,8,39 EA F3 1F A9 A2 84 07,temp=97.00
1779166332.448,0x100,8,4A B3 DE BC 68 2A AA 43,speed=74.00
1779166332.542,0x200,8,DC 00 3B 99 88 E5 FD B6,fuel=0.00
1779166332.634,0x300,8,39 FD 8F 44 6C FA 96 5D,temp=97.00
1779166332.728,0x100,8,4A 49 C2 04 A8 16 76 80,speed=74.00
1779166332.822,0x200,8,F1 00 8E 04 DF 5D 55 1A,fuel=0.00
1779166332.917,0x300,8,39 3D 27 D9 DA 1F 52 D2,temp=97.00
1779166333.029,0x100,8,4A 26 EC 9A C3 15 BF 87,speed=74.00
1779166333.124,0x200,8,F5 00 7F 39 FE A3 61 65,fuel=0.00
1779166333.228,0x300,8,39 BF 13 97 C3 21 29 85,temp=97.00
1779166333.307,0x100,8,4A AC DB 85 FB D9 E6 E1,speed=74.00
1779166333.414,0x200,8,60 00 A0 A4 57 4C EF A1,fuel=0.00
1779166333.507,0x300,8,39 FA 9E 59 87 11 79 9B,temp=97.00
1779166333.587,0x100,8,4A F4 99 52 8D 04 F1 A7,speed=74.00
1779166333.680,0x200,8,C6 00 E7 8D 48 9A 42 9C,fuel=0.00
1779166333.774,0x300,8,39 2F 7E 91 53 E1 64 16,temp=97.00
1779166333.883,0x100,8,4A 4F 2F 8B E4 D0 21 1E,speed=74.00
1779166333.965,0x200,8,C8 00 FA 93 86 87 C0 56,fuel=0.00
1779166334.068,0x300,8,39 F4 CB 09 DF 03 C9 82,temp=97.00
1779166334.161,0x100,8,4A F1 5C 8E CB E3 64 66,speed=74.00
1779166334.254,0x200,8,13 00 6A 78 15 B0 DE 20,fuel=0.00
1779166334.347,0x300,8,39 7B B0 D7 56 81 B9 5F,temp=97.00
1779166334.439,0x100,8,4A 3F ED 50 9E DC 02 97,speed=74.00
1779166334.534,0x200,8,66 00 AF C6 85 D0 23 B0,fuel=0.00
1779166334.625,0x300,8,39 54 E0 8C 2F 56 5C BB,temp=97.00
1779166334.717,0x100,8,4A 37 D1 24 07 FC 87 59,speed=74.00
1779166334.814,0x200,8,EB 00 5A 2A 53 E3 06 7F,fuel=0.00
1779166334.905,0x300,8,39 DE 8C 21 6C C0 DE E7,temp=97.00
1779166334.998,0x100,8,4A CD A0 71 5B 6B AB 15,speed=74.00
1779166335.091,0x200,8,C6 00 CF 84 73 6C 14 3A,fuel=0.00
1779166335.186,0x300,8,39 44 28 01 10 F1 DA D3,temp=97.00
1779166335.279,0x100,8,4A 35 15 40 A0 66 95 94,speed=74.00
1779166335.373,0x200,8,39 00 6A E3 8D B0 2A 3D,fuel=0.00
1779166335.465,0x300,8,39 C9 00 B0 BD C7 C4 E6,temp=97.00
1779166335.557,0x100,8,4A F4 4E 8A E2 0D 38 1F,speed=74.00
1779166335.651,0x200,8,DB 00 2D 8A 8D B9 71 38,fuel=0.00
1779166335.745,0x300,8,39 C4 23 16 2F 9A F5 79,temp=97.00
1779166335.838,0x100,8,4A CD CB 0E F1 1C 7F 5F,speed=74.00
1779166335.947,0x200,8,4A 00 6A 48 72 6C 06 D0,fuel=0.00
1779166336.045,0x300,8,39 CF F1 66 BF FE D7 35,temp=97.00
1779166336.129,0x100,8,4A B0 45 2E 07 EE 33 6A,speed=74.00
1779166336.224,0x200,8,5B 00 50 F8 C1 28 27 95,fuel=0.00
1779166336.317,0x300,8,39 59 1F 17 9F 4E 07 21,temp=97.00
1779166336.408,0x100,8,4A 38 6D AB 48 80 86 C3,speed=74.00
1779166336.504,0x200,8,8D 00 85 1B 1A 5C A2 20,fuel=0.00
1779166336.596,0x300,8,39 5D EE F5 49 E4 2A E9,temp=97.00
1779166336.692,0x100,8,4A 9B 74 BE 30 46 80 4B,speed=74.00
1779166336.786,0x200,8,56 00 4D FC 89 BB 1A 64,fuel=0.00
1779166336.879,0x300,8,39 0C FE 46 2C 13 B9 66,temp=97.00
1779166336.973,0x100,8,4A CD F1 AD 72 FA 71 F3,speed=74.00
1779166337.062,0x200,8,E1 00 00 06 52 BE A2 E3,fuel=0.00
1779166337.155,0x300,8,39 C2 75 36 25 24 4A C1,temp=97.00
1779166337.248,0x100,8,4A AF 0C 50 0A 30 0B FC,speed=74.00
1779166337.342,0x200,8,F3 00 3A E2 8A 80 E8 BA,fuel=0.00
1779166337.436,0x300,8,39 AB FD 01 6F 58 48 09,temp=97.00
1779166337.529,0x100,8,4A 67 CF 4B C6 35 50 EB,speed=74.00
1779166337.622,0x200,8,27 00 BD A5 49 7C 86 8A,fuel=0.00
1779166337.716,0x300,8,39 0C 24 84 DC 53 B4 D0,temp=97.00
1779166337.809,0x100,8,4A D0 0B EE 26 0E E5 B4,speed=74.00
1779166337.905,0x200,8,AC 00 14 44 C1 A3 D3 2B,fuel=0.00
1779166338.003,0x300,8,39 1C 72 B9 D4 A3 34 F4,temp=97.00
1779166338.090,0x100,8,4A A2 84 D2 34 05 94 72,speed=74.00
1779166338.183,0x200,8,04 00 E6 33 DB 99 7E 90,fuel=0.00
1779166338.278,0x300,8,39 C9 BD 9B 76 7C FF 5C,temp=97.00
1779166338.369,0x100,8,4A 4C E5 71 99 49 95 1C,speed=74.00
1779166338.462,0x200,8,71 00 9D 1E 0B 80 BD 13,fuel=0.00
1779166338.571,0x300,8,39 75 C8 18 D7 C8 43 A1,temp=97.00
1779166338.663,0x100,8,4A 38 52 6F 9E E7 DD B3,speed=74.00
1779166338.757,0x200,8,22 00 E8 64 BA 57 0A 22,fuel=0.00
1779166338.851,0x300,8,39 F6 90 1D 35 DD 46 32,temp=97.00
1779166338.944,0x100,8,4A 58 56 BD 66 00 80 8B,speed=74.00
1779166339.036,0x200,8,46 00 AA 63 55 D3 8C 4A,fuel=0.00
1779166339.130,0x300,8,39 01 B6 F7 73 6F 1D F3,temp=97.00
1779166339.226,0x100,8,4A 70 E0 30 A2 AA A4 59,speed=74.00
1779166339.317,0x200,8,6E 00 50 3A C1 D5 6E 57,fuel=0.00
1779166339.410,0x300,8,39 81 A2 38 E4 64 7C 09,temp=97.00
1779166339.505,0x100,8,4A 91 9F 22 E5 33 87 35,speed=74.00
1779166339.596,0x200,8,4E 00 A8 D5 25 57 34 D6,fuel=0.00
1779166339.688,0x300,8,39 B5 97 95 FC A3 EE E7,temp=97.00
1779166339.782,0x100,8,4A 39 57 CE 88 39 FA E8,speed=74.00
1779166339.875,0x200,8,4D 00 98 EB BE 7A 80 1E,fuel=0.00
1779166339.974,0x300,8,39 27 7D 5D 5D 99 81 E5,temp=97.00
1779166340.062,0x100,8,4A DE F0 DD 79 A1 61 F8,speed=74.00
1779166340.155,0x200,8,17 00 50 B2 92 95 CC 43,fuel=0.00
1779166340.249,0x300,8,39 8B C4 51 8D 21 15 96,temp=97.00
1779166340.342,0x100,8,4A 72 04 D5 61 73 F7 E8,speed=74.00
1779166340.436,0x200,8,5A 00 B7 1D 69 1C B4 F1,fuel=0.00
1779166340.527,0x300,8,39 23 4F 12 79 8F C4 50,temp=97.00
1779166340.619,0x100,8,4A 92 7D BC 58 EF 72 A2,speed=74.00
1779166340.714,0x200,8,57 00 DC 98 1D 00 5B 34,fuel=0.00
1779166340.805,0x300,8,39 7C EE A9 B3 71 DB 5E,temp=97.00
1779166340.914,0x100,8,4A 6F CA F9 96 2C 8F 7C,speed=74.00
1779166341.006,0x200,8,89 00 33 D4 06 A6 93 BE,fuel=0.00
1779166341.100,0x300,8,39 E0 6A EB 87 DC 94 15,temp=97.00
1779166341.192,0x100,8,4A 1B 1B 27 00 2D 40 6B,speed=74.00
1779166341.287,0x200,8,60 00 ED FF B4 4D 0A 15,fuel=0.00
1779166341.377,0x300,8,39 ED 6C 34 E7 88 2A AC,temp=97.00
1779166341.473,0x100,8,4A F6 6B 75 40 B7 95 D6,speed=74.00
1779166341.557,0x200,8,FD 00 C0 65 39 D6 50 A4,fuel=0.00
1779166341.654,0x300,8,39 9B D2 07 F4 97 5D 90,temp=97.00
1779166341.747,0x100,8,4A 7F 08 F5 64 8D 40 7D,speed=74.00
1779166341.838,0x200,8,02 00 F4 86 68 5A FC D1,fuel=0.00
1779166341.938,0x300,8,39 9C 71 F9 2E EC B0 C6,temp=97.00
1779166342.031,0x100,8,4A 03 6A C8 04 81 42 77,speed=74.00
1779166342.124,0x200,8,C1 00 23 72 AE 1E B8 7C,fuel=0.00
1779166342.221,0x300,8,39 C9 3F D4 2F 3D 6F 62,temp=97.00
1779166342.312,0x100,8,4A F4 82 70 E1 E0 B5 8D,speed=74.00
1779166342.405,0x200,8,B8 00 92 ED 33 4B 7C 50,fuel=0.00
1779166342.498,0x300,8,39 C9 28 3D 47 2B B9 F8,temp=97.00
1779166342.593,0x100,8,4A E5 87 9C 77 B4 E5 E8,speed=74.00
1779166342.686,0x200,8,01 00 2D 69 DF BF 1B A3,fuel=0.00
1779166342.778,0x300,8,39 E5 57 C1 F6 EB 55 15,temp=97.00
1779166342.872,0x100,8,4A 7F 20 4E F7 BD 50 A4,speed=74.00
1779166342.969,0x200,8,B6 00 DD DE BF 33 D0 C0,fuel=0.00
1779166343.057,0x300,8,39 9B 58 7C DF A1 04 17,temp=97.00
1779166343.149,0x100,8,4A 14 53 71 3F E0 81 11,speed=74.00
1779166343.244,0x200,8,77 00 75 20 1C 53 83 69,fuel=0.00
1779166343.344,0x300,8,39 54 64 66 97 C1 E5 B5,temp=97.00
1779166343.433,0x100,8,4A E8 E7 29 A5 B5 EE 56,speed=74.00
1779166343.528,0x200,8,2F 00 C7 3B 80 A7 33 0F,fuel=0.00
1779166343.618,0x300,8,39 10 6A D5 73 16 82 33,temp=97.00
1779166343.727,0x100,8,4A BA 70 FA 37 F9 02 6D,speed=74.00
1779166343.805,0x200,8,D4 00 BD 27 41 ED A1 AE,fuel=0.00
1779166343.904,0x300,8,39 B8 0F 74 A6 FB B5 EF,temp=97.00
1779166343.994,0x100,8,4A 4F 2B AB 63 61 95 9C,speed=74.00
1779166344.102,0x200,8,7F 00 A4 90 48 B2 7D 55,fuel=0.00
1779166344.187,0x300,8,39 DE B4 F6 88 9E 22 E5,temp=97.00
1779166344.287,0x100,8,4A 36 65 DF 14 28 3D 84,speed=74.00
1779166344.382,0x200,8,DE 00 7D 4D E2 99 3D 61,fuel=0.00
1779166344.475,0x300,8,39 7E 70 9D 33 D6 7A 29,temp=97.00
1779166344.568,0x100,8,4A 1A A4 1B 34 2A 1E 81,speed=74.00
1779166344.663,0x200,8,B4 00 95 0E 0B BC B7 72,fuel=0.00
1779166344.754,0x300,8,39 04 A7 EC 66 3E 1D B5,temp=97.00
1779166344.847,0x100,8,4A 99 20 06 BF 38 E9 00,speed=74.00
1779166344.941,0x200,8,4F 00 B6 32 55 B1 AD 96,fuel=0.00
1779166345.032,0x300,8,39 71 55 66 3F AE 05 A3,temp=97.00
1779166345.124,0x100,8,4A 76 AC D4 65 85 6C A6,speed=74.00
1779166345.217,0x200,8,5A 00 85 71 13 C3 44 4C,fuel=0.00
1779166345.311,0x300,8,39 C7 9F F2 05 98 93 A1,temp=97.00
1779166345.402,0x100,8,4A B3 6B 37 C3 47 05 D6,speed=74.00
1779166345.495,0x200,8,CD 00 D4 87 65 2B 20 7C,fuel=0.00
1779166345.589,0x300,8,39 04 16 6B EA E1 59 FE,temp=97.00
1779166345.681,0x100,8,4A 90 36 EC E2 09 8E E7,speed=74.00
1779166345.775,0x200,8,E6 00 14 E8 6E 1F 2E 0B,fuel=0.00
1779166345.884,0x300,8,39 06 93 7F 7C A6 F0 0C,temp=97.00
1779166345.961,0x100,8,4A 8E D3 A9 52 28 37 62,speed=74.00
1779166346.071,0x200,8,93 00 EB DC 05 DC 58 4E,fuel=0.00
1779166346.163,0x300,8,39 2E 23 00 2D 0E EB C3,temp=97.00
1779166346.259,0x100,8,4A F2 C4 8D 99 EC 02 91,speed=74.00
1779166346.350,0x200,8,18 00 9B 0D 4C 5E 37 89,fuel=0.00
1779166346.443,0x300,8,39 DC E2 A8 11 89 C8 9B,temp=97.00
1779166346.535,0x100,8,4A 43 AE AC 46 60 3B BF,speed=74.00
1779166346.629,0x200,8,23 00 11 00 C4 59 59 A5,fuel=0.00
1779166346.721,0x300,8,39 01 12 67 ED 41 67 30,temp=97.00
1779166346.816,0x100,8,4A 5C FD D5 3D 02 A2 17,speed=74.00
1779166346.901,0x200,8,45 00 2E 79 CF ED ED 69,fuel=0.00
1779166346.992,0x300,8,39 23 8E 7F 43 DB 24 E6,temp=97.00
1779166347.088,0x100,8,4A 29 78 6D 3E 50 AE B8,speed=74.00
1779166347.181,0x200,8,14 00 B0 19 1A FF 2E C5,fuel=0.00
1779166347.288,0x300,8,39 8C 74 4D 33 0B C0 C8,temp=97.00
1779166347.381,0x100,8,4A F8 52 C1 A2 95 B9 D2,speed=74.00
1779166347.475,0x200,8,3C 00 8B 29 6D 88 00 A3,fuel=0.00
1779166347.566,0x300,8,39 0F 15 3C BF DF 2A 36,temp=97.00
1779166347.659,0x100,8,4A BD 45 65 94 FA 98 CD,speed=74.00
1779166347.754,0x200,8,D4 00 67 BF CF 8E FC 03,fuel=0.00
1779166347.846,0x300,8,39 DE 38 EC DF EA A2 8A,temp=97.00
1779166347.939,0x100,8,4A DD 92 53 0E C7 85 11,speed=74.00
1779166348.032,0x200,8,CD 00 B0 76 14 F5 EE 48,fuel=0.00
1779166348.126,0x300,8,39 1D CA 91 4B E7 7E C3,temp=97.00
1779166348.218,0x100,8,4A 89 29 32 80 53 A3 45,speed=74.00
1779166348.312,0x200,8,7E 00 40 97 72 F2 9E 67,fuel=0.00
1779166348.404,0x300,8,39 75 A4 3D F1 E4 B4 C5,temp=97.00
1779166348.500,0x100,8,4A 5F 96 6E 20 10 F0 9A,speed=74.00
1779166348.597,0x200,8,86 00 F1 3D 46 F1 D5 26,fuel=0.00
1779166348.686,0x300,8,39 41 E6 3E 5F FE 5A 19,temp=97.00
1779166348.777,0x100,8,4A BF BF 18 14 71 44 FD,speed=74.00
1779166348.872,0x200,8,69 00 80 D0 54 8E 11 A5,fuel=0.00
1779166348.966,0x300,8,39 A3 F7 3F 07 A9 63 44,temp=97.00
1779166349.059,0x100,8,4A 3E 8C A2 B7 F4 4C C4,speed=74.00
1779166349.151,0x200,8,FF 00 8C A0 03 65 AC 18,fuel=0.00
1779166349.246,0x300,8,39 29 1B 6D C5 A1 6A E8,temp=97.00
1779166349.350,0x100,8,4A 82 08 0C 79 AB EA C6,speed=74.00
1779166349.444,0x200,8,77 00 00 1E 22 61 30 5F,fuel=0.00
1779166349.536,0x300,8,39 3D 6B 73 24 32 CE DA,temp=97.00
1779166349.629,0x100,8,4A 61 EF B0 C0 3B 61 E5,speed=74.00
1779166349.726,0x200,8,08 00 C6 66 90 52 AD E2,fuel=0.00
1779166349.819,0x300,8,39 2B C8 FF 62 CF E3 A4,temp=97.00
1779166349.914,0x100,8,4A 83 0B 71 1A F0 A1 95,speed=74.00
1779166350.006,0x200,8,36 00 B8 BA A1 3A 22 E8,fuel=0.00
1779166350.099,0x300,8,39 44 4F 66 44 C2 14 4F,temp=97.00
1779166350.191,0x100,8,4A 5D FB 40 ED 4C CD B5,speed=74.00
1779166350.283,0x200,8,5D 00 6A 62 70 DE 29 EC,fuel=0.00
1779166350.377,0x300,8,39 F4 65 95 E7 D4 5C D3,temp=97.00
1779166350.469,0x100,8,4A E6 8C 02 C7 58 64 2B,speed=74.00
1779166350.562,0x200,8,99 00 C6 9C 2A CD 39 74,fuel=0.00
1779166350.654,0x300,8,39 AA E2 50 D6 1E 97 47,temp=97.00
1779166350.748,0x100,8,4A 20 BF 9A 3C BC B5 1C,speed=74.00
1779166350.839,0x200,8,3E 00 AF 35 9C E6 B7 CD,fuel=0.00
1779166350.939,0x300,8,39 6B 8A 2F DE 33 06 F0,temp=97.00
1779166351.038,0x100,8,4A 82 0A 99 96 15 60 85,speed=74.00
1779166351.132,0x200,8,F3 00 D6 BF 98 9A 54 8F,fuel=0.00
1779166351.216,0x300,8,39 FC DB 93 FD 37 DE F9,temp=97.00
1779166351.318,0x100,8,4A 11 61 E6 EA 5B 93 EF,speed=74.00
1779166351.412,0x200,8,10 00 E8 12 6C 62 18 03,fuel=0.00
1779166351.506,0x300,8,39 21 8F AC E1 E3 C8 54,temp=97.00
1779166351.600,0x100,8,4A 4A 97 12 8D F6 1F 10,speed=74.00
1779166351.692,0x200,8,82 00 09 3A 5F CD 4D 7B,fuel=0.00
1779166351.784,0x300,8,39 02 EA 66 9A DA 4B 7A,temp=97.00
1779166351.881,0x100,8,4A 24 35 57 EB 74 F1 3F,speed=74.00
1779166351.971,0x200,8,25 00 7B 92 15 8B 7F 31,fuel=0.00
1779166352.063,0x300,8,39 FA 7F 01 CA E4 D8 1F,temp=97.00
1779166352.156,0x100,8,4A D5 9A A8 AC 5B 71 25,speed=74.00
1779166352.248,0x200,8,10 00 46 3D BA C1 63 10,fuel=0.00
1779166352.342,0x300,8,39 95 E2 81 10 7E 43 61,temp=97.00
1779166352.437,0x100,8,4A 5F E4 65 DA AF 5B 37,speed=74.00
1779166352.531,0x200,8,98 00 1E 5E A8 7B DC EE,fuel=0.00
1779166352.625,0x300,8,39 CC A1 01 86 56 77 0B,temp=97.00
1779166352.716,0x100,8,4A 83 A0 54 9E 9E 9E B0,speed=74.00
1779166352.809,0x200,8,31 00 1E 62 53 D3 04 56,fuel=0.00
1779166352.903,0x300,8,39 A5 F7 36 41 49 98 3E,temp=97.00
1779166352.996,0x100,8,4A E3 BF 89 36 C7 81 60,speed=74.00
1779166353.090,0x200,8,FD 00 9A 67 A8 A8 37 60,fuel=0.00
1779166353.181,0x300,8,39 41 4C 19 00 04 84 41,temp=97.00
1779166353.276,0x100,8,4A 24 A8 44 6A 79 B3 E6,speed=74.00
1779166353.384,0x200,8,D8 00 59 1D E1 35 8A 3E,fuel=0.00
1779166353.474,0x300,8,39 2C 93 3B 3C F0 33 8E,temp=97.00
1779166353.568,0x100,8,4A E6 F8 A7 8B F4 73 68,speed=74.00
1779166353.661,0x200,8,E8 00 A0 48 1E A3 37 94,fuel=0.00
1779166353.755,0x300,8,39 45 24 79 C5 A6 67 8E,temp=97.00
1779166353.848,0x100,8,4A 03 29 FE 39 E0 1E 62,speed=74.00
1779166353.947,0x200,8,63 00 AF 90 C3 99 DB 9C,fuel=0.00
1779166354.036,0x300,8,39 00 A3 36 5A 9B 17 1B,temp=97.00
1779166354.128,0x100,8,4A 2A 7A A0 75 7A 4B 91,speed=74.00
1779166354.223,0x200,8,C2 00 1F A9 36 6C ED 92,fuel=0.00
1779166354.318,0x300,8,39 31 E4 4B AB 86 05 D5,temp=97.00
1779166354.413,0x100,8,4A 09 DC 10 06 C7 C8 EF,speed=74.00
1779166354.507,0x200,8,72 00 C1 B5 40 F6 73 E5,fuel=0.00
1779166354.599,0x300,8,39 6C F8 48 CA A3 A4 74,temp=97.00
1779166354.693,0x100,8,4A 2F 40 FA 06 DC 72 E0,speed=74.00
1779166354.787,0x200,8,CA 00 45 61 74 7D 5B 27,fuel=0.00
1779166354.885,0x300,8,39 10 53 AF A3 A5 28 16,temp=97.00
1779166354.979,0x100,8,4A 70 AB DE FE 4C ED A1,speed=74.00
1779166355.057,0x200,8,56 00 EA 73 6A 96 2A 9E,fuel=0.00
1779166355.151,0x300,8,39 19 9C A4 87 88 C1 FF,temp=97.00
1779166355.245,0x100,8,4A 54 BD 12 D2 44 E0 C7,speed=74.00
1779166355.338,0x200,8,9A 00 C5 23 14 68 13 14,fuel=0.00
1779166355.432,0x300,8,39 02 A5 27 39 A1 D8 A6,temp=97.00
1779166355.525,0x100,8,4A CE 29 52 A6 69 31 6E,speed=74.00
1779166355.618,0x200,8,82 00 B4 01 24 B5 EB 33,fuel=0.00
1779166355.727,0x300,8,39 DB 01 04 10 A2 6D F1,temp=97.00
1779166355.818,0x100,8,4A 12 C0 3B B2 E7 87 1D,speed=74.00
1779166355.912,0x200,8,90 00 6C 1E 65 68 2F 3F,fuel=0.00
1779166356.005,0x300,8,39 A2 A2 43 C3 3C C1 5E,temp=97.00
1779166356.096,0x100,8,4A 04 5B 15 27 8C DA A9,speed=74.00
1779166356.187,0x200,8,A6 00 7D 46 42 46 E9 7C,fuel=0.00
1779166356.280,0x300,8,39 6F 86 F6 BE 70 D5 62,temp=97.00
1779166356.373,0x100,8,4A 27 3F C8 08 B7 0F 9C,speed=74.00
1779166356.467,0x200,8,10 00 0A 98 1E C6 C5 64,fuel=0.00
1779166356.562,0x300,8,39 4B C0 0E 80 E6 09 6A,temp=97.00
1779166356.655,0x100,8,4A 30 82 9D 0E 1D 39 73,speed=74.00
1779166356.748,0x200,8,11 00 3D AC 54 3F 85 37,fuel=0.00
1779166356.842,0x300,8,39 83 C7 E6 ED 7F 39 2C,temp=97.00
1779166356.939,0x100,8,4A B4 F0 5D 7E C5 D1 2E,speed=74.00
1779166357.030,0x200,8,E9 00 57 0F 61 E3 FF CB,fuel=0.00
1779166357.120,0x300,8,39 E6 67 F5 DB F9 81 63,temp=97.00
1779166357.214,0x100,8,4A CF 98 17 28 E7 64 9E,speed=74.00
1779166357.307,0x200,8,2A 00 32 28 F0 06 AA 2F,fuel=0.00
1779166357.402,0x300,8,39 7D 66 79 DD BF 19 86,temp=97.00
1779166357.499,0x100,8,4A 74 69 F5 28 2E 74 A5,speed=74.00
1779166357.592,0x200,8,43 00 43 C1 22 05 2D D1,fuel=0.00
1779166357.684,0x300,8,39 CC 93 E1 EB C0 45 0C,temp=97.00
1779166357.778,0x100,8,4A C7 66 CD ED 5C D6 ED,speed=74.00
1779166357.871,0x200,8,F5 00 34 74 C0 6B A8 F3,fuel=0.00
1779166357.965,0x300,8,39 B3 07 E8 46 86 27 E5,temp=97.00
1779166358.058,0x100,8,4A 84 C5 BD 39 EC 38 3E,speed=74.00
1779166358.155,0x200,8,1C 00 74 95 3E 60 00 B0,fuel=0.00
1779166358.248,0x300,8,39 38 39 3A BC 2F 19 D1,temp=97.00
1779166358.343,0x100,8,4A 2E 57 FF 96 FE 86 FE,speed=74.00
1779166358.434,0x200,8,48 00 09 C7 9C 29 06 41,fuel=0.00
1779166358.528,0x300,8,39 CB 91 78 D4 25 91 D7,temp=97.00
1779166358.626,0x100,8,4A DE 7E F6 E7 D2 54 DB,speed=74.00
1779166358.714,0x200,8,CF 00 48 8F EF 69 85 09,fuel=0.00
1779166358.807,0x300,8,39 A3 C5 91 1B 73 D9 A3,temp=97.00
1779166358.901,0x100,8,4A A8 04 2F 52 1B A7 29,speed=74.00
1779166358.997,0x200,8,40 00 75 74 25 E4 FB B3,fuel=0.00
1779166359.089,0x300,8,39 F8 71 B1 7A 0A 7F 1D,temp=97.00
1779166359.194,0x100,8,4A 27 05 75 59 B6 CE A4,speed=74.00
1779166359.290,0x200,8,47 00 23 68 C4 B0 2F FB,fuel=0.00
1779166359.368,0x300,8,39 0C 89 6E 62 22 69 AC,temp=97.00
1779166359.462,0x100,8,4A 6D EC D8 63 07 B0 AD,speed=74.00
1779166359.569,0x200,8,89 00 60 AA 25 81 61 60,fuel=0.00
1779166359.663,0x300,8,39 09 B8 5F E0 6E 7A 13,temp=97.00
1779166359.757,0x100,8,4A 79 AC 8A DF A0 4F 41,speed=74.00
1779166359.852,0x200,8,C1 00 37 20 10 AD 55 5F,fuel=0.00
1779166359.946,0x300,8,39 10 39 52 33 C7 58 7F,temp=97.00
1779166360.038,0x100,8,4A 03 1F EC D3 4F EB 55,speed=74.00
1779166360.131,0x200,8,DD 00 BC 82 CC 8E A4 F6,fuel=0.00
1779166360.225,0x300,8,39 E7 B8 D0 4C A5 13 29,temp=97.00
1779166360.305,0x100,8,4A 82 EB E9 BB CF B5 5A,speed=74.00
1779166360.400,0x200,8,52 00 07 34 CD D6 7C E4,fuel=0.00
1779166360.495,0x300,8,39 24 7D 02 1C 4A 3A ED,temp=97.00
1779166360.602,0x100,8,4A D7 F9 50 3B 79 A9 0C,speed=74.00
1779166360.695,0x200,8,63 00 1E F8 05 02 23 63,fuel=0.00
1779166360.788,0x300,8,39 D5 5C 47 85 74 55 18,temp=97.00
1779166360.882,0x100,8,4A 93 EA AF 3D A9 3F 09,speed=74.00
1779166360.975,0x200,8,FB 00 D8 50 03 A6 E6 C3,fuel=0.00
1779166361.069,0x300,8,39 EB 31 E5 92 B5 91 3E,temp=97.00
1779166361.161,0x100,8,4A DB A9 4E 2C 58 C3 D4,speed=74.00
1779166361.254,0x200,8,41 00 3F 20 09 F7 AD 4F,fuel=0.00
1779166361.348,0x300,8,39 E2 49 0A 53 95 32 40,temp=97.00
1779166361.441,0x100,8,4A 5E ED 62 74 A5 3D A9,speed=74.00
1779166361.534,0x200,8,B2 00 E9 05 D5 82 AF CB,fuel=0.00
1779166361.628,0x300,8,39 8E F8 66 59 3F A0 5A,temp=97.00
1779166361.719,0x100,8,4A F9 D3 C2 27 7E B5 BD,speed=74.00
1779166361.812,0x200,8,DD 00 2E C6 5D B5 70 CC,fuel=0.00
1779166361.905,0x300,8,39 B9 D3 28 55 6E 5F D7,temp=97.00
1779166361.997,0x100,8,4A FB CC 45 F8 08 81 CE,speed=74.00
1779166362.089,0x200,8,66 00 9A C3 B7 CD 17 5D,fuel=0.00
1779166362.183,0x300,8,39 41 39 BE 7F A4 D9 5B,temp=97.00
1779166362.277,0x100,8,4A 36 C8 72 BD B7 AC 60,speed=74.00
1779166362.378,0x200,8,D7 00 92 A3 A9 04 2C 67,fuel=0.00
1779166362.464,0x300,8,39 64 CE B4 B7 3F 24 EE,temp=97.00
1779166362.555,0x100,8,4A 35 8D CC 06 48 D5 54,speed=74.00
1779166362.665,0x200,8,3F 00 02 C3 A7 B6 3B 54,fuel=0.00
1779166362.773,0x300,8,39 A6 1B 13 11 56 F0 71,temp=97.00
1779166362.866,0x100,8,4A 4D FF C1 36 FD 91 65,speed=74.00
1779166362.964,0x200,8,46 00 9D 2A 0F 8D 48 AE,fuel=0.00
1779166363.040,0x300,8,39 AB 99 92 3C 92 B5 6A,temp=97.00
1779166363.148,0x100,8,4A FA A6 9E D7 FC D1 88,speed=74.00
1779166363.240,0x200,8,2F 00 A5 B6 CA 46 10 A1,fuel=0.00
1779166363.334,0x300,8,39 FF 1D C5 BA 28 09 B8,temp=97.00
1779166363.428,0x100,8,4A 2D 7D FB DA 5B 4C 3D,speed=74.00
1779166363.521,0x200,8,38 00 D1 20 A6 99 DF 8C,fuel=0.00
1779166363.611,0x300,8,39 A3 CD 22 1B 30 70 BA,temp=97.00
1779166363.705,0x100,8,4A 1C 32 13 3B 0F FD 05,speed=74.00
1779166363.799,0x200,8,41 00 FA F2 0F 8E BB 57,fuel=0.00
1779166363.893,0x300,8,39 38 04 95 88 AD 7B 9A,temp=97.00
1779166363.989,0x100,8,4A F8 F3 28 7B 3A D5 98,speed=74.00
1779166364.080,0x200,8,17 00 2A 69 E7 EA C9 11,fuel=0.00
1779166364.171,0x300,8,39 0C 46 B1 07 95 7E 90,temp=97.00
1779166364.264,0x100,8,4A 30 03 7E 81 0A 89 96,speed=74.00
1779166364.357,0x200,8,80 00 CC FA 55 75 BB 48,fuel=0.00
1779166364.451,0x300,8,39 B2 62 6C 4A 7E E7 87,temp=97.00
1779166364.543,0x100,8,4A D8 BD 14 91 F0 93 5A,speed=74.00
1779166364.636,0x200,8,DB 00 07 82 AE 8C 05 02,fuel=0.00
1779166364.730,0x300,8,39 E7 AD FB 48 D9 76 93,temp=97.00
1779166364.822,0x100,8,4A 8F 52 70 46 5C 66 54,speed=74.00
1779166364.916,0x200,8,BE 00 15 4E 51 B3 01 E9,fuel=0.00
1779166365.009,0x300,8,39 F5 22 EF 73 A6 72 BA,temp=97.00
1779166365.119,0x100,8,4A 1A 18 DE D0 92 CA EB,speed=74.00
1779166365.213,0x200,8,70 00 52 77 EA C5 27 FC,fuel=0.00
1779166365.304,0x300,8,39 A4 12 CD 00 78 AD 9F,temp=97.00
1779166365.401,0x100,8,4A 3A 6C D7 D4 9E 26 25,speed=74.00
1779166365.480,0x200,8,74 00 C6 8A FB 3D AD EB,fuel=0.00
1779166365.584,0x300,8,39 BC 64 0F EB E6 C5 D7,temp=97.00
1779166365.678,0x100,8,4A DD 43 75 5C 27 F1 4D,speed=74.00
1779166365.774,0x200,8,61 00 BA C2 28 EC A7 28,fuel=0.00
1779166365.864,0x300,8,39 32 E6 55 2A 17 2F 95,temp=97.00
1779166365.956,0x100,8,4A 82 45 B5 4F FE 61 23,speed=74.00
1779166366.052,0x200,8,4F 00 38 97 E3 39 60 55,fuel=0.00
1779166366.145,0x300,8,39 61 F5 8B 31 3B 4A 90,temp=97.00
1779166366.239,0x100,8,4A A9 46 2C C6 CF 3E 15,speed=74.00
1779166366.332,0x200,8,A7 00 10 B6 FF 3A 4D 3F,fuel=0.00
1779166366.427,0x300,8,39 70 DE 81 20 9A 90 98,temp=97.00
1779166366.520,0x100,8,4A B7 DC 64 92 89 13 EA,speed=74.00
1779166366.611,0x200,8,02 00 C3 CC 52 B7 61 28,fuel=0.00
1779166366.703,0x300,8,39 34 6B DC A0 CF 78 81,temp=97.00
1779166366.798,0x100,8,4A 4F F9 AA 56 81 11 93,speed=74.00
1779166366.892,0x200,8,EC 00 09 44 84 CC BA 91,fuel=0.00
1779166366.985,0x300,8,39 49 35 40 58 7C B6 CD,temp=97.00
1779166367.076,0x100,8,4A 55 97 4D EC 4E 95 DE,speed=74.00
1779166367.170,0x200,8,1F 00 E1 B9 14 4E B3 6C,fuel=0.00
1779166367.265,0x300,8,39 EF CE BE CB 04 D4 2D,temp=97.00
1779166367.358,0x100,8,4A D1 59 68 88 80 43 A8,speed=74.00
1779166367.448,0x200,8,D5 00 18 50 BF D1 47 3D,fuel=0.00
1779166367.545,0x300,8,39 EF 36 5E 27 37 B6 71,temp=97.00
1779166367.635,0x100,8,4A 8D 09 17 92 55 AD 22,speed=74.00
1779166367.728,0x200,8,4C 00 2F 90 9D 1C 87 D6,fuel=0.00
1779166367.822,0x300,8,39 A0 8D CF 6D D8 85 C9,temp=97.00
1779166367.917,0x100,8,4A 67 A2 9B D2 0F 6C 35,speed=74.00
1779166368.010,0x200,8,2B 00 28 4E E7 13 4C 71,fuel=0.00
1779166368.105,0x300,8,39 CA 4F 39 55 D2 79 4F,temp=97.00
1779166368.201,0x100,8,4A F8 5F DF B3 B4 13 8F,speed=74.00
1779166368.296,0x200,8,A7 00 C1 DD 47 0E F9 AD,fuel=0.00
1779166368.388,0x300,8,39 B6 6D DA 0A 5F 87 9D,temp=97.00
1779166368.484,0x100,8,4A 48 9C E7 51 B8 20 AC,speed=74.00
1779166368.574,0x200,8,04 00 4B 89 20 2A 13 6C,fuel=0.00
1779166368.669,0x300,8,39 ED 47 F7 E4 9B 02 C6,temp=97.00
1779166368.759,0x100,8,4A 51 B9 03 9B 0D DE 8B,speed=74.00
1779166368.853,0x200,8,29 00 E3 4A C8 AF 7C D6,fuel=0.00
1779166368.961,0x300,8,39 A6 BC 42 98 AD DB BC,temp=97.00
1779166369.052,0x100,8,4A BC 04 8B C6 72 1B F3,speed=74.00
1779166369.146,0x200,8,49 00 35 B3 8A D7 72 29,fuel=0.00
1779166369.238,0x300,8,39 94 09 71 7B 5A A3 CE,temp=97.00
1779166369.333,0x100,8,4A 5D E5 71 24 5A 1E FD,speed=74.00
1779166369.425,0x200,8,8B 00 43 20 C8 91 AD 0C,fuel=0.00
1779166369.521,0x300,8,39 95 59 B7 6E 52 B3 A4,temp=97.00
1779166369.614,0x100,8,4A 24 C4 1B CD EE F2 38,speed=74.00
1779166369.707,0x200,8,E4 00 8B 06 A2 EF 3E DA,fuel=0.00
1779166369.799,0x300,8,39 1A 8C 94 BC 0C 84 B8,temp=97.00
1779166369.898,0x100,8,4A F0 31 34 84 B5 0B 97,speed=74.00
1779166369.979,0x200,8,70 00 95 A3 30 3C EC 31,fuel=0.00
1779166370.081,0x300,8,39 93 26 7F 3B ED 44 47,temp=97.00
1779166370.174,0x100,8,4A 78 6B 36 3B DA 32 41,speed=74.00
1779166370.267,0x200,8,86 00 BF 96 2D 02 30 7D,fuel=0.00
1779166370.359,0x300,8,39 AE AF B8 D6 E6 57 41,temp=97.00
1779166370.453,0x100,8,4A C6 B6 BC 0B 69 EA FF,speed=74.00
1779166370.545,0x200,8,FB 00 EE 95 17 F2 AD B6,fuel=0.00
1779166370.638,0x300,8,39 B3 AC C1 F0 A6 59 2E,temp=97.00
1779166370.731,0x100,8,4A 4D A9 8B 3B 63 E0 E2,speed=74.00
1779166370.824,0x200,8,62 00 DC 4E FB 13 CE D3,fuel=0.00
1779166370.919,0x300,8,39 A2 D3 9A 8D 47 B5 6D,temp=97.00
1779166371.010,0x100,8,4A F5 F3 E2 F2 BD AC E7,speed=74.00
1779166371.103,0x200,8,6D 00 05 18 FC 32 AC E7,fuel=0.00
1779166371.211,0x300,8,39 75 83 33 28 FD 09 27,temp=97.00
1779166371.302,0x100,8,4A 98 41 32 94 2C 4D E4,speed=74.00
1779166371.396,0x200,8,51 00 4D A0 1F D0 C5 5E,fuel=0.00
1779166371.487,0x300,8,39 AE 43 C9 7F 68 67 4D,temp=97.00
1779166371.581,0x100,8,4A C8 17 41 59 7D 67 D0,speed=74.00
1779166371.674,0x200,8,83 00 60 C2 3C 5C BD 3F,fuel=0.00
1779166371.767,0x300,8,39 BD 85 CD E2 AC FD 34,temp=97.00
1779166371.861,0x100,8,4A 2F 60 DC 55 E4 45 F3,speed=74.00
1779166371.957,0x200,8,44 00 4F 5E AC 31 B9 4B,fuel=0.00
1779166372.048,0x300,8,39 69 30 9B 6E 1D CC 05,temp=97.00
1779166372.140,0x100,8,4A 36 F4 C7 E6 33 AD F9,speed=74.00
1779166372.235,0x200,8,88 00 A5 13 48 25 0E 6B,fuel=0.00
1779166372.326,0x300,8,39 A1 93 0D E6 13 0E 40,temp=97.00
1779166372.421,0x100,8,4A 94 63 16 BA 8A 81 A7,speed=74.00
1779166372.515,0x200,8,3C 00 A3 90 1C 46 5D 7B,fuel=0.00
1779166372.608,0x300,8,39 54 7B DB 52 15 9A 4E,temp=97.00
1779166372.702,0x100,8,4A 51 A6 CA 75 6B 44 F5,speed=74.00
1779166372.794,0x200,8,06 00 BF 1D D8 03 B9 A4,fuel=0.00
1779166372.888,0x300,8,39 54 74 DA 66 F9 76 50,temp=97.00
1779166372.982,0x100,8,4A B5 B3 9D B2 5E AF 2E,speed=74.00
1779166373.073,0x200,8,E3 00 68 E5 39 6D 73 B4,fuel=0.00
1779166373.165,0x300,8,39 03 18 9F 50 B9 CD 65,temp=97.00
1779166373.274,0x100,8,4A CB 65 81 53 B4 9D AB,speed=74.00
1779166373.367,0x200,8,B8 00 3F F7 5E 53 A8 F3,fuel=0.00
1779166373.458,0x300,8,39 55 B4 D8 1C E3 D0 D5,temp=97.00
1779166373.553,0x100,8,4A 4A E0 BA 22 66 E3 EA,speed=74.00
1779166373.644,0x200,8,67 00 4F 07 F1 98 BB DC,fuel=0.00
1779166373.737,0x300,8,39 F7 F8 DC EA 55 AC 0E,temp=97.00
1779166373.832,0x100,8,4A 3E 7B 4B 37 B8 63 36,speed=74.00
1779166373.927,0x200,8,80 00 EB 1D 98 E7 FB 36,fuel=0.00
1779166374.020,0x300,8,39 C1 7A B5 F7 FE 76 3F,temp=97.00
1779166374.113,0x100,8,4A 53 37 5A 2D 5A 56 60,speed=74.00
1779166374.205,0x200,8,B4 00 D8 86 BC 57 AF 50,fuel=0.00
1779166374.299,0x300,8,39 5E 3E D1 1B 1E B7 28,temp=97.00
1779166374.391,0x100,8,4A 71 F4 95 3F F6 8C 59,speed=74.00
1779166374.483,0x200,8,AD 00 F2 09 82 43 A1 00,fuel=0.00
1779166374.578,0x300,8,39 F5 F8 B4 F7 AD 60 02,temp=97.00
1779166374.668,0x100,8,4A 57 8B 67 E7 7F 02 80,speed=74.00
1779166374.762,0x200,8,8E 00 50 4A 5A 88 B0 2C,fuel=0.00
1779166374.856,0x300,8,39 E8 FB C5 1A 35 AE 28,temp=97.00
1779166374.951,0x100,8,4A 3F 80 4D 86 A1 A6 9C,speed=74.00
1779166375.043,0x200,8,C0 00 BE 3F 2C 71 73 0A,fuel=0.00
1779166375.136,0x300,8,39 95 54 A1 97 9A 38 85,temp=97.00
1779166375.230,0x100,8,4A BC 06 12 73 E6 0B 13,speed=74.00
1779166375.323,0x200,8,34 00 06 78 DA B1 4D A5,fuel=0.00
1779166375.416,0x300,8,39 4A EB B7 3B DE 75 F4,temp=97.00
1779166375.523,0x100,8,4A CE 26 15 68 4E C9 0B,speed=74.00
1779166375.618,0x200,8,8C 00 3D AB 5E E5 FA A7,fuel=0.00
1779166375.709,0x300,8,39 97 E4 1C 14 D4 84 CA,temp=97.00
1779166375.803,0x100,8,4A 88 8A D2 CD A8 DB 0C,speed=74.00
1779166375.894,0x200,8,97 00 8F 60 79 B0 D8 58,fuel=0.00
1779166375.990,0x300,8,39 7B 02 D8 11 EC 5F EC,temp=97.00
1779166376.084,0x100,8,4A 1A C1 8B 68 B8 70 7D,speed=74.00
1779166376.177,0x200,8,96 00 7E A8 FD C1 B3 76,fuel=0.00
1779166376.273,0x300,8,39 97 6A E9 81 75 61 3D,temp=97.00
1779166376.366,0x100,8,4A 72 AB 1A E2 C4 14 1D,speed=74.00
1779166376.459,0x200,8,63 00 35 BC B4 4E D6 EF,fuel=0.00
1779166376.553,0x300,8,39 BB 17 72 4F 59 C9 9C,temp=97.00
1779166376.648,0x100,8,4A 73 A3 0E 2F 45 D4 0B,speed=74.00
1779166376.739,0x200,8,96 00 03 D7 16 1D 49 A1,fuel=0.00
1779166376.833,0x300,8,39 FB 94 38 81 75 03 4D,temp=97.00
1779166376.927,0x100,8,4A 66 AB 51 58 18 19 26,speed=74.00
1779166377.019,0x200,8,D9 00 45 C8 74 47 4C 28,fuel=0.00
1779166377.111,0x300,8,39 0F 79 61 3F D4 8C 4C,temp=97.00
1779166377.205,0x100,8,4A D6 1A 17 65 30 32 98,speed=74.00
1779166377.298,0x200,8,EE 00 83 A7 2D A9 FB 78,fuel=0.00
1779166377.390,0x300,8,39 5F 7D DE D4 B5 8A 94,temp=97.00
1779166377.484,0x100,8,4A BF 1C FB 12 31 51 8A,speed=74.00
1779166377.576,0x200,8,B4 00 93 D8 FE 6A 4B 7A,fuel=0.00
1779166377.668,0x300,8,39 6C 4A AE 0C 23 B0 18,temp=97.00
1779166377.762,0x100,8,4A F1 9C 73 7D 5E 7C 0A,speed=74.00
1779166377.855,0x200,8,EF 00 B5 6A 15 16 26 52,fuel=0.00
1779166377.950,0x300,8,39 B2 0B 59 4B 6A FE 10,temp=97.00
1779166378.042,0x100,8,4A 67 41 45 EA 37 80 50,speed=74.00
1779166378.135,0x200,8,69 00 00 49 7D 81 C2 B8,fuel=0.00
1779166378.229,0x300,8,39 06 D7 38 77 93 1D 9C,temp=97.00
1779166378.322,0x100,8,4A 2E 53 24 ED 84 FC B3,speed=74.00
1779166378.417,0x200,8,7B 00 36 A7 64 8E F0 2F,fuel=0.00
1779166378.508,0x300,8,39 B5 69 A7 0D 3E 75 83,temp=97.00
1779166378.617,0x100,8,4A EF DF 7A 55 93 6C C9,speed=74.00
1779166378.710,0x200,8,AC 00 92 71 BC DF 76 00,fuel=0.00
1779166378.802,0x300,8,39 68 E0 A6 C3 2F EA DB,temp=97.00
1779166378.895,0x100,8,4A 14 D3 2B 3A 95 EA 19,speed=74.00
1779166378.988,0x200,8,90 00 04 AB 9C BA 1E 62,fuel=0.00
1779166379.082,0x300,8,39 0F 07 9D EF F4 56 0C,temp=97.00
1779166379.176,0x100,8,4A B6 26 6C 18 B5 2E C2,speed=74.00
1779166379.271,0x200,8,32 00 12 9A 2C 39 05 FB,fuel=0.00
1779166379.365,0x300,8,39 03 5B 85 F5 75 D6 DC,temp=97.00
1779166379.457,0x100,8,4A B1 6C 4B 20 F8 49 30,speed=74.00
1779166379.549,0x200,8,FA 00 1F E6 B2 43 1C C6,fuel=0.00
1779166379.637,0x300,8,39 74 E0 2F B2 91 68 71,temp=97.00
1779166379.729,0x100,8,4A A1 2F 48 B7 06 5C 64,speed=74.00
1779166379.824,0x200,8,60 00 61 D6 15 84 6B 08,fuel=0.00
1779166379.920,0x300,8,39 27 AD 60 E3 4E 52 CD,temp=97.00
1779166380.010,0x100,8,4A AD 1C AE 6C 1C A4 38,speed=74.00
1779166380.103,0x200,8,87 00 36 BA E8 03 35 13,fuel=0.00
1779166380.198,0x300,8,39 38 A0 1F 79 86 86 33,temp=97.00
1779166380.304,0x100,8,4A 37 1D 56 87 D4 98 3D,speed=74.00
1779166380.384,0x200,8,37 00 E5 FA 3D 9C A4 5A,fuel=0.00
1779166380.477,0x300,8,39 DA 05 4E 3F 28 55 C3,temp=97.00
1779166380.584,0x100,8,4A 8B 4C F9 5E 97 6F 60,speed=74.00
1779166380.678,0x200,8,5A 00 E8 4F 0E 03 7C 15,fuel=0.00
1779166380.760,0x300,8,39 B1 7A FF 77 02 7C 3E,temp=97.00
1779166380.866,0x100,8,4A 49 15 CD BE A7 B0 A4,speed=74.00
1779166380.960,0x200,8,88 00 B1 63 00 49 81 40,fuel=0.00
1779166381.051,0x300,8,39 3E 4C 49 A3 91 5F 30,temp=97.00
1779166381.142,0x100,8,4A 47 43 4D A3 64 11 E7,speed=74.00
1779166381.235,0x200,8,CD 00 20 85 3F 98 AB 12,fuel=0.00
1779166381.328,0x300,8,39 C0 53 FC 81 5E C0 56,temp=97.00
1779166381.422,0x100,8,4A 04 22 FC AD FA AB 60,speed=74.00
1779166381.517,0x200,8,69 00 0E AB 0B 6C 4C 8D,fuel=0.00
1779166381.610,0x300,8,39 44 D1 1A 6C 8A E1 B9,temp=97.00
1779166381.702,0x100,8,4A F1 3D 8A 48 8C F8 DF,speed=74.00
1779166381.795,0x200,8,DF 00 F0 37 71 1F 25 4B,fuel=0.00
1779166381.888,0x300,8,39 5A D4 D4 C9 11 7D 99,temp=97.00
1779166381.986,0x100,8,4A 5F FC 48 C7 7B 2D 79,speed=74.00
1779166382.074,0x200,8,61 00 01 D6 DD B5 01 ED,fuel=0.00
1779166382.166,0x300,8,39 56 84 C1 48 9E C0 44,temp=97.00
1779166382.259,0x100,8,4A 06 50 A0 FB 16 87 62,speed=74.00
1779166382.368,0x200,8,F7 00 5B 21 E3 68 F0 18,fuel=0.00
1779166382.461,0x300,8,39 0C 04 B7 64 44 FB 32,temp=97.00
1779166382.555,0x100,8,4A 9B 28 81 4A 0E 29 B9,speed=74.00
1779166382.647,0x200,8,3B 00 9C 6F 22 02 94 79,fuel=0.00
1779166382.741,0x300,8,39 7B 94 DC 4F D9 38 EB,temp=97.00
1779166382.835,0x100,8,4A 08 4C BD 4E 7B 31 1C,speed=74.00
1779166382.915,0x200,8,C3 00 EF 44 25 D0 2C 93,fuel=0.00
1779166383.009,0x300,8,39 2E 0D 0B ED F6 C8 35,temp=97.00
1779166383.116,0x100,8,4A AF 67 3D 63 83 22 AD,speed=74.00
1779166383.211,0x200,8,3D 00 47 69 42 C4 C4 83,fuel=0.00
1779166383.289,0x300,8,39 EC D3 88 C2 C1 91 A1,temp=97.00
1779166383.398,0x100,8,4A 30 F5 76 E2 81 9F 1A,speed=74.00
1779166383.491,0x200,8,6D 00 AA 84 E5 0E FB 17,fuel=0.00
1779166383.584,0x300,8,39 7D E5 9E C1 BB 47 BA,temp=97.00
1779166383.678,0x100,8,4A 07 4E CE CC 60 13 A0,speed=74.00
1779166383.769,0x200,8,E2 00 C4 4A 9A 9B 09 C3,fuel=0.00
1779166383.863,0x300,8,39 D2 F6 56 78 EB 7D 15,temp=97.00
1779166383.962,0x100,8,4A 60 38 14 B5 59 74 E6,speed=74.00
1779166384.053,0x200,8,0A 00 52 D8 BB EE 33 D1,fuel=0.00
1779166384.144,0x300,8,39 FC E8 48 29 ED E5 51,temp=97.00
1779166384.238,0x100,8,4A C7 39 EB C1 AB EA 12,speed=74.00
1779166384.332,0x200,8,E8 00 2E 1E 6D 90 9B 60,fuel=0.00
1779166384.426,0x300,8,39 32 6A 7D C2 32 24 FA,temp=97.00
1779166384.513,0x100,8,4A 27 05 D6 77 ED C5 2A,speed=74.00
1779166384.606,0x200,8,F1 00 A5 79 1C FD AF 63,fuel=0.00
1779166384.701,0x300,8,39 1F 02 D8 26 8B 67 42,temp=97.00
1779166384.794,0x100,8,4A 4F 3D 03 BC 9B 73 7A,speed=74.00
1779166384.888,0x200,8,6A 00 06 CB 8D 3E 38 88,fuel=0.00
1779166384.982,0x300,8,39 00 96 F9 34 49 51 5C,temp=97.00
1779166385.072,0x100,8,4A 9F 30 56 64 E5 F8 79,speed=74.00
1779166385.180,0x200,8,17 00 7C 0C E4 E2 AF E9,fuel=0.00
1779166385.260,0x300,8,39 A3 DD CF B5 96 D4 C9,temp=97.00
1779166385.367,0x100,8,4A 82 00 58 0F FB BA 31,speed=74.00
1779166385.460,0x200,8,53 00 DB DF D7 35 85 4C,fuel=0.00
1779166385.553,0x300,8,39 1D F3 50 47 E5 F6 1F,temp=97.00
1779166385.645,0x100,8,4A 53 59 A2 06 39 06 63,speed=74.00
1779166385.737,0x200,8,2F 00 08 65 F6 23 5B 9D,fuel=0.00
1779166385.832,0x300,8,39 E9 49 B2 E1 43 64 1E,temp=97.00
1779166385.943,0x100,8,4A 06 5A 03 90 96 B3 60,speed=74.00
1779166386.010,0x200,8,B9 00 F9 FF 1E 80 F4 9C,fuel=0.00
1779166386.105,0x300,8,39 A8 0E B4 38 04 70 9A,temp=97.00
1779166386.197,0x100,8,4A 6A EC 29 64 55 2A FC,speed=74.00
1779166386.293,0x200,8,7C 00 3D 97 2C 69 51 8C,fuel=0.00
1779166386.386,0x300,8,39 B4 CE 07 37 71 A8 EA,temp=97.00
1779166386.480,0x100,8,4A D2 18 97 1F DB BC DA,speed=74.00
1779166386.573,0x200,8,8F 00 29 99 E9 33 0F 0A,fuel=0.00
1779166386.667,0x300,8,39 4F 1E 59 1D 62 73 FF,temp=97.00
1779166386.758,0x100,8,4A 47 27 E7 36 A3 02 66,speed=74.00
1779166386.853,0x200,8,59 00 CB 07 9E 97 79 27,fuel=0.00
1779166386.952,0x300,8,39 E9 5E 71 B3 E6 1E C1,temp=97.00
1779166387.053,0x100,8,4A 07 9E 3F EE 52 5B 26,speed=74.00
1779166387.148,0x200,8,60 00 05 76 5C 94 17 D0,fuel=0.00
1779166387.228,0x300,8,39 66 D6 B0 8F DE F0 56,temp=97.00
1779166387.335,0x100,8,4A EC 8B A2 D6 CD D5 E6,speed=74.00
1779166387.430,0x200,8,B0 00 5B F3 92 D4 9D 1F,fuel=0.00
1779166387.522,0x300,8,39 05 D5 13 8D 9D 09 A8,temp=97.00
1779166387.615,0x100,8,4A FC D2 CE F6 F3 C7 D5,speed=74.00
1779166387.708,0x200,8,2B 00 C3 82 2E 09 AD D1,fuel=0.00
1779166387.803,0x300,8,39 26 FD 77 23 65 CF E3,temp=97.00
1779166387.897,0x100,8,4A 4F 71 FF 5B 22 AB 6D,speed=74.00
1779166387.990,0x200,8,91 00 02 B1 CE 42 F9 BA,fuel=0.00
1779166388.085,0x300,8,39 F5 06 1A 3F F4 1D 86,temp=97.00
1779166388.180,0x100,8,4A A3 02 0B 49 DB 05 21,speed=74.00
1779166388.272,0x200,8,37 00 F3 EC 28 7A 70 7E,fuel=0.00
1779166388.367,0x300,8,39 BB FF E3 5D C2 83 EA,temp=97.00
1779166388.460,0x100,8,4A 31 AA 2B F7 05 76 A8,speed=74.00
1779166388.551,0x200,8,35 00 1B 2F 93 BE 6D 4D,fuel=0.00
1779166388.645,0x300,8,39 62 4F 70 6C 33 F9 4B,temp=97.00
1779166388.737,0x100,8,4A EF 8C 1E 16 51 1B A7,speed=74.00
1779166388.832,0x200,8,8A 00 10 77 6E 2B 92 D3,fuel=0.00
1779166388.926,0x300,8,39 BC 37 88 A7 5F 74 46,temp=97.00
1779166389.021,0x100,8,4A 10 19 42 BD A3 1A 9C,speed=74.00
1779166389.112,0x200,8,5F 00 9A 24 0C C1 55 5B,fuel=0.00
1779166389.205,0x300,8,39 63 9C 01 C7 D1 2B 88,temp=97.00
1779166389.299,0x100,8,4A 20 3E 36 A5 D6 2A E1,speed=74.00
1779166389.395,0x200,8,FA 00 72 07 29 43 32 9D,fuel=0.00
1779166389.487,0x300,8,39 16 92 00 E6 6F 86 AE,temp=97.00
1779166389.580,0x100,8,4A 32 E6 12 A2 5B 3B E0,speed=74.00
1779166389.673,0x200,8,B8 00 14 EF 5C 93 1E 0C,fuel=0.00
1779166389.765,0x300,8,39 FE 28 9F A6 26 AB E3,temp=97.00
1779166389.858,0x100,8,4A 07 A6 B8 3D F2 DB 4A,speed=74.00
1779166389.952,0x200,8,76 00 B2 CF 71 10 78 C5,fuel=0.00
1779166390.044,0x300,8,39 16 79 33 B1 1A F7 C6,temp=97.00
1779166390.138,0x100,8,4A 24 F2 95 6D 2D 7C 7E,speed=74.00
1779166390.229,0x200,8,4F 00 A1 A2 92 22 38 53,fuel=0.00
1779166390.322,0x300,8,39 4F CB E7 66 40 E2 91,temp=97.00
1779166390.417,0x100,8,4A 8A 5C 95 6F D8 75 E7,speed=74.00
1779166390.509,0x200,8,5F 00 76 9D ED 8A EA 34,fuel=0.00
1779166390.603,0x300,8,39 7C FA BB 74 97 53 A8,temp=97.00
1779166390.697,0x100,8,4A D3 9A 1F 82 7D 50 3D,speed=74.00
1779166390.804,0x200,8,F7 00 DB 5C 0B 6B D6 E6,fuel=0.00
1779166390.885,0x300,8,39 B0 10 4C AD 6E 9D F7,temp=97.00
1779166390.978,0x100,8,4A E0 D8 2F FB 0B 3A 1F,speed=74.00
1779166391.074,0x200,8,39 00 35 42 57 84 B0 B1,fuel=0.00
1779166391.165,0x300,8,39 9D 01 DE FF C7 C4 B3,temp=97.00
1779166391.274,0x100,8,4A 7C 54 79 20 9D ED 37,speed=74.00
1779166391.353,0x200,8,AE 00 16 4B C5 3A 21 2D,fuel=0.00
1779166391.461,0x300,8,39 4D AE E2 68 15 EB 02,temp=97.00
1779166391.540,0x100,8,4A C9 DC 3A A8 38 53 86,speed=74.00
1779166391.648,0x200,8,C6 00 5F 85 78 8B 5B 2B,fuel=0.00
1779166391.741,0x300,8,39 D3 09 DB 14 B8 EC 78,temp=97.00
1779166391.835,0x100,8,4A 14 E9 29 8C 68 51 34,speed=74.00
1779166391.928,0x200,8,C7 00 89 7F 4E 50 D5 BA,fuel=0.00
1779166392.022,0x300,8,39 14 80 CD F1 5D 11 F9,temp=97.00
1779166392.116,0x100,8,4A 4D FC 31 AE DF 64 89,speed=74.00
1779166392.209,0x200,8,07 00 0C 3F 8F 9B 44 E6,fuel=0.00
1779166392.301,0x300,8,39 3A 77 82 1C A3 F6 39,temp=97.00
1779166392.396,0x100,8,4A 5F BD 58 38 DD AE 13,speed=74.00
1779166392.477,0x200,8,83 00 8F 32 8C E7 B2 9C,fuel=0.00
1779166392.586,0x300,8,39 29 6B 7E F1 14 55 9F,temp=97.00
1779166392.675,0x100,8,4A B6 89 6B C3 C4 66 39,speed=74.00
1779166392.768,0x200,8,03 00 AD 10 4B 2B 00 A7,fuel=0.00
1779166392.862,0x300,8,39 69 ED 86 10 E2 53 54,temp=97.00
1779166392.959,0x100,8,4A 58 3C 78 9A 54 2D 84,speed=74.00
1779166393.048,0x200,8,6C 00 1C 0E 38 77 C5 4D,fuel=0.00
1779166393.140,0x300,8,39 A4 65 51 4F 04 85 87,temp=97.00
1779166393.234,0x100,8,4A 45 C4 D5 5D 91 50 1C,speed=74.00
1779166393.328,0x200,8,A0 00 14 5F B2 A1 18 B6,fuel=0.00
1779166393.421,0x300,8,39 FF FF AA 3A 43 B6 0B,temp=97.00
1779166393.515,0x100,8,4A D0 7D F2 3F 9B FF 62,speed=74.00
1779166393.605,0x200,8,58 00 CD 7B 66 D2 04 59,fuel=0.00
1779166393.698,0x300,8,39 C9 1E 4F 37 8A B1 36,temp=97.00
1779166393.793,0x100,8,4A 19 29 1D F9 28 55 00,speed=74.00
1779166393.884,0x200,8,CB 00 2E 6F 1C 0C D2 3A,fuel=0.00
1779166393.978,0x300,8,39 37 78 91 BE 0F 7D 52,temp=97.00
1779166394.085,0x100,8,4A D1 94 D1 52 DA A5 FA,speed=74.00
1779166394.177,0x200,8,58 00 39 BD 8F A4 A9 4F,fuel=0.00
1779166394.269,0x300,8,39 83 41 EE 27 B8 48 FE,temp=97.00
1779166394.364,0x100,8,4A 60 0C 01 14 14 F3 5C,speed=74.00
1779166394.457,0x200,8,0A 00 43 96 95 90 F6 AC,fuel=0.00
1779166394.550,0x300,8,39 BA 52 C1 D6 A3 01 8D,temp=97.00
1779166394.645,0x100,8,4A BB 98 90 FA 0B 69 1D,speed=74.00
1779166394.738,0x200,8,AA 00 37 78 3E 1B A8 D4,fuel=0.00
1779166394.833,0x300,8,39 F8 92 E5 42 59 CC F5,temp=97.00
1779166394.927,0x100,8,4A 26 FF 09 C3 2C 60 C7,speed=74.00
1779166395.021,0x200,8,CF 00 9E 25 CC 8C 43 6D,fuel=0.00
1779166395.114,0x300,8,39 FE 8C D9 5E B9 EA 25,temp=97.00
1779166395.206,0x100,8,4A B9 43 2E EB 55 0E 52,speed=74.00
1779166395.299,0x200,8,18 00 AB 9F 90 D9 71 59,fuel=0.00
1779166395.391,0x300,8,39 8E D2 CE 32 DC 18 A6,temp=97.00
1779166395.486,0x100,8,4A 29 03 ED 05 27 06 AA,speed=74.00
1779166395.579,0x200,8,98 00 ED 42 8F 5D 1B 44,fuel=0.00
1779166395.673,0x300,8,39 B3 89 7B FA 12 D4 19,temp=97.00
1779166395.767,0x100,8,4A 88 9D F0 2E FA 9E 93,speed=74.00
1779166395.859,0x200,8,58 00 17 44 6C FF 47 40,fuel=0.00
1779166395.953,0x300,8,39 28 23 1B 13 8A CB 55,temp=97.00
1779166396.046,0x100,8,4A 99 D7 34 66 B7 2C 52,speed=74.00
1779166396.139,0x200,8,C5 00 0F 41 19 34 A1 96,fuel=0.00
1779166396.234,0x300,8,39 73 6B 0B 61 4D 53 20,temp=97.00
1779166396.328,0x100,8,4A 50 BF 01 6B 32 B8 7C,speed=74.00
1779166396.421,0x200,8,22 00 2F 71 CC C7 46 92,fuel=0.00
1779166396.514,0x300,8,39 5F 3C 89 87 97 88 66,temp=97.00
1779166396.607,0x100,8,4A 2C 76 45 DF CC 60 90,speed=74.00
1779166396.701,0x200,8,F8 00 F6 62 FD 2D A7 9F,fuel=0.00
1779166396.793,0x300,8,39 AC AF D7 AD 36 15 FE,temp=97.00
1779166396.888,0x100,8,4A 0B A9 89 EB 6F A1 E5,speed=74.00
1779166396.982,0x200,8,67 00 4E 6E 1F 3C 0C 95,fuel=0.00
1779166397.081,0x300,8,39 BF 02 8C FD F9 FD 8D,temp=97.00
1779166397.176,0x100,8,4A DD 4E CB 49 0A BC E9,speed=74.00
1779166397.271,0x200,8,BA 00 96 98 92 31 24 5A,fuel=0.00
1779166397.363,0x300,8,39 B0 92 80 7F 29 2B D3,temp=97.00
1779166397.454,0x100,8,4A E6 2F 02 02 0C CC C1,speed=74.00
1779166397.549,0x200,8,89 00 A2 A4 16 47 05 C5,fuel=0.00
1779166397.643,0x300,8,39 DD 94 87 F9 67 D3 E4,temp=97.00
1779166397.734,0x100,8,4A 29 1D D2 50 74 CF 5C,speed=74.00
1779166397.828,0x200,8,53 00 39 85 82 CA B9 96,fuel=0.00
1779166397.922,0x300,8,39 4F 66 6E EE 69 29 AF,temp=97.00
1779166398.014,0x100,8,4A D5 A5 E9 86 A7 D2 D5,speed=74.00
1779166398.106,0x200,8,08 00 C2 48 DC DF B6 C0,fuel=0.00
1779166398.199,0x300,8,39 87 C6 22 E2 C7 85 6F,temp=97.00
1779166398.294,0x100,8,4A 98 8B 95 3A 27 2C F7,speed=74.00
1779166398.385,0x200,8,B8 00 33 3A 82 64 A3 7B,fuel=0.00
1779166398.478,0x300,8,39 9F 6C F4 32 5C 55 73,temp=97.00
1779166398.574,0x100,8,4A 8C 77 9F 1B AE FA 5A,speed=74.00
1779166398.665,0x200,8,BA 00 0A 67 7B 00 48 D5,fuel=0.00
1779166398.773,0x300,8,39 30 B2 C6 7F 8F C0 00,temp=97.00
1779166398.866,0x100,8,4A 44 2F 64 E2 B6 23 62,speed=74.00
1779166398.953,0x200,8,A8 00 0C 03 AD 57 2A 15,fuel=0.00
1779166399.050,0x300,8,39 6C ED C4 BF DB BC 0A,temp=97.00
1779166399.143,0x100,8,4A ED 6B 37 E0 92 82 9C,speed=74.00
1779166399.235,0x200,8,72 00 97 62 E6 37 ED 91,fuel=0.00
1779166399.331,0x300,8,39 AC 42 40 3B 0B 4E 86,temp=97.00
1779166399.424,0x100,8,4A 4C 09 81 30 2A F8 EA,speed=74.00
1779166399.515,0x200,8,F4 00 F0 B7 DD B2 F8 F5,fuel=0.00
1779166399.610,0x300,8,39 F7 C3 7D 08 14 EF 03,temp=97.00
1779166399.702,0x100,8,4A DA FD FA 7D 09 26 D7,speed=74.00
1779166399.805,0x200,8,71 00 D9 25 66 4B 2F 4A,fuel=0.00
1779166399.886,0x300,8,39 C2 59 DB 95 32 C3 C5,temp=97.00
1779166399.980,0x100,8,4A 31 5D EE 81 89 1D C9,speed=74.00
1779166400.072,0x200,8,C4 00 3C 44 24 35 13 BC,fuel=0.00
1779166400.180,0x300,8,39 AC 72 C8 74 4C 6B F9,temp=97.00
1779166400.260,0x100,8,4A 48 60 31 B8 E6 94 62,speed=74.00
1779166400.370,0x200,8,5C 00 C2 51 15 B1 DF A0,fuel=0.00
1779166400.460,0x300,8,39 7B 58 A9 ED 25 05 C7,temp=97.00
1779166400.552,0x100,8,4A 3A 99 36 90 AD 4A 92,speed=74.00
1779166400.644,0x200,8,5D 00 0E 7E 28 CF B7 6B,fuel=0.00
1779166400.737,0x300,8,39 13 E7 10 6D CA C3 37,temp=97.00
1779166400.832,0x100,8,4A 04 C2 33 5C 8F 6F D2,speed=74.00
1779166400.926,0x200,8,94 00 6F E3 B8 EA A6 11,fuel=0.00
1779166401.018,0x300,8,39 C2 64 F8 A9 F9 B7 66,temp=97.00
1779166401.111,0x100,8,4A 76 F6 65 70 A3 56 50,speed=74.00
1779166401.205,0x200,8,FF 00 A6 FE 95 F3 BA 11,fuel=0.00
1779166401.300,0x300,8,39 17 09 2D 6C 0B C5 BB,temp=97.00
1779166401.392,0x100,8,4A 66 D3 B3 58 72 F5 1B,speed=74.00
1779166401.484,0x200,8,28 00 C1 5B 5F 96 B3 FB,fuel=0.00
1779166401.577,0x300,8,39 3F AD B6 33 9B CA EA,temp=97.00
1779166401.672,0x100,8,4A 2E 7F F8 50 76 64 26,speed=74.00
1779166401.765,0x200,8,B1 00 9B B6 7B 67 E7 E6,fuel=0.00
1779166401.859,0x300,8,39 43 EF 8F 2B 2F 48 F8,temp=97.00
1779166401.950,0x100,8,4A AC A0 21 27 40 46 CA,speed=74.00
1779166402.045,0x200,8,4B 00 4C B5 BF 2A 9D 71,fuel=0.00
1779166402.137,0x300,8,39 08 E8 18 D4 7C 73 78,temp=97.00
1779166402.230,0x100,8,4A 84 41 BB A1 45 44 53,speed=74.00
1779166402.322,0x200,8,85 00 9C D0 58 E2 50 C7,fuel=0.00
1779166402.415,0x300,8,39 93 2D 49 66 5C 8C 05,temp=97.00
1779166402.508,0x100,8,4A 88 17 9C 0E 3D 91 AE,speed=74.00
1779166402.616,0x200,8,18 00 73 41 75 93 6C 72,fuel=0.00
1779166402.710,0x300,8,39 4A 04 9B 02 41 66 98,temp=97.00
1779166402.803,0x100,8,4A 53 69 F7 AA 6B 69 56,speed=74.00
1779166402.897,0x200,8,F3 00 76 17 61 61 37 9E,fuel=0.00
1779166402.988,0x300,8,39 61 AF 77 A4 A4 9C C7,temp=97.00
1779166403.080,0x100,8,4A BC A8 60 27 00 C0 77,speed=74.00
1779166403.172,0x200,8,BD 00 C6 DD D1 29 DB 88,fuel=0.00
1779166403.266,0x300,8,39 57 1B 41 EE E6 DE BD,temp=97.00
1779166403.360,0x100,8,4A AE 8C E1 44 83 65 16,speed=74.00
1779166403.452,0x200,8,8A 00 62 78 97 CF F9 5A,fuel=0.00
1779166403.544,0x300,8,39 05 AF 04 05 94 85 86,temp=97.00
1779166403.638,0x100,8,4A 39 CD 36 DB 84 F6 ED,speed=74.00
1779166403.730,0x200,8,8C 00 82 C9 E8 AC 88 9E,fuel=0.00
1779166403.822,0x300,8,39 A7 2E 4A E5 70 C3 86,temp=97.00
1779166403.916,0x100,8,4A 2C 89 A4 F1 B0 A2 B8,speed=74.00
1779166404.009,0x200,8,5D 00 31 B5 F1 8E A7 80,fuel=0.00
1779166404.102,0x300,8,39 87 0E 99 C2 93 CF 95,temp=97.00
1779166404.212,0x100,8,4A D2 D5 3E 31 9B A3 CA,speed=74.00
1779166404.322,0x200,8,A4 00 12 52 97 3B A6 AD,fuel=0.00
1779166404.413,0x300,8,39 87 04 12 ED 51 57 48,temp=97.00
1779166404.508,0x100,8,4A D9 81 A1 DF CB 6B 6A,speed=74.00
1779166404.602,0x200,8,D6 00 40 BC 76 EA 09 F4,fuel=0.00
1779166404.692,0x300,8,39 FE 57 70 CD 6C 23 AD,temp=97.00
1779166404.788,0x100,8,4A 2E 05 D4 2B 8F E9 6C,speed=74.00
1779166404.883,0x200,8,3A 00 AE 4E 85 9A F4 9F,fuel=0.00
1779166404.972,0x300,8,39 46 FF F2 72 C1 86 05,temp=97.00
1779166405.070,0x100,8,4A 1E 94 AE E2 F3 B7 A9,speed=74.00
1779166405.163,0x200,8,81 00 F2 8C A1 14 9D D5,fuel=0.00
1779166405.258,0x300,8,39 BF 62 AA 72 1D F3 13,temp=97.00
1779166405.350,0x100,8,4A 4B 9B 64 7A 04 D1 87,speed=74.00
1779166405.445,0x200,8,02 00 B4 C5 37 44 53 C6,fuel=0.00
1779166405.535,0x300,8,39 FA DD 1D 0C 8E D0 0A,temp=97.00
1779166405.628,0x100,8,4A F5 E1 51 94 18 1B CD,speed=74.00
1779166405.724,0x200,8,F7 00 51 7C 23 0E 5C 47,fuel=0.00
1779166405.817,0x300,8,39 9F B7 34 3D 09 EA B2,temp=97.00
1779166405.909,0x100,8,4A 30 6F 61 BA 11 D2 76,speed=74.00
1779166406.004,0x200,8,B5 00 82 93 79 97 58 41,fuel=0.00
1779166406.099,0x300,8,39 90 C7 29 2D 25 30 9C,temp=97.00
1779166406.192,0x100,8,4A 0A 7A 1F BF 54 44 56,speed=74.00
1779166406.285,0x200,8,E3 00 5B 89 3E 11 F9 D6,fuel=0.00
1779166406.379,0x300,8,39 AE D7 28 B5 29 DD FA,temp=97.00
1779166406.474,0x100,8,4A 6D E0 8B FF 2E 95 B7,speed=74.00
1779166406.566,0x200,8,16 00 C8 9B CD C8 8F 6D,fuel=0.00
1779166406.660,0x300,8,39 AD 71 39 CF F3 B9 01,temp=97.00
1779166406.753,0x100,8,4A 47 72 FA 6D E9 42 A2,speed=74.00
1779166406.846,0x200,8,E9 00 2F 3D DB 5E A4 6A,fuel=0.00
1779166406.941,0x300,8,39 2E 4E 66 26 F4 2F 06,temp=97.00
1779166407.033,0x100,8,4A AC B1 E4 49 AF 7E 8C,speed=74.00
1779166407.125,0x200,8,D4 00 85 3B EB EE 34 57,fuel=0.00
1779166407.222,0x300,8,39 00 32 27 B5 CB 51 D6,temp=97.00
1779166407.317,0x100,8,4A 58 BF 3A 4A 5A 3C E4,speed=74.00
1779166407.408,0x200,8,CD 00 62 BF 30 BF F7 58,fuel=0.00
1779166407.501,0x300,8,39 55 CC C9 C2 E4 EC 50,temp=97.00
1779166407.595,0x100,8,4A B9 9B EA B5 91 0E 29,speed=74.00
1779166407.684,0x200,8,68 00 5E C8 27 44 C6 EE,fuel=0.00
1779166407.779,0x300,8,39 FB DD 3C 60 0A 63 B6,temp=97.00
1779166407.870,0x100,8,4A DF 70 95 6D E7 B3 4A,speed=74.00
1779166407.965,0x200,8,22 00 0D 45 A5 9E 32 C4,fuel=0.00
1779166408.057,0x300,8,39 F9 0D 2E 85 21 8C 0A,temp=97.00
1779166408.150,0x100,8,4A 08 6A B9 44 1F FA 59,speed=74.00
1779166408.244,0x200,8,94 00 EB C6 82 FB 69 5A,fuel=0.00
1779166408.338,0x300,8,39 5F DB 4E A3 19 8D 46,temp=97.00
1779166408.434,0x100,8,4A A4 1C D7 BD 63 23 82,speed=74.00
1779166408.526,0x200,8,05 00 EF B0 C3 D4 AD DD,fuel=0.00
1779166408.618,0x300,8,39 C6 BC F9 54 83 44 01,temp=97.00
1779166408.728,0x100,8,4A 69 E7 5E AC 35 0E E0,speed=74.00
1779166408.808,0x200,8,2F 00 B2 78 04 57 5A 2F,fuel=0.00
1779166408.914,0x300,8,39 D7 54 67 DA 04 9B B4,temp=97.00
1779166409.006,0x100,8,4A C0 36 CB 63 00 39 B5,speed=74.00
1779166409.103,0x200,8,19 00 47 97 AC 9A DF 06,fuel=0.00
1779166409.181,0x300,8,39 08 F1 3C B2 92 09 A4,temp=97.00
1779166409.275,0x100,8,4A 13 13 40 56 FB 64 AE,speed=74.00
1779166409.383,0x200,8,4E 00 D4 90 9B 79 E3 72,fuel=0.00
1779166409.475,0x300,8,39 9E 18 D1 0F B0 00 D4,temp=97.00
1779166409.567,0x100,8,4A 7E 12 9F 2B FA 84 54,speed=74.00
1779166409.660,0x200,8,FA 00 35 9E 3E DD 3D 73,fuel=0.00
1779166409.752,0x300,8,39 A1 29 6B DE ED D9 33,temp=97.00
1779166409.847,0x100,8,4A 95 27 72 E1 24 83 E4,speed=74.00
1779166409.939,0x200,8,2B 00 DE 28 8E 51 36 07,fuel=0.00
1779166410.032,0x300,8,39 62 1F E5 7F C3 65 D0,temp=97.00
1779166410.126,0x100,8,4A 41 0E F6 7C 9E 03 F5,speed=74.00
1779166410.222,0x200,8,E0 00 CE 1F 14 33 5D 4E,fuel=0.00
1779166410.314,0x300,8,39 4D ED CE C1 6A 38 05,temp=97.00
1779166410.408,0x100,8,4A AD F3 4A 8C 8E D9 6D,speed=74.00
1779166410.500,0x200,8,E4 00 CC C2 00 D1 70 31,fuel=0.00
1779166410.594,0x300,8,39 C8 BE 6D F1 66 79 B1,temp=97.00
1779166410.687,0x100,8,4A 3C DA 73 51 2E B1 1D,speed=74.00
1779166410.781,0x200,8,30 00 D4 69 1D 23 3A DE,fuel=0.00
1779166410.875,0x300,8,39 BE 79 F3 97 6F DE 8C,temp=97.00
1779166410.969,0x100,8,4A 6A 5D 2C D0 4D 35 8C,speed=74.00
1779166411.060,0x200,8,CA 00 8F E0 58 A0 DE 45,fuel=0.00
1779166411.154,0x300,8,39 12 22 8F AD 52 E4 1B,temp=97.00
1779166411.249,0x100,8,4A 58 C6 4C 56 A5 F8 BB,speed=74.00
1779166411.341,0x200,8,EB 00 EA 0B 20 9C C7 68,fuel=0.00
1779166411.435,0x300,8,39 F9 37 54 C8 70 6C 72,temp=97.00
1779166411.529,0x100,8,4A 23 1E 29 CC 47 EE 7A,speed=74.00
1779166411.620,0x200,8,88 00 F5 3D 54 88 13 27,fuel=0.00
1779166411.713,0x300,8,39 15 84 54 12 FC 50 95,temp=97.00
1779166411.806,0x100,8,4A E8 52 AE DB 4E C5 46,speed=74.00
1779166411.900,0x200,8,30 00 52 53 E7 44 CF 4E,fuel=0.00
1779166411.994,0x300,8,39 18 C4 4A D3 15 8A A0,temp=97.00
1779166412.088,0x100,8,4A C5 5E 1C 4F 6E D8 F5,speed=74.00
1779166412.181,0x200,8,89 00 65 64 18 1B B3 13,fuel=0.00
1779166412.275,0x300,8,39 FE 93 E6 EE D7 E5 0D,temp=97.00
1779166412.382,0x100,8,4A 74 74 4B 60 A2 B0 E1,speed=74.00
1779166412.476,0x200,8,83 00 C4 CF 51 F4 E8 70,fuel=0.00
1779166412.568,0x300,8,39 A0 08 5C A5 7A 85 83,temp=97.00
1779166412.661,0x100,8,4A BC BE 6D E7 26 7E 11,speed=74.00
1779166412.753,0x200,8,A9 00 2E D0 3E 1F 9F 6B,fuel=0.00
1779166412.837,0x300,8,39 B9 D6 60 92 71 8C 12,temp=97.00
1779166412.945,0x100,8,4A C9 14 A5 DD 49 08 AB,speed=74.00
1779166413.036,0x200,8,32 00 03 DB 1D 7F 93 7C,fuel=0.00
1779166413.130,0x300,8,39 80 C7 6F FF 1E 57 8A,temp=97.00
1779166413.224,0x100,8,4A 16 E1 DD 8B B2 D9 DF,speed=74.00
1779166413.318,0x200,8,D6 00 8A 13 74 B7 EB 2D,fuel=0.00
1779166413.400,0x300,8,39 7B C2 BB 32 43 AE 91,temp=97.00
1779166413.494,0x100,8,4A 68 53 AD 10 DC 2F E4,speed=74.00
1779166413.589,0x200,8,50 00 54 27 75 3C 45 3F,fuel=0.00
1779166413.681,0x300,8,39 09 83 9C 8F 86 45 33,temp=97.00
1779166413.775,0x100,8,4A 86 A5 17 3C 2B 1F 4E,speed=74.00
1779166413.868,0x200,8,1E 00 A9 65 FB FE 67 DF,fuel=0.00
1779166413.965,0x300,8,39 BB 14 41 7A 8E 37 C6,temp=97.00
1779166414.070,0x100,8,4A 0E 89 82 A5 3E C2 76,speed=74.00
1779166414.163,0x200,8,68 00 BF 05 0E 49 A8 B1,fuel=0.00
1779166414.252,0x300,8,39 D8 FC 57 89 9E CA FB,temp=97.00
1779166414.347,0x100,8,4A D4 70 84 6E 76 8F F9,speed=74.00
1779166414.431,0x200,8,21 00 02 E8 FE F7 61 B9,fuel=0.00
1779166414.527,0x300,8,39 CE AC 42 73 CC 96 61,temp=97.00
1779166414.621,0x100,8,4A D4 76 F2 B0 CE C2 76,speed=74.00
1779166414.713,0x200,8,F4 00 FB A8 B0 29 31 EB,fuel=0.00
1779166414.807,0x300,8,39 64 E2 CA BB 41 A3 9A,temp=97.00
1779166414.899,0x100,8,4A 6E 17 35 F1 D4 59 C8,speed=74.00
1779166414.999,0x200,8,43 00 E1 83 9F F4 05 74,fuel=0.00
1779166415.101,0x300,8,39 C2 86 0B 24 AD 25 20,temp=97.00
1779166415.195,0x100,8,4A FD 57 17 86 31 9C 9D,speed=74.00
1779166415.287,0x200,8,65 00 6B 3C C4 7C 27 E0,fuel=0.00
1779166415.373,0x300,8,39 F9 48 99 C2 9E CF 87,temp=97.00
1779166415.467,0x100,8,4A 69 8D B4 7F 45 65 90,speed=74.00
1779166415.558,0x200,8,8D 00 F3 D6 15 D4 A6 5B,fuel=0.00
1779166415.655,0x300,8,39 AA 8D 9D EA 84 E7 64,temp=97.00
1779166415.747,0x100,8,4A BD FC FD 20 83 A6 69,speed=74.00
1779166415.843,0x200,8,65 00 46 FB F2 70 42 16,fuel=0.00
1779166415.937,0x300,8,39 D6 A8 F0 27 CD 50 53,temp=97.00
1779166416.027,0x100,8,4A 5C 47 3F 8E C5 C0 5D,speed=74.00
1779166416.120,0x200,8,F4 00 C3 90 0E B4 32 EC,fuel=0.00
1779166416.218,0x300,8,39 76 2C 78 C1 AD BA 54,temp=97.00
1779166416.310,0x100,8,4A 13 5D 10 C7 B4 02 50,speed=74.00
1779166416.404,0x200,8,71 00 80 33 48 F1 85 44,fuel=0.00
1779166416.495,0x300,8,39 A5 15 8D B2 A2 74 F7,temp=97.00
1779166416.588,0x100,8,4A 39 68 AA 44 73 E7 F0,speed=74.00
1779166416.682,0x200,8,AE 00 E5 82 E0 0B 55 C4,fuel=0.00
1779166416.776,0x300,8,39 16 F4 B9 D9 01 49 6F,temp=97.00
1779166416.869,0x100,8,4A 0F C9 2E B3 40 AA C0,speed=74.00
1779166416.964,0x200,8,B8 00 3F 04 C2 55 B6 9B,fuel=0.00
1779166417.070,0x300,8,39 15 E1 F4 7B 15 09 EC,temp=97.00
1779166417.165,0x100,8,4A 3D D6 04 02 49 A7 44,speed=74.00
1779166417.244,0x200,8,6B 00 4C C6 71 65 C9 0C,fuel=0.00
1779166417.338,0x300,8,39 8B 00 AA C9 28 7A 5F,temp=97.00
1779166417.446,0x100,8,4A CA AF 1A 14 66 8B A6,speed=74.00
1779166417.541,0x200,8,05 00 47 2F AB AD 29 C9,fuel=0.00
1779166417.633,0x300,8,39 6F AA 37 9B 9F CB 1B,temp=97.00
1779166417.741,0x100,8,4A 0F A2 EF CB D4 09 92,speed=74.00
1779166417.835,0x200,8,FD 00 6B 9E E3 1F 00 1A,fuel=0.00
1779166417.927,0x300,8,39 5D 1A 0D CF D0 6A 46,temp=97.00
1779166418.021,0x100,8,4A 50 5B 9D 9A 41 F8 F7,speed=74.00
1779166418.115,0x200,8,98 00 F8 53 03 19 BF 75,fuel=0.00
1779166418.210,0x300,8,39 37 5B 01 5B C4 26 08,temp=97.00
1779166418.303,0x100,8,4A 44 84 B2 E9 5B DC 25,speed=74.00
1779166418.396,0x200,8,5C 00 72 8E 58 09 2F 3A,fuel=0.00
1779166418.491,0x300,8,39 2E E4 3D 31 43 D8 43,temp=97.00
1779166418.581,0x100,8,4A 2B 61 55 50 53 2E 76,speed=74.00
1779166418.668,0x200,8,AF 00 53 2C 38 AF F9 5D,fuel=0.00
1779166418.764,0x300,8,39 0C FB 2D 56 F5 6A A2,temp=97.00
1779166418.854,0x100,8,4A 21 BE 40 F6 FC E6 55,speed=74.00
1779166418.950,0x200,8,FA 00 5B A3 C5 FC 98 E2,fuel=0.00
1779166419.040,0x300,8,39 DE 33 61 4C 8D B2 EB,temp=97.00
1779166419.134,0x100,8,4A CB 47 CE A9 96 20 35,speed=74.00
1779166419.228,0x200,8,F8 00 85 EB 9E 1C 4F 7D,fuel=0.00
1779166419.322,0x300,8,39 C7 36 E4 51 6A 97 87,temp=97.00
1779166419.415,0x100,8,4A 3D BE 32 66 28 4B 1F,speed=74.00
1779166419.524,0x200,8,C4 00 42 4A 15 5E 50 7D,fuel=0.00
1779166419.616,0x300,8,39 1D EB 74 3C 77 E6 E9,temp=97.00
1779166419.710,0x100,8,4A 4F 95 DC 9D 33 A3 57,speed=74.00
1779166419.800,0x200,8,E3 00 BC 99 B9 B2 A2 B1,fuel=0.00
1779166419.896,0x300,8,39 AD 7F 38 6E 92 C5 8D,temp=97.00
1779166419.991,0x100,8,4A 21 C3 08 6F E2 75 19,speed=74.00
1779166420.082,0x200,8,C7 00 DB 03 DB 29 FF 3F,fuel=0.00
1779166420.176,0x300,8,39 BB FE 77 F5 0C 11 E2,temp=97.00
1779166420.268,0x100,8,4A 28 FF D4 81 78 FA B4,speed=74.00
1779166420.361,0x200,8,75 00 ED 83 40 26 26 57,fuel=0.00
1779166420.452,0x300,8,39 DB 02 E1 A1 7E D9 E4,temp=97.00
1779166420.544,0x100,8,4A 33 5D 6F 7F 96 D2 7A,speed=74.00
1779166420.638,0x200,8,D9 00 29 A9 B2 D2 CC CB,fuel=0.00
1779166420.729,0x300,8,39 62 E5 2B CC 3E 81 85,temp=97.00
1779166420.822,0x100,8,4A 5D 38 C4 35 BE 9E 08,speed=74.00
1779166420.917,0x200,8,25 00 30 66 DB CF 4D 15,fuel=0.00
1779166421.009,0x300,8,39 35 13 F8 3F 43 55 5B,temp=97.00
1779166421.103,0x100,8,4A 7D 81 DD D0 38 06 7D,speed=74.00
1779166421.198,0x200,8,7B 00 C8 FC C9 0B 1B DE,fuel=0.00
1779166421.307,0x300,8,39 2C E8 0A FB E1 AF 97,temp=97.00
1779166421.399,0x100,8,4A F0 16 D5 B6 18 7E 66,speed=74.00
1779166421.482,0x200,8,27 00 E1 6F 02 C9 3C 11,fuel=0.00
1779166421.584,0x300,8,39 E6 A8 C2 29 82 20 73,temp=97.00
1779166421.677,0x100,8,4A 5D C7 E6 11 4A CB 36,speed=74.00
1779166421.770,0x200,8,9B 00 A7 05 8A B4 51 E3,fuel=0.00
1779166421.864,0x300,8,39 43 07 86 A7 F8 8E 8A,temp=97.00
1779166421.958,0x100,8,4A 2F 9A 3B 6B 0F AF FE,speed=74.00
1779166422.050,0x200,8,BA 00 18 F7 FF BC 69 D6,fuel=0.00
1779166422.145,0x300,8,39 46 3B 67 AF 58 52 B4,temp=97.00
1779166422.240,0x100,8,4A D8 38 50 CA A8 DC D5,speed=74.00
1779166422.334,0x200,8,90 00 D5 91 98 CF 3B ED,fuel=0.00
1779166422.427,0x300,8,39 19 15 CC 58 FC 07 C6,temp=97.00
1779166422.518,0x100,8,4A 57 71 8F 32 A0 C2 16,speed=74.00
1779166422.614,0x200,8,76 00 BD E9 D9 27 BA AB,fuel=0.00
1779166422.710,0x300,8,39 97 65 6C E8 09 7E B1,temp=97.00
1779166422.805,0x100,8,4A 78 E4 65 2D 84 DA B1,speed=74.00
1779166422.885,0x200,8,BF 00 47 83 E6 D1 33 B8,fuel=0.00
1779166422.991,0x300,8,39 9E A3 DF D3 88 DC FD,temp=97.00
1779166423.084,0x100,8,4A 4C 99 C9 08 FC 91 37,speed=74.00
1779166423.181,0x200,8,26 00 60 F3 70 47 AA 17,fuel=0.00
1779166423.271,0x300,8,39 42 BE E5 40 13 CD 40,temp=97.00
1779166423.367,0x100,8,4A AF 1C 57 C9 F5 15 80,speed=74.00
1779166423.460,0x200,8,A2 00 5A 69 24 C8 C2 E4,fuel=0.00
1779166423.554,0x300,8,39 EA E1 D4 2B 9C 27 FE,temp=97.00
1779166423.648,0x100,8,4A 82 69 AC B8 5B 02 CB,speed=74.00
1779166423.738,0x200,8,5D 00 51 37 27 45 0E D8,fuel=0.00
1779166423.830,0x300,8,39 C4 F1 46 1C 4A C2 B0,temp=97.00
1779166423.927,0x100,8,4A 8F BB 12 D2 57 5B AD,speed=74.00
1779166424.021,0x200,8,2D 00 59 DB 83 23 C1 DD,fuel=0.00
1779166424.114,0x300,8,39 CC 19 9C 8D 8C D7 0E,temp=97.00
1779166424.207,0x100,8,4A 83 93 13 19 91 F4 44,speed=74.00
1779166424.301,0x200,8,A5 00 6D F7 ED DD 5A 1F,fuel=0.00
1779166424.395,0x300,8,39 8E 2E 91 21 43 C9 36,temp=97.00
1779166424.487,0x100,8,4A DC 99 D5 2F D6 84 C5,speed=74.00
1779166424.578,0x200,8,1F 00 F6 AF 54 97 CC C2,fuel=0.00
1779166424.674,0x300,8,39 84 DB DB 1E FA 62 42,temp=97.00
1779166424.771,0x100,8,4A AC F3 D9 86 5A E6 FC,speed=74.00
1779166424.864,0x200,8,09 00 60 58 51 36 A1 24,fuel=0.00
1779166424.963,0x300,8,39 89 F9 B6 6F 46 93 95,temp=97.00
1779166425.053,0x100,8,4A 13 98 9D AA 51 9E 55,speed=74.00
1779166425.147,0x200,8,09 00 CD AD ED D0 A3 EE,fuel=0.00
1779166425.239,0x300,8,39 35 03 91 75 86 1A 97,temp=97.00
1779166425.332,0x100,8,4A 67 B6 2B 3B 1E BC B8,speed=74.00
1779166425.426,0x200,8,B5 00 7E 06 EB AA B2 E8,fuel=0.00
1779166425.521,0x300,8,39 19 CC D0 EF 73 5D A1,temp=97.00
1779166425.614,0x100,8,4A 45 46 C4 AE B2 83 08,speed=74.00
1779166425.706,0x200,8,7C 00 D3 E4 FF 9B E9 A0,fuel=0.00
1779166425.801,0x300,8,39 75 2F C7 17 F8 37 3C,temp=97.00
1779166425.894,0x100,8,4A AF 41 6F B9 A7 82 BF,speed=74.00
1779166425.987,0x200,8,DA 00 EA EB A5 C4 29 3A,fuel=0.00
1779166426.079,0x300,8,39 57 DF C4 92 16 B4 92,temp=97.00
1779166426.172,0x100,8,4A E1 AB D6 1A A4 75 3D,speed=74.00
1779166426.267,0x200,8,9A 00 82 DB C9 93 37 7C,fuel=0.00
1779166426.360,0x300,8,39 D4 0F 71 F7 62 95 9E,temp=97.00
1779166426.451,0x100,8,4A 9E 7D 58 80 BC 63 5E,speed=74.00
1779166426.543,0x200,8,65 00 C1 52 93 4F 83 29,fuel=0.00
1779166426.636,0x300,8,39 E2 BD B8 49 0E AB BC,temp=97.00
1779166426.730,0x100,8,4A 78 4C A4 C7 22 97 9F,speed=74.00
1779166426.823,0x200,8,E6 00 25 E2 70 8C BC 52,fuel=0.00
1779166426.918,0x300,8,39 8C 75 DC 0C 00 4E 11,temp=97.00
1779166427.010,0x100,8,4A 97 2F E4 C4 11 D8 50,speed=74.00
1779166427.103,0x200,8,FD 00 A6 FD 47 C8 C2 A6,fuel=0.00
1779166427.212,0x300,8,39 0D B7 D5 97 69 56 AD,temp=97.00
1779166427.301,0x100,8,4A BD 1C A2 67 83 78 09,speed=74.00
1779166427.395,0x200,8,EA 00 3F 50 51 87 F5 37,fuel=0.00
1779166427.491,0x300,8,39 F8 02 EF 26 84 7A B3,temp=97.00
1779166427.582,0x100,8,4A DA A9 E8 A0 8D AE C9,speed=74.00
1779166427.676,0x200,8,C1 00 37 21 A5 21 41 AC,fuel=0.00
1779166427.769,0x300,8,39 F8 4C 40 D8 2A C5 50,temp=97.00
1779166427.864,0x100,8,4A 88 6E 42 A0 0A 22 DB,speed=74.00
1779166427.952,0x200,8,B9 00 75 31 9A CD 6D 51,fuel=0.00
1779166428.048,0x300,8,39 DB DD B8 BD 29 1B 30,temp=97.00
1779166428.140,0x100,8,4A 38 4D 69 77 17 F4 53,speed=74.00
1779166428.232,0x200,8,D0 00 FC 7E 4E DE D0 C7,fuel=0.00
1779166428.326,0x300,8,39 36 69 A5 DA 3F 10 9B,temp=97.00
1779166428.417,0x100,8,4A 1B 38 C6 B3 B1 D7 BB,speed=74.00
1779166428.510,0x200,8,A7 00 DC AE 3E E2 71 43,fuel=0.00
1779166428.607,0x300,8,39 4E 0F 1E 80 15 2A FE,temp=97.00
1779166428.700,0x100,8,4A C4 A9 B5 0A E1 DC 30,speed=74.00
1779166428.792,0x200,8,0B 00 8E 48 ED 6D 95 1A,fuel=0.00
1779166428.890,0x300,8,39 C9 94 3F BE 59 C9 45,temp=97.00
1779166428.981,0x100,8,4A 9B 93 F9 FA 31 3E 64,speed=74.00
1779166429.084,0x200,8,AD 00 B6 5C 4F 24 63 E2,fuel=0.00
1779166429.180,0x300,8,39 CA D9 4E 23 30 58 1A,temp=97.00
1779166429.273,0x100,8,4A D5 7D B2 B8 10 65 C6,speed=74.00
1779166429.368,0x200,8,08 00 F9 6E 35 54 19 92,fuel=0.00
1779166429.459,0x300,8,39 33 76 2F 0D F0 AC 11,temp=97.00
1779166429.550,0x100,8,4A BE B0 20 A3 0B D1 D8,speed=74.00
1779166429.644,0x200,8,4B 00 98 05 8A F1 3C 9B,fuel=0.00
1779166429.737,0x300,8,39 96 89 44 99 93 F6 3E,temp=97.00
1779166429.830,0x100,8,4A 13 D1 A3 6C 54 C0 A3,speed=74.00
1779166429.924,0x200,8,E5 00 59 86 DF 30 45 31,fuel=0.00
1779166430.018,0x300,8,39 A5 4B 9A D2 F4 9E 2A,temp=97.00
1779166430.110,0x100,8,4A 6A 8A 30 88 E6 F4 83,speed=74.00
1779166430.204,0x200,8,58 00 D1 63 8F DC 45 24,fuel=0.00
1779166430.298,0x300,8,39 B4 BE 41 57 4B 51 6D,temp=97.00
1779166430.391,0x100,8,4A 50 FE E8 66 E4 26 12,speed=74.00
1779166430.486,0x200,8,C2 00 94 6E A9 04 41 F9,fuel=0.00
1779166430.579,0x300,8,39 50 8D 95 8B 79 88 DD,temp=97.00
1779166430.672,0x100,8,4A 61 71 93 3A 7B 94 AA,speed=74.00
1779166430.762,0x200,8,93 00 45 8D 7B A5 4F 4C,fuel=0.00
1779166430.855,0x300,8,39 84 60 5D CC 6C 22 83,temp=97.00
1779166430.952,0x100,8,4A 72 B8 76 41 F9 D0 DB,speed=74.00
1779166431.042,0x200,8,F1 00 1F BC 2B F0 5D F0,fuel=0.00
1779166431.136,0x300,8,39 28 91 41 66 D2 74 2B,temp=97.00
1779166431.229,0x100,8,4A 56 53 26 C7 EC D9 EF,speed=74.00
1779166431.323,0x200,8,CB 00 35 7E D9 C0 C6 28,fuel=0.00
1779166431.417,0x300,8,39 2A DC AB 94 59 5D F3,temp=97.00
1779166431.523,0x100,8,4A 3C D3 49 D1 F0 95 97,speed=74.00
1779166431.618,0x200,8,BB 00 2D C9 3A 13 AF 2A,fuel=0.00
1779166431.710,0x300,8,39 FE FC 4B B9 23 33 A9,temp=97.00
1779166431.803,0x100,8,4A 7B E6 8A C5 67 21 B9,speed=74.00
1779166431.897,0x200,8,61 00 21 72 D6 97 CD 6B,fuel=0.00
1779166431.991,0x300,8,39 DB D9 C9 46 5C 1E 75,temp=97.00
1779166432.082,0x100,8,4A 88 25 F9 EC DC 94 BB,speed=74.00
1779166432.176,0x200,8,F9 00 7E 63 15 23 89 7D,fuel=0.00
1779166432.269,0x300,8,39 B2 0B 98 4A 3D 11 3D,temp=97.00
1779166432.361,0x100,8,4A 01 0B BC 4A 97 F3 7E,speed=74.00
1779166432.456,0x200,8,E0 00 F8 5E D8 0F 9A 27,fuel=0.00
1779166432.550,0x300,8,39 C6 AA 00 A8 6C 9D 2D,temp=97.00
1779166432.645,0x100,8,4A 8C 72 B7 B7 4D 47 79,speed=74.00
1779166432.739,0x200,8,4A 00 0F 06 24 84 B4 BD,fuel=0.00
1779166432.833,0x300,8,39 2A 8D FD 4E 99 2E EF,temp=97.00
1779166432.927,0x100,8,4A 3D C1 10 31 7B CC C7,speed=74.00
1779166433.018,0x200,8,8E 00 F8 4C 19 A4 B5 03,fuel=0.00
1779166433.111,0x300,8,39 B0 9F F9 81 01 12 11,temp=97.00
1779166433.205,0x100,8,4A AA D9 C6 49 A8 E3 D4,speed=74.00
1779166433.297,0x200,8,17 00 D7 5F 5D 87 61 AF,fuel=0.00
1779166433.394,0x300,8,39 C8 26 72 04 C3 1B 78,temp=97.00
1779166433.487,0x100,8,4A 1B 02 F1 D2 4E F2 C6,speed=74.00
1779166433.580,0x200,8,E2 00 64 81 CD 60 9B 16,fuel=0.00
1779166433.673,0x300,8,39 29 07 D4 46 4C EF 6B,temp=97.00
1779166433.768,0x100,8,4A 82 1A 15 78 62 22 C1,speed=74.00
1779166433.861,0x200,8,5C 00 63 B6 02 A0 76 B5,fuel=0.00
1779166433.956,0x300,8,39 0F 59 E7 A7 C0 48 FA,temp=97.00
1779166434.047,0x100,8,4A B0 AA 8D ED 8F AE C1,speed=74.00
1779166434.140,0x200,8,B7 00 71 DD 29 35 E6 F1,fuel=0.00
1779166434.233,0x300,8,39 48 FF 2F 2D 5B F7 76,temp=97.00
1779166434.326,0x100,8,4A 08 38 E4 40 51 79 AB,speed=74.00
1779166434.421,0x200,8,A0 00 8B 42 7F AB 7E 36,fuel=0.00
1779166434.512,0x300,8,39 56 10 85 8E B4 05 9B,temp=97.00
1779166434.607,0x100,8,4A 66 5B 52 E4 59 9F 6B,speed=74.00
1779166434.700,0x200,8,39 00 CC 61 86 FD A7 1F,fuel=0.00
1779166434.791,0x300,8,39 9E C8 D8 22 F8 03 4C,temp=97.00
1779166434.886,0x100,8,4A 97 2E 77 05 72 2A 9A,speed=74.00
1779166434.978,0x200,8,1E 00 F7 78 D5 0B 0B 46,fuel=0.00
1779166435.088,0x300,8,39 B9 C5 1D F8 AF 65 1E,temp=97.00
1779166435.194,0x100,8,4A E1 7E 1C 76 54 7A 27,speed=74.00
1779166435.288,0x200,8,26 00 F3 81 5D C1 5A 1D,fuel=0.00
1779166435.381,0x300,8,39 31 6F 07 15 59 AD B6,temp=97.00
1779166435.476,0x100,8,4A 6C B7 A6 75 E0 99 F0,speed=74.00
1779166435.568,0x200,8,2F 00 9A 3B 50 17 B5 1E,fuel=0.00
1779166435.661,0x300,8,39 18 F2 CD 05 D3 32 A7,temp=97.00
1779166435.754,0x100,8,4A B4 DD 92 27 4D 86 B8,speed=74.00
1779166435.847,0x200,8,08 00 B4 6B D9 E0 C4 BF,fuel=0.00
1779166435.933,0x300,8,39 E8 6D D0 52 B3 95 22,temp=97.00
1779166436.034,0x100,8,4A 12 9D 5D 19 67 75 84,speed=74.00
1779166436.127,0x200,8,38 00 60 48 0E 39 A7 16,fuel=0.00
1779166436.221,0x300,8,39 2E C9 52 D4 49 AD 97,temp=97.00
1779166436.314,0x100,8,4A DE CF 3F 7A 66 C3 0C,speed=74.00
1779166436.408,0x200,8,81 00 AC F6 32 39 F6 60,fuel=0.00
1779166436.502,0x300,8,39 73 CA 43 8E D2 C5 DD,temp=97.00
1779166436.597,0x100,8,4A 7D F6 8D 9A 24 82 86,speed=74.00
1779166436.689,0x200,8,B9 00 3B B7 BB 91 73 E1,fuel=0.00
1779166436.781,0x300,8,39 0C 84 1A 9B 68 1C 1E,temp=97.00
1779166436.876,0x100,8,4A BE 40 82 2B 5E 5E 79,speed=74.00
1779166436.969,0x200,8,E0 00 C5 16 B2 79 EF C5,fuel=0.00
1779166437.062,0x300,8,39 51 CA 01 12 11 70 79,temp=97.00
1779166437.155,0x100,8,4A F7 23 2F D3 16 54 A5,speed=74.00
1779166437.248,0x200,8,C8 00 E0 DC 81 A0 96 0F,fuel=0.00
1779166437.341,0x300,8,39 BC DE C1 24 E3 FC BC,temp=97.00
1779166437.435,0x100,8,4A 7D 8B 96 C3 A2 0C 9D,speed=74.00
1779166437.528,0x200,8,F4 00 9A 36 F3 0B FF 1D,fuel=0.00
1779166437.622,0x300,8,39 57 CE 52 00 41 29 27,temp=97.00
1779166437.714,0x100,8,4A E6 C6 DA 2B B5 98 8C,speed=74.00
1779166437.806,0x200,8,6C 00 61 22 09 42 CD A0,fuel=0.00
1779166437.899,0x300,8,39 92 8E 4D BC A3 08 36,temp=97.00
1779166438.008,0x100,8,4A 72 14 4D B0 6B 51 14,speed=74.00
1779166438.088,0x200,8,31 00 1A 78 12 CA 62 42,fuel=0.00
1779166438.194,0x300,8,39 E5 61 55 BB 2A BF 3A,temp=97.00
1779166438.288,0x100,8,4A 68 C3 8B 20 19 70 4A,speed=74.00
1779166438.380,0x200,8,CD 00 E7 82 5E 72 0A CA,fuel=0.00
1779166438.476,0x300,8,39 CD 95 7A 75 D3 47 33,temp=97.00
1779166438.569,0x100,8,4A 55 98 A3 F3 BE 61 29,speed=74.00
1779166438.662,0x200,8,15 00 27 23 BD 7C 99 68,fuel=0.00
1779166438.754,0x300,8,39 C0 1E 24 B6 F9 0A A1,temp=97.00
1779166438.847,0x100,8,4A 8A F7 F7 43 12 D3 F6,speed=74.00
1779166438.941,0x200,8,D5 00 53 CC 1D 32 91 0B,fuel=0.00
1779166439.035,0x300,8,39 38 CA 58 B0 6C 60 2F,temp=97.00
1779166439.129,0x100,8,4A E4 67 F2 D3 E9 D7 14,speed=74.00
1779166439.223,0x200,8,8F 00 07 9D 24 37 65 25,fuel=0.00
1779166439.315,0x300,8,39 94 16 D4 BB EA EE BF,temp=97.00
1779166439.407,0x100,8,4A AF 8B 2B 9C 45 26 C3,speed=74.00
1779166439.502,0x200,8,D2 00 4A F7 89 E8 A0 35,fuel=0.00
1779166439.599,0x300,8,39 49 62 44 09 66 D6 AA,temp=97.00
1779166439.689,0x100,8,4A 7E E5 92 E7 1E 71 5C,speed=74.00
1779166439.784,0x200,8,7F 00 82 77 28 10 E7 62,fuel=0.00
1779166439.878,0x300,8,39 08 DF F5 56 76 6D A1,temp=97.00
1779166439.969,0x100,8,4A 66 71 C8 75 3C 05 59,speed=74.00
1779166440.063,0x200,8,92 00 E4 DD 16 AB AE CB,fuel=0.00
1779166440.156,0x300,8,39 A5 22 9B 7F AD BA 27,temp=97.00
1779166440.250,0x100,8,4A AF 93 D9 D2 DF 26 E7,speed=74.00
1779166440.343,0x200,8,06 00 44 05 06 13 DE 3C,fuel=0.00
1779166440.437,0x300,8,39 9D 11 45 F8 F5 C5 D2,temp=97.00
1779166440.528,0x100,8,4A 75 92 4A 43 39 35 88,speed=74.00
1779166440.621,0x200,8,D6 00 26 B4 87 61 1D 65,fuel=0.00
1779166440.713,0x300,8,39 55 6C A0 39 69 A7 D3,temp=97.00
1779166440.820,0x100,8,4A 2A A1 C8 5D D8 AF 76,speed=74.00
1779166440.912,0x200,8,65 00 9A BB F5 DB 2A AF,fuel=0.00
1779166441.007,0x300,8,39 59 46 D6 28 6F 16 4E,temp=97.00
1779166441.099,0x100,8,4A 60 30 3F 30 7E F2 A1,speed=74.00
1779166441.192,0x200,8,53 00 B8 6E 3B 4C C4 27,fuel=0.00
1779166441.287,0x300,8,39 DF 8D 33 28 37 A3 F1,temp=97.00
1779166441.383,0x100,8,4A 9C D8 2B CD 7C 2F AB,speed=74.00
1779166441.476,0x200,8,82 00 02 3C 6F 23 C4 B5,fuel=0.00
1779166441.571,0x300,8,39 D9 48 F9 3D 11 29 59,temp=97.00
1779166441.663,0x100,8,4A 3E F1 00 BF B7 A1 4F,speed=74.00
1779166441.757,0x200,8,CF 00 87 69 A8 6E A2 34,fuel=0.00
1779166441.851,0x300,8,39 3C 85 F1 5A 9B 79 76,temp=97.00
1779166441.941,0x100,8,4A A0 83 ED 2C 36 68 84,speed=74.00
1779166442.034,0x200,8,A8 00 AE 54 75 AD 2F E9,fuel=0.00
1779166442.128,0x300,8,39 CF B5 AA B0 F9 31 6D,temp=97.00
1779166442.222,0x100,8,4A 60 46 56 19 13 19 FD,speed=74.00
1779166442.317,0x200,8,3B 00 46 F3 EA 36 52 09,fuel=0.00
1779166442.408,0x300,8,39 A3 7B 48 0A 79 1E 52,temp=97.00
1779166442.504,0x100,8,4A F5 0A 7F 53 DC A0 E4,speed=74.00
1779166442.599,0x200,8,0D 00 91 A1 80 1D 16 91,fuel=0.00
1779166442.691,0x300,8,39 A8 92 D8 8C 64 BB 49,temp=97.00
1779166442.786,0x100,8,4A 81 2E 49 E6 43 AB 70,speed=74.00
1779166442.879,0x200,8,FA 00 CD 8B 60 06 F2 DD,fuel=0.00
1779166442.977,0x300,8,39 C1 62 3A 46 2D E8 30,temp=97.00
1779166443.057,0x100,8,4A EF 96 B6 05 90 E2 CC,speed=74.00
1779166443.150,0x200,8,BA 00 3F 18 94 AA 39 E4,fuel=0.00
1779166443.245,0x300,8,39 13 DC E2 65 5B 83 07,temp=97.00
1779166443.337,0x100,8,4A AB DD 7A 54 71 2B 9A,speed=74.00
1779166443.431,0x200,8,27 00 12 32 D5 91 B5 EA,fuel=0.00
1779166443.524,0x300,8,39 CB 2F 8D 6F 4E CF B8,temp=97.00
1779166443.632,0x100,8,4A 38 0F 0D 52 72 B9 1A,speed=74.00
1779166443.725,0x200,8,10 00 82 52 63 AF 62 05,fuel=0.00
1779166443.817,0x300,8,39 25 28 6C 10 C6 11 45,temp=97.00
1779166443.911,0x100,8,4A 2D 21 9C 92 EA 00 AC,speed=74.00
1779166444.004,0x200,8,9D 00 A1 97 DB 3F 09 50,fuel=0.00
1779166444.099,0x300,8,39 CF 3D 3E 0E B4 1C 73,temp=97.00
1779166444.192,0x100,8,4A 7A F2 C4 AF B3 99 01,speed=74.00
1779166444.285,0x200,8,C3 00 27 1C 78 E0 B4 0B,fuel=0.00
1779166444.379,0x300,8,39 A1 2B 4E 81 CA 87 17,temp=97.00
1779166444.471,0x100,8,4A CF 0E DB A9 20 13 87,speed=74.00
1779166444.563,0x200,8,D2 00 2D 23 C7 8D 93 AF,fuel=0.00
1779166444.657,0x300,8,39 51 56 82 48 78 5E B4,temp=97.00
1779166444.749,0x100,8,4A D9 6E D8 11 80 D0 A0,speed=74.00
1779166444.842,0x200,8,5A 00 76 FC 14 CE 8E 2E,fuel=0.00
1779166444.936,0x300,8,39 55 E7 8C 8B 74 27 98,temp=97.00
1779166445.029,0x100,8,4A 49 90 49 96 E6 4A 36,speed=74.00
1779166445.122,0x200,8,B5 00 19 C3 68 33 9A DE,fuel=0.00
1779166445.218,0x300,8,39 99 B7 AE EB F7 FD D8,temp=97.00
1779166445.312,0x100,8,4A 16 B3 A3 EE B0 94 15,speed=74.00
1779166445.404,0x200,8,FF 00 DE 52 E4 69 5B 14,fuel=0.00
1779166445.498,0x300,8,39 12 5D 81 DE 1D E3 ED,temp=97.00
1779166445.592,0x100,8,4A B9 4E 17 B3 46 BD 94,speed=74.00
1779166445.683,0x200,8,BC 00 9A C5 FC 94 6F 59,fuel=0.00
1779166445.779,0x300,8,39 37 C1 A4 C2 DE 3F 9A,temp=97.00
1779166445.873,0x100,8,4A 46 E7 9F 17 0B 98 85,speed=74.00
1779166445.968,0x200,8,BB 00 B9 43 4A D7 E5 7E,fuel=0.00
1779166446.058,0x300,8,39 97 EF 86 BE E8 CA 55,temp=97.00
1779166446.151,0x100,8,4A 8F 10 B3 36 4E 70 C7,speed=74.00
1779166446.244,0x200,8,A8 00 55 EF 92 85 1A 48,fuel=0.00
1779166446.340,0x300,8,39 A2 C6 87 25 D6 88 59,temp=97.00
1779166446.445,0x100,8,4A D1 30 BE E2 26 10 F6,speed=74.00
1779166446.538,0x200,8,DB 00 96 1E A8 C4 36 70,fuel=0.00
1779166446.630,0x300,8,39 2A 44 40 21 9E E4 BB,temp=97.00
1779166446.723,0x100,8,4A 35 8E 11 56 AF 2C 8B,speed=74.00
1779166446.817,0x200,8,D1 00 DD 32 92 F0 36 EC,fuel=0.00
1779166446.910,0x300,8,39 E4 32 E6 45 A3 34 40,temp=97.00
1779166446.996,0x100,8,4A 74 51 38 62 82 C5 12,speed=74.00
1779166447.098,0x200,8,F4 00 39 F6 DB 1E EA F8,fuel=0.00
1779166447.190,0x300,8,39 E0 1A A0 33 E7 94 D6,temp=97.00
1779166447.286,0x100,8,4A 5B DB 46 28 6D BD B8,speed=74.00
1779166447.381,0x200,8,8F 00 6A A8 C3 1F 40 9D,fuel=0.00
1779166447.472,0x300,8,39 26 DA 9F B4 F2 52 A2,temp=97.00
1779166447.565,0x100,8,4A FD E7 B4 CE 50 03 2B,speed=74.00
1779166447.660,0x200,8,B5 00 76 80 EA B9 38 FF,fuel=0.00
1779166447.751,0x300,8,39 29 D2 2D E2 44 39 B3,temp=97.00
1779166447.845,0x100,8,4A EF 18 5A 49 BD E3 43,speed=74.00
1779166447.937,0x200,8,D7 00 8B D1 A9 FA E3 FA,fuel=0.00
1779166448.032,0x300,8,39 CA 41 1D 84 1E 2A 5E,temp=97.00
1779166448.124,0x100,8,4A B6 CA 74 89 9A AA F6,speed=74.00
1779166448.219,0x200,8,E4 00 9B 23 52 DF 80 C2,fuel=0.00
1779166448.313,0x300,8,39 5B C3 63 0B E0 02 50,temp=97.00
1779166448.404,0x100,8,4A F4 E2 41 BA 13 8A 06,speed=74.00
1779166448.497,0x200,8,23 00 D6 68 E6 5D 33 4B,fuel=0.00
1779166448.590,0x300,8,39 76 7D 14 7B A9 03 C8,temp=97.00
1779166448.682,0x100,8,4A 60 98 60 61 08 2A A5,speed=74.00
1779166448.773,0x200,8,E0 00 B5 D8 7D FF BA 1B,fuel=0.00
1779166448.882,0x300,8,39 4E 7B 31 7B FB 03 B4,temp=97.00
1779166448.977,0x100,8,4A 7F 11 0F DB 8B E2 1E,speed=74.00
1779166449.067,0x200,8,C8 00 28 33 F1 C4 97 7B,fuel=0.00
1779166449.164,0x300,8,39 00 61 DF BB AE 0C 27,temp=97.00
1779166449.255,0x100,8,4A 0B CE 77 A2 41 5E 91,speed=74.00
1779166449.347,0x200,8,31 00 0E 74 B3 3F 65 BF,fuel=0.00
1779166449.440,0x300,8,39 AA 1C AC B4 1F D2 FA,temp=97.00
1779166449.534,0x100,8,4A 8A 6A 67 7B 44 7B 3E,speed=74.00
1779166449.627,0x200,8,1C 00 AB EA A9 81 73 4F,fuel=0.00
1779166449.721,0x300,8,39 F9 C5 39 26 D9 80 AA,temp=97.00
1779166449.814,0x100,8,4A 75 F7 DC 56 FC 08 FB,speed=74.00
1779166449.903,0x200,8,CD 00 36 DC 22 1D AE 06,fuel=0.00
1779166449.997,0x300,8,39 0E B1 AA 74 F3 26 A1,temp=97.00
1779166450.090,0x100,8,4A 3B FC 0E 53 0F E0 42,speed=74.00
1779166450.182,0x200,8,80 00 78 B5 76 AB AA 46,fuel=0.00
1779166450.276,0x300,8,39 FE 86 E2 37 57 E9 A0,temp=97.00
1779166450.369,0x100,8,4A 9C 0D 91 0F BA 00 8C,speed=74.00
1779166450.462,0x200,8,96 00 D5 F4 50 A7 32 F1,fuel=0.00
1779166450.555,0x300,8,39 AF D6 6A 72 37 35 97,temp=97.00
1779166450.650,0x100,8,4A 93 4E 73 0E 94 59 E2,speed=74.00
1779166450.744,0x200,8,D8 00 69 A1 29 58 C4 7C,fuel=0.00
1779166450.839,0x300,8,39 95 F8 66 D7 1D 0C ED,temp=97.00
1779166450.931,0x100,8,4A AC 7F 5A BC 67 B1 BE,speed=74.00
1779166451.038,0x200,8,7D 00 F9 22 82 F1 60 CD,fuel=0.00
1779166451.132,0x300,8,39 1D 4D A7 F7 0C 4E A7,temp=97.00
1779166451.221,0x100,8,4A 35 5E 6B 46 94 E2 B6,speed=74.00
1779166451.315,0x200,8,12 00 02 05 6C 94 B6 C4,fuel=0.00
1779166451.410,0x300,8,39 D7 2A B9 B8 6E 65 8B,temp=97.00
1779166451.501,0x100,8,4A 83 3C D0 DC 69 AB 97,speed=74.00
1779166451.594,0x200,8,2E 00 C7 28 00 76 0A AB,fuel=0.00
1779166451.687,0x300,8,39 09 C4 3C D0 19 76 92,temp=97.00
1779166451.781,0x100,8,4A DE 23 DB 11 B6 CF 9F,speed=74.00
1779166451.874,0x200,8,90 00 1C 3F 35 8A 0E 6C,fuel=0.00
1779166451.969,0x300,8,39 DB 06 2C 1C FA 88 7A,temp=97.00
1779166452.060,0x100,8,4A DA C6 55 28 13 22 B8,speed=74.00
1779166452.152,0x200,8,F6 00 02 5F 50 F5 6E DA,fuel=0.00
1779166452.246,0x300,8,39 7C EE 99 BF 53 C5 2A,temp=97.00
1779166452.339,0x100,8,4A 64 DA 8C 83 70 D2 A8,speed=74.00
1779166452.434,0x200,8,D0 00 12 A2 26 A6 DB C9,fuel=0.00
1779166452.528,0x300,8,39 A4 1D F6 9F 56 84 40,temp=97.00
1779166452.618,0x100,8,4A B0 64 DF B7 A7 F9 34,speed=74.00
1779166452.713,0x200,8,A1 00 EB C0 5A A1 13 42,fuel=0.00
1779166452.805,0x300,8,39 AD DD 48 99 4D DD 9D,temp=97.00
1779166452.915,0x100,8,4A 29 3E A8 3C B3 B9 A4,speed=74.00
1779166453.005,0x200,8,E6 00 EC 22 72 44 1A 6A,fuel=0.00
1779166453.101,0x300,8,39 84 7F 64 A1 82 ED 49,temp=97.00
1779166453.195,0x100,8,4A AF 05 CD E4 50 17 40,speed=74.00
1779166453.289,0x200,8,BB 00 3B 7D 8A 4F 2B 9D,fuel=0.00
1779166453.369,0x300,8,39 EE 28 C8 5B D3 09 4D,temp=97.00
1779166453.464,0x100,8,4A EA 75 AF D9 91 AC BD,speed=74.00
1779166453.558,0x200,8,FF 00 8A 9F 86 D6 93 B1,fuel=0.00
1779166453.652,0x300,8,39 02 A7 25 60 EE 78 DF,temp=97.00
1779166453.745,0x100,8,4A D2 6F AA C7 DE 49 65,speed=74.00
1779166453.840,0x200,8,2F 00 03 2A 74 01 B9 D3,fuel=0.00
1779166453.932,0x300,8,39 C6 F8 00 AD EB 5E FE,temp=97.00
1779166454.034,0x100,8,4A 14 D0 99 23 A0 C3 34,speed=74.00
1779166454.129,0x200,8,EB 00 FF 2F 71 1F 36 99,fuel=0.00
1779166454.221,0x300,8,39 51 23 56 6C 84 B6 89,temp=97.00
1779166454.310,0x100,8,4A 8B 89 0D C0 8D 99 3A,speed=74.00
1779166454.405,0x200,8,F2 00 83 DD 05 E0 86 65,fuel=0.00
1779166454.498,0x300,8,39 A0 9B 2B E6 B5 1D A0,temp=97.00
1779166454.593,0x100,8,4A 5B A8 22 0F 2B 3F AC,speed=74.00
1779166454.687,0x200,8,40 00 40 24 CA 6A D5 55,fuel=0.00
1779166454.781,0x300,8,39 7E C9 76 02 E9 CA F5,temp=97.00
1779166454.874,0x100,8,4A 71 D8 C7 42 70 98 B5,speed=74.00
1779166454.968,0x200,8,6E 00 76 2B 61 53 5E F5,fuel=0.00
1779166455.058,0x300,8,39 65 1E C9 0A DF 0F DF,temp=97.00
1779166455.154,0x100,8,4A AE 4F 56 13 C4 E7 85,speed=74.00
1779166455.248,0x200,8,9D 00 2D 2B 8A AB FC 41,fuel=0.00
1779166455.338,0x300,8,39 86 62 47 84 45 CA 09,temp=97.00
1779166455.432,0x100,8,4A 1B 12 05 23 D9 A9 EC,speed=74.00
1779166455.538,0x200,8,E0 00 D4 43 FC 2C 64 74,fuel=0.00
1779166455.632,0x300,8,39 A1 41 19 4D 40 7B 04,temp=97.00
1779166455.725,0x100,8,4A 09 17 03 14 0D 4A BB,speed=74.00
1779166455.819,0x200,8,0F 00 58 C5 5B 7A 0F 70,fuel=0.00
1779166455.911,0x300,8,39 85 6E 00 04 58 C8 17,temp=97.00
1779166456.004,0x100,8,4A 3F 7B 31 40 85 00 72,speed=74.00
1779166456.099,0x200,8,5A 00 16 84 B4 85 A4 89,fuel=0.00
1779166456.191,0x300,8,39 28 A2 87 59 7D AF 6D,temp=97.00
1779166456.285,0x100,8,4A 19 51 85 DA 5C 4B 59,speed=74.00
1779166456.377,0x200,8,11 00 01 81 CD F5 42 D6,fuel=0.00
1779166456.471,0x300,8,39 93 48 38 DD 47 FB 28,temp=97.00
1779166456.566,0x100,8,4A 06 04 EA 70 1F E4 71,speed=74.00
1779166456.658,0x200,8,D8 00 05 4D 71 98 D4 14,fuel=0.00
1779166456.751,0x300,8,39 94 09 1C 57 75 08 1B,temp=97.00
1779166456.845,0x100,8,4A C3 4E 1E 2B 64 AF 36,speed=74.00
1779166456.939,0x200,8,63 00 7E 0E 85 1B C5 88,fuel=0.00
1779166457.032,0x300,8,39 A7 C0 2D 91 45 DA A8,temp=97.00
1779166457.125,0x100,8,4A 84 64 7D 1D C8 73 87,speed=74.00
1779166457.220,0x200,8,52 00 57 EE 8E 28 B6 13,fuel=0.00
1779166457.314,0x300,8,39 E1 C5 D9 2E 90 36 83,temp=97.00
1779166457.406,0x100,8,4A 2A A3 CB ED 08 2E C1,speed=74.00
1779166457.501,0x200,8,18 00 E4 1A C7 7C 7A E9,fuel=0.00
1779166457.593,0x300,8,39 26 F4 17 30 79 23 05,temp=97.00
1779166457.686,0x100,8,4A EB 01 5A 8F AD 32 2F,speed=74.00
1779166457.779,0x200,8,F8 00 C4 EA B4 8C 3A 6F,fuel=0.00
1779166457.873,0x300,8,39 DE 9C 3B FF D9 40 1A,temp=97.00
1779166457.969,0x100,8,4A DB C9 54 AB 79 1F 25,speed=74.00
1779166458.060,0x200,8,B0 00 25 13 3D 5F 4D 94,fuel=0.00
1779166458.160,0x300,8,39 C0 CD 22 BA 41 50 B1,temp=97.00
1779166458.255,0x100,8,4A 5C 18 0A 23 C3 96 53,speed=74.00
1779166458.350,0x200,8,06 00 2E 62 1C FB FC E9,fuel=0.00
1779166458.441,0x300,8,39 B0 0C 82 E2 F4 48 E3,temp=97.00
1779166458.534,0x100,8,4A 96 42 72 B8 05 A8 C9,speed=74.00
1779166458.625,0x200,8,09 00 B5 90 F3 F9 6E 60,fuel=0.00
1779166458.720,0x300,8,39 E6 9C E5 1F 97 83 39,temp=97.00
1779166458.812,0x100,8,4A 13 F4 D1 03 67 61 40,speed=74.00
1779166458.904,0x200,8,40 00 0D 92 D9 51 26 00,fuel=0.00
1779166458.998,0x300,8,39 AB 72 9C 90 1F 9C 65,temp=97.00
1779166459.092,0x100,8,4A 6E E4 3B 69 3B 43 72,speed=74.00
1779166459.185,0x200,8,FC 00 33 DC 35 F9 02 91,fuel=0.00
1779166459.278,0x300,8,39 C0 F8 67 7E BA B5 82,temp=97.00
1779166459.369,0x100,8,4A 9D EA B5 B5 64 F7 C4,speed=74.00
1779166459.461,0x200,8,D4 00 99 7A 49 27 4E 94,fuel=0.00
1779166459.571,0x300,8,39 53 8D F4 13 3C 53 24,temp=97.00
1779166459.650,0x100,8,4A 83 73 70 FA 93 0C C2,speed=74.00
1779166459.744,0x200,8,DB 00 01 8A F3 EB AF 4A,fuel=0.00
1779166459.837,0x300,8,39 A9 36 9F A6 18 38 FB,temp=97.00
1779166459.932,0x100,8,4A C7 04 D2 F4 C2 3E 2D,speed=74.00
1779166460.038,0x200,8,AB 00 86 87 21 52 83 CF,fuel=0.00
1779166460.131,0x300,8,39 03 C5 38 73 1F 87 5E,temp=97.00
1779166460.224,0x100,8,4A F6 12 2D 5A 4E DB B3,speed=74.00
1779166460.318,0x200,8,7B 00 5D 33 EC 7D 14 57,fuel=0.00
1779166460.411,0x300,8,39 10 F0 94 C3 3D CF 49,temp=97.00
1779166460.503,0x100,8,4A 27 3E C9 2A 61 4A CA,speed=74.00
1779166460.599,0x200,8,2E 00 6A 04 E4 1C 67 72,fuel=0.00
1779166460.690,0x300,8,39 67 86 BB FE F9 F8 21,temp=97.00
1779166460.784,0x100,8,4A 9D 3B D0 4B 65 CD 11,speed=74.00
1779166460.878,0x200,8,9D 00 75 6E 29 DC 57 0E,fuel=0.00
1779166460.973,0x300,8,39 42 80 C8 52 55 F8 08,temp=97.00
1779166461.065,0x100,8,4A 08 FD 34 F2 CB 76 53,speed=74.00
1779166461.162,0x200,8,9F 00 5B 8C 12 24 57 E2,fuel=0.00
1779166461.249,0x300,8,39 B3 34 8E D0 B3 0E F1,temp=97.00
1779166461.342,0x100,8,4A 91 3B D2 42 39 EF CF,speed=74.00
1779166461.436,0x200,8,B7 00 43 55 CB D7 ED 11,fuel=0.00
1779166461.529,0x300,8,39 99 0F 90 24 B3 2C 28,temp=97.00
1779166461.622,0x100,8,4A 44 EB C4 FD AD 07 6C,speed=74.00
1779166461.714,0x200,8,46 00 5D 38 58 B3 02 29,fuel=0.00
1779166461.807,0x300,8,39 85 02 21 DC 4D 16 A4,temp=97.00
1779166461.899,0x100,8,4A 10 1F 79 EF DE 5D 32,speed=74.00
1779166461.994,0x200,8,91 00 C0 FA 46 96 EB 6C,fuel=0.00
1779166462.089,0x300,8,39 15 06 2A 55 AF 6A 90,temp=97.00
1779166462.182,0x100,8,4A 3F 0F 02 67 FE DC 82,speed=74.00
1779166462.275,0x200,8,19 00 66 01 35 4F 92 06,fuel=0.00
1779166462.369,0x300,8,39 09 B4 E0 64 78 B9 59,temp=97.00
1779166462.475,0x100,8,4A B0 79 BB 1D A5 12 AF,speed=74.00
1779166462.567,0x200,8,81 00 CE AC 46 8E 8E B8,fuel=0.00
1779166462.661,0x300,8,39 B0 E6 93 49 10 AA F3,temp=97.00
1779166462.752,0x100,8,4A 6A B2 24 6B 26 15 40,speed=74.00
1779166462.848,0x200,8,D9 00 CF 16 12 C2 2A 01,fuel=0.00
1779166462.942,0x300,8,39 4C F0 F0 DB B3 F1 71,temp=97.00
1779166463.038,0x100,8,4A CF 04 21 8F 63 07 84,speed=74.00
1779166463.130,0x200,8,80 00 F0 E4 FF A5 27 02,fuel=0.00
1779166463.223,0x300,8,39 1E 6D 58 3D 5E 20 90,temp=97.00
1779166463.305,0x100,8,4A DD 7C D4 CC CD CB CA,speed=74.00
1779166463.412,0x200,8,71 00 40 F5 09 CB 44 10,fuel=0.00
1779166463.503,0x300,8,39 7F 3C 2B 25 6B 60 97,temp=97.00
1779166463.598,0x100,8,4A 7B 53 2B 82 55 74 5B,speed=74.00
1779166463.688,0x200,8,DF 00 74 AA D1 D6 82 DF,fuel=0.00
1779166463.781,0x300,8,39 ED AC B5 1F 97 58 42,temp=97.00
1779166463.874,0x100,8,4A C7 82 B2 2F A5 F6 BF,speed=74.00
1779166463.969,0x200,8,9D 00 F8 CF 0B 5B 63 53,fuel=0.00
1779166464.063,0x300,8,39 35 4D 20 EB F8 32 82,temp=97.00
1779166464.155,0x100,8,4A 78 83 DC 37 E6 9E CA,speed=74.00
1779166464.247,0x200,8,3A 00 73 68 06 8D 82 5F,fuel=0.00
1779166464.341,0x300,8,39 EE 1F 71 40 1D EF 98,temp=97.00
1779166464.437,0x100,8,4A 13 3F F9 53 A6 1A 9D,speed=74.00
1779166464.528,0x200,8,D5 00 BD DD 98 E3 2B 82,fuel=0.00
1779166464.622,0x300,8,39 43 02 90 89 C5 85 7D,temp=97.00
1779166464.716,0x100,8,4A DA 54 E7 E3 B4 55 AD,speed=74.00
1779166464.808,0x200,8,20 00 78 6C D5 E9 CB E0,fuel=0.00
1779166464.899,0x300,8,39 5E E3 1F F4 B2 0D 33,temp=97.00
1779166465.007,0x100,8,4A F7 B1 34 E2 0C 21 C0,speed=74.00
1779166465.103,0x200,8,37 00 2A 68 94 05 99 94,fuel=0.00
1779166465.195,0x300,8,39 19 CA 5D F3 4B 2E 62,temp=97.00
1779166465.288,0x100,8,4A 00 85 AC 66 23 35 C6,speed=74.00
1779166465.382,0x200,8,E5 00 EA 09 E3 BF 9B 50,fuel=0.00
1779166465.475,0x300,8,39 1C 09 99 9B 9F B4 F5,temp=97.00
1779166465.569,0x100,8,4A D4 A0 14 E9 1F 73 13,speed=74.00
1779166465.662,0x200,8,59 00 81 69 02 AD A8 AA,fuel=0.00
1779166465.754,0x300,8,39 51 41 A3 EC 4F 12 E6,temp=97.00
1779166465.848,0x100,8,4A 3A 9B 41 21 A2 11 EC,speed=74.00
1779166465.940,0x200,8,3E 00 49 2E 5D 26 83 51,fuel=0.00
1779166466.032,0x300,8,39 92 97 88 E0 AC 8B 6C,temp=97.00
1779166466.127,0x100,8,4A 12 31 5D 8E 49 3F 53,speed=74.00
1779166466.221,0x200,8,89 00 EE 95 B4 38 82 3D,fuel=0.00
1779166466.315,0x300,8,39 08 5A 7B AA D6 7B 18,temp=97.00
1779166466.408,0x100,8,4A 3B 57 2C 2D 1E D9 61,speed=74.00
1779166466.503,0x200,8,11 00 20 4A 9C 79 B0 94,fuel=0.00
1779166466.596,0x300,8,39 CD 2F CA FB 86 13 74,temp=97.00
1779166466.689,0x100,8,4A 5A 83 BC A4 7C BF 01,speed=74.00
1779166466.782,0x200,8,A4 00 DA AA 6B C4 25 80,fuel=0.00
1779166466.873,0x300,8,39 A2 97 0B CC 97 D3 C6,temp=97.00
1779166466.965,0x100,8,4A B3 97 CE EA 09 7F 49,speed=74.00
1779166467.059,0x200,8,EB 00 BC 53 96 80 2B 85,fuel=0.00
1779166467.153,0x300,8,39 DA FC 08 A3 B7 07 32,temp=97.00
1779166467.246,0x100,8,4A F2 45 7C B0 52 09 70,speed=74.00
1779166467.338,0x200,8,7F 00 87 ED 25 59 4E 23,fuel=0.00
1779166467.433,0x300,8,39 48 8E 69 F5 D4 6C 96,temp=97.00
1779166467.525,0x100,8,4A 6F 39 21 5C FD 60 D6,speed=74.00
1779166467.618,0x200,8,D8 00 79 1A 74 11 EE 0C,fuel=0.00
1779166467.727,0x300,8,39 BB 0E BF 6B 54 DA FC,temp=97.00
1779166467.807,0x100,8,4A 99 3E BF 21 0B 39 25,speed=74.00
1779166467.914,0x200,8,3F 00 ED 38 17 3F 5B D5,fuel=0.00
1779166468.007,0x300,8,39 D0 76 09 D2 D3 6F DE,temp=97.00
1779166468.100,0x100,8,4A 73 BB FA 8A D7 9C FC,speed=74.00
1779166468.192,0x200,8,27 00 7C 81 41 38 FB C4,fuel=0.00
1779166468.288,0x300,8,39 81 2C 53 02 61 B1 E6,temp=97.00
1779166468.380,0x100,8,4A 1A AC AA 80 89 90 6F,speed=74.00
1779166468.476,0x200,8,5E 00 82 B1 86 C0 F0 0F,fuel=0.00
1779166468.567,0x300,8,39 10 8C D4 4B E1 60 E4,temp=97.00
1779166468.659,0x100,8,4A 4C 35 EA 60 24 B7 0F,speed=74.00
1779166468.751,0x200,8,5F 00 C4 CC 19 6F 24 8D,fuel=0.00
1779166468.846,0x300,8,39 98 9E AA 30 2F 02 72,temp=97.00
1779166468.937,0x100,8,4A B6 45 74 D4 87 E5 48,speed=74.00
1779166469.031,0x200,8,BF 00 AB 25 58 28 87 EC,fuel=0.00
1779166469.125,0x300,8,39 53 0C 89 54 F3 D2 54,temp=97.00
1779166469.216,0x100,8,4A 59 96 67 63 FF 29 78,speed=74.00
1779166469.308,0x200,8,47 00 41 5F A0 15 AF 05,fuel=0.00
1779166469.400,0x300,8,39 15 AF E0 2D BC 80 C3,temp=97.00
1779166469.509,0x100,8,4A EE 97 CC 1F 52 AE 8F,speed=74.00
1779166469.617,0x200,8,47 00 50 37 62 12 9D 73,fuel=0.00
1779166469.710,0x300,8,39 E1 B4 11 2E 80 BC 6B,temp=97.00
1779166469.803,0x100,8,4A 10 CB 0A BF 7C 39 B4,speed=74.00
1779166469.895,0x200,8,22 00 40 D6 F0 C1 B0 10,fuel=0.00
1779166469.992,0x300,8,39 30 BE C4 1C 42 24 34,temp=97.00
1779166470.082,0x100,8,4A E9 B3 3A 05 28 11 AF,speed=74.00
1779166470.177,0x200,8,4D 00 C9 A2 06 AE 94 1C,fuel=0.00
1779166470.268,0x300,8,39 E4 CA EE 73 AE FB 71,temp=97.00
1779166470.362,0x100,8,4A 18 CF AA 94 61 E4 0C,speed=74.00
1779166470.455,0x200,8,C7 00 A5 AA 3E 41 7C 58,fuel=0.00
1779166470.550,0x300,8,39 5F D9 72 E6 4A 7A 32,temp=97.00
1779166470.643,0x100,8,4A 89 10 26 27 0A 3E DA,speed=74.00
1779166470.739,0x200,8,4F 00 EB B5 19 A4 C4 63,fuel=0.00
1779166470.830,0x300,8,39 92 52 3B FA B6 C5 A2,temp=97.00
1779166470.923,0x100,8,4A 4B 49 3E 76 DC E1 CA,speed=74.00
1779166471.016,0x200,8,4F 00 36 C2 E2 D3 2F 94,fuel=0.00
1779166471.110,0x300,8,39 2A 14 A6 24 AF 86 E8,temp=97.00
1779166471.202,0x100,8,4A 9B 3B 27 C5 A6 12 01,speed=74.00
1779166471.295,0x200,8,B0 00 74 8F 3B 3E 09 64,fuel=0.00
1779166471.388,0x300,8,39 4B 1F BB F0 85 CE BC,temp=97.00
1779166471.482,0x100,8,4A 04 D0 2D 83 3C A9 A0,speed=74.00
1779166471.575,0x200,8,4A 00 7A A0 3F F4 C8 F8,fuel=0.00
1779166471.668,0x300,8,39 2F E0 7A C8 7E FE 02,temp=97.00
1779166471.762,0x100,8,4A 19 E8 FF FC 9A 65 DD,speed=74.00
1779166471.855,0x200,8,3A 00 7C AF B2 BF F0 34,fuel=0.00
1779166471.948,0x300,8,39 0F E8 22 F5 F1 F3 5A,temp=97.00
1779166472.041,0x100,8,4A 7B 53 86 EF 59 12 DA,speed=74.00
1779166472.135,0x200,8,F7 00 4A D2 1D A5 50 6D,fuel=0.00
1779166472.228,0x300,8,39 43 A5 1D 06 29 79 19,temp=97.00
1779166472.321,0x100,8,4A 88 4E B5 E1 C4 C6 45,speed=74.00
1779166472.419,0x200,8,84 00 73 10 35 F5 33 68,fuel=0.00
1779166472.522,0x300,8,39 B2 2E 2E BC D2 B4 57,temp=97.00
1779166472.614,0x100,8,4A 9B AE 90 63 82 BB 1A,speed=74.00
1779166472.708,0x200,8,68 00 FA 66 48 60 F4 97,fuel=0.00
1779166472.801,0x300,8,39 5D E5 F4 4B B5 1F 9E,temp=97.00
1779166472.894,0x100,8,4A 19 99 C2 E3 46 E2 3A,speed=74.00
1779166472.988,0x200,8,FC 00 36 5B 85 12 A8 1F,fuel=0.00
1779166473.080,0x300,8,39 53 39 C2 B0 56 FF A1,temp=97.00
1779166473.175,0x100,8,4A 8D EB 60 5F 22 89 4A,speed=74.00
1779166473.268,0x200,8,68 00 16 5B 68 1D 66 8B,fuel=0.00
1779166473.361,0x300,8,39 BF 49 4D 98 9A D3 93,temp=97.00
1779166473.455,0x100,8,4A 81 75 67 50 75 AE 71,speed=74.00
1779166473.550,0x200,8,6C 00 7D 64 CA B8 45 6E,fuel=0.00
1779166473.642,0x300,8,39 5C A5 00 71 DD A4 51,temp=97.00
1779166473.736,0x100,8,4A 44 A7 97 57 9E C4 03,speed=74.00
1779166473.829,0x200,8,A8 00 F7 9B F1 FA E6 DD,fuel=0.00
1779166473.921,0x300,8,39 3F C5 83 62 CD 1E 58,temp=97.00
1779166474.014,0x100,8,4A 74 01 4F AA 7E BB BF,speed=74.00
1779166474.108,0x200,8,59 00 B7 BB 0A B3 B6 08,fuel=0.00
1779166474.203,0x300,8,39 21 F3 42 C1 CE 3D FE,temp=97.00
1779166474.294,0x100,8,4A AF B6 7F 5C 2B C5 03,speed=74.00
1779166474.388,0x200,8,F3 00 92 1E 4C 33 9E 57,fuel=0.00
1779166474.482,0x300,8,39 FF B3 FA 6C 35 EA 65,temp=97.00
1779166474.576,0x100,8,4A 1B 01 AE E5 BA 07 19,speed=74.00
1779166474.669,0x200,8,A0 00 92 10 13 7C DC 1C,fuel=0.00
1779166474.762,0x300,8,39 2A 93 26 B6 CE 5E DE,temp=97.00
1779166474.857,0x100,8,4A 5E B2 AD E0 E8 37 AB,speed=74.00
1779166474.953,0x200,8,BA 00 32 2C 29 A1 B1 D3,fuel=0.00
1779166475.044,0x300,8,39 47 4A 6F 4F F0 19 D6,temp=97.00
1779166475.137,0x100,8,4A 11 AB 15 76 51 FB C3,speed=74.00
1779166475.230,0x200,8,AD 00 A6 8E 31 3B 5A 9D,fuel=0.00
1779166475.323,0x300,8,39 2F 15 A8 62 4E 2E 5C,temp=97.00
1779166475.415,0x100,8,4A DA F7 67 8F 13 2B BB,speed=74.00
1779166475.510,0x200,8,B2 00 D5 94 BA B6 6D B2,fuel=0.00
1779166475.602,0x300,8,39 36 9B FA 43 A3 1A E1,temp=97.00
1779166475.711,0x100,8,4A 79 F8 43 7F 4C 4A C9,speed=74.00
1779166475.803,0x200,8,C6 00 B6 2F 7E 86 24 1C,fuel=0.00
1779166475.896,0x300,8,39 91 68 96 D5 AD E3 F6,temp=97.00
1779166475.991,0x100,8,4A 20 6A 36 9A 3D 0F C4,speed=74.00
1779166476.083,0x200,8,82 00 B8 31 83 79 57 E2,fuel=0.00
1779166476.175,0x300,8,39 4E 4A 2D 6B F4 F1 EB,temp=97.00
1779166476.269,0x100,8,4A FC 52 1B B0 C9 F8 24,speed=74.00
1779166476.362,0x200,8,5E 00 51 96 B1 82 52 A3,fuel=0.00
1779166476.454,0x300,8,39 51 13 CC 08 A7 CE 10,temp=97.00
1779166476.547,0x100,8,4A 8E AF 82 A3 E0 DB 0E,speed=74.00
1779166476.643,0x200,8,5B 00 C5 A5 45 D0 26 6D,fuel=0.00
1779166476.737,0x300,8,39 EB FC FC 03 0B 93 B8,temp=97.00
1779166476.831,0x100,8,4A C4 29 8F E3 F3 74 4A,speed=74.00
1779166476.926,0x200,8,83 00 AE 35 6E 14 72 80,fuel=0.00
1779166477.020,0x300,8,39 CA DE 53 EC 77 DF 39,temp=97.00
1779166477.112,0x100,8,4A 15 C6 9E 4D 26 EF 57,speed=74.00
1779166477.206,0x200,8,DC 00 CF AF EB 8B 43 78,fuel=0.00
1779166477.300,0x300,8,39 43 56 9B EB E8 5E 40,temp=97.00
1779166477.395,0x100,8,4A AC B7 5B AC 2B DC 5E,speed=74.00
1779166477.487,0x200,8,0F 00 BC B6 08 76 8C B0,fuel=0.00
1779166477.581,0x300,8,39 0E 59 E7 6F FC D6 53,temp=97.00
1779166477.676,0x100,8,4A 0D 55 03 89 BB 6E 50,speed=74.00
1779166477.768,0x200,8,2B 00 48 22 53 D0 A6 7B,fuel=0.00
1779166477.863,0x300,8,39 4E 86 53 B2 74 77 69,temp=97.00
1779166477.950,0x100,8,4A 5E 8A 19 20 93 63 7E,speed=74.00
1779166478.049,0x200,8,B4 00 38 0C 57 CC 97 A4,fuel=0.00
1779166478.140,0x300,8,39 3F CA 7A 8A F5 BD E6,temp=97.00
1779166478.233,0x100,8,4A 27 FF AB B0 A8 F0 7F,speed=74.00
1779166478.327,0x200,8,11 00 FC 85 77 C6 AF 0F,fuel=0.00
1779166478.421,0x300,8,39 6F C1 BB 92 DB DD C6,temp=97.00
1779166478.513,0x100,8,4A A9 35 63 9F AE C3 38,speed=74.00
1779166478.605,0x200,8,47 00 63 AF C9 2D 5B 83,fuel=0.00
1779166478.699,0x300,8,39 42 CA 01 5F 58 2C 48,temp=97.00
1779166478.793,0x100,8,4A BA 4F 0A 77 77 BB 15,speed=74.00
1779166478.885,0x200,8,4D 00 FC E0 C7 2D 71 13,fuel=0.00
1779166478.980,0x300,8,39 FF DE 07 4A 62 E3 29,temp=97.00
1779166479.073,0x100,8,4A 49 26 B3 1A 2F 10 F4,speed=74.00
1779166479.179,0x200,8,F3 00 C7 7F 1A F8 28 0E,fuel=0.00
1779166479.271,0x300,8,39 FE 57 B4 0A 14 43 EA,temp=97.00
1779166479.363,0x100,8,4A 11 15 C5 D9 74 ED 10,speed=74.00
1779166479.459,0x200,8,BA 00 7D 20 FA D7 3F EC,fuel=0.00
1779166479.550,0x300,8,39 63 17 3D 1A E4 5A E4,temp=97.00
1779166479.645,0x100,8,4A 35 7C BC 77 BD 2A BB,speed=74.00
1779166479.738,0x200,8,FC 00 9D 3F 28 FE E7 AE,fuel=0.00
1779166479.830,0x300,8,39 09 34 CF 9F CB 6E CE,temp=97.00
1779166479.925,0x100,8,4A 86 B1 E5 50 92 AE 54,speed=74.00
1779166480.017,0x200,8,16 00 74 34 4B D2 FF 42,fuel=0.00
1779166480.111,0x300,8,39 82 46 06 09 25 7A 8A,temp=97.00
1779166480.207,0x100,8,4A D9 D6 5C 2D A9 FE 42,speed=74.00
1779166480.300,0x200,8,22 00 87 93 41 9B BD C6,fuel=0.00
1779166480.395,0x300,8,39 0E 5C 70 60 87 23 FB,temp=97.00
1779166480.487,0x100,8,4A 4E 6D 76 B1 7C F2 A2,speed=74.00
1779166480.580,0x200,8,E9 00 89 56 26 16 00 DD,fuel=0.00
1779166480.674,0x300,8,39 D1 7D DD BF 89 7A 5C,temp=97.00
1779166480.767,0x100,8,4A FE 42 EB 25 DB 99 92,speed=74.00
1779166480.860,0x200,8,D1 00 76 DA 9F BA 70 64,fuel=0.00
1779166480.953,0x300,8,39 48 1E C7 7E E3 65 73,temp=97.00
1779166481.047,0x100,8,4A BF 5D 33 BA 69 99 14,speed=74.00
1779166481.139,0x200,8,9E 00 FD 97 DE 64 9D C2,fuel=0.00
1779166481.233,0x300,8,39 68 E9 F7 42 E7 C5 89,temp=97.00
1779166481.326,0x100,8,4A E1 26 4D B5 97 A8 95,speed=74.00
1779166481.419,0x200,8,6C 00 F2 A1 5C 78 39 D9,fuel=0.00
1779166481.512,0x300,8,39 CA FD 50 3B 3E 73 D6,temp=97.00
1779166481.605,0x100,8,4A 32 9E 5B FD C5 27 7F,speed=74.00
1779166481.701,0x200,8,8F 00 3D D5 DD 53 C3 D7,fuel=0.00
1779166481.793,0x300,8,39 FF 0C 0D D2 B8 F0 8F,temp=97.00
1779166481.887,0x100,8,4A 83 74 57 AB EE 9D 38,speed=74.00
1779166481.984,0x200,8,7E 00 94 3D 51 72 5F 73,fuel=0.00
1779166482.072,0x300,8,39 1E 09 1B E7 84 FC 24,temp=97.00
1779166482.168,0x100,8,4A 17 1A A6 34 42 DB CE,speed=74.00
1779166482.273,0x200,8,7B 00 1E F1 14 DC 45 78,fuel=0.00
1779166482.366,0x300,8,39 35 3F 71 AD 3F 36 85,temp=97.00
1779166482.460,0x100,8,4A 45 F0 39 04 92 A2 39,speed=74.00
1779166482.551,0x200,8,73 00 16 95 73 B8 AF 43,fuel=0.00
1779166482.645,0x300,8,39 77 DF DD 3A AC 3A 28,temp=97.00
1779166482.737,0x100,8,4A FD 18 46 EC 42 9B CD,speed=74.00
1779166482.830,0x200,8,62 00 75 9D 39 6F 53 9B,fuel=0.00
1779166482.921,0x300,8,39 06 EE A4 7B 93 FC 4F,temp=97.00
1779166483.015,0x100,8,4A BA 06 B6 3A FC 6F 0E,speed=74.00
1779166483.107,0x200,8,93 00 ED 68 CF 1B D6 02,fuel=0.00
1779166483.201,0x300,8,39 DF 91 98 F7 DD DC 69,temp=97.00
1779166483.294,0x100,8,4A DC 6E 06 4F 09 27 50,speed=74.00
1779166483.387,0x200,8,63 00 42 65 54 F8 0C 49,fuel=0.00
1779166483.482,0x300,8,39 96 6D 0A 8B D4 CC BD,temp=97.00
1779166483.576,0x100,8,4A 47 94 04 6A 30 28 05,speed=74.00
1779166483.669,0x200,8,BD 00 49 7B 9E D4 69 AF,fuel=0.00
1779166483.762,0x300,8,39 93 C7 8E 82 72 2A 59,temp=97.00
1779166483.855,0x100,8,4A 83 99 F0 E0 93 52 73,speed=74.00
1779166483.949,0x200,8,86 00 58 69 7F 8A 52 AD,fuel=0.00
1779166484.042,0x300,8,39 87 F3 81 F2 E7 CC 9A,temp=97.00
1779166484.134,0x100,8,4A DD E4 E8 E6 F7 64 B3,speed=74.00
1779166484.230,0x200,8,53 00 36 83 FD 5F E8 1D,fuel=0.00
1779166484.323,0x300,8,39 88 F3 C9 53 1B 72 11,temp=97.00
1779166484.430,0x100,8,4A 39 65 17 2F FF B5 7B,speed=74.00
1779166484.510,0x200,8,AB 00 0D E5 D5 2C 07 58,fuel=0.00
1779166484.615,0x300,8,39 3E B7 81 E8 8B 75 52,temp=97.00
1779166484.708,0x100,8,4A DD 39 16 03 D6 72 76,speed=74.00
1779166484.800,0x200,8,1C 00 B7 3C 89 B7 16 17,fuel=0.00
1779166484.894,0x300,8,39 42 45 13 55 3D A2 70,temp=97.00
1779166484.989,0x100,8,4A 7C FF 85 1F 94 63 7A,speed=74.00
1779166485.081,0x200,8,65 00 E4 C6 C8 EA 4E F2,fuel=0.00
1779166485.173,0x300,8,39 56 AC 2A FD BA A7 66,temp=97.00
1779166485.267,0x100,8,4A E7 F5 52 0B 9A 03 A1,speed=74.00
1779166485.360,0x200,8,2D 00 4B FF D8 1F 5B 51,fuel=0.00
1779166485.455,0x300,8,39 62 F6 77 FD 65 6A 3C,temp=97.00
1779166485.547,0x100,8,4A 7A 2D BC 18 87 DB 09,speed=74.00
1779166485.641,0x200,8,74 00 D6 2D BF 81 3C DE,fuel=0.00
1779166485.734,0x300,8,39 60 9F 3A B4 86 15 2E,temp=97.00
1779166485.827,0x100,8,4A BC 9E B8 B4 28 85 3E,speed=74.00
1779166485.921,0x200,8,76 00 47 C8 0A 86 27 E0,fuel=0.00
1779166486.015,0x300,8,39 75 9B 5A EF 7D C1 E2,temp=97.00
1779166486.107,0x100,8,4A 04 B5 74 CE AE B6 A7,speed=74.00
1779166486.199,0x200,8,8D 00 D4 11 EB B4 E0 46,fuel=0.00
1779166486.291,0x300,8,39 AF B3 A7 4C 81 DD DA,temp=97.00
1779166486.398,0x100,8,4A 78 44 5B 3A E5 86 15,speed=74.00
1779166486.492,0x200,8,7D 00 E1 CA 51 E0 65 0C,fuel=0.00
1779166486.585,0x300,8,39 46 C2 F5 3E CB 9E 7E,temp=97.00
1779166486.678,0x100,8,4A 68 44 23 3E 96 E7 91,speed=74.00
1779166486.772,0x200,8,56 00 92 35 B3 F8 2F 34,fuel=0.00
1779166486.864,0x300,8,39 42 AE 39 1C 07 BD 75,temp=97.00
1779166486.951,0x100,8,4A 26 E9 B9 B3 A0 5A 97,speed=74.00
1779166487.053,0x200,8,F5 00 1C 72 44 26 7F 31,fuel=0.00
1779166487.147,0x300,8,39 79 3F 15 9E 8B 1F CA,temp=97.00
1779166487.238,0x100,8,4A 6E 3A 34 19 E5 66 B7,speed=74.00
1779166487.330,0x200,8,98 00 2C 93 6B D4 C2 96,fuel=0.00
1779166487.423,0x300,8,39 62 01 DE B0 7C E1 EC,temp=97.00
1779166487.515,0x100,8,4A 1B C1 3B B4 51 29 75,speed=74.00
1779166487.608,0x200,8,74 00 08 B4 66 DD C5 A8,fuel=0.00
1779166487.702,0x300,8,39 4D 4D 37 17 E0 D2 56,temp=97.00
1779166487.793,0x100,8,4A 05 92 39 57 88 D5 9C,speed=74.00
1779166487.888,0x200,8,93 00 64 DE 47 86 03 90,fuel=0.00
1779166487.982,0x300,8,39 50 39 A4 46 F2 38 81,temp=97.00
1779166488.073,0x100,8,4A 29 27 C3 28 B2 2E 87,speed=74.00
1779166488.166,0x200,8,67 00 69 33 4B 6E F8 BA,fuel=0.00
1779166488.259,0x300,8,39 F3 D3 F7 92 94 78 E4,temp=97.00
1779166488.353,0x100,8,4A 44 12 B7 52 61 45 B6,speed=74.00
1779166488.447,0x200,8,74 00 7B 67 36 27 F9 EC,fuel=0.00
1779166488.540,0x300,8,39 B4 9F AE 74 0A 22 37,temp=97.00
1779166488.634,0x100,8,4A 0D B2 EC DC 52 5D CB,speed=74.00
1779166488.728,0x200,8,D4 00 9B 23 90 92 51 6E,fuel=0.00
1779166488.821,0x300,8,39 C0 8F B9 34 17 FD 64,temp=97.00
1779166488.930,0x100,8,4A CE 39 A9 7B 89 FF 0B,speed=74.00
1779166489.022,0x200,8,52 00 FB 9D ED 51 8F F8,fuel=0.00
1779166489.116,0x300,8,39 5D 26 2A 38 A6 F0 C2,temp=97.00
1779166489.209,0x100,8,4A 34 6E 79 CA 6F 16 6A,speed=74.00
1779166489.304,0x200,8,BC 00 85 97 CB 33 8B 1B,fuel=0.00
1779166489.397,0x300,8,39 D4 DC 0E 2C AE 27 23,temp=97.00
1779166489.489,0x100,8,4A 6D 71 F0 11 2A 14 98,speed=74.00
1779166489.582,0x200,8,54 00 4E A0 82 6C 22 69,fuel=0.00
1779166489.675,0x300,8,39 68 8D 9E 9C 75 1E 8A,temp=97.00
1779166489.767,0x100,8,4A E2 0A 31 AF 1C 20 CE,speed=74.00
1779166489.860,0x200,8,1F 00 E8 E4 33 73 5A 38,fuel=0.00
1779166489.952,0x300,8,39 10 89 07 DD 1C 18 7B,temp=97.00
1779166490.045,0x100,8,4A 63 5A 2C 26 98 CF EA,speed=74.00
1779166490.138,0x200,8,60 00 FC DC BB F2 9B 77,fuel=0.00
1779166490.230,0x300,8,39 34 ED 8A 4C 91 BB 99,temp=97.00
1779166490.322,0x100,8,4A 6D 4E 0C 4B 06 BF BB,speed=74.00
1779166490.416,0x200,8,01 00 09 28 4D 1F B2 54,fuel=0.00
1779166490.510,0x300,8,39 3B 4C 57 D3 AE 0F 3C,temp=97.00
1779166490.604,0x100,8,4A 56 24 E3 CF F0 00 F0,speed=74.00
1779166490.697,0x200,8,D0 00 D6 F5 E2 C8 98 54,fuel=0.00
1779166490.789,0x300,8,39 E8 AD 15 F8 C4 62 DB,temp=97.00
1779166490.897,0x100,8,4A 6F 50 D7 B6 13 50 72,speed=74.00
1779166490.992,0x200,8,D2 00 3B 20 76 51 C6 9C,fuel=0.00
1779166491.085,0x300,8,39 E5 E4 19 91 79 8D 9B,temp=97.00
1779166491.179,0x100,8,4A A6 36 45 DF 96 D1 D7,speed=74.00
1779166491.271,0x200,8,94 00 53 81 68 10 C1 44,fuel=0.00
1779166491.364,0x300,8,39 27 AC 5E 04 51 DB 46,temp=97.00
1779166491.455,0x100,8,4A 41 43 51 B0 3D F3 42,speed=74.00
1779166491.550,0x200,8,10 00 B6 39 28 D5 05 57,fuel=0.00
1779166491.642,0x300,8,39 23 CF 63 7A 3E 35 77,temp=97.00
1779166491.734,0x100,8,4A 8E E2 42 09 8B 59 F8,speed=74.00
1779166491.827,0x200,8,93 00 E3 D7 B4 DD 7D 68,fuel=0.00
1779166491.921,0x300,8,39 D8 F2 A0 6F 47 97 7C,temp=97.00
1779166492.014,0x100,8,4A D7 D6 F5 4C CF 46 0C,speed=74.00
1779166492.106,0x200,8,64 00 94 CA 02 F8 70 3A,fuel=0.00
1779166492.200,0x300,8,39 44 9C 66 02 B9 43 F0,temp=97.00
1779166492.292,0x100,8,4A 1A EE C3 F6 0F BF 02,speed=74.00
1779166492.386,0x200,8,99 00 32 4F E2 BC 0F C2,fuel=0.00
1779166492.480,0x300,8,39 D0 F1 55 08 EC 82 E1,temp=97.00
1779166492.573,0x100,8,4A 6A 90 EF 0F 03 EF F5,speed=74.00
1779166492.666,0x200,8,A6 00 1D F8 74 F2 46 63,fuel=0.00
1779166492.760,0x300,8,39 EB 5E C7 38 A9 5A 69,temp=97.00
1779166492.868,0x100,8,4A 77 5C FB 13 95 E5 57,speed=74.00
1779166492.954,0x200,8,23 00 35 14 A7 27 13 17,fuel=0.00
1779166493.053,0x300,8,39 4B B2 03 BA 22 10 EE,temp=97.00
1779166493.147,0x100,8,4A 11 3C 7F 2C 61 27 60,speed=74.00
1779166493.241,0x200,8,9F 00 01 3B 2C DA EA 24,fuel=0.00
1779166493.335,0x300,8,39 09 0A E4 7E 68 48 DA,temp=97.00
1779166493.428,0x100,8,4A CB EF 76 C2 31 75 4A,speed=74.00
1779166493.522,0x200,8,54 00 E4 EF 26 27 DB 63,fuel=0.00
1779166493.615,0x300,8,39 C9 D4 51 01 16 10 C9,temp=97.00
1779166493.708,0x100,8,4A A0 F6 AF 1E 4A FB 8F,speed=74.00
1779166493.802,0x200,8,19 00 4B 0D 07 1C 97 08,fuel=0.00
1779166493.894,0x300,8,39 D4 DE BC 88 DC 7D 55,temp=97.00
1779166493.989,0x100,8,4A 18 59 BA C0 F9 D3 2E,speed=74.00
1779166494.083,0x200,8,72 00 01 87 F8 4C 84 DE,fuel=0.00
1779166494.176,0x300,8,39 E4 A9 4A 0F 22 24 03,temp=97.00
1779166494.268,0x100,8,4A 96 A2 0C 38 56 2C 9F,speed=74.00
1779166494.361,0x200,8,CD 00 AC EC 93 B2 39 3E,fuel=0.00
1779166494.455,0x300,8,39 C6 D1 02 CB 4C 5A 8C,temp=97.00
1779166494.547,0x100,8,4A D7 D5 FC 46 28 E8 20,speed=74.00
1779166494.644,0x200,8,6C 00 15 B0 E6 A6 DF 0B,fuel=0.00
1779166494.738,0x300,8,39 BE B9 B5 F4 18 20 05,temp=97.00
1779166494.834,0x100,8,4A F7 25 3E 3B 39 28 5C,speed=74.00
1779166494.926,0x200,8,4C 00 80 0C 2D 72 0C 50,fuel=0.00
1779166495.020,0x300,8,39 79 87 83 B0 4A 09 4E,temp=97.00
1779166495.114,0x100,8,4A 5C 8E 2E AD 71 19 D0,speed=74.00
1779166495.207,0x200,8,7F 00 CB 5A B0 C4 A8 3A,fuel=0.00
1779166495.300,0x300,8,39 F5 D5 71 63 24 7B 97,temp=97.00
1779166495.394,0x100,8,4A 42 C9 2C 18 55 73 64,speed=74.00
1779166495.488,0x200,8,91 00 81 0C 25 50 F3 63,fuel=0.00
1779166495.581,0x300,8,39 DA 97 A5 D0 19 60 D3,temp=97.00
1779166495.676,0x100,8,4A 93 96 12 13 97 40 6F,speed=74.00
1779166495.769,0x200,8,DE 00 E3 BB 7A 40 33 B0,fuel=0.00
1779166495.853,0x300,8,39 DE 21 09 E1 A8 BA 2C,temp=97.00
1779166495.950,0x100,8,4A 15 94 C3 6F 32 BD 36,speed=74.00
1779166496.057,0x200,8,15 00 B0 74 F7 AC FF D6,fuel=0.00
1779166496.134,0x300,8,39 CE 6D C1 19 B5 E9 78,temp=97.00
1779166496.242,0x100,8,4A 63 29 B5 41 C9 0B CA,speed=74.00
1779166496.335,0x200,8,98 00 C2 A7 A8 2D A5 07,fuel=0.00
1779166496.426,0x300,8,39 15 84 E2 89 D8 C1 F5,temp=97.00
1779166496.519,0x100,8,4A 82 A8 FB 0F AC BF B4,speed=74.00
1779166496.615,0x200,8,EE 00 59 A3 44 BF 65 F0,fuel=0.00
1779166496.706,0x300,8,39 3E C6 BF 4A F1 E0 75,temp=97.00
1779166496.799,0x100,8,4A AE C5 B4 90 7A 13 CA,speed=74.00
1779166496.894,0x200,8,F6 00 FB 7C E3 8E B3 72,fuel=0.00
1779166496.979,0x300,8,39 E2 8B B0 53 B6 5C 71,temp=97.00
1779166497.082,0x100,8,4A 7F 1D 6D 69 46 ED 0E,speed=74.00
1779166497.175,0x200,8,0D 00 5B 1D C2 E4 91 15,fuel=0.00
1779166497.266,0x300,8,39 F9 35 D9 43 6E 0C 56,temp=97.00
1779166497.357,0x100,8,4A 6E 4B A1 63 A9 A6 DE,speed=74.00
1779166497.451,0x200,8,03 00 B2 1F 33 7B 1E 99,fuel=0.00
1779166497.544,0x300,8,39 E7 D8 18 9B 92 F0 FA,temp=97.00
1779166497.636,0x100,8,4A F5 28 80 56 C0 C1 2F,speed=74.00
1779166497.729,0x200,8,E4 00 18 3B 71 E9 75 09,fuel=0.00
1779166497.822,0x300,8,39 25 18 77 25 48 11 31,temp=97.00
1779166497.915,0x100,8,4A 13 5D F2 22 83 AB EC,speed=74.00
1779166498.009,0x200,8,2B 00 34 D8 D9 19 B7 7E,fuel=0.00
1779166498.102,0x300,8,39 1A 4F 8C 40 8B BA CB,temp=97.00
1779166498.202,0x100,8,4A 8D 31 56 9A 23 D4 67,speed=74.00
1779166498.295,0x200,8,4E 00 24 7B 45 4E 50 45,fuel=0.00
1779166498.388,0x300,8,39 02 58 9A 26 13 36 1E,temp=97.00
1779166498.480,0x100,8,4A 83 C8 1D 98 29 14 F3,speed=74.00
1779166498.576,0x200,8,61 00 41 A4 A9 3F 10 ED,fuel=0.00
1779166498.671,0x300,8,39 25 4B 75 C3 30 79 F7,temp=97.00
1779166498.764,0x100,8,4A 08 7C 65 9A 7B 7C 2A,speed=74.00
1779166498.857,0x200,8,79 00 5C 01 C6 90 F1 BD,fuel=0.00
1779166498.950,0x300,8,39 AD 22 C6 12 7E 00 2B,temp=97.00
1779166499.044,0x100,8,4A D0 98 9C 8B F6 5C 8C,speed=74.00
1779166499.136,0x200,8,5E 00 AB 06 66 B1 21 ED,fuel=0.00
1779166499.230,0x300,8,39 B4 2B 5D 55 3E DE 67,temp=97.00
1779166499.323,0x100,8,4A 0C 81 7F 27 A5 B4 BE,speed=74.00
1779166499.416,0x200,8,EB 00 36 54 C7 98 4B 71,fuel=0.00
1779166499.524,0x300,8,39 95 5E 8E E1 62 91 FD,temp=97.00
1779166499.620,0x100,8,4A 93 4F 49 1E E2 AC 6A,speed=74.00
1779166499.712,0x200,8,4F 00 40 80 81 DA DD 60,fuel=0.00
1779166499.807,0x300,8,39 33 EC F4 EF 91 9D FB,temp=97.00
1779166499.903,0x100,8,4A 07 90 E0 B8 2F EE AF,speed=74.00
1779166499.994,0x200,8,AA 00 3D 71 19 F8 67 45,fuel=0.00
1779166500.090,0x300,8,39 A8 5C 6E 13 1B E6 7B,temp=97.00
1779166500.182,0x100,8,4A DB 0F 2C CF E7 FC DB,speed=74.00
1779166500.275,0x200,8,5D 00 E3 65 89 59 98 64,fuel=0.00
1779166500.368,0x300,8,39 76 17 7D BA 89 C7 65,temp=97.00
1779166500.476,0x100,8,4A 0A 7D F6 28 8B 90 C0,speed=74.00
1779166500.555,0x200,8,F4 00 F0 82 1A 41 67 DD,fuel=0.00
1779166500.664,0x300,8,39 F7 BF B3 58 DC 14 A2,temp=97.00
1779166500.757,0x100,8,4A B2 6F CA 0D C9 FA E8,speed=74.00
1779166500.850,0x200,8,74 00 80 C6 5E 05 23 90,fuel=0.00
1779166500.944,0x300,8,39 D8 C0 5A 99 0C 2A E6,temp=97.00
1779166501.037,0x100,8,4A 0F 14 D9 C7 1F 70 EC,speed=74.00
1779166501.132,0x200,8,7E 00 BE 77 24 33 F0 22,fuel=0.00
1779166501.222,0x300,8,39 08 85 6E 30 89 58 45,temp=97.00
1779166501.315,0x100,8,4A 41 86 12 5C E3 48 33,speed=74.00
1779166501.409,0x200,8,3D 00 24 BC DF C3 38 09,fuel=0.00
1779166501.502,0x300,8,39 AE 0F 9B 03 80 CD 56,temp=97.00
1779166501.595,0x100,8,4A 22 0D 27 80 DC 5D 77,speed=74.00
1779166501.687,0x200,8,6E 00 0D 2B 9A 27 94 E5,fuel=0.00
1779166501.779,0x300,8,39 E9 AD 13 C3 BF 4C 35,temp=97.00
1779166501.874,0x100,8,4A 46 07 EE 8B 0C A3 05,speed=74.00
1779166501.970,0x200,8,60 00 3A 68 D3 FE CB EF,fuel=0.00
1779166502.061,0x300,8,39 E9 91 75 8B 0F 47 7A,temp=97.00
1779166502.156,0x100,8,4A F7 AD 0C 20 F1 E5 E3,speed=74.00
1779166502.250,0x200,8,BD 00 F2 1C 26 B4 10 FD,fuel=0.00
1779166502.343,0x300,8,39 C1 E8 53 03 EC 69 07,temp=97.00
1779166502.438,0x100,8,4A E8 33 25 58 98 B0 B6,speed=74.00
1779166502.530,0x200,8,8F 00 A1 17 91 89 AC C6,fuel=0.00
1779166502.622,0x300,8,39 A3 94 03 41 D3 4F F3,temp=97.00
1779166502.713,0x100,8,4A 8A 9F C5 5C 23 F1 F7,speed=74.00
1779166502.807,0x200,8,DE 00 6B 1B 1F 9A 2F BE,fuel=0.00
1779166502.900,0x300,8,39 A2 CC B5 91 09 A2 2E,temp=97.00
1779166502.994,0x100,8,4A 09 80 2A C7 1E 80 4C,speed=74.00
1779166503.089,0x200,8,BD 00 F1 19 52 38 67 11,fuel=0.00
1779166503.182,0x300,8,39 F6 35 65 12 FC 6F 18,temp=97.00
1779166503.275,0x100,8,4A 59 97 9C 77 CF B6 96,speed=74.00
1779166503.384,0x200,8,60 00 4D 36 C0 EC 20 40,fuel=0.00
1779166503.461,0x300,8,39 BC 85 42 E9 D9 68 51,temp=97.00
1779166503.568,0x100,8,4A C9 57 70 49 25 01 E1,speed=74.00
1779166503.663,0x200,8,8F 00 F6 C8 9A A4 FC 04,fuel=0.00
1779166503.756,0x300,8,39 C8 8F 63 F8 D4 9E 67,temp=97.00
1779166503.850,0x100,8,4A AF DC 1D 8B 54 0C B2,speed=74.00
1779166503.931,0x200,8,03 00 01 5E C7 71 33 A6,fuel=0.00
1779166504.035,0x300,8,39 7F B4 AF 4E 1C 3B 08,temp=97.00
1779166504.127,0x100,8,4A 20 41 6C 03 32 87 D2,speed=74.00
1779166504.222,0x200,8,99 00 6C FC AB 79 97 26,fuel=0.00
1779166504.314,0x300,8,39 8E 54 1E 16 85 4D CD,temp=97.00
1779166504.408,0x100,8,4A 34 58 26 98 9F 90 81,speed=74.00
1779166504.502,0x200,8,A3 00 9E 41 4F D3 86 E3,fuel=0.00
1779166504.594,0x300,8,39 71 88 F7 E1 F6 AC 72,temp=97.00
1779166504.685,0x100,8,4A 76 59 E8 4D 76 45 EB,speed=74.00
1779166504.779,0x200,8,CE 00 5B 50 A6 EF F8 64,fuel=0.00
1779166504.872,0x300,8,39 6E 4B 64 DB 62 F2 32,temp=97.00
1779166504.965,0x100,8,4A A3 A9 BB FB 85 E2 90,speed=74.00
1779166505.059,0x200,8,F1 00 D9 5F 2F D2 4A 66,fuel=0.00
1779166505.153,0x300,8,39 57 35 D0 10 64 03 38,temp=97.00
1779166505.246,0x100,8,4A 7A F2 4C 88 70 75 6C,speed=74.00
1779166505.338,0x200,8,63 00 78 99 5B 6F CB 0B,fuel=0.00
1779166505.444,0x300,8,39 6E A3 BA 68 3F B8 F2,temp=97.00
1779166505.538,0x100,8,4A 67 97 20 6A 67 11 44,speed=74.00
1779166505.632,0x200,8,49 00 02 7E 13 0E 6B 70,fuel=0.00
1779166505.711,0x300,8,39 30 39 63 07 BC D4 CE,temp=97.00
1779166505.805,0x100,8,4A 20 9E FA 2A 61 2E 8C,speed=74.00
1779166505.900,0x200,8,84 00 A4 E6 74 8F 3F 87,fuel=0.00
1779166505.993,0x300,8,39 69 55 A9 4B B2 6A 92,temp=97.00
1779166506.088,0x100,8,4A 41 02 5E 9E 8C 72 4A,speed=74.00
1779166506.194,0x200,8,9E 00 36 B6 66 A7 31 78,fuel=0.00
1779166506.288,0x300,8,39 F9 F5 40 52 8C F1 49,temp=97.00
1779166506.382,0x100,8,4A DA F9 C3 9E 0B 43 89,speed=74.00
1779166506.476,0x200,8,7D 00 AB 1A 21 F9 BB 9C,fuel=0.00
1779166506.569,0x300,8,39 F5 57 1D AE 73 CC 64,temp=97.00
1779166506.662,0x100,8,4A 42 23 0C 73 C0 A9 FE,speed=74.00
1779166506.753,0x200,8,BD 00 D7 F5 3A 16 34 94,fuel=0.00
1779166506.845,0x300,8,39 87 88 2C 88 58 2F BC,temp=97.00
1779166506.939,0x100,8,4A E2 0B 57 BE F3 F5 FB,speed=74.00
1779166507.029,0x200,8,80 00 B1 21 18 FC 26 EC,fuel=0.00
1779166507.123,0x300,8,39 44 D3 3C FD F8 03 D1,temp=97.00
1779166507.216,0x100,8,4A 56 46 3B D4 41 F4 3B,speed=74.00
1779166507.310,0x200,8,6A 00 32 33 80 22 17 B8,fuel=0.00
1779166507.404,0x300,8,39 36 E9 0D AF 61 6F 8A,temp=97.00
1779166507.498,0x100,8,4A 51 65 0A 24 12 BD 28,speed=74.00
1779166507.596,0x200,8,D1 00 B0 70 64 41 2B E1,fuel=0.00
1779166507.686,0x300,8,39 25 3F 64 87 CE 2F 8B,temp=97.00
1779166507.779,0x100,8,4A EA 8F 10 ED AC 17 39,speed=74.00
1779166507.873,0x200,8,F8 00 26 4E 63 83 73 B3,fuel=0.00
1779166507.968,0x300,8,39 63 FB 2C 99 47 57 6C,temp=97.00
1779166508.061,0x100,8,4A BD B6 FD DD 89 F4 2E,speed=74.00
1779166508.155,0x200,8,73 00 69 AE F1 DB 6D B7,fuel=0.00
1779166508.248,0x300,8,39 2B D2 EE 10 1B 94 28,temp=97.00
1779166508.341,0x100,8,4A 7E 75 3E 96 0C 61 B8,speed=74.00
1779166508.432,0x200,8,23 00 13 EF F0 59 95 94,fuel=0.00
1779166508.526,0x300,8,39 A9 1B C1 6A 35 4F 56,temp=97.00
1779166508.619,0x100,8,4A 21 23 10 75 4A 4D 8C,speed=74.00
1779166508.716,0x200,8,E0 00 E1 92 B6 E0 BE D9,fuel=0.00
1779166508.808,0x300,8,39 CC 2B C9 5C 8F E8 A6,temp=97.00
1779166508.903,0x100,8,4A 76 28 5E F8 FC 90 32,speed=74.00
1779166508.995,0x200,8,4D 00 B0 B6 32 F4 3D B7,fuel=0.00
1779166509.089,0x300,8,39 65 83 81 AE FD B0 CD,temp=97.00
1779166509.181,0x100,8,4A C8 B0 0D C1 E5 42 90,speed=74.00
1779166509.276,0x200,8,C1 00 F6 89 75 70 90 7A,fuel=0.00
1779166509.369,0x300,8,39 73 46 6A B7 A9 C3 BD,temp=97.00
1779166509.462,0x100,8,4A 59 89 EB E6 3D C7 09,speed=74.00
1779166509.558,0x200,8,66 00 3F 27 5C 24 36 D8,fuel=0.00
1779166509.664,0x300,8,39 88 92 B9 B4 9E 35 C9,temp=97.00
1779166509.758,0x100,8,4A F3 25 89 98 D3 D7 1F,speed=74.00
1779166509.852,0x200,8,49 00 09 CD 25 70 F3 E8,fuel=0.00
1779166509.944,0x300,8,39 9F 5B A9 60 C7 A4 A2,temp=97.00
1779166510.037,0x100,8,4A D5 73 93 3D A1 4F F8,speed=74.00
1779166510.130,0x200,8,F9 00 B4 E6 B4 5E 39 C7,fuel=0.00
1779166510.223,0x300,8,39 B7 D4 FF 7C 28 2E A9,temp=97.00
1779166510.316,0x100,8,4A 1A 2F 8E 1C 90 06 AF,speed=74.00
1779166510.410,0x200,8,3C 00 36 2E 75 02 D0 3A,fuel=0.00
1779166510.503,0x300,8,39 F0 6C F0 E5 44 29 1E,temp=97.00
1779166510.598,0x100,8,4A 69 19 AF 6E D1 A1 FB,speed=74.00
1779166510.688,0x200,8,87 00 51 3F 4E EF 28 7F,fuel=0.00
1779166510.784,0x300,8,39 C6 A1 64 B6 7F 0F 5D,temp=97.00
1779166510.876,0x100,8,4A A5 1E A7 65 7E 86 B4,speed=74.00
1779166510.968,0x200,8,8A 00 CE 62 E5 55 64 CB,fuel=0.00
1779166511.060,0x300,8,39 16 AC E6 4F D7 6A 43,temp=97.00
1779166511.153,0x100,8,4A 13 97 B4 5D 6F BF EF,speed=74.00
1779166511.249,0x200,8,57 00 08 14 A2 E4 AF 3B,fuel=0.00
1779166511.342,0x300,8,39 FC CA 43 B6 96 45 11,temp=97.00
1779166511.438,0x100,8,4A 30 B1 86 7A 7B 0E 25,speed=74.00
1779166511.529,0x200,8,EF 00 C1 EF 51 AA F7 BA,fuel=0.00
1779166511.624,0x300,8,39 8F A3 92 41 E5 6E FF,temp=97.00
1779166511.719,0x100,8,4A DA 9C 84 F3 DD 0A 0F,speed=74.00
1779166511.811,0x200,8,11 00 59 4B 42 81 94 A0,fuel=0.00
1779166511.905,0x300,8,39 E6 6E 27 92 2C C6 2A,temp=97.00
1779166511.998,0x100,8,4A 03 E1 90 EC 72 ED 0C,speed=74.00
1779166512.092,0x200,8,8C 00 F0 D2 60 E3 9D 61,fuel=0.00
1779166512.185,0x300,8,39 A9 28 81 5B 7E 84 23,temp=97.00
1779166512.279,0x100,8,4A EF 88 E6 39 E4 B1 8E,speed=74.00
1779166512.372,0x200,8,68 00 B2 4E 0F 2F FD 15,fuel=0.00
1779166512.466,0x300,8,39 21 71 DC AF 64 38 EE,temp=97.00
1779166512.559,0x100,8,4A 91 68 CB 9C 48 D7 25,speed=74.00
1779166512.652,0x200,8,D1 00 87 D4 36 07 98 7C,fuel=0.00
1779166512.745,0x300,8,39 07 10 B8 26 FA B9 57,temp=97.00
1779166512.838,0x100,8,4A EB 5D 29 A6 D2 09 98,speed=74.00
1779166512.933,0x200,8,F7 00 8B 76 15 7C 4C F8,fuel=0.00
1779166513.024,0x300,8,39 A8 D1 FE 4E 54 EB 08,temp=97.00
1779166513.118,0x100,8,4A 32 76 98 4B 69 FF 40,speed=74.00
1779166513.213,0x200,8,CA 00 87 BC C5 DA A0 61,fuel=0.00
1779166513.320,0x300,8,39 D3 AF CA 45 46 6C 69,temp=97.00
1779166513.412,0x100,8,4A DA BA 6B 64 EE 50 9B,speed=74.00
1779166513.506,0x200,8,05 00 D3 A5 A3 E4 FF FF,fuel=0.00
1779166513.602,0x300,8,39 2B 9B 81 F4 66 E4 9A,temp=97.00
1779166513.695,0x100,8,4A 5A 0D 78 95 58 53 B1,speed=74.00
1779166513.788,0x200,8,38 00 56 7D 5E 92 C4 FD,fuel=0.00
1779166513.880,0x300,8,39 BE BB CB DA 7C 09 1F,temp=97.00
1779166513.964,0x100,8,4A 5C 3D 4F 13 87 B9 50,speed=74.00
1779166514.068,0x200,8,98 00 51 49 09 88 B2 55,fuel=0.00
1779166514.161,0x300,8,39 A5 75 0D DB CE 96 51,temp=97.00
1779166514.254,0x100,8,4A 26 29 3E FF C0 EF 2E,speed=74.00
1779166514.347,0x200,8,5B 00 6F 92 6A 10 AE 33,fuel=0.00
1779166514.443,0x300,8,39 CA 92 B7 0D 6F C7 9B,temp=97.00
1779166514.534,0x100,8,4A 30 DB D1 B8 CE 25 68,speed=74.00
1779166514.630,0x200,8,9E 00 01 55 FE 5D 91 D6,fuel=0.00
1779166514.721,0x300,8,39 DC 0A C2 D6 15 75 C1,temp=97.00
1779166514.815,0x100,8,4A 1F 1B 03 13 32 EE CE,speed=74.00
1779166514.908,0x200,8,0B 00 82 CE 4C E3 75 23,fuel=0.00
1779166515.003,0x300,8,39 DD F8 03 65 3F 89 6E,temp=97.00
1779166515.095,0x100,8,4A E1 F2 26 17 AA 88 70,speed=74.00
1779166515.184,0x200,8,AE 00 49 3D AB 52 B6 DC,fuel=0.00
1779166515.277,0x300,8,39 D8 5A EF DE 49 68 1A,temp=97.00
1779166515.372,0x100,8,4A 32 CF 95 E5 B3 41 3F,speed=74.00
1779166515.466,0x200,8,BB 00 46 41 93 C5 72 D9,fuel=0.00
1779166515.558,0x300,8,39 9D 85 4B BF 50 80 C5,temp=97.00
1779166515.650,0x100,8,4A 17 5B CA 1B 7C 61 DC,speed=74.00
1779166515.760,0x200,8,55 00 22 A0 9B A2 36 69,fuel=0.00
1779166515.867,0x300,8,39 B3 42 3A EB EA 29 97,temp=97.00
1779166515.954,0x100,8,4A C5 DE A8 99 E4 C3 4A,speed=74.00
1779166516.052,0x200,8,A0 00 4A 81 4E 58 6B 88,fuel=0.00
1779166516.145,0x300,8,39 89 6C E4 D3 A8 83 98,temp=97.00
1779166516.239,0x100,8,4A 90 8A C0 A8 98 2B 57,speed=74.00
1779166516.330,0x200,8,B1 00 E6 9B 80 B3 5F 3B,fuel=0.00
1779166516.424,0x300,8,39 16 E2 64 9C 9B 67 BA,temp=97.00
1779166516.518,0x100,8,4A 65 D9 08 E0 AE 06 98,speed=74.00
1779166516.610,0x200,8,56 00 4B 01 DC D6 96 C4,fuel=0.00
1779166516.701,0x300,8,39 1C 92 13 92 AE 63 A4,temp=97.00
1779166516.796,0x100,8,4A FE 54 D8 84 B5 DD 1C,speed=74.00
1779166516.889,0x200,8,5E 00 87 C0 25 92 50 3A,fuel=0.00
1779166516.988,0x300,8,39 97 CD 94 B6 BA 60 B0,temp=97.00
1779166517.075,0x100,8,4A 76 65 69 2E 85 F4 02,speed=74.00
1779166517.170,0x200,8,5F 00 8F E6 47 55 98 9F,fuel=0.00
1779166517.263,0x300,8,39 7F 77 3C E4 C0 F1 8B,temp=97.00
1779166517.355,0x100,8,4A 57 5E 52 63 49 10 FC,speed=74.00
1779166517.448,0x200,8,A1 00 6D F9 02 78 D1 D5,fuel=0.00
1779166517.542,0x300,8,39 E1 60 6E 5C FB AE 5A,temp=97.00
1779166517.648,0x100,8,4A B1 69 5E 9E C5 35 2C,speed=74.00
1779166517.741,0x200,8,A6 00 7A F3 DF 0E 40 CE,fuel=0.00
1779166517.835,0x300,8,39 99 66 FF 60 C6 F8 01,temp=97.00
1779166517.928,0x100,8,4A A9 25 B1 2D D8 07 00,speed=74.00
1779166518.023,0x200,8,89 00 8A 28 9D AD 3B 24,fuel=0.00
1779166518.115,0x300,8,39 DA 45 CF E4 47 1D 6D,temp=97.00
1779166518.210,0x100,8,4A 48 6D 40 3A B1 79 0D,speed=74.00
1779166518.301,0x200,8,AB 00 3C A5 B6 D5 08 EC,fuel=0.00
1779166518.393,0x300,8,39 0E 8A F0 E1 9C 59 61,temp=97.00
1779166518.487,0x100,8,4A F9 24 A6 3F 63 4B 46,speed=74.00
1779166518.581,0x200,8,74 00 F9 E8 F6 E6 81 9E,fuel=0.00
1779166518.673,0x300,8,39 BB B1 7C 67 AD 3C 57,temp=97.00
1779166518.766,0x100,8,4A 52 CF 89 67 93 8D 8C,speed=74.00
1779166518.858,0x200,8,DB 00 91 84 D8 CC 0F 37,fuel=0.00
1779166518.955,0x300,8,39 01 B9 9F 84 9A BC B2,temp=97.00
1779166519.046,0x100,8,4A AB A7 7C C3 E5 B7 54,speed=74.00
1779166519.139,0x200,8,06 00 40 76 F3 2B 37 AD,fuel=0.00
1779166519.231,0x300,8,39 E4 F0 B0 92 AF EF B1,temp=97.00
1779166519.323,0x100,8,4A BB AB 82 EF 8C 38 FB,speed=74.00
1779166519.415,0x200,8,46 00 51 0E 9B 6A CA EC,fuel=0.00
1779166519.510,0x300,8,39 12 78 EF C6 E1 FA CF,temp=97.00
1779166519.618,0x100,8,4A D6 80 91 8D B7 FB 23,speed=74.00
1779166519.727,0x200,8,9A 00 75 59 D1 E2 AB EC,fuel=0.00
1779166519.811,0x300,8,39 63 84 4A B4 8C 9A 71,temp=97.00
1779166519.900,0x100,8,4A 0C 06 10 82 DC F2 9B,speed=74.00
1779166520.002,0x200,8,12 00 0F 1C 41 6B 5A BE,fuel=0.00
1779166520.093,0x300,8,39 74 98 90 A8 27 C8 D7,temp=97.00
1779166520.187,0x100,8,4A E4 7C F9 6D B6 66 5F,speed=74.00
1779166520.280,0x200,8,5F 00 64 82 1A 55 D0 06,fuel=0.00
1779166520.370,0x300,8,39 FA 2F BD E2 2F F6 EF,temp=97.00
1779166520.478,0x100,8,4A 8F 0A 4A 5F A9 E9 03,speed=74.00
1779166520.556,0x200,8,08 00 2F 3C D1 3E D1 F5,fuel=0.00
1779166520.651,0x300,8,39 87 A4 8A 02 56 41 CF,temp=97.00
1779166520.742,0x100,8,4A FC 26 2C 31 91 A0 A9,speed=74.00
1779166520.839,0x200,8,D2 00 4C 23 A5 46 9E CC,fuel=0.00
1779166520.944,0x300,8,39 30 41 01 9F 17 38 24,temp=97.00
1779166521.036,0x100,8,4A 4D 22 D4 03 AC 46 56,speed=74.00
1779166521.127,0x200,8,8C 00 A7 0A C2 01 D6 40,fuel=0.00
1779166521.219,0x300,8,39 33 E2 AE 51 F9 9A 98,temp=97.00
1779166521.314,0x100,8,4A 28 34 17 4C 23 1B 41,speed=74.00
1779166521.405,0x200,8,C4 00 F7 19 ED F7 2A 0C,fuel=0.00
1779166521.497,0x300,8,39 F6 3E 7D D8 A0 A5 AE,temp=97.00
1779166521.592,0x100,8,4A 4B 93 FA 1F 67 72 C9,speed=74.00
1779166521.683,0x200,8,75 00 BA 5C 6E 1B E5 63,fuel=0.00
1779166521.778,0x300,8,39 5B C2 38 29 93 A4 24,temp=97.00
1779166521.873,0x100,8,4A 89 47 7B 3A 59 16 67,speed=74.00
1779166521.968,0x200,8,57 00 62 83 ED 60 D1 48,fuel=0.00
1779166522.061,0x300,8,39 87 0A AA 23 C5 2B 45,temp=97.00
1779166522.157,0x100,8,4A F7 DA 04 D3 6F 15 B7,speed=74.00
1779166522.250,0x200,8,5E 00 75 A0 4F 74 44 2B,fuel=0.00
1779166522.343,0x300,8,39 5F FB 86 6E A4 27 CC,temp=97.00
1779166522.435,0x100,8,4A 77 B7 47 B0 14 DC 78,speed=74.00
1779166522.528,0x200,8,C1 00 1B D4 CE 04 5D 6A,fuel=0.00
1779166522.622,0x300,8,39 56 7E 1A BA 95 ED 5E,temp=97.00
1779166522.717,0x100,8,4A C9 80 06 01 5D 8B 34,speed=74.00
1779166522.808,0x200,8,B0 00 0C 16 4F A6 5B 10,fuel=0.00
1779166522.901,0x300,8,39 B4 C6 5C C1 84 C8 D7,temp=97.00
1779166522.994,0x100,8,4A 47 17 B9 0D FD 97 17,speed=74.00
1779166523.101,0x200,8,65 00 8E 29 41 AB DA 9E,fuel=0.00
1779166523.194,0x300,8,39 14 95 85 21 00 C1 45,temp=97.00
1779166523.287,0x100,8,4A 74 94 CE 2A D5 23 C5,speed=74.00
1779166523.380,0x200,8,78 00 5E 86 82 BC 5C 63,fuel=0.00
1779166523.474,0x300,8,39 FD F5 89 B8 E5 13 C5,temp=97.00
1779166523.565,0x100,8,4A 32 35 6A 35 D8 02 59,speed=74.00
1779166523.661,0x200,8,3D 00 49 74 19 B2 10 D6,fuel=0.00
1779166523.753,0x300,8,39 45 71 5C 04 EE 0E D7,temp=97.00
1779166523.845,0x100,8,4A 62 71 8E A2 56 F6 41,speed=74.00
1779166523.940,0x200,8,65 00 2D D8 97 5C 59 4F,fuel=0.00
1779166524.035,0x300,8,39 EB 4A B0 91 41 AC 1A,temp=97.00
1779166524.127,0x100,8,4A 70 70 2E D0 A2 A2 D3,speed=74.00
1779166524.220,0x200,8,6B 00 A5 0B 54 EF ED F7,fuel=0.00
1779166524.314,0x300,8,39 EB 23 B9 CA 25 9B 88,temp=97.00
1779166524.408,0x100,8,4A 54 B0 64 4C 6A 9F 8C,speed=74.00
1779166524.500,0x200,8,C6 00 15 DD 6A 5E A0 1A,fuel=0.00
1779166524.596,0x300,8,39 37 E5 4A EB 30 B8 20,temp=97.00
1779166524.687,0x100,8,4A 41 DB 59 27 7A 39 FE,speed=74.00
1779166524.781,0x200,8,A6 00 DC 08 56 40 08 6E,fuel=0.00
1779166524.874,0x300,8,39 73 64 54 C8 5C 26 30,temp=97.00
1779166524.975,0x100,8,4A B9 0C D2 C9 09 1E 25,speed=74.00
1779166525.063,0x200,8,E1 00 5A 1C 23 2F 6C 8D,fuel=0.00
1779166525.155,0x300,8,39 16 8F EA 3B D3 2D CA,temp=97.00
1779166525.249,0x100,8,4A A5 5C 87 B3 0A 31 42,speed=74.00
1779166525.346,0x200,8,AD 00 65 FB 15 9D 71 41,fuel=0.00
1779166525.437,0x300,8,39 AC D8 B0 20 72 D4 8C,temp=97.00
1779166525.529,0x100,8,4A EC 94 3E D7 39 62 63,speed=74.00
1779166525.622,0x200,8,4A 00 E0 65 8B F2 03 6F,fuel=0.00
1779166525.716,0x300,8,39 6D B8 DF 3B B4 0A 37,temp=97.00
1779166525.809,0x100,8,4A BC FB 38 34 CE 01 55,speed=74.00
1779166525.903,0x200,8,9B 00 4A 8A AD 05 02 FC,fuel=0.00
1779166525.995,0x300,8,39 CC BE 45 76 54 B9 E7,temp=97.00
1779166526.088,0x100,8,4A 9E A2 35 AF 53 E5 BB,speed=74.00
1779166526.185,0x200,8,8A 00 1D F6 95 A1 5C 40,fuel=0.00
1779166526.287,0x300,8,39 39 C4 3F 95 7D 87 7A,temp=97.00
1779166526.378,0x100,8,4A 67 9F FD D0 6A 75 1E,speed=74.00
1779166526.472,0x200,8,51 00 B0 A9 EF AD 41 7A,fuel=0.00
1779166526.564,0x300,8,39 30 7F 41 B1 37 9B 97,temp=97.00
1779166526.655,0x100,8,4A DB 81 41 99 FE 33 1D,speed=74.00
1779166526.748,0x200,8,9E 00 EE DC 32 88 FB BF,fuel=0.00
1779166526.844,0x300,8,39 3C DE CF 72 98 65 DC,temp=97.00
1779166526.938,0x100,8,4A 6B 2E CB F8 B9 86 CD,speed=74.00
1779166527.029,0x200,8,EF 00 33 92 D8 47 77 41,fuel=0.00
1779166527.120,0x300,8,39 C3 7F EA ED 81 F6 84,temp=97.00
1779166527.214,0x100,8,4A 84 26 0C CF E9 F5 58,speed=74.00
1779166527.307,0x200,8,A8 00 C2 CF 77 7C C7 DD,fuel=0.00
1779166527.401,0x300,8,39 D3 13 68 E3 AB 29 9E,temp=97.00
1779166527.495,0x100,8,4A 1F 45 F4 7E A9 48 EF,speed=74.00
1779166527.589,0x200,8,7F 00 78 6F C3 E5 DB 32,fuel=0.00
1779166527.696,0x300,8,39 C7 FD 1A 56 18 5A 1A,temp=97.00
1779166527.790,0x100,8,4A A5 7E 5E 84 52 15 3F,speed=74.00
1779166527.869,0x200,8,F9 00 FF A5 24 3F 4A 72,fuel=0.00
1779166527.963,0x300,8,39 B5 6B 24 5C 74 16 69,temp=97.00
1779166528.070,0x100,8,4A C9 28 31 64 16 91 30,speed=74.00
1779166528.163,0x200,8,D3 00 BF DD AA 51 17 74,fuel=0.00
1779166528.258,0x300,8,39 54 A1 90 86 B9 C1 40,temp=97.00
1779166528.351,0x100,8,4A 70 64 1B D1 29 27 60,speed=74.00
1779166528.437,0x200,8,0F 00 7F D6 A1 E0 43 3C,fuel=0.00
1779166528.538,0x300,8,39 F1 37 CA 4A 84 16 C0,temp=97.00
1779166528.633,0x100,8,4A AD F0 B2 77 6A 31 F4,speed=74.00
1779166528.727,0x200,8,56 00 41 E3 EF B8 58 65,fuel=0.00
1779166528.807,0x300,8,39 89 B4 D7 2E D0 BA F6,temp=97.00
1779166528.901,0x100,8,4A 88 EF 9A 1C DF 8E 79,speed=74.00
1779166529.007,0x200,8,E8 00 E6 31 02 28 BC E4,fuel=0.00
1779166529.102,0x300,8,39 C6 86 32 AF 00 F5 39,temp=97.00
1779166529.191,0x100,8,4A 6B 1D 7D E6 14 87 44,speed=74.00
1779166529.285,0x200,8,B0 00 39 9D D1 9F C2 12,fuel=0.00
1779166529.380,0x300,8,39 FE 2E 20 10 24 83 1A,temp=97.00
1779166529.474,0x100,8,4A 5F F7 0B 0E 04 78 DC,speed=74.00
1779166529.566,0x200,8,57 00 DD 24 A4 4F 8A 63,fuel=0.00
1779166529.658,0x300,8,39 FF 29 6B CB 82 51 7A,temp=97.00
1779166529.750,0x100,8,4A 10 62 D7 E7 E8 33 9F,speed=74.00
1779166529.845,0x200,8,22 00 B0 67 8B F8 58 EC,fuel=0.00
1779166529.939,0x300,8,39 E5 C9 EF FD E8 9C 98,temp=97.00
1779166530.030,0x100,8,4A 73 F9 74 AD CA 0F 74,speed=74.00
1779166530.122,0x200,8,60 00 D2 A3 E1 63 EF 2F,fuel=0.00
1779166530.216,0x300,8,39 8D 44 CF EB BD AF C0,temp=97.00
1779166530.312,0x100,8,4A F7 99 BF 4F 0B 17 E4,speed=74.00
1779166530.404,0x200,8,B5 00 34 E1 0E B9 45 6B,fuel=0.00
1779166530.500,0x300,8,39 BD 1D D7 AC 41 08 70,temp=97.00
1779166530.589,0x100,8,4A 27 31 D6 E8 63 8E 96,speed=74.00
1779166530.681,0x200,8,90 00 2E EC 73 11 2F D7,fuel=0.00
1779166530.777,0x300,8,39 93 AB 62 EF 11 58 52,temp=97.00
1779166530.872,0x100,8,4A DE 9E 47 E3 97 AE 80,speed=74.00
1779166530.963,0x200,8,32 00 6D EA DA 3F DF 01,fuel=0.00
1779166531.057,0x300,8,39 79 65 38 29 84 76 A8,temp=97.00
1779166531.164,0x100,8,4A 3F 96 E0 9A 06 A5 52,speed=74.00
1779166531.258,0x200,8,50 00 3E A1 39 6F F8 41,fuel=0.00
1779166531.350,0x300,8,39 04 A7 C8 C2 82 CB C7,temp=97.00
1779166531.434,0x100,8,4A AF 4D 65 21 56 AF CF,speed=74.00
1779166531.526,0x200,8,27 00 43 E0 EC D1 E4 D7,fuel=0.00
1779166531.619,0x300,8,39 CB DE 69 DE 5A 99 FD,temp=97.00
1779166531.714,0x100,8,4A E4 47 1C D0 B5 66 58,speed=74.00
1779166531.807,0x200,8,1C 00 55 71 0A 97 C4 5F,fuel=0.00
1779166531.916,0x300,8,39 92 BF EF 4A A6 7F 8E,temp=97.00
1779166532.008,0x100,8,4A BD 7B 80 77 5A 53 DF,speed=74.00
1779166532.104,0x200,8,E6 00 76 F9 7D 52 E7 83,fuel=0.00
1779166532.196,0x300,8,39 15 A7 D5 CB B9 73 C9,temp=97.00
1779166532.288,0x100,8,4A 16 17 8D 00 1F E1 F4,speed=74.00
1779166532.380,0x200,8,E4 00 96 C0 B3 14 85 6F,fuel=0.00
1779166532.474,0x300,8,39 61 4D 57 27 B6 21 F6,temp=97.00
1779166532.567,0x100,8,4A 18 60 DE 4D 9A 35 A4,speed=74.00
1779166532.657,0x200,8,69 00 46 22 7A 24 68 7F,fuel=0.00
1779166532.749,0x300,8,39 4B 27 CE 26 DB 4F 48,temp=97.00
1779166532.847,0x100,8,4A AF C9 26 C8 DA 0A 0D,speed=74.00
1779166532.938,0x200,8,1A 00 86 E4 EF 7B 8C 4F,fuel=0.00
1779166533.027,0x300,8,39 08 3C 62 75 35 34 93,temp=97.00
1779166533.119,0x100,8,4A E6 94 68 11 1B D9 4A,speed=74.00
1779166533.212,0x200,8,EC 00 4D DD 23 BD 9A 94,fuel=0.00
1779166533.309,0x300,8,39 D1 F4 D8 59 51 3A E6,temp=97.00
1779166533.401,0x100,8,4A E7 CD 63 41 C6 21 73,speed=74.00
1779166533.494,0x200,8,3F 00 11 73 B6 31 02 88,fuel=0.00
1779166533.587,0x300,8,39 FA 57 3E 43 DA 94 68,temp=97.00
1779166533.695,0x100,8,4A 9C 79 E5 91 73 4A 78,speed=74.00
1779166533.789,0x200,8,0E 00 9C B4 42 B7 DC E2,fuel=0.00
1779166533.882,0x300,8,39 97 83 7D 71 4E 1C CF,temp=97.00
1779166533.977,0x100,8,4A D1 12 41 CC 3D 6C 1E,speed=74.00
1779166534.070,0x200,8,B5 00 54 48 84 E5 5C 53,fuel=0.00
1779166534.164,0x300,8,39 51 C2 B9 F0 9E 74 3C,temp=97.00
1779166534.259,0x100,8,4A 74 77 89 B5 52 1C 56,speed=74.00
1779166534.350,0x200,8,0B 00 B3 0E 5D 4D 16 D3,fuel=0.00
1779166534.444,0x300,8,39 07 A0 19 B8 43 A3 3C,temp=97.00
1779166534.536,0x100,8,4A 3C E5 D5 50 78 1A 25,speed=74.00
1779166534.630,0x200,8,0E 00 A1 C8 11 EF 2C F8,fuel=0.00
1779166534.722,0x300,8,39 8B 8A 3D 9B D9 B0 3E,temp=97.00
1779166534.815,0x100,8,4A B7 92 BD A9 DB 8B 1C,speed=74.00
1779166534.909,0x200,8,BE 00 5C 3D DF FF E8 E2,fuel=0.00
1779166535.004,0x300,8,39 67 9B 41 0F 99 53 25,temp=97.00
1779166535.094,0x100,8,4A A6 FD 54 6A 86 B6 03,speed=74.00
1779166535.188,0x200,8,BD 00 38 86 5A E2 D0 75,fuel=0.00
1779166535.280,0x300,8,39 8C 3A A0 41 5F D1 53,temp=97.00
1779166535.372,0x100,8,4A BF 15 8C D7 83 2A 41,speed=74.00
1779166535.465,0x200,8,10 00 9D 3D 28 1A 95 79,fuel=0.00
1779166535.558,0x300,8,39 1B 35 2D 75 AC 27 0B,temp=97.00
1779166535.652,0x100,8,4A C4 0F B4 AA 28 08 DE,speed=74.00
1779166535.747,0x200,8,C5 00 C9 C0 CC 67 F1 E2,fuel=0.00
1779166535.839,0x300,8,39 C1 CD DD 17 08 A9 D1,temp=97.00
1779166535.936,0x100,8,4A 0F 60 90 FF 8F A2 25,speed=74.00
1779166536.026,0x200,8,F9 00 47 0C BE B2 02 3F,fuel=0.00
1779166536.118,0x300,8,39 AE 7B 27 42 03 E7 34,temp=97.00
1779166536.212,0x100,8,4A 10 D9 A4 22 4C 1E 9C,speed=74.00
1779166536.307,0x200,8,3A 00 A6 6E 2C 70 60 29,fuel=0.00
1779166536.399,0x300,8,39 18 B7 BD 8D 17 0E 70,temp=97.00
1779166536.494,0x100,8,4A A7 99 89 B2 60 CA D6,speed=74.00
1779166536.588,0x200,8,0D 00 58 1F EF 3A AD F1,fuel=0.00
1779166536.680,0x300,8,39 5B 9F 48 9A AE A0 0A,temp=97.00
1779166536.775,0x100,8,4A ED 8B C2 74 9A 1F 4A,speed=74.00
1779166536.870,0x200,8,5E 00 D1 01 67 36 61 FF,fuel=0.00
1779166536.968,0x300,8,39 BD 40 66 4C 19 F4 DD,temp=97.00
1779166537.072,0x100,8,4A E9 BC D8 38 1A 08 B7,speed=74.00
1779166537.162,0x200,8,E2 00 E5 39 87 F9 35 D8,fuel=0.00
1779166537.256,0x300,8,39 E4 37 3A 62 7B 5E D7,temp=97.00
1779166537.347,0x100,8,4A 7C E1 B0 EF 66 73 FC,speed=74.00
1779166537.440,0x200,8,7F 00 0A DC 14 60 16 41,fuel=0.00
1779166537.531,0x300,8,39 6D 36 8B A0 23 91 11,temp=97.00
1779166537.626,0x100,8,4A F1 86 64 DC 0A 65 5D,speed=74.00
1779166537.720,0x200,8,7A 00 1B A7 5B 94 B0 61,fuel=0.00
1779166537.813,0x300,8,39 E8 0E 4B 17 60 FE 5B,temp=97.00
1779166537.900,0x100,8,4A 7C F8 6B 00 69 98 02,speed=74.00
1779166537.995,0x200,8,C3 00 96 0A 3F 3F 91 7E,fuel=0.00
1779166538.102,0x300,8,39 D5 CD FA 0A 3B FB CB,temp=97.00
1779166538.193,0x100,8,4A 13 30 D2 C3 29 05 0F,speed=74.00
1779166538.287,0x200,8,C5 00 7F 3F B6 C5 9F E8,fuel=0.00
1779166538.381,0x300,8,39 FD 65 C0 5D D5 E3 B9,temp=97.00
1779166538.472,0x100,8,4A 93 7F B7 C2 E4 1E AB,speed=74.00
1779166538.565,0x200,8,7B 00 9E EB 78 90 BE C8,fuel=0.00
1779166538.660,0x300,8,39 2E 30 5C EC E0 7F 60,temp=97.00
1779166538.752,0x100,8,4A FC 04 8B C2 18 8A CA,speed=74.00
1779166538.848,0x200,8,45 00 5A 8F 51 C6 8B 78,fuel=0.00
1779166538.941,0x300,8,39 4E F4 06 9A DC 43 CD,temp=97.00
1779166539.032,0x100,8,4A 45 06 F9 19 51 B5 7D,speed=74.00
1779166539.127,0x200,8,D8 00 D8 B6 EE 34 4C 09,fuel=0.00
1779166539.222,0x300,8,39 F3 EA 1D 15 61 5A 67,temp=97.00
1779166539.314,0x100,8,4A C3 FF 97 D3 FA C8 27,speed=74.00
1779166539.405,0x200,8,26 00 F6 24 07 42 E1 D7,fuel=0.00
1779166539.499,0x300,8,39 58 BA 38 53 87 6A 10,temp=97.00
1779166539.595,0x100,8,4A 61 DB 33 F6 41 D3 19,speed=74.00
1779166539.688,0x200,8,9F 00 74 45 89 66 A9 CB,fuel=0.00
1779166539.782,0x300,8,39 0A 33 CC F1 9D AE 89,temp=97.00
1779166539.875,0x100,8,4A 5A 21 38 6F 63 74 A4,speed=74.00
1779166539.968,0x200,8,AA 00 B9 13 27 70 01 A7,fuel=0.00
1779166540.062,0x300,8,39 BD 10 BF 1C C9 B6 76,temp=97.00
1779166540.154,0x100,8,4A 02 96 BE 40 3E 7E 55,speed=74.00
1779166540.249,0x200,8,9F 00 3E F0 D2 4D BF 71,fuel=0.00
1779166540.340,0x300,8,39 2C DC 62 D8 A7 87 D7,temp=97.00
1779166540.432,0x100,8,4A 8C 2A 04 07 19 C5 FF,speed=74.00
1779166540.526,0x200,8,A2 00 8E A5 6B 2C 87 83,fuel=0.00
1779166540.620,0x300,8,39 51 95 10 D7 E1 C3 77,temp=97.00
1779166540.713,0x100,8,4A AB 10 C4 D1 A4 F6 52,speed=74.00
1779166540.806,0x200,8,92 00 53 0D A5 A8 3A E2,fuel=0.00
1779166540.913,0x300,8,39 F8 A3 EA A6 C2 9C BD,temp=97.00
1779166540.994,0x100,8,4A C8 DF 11 81 C7 F8 BC,speed=74.00
1779166541.101,0x200,8,26 00 D1 6E 9D F7 14 F2,fuel=0.00
1779166541.193,0x300,8,39 87 6A 6C BA 9E 6F 2E,temp=97.00
1779166541.289,0x100,8,4A C2 5D FD C4 04 1D 6A,speed=74.00
1779166541.382,0x200,8,28 00 4E 09 1B 6B 5E 65,fuel=0.00
1779166541.476,0x300,8,39 58 04 AB 91 7F 77 F7,temp=97.00
1779166541.568,0x100,8,4A 98 DF 0E 2D 84 6A 11,speed=74.00
1779166541.662,0x200,8,3E 00 A8 10 B3 DB F7 5C,fuel=0.00
1779166541.754,0x300,8,39 4C 1A CC 72 D9 F6 14,temp=97.00
1779166541.847,0x100,8,4A F6 25 E8 9A 14 27 4B,speed=74.00
1779166541.943,0x200,8,FB 00 0F 30 EF 3D 4A 58,fuel=0.00
1779166542.034,0x300,8,39 61 1F 17 21 C9 E8 2C,temp=97.00
1779166542.129,0x100,8,4A EC FB 25 C3 B7 86 5B,speed=74.00
1779166542.222,0x200,8,AB 00 F3 BD BA C9 34 D6,fuel=0.00
1779166542.317,0x300,8,39 8C 81 A8 AB 01 A7 51,temp=97.00
1779166542.409,0x100,8,4A 32 17 09 C3 42 F3 5D,speed=74.00
1779166542.502,0x200,8,30 00 1A 76 98 5E D0 E6,fuel=0.00
1779166542.598,0x300,8,39 5A DD A6 7E 1E 57 F9,temp=97.00
1779166542.686,0x100,8,4A 67 81 36 8D 29 BD E8,speed=74.00
1779166542.781,0x200,8,3E 00 7F 0D 2D 1C DA BE,fuel=0.00
1779166542.873,0x300,8,39 C8 75 5D 00 C9 80 D6,temp=97.00
1779166542.973,0x100,8,4A 20 16 30 5B 62 E9 4F,speed=74.00
1779166543.060,0x200,8,1C 00 4F 17 9D 67 B6 29,fuel=0.00
1779166543.156,0x300,8,39 AD 5A B1 EB 89 BF 58,temp=97.00
1779166543.251,0x100,8,4A A7 63 BC 44 CD E2 FC,speed=74.00
1779166543.342,0x200,8,28 00 4F E9 20 C5 08 A0,fuel=0.00
1779166543.434,0x300,8,39 48 A3 3D F7 EE 58 09,temp=97.00
1779166543.528,0x100,8,4A 7F E2 EF 8F BE D4 85,speed=74.00
1779166543.621,0x200,8,42 00 A6 73 31 23 70 87,fuel=0.00
1779166543.714,0x300,8,39 E7 AF A5 8C 6A F0 41,temp=97.00
1779166543.808,0x100,8,4A 4F 90 05 CB 8D AD 5C,speed=74.00
1779166543.915,0x200,8,89 00 25 5C BA 0B 49 66,fuel=0.00
1779166544.008,0x300,8,39 39 4E 9D 4A 91 56 E6,temp=97.00
1779166544.088,0x100,8,4A BD 7E 73 33 19 83 6A,speed=74.00
1779166544.181,0x200,8,AC 00 93 D7 9E 5A 9D 53,fuel=0.00
1779166544.275,0x300,8,39 40 90 36 E2 CF C3 A6,temp=97.00
1779166544.383,0x100,8,4A 05 70 6E 4F F5 76 F1,speed=74.00
1779166544.475,0x200,8,36 00 30 E7 61 36 23 44,fuel=0.00
1779166544.569,0x300,8,39 91 01 DE AB 05 6A 52,temp=97.00
1779166544.663,0x100,8,4A 84 27 48 95 E3 6C D8,speed=74.00
1779166544.758,0x200,8,78 00 09 05 57 F0 D0 47,fuel=0.00
1779166544.850,0x300,8,39 5A 56 EA 15 FC 0E F8,temp=97.00
1779166544.943,0x100,8,4A 53 35 13 D2 3C C9 A1,speed=74.00
1779166545.035,0x200,8,9F 00 1C 80 F9 F1 A8 36,fuel=0.00
1779166545.130,0x300,8,39 4F 2B 5B 8D 4D 64 43,temp=97.00
1779166545.219,0x100,8,4A E5 8C 4D 44 43 41 09,speed=74.00
1779166545.310,0x200,8,29 00 32 85 97 CA 12 99,fuel=0.00
1779166545.404,0x300,8,39 DC 82 39 7A BD AC C5,temp=97.00
1779166545.495,0x100,8,4A C4 1F 22 90 A3 E6 47,speed=74.00
1779166545.590,0x200,8,DE 00 9B FA FC D9 CC 8C,fuel=0.00
1779166545.682,0x300,8,39 D7 98 44 8B 88 77 CC,temp=97.00
1779166545.774,0x100,8,4A D3 34 7D 88 35 AD 70,speed=74.00
1779166545.872,0x200,8,19 00 BA C6 E5 C3 D6 E3,fuel=0.00
1779166545.965,0x300,8,39 03 E1 7D 0B 5B 76 7E,temp=97.00
1779166546.056,0x100,8,4A AB 6E 46 1C DF DB 87,speed=74.00
1779166546.163,0x200,8,DE 00 DC 70 E1 63 E0 A4,fuel=0.00
1779166546.257,0x300,8,39 37 31 43 C0 44 37 BF,temp=97.00
1779166546.349,0x100,8,4A 3B 0F 54 DD D9 A8 25,speed=74.00
1779166546.442,0x200,8,2A 00 52 11 9A 73 CD 3B,fuel=0.00
1779166546.535,0x300,8,39 A7 DE 11 32 76 1A 42,temp=97.00
1779166546.630,0x100,8,4A D5 C0 8B 31 D6 88 F6,speed=74.00
1779166546.722,0x200,8,EE 00 DD EE 35 CE EC DE,fuel=0.00
1779166546.817,0x300,8,39 96 FA 8E A4 68 8C 85,temp=97.00
1779166546.911,0x100,8,4A 37 7F B7 BB C9 A3 7D,speed=74.00
1779166547.004,0x200,8,46 00 10 75 B7 CF 0B 2C,fuel=0.00
1779166547.101,0x300,8,39 9D 33 A4 C5 D0 8D 4F,temp=97.00
1779166547.194,0x100,8,4A D2 F4 24 79 F5 92 25,speed=74.00
1779166547.287,0x200,8,E7 00 0C D1 F1 9A 13 25,fuel=0.00
1779166547.381,0x300,8,39 5E 96 C7 6E C5 6D 89,temp=97.00
1779166547.472,0x100,8,4A C7 F6 D8 E1 1D 59 B2,speed=74.00
1779166547.566,0x200,8,90 00 5F B9 CD 50 8F 5B,fuel=0.00
1779166547.659,0x300,8,39 48 32 B8 00 6F 17 49,temp=97.00
1779166547.751,0x100,8,4A F4 F1 3C E9 FD 81 20,speed=74.00
1779166547.846,0x200,8,CA 00 B9 E2 9C AD 3C 86,fuel=0.00
1779166547.943,0x300,8,39 AF 94 CC 44 CD A5 BF,temp=97.00
1779166548.035,0x100,8,4A 97 83 4E 25 98 FA 28,speed=74.00
1779166548.124,0x200,8,66 00 F6 D4 CF 0F 3D 6F,fuel=0.00
1779166548.218,0x300,8,39 64 38 D2 77 53 74 60,temp=97.00
1779166548.312,0x100,8,4A ED 1A 29 72 3A E0 93,speed=74.00
1779166548.404,0x200,8,A4 00 E4 F8 3D 1D 1D 14,fuel=0.00
1779166548.496,0x300,8,39 BB 78 74 E6 7B B8 55,temp=97.00
1779166548.593,0x100,8,4A 8A 9B C4 2D 84 01 86,speed=74.00
1779166548.684,0x200,8,A2 00 BF FA 72 2A 40 3E,fuel=0.00
1779166548.779,0x300,8,39 89 75 86 69 31 9E 08,temp=97.00
1779166548.874,0x100,8,4A 10 1C 14 15 81 E1 F4,speed=74.00
1779166548.963,0x200,8,C0 00 92 87 9A 87 72 23,fuel=0.00
1779166549.055,0x300,8,39 6A 2B 15 14 EE E4 37,temp=97.00
1779166549.162,0x100,8,4A 2B D5 93 D9 AC CE 0B,speed=74.00
1779166549.257,0x200,8,41 00 E2 6F 9E BA D2 66,fuel=0.00
1779166549.338,0x300,8,39 58 83 28 04 31 E5 13,temp=97.00
1779166549.442,0x100,8,4A 57 CC 3D ED 6C 86 AF,speed=74.00
1779166549.537,0x200,8,9C 00 2C EE 72 F3 3A BA,fuel=0.00
1779166549.631,0x300,8,39 67 EC D5 50 2F 48 40,temp=97.00
1779166549.723,0x100,8,4A 11 76 0E 7F CB 20 7C,speed=74.00
1779166549.827,0x200,8,5A 00 C0 14 3A B3 64 74,fuel=0.00
1779166549.911,0x300,8,39 84 4B A9 CE 1A 74 5C,temp=97.00
1779166550.005,0x100,8,4A 8D 3F 8B A1 2D B0 E3,speed=74.00
1779166550.092,0x200,8,F2 00 2F 71 28 01 1A 8F,fuel=0.00
1779166550.184,0x300,8,39 27 4E FE 38 DA E1 B0,temp=97.00
1779166550.278,0x100,8,4A 86 5D E0 66 E3 60 45,speed=74.00
1779166550.370,0x200,8,E7 00 14 5B 09 DD E1 84,fuel=0.00
1779166550.464,0x300,8,39 7B 3B C0 8E 07 5E 69,temp=97.00
1779166550.558,0x100,8,4A A9 A2 C1 83 C2 BA 18,speed=74.00
1779166550.651,0x200,8,81 00 74 B7 10 6E A0 FC,fuel=0.00
1779166550.745,0x300,8,39 70 DE 5F AC 47 99 0E,temp=97.00
1779166550.838,0x100,8,4A 7B 37 CD D5 0B 45 32,speed=74.00
1779166550.934,0x200,8,FB 00 D4 7C 44 0B F9 2C,fuel=0.00
1779166551.026,0x300,8,39 6D 34 FF AB 29 D3 80,temp=97.00
1779166551.121,0x100,8,4A C0 24 A3 28 BA 7C 23,speed=74.00
1779166551.214,0x200,8,6C 00 D7 1A 02 7D 7A CC,fuel=0.00
1779166551.308,0x300,8,39 12 35 DC 04 02 7C 18,temp=97.00
1779166551.400,0x100,8,4A 20 02 FE C3 F2 AE AE,speed=74.00
1779166551.496,0x200,8,F4 00 64 F1 AD A9 65 71,fuel=0.00
1779166551.588,0x300,8,39 58 62 CB CE F0 13 63,temp=97.00
1779166551.680,0x100,8,4A 69 65 A0 E0 D8 C4 05,speed=74.00
1779166551.777,0x200,8,CE 00 9E C1 C3 A9 EF 84,fuel=0.00
1779166551.871,0x300,8,39 50 6B DC 41 1F 39 19,temp=97.00
1779166551.964,0x100,8,4A CF E3 05 EF FB 0C 19,speed=74.00
1779166552.056,0x200,8,28 00 D4 99 39 57 E7 65,fuel=0.00
1779166552.150,0x300,8,39 EF 92 1B 43 74 8A 72,temp=97.00
1779166552.244,0x100,8,4A F3 32 AC 68 25 AA 6E,speed=74.00
1779166552.338,0x200,8,D9 00 99 C2 0F D5 07 B7,fuel=0.00
1779166552.445,0x300,8,39 20 B0 2D 25 A5 DA F7,temp=97.00
1779166552.525,0x100,8,4A 3F 13 36 C3 94 31 7F,speed=74.00
1779166552.618,0x200,8,9E 00 E8 A0 F3 9D A5 4C,fuel=0.00
1779166552.727,0x300,8,39 07 E7 8C 90 D1 6A BB,temp=97.00
1779166552.821,0x100,8,4A E5 11 F9 5C 4D A8 1A,speed=74.00
1779166552.900,0x200,8,5E 00 3C 53 2F 1A 11 88,fuel=0.00
1779166552.994,0x300,8,39 8C 02 A0 2A F1 49 17,temp=97.00
1779166553.101,0x100,8,4A D9 85 95 E1 9A 4B 47,speed=74.00
1779166553.192,0x200,8,B1 00 BF 7C BA 68 5A C5,fuel=0.00
1779166553.288,0x300,8,39 C8 05 FB 84 4E 4A 6C,temp=97.00
1779166553.379,0x100,8,4A 8B 14 21 03 63 3E 7F,speed=74.00
1779166553.472,0x200,8,82 00 A7 89 51 AF 1D 39,fuel=0.00
1779166553.565,0x300,8,39 D1 88 1C 51 00 06 06,temp=97.00
1779166553.655,0x100,8,4A 0E D6 98 FE 72 E3 40,speed=74.00
1779166553.749,0x200,8,36 00 B2 B7 87 62 A7 4F,fuel=0.00
1779166553.844,0x300,8,39 3D E1 2B B1 22 2B 24,temp=97.00
1779166553.938,0x100,8,4A 2E 71 45 10 30 A1 7F,speed=74.00
1779166554.030,0x200,8,D2 00 54 C5 69 8C AE 40,fuel=0.00
1779166554.125,0x300,8,39 D1 B5 48 EC 05 DA 5C,temp=97.00
1779166554.217,0x100,8,4A 35 69 35 10 1D 91 15,speed=74.00
1779166554.310,0x200,8,31 00 4F C1 D9 4A 74 F9,fuel=0.00
1779166554.402,0x300,8,39 C5 A1 67 95 EA 39 45,temp=97.00
1779166554.497,0x100,8,4A 7C 6E E2 03 2C 25 6B,speed=74.00
1779166554.592,0x200,8,79 00 7C 67 E8 8A 0D D1,fuel=0.00
1779166554.685,0x300,8,39 1F F5 32 A0 DE D7 A5,temp=97.00
1779166554.780,0x100,8,4A 58 50 2C E3 D1 81 48,speed=74.00
1779166554.872,0x200,8,17 00 5B 4E C5 3F 0D 62,fuel=0.00
1779166554.967,0x300,8,39 2A 2C D3 E0 96 DC B5,temp=97.00
1779166555.058,0x100,8,4A 7B E7 90 E1 6A C2 C0,speed=74.00
1779166555.150,0x200,8,B2 00 59 C6 60 72 D4 67,fuel=0.00
1779166555.243,0x300,8,39 19 E4 A3 45 36 44 E9,temp=97.00
1779166555.354,0x100,8,4A D3 43 2E 0E C8 C2 26,speed=74.00
1779166555.443,0x200,8,12 00 ED DD 46 A4 68 D3,fuel=0.00
1779166555.535,0x300,8,39 B4 3B EC 5F 55 3B 59,temp=97.00
1779166555.628,0x100,8,4A 94 94 08 3E F6 33 D6,speed=74.00
1779166555.719,0x200,8,95 00 C6 DD E8 10 73 E9,fuel=0.00
1779166555.814,0x300,8,39 C5 C3 C0 EB E0 9B 39,temp=97.00
1779166555.906,0x100,8,4A 24 1B 9B BF EF 00 B6,speed=74.00
1779166555.999,0x200,8,3D 00 E0 01 4A D8 47 82,fuel=0.00
1779166556.093,0x300,8,39 12 83 B4 9B 7A 09 CE,temp=97.00
1779166556.185,0x100,8,4A 4B D1 9C 22 88 95 F7,speed=74.00
1779166556.275,0x200,8,DD 00 15 A4 89 39 D3 DD,fuel=0.00
1779166556.369,0x300,8,39 7B 64 12 93 85 17 26,temp=97.00
1779166556.465,0x100,8,4A F4 25 57 61 F6 D6 D4,speed=74.00
1779166556.559,0x200,8,91 00 07 B5 0C 4A CB 8D,fuel=0.00
1779166556.652,0x300,8,39 AF 20 1B 14 D9 83 CE,temp=97.00
1779166556.744,0x100,8,4A 1E AE 3D E6 35 7D D4,speed=74.00
1779166556.837,0x200,8,0C 00 46 B2 05 82 DE 9A,fuel=0.00
1779166556.933,0x300,8,39 CE 7A AF DE 6F 95 F2,temp=97.00
1779166557.038,0x100,8,4A 49 05 73 03 C6 32 F5,speed=74.00
1779166557.130,0x200,8,58 00 AA 9C 9C C8 86 5E,fuel=0.00
1779166557.224,0x300,8,39 0F 85 18 BA CF 3A 6F,temp=97.00
1779166557.316,0x100,8,4A 99 EB 61 33 F5 89 87,speed=74.00
1779166557.411,0x200,8,7A 00 35 F7 E7 E2 1E 3D,fuel=0.00
1779166557.502,0x300,8,39 16 8A 98 7E 92 12 26,temp=97.00
1779166557.596,0x100,8,4A 43 03 9B FD 4B 8C FF,speed=74.00
1779166557.688,0x200,8,30 00 07 7B FE E9 98 01,fuel=0.00
1779166557.782,0x300,8,39 D3 09 38 6D 5C F3 90,temp=97.00
1779166557.876,0x100,8,4A 7C FC A5 07 CC C6 95,speed=74.00
1779166557.968,0x200,8,9E 00 FC 97 71 01 09 9B,fuel=0.00
1779166558.058,0x300,8,39 6E 4C 60 5E 28 81 8D,temp=97.00
1779166558.150,0x100,8,4A 0E F1 91 A5 68 17 C6,speed=74.00
1779166558.244,0x200,8,81 00 67 C1 27 68 9A 10,fuel=0.00
1779166558.350,0x300,8,39 A5 F6 8C 1B B3 10 FB,temp=97.00
1779166558.442,0x100,8,4A 5D B9 51 4F 80 E6 5E,speed=74.00
1779166558.537,0x200,8,D4 00 E9 DD 08 3C 83 6F,fuel=0.00
1779166558.632,0x300,8,39 3D 59 28 B1 84 FF 5B,temp=97.00
1779166558.712,0x100,8,4A 09 69 CD 94 85 CB 46,speed=74.00
1779166558.821,0x200,8,06 00 D6 71 ED EB B6 78,fuel=0.00
1779166558.915,0x300,8,39 FA 47 36 64 00 29 CA,temp=97.00
1779166558.999,0x100,8,4A D4 41 8E E7 D9 32 63,speed=74.00
1779166559.099,0x200,8,E2 00 07 2C EF 66 A2 AE,fuel=0.00
1779166559.194,0x300,8,39 DA 62 9E 65 AA 76 79,temp=97.00
1779166559.285,0x100,8,4A 2A AE 3C 00 BF DA 99,speed=74.00
1779166559.379,0x200,8,B4 00 7C 2E 03 BC 73 5B,fuel=0.00
1779166559.468,0x300,8,39 01 D3 66 CB EF C6 C7,temp=97.00
1779166559.564,0x100,8,4A FE 98 19 F6 ED 1A E8,speed=74.00
1779166559.657,0x200,8,DA 00 F6 B5 D1 68 83 9F,fuel=0.00
1779166559.749,0x300,8,39 8B 06 E4 92 07 9A 94,temp=97.00
1779166559.841,0x100,8,4A C4 60 E3 85 06 6E 84,speed=74.00
1779166559.937,0x200,8,9D 00 C1 87 5C B0 46 61,fuel=0.00
1779166560.031,0x300,8,39 68 3F 33 19 86 47 70,temp=97.00
1779166560.126,0x100,8,4A 58 5E 89 9A 81 87 4E,speed=74.00
1779166560.219,0x200,8,B4 00 C2 CE 63 EE 7E A1,fuel=0.00
1779166560.310,0x300,8,39 A8 1B 81 7D EA 58 46,temp=97.00
1779166560.404,0x100,8,4A F8 9B 67 9F BE 00 0C,speed=74.00
1779166560.499,0x200,8,9B 00 1B EE 5D 4F 4C 04,fuel=0.00
1779166560.595,0x300,8,39 0C 92 53 34 F0 74 79,temp=97.00
1779166560.686,0x100,8,4A 09 0B F5 6C 6D DB 2A,speed=74.00
1779166560.779,0x200,8,7C 00 5B BD 99 BC 16 91,fuel=0.00
1779166560.869,0x300,8,39 60 4F 71 34 5C 16 A6,temp=97.00
1779166560.966,0x100,8,4A AD A5 B8 EC 17 43 94,speed=74.00
1779166561.068,0x200,8,F2 00 B5 97 E8 78 D2 05,fuel=0.00
1779166561.160,0x300,8,39 98 2E DF B9 1B 97 40,temp=97.00
1779166561.255,0x100,8,4A E8 EE FE 70 1D EB 00,speed=74.00
1779166561.347,0x200,8,A3 00 E8 4C 97 F0 E8 64,fuel=0.00
1779166561.440,0x300,8,39 CD 28 62 62 9F 1A B7,temp=97.00
1779166561.532,0x100,8,4A 77 9B 65 01 D2 DD D9,speed=74.00
1779166561.627,0x200,8,EE 00 F3 31 83 C9 48 D7,fuel=0.00
1779166561.720,0x300,8,39 EC 29 EA 5A 49 53 4A,temp=97.00
1779166561.812,0x100,8,4A 5E 75 26 4F C7 C7 79,speed=74.00
1779166561.906,0x200,8,14 00 4B FA 42 F7 6C 4A,fuel=0.00
1779166562.002,0x300,8,39 45 CA 84 31 39 7F E1,temp=97.00
1779166562.093,0x100,8,4A C1 13 CF 78 5B 23 FD,speed=74.00
1779166562.185,0x200,8,E1 00 4B CF A0 A1 DE B6,fuel=0.00
1779166562.281,0x300,8,39 68 47 B8 31 E9 BA C3,temp=97.00
1779166562.374,0x100,8,4A 00 34 36 CC 21 D6 4C,speed=74.00
1779166562.466,0x200,8,68 00 27 FB AB 25 DB E1,fuel=0.00
1779166562.559,0x300,8,39 F4 75 64 B2 4B 9B 27,temp=97.00
1779166562.651,0x100,8,4A 69 2C 2B D4 1C 6D 30,speed=74.00
1779166562.744,0x200,8,76 00 90 04 94 2D 05 37,fuel=0.00
1779166562.840,0x300,8,39 75 59 7A 49 A5 4B 4C,temp=97.00
1779166562.933,0x100,8,4A FC 80 85 7E 8C 5E ED,speed=74.00
1779166563.031,0x200,8,32 00 01 51 AF 54 C7 FD,fuel=0.00
1779166563.119,0x300,8,39 65 24 A4 6B 01 1C 1E,temp=97.00
1779166563.213,0x100,8,4A B0 11 17 13 28 29 A7,speed=74.00
1779166563.307,0x200,8,03 00 F7 84 5F 73 BB A6,fuel=0.00
1779166563.415,0x300,8,39 DC B3 3D EA 7E DD AC,temp=97.00
1779166563.508,0x100,8,4A 6C 68 73 89 7B D6 0D,speed=74.00
1779166563.603,0x200,8,97 00 33 AC 43 71 1A 16,fuel=0.00
1779166563.694,0x300,8,39 F2 E7 0E B3 67 D0 83,temp=97.00
1779166563.788,0x100,8,4A 03 0E 13 A5 DA 35 07,speed=74.00
1779166563.881,0x200,8,CD 00 71 ED 24 D8 08 E0,fuel=0.00
1779166563.965,0x300,8,39 C6 31 D6 81 C4 01 E5,temp=97.00
1779166564.067,0x100,8,4A 4D BD 2A 57 67 C1 4A,speed=74.00
1779166564.162,0x200,8,6B 00 3F 32 2B 4E F8 3B,fuel=0.00
1779166564.258,0x300,8,39 D2 B9 70 89 7C 14 E6,temp=97.00
1779166564.339,0x100,8,4A 10 5F 73 28 C3 4A 1C,speed=74.00
1779166564.432,0x200,8,80 00 DF 49 9F A2 35 37,fuel=0.00
1779166564.526,0x300,8,39 91 25 72 6F 30 1C 72,temp=97.00
1779166564.620,0x100,8,4A 05 E6 D1 98 6D 87 90,speed=74.00
1779166564.714,0x200,8,C0 00 9B 44 A9 F4 19 A8,fuel=0.00
1779166564.808,0x300,8,39 FD 2D EF B0 7C 67 73,temp=97.00
1779166564.902,0x100,8,4A EA DD C0 88 AF 34 BD,speed=74.00
1779166564.995,0x200,8,5F 00 28 15 89 1F 24 9C,fuel=0.00
1779166565.088,0x300,8,39 47 84 77 06 C0 94 28,temp=97.00
1779166565.180,0x100,8,4A 92 B4 45 98 FA 59 C7,speed=74.00
1779166565.274,0x200,8,6E 00 1C D6 06 00 58 04,fuel=0.00
1779166565.384,0x300,8,39 06 53 D8 DB 17 22 1A,temp=97.00
1779166565.476,0x100,8,4A 9C 3D 72 0E 17 C2 0D,speed=74.00
1779166565.567,0x200,8,E8 00 1D A2 4A C6 EA 0D,fuel=0.00
1779166565.654,0x300,8,39 E5 8C 04 FE 0A 1E 3F,temp=97.00
1779166565.745,0x100,8,4A DF 10 E1 4D E3 1E 81,speed=74.00
1779166565.839,0x200,8,EE 00 A9 1B E4 55 84 EF,fuel=0.00
1779166565.938,0x300,8,39 F1 5D C0 B1 D6 19 58,temp=97.00
1779166566.031,0x100,8,4A 9B 1A 39 46 A8 4E 89,speed=74.00
1779166566.121,0x200,8,EB 00 3B 46 9E ED C8 3D,fuel=0.00
1779166566.213,0x300,8,39 71 EE A6 97 97 10 A8,temp=97.00
1779166566.307,0x100,8,4A 49 B3 78 FE 4C 3B 2E,speed=74.00
1779166566.415,0x200,8,88 00 46 77 75 C9 2D 85,fuel=0.00
1779166566.509,0x300,8,39 E9 23 2F 9E E1 11 29,temp=97.00
1779166566.600,0x100,8,4A 2D E8 C7 29 6C B9 BC,speed=74.00
1779166566.694,0x200,8,AB 00 87 3B E1 B4 9F 1F,fuel=0.00
1779166566.785,0x300,8,39 63 26 7A B0 90 E5 C2,temp=97.00
1779166566.878,0x100,8,4A C0 82 17 31 7F A5 81,speed=74.00
1779166566.977,0x200,8,7B 00 21 F3 5A CF 69 1D,fuel=0.00
1779166567.063,0x300,8,39 84 68 38 26 6B AE 10,temp=97.00
1779166567.158,0x100,8,4A ED 69 05 3A 37 31 76,speed=74.00
1779166567.249,0x200,8,23 00 75 9A CE EA A2 46,fuel=0.00
1779166567.345,0x300,8,39 9C 20 5B B1 8A 33 44,temp=97.00
1779166567.439,0x100,8,4A B4 BF 08 5B 74 B0 FA,speed=74.00
1779166567.533,0x200,8,49 00 45 78 58 AC C8 EF,fuel=0.00
1779166567.625,0x300,8,39 1D 98 CD D2 63 81 F0,temp=97.00
1779166567.717,0x100,8,4A 29 B8 2F A8 73 BA F9,speed=74.00
1779166567.812,0x200,8,F3 00 90 0B CA CB 47 6A,fuel=0.00
1779166567.906,0x300,8,39 F1 DB 93 CC F9 AA 68,temp=97.00
1779166568.001,0x100,8,4A 73 75 41 EA 77 45 B1,speed=74.00
1779166568.098,0x200,8,B3 00 A3 8E 03 D1 19 C8,fuel=0.00
1779166568.187,0x300,8,39 7C 5E 64 A1 8E 46 54,temp=97.00
1779166568.279,0x100,8,4A 66 E3 D9 77 93 4C 7D,speed=74.00
1779166568.375,0x200,8,20 00 5B AC 68 91 80 9D,fuel=0.00
1779166568.467,0x300,8,39 22 C0 75 55 94 9D 43,temp=97.00
1779166568.560,0x100,8,4A C1 F8 D8 B8 FC 5C C1,speed=74.00
1779166568.654,0x200,8,7F 00 9B 29 7A DA C8 DB,fuel=0.00
1779166568.749,0x300,8,39 3A EE 02 13 FD 64 53,temp=97.00
1779166568.844,0x100,8,4A 51 D2 6B C3 A8 6B 49,speed=74.00
1779166568.939,0x200,8,11 00 D3 4C 68 42 8B 98,fuel=0.00
1779166569.030,0x300,8,39 B0 AA E4 67 48 47 33,temp=97.00
1779166569.123,0x100,8,4A 19 E1 49 D7 EA 74 03,speed=74.00
1779166569.217,0x200,8,F4 00 FD 52 B6 A4 4B 15,fuel=0.00
1779166569.310,0x300,8,39 9D A8 14 0D F2 A2 50,temp=97.00
1779166569.403,0x100,8,4A 12 92 3F 7A CD 39 97,speed=74.00
1779166569.495,0x200,8,12 00 34 F6 C9 94 08 3E,fuel=0.00
1779166569.590,0x300,8,39 6E 2E B2 C5 82 94 01,temp=97.00
1779166569.694,0x100,8,4A 41 94 D8 03 8A 9E 9D,speed=74.00
1779166569.780,0x200,8,2E 00 C2 15 B7 30 DA 3D,fuel=0.00
1779166569.872,0x300,8,39 06 89 9A C1 4B AC 9D,temp=97.00
1779166569.965,0x100,8,4A 0F D7 11 28 46 9D B9,speed=74.00
1779166570.057,0x200,8,88 00 A8 14 80 29 A3 9B,fuel=0.00
1779166570.154,0x300,8,39 F5 29 FF 71 72 74 C7,temp=97.00
1779166570.246,0x100,8,4A 35 7E 0B DE 25 85 78,speed=74.00
1779166570.341,0x200,8,CA 00 AB 2D F6 A8 BF 9E,fuel=0.00
1779166570.432,0x300,8,39 23 47 10 C9 BC 46 B7,temp=97.00
1779166570.526,0x100,8,4A 76 49 6F 78 8B A4 01,speed=74.00
1779166570.620,0x200,8,93 00 E8 66 ED 84 DF E7,fuel=0.00
1779166570.711,0x300,8,39 90 79 4C A0 02 56 B6,temp=97.00
1779166570.807,0x100,8,4A B5 CB F5 B1 4F 27 DF,speed=74.00
1779166570.914,0x200,8,8E 00 23 0C FC D3 0F 5B,fuel=0.00
1779166570.993,0x300,8,39 C9 F9 AF 24 A7 48 B3,temp=97.00
1779166571.103,0x100,8,4A CF 2B C2 04 6C 68 4B,speed=74.00
1779166571.193,0x200,8,81 00 49 C7 27 B7 59 5B,fuel=0.00
1779166571.288,0x300,8,39 39 BD CD 5E DA 57 B7,temp=97.00
1779166571.380,0x100,8,4A 32 9A 6A 55 F5 7B 79,speed=74.00
1779166571.473,0x200,8,DD 00 35 AE F1 B2 E1 69,fuel=0.00
1779166571.566,0x300,8,39 E1 2C F7 ED 75 FA F3,temp=97.00
1779166571.660,0x100,8,4A 15 40 1A 8E 6F 59 4C,speed=74.00
1779166571.752,0x200,8,84 00 FD C7 BC 04 75 AD,fuel=0.00
1779166571.846,0x300,8,39 BB 07 E6 71 B3 4C FB,temp=97.00
1779166571.941,0x100,8,4A AA A1 69 0D 36 21 57,speed=74.00
1779166572.032,0x200,8,49 00 BF 4A 5E E5 B5 7D,fuel=0.00
1779166572.126,0x300,8,39 1F DA 32 29 46 55 F3,temp=97.00
1779166572.222,0x100,8,4A 42 C9 C6 55 8F 07 CA,speed=74.00
1779166572.315,0x200,8,D7 00 6A 7B 8F 8B D4 7C,fuel=0.00
1779166572.406,0x300,8,39 30 08 9E E0 FC 36 DE,temp=97.00
1779166572.500,0x100,8,4A 67 B2 40 DC 63 7A C5,speed=74.00
1779166572.596,0x200,8,66 00 25 46 C1 E1 6F 16,fuel=0.00
1779166572.691,0x300,8,39 FC 61 27 32 EF F4 6D,temp=97.00
1779166572.782,0x100,8,4A 9D F9 87 8C C0 B4 9E,speed=74.00
1779166572.875,0x200,8,60 00 68 C6 E9 CD BD 8F,fuel=0.00
1779166572.972,0x300,8,39 DF 41 BB 0F 5F 63 08,temp=97.00
1779166573.062,0x100,8,4A A4 7A C1 40 31 1F A8,speed=74.00
1779166573.155,0x200,8,B9 00 89 3B 78 4C F2 54,fuel=0.00
1779166573.249,0x300,8,39 23 48 F0 F4 1E 36 FB,temp=97.00
1779166573.342,0x100,8,4A EA 28 01 CB DD 13 A5,speed=74.00
1779166573.434,0x200,8,A9 00 D4 AE 8D E6 99 3C,fuel=0.00
1779166573.526,0x300,8,39 52 A5 78 83 74 82 CB,temp=97.00
1779166573.621,0x100,8,4A 4D 0B A6 B3 D4 0F D5,speed=74.00
1779166573.715,0x200,8,6C 00 FD FC E5 F9 D4 9E,fuel=0.00
1779166573.808,0x300,8,39 C9 FE E5 E4 87 B0 8F,temp=97.00
1779166573.901,0x100,8,4A 6D 9A 19 5B 15 7A 5E,speed=74.00
1779166573.993,0x200,8,74 00 EF 22 02 F3 4A 5A,fuel=0.00
1779166574.087,0x300,8,39 C4 B1 13 67 A4 42 5B,temp=97.00
1779166574.194,0x100,8,4A BE 67 80 6F 53 69 8E,speed=74.00
1779166574.291,0x200,8,1A 00 6D 26 6F 8F B0 5E,fuel=0.00
1779166574.368,0x300,8,39 AD B2 F7 C0 66 33 CC,temp=97.00
1779166574.475,0x100,8,4A A3 3C C0 F3 BC 60 05,speed=74.00
1779166574.569,0x200,8,90 00 17 81 B6 D6 E3 B4,fuel=0.00
1779166574.661,0x300,8,39 55 0C 86 D5 47 E9 70,temp=97.00
1779166574.755,0x100,8,4A 7C 36 70 A4 69 C5 89,speed=74.00
1779166574.850,0x200,8,40 00 F2 C9 AC 87 03 66,fuel=0.00
1779166574.944,0x300,8,39 DE 6D 13 17 54 BC FB,temp=97.00
1779166575.039,0x100,8,4A E4 E3 D0 19 44 6A CC,speed=74.00
1779166575.126,0x200,8,57 00 0F 97 7F AD 96 77,fuel=0.00
1779166575.222,0x300,8,39 44 F6 74 72 B7 E7 7C,temp=97.00
1779166575.314,0x100,8,4A 2C B2 5D F5 EF 2D F4,speed=74.00
1779166575.405,0x200,8,92 00 98 62 F6 FE 57 2B,fuel=0.00
1779166575.501,0x300,8,39 E9 0C AC 62 BA BA EF,temp=97.00
1779166575.596,0x100,8,4A 4B ED 7D 1D A2 69 9C,speed=74.00
1779166575.688,0x200,8,ED 00 92 FC 55 3C C6 E6,fuel=0.00
1779166575.784,0x300,8,39 61 F7 3D 4D 83 CF 36,temp=97.00
1779166575.877,0x100,8,4A 5E F6 AD 2E C8 73 D0,speed=74.00
1779166575.972,0x200,8,6E 00 B3 85 2E 50 C8 1B,fuel=0.00
1779166576.063,0x300,8,39 45 E3 22 94 1F 9A B3,temp=97.00
1779166576.158,0x100,8,4A 7E BE 1E 6A F0 01 9F,speed=74.00
1779166576.250,0x200,8,F3 00 B8 4D BA E6 D8 42,fuel=0.00
1779166576.344,0x300,8,39 3A 31 F0 A2 06 E7 66,temp=97.00
1779166576.437,0x100,8,4A 5F 97 F7 64 FA B2 D6,speed=74.00
1779166576.530,0x200,8,57 00 31 E9 4C 9B AD F8,fuel=0.00
1779166576.623,0x300,8,39 19 C9 42 3C 0E DB 4E,temp=97.00
1779166576.719,0x100,8,4A 6A 23 B7 44 9F D8 AC,speed=74.00
1779166576.813,0x200,8,38 00 F4 E3 80 5D 66 24,fuel=0.00
1779166576.905,0x300,8,39 45 06 2F A6 FF 03 26,temp=97.00
1779166577.003,0x100,8,4A 34 5E 40 12 BA 91 39,speed=74.00
1779166577.094,0x200,8,01 00 55 60 3B 13 C4 B3,fuel=0.00
1779166577.187,0x300,8,39 3C 2E E7 52 28 DE 25,temp=97.00
1779166577.281,0x100,8,4A AC 19 B2 2B 6C 97 40,speed=74.00
1779166577.374,0x200,8,CE 00 93 88 F7 48 9F 51,fuel=0.00
1779166577.467,0x300,8,39 C7 8F E0 00 3E A7 4F,temp=97.00
1779166577.558,0x100,8,4A 6B BB 8B 0E 7B A7 47,speed=74.00
1779166577.652,0x200,8,79 00 31 8D 2B 6F BB 91,fuel=0.00
1779166577.744,0x300,8,39 4A DC 06 82 C6 F5 28,temp=97.00
1779166577.838,0x100,8,4A 1D 91 96 4E 1D AC 05,speed=74.00
1779166577.940,0x200,8,55 00 73 DA 75 5A 1C CB,fuel=0.00
1779166578.032,0x300,8,39 39 6B F3 81 A7 E0 8C,temp=97.00
1779166578.124,0x100,8,4A 2B B4 F4 A3 2B E0 3E,speed=74.00
1779166578.216,0x200,8,C5 00 3C A8 74 85 58 D3,fuel=0.00
1779166578.310,0x300,8,39 C7 5D 60 23 5D 75 4C,temp=97.00
1779166578.402,0x100,8,4A B6 13 EF 93 F4 28 DC,speed=74.00
1779166578.495,0x200,8,99 00 85 5D A5 D2 06 6E,fuel=0.00
1779166578.589,0x300,8,39 B4 C6 32 1F 8A A0 AB,temp=97.00
1779166578.681,0x100,8,4A EC 8E DF B8 A6 56 31,speed=74.00
1779166578.775,0x200,8,E3 00 5B D2 D4 4D 02 32,fuel=0.00
1779166578.869,0x300,8,39 6C AA 27 2C E5 2F DD,temp=97.00
1779166578.968,0x100,8,4A 02 D0 98 F9 1A EB 81,speed=74.00
1779166579.057,0x200,8,64 00 13 58 82 28 53 62,fuel=0.00
1779166579.151,0x300,8,39 10 1D 38 9B F5 89 8C,temp=97.00
1779166579.257,0x100,8,4A F8 96 25 43 5A CD 70,speed=74.00
1779166579.352,0x200,8,1E 00 A7 40 EC 2D CC 1B,fuel=0.00
1779166579.444,0x300,8,39 72 27 F7 F0 A6 D2 87,temp=97.00
1779166579.536,0x100,8,4A B5 09 50 1C 6C 55 0A,speed=74.00
1779166579.628,0x200,8,1B 00 4E 1C 69 20 7B 34,fuel=0.00
1779166579.721,0x300,8,39 7F C5 FA 6B 70 C6 DB,temp=97.00
1779166579.814,0x100,8,4A CB AA 73 25 BF 88 2D,speed=74.00
1779166579.907,0x200,8,9E 00 1C 53 C3 68 98 C8,fuel=0.00
1779166580.004,0x300,8,39 94 D5 A7 CD 4B 11 20,temp=97.00
1779166580.098,0x100,8,4A EC E6 7B DD 0C 82 2D,speed=74.00
1779166580.188,0x200,8,FB 00 39 DE 83 E3 7C F6,fuel=0.00
1779166580.282,0x300,8,39 4E 41 F7 61 6A 0E 0A,temp=97.00
1779166580.376,0x100,8,4A 23 A9 99 AC 9A D8 23,speed=74.00
1779166580.470,0x200,8,DA 00 89 0B 8B 14 03 64,fuel=0.00
1779166580.565,0x300,8,39 5C B0 19 0F EA 69 9D,temp=97.00
1779166580.659,0x100,8,4A CC 0C 27 67 0C F5 2D,speed=74.00
1779166580.751,0x200,8,AF 00 62 2D DF 9C 50 97,fuel=0.00
1779166580.844,0x300,8,39 C1 3B F5 B2 4B EC 32,temp=97.00
1779166580.935,0x100,8,4A 96 79 D5 FB FF 4E 9C,speed=74.00
1779166581.028,0x200,8,49 00 C3 C7 0E 44 51 AC,fuel=0.00
1779166581.121,0x300,8,39 CE 8D F4 90 80 8A 22,temp=97.00
1779166581.216,0x100,8,4A E8 D7 B8 B0 6F 67 58,speed=74.00
1779166581.308,0x200,8,BF 00 6D C1 92 10 27 D5,fuel=0.00
1779166581.400,0x300,8,39 99 58 1A 46 E4 1A 6A,temp=97.00
1779166581.496,0x100,8,4A EB F5 20 52 A1 AB AE,speed=74.00
1779166581.589,0x200,8,6B 00 56 30 E1 D4 2F 65,fuel=0.00
1779166581.681,0x300,8,39 4B 58 E5 FA 52 80 97,temp=97.00
1779166581.777,0x100,8,4A DD C7 E3 D8 E3 BC 79,speed=74.00
1779166581.872,0x200,8,67 00 67 BA 4F E7 19 05,fuel=0.00
1779166581.962,0x300,8,39 20 FD 5B 9F 24 D7 09,temp=97.00
1779166582.057,0x100,8,4A A2 F4 2C 19 8B 0F 43,speed=74.00
1779166582.151,0x200,8,4D 00 30 09 B4 72 63 B5,fuel=0.00
1779166582.244,0x300,8,39 EA A5 C4 B1 1D AB 0C,temp=97.00
1779166582.349,0x100,8,4A CC B7 A3 CB 01 F5 88,speed=74.00
1779166582.442,0x200,8,99 00 26 2B 7F A5 90 35,fuel=0.00
1779166582.536,0x300,8,39 EE E2 80 AD 73 4E 83,temp=97.00
1779166582.628,0x100,8,4A 3F 2D 0B 6F 1F 46 EF,speed=74.00
1779166582.721,0x200,8,BD 00 64 5F C0 03 D0 96,fuel=0.00
1779166582.813,0x300,8,39 B0 30 EA 03 05 F2 66,temp=97.00
1779166582.907,0x100,8,4A FF C7 47 FF 79 57 4C,speed=74.00
1779166582.998,0x200,8,B5 00 F0 99 10 A7 97 AD,fuel=0.00
1779166583.092,0x300,8,39 85 1F 5F 5B 72 A1 77,temp=97.00
1779166583.186,0x100,8,4A FE C1 57 2F EA ED 70,speed=74.00
1779166583.280,0x200,8,40 00 83 5D C7 CA 0D 09,fuel=0.00
1779166583.374,0x300,8,39 F9 D1 78 93 01 0B C8,temp=97.00
1779166583.463,0x100,8,4A A0 0F 85 F5 1D ED B2,speed=74.00
1779166583.555,0x200,8,E6 00 8D 05 D7 B2 00 0D,fuel=0.00
1779166583.664,0x300,8,39 1F 08 33 FE 7A 96 DC,temp=97.00
1779166583.756,0x100,8,4A A0 56 18 FC 4B 93 EC,speed=74.00
1779166583.848,0x200,8,4C 00 45 65 92 3D FE 44,fuel=0.00
1779166583.943,0x300,8,39 00 0F 96 73 3A 09 D8,temp=97.00
1779166584.035,0x100,8,4A 77 E9 85 F5 EA 19 C2,speed=74.00
1779166584.128,0x200,8,9A 00 5F B7 EF AC 0E 3F,fuel=0.00
1779166584.221,0x300,8,39 B7 32 2B 58 27 D7 C6,temp=97.00
1779166584.316,0x100,8,4A 7E 56 D3 6C B1 42 91,speed=74.00
1779166584.409,0x200,8,AF 00 F5 1B 10 35 60 7B,fuel=0.00
1779166584.503,0x300,8,39 46 BB 66 9C E6 D2 2A,temp=97.00
1779166584.598,0x100,8,4A 5F 02 C6 1C B5 02 F2,speed=74.00
1779166584.689,0x200,8,8A 00 F0 06 C7 43 27 69,fuel=0.00
1779166584.784,0x300,8,39 0E 30 65 7D D3 C7 3C,temp=97.00
1779166584.875,0x100,8,4A 5A 9D 39 16 69 A0 7F,speed=74.00
1779166584.971,0x200,8,C3 00 5F 5E CB 42 E8 9E,fuel=0.00
1779166585.061,0x300,8,39 E8 D7 61 D8 F9 B8 13,temp=97.00
1779166585.154,0x100,8,4A 9A 11 C8 61 D6 E9 41,speed=74.00
1779166585.249,0x200,8,73 00 71 71 1A EB D3 D2,fuel=0.00
1779166585.338,0x300,8,39 07 8F E9 D8 8C A8 9F,temp=97.00
1779166585.431,0x100,8,4A C9 75 AF A2 BD 75 07,speed=74.00
1779166585.525,0x200,8,9E 00 02 83 67 14 50 5D,fuel=0.00
1779166585.633,0x300,8,39 3B 55 A1 0D 65 63 69,temp=97.00
1779166585.726,0x100,8,4A 52 B4 7E BB A8 A9 10,speed=74.00
1779166585.820,0x200,8,23 00 7F F7 31 96 DA AC,fuel=0.00
1779166585.910,0x300,8,39 32 4C EE 7C 61 62 21,temp=97.00
1779166586.005,0x100,8,4A E2 19 F2 2A 4F 4B 9C,speed=74.00
1779166586.097,0x200,8,60 00 14 83 7E 0E 0C 89,fuel=0.00
1779166586.191,0x300,8,39 52 C0 D1 FB 48 6D 7A,temp=97.00
1779166586.285,0x100,8,4A B7 0A 44 9A 61 A8 9C,speed=74.00
1779166586.377,0x200,8,5B 00 73 87 96 A7 F4 B5,fuel=0.00
1779166586.471,0x300,8,39 07 92 C7 A1 80 DB 03,temp=97.00
1779166586.563,0x100,8,4A E7 2C FC 19 E8 16 CD,speed=74.00
1779166586.656,0x200,8,DD 00 A2 15 58 68 A0 09,fuel=0.00
1779166586.748,0x300,8,39 3E B7 66 08 A2 4D 00,temp=97.00
1779166586.842,0x100,8,4A 16 68 21 8E 2A 49 51,speed=74.00
1779166586.936,0x200,8,84 00 3E 70 78 AF 93 46,fuel=0.00
1779166587.040,0x300,8,39 71 F3 AE F0 0A 0F 9E,temp=97.00
1779166587.130,0x100,8,4A F4 E4 58 01 A4 58 8A,speed=74.00
1779166587.223,0x200,8,34 00 17 E3 81 61 A1 14,fuel=0.00
1779166587.317,0x300,8,39 E0 C7 68 01 8D 0A EF,temp=97.00
1779166587.400,0x100,8,4A EC FE F3 0B 93 76 60,speed=74.00
1779166587.509,0x200,8,65 00 95 E5 4C AE 87 16,fuel=0.00
1779166587.605,0x300,8,39 0C 40 14 32 FF C8 08,temp=97.00
1779166587.695,0x100,8,4A 80 AB 4D 2A 7C 04 D2,speed=74.00
1779166587.784,0x200,8,D3 00 75 C1 C3 C8 98 5B,fuel=0.00
1779166587.877,0x300,8,39 50 98 5A AB 2F D4 14,temp=97.00
1779166587.973,0x100,8,4A 9D 33 7F C4 AD B2 DD,speed=74.00
1779166588.067,0x200,8,D9 00 10 5E F0 59 22 0C,fuel=0.00
1779166588.161,0x300,8,39 71 0C E9 38 EA A7 2E,temp=97.00
1779166588.251,0x100,8,4A E7 88 03 F6 4A 02 E4,speed=74.00
1779166588.342,0x200,8,A1 00 F6 B6 D9 03 C9 A9,fuel=0.00
1779166588.435,0x300,8,39 5E 13 FE B8 69 A7 FA,temp=97.00
1779166588.527,0x100,8,4A 09 89 06 81 1A 6F 24,speed=74.00
1779166588.622,0x200,8,7C 00 39 64 19 72 63 33,fuel=0.00
1779166588.715,0x300,8,39 DD C1 D0 8A 2C 8C 16,temp=97.00
1779166588.808,0x100,8,4A F1 50 78 CD 21 FF 4A,speed=74.00
1779166588.900,0x200,8,29 00 48 86 DA 34 3C 8B,fuel=0.00
1779166588.999,0x300,8,39 D8 07 0A 49 9B CD AD,temp=97.00
1779166589.104,0x100,8,4A 1E AB 63 E4 28 EC 0E,speed=74.00
1779166589.193,0x200,8,59 00 C2 E0 C3 27 59 1D,fuel=0.00
1779166589.287,0x300,8,39 51 5F F0 75 38 74 E2,temp=97.00
1779166589.382,0x100,8,4A 59 8D FF 41 47 BC 73,speed=74.00
1779166589.479,0x200,8,C9 00 95 50 BC B4 FB B5,fuel=0.00
1779166589.557,0x300,8,39 B8 11 3C 5D 7B 84 F7,temp=97.00
1779166589.664,0x100,8,4A E5 E5 4F 6A AB 44 6F,speed=74.00
1779166589.758,0x200,8,D8 00 C7 51 8A C3 59 7A,fuel=0.00
1779166589.848,0x300,8,39 BB 49 CD A6 69 43 DB,temp=97.00
1779166589.943,0x100,8,4A BC EF E9 A1 06 57 69,speed=74.00
1779166590.034,0x200,8,2C 00 C0 CB 60 5E BE A5,fuel=0.00
1779166590.127,0x300,8,39 9D F7 2D 01 8C 8F 51,temp=97.00
1779166590.220,0x100,8,4A EB 40 BE 31 6C A9 16,speed=74.00
1779166590.313,0x200,8,7E 00 08 D4 8D 20 29 81,fuel=0.00
1779166590.408,0x300,8,39 90 7F B0 D4 D6 63 C1,temp=97.00
1779166590.500,0x100,8,4A 7E 05 C3 3A C8 AF 51,speed=74.00
1779166590.596,0x200,8,42 00 0D B1 B1 F7 6B 00,fuel=0.00
1779166590.687,0x300,8,39 63 DD 30 7F D6 71 4B,temp=97.00
1779166590.782,0x100,8,4A 4B FC 67 A3 B4 8C 73,speed=74.00
1779166590.876,0x200,8,F7 00 B2 A1 13 7D 0C 0A,fuel=0.00
1779166590.968,0x300,8,39 2B 7D FB FE 67 62 C4,temp=97.00
1779166591.061,0x100,8,4A 35 E0 72 93 9F E1 CE,speed=74.00
1779166591.154,0x200,8,B8 00 A0 11 20 90 A9 2D,fuel=0.00
1779166591.248,0x300,8,39 63 C5 F2 22 66 22 FC,temp=97.00
1779166591.342,0x100,8,4A 99 C3 F0 60 61 9A 00,speed=74.00
1779166591.434,0x200,8,83 00 78 91 AB 76 5F 35,fuel=0.00
1779166591.527,0x300,8,39 12 9F 08 8A 69 14 CF,temp=97.00
1779166591.621,0x100,8,4A E9 BD 81 51 B7 12 3E,speed=74.00
1779166591.729,0x200,8,57 00 30 3D 5A 52 B4 65,fuel=0.00
1779166591.821,0x300,8,39 7F 5B 80 3E E9 BB 2A,temp=97.00
1779166591.914,0x100,8,4A 89 32 E9 6A 37 0F D9,speed=74.00
1779166592.009,0x200,8,C1 00 67 DF AE 49 78 A1,fuel=0.00
1779166592.101,0x300,8,39 16 CC 96 3D 28 B4 5A,temp=97.00
1779166592.192,0x100,8,4A F8 E3 FB BE 42 11 C0,speed=74.00
1779166592.286,0x200,8,4A 00 46 4E 70 79 F4 4F,fuel=0.00
1779166592.378,0x300,8,39 20 68 DE 51 78 BD 3E,temp=97.00
1779166592.472,0x100,8,4A F4 81 55 A7 41 E1 C9,speed=74.00
1779166592.567,0x200,8,20 00 C1 D5 48 15 83 5C,fuel=0.00
1779166592.661,0x300,8,39 D5 D6 50 A4 74 56 42,temp=97.00
1779166592.752,0x100,8,4A 11 42 FA 49 04 D2 52,speed=74.00
1779166592.840,0x200,8,F3 00 D1 4F 8C BC 5B 0E,fuel=0.00
1779166592.936,0x300,8,39 43 0B 10 E4 60 2E BA,temp=97.00
1779166593.027,0x100,8,4A ED EA 98 CE CE 95 82,speed=74.00
1779166593.121,0x200,8,B4 00 01 D4 0E BE B2 52,fuel=0.00
1779166593.212,0x300,8,39 2D 89 EB E4 AE 80 6A,temp=97.00
1779166593.306,0x100,8,4A 7E 4F 27 CA C6 F2 FF,speed=74.00
1779166593.400,0x200,8,ED 00 73 ED 8C E3 AA 88,fuel=0.00
1779166593.507,0x300,8,39 04 03 A8 32 0D 7E E8,temp=97.00
1779166593.603,0x100,8,4A A0 E9 11 0F F1 F9 52,speed=74.00
1779166593.691,0x200,8,F5 00 AB C9 BF C9 2D B9,fuel=0.00
1779166593.783,0x300,8,39 9F 3A 48 37 06 86 BD,temp=97.00
1779166593.876,0x100,8,4A 9F 7A 49 20 B2 AC DD,speed=74.00
1779166593.974,0x200,8,46 00 DE DE D9 4C B7 C2,fuel=0.00
1779166594.063,0x300,8,39 21 D4 45 64 2D BD 7A,temp=97.00
1779166594.158,0x100,8,4A 86 B2 BA F3 24 46 22,speed=74.00
1779166594.250,0x200,8,8F 00 FB E5 33 BF 9A 6D,fuel=0.00
1779166594.343,0x300,8,39 FE 33 B6 34 DF 61 09,temp=97.00
1779166594.438,0x100,8,4A D7 65 86 8D 52 E9 DB,speed=74.00
1779166594.533,0x200,8,8B 00 FF 5B AE 19 DB 3E,fuel=0.00
1779166594.624,0x300,8,39 EE 9D 1C 90 5B 8A D6,temp=97.00
1779166594.717,0x100,8,4A AE 74 9C A3 5A E3 A1,speed=74.00
1779166594.811,0x200,8,35 00 C5 E2 DC EB FB 6F,fuel=0.00
1779166594.900,0x300,8,39 EC 31 F5 E5 32 09 B2,temp=97.00
1779166594.994,0x100,8,4A 38 7C 19 4D 35 B1 0B,speed=74.00
1779166595.101,0x200,8,09 00 AD F0 F2 7D 74 D0,fuel=0.00
1779166595.194,0x300,8,39 87 5C AB 8F 0D 63 E9,temp=97.00
1779166595.289,0x100,8,4A 98 28 5D 38 9F 1A 9F,speed=74.00
1779166595.382,0x200,8,B1 00 05 7C 42 D1 49 01,fuel=0.00
1779166595.475,0x300,8,39 82 FB 33 9F E8 92 DF,temp=97.00
1779166595.568,0x100,8,4A D7 42 39 AD 11 50 96,speed=74.00
1779166595.660,0x200,8,71 00 40 29 45 12 A7 06,fuel=0.00
1779166595.752,0x300,8,39 58 07 ED 58 64 CF 56,temp=97.00
1779166595.845,0x100,8,4A 4B AD 9D 48 67 0A 81,speed=74.00
1779166595.940,0x200,8,F0 00 5F 17 E0 A9 89 69,fuel=0.00
1779166596.029,0x300,8,39 FE FE 23 9F 15 3E 69,temp=97.00
1779166596.125,0x100,8,4A A3 FF 50 7C 55 43 D0,speed=74.00
1779166596.219,0x200,8,4B 00 E2 19 FB B4 10 8C,fuel=0.00
1779166596.310,0x300,8,39 F4 2A AC 43 E4 56 8A,temp=97.00
1779166596.406,0x100,8,4A 7D 27 8C BC DE 15 97,speed=74.00
1779166596.496,0x200,8,19 00 07 DC 84 14 4B 5C,fuel=0.00
1779166596.591,0x300,8,39 A3 8D DD D2 BD 22 42,temp=97.00
1779166596.682,0x100,8,4A EA CC E4 42 CB FB B7,speed=74.00
1779166596.775,0x200,8,CC 00 83 A2 C4 F3 8A B1,fuel=0.00
1779166596.872,0x300,8,39 DD D9 1B A5 12 63 33,temp=97.00
1779166596.973,0x100,8,4A 0C C8 5A 37 0C 27 5E,speed=74.00
1779166597.064,0x200,8,67 00 FB 8B 7F FB 9E EF,fuel=0.00
1779166597.158,0x300,8,39 6E E9 54 91 AC 39 C8,temp=97.00
1779166597.247,0x100,8,4A 80 E7 A8 50 47 54 38,speed=74.00
1779166597.341,0x200,8,A8 00 B9 2C 24 EB DE 3E,fuel=0.00
1779166597.432,0x300,8,39 48 90 44 94 6C 41 F5,temp=97.00
1779166597.526,0x100,8,4A B5 5E DB EE 83 48 52,speed=74.00
1779166597.620,0x200,8,FD 00 7B B2 21 45 6F EE,fuel=0.00
1779166597.713,0x300,8,39 08 63 5E FC C4 52 CD,temp=97.00
1779166597.807,0x100,8,4A 9B 6D 48 41 92 CE 8D,speed=74.00
1779166597.915,0x200,8,9B 00 3D B2 73 C5 A6 5A,fuel=0.00
1779166598.005,0x300,8,39 D4 4B E5 F0 81 72 F2,temp=97.00
1779166598.100,0x100,8,4A F8 45 AA 08 2F C9 DC,speed=74.00
1779166598.194,0x200,8,CE 00 B1 1E A2 EC 61 35,fuel=0.00
1779166598.286,0x300,8,39 FC A6 4B 16 66 B4 F0,temp=97.00
1779166598.378,0x100,8,4A 41 15 79 AA 6F ED 99,speed=74.00
1779166598.471,0x200,8,94 00 EF 87 B6 0C BB F5,fuel=0.00
1779166598.563,0x300,8,39 4E 28 99 64 E8 83 B3,temp=97.00
1779166598.659,0x100,8,4A 7A B9 64 9A 2A 79 42,speed=74.00
1779166598.751,0x200,8,96 00 E2 36 65 75 66 BC,fuel=0.00
1779166598.848,0x300,8,39 B9 C9 70 94 42 43 B4,temp=97.00
1779166598.940,0x100,8,4A 9A DF 64 1A 78 7A E3,speed=74.00
1779166599.033,0x200,8,9C 00 27 97 95 64 FA E3,fuel=0.00
1779166599.125,0x300,8,39 20 D6 6A CB 7E 2D 72,temp=97.00
1779166599.217,0x100,8,4A 77 33 68 39 77 B8 BD,speed=74.00
1779166599.311,0x200,8,59 00 48 FD 46 41 47 02,fuel=0.00
1779166599.405,0x300,8,39 11 51 00 64 9F AE 3D,temp=97.00
1779166599.495,0x100,8,4A 36 C4 D2 C6 DD 88 BB,speed=74.00
1779166599.588,0x200,8,E5 00 61 17 9B 97 E2 6B,fuel=0.00
1779166599.694,0x300,8,39 EE 9B DB A4 C7 88 41,temp=97.00
1779166599.786,0x100,8,4A 8E E2 CA C7 5E A9 01,speed=74.00
1779166599.881,0x200,8,DC 00 03 12 C5 20 35 1F,fuel=0.00
1779166599.974,0x300,8,39 2F CE E2 FA F7 84 41,temp=97.00
1779166600.065,0x100,8,4A 4B D3 95 7A 03 3B B2,speed=74.00
1779166600.161,0x200,8,C7 00 16 C0 24 A3 44 A3,fuel=0.00
1779166600.251,0x300,8,39 98 62 D7 D3 59 47 FE,temp=97.00
1779166600.344,0x100,8,4A 71 9A BA 63 67 EA 6F,speed=74.00
1779166600.436,0x200,8,DC 00 A2 0B A3 60 97 50,fuel=0.00
1779166600.528,0x300,8,39 3A A0 8E 96 22 D7 AF,temp=97.00
1779166600.623,0x100,8,4A 9F 33 62 EE 14 0D E1,speed=74.00
1779166600.717,0x200,8,19 00 20 0C 24 07 7E 0E,fuel=0.00
1779166600.812,0x300,8,39 85 1D 99 74 90 E3 A6,temp=97.00
1779166600.904,0x100,8,4A F8 53 B1 05 00 EB B1,speed=74.00
1779166600.997,0x200,8,C6 00 A7 11 47 2C 8C 43,fuel=0.00
1779166601.093,0x300,8,39 85 F4 66 B8 00 FB D2,temp=97.00
1779166601.185,0x100,8,4A 57 68 9B 6F 5D 96 82,speed=74.00
1779166601.277,0x200,8,B8 00 CC BF 78 FC D9 7A,fuel=0.00
1779166601.372,0x300,8,39 61 C0 9C 37 94 12 BC,temp=97.00
1779166601.464,0x100,8,4A 07 97 84 45 C4 20 B2,speed=74.00
1779166601.571,0x200,8,75 00 05 3B 42 03 B9 7F,fuel=0.00
1779166601.650,0x300,8,39 0F 84 74 4C 35 95 7A,temp=97.00
1779166601.743,0x100,8,4A C1 3F AB 04 DD BA 65,speed=74.00
1779166601.837,0x200,8,DF 00 E1 85 DD 88 F9 5D,fuel=0.00
1779166601.944,0x300,8,39 0E 4B 26 BC 26 D7 D2,temp=97.00
1779166602.037,0x100,8,4A D4 32 E7 40 EB 89 85,speed=74.00
1779166602.130,0x200,8,C6 00 70 F9 32 86 39 86,fuel=0.00
1779166602.224,0x300,8,39 6B 11 8C 7B D1 5E 85,temp=97.00
1779166602.314,0x100,8,4A 3D 68 E7 1B 30 8E 97,speed=74.00
1779166602.409,0x200,8,E8 00 1D C1 DF E2 B2 B4,fuel=0.00
1779166602.501,0x300,8,39 29 1F A9 4E 36 57 7C,temp=97.00
1779166602.593,0x100,8,4A 33 53 E8 26 0A 2B 47,speed=74.00
1779166602.687,0x200,8,89 00 8F E4 42 23 29 42,fuel=0.00
1779166602.779,0x300,8,39 4D FF CD 54 0D E6 6C,temp=97.00
1779166602.876,0x100,8,4A 5F 2B 04 B8 41 2D 0F,speed=74.00
1779166602.968,0x200,8,8D 00 7D B1 9D 9E A4 4A,fuel=0.00
1779166603.060,0x300,8,39 52 77 50 00 45 BE DC,temp=97.00
1779166603.152,0x100,8,4A 31 B6 49 1B 89 3B CE,speed=74.00
1779166603.247,0x200,8,C1 00 29 D0 70 1E AE D8,fuel=0.00
1779166603.341,0x300,8,39 D6 41 4D B9 77 0B B4,temp=97.00
1779166603.432,0x100,8,4A C1 85 7B F0 8F 76 F5,speed=74.00
1779166603.525,0x200,8,AE 00 0E D2 0A EF 71 49,fuel=0.00
1779166603.618,0x300,8,39 73 E4 29 F7 59 17 3D,temp=97.00
1779166603.713,0x100,8,4A 1F F5 8C 52 E1 52 F1,speed=74.00
1779166603.821,0x200,8,77 00 5E 40 7E 0E 06 4B,fuel=0.00
1779166603.900,0x300,8,39 B7 47 B0 E1 3B 97 B8,temp=97.00
1779166604.007,0x100,8,4A AE D6 0D C9 C6 57 4D,speed=74.00
1779166604.101,0x200,8,AD 00 AC 66 74 C8 FD 02,fuel=0.00
1779166604.195,0x300,8,39 D6 06 4A E2 31 6B 12,temp=97.00
1779166604.287,0x100,8,4A E0 96 BE 69 05 CC 75,speed=74.00
1779166604.382,0x200,8,79 00 6D 45 A6 20 2B 9C,fuel=0.00
1779166604.474,0x300,8,39 A2 D2 05 E3 6A 5F 08,temp=97.00
1779166604.565,0x100,8,4A 39 7F EE 94 5D BC C1,speed=74.00
1779166604.659,0x200,8,ED 00 EA B2 38 17 9C 14,fuel=0.00
1779166604.755,0x300,8,39 0B 75 31 08 64 1C FA,temp=97.00
1779166604.848,0x100,8,4A 64 BE D2 15 2F CA 40,speed=74.00
1779166604.941,0x200,8,69 00 09 34 20 C7 D8 2E,fuel=0.00
1779166605.033,0x300,8,39 40 B5 88 8D DA 40 9C,temp=97.00
1779166605.126,0x100,8,4A BC 73 E6 4B B7 2F 30,speed=74.00
1779166605.220,0x200,8,9E 00 85 B1 AD D7 73 4B,fuel=0.00
1779166605.313,0x300,8,39 79 7E B6 6A FA 92 EB,temp=97.00
1779166605.409,0x100,8,4A A0 E3 D0 CA 7F 36 44,speed=74.00
1779166605.507,0x200,8,2C 00 BC AB 13 65 A4 63,fuel=0.00
1779166605.594,0x300,8,39 C5 10 2E EC 12 4A 7D,temp=97.00
1779166605.688,0x100,8,4A 73 01 48 56 34 F6 98,speed=74.00
1779166605.783,0x200,8,A8 00 97 FD F7 3A 40 BE,fuel=0.00
1779166605.876,0x300,8,39 29 66 FC E4 59 4E A8,temp=97.00
1779166605.963,0x100,8,4A 07 62 45 F2 E2 01 88,speed=74.00
1779166606.063,0x200,8,60 00 7E B0 9B 9B 95 88,fuel=0.00
1779166606.157,0x300,8,39 A8 07 C3 89 D6 2E D7,temp=97.00
1779166606.250,0x100,8,4A 8C 31 49 05 F6 E3 1D,speed=74.00
1779166606.341,0x200,8,AB 00 F5 04 09 7C 2C 72,fuel=0.00
1779166606.434,0x300,8,39 E1 6A F0 82 E8 10 80,temp=97.00
1779166606.528,0x100,8,4A 5C 25 D7 60 E7 2F 05,speed=74.00
1779166606.621,0x200,8,14 00 39 17 68 34 88 EF,fuel=0.00
1779166606.714,0x300,8,39 67 83 EA F6 10 59 D2,temp=97.00
1779166606.822,0x100,8,4A D1 8E 28 1A 90 81 B2,speed=74.00
1779166606.904,0x200,8,F3 00 C4 AF 80 64 97 93,fuel=0.00
1779166607.003,0x300,8,39 CE 3A 74 30 50 E1 2D,temp=97.00
1779166607.099,0x100,8,4A BF 98 BF D4 6E 15 DF,speed=74.00
1779166607.192,0x200,8,A3 00 0A 35 A2 20 3D 96,fuel=0.00
1779166607.284,0x300,8,39 4C AF 1A C0 13 B9 66,temp=97.00
1779166607.378,0x100,8,4A A7 60 A5 4C EE 97 E8,speed=74.00
1779166607.472,0x200,8,C2 00 81 33 3A 69 5A 7B,fuel=0.00
1779166607.565,0x300,8,39 EF 31 CF F2 4D 63 BE,temp=97.00
1779166607.658,0x100,8,4A 1B 02 C6 90 83 3D 60,speed=74.00
1779166607.750,0x200,8,08 00 05 3F 40 1D 58 99,fuel=0.00
1779166607.844,0x300,8,39 23 18 95 A5 71 C6 C3,temp=97.00
1779166607.936,0x100,8,4A B0 39 A7 A9 29 60 11,speed=74.00
1779166608.029,0x200,8,43 00 57 62 9C 56 CE F9,fuel=0.00
1779166608.122,0x300,8,39 5B A8 F7 7B 5D 61 0B,temp=97.00
1779166608.214,0x100,8,4A 93 6A 7C E5 F7 63 D2,speed=74.00
1779166608.307,0x200,8,7D 00 5B A7 2B 13 7E 78,fuel=0.00
1779166608.400,0x300,8,39 CE 60 8D C8 8D 15 E7,temp=97.00
1779166608.495,0x100,8,4A BD B5 7B 1E A9 D6 CE,speed=74.00
1779166608.589,0x200,8,77 00 64 4A E4 EA 54 3B,fuel=0.00
1779166608.695,0x300,8,39 9D AE B9 FA 35 A9 12,temp=97.00
1779166608.774,0x100,8,4A 8C 8E C0 A5 43 1A 65,speed=74.00
1779166608.883,0x200,8,B8 00 BB F2 26 09 5A E5,fuel=0.00
1779166608.962,0x300,8,39 B3 30 87 EF BE 5D 95,temp=97.00
1779166609.071,0x100,8,4A 46 EF B5 87 D4 45 2A,speed=74.00
1779166609.162,0x200,8,F0 00 0C 99 5F 2B 0D 1C,fuel=0.00
1779166609.257,0x300,8,39 83 F3 26 49 18 ED A3,temp=97.00
1779166609.351,0x100,8,4A 75 A9 3B 6B 90 83 0B,speed=74.00
1779166609.443,0x200,8,7D 00 23 C6 46 87 D5 1F,fuel=0.00
1779166609.535,0x300,8,39 B4 D8 64 58 C9 5F 45,temp=97.00
1779166609.631,0x100,8,4A 73 C5 BB 4D 5F 99 7F,speed=74.00
1779166609.724,0x200,8,98 00 A5 2D D0 84 D4 1A,fuel=0.00
1779166609.818,0x300,8,39 23 20 04 F4 69 F5 C4,temp=97.00
1779166609.910,0x100,8,4A A2 41 DC 6C EA E9 A1,speed=74.00
1779166610.006,0x200,8,32 00 65 9B 93 3A E5 A9,fuel=0.00
1779166610.098,0x300,8,39 2D A0 46 07 D2 71 93,temp=97.00
1779166610.192,0x100,8,4A B3 19 14 16 78 E2 2E,speed=74.00
1779166610.285,0x200,8,D5 00 11 C0 C1 13 0A 88,fuel=0.00
1779166610.378,0x300,8,39 A9 87 C8 38 D1 8E 0C,temp=97.00
1779166610.472,0x100,8,4A 68 6B FC C5 FE 54 EF,speed=74.00
1779166610.565,0x200,8,55 00 89 1F 6C C5 69 C9,fuel=0.00
1779166610.658,0x300,8,39 98 82 1B 5E 5D DF 04,temp=97.00
1779166610.754,0x100,8,4A B9 E6 2F C1 50 07 F6,speed=74.00
1779166610.849,0x200,8,72 00 3E FD DA 92 CF FF,fuel=0.00
1779166610.944,0x300,8,39 6E 56 2B C4 7F 1F 78,temp=97.00
1779166611.037,0x100,8,4A D2 DC 6F 68 4A AA 20,speed=74.00
1779166611.130,0x200,8,AD 00 99 72 AB 58 54 E8,fuel=0.00
1779166611.222,0x300,8,39 48 9C 74 B3 1B 7E EA,temp=97.00
1779166611.316,0x100,8,4A 7A C9 93 CD ED DB 4E,speed=74.00
1779166611.408,0x200,8,78 00 1A 22 C4 57 9B 7E,fuel=0.00
1779166611.501,0x300,8,39 4A B2 EA 08 E6 EC EB,temp=97.00
1779166611.597,0x100,8,4A 56 54 D8 E5 9A C6 F0,speed=74.00
1779166611.690,0x200,8,32 00 62 64 46 8D D3 30,fuel=0.00
1779166611.784,0x300,8,39 62 6E 1C 31 45 E3 35,temp=97.00
1779166611.879,0x100,8,4A 58 A7 FE 24 A4 F6 1C,speed=74.00
1779166611.974,0x200,8,2C 00 22 AD 3F C0 88 2B,fuel=0.00
1779166612.064,0x300,8,39 61 C4 26 63 35 1B 32,temp=97.00
1779166612.158,0x100,8,4A A7 2B 5A 08 74 92 72,speed=74.00
1779166612.254,0x200,8,2D 00 A4 99 AC 45 78 34,fuel=0.00
1779166612.345,0x300,8,39 A2 7A E4 BB 08 47 80,temp=97.00
1779166612.438,0x100,8,4A 49 F2 79 77 32 C8 8F,speed=74.00
1779166612.532,0x200,8,FB 00 08 40 2E C1 39 26,fuel=0.00
1779166612.623,0x300,8,39 C7 B6 68 E6 0E E0 CF,temp=97.00
1779166612.717,0x100,8,4A BF AB 8F 6A 29 BF BA,speed=74.00
1779166612.808,0x200,8,24 00 97 CF AD 21 28 3F,fuel=0.00
1779166612.901,0x300,8,39 FE 08 A6 51 AB 54 6C,temp=97.00
1779166612.994,0x100,8,4A 06 38 E4 57 0D 0A F0,speed=74.00
1779166613.089,0x200,8,5F 00 60 CD 93 53 24 9C,fuel=0.00
1779166613.194,0x300,8,39 84 80 C8 63 11 D9 75,temp=97.00
1779166613.288,0x100,8,4A FC 2D AD E5 A3 A7 93,speed=74.00
1779166613.380,0x200,8,37 00 C0 65 79 B3 3A 56,fuel=0.00
1779166613.474,0x300,8,39 9F DA F2 9C A8 5B 70,temp=97.00
1779166613.567,0x100,8,4A 2B F0 C4 E7 E0 3E D5,speed=74.00
1779166613.663,0x200,8,A0 00 A2 31 B5 B4 46 3E,fuel=0.00
1779166613.755,0x300,8,39 53 04 8C 87 14 D3 4C,temp=97.00
1779166613.849,0x100,8,4A 4B 5F 8E 35 8B 4D 41,speed=74.00
1779166613.943,0x200,8,E3 00 1D 71 6B 19 B5 DC,fuel=0.00
1779166614.034,0x300,8,39 9C 5F 78 E8 CF 53 D8,temp=97.00
1779166614.127,0x100,8,4A 05 1E AE D3 D1 6A D4,speed=74.00
1779166614.221,0x200,8,C6 00 3A BD 0E 9D 29 02,fuel=0.00
1779166614.313,0x300,8,39 B1 B3 8A ED 19 FC 29,temp=97.00
1779166614.407,0x100,8,4A 77 94 C3 D4 C8 AA B0,speed=74.00
1779166614.500,0x200,8,08 00 71 ED CA 2F 7A 64,fuel=0.00
1779166614.593,0x300,8,39 C3 8F 7E 60 E7 A7 FD,temp=97.00
1779166614.685,0x100,8,4A 9A 62 A1 C8 1B 5F 2D,speed=74.00
1779166614.777,0x200,8,8B 00 93 CC 80 FA 45 FA,fuel=0.00
1779166614.871,0x300,8,39 9C 25 4E 7A 79 1B E2,temp=97.00
1779166614.965,0x100,8,4A 33 85 30 45 40 4F B3,speed=74.00
1779166615.057,0x200,8,FF 00 27 5B F2 35 76 0B,fuel=0.00
1779166615.151,0x300,8,39 65 EC 0E 69 54 D7 2C,temp=97.00
1779166615.259,0x100,8,4A 0A 7C 2F 7C FE 8C 3B,speed=74.00
1779166615.350,0x200,8,C9 00 2E 5E 4B 6B 61 EA,fuel=0.00
1779166615.444,0x300,8,39 AF 65 B0 11 52 E7 7C,temp=97.00
1779166615.535,0x100,8,4A 6A 07 ED BE 81 57 E1,speed=74.00
1779166615.629,0x200,8,36 00 2D 0C EC D1 8F 0D,fuel=0.00
1779166615.722,0x300,8,39 96 2C 60 7A 66 8E E1,temp=97.00
1779166615.813,0x100,8,4A 1E 7F CF 94 40 B0 C4,speed=74.00
1779166615.907,0x200,8,0A 00 0C 76 5B 4A 65 DB,fuel=0.00
1779166616.006,0x300,8,39 D8 AC 5D C5 7F 4F EB,temp=97.00
1779166616.097,0x100,8,4A 3E 28 69 83 B1 EE 7D,speed=74.00
1779166616.187,0x200,8,A9 00 A9 6A A9 5C 86 7E,fuel=0.00
1779166616.282,0x300,8,39 31 27 A1 7D 83 89 53,temp=97.00
1779166616.375,0x100,8,4A A6 EB 92 AC BB FB 0F,speed=74.00
1779166616.467,0x200,8,CF 00 15 30 E7 02 2C E3,fuel=0.00
1779166616.559,0x300,8,39 16 09 6D E9 94 27 37,temp=97.00
1779166616.653,0x100,8,4A 72 E5 FC 9D 67 C0 9E,speed=74.00
1779166616.744,0x200,8,41 00 71 85 BF 73 00 84,fuel=0.00
1779166616.837,0x300,8,39 17 27 6C 15 AF C6 5A,temp=97.00
1779166616.932,0x100,8,4A 69 BF C4 13 FE 14 1B,speed=74.00
1779166617.028,0x200,8,55 00 0A BB B9 31 46 0A,fuel=0.00
1779166617.120,0x300,8,39 FC 6C B4 ED 20 2C 7E,temp=97.00
1779166617.216,0x100,8,4A 34 B8 74 9F 51 7E 5B,speed=74.00
1779166617.309,0x200,8,D7 00 D3 BE 59 11 3D 8A,fuel=0.00
1779166617.404,0x300,8,39 C6 23 BE 21 28 07 52,temp=97.00
1779166617.502,0x100,8,4A 54 1A 4E F6 92 F1 4B,speed=74.00
1779166617.598,0x200,8,EF 00 9B 8C 1F 7D 43 87,fuel=0.00
1779166617.690,0x300,8,39 E6 F9 C9 B4 80 1F 6B,temp=97.00
1779166617.782,0x100,8,4A 72 AC EA EF 14 EA 9E,speed=74.00
1779166617.877,0x200,8,63 00 8B 1F 57 D1 3E 50,fuel=0.00
1779166617.973,0x300,8,39 AD 93 59 7F 7C B2 CA,temp=97.00
1779166618.062,0x100,8,4A C4 F0 8E 9A 35 E5 52,speed=74.00
1779166618.156,0x200,8,C5 00 FB 85 DA 86 1F 4D,fuel=0.00
1779166618.251,0x300,8,39 A1 5E 59 B2 68 CA 4E,temp=97.00
1779166618.344,0x100,8,4A 53 E3 A6 A5 63 77 BD,speed=74.00
1779166618.438,0x200,8,19 00 89 93 25 BE 0C 25,fuel=0.00
1779166618.530,0x300,8,39 72 53 D6 D3 7A F6 7F,temp=97.00
1779166618.626,0x100,8,4A 9C 4D B1 9A F5 9C 49,speed=74.00
1779166618.721,0x200,8,7C 00 73 AD 4C 60 A9 B5,fuel=0.00
1779166618.814,0x300,8,39 AE FD 96 06 68 30 69,temp=97.00
1779166618.909,0x100,8,4A 99 E1 48 A1 85 79 75,speed=74.00
1779166618.996,0x200,8,4C 00 99 72 B9 B0 BF 75,fuel=0.00
1779166619.094,0x300,8,39 3C 3F D2 C9 91 76 33,temp=97.00
1779166619.190,0x100,8,4A A2 31 D4 7B 84 D5 DE,speed=74.00
1779166619.280,0x200,8,42 00 5D 6B B7 45 83 C9,fuel=0.00
1779166619.377,0x300,8,39 C8 48 1D 84 EF B3 73,temp=97.00
1779166619.469,0x100,8,4A E3 FA 73 ED 4A BF E0,speed=74.00
1779166619.564,0x200,8,9C 00 02 7B E8 91 73 62,fuel=0.00
1779166619.657,0x300,8,39 A2 3B F9 7E A1 5F CB,temp=97.00
1779166619.752,0x100,8,4A 59 BD 46 8F 1C AB 23,speed=74.00
1779166619.847,0x200,8,7E 00 F5 7A B6 88 C0 EA,fuel=0.00
1779166619.939,0x300,8,39 21 4F EA E1 9A 42 F2,temp=97.00
1779166620.032,0x100,8,4A F9 F7 D2 C1 4A 2B 22,speed=74.00
1779166620.123,0x200,8,49 00 70 9D 1B 8C 6D 0B,fuel=0.00
1779166620.217,0x300,8,39 9C 64 39 28 99 1D 74,temp=97.00
1779166620.310,0x100,8,4A F0 58 20 CB 3C 06 B2,speed=74.00
1779166620.403,0x200,8,71 00 8B EA 38 AB 5D 70,fuel=0.00
1779166620.497,0x300,8,39 DA 93 7E 27 AC E4 42,temp=97.00
1779166620.596,0x100,8,4A 82 22 06 E2 52 60 D5,speed=74.00
1779166620.685,0x200,8,47 00 05 AB D0 01 09 0E,fuel=0.00
1779166620.780,0x300,8,39 39 CF C1 0E DD 60 93,temp=97.00
1779166620.872,0x100,8,4A DD 29 53 96 45 69 F1,speed=74.00
1779166620.968,0x200,8,C4 00 9F C1 BA CC 2E 35,fuel=0.00
1779166621.061,0x300,8,39 B6 53 8E 5F B6 9F 30,temp=97.00
1779166621.152,0x100,8,4A BD 31 32 E6 47 D4 60,speed=74.00
1779166621.245,0x200,8,EA 00 2F C1 6B 63 81 A4,fuel=0.00
1779166621.339,0x300,8,39 98 31 0B 9E F0 82 5F,temp=97.00
1779166621.430,0x100,8,4A 68 CA 44 53 EF 54 97,speed=74.00
1779166621.525,0x200,8,61 00 2D BC 6D CD E4 3B,fuel=0.00
1779166621.618,0x300,8,39 7A 83 08 50 9F 7B B9,temp=97.00
1779166621.722,0x100,8,4A 4C CD B6 51 00 44 B2,speed=74.00
1779166621.815,0x200,8,3B 00 C8 F5 FF 2C D2 D6,fuel=0.00
1779166621.908,0x300,8,39 48 08 CE 52 91 F5 27,temp=97.00
1779166622.000,0x100,8,4A 52 77 F1 AE A9 D0 D1,speed=74.00
1779166622.094,0x200,8,E6 00 F6 DE B0 B7 19 10,fuel=0.00
1779166622.187,0x300,8,39 7F 12 2E 6C FD 2F 79,temp=97.00
1779166622.281,0x100,8,4A E9 0E 72 81 49 4A 3E,speed=74.00
1779166622.373,0x200,8,73 00 61 A0 EF BF 33 31,fuel=0.00
1779166622.467,0x300,8,39 64 25 EB AF E1 22 B6,temp=97.00
1779166622.560,0x100,8,4A 18 C6 61 19 0F 5B 52,speed=74.00
1779166622.653,0x200,8,CF 00 8E 44 38 CF 5C DA,fuel=0.00
1779166622.745,0x300,8,39 CE 78 C4 31 81 E3 AF,temp=97.00
1779166622.837,0x100,8,4A F3 3A D1 E4 AE 2B 97,speed=74.00
1779166622.946,0x200,8,2F 00 50 3A 92 C4 65 B1,fuel=0.00
1779166623.038,0x300,8,39 A6 44 30 45 2C A7 39,temp=97.00
1779166623.132,0x100,8,4A 45 03 C3 B7 56 F0 E3,speed=74.00
1779166623.227,0x200,8,F5 00 ED 78 0E 64 EA 91,fuel=0.00
1779166623.310,0x300,8,39 0D E6 33 91 35 44 F8,temp=97.00
1779166623.413,0x100,8,4A 12 1F 56 7B BF D4 54,speed=74.00
1779166623.508,0x200,8,0F 00 40 BA 94 30 FC 77,fuel=0.00
1779166623.603,0x300,8,39 5F 29 86 4C 41 D6 05,temp=97.00
1779166623.695,0x100,8,4A 01 41 70 6B 31 9F B8,speed=74.00
1779166623.788,0x200,8,2E 00 12 C4 49 3E 73 34,fuel=0.00
1779166623.882,0x300,8,39 85 DB 60 B4 E4 55 B0,temp=97.00
1779166623.975,0x100,8,4A 46 DC F6 C1 4C F8 C1,speed=74.00
1779166624.067,0x200,8,4E 00 65 7B 4D 66 A9 BC,fuel=0.00
1779166624.160,0x300,8,39 AB 72 B6 E8 5E BD 1F,temp=97.00
1779166624.253,0x100,8,4A 4B 17 1F 4F B7 94 55,speed=74.00
1779166624.348,0x200,8,9B 00 50 1A B1 E5 8B FF,fuel=0.00
1779166624.441,0x300,8,39 F8 DC AB 94 8D 21 05,temp=97.00
1779166624.535,0x100,8,4A 3D E5 82 39 99 9B BE,speed=74.00
1779166624.627,0x200,8,85 00 E4 E5 C5 06 C5 4B,fuel=0.00
1779166624.721,0x300,8,39 19 42 9B 51 0C 8D 83,temp=97.00
1779166624.814,0x100,8,4A 29 A4 5A 98 67 CF D1,speed=74.00
1779166624.907,0x200,8,8C 00 DB E4 EF 83 6F E7,fuel=0.00
1779166625.003,0x300,8,39 C3 01 B5 4F 5E CC 8A,temp=97.00
1779166625.094,0x100,8,4A 0F E8 8B C1 FA 5C A9,speed=74.00
1779166625.184,0x200,8,7C 00 D5 C5 45 AD C5 3C,fuel=0.00
1779166625.280,0x300,8,39 67 65 16 77 01 A6 18,temp=97.00
1779166625.373,0x100,8,4A 78 10 0A D8 06 19 09,speed=74.00
1779166625.466,0x200,8,E5 00 2F 75 B6 19 FD 36,fuel=0.00
1779166625.559,0x300,8,39 EB 6D AA 46 93 4E 7C,temp=97.00
1779166625.655,0x100,8,4A 6C AA F8 BC B8 DE 58,speed=74.00
1779166625.745,0x200,8,2F 00 DA DF DE 28 02 E4,fuel=0.00
1779166625.838,0x300,8,39 08 B4 73 C1 05 3F AF,temp=97.00
1779166625.934,0x100,8,4A ED 97 E0 00 DC 06 33,speed=74.00
1779166626.026,0x200,8,14 00 C2 EA 83 AD 3D 5C,fuel=0.00
1779166626.118,0x300,8,39 32 83 FD 70 C5 C6 9E,temp=97.00
1779166626.214,0x100,8,4A B3 F0 C3 B6 24 52 12,speed=74.00
1779166626.308,0x200,8,0A 00 8F ED 7E 8A A5 4D,fuel=0.00
1779166626.400,0x300,8,39 82 79 31 6F 32 48 E9,temp=97.00
1779166626.507,0x100,8,4A 05 AB 52 6D 92 8B 69,speed=74.00
1779166626.602,0x200,8,5B 00 94 27 97 E2 E0 B5,fuel=0.00
1779166626.692,0x300,8,39 8A D0 6D EC 17 A1 78,temp=97.00
1779166626.785,0x100,8,4A 38 5F FA 55 93 1D 5E,speed=74.00
1779166626.881,0x200,8,1C 00 F9 1A F4 FA 42 DA,fuel=0.00
1779166626.979,0x300,8,39 4D E7 BF CE 72 46 1C,temp=97.00
1779166627.065,0x100,8,4A FC 02 1C 64 BE 66 E8,speed=74.00
1779166627.161,0x200,8,A8 00 C7 A3 9B FA 3B 99,fuel=0.00
1779166627.252,0x300,8,39 8A FD 5C D9 E8 92 BA,temp=97.00
1779166627.347,0x100,8,4A 61 17 15 AF 90 E5 86,speed=74.00
1779166627.441,0x200,8,F8 00 B6 FC 29 96 7E C2,fuel=0.00
1779166627.535,0x300,8,39 10 C7 21 C1 BB DE 24,temp=97.00
1779166627.629,0x100,8,4A AB E5 69 D1 C6 D4 F8,speed=74.00
1779166627.721,0x200,8,A8 00 EB 12 24 5C 34 E8,fuel=0.00
1779166627.815,0x300,8,39 6B 24 7A CD A1 D7 0B,temp=97.00
1779166627.908,0x100,8,4A 0E CE 93 38 E8 AF DA,speed=74.00
1779166628.000,0x200,8,61 00 0E D4 01 48 91 4F,fuel=0.00
1779166628.095,0x300,8,39 15 00 87 08 D3 CB 44,temp=97.00
1779166628.182,0x100,8,4A A9 F0 BC 3D A0 0D 6E,speed=74.00
1779166628.278,0x200,8,BA 00 C7 21 97 90 6D 6B,fuel=0.00
1779166628.371,0x300,8,39 42 0C 45 96 D1 F6 46,temp=97.00
1779166628.465,0x100,8,4A 06 0C B7 A2 6A 6D A2,speed=74.00
1779166628.558,0x200,8,57 00 39 7C B1 23 92 A3,fuel=0.00
1779166628.651,0x300,8,39 FF 60 2F B8 0D CF 49,temp=97.00
1779166628.745,0x100,8,4A 41 A3 9D 8C 4B 65 5F,speed=74.00
1779166628.838,0x200,8,75 00 F9 9D D2 29 A3 CA,fuel=0.00
1779166628.932,0x300,8,39 02 9C 14 80 74 42 26,temp=97.00
1779166629.038,0x100,8,4A D2 9C 77 94 58 5C F4,speed=74.00
1779166629.132,0x200,8,AF 00 20 B5 7E 59 19 0C,fuel=0.00
1779166629.227,0x300,8,39 1B 7D 0B F5 71 5E 58,temp=97.00
1779166629.308,0x100,8,4A 18 B3 97 73 BE D4 9A,speed=74.00
1779166629.400,0x200,8,B1 00 42 CD D5 3C 14 B8,fuel=0.00
1779166629.508,0x300,8,39 70 8D 4E C1 60 B5 EA,temp=97.00
1779166629.602,0x100,8,4A 1F 98 23 10 07 C8 23,speed=74.00
1779166629.695,0x200,8,20 00 AE 96 B2 56 56 92,fuel=0.00
1779166629.787,0x300,8,39 47 D2 16 C2 85 2A BE,temp=97.00
1779166629.881,0x100,8,4A DD 39 C4 66 1A 0F 55,speed=74.00
1779166629.963,0x200,8,96 00 4E 4D AC F5 11 2C,fuel=0.00
1779166630.068,0x300,8,39 5F 50 F3 7A 78 6A 8D,temp=97.00
1779166630.161,0x100,8,4A 4D A7 7B 00 96 08 CA,speed=74.00
1779166630.255,0x200,8,D9 00 C5 CF 38 C7 FD 3F,fuel=0.00
1779166630.347,0x300,8,39 65 B0 72 83 64 11 A1,temp=97.00
1779166630.440,0x100,8,4A 6B A2 29 56 0D CC E7,speed=74.00
1779166630.534,0x200,8,16 00 89 C9 89 C1 91 21,fuel=0.00
1779166630.630,0x300,8,39 2A 30 57 1B 03 B8 7F,temp=97.00
1779166630.725,0x100,8,4A 8E 32 90 07 44 CE F7,speed=74.00
1779166630.817,0x200,8,D3 00 4B 2E 4B D1 AE 4B,fuel=0.00
1779166630.912,0x300,8,39 00 6B 77 C7 25 74 C4,temp=97.00
1779166631.004,0x100,8,4A 38 C7 C2 28 0C F7 78,speed=74.00
1779166631.100,0x200,8,40 00 2C 8F 1F DF F0 B0,fuel=0.00
1779166631.191,0x300,8,39 DC F2 38 6C A1 06 02,temp=97.00
1779166631.282,0x100,8,4A 0C 69 27 A4 4B 8B AE,speed=74.00
1779166631.375,0x200,8,DC 00 6B 1F 87 82 D5 25,fuel=0.00
1779166631.468,0x300,8,39 3D 78 AE 40 B5 A0 40,temp=97.00
1779166631.562,0x100,8,4A 3E 06 02 74 52 92 41,speed=74.00
1779166631.654,0x200,8,64 00 A2 CE 5E 89 FD E4,fuel=0.00
1779166631.748,0x300,8,39 CD 4F AA 0E 9D 07 7C,temp=97.00
1779166631.842,0x100,8,4A A5 11 EE EF FA D4 DE,speed=74.00
1779166631.936,0x200,8,AA 00 7C 7B 6A 9B CA 3F,fuel=0.00
1779166632.029,0x300,8,39 04 93 A2 72 59 F5 83,temp=97.00
1779166632.121,0x100,8,4A 0C 1A 1F B7 A5 D2 DA,speed=74.00
1779166632.212,0x200,8,BA 00 E9 8F 9B 01 8D 46,fuel=0.00
1779166632.319,0x300,8,39 82 13 21 FD 2C C9 8E,temp=97.00
1779166632.413,0x100,8,4A E9 FE C8 09 53 8D 54,speed=74.00
1779166632.509,0x200,8,5C 00 7B D2 04 B5 00 71,fuel=0.00
1779166632.601,0x300,8,39 F2 C8 A7 05 F3 E8 71,temp=97.00
1779166632.694,0x100,8,4A 9C 8E C2 18 DB 4A 71,speed=74.00
1779166632.786,0x200,8,55 00 A1 19 08 99 12 DA,fuel=0.00
1779166632.880,0x300,8,39 71 2E AA AF 39 8E A9,temp=97.00
1779166632.965,0x100,8,4A A2 23 C7 59 F5 66 E0,speed=74.00
1779166633.067,0x200,8,55 00 4B F4 39 54 44 5C,fuel=0.00
1779166633.160,0x300,8,39 77 23 D9 6D A0 2D A6,temp=97.00
1779166633.254,0x100,8,4A EC DD 44 A4 4A 56 03,speed=74.00
1779166633.347,0x200,8,D8 00 76 F7 F2 30 5A 55,fuel=0.00
1779166633.439,0x300,8,39 4B AD 50 D5 AC C7 A1,temp=97.00
1779166633.533,0x100,8,4A 75 F9 03 D5 50 9D 90,speed=74.00
1779166633.626,0x200,8,80 00 A4 49 B4 EB 5F E1,fuel=0.00
1779166633.718,0x300,8,39 5D 16 1C 4A B8 9D 3A,temp=97.00
1779166633.810,0x100,8,4A C8 B7 A1 43 30 05 E9,speed=74.00
1779166633.904,0x200,8,9F 00 B6 53 02 D6 49 D4,fuel=0.00
1779166634.001,0x300,8,39 6D 60 22 FE 28 CD 23,temp=97.00
1779166634.093,0x100,8,4A 87 B8 0C 13 B8 75 EA,speed=74.00
1779166634.184,0x200,8,1D 00 94 2F B6 A5 0D FA,fuel=0.00
1779166634.277,0x300,8,39 5A A1 4D A5 44 A8 69,temp=97.00
1779166634.373,0x100,8,4A C4 6A F0 37 B9 91 3C,speed=74.00
1779166634.465,0x200,8,EB 00 B2 21 51 9B A6 7F,fuel=0.00
1779166634.558,0x300,8,39 F8 64 76 30 8C DD D9,temp=97.00
1779166634.654,0x100,8,4A 7D 15 C8 6C DC B0 05,speed=74.00
1779166634.747,0x200,8,54 00 8F 0A A0 A7 AA AB,fuel=0.00
1779166634.843,0x300,8,39 40 9A FC 83 21 39 58,temp=97.00
1779166634.935,0x100,8,4A 7E B5 75 F4 B6 70 35,speed=74.00
1779166635.028,0x200,8,6A 00 20 E6 A3 71 94 97,fuel=0.00
1779166635.122,0x300,8,39 F1 8D FF D7 CB B0 95,temp=97.00
1779166635.214,0x100,8,4A A1 3E 57 9E EA EE 56,speed=74.00
1779166635.321,0x200,8,10 00 16 93 42 E6 D4 25,fuel=0.00
1779166635.414,0x300,8,39 8B E8 D8 F9 DC 02 99,temp=97.00
1779166635.494,0x100,8,4A 37 11 15 B2 07 54 C5,speed=74.00
1779166635.601,0x200,8,EB 00 24 D1 6D CF 53 F1,fuel=0.00
1779166635.694,0x300,8,39 78 C3 8F AC 7E 77 CF,temp=97.00
1779166635.788,0x100,8,4A 9D C1 66 A5 4B C7 FC,speed=74.00
1779166635.871,0x200,8,1C 00 82 99 30 97 1E 70,fuel=0.00
1779166635.976,0x300,8,39 F4 97 F8 10 7D E8 75,temp=97.00
1779166636.068,0x100,8,4A 29 A7 4B A1 6D D0 50,speed=74.00
1779166636.163,0x200,8,05 00 CE 2B C9 35 53 06,fuel=0.00
1779166636.257,0x300,8,39 33 D3 2E 05 EB C1 22,temp=97.00
1779166636.338,0x100,8,4A 61 E0 5C 16 9F 7A C4,speed=74.00
1779166636.444,0x200,8,2E 00 10 9E B5 56 93 DF,fuel=0.00
1779166636.538,0x300,8,39 A1 7B 81 F4 80 3E A4,temp=97.00
1779166636.631,0x100,8,4A 31 AD E0 6C 8A 08 D3,speed=74.00
1779166636.723,0x200,8,E0 00 B6 2B 6E 5A 8A 72,fuel=0.00
1779166636.816,0x300,8,39 4A 5B C1 23 26 FC 55,temp=97.00
1779166636.906,0x100,8,4A E0 4E 57 0E 12 30 FE,speed=74.00
1779166637.000,0x200,8,87 00 4D 87 DB 73 94 60,fuel=0.00
1779166637.094,0x300,8,39 19 32 70 69 3F 96 7D,temp=97.00
1779166637.184,0x100,8,4A AD D3 DC 30 BD E1 9E,speed=74.00
1779166637.278,0x200,8,10 00 6C 9D 03 D0 6E 74,fuel=0.00
1779166637.373,0x300,8,39 CC 20 43 BE 89 6F 4E,temp=97.00
1779166637.466,0x100,8,4A C9 B4 D9 D9 96 A8 C4,speed=74.00
1779166637.560,0x200,8,62 00 F5 A2 2C 39 B3 7C,fuel=0.00
1779166637.652,0x300,8,39 4A 0F BC 7D 2A FF 42,temp=97.00
1779166637.746,0x100,8,4A 3B 19 B3 C9 8B DF EE,speed=74.00
1779166637.839,0x200,8,35 00 D7 10 3B 7F FF 34,fuel=0.00
1779166637.934,0x300,8,39 41 AD 12 98 E1 A1 82,temp=97.00
1779166638.025,0x100,8,4A 4F 63 FA 0E C3 5C BC,speed=74.00
1779166638.119,0x200,8,7A 00 EA D1 EB 3A A3 09,fuel=0.00
1779166638.215,0x300,8,39 CE 54 C4 92 48 87 F4,temp=97.00
1779166638.308,0x100,8,4A D2 F1 46 40 BD E9 CC,speed=74.00
1779166638.400,0x200,8,9B 00 1F 13 93 4C 3A 74,fuel=0.00
1779166638.509,0x300,8,39 E4 57 0C 51 74 8D 7C,temp=97.00
1779166638.605,0x100,8,4A 94 E1 33 53 40 2F A0,speed=74.00
1779166638.698,0x200,8,BD 00 73 D2 EA 39 BD 96,fuel=0.00
1779166638.806,0x300,8,39 66 E0 EB E2 56 27 85,temp=97.00
1779166638.898,0x100,8,4A F6 36 BA EE B9 3E 45,speed=74.00
1779166638.995,0x200,8,FB 00 C5 3D 7C 28 7A 75,fuel=0.00
1779166639.073,0x300,8,39 71 AB 23 A1 40 5F A5,temp=97.00
1779166639.181,0x100,8,4A F8 3A 38 ED 50 7A 2D,speed=74.00
1779166639.274,0x200,8,E3 00 F2 2B 7E 93 4C 02,fuel=0.00
1779166639.367,0x300,8,39 39 DC 0A FC 3B 24 20,temp=97.00
1779166639.461,0x100,8,4A 86 6D 05 F8 E4 E8 D1,speed=74.00
1779166639.553,0x200,8,64 00 5C 1D 02 81 87 C8,fuel=0.00
1779166639.648,0x300,8,39 B4 A8 23 B0 34 8B A2,temp=97.00
1779166639.740,0x100,8,4A 07 3D CD 48 4C 3C 30,speed=74.00
1779166639.834,0x200,8,B6 00 9D 9F 41 56 B6 DB,fuel=0.00
1779166639.929,0x300,8,39 BC 31 AB F0 3B C9 AA,temp=97.00
1779166640.026,0x100,8,4A 0B 03 09 26 16 9D 57,speed=74.00
1779166640.113,0x200,8,34 00 78 59 3F 99 7D 98,fuel=0.00
1779166640.207,0x300,8,39 FA 21 3C EE 8D A9 0E,temp=97.00
1779166640.301,0x100,8,4A 49 D9 F0 6E CA C2 6E,speed=74.00
1779166640.392,0x200,8,BC 00 25 B8 76 E3 EA 9C,fuel=0.00
1779166640.486,0x300,8,39 C9 7C AD B7 F7 28 22,temp=97.00
1779166640.578,0x100,8,4A 88 3F BA 24 C2 F6 68,speed=74.00
1779166640.670,0x200,8,D3 00 E1 BA EF 14 4E 1B,fuel=0.00
1779166640.764,0x300,8,39 BE 45 6D BE A7 EC 3A,temp=97.00
1779166640.862,0x100,8,4A 52 D8 17 E5 86 C6 7D,speed=74.00
1779166640.956,0x200,8,E5 00 BF 7A 0C 5A 98 FC,fuel=0.00
1779166641.050,0x300,8,39 75 A2 FF C6 40 D3 B2,temp=97.00
1779166641.140,0x100,8,4A 53 E9 31 99 06 9D 69,speed=74.00
1779166641.234,0x200,8,71 00 A8 85 9F 1F DD 25,fuel=0.00
1779166641.326,0x300,8,39 C2 5A AE 87 B2 5A 2E,temp=97.00
1779166641.419,0x100,8,4A D7 5D 5B BB 0E 28 AE,speed=74.00
1779166641.513,0x200,8,5A 00 DD B5 21 BB 20 53,fuel=0.00
1779166641.608,0x300,8,39 C7 53 CD 1A D9 34 9D,temp=97.00
1779166641.703,0x100,8,4A 4B 37 9D DC 38 CA A9,speed=74.00
1779166641.794,0x200,8,63 00 7E DE 18 B0 55 B3,fuel=0.00
1779166641.892,0x300,8,39 DA 07 A0 D5 A1 31 EA,temp=97.00
1779166641.980,0x100,8,4A 1E DC 47 81 6A 71 98,speed=74.00
1779166642.080,0x200,8,48 00 AD 7A 58 3E CD 2C,fuel=0.00
1779166642.172,0x300,8,39 B7 1C 0C 8A BA E7 D9,temp=97.00
1779166642.266,0x100,8,4A 46 04 50 6C 7A 0B 64,speed=74.00
1779166642.361,0x200,8,14 00 68 4E A4 7B F2 E6,fuel=0.00
1779166642.453,0x300,8,39 49 11 CA DA 9E BA 2E,temp=97.00
1779166642.548,0x100,8,4A 01 7B 02 87 DC D7 C1,speed=74.00
1779166642.645,0x200,8,60 00 DA 2A 4D 41 BB 09,fuel=0.00
1779166642.741,0x300,8,39 B5 65 B1 63 5C 08 3C,temp=97.00
1779166642.832,0x100,8,4A 73 A9 B4 41 E6 79 A1,speed=74.00
1779166642.924,0x200,8,AF 00 C8 72 53 61 20 1E,fuel=0.00
1779166643.024,0x300,8,39 81 48 81 31 4E 9D 85,temp=97.00
1779166643.112,0x100,8,4A 48 D6 E3 B7 D7 BC BE,speed=74.00
1779166643.205,0x200,8,09 00 56 B8 8F CE AF 57,fuel=0.00
1779166643.301,0x300,8,39 17 40 32 16 85 A0 B8,temp=97.00
1779166643.395,0x100,8,4A C1 07 28 AE 8C 05 0E,speed=74.00
1779166643.487,0x200,8,FE 00 0E A8 D8 66 5E 53,fuel=0.00
1779166643.579,0x300,8,39 BA 55 F9 95 11 1E 4F,temp=97.00
1779166643.674,0x100,8,4A 79 E6 6E 1D 7B E6 08,speed=74.00
1779166643.766,0x200,8,95 00 08 91 F0 9F FF 8E,fuel=0.00
1779166643.861,0x300,8,39 82 A4 AE E7 90 AD D5,temp=97.00
1779166643.958,0x100,8,4A 90 7B FD 54 BD 25 9B,speed=74.00
1779166644.055,0x200,8,2D 00 E5 A6 44 FB 88 E1,fuel=0.00
1779166644.142,0x300,8,39 41 2A 7B 7C 16 D2 00,temp=97.00
1779166644.236,0x100,8,4A C5 D1 19 FF CE 47 90,speed=74.00
1779166644.327,0x200,8,D5 00 6F DA 20 D6 5F CE,fuel=0.00
1779166644.422,0x300,8,39 92 6C 6E EF 1A 15 93,temp=97.00
1779166644.517,0x100,8,4A 0F A3 10 41 4C 70 C9,speed=74.00
1779166644.610,0x200,8,42 00 C3 C2 87 C7 E2 13,fuel=0.00
1779166644.704,0x300,8,39 6F D9 89 D7 DB BD 78,temp=97.00
1779166644.798,0x100,8,4A 6C E0 8A 3E A3 2E 8F,speed=74.00
1779166644.888,0x200,8,6F 00 60 71 3A C3 2D A5,fuel=0.00
1779166644.985,0x300,8,39 A7 B6 FB 39 BF 0D F3,temp=97.00
1779166645.074,0x100,8,4A F2 E9 9F D7 6A B0 E4,speed=74.00
1779166645.167,0x200,8,91 00 DD 84 E9 E4 2B DC,fuel=0.00
1779166645.260,0x300,8,39 03 CA DF 97 8F AF 71,temp=97.00
1779166645.352,0x100,8,4A 1E 8D 11 AE AB 27 50,speed=74.00
1779166645.460,0x200,8,40 00 03 13 37 A0 41 F6,fuel=0.00
1779166645.553,0x300,8,39 CC D0 00 FE 13 E0 76,temp=97.00
1779166645.648,0x100,8,4A CA 17 62 AF 5D 23 AC,speed=74.00
1779166645.741,0x200,8,B4 00 5B 00 4F 21 E1 43,fuel=0.00
1779166645.834,0x300,8,39 8F 77 F0 CF 7B F4 9A,temp=97.00
1779166645.926,0x100,8,4A 21 77 4D 8C 61 39 85,speed=74.00
1779166646.020,0x200,8,C6 00 D9 B0 82 2D 58 38,fuel=0.00
1779166646.114,0x300,8,39 AA 34 F4 CF CE 14 1E,temp=97.00
1779166646.207,0x100,8,4A 77 61 9F BC D6 87 E0,speed=74.00
1779166646.302,0x200,8,65 00 70 41 D5 FA AD 88,fuel=0.00
1779166646.396,0x300,8,39 99 95 0D 08 46 1E 2D,temp=97.00
1779166646.489,0x100,8,4A D7 70 B7 5D 69 0A 8B,speed=74.00
1779166646.582,0x200,8,40 00 AC FF 19 BD 8F 76,fuel=0.00
1779166646.675,0x300,8,39 2E A1 09 B2 0B 3B 50,temp=97.00
1779166646.768,0x100,8,4A D5 B4 68 F0 C2 A1 06,speed=74.00
1779166646.861,0x200,8,B0 00 15 F8 59 A6 9E 24,fuel=0.00
1779166646.958,0x300,8,39 2B 2B 23 57 FA 6A CD,temp=97.00
1779166647.047,0x100,8,4A A3 31 C5 BE 82 66 CE,speed=74.00
1779166647.139,0x200,8,9F 00 A3 32 AF B4 3F 25,fuel=0.00
1779166647.235,0x300,8,39 FC B6 51 AF 4B 15 8C,temp=97.00
1779166647.328,0x100,8,4A 1F 68 52 FD 72 2C 72,speed=74.00
1779166647.422,0x200,8,58 00 51 92 3E BD D8 29,fuel=0.00
1779166647.515,0x300,8,39 CE B3 A3 77 A5 BE 3A,temp=97.00
1779166647.610,0x100,8,4A 26 F7 DE 3C 3B 48 06,speed=74.00
1779166647.705,0x200,8,7E 00 A2 0A 88 B5 8C 7C,fuel=0.00
1779166647.796,0x300,8,39 35 06 12 95 05 DA 70,temp=97.00
1779166647.889,0x100,8,4A 00 ED 3F 29 4D AE DB,speed=74.00
1779166647.984,0x200,8,A5 00 CD E2 2A EC 4F 5D,fuel=0.00
1779166648.077,0x300,8,39 F9 E8 CD A1 05 8D 30,temp=97.00
1779166648.169,0x100,8,4A FC 66 1D B6 18 7B 13,speed=74.00
1779166648.263,0x200,8,21 00 A5 A9 E4 8B 7B A3,fuel=0.00
1779166648.358,0x300,8,39 1A DF 22 96 CD 11 B5,temp=97.00
1779166648.449,0x100,8,4A DC 49 5F DC 69 E0 AD,speed=74.00
1779166648.544,0x200,8,AF 00 90 39 48 23 18 5F,fuel=0.00
1779166648.636,0x300,8,39 E7 59 88 4E AD FC 29,temp=97.00
1779166648.728,0x100,8,4A 31 DF D2 26 8F 43 F5,speed=74.00
1779166648.833,0x200,8,6E 00 AB 40 8B DA 6B BD,fuel=0.00
1779166648.928,0x300,8,39 47 6C 34 AF AC B2 64,temp=97.00
1779166649.023,0x100,8,4A B5 FE E6 4B E1 65 4C,speed=74.00
1779166649.115,0x200,8,11 00 E4 99 64 9D 47 27,fuel=0.00
1779166649.208,0x300,8,39 2D 76 4C B3 9F 48 6C,temp=97.00
1779166649.300,0x100,8,4A 0F 40 C0 2D 92 03 CD,speed=74.00
1779166649.393,0x200,8,1F 00 D5 D1 A3 0F E0 48,fuel=0.00
1779166649.487,0x300,8,39 79 2B 5B EB 71 8B 61,temp=97.00
1779166649.578,0x100,8,4A CF 78 F0 6A FC 30 00,speed=74.00
1779166649.671,0x200,8,30 00 8C C1 E4 B8 83 0E,fuel=0.00
1779166649.764,0x300,8,39 3D 43 62 C7 E1 0D 50,temp=97.00
1779166649.861,0x100,8,4A F3 77 88 3F 28 A6 76,speed=74.00
1779166649.955,0x200,8,AF 00 A5 69 0C 20 51 73,fuel=0.00
1779166650.046,0x300,8,39 6E 07 26 BA 8D 7C D4,temp=97.00
1779166650.138,0x100,8,4A E7 A5 29 A6 87 27 B9,speed=74.00
1779166650.231,0x200,8,D2 00 12 1D A0 E9 F4 31,fuel=0.00
1779166650.327,0x300,8,39 CB A0 94 EC FE 28 E6,temp=97.00
1779166650.417,0x100,8,4A E2 33 63 71 34 C9 55,speed=74.00
1779166650.510,0x200,8,74 00 1D EF F8 C5 95 F2,fuel=0.00
1779166650.603,0x300,8,39 0E 1A 70 19 12 23 8C,temp=97.00
1779166650.696,0x100,8,4A 65 05 AE 42 A9 72 E8,speed=74.00
1779166650.793,0x200,8,2F 00 5F 80 31 98 F5 26,fuel=0.00
1779166650.884,0x300,8,39 B1 CE 70 5E CD 4C 43,temp=97.00
1779166650.993,0x100,8,4A 2F 64 38 87 B2 38 D0,speed=74.00
1779166651.084,0x200,8,77 00 94 C4 E5 C1 0D F8,fuel=0.00
1779166651.177,0x300,8,39 1C 5E 99 A2 F2 FC FC,temp=97.00
1779166651.272,0x100,8,4A 8C 9D 9C DD 22 6D 8D,speed=74.00
1779166651.367,0x200,8,85 00 1D DE 99 2F 88 0F,fuel=0.00
1779166651.464,0x300,8,39 C1 ED 11 7D 62 04 4B,temp=97.00
1779166651.552,0x100,8,4A 8C BB A3 74 FB 6D BD,speed=74.00
1779166651.647,0x200,8,87 00 C5 45 12 A7 79 85,fuel=0.00
1779166651.743,0x300,8,39 56 2E A7 77 15 1F 72,temp=97.00
1779166651.835,0x100,8,4A 44 80 34 88 F8 27 3D,speed=74.00
1779166651.931,0x200,8,89 00 64 BC BC F9 4A 6D,fuel=0.00
1779166652.023,0x300,8,39 F2 B6 FA 37 7B 6E 43,temp=97.00
1779166652.117,0x100,8,4A CE E7 33 3E 50 F7 48,speed=74.00
1779166652.209,0x200,8,18 00 4B 34 3A 3A 4A 3D,fuel=0.00
1779166652.304,0x300,8,39 21 75 F4 21 65 B3 C3,temp=97.00
1779166652.397,0x100,8,4A AB 33 EA 8F BE 1F CB,speed=74.00
1779166652.491,0x200,8,41 00 73 F3 AE A3 09 1A,fuel=0.00
1779166652.583,0x300,8,39 9B 2D 5B 86 DB 2F 3D,temp=97.00
1779166652.675,0x100,8,4A 52 46 69 50 79 F7 C8,speed=74.00
1779166652.770,0x200,8,2D 00 B3 F9 9C 81 39 CD,fuel=0.00
1779166652.864,0x300,8,39 1D FA 40 C9 34 82 85,temp=97.00
1779166652.959,0x100,8,4A 38 98 81 D9 FF 33 8C,speed=74.00
1779166653.054,0x200,8,75 00 49 AB 69 51 00 BB,fuel=0.00
1779166653.147,0x300,8,39 60 01 D0 31 1E CE 1C,temp=97.00
1779166653.241,0x100,8,4A 93 31 08 AD B5 49 B0,speed=74.00
1779166653.335,0x200,8,A9 00 AA A7 B0 33 1B 93,fuel=0.00
1779166653.427,0x300,8,39 A5 5A 47 BB C1 73 3C,temp=97.00
1779166653.522,0x100,8,4A DB D7 80 5D 74 B9 75,speed=74.00
1779166653.616,0x200,8,F7 00 40 C5 1A F7 DA 9C,fuel=0.00
1779166653.707,0x300,8,39 3F B3 42 A4 63 21 BE,temp=97.00
1779166653.802,0x100,8,4A CD 11 79 78 D0 12 4A,speed=74.00
1779166653.896,0x200,8,95 00 D9 E0 0D 85 55 30,fuel=0.00
1779166653.983,0x300,8,39 5C D2 EB B0 2F 80 C3,temp=97.00
1779166654.082,0x100,8,4A 6C 1A 8F AD 66 68 38,speed=74.00
1779166654.177,0x200,8,0D 00 EE 03 DA 03 F1 8E,fuel=0.00
1779166654.269,0x300,8,39 39 D4 74 26 CC 9D 91,temp=97.00
1779166654.363,0x100,8,4A B2 6B 71 57 80 29 36,speed=74.00
1779166654.459,0x200,8,2D 00 1F 6D 17 C7 6C DD,fuel=0.00
1779166654.551,0x300,8,39 8D 03 33 0A A2 DF AD,temp=97.00
1779166654.643,0x100,8,4A A4 3E 72 59 11 0C 13,speed=74.00
1779166654.737,0x200,8,86 00 A5 54 84 95 A4 E1,fuel=0.00
1779166654.829,0x300,8,39 42 C8 35 A6 0B CD 93,temp=97.00
1779166654.921,0x100,8,4A B5 6E 8E 30 7E DC 7A,speed=74.00
1779166655.015,0x200,8,B3 00 C1 E2 DD 0A 7A 99,fuel=0.00
1779166655.107,0x300,8,39 50 36 D0 05 71 82 11,temp=97.00
1779166655.202,0x100,8,4A 70 C0 37 D0 14 9F 0A,speed=74.00
1779166655.297,0x200,8,45 00 6E BC C1 FE C2 05,fuel=0.00
1779166655.385,0x300,8,39 12 A4 4E 6C 52 DD D6,temp=97.00
1779166655.480,0x100,8,4A FA 79 1A B2 49 29 83,speed=74.00
1779166655.573,0x200,8,26 00 46 E4 03 D4 E6 30,fuel=0.00
1779166655.666,0x300,8,39 33 66 5B 9B 37 9B C5,temp=97.00
1779166655.759,0x100,8,4A 8D E3 4D 6E 47 7F EB,speed=74.00
1779166655.853,0x200,8,1E 00 CF 06 56 B1 11 90,fuel=0.00
1779166655.948,0x300,8,39 2F DF C4 CE BD F4 13,temp=97.00
1779166656.040,0x100,8,4A B0 19 09 0F 3D FF A6,speed=74.00
1779166656.134,0x200,8,B2 00 A8 56 11 CB 87 B9,fuel=0.00
1779166656.243,0x300,8,39 E1 7F FC 6E BA 8D 6A,temp=97.00
1779166656.326,0x100,8,4A 6D 67 78 69 59 20 73,speed=74.00
1779166656.428,0x200,8,E7 00 09 DE 23 31 BD D2,fuel=0.00
1779166656.519,0x300,8,39 85 B9 00 FE CF CF 23,temp=97.00
1779166656.612,0x100,8,4A 9B 00 07 1C CF 5A DF,speed=74.00
1779166656.708,0x200,8,46 00 85 E6 67 F6 F2 53,fuel=0.00
1779166656.800,0x300,8,39 5A F6 34 90 FA 17 82,temp=97.00
1779166656.895,0x100,8,4A CC 38 B1 CB 97 1F 19,speed=74.00
1779166656.990,0x200,8,D6 00 0A 8E F8 84 A2 C8,fuel=0.00
1779166657.081,0x300,8,39 50 96 2E 42 9E 2A AD,temp=97.00
1779166657.176,0x100,8,4A 35 DB A2 9F 36 41 9F,speed=74.00
1779166657.271,0x200,8,69 00 AF 0A 02 E7 E0 B0,fuel=0.00
1779166657.363,0x300,8,39 D0 75 45 44 3B 80 CD,temp=97.00
1779166657.457,0x100,8,4A BB 69 70 C8 20 E0 D5,speed=74.00
1779166657.551,0x200,8,89 00 FF 8F 48 59 4E 7E,fuel=0.00
1779166657.644,0x300,8,39 67 FC 7F D0 B6 BD F4,temp=97.00
1779166657.737,0x100,8,4A 80 3E F3 D6 67 D1 F6,speed=74.00
1779166657.830,0x200,8,F0 00 29 3B 5A 57 81 24,fuel=0.00
1779166657.924,0x300,8,39 96 F1 1C E9 64 E4 9F,temp=97.00
1779166658.016,0x100,8,4A AC C7 A8 A3 AD D4 BD,speed=74.00
1779166658.108,0x200,8,D7 00 4C BB 4B 45 3D E8,fuel=0.00
1779166658.202,0x300,8,39 B2 FC EC 5C E9 19 BD,temp=97.00
1779166658.296,0x100,8,4A 90 58 1F F5 2C 7A 75,speed=74.00
1779166658.388,0x200,8,AA 00 EF 33 49 B3 FC 3D,fuel=0.00
1779166658.482,0x300,8,39 6B B7 A3 56 49 E0 FD,temp=97.00
1779166658.576,0x100,8,4A 05 39 58 F4 9B 0A 86,speed=74.00
1779166658.666,0x200,8,65 00 6B E7 24 2D 5E 91,fuel=0.00
1779166658.765,0x300,8,39 7D A8 8B 6F CA 0F CE,temp=97.00
1779166658.869,0x100,8,4A 90 10 70 54 17 31 F1,speed=74.00
1779166658.961,0x200,8,5A 00 6D C9 A6 17 EF 1A,fuel=0.00
1779166659.053,0x300,8,39 A4 52 89 66 58 F5 54,temp=97.00
1779166659.148,0x100,8,4A 47 50 35 DC 70 91 2A,speed=74.00
1779166659.242,0x200,8,07 00 E1 6F 32 0F A7 AD,fuel=0.00
1779166659.334,0x300,8,39 BE 1D 59 31 58 20 9A,temp=97.00
1779166659.428,0x100,8,4A 17 46 DB B6 AE 53 91,speed=74.00
1779166659.519,0x200,8,FA 00 E3 1A DF D4 B5 09,fuel=0.00
1779166659.614,0x300,8,39 34 A5 8B 77 83 64 BD,temp=97.00
1779166659.704,0x100,8,4A CD 1E 02 D3 9A F8 C3,speed=74.00
1779166659.798,0x200,8,AA 00 64 69 78 CA 94 BB,fuel=0.00
1779166659.892,0x300,8,39 02 76 95 90 20 BC 62,temp=97.00
1779166659.987,0x100,8,4A E6 1D 1E 48 01 16 53,speed=74.00
1779166660.081,0x200,8,C8 00 D9 D2 0C B0 1C C7,fuel=0.00
1779166660.171,0x300,8,39 D8 66 25 05 C4 8D 39,temp=97.00
1779166660.266,0x100,8,4A 55 67 76 24 64 8F F5,speed=74.00
1779166660.358,0x200,8,13 00 6A 9F A4 ED 4B 4B,fuel=0.00
1779166660.451,0x300,8,39 30 70 E5 80 2D 25 EE,temp=97.00
1779166660.545,0x100,8,4A B3 A7 74 6E 73 A9 CC,speed=74.00
1779166660.638,0x200,8,0E 00 4C 57 CB 8B 99 F5,fuel=0.00
1779166660.731,0x300,8,39 06 5A AA A8 9E 5D ED,temp=97.00
1779166660.823,0x100,8,4A 19 A8 C6 17 80 C4 D4,speed=74.00
1779166660.917,0x200,8,E1 00 81 83 85 D2 6E B4,fuel=0.00
1779166661.014,0x300,8,39 90 43 13 AD E1 A0 1C,temp=97.00
1779166661.115,0x100,8,4A 18 B0 F5 56 A1 AB 29,speed=74.00
1779166661.210,0x200,8,58 00 CB B9 CD 68 6B A2,fuel=0.00
1779166661.292,0x300,8,39 B2 8C 5D AB 4C 84 06,temp=97.00
1779166661.398,0x100,8,4A 08 54 A9 63 C9 A4 98,speed=74.00
1779166661.492,0x200,8,CF 00 43 5E 4A 31 45 92,fuel=0.00
1779166661.584,0x300,8,39 DB 0E 67 46 5A B5 00,temp=97.00
1779166661.681,0x100,8,4A 86 11 73 31 69 4E 9E,speed=74.00
1779166661.771,0x200,8,50 00 45 8A DD 54 2E 4E,fuel=0.00
1779166661.865,0x300,8,39 2C CE 09 CA 75 D0 85,temp=97.00
1779166661.961,0x100,8,4A C0 AB D9 B8 D7 8D A0,speed=74.00
1779166662.053,0x200,8,FE 00 0E 1F 1A 9A 03 F8,fuel=0.00
1779166662.144,0x300,8,39 4B 18 5E CA DB BC 86,temp=97.00
1779166662.237,0x100,8,4A 70 19 B1 AD 66 E3 6E,speed=74.00
1779166662.329,0x200,8,F9 00 7B B5 62 88 FF 78,fuel=0.00
1779166662.422,0x300,8,39 35 9A F7 DA 73 01 E3,temp=97.00
1779166662.514,0x100,8,4A FB 51 42 A8 E1 B8 9D,speed=74.00
1779166662.610,0x200,8,52 00 2B 9A 5C 75 0D B1,fuel=0.00
1779166662.704,0x300,8,39 3F DE 2D 81 38 EA 7A,temp=97.00
1779166662.797,0x100,8,4A 5B 64 27 09 AF 83 4F,speed=74.00
1779166662.892,0x200,8,82 00 35 E5 9D C2 56 04,fuel=0.00
1779166662.991,0x300,8,39 14 14 61 01 DE B4 18,temp=97.00
1779166663.078,0x100,8,4A 73 A3 64 EA 50 5A 58,speed=74.00
1779166663.172,0x200,8,53 00 EB 6B 24 04 A9 5A,fuel=0.00
1779166663.262,0x300,8,39 4D D4 92 6B FF 52 A2,temp=97.00
1779166663.355,0x100,8,4A DB E8 17 70 9D 95 B6,speed=74.00
1779166663.447,0x200,8,D8 00 61 EF 02 17 8F B5,fuel=0.00
1779166663.541,0x300,8,39 41 8C 86 F2 15 77 9D,temp=97.00
1779166663.649,0x100,8,4A BA A6 E0 72 4E 46 87,speed=74.00
1779166663.726,0x200,8,C9 00 8F FE 3D 1B 0E 6E,fuel=0.00
1779166663.825,0x300,8,39 71 33 02 A2 49 C8 FD,temp=97.00
1779166663.929,0x100,8,4A D4 9F 5C 60 B3 F8 FE,speed=74.00
1779166664.026,0x200,8,92 00 8F 3F 4C 8E 98 9C,fuel=0.00
1779166664.115,0x300,8,39 CE B0 58 C5 C8 38 AF,temp=97.00
1779166664.210,0x100,8,4A 47 B7 68 DF 3E 71 61,speed=74.00
1779166664.300,0x200,8,03 00 9D CE A8 F3 80 D6,fuel=0.00
1779166664.394,0x300,8,39 A2 3A D1 6D 7E 20 33,temp=97.00
1779166664.487,0x100,8,4A F7 45 D8 6A 1C C4 58,speed=74.00
1779166664.579,0x200,8,56 00 7A 80 73 A7 C9 96,fuel=0.00
1779166664.671,0x300,8,39 42 3A 11 85 FB DD 4C,temp=97.00
1779166664.765,0x100,8,4A ED 01 54 A8 41 11 D7,speed=74.00
1779166664.860,0x200,8,DC 00 3E 48 21 67 00 2B,fuel=0.00
1779166664.954,0x300,8,39 C9 0E FC C4 D9 CF A9,temp=97.00
1779166665.043,0x100,8,4A 9B B3 90 F5 AD BE 12,speed=74.00
1779166665.135,0x200,8,F4 00 ED 48 05 49 68 EC,fuel=0.00
1779166665.229,0x300,8,39 B2 5D F8 F4 CE E2 70,temp=97.00
1779166665.321,0x100,8,4A 66 4F 21 F1 03 1E DB,speed=74.00
1779166665.415,0x200,8,5C 00 0A 81 B6 1E A8 12,fuel=0.00
1779166665.510,0x300,8,39 15 72 ED C2 0B C2 E2,temp=97.00
1779166665.603,0x100,8,4A E8 C8 75 47 D7 7C C2,speed=74.00
1779166665.711,0x200,8,28 00 72 B1 68 4F B0 9E,fuel=0.00
1779166665.792,0x300,8,39 12 FF E0 26 7C 96 08,temp=97.00
1779166665.898,0x100,8,4A 8D E5 16 4D B9 B5 1E,speed=74.00
1779166665.993,0x200,8,16 00 7A 3C CC 34 48 40,fuel=0.00
1779166666.084,0x300,8,39 B9 DF 50 A5 88 AC 9D,temp=97.00
1779166666.175,0x100,8,4A 14 3D D3 85 4E 7D 30,speed=74.00
1779166666.269,0x200,8,3F 00 65 8D 5C B9 08 0F,fuel=0.00
1779166666.360,0x300,8,39 10 11 B1 D4 06 C8 C0,temp=97.00
1779166666.455,0x100,8,4A 7B B1 65 00 61 34 C7,speed=74.00
1779166666.548,0x200,8,EE 00 A6 A9 A2 48 21 10,fuel=0.00
1779166666.639,0x300,8,39 A9 9F F2 95 9F 93 AD,temp=97.00
1779166666.732,0x100,8,4A EB C5 3D 0E 5C 13 03,speed=74.00
1779166666.825,0x200,8,9F 00 3D 7C 79 2C 03 72,fuel=0.00
1779166666.918,0x300,8,39 C7 43 2C F5 1C 1C FA,temp=97.00
1779166667.012,0x100,8,4A 39 1D 9E AE 9B 03 C8,speed=74.00
1779166667.105,0x200,8,A8 00 D1 1F DD 33 BD 53,fuel=0.00
1779166667.200,0x300,8,39 3A 5F 7E BC A7 C4 10,temp=97.00
1779166667.292,0x100,8,4A BD 2E 6F 77 43 57 B5,speed=74.00
1779166667.386,0x200,8,AF 00 88 13 3C FB E0 19,fuel=0.00
1779166667.479,0x300,8,39 32 89 3B 01 99 67 4B,temp=97.00
1779166667.586,0x100,8,4A 50 BC 74 9D CC A0 F3,speed=74.00
1779166667.680,0x200,8,2A 00 22 C1 4A AA 71 FA,fuel=0.00
1779166667.759,0x300,8,39 C8 5E EC 32 B1 37 2C,temp=97.00
1779166667.867,0x100,8,4A 82 A1 73 37 AC BA AE,speed=74.00
1779166667.953,0x200,8,77 00 93 47 F2 21 9F 22,fuel=0.00
1779166668.052,0x300,8,39 43 DA FD E1 DA BD 91,temp=97.00
1779166668.147,0x100,8,4A 94 66 66 84 B1 AE 09,speed=74.00
1779166668.242,0x200,8,95 00 1D 1B 64 64 11 5E,fuel=0.00
1779166668.334,0x300,8,39 AC D5 8F 9F 29 D6 95,temp=97.00
1779166668.427,0x100,8,4A A5 95 4F 37 77 0B 4C,speed=74.00
1779166668.511,0x200,8,F0 00 50 E4 26 C5 CD E6,fuel=0.00
1779166668.615,0x300,8,39 11 E1 D8 DB CF 96 94,temp=97.00
1779166668.710,0x100,8,4A F8 A7 BE 6A 8A FA 1D,speed=74.00
1779166668.803,0x200,8,28 00 4C EA 49 01 B7 DF,fuel=0.00
1779166668.897,0x300,8,39 95 69 DA DA 77 80 83,temp=97.00
1779166668.988,0x100,8,4A 23 F7 97 09 32 44 19,speed=74.00
1779166669.082,0x200,8,41 00 9F CF 18 82 7B DA,fuel=0.00
1779166669.176,0x300,8,39 53 55 83 32 F1 A1 97,temp=97.00
1779166669.270,0x100,8,4A 49 A8 4B F4 54 6B 68,speed=74.00
1779166669.362,0x200,8,4C 00 FA E1 E4 31 30 DA,fuel=0.00
1779166669.454,0x300,8,39 3B 32 1F 13 7D D7 70,temp=97.00
1779166669.547,0x100,8,4A B6 96 99 39 82 07 A2,speed=74.00
1779166669.642,0x200,8,A5 00 74 A2 3B 2A 28 02,fuel=0.00
1779166669.734,0x300,8,39 46 0D 29 19 D3 36 48,temp=97.00
1779166669.828,0x100,8,4A 51 5C AE 52 9A 96 5C,speed=74.00
1779166669.921,0x200,8,86 00 15 A4 CD 13 12 C0,fuel=0.00
1779166670.015,0x300,8,39 59 59 49 30 9C 64 3D,temp=97.00
1779166670.108,0x100,8,4A ED 2E 2A 72 41 A8 0B,speed=74.00
1779166670.201,0x200,8,75 00 5C 64 DA B3 1F 87,fuel=0.00
1779166670.295,0x300,8,39 FA A5 2C 8E B8 87 51,temp=97.00
1779166670.390,0x100,8,4A 04 2A 81 8E 2D C6 F9,speed=74.00
1779166670.481,0x200,8,EF 00 D1 29 95 C8 59 92,fuel=0.00
1779166670.572,0x300,8,39 A4 88 A8 3F 12 58 0E,temp=97.00
1779166670.668,0x100,8,4A 7E 9F 9B 74 B3 F2 E0,speed=74.00
1779166670.759,0x200,8,92 00 62 8E C6 8A 90 57,fuel=0.00
1779166670.854,0x300,8,39 53 E4 BC 7D 97 C4 2E,temp=97.00
1779166670.948,0x100,8,4A 16 01 D5 C0 8F DF 7F,speed=74.00
1779166671.044,0x200,8,DC 00 8E 8F FE 4B A8 24,fuel=0.00
1779166671.134,0x300,8,39 83 A6 1E 95 81 48 1A,temp=97.00
1779166671.228,0x100,8,4A D4 24 EE 0D A2 32 9D,speed=74.00
1779166671.322,0x200,8,50 00 E4 F3 9A FE 2A 4B,fuel=0.00
1779166671.430,0x300,8,39 7F 47 0C 77 E0 E1 F8,temp=97.00
1779166671.522,0x100,8,4A 9F 62 ED 32 B5 C9 8A,speed=74.00
1779166671.616,0x200,8,82 00 28 FD BC A9 71 D1,fuel=0.00
1779166671.709,0x300,8,39 BA E0 2B 41 BC 13 04,temp=97.00
1779166671.802,0x100,8,4A C7 F9 6D 93 BB FB C4,speed=74.00
1779166671.895,0x200,8,FD 00 88 6F 95 45 CF C4,fuel=0.00
1779166671.982,0x300,8,39 7E 6C 99 F9 0D A1 F8,temp=97.00
1779166672.081,0x100,8,4A 94 0F A1 8B 2D 48 26,speed=74.00
1779166672.178,0x200,8,63 00 76 82 7C 0F 76 CA,fuel=0.00
1779166672.272,0x300,8,39 29 A8 96 91 6F 9F 55,temp=97.00
1779166672.367,0x100,8,4A E0 EA F2 24 13 0E AD,speed=74.00
1779166672.458,0x200,8,96 00 E8 28 38 52 F6 68,fuel=0.00
1779166672.553,0x300,8,39 E6 FF 96 7A 54 A9 57,temp=97.00
1779166672.642,0x100,8,4A DA 38 12 9D 10 E4 E0,speed=74.00
1779166672.731,0x200,8,B0 00 6F 05 3D E1 5E 02,fuel=0.00
1779166672.824,0x300,8,39 4C EA B6 D4 F9 D0 58,temp=97.00
1779166672.919,0x100,8,4A 6B 2F FC 59 5A 76 16,speed=74.00
1779166673.012,0x200,8,BF 00 AB 54 C1 2D 05 6A,fuel=0.00
1779166673.102,0x300,8,39 8B 7A AC D9 4F 78 6C,temp=97.00
1779166673.211,0x100,8,4A 5D 82 EE 75 03 0A CE,speed=74.00
1779166673.304,0x200,8,FD 00 0F 62 32 31 D4 77,fuel=0.00
1779166673.398,0x300,8,39 F9 4E 3B 99 E3 09 71,temp=97.00
1779166673.491,0x100,8,4A D7 AC E9 5E E4 64 F6,speed=74.00
1779166673.582,0x200,8,C7 00 9A B5 4B 98 A2 37,fuel=0.00
1779166673.677,0x300,8,39 72 E3 CA 03 91 95 7A,temp=97.00
1779166673.768,0x100,8,4A 10 06 94 08 0F 67 A5,speed=74.00
1779166673.862,0x200,8,78 00 A8 44 73 38 ED E7,fuel=0.00
1779166673.956,0x300,8,39 3C CD D1 01 29 4F 2C,temp=97.00
1779166674.047,0x100,8,4A 71 CC E6 B8 7F 3D 2F,speed=74.00
1779166674.143,0x200,8,05 00 66 E6 2E F6 09 E4,fuel=0.00
1779166674.237,0x300,8,39 5A D6 3B 69 86 C6 BB,temp=97.00
1779166674.329,0x100,8,4A 05 87 38 00 8E 4A F9,speed=74.00
1779166674.422,0x200,8,BD 00 88 C8 D0 E1 EB 89,fuel=0.00
1779166674.513,0x300,8,39 AF 42 3A 1B 11 93 4C,temp=97.00
1779166674.605,0x100,8,4A AA 08 4E E7 74 08 5D,speed=74.00
1779166674.696,0x200,8,D0 00 3A 82 F5 0F 3F 51,fuel=0.00
1779166674.805,0x300,8,39 99 EA 85 E6 9D 7F 29,temp=97.00
1779166674.901,0x100,8,4A C5 39 F8 A5 97 26 6D,speed=74.00
1779166674.994,0x200,8,59 00 BB 2D C7 F0 41 A7,fuel=0.00
1779166675.101,0x300,8,39 2D 81 84 71 18 59 17,temp=97.00
1779166675.194,0x100,8,4A C2 9A 79 35 0D DA 8D,speed=74.00
1779166675.287,0x200,8,A9 00 A0 B0 C2 37 28 29,fuel=0.00
1779166675.379,0x300,8,39 DD EC 0C 89 07 C7 1A,temp=97.00
1779166675.473,0x100,8,4A 46 1D 02 47 5D 5D BA,speed=74.00
1779166675.567,0x200,8,4A 00 36 76 CC EA 0C DE,fuel=0.00
1779166675.659,0x300,8,39 E4 CD E2 07 67 6E CE,temp=97.00
1779166675.753,0x100,8,4A 37 8B 92 4B B9 86 D7,speed=74.00
1779166675.846,0x200,8,5E 00 A8 DC 46 3F 4D 3C,fuel=0.00
1779166675.939,0x300,8,39 6B F6 A4 5C 52 17 A1,temp=97.00
1779166676.033,0x100,8,4A B6 E8 41 89 7D 79 CA,speed=74.00
1779166676.126,0x200,8,10 00 12 DD B8 95 81 D7,fuel=0.00
1779166676.220,0x300,8,39 B0 1D 6E 59 3A 1C 05,temp=97.00
1779166676.310,0x100,8,4A 2C 14 05 4D 6E 85 05,speed=74.00
1779166676.404,0x200,8,AB 00 32 81 77 DD 9E 15,fuel=0.00
1779166676.497,0x300,8,39 0B 26 CA A0 0B 27 88,temp=97.00
1779166676.592,0x100,8,4A E3 D9 3B 28 5B 62 F4,speed=74.00
1779166676.684,0x200,8,AC 00 08 E1 4D 1B 84 21,fuel=0.00
1779166676.777,0x300,8,39 6E DE B0 39 83 08 60,temp=97.00
1779166676.871,0x100,8,4A 68 71 BB 52 04 34 2E,speed=74.00
1779166676.964,0x200,8,8B 00 0E 37 E2 DA 1F E8,fuel=0.00
1779166677.058,0x300,8,39 4C 9D 15 78 99 E9 E2,temp=97.00
1779166677.165,0x100,8,4A 18 84 1F 75 0A 60 E2,speed=74.00
1779166677.258,0x200,8,23 00 15 D6 E1 3D 42 06,fuel=0.00
1779166677.351,0x300,8,39 BA 63 DA FD E7 BE 7E,temp=97.00
1779166677.443,0x100,8,4A E4 55 D1 7F 24 78 ED,speed=74.00
1779166677.538,0x200,8,27 00 33 02 3E AF 56 8B,fuel=0.00
1779166677.632,0x300,8,39 92 04 6C 4D 7F A7 F0,temp=97.00
1779166677.725,0x100,8,4A 10 03 6E 27 12 71 F2,speed=74.00
1779166677.817,0x200,8,7D 00 9E 0C B3 41 C7 3A,fuel=0.00
1779166677.911,0x300,8,39 5B 1C 3D 8D F1 D6 82,temp=97.00
1779166677.996,0x100,8,4A 4A 2A BE ED B7 18 C4,speed=74.00
1779166678.096,0x200,8,47 00 33 C9 49 5D 71 23,fuel=0.00
1779166678.188,0x300,8,39 50 90 E5 94 93 D6 8F,temp=97.00
1779166678.281,0x100,8,4A 5C A0 BC BD 68 DE 4C,speed=74.00
1779166678.375,0x200,8,71 00 4D 21 62 03 31 9C,fuel=0.00
1779166678.468,0x300,8,39 0C E8 BE 73 84 45 21,temp=97.00
1779166678.560,0x100,8,4A 20 65 CC 1F FE D4 4C,speed=74.00
1779166678.652,0x200,8,38 00 5B 6A 9E 83 09 BE,fuel=0.00
1779166678.744,0x300,8,39 EC A5 B3 DA 8C E4 A8,temp=97.00
1779166678.838,0x100,8,4A 51 53 26 4E D2 17 FD,speed=74.00
1779166678.931,0x200,8,D6 00 89 B9 28 AE 7E C8,fuel=0.00
1779166679.026,0x300,8,39 4C 54 0B 59 C8 0F 80,temp=97.00
1779166679.120,0x100,8,4A 99 B9 CD 3B 74 C2 99,speed=74.00
1779166679.214,0x200,8,47 00 F8 A9 BE 75 B6 ED,fuel=0.00
1779166679.306,0x300,8,39 F0 78 88 B5 44 38 4A,temp=97.00
1779166679.400,0x100,8,4A BA 89 6A 49 A8 F8 24,speed=74.00
1779166679.493,0x200,8,22 00 40 16 A4 BA 3F D2,fuel=0.00
1779166679.601,0x300,8,39 43 5F 85 D0 63 E4 DD,temp=97.00
1779166679.694,0x100,8,4A 9E 83 D4 DD 8D 56 FF,speed=74.00
1779166679.788,0x200,8,44 00 07 3B E1 F6 A9 A2,fuel=0.00
1779166679.880,0x300,8,39 BD F2 39 50 92 6D AE,temp=97.00
1779166679.980,0x100,8,4A DF F0 A2 79 B9 5D 73,speed=74.00
1779166680.066,0x200,8,24 00 A0 8F B5 B6 D3 D3,fuel=0.00
1779166680.159,0x300,8,39 CF 15 6B 2A 23 17 F4,temp=97.00
1779166680.252,0x100,8,4A 1A CA 38 F9 A1 3D 82,speed=74.00
1779166680.347,0x200,8,5B 00 3C ED 8A 82 CA 5C,fuel=0.00
1779166680.441,0x300,8,39 26 9C 76 9D 90 AD E4,temp=97.00
1779166680.534,0x100,8,4A 36 6C 86 99 F8 A5 41,speed=74.00
1779166680.628,0x200,8,3F 00 EE 71 E0 3F 30 FD,fuel=0.00
1779166680.721,0x300,8,39 A6 32 A6 6B E5 C6 53,temp=97.00
1779166680.813,0x100,8,4A 3E DE 59 C5 38 A8 0B,speed=74.00
1779166680.902,0x200,8,B4 00 61 EB 58 99 97 C9,fuel=0.00
1779166680.996,0x300,8,39 12 15 64 31 FC 7E 15,temp=97.00
1779166681.091,0x100,8,4A 0F 39 0B AB 94 A7 EE,speed=74.00
1779166681.183,0x200,8,4D 00 64 B4 68 97 CE 21,fuel=0.00
1779166681.274,0x300,8,39 61 06 7E 7D DB 35 45,temp=97.00
1779166681.369,0x100,8,4A FA AD 2A 55 F7 C5 6E,speed=74.00
1779166681.478,0x200,8,E3 00 59 D7 14 C0 87 9B,fuel=0.00
1779166681.569,0x300,8,39 BB C5 B9 07 9A 92 42,temp=97.00
1779166681.665,0x100,8,4A EA F8 B5 4B D1 AD 58,speed=74.00
1779166681.758,0x200,8,31 00 8D 32 60 04 76 5D,fuel=0.00
1779166681.838,0x300,8,39 EE 25 9A 79 F5 E5 B8,temp=97.00
1779166681.948,0x100,8,4A 9A 04 C7 64 9D 2B 26,speed=74.00
1779166682.024,0x200,8,ED 00 CE C7 10 0E B2 F4,fuel=0.00
1779166682.131,0x300,8,39 4B 96 C6 E8 8E 27 96,temp=97.00
1779166682.227,0x100,8,4A 8B F8 3C 04 A4 A7 BF,speed=74.00
1779166682.315,0x200,8,71 00 C0 CF 47 A5 93 0F,fuel=0.00
1779166682.410,0x300,8,39 4F 62 37 DC EA C3 EA,temp=97.00
1779166682.502,0x100,8,4A BE CE 8D 90 09 56 57,speed=74.00
1779166682.599,0x200,8,15 00 81 CF 6D 97 A1 35,fuel=0.00
1779166682.692,0x300,8,39 16 63 37 B8 1C 27 24,temp=97.00
1779166682.786,0x100,8,4A B8 FD A0 18 51 A3 2C,speed=74.00
1779166682.881,0x200,8,DD 00 65 36 5C 64 F5 EF,fuel=0.00
1779166682.972,0x300,8,39 63 D6 D4 C6 D9 16 6D,temp=97.00
1779166683.065,0x100,8,4A 8B 38 29 B5 01 D0 FA,speed=74.00
1779166683.160,0x200,8,23 00 EB DD 4C 5C 4C CC,fuel=0.00
1779166683.252,0x300,8,39 9E EF 2B 2C 97 AF 9F,temp=97.00
1779166683.345,0x100,8,4A D8 71 E1 2F B1 BD 8F,speed=74.00
1779166683.440,0x200,8,E5 00 2F 8A 66 26 2C 6A,fuel=0.00
1779166683.531,0x300,8,39 BE 4A EE 71 16 13 2E,temp=97.00
1779166683.625,0x100,8,4A 41 9A 47 85 EB BC ED,speed=74.00
1779166683.718,0x200,8,FD 00 9E 5E DA F5 BA 44,fuel=0.00
1779166683.809,0x300,8,39 B4 18 47 D5 27 AD 96,temp=97.00
1779166683.904,0x100,8,4A 85 9A 94 7B A9 00 98,speed=74.00
1779166684.002,0x200,8,04 00 25 20 AD EB 39 BE,fuel=0.00
1779166684.092,0x300,8,39 A6 C8 B7 1F 0F D0 8E,temp=97.00
1779166684.186,0x100,8,4A 35 86 25 72 71 B5 A3,speed=74.00
1779166684.278,0x200,8,4B 00 68 F4 4F AC 35 60,fuel=0.00
1779166684.371,0x300,8,39 0F 82 30 2B 95 09 71,temp=97.00
1779166684.464,0x100,8,4A 8F E2 31 8D C4 5B 23,speed=74.00
1779166684.557,0x200,8,70 00 17 ED 92 70 F6 E2,fuel=0.00
1779166684.650,0x300,8,39 B5 49 21 CA F8 A1 10,temp=97.00
1779166684.744,0x100,8,4A 93 72 A5 C7 51 A9 1B,speed=74.00
1779166684.838,0x200,8,B9 00 3F A4 47 41 EA 4D,fuel=0.00
1779166684.936,0x300,8,39 A3 A9 41 52 34 DC BE,temp=97.00
1779166685.025,0x100,8,4A 58 88 AD 1C B8 1D AF,speed=74.00
1779166685.119,0x200,8,71 00 41 81 9F 11 08 B7,fuel=0.00
1779166685.214,0x300,8,39 FE A6 66 06 9F 0A D9,temp=97.00
1779166685.320,0x100,8,4A 50 EA C6 E6 B9 63 67,speed=74.00
1779166685.399,0x200,8,EF 00 98 DA FC 68 6F 9F,fuel=0.00
1779166685.494,0x300,8,39 BE 06 1C AE 28 EF 9B,temp=97.00
1779166685.601,0x100,8,4A 4D 10 A9 03 A1 C4 CB,speed=74.00
1779166685.693,0x200,8,74 00 DF 48 94 6F 15 4D,fuel=0.00
1779166685.787,0x300,8,39 EA 23 AD A4 63 03 BA,temp=97.00
1779166685.868,0x100,8,4A 91 7D A1 A5 9F E7 F7,speed=74.00
1779166685.969,0x200,8,A4 00 D0 BE FD 16 B6 D7,fuel=0.00
1779166686.071,0x300,8,39 D0 66 56 83 F1 FF AD,temp=97.00
1779166686.151,0x100,8,4A D6 74 BD 50 A8 32 72,speed=74.00
1779166686.245,0x200,8,C7 00 D0 11 59 41 29 57,fuel=0.00
1779166686.340,0x300,8,39 9F C8 C2 03 34 41 6B,temp=97.00
1779166686.445,0x100,8,4A 25 98 49 3B BB 79 43,speed=74.00
1779166686.535,0x200,8,E3 00 D5 4B 76 9B 8E 87,fuel=0.00
1779166686.631,0x300,8,39 AC 54 09 37 CD 03 20,temp=97.00
1779166686.724,0x100,8,4A A4 0C A8 31 1D DC A7,speed=74.00
1779166686.817,0x200,8,B6 00 86 73 A9 68 BA E3,fuel=0.00
1779166686.911,0x300,8,39 4A 89 20 9F 75 5E FE,temp=97.00
1779166687.006,0x100,8,4A 87 0F 48 C0 F7 00 BE,speed=74.00
1779166687.100,0x200,8,3B 00 59 3C 32 B2 E1 6E,fuel=0.00
1779166687.192,0x300,8,39 7E 3A DA 3E A2 0F 9F,temp=97.00
1779166687.285,0x100,8,4A 72 01 E1 D0 84 39 49,speed=74.00
1779166687.379,0x200,8,AE 00 50 AF EF BF A4 7E,fuel=0.00
1779166687.474,0x300,8,39 34 FC C3 B3 5C D4 1B,temp=97.00
1779166687.567,0x100,8,4A DB F1 93 EA 18 30 E2,speed=74.00
1779166687.660,0x200,8,BD 00 F5 82 51 01 FB 2C,fuel=0.00
1779166687.754,0x300,8,39 CC F1 C4 4E 17 28 85,temp=97.00
1779166687.850,0x100,8,4A D6 BD 2D A3 39 D9 5D,speed=74.00
1779166687.938,0x200,8,ED 00 7B FE 90 FF D1 7F,fuel=0.00
1779166688.032,0x300,8,39 E5 96 29 55 7D 63 EE,temp=97.00
1779166688.123,0x100,8,4A BC 97 F0 9F 7B 00 99,speed=74.00
1779166688.218,0x200,8,3A 00 E0 93 2A 10 09 FD,fuel=0.00
1779166688.312,0x300,8,39 8B FB CF FF 83 51 77,temp=97.00
1779166688.403,0x100,8,4A 7D D7 12 3C 25 25 36,speed=74.00
1779166688.495,0x200,8,62 00 C2 DC 4B B9 31 C4,fuel=0.00
1779166688.590,0x300,8,39 9A 68 6A 52 C2 19 6D,temp=97.00
1779166688.683,0x100,8,4A 26 4D FF A5 CD 1E A5,speed=74.00
1779166688.775,0x200,8,4D 00 34 A0 C8 7D 07 28,fuel=0.00
1779166688.870,0x300,8,39 33 1A 8A 75 9E 36 83,temp=97.00
1779166688.964,0x100,8,4A 23 C0 D1 25 EA 70 09,speed=74.00
1779166689.069,0x200,8,C2 00 E1 24 A0 01 64 80,fuel=0.00
1779166689.162,0x300,8,39 FD D5 29 92 0A 44 C7,temp=97.00
1779166689.253,0x100,8,4A 0A 40 7B 85 E2 FF 84,speed=74.00
1779166689.346,0x200,8,E5 00 C6 03 A7 C0 C7 AF,fuel=0.00
1779166689.438,0x300,8,39 10 F4 4F 2D 4A CE E6,temp=97.00
1779166689.531,0x100,8,4A 77 03 36 AB 33 B0 22,speed=74.00
1779166689.623,0x200,8,A1 00 09 4D 57 1C E0 C1,fuel=0.00
1779166689.717,0x300,8,39 48 0B 3D F8 87 8F 1A,temp=97.00
1779166689.811,0x100,8,4A EC 91 9A F7 B7 EA 1C,speed=74.00
1779166689.904,0x200,8,B5 00 E8 AF 93 C8 6B 27,fuel=0.00
1779166689.995,0x300,8,39 56 61 9C 77 AA 25 55,temp=97.00
1779166690.089,0x100,8,4A 9C 23 6F 4F A1 44 03,speed=74.00
1779166690.195,0x200,8,83 00 2E C7 90 74 9C 3D,fuel=0.00
1779166690.288,0x300,8,39 20 02 B4 0B D5 EC 4C,temp=97.00
1779166690.380,0x100,8,4A 23 23 3C AC 48 7C AA,speed=74.00
1779166690.476,0x200,8,8A 00 65 1B 04 36 04 22,fuel=0.00
1779166690.557,0x300,8,39 58 1E E8 14 B3 2D 29,temp=97.00
1779166690.662,0x100,8,4A A0 2E CA E7 C9 FA CD,speed=74.00
1779166690.757,0x200,8,63 00 97 39 AF 43 46 14,fuel=0.00
1779166690.854,0x300,8,39 EC 29 F3 68 63 F0 55,temp=97.00
1779166690.948,0x100,8,4A DA E9 1D 30 8E D9 6E,speed=74.00
1779166691.028,0x200,8,23 00 BA 17 2D 97 B5 C7,fuel=0.00
1779166691.132,0x300,8,39 AE B3 BB 80 6D E9 FE,temp=97.00
1779166691.227,0x100,8,4A 3A F7 2B EF 9C 0E 51,speed=74.00
1779166691.319,0x200,8,20 00 A0 9B BC F8 8D C2,fuel=0.00
1779166691.412,0x300,8,39 F7 70 0B 40 80 3A A5,temp=97.00
1779166691.504,0x100,8,4A DE 1C D9 4C E3 33 BE,speed=74.00
1779166691.599,0x200,8,73 00 8D BC E6 CA 02 94,fuel=0.00
1779166691.691,0x300,8,39 E6 1F 6B DF A3 0B FB,temp=97.00
1779166691.784,0x100,8,4A 75 2A 28 26 D4 84 EA,speed=74.00
1779166691.876,0x200,8,95 00 22 FB BB 8F 0F B4,fuel=0.00
1779166691.973,0x300,8,39 21 7D 96 3A EE 39 96,temp=97.00
1779166692.063,0x100,8,4A AB CC 1D 31 CA BC 42,speed=74.00
1779166692.155,0x200,8,DF 00 6C E8 C8 14 5B 6B,fuel=0.00
1779166692.249,0x300,8,39 C6 CE 28 83 20 E6 35,temp=97.00
1779166692.342,0x100,8,4A 53 ED E4 B5 63 8A CE,speed=74.00
1779166692.434,0x200,8,EA 00 87 C6 91 AC AB 10,fuel=0.00
1779166692.528,0x300,8,39 2F C4 F7 99 51 23 9F,temp=97.00
1779166692.622,0x100,8,4A 23 BB F2 20 8B 52 58,speed=74.00
1779166692.713,0x200,8,C3 00 0C 6B 99 F8 A1 BF,fuel=0.00
1779166692.821,0x300,8,39 04 D0 B2 4E AE 81 22,temp=97.00
1779166692.901,0x100,8,4A F7 FF 3D 6B 66 CF D6,speed=74.00
1779166693.008,0x200,8,E4 00 18 19 5E BE 3D CB,fuel=0.00
1779166693.099,0x300,8,39 58 20 86 79 1D 5E DB,temp=97.00
1779166693.192,0x100,8,4A 08 39 9D 0B FE 00 2E,speed=74.00
1779166693.286,0x200,8,E4 00 54 C0 FD 13 78 0C,fuel=0.00
1779166693.378,0x300,8,39 DA D9 34 9E F6 85 D6,temp=97.00
1779166693.474,0x100,8,4A E5 97 FB E6 80 2B 08,speed=74.00
1779166693.568,0x200,8,1A 00 E4 8F 41 21 BA 12,fuel=0.00
1779166693.664,0x300,8,39 9C CA CE 97 4D C5 36,temp=97.00
1779166693.757,0x100,8,4A 3A 75 3C 12 B8 DB BD,speed=74.00
1779166693.850,0x200,8,60 00 A9 88 57 68 78 24,fuel=0.00
1779166693.944,0x300,8,39 CC 36 4C 82 08 4A 5B,temp=97.00
1779166694.037,0x100,8,4A 54 ED C9 FC CE 28 4E,speed=74.00
1779166694.129,0x200,8,1C 00 4B 21 16 62 06 B0,fuel=0.00
1779166694.224,0x300,8,39 AC 90 6B 45 F4 30 D8,temp=97.00
1779166694.317,0x100,8,4A 9D 19 B1 65 B8 AA 6A,speed=74.00
1779166694.409,0x200,8,27 00 D1 89 79 78 EA 90,fuel=0.00
1779166694.503,0x300,8,39 53 4B C9 4A 03 47 2B,temp=97.00
1779166694.599,0x100,8,4A 3C E0 6D 5B C5 E4 B2,speed=74.00
1779166694.687,0x200,8,69 00 95 1E C2 BF 50 6B,fuel=0.00
1779166694.780,0x300,8,39 D1 43 FB 70 27 39 39,temp=97.00
1779166694.873,0x100,8,4A 50 44 B1 CD 74 9E 98,speed=74.00
1779166694.970,0x200,8,64 00 D4 76 9E 00 70 F5,fuel=0.00
1779166695.061,0x300,8,39 B4 09 B9 A9 1F B1 13,temp=97.00
1779166695.153,0x100,8,4A A2 25 58 49 47 0F 23,speed=74.00
1779166695.248,0x200,8,32 00 C4 28 CC 53 EA 9F,fuel=0.00
1779166695.341,0x300,8,39 56 5D 87 57 5B 7D 08,temp=97.00
1779166695.433,0x100,8,4A 52 EC D5 3E 5E EA 9E,speed=74.00
1779166695.526,0x200,8,4E 00 2A 58 06 AC A5 7A,fuel=0.00
1779166695.622,0x300,8,39 2F 98 9E F9 E3 9B 3B,temp=97.00
1779166695.715,0x100,8,4A FD B3 00 82 49 15 27,speed=74.00
1779166695.807,0x200,8,D1 00 1E 44 E3 31 FE BE,fuel=0.00
1779166695.900,0x300,8,39 62 D9 C3 A9 C8 3E 1A,temp=97.00
1779166695.992,0x100,8,4A EE 78 A0 98 3C A7 E4,speed=74.00
1779166696.103,0x200,8,E4 00 3B 7F A5 91 5D 23,fuel=0.00
1779166696.193,0x300,8,39 0C 78 B9 87 B3 95 96,temp=97.00
1779166696.286,0x100,8,4A 3C 1C 32 CD 9A 6D E8,speed=74.00
1779166696.379,0x200,8,83 00 95 09 9C 71 B0 60,fuel=0.00
1779166696.471,0x300,8,39 5E 0F 97 97 DB FE 0D,temp=97.00
1779166696.566,0x100,8,4A 1E 01 C9 59 82 6F EF,speed=74.00
1779166696.660,0x200,8,4E 00 0B 0A 16 EB F6 86,fuel=0.00
1779166696.752,0x300,8,39 62 68 5C C8 EF A3 E6,temp=97.00
1779166696.846,0x100,8,4A 80 A2 B7 74 EF E7 E6,speed=74.00
1779166696.940,0x200,8,CD 00 B5 08 C0 AC DB E5,fuel=0.00
1779166697.035,0x300,8,39 51 EE DE 5F A0 AC 2B,temp=97.00
1779166697.128,0x100,8,4A C8 4B DF 62 83 1F E0,speed=74.00
1779166697.223,0x200,8,E9 00 E9 07 D8 C8 80 5A,fuel=0.00
1779166697.317,0x300,8,39 F8 A4 DC 23 08 1B 36,temp=97.00
1779166697.411,0x100,8,4A F6 16 6D 44 C3 C8 5D,speed=74.00
1779166697.503,0x200,8,A1 00 BA B7 1F 39 35 B5,fuel=0.00
1779166697.596,0x300,8,39 1C 06 90 47 E1 14 07,temp=97.00
1779166697.688,0x100,8,4A 20 47 F1 0D DD 2E CC,speed=74.00
1779166697.782,0x200,8,E7 00 B0 E1 AE 5E 25 46,fuel=0.00
1779166697.878,0x300,8,39 CB 84 59 30 A3 83 F0,temp=97.00
1779166697.971,0x100,8,4A 2D 7A C8 24 08 37 68,speed=74.00
1779166698.064,0x200,8,09 00 0C 78 DA 10 94 6F,fuel=0.00
1779166698.156,0x300,8,39 70 10 D5 3C D3 2E F6,temp=97.00
1779166698.249,0x100,8,4A 35 32 7C B6 D7 28 D4,speed=74.00
1779166698.344,0x200,8,DF 00 EB 26 BE A3 93 32,fuel=0.00
1779166698.437,0x300,8,39 04 9E 62 93 B4 1D 22,temp=97.00
1779166698.529,0x100,8,4A F9 0C BA C5 D5 67 47,speed=74.00
1779166698.623,0x200,8,11 00 00 A2 CB B1 6F C6,fuel=0.00
1779166698.717,0x300,8,39 EC B1 C5 AB 6F 5A D9,temp=97.00
1779166698.806,0x100,8,4A 99 3D DB 6C B9 D3 3D,speed=74.00
1779166698.914,0x200,8,31 00 DC F2 57 A0 20 15,fuel=0.00
1779166699.008,0x300,8,39 9D 2D 13 E6 D6 78 9C,temp=97.00
1779166699.103,0x100,8,4A 29 55 C2 F4 5A B0 D2,speed=74.00
1779166699.191,0x200,8,D0 00 12 3F EB 53 C1 2A,fuel=0.00
1779166699.285,0x300,8,39 45 FA 42 DD D0 21 23,temp=97.00
1779166699.378,0x100,8,4A 27 70 FA 8A B7 99 62,speed=74.00
1779166699.471,0x200,8,B4 00 32 8A 2C 47 B8 5C,fuel=0.00
1779166699.565,0x300,8,39 24 DE 10 1B E3 7D 2E,temp=97.00
1779166699.656,0x100,8,4A C7 17 9A 57 82 7B E1,speed=74.00
1779166699.750,0x200,8,D1 00 A6 96 AA 8E 89 0D,fuel=0.00
1779166699.845,0x300,8,39 43 19 2C 06 A4 AB 8F,temp=97.00
1779166699.937,0x100,8,4A F6 5D 29 F8 B9 6A 4B,speed=74.00
1779166700.031,0x200,8,92 00 BF BE 8B E1 A7 2E,fuel=0.00
1779166700.127,0x300,8,39 F7 F6 31 2F E8 46 14,temp=97.00
1779166700.218,0x100,8,4A 89 85 AB 7F 8A AE F0,speed=74.00
1779166700.312,0x200,8,30 00 EB 67 0C 74 7F 81,fuel=0.00
1779166700.407,0x300,8,39 A1 0D 9E FF 91 E8 04,temp=97.00
1779166700.500,0x100,8,4A 95 A1 48 1D 52 BF 95,speed=74.00
1779166700.595,0x200,8,CF 00 A2 DE CB 8D 13 FF,fuel=0.00
1779166700.687,0x300,8,39 36 D9 03 EF D5 4C 4E,temp=97.00
1779166700.781,0x100,8,4A D4 05 92 D1 CF BC 64,speed=74.00
1779166700.878,0x200,8,77 00 98 1F 06 D1 0B 10,fuel=0.00
1779166700.969,0x300,8,39 9E C2 71 FA BD A5 40,temp=97.00
1779166701.060,0x100,8,4A E8 3C CD 45 28 9F 64,speed=74.00
1779166701.153,0x200,8,58 00 FE E5 26 44 34 2B,fuel=0.00
1779166701.246,0x300,8,39 74 E0 B5 05 38 4E FE,temp=97.00
1779166701.340,0x100,8,4A 4F FD 20 50 55 EA D2,speed=74.00
1779166701.433,0x200,8,C4 00 59 8A EF 50 18 18,fuel=0.00
1779166701.525,0x300,8,39 0E BD 7D A5 26 CC C1,temp=97.00
1779166701.618,0x100,8,4A C5 8E 79 F0 BB 22 7B,speed=74.00
1779166701.712,0x200,8,E7 00 19 18 ED 22 71 84,fuel=0.00
1779166701.821,0x300,8,39 7B 63 E9 AA 0E 76 4F,temp=97.00
1779166701.916,0x100,8,4A 9F DE E5 B9 C1 2C 5B,speed=74.00
1779166702.018,0x200,8,44 00 7E 45 84 98 21 EB,fuel=0.00
1779166702.105,0x300,8,39 87 8B 5D A0 70 BF 4F,temp=97.00
1779166702.212,0x100,8,4A 12 AA F8 01 F2 8F A2,speed=74.00
1779166702.304,0x200,8,A8 00 04 DF 6C 53 D3 8F,fuel=0.00
1779166702.398,0x300,8,39 38 AB 7D FE 13 EC 5C,temp=97.00
1779166702.491,0x100,8,4A 5C AE A0 01 A9 8E 23,speed=74.00
1779166702.585,0x200,8,F0 00 F5 E4 98 F7 B4 9F,fuel=0.00
1779166702.678,0x300,8,39 3E C3 85 66 14 95 2B,temp=97.00
1779166702.773,0x100,8,4A B3 A6 8C B5 7C 9D 1E,speed=74.00
1779166702.867,0x200,8,0C 00 A0 14 0F 1B 83 B5,fuel=0.00
1779166702.962,0x300,8,39 61 AC F3 C8 3A 09 8C,temp=97.00
1779166703.053,0x100,8,4A 3A 6F 37 B5 46 AA C6,speed=74.00
1779166703.139,0x200,8,9E 00 09 6E 4D 3C BB 6C,fuel=0.00
1779166703.231,0x300,8,39 C2 79 0F A4 EB B9 3D,temp=97.00
1779166703.324,0x100,8,4A 40 AF F0 EB 6C DD 04,speed=74.00
1779166703.416,0x200,8,68 00 C1 C8 2E D9 C7 F2,fuel=0.00
1779166703.511,0x300,8,39 BB A1 17 5D FD 66 4F,temp=97.00
1779166703.617,0x100,8,4A 9B 7E 77 4E D5 4C 3B,speed=74.00
1779166703.710,0x200,8,22 00 96 E4 13 4F D6 0B,fuel=0.00
1779166703.805,0x300,8,39 80 F8 E1 D9 C4 26 41,temp=97.00
1779166703.896,0x100,8,4A B1 6C C3 5A 6A 37 DE,speed=74.00
1779166703.992,0x200,8,54 00 5E D7 4A F0 25 61,fuel=0.00
1779166704.079,0x300,8,39 CD 29 26 81 1D C0 41,temp=97.00
1779166704.173,0x100,8,4A 36 2D C6 96 92 D4 2B,speed=74.00
1779166704.264,0x200,8,42 00 4C BA 7F 07 6D 5E,fuel=0.00
1779166704.358,0x300,8,39 04 8F BA 28 A4 2E 07,temp=97.00
1779166704.452,0x100,8,4A C4 5D C1 EE 29 E7 65,speed=74.00
1779166704.546,0x200,8,E5 00 E6 75 05 B4 6A 72,fuel=0.00
1779166704.639,0x300,8,39 44 F4 1F F6 E8 27 F5,temp=97.00
1779166704.732,0x100,8,4A 6E C1 68 2A 6F D9 91,speed=74.00
1779166704.825,0x200,8,C3 00 56 24 9C 5E 95 DA,fuel=0.00
1779166704.919,0x300,8,39 BC 2C FF B0 BF 5E E8,temp=97.00
1779166705.011,0x100,8,4A CB A1 4C D6 A9 3A 77,speed=74.00
1779166705.115,0x200,8,5F 00 AF 76 37 DB 34 7F,fuel=0.00
1779166705.207,0x300,8,39 7E D4 D2 F0 2C D5 C1,temp=97.00
1779166705.303,0x100,8,4A 8D 44 69 1C 92 F3 54,speed=74.00
1779166705.394,0x200,8,23 00 F2 14 8D 85 84 B3,fuel=0.00
1779166705.488,0x300,8,39 35 CF 20 B4 3F 09 9B,temp=97.00
1779166705.581,0x100,8,4A 06 9C 0F 22 52 EC E2,speed=74.00
1779166705.675,0x200,8,0E 00 36 27 0F 73 97 6B,fuel=0.00
1779166705.767,0x300,8,39 81 F3 29 A5 8E D3 7D,temp=97.00
1779166705.858,0x100,8,4A 2F F5 E1 D9 5A F6 04,speed=74.00
1779166705.951,0x200,8,77 00 31 DC 11 5F D4 94,fuel=0.00
1779166706.048,0x300,8,39 CF 11 86 F3 9D 12 2E,temp=97.00
1779166706.137,0x100,8,4A 22 67 89 62 E7 E9 25,speed=74.00
1779166706.231,0x200,8,32 00 4B 10 2D 23 F0 23,fuel=0.00
1779166706.322,0x300,8,39 6B E6 1D 35 BC 68 EC,temp=97.00
1779166706.415,0x100,8,4A C2 34 F6 45 4C D7 0F,speed=74.00
1779166706.511,0x200,8,A7 00 5B 80 77 1C 43 D8,fuel=0.00
1779166706.603,0x300,8,39 22 84 2D 84 B4 CB D9,temp=97.00
1779166706.699,0x100,8,4A EC CD F5 C1 DB FC B2,speed=74.00
1779166706.803,0x200,8,5E 00 59 FB 37 37 57 F9,fuel=0.00
1779166706.895,0x300,8,39 6F 6D 10 3A A4 03 13,temp=97.00
1779166706.989,0x100,8,4A C5 E3 B8 60 6C 3B D2,speed=74.00
1779166707.080,0x200,8,DE 00 81 8E 0A 78 1E E6,fuel=0.00
1779166707.176,0x300,8,39 C4 26 8A D1 8D 27 35,temp=97.00
1779166707.267,0x100,8,4A 6A 83 7D 75 AF 6B E2,speed=74.00
1779166707.360,0x200,8,F1 00 F3 96 53 16 BF 04,fuel=0.00
1779166707.452,0x300,8,39 CE 6F 35 35 2B 40 80,temp=97.00
1779166707.546,0x100,8,4A 5F 1B C9 E2 34 2C A4,speed=74.00
1779166707.641,0x200,8,BD 00 EE 00 29 99 34 D2,fuel=0.00
1779166707.734,0x300,8,39 51 39 9E 79 2C 0C 9A,temp=97.00
1779166707.827,0x100,8,4A B2 0A 32 64 C9 2F 22,speed=74.00
1779166707.920,0x200,8,BA 00 D9 D5 5B E1 AE E1,fuel=0.00
1779166708.016,0x300,8,39 FD E7 1F 86 7C BA 5E,temp=97.00
1779166708.107,0x100,8,4A 84 70 8D 7B B5 46 0A,speed=74.00
1779166708.200,0x200,8,00 00 C9 EA 66 7D EE C1,fuel=0.00
1779166708.295,0x300,8,39 0F E1 F8 AC F0 91 AA,temp=97.00
1779166708.388,0x100,8,4A 9D 4E CF B7 60 64 06,speed=74.00
1779166708.480,0x200,8,F8 00 68 A0 86 34 03 26,fuel=0.00
1779166708.574,0x300,8,39 0C 44 86 96 C1 90 72,temp=97.00
1779166708.668,0x100,8,4A E5 05 06 7F 16 76 5D,speed=74.00
1779166708.760,0x200,8,63 00 45 1C FB 71 F3 80,fuel=0.00
1779166708.856,0x300,8,39 26 1E 19 BD 3A 7F D5,temp=97.00
1779166708.960,0x100,8,4A 86 B9 F9 CD DA EF 3E,speed=74.00
1779166709.053,0x200,8,C5 00 90 06 DE E1 62 33,fuel=0.00
1779166709.145,0x300,8,39 10 92 3B D8 7E DD E5,temp=97.00
1779166709.239,0x100,8,4A B9 3C 94 01 EC 7C F0,speed=74.00
1779166709.330,0x200,8,39 00 0E F5 15 75 7E 23,fuel=0.00
1779166709.425,0x300,8,39 70 91 B7 92 7A 87 98,temp=97.00
1779166709.520,0x100,8,4A 29 80 E4 24 D2 9C C8,speed=74.00
1779166709.615,0x200,8,3F 00 0A EB 2F 7F 6B 02,fuel=0.00
1779166709.708,0x300,8,39 40 BE 22 B6 A7 19 D6,temp=97.00
1779166709.800,0x100,8,4A 71 40 9F 41 0E EE C9,speed=74.00
1779166709.894,0x200,8,4E 00 C9 F5 E3 2F 27 15,fuel=0.00
1779166709.978,0x300,8,39 34 10 E9 82 FE EB A8,temp=97.00
1779166710.080,0x100,8,4A DD 01 5F 1E C9 B6 01,speed=74.00
1779166710.177,0x200,8,31 00 47 32 F1 8B 2B 81,fuel=0.00
1779166710.269,0x300,8,39 3D 2B 4E 32 49 C0 39,temp=97.00
1779166710.362,0x100,8,4A B4 A6 AA 7E E2 32 19,speed=74.00
1779166710.455,0x200,8,C0 00 F8 6B EA 9E 1A 1A,fuel=0.00
1779166710.548,0x300,8,39 7F 71 56 E3 B1 63 8F,temp=97.00
1779166710.640,0x100,8,4A 71 CC 26 D8 43 2B E0,speed=74.00
1779166710.732,0x200,8,A4 00 62 0F DC 8B 51 C5,fuel=0.00
1779166710.827,0x300,8,39 EC A0 6D F6 81 25 0C,temp=97.00
1779166710.920,0x100,8,4A 38 29 4E 90 E5 4F F2,speed=74.00
1779166711.015,0x200,8,54 00 55 C1 42 A3 CB BA,fuel=0.00
1779166711.111,0x300,8,39 D0 D4 0E DD E3 D6 E0,temp=97.00
1779166711.202,0x100,8,4A 7A E8 A6 21 0E E0 91,speed=74.00
1779166711.295,0x200,8,1F 00 C8 33 D1 0B 65 62,fuel=0.00
1779166711.388,0x300,8,39 89 44 9E A8 8B C3 45,temp=97.00
1779166711.483,0x100,8,4A 39 BF 2A F5 A5 F7 C6,speed=74.00
1779166711.579,0x200,8,EB 00 1A D6 E8 22 CE 2D,fuel=0.00
1779166711.670,0x300,8,39 E2 3C A3 F5 94 DA C3,temp=97.00
1779166711.763,0x100,8,4A 60 7B 4F 70 43 14 6C,speed=74.00
1779166711.859,0x200,8,58 00 09 F5 41 FE 11 C0,fuel=0.00
1779166711.953,0x300,8,39 F3 C7 39 AC 46 7A 59,temp=97.00
1779166712.044,0x100,8,4A DC 04 3D 42 BF B6 80,speed=74.00
1779166712.138,0x200,8,38 00 80 70 18 4E 89 33,fuel=0.00
1779166712.231,0x300,8,39 53 93 95 60 DE F6 00,temp=97.00
1779166712.326,0x100,8,4A 8E 9E CF AE 35 A1 B3,speed=74.00
1779166712.417,0x200,8,1F 00 8D 45 16 3B 43 49,fuel=0.00
1779166712.509,0x300,8,39 F2 99 BD 66 57 97 D8,temp=97.00
1779166712.604,0x100,8,4A A3 5C 15 A8 D6 ED 3E,speed=74.00
1779166712.698,0x200,8,A8 00 44 C2 43 0D 3A 49,fuel=0.00
1779166712.791,0x300,8,39 BB 66 C9 D2 97 98 F6,temp=97.00
1779166712.885,0x100,8,4A DD 8E 03 E5 A2 D9 11,speed=74.00
1779166712.984,0x200,8,85 00 6F F8 F5 24 03 85,fuel=0.00
1779166713.083,0x300,8,39 8E 2B 12 EE 86 DC 3B,temp=97.00
1779166713.178,0x100,8,4A 74 A9 BF B7 A2 B0 71,speed=74.00
1779166713.271,0x200,8,6E 00 4B 70 77 D7 9B D3,fuel=0.00
1779166713.363,0x300,8,39 C0 15 DA 1B 44 06 E3,temp=97.00
1779166713.457,0x100,8,4A 17 73 E2 A1 27 26 C0,speed=74.00
1779166713.550,0x200,8,78 00 16 6C 42 B6 D8 F8,fuel=0.00
1779166713.644,0x300,8,39 DA 9D 24 9D 48 2D 2D,temp=97.00
1779166713.741,0x100,8,4A C9 9F 07 71 F4 F2 68,speed=74.00
1779166713.832,0x200,8,CC 00 07 F6 86 80 71 D9,fuel=0.00
1779166713.927,0x300,8,39 C3 91 83 5B 1D 2B 90,temp=97.00
1779166714.019,0x100,8,4A 71 86 EF 42 27 E9 6E,speed=74.00
1779166714.109,0x200,8,61 00 C9 B7 4E 60 AC D0,fuel=0.00
1779166714.199,0x300,8,39 34 C3 DB 1C C5 E7 C3,temp=97.00
1779166714.292,0x100,8,4A B2 C3 F7 A0 AA 19 02,speed=74.00
1779166714.387,0x200,8,C1 00 E4 EE EB 76 F5 B5,fuel=0.00
1779166714.479,0x300,8,39 76 58 53 89 6D B3 C1,temp=97.00
1779166714.571,0x100,8,4A 18 BE 08 32 0F 03 AD,speed=74.00
1779166714.665,0x200,8,D8 00 6A FC 93 E8 31 00,fuel=0.00
1779166714.758,0x300,8,39 F7 F8 61 60 31 54 FF,temp=97.00
1779166714.854,0x100,8,4A 58 6D 49 59 29 85 95,speed=74.00
1779166714.949,0x200,8,56 00 0E 7A 5E E1 8C 9C,fuel=0.00
1779166715.054,0x300,8,39 8D 2A C9 4D E7 59 59,temp=97.00
1779166715.147,0x100,8,4A 75 19 89 9A 6F B1 1D,speed=74.00
1779166715.237,0x200,8,1B 00 7E 6A 64 9B D3 95,fuel=0.00
1779166715.331,0x300,8,39 36 8D 96 65 C2 6B E9,temp=97.00
1779166715.424,0x100,8,4A 5E 81 95 C1 EC 6D 71,speed=74.00
1779166715.518,0x200,8,3D 00 E6 48 F1 5B 06 69,fuel=0.00
1779166715.613,0x300,8,39 0F 9A 12 3D 73 50 A5,temp=97.00
1779166715.705,0x100,8,4A 65 9C 8B 80 AC 8A 48,speed=74.00
1779166715.800,0x200,8,FE 00 BF 37 69 AC 8F 88,fuel=0.00
1779166715.893,0x300,8,39 34 E5 3C 29 1C C2 38,temp=97.00
1779166715.990,0x100,8,4A F6 85 69 72 87 08 2E,speed=74.00
1779166716.080,0x200,8,59 00 6C 1A 17 2A BF AD,fuel=0.00
1779166716.177,0x300,8,39 E9 E2 1D B7 F5 D7 E1,temp=97.00
1779166716.268,0x100,8,4A 1C 3B E4 36 11 94 61,speed=74.00
1779166716.362,0x200,8,A5 00 DE A8 96 C6 2F D2,fuel=0.00
1779166716.454,0x300,8,39 98 DD 71 FE 7C E2 C8,temp=97.00
1779166716.546,0x100,8,4A 16 E1 4F F1 29 89 4A,speed=74.00
1779166716.639,0x200,8,52 00 AD B0 4A 83 37 D4,fuel=0.00
1779166716.732,0x300,8,39 9A 48 1F A2 99 79 F1,temp=97.00
1779166716.828,0x100,8,4A 53 28 A2 F5 04 4D C5,speed=74.00
1779166716.922,0x200,8,40 00 5E 48 7A 90 0D 06,fuel=0.00
1779166717.019,0x300,8,39 1E E7 AC A7 67 64 B8,temp=97.00
1779166717.106,0x100,8,4A 68 61 01 9D 54 84 51,speed=74.00
1779166717.201,0x200,8,93 00 ED 34 53 35 48 01,fuel=0.00
1779166717.293,0x300,8,39 FF 86 F2 B3 5B E6 BE,temp=97.00
1779166717.384,0x100,8,4A A5 AB AA 4B 2C B8 1E,speed=74.00
1779166717.478,0x200,8,5E 00 21 0D 28 B4 B1 3F,fuel=0.00
1779166717.573,0x300,8,39 BB BF 3A F2 25 B7 BD,temp=97.00
1779166717.680,0x100,8,4A 7B D8 A8 E0 75 82 94,speed=74.00
1779166717.772,0x200,8,3E 00 50 BD FD 92 54 2D,fuel=0.00
1779166717.864,0x300,8,39 72 41 B7 97 21 C8 08,temp=97.00
1779166717.959,0x100,8,4A 8F B5 16 74 23 02 33,speed=74.00
1779166718.050,0x200,8,5B 00 63 29 A9 BC ED 9D,fuel=0.00
1779166718.142,0x300,8,39 D7 B8 0E 3F 2D 75 20,temp=97.00
1779166718.237,0x100,8,4A 8B E0 FC 57 21 21 1B,speed=74.00
1779166718.330,0x200,8,3E 00 56 A8 BF 1D 2F CB,fuel=0.00
1779166718.423,0x300,8,39 DA 9C 46 DE 9D C2 2D,temp=97.00
1779166718.519,0x100,8,4A 2C 1E 55 D2 C1 F9 AC,speed=74.00
1779166718.613,0x200,8,2B 00 C3 81 A7 E6 EE 0B,fuel=0.00
1779166718.705,0x300,8,39 3D CF 2C ED 6F 1B BE,temp=97.00
1779166718.798,0x100,8,4A 3D D2 49 69 1A C1 F0,speed=74.00
1779166718.893,0x200,8,89 00 AE C3 92 17 6B 46,fuel=0.00
1779166718.986,0x300,8,39 43 6C 14 3C 25 CF 5D,temp=97.00
1779166719.077,0x100,8,4A 0C 16 EF 1F DD A3 28,speed=74.00
1779166719.175,0x200,8,86 00 09 D5 1E 6D C8 28,fuel=0.00
1779166719.267,0x300,8,39 6C DF B1 3C 9A CB 3B,temp=97.00
1779166719.360,0x100,8,4A 82 07 AC 66 68 E0 70,speed=74.00
1779166719.452,0x200,8,68 00 6A C7 7D 06 41 FC,fuel=0.00
1779166719.544,0x300,8,39 12 F3 5A 3B DA 19 A9,temp=97.00
1779166719.637,0x100,8,4A 95 F3 5C FE 3C F4 E2,speed=74.00
1779166719.729,0x200,8,68 00 BE 7A 5F 5F 23 1E,fuel=0.00
1779166719.821,0x300,8,39 9C 06 3E 8A 15 4D 0D,temp=97.00
1779166719.917,0x100,8,4A F2 1D 02 33 3A 25 FC,speed=74.00
1779166720.011,0x200,8,25 00 80 F7 0D 09 D9 4D,fuel=0.00
1779166720.117,0x300,8,39 9F B3 78 E8 05 EB 9D,temp=97.00
1779166720.210,0x100,8,4A 69 A4 C6 05 1F 5B 54,speed=74.00
1779166720.304,0x200,8,11 00 6B 9D FC 54 D7 ED,fuel=0.00
1779166720.398,0x300,8,39 94 C8 F5 3C F8 4A EE,temp=97.00
1779166720.482,0x100,8,4A C5 F5 68 93 3B E3 BB,speed=74.00
1779166720.585,0x200,8,72 00 CF DB 23 62 65 E1,fuel=0.00
1779166720.678,0x300,8,39 29 7A FC AA 85 7A 95,temp=97.00
1779166720.768,0x100,8,4A F3 D9 AE B7 30 02 A8,speed=74.00
1779166720.865,0x200,8,A9 00 93 56 10 EB DC C2,fuel=0.00
1779166720.956,0x300,8,39 17 3D 30 C2 D3 65 3C,temp=97.00
1779166721.050,0x100,8,4A EF 89 88 39 7B A0 D6,speed=74.00
1779166721.136,0x200,8,DF 00 9C F0 45 0A 3A DE,fuel=0.00
1779166721.229,0x300,8,39 C9 B0 84 DD D2 B1 A2,temp=97.00
1779166721.325,0x100,8,4A 6B C1 5F E8 F3 24 0E,speed=74.00
1779166721.415,0x200,8,65 00 DA E0 7B DF 34 BD,fuel=0.00
1779166721.524,0x300,8,39 56 F6 E5 8E D8 09 1F,temp=97.00
1779166721.616,0x100,8,4A 25 0B 7F 35 50 38 B2,speed=74.00
1779166721.709,0x200,8,41 00 B2 C1 37 1D 2C 63,fuel=0.00
1779166721.804,0x300,8,39 01 83 7B EC B7 C6 52,temp=97.00
1779166721.886,0x100,8,4A BE 63 9E F6 BB F6 F7,speed=74.00
1779166721.990,0x200,8,F2 00 32 07 CD FA F4 42,fuel=0.00
1779166722.083,0x300,8,39 AD 45 53 04 65 0F 1D,temp=97.00
1779166722.177,0x100,8,4A D2 20 9E 78 56 76 5D,speed=74.00
1779166722.266,0x200,8,8E 00 A4 E7 A2 9F C8 53,fuel=0.00
1779166722.359,0x300,8,39 24 51 84 92 C4 7B 11,temp=97.00
1779166722.452,0x100,8,4A 4F D6 FF 84 37 17 E5,speed=74.00
1779166722.546,0x200,8,88 00 76 D9 10 BB 20 EC,fuel=0.00
1779166722.638,0x300,8,39 10 D0 55 16 03 FC FC,temp=97.00
1779166722.732,0x100,8,4A 8D E5 5F 32 33 0F 98,speed=74.00
1779166722.826,0x200,8,99 00 B8 16 2F 7E 4C 2E,fuel=0.00
1779166722.920,0x300,8,39 C2 05 AD 92 C4 C5 23,temp=97.00
1779166723.013,0x100,8,4A 50 58 A1 C6 D3 F5 B4,speed=74.00
1779166723.106,0x200,8,74 00 DB 2F 9E B7 57 73,fuel=0.00
1779166723.198,0x300,8,39 C1 16 7C 85 0E DB F7,temp=97.00
1779166723.293,0x100,8,4A 1D 8C CD B4 25 BC A5,speed=74.00
1779166723.384,0x200,8,62 00 B4 61 D6 FA 3D DD,fuel=0.00
1779166723.478,0x300,8,39 55 61 68 73 FA BE 84,temp=97.00
1779166723.586,0x100,8,4A C3 83 2E 52 28 EE 61,speed=74.00
1779166723.679,0x200,8,89 00 42 A1 07 58 EA 8F,fuel=0.00
1779166723.769,0x300,8,39 55 E9 8C E0 C0 10 AE,temp=97.00
1779166723.864,0x100,8,4A D2 21 A2 A9 12 BE 6C,speed=74.00
1779166723.956,0x200,8,4D 00 C7 57 C3 9B AC 0E,fuel=0.00
1779166724.049,0x300,8,39 B0 9A 57 FE 92 E2 91,temp=97.00
1779166724.143,0x100,8,4A 98 D2 3D EA 69 B3 BB,speed=74.00
1779166724.234,0x200,8,42 00 C5 0C DC 9D 64 09,fuel=0.00
1779166724.328,0x300,8,39 2D 95 92 3B 7B D1 56,temp=97.00
1779166724.422,0x100,8,4A 1F 79 0E 86 BC 42 E2,speed=74.00
1779166724.514,0x200,8,C9 00 A1 45 48 52 13 28,fuel=0.00
1779166724.608,0x300,8,39 E6 FC BA 59 C5 8F F2,temp=97.00
1779166724.701,0x100,8,4A 0D 3F 73 DE 01 44 22,speed=74.00
1779166724.793,0x200,8,C0 00 C0 C1 BB FF B6 C6,fuel=0.00
1779166724.887,0x300,8,39 7C E9 D1 47 53 53 7A,temp=97.00
1779166724.983,0x100,8,4A 61 D6 EF 47 37 A2 E4,speed=74.00
1779166725.073,0x200,8,CE 00 9B 02 9C 47 E0 10,fuel=0.00
1779166725.169,0x300,8,39 C8 0D C7 39 4A 55 8B,temp=97.00
1779166725.261,0x100,8,4A D4 E8 2D 0E 6D 0D C5,speed=74.00
1779166725.355,0x200,8,4B 00 01 F0 17 3F 8E 74,fuel=0.00
1779166725.448,0x300,8,39 BA 50 B7 6C F4 1C 89,temp=97.00
1779166725.542,0x100,8,4A 1B 69 BD 2F 2D 55 CC,speed=74.00
1779166725.635,0x200,8,D1 00 1D 0F E7 E8 91 15,fuel=0.00
1779166725.730,0x300,8,39 45 1C A8 B5 03 93 0A,temp=97.00
1779166725.821,0x100,8,4A BD 38 D4 BC 83 3B 1C,speed=74.00
1779166725.930,0x200,8,6F 00 BD 1E 01 5A 9D 94,fuel=0.00
1779166726.010,0x300,8,39 B5 BE 82 47 98 78 E4,temp=97.00
1779166726.102,0x100,8,4A 9F 1B 90 7A 7F 3B FA,speed=74.00
1779166726.212,0x200,8,58 00 36 0B 4B 86 8C 0B,fuel=0.00
1779166726.304,0x300,8,39 59 3A 70 C9 1F E5 1D,temp=97.00
1779166726.395,0x100,8,4A 59 61 CF 20 B4 CB 43,speed=74.00
1779166726.488,0x200,8,1B 00 EE F7 87 31 65 4C,fuel=0.00
1779166726.584,0x300,8,39 7D 21 B1 29 96 94 3B,temp=97.00
1779166726.678,0x100,8,4A DD 78 A3 7B 7B 29 C1,speed=74.00
1779166726.768,0x200,8,C3 00 67 63 63 8A CD 84,fuel=0.00
1779166726.860,0x300,8,39 13 86 03 9F 42 1E 09,temp=97.00
1779166726.957,0x100,8,4A 8C 69 0B 2B B6 70 DF,speed=74.00
1779166727.047,0x200,8,EA 00 EF 32 48 A8 09 33,fuel=0.00
1779166727.143,0x300,8,39 62 53 2F 53 C7 88 B3,temp=97.00
1779166727.235,0x100,8,4A FE 85 8B 45 DC 69 EA,speed=74.00
1779166727.331,0x200,8,59 00 2B 26 DA B2 C5 3E,fuel=0.00
1779166727.424,0x300,8,39 D1 0B 64 C6 9E 99 47,temp=97.00
1779166727.517,0x100,8,4A F4 6D 0F 48 92 C3 B2,speed=74.00
1779166727.611,0x200,8,B5 00 60 27 CD 4B F4 B3,fuel=0.00
1779166727.704,0x300,8,39 1A 28 51 A4 65 78 4D,temp=97.00
1779166727.799,0x100,8,4A F4 4F D5 84 90 BD 2D,speed=74.00
1779166727.895,0x200,8,27 00 BC D7 01 BB DF D0,fuel=0.00
1779166727.984,0x300,8,39 4E F8 00 29 52 4B 8F,temp=97.00
1779166728.077,0x100,8,4A B5 23 76 1B BA C5 F6,speed=74.00
1779166728.169,0x200,8,E0 00 CB 1C BF 9C DB 5F,fuel=0.00
1779166728.265,0x300,8,39 BC 03 7A 84 6E BE 46,temp=97.00
1779166728.357,0x100,8,4A F7 07 09 A1 98 FE 3E,speed=74.00
1779166728.449,0x200,8,A1 00 FD 81 BD F2 10 0B,fuel=0.00
1779166728.543,0x300,8,39 81 FA 13 2E 83 6A 69,temp=97.00
1779166728.638,0x100,8,4A E1 BB 02 EF DE E5 17,speed=74.00
1779166728.729,0x200,8,2C 00 A2 3A BC D4 82 3F,fuel=0.00
1779166728.824,0x300,8,39 0D 42 9E 6B 28 F0 BA,temp=97.00
1779166728.916,0x100,8,4A 5E 7D AC D5 66 78 0B,speed=74.00
1779166729.009,0x200,8,D8 00 DB CC 77 46 12 9E,fuel=0.00
1779166729.103,0x300,8,39 AC CB E3 1B 68 78 04,temp=97.00
1779166729.213,0x100,8,4A 59 ED 52 63 DB 80 8D,speed=74.00
1779166729.306,0x200,8,91 00 BC 71 E1 42 B9 DF,fuel=0.00
1779166729.412,0x300,8,39 37 70 F4 7E F5 D9 85,temp=97.00
1779166729.504,0x100,8,4A 6D BE 53 05 C4 C0 C4,speed=74.00
1779166729.599,0x200,8,10 00 CF EA 86 6C 58 5D,fuel=0.00
1779166729.690,0x300,8,39 F9 32 AA CA F5 FF 0D,temp=97.00
1779166729.785,0x100,8,4A F6 05 F5 C0 98 8C F5,speed=74.00
1779166729.877,0x200,8,95 00 5F EE 95 0A 78 4D,fuel=0.00
1779166729.970,0x300,8,39 30 28 B7 32 FE 3A CC,temp=97.00
1779166730.063,0x100,8,4A 9E 75 93 07 83 8F 01,speed=74.00
1779166730.157,0x200,8,25 00 98 6B A8 2D CD 39,fuel=0.00
1779166730.250,0x300,8,39 70 48 2D FE F0 15 0A,temp=97.00
1779166730.344,0x100,8,4A 20 71 FD 1B C8 85 7C,speed=74.00
1779166730.437,0x200,8,B6 00 E9 24 F5 C7 37 A3,fuel=0.00
1779166730.530,0x300,8,39 E4 60 5F AB 3D DA 0E,temp=97.00
1779166730.626,0x100,8,4A 1D E2 C6 DC 8D 6A FE,speed=74.00
1779166730.718,0x200,8,48 00 E5 83 E9 4F 04 B6,fuel=0.00
1779166730.812,0x300,8,39 89 3C DE 5D C1 39 DC,temp=97.00
1779166730.905,0x100,8,4A ED B9 28 B7 9D 95 B8,speed=74.00
1779166731.003,0x200,8,94 00 D1 2D F5 BF C7 88,fuel=0.00
1779166731.092,0x300,8,39 73 2C E2 44 A1 0C B7,temp=97.00
1779166731.185,0x100,8,4A 6A 81 78 6E CC BB DE,speed=74.00
1779166731.278,0x200,8,28 00 A7 AA 27 7D 2D 1F,fuel=0.00
1779166731.375,0x300,8,39 4F 76 14 3E C9 68 07,temp=97.00
1779166731.468,0x100,8,4A CC FA 0A 40 96 CA 76,speed=74.00
1779166731.565,0x200,8,80 00 C6 7C 25 29 21 56,fuel=0.00
1779166731.660,0x300,8,39 7B 92 73 A1 64 4F 71,temp=97.00
1779166731.751,0x100,8,4A B8 53 D5 D2 76 08 6C,speed=74.00
1779166731.845,0x200,8,AB 00 13 6B 23 45 09 B0,fuel=0.00
1779166731.939,0x300,8,39 25 E8 41 2E 5A A4 EA,temp=97.00
1779166732.030,0x100,8,4A D2 3F 8E 32 F9 1E F8,speed=74.00
1779166732.119,0x200,8,05 00 9D 28 93 74 59 FD,fuel=0.00
1779166732.213,0x300,8,39 41 BE 0C 03 1F 0C 08,temp=97.00
1779166732.306,0x100,8,4A 42 75 C2 54 0E 4F A5,speed=74.00
1779166732.399,0x200,8,81 00 94 C3 A0 81 C4 0D,fuel=0.00
1779166732.494,0x300,8,39 99 BB 2C 0D 0F 80 14,temp=97.00
1779166732.588,0x100,8,4A 40 8C 44 2E 15 34 41,speed=74.00
1779166732.694,0x200,8,15 00 AE EB 33 3A 36 B0,fuel=0.00
1779166732.774,0x300,8,39 69 93 CA 60 C1 A3 1E,temp=97.00
1779166732.881,0x100,8,4A 30 20 7A EA B5 5D F3,speed=74.00
1779166732.963,0x200,8,5A 00 BC B4 E5 7C D7 8D,fuel=0.00
1779166733.065,0x300,8,39 D8 F6 2C 34 5C 72 CA,temp=97.00
1779166733.159,0x100,8,4A 36 62 1F 22 A4 62 47,speed=74.00
1779166733.251,0x200,8,6B 00 69 B5 44 0C 1C EE,fuel=0.00
1779166733.342,0x300,8,39 DD DF 19 77 18 87 E6,temp=97.00
1779166733.436,0x100,8,4A 0F 07 EC 8B F0 4A CF,speed=74.00
1779166733.531,0x200,8,3A 00 3B 28 B0 18 BE 68,fuel=0.00
1779166733.622,0x300,8,39 3F BE 81 9D D0 6D 3E,temp=97.00
1779166733.713,0x100,8,4A 6C BC 4A CD 4B 39 D6,speed=74.00
1779166733.807,0x200,8,E4 00 22 49 BA B5 BD F5,fuel=0.00
1779166733.900,0x300,8,39 15 02 49 92 EE C1 3D,temp=97.00
1779166733.993,0x100,8,4A B6 28 D7 A7 06 89 35,speed=74.00
1779166734.099,0x200,8,01 00 B0 CC EE F3 47 8F,fuel=0.00
1779166734.194,0x300,8,39 98 95 0B 0C 93 0C 17,temp=97.00
1779166734.288,0x100,8,4A E7 78 83 D3 08 77 3D,speed=74.00
1779166734.381,0x200,8,DB 00 42 A1 B6 20 B7 87,fuel=0.00
1779166734.472,0x300,8,39 6A 7C 66 C1 12 B0 D6,temp=97.00
1779166734.565,0x100,8,4A 54 F7 AC 8A 5A 73 42,speed=74.00
1779166734.661,0x200,8,B4 00 08 14 3C 82 0F B4,fuel=0.00
1779166734.755,0x300,8,39 61 47 4B 1A 9A 9F 0F,temp=97.00
1779166734.849,0x100,8,4A 29 FE D4 A5 22 CF E8,speed=74.00
1779166734.942,0x200,8,9D 00 4E 1B FC BF BA 94,fuel=0.00
1779166735.035,0x300,8,39 A3 34 C2 9A A2 EC 6C,temp=97.00
1779166735.128,0x100,8,4A 4D 4E C5 B1 92 EA D1,speed=74.00
1779166735.222,0x200,8,85 00 43 52 08 B4 51 7E,fuel=0.00
1779166735.318,0x300,8,39 60 8C AC FC DA 25 3C,temp=97.00
1779166735.411,0x100,8,4A 4C C2 27 F4 1F C5 92,speed=74.00
1779166735.503,0x200,8,E1 00 F8 53 9E 5D 00 D4,fuel=0.00
1779166735.598,0x300,8,39 44 37 A0 F3 9A 6A 5E,temp=97.00
1779166735.691,0x100,8,4A 87 4D 54 8A 5E 9F B0,speed=74.00
1779166735.785,0x200,8,AE 00 32 0C 85 E6 BA F8,fuel=0.00
1779166735.880,0x300,8,39 2B FE E3 F0 87 A3 A6,temp=97.00
1779166735.975,0x100,8,4A 65 87 4A DC 57 BA C2,speed=74.00
1779166736.065,0x200,8,22 00 E7 D6 A1 FD 6C C5,fuel=0.00
1779166736.157,0x300,8,39 4C EB 11 E2 AA F2 D2,temp=97.00
1779166736.249,0x100,8,4A ED 4F 5B 63 E4 83 49,speed=74.00
1779166736.346,0x200,8,87 00 58 46 E6 6C A4 8D,fuel=0.00
1779166736.437,0x300,8,39 8B C7 70 73 32 2F 06,temp=97.00
1779166736.529,0x100,8,4A 10 40 79 22 22 85 BF,speed=74.00
1779166736.623,0x200,8,69 00 D0 0D A2 BF 1B 38,fuel=0.00
1779166736.714,0x300,8,39 BD CC 54 17 60 B9 9B,temp=97.00
1779166736.810,0x100,8,4A B3 3C 1F 7F E2 63 94,speed=74.00
1779166736.902,0x200,8,9D 00 AE 4D 53 93 A6 6C,fuel=0.00
1779166736.995,0x300,8,39 95 58 AB D8 EA CA 77,temp=97.00
1779166737.089,0x100,8,4A 76 5A 7C 9B 15 E6 77,speed=74.00
1779166737.195,0x200,8,7A 00 AE 2B 42 70 86 97,fuel=0.00
1779166737.289,0x300,8,39 A2 9B 81 EB 97 4F B4,temp=97.00
1779166737.383,0x100,8,4A FF 2A F1 57 57 DD A8,speed=74.00
1779166737.474,0x200,8,6B 00 94 95 F7 C1 82 E7,fuel=0.00
1779166737.569,0x300,8,39 81 9E 98 36 A5 65 DF,temp=97.00
1779166737.663,0x100,8,4A A1 17 5B 1A 07 23 E9,speed=74.00
1779166737.756,0x200,8,58 00 3E 77 8A B9 76 DD,fuel=0.00
1779166737.850,0x300,8,39 DF 0E 56 C5 99 6C AE,temp=97.00
1779166737.943,0x100,8,4A BC 20 5E 14 18 8B BA,speed=74.00
1779166738.025,0x200,8,AA 00 69 30 1C D8 02 49,fuel=0.00
1779166738.129,0x300,8,39 8F 4B EE BD AC 3F 4A,temp=97.00
1779166738.222,0x100,8,4A 68 D8 60 94 08 A0 76,speed=74.00
1779166738.316,0x200,8,D3 00 6C C2 D1 80 13 7F,fuel=0.00
1779166738.410,0x300,8,39 04 29 6A 73 3A 15 1E,temp=97.00
1779166738.502,0x100,8,4A A0 95 C8 61 7B 28 A7,speed=74.00
1779166738.595,0x200,8,53 00 57 47 14 6B 54 80,fuel=0.00
1779166738.687,0x300,8,39 81 BA 2F D2 A5 86 4C,temp=97.00
1779166738.780,0x100,8,4A DA C6 48 D7 4E C4 F8,speed=74.00
1779166738.872,0x200,8,1D 00 A6 B0 D9 60 92 88,fuel=0.00
1779166738.965,0x300,8,39 AF 70 4E B1 15 5A 7D,temp=97.00
1779166739.058,0x100,8,4A 68 28 58 59 F0 21 9E,speed=74.00
1779166739.155,0x200,8,22 00 9D 1D 85 7C 46 1C,fuel=0.00
1779166739.247,0x300,8,39 1E 95 42 A5 D0 4C 93,temp=97.00
1779166739.350,0x100,8,4A 67 B8 57 B7 56 1F 93,speed=74.00
1779166739.444,0x200,8,B1 00 AE 16 F5 37 FC 6A,fuel=0.00
1779166739.537,0x300,8,39 36 E4 4C 29 0D 03 BF,temp=97.00
1779166739.631,0x100,8,4A 46 71 67 2F D4 A8 96,speed=74.00
1779166739.725,0x200,8,FE 00 4C 8B 74 28 76 D5,fuel=0.00
1779166739.819,0x300,8,39 59 D5 EB 8D EC CB 04,temp=97.00
1779166739.912,0x100,8,4A 2C 26 9C CD A6 70 5E,speed=74.00
1779166740.008,0x200,8,77 00 69 69 01 37 9C 34,fuel=0.00
1779166740.096,0x300,8,39 6B 3A 77 CA 4A 49 B0,temp=97.00
1779166740.190,0x100,8,4A 19 B0 74 C7 F0 83 8C,speed=74.00
1779166740.282,0x200,8,D5 00 B3 96 5A 31 A6 18,fuel=0.00
1779166740.379,0x300,8,39 E2 F9 32 A7 BF 4E AB,temp=97.00
1779166740.471,0x100,8,4A D3 33 CC 32 59 53 F5,speed=74.00
1779166740.567,0x200,8,04 00 58 2D 2C 51 82 F2,fuel=0.00
1779166740.657,0x300,8,39 C7 2F AC 9F 5C A4 4B,temp=97.00
1779166740.753,0x100,8,4A 6B 81 C1 A4 18 33 DE,speed=74.00
1779166740.844,0x200,8,05 00 C6 65 CD 5E 0B 39,fuel=0.00
1779166740.938,0x300,8,39 18 74 26 C1 3D 02 E5,temp=97.00
1779166741.032,0x100,8,4A 15 12 CB AD F5 72 B7,speed=74.00
1779166741.125,0x200,8,BC 00 EC A9 14 6C 68 42,fuel=0.00
1779166741.219,0x300,8,39 72 6F 91 6E 7B 0D F5,temp=97.00
1779166741.311,0x100,8,4A F8 C4 F4 31 7B F7 28,speed=74.00
1779166741.403,0x200,8,5B 00 96 CB 22 17 C2 72,fuel=0.00
1779166741.494,0x300,8,39 08 6A 50 31 27 31 33,temp=97.00
1779166741.589,0x100,8,4A F1 3E DF 0B A2 46 EB,speed=74.00
1779166741.695,0x200,8,C0 00 5B A4 C5 9B 34 C6,fuel=0.00
1779166741.788,0x300,8,39 7F 00 E6 6B 18 C8 89,temp=97.00
1779166741.879,0x100,8,4A F5 A9 EB 83 AD D4 56,speed=74.00
1779166741.966,0x200,8,F8 00 AF EC D7 C0 FC 5F,fuel=0.00
1779166742.065,0x300,8,39 F9 D6 80 0D 2C B0 A4,temp=97.00
1779166742.158,0x100,8,4A FA FA 48 17 9A 27 D5,speed=74.00
1779166742.252,0x200,8,05 00 56 AC A4 80 50 53,fuel=0.00
1779166742.341,0x300,8,39 65 8E F0 7A E6 9B CA,temp=97.00
1779166742.434,0x100,8,4A E9 E7 73 36 CF B2 C5,speed=74.00
1779166742.526,0x200,8,A5 00 A7 27 53 96 26 70,fuel=0.00
1779166742.619,0x300,8,39 1F DF 7A A9 EC 87 CB,temp=97.00
1779166742.713,0x100,8,4A 64 49 46 A7 BE 74 59,speed=74.00
1779166742.808,0x200,8,5C 00 45 01 F2 78 50 B9,fuel=0.00
1779166742.900,0x300,8,39 6E 29 2F A9 1C 4F 53,temp=97.00
1779166742.994,0x100,8,4A 85 4D C8 70 1B 4C 8D,speed=74.00
1779166743.090,0x200,8,70 00 AF D8 83 C1 9E 95,fuel=0.00
1779166743.181,0x300,8,39 87 5B A3 13 12 50 EB,temp=97.00
1779166743.287,0x100,8,4A FB EF C7 57 39 78 6D,speed=74.00
1779166743.382,0x200,8,48 00 2B A4 3F 2E B2 27,fuel=0.00
1779166743.476,0x300,8,39 F3 3E 89 EB 17 0F 82,temp=97.00
1779166743.568,0x100,8,4A 56 35 73 47 1A B9 CE,speed=74.00
1779166743.662,0x200,8,EE 00 4E 03 14 21 9C 00,fuel=0.00
1779166743.756,0x300,8,39 81 94 79 02 E4 B2 1D,temp=97.00
1779166743.848,0x100,8,4A 6E 1A 70 42 64 84 C5,speed=74.00
1779166743.940,0x200,8,53 00 13 FF 89 F6 EA 6F,fuel=0.00
1779166744.038,0x300,8,39 2B 7F 8D B7 33 72 CE,temp=97.00
1779166744.128,0x100,8,4A B7 CF 13 7F 10 BB 6B,speed=74.00
1779166744.222,0x200,8,D9 00 A1 91 12 35 2D D9,fuel=0.00
1779166744.316,0x300,8,39 32 C5 85 0A 26 3C 34,temp=97.00
1779166744.409,0x100,8,4A 1F CA 17 83 5F 8D A2,speed=74.00
1779166744.503,0x200,8,AD 00 9D 21 5C 02 A2 5A,fuel=0.00
1779166744.598,0x300,8,39 51 3A 60 CB BF 7A C0,temp=97.00
1779166744.691,0x100,8,4A 3E 61 0E 78 64 40 C8,speed=74.00
1779166744.784,0x200,8,6E 00 A0 FE BF 21 7D 6C,fuel=0.00
1779166744.877,0x300,8,39 46 1E 9B E8 80 6C 9A,temp=97.00
1779166744.965,0x100,8,4A EC 06 77 CE CE 6B 52,speed=74.00
1779166745.062,0x200,8,2B 00 6C F6 92 CB 61 86,fuel=0.00
1779166745.155,0x300,8,39 50 1A 56 40 A1 E4 1F,temp=97.00
1779166745.247,0x100,8,4A 09 9B 64 93 37 C6 04,speed=74.00
1779166745.339,0x200,8,2C 00 AC 78 3E FB 5C 69,fuel=0.00
1779166745.431,0x300,8,39 87 E7 36 34 CB F4 C9,temp=97.00
1779166745.525,0x100,8,4A 6D 98 7E 9D 82 D7 58,speed=74.00
1779166745.619,0x200,8,66 00 39 60 70 08 0E CD,fuel=0.00
1779166745.714,0x300,8,39 62 45 6A 2C 8C 90 91,temp=97.00
1779166745.806,0x100,8,4A 2A 32 4C 21 4A 44 C2,speed=74.00
1779166745.913,0x200,8,CC 00 FD 83 1C FE 66 CD,fuel=0.00
1779166746.007,0x300,8,39 47 DB 36 98 F4 E9 9A,temp=97.00
1779166746.100,0x100,8,4A B0 5F 00 A9 B5 A0 F2,speed=74.00
1779166746.192,0x200,8,6D 00 52 55 5B F9 92 66,fuel=0.00
1779166746.286,0x300,8,39 D7 F4 97 8A 02 F0 D7,temp=97.00
1779166746.379,0x100,8,4A EF F6 0A FF ED 1E CB,speed=74.00
1779166746.472,0x200,8,21 00 31 91 4B 44 4B 76,fuel=0.00
1779166746.566,0x300,8,39 24 7B 98 E7 A0 4E 38,temp=97.00
1779166746.657,0x100,8,4A 38 2B 3C EF E4 2D D7,speed=74.00
1779166746.751,0x200,8,58 00 FF EE 90 D7 B5 AE,fuel=0.00
1779166746.846,0x300,8,39 14 56 88 1A E2 09 9D,temp=97.00
1779166746.940,0x100,8,4A 24 40 39 EE 6C EA BE,speed=74.00
1779166747.031,0x200,8,73 00 9C 22 13 DA 7E FE,fuel=0.00
1779166747.127,0x300,8,39 9C 09 F0 69 56 6B 04,temp=97.00
1779166747.219,0x100,8,4A 8F B2 A1 D3 52 FC 6E,speed=74.00
1779166747.312,0x200,8,98 00 94 99 A6 CD 88 DC,fuel=0.00
1779166747.404,0x300,8,39 57 3F 68 40 A8 FD 0B,temp=97.00
1779166747.497,0x100,8,4A CA 4F 0B C0 5A 10 68,speed=74.00
1779166747.592,0x200,8,71 00 59 74 7F 26 C1 40,fuel=0.00
1779166747.687,0x300,8,39 12 36 2C 2F 69 F5 A1,temp=97.00
1779166747.781,0x100,8,4A 34 2C 60 3B 99 6A 6E,speed=74.00
1779166747.876,0x200,8,D0 00 04 68 3D 6C 15 AE,fuel=0.00
1779166747.970,0x300,8,39 0A 43 DC A0 CF 13 0B,temp=97.00
1779166748.066,0x100,8,4A 54 2C 15 07 B2 6B 11,speed=74.00
1779166748.154,0x200,8,60 00 E9 E1 2E 5F 33 D7,fuel=0.00
1779166748.249,0x300,8,39 8D 59 8A FC 1D 6C 18,temp=97.00
1779166748.342,0x100,8,4A 5D 32 97 67 6E 53 32,speed=74.00
1779166748.437,0x200,8,47 00 C4 7E 8A 4F EC 86,fuel=0.00
1779166748.529,0x300,8,39 6E 2F 78 C6 A4 44 33,temp=97.00
1779166748.624,0x100,8,4A 80 95 AF 46 F7 E6 2C,speed=74.00
1779166748.716,0x200,8,14 00 ED 6C AF E9 A9 EF,fuel=0.00
1779166748.809,0x300,8,39 87 81 29 D3 D0 78 AC,temp=97.00
1779166748.904,0x100,8,4A BA 8B CA DE 6C 6E BA,speed=74.00
1779166748.995,0x200,8,C3 00 FF 26 BC 46 FA 4F,fuel=0.00
1779166749.089,0x300,8,39 80 33 5F 92 12 EF 3F,temp=97.00
1779166749.195,0x100,8,4A 95 DE E7 44 E6 D2 58,speed=74.00
1779166749.287,0x200,8,4F 00 77 7D 00 91 E1 52,fuel=0.00
1779166749.383,0x300,8,39 A5 3F 5C 92 9A FC 3D,temp=97.00
1779166749.475,0x100,8,4A 99 EB AC 28 12 02 26,speed=74.00
1779166749.568,0x200,8,A2 00 55 03 AC B1 31 62,fuel=0.00
1779166749.663,0x300,8,39 03 A3 77 85 C8 B6 A0,temp=97.00
1779166749.755,0x100,8,4A C3 81 0B 22 1A C9 56,speed=74.00
1779166749.848,0x200,8,53 00 F3 8D F8 92 44 E8,fuel=0.00
1779166749.940,0x300,8,39 AB AF 8D C0 E1 32 2A,temp=97.00
1779166750.036,0x100,8,4A 40 5C 05 15 DA 84 8B,speed=74.00
1779166750.127,0x200,8,3D 00 CF C2 AC 61 C9 21,fuel=0.00
1779166750.221,0x300,8,39 C0 04 70 79 E1 EE 28,temp=97.00
1779166750.314,0x100,8,4A D2 D3 0B B7 53 D9 9B,speed=74.00
1779166750.405,0x200,8,CA 00 37 76 41 01 D2 4C,fuel=0.00
1779166750.497,0x300,8,39 D4 B2 DB 81 48 C2 D9,temp=97.00
1779166750.591,0x100,8,4A EF 4F 45 C3 2D F3 1E,speed=74.00
1779166750.683,0x200,8,E4 00 98 B0 DC C9 62 34,fuel=0.00
1779166750.776,0x300,8,39 29 CC DA 01 5F E5 15,temp=97.00
1779166750.867,0x100,8,4A 06 00 62 D9 AC 3A F6,speed=74.00
1779166750.979,0x200,8,4B 00 72 AE F0 FC 73 C0,fuel=0.00
1779166751.058,0x300,8,39 19 79 60 DF A0 64 4D,temp=97.00
1779166751.151,0x100,8,4A A8 CA 45 25 A8 77 FF,speed=74.00
1779166751.256,0x200,8,D6 00 B4 95 32 B2 7E 4E,fuel=0.00
1779166751.352,0x300,8,39 5A 51 B1 BF 5A C8 9E,temp=97.00
1779166751.443,0x100,8,4A 00 98 8C 3F 34 3E D3,speed=74.00
1779166751.537,0x200,8,F9 00 0E 0B 55 7E D5 63,fuel=0.00
1779166751.632,0x300,8,39 D1 92 E7 EE 52 F6 8C,temp=97.00
1779166751.724,0x100,8,4A B8 C7 04 1F A9 9B 13,speed=74.00
1779166751.818,0x200,8,8D 00 EE C5 FD 0E 2D 7D,fuel=0.00
1779166751.912,0x300,8,39 5A F2 FE 04 63 CB 18,temp=97.00
1779166751.998,0x100,8,4A 11 AD 10 96 B9 3F A3,speed=74.00
1779166752.098,0x200,8,BF 00 A3 4D 3F 06 B6 3C,fuel=0.00
1779166752.191,0x300,8,39 46 E8 9F F6 05 A1 B6,temp=97.00
1779166752.283,0x100,8,4A 56 92 9A 2A CD 55 59,speed=74.00
1779166752.375,0x200,8,53 00 28 EE 61 C6 D3 D7,fuel=0.00
1779166752.478,0x300,8,39 DF 2E DD A5 71 C5 5C,temp=97.00
1779166752.556,0x100,8,4A 0E 8B 8F F1 62 6E 51,speed=74.00
1779166752.649,0x200,8,75 00 36 14 C2 34 00 F5,fuel=0.00
1779166752.742,0x300,8,39 B2 5D 65 3C A2 D6 EA,temp=97.00
1779166752.837,0x100,8,4A 78 0D 5C 09 98 94 41,speed=74.00
1779166752.935,0x200,8,11 00 BA 44 84 4C 32 7F,fuel=0.00
1779166753.026,0x300,8,39 27 DC DA 5F 33 30 B8,temp=97.00
1779166753.117,0x100,8,4A CD F4 CD 21 CF 7C 1C,speed=74.00
1779166753.213,0x200,8,60 00 52 57 7F E9 BC A4,fuel=0.00
1779166753.307,0x300,8,39 65 A3 41 7D 48 61 E4,temp=97.00
1779166753.413,0x100,8,4A F3 A1 DE 6D ED 33 61,speed=74.00
1779166753.507,0x200,8,68 00 72 F0 B0 10 5C E8,fuel=0.00
1779166753.600,0x300,8,39 A3 93 E4 31 0B 2E D9,temp=97.00
1779166753.692,0x100,8,4A 25 B3 8E 03 B0 FF B9,speed=74.00
1779166753.783,0x200,8,41 00 F3 18 20 62 1A F5,fuel=0.00
1779166753.878,0x300,8,39 8A FF 3C DF 50 8E 1C,temp=97.00
1779166753.965,0x100,8,4A FD 2A 6B B3 53 44 65,speed=74.00
1779166754.063,0x200,8,70 00 A3 E3 36 E4 BD C2,fuel=0.00
1779166754.156,0x300,8,39 D3 57 1A 14 90 CB 7D,temp=97.00
1779166754.250,0x100,8,4A 1F 96 49 84 63 AE E6,speed=74.00
1779166754.342,0x200,8,E7 00 8F DA 1F 9E 20 5C,fuel=0.00
1779166754.436,0x300,8,39 C7 A8 66 F7 53 DD 30,temp=97.00
1779166754.530,0x100,8,4A 59 28 79 23 5D D7 81,speed=74.00
1779166754.624,0x200,8,BF 00 4F 31 0A B3 3C 6E,fuel=0.00
1779166754.719,0x300,8,39 3F F9 2F AF 46 F9 C3,temp=97.00
1779166754.813,0x100,8,4A 37 F4 27 8E 14 70 80,speed=74.00
1779166754.904,0x200,8,1A 00 BE D0 01 0E 2A D0,fuel=0.00
1779166754.998,0x300,8,39 5A 84 3E 19 D1 44 FD,temp=97.00
1779166755.091,0x100,8,4A 4D 05 C2 3A 67 E3 A4,speed=74.00
1779166755.183,0x200,8,00 00 44 A3 CD BF 1E 11,fuel=0.00
1779166755.275,0x300,8,39 84 CE C3 A0 DF AE 40,temp=97.00
1779166755.382,0x100,8,4A 22 9E 9E 46 99 6F 7E,speed=74.00
1779166755.475,0x200,8,20 00 AF 1A 2F AD 35 63,fuel=0.00
1779166755.568,0x300,8,39 65 0E 59 2A 90 04 4C,temp=97.00
1779166755.659,0x100,8,4A 9D E9 4E EC FD 4A 97,speed=74.00
1779166755.752,0x200,8,BE 00 C5 72 58 2C 08 7D,fuel=0.00
1779166755.847,0x300,8,39 21 C0 34 54 19 82 B5,temp=97.00
1779166755.942,0x100,8,4A F5 4C 0E 63 9E 37 E3,speed=74.00
1779166756.034,0x200,8,12 00 09 E8 31 F4 0D 24,fuel=0.00
1779166756.129,0x300,8,39 7E 27 CC 23 7C 4A A6,temp=97.00
1779166756.223,0x100,8,4A 6A B4 01 DA 1D B8 5D,speed=74.00
1779166756.318,0x200,8,10 00 AF F3 9D FF BC 66,fuel=0.00
1779166756.408,0x300,8,39 0C 40 F3 0F 01 D8 79,temp=97.00
1779166756.496,0x100,8,4A 9D 25 58 33 3A 79 73,speed=74.00
1779166756.590,0x200,8,32 00 84 4B EE E8 A2 11,fuel=0.00
1779166756.691,0x300,8,39 0B 92 0A 3E 95 31 55,temp=97.00
1779166756.784,0x100,8,4A 80 25 45 53 4B F6 3D,speed=74.00
1779166756.877,0x200,8,09 00 A0 27 96 E8 1B C4,fuel=0.00
1779166756.969,0x300,8,39 C1 D5 AC 1E 1A 60 6E,temp=97.00
1779166757.062,0x100,8,4A A5 2B 7F CC B7 01 38,speed=74.00
1779166757.157,0x200,8,F9 00 25 42 E7 CB 38 CF,fuel=0.00
1779166757.245,0x300,8,39 A3 10 2B D0 21 AC 65,temp=97.00
1779166757.343,0x100,8,4A 94 FF 97 01 C3 F1 38,speed=74.00
1779166757.436,0x200,8,B6 00 1C 25 8B EA 8F 31,fuel=0.00
1779166757.529,0x300,8,39 CC C1 6B 81 5D 1B D3,temp=97.00
1779166757.672,0x100,8,4A C7 F9 8E 73 2D 83 6F,speed=74.00
1779166757.763,0x200,8,FB 00 12 2F 66 AE C2 30,fuel=0.00
1779166757.860,0x300,8,39 98 58 11 28 F8 0D A6,temp=97.00
1779166757.949,0x100,8,4A 67 02 FB EE 08 00 55,speed=74.00
1779166758.044,0x200,8,67 00 E1 53 FA 23 F4 D2,fuel=0.00
1779166758.134,0x300,8,39 3D E3 9F C6 5B 43 B7,temp=97.00
1779166758.228,0x100,8,4A 43 9C 59 18 74 2F C7,speed=74.00
1779166758.321,0x200,8,B4 00 81 CA 45 40 FD 70,fuel=0.00
1779166758.415,0x300,8,39 E1 85 E6 A6 90 E6 7C,temp=97.00
1779166758.509,0x100,8,4A CF 70 79 60 8F D0 39,speed=74.00
1779166758.602,0x200,8,38 00 10 E9 68 DD 0B 7E,fuel=0.00
1779166758.712,0x300,8,39 EC 07 DF CD 07 AC 4B,temp=97.00
1779166758.790,0x100,8,4A 03 FA 2F D7 24 AB 25,speed=74.00
1779166758.898,0x200,8,62 00 A1 2A 45 7A 11 6B,fuel=0.00
1779166758.982,0x300,8,39 67 68 C1 50 24 2F DC,temp=97.00
1779166759.084,0x100,8,4A A5 F5 48 39 B0 7B 7B,speed=74.00
1779166759.180,0x200,8,88 00 81 F5 C9 22 4E 74,fuel=0.00
1779166759.273,0x300,8,39 66 F5 9E 65 0F D8 A9,temp=97.00
1779166759.366,0x100,8,4A 2D EB DA 3E EE DA E1,speed=74.00
1779166759.458,0x200,8,A3 00 52 9E 5F E7 E1 E4,fuel=0.00
1779166759.552,0x300,8,39 D4 FB 54 BF 98 6E 59,temp=97.00
1779166759.645,0x100,8,4A 65 19 2C EB 5D 47 AE,speed=74.00
1779166759.737,0x200,8,5B 00 62 28 36 92 C7 D2,fuel=0.00
1779166759.831,0x300,8,39 47 6A 1C 0C 34 AA E5,temp=97.00
1779166759.932,0x100,8,4A AD 61 7F 5F DD 7F 64,speed=74.00
1779166760.017,0x200,8,D2 00 6C EC 33 F6 E2 1A,fuel=0.00
1779166760.115,0x300,8,39 56 42 58 81 4A B1 1B,temp=97.00
1779166760.204,0x100,8,4A 39 18 36 98 17 FE E3,speed=74.00
1779166760.360,0x200,8,54 00 19 51 BF 10 C3 54,fuel=0.00
1779166760.668,0x300,8,39 D1 94 AD 3E 8F 90 11,temp=97.00
1779166760.759,0x100,8,4A 06 FE 81 A5 F0 A6 F5,speed=74.00
1779166760.871,0x200,8,27 00 6D 28 EB E5 2C 12,fuel=0.00
1779166760.947,0x300,8,39 66 1F 6F 67 79 BE 37,temp=97.00
1779166761.044,0x100,8,4A 49 BD 7D 25 48 AC 99,speed=74.00
1779166761.138,0x200,8,51 00 A5 EE 4C F9 7D 4F,fuel=0.00
1779166761.232,0x300,8,39 95 35 95 B6 89 B5 7B,temp=97.00
1779166761.325,0x100,8,4A 78 5C 34 09 7B B0 43,speed=74.00
1779166761.415,0x200,8,1E 00 65 33 A5 2B 6A 3B,fuel=0.00
1779166761.522,0x300,8,39 0C C9 40 79 A0 6D A4,temp=97.00
1779166761.615,0x100,8,4A 76 1F 24 AD BC 7F CC,speed=74.00
1779166761.709,0x200,8,D1 00 56 C8 3D D4 70 18,fuel=0.00
1779166761.808,0x300,8,39 D9 DD A2 36 57 05 99,temp=97.00
1779166761.898,0x100,8,4A D4 F2 79 D0 D5 17 36,speed=74.00
1779166761.988,0x200,8,0D 00 BD 9E 3E FC 4E CE,fuel=0.00
1779166762.072,0x300,8,39 FC 7F BB E2 90 C1 1E,temp=97.00
1779166762.165,0x100,8,4A F6 16 7A 6E 25 D2 7A,speed=74.00
1779166762.260,0x200,8,BF 00 47 53 2D 48 21 22,fuel=0.00
1779166762.364,0x300,8,39 D6 F7 E6 4E 9C 33 27,temp=97.00
1779166762.458,0x100,8,4A 54 8B E1 95 4E 7E 7E,speed=74.00
1779166762.553,0x200,8,C2 00 AC 2E D6 83 A2 7C,fuel=0.00
1779166762.651,0x300,8,39 5E F0 63 95 2C F2 3E,temp=97.00
1779166762.729,0x100,8,4A 82 65 49 54 41 A3 86,speed=74.00
1779166762.822,0x200,8,CE 00 4E 50 2E 69 E2 E6,fuel=0.00
1779166762.915,0x300,8,39 96 84 71 90 AE 35 39,temp=97.00
1779166763.011,0x100,8,4A 0D 7C 81 DB 16 29 C9,speed=74.00
1779166763.105,0x200,8,A8 00 F9 1B 2F 5C 58 52,fuel=0.00
1779166763.199,0x300,8,39 99 7F 2C DF C0 A6 79,temp=97.00
1779166763.293,0x100,8,4A CB 24 95 C5 90 4C 5E,speed=74.00
1779166763.387,0x200,8,AA 00 19 EE FB 80 49 30,fuel=0.00
1779166763.478,0x300,8,39 CD F3 94 9D 05 F5 85,temp=97.00
1779166763.579,0x100,8,4A DB 72 B2 45 6A 28 58,speed=74.00
1779166763.672,0x200,8,8E 00 DC 28 FD 9B 34 34,fuel=0.00
1779166763.760,0x300,8,39 8C 34 5E FE DB 84 C1,temp=97.00
1779166763.862,0x100,8,4A CE 19 48 10 B6 25 AA,speed=74.00
1779166763.958,0x200,8,90 00 CE 7B F7 59 70 5C,fuel=0.00
1779166764.050,0x300,8,39 7A 15 FA 48 F1 BC 2B,temp=97.00
1779166764.173,0x100,8,4A 36 70 F7 75 01 29 A2,speed=74.00
1779166764.272,0x200,8,4A 00 95 52 12 08 C0 B4,fuel=0.00
1779166764.365,0x300,8,39 55 1C C4 FF 44 BC 96,temp=97.00
1779166764.456,0x100,8,4A 91 45 04 B4 B5 20 2C,speed=74.00
1779166764.540,0x200,8,EA 00 4E 39 5D C3 C4 CF,fuel=0.00
1779166764.634,0x300,8,39 AA AC 55 6C 0F 53 4A,temp=97.00
1779166764.729,0x100,8,4A BC A4 83 1F 5C 49 C3,speed=74.00
1779166764.824,0x200,8,FA 00 EC 41 69 6D 16 A9,fuel=0.00
1779166764.919,0x300,8,39 47 6C 30 A3 C6 0D D4,temp=97.00
1779166765.013,0x100,8,4A DE 7A C7 9E DF EA 6A,speed=74.00
1779166765.108,0x200,8,1C 00 48 BC 0B F1 64 24,fuel=0.00
1779166765.203,0x300,8,39 DF EF 7C D7 EB 40 FC,temp=97.00
1779166765.297,0x100,8,4A 39 0F 15 C5 F4 D1 3C,speed=74.00
