timestamp_s,can_id_hex,dlc,data_hex,signals_json
1779698695.553,0x100,8,00 CF EC E8 F6 EB 05 6F,speed=0.00
1779698695.659,0x200,8,FC 64 75 B7 E0 E0 8B B7,fuel=100.00
1779698695.732,0x300,8,02 CA 91 AB 10 02 15 42,temp=42.00
1779698695.821,0x100,8,00 36 EF BE 4E 73 45 5B,speed=0.00
1779698695.920,0x200,8,8B 64 7D 3E DB 83 F2 5E,fuel=100.00
1779698696.010,0x300,8,02 9B 10 FB C8 7A 4C 72,temp=42.00
1779698696.103,0x100,8,00 B1 6F 01 52 CE 3B F4,speed=0.00
1779698696.198,0x200,8,61 64 01 FB 8B 6A 04 59,fuel=100.00
1779698696.290,0x300,8,02 E6 68 DE F2 2B 30 6B,temp=42.00
1779698696.385,0x100,8,00 67 57 CC 36 03 DE E6,speed=0.00
1779698696.483,0x200,8,0A 64 F5 7F 00 9B 58 21,fuel=100.00
1779698696.579,0x300,8,02 CB 4A F1 98 DF 62 02,temp=42.00
1779698696.670,0x100,8,00 96 BA 46 D1 A5 16 EB,speed=0.00
1779698696.758,0x200,8,D2 64 1A 90 A2 9D 2B F2,fuel=100.00
1779698696.855,0x300,8,02 50 EE A8 1E 91 74 25,temp=42.00
1779698696.947,0x100,8,00 DA 75 4E 0E 56 30 99,speed=0.00
1779698697.045,0x200,8,5A 64 33 A4 76 B9 E0 75,fuel=100.00
1779698697.140,0x300,8,02 81 F5 66 5C 95 6B 47,temp=42.00
1779698697.232,0x100,8,00 F5 B7 AF 0A EB 46 AB,speed=0.00
1779698697.324,0x200,8,9B 64 79 5E 15 AD DA 0E,fuel=100.00
1779698697.416,0x300,8,02 49 CC D7 41 41 AC 21,temp=42.00
1779698697.509,0x100,8,00 53 31 C2 25 62 2F 70,speed=0.00
1779698697.603,0x200,8,BF 64 58 6D 1D 0E 07 FE,fuel=100.00
1779698697.697,0x300,8,02 AB 66 F7 3D 14 86 2E,temp=42.00
1779698697.791,0x100,8,00 A8 C4 F1 13 F8 72 A7,speed=0.00
1779698697.887,0x200,8,01 64 E9 C3 D8 D5 40 87,fuel=100.00
1779698697.984,0x300,8,02 2E 66 E5 44 0A 6E BD,temp=42.00
1779698698.071,0x100,8,00 81 3C F5 00 E5 B7 87,speed=0.00
1779698698.167,0x200,8,8F 64 96 B9 0F 49 89 BF,fuel=100.00
1779698698.260,0x300,8,02 98 89 23 88 7A 72 68,temp=42.00
1779698698.354,0x100,8,00 9B A7 A0 8F 32 DD 90,speed=0.00
1779698698.446,0x200,8,BC 64 78 31 A0 65 DF 93,fuel=100.00
1779698698.548,0x300,8,02 81 6F C5 B4 AD D9 93,temp=42.00
1779698698.633,0x100,8,00 48 69 92 0E DD 9E BC,speed=0.00
1779698698.740,0x200,8,72 64 B2 FF FD 87 00 98,fuel=100.00
1779698698.822,0x300,8,02 22 60 3D F5 0F 6E A8,temp=42.00
1779698698.916,0x100,8,00 E6 AA 88 44 5A EB 20,speed=0.00
1779698699.013,0x200,8,E5 64 83 49 D6 53 83 C6,fuel=100.00
1779698699.108,0x300,8,02 2A FE 9A 10 B6 E9 9E,temp=42.00
1779698699.203,0x100,8,00 5A E7 B1 E0 EF 67 BD,speed=0.00
1779698699.295,0x200,8,70 64 8E 06 04 D3 FB 5E,fuel=100.00
1779698699.390,0x300,8,02 EB 41 69 68 2C 2D B0,temp=42.00
1779698699.478,0x100,8,00 18 E3 AA 84 54 AF 24,speed=0.00
1779698699.572,0x200,8,6B 64 E7 70 9D 29 D6 7E,fuel=100.00
1779698699.668,0x300,8,02 15 DC EF 19 70 BF 68,temp=42.00
1779698699.764,0x100,8,00 EE F4 7D B6 03 21 EA,speed=0.00
1779698699.859,0x200,8,02 64 1E BE 94 A5 B8 61,fuel=100.00
1779698699.949,0x300,8,02 0D A6 CB D5 C8 27 9B,temp=42.00
1779698700.047,0x100,8,00 C1 18 ED F0 3F 99 B1,speed=0.00
1779698700.135,0x200,8,E1 64 42 F7 28 22 94 9E,fuel=100.00
1779698700.228,0x300,8,02 FE 58 D0 D6 9E B8 DF,temp=42.00
1779698700.323,0x100,8,00 6D 62 18 F4 33 43 0D,speed=0.00
1779698700.420,0x200,8,B2 64 AF 28 80 7E 76 D5,fuel=100.00
1779698700.514,0x300,8,02 42 26 BE 7F DE 77 03,temp=42.00
1779698700.610,0x100,8,00 8F 76 CC 85 1F D5 90,speed=0.00
1779698700.703,0x200,8,AB 64 BA A5 29 B7 38 35,fuel=100.00
1779698700.790,0x300,8,02 06 28 48 18 01 10 A0,temp=42.00
1779698700.884,0x100,8,00 7A 5E 9B DF 75 56 4D,speed=0.00
1779698700.983,0x200,8,71 64 84 70 F9 31 6F 55,fuel=100.00
1779698701.077,0x300,8,02 BB C0 71 78 E0 F9 CC,temp=42.00
1779698701.171,0x100,8,00 1A 66 9D 32 D6 3A D7,speed=0.00
1779698701.263,0x200,8,5C 64 8A 8E DB 96 8B 04,fuel=100.00
1779698701.375,0x300,8,02 44 86 42 1D D1 1E CA,temp=42.00
1779698701.457,0x100,8,00 2A 92 A3 D6 03 B8 62,speed=0.00
1779698701.573,0x200,8,22 64 90 68 33 D9 45 98,fuel=100.00
1779698701.663,0x300,8,02 BE ED 99 FC 76 9C 5D,temp=42.00
1779698701.745,0x100,8,00 8E FC 00 0C 5C BA C1,speed=0.00
1779698701.841,0x200,8,C6 64 1C 75 67 28 44 63,fuel=100.00
1779698701.916,0x300,8,02 AE 20 0C 62 CD 09 EE,temp=42.00
1779698702.015,0x100,8,00 50 88 39 72 C8 64 95,speed=0.00
1779698702.103,0x200,8,E4 64 20 D9 66 78 8B B0,fuel=100.00
1779698702.204,0x300,8,02 D6 19 5A F4 FC 0A 80,temp=42.00
1779698702.290,0x100,8,00 DE 5F 81 18 01 FB FA,speed=0.00
1779698702.389,0x200,8,32 64 3C E7 E7 5A A5 91,fuel=100.00
1779698702.485,0x300,8,02 8C 92 50 F3 4C BE 4C,temp=42.00
1779698702.577,0x100,8,00 67 8D 72 8E 6D 77 D9,speed=0.00
1779698702.668,0x200,8,DC 64 59 B9 06 FE E8 96,fuel=100.00
1779698702.763,0x300,8,02 64 2A 9F 43 CE C3 2F,temp=42.00
1779698702.866,0x100,8,00 31 10 7C 8F 6A D2 B9,speed=0.00
1779698702.948,0x200,8,E4 64 9D FC DB 7A 00 D6,fuel=100.00
1779698703.047,0x300,8,02 29 B1 34 01 67 CF CC,temp=42.00
1779698703.133,0x100,8,00 9F DE 39 3C 00 CC F5,speed=0.00
1779698703.232,0x200,8,E4 64 53 6D BB 53 CF 67,fuel=100.00
1779698703.331,0x300,8,02 06 C6 FB 53 8D EE 01,temp=42.00
1779698703.433,0x100,8,00 25 37 C9 23 C9 7A B4,speed=0.00
1779698703.521,0x200,8,CE 64 71 B4 D0 1A 90 9D,fuel=100.00
1779698703.615,0x300,8,02 CE A5 34 CE 57 B9 AE,temp=42.00
1779698703.706,0x100,8,00 A1 52 2E CF 93 03 03,speed=0.00
1779698703.790,0x200,8,00 64 65 51 18 FC C4 B6,fuel=100.00
1779698703.891,0x300,8,02 DE 84 B9 1F D9 E3 F5,temp=42.00
1779698703.984,0x100,8,00 30 CA C9 0B A8 A7 01,speed=0.00
1779698704.081,0x200,8,EF 64 54 97 37 FD 04 F9,fuel=100.00
1779698704.166,0x300,8,02 DC 34 84 23 7C 51 CD,temp=42.00
1779698704.264,0x100,8,00 D1 05 CD A5 10 D0 D2,speed=0.00
1779698704.366,0x200,8,D7 64 22 0B A7 13 D4 80,fuel=100.00
1779698704.452,0x300,8,02 75 C4 B5 F6 65 78 23,temp=42.00
1779698704.547,0x100,8,00 7E 6C FC 0F 0E DA 3E,speed=0.00
1779698704.657,0x200,8,82 64 7C A2 B1 F7 77 67,fuel=100.00
1779698704.742,0x300,8,02 05 D1 3B 7F 99 5B 53,temp=42.00
1779698704.826,0x100,8,00 7C DB 0A BD 98 57 5A,speed=0.00
1779698704.915,0x200,8,C9 64 3E EB BA 83 22 E9,fuel=100.00
1779698705.019,0x300,8,02 32 03 37 69 06 92 BE,temp=42.00
1779698705.107,0x100,8,00 4D 48 25 39 4C FD 13,speed=0.00
1779698705.203,0x200,8,CC 64 DC AA 50 BC F0 30,fuel=100.00
1779698705.304,0x300,8,02 4C BA F8 5D DC A6 45,temp=42.00
1779698705.388,0x100,8,00 A0 B9 28 F6 80 66 28,speed=0.00
1779698705.481,0x200,8,DC 64 CC F2 43 0B A4 00,fuel=100.00
1779698705.575,0x300,8,02 B7 20 F4 BF 0C EC 92,temp=42.00
1779698705.945,0x100,8,00 1B B0 EC C8 1C A1 C2,speed=0.00
1779698705.949,0x200,8,4E 64 79 BE E2 97 26 F1,fuel=100.00
1779698706.070,0x300,8,02 7A 5E 6A 57 3C 9F F5,temp=42.00
1779698706.168,0x100,8,00 9D F8 85 F8 55 7C FA,speed=0.00
1779698706.248,0x200,8,7C 64 FA E3 53 1A 4E 1B,fuel=100.00
1779698706.336,0x300,8,02 74 B8 AC CA F2 AE 29,temp=42.00
1779698706.461,0x100,8,00 FA 7F 44 E4 02 3F E7,speed=0.00
1779698706.512,0x200,8,3C 64 78 07 26 8B 28 D4,fuel=100.00
1779698706.616,0x300,8,02 9C 3F 86 B1 07 FA BD,temp=42.00
1779698706.721,0x100,8,00 A9 B5 1C 64 F3 FD 91,speed=0.00
1779698706.809,0x200,8,B0 64 2F EE 70 D4 29 A2,fuel=100.00
1779698706.912,0x300,8,02 C8 AC A9 D1 C1 FE 3A,temp=42.00
1779698707.022,0x100,8,00 13 43 A2 28 AD 35 89,speed=0.00
1779698707.089,0x200,8,E3 64 BB 7D 6A 33 F5 86,fuel=100.00
1779698707.173,0x300,8,02 E2 10 AB 91 40 24 4B,temp=42.00
1779698707.275,0x100,8,00 FF FB 8A CF B8 DD 9A,speed=0.00
1779698707.391,0x200,8,09 64 2E AF 9F 4F 83 F4,fuel=100.00
1779698707.471,0x300,8,02 84 AC 33 8F 8A 72 D8,temp=42.00
1779698707.564,0x100,8,00 77 FA 8D 00 69 8D A4,speed=0.00
1779698707.669,0x200,8,BC 64 84 EC DA AD 32 1C,fuel=100.00
1779698707.755,0x300,8,02 7A 52 F6 4D 28 D9 E8,temp=42.00
1779698707.849,0x100,8,00 B1 0E EF 3D 52 B7 74,speed=0.00
1779698707.927,0x200,8,A8 64 8A A5 85 EE 80 87,fuel=100.00
1779698708.054,0x300,8,02 07 D4 03 DC C0 2E 7D,temp=42.00
1779698708.199,0x100,8,00 5D 04 A7 1C 1B EF A5,speed=0.00
1779698708.314,0x200,8,77 64 C6 45 A9 E3 E3 8B,fuel=100.00
1779698708.384,0x300,8,02 29 F2 E5 9A D4 34 8B,temp=42.00
1779698708.539,0x100,8,00 FA D3 52 42 0B CA 45,speed=0.00
1779698708.623,0x200,8,8A 64 43 4F EA 0B B8 25,fuel=100.00
1779698708.667,0x300,8,02 DB 6A E4 41 DF B1 14,temp=42.00
1779698708.784,0x100,8,00 F4 1B 0D AD C8 67 74,speed=0.00
1779698708.910,0x200,8,A8 64 4F 25 A7 68 52 15,fuel=100.00
1779698708.982,0x300,8,02 AF 2A 9F DC 50 9F 11,temp=42.00
1779698709.048,0x100,8,00 DC 98 A0 33 85 E4 D6,speed=0.00
1779698709.145,0x200,8,56 64 20 24 65 22 9A 14,fuel=100.00
1779698709.233,0x300,8,02 D5 67 CB FF 95 AA C1,temp=42.00
1779698709.332,0x100,8,00 83 87 F3 20 98 68 D3,speed=0.00
1779698709.442,0x200,8,48 64 23 45 51 ED BA 5E,fuel=100.00
1779698709.512,0x300,8,02 17 4A BD 30 A0 EB 2C,temp=42.00
1779698709.613,0x100,8,00 7A E1 61 21 36 F5 6B,speed=0.00
1779698709.718,0x200,8,ED 64 90 50 B4 38 EC 1A,fuel=100.00
1779698709.807,0x300,8,02 8A C2 F9 AC 12 D3 D2,temp=42.00
1779698709.904,0x100,8,00 87 B0 27 F9 D3 03 72,speed=0.00
1779698709.989,0x200,8,30 64 17 11 7C 01 95 5B,fuel=100.00
1779698710.087,0x300,8,02 09 FC CC 30 50 EC 60,temp=42.00
1779698710.190,0x100,8,00 41 33 1D 58 A5 5B 3C,speed=0.00
1779698710.259,0x200,8,94 64 F4 D7 72 B8 20 B3,fuel=100.00
1779698710.361,0x300,8,02 E2 0B EB 64 88 88 84,temp=42.00
1779698710.472,0x100,8,00 DA D7 BD D7 88 CB 64,speed=0.00
1779698710.563,0x200,8,50 64 67 2B 1C 38 B2 60,fuel=100.00
1779698710.670,0x300,8,02 54 8D 54 74 B7 0E 89,temp=42.00
1779698710.741,0x100,8,00 58 20 DE B3 46 4D B7,speed=0.00
1779698710.842,0x200,8,84 64 D3 EA DA B3 45 C2,fuel=100.00
1779698710.937,0x300,8,02 07 14 74 C1 B4 DC 6B,temp=42.00
1779698711.033,0x100,8,00 23 D3 BC E5 53 84 9C,speed=0.00
1779698711.120,0x200,8,DB 64 C1 28 FF 85 24 98,fuel=100.00
1779698711.202,0x300,8,02 BB FB 54 A2 8C 79 10,temp=42.00
1779698711.349,0x100,8,00 B1 70 32 DD 72 31 6F,speed=0.00
1779698711.452,0x200,8,E7 64 C2 D4 D4 99 35 48,fuel=100.00
1779698711.486,0x300,8,02 36 0E DC 77 1C 03 21,temp=42.00
1779698711.595,0x100,8,00 FE 2F D2 2F 65 FA 62,speed=0.00
1779698711.690,0x200,8,6C 64 B1 5C F9 74 21 13,fuel=100.00
1779698711.806,0x300,8,02 8E 4F 7E 5B FE 95 29,temp=42.00
1779698711.872,0x100,8,00 3A 0A C4 25 1C 44 45,speed=0.00
1779698711.981,0x200,8,14 64 C4 C4 CA F0 B8 C6,fuel=100.00
1779698712.062,0x300,8,02 B6 EE 0C A4 07 6E BA,temp=42.00
1779698712.150,0x100,8,00 57 75 DC 12 5E 53 A3,speed=0.00
1779698712.229,0x200,8,59 64 ED FE 8C 32 A5 19,fuel=100.00
1779698712.330,0x300,8,02 9F 2C 7B B6 60 1D 0C,temp=42.00
1779698712.419,0x100,8,00 72 6C BA 1B 82 24 F0,speed=0.00
1779698712.554,0x200,8,80 64 F7 DA 18 05 5B 7D,fuel=100.00
1779698712.660,0x300,8,02 40 DD 3F 81 61 E9 A2,temp=42.00
1779698712.757,0x100,8,00 AB 17 3C 98 6E E9 12,speed=0.00
1779698712.864,0x200,8,4E 64 F7 8B 46 3B 0B 99,fuel=100.00
1779698712.936,0x300,8,02 42 9C 42 06 BA 66 48,temp=42.00
1779698713.003,0x100,8,00 46 8A 69 17 94 0F 6C,speed=0.00
1779698713.088,0x200,8,A6 64 2C 80 E0 C6 78 36,fuel=100.00
1779698713.232,0x300,8,02 12 72 10 C2 06 AC 51,temp=42.00
1779698713.321,0x100,8,00 8E 57 B0 50 48 1F DB,speed=0.00
1779698713.404,0x200,8,1A 64 F1 D7 AC DA 72 55,fuel=100.00
1779698713.500,0x300,8,02 48 A3 34 89 32 BF FF,temp=42.00
1779698713.571,0x100,8,00 FB 1B 49 94 79 E3 92,speed=0.00
1779698713.652,0x200,8,FE 64 38 48 F8 13 26 18,fuel=100.00
1779698713.886,0x300,8,02 D4 EC AB CC 59 BC 16,temp=42.00
1779698713.944,0x100,8,00 34 1A D2 95 9A 7C 06,speed=0.00
1779698714.096,0x200,8,2D 64 5C E2 86 2C 04 AC,fuel=100.00
1779698714.172,0x300,8,02 D7 26 12 03 A6 9A AF,temp=42.00
1779698714.243,0x100,8,00 8E AF 2A 9E B4 5A A9,speed=0.00
1779698714.333,0x200,8,3D 64 A8 95 82 A6 2C 3C,fuel=100.00
1779698714.420,0x300,8,02 FD 6F 88 0F 65 92 C6,temp=42.00
1779698714.522,0x100,8,00 42 64 B9 C7 C3 43 5A,speed=0.00
1779698714.669,0x200,8,37 64 6E 77 BF 84 74 14,fuel=100.00
1779698714.834,0x300,8,02 17 E6 AA 4F ED 1A 09,temp=42.00
1779698714.886,0x100,8,00 69 7F D8 5D B6 76 7D,speed=0.00
1779698714.970,0x200,8,D9 64 D5 B8 9B 48 70 A0,fuel=100.00
1779698715.083,0x300,8,02 0D 6A E2 03 B3 96 14,temp=42.00
1779698715.173,0x100,8,00 1A DE D2 17 AE B4 38,speed=0.00
1779698715.248,0x200,8,A7 64 8C 1D 4E 02 31 F4,fuel=100.00
1779698715.391,0x300,8,02 12 28 64 23 38 93 0B,temp=42.00
1779698715.473,0x100,8,00 C8 89 8B 21 71 70 FA,speed=0.00
1779698715.557,0x200,8,86 64 C4 82 79 83 ED 7D,fuel=100.00
1779698715.633,0x300,8,02 53 C6 14 67 85 DC 62,temp=42.00
1779698715.714,0x100,8,00 3F 27 78 0F 28 1B F0,speed=0.00
1779698715.859,0x200,8,ED 64 71 7E D1 55 32 72,fuel=100.00
1779698715.952,0x300,8,02 60 BD BD 49 38 70 2F,temp=42.00
1779698716.046,0x100,8,00 31 97 7E E0 EE C4 7C,speed=0.00
1779698716.141,0x200,8,4C 64 20 DD 1A A7 14 D2,fuel=100.00
1779698716.265,0x300,8,02 D9 45 08 A4 94 4A 02,temp=42.00
1779698716.389,0x100,8,00 8B AB 47 89 C9 EE 00,speed=0.00
1779698716.477,0x200,8,0E 64 50 40 2F BD 17 39,fuel=100.00
1779698716.585,0x300,8,02 80 9F 25 FB F6 BF 76,temp=42.00
1779698716.656,0x100,8,00 B3 0A 85 1A 3C ED CC,speed=0.00
1779698716.778,0x200,8,E9 64 74 93 72 45 05 16,fuel=100.00
1779698716.881,0x300,8,02 C4 D2 83 54 38 0B 66,temp=42.00
1779698716.940,0x100,8,00 07 9E 9D E0 68 27 F9,speed=0.00
1779698717.015,0x200,8,A2 64 C4 10 10 9A 51 D3,fuel=100.00
1779698717.153,0x300,8,02 65 3B 1D 9D C7 F9 AB,temp=42.00
1779698717.232,0x100,8,00 D8 C9 DF F6 CF 36 18,speed=0.00
1779698717.312,0x200,8,1A 64 3C 93 02 D0 F8 E7,fuel=100.00
1779698717.560,0x300,8,02 8B 5E 1C 88 6E 05 66,temp=42.00
1779698717.673,0x100,8,00 97 EC 1E 35 BB EF 19,speed=0.00
1779698717.772,0x200,8,34 64 81 18 65 5D 39 48,fuel=100.00
1779698717.848,0x300,8,02 B0 63 52 F0 04 1D 26,temp=42.00
1779698717.905,0x100,8,00 85 0F 5C 9A 91 32 37,speed=0.00
1779698718.051,0x200,8,39 64 BF 4C 1B 98 BA CA,fuel=100.00
1779698718.200,0x300,8,02 16 1C 45 2F 04 98 02,temp=42.00
1779698718.257,0x100,8,00 8E 8E BC 87 60 39 55,speed=0.00
1779698718.433,0x200,8,A0 64 DD F4 0B 34 3B 28,fuel=100.00
1779698718.573,0x300,8,02 13 DA 19 7B E6 D1 54,temp=42.00
1779698718.654,0x100,8,00 DB 10 98 DB E7 E6 71,speed=0.00
1779698718.840,0x200,8,A4 64 03 35 2B 88 E7 50,fuel=100.00
1779698718.996,0x300,8,02 4E 3A 1B E6 28 82 74,temp=42.00
1779698719.066,0x100,8,00 05 31 B4 2B 4A 3C 4F,speed=0.00
1779698719.485,0x200,8,92 64 05 88 FE 93 E0 94,fuel=100.00
1779698719.565,0x300,8,02 41 7B 92 20 6E 6C 02,temp=42.00
1779698719.691,0x100,8,00 B4 4B FA 52 36 55 BE,speed=0.00
1779698719.822,0x200,8,A6 64 F8 AB B5 A1 68 0D,fuel=100.00
1779698720.230,0x300,8,02 B7 C2 73 E8 91 2E 52,temp=42.00
1779698720.313,0x100,8,00 AA 96 06 A4 74 77 88,speed=0.00
1779698720.446,0x200,8,52 64 05 A5 CB 32 13 E5,fuel=100.00
1779698720.537,0x300,8,02 30 D4 AD 25 35 51 D0,temp=42.00
1779698720.663,0x100,8,00 0E 06 B8 1E A2 BF 64,speed=0.00
1779698720.768,0x200,8,5B 64 81 F0 E0 84 74 66,fuel=100.00
1779698720.961,0x300,8,02 C0 4B 9C 71 E0 AA 3C,temp=42.00
1779698721.081,0x100,8,00 C7 7B C0 C5 6C 3D EF,speed=0.00
1779698721.212,0x200,8,1A 64 71 E3 30 08 D1 8E,fuel=100.00
1779698721.307,0x300,8,02 E9 17 56 BC F2 98 5F,temp=42.00
1779698721.527,0x100,8,00 C8 AC B2 7D AA 29 75,speed=0.00
1779698721.598,0x200,8,C3 64 1C 74 E1 42 8B 56,fuel=100.00
1779698721.788,0x300,8,02 23 B5 EE 16 02 B6 00,temp=42.00
1779698722.024,0x100,8,00 32 C7 B9 32 FE C5 12,speed=0.00
1779698722.584,0x200,8,00 64 1D AE 51 86 93 FE,fuel=100.00
1779698722.739,0x300,8,02 CD 85 EE A8 9C B0 95,temp=42.00
1779698723.324,0x100,8,00 3C D8 AD 0C 34 CF A9,speed=0.00
1779698723.487,0x200,8,6E 64 7C 0B 68 D2 56 EC,fuel=100.00
1779698723.769,0x300,8,02 82 C7 57 C6 D9 BA 27,temp=42.00
1779698723.924,0x100,8,00 3E 01 74 93 FA C4 EB,speed=0.00
1779698724.086,0x200,8,21 64 8F 0F D8 70 F4 04,fuel=100.00
1779698724.357,0x300,8,02 78 F2 EA F3 EB 70 98,temp=42.00
1779698724.372,0x100,8,00 69 CC 6F 39 8F 42 0F,speed=0.00
1779698724.636,0x200,8,66 64 33 C6 A0 AB A1 21,fuel=100.00
1779698724.706,0x300,8,02 5C 97 1A FC 4B FD DC,temp=42.00
1779698724.852,0x100,8,00 AC 79 63 EB D1 90 BE,speed=0.00
1779698724.917,0x200,8,D3 64 C2 CA B9 FF CB 41,fuel=100.00
1779698725.090,0x300,8,02 12 71 F2 EB B5 74 50,temp=42.00
1779698725.157,0x100,8,00 11 AB 43 D3 56 FC F2,speed=0.00
1779698725.206,0x200,8,5D 64 0A A8 39 E6 AA B2,fuel=100.00
1779698725.302,0x300,8,02 EA 7E 66 DF D2 BA 8F,temp=42.00
1779698725.441,0x100,8,00 A6 E7 15 B5 8F AF 08,speed=0.00
1779698725.521,0x200,8,D7 64 38 1D 61 58 D0 0D,fuel=100.00
1779698725.687,0x300,8,02 84 39 00 8A 46 14 45,temp=42.00
1779698725.770,0x100,8,00 35 A2 FB DD A2 6A 30,speed=0.00
1779698725.955,0x200,8,C4 64 64 0D 9D 5B 5E C0,fuel=100.00
1779698726.019,0x300,8,02 B6 90 6E 9C AB 9F F1,temp=42.00
1779698726.133,0x100,8,00 57 1D 7F 43 A1 5A 82,speed=0.00
1779698726.852,0x200,8,91 64 F1 DA 21 BC 8E 5E,fuel=100.00
1779698727.057,0x300,8,02 9F F8 B4 80 E3 8A 2F,temp=42.00
1779698727.166,0x100,8,00 8F 83 30 E9 5C CE 73,speed=0.00
1779698727.239,0x200,8,8C 64 7B BC 65 1F A8 06,fuel=100.00
1779698727.368,0x300,8,02 1D F1 E0 39 1E B9 63,temp=42.00
1779698727.507,0x100,8,00 CC 0A AA 9D C6 87 28,speed=0.00
1779698727.657,0x200,8,2F 64 5B 66 5A 3C E7 30,fuel=100.00
1779698727.768,0x300,8,02 90 87 71 40 A6 85 B0,temp=42.00
1779698727.904,0x100,8,00 8E 5D FA D7 35 40 75,speed=0.00
1779698728.037,0x200,8,05 64 BF 7E A0 6C 6E 50,fuel=100.00
1779698728.114,0x300,8,02 A4 E3 F6 A3 28 16 E0,temp=42.00
1779698728.199,0x100,8,00 DA 79 BD DF 58 73 EA,speed=0.00
1779698728.345,0x200,8,E2 64 6D 7D 91 82 07 BC,fuel=100.00
1779698728.441,0x300,8,02 BD EE D8 F8 73 94 79,temp=42.00
1779698728.517,0x100,8,00 5C EF 88 51 9C DD 5A,speed=0.00
1779698728.589,0x200,8,FA 64 1A 17 08 01 3C 01,fuel=100.00
1779698728.667,0x300,8,02 06 52 B8 4E BF CB FB,temp=42.00
1779698728.735,0x100,8,00 0B BE 74 B3 9D B2 63,speed=0.00
1779698728.900,0x200,8,88 64 37 82 5B BF 0A 8A,fuel=100.00
1779698728.972,0x300,8,02 65 1E 5B AE E0 86 CC,temp=42.00
1779698729.052,0x100,8,00 A1 15 8C AE EE 14 98,speed=0.00
1779698729.119,0x200,8,A3 64 1F 39 69 96 F1 27,fuel=100.00
1779698729.313,0x300,8,02 B0 C8 CF 02 13 8A 78,temp=42.00
1779698729.436,0x100,8,00 45 2E 19 F3 21 7F FA,speed=0.00
1779698729.505,0x200,8,07 64 3C 69 3A 68 11 C3,fuel=100.00
1779698729.631,0x300,8,02 B3 BF 68 5A 1A F4 5E,temp=42.00
1779698729.697,0x100,8,00 B1 BB C3 8D 2F DB B9,speed=0.00
1779698729.832,0x200,8,E5 64 6A C7 FC FA 37 9C,fuel=100.00
1779698729.890,0x300,8,02 C0 49 A6 59 1C C9 5B,temp=42.00
1779698729.969,0x100,8,00 4C 8C 60 46 19 2F FB,speed=0.00
1779698730.082,0x200,8,A6 64 56 FB 0A 07 88 BA,fuel=100.00
1779698730.164,0x300,8,02 6E 73 67 B4 D3 23 D7,temp=42.00
1779698730.253,0x100,8,00 45 01 23 67 4A C9 3A,speed=0.00
1779698730.452,0x200,8,71 64 59 4C 05 26 5E 35,fuel=100.00
1779698730.569,0x300,8,02 42 07 3E 8F BF E9 E2,temp=42.00
1779698730.632,0x100,8,00 69 DE 5D ED 61 39 B6,speed=0.00
1779698730.754,0x200,8,18 64 92 41 C0 2B 35 AB,fuel=100.00
1779698730.823,0x300,8,02 7D 34 13 AF BF 87 F6,temp=42.00
1779698730.956,0x100,8,00 19 22 85 E2 C4 37 39,speed=0.00
1779698731.070,0x200,8,79 64 E1 88 CF 02 5D 98,fuel=100.00
1779698731.148,0x300,8,02 81 0D A6 A3 5B 10 00,temp=42.00
1779698731.220,0x100,8,00 3B F8 47 F7 A3 22 4E,speed=0.00
1779698731.285,0x200,8,2E 64 3C CA 10 C1 59 AE,fuel=100.00
1779698731.416,0x300,8,02 7B DC CB 9C 53 0F 47,temp=42.00
1779698731.479,0x100,8,00 FB 9D D4 BA 93 80 B7,speed=0.00
1779698731.614,0x200,8,3F 64 B2 50 E6 05 07 D5,fuel=100.00
1779698731.680,0x300,8,02 F1 D4 72 14 CE 12 7A,temp=42.00
1779698731.832,0x100,8,00 46 41 2A 32 63 E3 CB,speed=0.00
1779698731.902,0x200,8,11 64 3C EC 9D 2E 03 3A,fuel=100.00
1779698731.969,0x300,8,02 90 2D A3 9F B4 4C 83,temp=42.00
1779698732.039,0x100,8,00 BE 80 8E 32 0D 80 87,speed=0.00
1779698732.139,0x200,8,37 64 6B 51 31 0C 1F BB,fuel=100.00
1779698732.588,0x300,8,02 40 17 80 9E 3F F8 19,temp=42.00
1779698732.738,0x100,8,00 12 60 E8 58 F3 87 C2,speed=0.00
1779698732.804,0x200,8,BB 64 51 B0 E8 DC 49 A6,fuel=100.00
1779698732.934,0x300,8,02 91 1D 8C 61 A4 76 0E,temp=42.00
1779698732.994,0x100,8,00 56 41 BF 26 40 75 A1,speed=0.00
1779698733.139,0x200,8,88 64 F9 09 FA 8C 7A CC,fuel=100.00
1779698733.353,0x300,8,02 88 D4 96 5B 4D D1 52,temp=42.00
1779698733.504,0x100,8,00 62 7B 3C 49 AA FF FC,speed=0.00
1779698733.601,0x200,8,08 64 C0 3F 47 89 CA 0D,fuel=100.00
1779698733.698,0x300,8,02 A2 2A 24 2F AC 77 46,temp=42.00
1779698733.803,0x100,8,00 2E 0C FE 28 EE 5C 56,speed=0.00
1779698733.880,0x200,8,EA 64 CB F1 0B 28 EB 8A,fuel=100.00
1779698734.155,0x300,8,02 EB D2 79 AA D8 60 DC,temp=42.00
1779698734.255,0x100,8,00 D6 AF A0 D9 C7 2E 7E,speed=0.00
1779698734.321,0x200,8,FF 64 CE 68 57 27 0C 1E,fuel=100.00
1779698734.420,0x300,8,02 7C 32 96 9A 87 8D A5,temp=42.00
1779698734.506,0x100,8,00 95 7F 08 1F 70 32 41,speed=0.00
1779698734.565,0x200,8,3D 64 12 A9 2F 4D 37 06,fuel=100.00
1779698734.757,0x300,8,02 9D 3B 0D 0E E4 AA 34,temp=42.00
1779698734.952,0x100,8,00 89 F6 CF 35 B1 2A 50,speed=0.00
1779698735.169,0x200,8,BE 64 95 8C CD 0D 52 8C,fuel=100.00
1779698735.286,0x300,8,02 09 87 B4 07 7C 3A 13,temp=42.00
1779698735.722,0x100,8,00 80 AB 7D A9 91 91 21,speed=0.00
1779698736.720,0x200,8,B8 64 68 CD D6 46 1C 6A,fuel=100.00
1779698737.536,0x300,8,02 E2 8B 7C 35 AF F2 63,temp=42.00
1779698738.441,0x100,8,00 8A 5C 6D EC 48 42 A6,speed=0.00
1779698740.798,0x200,8,3F 64 C5 B7 43 3E DF D2,fuel=100.00
1779698740.889,0x300,8,02 DB 7C D8 01 94 8F 4C,temp=42.00
1779698740.972,0x100,8,00 AA B8 D5 B3 5F D4 23,speed=0.00
1779698741.031,0x200,8,B0 64 50 FB 5D AE 6B C2,fuel=100.00
1779698741.148,0x300,8,02 A3 CD B2 35 C2 F0 8F,temp=42.00
1779698741.233,0x100,8,00 55 96 1E F5 7B 7C 50,speed=0.00
1779698741.324,0x200,8,23 64 3B 5E D2 75 C0 0C,fuel=100.00
1779698741.457,0x300,8,02 77 E4 12 91 5C DF B2,temp=42.00
1779698741.527,0x100,8,00 22 52 33 43 03 09 C1,speed=0.00
1779698741.603,0x200,8,C1 64 C6 7C D4 AD 46 23,fuel=100.00
1779698741.772,0x300,8,02 C3 0D 03 4E FD B7 3A,temp=42.00
1779698741.857,0x100,8,00 57 B2 77 19 29 F0 60,speed=0.00
1779698742.052,0x200,8,03 64 D1 BA BB 02 3C F3,fuel=100.00
1779698742.057,0x300,8,02 AD 4F 54 DE 8D AB 04,temp=42.00
1779698742.180,0x100,8,00 EB 97 F3 B5 F9 1E F8,speed=0.00
1779698742.266,0x200,8,7B 64 FA 01 AA 07 BC 24,fuel=100.00
1779698742.347,0x300,8,02 EC CD 29 CF C8 83 73,temp=42.00
1779698742.518,0x100,8,00 63 1C 53 05 0E 7F 74,speed=0.00
1779698742.578,0x200,8,FB 64 54 72 D6 DD 5B 8A,fuel=100.00
1779698742.636,0x300,8,02 6F 38 74 9D E6 48 87,temp=42.00
1779698742.718,0x100,8,00 C3 89 56 ED B5 F7 EF,speed=0.00
1779698742.838,0x200,8,BE 64 AE F0 4F 83 B9 47,fuel=100.00
1779698742.916,0x300,8,02 09 B9 68 A2 9C 5A 3F,temp=42.00
1779698743.057,0x100,8,00 8D 08 23 57 DE C4 F8,speed=0.00
1779698743.120,0x200,8,36 64 D2 3D D3 E6 CC E7,fuel=100.00
1779698743.315,0x300,8,02 90 5A 3D D0 72 52 44,temp=42.00
1779698743.551,0x100,8,00 1B A3 F6 2E AC 4F 1A,speed=0.00
1779698743.602,0x200,8,0E 64 78 1E 10 DD F2 7C,fuel=100.00
1779698743.659,0x300,8,02 9F 2D D1 E9 49 A6 2A,temp=42.00
1779698743.787,0x100,8,00 4A FD E0 C5 C1 1C E4,speed=0.00
1779698743.851,0x200,8,DD 64 03 AC 22 28 71 6B,fuel=100.00
1779698743.982,0x300,8,02 3C B2 8C CD 6F A1 20,temp=42.00
1779698744.069,0x100,8,00 65 29 5F 5B 50 9C B0,speed=0.00
1779698744.183,0x200,8,58 64 EB 16 69 FE E0 E8,fuel=100.00
1779698744.549,0x300,8,02 4C 4B 4A 6B 85 98 5F,temp=42.00
1779698744.698,0x100,8,00 48 F1 B8 37 B2 AB C7,speed=0.00
1779698745.740,0x200,8,CC 64 37 38 18 FD E1 6A,fuel=100.00
1779698745.858,0x300,8,02 AE E3 87 02 39 5B 12,temp=42.00
1779698746.005,0x100,8,00 C8 54 2A 7D F1 71 73,speed=0.00
1779698746.117,0x200,8,CC 64 46 D6 02 F7 3A 0D,fuel=100.00
1779698746.253,0x300,8,02 7D 61 9F E7 75 65 BF,temp=42.00
1779698746.307,0x100,8,00 C8 D1 5A 64 02 02 93,speed=0.00
1779698746.469,0x200,8,3F 64 BC 54 C4 99 C3 5E,fuel=100.00
1779698746.540,0x300,8,02 93 A0 71 4B 6E BF 12,temp=42.00
1779698747.099,0x100,8,00 12 23 57 C7 2D EC 3A,speed=0.00
1779698747.152,0x200,8,9B 64 46 3D 29 08 CA D2,fuel=100.00
1779698747.257,0x300,8,02 A5 B8 CD 69 95 E8 86,temp=42.00
1779698747.335,0x100,8,00 C7 F4 55 66 32 FD 2E,speed=0.00
1779698747.446,0x200,8,CE 64 E2 A3 80 33 6C 61,fuel=100.00
1779698747.597,0x300,8,02 D4 10 07 5E 2A 2B 02,temp=42.00
1779698747.667,0x100,8,00 DE 08 EC 7F 21 C5 F8,speed=0.00
1779698747.767,0x200,8,66 64 95 A9 CD 2A 7E AB,fuel=100.00
1779698747.938,0x300,8,02 F0 65 06 6C 2F 95 48,temp=42.00
1779698748.574,0x100,8,00 D9 DB 86 9A 4A BD 5A,speed=0.00
1779698748.637,0x200,8,FB 64 40 B4 AA A4 3B 4E,fuel=100.00
1779698748.684,0x300,8,02 36 8F BE A7 B4 D3 F4,temp=42.00
1779698748.929,0x100,8,00 EE 56 5D A8 39 3E B2,speed=0.00
1779698749.238,0x200,8,42 64 D8 1B EA 5C B0 83,fuel=100.00
1779698749.314,0x300,8,02 D9 AE 49 42 D1 B9 45,temp=42.00
1779698749.388,0x100,8,00 61 7E 38 87 35 74 47,speed=0.00
1779698749.497,0x200,8,8E 64 10 7B 3E CC 69 AD,fuel=100.00
1779698749.637,0x300,8,02 00 74 10 65 C1 2D 90,temp=42.00
1779698749.735,0x100,8,00 82 77 47 4D 68 CC F4,speed=0.00
1779698749.799,0x200,8,D8 64 59 B5 63 C5 B0 3A,fuel=100.00
1779698749.913,0x300,8,02 72 D0 DD 2B B3 90 AF,temp=42.00
1779698750.004,0x100,8,00 07 3E A2 30 59 01 28,speed=0.00
1779698750.157,0x200,8,36 64 F7 C6 6A D2 F5 65,fuel=100.00
1779698750.267,0x300,8,02 51 97 59 71 23 B2 B0,temp=42.00
1779698750.372,0x100,8,00 D4 37 4B 55 63 E7 D6,speed=0.00
1779698750.570,0x200,8,20 64 25 98 63 37 9C E5,fuel=100.00
1779698750.668,0x300,8,02 C2 18 65 38 F3 33 2B,temp=42.00
1779698750.765,0x100,8,00 82 6A BD 1C F3 41 1A,speed=0.00
1779698751.040,0x200,8,77 64 CB 5B 3F 02 41 DD,fuel=100.00
1779698751.186,0x300,8,02 78 0E D4 77 D5 C7 1D,temp=42.00
1779698751.387,0x100,8,00 9E F9 33 BB CA B4 84,speed=0.00
1779698751.556,0x200,8,38 64 1A 00 D0 D8 2D CE,fuel=100.00
1779698751.670,0x300,8,02 A2 65 4D 97 48 10 E1,temp=42.00
1779698751.755,0x100,8,00 11 35 C5 08 C7 EE 21,speed=0.00
1779698751.855,0x200,8,84 64 92 82 36 5B D3 89,fuel=100.00
1779698752.070,0x300,8,02 76 5B 65 3B F9 C2 DF,temp=42.00
1779698752.298,0x100,8,00 C2 EC 9A C6 11 92 1F,speed=0.00
1779698752.571,0x200,8,5F 64 59 4D 37 68 67 43,fuel=100.00
1779698752.687,0x300,8,02 20 61 95 EE ED F3 6A,temp=42.00
1779698752.786,0x100,8,00 50 DB FE 91 72 67 ED,speed=0.00
1779698753.023,0x200,8,A5 64 23 52 DF 6B 76 02,fuel=100.00
1779698753.256,0x300,8,02 C2 1C 03 31 A3 17 E7,temp=42.00
1779698753.351,0x100,8,00 DC F4 E5 65 B6 11 4D,speed=0.00
1779698753.432,0x200,8,54 64 D9 F6 29 06 19 3A,fuel=100.00
1779698753.552,0x300,8,02 D5 B6 A8 31 53 66 59,temp=42.00
1779698753.651,0x100,8,00 1D 6B 5F E8 46 C8 4C,speed=0.00
1779698753.719,0x200,8,D8 64 D3 DF 87 64 74 F2,fuel=100.00
1779698753.986,0x300,8,02 27 54 96 E1 46 A3 03,temp=42.00
1779698754.071,0x100,8,00 FA FF FD 5C 61 59 31,speed=0.00
1779698754.147,0x200,8,86 64 84 E5 42 AB 1A A0,fuel=100.00
1779698754.234,0x300,8,02 88 6A 14 B7 C5 71 EC,temp=42.00
1779698754.379,0x100,8,00 E5 40 ED 54 B5 D2 5F,speed=0.00
1779698754.457,0x200,8,4E 64 0C A6 18 3F 0D 14,fuel=100.00
1779698754.522,0x300,8,02 05 C6 DC BF DE 2B DC,temp=42.00
1779698754.671,0x100,8,00 C4 DE 58 7A 43 56 05,speed=0.00
1779698754.758,0x200,8,0E 64 1D D3 67 3F 33 39,fuel=100.00
1779698754.840,0x300,8,02 53 5F B9 3A 35 65 21,temp=42.00
1779698754.943,0x100,8,00 E8 DD E0 EA 38 CC D8,speed=0.00
1779698755.003,0x200,8,12 64 4E 94 BC 48 AB 78,fuel=100.00
1779698755.070,0x300,8,02 2F 3B AC EF 7D 2A 46,temp=42.00
1779698755.421,0x100,8,00 76 28 FC 3B A8 CA D6,speed=0.00
1779698755.535,0x200,8,17 64 91 53 0E 47 19 09,fuel=100.00
1779698755.612,0x300,8,02 26 36 82 E2 05 49 BD,temp=42.00
1779698755.674,0x100,8,00 E5 40 E5 63 3D 26 91,speed=0.00
1779698756.049,0x200,8,1D 64 EF AF 52 00 51 7E,fuel=100.00
1779698756.168,0x300,8,02 AC F3 6C AD B9 57 A0,temp=42.00
1779698756.437,0x100,8,00 ED 6F 16 80 E6 14 48,speed=0.00
1779698756.634,0x200,8,BD 64 C3 3F 32 36 41 F9,fuel=100.00
1779698756.691,0x300,8,02 FB 8C 96 A7 47 08 36,temp=42.00
1779698756.966,0x100,8,00 B0 48 E9 59 0A 25 81,speed=0.00
1779698757.239,0x200,8,BD 64 EE 4B C1 2E 3C E0,fuel=100.00
1779698757.372,0x300,8,02 45 A4 58 4F 59 54 56,temp=42.00
1779698757.558,0x100,8,00 E2 8B 22 A2 74 70 4E,speed=0.00
1779698757.648,0x200,8,5C 64 7A 3C 94 88 56 ED,fuel=100.00
1779698757.722,0x300,8,02 8C 63 3E 84 87 5A 92,temp=42.00
1779698757.854,0x100,8,00 AD 36 A3 F1 1D B6 8A,speed=0.00
1779698757.923,0x200,8,EF 64 11 97 2C D1 E5 85,fuel=100.00
1779698758.019,0x300,8,02 BB 89 02 09 82 C5 4F,temp=42.00
1779698758.173,0x100,8,00 B0 F7 60 05 0C F0 3C,speed=0.00
1779698758.272,0x200,8,99 64 5E 77 58 14 3B DE,fuel=100.00
1779698758.279,0x300,8,02 38 59 11 50 BD 65 1D,temp=42.00
1779698758.573,0x100,8,00 74 35 1B 5F 6D 1B 3F,speed=0.00
1779698758.741,0x200,8,BF 64 C5 F8 37 07 C1 7B,fuel=100.00
1779698759.007,0x300,8,02 13 18 6D 74 82 41 56,temp=42.00
1779698759.297,0x100,8,00 96 8C 38 2E BE 28 BE,speed=0.00
1779698759.356,0x200,8,3D 64 2D CA 35 B7 85 38,fuel=100.00
1779698759.415,0x300,8,02 B3 CA F8 AD 09 9C CF,temp=42.00
1779698759.541,0x100,8,00 28 E3 FE 83 01 7B ED,speed=0.00
1779698759.649,0x200,8,E6 64 2F 69 68 9E 13 4B,fuel=100.00
1779698759.724,0x300,8,02 13 D0 D5 DA 30 7D 50,temp=42.00
1779698759.810,0x100,8,00 DE 48 B0 C1 98 D2 16,speed=0.00
1779698759.881,0x200,8,63 64 51 50 C2 A4 EA 0F,fuel=100.00
1779698760.090,0x300,8,02 4F 12 A6 89 C6 03 4E,temp=42.00
1779698760.198,0x100,8,00 2E EE 5E A2 FB 4B 3C,speed=0.00
1779698760.291,0x200,8,65 64 B3 36 62 DD 2E F8,fuel=100.00
1779698760.366,0x300,8,02 EE C3 21 1B 31 28 07,temp=42.00
1779698760.471,0x100,8,00 7B FA 6A FE 5F 6C FB,speed=0.00
1779698760.571,0x200,8,F3 64 DF 63 29 37 2A C6,fuel=100.00
1779698760.655,0x300,8,02 8A 8F 5E F7 DF 49 21,temp=42.00
1779698760.752,0x100,8,00 3F AE C6 7E 34 87 39,speed=0.00
1779698760.820,0x200,8,0D 64 16 98 A4 67 96 4C,fuel=100.00
1779698760.903,0x300,8,02 DB 36 D3 8C 1A 06 E9,temp=42.00
1779698761.001,0x100,8,00 58 3E 8F 26 32 E5 FC,speed=0.00
1779698761.131,0x200,8,E6 64 80 3A 97 9B CD 63,fuel=100.00
1779698761.184,0x300,8,02 DB 19 D8 0A FA B7 1D,temp=42.00
1779698761.318,0x100,8,00 BA 69 19 D3 D9 4D 3A,speed=0.00
1779698761.399,0x200,8,52 64 C7 9C 24 10 42 76,fuel=100.00
1779698761.536,0x300,8,02 B1 56 0F B0 30 D1 62,temp=42.00
1779698761.933,0x100,8,00 D1 D3 9E C1 7B D7 95,speed=0.00
1779698762.031,0x200,8,A6 64 18 17 EE 10 D8 EA,fuel=100.00
1779698762.213,0x300,8,02 6B 63 49 42 14 66 3A,temp=42.00
1779698762.286,0x100,8,00 8C 8D 3D 50 71 69 5D,speed=0.00
1779698762.364,0x200,8,FF 64 1F 15 FF 1A DC AD,fuel=100.00
1779698762.415,0x300,8,02 11 F6 B3 8A 5A BE B7,temp=42.00
1779698762.520,0x100,8,00 CC B4 9F 31 D5 10 99,speed=0.00
1779698762.620,0x200,8,D4 64 F7 23 54 FA 42 09,fuel=100.00
1779698762.740,0x300,8,02 C4 49 E3 32 D8 35 19,temp=42.00
1779698762.857,0x100,8,00 A3 2E BF 4F 66 CD AE,speed=0.00
1779698762.951,0x200,8,93 64 82 EE 05 57 97 2E,fuel=100.00
1779698763.054,0x300,8,02 59 F4 93 3B 63 CE 5E,temp=42.00
1779698763.166,0x100,8,00 65 00 D5 E0 6C 4F 4D,speed=0.00
1779698763.273,0x200,8,82 64 D3 12 28 9A B5 64,fuel=100.00
1779698763.374,0x300,8,02 D6 F7 46 92 20 83 CD,temp=42.00
1779698763.490,0x100,8,00 CC 2B 32 32 C9 E1 E7,speed=0.00
1779698763.556,0x200,8,06 64 DC BF 62 92 43 E1,fuel=100.00
1779698763.647,0x300,8,02 9A 55 78 61 9D 4A 72,temp=42.00
1779698763.791,0x100,8,00 78 91 D9 EB 32 E1 EE,speed=0.00
1779698763.884,0x200,8,93 64 7A EA 2B 9B 7F D2,fuel=100.00
1779698763.971,0x300,8,02 64 6A C9 20 2A 69 EB,temp=42.00
1779698764.022,0x100,8,00 54 EA ED B8 52 7D CD,speed=0.00
1779698764.171,0x200,8,2C 64 34 94 F0 33 FA EF,fuel=100.00
1779698764.284,0x300,8,02 18 29 65 41 8D 69 60,temp=42.00
1779698764.339,0x100,8,00 59 B3 7E 11 BD EC CB,speed=0.00
1779698764.405,0x200,8,49 64 72 4C 94 ED 3F 49,fuel=100.00
1779698764.498,0x300,8,02 63 72 CA BB AC 6B D7,temp=42.00
1779698764.623,0x100,8,00 7B 53 F1 B0 DC 56 DF,speed=0.00
1779698764.683,0x200,8,DE 64 58 50 7E F9 06 DF,fuel=100.00
1779698764.802,0x300,8,02 34 E0 70 00 92 5A CF,temp=42.00
1779698764.937,0x100,8,00 2B 85 66 A9 EB A0 AF,speed=0.00
1779698765.133,0x200,8,7C 64 60 79 1C 71 56 F4,fuel=100.00
1779698765.230,0x300,8,02 CD 1D D8 33 67 04 F2,temp=42.00
1779698765.364,0x100,8,00 14 55 C8 EB 42 B9 25,speed=0.00
1779698765.459,0x200,8,D0 64 AE 05 58 6E 23 9D,fuel=100.00
1779698765.562,0x300,8,02 17 55 99 3E 2B A1 44,temp=42.00
1779698765.657,0x100,8,00 1A C2 56 1D B0 75 83,speed=0.00
1779698765.753,0x200,8,CB 64 59 40 57 82 D7 A1,fuel=100.00
1779698765.874,0x300,8,02 9B B4 26 72 E3 04 A2,temp=42.00
1779698766.000,0x100,8,00 32 4F EC 27 EB E4 8A,speed=0.00
1779698766.122,0x200,8,03 64 B9 A5 E0 89 77 DA,fuel=100.00
1779698766.234,0x300,8,02 D1 BD 7D B0 C6 38 5F,temp=42.00
1779698766.284,0x100,8,00 FF 1C FD 93 DB D3 48,speed=0.00
1779698766.355,0x200,8,5A 64 E7 BE 63 01 E3 F5,fuel=100.00
1779698766.531,0x300,8,02 6D CA 91 64 A7 2A 20,temp=42.00
1779698766.594,0x100,8,00 C8 27 4D 2C 90 A5 A7,speed=0.00
1779698766.704,0x200,8,C8 64 18 3E 99 EC BE F5,fuel=100.00
1779698766.781,0x300,8,02 7D E9 47 F9 F4 06 85,temp=42.00
1779698766.857,0x100,8,00 77 AC D5 38 F7 E8 2D,speed=0.00
1779698766.947,0x200,8,C6 64 1A 43 61 5B D3 CB,fuel=100.00
1779698767.069,0x300,8,02 46 B8 CE 1C BC 8A 5F,temp=42.00
1779698767.174,0x100,8,00 4E 1F 15 A0 13 87 CE,speed=0.00
1779698767.273,0x200,8,F5 64 E3 0A DC 2C 2E 22,fuel=100.00
1779698767.373,0x300,8,02 AB 03 E0 0E CD DE 5C,temp=42.00
1779698767.570,0x100,8,00 80 4E 47 49 2B E6 6C,speed=0.00
1779698767.636,0x200,8,60 64 99 2B 33 1A A1 1A,fuel=100.00
1779698767.704,0x300,8,02 29 63 F4 C2 E8 B1 5C,temp=42.00
1779698768.247,0x100,8,00 75 AE 86 9B E9 FA 50,speed=0.00
1779698768.336,0x200,8,CB 64 5E D4 BB D4 1A FF,fuel=100.00
1779698768.417,0x300,8,02 71 A3 04 75 CB D1 82,temp=42.00
1779698768.504,0x100,8,00 AD AE 22 FB 69 D8 D7,speed=0.00
1779698768.574,0x200,8,B9 64 32 36 DC 8E 80 42,fuel=100.00
1779698768.712,0x300,8,02 75 4B 07 04 35 55 C6,temp=42.00
1779698768.770,0x100,8,00 7C B9 10 25 01 7E D6,speed=0.00
1779698768.839,0x200,8,D4 64 80 EA 43 60 51 13,fuel=100.00
1779698768.998,0x300,8,02 D1 3A CE F0 92 75 44,temp=42.00
1779698769.068,0x100,8,00 62 5E 8E E4 D4 AC 69,speed=0.00
1779698769.260,0x200,8,80 64 41 0E D4 AE B3 52,fuel=100.00
1779698769.387,0x300,8,02 52 EC 47 58 69 07 0A,temp=42.00
1779698769.473,0x100,8,00 39 C3 04 24 CF 49 A2,speed=0.00
1779698769.648,0x200,8,0E 64 D4 CB E0 9E FC 10,fuel=100.00
1779698769.771,0x300,8,02 9C 82 1E 88 E5 93 69,temp=42.00
1779698769.875,0x100,8,00 4C 02 0B 3E CC C0 0F,speed=0.00
1779698769.939,0x200,8,19 64 30 23 95 F6 B0 B9,fuel=100.00
1779698770.072,0x300,8,02 E4 E2 A6 94 9D 90 EC,temp=42.00
1779698770.150,0x100,8,00 AB 5A 3F E5 A8 76 A0,speed=0.00
1779698770.231,0x200,8,1B 64 82 4C 44 E5 82 E4,fuel=100.00
1779698770.906,0x300,8,02 2B 09 A6 CA BC 81 8D,temp=42.00
1779698771.486,0x100,8,00 4F B5 5A E2 DA 9E B1,speed=0.00
1779698771.899,0x200,8,8B 64 7D 7D 0E C5 34 78,fuel=100.00
1779698772.033,0x300,8,02 CA 1E BF 0E 2E DE 8F,temp=42.00
1779698772.133,0x100,8,00 D2 CE CA 66 23 2C 57,speed=0.00
1779698772.421,0x200,8,F7 64 6F 6D 2E DF C4 3F,fuel=100.00
1779698772.681,0x300,8,02 0B E1 0C 24 53 D6 E8,temp=42.00
1779698772.986,0x100,8,00 81 D7 1A CC C3 B0 B5,speed=0.00
1779698773.472,0x200,8,C9 64 93 65 73 5E CA 10,fuel=100.00
1779698773.839,0x300,8,02 E6 FE CA 26 D4 7B 21,temp=42.00
1779698774.171,0x100,8,00 94 B2 01 49 00 3F 0F,speed=0.00
1779698774.371,0x200,8,99 64 07 43 C7 23 BB 47,fuel=100.00
1779698774.489,0x300,8,02 2E 81 82 B0 96 FD 49,temp=42.00
1779698774.641,0x100,8,00 CF D2 57 1C 82 57 85,speed=0.00
1779698774.756,0x200,8,A3 64 3C A2 5A 1D 21 35,fuel=100.00
1779698774.837,0x300,8,02 EA 6C FA 9B B8 64 96,temp=42.00
1779698774.924,0x100,8,00 34 50 9A 06 A7 71 17,speed=0.00
1779698775.104,0x200,8,18 64 AB 97 99 57 C8 62,fuel=100.00
1779698775.421,0x300,8,02 5C 5F 05 00 0C 05 05,temp=42.00
1779698775.952,0x100,8,00 3E 7E E9 84 B0 21 26,speed=0.00
1779698776.066,0x200,8,FC 64 C2 B6 6A C3 32 E1,fuel=100.00
1779698776.162,0x300,8,02 62 91 16 7C F0 ED 53,temp=42.00
1779698776.217,0x100,8,00 4F DC 36 F1 F1 2B 5D,speed=0.00
1779698776.326,0x200,8,B0 64 67 CE BF A7 FC 9B,fuel=100.00
1779698776.416,0x300,8,02 CB C2 3E D1 B2 0A 9D,temp=42.00
1779698776.518,0x100,8,00 48 65 C9 97 CD AC AB,speed=0.00
1779698776.612,0x200,8,21 64 45 6F 59 4D 91 2C,fuel=100.00
1779698776.718,0x300,8,02 CF D9 C1 A9 42 64 23,temp=42.00
1779698776.804,0x100,8,00 DD D5 D4 7E 2D C3 6F,speed=0.00
1779698776.912,0x200,8,4B 64 11 83 B7 B1 B7 3F,fuel=100.00
1779698777.005,0x300,8,02 62 E5 CA 09 5C 56 14,temp=42.00
1779698777.108,0x100,8,00 80 9A C1 93 59 87 DE,speed=0.00
1779698777.228,0x200,8,93 64 D6 5D 1C FB 28 18,fuel=100.00
1779698777.337,0x300,8,02 A5 30 95 0C 0F 52 69,temp=42.00
1779698777.341,0x100,8,00 01 FF 81 BB 2F E7 A7,speed=0.00
1779698777.457,0x200,8,85 64 CB D2 2A B4 81 54,fuel=100.00
1779698777.586,0x300,8,02 A6 66 F8 EF 0E B8 49,temp=42.00
1779698777.665,0x100,8,00 25 75 1C AA E5 70 58,speed=0.00
1779698777.755,0x200,8,40 64 96 7C 6E A0 B9 28,fuel=100.00
1779698777.859,0x300,8,02 C5 E4 77 51 98 1E 14,temp=42.00
1779698777.954,0x100,8,00 10 F1 9B AB 56 2B 47,speed=0.00
1779698778.040,0x200,8,96 64 B8 FA 44 C7 30 AF,fuel=100.00
1779698778.170,0x300,8,02 5C 8E 56 91 73 C0 68,temp=42.00
1779698778.308,0x100,8,00 77 01 78 C1 F4 67 1A,speed=0.00
1779698778.454,0x200,8,30 64 D5 AA 61 9A CC CD,fuel=100.00
1779698778.548,0x300,8,02 FB EF E9 23 B0 C5 20,temp=42.00
1779698778.650,0x100,8,00 EC D4 4E 45 E1 9B B1,speed=0.00
1779698778.741,0x200,8,37 64 73 91 C3 B4 E7 ED,fuel=100.00
1779698778.849,0x300,8,02 5B 77 80 DC FF 7A AA,temp=42.00
1779698778.931,0x100,8,00 5D DC 27 24 66 28 26,speed=0.00
1779698778.987,0x200,8,F3 64 D9 C7 DA B0 5F 7D,fuel=100.00
1779698779.053,0x300,8,02 13 C9 6F B6 B8 56 2E,temp=42.00
1779698779.153,0x100,8,00 F8 18 23 D7 34 83 5D,speed=0.00
1779698779.289,0x200,8,69 64 F7 AF 15 73 D8 D4,fuel=100.00
1779698779.405,0x300,8,02 5D C6 FA A5 BE 95 AA,temp=42.00
1779698779.483,0x100,8,00 39 E9 2C 8A 4C 00 AE,speed=0.00
1779698779.589,0x200,8,E2 64 D4 7B D8 65 43 61,fuel=100.00
1779698779.773,0x300,8,02 E8 59 04 32 25 A1 43,temp=42.00
1779698779.879,0x100,8,00 C8 D4 81 0F 7D 21 EF,speed=0.00
1779698779.990,0x200,8,EB 64 19 18 29 6B FB 05,fuel=100.00
1779698780.101,0x300,8,02 03 7C 1C EB 96 50 EA,temp=42.00
1779698780.161,0x100,8,00 63 30 2A E0 9C AB 57,speed=0.00
1779698780.229,0x200,8,42 64 F0 7F CA 25 97 87,fuel=100.00
1779698780.335,0x300,8,02 29 33 20 C9 46 D0 FB,temp=42.00
1779698780.438,0x100,8,00 C9 66 D4 60 7C C3 73,speed=0.00
1779698780.539,0x200,8,2A 64 6D 60 11 E6 6D F3,fuel=100.00
1779698780.700,0x300,8,02 B2 A2 DC F9 95 B5 D1,temp=42.00
1779698780.845,0x100,8,00 13 FF 3B B5 36 AA B5,speed=0.00
1779698780.917,0x200,8,6A 64 44 D7 D5 54 07 16,fuel=100.00
1779698781.019,0x300,8,02 62 BB B4 F3 02 D8 00,temp=42.00
1779698781.135,0x100,8,00 89 3F 0D 51 4A 68 91,speed=0.00
1779698781.433,0x200,8,72 64 47 35 E6 4C 83 2C,fuel=100.00
1779698781.490,0x300,8,02 9E 3A 5B DA 20 A5 E2,temp=42.00
1779698781.545,0x100,8,00 2A 05 DF C0 55 BC 9B,speed=0.00
1779698781.641,0x200,8,32 64 E9 31 8E 11 13 E6,fuel=100.00
1779698781.827,0x300,8,02 A8 78 EC 9E 7E 1B 56,temp=42.00
1779698781.983,0x100,8,00 AF 64 FA 00 99 8F 83,speed=0.00
1779698782.057,0x200,8,EA 64 0C 19 28 C3 51 2C,fuel=100.00
1779698782.136,0x300,8,02 93 BC 8E 39 BB 85 EE,temp=42.00
1779698782.263,0x100,8,00 B3 3F 11 A4 33 61 DF,speed=0.00
1779698782.335,0x200,8,D4 64 02 77 8E 4A C0 10,fuel=100.00
1779698782.399,0x300,8,02 83 B0 0A FA 01 53 74,temp=42.00
1779698782.552,0x100,8,00 0D E0 2F 45 B2 1D EA,speed=0.00
1779698782.620,0x200,8,B7 64 96 AC 22 32 D5 06,fuel=100.00
1779698782.688,0x300,8,02 E2 F0 DE F0 88 EA 89,temp=42.00
1779698782.787,0x100,8,00 13 86 0D B3 72 E2 84,speed=0.00
1779698782.882,0x200,8,19 64 FE 8B C7 4C 19 30,fuel=100.00
1779698782.948,0x300,8,02 53 C3 EE 29 25 54 D1,temp=42.00
1779698783.068,0x100,8,00 F5 CF 5E 6D EA ED 72,speed=0.00
1779698783.155,0x200,8,70 64 B2 1F 4C F7 13 BF,fuel=100.00
1779698783.286,0x300,8,02 72 D3 44 0A 87 96 5D,temp=42.00
1779698783.352,0x100,8,00 AC 41 FB CA 01 D8 AB,speed=0.00
1779698783.420,0x200,8,73 64 F2 A9 6A B2 78 3E,fuel=100.00
1779698783.544,0x300,8,02 74 1C E5 B9 B9 44 D2,temp=42.00
1779698783.606,0x100,8,00 A3 B9 08 73 E7 3A 80,speed=0.00
1779698783.724,0x200,8,65 64 62 7B 0B 30 93 87,fuel=100.00
1779698783.816,0x300,8,02 ED 41 CF B7 3B 3A AE,temp=42.00
1779698783.891,0x100,8,00 6E EB 1D A8 4D 5C 6A,speed=0.00
1779698784.021,0x200,8,A8 64 63 39 97 40 D3 22,fuel=100.00
1779698784.122,0x300,8,02 D0 A9 27 12 BC 00 E6,temp=42.00
1779698784.338,0x100,8,00 E1 24 E6 8C D1 10 F6,speed=0.00
1779698784.438,0x200,8,3D 64 E0 F7 97 18 35 87,fuel=100.00
1779698784.535,0x300,8,02 BF 07 BB 20 7D 83 D4,temp=42.00
1779698784.705,0x100,8,00 85 18 CE B4 EA DB 64,speed=0.00
1779698784.890,0x200,8,FF 64 0C 5E B6 32 1B F8,fuel=100.00
1779698785.056,0x300,8,02 A7 89 08 6E FC 25 E6,temp=42.00
1779698785.303,0x100,8,00 A2 AD 2D AC CD 25 ED,speed=0.00
1779698785.573,0x200,8,8C 64 2A 89 23 18 7C 1A,fuel=100.00
1779698785.886,0x300,8,02 8E 9D EA D4 8F 8A 30,temp=42.00
1779698786.241,0x100,8,00 1E 9B A0 3E A2 8C 74,speed=0.00
1779698786.524,0x200,8,71 64 8C 08 8E 14 1B B6,fuel=100.00
1779698786.757,0x300,8,02 DA 52 10 85 15 8C FD,temp=42.00
1779698786.882,0x100,8,00 F2 FB 04 B3 94 32 0A,speed=0.00
1779698786.885,0x200,8,68 64 12 2F E2 35 A0 BD,fuel=100.00
1779698787.000,0x300,8,02 F0 F6 5F 3D 31 5B A2,temp=42.00
1779698787.549,0x100,8,00 82 A7 E7 33 E9 5A 35,speed=0.00
1779698787.688,0x200,8,80 64 07 D3 A9 EC C1 2E,fuel=100.00
1779698787.751,0x300,8,02 02 D2 7B 50 59 26 C8,temp=42.00
1779698787.857,0x100,8,00 6F 9F A6 2C A3 43 75,speed=0.00
1779698787.958,0x200,8,A4 64 4D BC A8 5B 6C D7,fuel=100.00
1779698788.030,0x300,8,02 8B 22 2B 69 11 D3 B7,temp=42.00
1779698788.123,0x100,8,00 AB 23 22 65 4F 80 20,speed=0.00
1779698788.233,0x200,8,52 64 84 D8 42 B7 ED D1,fuel=100.00
1779698788.306,0x300,8,02 BF EA 61 64 A2 85 3F,temp=42.00
1779698788.390,0x100,8,00 12 09 73 1D 43 9C 0D,speed=0.00
1779698788.495,0x200,8,2A 64 2F 37 EA A6 17 A7,fuel=100.00
1779698788.586,0x300,8,02 2A D6 53 35 3A 55 05,temp=42.00
1779698788.722,0x100,8,00 B5 A9 04 F2 D9 A7 4E,speed=0.00
1779698788.790,0x200,8,3A 64 FA 87 65 AB D2 55,fuel=100.00
1779698788.872,0x300,8,02 81 C5 91 BD 85 D8 90,temp=42.00
1779698788.985,0x100,8,00 42 F6 20 4B 45 F5 F8,speed=0.00
1779698789.052,0x200,8,FC 64 60 AA B8 34 6F 2B,fuel=100.00
1779698789.171,0x300,8,02 8B 44 96 08 82 62 4C,temp=42.00
1779698789.231,0x100,8,00 AB 83 F2 F6 49 BA 83,speed=0.00
1779698789.330,0x200,8,25 64 DF 45 20 39 79 75,fuel=100.00
1779698790.903,0x300,8,02 B3 8D 41 2E 34 20 4B,temp=42.00
1779698791.069,0x100,8,00 2B 2F 55 B6 3F 5D 35,speed=0.00
1779698791.168,0x200,8,99 64 1A 9D 8E E9 AC 24,fuel=100.00
1779698791.231,0x300,8,02 91 9A 09 43 57 CE C8,temp=42.00
1779698791.304,0x100,8,00 5F 34 02 B7 A5 42 CA,speed=0.00
1779698791.455,0x200,8,E6 64 B7 E8 5E E1 34 59,fuel=100.00
1779698791.532,0x300,8,02 48 4F 4E A8 F5 9C C4,temp=42.00
1779698791.668,0x100,8,00 64 65 F6 08 D4 F0 E9,speed=0.00
1779698791.887,0x200,8,DA 64 F9 08 22 57 5B 75,fuel=100.00
1779698792.461,0x300,8,02 21 44 59 A6 2A 37 25,temp=42.00
1779698793.223,0x100,8,00 6E 69 95 CB A2 DD 4A,speed=0.00
1779698793.735,0x200,8,9B 64 5E A1 C6 C0 85 1A,fuel=100.00
1779698794.250,0x300,8,02 83 C0 08 07 43 D3 01,temp=42.00
1779698794.623,0x100,8,00 9D C9 67 F3 25 75 72,speed=0.00
1779698794.950,0x200,8,EA 64 17 7E 4A C3 A5 0A,fuel=100.00
1779698796.401,0x300,8,02 7D C8 3C C0 AA 46 69,temp=42.00
1779698796.472,0x100,8,00 65 7A 20 35 E3 24 21,speed=0.00
1779698797.075,0x200,8,85 64 FD E9 6B 67 71 D9,fuel=100.00
1779698797.337,0x300,8,02 7C F4 98 89 B5 68 27,temp=42.00
1779698797.484,0x100,8,00 13 25 59 FB E6 31 04,speed=0.00
1779698797.589,0x200,8,CD 64 E2 70 8D DE 8A 38,fuel=100.00
1779698797.738,0x300,8,02 0F 46 76 A6 21 02 27,temp=42.00
1779698797.810,0x100,8,00 C2 68 37 AF 9C E4 2E,speed=0.00
1779698797.917,0x200,8,B4 64 99 43 92 6E 6D 0F,fuel=100.00
1779698798.031,0x300,8,02 05 C6 67 6E 24 6F 27,temp=42.00
1779698798.100,0x100,8,00 27 37 29 91 81 7C 16,speed=0.00
1779698798.207,0x200,8,FB 64 19 03 27 C2 F7 46,fuel=100.00
1779698798.268,0x300,8,02 C0 91 0D 69 1E 33 14,temp=42.00
1779698798.373,0x100,8,00 AF 80 7A 67 D5 A9 69,speed=0.00
1779698798.455,0x200,8,F8 64 47 A1 D8 B8 5B F1,fuel=100.00
1779698798.602,0x300,8,02 E7 74 55 C4 D3 32 B3,temp=42.00
1779698798.654,0x100,8,00 13 06 E1 86 5D 49 7A,speed=0.00
1779698798.755,0x200,8,D3 64 B9 EA 24 9D 53 80,fuel=100.00
1779698798.840,0x300,8,02 DC 34 A7 FB 4C 1B 04,temp=42.00
1779698798.992,0x100,8,00 C4 C2 49 4C A1 29 5D,speed=0.00
1779698799.084,0x200,8,FC 64 25 47 12 58 3E 8E,fuel=100.00
1779698799.149,0x300,8,02 C0 50 F9 0D 67 40 5E,temp=42.00
1779698799.223,0x100,8,00 4C 90 2D AC E0 6F 44,speed=0.00
1779698799.331,0x200,8,87 64 BA F3 09 DE 22 4C,fuel=100.00
1779698799.404,0x300,8,02 8B EA 1B 11 31 75 39,temp=42.00
1779698799.521,0x100,8,00 BE 85 F9 2D 41 CA F0,speed=0.00
1779698799.586,0x200,8,08 64 B6 21 97 08 7A 0E,fuel=100.00
1779698799.686,0x300,8,02 61 A8 C6 88 AB 3F FB,temp=42.00
1779698799.768,0x100,8,00 28 41 1C 9A 66 C6 18,speed=0.00
1779698799.872,0x200,8,BB 64 57 B4 BC 2A DC E0,fuel=100.00
1779698799.966,0x300,8,02 7C F1 4A 17 0B EF 78,temp=42.00
1779698800.054,0x100,8,00 5E F3 DE AE 71 65 37,speed=0.00
1779698800.172,0x200,8,C3 64 DB 7E 0D 9B B4 C2,fuel=100.00
1779698800.255,0x300,8,02 E0 5D D7 61 0D FC FE,temp=42.00
1779698800.414,0x100,8,00 DE 3D 25 AA 26 74 08,speed=0.00
1779698800.535,0x200,8,FC 64 67 67 11 E7 25 70,fuel=100.00
1779698800.684,0x300,8,02 90 A3 0F 1A 98 D9 89,temp=42.00
1779698800.758,0x100,8,00 CB 4C B5 D6 9E EA 45,speed=0.00
1779698800.869,0x200,8,64 64 54 6C B7 30 B2 65,fuel=100.00
1779698800.981,0x300,8,02 0B 6B 10 5E 3B D7 6C,temp=42.00
1779698801.118,0x100,8,00 A4 6F 53 E8 BD 4A 99,speed=0.00
1779698801.206,0x200,8,13 64 1C D6 20 08 7D 06,fuel=100.00
1779698801.329,0x300,8,02 36 42 65 1A 38 CF 7D,temp=42.00
1779698801.368,0x100,8,00 FF 53 09 67 0A E6 DF,speed=0.00
1779698801.457,0x200,8,7D 64 20 7D 56 4D 84 38,fuel=100.00
1779698801.627,0x300,8,02 11 59 8F 89 E7 61 84,temp=42.00
1779698801.732,0x100,8,00 24 50 3A 28 D9 D0 C7,speed=0.00
1779698801.830,0x200,8,9B 64 BE 97 B3 11 DA 4B,fuel=100.00
1779698801.934,0x300,8,02 8E 91 CD 4A A3 DA 05,temp=42.00
1779698802.016,0x100,8,00 23 02 F0 2B C4 BC C0,speed=0.00
1779698802.135,0x200,8,94 64 E1 09 92 84 5E 48,fuel=100.00
1779698802.253,0x300,8,02 2E 8C 19 2C EB A4 8D,temp=42.00
1779698802.332,0x100,8,00 9C A2 C0 F4 07 BE 17,speed=0.00
1779698802.438,0x200,8,AE 64 C8 02 B3 62 B7 43,fuel=100.00
1779698802.506,0x300,8,02 EC DC 93 A5 12 3F 1B,temp=42.00
1779698802.596,0x100,8,00 72 82 22 2B 72 85 B5,speed=0.00
1779698802.682,0x200,8,4A 64 2F DD 3E E7 AC 68,fuel=100.00
1779698802.789,0x300,8,02 70 81 0C 63 43 73 61,temp=42.00
1779698802.878,0x100,8,00 DF 99 4F 5F AC 80 FF,speed=0.00
1779698802.956,0x200,8,87 64 C2 FC 7D 36 A0 69,fuel=100.00
1779698803.052,0x300,8,02 82 3D C8 99 CD FC AF,temp=42.00
1779698803.171,0x100,8,00 9F 31 F0 C4 23 15 FA,speed=0.00
1779698803.265,0x200,8,C7 64 2A 67 55 44 AA 4B,fuel=100.00
1779698803.349,0x300,8,02 72 55 DE 07 F4 C0 01,temp=42.00
1779698803.477,0x100,8,00 50 1B ED 71 A7 A6 DF,speed=0.00
1779698803.590,0x200,8,F2 64 B1 5C E0 E3 54 C8,fuel=100.00
1779698803.722,0x300,8,02 69 7C 7E 67 75 05 00,temp=42.00
1779698803.818,0x100,8,00 10 93 3C D8 7A 57 93,speed=0.00
1779698803.966,0x200,8,61 64 18 6A 5F 27 7A E3,fuel=100.00
1779698804.090,0x300,8,02 D4 66 13 A9 C7 76 C4,temp=42.00
1779698804.183,0x100,8,00 B1 45 1E F6 CE 6A 0C,speed=0.00
1779698804.275,0x200,8,04 64 DA 7A 0E 54 F8 67,fuel=100.00
1779698804.437,0x300,8,02 C6 22 CE E4 F3 6C 67,temp=42.00
1779698804.615,0x100,8,00 E9 2F BB F8 D6 B6 58,speed=0.00
1779698804.719,0x200,8,12 64 5A B2 29 B8 E6 3A,fuel=100.00
1779698804.873,0x300,8,02 00 49 06 67 E5 07 1D,temp=42.00
1779698804.973,0x100,8,00 A2 59 EB A4 CA CF AA,speed=0.00
1779698805.078,0x200,8,1F 64 D5 40 45 A1 EC C0,fuel=100.00
1779698805.171,0x300,8,02 06 91 A6 49 75 98 45,temp=42.00
1779698805.239,0x100,8,00 1D 18 34 91 7B 14 81,speed=0.00
1779698805.304,0x200,8,38 64 9E D3 35 21 AB 01,fuel=100.00
1779698805.434,0x300,8,02 23 9A 34 6B 51 33 7C,temp=42.00
1779698805.530,0x100,8,00 0A E3 6A 91 E1 FD 03,speed=0.00
1779698805.609,0x200,8,BD 64 52 B8 B9 7C C6 5E,fuel=100.00
1779698805.722,0x300,8,02 73 C7 D4 65 04 F5 8E,temp=42.00
1779698805.840,0x100,8,00 F6 61 FB AC 0C 1D 10,speed=0.00
1779698805.925,0x200,8,D7 64 59 2E 0C D8 D5 C0,fuel=100.00
1779698806.014,0x300,8,02 E2 80 2B 5B 8F 34 BD,temp=42.00
1779698806.298,0x100,8,00 16 59 76 53 71 CE 8E,speed=0.00
1779698806.351,0x200,8,FD 64 C8 45 1C 34 38 63,fuel=100.00
1779698806.434,0x300,8,02 E5 E1 E7 7E 07 B4 B1,temp=42.00
1779698806.569,0x100,8,00 9A 95 AF AD DD 1F 68,speed=0.00
1779698806.642,0x200,8,4F 64 7B 0A 20 B9 6B E0,fuel=100.00
1779698806.723,0x300,8,02 ED 4F C1 9E 21 3D 9A,temp=42.00
1779698806.819,0x100,8,00 7D 7C B4 70 1C AA CA,speed=0.00
1779698806.890,0x200,8,7D 64 8F D6 8E D6 C8 15,fuel=100.00
1779698807.531,0x300,8,02 F6 AB DE E8 F1 77 CE,temp=42.00
1779698807.622,0x100,8,00 5C B5 59 B3 EB 89 1B,speed=0.00
1779698807.637,0x200,8,7A 64 8E 0D 9C 9C CE 47,fuel=100.00
1779698807.852,0x300,8,02 2E 7B 2D 8E 20 94 75,temp=42.00
1779698807.938,0x100,8,00 05 2C 88 BE 85 4C D9,speed=0.00
1779698808.374,0x200,8,56 64 82 69 48 31 B6 1B,fuel=100.00
1779698808.776,0x300,8,02 2D EA 4C 5D 33 40 36,temp=42.00
1779698808.891,0x100,8,00 4E 15 4F 12 3B 10 67,speed=0.00
1779698809.055,0x200,8,72 64 90 5F 58 D4 35 51,fuel=100.00
1779698809.215,0x300,8,02 81 73 74 8C FD 82 AF,temp=42.00
1779698809.308,0x100,8,00 D1 38 6D BC B2 41 79,speed=0.00
1779698809.520,0x200,8,4C 64 7F 87 94 22 40 3A,fuel=100.00
1779698809.619,0x300,8,02 1B 6F FD 51 EB 4E 95,temp=42.00
1779698809.737,0x100,8,00 9B BB 8F 3E DC B4 21,speed=0.00
1779698809.806,0x200,8,6C 64 95 A1 F7 1C 9E 91,fuel=100.00
1779698809.900,0x300,8,02 54 92 18 96 29 CF 71,temp=42.00
1779698810.031,0x100,8,00 C7 77 B6 C3 56 A3 F3,speed=0.00
1779698810.079,0x200,8,DB 64 08 32 AF 2D 74 C2,fuel=100.00
1779698810.230,0x300,8,02 45 06 61 52 D1 F3 3F,temp=42.00
1779698810.373,0x100,8,00 7F F0 20 1C 71 E7 85,speed=0.00
1779698810.577,0x200,8,47 64 37 25 7A 97 D0 B9,fuel=100.00
1779698810.704,0x300,8,02 46 23 23 48 1C 82 44,temp=42.00
1779698810.757,0x100,8,00 DB 80 F5 7A 07 DA 69,speed=0.00
1779698810.850,0x200,8,F4 64 EC 15 3F 95 31 E4,fuel=100.00
1779698810.958,0x300,8,02 ED 55 CA 44 A3 38 D6,temp=42.00
1779698811.039,0x100,8,00 F0 CD 4A 07 DA E3 2C,speed=0.00
1779698811.131,0x200,8,65 64 59 BD 22 5C 6B 14,fuel=100.00
1779698811.240,0x300,8,02 C0 B0 00 1C A0 3A 03,temp=42.00
1779698811.371,0x100,8,00 12 E3 BD 39 E5 F0 41,speed=0.00
1779698811.639,0x200,8,40 64 13 B9 B6 A5 00 8D,fuel=100.00
1779698811.719,0x300,8,02 80 B9 84 1C F3 81 C7,temp=42.00
1779698811.837,0x100,8,00 E2 44 9D EF 4C 85 35,speed=0.00
1779698811.991,0x200,8,3C 64 18 49 DD F6 10 22,fuel=100.00
1779698812.100,0x300,8,02 C4 89 F5 05 B4 59 05,temp=42.00
1779698812.189,0x100,8,00 A8 46 C9 AE 29 20 69,speed=0.00
1779698812.316,0x200,8,03 64 3A 79 7B 97 33 47,fuel=100.00
1779698812.508,0x300,8,02 87 D5 02 BB 78 5E 80,temp=42.00
1779698812.651,0x100,8,00 EE 19 2A 1D 7E 29 57,speed=0.00
1779698812.789,0x200,8,76 64 08 93 7D A3 53 27,fuel=100.00
1779698812.868,0x300,8,02 E3 6D 6F 9A DB A5 EB,temp=42.00
1779698812.965,0x100,8,00 E3 17 7B A2 20 1A DB,speed=0.00
1779698813.021,0x200,8,25 64 2B 7C C1 11 F7 9A,fuel=100.00
1779698813.108,0x300,8,02 44 7C 4E B7 1C F7 05,temp=42.00
1779698813.221,0x100,8,00 0B 9A D4 9E 0E 58 1F,speed=0.00
1779698813.334,0x200,8,EF 64 47 25 D8 89 9C 77,fuel=100.00
1779698813.390,0x300,8,02 4E 42 41 C5 5B 63 A2,temp=42.00
1779698813.485,0x100,8,00 3C 0F 95 4E B5 B4 4A,speed=0.00
1779698813.564,0x200,8,82 64 45 26 69 CB DC 2D,fuel=100.00
1779698813.691,0x300,8,02 66 21 66 62 01 C6 1A,temp=42.00
1779698813.796,0x100,8,00 F4 80 98 08 93 23 51,speed=0.00
1779698813.879,0x200,8,34 64 39 4B B3 42 24 8B,fuel=100.00
1779698813.989,0x300,8,02 A8 A1 2A 36 63 B2 E7,temp=42.00
1779698814.049,0x100,8,00 0B FC 79 BD 3F BE C5,speed=0.00
1779698814.153,0x200,8,B7 64 7D 5C FB 96 6D 23,fuel=100.00
1779698814.237,0x300,8,02 9E EC 01 1A E0 98 3E,temp=42.00
1779698814.339,0x100,8,00 1E D6 AE 36 55 0D C7,speed=0.00
1779698814.435,0x200,8,FB 64 3C 3E DD 0D E0 D9,fuel=100.00
1779698814.517,0x300,8,02 FF 42 94 EE 62 BD A3,temp=42.00
1779698814.619,0x100,8,00 53 1A B8 A0 C6 B1 C4,speed=0.00
1779698814.688,0x200,8,DA 64 DA 70 05 07 80 DA,fuel=100.00
1779698814.829,0x300,8,02 58 A1 FE 0C E2 5F 1D,temp=42.00
1779698814.903,0x100,8,00 DD F9 58 76 C5 F9 74,speed=0.00
1779698815.036,0x200,8,17 64 95 E4 C7 AE F4 E0,fuel=100.00
1779698815.102,0x300,8,02 12 35 51 BA 3B 9D A5,temp=42.00
1779698815.185,0x100,8,00 29 1A 26 A2 72 B3 88,speed=0.00
1779698815.353,0x200,8,9A 64 A5 CB DF 2B F6 57,fuel=100.00
1779698815.553,0x300,8,02 C6 47 1B E8 B5 13 6E,temp=42.00
1779698815.664,0x100,8,00 89 F1 C1 83 D8 5F 9C,speed=0.00
1779698815.738,0x200,8,80 64 9B CD A9 76 58 4B,fuel=100.00
1779698815.903,0x300,8,02 C3 89 97 3D A3 01 A5,temp=42.00
1779698815.972,0x100,8,00 D2 D0 D9 3C 87 A2 7B,speed=0.00
1779698816.081,0x200,8,7C 64 1B 01 6A 05 19 75,fuel=100.00
1779698816.221,0x300,8,02 1A 13 28 56 32 B0 DF,temp=42.00
1779698816.298,0x100,8,00 52 47 5F 64 D8 D9 5C,speed=0.00
1779698816.449,0x200,8,CA 64 4D 36 4A 55 E9 C4,fuel=100.00
1779698816.522,0x300,8,02 2F B4 F5 4F 05 BF 73,temp=42.00
1779698816.591,0x100,8,00 88 E1 D6 F5 35 FC 2D,speed=0.00
1779698816.746,0x200,8,30 64 20 C1 FD AF 6D 29,fuel=100.00
1779698816.833,0x300,8,02 9A AF F8 37 D4 D8 6C,temp=42.00
1779698816.906,0x100,8,00 42 94 7D 90 85 E4 24,speed=0.00
1779698816.991,0x200,8,4A 64 12 4A AA C7 0A C7,fuel=100.00
1779698817.169,0x300,8,02 C5 88 6A DB 48 28 72,temp=42.00
1779698817.250,0x100,8,00 1F FB C2 D6 26 07 25,speed=0.00
1779698817.378,0x200,8,2D 64 3A 6D 63 04 3A 0C,fuel=100.00
1779698817.462,0x300,8,02 35 11 91 09 06 48 D0,temp=42.00
1779698817.557,0x100,8,00 C4 13 3A DA 0C C0 C0,speed=0.00
1779698817.654,0x200,8,2E 64 21 35 23 BA 75 C3,fuel=100.00
1779698817.746,0x300,8,02 78 D8 44 62 5F 80 4A,temp=42.00
1779698817.836,0x100,8,00 91 F4 0A D0 F7 00 4D,speed=0.00
1779698817.922,0x200,8,76 64 2E BB CE E4 0C 1E,fuel=100.00
1779698818.055,0x300,8,02 4C 51 CF 03 BC 0F 33,temp=42.00
1779698818.133,0x100,8,00 E5 70 0B E3 29 7F B0,speed=0.00
1779698818.285,0x200,8,F5 64 5D 45 32 C5 0E FB,fuel=100.00
1779698818.422,0x300,8,02 14 FE BD A4 84 A8 D5,temp=42.00
1779698818.549,0x100,8,00 93 53 EF ED 33 3E 60,speed=0.00
1779698818.650,0x200,8,A1 64 F7 ED 48 3A 65 DF,fuel=100.00
1779698818.746,0x300,8,02 52 C4 9A 75 58 1D BC,temp=42.00
1779698818.866,0x100,8,00 19 79 F9 9D DF 48 15,speed=0.00
1779698819.001,0x200,8,AB 64 22 3A 05 9D BE 36,fuel=100.00
1779698819.092,0x300,8,02 17 6E DF C4 7E 80 72,temp=42.00
1779698819.174,0x100,8,00 23 70 4E 8F 2B CE 7A,speed=0.00
1779698819.289,0x200,8,5D 64 06 3B 76 BF 3D 0E,fuel=100.00
1779698819.367,0x300,8,02 E7 9D 64 65 79 42 EE,temp=42.00
1779698819.447,0x100,8,00 FA 9D 59 0C 8C 06 D5,speed=0.00
1779698819.532,0x200,8,31 64 6F 2A ED D2 9B 7B,fuel=100.00
1779698819.680,0x300,8,02 06 89 DC 38 61 80 E1,temp=42.00
1779698819.805,0x100,8,00 18 10 8A 78 E9 66 D4,speed=0.00
1779698819.907,0x200,8,76 64 7C DE 4B 7A 4F 2E,fuel=100.00
1779698819.997,0x300,8,02 70 AE D7 73 45 66 75,temp=42.00
1779698820.102,0x100,8,00 A3 E0 7D 0F 32 2C 3A,speed=0.00
1779698820.191,0x200,8,B5 64 80 98 EC 1C 73 13,fuel=100.00
1779698820.382,0x300,8,02 DC 44 74 63 8D BC FA,temp=42.00
1779698820.507,0x100,8,00 4A 7E D1 7E 6B 60 3B,speed=0.00
1779698820.596,0x200,8,65 64 BB 62 1B A4 97 8F,fuel=100.00
1779698820.701,0x300,8,02 B3 95 50 56 28 50 7D,temp=42.00
1779698820.775,0x100,8,00 7D 3C 72 3B 42 10 6D,speed=0.00
1779698820.871,0x200,8,B7 64 6D BD 54 05 2C 0B,fuel=100.00
1779698820.945,0x300,8,02 79 A1 AC 87 EA 52 2D,temp=42.00
1779698821.046,0x100,8,00 13 0C 2E 77 D5 F2 13,speed=0.00
1779698821.175,0x200,8,DA 64 53 E0 50 29 2D 28,fuel=100.00
1779698821.270,0x300,8,02 D4 05 2F D3 C1 0D A8,temp=42.00
1779698821.357,0x100,8,00 C6 A0 08 D1 5E A6 28,speed=0.00
1779698821.505,0x200,8,E1 64 6D 81 E4 6C B3 DE,fuel=100.00
1779698821.608,0x300,8,02 92 87 0F 4F 1E 2E 25,temp=42.00
1779698821.698,0x100,8,00 6F 46 48 40 D1 C8 B9,speed=0.00
1779698821.787,0x200,8,BF 64 EF D0 35 17 8B 56,fuel=100.00
1779698821.886,0x300,8,02 60 31 9C E1 BA AD 80,temp=42.00
1779698822.014,0x100,8,00 EE 77 05 15 A0 84 09,speed=0.00
1779698822.084,0x200,8,5E 64 E3 5C 94 D3 B4 77,fuel=100.00
1779698822.231,0x300,8,02 05 CF DC 59 AC 7C 72,temp=42.00
1779698822.341,0x100,8,00 A7 D3 7E 67 1E 2B 8E,speed=0.00
1779698822.481,0x200,8,2C 64 DD 5D F6 3A BF D1,fuel=100.00
1779698822.584,0x300,8,02 E2 B4 89 C6 E7 B5 BB,temp=42.00
1779698822.665,0x100,8,00 9E 50 26 F3 64 71 D1,speed=0.00
1779698822.808,0x200,8,3F 64 F6 9C 03 A5 A1 A7,fuel=100.00
1779698822.938,0x300,8,02 E2 BD 9C FA 36 EF 57,temp=42.00
1779698823.028,0x100,8,00 E3 C0 7D 71 9A 04 F3,speed=0.00
1779698823.135,0x200,8,57 64 C3 A8 03 97 5E D5,fuel=100.00
1779698823.187,0x300,8,02 06 5C 47 B9 13 1A 7D,temp=42.00
1779698823.290,0x100,8,00 06 04 C0 49 9A 0F 56,speed=0.00
1779698823.422,0x200,8,EF 64 AD 8B B4 58 4D B3,fuel=100.00
1779698823.483,0x300,8,02 E0 2E 0B 0D 24 23 86,temp=42.00
1779698823.605,0x100,8,00 97 75 78 54 BA E0 6F,speed=0.00
1779698823.687,0x200,8,A3 64 CC 32 69 0D E5 4D,fuel=100.00
1779698823.777,0x300,8,02 4C 60 4A 39 CE 37 CF,temp=42.00
1779698823.883,0x100,8,00 4B 7C FB 85 E9 F6 62,speed=0.00
1779698823.971,0x200,8,F2 64 1D 3B 9B 33 D8 A1,fuel=100.00
1779698824.067,0x300,8,02 91 59 33 30 94 2B 16,temp=42.00
1779698824.536,0x100,8,00 3A F5 C0 4B 19 01 3C,speed=0.00
1779698824.652,0x200,8,F1 64 E1 C2 5B E1 BA 54,fuel=100.00
1779698824.768,0x300,8,02 BF 1B 2C D3 6A 6E 66,temp=42.00
1779698824.867,0x100,8,00 D0 19 02 1A 38 8A B3,speed=0.00
1779698824.951,0x200,8,55 64 6F 50 AE B5 9B 54,fuel=100.00
1779698825.025,0x300,8,02 DB 28 6B 88 4C BB CC,temp=42.00
1779698825.104,0x100,8,00 29 0C 54 97 BC 81 D2,speed=0.00
1779698825.273,0x200,8,85 64 36 60 BD C7 91 36,fuel=100.00
1779698825.353,0x300,8,02 E6 78 0C 2E 73 B6 6D,temp=42.00
1779698825.473,0x100,8,00 FB 04 8C CF 83 05 FC,speed=0.00
1779698825.539,0x200,8,50 64 9F 5D 37 0C 8F 1B,fuel=100.00
1779698825.668,0x300,8,02 D7 5A E5 60 A3 1C AE,temp=42.00
1779698825.734,0x100,8,00 13 9E E3 4E CC 63 34,speed=0.00
1779698825.855,0x200,8,C4 64 C5 6A AC F7 C1 FE,fuel=100.00
1779698825.925,0x300,8,02 73 B9 97 4F 5E 5A AE,temp=42.00
1779698826.055,0x100,8,00 24 A5 BB A7 62 AF E9,speed=0.00
1779698826.266,0x200,8,47 64 6D DD 33 C1 61 20,fuel=100.00
1779698826.323,0x300,8,02 A2 96 4C AA 2B F9 E8,temp=42.00
1779698826.441,0x100,8,00 B1 0F 1A F8 E6 94 AC,speed=0.00
1779698826.552,0x200,8,F4 64 60 52 58 44 95 BD,fuel=100.00
1779698826.557,0x300,8,02 56 B1 1B 1C 25 BF 0F,temp=42.00
1779698826.705,0x100,8,00 E6 2B 5D 3F 52 00 75,speed=0.00
1779698826.790,0x200,8,37 64 54 34 B0 E7 40 B6,fuel=100.00
1779698826.926,0x300,8,02 B6 8D E7 31 4A 37 48,temp=42.00
1779698826.937,0x100,8,00 6A B5 C9 E4 9C 11 2F,speed=0.00
1779698827.113,0x200,8,79 64 0F 7A F2 FF 94 AC,fuel=100.00
1779698827.206,0x300,8,02 EF 19 E2 E3 2A AB 54,temp=42.00
1779698827.402,0x100,8,00 0C 9E E7 57 A8 B2 7D,speed=0.00
1779698827.405,0x200,8,E1 64 44 AA 48 D8 06 B8,fuel=100.00
1779698827.534,0x300,8,02 06 5C 73 91 FE 41 A0,temp=42.00
1779698827.624,0x100,8,00 C1 96 67 41 5F D7 D1,speed=0.00
1779698827.693,0x200,8,65 64 FE 39 82 E1 32 82,fuel=100.00
1779698827.856,0x300,8,02 71 A5 53 92 D3 D9 90,temp=42.00
1779698828.440,0x100,8,00 EE 29 A5 60 3C 17 5F,speed=0.00
1779698829.017,0x200,8,84 64 E7 5C 0D 46 99 FE,fuel=100.00
1779698829.124,0x300,8,02 FD 0A 32 24 0F 92 21,temp=42.00
1779698829.308,0x100,8,00 0A 05 EC 38 C3 68 F5,speed=0.00
1779698829.389,0x200,8,9F 64 D6 B7 28 26 2E 14,fuel=100.00
1779698829.469,0x300,8,02 A2 30 E2 70 FF D6 89,temp=42.00
1779698829.614,0x100,8,00 03 21 6A 40 1F 0D 09,speed=0.00
1779698829.664,0x200,8,94 64 D8 0B C0 90 0E 52,fuel=100.00
1779698829.770,0x300,8,02 DA 37 3D 47 CC 36 67,temp=42.00
1779698829.890,0x100,8,00 45 AA B4 D8 8C 14 A0,speed=0.00
1779698829.952,0x200,8,BA 64 69 D5 9C 44 97 22,fuel=100.00
1779698830.123,0x300,8,02 83 03 E8 C0 7A 52 F0,temp=42.00
1779698830.423,0x100,8,00 53 81 D6 5D DB A9 BC,speed=0.00
1779698830.752,0x200,8,46 64 D6 02 34 0D F6 2E,fuel=100.00
1779698830.902,0x300,8,02 67 60 86 2A 53 4E D9,temp=42.00
1779698830.987,0x100,8,00 DC EC 83 4A 7A 00 F0,speed=0.00
1779698831.105,0x200,8,0E 64 CC AD 6E 5D 8D 1E,fuel=100.00
1779698831.222,0x300,8,02 24 9D 81 FE BF E2 31,temp=42.00
1779698831.358,0x100,8,00 7C F6 41 4D 13 5C 89,speed=0.00
1779698831.446,0x200,8,91 64 FC 7F 30 73 67 6A,fuel=100.00
1779698831.565,0x300,8,02 E8 AD 73 7F EA F1 23,temp=42.00
1779698831.617,0x100,8,00 88 58 C6 50 85 37 21,speed=0.00
1779698831.756,0x200,8,37 64 12 64 3F 5E DC 36,fuel=100.00
1779698831.819,0x300,8,02 5D 94 25 53 D0 B9 47,temp=42.00
1779698831.969,0x100,8,00 F6 95 4D CB CF B3 B8,speed=0.00
1779698832.087,0x200,8,03 64 03 9B 8E 6F D6 0B,fuel=100.00
1779698832.155,0x300,8,02 3B 49 24 35 4A C8 13,temp=42.00
1779698832.318,0x100,8,00 93 61 33 EC 6D E6 7D,speed=0.00
1779698832.381,0x200,8,84 64 B4 A4 03 D1 6D C7,fuel=100.00
1779698832.542,0x300,8,02 18 8D 96 17 36 0E 1B,temp=42.00
1779698832.607,0x100,8,00 0E 02 28 A6 C6 8C 70,speed=0.00
1779698832.741,0x200,8,DB 64 C5 96 EB 94 89 19,fuel=100.00
1779698832.831,0x300,8,02 C6 DC EB 85 7F 87 2C,temp=42.00
1779698832.901,0x100,8,00 49 50 4B 50 4F 10 F6,speed=0.00
1779698832.988,0x200,8,29 64 BC C0 0E 61 8B 1F,fuel=100.00
1779698833.058,0x300,8,02 E3 0C CA 6D 01 8A 64,temp=42.00
1779698833.129,0x100,8,00 3D C5 D8 22 43 E1 C8,speed=0.00
1779698833.270,0x200,8,EC 64 F9 59 F5 7C 2E 5E,fuel=100.00
1779698833.458,0x300,8,02 FC D0 95 96 F9 3E 24,temp=42.00
1779698833.624,0x100,8,00 4B 22 80 52 06 01 0A,speed=0.00
1779698833.796,0x200,8,A6 64 71 FE C8 20 BF 37,fuel=100.00
1779698833.957,0x300,8,02 57 C6 20 59 29 2A 4E,temp=42.00
1779698834.083,0x100,8,00 DF 42 6F C0 BE F4 6A,speed=0.00
1779698834.206,0x200,8,03 64 73 B1 3B 34 3A 1A,fuel=100.00
1779698834.325,0x300,8,02 73 D4 B1 C9 8C 7C 5D,temp=42.00
1779698834.352,0x100,8,00 36 33 E0 9B 9B B5 F8,speed=0.00
1779698834.434,0x200,8,E1 64 D8 6C 40 63 DF 08,fuel=100.00
1779698834.554,0x300,8,02 67 A2 2A 58 18 7E 90,temp=42.00
1779698834.625,0x100,8,00 2F 87 09 E0 0E 6F FE,speed=0.00
1779698834.754,0x200,8,45 64 5E C1 25 20 51 65,fuel=100.00
1779698834.836,0x300,8,02 7D 60 B2 D0 A9 15 E1,temp=42.00
1779698834.907,0x100,8,00 CB B6 87 50 5C B7 DA,speed=0.00
1779698835.054,0x200,8,77 64 F1 1B 9A 76 33 F3,fuel=100.00
1779698835.296,0x300,8,02 69 B0 98 B9 21 D5 26,temp=42.00
1779698835.403,0x100,8,00 38 F9 46 42 89 1C 98,speed=0.00
1779698835.505,0x200,8,F2 64 A1 4B FA 9C CC 7C,fuel=100.00
1779698835.590,0x300,8,02 97 16 C4 D9 F4 F6 89,temp=42.00
1779698835.671,0x100,8,00 6B 3C 60 D4 F4 EA B5,speed=0.00
1779698835.769,0x200,8,0C 64 BC F3 C9 34 CE DA,fuel=100.00
1779698835.908,0x300,8,02 A1 83 74 2A 84 27 27,temp=42.00
1779698835.992,0x100,8,00 2C AB 51 50 9F AF 46,speed=0.00
1779698836.048,0x200,8,51 64 64 95 8B 80 57 C2,fuel=100.00
1779698836.140,0x300,8,02 95 18 C0 D8 32 97 4A,temp=42.00
1779698836.340,0x100,8,00 36 14 BE 32 7B 64 E9,speed=0.00
1779698836.442,0x200,8,FF 64 40 5E 04 25 C5 E4,fuel=100.00
1779698836.632,0x300,8,02 03 60 1D CC 59 34 F7,temp=42.00
1779698836.765,0x100,8,00 F2 93 A1 84 95 08 F2,speed=0.00
1779698837.068,0x200,8,CE 64 7D 01 57 D9 41 76,fuel=100.00
1779698837.121,0x300,8,02 24 E9 87 BE 85 E4 0F,temp=42.00
1779698837.203,0x100,8,00 81 3F 28 3D 0A 2D 82,speed=0.00
1779698837.391,0x200,8,24 64 04 FB 36 DD 33 C7,fuel=100.00
1779698837.474,0x300,8,02 FA C7 70 9B 11 B1 4E,temp=42.00
1779698837.873,0x100,8,00 20 A1 18 33 03 6A B9,speed=0.00
1779698837.968,0x200,8,4A 64 34 FB 09 DC D6 64,fuel=100.00
1779698838.086,0x300,8,02 B3 67 3C BF 47 23 89,temp=42.00
1779698838.139,0x100,8,00 72 3D E2 75 26 CF 69,speed=0.00
1779698838.224,0x200,8,C2 64 23 C6 53 80 69 CF,fuel=100.00
1779698838.384,0x300,8,02 49 5B 20 AF 08 3B 87,temp=42.00
1779698838.454,0x100,8,00 8C 4E 4F 5A 85 4D 62,speed=0.00
1779698838.557,0x200,8,CC 64 92 4D 1B 99 79 CF,fuel=100.00
1779698838.641,0x300,8,02 A7 F4 26 F6 DD 03 44,temp=42.00
1779698838.715,0x100,8,00 37 79 55 71 21 FC 0C,speed=0.00
1779698838.840,0x200,8,55 64 66 50 B7 EC 9F D7,fuel=100.00
1779698838.925,0x300,8,02 DD 94 27 57 B2 17 43,temp=42.00
1779698839.092,0x100,8,00 40 1E 01 0E E2 91 14,speed=0.00
1779698839.205,0x200,8,86 64 EC DB B1 88 B2 E4,fuel=100.00
1779698839.270,0x300,8,02 C8 07 2E 44 53 3F 96,temp=42.00
1779698839.355,0x100,8,00 2B 03 D8 CF DB 31 BF,speed=0.00
1779698839.516,0x200,8,8E 64 1B 5B C2 A8 11 F1,fuel=100.00
1779698839.585,0x300,8,02 D4 AA 33 ED 57 CE 23,temp=42.00
1779698839.649,0x100,8,00 CB 40 2D 4E 69 CD 2B,speed=0.00
1779698839.785,0x200,8,A7 64 CD 7F 1F 4F 66 12,fuel=100.00
1779698839.892,0x300,8,02 F4 D7 E5 82 DD 4D DC,temp=42.00
1779698839.984,0x100,8,00 75 F7 91 41 50 F0 7E,speed=0.00
1779698840.031,0x200,8,C7 64 5F 95 E6 7E 20 50,fuel=100.00
1779698840.258,0x300,8,02 37 54 EB 39 6E 56 6D,temp=42.00
1779698840.438,0x100,8,00 9D D6 F3 FC 72 AC 90,speed=0.00
1779698840.523,0x200,8,5A 64 6B 25 6B E6 41 D1,fuel=100.00
1779698840.615,0x300,8,02 FC DA 29 A3 80 5D 56,temp=42.00
1779698841.087,0x100,8,00 D2 E0 AF 84 91 56 E9,speed=0.00
1779698841.314,0x200,8,37 64 69 A9 5E D9 71 90,fuel=100.00
1779698841.348,0x300,8,02 B4 98 99 78 38 88 1C,temp=42.00
1779698841.485,0x100,8,00 46 BA 3D 3D 3A 4C 0F,speed=0.00
1779698841.553,0x200,8,D3 64 30 30 C6 4E 92 02,fuel=100.00
1779698841.621,0x300,8,02 F1 B2 3C B0 E3 50 7A,temp=42.00
1779698841.740,0x100,8,00 E5 79 D3 2A 02 44 78,speed=0.00
1779698842.156,0x200,8,40 64 2F F4 D0 93 78 51,fuel=100.00
1779698842.323,0x300,8,02 9E 11 51 6F 96 B2 E9,temp=42.00
1779698842.398,0x100,8,00 CF 8A AF E5 A2 D1 8B,speed=0.00
1779698842.475,0x200,8,00 64 3B 12 91 F3 44 5A,fuel=100.00
1779698842.573,0x300,8,02 43 AC 3F ED 8D AA 4A,temp=42.00
1779698842.654,0x100,8,00 3C 15 67 70 8E 78 0C,speed=0.00
1779698842.743,0x200,8,D8 64 0A A4 BD 79 D3 AD,fuel=100.00
1779698842.864,0x300,8,02 DF E4 4B CF B3 66 55,temp=42.00
1779698842.930,0x100,8,00 A4 EA 44 98 4E 98 98,speed=0.00
1779698843.038,0x200,8,63 64 71 20 89 3C 04 6C,fuel=100.00
1779698843.137,0x300,8,02 D1 09 B7 78 1F C3 69,temp=42.00
1779698843.240,0x100,8,00 E6 DC 8B 71 0B 7F FD,speed=0.00
1779698843.301,0x200,8,97 64 00 2D 8A E4 7B 46,fuel=100.00
1779698843.432,0x300,8,02 56 0C B8 BD A5 36 82,temp=42.00
1779698843.535,0x100,8,00 5E B6 60 9E 3A 04 62,speed=0.00
1779698843.623,0x200,8,B1 64 9C C7 37 89 2E 22,fuel=100.00
1779698843.704,0x300,8,02 53 A4 B4 CA 06 10 B3,temp=42.00
1779698843.835,0x100,8,00 17 07 D5 D3 13 EC F0,speed=0.00
1779698843.908,0x200,8,7A 64 B2 EA 2C AB EE 84,fuel=100.00
1779698843.968,0x300,8,02 97 BC 02 46 9D 76 82,temp=42.00
1779698844.053,0x100,8,00 E2 BC F2 70 54 C2 0A,speed=0.00
1779698844.156,0x200,8,D4 64 B6 91 08 10 8A 7A,fuel=100.00
1779698844.257,0x300,8,02 10 40 AD D9 AC AF 10,temp=42.00
1779698844.341,0x100,8,00 47 4B 1D 08 B7 A2 34,speed=0.00
1779698844.473,0x200,8,54 64 35 8C 99 E3 52 5D,fuel=100.00
1779698844.573,0x300,8,02 F3 6B EF 09 20 8F E1,temp=42.00
1779698844.660,0x100,8,00 A4 28 B4 32 F3 68 9F,speed=0.00
1779698844.741,0x200,8,91 64 6D 83 82 C6 1E 7B,fuel=100.00
1779698844.842,0x300,8,02 07 F6 5A 22 24 8A B5,temp=42.00
1779698844.972,0x100,8,00 31 9E 49 B6 47 E0 1C,speed=0.00
1779698845.048,0x200,8,C5 64 6B 23 A9 61 45 16,fuel=100.00
1779698845.124,0x300,8,02 FC 25 32 A8 6B 6A 62,temp=42.00
1779698845.192,0x100,8,00 56 C8 1C D3 0B 02 77,speed=0.00
1779698845.286,0x200,8,2C 64 18 64 0C 9E 30 FF,fuel=100.00
1779698845.363,0x300,8,02 AE 39 07 DA 79 7F D7,temp=42.00
1779698845.535,0x100,8,00 51 E4 F8 CB 2C E0 34,speed=0.00
1779698845.629,0x200,8,6F 64 21 B3 0C 68 B9 CA,fuel=100.00
1779698845.710,0x300,8,02 C8 FB 8E B4 AA 92 DA,temp=42.00
1779698845.887,0x100,8,00 25 D5 94 C5 A0 C9 02,speed=0.00
1779698845.984,0x200,8,AA 64 11 5F EE C9 75 FA,fuel=100.00
1779698846.087,0x300,8,02 E3 3E 40 0A 00 1C 28,temp=42.00
1779698846.142,0x100,8,00 26 67 49 DC A4 81 49,speed=0.00
1779698846.203,0x200,8,71 64 E3 48 F9 60 8D AF,fuel=100.00
1779698846.320,0x300,8,02 90 3E AF F5 C9 77 77,temp=42.00
1779698846.419,0x100,8,00 F1 4B E7 66 63 6A 9F,speed=0.00
1779698846.556,0x200,8,63 64 8F 14 D0 7E 2D FB,fuel=100.00
1779698846.670,0x300,8,02 2C 04 4F D0 A3 40 8D,temp=42.00
1779698847.020,0x100,8,00 9E 41 78 84 F8 3E 51,speed=0.00
1779698847.091,0x200,8,AD 64 02 18 E8 2B 5C 48,fuel=100.00
1779698847.158,0x300,8,02 3B A3 8E 7E D3 1C B7,temp=42.00
1779698847.289,0x100,8,00 D7 87 3A 9D ED DD B4,speed=0.00
1779698847.374,0x200,8,9B 64 E6 8B 93 DA 7A EE,fuel=100.00
1779698847.449,0x300,8,02 CA 13 63 4E 89 E0 55,temp=42.00
1779698847.586,0x100,8,00 75 E5 AA CB 18 CB D5,speed=0.00
1779698847.653,0x200,8,1E 64 DF FE BB B8 27 F0,fuel=100.00
1779698847.722,0x300,8,02 DC 9D 1C AF A2 15 60,temp=42.00
1779698847.840,0x100,8,00 73 CF 7B 74 D9 86 C9,speed=0.00
1779698847.908,0x200,8,BB 64 03 2A 52 4A E4 B7,fuel=100.00
1779698848.023,0x300,8,02 27 AE 8F EB C2 3A E1,temp=42.00
1779698848.125,0x100,8,00 68 7B 8E 13 B6 1C 93,speed=0.00
1779698848.207,0x200,8,C1 64 F9 12 E7 EB 53 B1,fuel=100.00
1779698848.391,0x300,8,02 06 33 5A DE A8 A5 9F,temp=42.00
1779698848.523,0x100,8,00 8A 90 28 51 D7 E7 A8,speed=0.00
1779698848.701,0x200,8,AC 64 3F 20 A0 59 DD 2D,fuel=100.00
1779698848.905,0x300,8,02 77 38 D8 B0 39 37 88,temp=42.00
1779698849.104,0x100,8,00 2D 64 FB 8C 52 FE 34,speed=0.00
1779698849.241,0x200,8,45 64 91 13 4B EC B1 1C,fuel=100.00
1779698849.372,0x300,8,02 24 3D C1 58 15 E7 FD,temp=42.00
1779698849.556,0x100,8,00 78 91 E4 E9 5E 04 44,speed=0.00
1779698849.707,0x200,8,DA 64 3B D6 9A 21 AF E4,fuel=100.00
1779698849.904,0x300,8,02 21 10 A9 B8 9F DA FA,temp=42.00
1779698850.108,0x100,8,00 24 D1 BF 94 49 E6 DC,speed=0.00
1779698850.258,0x200,8,B5 64 9D 6E 3D D1 0A 07,fuel=100.00
1779698850.369,0x300,8,02 44 73 8D 6E 30 D9 E2,temp=42.00
1779698850.606,0x100,8,00 23 1E 71 1F DA 67 16,speed=0.00
1779698850.736,0x200,8,B9 64 99 09 07 57 17 49,fuel=100.00
1779698851.022,0x300,8,02 AE 82 E3 59 5B A0 C8,temp=42.00
1779698851.184,0x100,8,00 F5 72 04 23 EF 0A 9E,speed=0.00
1779698851.340,0x200,8,9E 64 1E F4 E9 50 DA 62,fuel=100.00
1779698851.688,0x300,8,02 22 F1 44 94 CC 01 E7,temp=42.00
1779698851.857,0x100,8,00 FD 05 3F 67 35 7F 19,speed=0.00
1779698852.003,0x200,8,D2 64 89 18 0B 97 A8 18,fuel=100.00
1779698852.274,0x300,8,02 5A 4F A7 11 11 79 E1,temp=42.00
1779698852.586,0x100,8,00 92 98 87 40 A9 A7 4B,speed=0.00
1779698852.788,0x200,8,3B 64 82 FF 58 82 6C 52,fuel=100.00
1779698853.001,0x300,8,02 A9 C1 65 42 DC 92 BE,temp=42.00
1779698853.108,0x100,8,00 20 32 F2 96 15 36 AD,speed=0.00
1779698853.275,0x200,8,B4 64 36 EB 7B 36 D5 FE,fuel=100.00
1779698853.474,0x300,8,02 4B 37 7A DE 0A 78 E3,temp=42.00
1779698853.657,0x100,8,00 18 BB D8 89 48 34 4E,speed=0.00
1779698853.972,0x200,8,95 64 BF EF 77 DB 1E BF,fuel=100.00
1779698854.322,0x300,8,02 1B 07 CF 08 4A AC F4,temp=42.00
1779698854.515,0x100,8,00 3A 5A 1C 39 42 F4 B5,speed=0.00
1779698854.806,0x200,8,86 64 E7 20 4A E3 A0 A4,fuel=100.00
1779698855.104,0x300,8,02 F2 33 47 4A 02 EC B6,temp=42.00
1779698855.207,0x100,8,00 24 21 C2 3E CC 4C 88,speed=0.00
1779698855.654,0x200,8,7F 64 B8 67 09 C3 96 51,fuel=100.00
1779698855.955,0x300,8,02 5A 4B B4 E9 45 19 77,temp=42.00
1779698856.186,0x100,8,00 74 F1 B0 24 EC DA 58,speed=0.00
1779698856.339,0x200,8,7A 64 10 9C B6 E9 1A B2,fuel=100.00
1779698856.472,0x300,8,02 4F F0 4F FC 73 B0 1E,temp=42.00
1779698856.608,0x100,8,00 10 B0 F8 55 74 F8 F1,speed=0.00
1779698856.773,0x200,8,90 64 89 AD 06 45 2E F2,fuel=100.00
1779698857.179,0x300,8,02 0A 7C 87 FA D8 43 E2,temp=42.00
1779698857.559,0x100,8,00 D0 C6 4B E1 92 1F F5,speed=0.00
1779698857.755,0x200,8,A4 64 E4 21 3B 86 C8 49,fuel=100.00
1779698857.904,0x300,8,02 25 B0 B9 04 10 B8 56,temp=42.00
1779698858.101,0x100,8,00 9F 3E 2B A2 E6 08 38,speed=0.00
1779698858.257,0x200,8,3D 64 94 0C 41 5B 0B E5,fuel=100.00
1779698858.522,0x300,8,02 BC BA D3 C6 0A B9 B2,temp=42.00
1779698858.641,0x100,8,00 7B 66 AC 86 6E 0C 04,speed=0.00
1779698858.784,0x200,8,DD 64 77 32 6F A7 5C B1,fuel=100.00
1779698858.929,0x300,8,02 F3 00 3D 93 F5 8F 96,temp=42.00
1779698859.015,0x100,8,00 09 9A 9F A3 20 CE 55,speed=0.00
1779698859.124,0x200,8,12 64 02 6D 74 2A 57 0A,fuel=100.00
1779698859.306,0x300,8,02 E7 79 2A 07 20 AD 94,temp=42.00
1779698859.423,0x100,8,00 AC D1 C9 00 76 65 9E,speed=0.00
1779698859.659,0x200,8,6F 64 5C D1 0C F2 FA 61,fuel=100.00
1779698859.742,0x300,8,02 38 9D 36 B1 A5 89 0C,temp=42.00
1779698859.832,0x100,8,00 8B 35 87 9F D2 38 BB,speed=0.00
1779698859.889,0x200,8,F2 64 55 B1 4A 5F CC E9,fuel=100.00
1779698859.958,0x300,8,02 D3 3E 70 F0 B4 1B D7,temp=42.00
1779698860.041,0x100,8,00 73 69 5B 5F 94 D5 AA,speed=0.00
1779698860.188,0x200,8,97 64 06 D2 7A 91 CA 26,fuel=100.00
1779698860.351,0x300,8,02 16 A0 B3 99 EB F6 32,temp=42.00
1779698860.429,0x100,8,00 6A A4 51 F1 F6 C7 F3,speed=0.00
1779698860.563,0x200,8,87 64 98 D5 70 25 B3 34,fuel=100.00
1779698860.636,0x300,8,02 17 8D BE D3 DA 3C 72,temp=42.00
1779698860.722,0x100,8,00 66 44 6A B3 6C A4 AA,speed=0.00
1779698860.792,0x200,8,71 64 6C E0 B8 50 6E 4A,fuel=100.00
1779698860.948,0x300,8,02 FE 4E 31 8A 40 F5 FF,temp=42.00
1779698861.014,0x100,8,00 48 F0 44 B8 B9 22 FE,speed=0.00
1779698861.133,0x200,8,42 64 0D 96 37 BA 9B 7F,fuel=100.00
1779698861.241,0x300,8,02 F7 52 26 E0 2E 17 35,temp=42.00
1779698861.325,0x100,8,00 AA B6 4A 2A D6 48 AE,speed=0.00
1779698861.408,0x200,8,54 64 35 5D 6D 47 AD C9,fuel=100.00
1779698861.475,0x300,8,02 5E 14 9F 09 EA 8A 0C,temp=42.00
1779698861.567,0x100,8,00 16 D0 3A 58 A1 11 78,speed=0.00
1779698861.641,0x200,8,25 64 37 C1 83 B3 83 00,fuel=100.00
1779698861.786,0x300,8,02 3C 54 F0 EC 8E DF 3F,temp=42.00
1779698861.863,0x100,8,00 3B DB 31 BB E0 44 2A,speed=0.00
1779698861.938,0x200,8,A4 64 7D 7C F8 EA B2 55,fuel=100.00
1779698862.086,0x300,8,02 6E E9 EA D7 66 86 CF,temp=42.00
1779698862.174,0x100,8,00 BB 2C 97 41 F9 C3 89,speed=0.00
1779698862.262,0x200,8,C0 64 82 40 68 55 10 22,fuel=100.00
1779698862.372,0x300,8,02 55 4D 82 CB 4C 6C F9,temp=42.00
1779698862.511,0x100,8,00 4D 4D F2 0D 33 A5 B1,speed=0.00
1779698862.671,0x200,8,5C 64 1F 50 1B 1B 72 18,fuel=100.00
1779698862.744,0x300,8,02 8B 41 32 65 0D 70 D2,temp=42.00
1779698862.841,0x100,8,00 61 47 34 FB 8F D0 E4,speed=0.00
1779698862.916,0x200,8,00 64 26 6A 9B F7 87 EC,fuel=100.00
1779698863.009,0x300,8,02 96 06 22 27 1C 9E 3D,temp=42.00
1779698863.094,0x100,8,00 CB 92 01 DA B2 59 E5,speed=0.00
1779698863.258,0x200,8,AA 64 22 06 51 7E CF 4D,fuel=100.00
1779698863.345,0x300,8,02 28 28 C5 C3 D9 24 A1,temp=42.00
1779698863.522,0x100,8,00 D5 01 D2 F6 5C E3 F6,speed=0.00
1779698863.580,0x200,8,5C 64 D8 5E 0B DD A7 35,fuel=100.00
1779698863.664,0x300,8,02 74 D1 14 B7 2E D6 22,temp=42.00
1779698863.726,0x100,8,00 10 9F C3 DB 58 7F B3,speed=0.00
1779698863.864,0x200,8,3F 64 8E DC 6C 9A D4 9C,fuel=100.00
1779698863.973,0x300,8,02 F8 61 39 6F 3B F1 8B,temp=42.00
1779698864.021,0x100,8,00 F2 0C 9C E1 13 A6 50,speed=0.00
1779698864.167,0x200,8,12 64 5D D6 BC 15 A1 E9,fuel=100.00
1779698864.203,0x300,8,02 03 F0 D0 5A F2 15 E4,temp=42.00
1779698864.308,0x100,8,00 8D EF DE 9C 97 93 73,speed=0.00
1779698864.409,0x200,8,64 64 62 BC BF 79 BC F2,fuel=100.00
1779698864.539,0x300,8,02 61 39 54 0B 85 E5 B7,temp=42.00
1779698864.608,0x100,8,00 00 C7 76 2D F9 FB 0D,speed=0.00
1779698864.726,0x200,8,C6 64 BF 81 52 85 13 E6,fuel=100.00
1779698864.806,0x300,8,02 51 F4 A5 39 01 EE D2,temp=42.00
1779698864.871,0x100,8,00 C0 2E 18 19 7E 83 37,speed=0.00
1779698864.983,0x200,8,09 64 7A D0 C3 CE DF 99,fuel=100.00
1779698865.085,0x300,8,02 C0 9B 7A E2 41 D4 06,temp=42.00
1779698865.190,0x100,8,00 E5 7A B1 0C D9 4C 4E,speed=0.00
1779698865.307,0x200,8,15 64 D2 7E 82 11 C6 A1,fuel=100.00
1779698865.356,0x300,8,02 0A D6 FC FB AF 8B 37,temp=42.00
1779698865.446,0x100,8,00 CE 55 CA 96 62 D4 A6,speed=0.00
1779698865.575,0x200,8,77 64 0D ED F5 B0 69 69,fuel=100.00
1779698865.845,0x300,8,02 81 F4 B7 2B 6A DF 78,temp=42.00
1779698865.949,0x100,8,00 46 73 7A FB 3A 04 62,speed=0.00
1779698866.009,0x200,8,CC 64 4B E3 03 87 39 5B,fuel=100.00
1779698866.103,0x300,8,02 D9 33 1A 7E 01 2A 67,temp=42.00
1779698866.257,0x100,8,00 E0 EF E1 77 1D 26 5E,speed=0.00
1779698866.338,0x200,8,78 64 DE 4F 81 E4 4A 66,fuel=100.00
1779698866.416,0x300,8,02 DB F8 47 83 3C 73 34,temp=42.00
1779698866.537,0x100,8,00 CD AC 71 E2 3C ED 59,speed=0.00
1779698866.621,0x200,8,B1 64 A2 36 4B 06 9F 12,fuel=100.00
1779698866.692,0x300,8,02 CA 77 9A 60 DD DE D2,temp=42.00
1779698866.772,0x100,8,00 44 D7 36 DB CC D0 8B,speed=0.00
1779698866.869,0x200,8,14 64 67 DB 80 0E F6 00,fuel=100.00
1779698866.950,0x300,8,02 92 66 8F CD 41 E6 74,temp=42.00
1779698867.108,0x100,8,00 81 22 08 D4 60 7C A4,speed=0.00
1779698867.121,0x200,8,16 64 E3 15 8B A5 3F B3,fuel=100.00
1779698867.222,0x300,8,02 2F 35 2E 13 5D 9E E8,temp=42.00
1779698867.332,0x100,8,00 0E 71 67 A0 2C 62 57,speed=0.00
1779698867.414,0x200,8,96 64 A4 7E 61 BE 12 99,fuel=100.00
1779698867.558,0x300,8,02 0F 8C DA E5 6B C5 96,temp=42.00
1779698867.641,0x100,8,00 64 DC 93 52 F2 F4 44,speed=0.00
1779698867.736,0x200,8,EB 64 70 33 1D 32 4F 89,fuel=100.00
1779698867.838,0x300,8,02 7E 3D 6D 54 48 C4 30,temp=42.00
1779698867.952,0x100,8,00 E7 63 0B 22 F9 0F 29,speed=0.00
1779698868.040,0x200,8,51 64 07 73 50 E9 9B 0A,fuel=100.00
1779698868.134,0x300,8,02 DD 81 9F C7 06 9D 42,temp=42.00
1779698868.223,0x100,8,00 45 F8 93 CD 32 6A E9,speed=0.00
1779698868.307,0x200,8,A9 64 E9 F8 4C C0 DA 5A,fuel=100.00
1779698868.416,0x300,8,02 2F 5C D5 57 9D 80 4A,temp=42.00
1779698868.485,0x100,8,00 10 BD A6 95 7B 0E 22,speed=0.00
1779698868.587,0x200,8,C0 64 F2 22 14 80 04 1A,fuel=100.00
1779698868.660,0x300,8,02 FB 01 BC 24 0D 35 4D,temp=42.00
1779698868.782,0x100,8,00 B6 38 48 51 32 13 EE,speed=0.00
1779698868.881,0x200,8,43 64 53 9D 34 80 29 C7,fuel=100.00
1779698868.967,0x300,8,02 7E 93 3F 08 B8 15 AD,temp=42.00
1779698869.084,0x100,8,00 DE C5 9F A4 DE EC 50,speed=0.00
1779698869.189,0x200,8,7E 64 3F 3C 06 B7 1A 81,fuel=100.00
1779698869.336,0x300,8,02 ED 04 1A D6 2F 6C 0B,temp=42.00
1779698869.408,0x100,8,00 73 30 A7 8A 6C A0 04,speed=0.00
1779698869.499,0x200,8,15 64 C3 E1 19 89 4E AA,fuel=100.00
1779698869.598,0x300,8,02 B5 BD 62 90 FD C0 ED,temp=42.00
1779698869.671,0x100,8,00 10 CB 7F 80 67 9B EB,speed=0.00
1779698869.773,0x200,8,67 64 0F 04 5D 3B 22 1C,fuel=100.00
1779698869.851,0x300,8,02 63 A6 9C 3F 17 43 D1,temp=42.00
1779698869.984,0x100,8,00 7F 0E 68 F5 E1 5D 55,speed=0.00
1779698870.051,0x200,8,05 64 B1 F3 CA 5D 4C 30,fuel=100.00
1779698870.123,0x300,8,02 A9 28 FE 37 FB 2A 9D,temp=42.00
1779698870.241,0x100,8,00 0A 5D 23 80 3E BC D1,speed=0.00
1779698870.340,0x200,8,66 64 D4 69 1E 67 33 22,fuel=100.00
1779698870.416,0x300,8,02 C4 79 5F 7B 38 32 46,temp=42.00
1779698870.553,0x100,8,00 C5 F7 BE 13 F9 A1 9F,speed=0.00
1779698870.616,0x200,8,C1 64 29 F0 43 74 2C 60,fuel=100.00
1779698870.691,0x300,8,02 99 2D 5B 64 66 B0 F4,temp=42.00
1779698870.834,0x100,8,00 67 5E 56 92 6B F8 F7,speed=0.00
1779698870.875,0x200,8,3B 64 08 5A AB 36 C3 E8,fuel=100.00
1779698870.988,0x300,8,02 41 F5 83 95 00 11 7E,temp=42.00
1779698871.090,0x100,8,00 7C 5F 24 A1 69 77 FF,speed=0.00
1779698871.324,0x200,8,A1 64 C5 0D F4 4B A9 61,fuel=100.00
1779698871.406,0x300,8,02 E4 4C 8F 12 8C D7 F6,temp=42.00
1779698871.469,0x100,8,00 19 C7 D3 46 38 AB CB,speed=0.00
1779698871.573,0x200,8,CA 64 99 34 D2 3B 61 9B,fuel=100.00
1779698871.641,0x300,8,02 90 ED 10 85 70 83 95,temp=42.00
1779698871.723,0x100,8,00 C8 B3 06 46 CD 87 A2,speed=0.00
1779698871.808,0x200,8,87 64 14 A9 19 F2 AA 9E,fuel=100.00
1779698871.938,0x300,8,02 39 C8 7E CE 07 26 49,temp=42.00
1779698872.019,0x100,8,00 3F C3 72 32 01 90 F4,speed=0.00
1779698872.141,0x200,8,49 64 EE 92 F9 48 18 5B,fuel=100.00
1779698872.475,0x300,8,02 CD A2 4A C0 48 51 CB,temp=42.00
1779698872.591,0x100,8,00 4E D3 AB DA BA C2 31,speed=0.00
1779698872.691,0x200,8,B6 64 B3 C7 14 BA 73 2A,fuel=100.00
1779698872.875,0x300,8,02 37 17 FA 47 5A 5A 12,temp=42.00
1779698872.984,0x100,8,00 B5 65 F1 39 08 97 B2,speed=0.00
1779698873.074,0x200,8,F2 64 83 F7 CE 33 A9 95,fuel=100.00
1779698873.168,0x300,8,02 0C 13 5D 87 29 00 E2,temp=42.00
1779698873.309,0x100,8,00 D2 62 EE 0F 7F 45 A3,speed=0.00
1779698873.408,0x200,8,EE 64 65 9D 40 65 BD DB,fuel=100.00
1779698873.505,0x300,8,02 D1 7A 59 E9 27 77 CF,temp=42.00
1779698873.669,0x100,8,00 B4 8F ED 16 A0 B7 6A,speed=0.00
1779698873.736,0x200,8,38 64 85 06 B0 D0 13 AE,fuel=100.00
1779698873.898,0x300,8,02 81 FD FA AF E5 D3 5B,temp=42.00
1779698873.974,0x100,8,00 D5 C7 C6 13 5D 06 F7,speed=0.00
1779698874.058,0x200,8,ED 64 A2 A9 39 12 EC 15,fuel=100.00
1779698874.170,0x300,8,02 8A 53 25 9C 8F F9 4F,temp=42.00
1779698874.248,0x100,8,00 43 BE 22 7F 71 BF DB,speed=0.00
1779698874.437,0x200,8,18 64 60 64 09 39 4A 61,fuel=100.00
1779698874.574,0x300,8,02 25 03 5F 27 47 50 F5,temp=42.00
1779698874.641,0x100,8,00 04 47 FA EC 37 29 08,speed=0.00
1779698874.761,0x200,8,5E 64 89 46 E5 A6 4D 32,fuel=100.00
1779698874.826,0x300,8,02 1A A6 37 88 57 D2 D6,temp=42.00
1779698875.126,0x100,8,00 31 DB 7B BF FA 9F 34,speed=0.00
1779698875.290,0x200,8,DE 64 DE 08 6A E6 AD C5,fuel=100.00
1779698875.375,0x300,8,02 46 5C D2 FC DF 97 CA,temp=42.00
1779698875.529,0x100,8,00 3B 67 51 06 85 B5 E7,speed=0.00
1779698875.589,0x200,8,37 64 F4 95 8C F1 6C 9B,fuel=100.00
1779698875.690,0x300,8,02 56 AA 9F 2A 6B C9 80,temp=42.00
1779698875.773,0x100,8,00 0E E6 7C F1 12 DA 1F,speed=0.00
1779698875.841,0x200,8,0A 64 91 8B 97 F5 41 EA,fuel=100.00
1779698875.986,0x300,8,02 03 19 98 35 42 FA C4,temp=42.00
1779698876.070,0x100,8,00 79 DD 70 5E 67 F5 C3,speed=0.00
1779698876.139,0x200,8,0A 64 9F 7B A1 F2 7D E5,fuel=100.00
1779698876.284,0x300,8,02 4E FE C4 2A A1 79 2B,temp=42.00
1779698876.382,0x100,8,00 15 67 62 67 E5 33 17,speed=0.00
1779698876.472,0x200,8,9B 64 DB 0F 8D FB A4 7B,fuel=100.00
1779698876.553,0x300,8,02 FE 25 9D 2A 0D 48 B7,temp=42.00
1779698876.636,0x100,8,00 F4 CC 0E AB C8 01 8D,speed=0.00
1779698876.723,0x200,8,07 64 60 D9 49 19 48 98,fuel=100.00
1779698876.783,0x300,8,02 47 D5 2F 0B 7D 85 D9,temp=42.00
1779698876.938,0x100,8,00 9E FF D5 9A 7C C1 66,speed=0.00
1779698876.999,0x200,8,0D 64 42 F0 77 DF 6E 04,fuel=100.00
1779698877.067,0x300,8,02 D1 38 37 91 1B 47 B9,temp=42.00
1779698877.255,0x100,8,00 00 03 4B 97 8B 14 0F,speed=0.00
1779698877.390,0x200,8,1E 64 80 63 69 7E A4 73,fuel=100.00
1779698877.468,0x300,8,02 C2 B1 1F CF E1 CE A8,temp=42.00
1779698877.539,0x100,8,00 77 7C ED 2F 2F 6A 9F,speed=0.00
1779698877.668,0x200,8,7D 64 01 BB C9 62 EC 5C,fuel=100.00
1779698877.758,0x300,8,02 47 7E 76 85 84 37 02,temp=42.00
1779698877.849,0x100,8,00 88 50 CE 7D B0 C9 11,speed=0.00
1779698877.934,0x200,8,3F 64 16 80 BD ED B0 56,fuel=100.00
1779698878.036,0x300,8,02 76 B8 BA 7F A8 B6 7D,temp=42.00
1779698878.150,0x100,8,00 93 03 5E AE D3 5D B0,speed=0.00
1779698878.205,0x200,8,D6 64 DD 19 A3 EF 2D 74,fuel=100.00
1779698878.301,0x300,8,02 91 0D A9 A4 6D 10 64,temp=42.00
1779698878.392,0x100,8,00 B4 27 DA B6 B4 8B 98,speed=0.00
1779698878.467,0x200,8,D0 64 2B A3 6F DD 4F 6A,fuel=100.00
1779698878.707,0x300,8,02 CF 49 AE F1 73 F9 0A,temp=42.00
1779698878.768,0x100,8,00 FE A5 8F 30 62 43 42,speed=0.00
1779698878.891,0x200,8,06 64 E8 9D 52 EA 5F 65,fuel=100.00
1779698878.986,0x300,8,02 EE 4E 1B F5 03 83 B1,temp=42.00
1779698879.059,0x100,8,00 EF 19 78 3D B7 9C 35,speed=0.00
1779698879.186,0x200,8,04 64 50 2E 82 C0 0B CC,fuel=100.00
1779698879.252,0x300,8,02 C9 5F CD 4E A2 95 70,temp=42.00
1779698879.320,0x100,8,00 59 91 9C D2 8B 3C D9,speed=0.00
1779698879.434,0x200,8,F9 64 53 14 EB CF 4C A4,fuel=100.00
1779698879.516,0x300,8,02 6A 08 B9 85 61 88 CC,temp=42.00
1779698879.659,0x100,8,00 AA 07 90 F9 70 F3 60,speed=0.00
1779698879.756,0x200,8,DB 64 9D 01 9B 9C D4 79,fuel=100.00
1779698879.853,0x300,8,02 B1 94 27 1A 76 38 1B,temp=42.00
1779698879.971,0x100,8,00 91 B4 A2 1A B3 53 D2,speed=0.00
1779698880.108,0x200,8,A5 64 56 57 A0 64 61 18,fuel=100.00
1779698880.226,0x300,8,02 76 BA A8 EC 02 92 63,temp=42.00
1779698880.274,0x100,8,00 26 4B A3 34 12 9D 17,speed=0.00
1779698880.422,0x200,8,98 64 03 CA AA E7 B0 90,fuel=100.00
1779698880.521,0x300,8,02 F0 8B 4C 25 79 1F 5F,temp=42.00
1779698880.608,0x100,8,00 30 36 45 1C D0 EB 47,speed=0.00
1779698880.700,0x200,8,8D 64 3E 53 64 D6 6A 6F,fuel=100.00
1779698880.771,0x300,8,02 9B BE FA 24 3A 75 27,temp=42.00
1779698880.864,0x100,8,00 1A AF 17 60 C9 27 52,speed=0.00
1779698880.963,0x200,8,F0 64 93 FE DD 7E 89 36,fuel=100.00
1779698881.055,0x300,8,02 8E 24 53 48 F0 B8 3B,temp=42.00
1779698881.138,0x100,8,00 03 40 67 FF 19 C5 40,speed=0.00
1779698881.287,0x200,8,69 64 E1 5E 7F 1A D0 BB,fuel=100.00
1779698881.369,0x300,8,02 45 DC 22 7D C6 8D 35,temp=42.00
1779698881.506,0x100,8,00 6A EA 3A 1A BF 75 97,speed=0.00
1779698881.570,0x200,8,AA 64 30 B5 6A 77 C8 3A,fuel=100.00
1779698881.692,0x300,8,02 DC F9 76 09 42 B1 51,temp=42.00
1779698881.752,0x100,8,00 13 A5 DD 55 06 1C 4A,speed=0.00
1779698881.900,0x200,8,6B 64 95 3D FB 90 6A E4,fuel=100.00
1779698881.972,0x300,8,02 A1 01 BD B1 37 3E 9A,temp=42.00
1779698882.069,0x100,8,00 B4 42 E7 37 F2 DB 25,speed=0.00
1779698882.155,0x200,8,63 64 CD 87 82 C3 4E 2C,fuel=100.00
1779698882.367,0x300,8,02 58 98 42 A3 AC C9 6F,temp=42.00
1779698882.491,0x100,8,00 2A CC F0 C0 27 75 BD,speed=0.00
1779698882.586,0x200,8,5D 64 D2 80 84 21 33 7D,fuel=100.00
1779698882.686,0x300,8,02 FF EA 68 83 7B 11 76,temp=42.00
1779698882.792,0x100,8,00 D8 50 E7 04 C0 2D 93,speed=0.00
1779698882.909,0x200,8,29 64 23 17 CB E1 2C 80,fuel=100.00
1779698883.037,0x300,8,02 A5 BD A0 D7 9B E6 53,temp=42.00
1779698883.141,0x100,8,00 01 4B CF 76 91 5E 67,speed=0.00
1779698883.257,0x200,8,8F 64 E1 65 FC 33 EB FC,fuel=100.00
1779698883.358,0x300,8,02 C6 51 7A 97 7A 3D D1,temp=42.00
1779698883.558,0x100,8,00 F6 D1 25 8E 11 19 14,speed=0.00
1779698883.692,0x200,8,A6 64 31 6D 77 A8 05 10,fuel=100.00
1779698883.775,0x300,8,02 9F 4C 0A 08 B1 6A 49,temp=42.00
1779698884.006,0x100,8,00 D8 71 90 4A 07 AE 30,speed=0.00
1779698884.104,0x200,8,66 64 00 1A FF 90 A1 65,fuel=100.00
1779698884.107,0x300,8,02 E7 1C 70 46 C6 CF 0C,temp=42.00
1779698884.272,0x100,8,00 6C C7 17 54 62 5D A8,speed=0.00
1779698884.485,0x200,8,EC 64 FE AC 53 81 BC 61,fuel=100.00
1779698884.591,0x300,8,02 8F 5B 42 A9 62 79 B6,temp=42.00
1779698884.776,0x100,8,00 5F 48 53 88 22 3D D5,speed=0.00
1779698884.922,0x200,8,E9 64 34 B2 16 E6 A4 91,fuel=100.00
1779698885.087,0x300,8,02 50 99 27 EA 50 A5 00,temp=42.00
1779698885.325,0x100,8,00 83 8A B1 E9 12 F0 40,speed=0.00
1779698885.425,0x200,8,C7 64 1D B5 6A 1E E1 E9,fuel=100.00
1779698885.590,0x300,8,02 1B E8 BA F5 5E 2B 30,temp=42.00
1779698885.791,0x100,8,00 25 C0 B0 C2 1D 3B E2,speed=0.00
1779698886.071,0x200,8,EA 64 CF ED 11 E2 2A A0,fuel=100.00
1779698886.300,0x300,8,02 DD BB 5B 79 9A A0 BD,temp=42.00
1779698886.469,0x100,8,00 5E 63 2E 52 E2 5F BF,speed=0.00
1779698886.562,0x200,8,24 64 7C 0E AD 34 66 E8,fuel=100.00
1779698886.651,0x300,8,02 0C F0 7E E7 A8 A2 EA,temp=42.00
1779698886.752,0x100,8,00 B5 AA 0A E4 E3 7B A2,speed=0.00
1779698886.890,0x200,8,4F 64 BB 4C C7 F9 AF 69,fuel=100.00
1779698886.985,0x300,8,02 53 97 C2 6F E8 8B 2F,temp=42.00
1779698887.178,0x100,8,00 39 D4 64 29 61 66 E6,speed=0.00
1779698887.316,0x200,8,FA 64 22 B5 63 39 FE 2F,fuel=100.00
1779698887.404,0x300,8,02 61 F4 2E DE F7 58 C5,temp=42.00
1779698887.487,0x100,8,00 33 1F CA 87 CB 88 AA,speed=0.00
1779698887.595,0x200,8,FB 64 01 AC 81 2D D1 2F,fuel=100.00
1779698887.708,0x300,8,02 F0 6C BB D0 5B B7 AD,temp=42.00
1779698887.773,0x100,8,00 76 3F D2 B8 1D BD BF,speed=0.00
1779698887.889,0x200,8,B8 64 07 BC 75 60 7E B8,fuel=100.00
1779698887.950,0x300,8,02 7E D3 55 C6 F3 3C F2,temp=42.00
1779698888.039,0x100,8,00 F8 54 0F 37 AA BC 50,speed=0.00
1779698888.148,0x200,8,FD 64 F4 C3 70 44 50 E5,fuel=100.00
1779698888.285,0x300,8,02 DE C5 4C AA A1 F7 FC,temp=42.00
1779698888.395,0x100,8,00 84 83 4A 36 00 D2 EB,speed=0.00
1779698888.452,0x200,8,3A 64 85 63 43 EB 4F 2D,fuel=100.00
1779698888.516,0x300,8,02 79 A2 3E 16 93 D5 A9,temp=42.00
1779698888.624,0x100,8,00 77 AF BE 66 C7 F5 B7,speed=0.00
1779698888.762,0x200,8,4F 64 B4 D7 FE FF F7 E3,fuel=100.00
1779698888.808,0x300,8,02 49 2D 59 D1 2E CC 3B,temp=42.00
1779698888.937,0x100,8,00 12 FA 56 C1 0E A7 5A,speed=0.00
1779698888.995,0x200,8,50 64 84 AE E1 2D 76 41,fuel=100.00
1779698889.175,0x300,8,02 71 08 CA FC 42 7A 71,temp=42.00
1779698889.491,0x100,8,00 FF 42 A9 3D 9B C9 DB,speed=0.00
1779698889.702,0x200,8,24 64 6D 8B 6B 85 B6 74,fuel=100.00
1779698889.803,0x300,8,02 5D 7A 8A 96 2F 57 77,temp=42.00
1779698889.884,0x100,8,00 34 E3 9F 27 DB DF C7,speed=0.00
1779698889.984,0x200,8,8B 64 8C 5D 6B 75 2F 3E,fuel=100.00
1779698890.119,0x300,8,02 FF A1 CD 75 F5 4B 8A,temp=42.00
1779698890.636,0x100,8,00 14 C8 E5 D7 D9 C2 79,speed=0.00
1779698890.919,0x200,8,ED 64 B8 4E 2C 6B 5F 3C,fuel=100.00
1779698890.975,0x300,8,02 F8 EA 9E A0 98 A5 A2,temp=42.00
1779698891.119,0x100,8,00 7D FB 2A 74 39 EB 87,speed=0.00
1779698891.192,0x200,8,89 64 18 EF 2F 3E EC A5,fuel=100.00
1779698891.353,0x300,8,02 96 56 86 03 E0 18 6D,temp=42.00
1779698891.491,0x100,8,00 C8 6E 6E B8 51 2C E1,speed=0.00
1779698891.548,0x200,8,06 64 7E 53 7E 78 75 25,fuel=100.00
1779698891.675,0x300,8,02 6D 68 7E 9D BD 9F 6D,temp=42.00
1779698891.790,0x100,8,00 1C C2 99 B4 E5 BC 3E,speed=0.00
1779698891.876,0x200,8,0B 64 43 D2 64 BC 92 9D,fuel=100.00
1779698891.970,0x300,8,02 D3 16 1A 6D BC 64 CB,temp=42.00
1779698892.103,0x100,8,00 85 75 1A D1 F1 6F C8,speed=0.00
1779698892.387,0x200,8,4D 64 A7 AD E5 64 AF 53,fuel=100.00
1779698892.571,0x300,8,02 11 0E CC E7 56 4D 00,temp=42.00
1779698892.625,0x100,8,00 8F 10 C3 41 A8 D5 68,speed=0.00
1779698892.707,0x200,8,58 64 AA 10 90 DA 03 A0,fuel=100.00
1779698892.803,0x300,8,02 01 D9 70 F8 A4 30 0C,temp=42.00
1779698892.890,0x100,8,00 91 62 78 7F 31 0D 1F,speed=0.00
1779698892.974,0x200,8,C6 64 03 A4 B3 4E D2 57,fuel=100.00
1779698893.087,0x300,8,02 D0 AF 21 05 E6 A2 ED,temp=42.00
1779698893.254,0x100,8,00 F5 E9 F7 EE 67 E0 D9,speed=0.00
1779698893.354,0x200,8,E3 64 C4 08 C7 93 48 7C,fuel=100.00
1779698893.508,0x300,8,02 DE F7 34 63 28 50 54,temp=42.00
1779698893.703,0x100,8,00 1F 09 32 7B F4 C7 36,speed=0.00
1779698893.856,0x200,8,CC 64 0B A6 B7 88 8E 46,fuel=100.00
1779698894.037,0x300,8,02 C4 F9 EC 68 A1 AD AD,temp=42.00
1779698894.859,0x100,8,00 EA 27 7C B6 0A 47 A3,speed=0.00
1779698895.042,0x200,8,1C 64 86 6B 50 91 7B 8E,fuel=100.00
1779698895.172,0x300,8,02 9E DE EC 3C F5 10 64,temp=42.00
1779698895.308,0x100,8,00 25 46 EF 14 A5 D9 4F,speed=0.00
1779698895.424,0x200,8,CD 64 4D FA E3 7B 16 58,fuel=100.00
1779698895.501,0x300,8,02 28 AD 17 53 28 8E 0E,temp=42.00
1779698895.590,0x100,8,00 49 27 3D 81 CA 1C CB,speed=0.00
1779698895.725,0x200,8,61 64 CE 9D F1 66 30 15,fuel=100.00
1779698895.835,0x300,8,02 4C 52 89 DE F1 99 0D,temp=42.00
1779698895.908,0x100,8,00 A2 69 CE 5D DB C5 52,speed=0.00
1779698895.984,0x200,8,A4 64 08 0B D2 3E 2F 3B,fuel=100.00
1779698896.071,0x300,8,02 8A 16 78 29 CA 62 EF,temp=42.00
1779698896.141,0x100,8,00 C5 B7 AB 8E 9F ED 98,speed=0.00
1779698896.440,0x200,8,DC 64 E2 D8 BB F3 CA 59,fuel=100.00
1779698896.551,0x300,8,02 CD F7 45 89 B4 65 A5,temp=42.00
1779698896.636,0x100,8,00 DF B0 FF E7 E5 14 2F,speed=0.00
1779698896.714,0x200,8,69 64 CC 54 4E 6A 06 67,fuel=100.00
1779698896.872,0x300,8,02 06 58 CC F4 F4 F1 89,temp=42.00
1779698896.984,0x100,8,00 60 3C 30 56 B0 AC E4,speed=0.00
1779698897.152,0x200,8,3F 64 13 91 6D E0 46 4F,fuel=100.00
1779698897.202,0x300,8,02 5A F0 1B A4 3F EC B8,temp=42.00
1779698897.275,0x100,8,00 5E FE 7D E9 C4 CE 50,speed=0.00
1779698897.380,0x200,8,A3 64 F1 A2 92 CD 33 DE,fuel=100.00
1779698897.487,0x300,8,02 DF 4C 8E 10 A1 14 63,temp=42.00
1779698897.593,0x100,8,00 4A E3 62 F0 43 3A 5D,speed=0.00
1779698897.654,0x200,8,47 64 3A 28 73 B3 A2 74,fuel=100.00
1779698897.769,0x300,8,02 83 77 24 DE 43 D9 D7,temp=42.00
1779698897.854,0x100,8,00 29 59 86 8C 57 64 E6,speed=0.00
1779698897.931,0x200,8,E7 64 A4 EF 87 80 46 F1,fuel=100.00
1779698898.021,0x300,8,02 6F 93 2C CA AB 85 94,temp=42.00
1779698898.126,0x100,8,00 6A 5E 97 AB 55 D2 26,speed=0.00
1779698898.222,0x200,8,B9 64 E0 B6 BC 74 2A 93,fuel=100.00
1779698898.304,0x300,8,02 A6 0E E6 15 04 67 1F,temp=42.00
1779698898.474,0x100,8,00 DC 73 09 2E B8 14 AF,speed=0.00
1779698898.738,0x200,8,4B 64 D7 ED 91 F4 72 4E,fuel=100.00
1779698898.796,0x300,8,02 98 AF EB D3 7D 62 49,temp=42.00
1779698898.877,0x100,8,00 47 88 50 6D EC 74 34,speed=0.00
1779698898.961,0x200,8,2A 64 25 ED 30 52 33 9E,fuel=100.00
1779698899.054,0x300,8,02 F1 B3 FB 6E 5A 11 E2,temp=42.00
1779698899.148,0x100,8,00 FD 3B 9D 1C 46 37 99,speed=0.00
1779698899.234,0x200,8,34 64 B4 46 76 DB 70 DC,fuel=100.00
1779698899.331,0x300,8,02 17 17 C4 1F FB 09 08,temp=42.00
1779698899.420,0x100,8,00 A1 82 1B 8C 4A 25 E4,speed=0.00
1779698899.597,0x200,8,79 64 97 66 BA 83 7B 91,fuel=100.00
1779698899.757,0x300,8,02 40 33 2A C0 9D BC 77,temp=42.00
1779698899.887,0x100,8,00 C6 B1 5A D0 D1 FB 1D,speed=0.00
1779698899.890,0x200,8,9D 64 11 8F FD D3 16 7F,fuel=100.00
1779698900.105,0x300,8,02 76 D8 0E F1 8C C5 4B,temp=42.00
1779698900.187,0x100,8,00 41 28 D3 68 62 89 3F,speed=0.00
1779698900.306,0x200,8,B3 64 37 E6 25 9B AB C0,fuel=100.00
1779698900.421,0x300,8,02 75 C4 C7 37 96 72 FF,temp=42.00
1779698900.490,0x100,8,00 B8 E7 41 30 B9 49 F0,speed=0.00
1779698900.559,0x200,8,96 64 18 10 19 C3 A4 71,fuel=100.00
1779698900.642,0x300,8,02 1C 58 D4 A2 9D 36 28,temp=42.00
1779698900.858,0x100,8,00 C3 04 36 29 9A 6F A8,speed=0.00
1779698900.954,0x200,8,DB 64 23 C5 E5 3F EB 6A,fuel=100.00
1779698901.072,0x300,8,02 CE 33 68 E5 4D 4B 31,temp=42.00
1779698901.312,0x100,8,00 33 92 9B BE 5D 8A B7,speed=0.00
1779698901.537,0x200,8,AA 64 B3 F7 65 E3 44 FC,fuel=100.00
1779698901.621,0x300,8,02 2E 24 0A 00 98 E0 37,temp=42.00
1779698901.688,0x100,8,00 7B 28 B3 55 F5 3B F8,speed=0.00
1779698901.801,0x200,8,77 64 64 EE EB 66 E6 DC,fuel=100.00
1779698901.907,0x300,8,02 EA BB E8 82 72 21 47,temp=42.00
1779698901.993,0x100,8,00 DB 17 4B 82 7B 2C FA,speed=0.00
1779698902.059,0x200,8,3B 64 F6 5F D0 68 02 CD,fuel=100.00
1779698902.189,0x300,8,02 46 76 36 63 D7 72 13,temp=42.00
1779698902.256,0x100,8,00 C6 66 68 B9 27 42 8A,speed=0.00
1779698902.384,0x200,8,38 64 62 EF B6 28 5C 53,fuel=100.00
1779698902.473,0x300,8,02 B8 E6 F5 82 F0 9E 07,temp=42.00
1779698902.553,0x100,8,00 42 63 56 82 A3 82 20,speed=0.00
1779698902.620,0x200,8,33 64 F5 6C 19 26 57 30,fuel=100.00
1779698902.754,0x300,8,02 69 93 66 46 60 FC 34,temp=42.00
1779698902.853,0x100,8,00 7F 14 79 B5 E5 DF EE,speed=0.00
1779698902.916,0x200,8,D7 64 D7 C9 B6 36 90 15,fuel=100.00
1779698903.006,0x300,8,02 E0 32 7E AF FE 9F 3E,temp=42.00
1779698903.096,0x100,8,00 3C B4 A3 A8 FE 41 5A,speed=0.00
1779698903.188,0x200,8,79 64 35 A1 CF 9A 1F B7,fuel=100.00
1779698903.485,0x300,8,02 90 F3 95 C0 DB ED EB,temp=42.00
1779698903.720,0x100,8,00 22 9F B9 3F B3 99 77,speed=0.00
1779698903.732,0x200,8,BB 64 53 FD DA 26 A9 16,fuel=100.00
1779698904.705,0x300,8,02 4A 2C 39 C7 DA D4 FB,temp=42.00
1779698905.000,0x100,8,00 A9 D0 0B 72 38 8D 89,speed=0.00
1779698905.331,0x200,8,98 64 AE 7E E6 97 FB 8A,fuel=100.00
1779698905.567,0x300,8,02 4C 84 27 95 4F E4 C9,temp=42.00
1779698906.557,0x100,8,00 5A 39 95 31 AC 7A 81,speed=0.00
1779698906.613,0x200,8,BC 64 17 CA 43 15 AE 52,fuel=100.00
1779698906.722,0x300,8,02 6C 9A F2 75 29 6A AA,temp=42.00
1779698907.131,0x100,8,00 AC D1 8E 3F BC 1A 34,speed=0.00
1779698907.401,0x200,8,C5 64 B2 F7 05 B5 C8 29,fuel=100.00
1779698907.894,0x300,8,02 5A F8 23 A7 1F D4 D1,temp=42.00
1779698908.246,0x100,8,00 C5 B0 CD 4B B7 69 02,speed=0.00
1779698908.372,0x200,8,09 64 04 11 FD EE CC 65,fuel=100.00
1779698908.471,0x300,8,02 BF E0 CC A2 21 60 EF,temp=42.00
1779698908.633,0x100,8,00 1C 51 CF E4 B2 79 41,speed=0.00
1779698908.716,0x200,8,1F 64 7F 7A 38 DE 9E 61,fuel=100.00
1779698908.867,0x300,8,02 3D 76 56 65 69 B3 8D,temp=42.00
1779698909.056,0x100,8,00 6A 91 CD 09 5F 50 24,speed=0.00
1779698909.218,0x200,8,79 64 B2 6A AA 81 9B B9,fuel=100.00
1779698909.353,0x300,8,02 83 E4 D1 44 F5 4F 02,temp=42.00
1779698909.553,0x100,8,00 A2 43 82 4D B4 86 52,speed=0.00
1779698909.674,0x200,8,B4 64 96 54 BE C7 5F 12,fuel=100.00
1779698909.821,0x300,8,02 73 B9 57 D3 49 A3 33,temp=42.00
1779698909.949,0x100,8,00 1F 0C E7 A7 2A F1 AC,speed=0.00
1779698910.068,0x200,8,6D 64 31 7D 16 D5 78 50,fuel=100.00
1779698910.652,0x300,8,02 71 1C 74 DB 3E C1 0B,temp=42.00
1779698913.140,0x100,8,00 10 F9 B9 DE F5 BB B0,speed=0.00
1779698913.367,0x200,8,52 64 11 B8 83 72 3A 27,fuel=100.00
1779698913.506,0x300,8,02 F9 43 3A 52 AC 52 B4,temp=42.00
1779698913.770,0x100,8,00 56 2C B3 8F C3 8C 8F,speed=0.00
1779698914.363,0x200,8,69 64 3A 18 D0 27 E6 CF,fuel=100.00
1779698914.615,0x300,8,02 F3 B3 8A CD A8 2A 9C,temp=42.00
1779698914.638,0x100,8,00 7F B1 9E 86 73 5A 61,speed=0.00
1779698914.739,0x200,8,FE 64 86 D8 97 FA 94 5A,fuel=100.00
1779698914.920,0x300,8,02 45 0C B5 5E EA 11 C1,temp=42.00
1779698914.985,0x100,8,00 70 C6 C2 7C 1F 37 9C,speed=0.00
1779698915.075,0x200,8,D3 64 18 96 EC 11 3C C2,fuel=100.00
1779698915.299,0x300,8,02 85 B4 66 C9 87 4B 5B,temp=42.00
1779698915.469,0x100,8,00 4F 8C 51 54 70 35 AB,speed=0.00
1779698915.603,0x200,8,7C 64 76 5A 57 6F 51 63,fuel=100.00
1779698915.831,0x300,8,02 7E AF 48 29 D6 41 CD,temp=42.00
1779698915.973,0x100,8,00 B1 E7 CD 3E 46 63 89,speed=0.00
1779698916.172,0x200,8,F7 64 C4 09 D5 72 10 2D,fuel=100.00
1779698916.241,0x300,8,02 93 D3 95 62 4E 26 D8,temp=42.00
1779698916.385,0x100,8,00 8E F0 84 08 F2 B1 77,speed=0.00
1779698916.448,0x200,8,B1 64 2E A3 D7 7C E1 64,fuel=100.00
1779698916.517,0x300,8,02 44 07 DB A4 0C 14 F7,temp=42.00
1779698916.681,0x100,8,00 D3 EB 52 A0 75 B5 2E,speed=0.00
1779698916.757,0x200,8,A0 64 40 34 BE 06 02 51,fuel=100.00
1779698916.840,0x300,8,02 46 68 BD 46 F1 DD DA,temp=42.00
1779698916.918,0x100,8,00 D4 1F B1 DF 2F 9A 29,speed=0.00
1779698917.057,0x200,8,A3 64 06 ED 26 1B B8 1D,fuel=100.00
1779698917.091,0x300,8,02 C7 CE D6 33 C0 41 12,temp=42.00
1779698917.173,0x100,8,00 E0 AB 09 CD E9 D0 61,speed=0.00
1779698917.312,0x200,8,F9 64 5C 9E 13 E9 EC 01,fuel=100.00
1779698917.389,0x300,8,02 E9 97 E9 D7 D0 62 5C,temp=42.00
1779698917.542,0x100,8,00 F0 A2 25 9E C5 2A DD,speed=0.00
1779698917.599,0x200,8,2B 64 07 CC 31 B8 11 5D,fuel=100.00
1779698917.688,0x300,8,02 AA FB 77 F8 5D 87 DE,temp=42.00
1779698917.813,0x100,8,00 EA 69 85 C7 DD B6 75,speed=0.00
1779698917.879,0x200,8,46 64 F0 1F DA 4F 5D 5B,fuel=100.00
1779698917.955,0x300,8,02 64 F0 CC AE 57 74 C7,temp=42.00
1779698918.054,0x100,8,00 49 6F AC F4 4D 2A 68,speed=0.00
1779698918.155,0x200,8,CA 64 84 A1 78 31 EB 91,fuel=100.00
1779698918.225,0x300,8,02 0A F8 AC D3 47 1D 82,temp=42.00
1779698918.354,0x100,8,00 85 6F 3D 96 A2 0B 62,speed=0.00
1779698918.436,0x200,8,B9 64 B0 FD 97 1F 51 6A,fuel=100.00
1779698918.533,0x300,8,02 79 60 2B 2D 07 12 25,temp=42.00
1779698918.668,0x100,8,00 89 1C E7 18 C9 AB 1F,speed=0.00
1779698918.787,0x200,8,B4 64 75 03 4E D9 66 1C,fuel=100.00
1779698918.903,0x300,8,02 2F E9 14 8F D1 79 2F,temp=42.00
1779698918.972,0x100,8,00 1F 7B 54 51 A1 05 D9,speed=0.00
1779698919.071,0x200,8,26 64 2B E5 10 9D 97 E7,fuel=100.00
1779698919.198,0x300,8,02 E8 F9 D7 DF 00 88 80,temp=42.00
1779698919.304,0x100,8,00 5F 36 2D C7 4D 1B 37,speed=0.00
1779698919.398,0x200,8,98 64 26 BC 30 E4 50 FC,fuel=100.00
1779698919.450,0x300,8,02 22 91 28 91 C6 62 00,temp=42.00
1779698919.591,0x100,8,00 A0 AB 58 07 F4 BF 0A,speed=0.00
1779698919.674,0x200,8,A6 64 82 41 64 F2 D5 78,fuel=100.00
1779698919.780,0x300,8,02 A8 E6 75 04 58 B4 E4,temp=42.00
1779698919.896,0x100,8,00 61 86 71 6F 76 5C 41,speed=0.00
1779698920.057,0x200,8,09 64 80 0B ED A4 D7 03,fuel=100.00
1779698920.218,0x300,8,02 16 D6 E4 98 BA E4 01,temp=42.00
1779698920.605,0x100,8,00 88 C2 AF 58 3B 35 C5,speed=0.00
1779698920.653,0x200,8,CD 64 E8 48 B4 55 E3 AB,fuel=100.00
1779698920.751,0x300,8,02 E9 DC 79 F3 73 3E 26,temp=42.00
1779698921.032,0x100,8,00 01 1E F9 A7 88 8D 12,speed=0.00
1779698921.150,0x200,8,8B 64 10 23 47 00 1D 9A,fuel=100.00
1779698921.255,0x300,8,02 F6 15 29 9F A7 2D EF,temp=42.00
1779698921.355,0x100,8,00 6F 82 D9 64 D4 6C D0,speed=0.00
1779698921.453,0x200,8,BE 64 AC 7E 8E A0 5D 36,fuel=100.00
1779698921.486,0x300,8,02 8E B2 DE 2C EC 13 FC,temp=42.00
1779698921.625,0x100,8,00 A4 4A 67 F0 E1 61 35,speed=0.00
1779698921.723,0x200,8,32 64 1D 11 02 B3 8B F5,fuel=100.00
1779698921.802,0x300,8,02 E5 CB 51 0B EC A0 6A,temp=42.00
1779698921.878,0x100,8,00 1A A3 15 C6 B1 89 A4,speed=0.00
1779698921.959,0x200,8,75 64 25 BB 22 82 2A B4,fuel=100.00
1779698922.055,0x300,8,02 9E 57 A2 8D 42 C0 7F,temp=42.00
1779698922.170,0x100,8,00 15 CD F1 CD 1A 2B 33,speed=0.00
1779698922.241,0x200,8,07 64 07 35 35 8F BB EB,fuel=100.00
1779698922.369,0x300,8,02 33 FE A6 8E 3E C3 93,temp=42.00
1779698922.422,0x100,8,00 C9 7D AF 98 9F 14 44,speed=0.00
1779698922.524,0x200,8,3E 64 A5 BA 59 3A 59 07,fuel=100.00
1779698922.625,0x300,8,02 0A BB FC 7A FA 8E 08,temp=42.00
1779698922.780,0x100,8,00 B2 2C CD 00 D1 81 36,speed=0.00
1779698922.859,0x200,8,2F 64 C0 67 BD F3 D6 EC,fuel=100.00
1779698922.924,0x300,8,02 EE CA 50 F5 BE 45 67,temp=42.00
1779698923.216,0x100,8,00 D7 69 83 8E 0A 7C 0C,speed=0.00
1779698923.305,0x200,8,A8 64 28 23 41 98 AD 45,fuel=100.00
1779698923.440,0x300,8,02 24 D4 7D C2 58 DB 0F,temp=42.00
1779698923.525,0x100,8,00 13 4E AB B8 04 90 CD,speed=0.00
1779698923.578,0x200,8,47 64 2D C8 0F B1 89 67,fuel=100.00
1779698923.673,0x300,8,02 E1 6E E8 8A 76 C9 FD,temp=42.00
1779698923.777,0x100,8,00 9A DB F7 16 D1 D0 AE,speed=0.00
1779698923.937,0x200,8,ED 64 C7 A6 D9 5D ED CE,fuel=100.00
1779698924.090,0x300,8,02 5C 28 53 8A 6B 10 B8,temp=42.00
1779698924.139,0x100,8,00 A9 CE 1C 81 E9 65 A3,speed=0.00
1779698924.337,0x200,8,8F 64 2E 84 89 7C F8 10,fuel=100.00
1779698924.541,0x300,8,02 8D 6F 37 50 7D A6 31,temp=42.00
1779698924.641,0x100,8,00 36 BC D7 95 7F 62 06,speed=0.00
1779698924.797,0x200,8,FF 64 6C 10 4A 95 D8 2D,fuel=100.00
1779698924.897,0x300,8,02 6E 83 EF 92 47 A2 6F,temp=42.00
1779698925.001,0x100,8,00 A0 9B 6C 38 89 BE 0D,speed=0.00
1779698925.154,0x200,8,BD 64 F6 9F 8C 7F 0F 58,fuel=100.00
1779698925.220,0x300,8,02 A0 9D 71 17 4E 6E 43,temp=42.00
1779698925.342,0x100,8,00 6C FD 94 29 1C 5C AE,speed=0.00
1779698925.433,0x200,8,80 64 98 51 7E AB 6C 6E,fuel=100.00
1779698925.528,0x300,8,02 32 CB 1D 01 E5 3D 54,temp=42.00
1779698925.717,0x100,8,00 FF 11 08 14 0E 18 38,speed=0.00
1779698925.815,0x200,8,80 64 73 E5 A4 17 A3 95,fuel=100.00
1779698925.937,0x300,8,02 B3 CF 1B 1D C1 4B 0D,temp=42.00
1779698926.042,0x100,8,00 18 AC 14 6B CB 7C 65,speed=0.00
1779698926.139,0x200,8,08 64 A4 3B 8E 79 AB E4,fuel=100.00
1779698926.206,0x300,8,02 4E BC DC 46 B7 37 DF,temp=42.00
1779698926.374,0x100,8,00 87 9A 92 AD 0B 28 D0,speed=0.00
1779698926.508,0x200,8,9D 64 C4 0D 48 0E 87 63,fuel=100.00
1779698926.584,0x300,8,02 28 D3 0F AA 94 14 6A,temp=42.00
1779698926.736,0x100,8,00 B7 E4 BF F3 1E 4A 66,speed=0.00
1779698926.869,0x200,8,BC 64 81 B3 39 A2 CD 2D,fuel=100.00
1779698926.971,0x300,8,02 86 97 0B 9F 8F D3 CA,temp=42.00
1779698927.079,0x100,8,00 C9 63 71 68 E7 30 5E,speed=0.00
1779698927.170,0x200,8,AA 64 59 B3 C7 B2 F2 FE,fuel=100.00
1779698927.255,0x300,8,02 2A C2 0C 2C BD E6 12,temp=42.00
1779698927.407,0x100,8,00 44 A8 84 EA A4 8E 28,speed=0.00
1779698927.502,0x200,8,8B 64 D4 AE 56 A1 C5 34,fuel=100.00
1779698927.586,0x300,8,02 93 24 E4 92 07 D5 30,temp=42.00
1779698927.678,0x100,8,00 63 86 DF F6 F2 50 98,speed=0.00
1779698927.768,0x200,8,B2 64 5E 75 18 60 64 DE,fuel=100.00
1779698927.834,0x300,8,02 61 D7 2B 8A 09 90 EA,temp=42.00
1779698927.903,0x100,8,00 E9 C3 65 AB 59 8C 9F,speed=0.00
1779698928.034,0x200,8,38 64 94 96 51 E3 0C 4B,fuel=100.00
1779698928.108,0x300,8,02 13 FE D7 E8 13 E8 73,temp=42.00
1779698928.249,0x100,8,00 72 34 B1 63 5A 0F A7,speed=0.00
1779698928.285,0x200,8,22 64 27 F2 32 09 AB 99,fuel=100.00
1779698928.488,0x300,8,02 6D DA 30 C8 A7 7E BB,temp=42.00
1779698928.738,0x100,8,00 78 21 B3 59 82 03 B2,speed=0.00
1779698928.775,0x200,8,F6 64 64 E5 AD 37 16 DA,fuel=100.00
1779698928.979,0x300,8,02 DE 31 37 D2 E1 9B 34,temp=42.00
1779698929.139,0x100,8,00 96 5B BC E7 7C 3C 47,speed=0.00
1779698929.257,0x200,8,3C 64 A0 41 DB A8 C0 CC,fuel=100.00
1779698929.369,0x300,8,02 75 CF 6A 9A FE 60 A3,temp=42.00
1779698929.538,0x100,8,00 1D 8C A4 37 FD 91 07,speed=0.00
1779698929.672,0x200,8,00 64 63 37 3A 9E 76 C3,fuel=100.00
1779698929.748,0x300,8,02 70 E1 A5 1A 9E 33 15,temp=42.00
1779698929.988,0x100,8,00 1E 09 BF 05 08 06 BA,speed=0.00
1779698930.121,0x200,8,50 64 1B 2D BC B5 4E 7C,fuel=100.00
1779698930.182,0x300,8,02 FC A7 46 76 BE F7 19,temp=42.00
1779698930.297,0x100,8,00 16 E1 22 33 BC 33 0E,speed=0.00
1779698930.402,0x200,8,6F 64 BD 3A 31 7F F9 E8,fuel=100.00
1779698930.476,0x300,8,02 B2 D2 BA 18 96 F6 DA,temp=42.00
1779698930.585,0x100,8,00 C8 E8 50 94 AA 8A 74,speed=0.00
1779698930.639,0x200,8,A7 64 27 B5 66 5A ED 21,fuel=100.00
1779698930.753,0x300,8,02 BD 13 CB E3 62 8E B1,temp=42.00
1779698930.838,0x100,8,00 F5 56 57 1A 7D CF 2A,speed=0.00
1779698930.935,0x200,8,5E 64 84 A6 D3 98 22 2F,fuel=100.00
1779698931.040,0x300,8,02 1B B9 E7 A8 90 86 E0,temp=42.00
1779698931.118,0x100,8,00 61 F4 A5 51 8B 5B 48,speed=0.00
1779698931.226,0x200,8,2A 64 D6 C9 44 F6 C5 40,fuel=100.00
1779698931.472,0x300,8,02 57 9E AE 7E 61 67 B2,temp=42.00
1779698931.729,0x100,8,00 A1 87 3A E4 E1 1F 18,speed=0.00
1779698931.785,0x200,8,AB 64 1B 51 22 55 80 DC,fuel=100.00
1779698931.926,0x300,8,02 9B 1B 7B 5B 3E C4 71,temp=42.00
1779698932.052,0x100,8,00 8F A9 8B DB 05 B7 13,speed=0.00
1779698932.167,0x200,8,C2 64 78 0C 57 02 53 9B,fuel=100.00
1779698932.233,0x300,8,02 E4 73 9E 63 5E 47 35,temp=42.00
1779698932.335,0x100,8,00 3F E2 63 CC 9B BB A4,speed=0.00
1779698932.517,0x200,8,27 64 18 97 CA 34 7C 19,fuel=100.00
1779698932.615,0x300,8,02 A5 83 E9 3E 3D 67 21,temp=42.00
1779698932.808,0x100,8,00 9E B8 55 E3 63 53 4B,speed=0.00
1779698932.923,0x200,8,78 64 09 13 05 DD AA 6E,fuel=100.00
1779698933.020,0x300,8,02 AF E8 AE 90 1D 64 70,temp=42.00
1779698933.119,0x100,8,00 8A 08 93 31 17 34 D7,speed=0.00
1779698933.234,0x200,8,E8 64 3E 11 FA A1 3C 47,fuel=100.00
1779698933.373,0x300,8,02 53 FE 64 9C 86 04 2A,temp=42.00
1779698933.455,0x100,8,00 D2 40 84 A8 F5 92 BD,speed=0.00
1779698933.690,0x200,8,5B 64 E7 52 E9 48 09 AB,fuel=100.00
1779698933.856,0x300,8,02 D4 B7 8D 32 E9 17 35,temp=42.00
1779698934.118,0x100,8,00 60 40 C6 E9 6A 50 56,speed=0.00
1779698934.336,0x200,8,AE 64 83 F9 57 4E 95 50,fuel=100.00
1779698934.901,0x300,8,02 ED 9E 9C 79 2F 31 51,temp=42.00
1779698934.992,0x100,8,00 8B 9F C2 C1 D6 08 CE,speed=0.00
1779698935.089,0x200,8,D1 64 25 52 C3 99 25 B5,fuel=100.00
1779698935.150,0x300,8,02 5E 32 4C 09 08 39 D3,temp=42.00
1779698935.275,0x100,8,00 F3 CB 0F 33 90 9F 79,speed=0.00
1779698935.384,0x200,8,E5 64 BC 0F 8B 48 75 44,fuel=100.00
1779698935.501,0x300,8,02 82 66 23 E0 3C 1C 87,temp=42.00
1779698935.562,0x100,8,00 C9 E4 13 99 78 0C 55,speed=0.00
1779698935.634,0x200,8,EF 64 60 A9 7B CE 63 97,fuel=100.00
1779698935.739,0x300,8,02 0F 2B 63 E0 97 5D 75,temp=42.00
1779698935.891,0x100,8,00 8C E1 7F 15 57 54 56,speed=0.00
1779698936.007,0x200,8,C2 64 CA 81 6A A2 06 BC,fuel=100.00
1779698936.121,0x300,8,02 03 FC 9A B3 70 20 CD,temp=42.00
1779698936.175,0x100,8,00 00 4D 83 55 2B 7A 3A,speed=0.00
1779698936.291,0x200,8,96 64 50 AC 6D 99 EF 51,fuel=100.00
1779698936.422,0x300,8,02 01 64 E2 2D FE 8F B0,temp=42.00
1779698936.491,0x100,8,00 FF F7 E9 63 EF CE F2,speed=0.00
1779698936.588,0x200,8,E7 64 75 13 EF 44 41 E6,fuel=100.00
1779698936.686,0x300,8,02 48 D0 47 4B 6B 19 DE,temp=42.00
1779698936.794,0x100,8,00 36 F8 97 C9 98 EE 85,speed=0.00
1779698936.884,0x200,8,C0 64 29 F7 D7 9E 56 65,fuel=100.00
1779698936.937,0x300,8,02 F6 BE 9F 32 DC 74 39,temp=42.00
1779698937.025,0x100,8,00 43 B2 F2 12 C3 75 31,speed=0.00
1779698937.116,0x200,8,09 64 94 F6 34 35 59 CE,fuel=100.00
1779698937.199,0x300,8,02 88 1A 2A C7 21 13 F9,temp=42.00
1779698937.340,0x100,8,00 B8 0C 89 52 B0 6A 24,speed=0.00
1779698937.424,0x200,8,39 64 E9 4C 15 18 CF 97,fuel=100.00
1779698937.529,0x300,8,02 44 3C 3A B3 39 A6 E3,temp=42.00
1779698937.625,0x100,8,00 2B 4E C4 B8 4E 9F 06,speed=0.00
1779698937.715,0x200,8,78 64 D6 CA 5D 79 F1 74,fuel=100.00
1779698937.805,0x300,8,02 C8 1C 81 C2 BC 06 A4,temp=42.00
1779698937.874,0x100,8,00 9C 5C 1C 39 37 56 BC,speed=0.00
1779698937.971,0x200,8,0A 64 BF E9 4D 83 37 6F,fuel=100.00
1779698938.078,0x300,8,02 0A 03 CD C9 7E EA C0,temp=42.00
1779698938.168,0x100,8,00 26 20 E3 82 6F 46 C7,speed=0.00
1779698938.241,0x200,8,E4 64 B3 E2 1C B0 67 99,fuel=100.00
1779698938.383,0x300,8,02 CF 46 58 D7 88 D2 A4,temp=42.00
1779698938.464,0x100,8,00 71 A1 34 00 85 04 EE,speed=0.00
1779698938.539,0x200,8,C6 64 A2 5D 5A 4A DA 3B,fuel=100.00
1779698938.630,0x300,8,02 30 FC D6 47 F0 FD 94,temp=42.00
1779698938.718,0x100,8,00 10 C7 8A B1 2D 1A 89,speed=0.00
1779698938.896,0x200,8,00 64 30 6B 1A F8 44 60,fuel=100.00
1779698939.072,0x300,8,02 A2 C9 8C CE CA F0 23,temp=42.00
1779698939.159,0x100,8,00 46 57 AE 55 19 20 BB,speed=0.00
1779698939.207,0x200,8,45 64 EB 9B 51 4A 30 8C,fuel=100.00
1779698939.315,0x300,8,02 2D 06 58 6B DB 29 29,temp=42.00
1779698939.398,0x100,8,00 4F 43 51 FC FF AF B0,speed=0.00
1779698939.489,0x200,8,35 64 9F A4 D6 6E A5 80,fuel=100.00
1779698939.571,0x300,8,02 0D B8 B0 84 FA 4C F4,temp=42.00
1779698939.713,0x100,8,00 85 CF 33 F9 C5 ED C8,speed=0.00
1779698939.792,0x200,8,4F 64 FD C7 10 4C 53 CD,fuel=100.00
1779698939.873,0x300,8,02 8E B2 ED DB 53 FF D7,temp=42.00
1779698939.953,0x100,8,00 5F 0B 80 16 53 B2 1B,speed=0.00
1779698940.043,0x200,8,6C 64 F9 A3 11 3F 75 78,fuel=100.00
1779698940.142,0x300,8,02 E8 74 A4 AD B8 93 9F,temp=42.00
1779698940.274,0x100,8,00 A5 F1 69 C7 37 32 F7,speed=0.00
1779698940.358,0x200,8,AD 64 9F 27 03 CF 90 FC,fuel=100.00
1779698940.415,0x300,8,02 2F CD AD 49 1D 09 11,temp=42.00
1779698940.562,0x100,8,00 34 BC 49 FA 77 92 FA,speed=0.00
1779698940.643,0x200,8,58 64 63 0D 8C 68 26 67,fuel=100.00
1779698940.736,0x300,8,02 9D 70 53 F7 93 DE D3,temp=42.00
1779698940.816,0x100,8,00 AD BC 81 AB 54 67 64,speed=0.00
1779698940.901,0x200,8,C5 64 18 68 66 28 84 5C,fuel=100.00
1779698940.997,0x300,8,02 E9 6D CD CC 7D 60 DA,temp=42.00
1779698941.080,0x100,8,00 5E 1D 36 8A C4 B8 F0,speed=0.00
1779698941.154,0x200,8,65 64 06 56 45 E6 B1 D2,fuel=100.00
1779698941.310,0x300,8,02 80 6F 42 54 12 95 07,temp=42.00
1779698941.389,0x100,8,00 FC D6 9A 67 54 2F 89,speed=0.00
1779698941.454,0x200,8,81 64 35 67 5A 73 DE 38,fuel=100.00
1779698941.532,0x300,8,02 25 16 0A CB CD DD 21,temp=42.00
1779698941.676,0x100,8,00 B8 91 B8 65 CA 6D 4B,speed=0.00
1779698941.758,0x200,8,6C 64 6B 64 BE 2A F1 35,fuel=100.00
1779698941.855,0x300,8,02 3B 1C 78 03 03 26 93,temp=42.00
1779698942.041,0x100,8,00 91 6D 6A 85 48 1A 90,speed=0.00
1779698942.101,0x200,8,48 64 80 81 A5 0F 10 8C,fuel=100.00
1779698942.235,0x300,8,02 79 76 AE B6 3C AF 9D,temp=42.00
1779698942.318,0x100,8,00 07 A4 24 12 1A A7 C4,speed=0.00
1779698942.392,0x200,8,89 64 9C 6B 14 7A 14 E9,fuel=100.00
1779698942.471,0x300,8,02 16 C8 95 81 AE 9B B7,temp=42.00
1779698942.615,0x100,8,00 EB 40 2E E8 6D A2 58,speed=0.00
1779698942.689,0x200,8,6E 64 B6 2A 83 9D A1 B1,fuel=100.00
1779698942.755,0x300,8,02 33 00 2E CF CB FB E8,temp=42.00
1779698942.841,0x100,8,00 CD 3A 82 8F 2C 23 9B,speed=0.00
1779698942.988,0x200,8,40 64 71 E2 B7 64 6F 64,fuel=100.00
1779698943.071,0x300,8,02 C0 A2 1A 3A 31 67 8E,temp=42.00
1779698943.159,0x100,8,00 32 F8 6D F9 6B A6 1D,speed=0.00
1779698943.260,0x200,8,02 64 82 2D 9F E1 3A 44,fuel=100.00
1779698943.404,0x300,8,02 3F BB AB 59 B4 21 93,temp=42.00
1779698943.405,0x100,8,00 BF AD 14 CB FB 3A BD,speed=0.00
1779698943.581,0x200,8,D8 64 D7 32 AB C6 9F 49,fuel=100.00
1779698943.748,0x300,8,02 F2 0B 0D 72 15 D4 A9,temp=42.00
1779698943.845,0x100,8,00 60 D9 B9 AD 05 5D 2F,speed=0.00
1779698943.968,0x200,8,93 64 C6 CF 21 11 A9 8E,fuel=100.00
1779698944.071,0x300,8,02 2E FB 32 88 D3 04 30,temp=42.00
1779698944.156,0x100,8,00 C4 3F 07 79 69 BE 75,speed=0.00
1779698944.273,0x200,8,27 64 30 16 9A 06 E8 E8,fuel=100.00
1779698944.426,0x300,8,02 DF 53 06 EC A5 03 29,temp=42.00
1779698944.626,0x100,8,00 0D A0 B3 45 5C A7 7A,speed=0.00
1779698944.804,0x200,8,5D 64 C4 CC A1 79 8A 19,fuel=100.00
1779698944.953,0x300,8,02 68 E0 65 85 48 7E 75,temp=42.00
1779698945.036,0x100,8,00 E9 0A E2 60 20 00 14,speed=0.00
1779698945.541,0x200,8,BC 64 55 7E 09 EC 81 5D,fuel=100.00
1779698945.692,0x300,8,02 CE 96 31 AA F7 9E 12,temp=42.00
1779698946.587,0x100,8,00 81 10 CF 80 72 6A D7,speed=0.00
1779698947.035,0x200,8,DE 64 FF AF 4F 5A CF E4,fuel=100.00
1779698947.724,0x300,8,02 CB 40 D0 F1 EA E6 7E,temp=42.00
1779698947.872,0x100,8,00 C4 5C 06 A5 EB 06 6E,speed=0.00
1779698947.973,0x200,8,E2 64 44 99 17 FA D8 3F,fuel=100.00
1779698950.335,0x300,8,02 8C 86 81 39 C1 DD 14,temp=42.00
1779698950.374,0x100,8,00 3E 97 2A A2 A3 38 C4,speed=0.00
1779698950.451,0x200,8,8D 64 94 5F 13 8F 27 68,fuel=100.00
1779698950.546,0x300,8,02 07 D4 2A 0A 8A CB 76,temp=42.00
1779698950.647,0x100,8,00 74 D4 20 A9 A3 D3 BC,speed=0.00
1779698950.727,0x200,8,E8 64 95 45 78 3B 73 1C,fuel=100.00
1779698950.825,0x300,8,02 3F 8C F4 F4 B1 D6 0F,temp=42.00
1779698950.926,0x100,8,00 CD 5F 1E A4 6E 3C F0,speed=0.00
1779698951.014,0x200,8,B6 64 3C 74 C8 0D 4F 19,fuel=100.00
1779698951.112,0x300,8,02 2E 84 9D 8A FF 56 1C,temp=42.00
1779698951.201,0x100,8,00 22 82 08 C3 E6 86 C9,speed=0.00
1779698951.296,0x200,8,82 64 FB 3C 6B 07 5C 99,fuel=100.00
1779698951.647,0x300,8,02 5B E7 18 C5 D3 89 43,temp=42.00
1779698951.955,0x100,8,00 DD 0C FF 6F 11 3E 73,speed=0.00
1779698952.029,0x200,8,78 64 F1 13 C6 04 D6 61,fuel=100.00
1779698952.128,0x300,8,02 2D 33 83 A6 22 95 DE,temp=42.00
1779698952.234,0x100,8,00 96 CA FE 99 70 10 FF,speed=0.00
1779698952.321,0x200,8,07 64 E0 35 FE 1C C5 E3,fuel=100.00
1779698952.422,0x300,8,02 D1 A7 2A 9E 90 72 89,temp=42.00
1779698952.496,0x100,8,00 91 2A F3 D4 66 DC B6,speed=0.00
1779698952.591,0x200,8,03 64 EF 84 A7 46 93 CB,fuel=100.00
1779698952.694,0x300,8,02 14 73 1F 0F D1 4A CC,temp=42.00
1779698952.781,0x100,8,00 FC BB 1A EE B2 03 DB,speed=0.00
1779698952.879,0x200,8,98 64 B3 DD 12 98 2D 79,fuel=100.00
1779698952.965,0x300,8,02 23 4C B9 37 59 20 F3,temp=42.00
1779698953.070,0x100,8,00 DC E4 40 CF 4A 01 CE,speed=0.00
1779698953.165,0x200,8,B2 64 15 92 73 02 D6 33,fuel=100.00
1779698953.246,0x300,8,02 13 3F 24 F1 B0 A6 93,temp=42.00
1779698953.345,0x100,8,00 73 3B 19 E0 B3 8D FD,speed=0.00
1779698953.433,0x200,8,D1 64 CC FF EA A1 EE 95,fuel=100.00
1779698953.532,0x300,8,02 77 80 4C EF 73 76 5A,temp=42.00
1779698953.630,0x100,8,00 17 20 30 AB 58 B0 0E,speed=0.00
1779698953.713,0x200,8,F5 64 FE 4F 4E 12 22 EB,fuel=100.00
1779698953.813,0x300,8,02 CF ED A6 4D 92 FC 34,temp=42.00
1779698953.913,0x100,8,00 95 DF 36 ED 09 66 10,speed=0.00
1779698954.007,0x200,8,E9 64 AF 9A 4B 2D FB 1F,fuel=100.00
1779698954.097,0x300,8,02 4C 24 DF F3 E3 49 E5,temp=42.00
1779698954.180,0x100,8,00 FD 45 40 6F 8C DC 79,speed=0.00
1779698954.279,0x200,8,A0 64 C4 9D 08 1E 55 02,fuel=100.00
1779698954.379,0x300,8,02 5D 18 FB 1F E2 1F E8,temp=42.00
1779698954.471,0x100,8,00 D1 3A 1C 0E B6 DE 38,speed=0.00
1779698954.563,0x200,8,50 64 08 2D 69 78 1C 97,fuel=100.00
1779698954.655,0x300,8,02 F7 50 5C 76 03 B3 0E,temp=42.00
1779698954.752,0x100,8,00 EA F1 7A 83 65 24 78,speed=0.00
1779698954.846,0x200,8,39 64 2C 31 0A 64 50 DF,fuel=100.00
1779698954.945,0x300,8,02 8E 71 80 9D 00 74 93,temp=42.00
1779698955.030,0x100,8,00 32 F6 72 AA 2B 26 A8,speed=0.00
1779698955.129,0x200,8,6B 64 5E 91 EF 50 FA 89,fuel=100.00
1779698955.230,0x300,8,02 46 7F 9F F9 A6 2A 53,temp=42.00
1779698955.322,0x100,8,00 A8 87 84 E9 9C 63 AE,speed=0.00
1779698955.413,0x200,8,93 64 A0 94 05 3D 62 82,fuel=100.00
1779698955.496,0x300,8,02 DE 64 81 36 95 0E A3,temp=42.00
1779698955.596,0x100,8,00 6A BA DC 9C D9 74 17,speed=0.00
1779698955.696,0x200,8,48 64 84 70 5C E6 60 95,fuel=100.00
1779698955.780,0x300,8,02 2E 21 BE 03 B0 44 75,temp=42.00
1779698955.881,0x100,8,00 92 96 62 AD 27 73 D4,speed=0.00
1779698955.965,0x200,8,56 64 96 5A 50 20 5A 61,fuel=100.00
1779698956.073,0x300,8,02 D7 A2 46 7D 7E E5 08,temp=42.00
1779698956.150,0x100,8,00 13 A0 3D A0 12 53 94,speed=0.00
1779698956.248,0x200,8,13 64 B5 EC 7B 70 F3 E9,fuel=100.00
1779698956.350,0x300,8,02 F2 F7 E3 6F 0D 9D 47,temp=42.00
1779698956.442,0x100,8,00 58 A7 22 C5 13 6E E0,speed=0.00
1779698956.530,0x200,8,AE 64 AA 11 DF CE 60 11,fuel=100.00
1779698956.630,0x300,8,02 41 1D 60 45 BD 33 FA,temp=42.00
1779698956.713,0x100,8,00 D7 08 CA 21 E7 04 E3,speed=0.00
1779698956.821,0x200,8,5E 64 B0 D8 3A 23 7D 21,fuel=100.00
1779698956.899,0x300,8,02 C4 1F BF 6A 9D 97 9B,temp=42.00
1779698956.996,0x100,8,00 9D 3F DC BA 5C 93 65,speed=0.00
1779698957.097,0x200,8,6A 64 81 AC 98 A8 21 65,fuel=100.00
1779698957.192,0x300,8,02 4E 07 C8 51 3A 88 56,temp=42.00
1779698957.276,0x100,8,00 A2 5D 19 ED 23 3C 91,speed=0.00
1779698957.380,0x200,8,EF 64 46 22 15 A3 79 D8,fuel=100.00
1779698957.465,0x300,8,02 43 61 C0 A1 02 FD D0,temp=42.00
1779698957.567,0x100,8,00 F1 BE B4 09 C1 6F 3A,speed=0.00
1779698957.663,0x200,8,B9 64 1A 14 91 70 3E B0,fuel=100.00
1779698957.746,0x300,8,02 CC 1F A9 CB D5 D8 BD,temp=42.00
1779698957.853,0x100,8,00 49 A8 67 70 50 8A 1D,speed=0.00
1779698957.932,0x200,8,8C 64 60 0F 08 81 96 CB,fuel=100.00
1779698958.030,0x300,8,02 A4 CE E6 89 C9 BB 23,temp=42.00
1779698958.129,0x100,8,00 A6 61 91 4A A1 0E 33,speed=0.00
1779698958.214,0x200,8,0E 64 3C 3F 4B 1A A6 F6,fuel=100.00
1779698958.311,0x300,8,02 D9 7D 1C 0D EC 44 E4,temp=42.00
1779698958.413,0x100,8,00 4F 6A EF 46 2D 31 A0,speed=0.00
1779698958.498,0x200,8,C1 64 74 27 C0 44 F6 CF,fuel=100.00
1779698958.597,0x300,8,02 D9 AE 67 95 7B 60 AC,temp=42.00
1779698958.697,0x100,8,00 2C 81 E0 A8 D5 09 C5,speed=0.00
1779698958.781,0x200,8,B9 64 8C C9 0F 27 D3 CC,fuel=100.00
1779698958.873,0x300,8,02 25 62 5A 99 A4 C1 47,temp=42.00
1779698958.973,0x100,8,00 76 1B D9 BE 4B FE 25,speed=0.00
1779698959.065,0x200,8,BA 64 9C B2 00 6D FC 81,fuel=100.00
1779698959.166,0x300,8,02 DD 61 EB C7 18 50 B4,temp=42.00
1779698959.246,0x100,8,00 E8 4D 07 EC 67 0D 8E,speed=0.00
1779698959.337,0x200,8,5F 64 49 64 04 4F DF 13,fuel=100.00
1779698959.436,0x300,8,02 DD A3 9A 6B 25 65 57,temp=42.00
1779698959.529,0x100,8,00 E1 8E E5 AD B0 D8 11,speed=0.00
1779698959.630,0x200,8,DF 64 19 E2 5A 7A 51 CD,fuel=100.00
1779698959.712,0x300,8,02 69 EE 80 F5 A3 13 52,temp=42.00
1779698959.816,0x100,8,00 17 97 3F B3 AC 4C D5,speed=0.00
1779698959.905,0x200,8,63 64 6D 76 1C 40 80 43,fuel=100.00
1779698960.005,0x300,8,02 61 5D DE 58 36 26 B3,temp=42.00
1779698960.097,0x100,8,00 00 B5 20 99 D3 E0 51,speed=0.00
1779698960.184,0x200,8,D8 64 66 63 5C 7D 76 A0,fuel=100.00
1779698960.279,0x300,8,02 44 5D DC 39 55 CA 77,temp=42.00
1779698960.382,0x100,8,00 82 2E E7 C3 89 C7 E8,speed=0.00
1779698960.479,0x200,8,DD 64 77 DC 90 7D 91 06,fuel=100.00
1779698960.557,0x300,8,02 A4 C9 F2 96 E4 AA A1,temp=42.00
1779698960.650,0x100,8,00 33 B5 01 72 26 3E CF,speed=0.00
1779698960.748,0x200,8,00 64 68 4C F1 41 C4 78,fuel=100.00
1779698960.845,0x300,8,02 51 00 6B 49 A1 EB A2,temp=42.00
1779698960.947,0x100,8,00 16 FF 12 16 D2 3F F7,speed=0.00
1779698961.030,0x200,8,5C 64 B4 69 2F EE FD 0D,fuel=100.00
1779698961.118,0x300,8,02 46 E7 6C 23 EB 20 EF,temp=42.00
1779698961.215,0x100,8,00 83 B6 F5 D5 8E 4C 3E,speed=0.00
1779698961.327,0x200,8,C8 64 0A 9B D8 D5 1D 26,fuel=100.00
1779698961.410,0x300,8,02 9A 70 03 06 8B 1F 98,temp=42.00
1779698961.496,0x100,8,00 1B F8 C1 13 65 7A 60,speed=0.00
1779698961.600,0x200,8,68 64 04 19 D3 FF 2C 03,fuel=100.00
1779698961.696,0x300,8,02 36 90 5B 21 1A 9C F3,temp=42.00
1779698961.782,0x100,8,00 7A 2C 90 25 62 EE 8E,speed=0.00
1779698961.885,0x200,8,4A 64 98 3A 3B 5B 42 F4,fuel=100.00
1779698961.964,0x300,8,02 69 AD F7 1F 37 38 D2,temp=42.00
1779698962.064,0x100,8,00 D3 69 0D 72 DF 7E C1,speed=0.00
1779698962.150,0x200,8,A2 64 7B AE 14 B2 B4 48,fuel=100.00
1779698962.248,0x300,8,02 EA 49 32 37 C7 1A 77,temp=42.00
1779698962.351,0x100,8,00 06 B6 C8 68 96 30 B0,speed=0.00
1779698962.445,0x200,8,B3 64 6F B3 48 7D 3A 2A,fuel=100.00
1779698962.531,0x300,8,02 07 EC A8 03 57 6F A8,temp=42.00
1779698962.631,0x100,8,00 CD DD 08 76 0A AD 86,speed=0.00
1779698962.713,0x200,8,7D 64 07 E5 EC 8F 12 E1,fuel=100.00
1779698962.815,0x300,8,02 D5 98 B9 7B FF 72 5E,temp=42.00
1779698962.921,0x100,8,00 C6 B6 AF 9D AE 44 DF,speed=0.00
1779698962.996,0x200,8,04 64 E4 7A 88 64 4A E8,fuel=100.00
1779698963.098,0x300,8,02 60 83 3E 38 1C CC 1C,temp=42.00
1779698963.181,0x100,8,00 08 E0 2E 5E F2 DB 7E,speed=0.00
1779698963.277,0x200,8,07 64 CC D5 6D 49 84 FF,fuel=100.00
1779698963.369,0x300,8,02 43 1A 04 23 AB 3B A0,temp=42.00
1779698963.464,0x100,8,00 27 68 42 43 C7 70 B0,speed=0.00
1779698963.560,0x200,8,75 64 C9 CC 0C 44 F8 D0,fuel=100.00
1779698963.651,0x300,8,02 EA D0 4F EC 0E 17 91,temp=42.00
1779698963.746,0x100,8,00 FD 8C 2F D5 69 DE 8B,speed=0.00
1779698963.846,0x200,8,2E 64 22 42 B9 C0 F9 91,fuel=100.00
1779698963.946,0x300,8,02 04 69 72 AC 63 B3 A8,temp=42.00
1779698964.036,0x100,8,00 94 6B 7B 49 51 7B FC,speed=0.00
1779698964.133,0x200,8,2F 64 28 20 77 77 8F 37,fuel=100.00
1779698964.214,0x300,8,02 3A 71 7E 9E 45 4F 59,temp=42.00
1779698964.313,0x100,8,00 E0 0B 77 83 35 C1 29,speed=0.00
1779698964.416,0x200,8,82 64 1B 27 F3 D0 99 07,fuel=100.00
1779698964.496,0x300,8,02 9D 31 CD DD FD 8A 15,temp=42.00
1779698964.598,0x100,8,00 EF C7 20 CE 55 24 2C,speed=0.00
1779698964.681,0x200,8,C1 64 C1 49 76 47 13 3D,fuel=100.00
1779698964.786,0x300,8,02 8E 6F EA E4 7A BD FB,temp=42.00
1779698964.887,0x100,8,00 53 6B 17 EA B3 F9 8D,speed=0.00
1779698964.963,0x200,8,67 64 D2 EB CA CC 54 21,fuel=100.00
1779698965.070,0x300,8,02 C3 68 A4 BA 68 FC A1,temp=42.00
1779698965.150,0x100,8,00 77 B8 AB 47 C6 D2 8D,speed=0.00
1779698965.248,0x200,8,A6 64 59 50 25 D9 04 A5,fuel=100.00
1779698965.341,0x300,8,02 E9 C2 11 43 BC C9 FB,temp=42.00
1779698965.432,0x100,8,00 32 85 8A 60 50 78 E3,speed=0.00
1779698965.530,0x200,8,47 64 2D 25 5D 1B FE D5,fuel=100.00
1779698965.671,0x300,8,02 08 42 1B D0 99 68 B7,temp=42.00
1779698966.042,0x100,8,00 F9 4D DB 11 92 89 24,speed=0.00
1779698966.121,0x200,8,E6 64 08 E5 DF 03 51 64,fuel=100.00
1779698966.217,0x300,8,02 B9 75 0E E3 AD 3E 7D,temp=42.00
1779698966.313,0x100,8,00 01 6C CE 67 5A 21 F9,speed=0.00
1779698966.416,0x200,8,26 64 C0 12 09 F8 3A E7,fuel=100.00
1779698966.497,0x300,8,02 29 B9 B8 BD 71 ED F0,temp=42.00
1779698966.596,0x100,8,00 EF 6C C6 D9 09 D8 9D,speed=0.00
1779698966.687,0x200,8,E3 64 E7 60 90 40 2C 06,fuel=100.00
1779698966.788,0x300,8,02 FE 55 50 35 B4 F8 19,temp=42.00
1779698966.868,0x100,8,00 FB 7D 2D F2 B8 45 AB,speed=0.00
1779698966.963,0x200,8,60 64 27 58 74 0D 07 8F,fuel=100.00
1779698967.065,0x300,8,02 59 8E 2E DD BC D9 DB,temp=42.00
1779698967.164,0x100,8,00 38 62 9E C9 D6 5B 1F,speed=0.00
1779698967.246,0x200,8,D1 64 C0 61 62 6D A7 1A,fuel=100.00
1779698967.347,0x300,8,02 1E EA 23 00 E0 D9 E8,temp=42.00
1779698967.431,0x100,8,00 39 4E 28 87 91 1A FB,speed=0.00
1779698967.530,0x200,8,9D 64 74 84 3D F4 37 C0,fuel=100.00
1779698967.623,0x300,8,02 1A 7A 4E 10 21 F3 BF,temp=42.00
1779698967.721,0x100,8,00 51 85 EC 26 56 09 F1,speed=0.00
1779698967.814,0x200,8,4E 64 B0 25 F3 B4 BC 8E,fuel=100.00
1779698967.906,0x300,8,02 37 93 42 E7 37 D2 7A,temp=42.00
1779698968.014,0x100,8,00 D4 A2 C9 E6 A5 04 66,speed=0.00
1779698968.091,0x200,8,E4 64 22 E0 34 24 86 87,fuel=100.00
1779698968.184,0x300,8,02 7F 91 60 E6 74 CE 0A,temp=42.00
1779698968.280,0x100,8,00 DF 2B F6 31 43 CB E4,speed=0.00
1779698968.380,0x200,8,73 64 54 52 BB 7F 9A C4,fuel=100.00
1779698968.472,0x300,8,02 86 D8 40 36 35 AD 85,temp=42.00
1779698968.569,0x100,8,00 5B 88 DA 1D 4A DD 9B,speed=0.00
1779698968.663,0x200,8,08 64 AB D2 83 8E 07 C4,fuel=100.00
1779698968.749,0x300,8,02 74 CA D4 78 E9 2A 9B,temp=42.00
1779698968.847,0x100,8,00 FB E9 22 2A 51 7C 08,speed=0.00
1779698968.931,0x200,8,3E 64 5F C6 88 0F EE 75,fuel=100.00
1779698969.030,0x300,8,02 B7 1E CF 7E 9C 60 5F,temp=42.00
1779698969.133,0x100,8,00 5E F1 DB 05 C6 8C 37,speed=0.00
1779698969.226,0x200,8,5D 64 C6 0B D7 59 A9 07,fuel=100.00
1779698969.313,0x300,8,02 17 BF DB 95 61 25 8B,temp=42.00
1779698969.414,0x100,8,00 B6 13 A5 30 7B 65 35,speed=0.00
1779698969.496,0x200,8,AD 64 98 34 90 C7 43 62,fuel=100.00
1779698969.597,0x300,8,02 5F 6F 25 8D 50 CE 4E,temp=42.00
1779698969.683,0x100,8,00 07 FD 49 FC 12 1D 2C,speed=0.00
1779698969.788,0x200,8,5E 64 E9 EB 9C D9 4E 31,fuel=100.00
1779698969.880,0x300,8,02 78 D2 50 7D 0C 8E 63,temp=42.00
1779698969.967,0x100,8,00 32 EA 18 68 FD 34 33,speed=0.00
1779698970.064,0x200,8,0E 64 45 9D 8A F6 39 3E,fuel=100.00
1779698970.167,0x300,8,02 B8 E7 DD B6 69 DE A7,temp=42.00
1779698970.248,0x100,8,00 A8 1A 5C 01 5E 6F 53,speed=0.00
1779698970.347,0x200,8,81 64 B1 3C 27 D2 7B BF,fuel=100.00
1779698970.438,0x300,8,02 00 58 16 1A F8 8F 2F,temp=42.00
1779698970.531,0x100,8,00 AC F2 DE AE EE E0 57,speed=0.00
1779698970.632,0x200,8,73 64 59 5E E7 9F 9D 49,fuel=100.00
1779698970.722,0x300,8,02 FF AC 65 50 A6 AC AF,temp=42.00
1779698970.809,0x100,8,00 00 DC C2 75 FB CB 48,speed=0.00
1779698970.899,0x200,8,20 64 22 6F 56 12 87 4E,fuel=100.00
1779698970.997,0x300,8,02 AD F6 65 EB 27 9C A7,temp=42.00
1779698971.097,0x100,8,00 23 4C DC 81 2E 55 26,speed=0.00
1779698971.199,0x200,8,0C 64 57 42 4E 2C 1F 1D,fuel=100.00
1779698971.284,0x300,8,02 12 A2 13 E2 27 74 0B,temp=42.00
1779698971.373,0x100,8,00 FC 51 D8 DE 6C 06 3F,speed=0.00
1779698971.463,0x200,8,49 64 87 48 CD 21 A3 0C,fuel=100.00
1779698971.563,0x300,8,02 B8 AD F6 7F BB 98 74,temp=42.00
1779698971.656,0x100,8,00 2E B8 DB A2 97 25 1F,speed=0.00
1779698971.746,0x200,8,33 64 C2 61 26 0B 24 EA,fuel=100.00
1779698971.842,0x300,8,02 C8 94 36 C2 15 A6 52,temp=42.00
1779698971.944,0x100,8,00 F1 10 79 C4 F5 1D AC,speed=0.00
1779698972.031,0x200,8,95 64 1B B4 C6 87 AB 7E,fuel=100.00
1779698972.119,0x300,8,02 51 60 80 10 3D 87 03,temp=42.00
1779698972.234,0x100,8,00 B9 5D A0 AC 29 AC F7,speed=0.00
1779698972.307,0x200,8,04 64 A4 94 D7 69 8B 8D,fuel=100.00
1779698972.399,0x300,8,02 6D 44 3B 2D 77 F5 AD,temp=42.00
1779698972.503,0x100,8,00 02 0C A3 C0 9D 20 B6,speed=0.00
1779698972.603,0x200,8,F5 64 D0 4B CF 72 5F 7D,fuel=100.00
1779698972.683,0x300,8,02 AA 10 4C BD 75 97 36,temp=42.00
1779698972.788,0x100,8,00 AB EC D3 09 2A E1 0B,speed=0.00
1779698972.871,0x200,8,8D 64 B6 EE 3B 1A D1 B3,fuel=100.00
1779698972.973,0x300,8,02 0E 77 DB 37 99 A9 CC,temp=42.00
1779698973.059,0x100,8,00 AC D9 48 05 DE 02 EF,speed=0.00
1779698973.164,0x200,8,97 64 75 60 49 BD D4 C2,fuel=100.00
1779698973.248,0x300,8,02 F9 1D 97 0C F8 53 CB,temp=42.00
1779698973.347,0x100,8,00 B3 76 4E 57 D4 85 24,speed=0.00
1779698973.434,0x200,8,3E 64 CE 1D AE EF 5F F2,fuel=100.00
1779698973.541,0x300,8,02 F8 86 09 06 84 9F E1,temp=42.00
1779698973.646,0x100,8,00 79 41 B1 95 C5 F3 56,speed=0.00
1779698973.718,0x200,8,27 64 16 43 8E 78 C9 22,fuel=100.00
1779698973.809,0x300,8,02 AE 4C BE 4E FE 97 47,temp=42.00
1779698973.908,0x100,8,00 A2 29 33 F0 04 61 85,speed=0.00
1779698974.005,0x200,8,19 64 BC D0 B9 E8 BE EC,fuel=100.00
1779698974.088,0x300,8,02 F5 AB 80 AC 66 3A 50,temp=42.00
1779698974.187,0x100,8,00 5A 2E 7A 64 79 3C EA,speed=0.00
1779698974.284,0x200,8,D3 64 D1 1B DD 0C 11 0D,fuel=100.00
1779698974.387,0x300,8,02 92 53 CB B1 1C C6 35,temp=42.00
1779698974.467,0x100,8,00 AA 47 C8 06 64 25 85,speed=0.00
1779698974.558,0x200,8,49 64 70 F9 43 D7 FB 9E,fuel=100.00
1779698974.666,0x300,8,02 57 58 81 A0 10 5E A0,temp=42.00
1779698974.751,0x100,8,00 9B CD F2 40 69 D1 EC,speed=0.00
1779698974.851,0x200,8,05 64 0A D5 9E CC 95 9F,fuel=100.00
1779698974.935,0x300,8,02 8E E6 62 3B 66 2F BD,temp=42.00
1779698975.042,0x100,8,00 D5 3C 88 61 C0 0A 25,speed=0.00
1779698975.138,0x200,8,A6 64 3E 6B D4 EA 67 4D,fuel=100.00
1779698975.221,0x300,8,02 24 D7 36 D1 74 98 A2,temp=42.00
1779698975.315,0x100,8,00 DD 60 E5 16 24 AA 30,speed=0.00
1779698975.415,0x200,8,28 64 13 DD EA 5F EC 12,fuel=100.00
1779698975.503,0x300,8,02 A0 06 37 76 BA 5F F6,temp=42.00
1779698975.597,0x100,8,00 80 D7 A6 87 39 78 3A,speed=0.00
1779698975.682,0x200,8,B6 64 06 96 DB 89 57 40,fuel=100.00
1779698975.783,0x300,8,02 FA 4F 7C AB 23 2A 8D,temp=42.00
1779698975.881,0x100,8,00 02 DA A1 EF 3F FB 26,speed=0.00
1779698975.970,0x200,8,60 64 38 96 AB 81 64 66,fuel=100.00
1779698976.059,0x300,8,02 FB 1A 0B 3F C6 CC B5,temp=42.00
1779698976.177,0x100,8,00 ED EC BF 34 6E 56 A4,speed=0.00
1779698976.254,0x200,8,C6 64 2F D7 F6 05 29 CB,fuel=100.00
1779698976.348,0x300,8,02 B3 B4 2D D0 50 04 EC,temp=42.00
1779698976.430,0x100,8,00 94 EA B1 8D B3 E8 E5,speed=0.00
1779698976.532,0x200,8,08 64 75 70 C3 9E 28 DA,fuel=100.00
1779698976.619,0x300,8,02 56 95 D8 60 D4 AC 96,temp=42.00
1779698976.715,0x100,8,00 E9 5E E5 E3 00 51 C5,speed=0.00
1779698976.816,0x200,8,2F 64 E3 00 58 4F 11 C8,fuel=100.00
1779698976.913,0x300,8,02 74 A7 49 47 9F 31 EF,temp=42.00
1779698977.001,0x100,8,00 D7 B3 F3 E3 14 81 16,speed=0.00
1779698977.088,0x200,8,6B 64 CF E0 A8 83 6A 29,fuel=100.00
1779698977.181,0x300,8,02 96 DC 76 C3 45 13 D3,temp=42.00
1779698977.275,0x100,8,00 56 E3 7E 4D 82 B4 A2,speed=0.00
1779698977.376,0x200,8,54 64 6F C1 4C 09 AF 45,fuel=100.00
1779698977.470,0x300,8,02 C9 DB BC 75 05 DB BB,temp=42.00
1779698977.564,0x100,8,00 13 BE 95 82 83 90 57,speed=0.00
1779698977.668,0x200,8,F3 64 A9 FC 97 CD D0 6E,fuel=100.00
1779698977.759,0x300,8,02 6C B0 13 87 67 9D 75,temp=42.00
1779698977.894,0x100,8,00 D7 D0 F9 A8 90 8A 3C,speed=0.00
1779698978.108,0x200,8,F4 64 90 4C 8C 13 D4 90,fuel=100.00
1779698978.315,0x300,8,02 15 EF 31 F5 D3 C6 9B,temp=42.00
1779698978.432,0x100,8,00 F1 B1 4E 44 5B 9B A0,speed=0.00
1779698978.499,0x200,8,5F 64 3D 24 6E 2B 3C A1,fuel=100.00
1779698978.609,0x300,8,02 5A FE 42 B2 CD D3 F7,temp=42.00
1779698978.698,0x100,8,00 AD 51 7B FB 5D 8B 8C,speed=0.00
1779698978.806,0x200,8,EA 64 48 95 E5 AF 8C 9C,fuel=100.00
1779698978.875,0x300,8,02 90 4A 10 67 8C F1 B0,temp=42.00
1779698978.969,0x100,8,00 C8 D2 AF 63 B5 CF 71,speed=0.00
1779698979.099,0x200,8,BC 64 FA CE 71 A7 11 17,fuel=100.00
1779698979.187,0x300,8,02 CA 5A 47 E7 E6 DD 2A,temp=42.00
1779698979.257,0x100,8,00 C2 54 40 66 0C B6 9A,speed=0.00
1779698979.395,0x200,8,90 64 C4 AD 74 71 26 46,fuel=100.00
1779698979.470,0x300,8,02 FE B9 FB 2C 5C F9 A8,temp=42.00
1779698979.548,0x100,8,00 00 98 E2 F8 EC 98 08,speed=0.00
1779698979.742,0x200,8,BA 64 71 87 3A 9C D8 59,fuel=100.00
1779698979.864,0x300,8,02 8D BD ED 6F 49 3C 7E,temp=42.00
1779698979.971,0x100,8,00 34 87 FC 1B 7F BB B0,speed=0.00
1779698980.049,0x200,8,C1 64 7C E7 24 3C 3B B7,fuel=100.00
1779698980.133,0x300,8,02 E2 FB 87 B4 FE A3 A1,temp=42.00
1779698980.209,0x100,8,00 68 D9 DD 8D B3 DE BB,speed=0.00
1779698980.327,0x200,8,6F 64 1E 22 23 8E 24 EF,fuel=100.00
1779698980.406,0x300,8,02 BA F5 51 27 11 CB C0,temp=42.00
1779698980.521,0x100,8,00 69 91 6A 21 6D 93 78,speed=0.00
1779698980.579,0x200,8,96 64 24 EC 5C A9 A2 14,fuel=100.00
1779698980.662,0x300,8,02 FF 32 AF 03 8A 6A B7,temp=42.00
1779698980.753,0x100,8,00 D1 79 0A 5B 2F 46 70,speed=0.00
1779698980.893,0x200,8,3D 64 C4 A0 A2 25 C1 03,fuel=100.00
1779698980.967,0x300,8,02 3D D8 C3 C1 59 80 49,temp=42.00
1779698981.028,0x100,8,00 CB C7 00 70 F4 2C 0C,speed=0.00
1779698981.146,0x200,8,08 64 E9 C8 8F 0E 25 6A,fuel=100.00
1779698981.225,0x300,8,02 94 F4 A8 F5 B6 BE 30,temp=42.00
1779698981.336,0x100,8,00 38 94 32 DF 6B 3E DF,speed=0.00
1779698981.409,0x200,8,4A 64 2F 07 F4 B0 6B 60,fuel=100.00
1779698981.525,0x300,8,02 93 58 D0 4F 3F 11 C5,temp=42.00
1779698981.640,0x100,8,00 76 FA 49 03 FA 37 13,speed=0.00
1779698981.689,0x200,8,BE 64 68 E4 20 1A 36 69,fuel=100.00
1779698981.812,0x300,8,02 17 F9 6E 7E D7 BF 29,temp=42.00
1779698981.904,0x100,8,00 A6 D2 1C 6C C5 A2 DE,speed=0.00
1779698981.974,0x200,8,FC 64 5F 43 13 1D 08 E1,fuel=100.00
1779698982.072,0x300,8,02 02 63 28 61 AE 4F AD,temp=42.00
1779698982.174,0x100,8,00 E8 5E D4 57 17 1C F6,speed=0.00
1779698982.292,0x200,8,DB 64 60 30 39 88 F0 EC,fuel=100.00
1779698982.357,0x300,8,02 1F 37 0B 7C C2 6B 21,temp=42.00
1779698982.441,0x100,8,00 7C 82 4C 5B 32 67 72,speed=0.00
1779698982.564,0x200,8,12 64 66 E7 65 32 6D FA,fuel=100.00
1779698982.660,0x300,8,02 F0 CC D9 A5 B6 F6 C7,temp=42.00
1779698982.744,0x100,8,00 0A 48 A1 9B B5 30 C9,speed=0.00
1779698982.865,0x200,8,BD 64 6F 83 71 55 3D 17,fuel=100.00
1779698982.909,0x300,8,02 77 4F 8F 8A E8 2B F3,temp=42.00
1779698982.997,0x100,8,00 03 04 99 22 E7 7F 2E,speed=0.00
1779698983.096,0x200,8,54 64 6D 77 9E B8 FB 1F,fuel=100.00
1779698983.195,0x300,8,02 07 68 E6 E7 9A 00 00,temp=42.00
1779698983.280,0x100,8,00 E0 6D 2B BF 7D E8 C6,speed=0.00
1779698983.379,0x200,8,29 64 95 47 94 95 E8 FC,fuel=100.00
1779698983.464,0x300,8,02 0F F0 5B E4 D4 CB 9B,temp=42.00
1779698983.565,0x100,8,00 17 63 E8 C3 AA DE 0B,speed=0.00
1779698983.693,0x200,8,89 64 D1 30 CB C7 A4 51,fuel=100.00
1779698983.752,0x300,8,02 D4 C7 58 FA 24 09 D2,temp=42.00
1779698983.862,0x100,8,00 20 0F D6 77 90 86 8F,speed=0.00
1779698983.976,0x200,8,2D 64 04 F1 62 FE B7 85,fuel=100.00
1779698984.036,0x300,8,02 E2 AE DE 06 58 0D 27,temp=42.00
1779698984.131,0x100,8,00 69 EF D5 F2 1E D7 2D,speed=0.00
1779698984.256,0x200,8,4B 64 86 69 C0 5C 86 BE,fuel=100.00
1779698984.352,0x300,8,02 47 91 C0 D6 FB 16 7C,temp=42.00
1779698984.435,0x100,8,00 D7 F1 58 38 5C 37 76,speed=0.00
1779698984.502,0x200,8,33 64 48 F7 56 A1 47 32,fuel=100.00
1779698984.637,0x300,8,02 9F C7 BA 3C E9 CB A2,temp=42.00
1779698984.704,0x100,8,00 4F DE FC 54 8D 5E 1E,speed=0.00
1779698984.818,0x200,8,32 64 CE 88 10 62 5A 10,fuel=100.00
1779698984.873,0x300,8,02 DF 04 CD 0B 37 96 A7,temp=42.00
1779698985.007,0x100,8,00 80 DC AA CF 90 2F 95,speed=0.00
1779698985.310,0x200,8,36 64 0B 7A 82 5A 11 B9,fuel=100.00
1779698985.560,0x300,8,02 33 99 FF EC 1C E3 D5,temp=42.00
1779698985.793,0x100,8,00 EA 0F D5 05 62 A0 38,speed=0.00
1779698985.933,0x200,8,91 64 7C B9 A7 56 2E 04,fuel=100.00
1779698985.976,0x300,8,02 4B 58 D2 EB 56 25 D4,temp=42.00
1779698986.216,0x100,8,00 08 4A B4 B8 34 5A 58,speed=0.00
1779698986.273,0x200,8,2B 64 41 13 96 3C F9 23,fuel=100.00
1779698986.370,0x300,8,02 B9 D2 33 1A 50 A5 88,temp=42.00
1779698986.819,0x100,8,00 C4 C8 FA D8 A1 C0 B1,speed=0.00
1779698986.937,0x200,8,30 64 25 6E 49 01 09 11,fuel=100.00
1779698987.609,0x300,8,02 79 1A 1D 02 57 FF A8,temp=42.00
1779698987.754,0x100,8,00 83 38 28 02 89 1E F5,speed=0.00
1779698987.887,0x200,8,C6 64 43 4C 8A EA 54 23,fuel=100.00
1779698987.958,0x300,8,02 78 8E B3 94 A9 46 B3,temp=42.00
1779698988.107,0x100,8,00 E6 37 BC 0A F7 79 CE,speed=0.00
1779698988.207,0x200,8,0A 64 FD D5 AC B4 F9 3F,fuel=100.00
1779698988.660,0x300,8,02 9D D0 5B A6 9C E2 5B,temp=42.00
1779698988.923,0x100,8,00 93 F2 0F 25 56 B7 5A,speed=0.00
1779698989.491,0x200,8,C6 64 84 18 D7 41 5E 40,fuel=100.00
1779698989.671,0x300,8,02 1D 18 3A 84 C7 70 29,temp=42.00
1779698989.790,0x100,8,00 48 FC 6D F4 57 68 C2,speed=0.00
1779698989.907,0x200,8,24 64 EC 18 B7 DD 3D 24,fuel=100.00
1779698990.052,0x300,8,02 70 DB E8 CB C4 25 7B,temp=42.00
1779698990.175,0x100,8,00 0B 12 B5 39 8B 7C 44,speed=0.00
1779698990.187,0x200,8,76 64 FB 23 5D 87 51 63,fuel=100.00
1779698990.336,0x300,8,02 84 A4 3A 14 AE 91 A9,temp=42.00
1779698990.674,0x100,8,00 75 10 20 82 47 7B 13,speed=0.00
1779698990.807,0x200,8,FD 64 B8 B7 7A 19 38 F9,fuel=100.00
1779698991.055,0x300,8,02 D4 08 9F AD 20 48 A3,temp=42.00
1779698991.158,0x100,8,00 5D A7 01 A4 A8 AA BB,speed=0.00
1779698991.242,0x200,8,37 64 08 32 EF CB 9E F9,fuel=100.00
1779698991.320,0x300,8,02 CF 89 7E 05 6A 7C B5,temp=42.00
1779698991.452,0x100,8,00 D4 87 D5 90 BD 4C ED,speed=0.00
1779698991.539,0x200,8,22 64 6C DD D8 76 AC 3B,fuel=100.00
1779698991.648,0x300,8,02 61 55 FE 02 CF 2C 8D,temp=42.00
1779698991.717,0x100,8,00 42 28 6E A7 41 E0 0A,speed=0.00
1779698991.789,0x200,8,57 64 49 85 8F B5 24 93,fuel=100.00
1779698991.992,0x300,8,02 E9 FD CE A4 8B EE 9D,temp=42.00
1779698992.435,0x100,8,00 23 CF 35 5D B5 7E 4E,speed=0.00
1779698992.539,0x200,8,51 64 83 56 64 B4 50 1B,fuel=100.00
1779698992.689,0x300,8,02 09 B2 26 FD B6 43 9B,temp=42.00
1779698992.784,0x100,8,00 AE FD 5C 72 2E 43 1E,speed=0.00
1779698992.850,0x200,8,6F 64 83 60 B3 EC 8F A5,fuel=100.00
1779698992.916,0x300,8,02 11 64 1E 75 B7 4C 34,temp=42.00
1779698993.039,0x100,8,00 57 F9 61 42 3F 44 8F,speed=0.00
1779698993.104,0x200,8,3F 64 E9 44 1F 9F 79 23,fuel=100.00
1779698993.546,0x300,8,02 D2 44 6A 96 12 46 C0,temp=42.00
1779698993.689,0x100,8,00 5C 32 B0 BF 13 B2 7D,speed=0.00
1779698993.840,0x200,8,C3 64 7E 2C F0 59 64 28,fuel=100.00
1779698993.967,0x300,8,02 38 5C 2E 4B 4D 5D 92,temp=42.00
1779698994.081,0x100,8,00 4E 40 7E BE A9 2B 12,speed=0.00
1779698994.458,0x200,8,94 64 0D 3F 5D F1 99 06,fuel=100.00
1779698994.738,0x300,8,02 DE 03 10 D8 69 41 52,temp=42.00
1779698994.841,0x100,8,00 FF 13 26 D3 1F 73 2B,speed=0.00
1779698994.958,0x200,8,8A 64 99 A3 E6 0B 5B EC,fuel=100.00
1779698995.092,0x300,8,02 74 3B C3 85 9E 1B 9D,temp=42.00
1779698995.417,0x100,8,00 7E 2A DB 17 6F 6C 15,speed=0.00
1779698995.851,0x200,8,46 64 E7 B6 7D 37 26 17,fuel=100.00
1779698995.938,0x300,8,02 A8 69 76 9E A1 AC EB,temp=42.00
1779698996.085,0x100,8,00 09 AB A9 25 D2 38 24,speed=0.00
1779698996.175,0x200,8,DB 64 52 65 B0 76 39 2B,fuel=100.00
1779698996.244,0x300,8,02 4F A3 F7 31 AE 29 53,temp=42.00
1779698996.326,0x100,8,00 99 20 BB 20 43 C1 E5,speed=0.00
1779698996.401,0x200,8,A2 64 2E 48 D9 9E D7 A5,fuel=100.00
1779698996.469,0x300,8,02 6D 69 CD 9D 81 64 D2,temp=42.00
1779698996.581,0x100,8,00 29 D9 3F F1 85 24 06,speed=0.00
1779698996.658,0x200,8,B7 64 C0 CF 28 E4 8A C4,fuel=100.00
1779698996.793,0x300,8,02 39 51 50 16 EE 52 F3,temp=42.00
1779698996.902,0x100,8,00 22 63 5A 48 54 F7 57,speed=0.00
1779698996.974,0x200,8,DA 64 82 9F 2F B7 83 2F,fuel=100.00
1779698997.052,0x300,8,02 68 21 56 10 77 C2 28,temp=42.00
1779698997.141,0x100,8,00 DD 85 83 6B 22 BD 90,speed=0.00
1779698997.289,0x200,8,ED 64 29 2D 0B 97 3D 03,fuel=100.00
1779698997.640,0x300,8,02 53 BC 0F F2 F7 11 2C,temp=42.00
1779698997.767,0x100,8,00 2E 8A FE E8 40 02 05,speed=0.00
1779698997.925,0x200,8,F5 64 DF DE 37 7D 82 65,fuel=100.00
1779698998.024,0x300,8,02 74 03 75 45 65 EF D0,temp=42.00
1779698998.140,0x100,8,00 91 BB 91 0C AF F1 82,speed=0.00
1779698998.255,0x200,8,FB 64 E9 F5 2B 6A 6B 0B,fuel=100.00
1779698998.403,0x300,8,02 BD 86 FD 9F 7B 3A FB,temp=42.00
1779698998.506,0x100,8,00 AB 40 7B A0 38 F5 17,speed=0.00
1779698998.623,0x200,8,F1 64 C8 CD 33 FB 61 28,fuel=100.00
1779698998.791,0x300,8,02 DC C7 1A 1F D5 F4 06,temp=42.00
1779698999.371,0x100,8,00 FB 68 3A 2D E2 D4 5E,speed=0.00
1779698999.543,0x200,8,E0 64 C7 02 34 B1 6B 39,fuel=100.00
1779698999.614,0x300,8,02 E6 1D 92 EB 39 4A 9C,temp=42.00
1779698999.688,0x100,8,00 62 8F 31 F6 2C AB 76,speed=0.00
1779698999.770,0x200,8,57 64 2B 76 1E 97 EB 12,fuel=100.00
1779698999.838,0x300,8,02 9D 7D AA 9E B4 03 8F,temp=42.00
1779698999.989,0x100,8,00 2F 27 D4 1C CB DA A4,speed=0.00
1779699000.200,0x200,8,E6 64 C1 AC 2E DF D5 1F,fuel=100.00
1779699000.340,0x300,8,02 0F 5E 0B 31 53 0E 07,temp=42.00
1779699000.471,0x100,8,00 6D EF 07 AF 60 F2 80,speed=0.00
1779699000.546,0x200,8,09 64 79 DD 06 70 EB 46,fuel=100.00
1779699000.640,0x300,8,02 12 68 64 E8 15 A4 36,temp=42.00
1779699000.723,0x100,8,00 CC 4F 31 50 9E D2 72,speed=0.00
1779699000.801,0x200,8,3C 64 26 B5 3B A2 E8 34,fuel=100.00
1779699000.876,0x300,8,02 94 34 A2 CF 5A 9B 43,temp=42.00
1779699000.970,0x100,8,00 A0 B5 B3 60 13 90 E5,speed=0.00
1779699001.090,0x200,8,CF 64 D9 D3 AB 17 22 EE,fuel=100.00
1779699001.158,0x300,8,02 A7 1C 7A 4C 25 2A 56,temp=42.00
1779699001.308,0x100,8,00 D3 04 45 78 2E 11 D9,speed=0.00
1779699001.393,0x200,8,B7 64 51 B5 52 68 EA 96,fuel=100.00
1779699001.450,0x300,8,02 69 D5 73 C0 6F A5 C4,temp=42.00
1779699001.613,0x100,8,00 C3 7E 29 6E 6D A4 2A,speed=0.00
1779699001.703,0x200,8,DE 64 6B E5 B0 86 3D 80,fuel=100.00
1779699001.798,0x300,8,02 1D CD F0 B9 6C FB DC,temp=42.00
1779699001.876,0x100,8,00 36 57 92 84 18 66 BD,speed=0.00
1779699001.987,0x200,8,42 64 C1 92 5A AF 8C AB,fuel=100.00
1779699002.069,0x300,8,02 B2 BB DE 2C E1 96 65,temp=42.00
1779699002.160,0x100,8,00 60 76 14 8D 52 51 E7,speed=0.00
1779699002.309,0x200,8,F0 64 F1 AD 34 21 19 59,fuel=100.00
1779699002.381,0x300,8,02 F1 84 F2 4F F6 59 CD,temp=42.00
1779699002.519,0x100,8,00 9E 3F 63 D6 37 7F 7B,speed=0.00
1779699002.641,0x200,8,38 64 3C CD BA 01 92 81,fuel=100.00
1779699002.709,0x300,8,02 8F C3 90 E0 B0 A3 31,temp=42.00
1779699002.934,0x100,8,00 60 4C B8 36 12 0F A7,speed=0.00
1779699003.001,0x200,8,A9 64 AF EE DA AC B2 3E,fuel=100.00
1779699003.054,0x300,8,02 99 D5 95 CB FD 57 4A,temp=42.00
1779699003.157,0x100,8,00 C1 26 C6 C1 49 77 51,speed=0.00
1779699003.358,0x200,8,B2 64 F3 1A 86 6A 0E 90,fuel=100.00
1779699003.570,0x300,8,02 C2 6D 64 C2 E8 E1 5C,temp=42.00
1779699003.793,0x100,8,00 CF 87 92 C4 A2 75 DD,speed=0.00
1779699003.935,0x200,8,F5 64 D1 BC 16 9F F4 76,fuel=100.00
1779699004.076,0x300,8,02 3C 9A 50 8A A5 EA 2C,temp=42.00
1779699004.303,0x100,8,00 17 F0 A8 91 52 D7 F3,speed=0.00
1779699004.401,0x200,8,6F 64 9E 67 84 0D DA 14,fuel=100.00
1779699004.485,0x300,8,02 8A 86 14 4A 2E 90 E2,temp=42.00
1779699004.642,0x100,8,00 31 4E 09 AC 51 9C 92,speed=0.00
1779699004.753,0x200,8,DC 64 CB 61 78 89 19 44,fuel=100.00
1779699004.860,0x300,8,02 57 27 E5 5E 5E C6 30,temp=42.00
1779699004.956,0x100,8,00 37 78 AE AB 50 EE 7B,speed=0.00
1779699005.131,0x200,8,5C 64 E1 B2 F3 C6 73 FB,fuel=100.00
1779699005.270,0x300,8,02 EE 24 CE 23 3E 06 E1,temp=42.00
1779699005.332,0x100,8,00 E9 1E C9 DA 6C 12 82,speed=0.00
1779699005.454,0x200,8,D5 64 84 7B 40 15 B0 B1,fuel=100.00
1779699005.524,0x300,8,02 57 3C C5 68 C6 26 28,temp=42.00
1779699005.741,0x100,8,00 5A 4E F0 2C 07 BB 77,speed=0.00
1779699005.787,0x200,8,69 64 C0 C0 58 34 96 83,fuel=100.00
1779699005.886,0x300,8,02 BE 42 72 EC 08 60 AF,temp=42.00
1779699006.007,0x100,8,00 56 A6 ED 47 D9 D6 DF,speed=0.00
1779699006.139,0x200,8,E7 64 92 5A E7 87 3F 79,fuel=100.00
1779699006.219,0x300,8,02 E9 AA EE F8 14 57 E5,temp=42.00
1779699006.260,0x100,8,00 FA 83 AF 34 7E FC EC,speed=0.00
1779699006.387,0x200,8,C0 64 F3 73 CE DA 63 55,fuel=100.00
1779699006.441,0x300,8,02 F8 6F 45 1A AB 0C 8A,temp=42.00
1779699006.555,0x100,8,00 39 57 91 FC 91 20 35,speed=0.00
1779699006.689,0x200,8,77 64 27 D0 F6 4B 12 46,fuel=100.00
1779699006.940,0x300,8,02 DE 99 F1 58 6D 36 FC,temp=42.00
1779699007.683,0x100,8,00 20 3A A9 6B 32 17 0F,speed=0.00
1779699007.762,0x200,8,96 64 E4 66 7F 05 C2 B8,fuel=100.00
1779699007.813,0x300,8,02 4A 7B 29 39 2A 55 C5,temp=42.00
1779699007.926,0x100,8,00 B7 03 91 C7 E2 8E 5A,speed=0.00
1779699007.991,0x200,8,EE 64 11 DA 56 EC 7F 77,fuel=100.00
1779699008.084,0x300,8,02 B8 8D 15 64 41 A3 1B,temp=42.00
1779699008.206,0x100,8,00 D2 4A 49 F3 12 81 A1,speed=0.00
1779699008.303,0x200,8,F2 64 7D 41 B6 89 86 B2,fuel=100.00
1779699008.407,0x300,8,02 9B 2E A1 91 9B 61 14,temp=42.00
1779699008.480,0x100,8,00 3C 6C 0C D6 1F B5 57,speed=0.00
1779699008.575,0x200,8,06 64 07 97 B1 06 11 2F,fuel=100.00
1779699008.665,0x300,8,02 FD 6E B3 CB 14 19 32,temp=42.00
1779699008.759,0x100,8,00 C3 42 AF 30 37 CE D7,speed=0.00
1779699008.861,0x200,8,AB 64 E0 3A CE BD 5F 54,fuel=100.00
1779699008.961,0x300,8,02 DB C5 E9 AA DB 3A 0D,temp=42.00
1779699009.051,0x100,8,00 AF 7F B6 00 D3 09 7D,speed=0.00
1779699009.180,0x200,8,6C 64 2E A2 62 1B CB F3,fuel=100.00
1779699009.304,0x300,8,02 D5 A1 96 62 44 99 52,temp=42.00
1779699009.396,0x100,8,00 4B 63 05 4F FB 5A E4,speed=0.00
1779699009.490,0x200,8,09 64 B4 C7 92 D3 C4 F7,fuel=100.00
1779699009.698,0x300,8,02 B0 9D DA A1 14 EF C8,temp=42.00
1779699009.888,0x100,8,00 94 02 A4 E8 A4 52 86,speed=0.00
1779699009.973,0x200,8,9C 64 63 EE 84 65 AD AB,fuel=100.00
1779699010.087,0x300,8,02 97 BC F5 36 E2 B8 80,temp=42.00
1779699010.172,0x100,8,00 9F 03 E8 8F E0 AD A2,speed=0.00
1779699010.231,0x200,8,06 64 56 59 DE BC C7 C9,fuel=100.00
1779699010.386,0x300,8,02 0F 60 55 EC 4F 47 4C,temp=42.00
1779699010.447,0x100,8,00 98 C5 C9 A4 5A D2 5A,speed=0.00
1779699010.542,0x200,8,DC 64 3F E6 27 82 E6 0A,fuel=100.00
1779699010.685,0x300,8,02 D1 ED 9A 55 3C 0F 97,temp=42.00
1779699010.731,0x100,8,00 AA FF 7E F4 F5 A5 65,speed=0.00
1779699010.858,0x200,8,A9 64 3A B3 31 9F 47 24,fuel=100.00
1779699010.983,0x300,8,02 AF EE 1D FB 2B A1 27,temp=42.00
1779699011.082,0x100,8,00 0F A0 47 58 E7 E6 5A,speed=0.00
1779699011.167,0x200,8,AB 64 61 47 23 89 31 91,fuel=100.00
1779699011.371,0x300,8,02 F7 B3 99 3C 9B F1 A6,temp=42.00
1779699011.482,0x100,8,00 23 6C 1E 3E 53 ED BA,speed=0.00
1779699011.563,0x200,8,6F 64 4D B4 0F 37 6B 65,fuel=100.00
1779699011.632,0x300,8,02 3F 10 27 B9 CE 05 40,temp=42.00
1779699011.786,0x100,8,00 47 C8 DF 38 13 DA B0,speed=0.00
1779699011.876,0x200,8,1C 64 E8 E8 13 15 9F 76,fuel=100.00
1779699012.063,0x300,8,02 6A 61 E1 D4 DB 49 A0,temp=42.00
1779699012.322,0x100,8,00 4B 1F 32 14 F6 E9 F1,speed=0.00
1779699012.545,0x200,8,82 64 3E 1D 7B 6C 41 6D,fuel=100.00
1779699012.593,0x300,8,02 B9 5D 20 59 2F 58 CB,temp=42.00
1779699012.705,0x100,8,00 12 86 DB 23 0C 56 C5,speed=0.00
1779699012.958,0x200,8,DC 64 B2 48 9E C4 41 D7,fuel=100.00
1779699013.106,0x300,8,02 28 DC 06 BD 99 82 C9,temp=42.00
1779699013.210,0x100,8,00 A2 72 1C 1F B2 E2 A4,speed=0.00
1779699013.353,0x200,8,55 64 20 A6 B9 58 DE E7,fuel=100.00
1779699013.454,0x300,8,02 35 A0 31 38 BC 9E 4B,temp=42.00
1779699013.660,0x100,8,00 AD 64 CE A7 34 6F 45,speed=0.00
1779699013.716,0x200,8,25 64 3B 40 64 1D 99 8D,fuel=100.00
1779699013.805,0x300,8,02 FF 6E A5 13 29 AA 1C,temp=42.00
1779699014.016,0x100,8,00 F0 58 03 1D AD 7F 8B,speed=0.00
1779699014.676,0x200,8,D6 64 57 F1 DF 75 6C 53,fuel=100.00
1779699014.785,0x300,8,02 AA D9 68 E0 2E 45 0B,temp=42.00
1779699015.933,0x100,8,00 FF 0C 55 09 26 66 D7,speed=0.00
1779699016.550,0x200,8,A8 64 C9 B6 F4 19 48 24,fuel=100.00
1779699016.602,0x300,8,02 1F 88 BB 67 55 62 71,temp=42.00
1779699016.707,0x100,8,00 CA 74 10 D9 E2 CB E1,speed=0.00
1779699016.819,0x200,8,F8 64 2A 92 68 14 50 DE,fuel=100.00
1779699017.092,0x300,8,02 00 1D 01 F0 D6 B9 36,temp=42.00
1779699017.241,0x100,8,00 1F 9A 6F FD 9F 23 67,speed=0.00
1779699017.357,0x200,8,D7 64 A5 67 EF D0 CE DF,fuel=100.00
1779699017.435,0x300,8,02 7A 96 D6 07 30 C4 F9,temp=42.00
1779699017.612,0x100,8,00 F0 D8 F8 50 0D 81 F7,speed=0.00
1779699017.715,0x200,8,40 64 DE 62 3E 60 39 63,fuel=100.00
1779699017.866,0x300,8,02 85 E1 E4 42 63 66 0F,temp=42.00
1779699017.976,0x100,8,00 7A AB 8F F5 39 A4 29,speed=0.00
1779699018.087,0x200,8,F1 64 D3 38 9C A8 90 00,fuel=100.00
1779699018.210,0x300,8,02 11 B3 2E AC 86 B0 B5,temp=42.00
1779699018.313,0x100,8,00 74 A8 5A 03 2C 82 1F,speed=0.00
1779699018.534,0x200,8,7A 64 5A 6B 33 74 9C 5F,fuel=100.00
1779699018.575,0x300,8,02 99 2B 65 1B B1 8E 49,temp=42.00
1779699018.656,0x100,8,00 64 A4 2D F6 D7 E1 AB,speed=0.00
1779699018.758,0x200,8,9B 64 DF FF B6 1E 08 75,fuel=100.00
1779699018.868,0x300,8,02 ED 89 D5 E8 9B EE 86,temp=42.00
1779699018.990,0x100,8,00 CA D8 90 D8 C0 78 59,speed=0.00
1779699019.040,0x200,8,D6 64 62 DE 53 91 C2 F8,fuel=100.00
1779699019.190,0x300,8,02 C9 E0 3D D3 F9 0F 79,temp=42.00
1779699019.392,0x100,8,00 7B 5E C7 1C 7F 27 A2,speed=0.00
1779699019.665,0x200,8,3B 64 FE 11 D5 81 42 49,fuel=100.00
1779699019.793,0x300,8,02 CD 58 DA 5F 91 A1 78,temp=42.00
1779699020.041,0x100,8,00 1F B2 2A 31 BF B0 34,speed=0.00
1779699020.131,0x200,8,35 64 1E 92 2C 51 59 A6,fuel=100.00
1779699020.219,0x300,8,02 F6 C6 81 68 87 85 4D,temp=42.00
1779699020.320,0x100,8,00 02 E9 5F 2E E7 A2 9E,speed=0.00
1779699020.414,0x200,8,87 64 3B 1F 2D AC 85 09,fuel=100.00
1779699020.500,0x300,8,02 B7 64 06 BC 23 C6 7B,temp=42.00
1779699020.587,0x100,8,00 35 39 56 B0 5A 8A A3,speed=0.00
1779699020.648,0x200,8,99 64 80 FC AB 70 EA 90,fuel=100.00
1779699020.769,0x300,8,02 A7 37 12 EC 32 E9 51,temp=42.00
1779699020.818,0x100,8,00 7D 5D 16 0E 86 F2 C4,speed=0.00
1779699020.948,0x200,8,92 64 5B 39 B7 D6 70 CF,fuel=100.00
1779699021.006,0x300,8,02 BB 21 DE 73 23 1A C8,temp=42.00
1779699021.093,0x100,8,00 BA B2 73 9A 59 55 B2,speed=0.00
1779699021.233,0x200,8,97 64 46 72 42 A8 65 F0,fuel=100.00
1779699021.302,0x300,8,02 D3 A8 2A 62 D6 7D E9,temp=42.00
1779699021.393,0x100,8,00 BB EB 64 FA 7D FC 31,speed=0.00
1779699021.565,0x200,8,71 64 35 63 03 A2 E2 BC,fuel=100.00
1779699021.686,0x300,8,02 03 D4 65 F1 AB 7A D0,temp=42.00
1779699021.752,0x100,8,00 D1 15 6D E9 94 4A D2,speed=0.00
1779699021.864,0x200,8,77 64 BE 19 EE AC F4 EE,fuel=100.00
1779699021.960,0x300,8,02 8D 46 E9 84 4A 6E ED,temp=42.00
1779699022.063,0x100,8,00 04 65 B8 DE 01 18 81,speed=0.00
1779699022.130,0x200,8,6E 64 D8 83 F3 35 59 E0,fuel=100.00
1779699022.215,0x300,8,02 A3 CB 3C B2 13 07 E8,temp=42.00
1779699022.339,0x100,8,00 00 C6 26 70 A7 E8 80,speed=0.00
1779699022.403,0x200,8,1E 64 E6 BC 5D FD 40 2F,fuel=100.00
1779699022.542,0x300,8,02 9C 0F F3 E2 7C D1 95,temp=42.00
1779699022.660,0x100,8,00 BB 19 36 D1 35 E9 48,speed=0.00
1779699022.725,0x200,8,64 64 8C 23 90 0F 50 CE,fuel=100.00
1779699022.785,0x300,8,02 BA 0A 89 27 5D 81 9E,temp=42.00
1779699022.892,0x100,8,00 88 DF B1 A1 72 6B 79,speed=0.00
1779699023.005,0x200,8,FF 64 0D 96 73 15 71 65,fuel=100.00
1779699023.066,0x300,8,02 F7 89 0A FF 6E 28 C6,temp=42.00
1779699023.158,0x100,8,00 87 B1 F8 51 7B 14 5D,speed=0.00
1779699023.247,0x200,8,AD 64 72 99 B8 1F F5 99,fuel=100.00
1779699023.401,0x300,8,02 66 86 70 F7 E3 B1 43,temp=42.00
1779699023.480,0x100,8,00 61 EC 89 D2 66 98 D8,speed=0.00
1779699023.541,0x200,8,C6 64 2E E6 56 18 81 C3,fuel=100.00
1779699023.690,0x300,8,02 82 6D 7F FF FB A2 EB,temp=42.00
1779699023.775,0x100,8,00 77 E7 18 08 03 CD 35,speed=0.00
1779699023.841,0x200,8,76 64 09 AE 7E 05 3B EB,fuel=100.00
1779699023.987,0x300,8,02 53 17 26 8F A3 8C 19,temp=42.00
1779699024.189,0x100,8,00 86 6B 4E 48 49 27 E0,speed=0.00
1779699024.656,0x200,8,A4 64 50 53 F3 A7 66 45,fuel=100.00
1779699024.789,0x300,8,02 91 7C C3 D3 A7 E6 A0,temp=42.00
1779699024.850,0x100,8,00 FB 65 1E F4 A1 4C BA,speed=0.00
1779699024.985,0x200,8,B8 64 A2 7F C5 38 78 49,fuel=100.00
1779699025.042,0x300,8,02 5D E0 2F F7 2F D0 64,temp=42.00
1779699025.151,0x100,8,00 E8 27 1C A6 1E 41 CE,speed=0.00
1779699025.247,0x200,8,E4 64 B1 34 F8 CC 1F 13,fuel=100.00
1779699025.341,0x300,8,02 12 0F 85 DE BB 5E E0,temp=42.00
1779699025.442,0x100,8,00 55 9B 1A 1C BF ED 2B,speed=0.00
1779699025.524,0x200,8,1E 64 3D 10 06 1C 21 E0,fuel=100.00
1779699025.591,0x300,8,02 E8 92 CA 40 99 3D 12,temp=42.00
1779699025.766,0x100,8,00 65 7B 0E 76 D2 08 4A,speed=0.00
1779699025.810,0x200,8,79 64 2E 2B 9D 81 F2 A1,fuel=100.00
1779699025.905,0x300,8,02 45 80 2C F9 F9 F7 45,temp=42.00
1779699026.008,0x100,8,00 EC A0 1C 19 86 D6 9E,speed=0.00
1779699026.104,0x200,8,E7 64 0A BE CE 73 5C 64,fuel=100.00
1779699026.159,0x300,8,02 B1 6B 71 22 8C BD 18,temp=42.00
1779699026.319,0x100,8,00 01 26 EA D5 86 13 09,speed=0.00
1779699026.373,0x200,8,55 64 09 CA 23 FD 12 D0,fuel=100.00
1779699026.488,0x300,8,02 69 C3 C1 08 2A 4B 2F,temp=42.00
1779699026.559,0x100,8,00 6F 33 3E 89 A3 2B F3,speed=0.00
1779699026.620,0x200,8,2C 64 24 B3 94 2A 48 9B,fuel=100.00
1779699026.804,0x300,8,02 5B 4A 2B 3C F0 C2 1D,temp=42.00
1779699026.856,0x100,8,00 0E 30 CA 3B 8F 08 34,speed=0.00
1779699026.904,0x200,8,8B 64 66 BC 0C 2C C2 92,fuel=100.00
1779699027.038,0x300,8,02 7F C4 27 73 F3 88 02,temp=42.00
1779699027.124,0x100,8,00 FE B6 4E 41 2D 45 74,speed=0.00
1779699027.215,0x200,8,41 64 1A 9F 46 8F CB 37,fuel=100.00
1779699027.292,0x300,8,02 25 44 78 BB 8A AF 92,temp=42.00
1779699027.411,0x100,8,00 8A 5A 13 D8 0A AA B2,speed=0.00
1779699027.467,0x200,8,E1 64 9A 4E 13 BF 0C 7E,fuel=100.00
1779699027.640,0x300,8,02 7A EF FB DD 92 E3 95,temp=42.00
1779699027.693,0x100,8,00 21 4D 46 03 E2 1E 8B,speed=0.00
1779699027.802,0x200,8,73 64 6E 3E 98 47 ED ED,fuel=100.00
1779699027.875,0x300,8,02 CA B6 B8 25 AC CA 22,temp=42.00
1779699028.006,0x100,8,00 A2 93 CE F4 8A 60 0E,speed=0.00
1779699028.055,0x200,8,20 64 0E 71 C0 D0 6D 56,fuel=100.00
1779699028.120,0x300,8,02 45 15 01 D5 F9 D2 A1,temp=42.00
1779699028.223,0x100,8,00 0F F6 7F 41 6C 07 69,speed=0.00
1779699028.350,0x200,8,05 64 1D 61 30 C1 C0 FF,fuel=100.00
1779699028.536,0x300,8,02 61 6E 48 EE 4C 2D B7,temp=42.00
1779699028.594,0x100,8,00 83 7C 69 D9 A1 55 83,speed=0.00
1779699028.743,0x200,8,0E 64 B2 8E 1F C7 AF 79,fuel=100.00
1779699028.782,0x300,8,02 A3 BA B5 D7 60 D2 2F,temp=42.00
1779699028.889,0x100,8,00 53 03 B1 31 9B 41 97,speed=0.00
1779699029.026,0x200,8,04 64 E6 07 E5 C6 36 EE,fuel=100.00
1779699029.121,0x300,8,02 3F A3 1A E8 DA 16 51,temp=42.00
1779699029.231,0x100,8,00 74 47 18 01 BC 43 A8,speed=0.00
1779699029.243,0x200,8,29 64 81 13 65 09 7A 0D,fuel=100.00
1779699029.341,0x300,8,02 8A E3 32 90 BD 18 B7,temp=42.00
1779699029.509,0x100,8,00 E3 68 2B 5E 52 9C 85,speed=0.00
1779699029.610,0x200,8,0B 64 08 AB 7D 5A 17 E8,fuel=100.00
1779699029.797,0x300,8,02 8F 72 96 1B D4 74 30,temp=42.00
1779699029.877,0x100,8,00 A5 05 BB CB F0 FD 1C,speed=0.00
1779699029.963,0x200,8,08 64 FD 99 02 EE 5A C9,fuel=100.00
1779699030.053,0x300,8,02 76 C6 69 D0 B9 D6 55,temp=42.00
1779699030.153,0x100,8,00 10 E8 17 2A 2F D0 F2,speed=0.00
1779699030.288,0x200,8,07 64 FD 1C 8F 82 17 FB,fuel=100.00
1779699030.373,0x300,8,02 72 E0 B5 D1 6E 7E F3,temp=42.00
1779699030.552,0x100,8,00 9C 25 3D 76 48 DB 6E,speed=0.00
1779699030.570,0x200,8,62 64 1D 07 35 A7 A6 B8,fuel=100.00
1779699030.662,0x300,8,02 21 C6 6D D8 3D FB E3,temp=42.00
1779699030.769,0x100,8,00 9B F0 C2 C5 08 0C FD,speed=0.00
1779699030.873,0x200,8,1F 64 1B 56 80 81 17 DC,fuel=100.00
1779699030.971,0x300,8,02 FC 20 66 B6 20 5B 5E,temp=42.00
1779699031.045,0x100,8,00 75 69 38 EA 4B 4D CE,speed=0.00
1779699031.184,0x200,8,76 64 D7 95 0E F0 AF F1,fuel=100.00
1779699031.260,0x300,8,02 B2 96 4C 00 ED 77 99,temp=42.00
1779699031.349,0x100,8,00 D0 16 2F ED 1F A7 94,speed=0.00
1779699031.449,0x200,8,8E 64 70 84 95 6F 78 BA,fuel=100.00
1779699031.543,0x300,8,02 87 64 80 D9 96 D4 B1,temp=42.00
1779699031.623,0x100,8,00 E4 69 67 CC 37 4B E5,speed=0.00
1779699031.710,0x200,8,7A 64 0B BC 08 56 D3 2B,fuel=100.00
1779699031.801,0x300,8,02 29 E6 6F 1B 46 A7 37,temp=42.00
1779699031.902,0x100,8,00 45 E7 1B D8 14 54 E2,speed=0.00
1779699031.981,0x200,8,87 64 1A 10 F4 7F 3C CE,fuel=100.00
1779699032.073,0x300,8,02 0D 92 41 AC 1E 29 1D,temp=42.00
1779699032.190,0x100,8,00 F6 93 BD E5 D9 26 B3,speed=0.00
1779699032.292,0x200,8,26 64 0B E8 E7 D8 6A A2,fuel=100.00
1779699032.354,0x300,8,02 57 62 C8 F9 86 0D 25,temp=42.00
1779699032.477,0x100,8,00 26 9A D6 94 ED 35 2B,speed=0.00
1779699032.633,0x200,8,0A 64 9A CF 37 27 FB 9B,fuel=100.00
1779699032.774,0x300,8,02 B6 C4 A0 85 7B 6A F6,temp=42.00
1779699032.836,0x100,8,00 CF 2F 30 6E 8A 40 43,speed=0.00
1779699032.904,0x200,8,11 64 D7 EB 8F AE BC EC,fuel=100.00
1779699033.017,0x300,8,02 DE 45 B7 0F 60 DC B2,temp=42.00
1779699033.157,0x100,8,00 92 21 25 99 F8 BC 65,speed=0.00
1779699033.453,0x200,8,4B 64 D0 34 AC 2A DF 34,fuel=100.00
1779699033.592,0x300,8,02 82 D2 5C 31 72 4E B7,temp=42.00
1779699033.744,0x100,8,00 2F 79 B5 83 E8 5C 8C,speed=0.00
1779699033.871,0x200,8,F7 64 91 58 80 BB DB C8,fuel=100.00
1779699033.974,0x300,8,02 30 9F 7C 97 BA 31 0B,temp=42.00
1779699034.056,0x100,8,00 AE DA 8A 07 EA 1F 0C,speed=0.00
1779699034.393,0x200,8,49 64 F3 7D AB 29 14 27,fuel=100.00
1779699034.406,0x300,8,02 C0 FF B6 7A C4 46 3E,temp=42.00
1779699034.888,0x100,8,00 CD D5 60 65 39 DD C7,speed=0.00
1779699035.009,0x200,8,90 64 92 C8 B2 02 CF 5C,fuel=100.00
1779699035.105,0x300,8,02 50 DB 5D 9A 36 2A 29,temp=42.00
1779699035.186,0x100,8,00 E6 89 6A D3 9B D8 F8,speed=0.00
1779699035.288,0x200,8,F3 64 D8 6C C6 6B F8 02,fuel=100.00
1779699035.423,0x300,8,02 78 B3 AB 0E 38 FC D6,temp=42.00
1779699035.509,0x100,8,00 61 14 67 74 F5 CC E2,speed=0.00
1779699035.603,0x200,8,8C 64 91 7E EC D5 69 53,fuel=100.00
1779699035.685,0x300,8,02 E5 3D E6 C4 9B 48 36,temp=42.00
1779699035.791,0x100,8,00 78 2D BA D7 B2 8B 79,speed=0.00
1779699035.874,0x200,8,ED 64 2F 96 3E 38 DE 29,fuel=100.00
1779699036.288,0x300,8,02 41 A8 0B C6 EB 89 09,temp=42.00
1779699036.704,0x100,8,00 FF 05 4C B5 24 1A 21,speed=0.00
1779699037.444,0x200,8,26 64 D1 52 BD 25 DB E3,fuel=100.00
1779699037.611,0x300,8,02 2C 1E 27 76 88 0F 39,temp=42.00
1779699037.714,0x100,8,00 82 EC B0 0F 42 01 58,speed=0.00
1779699037.814,0x200,8,9C 64 D4 8A EF 26 D9 22,fuel=100.00
1779699037.885,0x300,8,02 0F 34 11 A2 20 4E AD,temp=42.00
1779699037.959,0x100,8,00 91 9F 62 6C 8D 6A 7A,speed=0.00
1779699038.058,0x200,8,31 64 23 0D 28 E8 F0 07,fuel=100.00
1779699038.198,0x300,8,02 2A 8D A8 10 F6 8C 5A,temp=42.00
1779699038.261,0x100,8,00 33 F9 72 F3 92 71 82,speed=0.00
1779699038.331,0x200,8,BC 64 C6 E4 24 91 EA 29,fuel=100.00
1779699038.472,0x300,8,02 42 72 94 41 3A 57 B1,temp=42.00
1779699038.532,0x100,8,00 95 C3 C6 46 62 E4 7E,speed=0.00
1779699038.639,0x200,8,02 64 C5 EE 2C FB 80 B0,fuel=100.00
1779699038.742,0x300,8,02 B3 B7 C7 2C D4 4E 95,temp=42.00
1779699038.796,0x100,8,00 C3 E5 34 A9 A6 4B AB,speed=0.00
1779699038.891,0x200,8,BE 64 C2 43 04 A9 53 70,fuel=100.00
1779699039.023,0x300,8,02 10 02 4E 9E 3D 8C F1,temp=42.00
1779699039.090,0x100,8,00 DE 6A EF FB C6 03 43,speed=0.00
1779699039.256,0x200,8,29 64 DF 21 6D C9 47 A8,fuel=100.00
1779699039.377,0x300,8,02 50 5E EC B5 1A 38 C1,temp=42.00
1779699039.639,0x100,8,00 1E C5 5C B5 C1 DB 92,speed=0.00
1779699040.002,0x200,8,20 64 87 BD D6 97 CD 2D,fuel=100.00
1779699040.255,0x300,8,02 B3 24 F2 6C 70 AA 88,temp=42.00
1779699040.671,0x100,8,00 4A E6 EA AE 2B EF 3C,speed=0.00
1779699040.754,0x200,8,99 64 A3 C4 1A 25 5A AE,fuel=100.00
1779699040.871,0x300,8,02 E1 0E BD 6D B9 74 B7,temp=42.00
1779699040.925,0x100,8,00 8E D7 88 E3 D1 10 5D,speed=0.00
1779699041.003,0x200,8,B4 64 87 29 70 F6 B2 B0,fuel=100.00
1779699041.125,0x300,8,02 60 81 1B 1D D6 21 38,temp=42.00
1779699041.198,0x100,8,00 E3 D4 92 4E 30 0A 8E,speed=0.00
1779699041.368,0x200,8,06 64 61 5A 86 AA 20 9C,fuel=100.00
1779699041.689,0x300,8,02 26 50 8D 57 8C AC 67,temp=42.00
1779699041.766,0x100,8,00 91 BE 63 18 FC B3 1B,speed=0.00
1779699041.851,0x200,8,6F 64 20 D6 EC 01 94 40,fuel=100.00
1779699042.009,0x300,8,02 40 1A 67 2E 6D 1C 80,temp=42.00
1779699042.131,0x100,8,00 E9 FA 88 09 00 40 B7,speed=0.00
1779699042.225,0x200,8,45 64 CD 7C FA 86 8C 83,fuel=100.00
1779699042.326,0x300,8,02 CA B9 23 21 B6 F1 81,temp=42.00
1779699042.475,0x100,8,00 E2 79 4D 37 26 6D E4,speed=0.00
1779699042.584,0x200,8,07 64 3B FA 04 8E 07 1C,fuel=100.00
1779699042.592,0x300,8,02 0C 94 ED B6 9B 9C CA,temp=42.00
1779699042.710,0x100,8,00 5E 91 96 2C A2 D1 2E,speed=0.00
1779699042.828,0x200,8,68 64 D0 B6 7E B6 D0 F4,fuel=100.00
1779699042.938,0x300,8,02 D9 C5 C3 E1 B4 03 72,temp=42.00
1779699043.054,0x100,8,00 D0 07 30 99 6A 24 D4,speed=0.00
1779699043.224,0x200,8,3A 64 3A 05 2D DA 7A 4C,fuel=100.00
1779699043.334,0x300,8,02 9B 4E 94 D5 F4 58 AA,temp=42.00
1779699043.506,0x100,8,00 DB AD EB E4 F3 04 1F,speed=0.00
1779699043.535,0x200,8,65 64 A5 E9 B7 01 20 08,fuel=100.00
1779699043.670,0x300,8,02 5B 91 73 F9 9B 26 B5,temp=42.00
1779699043.801,0x100,8,00 99 8E CC B0 24 83 C7,speed=0.00
1779699043.939,0x200,8,E6 64 F4 6F D0 EB 4D 49,fuel=100.00
1779699044.057,0x300,8,02 15 8D 05 6A B0 7E 3A,temp=42.00
1779699044.177,0x100,8,00 F3 8C 80 3A 24 BD FC,speed=0.00
1779699044.282,0x200,8,D0 64 39 61 7A 2D 01 1D,fuel=100.00
1779699044.398,0x300,8,02 9E 2B E6 41 9E 05 FE,temp=42.00
1779699044.494,0x100,8,00 11 DD 1D 0D 5E 3A 11,speed=0.00
1779699044.618,0x200,8,A7 64 61 DB 63 D8 2A 63,fuel=100.00
1779699044.654,0x300,8,02 80 8F E1 9F 01 23 E7,temp=42.00
1779699044.791,0x100,8,00 D1 E3 DA 4E B4 95 65,speed=0.00
1779699044.899,0x200,8,E1 64 1A 12 0B 4B A8 A4,fuel=100.00
1779699045.021,0x300,8,02 0C 8D 25 53 C6 93 D1,temp=42.00
1779699045.108,0x100,8,00 33 16 FB E0 89 A4 36,speed=0.00
1779699045.227,0x200,8,72 64 3C A0 5C 47 20 9A,fuel=100.00
1779699045.353,0x300,8,02 88 1A 03 7D 88 2F 87,temp=42.00
1779699045.455,0x100,8,00 60 BF AA 71 FC 31 3F,speed=0.00
1779699045.570,0x200,8,81 64 74 E3 8B 7D 03 C0,fuel=100.00
1779699045.657,0x300,8,02 3C B5 2A 3A 16 BB 5F,temp=42.00
1779699045.744,0x100,8,00 53 C3 18 D6 C1 8B 52,speed=0.00
1779699045.841,0x200,8,09 64 A4 48 04 C0 7A A6,fuel=100.00
1779699045.951,0x300,8,02 78 80 75 6B 0D 0E 79,temp=42.00
1779699046.060,0x100,8,00 E6 B4 5B DF 88 36 B9,speed=0.00
1779699046.156,0x200,8,79 64 E3 1E 86 B7 5E 0E,fuel=100.00
1779699046.260,0x300,8,02 74 7F 13 55 A8 20 D6,temp=42.00
1779699046.391,0x100,8,00 0E BF BD 98 71 7A 7B,speed=0.00
1779699046.576,0x200,8,DF 64 EE C9 C7 DF 11 AA,fuel=100.00
1779699046.753,0x300,8,02 8F 6F BA 24 58 29 D8,temp=42.00
1779699046.902,0x100,8,00 54 2F B0 35 3A E2 AD,speed=0.00
1779699047.121,0x200,8,52 64 01 03 EF 3F 29 DB,fuel=100.00
1779699047.241,0x300,8,02 8B C2 04 FF 99 60 4B,temp=42.00
1779699047.592,0x100,8,00 3C 77 8F CE 07 EB DF,speed=0.00
1779699047.688,0x200,8,67 64 C4 E0 29 D7 6A 1D,fuel=100.00
1779699047.817,0x300,8,02 23 30 CC 33 87 7B 4C,temp=42.00
1779699047.860,0x100,8,00 BF AC F1 56 50 BA E1,speed=0.00
1779699047.991,0x200,8,FC 64 E2 8E 7E 22 84 91,fuel=100.00
1779699048.068,0x300,8,02 5A DB AA BD E4 6B 87,temp=42.00
1779699048.155,0x100,8,00 74 D1 8A 8C 69 65 FF,speed=0.00
1779699048.221,0x200,8,15 64 C8 45 AC CE 14 EA,fuel=100.00
1779699048.306,0x300,8,02 F7 1C 8F 84 E4 1B C8,temp=42.00
1779699048.422,0x100,8,00 EA 4E 08 CB E6 A4 FB,speed=0.00
1779699048.548,0x200,8,BB 64 1B FD 34 78 86 6B,fuel=100.00
1779699048.674,0x300,8,02 38 FD 16 63 8B 86 2A,temp=42.00
1779699048.805,0x100,8,00 33 4D 3F C0 D8 A9 E1,speed=0.00
1779699048.919,0x200,8,1C 64 F4 78 89 E1 4A 76,fuel=100.00
1779699049.027,0x300,8,02 FD 0F 00 D7 0D DF EA,temp=42.00
1779699049.202,0x100,8,00 9B E2 EC 0D C5 EF CC,speed=0.00
1779699049.426,0x200,8,17 64 E1 BD AE AF C9 28,fuel=100.00
1779699049.510,0x300,8,02 17 27 B2 AC 13 62 1A,temp=42.00
1779699049.657,0x100,8,00 7F 1E ED 29 75 9C BC,speed=0.00
1779699049.792,0x200,8,F1 64 2F 32 A0 C3 52 C3,fuel=100.00
1779699049.887,0x300,8,02 17 62 2E 77 7D 49 ED,temp=42.00
1779699049.975,0x100,8,00 97 49 14 01 3A 1C DE,speed=0.00
1779699050.050,0x200,8,48 64 3F B4 AA C9 45 6B,fuel=100.00
1779699050.105,0x300,8,02 E1 A3 68 06 17 39 FD,temp=42.00
1779699050.203,0x100,8,00 36 80 AE CC C4 6E AC,speed=0.00
1779699050.353,0x200,8,E5 64 F6 66 9F 91 4E 07,fuel=100.00
1779699050.488,0x300,8,02 53 E8 C3 49 25 BF 93,temp=42.00
1779699050.565,0x100,8,00 F1 4B BB B0 83 0F C0,speed=0.00
1779699050.657,0x200,8,6A 64 D4 65 A8 DD 30 51,fuel=100.00
1779699050.754,0x300,8,02 F1 09 4A 41 3F 1A 48,temp=42.00
1779699050.857,0x100,8,00 6E 17 38 8F DE 99 08,speed=0.00
1779699050.963,0x200,8,FF 64 13 A0 F5 C9 B5 37,fuel=100.00
1779699051.068,0x300,8,02 13 60 4D E3 08 57 69,temp=42.00
1779699051.204,0x100,8,00 D8 65 64 7A 5C E1 A2,speed=0.00
1779699051.224,0x200,8,99 64 DA 87 8D AA C4 B9,fuel=100.00
1779699051.391,0x300,8,02 87 5C 2E E4 ED E8 EF,temp=42.00
1779699051.477,0x100,8,00 5F 7F 3F 48 6B 42 6D,speed=0.00
1779699051.561,0x200,8,AD 64 DC 9C 95 05 3C D5,fuel=100.00
1779699051.649,0x300,8,02 6F 98 CA 04 33 B5 D5,temp=42.00
1779699051.723,0x100,8,00 39 6D 2D C1 54 9E 5F,speed=0.00
1779699051.803,0x200,8,E0 64 17 16 05 D8 30 8B,fuel=100.00
1779699051.874,0x300,8,02 4E 9F C8 70 E8 84 3E,temp=42.00
1779699051.971,0x100,8,00 17 06 DB D7 76 B8 53,speed=0.00
1779699052.071,0x200,8,03 64 B1 55 A1 91 D0 6B,fuel=100.00
1779699052.154,0x300,8,02 59 8A 40 E3 ED DE 12,temp=42.00
1779699052.312,0x100,8,00 EE 6F 4C 12 85 7D 76,speed=0.00
1779699052.397,0x200,8,B5 64 91 80 A0 23 92 BA,fuel=100.00
1779699052.477,0x300,8,02 A0 96 06 07 AF 81 44,temp=42.00
1779699052.565,0x100,8,00 5B EE 77 3F 0E F0 40,speed=0.00
1779699052.637,0x200,8,C3 64 5F B1 59 24 24 A8,fuel=100.00
1779699052.741,0x300,8,02 27 F0 10 48 C7 68 40,temp=42.00
1779699052.820,0x100,8,00 51 46 05 87 0B BB 3B,speed=0.00
1779699052.948,0x200,8,49 64 38 F9 6C C3 57 3F,fuel=100.00
1779699053.033,0x300,8,02 D6 41 AA A1 03 5A CD,temp=42.00
1779699053.104,0x100,8,00 82 E4 08 7C BC FF 2B,speed=0.00
1779699053.210,0x200,8,F3 64 F0 87 7B B8 C7 F3,fuel=100.00
1779699053.308,0x300,8,02 7C F3 28 67 FD 17 72,temp=42.00
1779699053.391,0x100,8,00 59 9B B7 82 D1 B3 DA,speed=0.00
1779699053.466,0x200,8,AA 64 46 9C EA 38 21 96,fuel=100.00
1779699053.718,0x300,8,02 30 92 7A 27 93 2C C6,temp=42.00
1779699053.780,0x100,8,00 41 42 D6 83 79 B6 DF,speed=0.00
1779699053.860,0x200,8,DC 64 2E 8F 1B B6 39 C5,fuel=100.00
1779699053.976,0x300,8,02 E5 66 20 53 62 80 16,temp=42.00
1779699054.058,0x100,8,00 19 B1 7B C7 B4 C1 87,speed=0.00
1779699054.167,0x200,8,B9 64 0E FB 5B 12 9C 46,fuel=100.00
1779699054.227,0x300,8,02 FC 98 39 39 CA 85 6D,temp=42.00
1779699054.319,0x100,8,00 4F 42 1F EB DB A0 1F,speed=0.00
1779699054.456,0x200,8,CE 64 34 79 F6 99 7F DE,fuel=100.00
1779699054.530,0x300,8,02 68 87 6D 13 1F 37 7A,temp=42.00
1779699054.675,0x100,8,00 3A 74 95 EE 67 B6 3D,speed=0.00
1779699054.755,0x200,8,EA 64 B3 17 E0 86 71 88,fuel=100.00
1779699054.824,0x300,8,02 2E 5F C6 87 E7 54 D3,temp=42.00
1779699054.876,0x100,8,00 7F 45 40 55 84 B4 D5,speed=0.00
1779699055.024,0x200,8,10 64 9F 42 65 19 ED 5E,fuel=100.00
1779699055.094,0x300,8,02 28 F6 49 4E 3A 07 9D,temp=42.00
1779699055.204,0x100,8,00 D1 8A 91 4A 61 3E 0C,speed=0.00
1779699055.261,0x200,8,18 64 0A 0D F0 B1 ED E6,fuel=100.00
1779699055.359,0x300,8,02 49 94 98 44 2C C9 27,temp=42.00
1779699055.441,0x100,8,00 77 23 5E B3 A8 F7 CD,speed=0.00
1779699055.577,0x200,8,D0 64 1E D8 82 EE 6C B6,fuel=100.00
1779699055.651,0x300,8,02 7B AD 51 C9 C3 23 A0,temp=42.00
1779699055.720,0x100,8,00 7F AA 87 77 E1 B2 42,speed=0.00
1779699055.858,0x200,8,12 64 C0 15 79 AA BC A0,fuel=100.00
1779699055.927,0x300,8,02 04 C2 E5 B1 26 53 27,temp=42.00
1779699056.002,0x100,8,00 62 DD C4 FB B2 59 1B,speed=0.00
1779699056.099,0x200,8,D9 64 CF C8 71 44 0F 88,fuel=100.00
1779699056.221,0x300,8,02 8F 9B F4 9D 71 EB 83,temp=42.00
1779699056.331,0x100,8,00 B1 18 6E D7 64 0F E6,speed=0.00
1779699056.409,0x200,8,B1 64 D8 1F E5 D6 0B 34,fuel=100.00
1779699056.509,0x300,8,02 17 1B 17 B4 0C BA CC,temp=42.00
1779699056.583,0x100,8,00 F8 AF 73 8E 3D 5C 79,speed=0.00
1779699056.661,0x200,8,30 64 48 FE C5 04 CA DD,fuel=100.00
1779699056.774,0x300,8,02 A1 AA 05 A8 2C 78 74,temp=42.00
1779699056.870,0x100,8,00 A6 A2 D3 D3 65 E1 E2,speed=0.00
1779699056.951,0x200,8,3F 64 00 B1 18 CE 10 9B,fuel=100.00
1779699057.034,0x300,8,02 59 00 C1 2E E5 69 FD,temp=42.00
1779699057.171,0x100,8,00 6B 3A DB 10 0C EE D0,speed=0.00
1779699057.273,0x200,8,60 64 DF 98 FA B0 4C 51,fuel=100.00
1779699057.338,0x300,8,02 2B 10 4E 98 13 43 39,temp=42.00
1779699057.507,0x100,8,00 DC 09 D5 4B F6 C8 45,speed=0.00
1779699057.635,0x200,8,D1 64 FE A8 58 30 56 E5,fuel=100.00
1779699057.723,0x300,8,02 D1 5C 61 69 37 9E 9F,temp=42.00
1779699057.942,0x100,8,00 81 A6 DA 59 F8 8E 8F,speed=0.00
1779699058.045,0x200,8,8D 64 FA F0 F8 79 59 C2,fuel=100.00
1779699058.126,0x300,8,02 60 AB 18 DD B0 37 42,temp=42.00
1779699058.199,0x100,8,00 36 F9 69 55 73 B4 2A,speed=0.00
1779699058.294,0x200,8,7D 64 C1 50 38 72 4D DF,fuel=100.00
1779699058.425,0x300,8,02 50 E2 48 4B 95 FC A1,temp=42.00
1779699058.473,0x100,8,00 33 9D FB EA 01 63 B7,speed=0.00
1779699058.558,0x200,8,E9 64 36 FD CE 5E 7F 82,fuel=100.00
1779699058.662,0x300,8,02 80 0D A4 9F CF 3D F5,temp=42.00
1779699058.795,0x100,8,00 A6 30 ED 00 B7 EF 40,speed=0.00
1779699058.921,0x200,8,73 64 2D 0D 83 99 25 45,fuel=100.00
1779699059.036,0x300,8,02 2F 83 68 9B 14 02 92,temp=42.00
1779699059.138,0x100,8,00 95 C2 C1 2E 22 42 34,speed=0.00
1779699059.224,0x200,8,07 64 50 69 35 57 16 B2,fuel=100.00
1779699059.298,0x300,8,02 DC 52 D4 D2 10 08 50,temp=42.00
1779699059.426,0x100,8,00 FC 31 11 5E 5B 00 13,speed=0.00
1779699059.505,0x200,8,4D 64 4D 55 0E 7F B0 EA,fuel=100.00
1779699059.594,0x300,8,02 87 AC B7 B7 A0 0B CF,temp=42.00
1779699059.713,0x100,8,00 E1 39 02 9D E5 3B 79,speed=0.00
1779699059.786,0x200,8,A8 64 09 6C 35 CC 5B E7,fuel=100.00
1779699059.869,0x300,8,02 48 66 F8 E3 7D 33 A4,temp=42.00
1779699060.035,0x100,8,00 4C 52 A4 70 75 DD BA,speed=0.00
1779699060.126,0x200,8,3E 64 E2 64 34 47 19 84,fuel=100.00
1779699060.281,0x300,8,02 9E 09 82 88 AF D6 DE,temp=42.00
1779699060.344,0x100,8,00 FF DD D7 6D CE 9C 0A,speed=0.00
1779699060.423,0x200,8,F7 64 1E 0E 6B E8 03 A8,fuel=100.00
1779699060.519,0x300,8,02 DE D5 49 AD 84 1C 45,temp=42.00
1779699060.680,0x100,8,00 C8 93 B6 56 A8 E8 A2,speed=0.00
1779699060.776,0x200,8,46 64 B4 A3 BA C8 0B EB,fuel=100.00
1779699060.871,0x300,8,02 9D A1 46 DF BF 7E 9D,temp=42.00
1779699060.941,0x100,8,00 DE EE D0 52 66 C6 33,speed=0.00
1779699061.058,0x200,8,27 64 5F 97 61 EA 93 03,fuel=100.00
1779699061.242,0x300,8,02 14 AA BC 28 6E 98 52,temp=42.00
1779699061.317,0x100,8,00 82 25 C3 5E 00 39 4B,speed=0.00
1779699061.418,0x200,8,B5 64 70 4D 7A 04 41 6E,fuel=100.00
1779699061.477,0x300,8,02 13 C0 6F 62 86 FD 4D,temp=42.00
1779699061.563,0x100,8,00 FA 62 99 64 C8 80 5F,speed=0.00
1779699061.652,0x200,8,E0 64 52 96 E8 EC AA BE,fuel=100.00
1779699061.735,0x300,8,02 EA 17 4D 73 11 93 83,temp=42.00
1779699061.875,0x100,8,00 27 27 E6 9A 19 C2 4E,speed=0.00
1779699061.976,0x200,8,FE 64 C6 15 84 95 AC CD,fuel=100.00
1779699062.040,0x300,8,02 3C 18 56 03 FD D3 22,temp=42.00
1779699062.131,0x100,8,00 24 AA D5 10 9B BF 3D,speed=0.00
1779699062.204,0x200,8,6F 64 D6 BA 7E F5 73 5D,fuel=100.00
1779699062.337,0x300,8,02 A1 F5 52 CB 61 56 1A,temp=42.00
1779699062.526,0x100,8,00 88 29 8E 36 F8 74 6D,speed=0.00
1779699062.627,0x200,8,5F 64 A7 6C 3F 95 D9 F1,fuel=100.00
1779699062.675,0x300,8,02 F3 29 F1 7F 1B A9 4E,temp=42.00
1779699062.802,0x100,8,00 12 66 A7 C1 B3 EF 97,speed=0.00
1779699062.875,0x200,8,51 64 BB E9 32 E1 52 66,fuel=100.00
1779699063.018,0x300,8,02 44 30 03 E3 A7 4D DC,temp=42.00
1779699063.094,0x100,8,00 D4 7C CB 60 0B 20 93,speed=0.00
1779699063.193,0x200,8,4D 64 32 E7 97 3E A6 48,fuel=100.00
1779699063.268,0x300,8,02 9A 66 E2 05 28 53 47,temp=42.00
1779699063.337,0x100,8,00 55 88 FD 54 0A 27 0A,speed=0.00
1779699063.425,0x200,8,21 64 68 17 22 74 14 F9,fuel=100.00
1779699063.574,0x300,8,02 7B DD 70 31 AE A2 67,temp=42.00
1779699063.672,0x100,8,00 DF D8 8B 17 F8 CE 3F,speed=0.00
1779699063.772,0x200,8,B6 64 9F 1C 99 F9 96 57,fuel=100.00
1779699063.866,0x300,8,02 44 A6 43 00 14 4E 32,temp=42.00
1779699063.952,0x100,8,00 E4 8F 6A E6 A4 D4 1B,speed=0.00
1779699064.024,0x200,8,6F 64 44 50 75 4C E0 A8,fuel=100.00
1779699064.111,0x300,8,02 A0 69 C6 76 7F 45 E8,temp=42.00
1779699064.194,0x100,8,00 5C 53 39 F3 54 C0 30,speed=0.00
1779699064.284,0x200,8,30 64 67 DB 03 6F 85 D9,fuel=100.00
1779699064.387,0x300,8,02 3D 64 B2 6C 47 DE 6B,temp=42.00
1779699064.456,0x100,8,00 F9 C1 B7 16 83 B6 A8,speed=0.00
1779699064.609,0x200,8,83 64 D6 3B 46 0F EF 56,fuel=100.00
1779699064.680,0x300,8,02 EA 2B 34 9B 4A 93 22,temp=42.00
1779699064.768,0x100,8,00 E0 CF 5E F5 54 D9 49,speed=0.00
1779699064.840,0x200,8,1A 64 8C A8 0A 38 A4 55,fuel=100.00
1779699064.920,0x300,8,02 20 13 E8 AD 45 FB A3,temp=42.00
1779699065.061,0x100,8,00 02 10 51 4A C6 F1 87,speed=0.00
1779699065.136,0x200,8,FE 64 87 E4 0B CB B3 B7,fuel=100.00
1779699065.208,0x300,8,02 C0 01 3A D7 25 F0 A3,temp=42.00
1779699065.295,0x100,8,00 D9 80 F0 4D 79 9D C7,speed=0.00
1779699065.438,0x200,8,76 64 ED 57 AC 62 9E CB,fuel=100.00
1779699065.531,0x300,8,02 32 3B 02 43 E6 2E 8A,temp=42.00
1779699065.601,0x100,8,00 34 1A 61 B2 A0 E2 79,speed=0.00
1779699065.685,0x200,8,A9 64 4B AF 12 AD 6E 36,fuel=100.00
1779699065.820,0x300,8,02 A0 ED FA 1B 34 B6 87,temp=42.00
1779699065.893,0x100,8,00 D2 DC 13 99 8B 6A A2,speed=0.00
1779699065.973,0x200,8,9B 64 AD 46 3C C2 DD 80,fuel=100.00
1779699066.068,0x300,8,02 0D 24 8A 6D 8A 3A 74,temp=42.00
1779699066.143,0x100,8,00 1E D3 90 07 8A A0 64,speed=0.00
1779699066.293,0x200,8,E6 64 01 67 66 CE 95 D2,fuel=100.00
1779699066.361,0x300,8,02 F1 2F A4 E3 D3 83 85,temp=42.00
1779699066.471,0x100,8,00 A5 56 5D A2 4F AC 8E,speed=0.00
1779699066.540,0x200,8,7C 64 7D 3F 42 E3 1C B4,fuel=100.00
1779699066.608,0x300,8,02 17 46 A4 1C 2A 9D 11,temp=42.00
1779699066.743,0x100,8,00 97 E3 08 E2 E8 37 39,speed=0.00
1779699066.806,0x200,8,11 64 C9 D0 18 B7 9D 48,fuel=100.00
1779699066.909,0x300,8,02 FA 92 6C D6 96 DD A2,temp=42.00
1779699066.993,0x100,8,00 65 4D 3F 92 99 B7 0C,speed=0.00
1779699067.075,0x200,8,F5 64 D9 FA CE 00 9B 73,fuel=100.00
1779699067.202,0x300,8,02 45 14 FB 3C F7 E9 1B,temp=42.00
1779699067.323,0x100,8,00 B3 F3 2A C7 3D 69 B0,speed=0.00
1779699067.374,0x200,8,19 64 BD 76 23 AE 4C 1A,fuel=100.00
1779699067.490,0x300,8,02 23 6A 4D 62 9C 97 1C,temp=42.00
1779699067.560,0x100,8,00 12 B0 FE 51 DF EC E3,speed=0.00
1779699067.657,0x200,8,CF 64 74 95 77 AB E8 94,fuel=100.00
1779699067.875,0x300,8,02 CD BB B1 88 B0 1A 07,temp=42.00
1779699067.968,0x100,8,00 64 36 9C 71 D1 43 33,speed=0.00
1779699068.077,0x200,8,0F 64 A8 C2 E8 1F CB 05,fuel=100.00
1779699068.226,0x300,8,02 33 58 E5 7F 31 7B 71,temp=42.00
1779699068.437,0x100,8,00 DB 1E 68 04 9F F4 CF,speed=0.00
1779699069.498,0x200,8,69 64 35 10 A0 DF A2 6E,fuel=100.00
1779699070.310,0x300,8,02 18 F4 A0 ED C9 00 49,temp=42.00
1779699070.905,0x100,8,00 25 D0 54 A0 32 2E 67,speed=0.00
1779699071.723,0x200,8,2B 64 11 CB D8 B9 19 A6,fuel=100.00
1779699072.374,0x300,8,02 54 4C FF 75 40 69 54,temp=42.00
1779699072.460,0x100,8,00 71 8E 94 6F 1C 40 B3,speed=0.00
1779699072.583,0x200,8,AA 64 E0 92 B3 C5 C1 E4,fuel=100.00
1779699072.676,0x300,8,02 A8 DA E5 08 13 ED 7E,temp=42.00
1779699072.757,0x100,8,00 68 0F BB 5B E6 2F 1A,speed=0.00
1779699072.832,0x200,8,FF 64 8B E4 9E 8A 94 BC,fuel=100.00
1779699073.269,0x300,8,02 38 04 19 96 36 86 EB,temp=42.00
1779699073.559,0x100,8,00 73 36 77 D2 9F 82 4E,speed=0.00
1779699073.718,0x200,8,B7 64 CC B0 FE AC 0C C4,fuel=100.00
1779699073.810,0x300,8,02 A1 2C 55 47 73 2C C8,temp=42.00
1779699074.786,0x100,8,00 12 1A A7 EB 8A BC 7E,speed=0.00
1779699075.685,0x200,8,A0 64 35 3E 79 0D F8 0C,fuel=100.00
1779699075.791,0x300,8,02 3D 99 B0 96 22 70 BD,temp=42.00
1779699075.877,0x100,8,00 A9 C3 D1 38 03 29 F2,speed=0.00
1779699076.042,0x200,8,5A 64 17 40 A9 B3 83 95,fuel=100.00
1779699076.108,0x300,8,02 5C 56 02 6C 5C E0 69,temp=42.00
1779699076.174,0x100,8,00 19 1D 3B 3B F0 9D E5,speed=0.00
1779699076.826,0x200,8,F0 64 D0 7B F8 4B C1 9C,fuel=100.00
1779699077.072,0x300,8,02 F3 43 CB 87 2B D8 C8,temp=42.00
1779699077.423,0x100,8,00 BB ED 48 A3 E7 4F 20,speed=0.00
1779699077.758,0x200,8,9B 64 FA F1 12 E1 25 74,fuel=100.00
1779699077.936,0x300,8,02 F2 A4 42 A0 B1 81 69,temp=42.00
1779699078.087,0x100,8,00 C0 75 1F 1B 21 C0 91,speed=0.00
1779699078.092,0x200,8,82 64 F4 70 88 E0 9A 46,fuel=100.00
1779699078.554,0x300,8,02 96 76 86 62 5E 30 70,temp=42.00
1779699078.668,0x100,8,00 79 FE 52 F1 3A 56 F5,speed=0.00
1779699078.825,0x200,8,B9 64 00 A2 59 AB 54 AD,fuel=100.00
1779699079.009,0x300,8,02 E4 68 3E E6 9B 73 FD,temp=42.00
1779699079.092,0x100,8,00 02 93 DC 4A 6F 80 5B,speed=0.00
1779699079.171,0x200,8,FB 64 D7 9C 6B 78 49 1D,fuel=100.00
1779699079.288,0x300,8,02 E9 1F A7 37 BB 57 16,temp=42.00
1779699079.370,0x100,8,00 48 24 94 DF 9F 68 D4,speed=0.00
1779699079.457,0x200,8,30 64 9F DC AB 7C A9 52,fuel=100.00
1779699079.627,0x300,8,02 6A 37 5E A8 53 88 A7,temp=42.00
1779699079.723,0x100,8,00 AD 98 5D 51 28 DF 39,speed=0.00
1779699079.891,0x200,8,F9 64 13 A2 64 4B AE 4B,fuel=100.00
1779699079.989,0x300,8,02 78 F9 96 C8 BF CC D9,temp=42.00
1779699080.077,0x100,8,00 4A 93 55 FD 05 8A 6E,speed=0.00
1779699080.176,0x200,8,F7 64 2E 9A CB B6 3C 4E,fuel=100.00
1779699080.274,0x300,8,02 93 39 C7 89 0C 7D 48,temp=42.00
1779699080.438,0x100,8,00 6B 0B 75 78 DC 16 4B,speed=0.00
1779699080.625,0x200,8,9E 64 2D B9 77 7B 1A D7,fuel=100.00
1779699080.706,0x300,8,02 92 FB 07 92 01 F1 76,temp=42.00
1779699080.789,0x100,8,00 CC 0A 26 C8 B4 B6 C1,speed=0.00
1779699080.937,0x200,8,C5 64 E2 38 CD 1E 6D 29,fuel=100.00
1779699081.040,0x300,8,02 B3 5A 2F 55 BA 05 3A,temp=42.00
1779699081.156,0x100,8,00 91 85 67 F2 89 27 1D,speed=0.00
1779699081.223,0x200,8,96 64 99 92 0B BA AC E0,fuel=100.00
1779699081.390,0x300,8,02 8F 9B DF 18 75 8A D2,temp=42.00
1779699081.454,0x100,8,00 97 36 E4 E3 0F 67 AF,speed=0.00
1779699081.544,0x200,8,CD 64 22 8D 37 F6 07 0D,fuel=100.00
1779699081.735,0x300,8,02 A2 92 FF E8 DD 28 40,temp=42.00
1779699081.844,0x100,8,00 87 CE 89 78 96 B1 3F,speed=0.00
1779699081.924,0x200,8,53 64 61 DF 22 6C 59 37,fuel=100.00
1779699082.092,0x300,8,02 0B F3 6C 7A DC 77 CF,temp=42.00
1779699082.188,0x100,8,00 00 31 D1 EA E9 44 0D,speed=0.00
1779699082.275,0x200,8,81 64 45 20 64 20 1B C3,fuel=100.00
1779699082.469,0x300,8,02 11 C7 88 D6 CC EE 77,temp=42.00
1779699082.626,0x100,8,00 58 D1 C9 1D 83 89 85,speed=0.00
1779699082.740,0x200,8,50 64 D5 16 FC D3 DD B8,fuel=100.00
1779699083.020,0x300,8,02 55 AA 95 38 C6 29 A5,temp=42.00
1779699083.172,0x100,8,00 09 7B F9 AB DB C9 7B,speed=0.00
1779699083.390,0x200,8,BF 64 9E 60 12 44 59 38,fuel=100.00
1779699083.538,0x300,8,02 2E 04 A3 8D 5E 32 29,temp=42.00
1779699083.621,0x100,8,00 BA 2D 29 41 28 C8 CC,speed=0.00
1779699083.693,0x200,8,F0 64 B9 79 18 83 E5 F5,fuel=100.00
1779699083.777,0x300,8,02 48 18 AB A4 1A 74 EB,temp=42.00
1779699083.976,0x100,8,00 D4 D4 54 EB F4 C3 12,speed=0.00
1779699084.071,0x200,8,B7 64 31 25 EE 40 0B C6,fuel=100.00
1779699084.142,0x300,8,02 34 30 87 90 3F C0 E0,temp=42.00
1779699084.342,0x100,8,00 79 6E AE 40 D9 41 B0,speed=0.00
1779699084.425,0x200,8,EC 64 A5 3E 42 6B 91 BF,fuel=100.00
1779699084.624,0x300,8,02 25 87 2C 65 10 C3 4B,temp=42.00
1779699084.708,0x100,8,00 EA CE BE CB 80 81 4A,speed=0.00
1779699084.806,0x200,8,CE 64 66 1E 9E 88 CF C1,fuel=100.00
1779699085.001,0x300,8,02 2C 62 6E 1F 8B 7C D2,temp=42.00
1779699085.093,0x100,8,00 A9 4C 68 03 4F 46 A2,speed=0.00
1779699085.188,0x200,8,F4 64 2E 56 D0 E2 AA B7,fuel=100.00
1779699085.268,0x300,8,02 EF C6 8B E7 89 E8 E4,temp=42.00
1779699085.350,0x100,8,00 2A 64 BB 68 43 7F 7A,speed=0.00
1779699085.588,0x200,8,32 64 9A 01 3E 0F E0 07,fuel=100.00
1779699085.689,0x300,8,02 62 12 27 52 1A 4F 75,temp=42.00
1779699085.822,0x100,8,00 F7 7C E8 9D 64 B8 2A,speed=0.00
1779699085.890,0x200,8,88 64 C6 F9 06 3F 59 A0,fuel=100.00
1779699086.038,0x300,8,02 B9 0B BE B3 DD 90 2F,temp=42.00
1779699086.106,0x100,8,00 28 2D F2 FF 7A 42 08,speed=0.00
1779699086.186,0x200,8,FF 64 60 9A DC E4 67 F0,fuel=100.00
1779699086.371,0x300,8,02 28 00 80 2F 96 06 6A,temp=42.00
1779699086.540,0x100,8,00 8F A9 B3 80 EF 42 32,speed=0.00
1779699086.626,0x200,8,A9 64 3F 08 E5 4E 00 21,fuel=100.00
1779699086.709,0x300,8,02 8A 24 CD 90 44 76 06,temp=42.00
1779699086.943,0x100,8,00 93 0B A9 78 31 82 FD,speed=0.00
1779699087.041,0x200,8,21 64 E0 D2 06 D1 44 E0,fuel=100.00
1779699087.187,0x300,8,02 D1 9F 71 6C F4 DA 81,temp=42.00
1779699087.261,0x100,8,00 FA B7 C0 CF AE 63 DA,speed=0.00
1779699087.333,0x200,8,E6 64 7C 54 EA 96 23 20,fuel=100.00
1779699087.527,0x300,8,02 60 DC B4 E5 CF 5A EE,temp=42.00
1779699087.622,0x100,8,00 61 84 80 41 4F 0C BA,speed=0.00
1779699087.977,0x200,8,33 64 13 31 04 F2 7A C1,fuel=100.00
1779699088.222,0x300,8,02 F5 CE 69 DC 72 ED 5F,temp=42.00
1779699088.610,0x100,8,00 8F 8B 81 59 7B 9A C2,speed=0.00
1779699088.788,0x200,8,CF 64 BE A2 87 68 A1 9B,fuel=100.00
1779699088.940,0x300,8,02 DC 5B AA B6 F5 3D 11,temp=42.00
1779699089.042,0x100,8,00 A2 E9 4F F1 6C 9F 40,speed=0.00
1779699089.603,0x200,8,05 64 36 16 1A C4 1A 85,fuel=100.00
1779699089.708,0x300,8,02 B3 06 E7 F9 6D 8D 91,temp=42.00
1779699089.792,0x100,8,00 A7 EE D3 D1 6F AB C7,speed=0.00
1779699089.877,0x200,8,9A 64 EC A5 0F D9 C1 44,fuel=100.00
1779699090.022,0x300,8,02 AF BE D3 FC CB 58 A5,temp=42.00
1779699090.174,0x100,8,00 9A 03 DD 63 F7 B9 EC,speed=0.00
1779699090.243,0x200,8,EF 64 4C 3F 2A 4F BB 99,fuel=100.00
1779699090.410,0x300,8,02 43 08 23 2C D8 87 FD,temp=42.00
1779699090.622,0x100,8,00 27 48 63 6E D0 91 02,speed=0.00
1779699090.778,0x200,8,18 64 BB 1B BE 77 B0 16,fuel=100.00
1779699090.943,0x300,8,02 85 34 8E 99 D8 9D 7A,temp=42.00
1779699091.106,0x100,8,00 D8 73 B8 96 82 65 BE,speed=0.00
1779699091.178,0x200,8,FF 64 EB BD CB 0C EB 1D,fuel=100.00
1779699091.994,0x300,8,02 79 D3 4E 7D 79 8B 2C,temp=42.00
1779699092.661,0x100,8,00 BA E1 4B 42 E9 A4 AD,speed=0.00
1779699092.743,0x200,8,17 64 E8 CE 31 2D 89 67,fuel=100.00
1779699092.837,0x300,8,02 57 88 B1 FC 23 47 FE,temp=42.00
1779699092.921,0x100,8,00 D5 1B 6F 54 A7 03 D2,speed=0.00
1779699093.010,0x200,8,E6 64 62 71 77 E0 02 F9,fuel=100.00
1779699093.094,0x300,8,02 53 D2 1D 8D 98 D3 5A,temp=42.00
1779699093.216,0x100,8,00 9C 8B 84 4D E5 B1 C1,speed=0.00
1779699093.293,0x200,8,1A 64 F5 97 4E 95 3B D9,fuel=100.00
1779699093.378,0x300,8,02 8C 87 CC 70 14 A8 3D,temp=42.00
1779699093.467,0x100,8,00 89 44 70 36 F2 99 02,speed=0.00
1779699093.558,0x200,8,C2 64 68 4E 68 ED 0E 61,fuel=100.00
1779699093.694,0x300,8,02 26 23 55 EA E2 E9 B3,temp=42.00
1779699093.792,0x100,8,00 E2 44 48 57 56 8A 4E,speed=0.00
1779699093.906,0x200,8,D5 64 E9 16 24 89 5D 69,fuel=100.00
1779699093.988,0x300,8,02 04 A4 57 95 FB D6 E0,temp=42.00
1779699094.108,0x100,8,00 CB 19 CF 35 47 A3 8A,speed=0.00
1779699094.193,0x200,8,55 64 92 57 D8 BF A1 0E,fuel=100.00
1779699094.269,0x300,8,02 FB D8 4A C8 50 24 D3,temp=42.00
1779699094.356,0x100,8,00 95 55 E7 F1 4C 8B EF,speed=0.00
1779699094.436,0x200,8,99 64 A9 26 74 15 36 7B,fuel=100.00
1779699094.549,0x300,8,02 EA 08 5A A0 BA A3 B6,temp=42.00
1779699094.638,0x100,8,00 95 CE 93 29 99 63 E5,speed=0.00
1779699094.709,0x200,8,E2 64 71 D8 85 C1 A8 88,fuel=100.00
1779699094.790,0x300,8,02 1B 59 7C 6B D2 39 F8,temp=42.00
1779699094.883,0x100,8,00 17 90 57 1E 1B 20 9E,speed=0.00
1779699094.969,0x200,8,65 64 0A 66 BE 63 E7 AE,fuel=100.00
1779699095.167,0x300,8,02 F9 88 05 DA EB 98 A8,temp=42.00
1779699095.261,0x100,8,00 E3 51 9A F4 01 F3 FF,speed=0.00
1779699095.352,0x200,8,FB 64 4E BE F1 93 0C 7C,fuel=100.00
1779699095.478,0x300,8,02 50 35 59 2B A7 D7 A2,temp=42.00
1779699095.567,0x100,8,00 64 84 7C 6D 93 EC CD,speed=0.00
1779699095.626,0x200,8,7D 64 9B B1 9A 68 58 F7,fuel=100.00
1779699096.858,0x300,8,02 E9 ED 9D B0 23 B1 1A,temp=42.00
1779699096.941,0x100,8,00 46 66 E9 66 A1 80 CB,speed=0.00
1779699097.028,0x200,8,09 64 A8 66 A8 4A B0 D2,fuel=100.00
1779699097.153,0x300,8,02 C8 52 00 7C 89 09 04,temp=42.00
1779699097.237,0x100,8,00 0F 9E 21 3F FE 75 DF,speed=0.00
1779699097.337,0x200,8,38 64 7D 00 D6 E9 B4 27,fuel=100.00
1779699097.442,0x300,8,02 8B 46 92 F6 87 74 5A,temp=42.00
1779699097.527,0x100,8,00 16 28 4B EF B4 5F 82,speed=0.00
1779699097.612,0x200,8,39 64 1B 16 C0 7C CF C2,fuel=100.00
1779699097.683,0x300,8,02 FB 03 92 DE 8A 07 D0,temp=42.00
1779699097.817,0x100,8,00 2E B8 DB 06 A7 2A 17,speed=0.00
1779699097.904,0x200,8,FD 64 E2 A8 39 21 62 63,fuel=100.00
1779699097.976,0x300,8,02 22 85 5A 71 76 DB C6,temp=42.00
1779699098.068,0x100,8,00 72 35 C5 24 17 E3 FD,speed=0.00
1779699098.209,0x200,8,4F 64 DA 42 1E 08 00 C9,fuel=100.00
1779699098.288,0x300,8,02 61 D1 C6 E7 64 B1 AE,temp=42.00
1779699098.373,0x100,8,00 78 6F C8 C7 C9 80 F8,speed=0.00
1779699098.456,0x200,8,17 64 C4 84 73 73 8E A3,fuel=100.00
1779699098.573,0x300,8,02 48 02 73 C3 B4 22 F4,temp=42.00
1779699098.655,0x100,8,00 78 96 29 3D 75 B1 19,speed=0.00
1779699098.744,0x200,8,D8 64 C4 F0 2B 84 A6 D0,fuel=100.00
1779699098.824,0x300,8,02 A9 4B A9 B8 91 D3 E0,temp=42.00
1779699098.911,0x100,8,00 C1 92 C1 A3 C7 A5 CB,speed=0.00
1779699099.040,0x200,8,7F 64 02 8C 44 13 29 32,fuel=100.00
1779699099.170,0x300,8,02 79 C4 87 0C 5E A6 A0,temp=42.00
1779699099.258,0x100,8,00 C7 7E 9E A4 7C C0 47,speed=0.00
1779699099.354,0x200,8,78 64 E3 0D 53 37 76 AF,fuel=100.00
1779699099.472,0x300,8,02 C4 27 54 34 78 67 A8,temp=42.00
1779699099.573,0x100,8,00 F2 44 44 0B 36 27 11,speed=0.00
1779699099.697,0x200,8,63 64 70 03 0A 8C AE 5E,fuel=100.00
1779699099.775,0x300,8,02 66 5A 93 67 4D 2E A6,temp=42.00
1779699099.893,0x100,8,00 D4 61 8C D4 5A 2D 78,speed=0.00
1779699099.964,0x200,8,26 64 78 9B CB 44 2E 6C,fuel=100.00
1779699100.041,0x300,8,02 E8 49 19 84 BA DA E1,temp=42.00
1779699100.120,0x100,8,00 14 16 FE 01 26 58 9E,speed=0.00
1779699100.289,0x200,8,9A 64 E6 50 DD E8 19 21,fuel=100.00
1779699100.457,0x300,8,02 4C 9D BE BA F9 01 8A,temp=42.00
1779699100.534,0x100,8,00 4F 0A EF 49 C8 98 CE,speed=0.00
1779699100.616,0x200,8,42 64 9A 8F DA 94 DB F5,fuel=100.00
1779699100.688,0x300,8,02 D5 4C 96 B6 60 BB 87,temp=42.00
1779699100.851,0x100,8,00 23 6B 86 A7 04 BF 20,speed=0.00
1779699100.959,0x200,8,14 64 E5 A8 05 D9 51 80,fuel=100.00
1779699100.968,0x300,8,02 C8 88 8B 90 01 1C 7D,temp=42.00
1779699101.147,0x100,8,00 48 88 32 66 A1 B1 35,speed=0.00
1779699101.153,0x200,8,BC 64 68 C3 CA 2D 8B AA,fuel=100.00
1779699101.275,0x300,8,02 E4 B5 68 2F 19 6C 8A,temp=42.00
1779699101.347,0x100,8,00 6D 36 CF D0 0F CA 5B,speed=0.00
1779699101.435,0x200,8,50 64 18 CD 3C 8C F2 BE,fuel=100.00
1779699101.593,0x300,8,02 57 21 D0 94 7F F7 4F,temp=42.00
1779699101.675,0x100,8,00 27 07 4B AD D7 D5 16,speed=0.00
1779699101.753,0x200,8,9D 64 4F 0D 91 15 D1 5C,fuel=100.00
1779699101.817,0x300,8,02 B0 F6 66 2A B3 54 C9,temp=42.00
1779699101.959,0x100,8,00 6B D9 16 6F 83 0E 6C,speed=0.00
1779699102.070,0x200,8,B9 64 96 24 AE 13 84 F3,fuel=100.00
1779699102.144,0x300,8,02 6A 78 B4 02 26 15 A8,temp=42.00
1779699102.228,0x100,8,00 2E 7A FF 4A 88 F8 4C,speed=0.00
1779699102.302,0x200,8,FA 64 EF DC 00 E5 98 B0,fuel=100.00
1779699102.390,0x300,8,02 45 E4 DF 09 90 2A 79,temp=42.00
1779699102.495,0x100,8,00 63 C3 9E 08 D8 85 34,speed=0.00
1779699102.592,0x200,8,2F 64 4A 4C 32 74 81 AE,fuel=100.00
1779699102.662,0x300,8,02 06 6E 50 37 50 0E 19,temp=42.00
1779699102.793,0x100,8,00 11 3F 6C BF BF 55 9D,speed=0.00
1779699102.869,0x200,8,C7 64 55 3D D8 1A 98 AE,fuel=100.00
1779699102.940,0x300,8,02 8F DB 87 C9 B5 CB 6F,temp=42.00
1779699103.079,0x100,8,00 44 EF 6F 55 89 84 EA,speed=0.00
1779699103.165,0x200,8,E4 64 57 2D EA 7B F6 7D,fuel=100.00
1779699103.240,0x300,8,02 A9 F5 FC BE 8F 7F 54,temp=42.00
1779699103.316,0x100,8,00 EA A7 C3 83 A8 99 CD,speed=0.00
1779699103.453,0x200,8,D6 64 79 58 F4 9A BB 02,fuel=100.00
1779699103.538,0x300,8,02 6D 8F 7B 21 85 37 68,temp=42.00
1779699103.602,0x100,8,00 3F 63 24 61 E4 5F 89,speed=0.00
1779699103.738,0x200,8,9D 64 0D 14 58 1E 54 74,fuel=100.00
1779699103.823,0x300,8,02 7C 1A F3 C9 1A 79 A3,temp=42.00
1779699103.891,0x100,8,00 51 90 FA EB CD 20 9E,speed=0.00
1779699103.985,0x200,8,B5 64 9A B0 1D 70 E6 3E,fuel=100.00
1779699104.087,0x300,8,02 BC 89 24 61 68 5C CC,temp=42.00
1779699104.177,0x100,8,00 A2 F8 32 A9 BD 00 FA,speed=0.00
1779699104.305,0x200,8,F8 64 48 3F DB A6 72 6E,fuel=100.00
1779699104.369,0x300,8,02 08 A7 EB D7 82 24 85,temp=42.00
1779699104.452,0x100,8,00 BD A5 84 8D C4 FF A6,speed=0.00
1779699104.556,0x200,8,C5 64 1D B0 38 D0 9D 47,fuel=100.00
1779699104.637,0x300,8,02 E8 D2 CE C8 DF 84 A2,temp=42.00
1779699104.733,0x100,8,00 56 91 6D 17 05 F4 50,speed=0.00
1779699104.877,0x200,8,66 64 26 1D BE F7 25 E1,fuel=100.00
1779699104.960,0x300,8,02 34 79 1B E8 ED D7 E9,temp=42.00
1779699105.060,0x100,8,00 04 22 DA B4 B8 F4 42,speed=0.00
1779699105.141,0x200,8,8F 64 87 58 C1 47 4D A8,fuel=100.00
1779699105.221,0x300,8,02 3D 9B 95 A1 FB F4 74,temp=42.00
1779699105.286,0x100,8,00 8D EF E9 6E 8A 6D B2,speed=0.00
1779699105.418,0x200,8,FC 64 5B 7D F9 9B 69 90,fuel=100.00
1779699105.538,0x300,8,02 58 76 AA A4 1D F7 7C,temp=42.00
1779699105.732,0x100,8,00 FE FE DE AB D0 07 AF,speed=0.00
1779699105.808,0x200,8,56 64 50 74 CE E6 49 68,fuel=100.00
1779699105.887,0x300,8,02 AB 7D D9 4C 5C 3F 7C,temp=42.00
1779699105.956,0x100,8,00 E1 15 AD 0B DE 41 07,speed=0.00
1779699106.065,0x200,8,D5 64 28 25 24 37 3B 01,fuel=100.00
1779699106.175,0x300,8,02 D7 BF B8 A8 60 4A 30,temp=42.00
1779699106.274,0x100,8,00 52 A5 22 78 A2 74 5A,speed=0.00
1779699106.423,0x200,8,C9 64 B6 E0 FD 40 DA 2B,fuel=100.00
1779699106.542,0x300,8,02 F2 51 8B 0A AD 8D 26,temp=42.00
1779699106.635,0x100,8,00 07 21 9C E7 15 C9 70,speed=0.00
1779699106.700,0x200,8,79 64 8A 3A 3A 28 5E 47,fuel=100.00
1779699106.860,0x300,8,02 4D 74 B6 60 90 91 FC,temp=42.00
1779699107.965,0x100,8,00 4D 4B C7 40 B0 68 77,speed=0.00
1779699108.651,0x200,8,7A 64 D4 50 C4 30 E2 A0,fuel=100.00
1779699108.835,0x300,8,02 28 EF 40 B6 4E 06 BE,temp=42.00
1779699108.892,0x100,8,00 B0 38 3C 9D 20 F3 B9,speed=0.00
1779699108.953,0x200,8,B6 64 47 6E 61 48 5A 8E,fuel=100.00
1779699109.069,0x300,8,02 E0 09 C5 2D FD D0 AB,temp=42.00
1779699109.191,0x100,8,00 A6 18 17 68 B9 B2 C2,speed=0.00
1779699109.260,0x200,8,96 64 35 9C 78 F7 89 29,fuel=100.00
1779699109.339,0x300,8,02 C7 00 FC F9 69 B0 0C,temp=42.00
1779699109.438,0x100,8,00 A2 91 A7 3A D9 F6 EF,speed=0.00
1779699109.523,0x200,8,87 64 DE 0D 65 FF B4 B1,fuel=100.00
1779699109.703,0x300,8,02 0A 88 66 FF C0 97 07,temp=42.00
1779699109.920,0x100,8,00 32 BB CA 08 FC 5A A9,speed=0.00
1779699110.061,0x200,8,9F 64 50 BB F4 70 BE 62,fuel=100.00
1779699110.124,0x300,8,02 9D 32 B5 29 AE A9 18,temp=42.00
1779699110.193,0x100,8,00 D6 E5 29 26 CD BC 24,speed=0.00
1779699110.316,0x200,8,23 64 8F 8F 7E 98 D1 7F,fuel=100.00
1779699110.401,0x300,8,02 2C AD 07 E1 6C 07 0D,temp=42.00
1779699110.486,0x100,8,00 4C F4 41 DC 88 BE 35,speed=0.00
1779699110.569,0x200,8,CA 64 C5 BB 52 B3 13 30,fuel=100.00
1779699110.642,0x300,8,02 8E A1 C0 06 FE 56 F4,temp=42.00
1779699110.787,0x100,8,00 BB EE 2B 04 B1 F9 73,speed=0.00
1779699110.874,0x200,8,53 64 DE BE BE FD 26 7F,fuel=100.00
1779699110.968,0x300,8,02 62 17 2E 42 45 0C 23,temp=42.00
1779699111.061,0x100,8,00 D6 20 5A 3C 9B 6C 05,speed=0.00
1779699111.140,0x200,8,8B 64 51 82 3A 67 12 30,fuel=100.00
1779699111.218,0x300,8,02 95 12 E1 E8 F3 4E 1D,temp=42.00
1779699111.436,0x100,8,00 47 37 E5 35 F1 89 11,speed=0.00
1779699111.509,0x200,8,10 64 15 15 92 D2 A1 93,fuel=100.00
1779699111.677,0x300,8,02 F4 04 A9 07 27 12 8C,temp=42.00
1779699111.787,0x100,8,00 51 1F 21 43 01 05 9D,speed=0.00
1779699111.855,0x200,8,97 64 2C 8E 1A 4D 77 76,fuel=100.00
1779699112.052,0x300,8,02 EA FC 4F 1E 18 B4 2C,temp=42.00
1779699112.248,0x100,8,00 31 ED 7D 89 58 DE CA,speed=0.00
1779699112.353,0x200,8,06 64 F6 62 44 1D 46 76,fuel=100.00
1779699112.574,0x300,8,02 3C 90 4C 62 7C D2 ED,temp=42.00
1779699113.619,0x100,8,00 F0 90 D9 FB 4E 94 35,speed=0.00
1779699114.154,0x200,8,64 64 63 17 4D E7 C1 71,fuel=100.00
1779699114.522,0x300,8,02 08 7E AF 26 20 CA C3,temp=42.00
1779699114.818,0x100,8,00 D3 6A 20 D1 68 DF BA,speed=0.00
1779699114.949,0x200,8,0C 64 60 E3 2A D6 EA 1A,fuel=100.00
1779699114.998,0x300,8,02 64 00 30 90 AB 3C 22,temp=42.00
1779699115.092,0x100,8,00 BF F4 51 37 F3 7C 8E,speed=0.00
1779699115.207,0x200,8,2E 64 E5 AB D0 D0 88 5A,fuel=100.00
1779699115.266,0x300,8,02 A4 8A 97 74 43 07 B1,temp=42.00
1779699115.374,0x100,8,00 B4 83 1F 6A 69 49 B7,speed=0.00
1779699115.471,0x200,8,DF 64 93 D2 E4 77 B1 56,fuel=100.00
1779699115.577,0x300,8,02 99 AD 19 4A 42 88 C5,temp=42.00
1779699115.674,0x100,8,00 BE D6 F1 61 00 CE 0B,speed=0.00
1779699115.793,0x200,8,FA 64 97 57 3E 88 2F D5,fuel=100.00
1779699115.839,0x300,8,02 8A 58 ED 50 4F 66 D5,temp=42.00
1779699115.953,0x100,8,00 02 78 9E CA 90 7D 5B,speed=0.00
1779699116.036,0x200,8,CB 64 69 D6 1E D8 CA 5B,fuel=100.00
1779699116.136,0x300,8,02 18 C1 C2 29 9B D8 43,temp=42.00
1779699116.274,0x100,8,00 E8 DE 7F A7 6F 60 FA,speed=0.00
1779699116.505,0x200,8,D1 64 D5 AB C8 BB 44 7E,fuel=100.00
1779699116.602,0x300,8,02 2E 3E 21 92 B1 B3 12,temp=42.00
1779699117.239,0x100,8,00 1F 96 EF 2A 04 17 F1,speed=0.00
1779699117.292,0x200,8,BE 64 20 A3 AE 44 80 4F,fuel=100.00
1779699117.398,0x300,8,02 DC 50 85 51 94 06 F5,temp=42.00
1779699117.510,0x100,8,00 50 82 5F 53 99 9D B9,speed=0.00
1779699117.573,0x200,8,25 64 19 3B 8A C2 EE 2B,fuel=100.00
1779699117.677,0x300,8,02 18 85 19 19 EF 0A 45,temp=42.00
1779699117.788,0x100,8,00 0E 04 B1 AC 64 D8 2F,speed=0.00
1779699117.853,0x200,8,1C 64 A3 BB 1A CF F1 BD,fuel=100.00
1779699118.003,0x300,8,02 E2 87 94 82 01 7D 71,temp=42.00
1779699118.191,0x100,8,00 65 93 81 1A 6D 62 52,speed=0.00
1779699118.276,0x200,8,F4 64 42 72 20 C6 DC 59,fuel=100.00
1779699118.372,0x300,8,02 71 BE CB BE 1C 8A A7,temp=42.00
1779699118.526,0x100,8,00 FA FD 05 11 5C E1 11,speed=0.00
1779699118.635,0x200,8,20 64 DD D9 66 87 F0 84,fuel=100.00
1779699119.383,0x300,8,02 9C 09 EE EA 0A 02 BA,temp=42.00
1779699119.877,0x100,8,00 CF F3 CA 7F C2 08 3F,speed=0.00
1779699120.152,0x200,8,D5 64 66 33 78 A9 CD 74,fuel=100.00
1779699120.277,0x300,8,02 C9 32 3B D2 14 26 33,temp=42.00
1779699120.436,0x100,8,00 83 38 E8 B4 77 FB FA,speed=0.00
1779699120.661,0x200,8,94 64 7F FC 9D 96 91 ED,fuel=100.00
1779699120.739,0x300,8,02 EB C7 DE 4C EC 24 DB,temp=42.00
1779699120.877,0x100,8,00 8B 27 82 CF 6B 60 FE,speed=0.00
1779699120.976,0x200,8,5F 64 39 2F 92 91 62 50,fuel=100.00
1779699121.044,0x300,8,02 A8 52 5E 70 6D 4C 35,temp=42.00
1779699121.159,0x100,8,00 AE 76 E3 E6 B8 3B 24,speed=0.00
1779699121.242,0x200,8,CD 64 50 F0 99 D4 51 3D,fuel=100.00
1779699121.322,0x300,8,02 9E DB B6 3B 64 8D E3,temp=42.00
1779699121.435,0x100,8,00 5D 1B CF CA 43 6F 49,speed=0.00
1779699121.526,0x200,8,1E 64 B1 4B B0 47 76 F1,fuel=100.00
1779699121.577,0x300,8,02 37 98 44 9D ED ED 42,temp=42.00
1779699121.695,0x100,8,00 6F B8 30 28 3A 88 57,speed=0.00
1779699121.843,0x200,8,8E 64 C1 3F D0 87 D0 61,fuel=100.00
1779699122.410,0x300,8,02 D7 48 49 31 A0 FE CB,temp=42.00
1779699122.623,0x100,8,00 10 30 16 94 67 58 FE,speed=0.00
1779699122.790,0x200,8,67 64 06 21 16 1C 7C C5,fuel=100.00
1779699122.890,0x300,8,02 74 6C 78 87 AE B1 86,temp=42.00
1779699123.010,0x100,8,00 98 FC E3 51 80 AC 37,speed=0.00
1779699123.093,0x200,8,00 64 4E 30 A8 E4 75 22,fuel=100.00
1779699123.233,0x300,8,02 07 7B 8F 14 5F 17 00,temp=42.00
1779699123.409,0x100,8,00 D6 F9 ED 46 36 9B B9,speed=0.00
1779699123.559,0x200,8,24 64 9E 05 03 47 76 0A,fuel=100.00
1779699123.691,0x300,8,02 74 6D 99 0F 11 A8 A4,temp=42.00
1779699123.759,0x100,8,00 C5 E4 9F 76 57 85 DD,speed=0.00
1779699123.926,0x200,8,C4 64 1E 9D AC 03 2A E4,fuel=100.00
1779699124.023,0x300,8,02 78 8D AD F8 71 00 7E,temp=42.00
1779699124.413,0x100,8,00 10 49 00 16 67 D2 AC,speed=0.00
1779699124.552,0x200,8,60 64 5A 89 A9 1E 51 F9,fuel=100.00
1779699124.635,0x300,8,02 67 D3 72 6C AC 97 61,temp=42.00
1779699124.907,0x100,8,00 D6 B5 C7 F6 70 15 69,speed=0.00
1779699124.994,0x200,8,82 64 3C 3D 00 B2 52 28,fuel=100.00
1779699125.126,0x300,8,02 03 C1 B8 92 BF A6 D5,temp=42.00
1779699125.273,0x100,8,00 A4 47 00 79 84 75 02,speed=0.00
1779699125.357,0x200,8,6E 64 48 5C A6 E2 A9 68,fuel=100.00
1779699125.570,0x300,8,02 30 41 AC 34 5E FA 87,temp=42.00
1779699127.633,0x100,8,00 DA 90 FC CC D1 5E A4,speed=0.00
1779699130.937,0x200,8,3A 64 00 38 45 8E 8B 60,fuel=100.00
1779699132.709,0x300,8,02 3D 06 B4 37 DE DA 59,temp=42.00
1779699134.925,0x100,8,00 2C 1C 60 A8 DF 2B F7,speed=0.00
1779699135.525,0x200,8,91 64 FB 7D 00 62 72 1E,fuel=100.00
1779699135.606,0x300,8,02 48 06 75 CF 41 EE 5C,temp=42.00
1779699135.708,0x100,8,00 CB 60 9D F8 3B 92 30,speed=0.00
1779699135.806,0x200,8,74 64 AD 4E 0B EC 2F 0B,fuel=100.00
1779699135.905,0x300,8,02 0E 75 6D 74 7D 66 F2,temp=42.00
1779699136.024,0x100,8,00 6B D1 7A EC 81 87 DA,speed=0.00
1779699136.151,0x200,8,70 64 CA B9 A9 D2 5A 62,fuel=100.00
1779699136.486,0x300,8,02 8C 0C CD 79 38 F2 E7,temp=42.00
1779699136.607,0x100,8,00 CC A9 56 E6 B8 12 60,speed=0.00
1779699136.736,0x200,8,2A 64 94 87 D4 AE 3A 88,fuel=100.00
1779699136.804,0x300,8,02 48 00 E7 F3 FA 6A E8,temp=42.00
1779699136.876,0x100,8,00 40 31 23 FD F1 43 61,speed=0.00
1779699137.051,0x200,8,54 64 1A CA F9 C7 05 D5,fuel=100.00
1779699137.161,0x300,8,02 D1 28 1B C2 DA 3A E8,temp=42.00
1779699137.303,0x100,8,00 B2 19 DE C5 EE 66 C7,speed=0.00
1779699137.355,0x200,8,FF 64 76 81 BA 64 3E 3B,fuel=100.00
1779699137.482,0x300,8,02 95 01 18 A3 B8 00 A9,temp=42.00
1779699137.548,0x100,8,00 A9 06 75 9C EE C4 47,speed=0.00
1779699137.644,0x200,8,2D 64 97 E5 EC 45 BA 24,fuel=100.00
1779699137.743,0x300,8,02 AF B3 4D 15 AC EA 9A,temp=42.00
1779699137.850,0x100,8,00 45 E2 20 BC C7 04 AF,speed=0.00
1779699137.906,0x200,8,4D 64 DE 5B 69 41 29 F8,fuel=100.00
1779699138.020,0x300,8,02 BC 5D 8F 3B D3 65 0F,temp=42.00
1779699138.111,0x100,8,00 DF 87 68 C7 38 94 44,speed=0.00
1779699138.207,0x200,8,03 64 09 CE E0 43 33 55,fuel=100.00
1779699138.293,0x300,8,02 7E 09 D9 A1 B6 F9 C5,temp=42.00
1779699138.377,0x100,8,00 7F 5B C8 9C D6 93 4F,speed=0.00
1779699138.534,0x200,8,49 64 A4 13 73 5B E2 30,fuel=100.00
1779699138.604,0x300,8,02 87 FB A7 24 9D 80 44,temp=42.00
1779699138.691,0x100,8,00 C6 4F 40 D9 AF 72 0B,speed=0.00
1779699138.791,0x200,8,06 64 C8 62 1E D0 C3 C0,fuel=100.00
1779699138.850,0x300,8,02 AB 6E 9E 5F 45 9A 64,temp=42.00
1779699138.959,0x100,8,00 C9 42 71 2E 19 7A A8,speed=0.00
1779699139.076,0x200,8,50 64 79 82 B1 8A F7 83,fuel=100.00
1779699139.155,0x300,8,02 53 60 2D DC BF 08 DB,temp=42.00
1779699139.231,0x100,8,00 D4 C2 41 FA E0 69 2A,speed=0.00
1779699139.377,0x200,8,AA 64 A1 56 AD 8F 8F FD,fuel=100.00
1779699139.421,0x300,8,02 24 62 79 29 EE 38 7D,temp=42.00
1779699139.495,0x100,8,00 4A E5 EF 19 E9 D3 27,speed=0.00
1779699139.628,0x200,8,E8 64 66 E7 EB 5D E8 F1,fuel=100.00
1779699139.709,0x300,8,02 07 0C D6 08 77 B4 2C,temp=42.00
1779699139.804,0x100,8,00 66 3B DA 96 E5 5A EE,speed=0.00
1779699139.884,0x200,8,9C 64 C6 19 8A AD 63 86,fuel=100.00
1779699139.995,0x300,8,02 B2 21 00 E4 B5 7B 41,temp=42.00
1779699140.091,0x100,8,00 A1 93 61 E7 B3 7E B8,speed=0.00
1779699140.175,0x200,8,68 64 65 D3 7E D8 2C 61,fuel=100.00
1779699140.258,0x300,8,02 C8 DF 1A 33 7E 30 30,temp=42.00
1779699140.373,0x100,8,00 64 3E F9 AC C2 91 12,speed=0.00
1779699140.529,0x200,8,34 64 6B D3 6F 70 01 BE,fuel=100.00
1779699140.689,0x300,8,02 2C 12 CF CD D5 9F 70,temp=42.00
1779699140.753,0x100,8,00 63 12 FE 65 CC 1F 4E,speed=0.00
1779699140.826,0x200,8,F7 64 AC 28 1A 82 BF 9A,fuel=100.00
1779699140.974,0x300,8,02 72 44 A8 1E 6F F2 2D,temp=42.00
1779699141.158,0x100,8,00 02 80 C3 B1 36 02 94,speed=0.00
1779699141.208,0x200,8,2D 64 1A 19 9B 1A 6D 1F,fuel=100.00
1779699141.277,0x300,8,02 69 C9 E8 11 5E 01 57,temp=42.00
1779699141.388,0x100,8,00 EF E9 AE 26 80 96 0C,speed=0.00
1779699141.496,0x200,8,D4 64 94 05 46 B4 10 B7,fuel=100.00
1779699141.577,0x300,8,02 74 F5 2E 74 3A 1B 15,temp=42.00
1779699141.652,0x100,8,00 8D 64 B8 86 60 A9 E3,speed=0.00
1779699141.760,0x200,8,74 64 EE 95 A7 E6 53 01,fuel=100.00
1779699141.873,0x300,8,02 46 05 48 EC E9 C8 7C,temp=42.00
1779699141.960,0x100,8,00 B2 6C E9 D8 F2 90 EC,speed=0.00
1779699142.077,0x200,8,83 64 96 3A F3 59 71 61,fuel=100.00
1779699142.191,0x300,8,02 D0 37 43 9D 6B 3E 00,temp=42.00
1779699142.270,0x100,8,00 0E 60 5E E8 53 66 BE,speed=0.00
1779699142.428,0x200,8,E6 64 47 F1 51 4A 42 CC,fuel=100.00
1779699142.559,0x300,8,02 DA CA A5 D8 C2 77 CC,temp=42.00
1779699142.623,0x100,8,00 68 2D 7D B7 AC 28 9A,speed=0.00
1779699142.756,0x200,8,F4 64 8F 78 79 95 C0 7D,fuel=100.00
1779699142.826,0x300,8,02 D5 BF 43 6A B4 E8 25,temp=42.00
1779699142.920,0x100,8,00 96 7B 79 57 EA 58 A0,speed=0.00
1779699142.984,0x200,8,02 64 3E 57 C6 AF 0F 9E,fuel=100.00
1779699143.101,0x300,8,02 B0 14 28 45 59 84 25,temp=42.00
1779699143.169,0x100,8,00 B4 EE 76 60 CE 6D 8F,speed=0.00
1779699143.290,0x200,8,BC 64 B5 CB 7A F7 B3 90,fuel=100.00
1779699143.394,0x300,8,02 C8 FC 29 5D A8 AA D1,temp=42.00
1779699143.468,0x100,8,00 AF 53 52 65 A8 73 73,speed=0.00
1779699143.591,0x200,8,8F 64 79 46 D9 DC 28 91,fuel=100.00
1779699143.818,0x300,8,02 02 D0 4A 80 06 9E F1,temp=42.00
1779699143.877,0x100,8,00 69 4A F9 C4 CD 8C BA,speed=0.00
1779699143.941,0x200,8,09 64 5A A0 1D F1 C5 A9,fuel=100.00
1779699144.013,0x300,8,02 0E DE C6 C6 E1 DB 0F,temp=42.00
1779699144.175,0x100,8,00 8F 35 F2 BC C9 54 F8,speed=0.00
1779699144.274,0x200,8,95 64 DC 5C AF 9B D9 E6,fuel=100.00
1779699144.341,0x300,8,02 D6 5E 83 3B 14 26 AF,temp=42.00
1779699144.390,0x100,8,00 4C 4A 1F C4 32 D2 95,speed=0.00
1779699144.528,0x200,8,0B 64 CC D3 0F F0 EB 92,fuel=100.00
1779699144.605,0x300,8,02 19 C2 D9 A0 CC 25 15,temp=42.00
1779699144.692,0x100,8,00 33 08 84 08 BB D1 29,speed=0.00
1779699144.761,0x200,8,98 64 E3 46 EC 32 8C 54,fuel=100.00
1779699144.891,0x300,8,02 35 91 02 76 AE 66 DE,temp=42.00
1779699144.957,0x100,8,00 62 E7 66 F5 7D 2E 9D,speed=0.00
1779699145.124,0x200,8,5F 64 A0 51 26 82 DB 63,fuel=100.00
1779699145.188,0x300,8,02 9D 57 E7 2F 8A 93 97,temp=42.00
1779699145.245,0x100,8,00 59 78 1A 4E 95 B2 30,speed=0.00
1779699145.541,0x200,8,38 64 0F E3 E9 44 B2 A9,fuel=100.00
1779699145.902,0x300,8,02 69 41 9A 20 AD D1 C8,temp=42.00
1779699146.059,0x100,8,00 BD 19 1B 17 61 BC 9D,speed=0.00
1779699146.223,0x200,8,28 64 32 D9 A7 E2 2B B4,fuel=100.00
1779699146.525,0x300,8,02 8E A7 27 C5 81 D0 D0,temp=42.00
1779699146.611,0x100,8,00 6B CA 62 B8 AE 1F B7,speed=0.00
1779699146.802,0x200,8,6C 64 64 0A 93 4C 91 01,fuel=100.00
1779699147.338,0x300,8,02 B9 43 D3 1F A3 7D C2,temp=42.00
1779699147.521,0x100,8,00 F1 B6 51 56 68 C7 CA,speed=0.00
1779699148.220,0x200,8,98 64 79 41 4D D3 3E E8,fuel=100.00
1779699148.525,0x300,8,02 79 FF B6 6D 14 E8 E3,temp=42.00
1779699148.657,0x100,8,00 6A 0C 8F C6 68 97 87,speed=0.00
1779699148.761,0x200,8,5C 64 3D CD A6 1B 94 2E,fuel=100.00
1779699148.854,0x300,8,02 58 00 A3 16 CB 2E 60,temp=42.00
1779699149.191,0x100,8,00 BA A1 93 60 3C 5F 81,speed=0.00
1779699149.620,0x200,8,37 64 DC 16 B3 33 97 66,fuel=100.00
1779699149.890,0x300,8,02 2D 0E 51 BC 6B D5 36,temp=42.00
1779699151.837,0x100,8,00 ED C7 C0 25 18 3F 2A,speed=0.00
1779699152.887,0x200,8,5C 64 71 B7 25 44 C4 A8,fuel=100.00
1779699153.581,0x300,8,02 A6 80 5E 10 FE 8D AD,temp=42.00
1779699153.612,0x100,8,00 C9 D5 37 03 13 1C BA,speed=0.00
1779699153.725,0x200,8,D3 64 3D 50 35 E4 A4 F0,fuel=100.00
1779699153.796,0x300,8,02 A2 D5 50 24 36 01 70,temp=42.00
1779699153.890,0x100,8,00 38 6C 73 BD 4D 13 70,speed=0.00
1779699153.987,0x200,8,7C 64 33 4E 34 F1 D1 D8,fuel=100.00
1779699154.117,0x300,8,02 9A 77 78 0D 73 E4 01,temp=42.00
1779699154.157,0x100,8,00 3F 84 DD 7C 6B CD 9E,speed=0.00
1779699154.321,0x200,8,94 64 7D C8 BB AF 24 44,fuel=100.00
1779699154.439,0x300,8,02 E3 A4 2F 87 BB 5A 30,temp=42.00
1779699154.573,0x100,8,00 37 1C 6D E6 EA 42 86,speed=0.00
1779699154.707,0x200,8,B6 64 13 97 87 51 1C 12,fuel=100.00
1779699154.822,0x300,8,02 D2 C7 3F D7 E5 BF 3B,temp=42.00
1779699154.913,0x100,8,00 5F 25 31 77 76 A8 AB,speed=0.00
1779699155.076,0x200,8,B6 64 1F 98 85 56 38 31,fuel=100.00
1779699155.166,0x300,8,02 A8 1A C9 C2 0D B0 A4,temp=42.00
1779699155.209,0x100,8,00 84 7C 56 32 99 CA 3B,speed=0.00
1779699155.299,0x200,8,AF 64 45 EB 60 1F E2 10,fuel=100.00
1779699155.561,0x300,8,02 DD E1 D6 D3 54 FA EA,temp=42.00
1779699155.719,0x100,8,00 11 01 19 81 D3 7C 26,speed=0.00
1779699155.838,0x200,8,B2 64 BC F1 DE 25 48 7A,fuel=100.00
1779699155.914,0x300,8,02 31 78 F7 04 A3 74 44,temp=42.00
1779699156.004,0x100,8,00 52 79 94 C7 10 6E F1,speed=0.00
1779699156.045,0x200,8,39 64 7D C3 A1 72 E0 B6,fuel=100.00
1779699156.154,0x300,8,02 CC E2 C5 0C 71 65 05,temp=42.00
1779699156.252,0x100,8,00 65 E5 16 12 EC 62 76,speed=0.00
1779699156.341,0x200,8,20 64 A2 0E BD 30 23 68,fuel=100.00
1779699156.447,0x300,8,02 A0 9E 74 AF EB 09 58,temp=42.00
1779699156.537,0x100,8,00 B3 7F 8F 86 7D 48 87,speed=0.00
1779699156.635,0x200,8,4F 64 F7 DA 2F DC F3 64,fuel=100.00
1779699156.756,0x300,8,02 F5 5A 52 D5 37 D9 68,temp=42.00
1779699156.849,0x100,8,00 D4 BF 60 54 1B 87 DD,speed=0.00
1779699156.926,0x200,8,B9 64 CE 58 13 EB C8 43,fuel=100.00
1779699157.002,0x300,8,02 48 88 36 9E 8C F8 4B,temp=42.00
1779699157.075,0x100,8,00 30 B7 9C 43 54 BB 0A,speed=0.00
1779699157.172,0x200,8,5B 64 2C CC A1 ED FC 10,fuel=100.00
1779699157.292,0x300,8,02 A9 90 38 D9 0B 79 DD,temp=42.00
1779699157.404,0x100,8,00 72 55 F4 2B 5F A2 0B,speed=0.00
1779699157.492,0x200,8,56 64 66 3C 14 2E 4A 12,fuel=100.00
1779699157.591,0x300,8,02 99 D9 50 D7 85 4E 6F,temp=42.00
1779699157.695,0x100,8,00 1A B5 F7 21 D4 18 F5,speed=0.00
1779699157.785,0x200,8,63 64 8A EE 24 D4 98 44,fuel=100.00
1779699157.858,0x300,8,02 B5 A9 95 10 71 FF 8C,temp=42.00
1779699157.940,0x100,8,00 6D E1 F8 72 9B 89 D3,speed=0.00
1779699158.044,0x200,8,67 64 F0 43 9C EC 6E 64,fuel=100.00
1779699158.130,0x300,8,02 3E 60 32 F0 A9 73 29,temp=42.00
1779699158.208,0x100,8,00 D5 7B CA 3F F6 36 FB,speed=0.00
1779699158.305,0x200,8,9F 64 3B 0C 61 68 A2 04,fuel=100.00
1779699158.405,0x300,8,02 C4 FE 53 C7 A0 6B 44,temp=42.00
1779699158.500,0x100,8,00 22 04 ED C4 D2 A5 92,speed=0.00
1779699158.604,0x200,8,39 64 C7 2A 2A CB 40 5E,fuel=100.00
1779699158.689,0x300,8,02 52 6F F1 5C 16 F9 5E,temp=42.00
1779699158.793,0x100,8,00 94 BB 2C 54 02 29 93,speed=0.00
1779699158.875,0x200,8,B2 64 42 C7 0A BD 84 82,fuel=100.00
1779699158.970,0x300,8,02 F3 C3 EB 4E 7A 2D 27,temp=42.00
1779699159.071,0x100,8,00 EE 50 75 29 8A 47 5C,speed=0.00
1779699159.172,0x200,8,67 64 00 B8 E2 0A 60 AF,fuel=100.00
1779699159.244,0x300,8,02 8E 01 9D CC 4E CF C9,temp=42.00
1779699159.373,0x100,8,00 82 35 26 D0 C0 B7 67,speed=0.00
1779699159.433,0x200,8,EA 64 23 F6 FB 54 13 66,fuel=100.00
1779699159.560,0x300,8,02 3F 2B ED AC 9D 39 B9,temp=42.00
1779699159.663,0x100,8,00 43 54 10 AE 2B 49 2D,speed=0.00
1779699159.723,0x200,8,DA 64 A6 91 42 29 0B CC,fuel=100.00
1779699159.854,0x300,8,02 29 5F D5 0C C1 7B 9C,temp=42.00
1779699160.026,0x100,8,00 1F 08 AF 92 85 C7 EA,speed=0.00
1779699160.092,0x200,8,F0 64 BB 35 63 64 D9 D7,fuel=100.00
1779699160.173,0x300,8,02 66 02 13 75 25 13 AB,temp=42.00
1779699160.327,0x100,8,00 91 53 3D 3E DB DB 45,speed=0.00
1779699160.426,0x200,8,93 64 83 18 97 C9 C1 A4,fuel=100.00
1779699160.566,0x300,8,02 08 E8 F8 8A 15 CE 77,temp=42.00
1779699160.724,0x100,8,00 C0 C8 B7 1C DD 90 5E,speed=0.00
1779699160.810,0x200,8,3D 64 DB 9E 63 A4 4E 86,fuel=100.00
1779699160.904,0x300,8,02 8A DA 73 35 CC 9A 6D,temp=42.00
1779699161.044,0x100,8,00 5B 3F 67 52 AE 3E EE,speed=0.00
1779699161.145,0x200,8,E2 64 B9 3B 2E 48 01 47,fuel=100.00
1779699161.292,0x300,8,02 2B 7A D7 45 A5 41 D6,temp=42.00
1779699161.391,0x100,8,00 AA 60 EB 37 D0 E0 62,speed=0.00
1779699161.489,0x200,8,9D 64 2A B0 CE 17 CB 08,fuel=100.00
1779699161.654,0x300,8,02 44 A1 38 28 F5 F0 D3,temp=42.00
1779699161.774,0x100,8,00 56 FF 76 31 94 64 53,speed=0.00
1779699161.872,0x200,8,93 64 F3 9D 9C 09 82 20,fuel=100.00
1779699162.122,0x300,8,02 CF C4 4B C5 C5 E2 39,temp=42.00
1779699162.238,0x100,8,00 D2 37 F2 2D BD 91 F5,speed=0.00
1779699162.343,0x200,8,BB 64 8E 59 7A E5 20 BA,fuel=100.00
1779699162.494,0x300,8,02 26 38 7C 48 21 3B 40,temp=42.00
1779699162.664,0x100,8,00 E2 66 5C 55 6D AD 5A,speed=0.00
1779699162.790,0x200,8,9B 64 40 40 D6 00 38 FC,fuel=100.00
1779699162.909,0x300,8,02 06 B3 68 61 64 19 B6,temp=42.00
1779699163.049,0x100,8,00 91 35 78 6D 8F 82 AE,speed=0.00
1779699163.108,0x200,8,18 64 72 BD BC 9D 4C 81,fuel=100.00
1779699163.175,0x300,8,02 C0 D2 89 37 17 DF 55,temp=42.00
1779699163.333,0x100,8,00 CF 19 2D 46 7C 79 10,speed=0.00
1779699163.392,0x200,8,6B 64 89 66 0A 9F DE C1,fuel=100.00
1779699163.476,0x300,8,02 96 80 50 A8 3D C9 9A,temp=42.00
1779699163.556,0x100,8,00 81 D0 70 B6 2D 84 CC,speed=0.00
1779699163.668,0x200,8,14 64 96 0B 79 22 AB FD,fuel=100.00
1779699163.794,0x300,8,02 85 D6 76 AB FC 47 CC,temp=42.00
1779699163.887,0x100,8,00 82 7D 59 AB 27 49 64,speed=0.00
1779699163.974,0x200,8,27 64 9B 88 7C 12 EA 38,fuel=100.00
1779699164.058,0x300,8,02 B0 92 60 E2 CB 94 43,temp=42.00
1779699164.142,0x100,8,00 FC E1 EF F8 63 68 BB,speed=0.00
1779699164.251,0x200,8,CD 64 CD 2F E2 DD 5C 1C,fuel=100.00
1779699164.320,0x300,8,02 14 AF 7F D2 3C 23 77,temp=42.00
1779699164.419,0x100,8,00 BE C6 09 A7 DE 56 8C,speed=0.00
1779699164.522,0x200,8,FB 64 1A EC 04 6E 95 AA,fuel=100.00
1779699164.643,0x300,8,02 9E 6A E2 78 E5 F7 64,temp=42.00
1779699164.708,0x100,8,00 70 F0 8B A7 D0 69 D2,speed=0.00
1779699164.805,0x200,8,DD 64 BA 42 E1 97 D5 A4,fuel=100.00
1779699164.866,0x300,8,02 26 EB 45 2C 49 F8 5A,temp=42.00
1779699164.972,0x100,8,00 27 02 17 81 7B 99 BE,speed=0.00
1779699165.057,0x200,8,55 64 92 7E 86 60 89 C8,fuel=100.00
1779699165.222,0x300,8,02 A5 27 FE 7F 05 64 A6,temp=42.00
1779699165.232,0x100,8,00 2B B2 25 2A 5D C3 94,speed=0.00
1779699165.329,0x200,8,F0 64 2B 78 EC 33 1B B3,fuel=100.00
1779699165.509,0x300,8,02 CC 11 E2 34 A0 CF 7D,temp=42.00
1779699165.621,0x100,8,00 85 B4 2C 76 DA 6F F2,speed=0.00
1779699165.806,0x200,8,86 64 EE 16 E5 24 92 03,fuel=100.00
1779699166.031,0x300,8,02 E6 3A 65 E7 24 99 2F,temp=42.00
1779699166.661,0x100,8,00 0C 48 92 6A BB 4E 4D,speed=0.00
1779699166.798,0x200,8,F3 64 68 62 44 0C C6 86,fuel=100.00
1779699166.852,0x300,8,02 1B 97 A3 9E 4B F9 8A,temp=42.00
1779699166.959,0x100,8,00 AB 75 73 75 94 16 4C,speed=0.00
1779699167.027,0x200,8,F7 64 76 DB 61 A0 8A 8B,fuel=100.00
1779699167.244,0x300,8,02 C1 67 08 DA 77 A8 B0,temp=42.00
1779699167.302,0x100,8,00 43 56 0C FD FE BE B7,speed=0.00
1779699167.429,0x200,8,F9 64 E9 18 59 0B E5 F9,fuel=100.00
1779699167.507,0x300,8,02 AE DA AE 7A 13 07 DF,temp=42.00
1779699167.621,0x100,8,00 1B 32 39 36 D1 46 4E,speed=0.00
1779699167.705,0x200,8,49 64 46 47 1B ED F5 66,fuel=100.00
1779699167.761,0x300,8,02 F6 99 7E EE BE BA 62,temp=42.00
1779699167.872,0x100,8,00 B0 6D BB 26 B6 6D E8,speed=0.00
1779699167.973,0x200,8,0E 64 E2 AD 56 5A AD 45,fuel=100.00
1779699168.069,0x300,8,02 8C FD 68 2C DD B7 22,temp=42.00
1779699168.225,0x100,8,00 97 A1 15 0C 44 11 28,speed=0.00
1779699168.294,0x200,8,B1 64 E2 E2 79 40 84 B1,fuel=100.00
1779699168.805,0x300,8,02 BB 0C 9F F1 6B DD 57,temp=42.00
1779699168.954,0x100,8,00 46 B4 E5 74 88 1E F6,speed=0.00
1779699169.016,0x200,8,48 64 46 5D E8 C8 9B 0A,fuel=100.00
1779699169.155,0x300,8,02 4D 73 54 A5 B0 FF 28,temp=42.00
1779699169.226,0x100,8,00 61 EA D5 64 5D 7E 4E,speed=0.00
1779699169.352,0x200,8,DF 64 CF 86 C0 88 4F 27,fuel=100.00
1779699169.441,0x300,8,02 02 67 6D C1 02 D9 4D,temp=42.00
1779699169.522,0x100,8,00 53 8E 9A 67 53 6C AB,speed=0.00
1779699169.589,0x200,8,EB 64 EE FA BA 74 40 8C,fuel=100.00
1779699169.712,0x300,8,02 AA 88 5B A8 BC 10 7A,temp=42.00
1779699169.775,0x100,8,00 D0 88 B8 16 BD 8C C6,speed=0.00
1779699169.857,0x200,8,EE 64 DC 88 8E F4 8C 6D,fuel=100.00
1779699169.972,0x300,8,02 AB 7C 74 91 61 F5 CE,temp=42.00
1779699170.051,0x100,8,00 7B A8 31 BB 3B 76 C4,speed=0.00
1779699170.143,0x200,8,20 64 A0 51 6A BA F3 C9,fuel=100.00
1779699170.258,0x300,8,02 49 9E 5B 9D 2A 03 8B,temp=42.00
1779699170.542,0x100,8,00 B3 E8 35 65 DD 1F 54,speed=0.00
1779699170.627,0x200,8,8F 64 A9 98 77 1F AD 67,fuel=100.00
1779699170.758,0x300,8,02 FA 2E E8 8C B3 2F 9E,temp=42.00
1779699170.870,0x100,8,00 E4 40 3A 7E CB FC 53,speed=0.00
1779699170.964,0x200,8,AA 64 3C DA 6C 8F 5D F5,fuel=100.00
1779699171.030,0x300,8,02 86 7B 1C 7C DF A3 AD,temp=42.00
1779699171.115,0x100,8,00 9A 48 AC CA B0 40 92,speed=0.00
1779699171.192,0x200,8,BB 64 C3 C3 C1 77 F7 42,fuel=100.00
1779699171.344,0x300,8,02 62 9E 7D 4C D2 A1 3C,temp=42.00
1779699171.439,0x100,8,00 F7 AA 1E E7 0C A4 39,speed=0.00
1779699171.446,0x200,8,E7 64 19 4C 32 B7 04 6E,fuel=100.00
1779699171.550,0x300,8,02 33 C6 B8 A6 C0 2A DE,temp=42.00
1779699171.940,0x100,8,00 8B 38 2A 70 3D 87 69,speed=0.00
1779699172.019,0x200,8,0B 64 17 37 93 3D 8A 51,fuel=100.00
1779699172.265,0x300,8,02 EE F9 8C 5F 66 37 6E,temp=42.00
1779699172.507,0x100,8,00 23 6E 6F E7 CB BD 8C,speed=0.00
1779699172.623,0x200,8,8C 64 39 31 84 A1 83 E5,fuel=100.00
1779699173.176,0x300,8,02 AD A4 52 F0 AF F2 9C,temp=42.00
1779699173.391,0x100,8,00 FB A7 FA 7C 38 0A 67,speed=0.00
1779699173.552,0x200,8,73 64 AA 37 03 FA E4 1F,fuel=100.00
1779699173.837,0x300,8,02 32 31 54 A4 39 4E 36,temp=42.00
1779699173.902,0x100,8,00 0F BC 81 B6 A0 AD FF,speed=0.00
1779699174.005,0x200,8,95 64 31 CF A7 37 41 CD,fuel=100.00
1779699174.157,0x300,8,02 CE 37 36 96 6E AE 39,temp=42.00
1779699174.257,0x100,8,00 9D 57 BE D6 4C 6F 2B,speed=0.00
1779699174.502,0x200,8,99 64 F2 0D 6F 21 F7 7D,fuel=100.00
1779699174.633,0x300,8,02 2B EF 11 BB ED D2 E4,temp=42.00
1779699174.685,0x100,8,00 F1 C4 6F 10 87 DA 84,speed=0.00
1779699174.791,0x200,8,34 64 63 AA A2 B4 3C 8D,fuel=100.00
1779699174.872,0x300,8,02 54 20 D3 F8 50 7D 59,temp=42.00
1779699174.957,0x100,8,00 03 FD 0B 70 A6 30 9F,speed=0.00
1779699175.066,0x200,8,96 64 20 CD EE DE 28 7F,fuel=100.00
1779699175.168,0x300,8,02 47 7F 40 88 02 5F 62,temp=42.00
1779699175.388,0x100,8,00 4D E7 05 2A 24 EF 3F,speed=0.00
1779699175.594,0x200,8,07 64 D2 66 F0 D6 A6 15,fuel=100.00
1779699175.735,0x300,8,02 6B F1 2F B9 8F 7F C9,temp=42.00
1779699175.804,0x100,8,00 3E 25 20 35 D9 B1 74,speed=0.00
1779699176.188,0x200,8,EE 64 B4 FC 53 48 E3 CB,fuel=100.00
1779699176.524,0x300,8,02 71 28 56 19 52 0A B1,temp=42.00
1779699176.702,0x100,8,00 E5 D9 8E 4E E7 A6 FF,speed=0.00
1779699176.718,0x200,8,9C 64 15 27 7F CE 79 D0,fuel=100.00
1779699176.873,0x300,8,02 6A EE 38 9C 66 2A E5,temp=42.00
1779699177.179,0x100,8,00 0B 1C CF 62 40 77 4C,speed=0.00
1779699177.342,0x200,8,4D 64 6C 1E D8 33 C6 B4,fuel=100.00
1779699177.481,0x300,8,02 F3 88 9E A4 55 2D E4,temp=42.00
1779699177.599,0x100,8,00 09 24 A3 6F 48 2D A7,speed=0.00
1779699177.683,0x200,8,A4 64 54 B1 EE 52 CC B7,fuel=100.00
1779699177.823,0x300,8,02 0E B8 42 18 55 A3 1F,temp=42.00
1779699177.958,0x100,8,00 E2 EC 7C A6 51 AB 00,speed=0.00
1779699178.103,0x200,8,FE 64 69 B8 52 6B F7 BB,fuel=100.00
1779699178.177,0x300,8,02 42 70 EC B0 79 F9 D9,temp=42.00
1779699178.244,0x100,8,00 EE DA 0A CE B3 06 53,speed=0.00
1779699178.358,0x200,8,B2 64 0C B3 D0 D0 BB FF,fuel=100.00
1779699178.442,0x300,8,02 C1 72 B3 21 A6 AF FA,temp=42.00
1779699178.551,0x100,8,00 CA 2C 8D 89 86 11 FD,speed=0.00
1779699178.627,0x200,8,28 64 80 A3 31 D3 68 08,fuel=100.00
1779699178.719,0x300,8,02 0F 54 3B 17 D2 85 0C,temp=42.00
1779699178.813,0x100,8,00 1D 6A DB 46 61 1D 8C,speed=0.00
1779699178.891,0x200,8,E5 64 38 E8 34 86 07 44,fuel=100.00
1779699179.008,0x300,8,02 DC 8E 81 B2 CA 1F 3E,temp=42.00
1779699179.116,0x100,8,00 83 16 BB 28 06 B1 F4,speed=0.00
1779699179.207,0x200,8,D9 64 6E B8 9F 34 68 E9,fuel=100.00
1779699179.290,0x300,8,02 C7 F5 8B EE 03 96 68,temp=42.00
1779699179.382,0x100,8,00 21 C2 08 8D 30 0C FD,speed=0.00
1779699179.460,0x200,8,7D 64 79 61 13 56 BD 6F,fuel=100.00
1779699179.606,0x300,8,02 71 CA E1 93 4C BD 4A,temp=42.00
1779699179.700,0x100,8,00 95 65 D6 E7 3F 7D C7,speed=0.00
1779699179.784,0x200,8,12 64 A8 C6 06 9F 75 8F,fuel=100.00
1779699179.930,0x300,8,02 18 F2 37 85 69 E9 03,temp=42.00
1779699180.186,0x100,8,00 18 A8 8C 2B EB 78 0E,speed=0.00
1779699180.561,0x200,8,5C 64 48 57 5E 40 73 46,fuel=100.00
1779699180.978,0x300,8,02 4B 20 05 06 2B A3 34,temp=42.00
1779699181.418,0x100,8,00 BA BD 15 61 48 CB 71,speed=0.00
1779699181.595,0x200,8,1A 64 2D 2B FD D3 49 F7,fuel=100.00
1779699181.656,0x300,8,02 1D 8A DC 16 E1 47 CD,temp=42.00
1779699181.725,0x100,8,00 D3 83 45 38 C4 16 DF,speed=0.00
1779699181.944,0x200,8,8B 64 0A F1 32 15 C4 27,fuel=100.00
1779699182.008,0x300,8,02 1D F7 A2 C4 84 EF 88,temp=42.00
1779699182.445,0x100,8,00 E2 B5 58 C2 84 DA 2B,speed=0.00
1779699182.493,0x200,8,7A 64 CA 69 89 D4 46 6A,fuel=100.00
1779699182.758,0x300,8,02 4B 3B 2B CB 0A A0 F1,temp=42.00
1779699182.978,0x100,8,00 67 86 DF CA 22 5C 86,speed=0.00
1779699183.142,0x200,8,B7 64 BD 48 4F 1F B5 A6,fuel=100.00
1779699183.308,0x300,8,02 86 18 C0 94 52 FE 77,temp=42.00
1779699183.544,0x100,8,00 95 CC 33 63 CF 7A DD,speed=0.00
1779699183.800,0x200,8,3F 64 82 0C BF 02 B5 8C,fuel=100.00
1779699183.957,0x300,8,02 91 D6 8E 8B 41 9C 5F,temp=42.00
1779699184.178,0x100,8,00 DE E9 71 74 06 9E 09,speed=0.00
1779699184.269,0x200,8,62 64 7D 3B 03 FF 5F C7,fuel=100.00
1779699184.333,0x300,8,02 E4 A9 D8 D0 51 0D 34,temp=42.00
1779699184.422,0x100,8,00 18 D3 BE 90 53 93 BD,speed=0.00
1779699184.637,0x200,8,D7 64 5E CE 1E D5 13 4E,fuel=100.00
1779699184.771,0x300,8,02 57 31 C8 84 1B D9 5A,temp=42.00
1779699184.895,0x100,8,00 3C 91 DF A3 7E C3 D3,speed=0.00
1779699185.076,0x200,8,49 64 45 FE 87 53 EE E5,fuel=100.00
1779699185.291,0x300,8,02 02 06 21 A3 AC 38 17,temp=42.00
1779699185.493,0x100,8,00 CB 9A F7 2D 57 42 B3,speed=0.00
1779699185.953,0x200,8,0D 64 E3 96 37 35 2E A6,fuel=100.00
1779699186.066,0x300,8,02 1C 4E 34 20 06 47 A0,temp=42.00
1779699186.188,0x100,8,00 4B 13 9F 27 9B 52 45,speed=0.00
1779699186.261,0x200,8,80 64 C9 D6 75 3E EB 6B,fuel=100.00
1779699186.323,0x300,8,02 66 2A 63 DE 0F 28 F7,temp=42.00
1779699186.405,0x100,8,00 0D B7 14 A5 0B 98 4C,speed=0.00
1779699186.495,0x200,8,A5 64 E4 DD 41 48 6E BE,fuel=100.00
1779699186.589,0x300,8,02 41 A6 A5 FD 3C FE 86,temp=42.00
1779699186.676,0x100,8,00 23 93 BC 1C 8B 78 BE,speed=0.00
1779699186.845,0x200,8,3D 64 6A 88 27 91 15 09,fuel=100.00
1779699187.010,0x300,8,02 A3 23 7B 70 47 B4 D7,temp=42.00
1779699187.093,0x100,8,00 DE 04 4E 93 EB 19 74,speed=0.00
1779699187.140,0x200,8,AD 64 6D C8 48 87 4F 0C,fuel=100.00
1779699187.263,0x300,8,02 E7 2B 7A 84 F7 50 3F,temp=42.00
1779699187.356,0x100,8,00 2C 5E F9 76 64 34 3F,speed=0.00
1779699187.421,0x200,8,26 64 31 7D AA 71 39 3C,fuel=100.00
1779699187.543,0x300,8,02 0A AF D9 E6 C1 7E 00,temp=42.00
1779699187.656,0x100,8,00 B4 87 BB E5 C2 DE F1,speed=0.00
1779699187.758,0x200,8,DB 64 A7 17 92 AA 40 59,fuel=100.00
1779699187.813,0x300,8,02 27 D3 FE 75 E8 43 AB,temp=42.00
1779699187.967,0x100,8,00 20 03 10 01 01 3C 5D,speed=0.00
1779699188.016,0x200,8,4D 64 3E D7 6E 2D 1D 94,fuel=100.00
1779699188.104,0x300,8,02 37 F9 A6 3F DD 8F 39,temp=42.00
1779699188.220,0x100,8,00 16 78 BC F9 75 27 14,speed=0.00
1779699188.303,0x200,8,50 64 8B 86 41 65 7B 93,fuel=100.00
1779699188.392,0x300,8,02 67 1E 20 D3 EE 8B 51,temp=42.00
1779699188.504,0x100,8,00 3B 21 0A 5F 2D 00 CB,speed=0.00
1779699188.621,0x200,8,9A 64 25 66 0C B8 CA EA,fuel=100.00
1779699188.759,0x300,8,02 C0 B4 5E 9E 5D 1F 52,temp=42.00
1779699188.908,0x100,8,00 24 85 C8 57 7E 3F A6,speed=0.00
1779699189.188,0x200,8,C5 64 92 EC 50 C6 77 03,fuel=100.00
1779699189.424,0x300,8,02 D8 2B B4 50 29 BF 2E,temp=42.00
1779699189.477,0x100,8,00 BE FD 07 B3 46 0B 3A,speed=0.00
1779699189.624,0x200,8,78 64 4F 53 E5 DC FA 6E,fuel=100.00
1779699189.987,0x300,8,02 98 C1 B6 AB 34 0B E6,temp=42.00
1779699190.160,0x100,8,00 BE 1A 71 80 1F 48 EC,speed=0.00
1779699190.361,0x200,8,09 64 DC F3 1A CB E8 A9,fuel=100.00
1779699190.611,0x300,8,02 8C 38 DD 4E 2C EB 30,temp=42.00
1779699190.887,0x100,8,00 BB 1B 3A 61 F2 4D 61,speed=0.00
1779699191.050,0x200,8,46 64 1E 92 79 FC F3 D6,fuel=100.00
1779699191.176,0x300,8,02 9F BF 71 0D EF C6 5A,temp=42.00
1779699191.266,0x100,8,00 F7 B9 8F ED 6F 54 73,speed=0.00
1779699191.360,0x200,8,68 64 BB 35 7C 0E 8F D9,fuel=100.00
1779699191.456,0x300,8,02 7E FE B1 37 C3 19 A3,temp=42.00
1779699191.560,0x100,8,00 5E BB 44 79 D1 18 70,speed=0.00
1779699191.640,0x200,8,5C 64 B7 FD 5C 8E AB 28,fuel=100.00
1779699191.759,0x300,8,02 9E A2 6B 99 40 97 1C,temp=42.00
1779699191.924,0x100,8,00 F0 36 24 11 C5 B7 B0,speed=0.00
1779699192.207,0x200,8,68 64 0B 2D 04 C6 E3 63,fuel=100.00
1779699192.345,0x300,8,02 85 FB 2F D8 26 53 E7,temp=42.00
1779699192.492,0x100,8,00 13 03 63 6C AB EF 4D,speed=0.00
1779699192.570,0x200,8,7F 64 9A FF 99 01 47 7B,fuel=100.00
1779699192.773,0x300,8,02 80 50 FD C2 87 B8 8C,temp=42.00
1779699192.866,0x100,8,00 BF 3A 3A AF 12 7C AD,speed=0.00
1779699192.972,0x200,8,B9 64 CC 61 C0 4F 06 EC,fuel=100.00
1779699193.041,0x300,8,02 2D 87 35 37 75 69 43,temp=42.00
1779699193.144,0x100,8,00 28 68 7C FB C2 54 8F,speed=0.00
1779699193.284,0x200,8,3A 64 9D 4F B5 18 FA F3,fuel=100.00
1779699193.345,0x300,8,02 B9 F6 2D 67 CD 83 B6,temp=42.00
1779699193.409,0x100,8,00 14 16 5F A1 98 A5 67,speed=0.00
1779699193.550,0x200,8,E7 64 4A 29 F7 9F 39 CD,fuel=100.00
1779699193.608,0x300,8,02 ED 3E D0 4A 68 9B B6,temp=42.00
1779699193.709,0x100,8,00 C9 90 67 71 78 D8 31,speed=0.00
1779699193.777,0x200,8,6C 64 60 EF 42 65 78 93,fuel=100.00
1779699193.881,0x300,8,02 F4 09 7F E5 B6 D9 7E,temp=42.00
1779699193.993,0x100,8,00 4C 7A 64 28 E8 DA EF,speed=0.00
1779699194.094,0x200,8,61 64 44 F6 04 33 DB A4,fuel=100.00
1779699194.186,0x300,8,02 E1 51 5B 9B C4 10 FC,temp=42.00
1779699194.264,0x100,8,00 BE A9 39 6B 19 7A 17,speed=0.00
1779699194.356,0x200,8,BD 64 5F 72 10 FD DA 14,fuel=100.00
1779699194.433,0x300,8,02 F5 35 B5 A5 21 1B 68,temp=42.00
1779699194.557,0x100,8,00 BB 8F 34 C6 05 DB D9,speed=0.00
1779699194.655,0x200,8,88 64 D5 FB A2 35 E2 86,fuel=100.00
1779699194.753,0x300,8,02 3C E4 E5 BF 51 22 73,temp=42.00
1779699194.840,0x100,8,00 6B 9C 46 03 AC DF 19,speed=0.00
1779699194.927,0x200,8,FD 64 FF 4B B2 C2 71 10,fuel=100.00
1779699195.007,0x300,8,02 53 1F 8A 85 6C 8A 98,temp=42.00
1779699195.105,0x100,8,00 D2 9E 96 31 A7 05 40,speed=0.00
1779699195.263,0x200,8,10 64 45 93 BE CD 3A 45,fuel=100.00
1779699195.468,0x300,8,02 76 60 25 3F 4C 2D 2A,temp=42.00
1779699195.619,0x100,8,00 1F 15 7C B8 53 D7 12,speed=0.00
1779699195.678,0x200,8,CF 64 4F 2F 54 AE 6E A8,fuel=100.00
1779699195.790,0x300,8,02 59 DF AE E5 3B 47 17,temp=42.00
1779699195.878,0x100,8,00 06 32 A9 63 DF 6A 19,speed=0.00
1779699195.969,0x200,8,44 64 66 1D 33 92 F1 7D,fuel=100.00
1779699196.052,0x300,8,02 2C 56 CE 47 8E 1A EE,temp=42.00
1779699196.160,0x100,8,00 83 89 8D DE 41 BD 7C,speed=0.00
1779699196.242,0x200,8,4A 64 91 87 DC 9F 68 B3,fuel=100.00
1779699196.321,0x300,8,02 9E 09 D7 5C D5 31 5A,temp=42.00
1779699196.403,0x100,8,00 72 A1 6D 6C AB 2A 4B,speed=0.00
1779699196.517,0x200,8,50 64 EF 8F 02 57 74 FD,fuel=100.00
1779699196.595,0x300,8,02 39 4C F5 52 06 7C 7B,temp=42.00
1779699196.710,0x100,8,00 25 D7 4E E1 B7 39 96,speed=0.00
1779699196.797,0x200,8,EF 64 E0 25 2F 0B 4F 01,fuel=100.00
1779699196.908,0x300,8,02 C9 65 BC C3 15 58 F7,temp=42.00
1779699196.987,0x100,8,00 5A 0D C8 2A 9E 3C D1,speed=0.00
1779699197.072,0x200,8,43 64 FE 41 DD A6 E2 EF,fuel=100.00
1779699197.165,0x300,8,02 C7 9C EA F7 22 30 D4,temp=42.00
1779699197.249,0x100,8,00 48 A9 4B 4B 64 11 FA,speed=0.00
1779699197.399,0x200,8,B0 64 76 A2 C2 7F 48 AF,fuel=100.00
1779699197.594,0x300,8,02 C6 49 BC 49 03 F8 82,temp=42.00
1779699197.826,0x100,8,00 FB AF E6 D6 C9 95 72,speed=0.00
1779699199.679,0x200,8,06 64 F2 F8 4F FC D0 B1,fuel=100.00
1779699199.934,0x300,8,02 73 A5 97 6A D5 93 C5,temp=42.00
1779699200.057,0x100,8,00 73 E7 46 03 91 9E C4,speed=0.00
1779699200.332,0x200,8,83 64 0B 93 2A EF 42 C8,fuel=100.00
1779699200.487,0x300,8,02 C0 B1 37 A4 3F 2F 13,temp=42.00
1779699200.718,0x100,8,00 D8 D5 07 0E CF 0B A2,speed=0.00
1779699201.386,0x200,8,EA 64 47 39 AA 00 2C 13,fuel=100.00
1779699201.723,0x300,8,02 EE F5 E8 1F BA DF 9C,temp=42.00
1779699201.855,0x100,8,00 B8 68 38 87 6B 41 FF,speed=0.00
1779699202.706,0x200,8,18 64 03 EC C3 21 BA 18,fuel=100.00
1779699202.901,0x300,8,02 16 13 42 79 9F 6C 01,temp=42.00
1779699203.025,0x100,8,00 76 60 01 92 54 E5 B4,speed=0.00
1779699203.126,0x200,8,9E 64 56 FC EA BB 7C 96,fuel=100.00
1779699203.202,0x300,8,02 B4 FE F9 0D A8 D9 F9,temp=42.00
1779699203.289,0x100,8,00 6E C4 2E 11 5F C4 F3,speed=0.00
1779699203.509,0x200,8,EB 64 6F CA E5 9B 75 24,fuel=100.00
1779699203.567,0x300,8,02 D6 F0 75 C5 5B 11 E7,temp=42.00
1779699203.661,0x100,8,00 CE CB 37 CC AF 05 C2,speed=0.00
1779699203.712,0x200,8,3C 64 EF C2 31 72 09 2E,fuel=100.00
1779699203.805,0x300,8,02 41 DD 62 2C 5A E9 19,temp=42.00
1779699203.921,0x100,8,00 0D 7C B8 A4 E2 7E D9,speed=0.00
1779699204.002,0x200,8,4F 64 BA F7 92 8B 90 CD,fuel=100.00
1779699204.096,0x300,8,02 6A 6C 7C 01 08 E2 4F,temp=42.00
1779699204.181,0x100,8,00 E9 53 2A EA 8C 2A 88,speed=0.00
1779699204.267,0x200,8,E4 64 84 C4 46 7A AD 02,fuel=100.00
1779699204.360,0x300,8,02 F3 69 74 83 60 E1 35,temp=42.00
1779699204.470,0x100,8,00 F6 55 E2 DB 7B 25 94,speed=0.00
1779699204.557,0x200,8,7E 64 D6 9A A3 BE F5 43,fuel=100.00
1779699204.670,0x300,8,02 5C F9 FB 5B C9 39 82,temp=42.00
1779699204.768,0x100,8,00 47 BD A7 2C E5 13 F7,speed=0.00
1779699204.867,0x200,8,35 64 BD 35 9C 5C 4A 29,fuel=100.00
1779699204.919,0x300,8,02 CB ED 01 8F 36 AE 1B,temp=42.00
1779699205.059,0x100,8,00 AC 77 44 13 F7 4B 43,speed=0.00
1779699205.149,0x200,8,34 64 43 75 58 09 36 D7,fuel=100.00
1779699205.236,0x300,8,02 E0 E7 BB 23 E1 42 00,temp=42.00
1779699205.325,0x100,8,00 D6 F6 48 EE F7 6A EA,speed=0.00
1779699205.438,0x200,8,DC 64 38 B8 A4 DD 57 92,fuel=100.00
1779699205.507,0x300,8,02 B3 DD 5D F8 4E D1 05,temp=42.00
1779699205.615,0x100,8,00 71 CC C6 CE 86 8B F6,speed=0.00
1779699205.704,0x200,8,C9 64 89 5F 1D E3 1A C4,fuel=100.00
1779699205.800,0x300,8,02 17 A8 C8 D3 A6 EA AC,temp=42.00
1779699205.924,0x100,8,00 40 DB CA 0A D7 16 34,speed=0.00
1779699205.983,0x200,8,15 64 AD 0F C2 CD 95 50,fuel=100.00
1779699206.085,0x300,8,02 04 C9 D6 B6 82 E6 E1,temp=42.00
1779699206.183,0x100,8,00 96 92 94 20 5C 2C 74,speed=0.00
1779699206.273,0x200,8,0A 64 69 F0 12 76 95 C3,fuel=100.00
1779699206.376,0x300,8,02 C4 22 61 84 46 33 A5,temp=42.00
1779699206.461,0x100,8,00 56 B0 3F 48 B2 9F 4C,speed=0.00
1779699206.593,0x200,8,AB 64 EE D9 AD 49 25 91,fuel=100.00
1779699206.655,0x300,8,02 0D 04 DC E0 32 A6 CE,temp=42.00
1779699206.795,0x100,8,00 D5 D1 63 FC D6 22 6A,speed=0.00
1779699206.862,0x200,8,AB 64 0C EB F8 7F C0 99,fuel=100.00
1779699206.999,0x300,8,02 36 AB C3 B4 C1 19 C4,temp=42.00
1779699207.065,0x100,8,00 4B DA 3D 66 2E 38 C8,speed=0.00
1779699207.146,0x200,8,80 64 19 6F F1 1F A7 E6,fuel=100.00
1779699207.207,0x300,8,02 92 52 7D BE EE 23 8A,temp=42.00
1779699207.356,0x100,8,00 B7 8C E2 74 AE E3 BB,speed=0.00
1779699207.436,0x200,8,55 64 D9 0D F4 45 87 94,fuel=100.00
1779699207.505,0x300,8,02 59 CA 60 1C 30 0D EC,temp=42.00
1779699207.584,0x100,8,00 ED EC 12 26 9E 5B E5,speed=0.00
1779699207.739,0x200,8,E3 64 BF D8 8C 96 9A AA,fuel=100.00
1779699207.816,0x300,8,02 C1 BE 3D B8 41 B5 0A,temp=42.00
1779699207.892,0x100,8,00 0C 99 A3 01 D8 F6 CE,speed=0.00
1779699208.011,0x200,8,67 64 52 5B 97 18 38 D1,fuel=100.00
1779699208.087,0x300,8,02 34 B3 C7 C8 5E B8 83,temp=42.00
1779699208.150,0x100,8,00 37 53 A1 3F A0 21 62,speed=0.00
1779699208.270,0x200,8,EC 64 0E 53 4F C3 23 E8,fuel=100.00
1779699208.323,0x300,8,02 CB 39 37 1E F3 67 11,temp=42.00
1779699208.447,0x100,8,00 E3 6C 93 1E 1D 7B 97,speed=0.00
1779699208.559,0x200,8,12 64 D1 15 27 C1 E9 C2,fuel=100.00
1779699208.649,0x300,8,02 6B 0C 03 1D 40 E0 CA,temp=42.00
1779699208.698,0x100,8,00 47 13 CA E9 5E EB 7A,speed=0.00
1779699208.819,0x200,8,66 64 56 FD 81 23 5A 82,fuel=100.00
1779699208.912,0x300,8,02 7D 18 55 D0 14 E2 D3,temp=42.00
1779699209.017,0x100,8,00 BA 80 A3 63 F2 8A 98,speed=0.00
1779699209.144,0x200,8,68 64 D0 1F CF 48 9B 81,fuel=100.00
1779699209.210,0x300,8,02 51 AB F8 7A 38 FE 04,temp=42.00
1779699209.293,0x100,8,00 AD 6D 9D 4E 59 F1 71,speed=0.00
1779699209.382,0x200,8,CA 64 F6 6C FC 87 48 05,fuel=100.00
1779699209.488,0x300,8,02 37 BF 3E 62 DB CC 76,temp=42.00
1779699209.675,0x100,8,00 F7 26 D9 5D 44 48 65,speed=0.00
1779699209.784,0x200,8,41 64 C2 DF BA 14 D3 AA,fuel=100.00
1779699209.835,0x300,8,02 98 22 67 0C 5B 9E C1,temp=42.00
1779699209.926,0x100,8,00 47 B5 15 95 DD 67 E3,speed=0.00
1779699210.042,0x200,8,50 64 C4 5B BF FB 22 EC,fuel=100.00
1779699210.122,0x300,8,02 65 71 AD 8D C3 08 BF,temp=42.00
1779699210.253,0x100,8,00 1F 60 9B 93 25 BC B3,speed=0.00
1779699210.325,0x200,8,32 64 35 0B DF 07 7D 3D,fuel=100.00
1779699210.449,0x300,8,02 03 04 E7 FD F8 5C C1,temp=42.00
1779699210.510,0x100,8,00 32 3B 6E 64 0D E4 8B,speed=0.00
1779699210.652,0x200,8,BB 64 1B AC 7B 3A BE BB,fuel=100.00
1779699210.700,0x300,8,02 FC AD 06 44 C6 7A D6,temp=42.00
1779699210.820,0x100,8,00 62 B2 92 7F 42 A0 5D,speed=0.00
1779699210.869,0x200,8,B6 64 06 66 BF 04 1B 70,fuel=100.00
1779699210.970,0x300,8,02 05 97 ED 5A 02 92 D3,temp=42.00
1779699211.075,0x100,8,00 3C 05 47 6A 0F C2 14,speed=0.00
1779699211.169,0x200,8,8E 64 9D 18 9A A2 CE 66,fuel=100.00
1779699211.264,0x300,8,02 45 7A 39 C3 4A 64 95,temp=42.00
1779699211.339,0x100,8,00 48 C3 89 FC FF F1 2A,speed=0.00
1779699211.425,0x200,8,C7 64 7D 0A A8 BF 5E C1,fuel=100.00
1779699211.541,0x300,8,02 15 C3 1E 41 6F DC 97,temp=42.00
1779699211.657,0x100,8,00 8B B4 39 40 22 26 FB,speed=0.00
1779699211.703,0x200,8,9B 64 6D FE 28 24 C2 AE,fuel=100.00
1779699211.818,0x300,8,02 D9 69 C3 43 F0 1B 05,temp=42.00
1779699211.920,0x100,8,00 F6 ED 9B 71 2F E1 DA,speed=0.00
1779699212.028,0x200,8,73 64 9F 76 B9 AA 42 CB,fuel=100.00
1779699212.126,0x300,8,02 FA DB 38 2F A8 43 29,temp=42.00
1779699212.191,0x100,8,00 CE FD F7 36 E7 BA 95,speed=0.00
1779699212.290,0x200,8,46 64 DF 34 CB 53 17 AF,fuel=100.00
1779699212.567,0x300,8,02 9F 8B C3 C1 C9 FC AF,temp=42.00
1779699212.700,0x100,8,00 87 FA AD 1C E8 9E 1E,speed=0.00
1779699212.743,0x200,8,FE 64 F7 7D F6 0D 01 EF,fuel=100.00
1779699212.850,0x300,8,02 F2 E0 B8 90 73 B9 E7,temp=42.00
1779699213.027,0x100,8,00 1C 2A BD BF 3D 1F 7E,speed=0.00
1779699213.151,0x200,8,5F 64 9E F4 E7 9F 10 26,fuel=100.00
1779699213.257,0x300,8,02 A8 81 3C E5 C1 03 EE,temp=42.00
1779699213.351,0x100,8,00 CF 9B DD 5A 0A E3 DB,speed=0.00
1779699213.442,0x200,8,76 64 B0 9A A6 71 D4 ED,fuel=100.00
1779699213.678,0x300,8,02 6D 45 BD 31 62 00 01,temp=42.00
1779699213.819,0x100,8,00 AA 2B BA B0 5D 56 AD,speed=0.00
1779699213.987,0x200,8,A3 64 FD EC F8 38 E5 02,fuel=100.00
1779699214.143,0x300,8,02 D5 34 15 A4 16 DA 89,temp=42.00
1779699214.335,0x100,8,00 31 64 87 AE 43 A5 F3,speed=0.00
1779699214.450,0x200,8,5B 64 93 C2 03 41 50 E5,fuel=100.00
1779699214.566,0x300,8,02 B9 3F 0B 85 C7 84 66,temp=42.00
1779699214.694,0x100,8,00 5A AB 51 DE D3 EC 28,speed=0.00
1779699214.772,0x200,8,EB 64 AB A1 94 F5 A5 FD,fuel=100.00
1779699214.836,0x300,8,02 F0 9D 8D 3E CE F6 CA,temp=42.00
1779699214.919,0x100,8,00 9C 32 66 88 3C C8 18,speed=0.00
1779699215.022,0x200,8,EF 64 89 C5 A1 E3 41 15,fuel=100.00
1779699215.078,0x300,8,02 85 26 7E AD 66 FE 07,temp=42.00
1779699215.176,0x100,8,00 7C 81 9C 04 1D 7D BE,speed=0.00
1779699215.306,0x200,8,E6 64 B6 28 72 1E C7 BF,fuel=100.00
1779699215.380,0x300,8,02 62 10 1C F6 FD E6 93,temp=42.00
1779699215.457,0x100,8,00 B2 1E 31 6B 92 10 0C,speed=0.00
1779699215.576,0x200,8,57 64 2D C5 1D 98 0A F9,fuel=100.00
1779699215.711,0x300,8,02 11 76 B8 39 4B 45 AA,temp=42.00
1779699215.759,0x100,8,00 C9 8F C3 14 D5 F4 3B,speed=0.00
1779699215.941,0x200,8,D0 64 7A 4D E2 90 42 51,fuel=100.00
1779699216.093,0x300,8,02 E8 18 EC D8 30 1B A1,temp=42.00
1779699216.211,0x100,8,00 3A FE 55 7C A6 5B A3,speed=0.00
1779699216.409,0x200,8,D6 64 BC 78 C5 27 AE A4,fuel=100.00
1779699216.478,0x300,8,02 C4 0C 43 0A 85 EA 5F,temp=42.00
1779699216.609,0x100,8,00 CE 8C 34 E2 93 AB DE,speed=0.00
1779699216.779,0x200,8,22 64 AD D2 70 36 56 3F,fuel=100.00
1779699216.907,0x300,8,02 42 F2 11 E1 08 B2 FC,temp=42.00
1779699216.952,0x100,8,00 03 E9 AC 06 31 24 5B,speed=0.00
1779699217.045,0x200,8,E6 64 6A BC 24 FC 88 64,fuel=100.00
1779699217.190,0x300,8,02 6D CD 0A A2 5F BB C5,temp=42.00
1779699217.475,0x100,8,00 8F 95 70 8D 39 97 38,speed=0.00
1779699217.695,0x200,8,4A 64 F7 30 E2 EA 48 70,fuel=100.00
1779699217.862,0x300,8,02 B6 0F D6 51 6F 85 D8,temp=42.00
1779699218.151,0x100,8,00 C7 D3 4C 3D 99 25 A4,speed=0.00
1779699218.193,0x200,8,44 64 17 75 E5 8F 4A 1A,fuel=100.00
1779699218.278,0x300,8,02 00 78 EA 7B 7F 8C D1,temp=42.00
1779699218.368,0x100,8,00 20 CD A3 D3 9B 98 F9,speed=0.00
1779699218.471,0x200,8,48 64 45 87 66 1E 31 CB,fuel=100.00
1779699218.604,0x300,8,02 70 78 13 DF 8C 50 73,temp=42.00
1779699218.690,0x100,8,00 B5 20 F3 CE DA 77 EC,speed=0.00
1779699218.778,0x200,8,79 64 CD 4B 03 12 80 6A,fuel=100.00
1779699218.871,0x300,8,02 C1 42 6B 57 48 D2 E5,temp=42.00
1779699218.983,0x100,8,00 AD 56 DA 7B 1B 2B 9E,speed=0.00
1779699219.208,0x200,8,F8 64 DE F8 84 DD 33 D4,fuel=100.00
1779699219.361,0x300,8,02 E2 1F 73 8C 54 39 20,temp=42.00
1779699219.594,0x100,8,00 C4 FF 0F 4E 23 5C 30,speed=0.00
1779699219.953,0x200,8,98 64 3D 17 2D B6 FF 58,fuel=100.00
1779699220.192,0x300,8,02 31 98 F3 25 D3 84 9A,temp=42.00
1779699220.753,0x100,8,00 CD 38 5D 62 90 71 D7,speed=0.00
1779699223.362,0x200,8,25 64 73 F2 11 E2 E3 D0,fuel=100.00
1779699224.044,0x300,8,02 4B 19 F9 AB 24 40 7A,temp=42.00
1779699225.017,0x100,8,00 C6 13 30 6E C2 4E 54,speed=0.00
1779699225.275,0x200,8,0B 64 BE 0C 60 0E 90 82,fuel=100.00
1779699225.456,0x300,8,02 DB F1 D4 BF AF D2 D2,temp=42.00
1779699225.734,0x100,8,00 45 7F 9F F9 1A 3B 53,speed=0.00
1779699226.441,0x200,8,A4 64 C3 2F 7F AC 09 CD,fuel=100.00
1779699226.606,0x300,8,02 FC 0D EF D0 1C 1F 7C,temp=42.00
1779699226.775,0x100,8,00 02 01 CE 83 F4 C2 23,speed=0.00
1779699227.271,0x200,8,45 64 E3 52 11 7D 4A 28,fuel=100.00
1779699227.508,0x300,8,02 81 2F E2 79 5C 0B AC,temp=42.00
1779699227.822,0x100,8,00 D9 9C 56 1B D5 EE 5C,speed=0.00
1779699228.394,0x200,8,B2 64 B7 14 E3 05 21 3B,fuel=100.00
1779699228.802,0x300,8,02 3E D3 D9 CE A7 0A B0,temp=42.00
1779699228.895,0x100,8,00 05 7E FC 3F D8 68 04,speed=0.00
1779699228.965,0x200,8,B9 64 A5 22 70 80 DC 5C,fuel=100.00
1779699229.067,0x300,8,02 56 CE 0D E0 30 1E 98,temp=42.00
1779699229.170,0x100,8,00 9D F5 00 E8 0A F5 CF,speed=0.00
1779699229.249,0x200,8,9A 64 24 9C 57 D9 F5 C4,fuel=100.00
1779699229.342,0x300,8,02 30 BA 35 85 37 6C 34,temp=42.00
1779699229.435,0x100,8,00 FF 9D B5 04 90 F3 0F,speed=0.00
1779699229.535,0x200,8,44 64 75 96 16 2C CB 46,fuel=100.00
1779699229.646,0x300,8,02 55 D7 53 5C 07 AB A7,temp=42.00
1779699229.725,0x100,8,00 F5 11 C4 A5 F5 E6 DB,speed=0.00
1779699229.822,0x200,8,12 64 49 4E 07 D6 AD 41,fuel=100.00
1779699229.902,0x300,8,02 6E 16 53 C6 27 CC 79,temp=42.00
1779699230.011,0x100,8,00 E7 D2 C1 9C 12 3D 3C,speed=0.00
1779699230.098,0x200,8,C8 64 0D 35 45 C4 3B 9D,fuel=100.00
1779699230.219,0x300,8,02 A5 3C B6 B3 55 D2 F7,temp=42.00
1779699230.280,0x100,8,00 BA 8A C4 04 99 17 FB,speed=0.00
1779699230.423,0x200,8,6F 64 54 DB 0E 4A E6 45,fuel=100.00
1779699230.467,0x300,8,02 96 30 B4 E9 08 02 16,temp=42.00
1779699230.585,0x100,8,00 B5 D5 F8 17 42 D0 EA,speed=0.00
1779699230.680,0x200,8,6F 64 05 15 FA 73 A0 16,fuel=100.00
1779699230.771,0x300,8,02 6C D1 E4 37 8E 0B C0,temp=42.00
1779699230.843,0x100,8,00 76 E9 D4 FF 31 4C 7B,speed=0.00
1779699230.931,0x200,8,70 64 20 70 2D 23 70 B4,fuel=100.00
1779699231.055,0x300,8,02 4C 34 5D 6C C2 12 71,temp=42.00
1779699231.141,0x100,8,00 59 A8 D6 58 5B CC 04,speed=0.00
1779699231.219,0x200,8,F7 64 97 5C 79 F6 80 EB,fuel=100.00
1779699231.316,0x300,8,02 8F 10 CC 21 ED 3E 4D,temp=42.00
1779699231.399,0x100,8,00 94 3B D9 8C 53 96 0F,speed=0.00
1779699231.518,0x200,8,9C 64 9C 8D 28 FD 4C 31,fuel=100.00
1779699231.591,0x300,8,02 B4 44 6C 2E F8 1F BB,temp=42.00
1779699231.694,0x100,8,00 C1 B6 F2 20 F3 74 E6,speed=0.00
1779699231.818,0x200,8,D9 64 EB 8E 24 57 06 85,fuel=100.00
1779699231.871,0x300,8,02 5B A4 85 69 29 44 28,temp=42.00
1779699231.972,0x100,8,00 F9 EA EE C6 15 7D 59,speed=0.00
1779699232.074,0x200,8,9C 64 DC 88 1F 91 E1 D2,fuel=100.00
1779699232.175,0x300,8,02 AE 31 2B AF CE 04 69,temp=42.00
1779699232.260,0x100,8,00 A2 3A 23 24 8A 99 9E,speed=0.00
1779699232.349,0x200,8,17 64 43 E4 81 3A AC 72,fuel=100.00
1779699232.444,0x300,8,02 E2 A8 C5 83 AB 6C 64,temp=42.00
1779699232.533,0x100,8,00 70 E4 48 A0 5F 16 39,speed=0.00
1779699232.653,0x200,8,8E 64 1B B6 61 36 F1 90,fuel=100.00
1779699232.727,0x300,8,02 E6 1B 06 85 99 3A BA,temp=42.00
1779699232.829,0x100,8,00 3B D5 66 D8 F4 CC 1C,speed=0.00
1779699232.907,0x200,8,27 64 95 67 ED 51 1A C9,fuel=100.00
1779699233.010,0x300,8,02 AE B0 92 75 21 A7 43,temp=42.00
1779699233.090,0x100,8,00 67 7C 21 8D 97 EC E8,speed=0.00
1779699233.204,0x200,8,2C 64 63 CE 5A 19 35 E8,fuel=100.00
1779699233.293,0x300,8,02 3A 04 64 AC A7 62 A2,temp=42.00
1779699233.385,0x100,8,00 75 E4 66 AC C1 CE EA,speed=0.00
1779699233.479,0x200,8,57 64 6C E4 A4 3E C2 A7,fuel=100.00
1779699233.604,0x300,8,02 E7 A6 07 97 92 BE 84,temp=42.00
1779699233.659,0x100,8,00 9B A3 3E 4E 07 D9 CA,speed=0.00
1779699233.771,0x200,8,82 64 2E F8 BF F6 1A D2,fuel=100.00
1779699233.842,0x300,8,02 A7 D6 32 82 25 CB D6,temp=42.00
1779699233.946,0x100,8,00 0B 50 89 80 BA 28 74,speed=0.00
1779699234.029,0x200,8,72 64 35 C4 84 15 86 F1,fuel=100.00
1779699234.142,0x300,8,02 92 F5 89 6D F9 DC 25,temp=42.00
1779699234.243,0x100,8,00 32 D8 B7 60 37 23 6C,speed=0.00
1779699234.327,0x200,8,0E 64 EF 73 3C 32 53 AA,fuel=100.00
1779699234.417,0x300,8,02 7B 0E 00 CF 76 7E 3A,temp=42.00
1779699234.522,0x100,8,00 E0 5B EA B1 41 6C 22,speed=0.00
1779699234.643,0x200,8,33 64 FA D0 7B 39 A2 72,fuel=100.00
1779699234.695,0x300,8,02 76 2B BB 52 1C 41 BC,temp=42.00
1779699234.797,0x100,8,00 0A AC 4B BD 0C D9 4F,speed=0.00
1779699234.873,0x200,8,82 64 66 1D 3C C0 56 7B,fuel=100.00
1779699235.005,0x300,8,02 8B 19 70 AB 0F B7 DF,temp=42.00
1779699235.090,0x100,8,00 DE B5 6F 43 5A 4F 42,speed=0.00
1779699235.261,0x200,8,9A 64 ED C7 47 50 EC 11,fuel=100.00
1779699235.378,0x300,8,02 FE 9A 6A 36 0F 41 8B,temp=42.00
1779699235.490,0x100,8,00 EC 7E 7B 2D AD 99 D8,speed=0.00
1779699235.639,0x200,8,A4 64 02 0C 2A 0C EB B8,fuel=100.00
1779699235.738,0x300,8,02 1B A6 38 33 6E BD B4,temp=42.00
1779699235.817,0x100,8,00 EE 22 8C 04 8C E8 F7,speed=0.00
1779699235.901,0x200,8,A3 64 2B 7C 42 2C C6 36,fuel=100.00
1779699236.022,0x300,8,02 C8 B1 11 C2 67 09 9B,temp=42.00
1779699236.242,0x100,8,00 E2 0A C8 AA 3D 47 6E,speed=0.00
1779699236.275,0x200,8,F5 64 CD BA BD D0 03 CB,fuel=100.00
1779699236.371,0x300,8,02 70 A0 AF 90 2C 92 BF,temp=42.00
1779699236.468,0x100,8,00 B3 C0 DD 78 8E F9 D7,speed=0.00
1779699236.562,0x200,8,EF 64 6F A0 18 AD 50 49,fuel=100.00
1779699236.660,0x300,8,02 4F 15 3F 64 11 76 E6,temp=42.00
1779699236.744,0x100,8,00 12 B9 16 DC DD 50 44,speed=0.00
1779699236.839,0x200,8,BB 64 53 68 19 E2 ED C2,fuel=100.00
1779699236.938,0x300,8,02 F3 64 92 31 9F E5 C1,temp=42.00
1779699237.029,0x100,8,00 B0 9D 97 35 D1 57 2F,speed=0.00
1779699237.131,0x200,8,77 64 02 D3 6D EA 33 F2,fuel=100.00
1779699237.219,0x300,8,02 DF FF F1 64 0B 0A E5,temp=42.00
1779699237.314,0x100,8,00 C2 88 4E DE 08 85 58,speed=0.00
1779699237.409,0x200,8,6D 64 33 EE 2C 7F E3 B5,fuel=100.00
1779699237.494,0x300,8,02 E5 7E 8B 02 AA EE 33,temp=42.00
1779699237.590,0x100,8,00 D2 C8 BB 56 0A 8E 5F,speed=0.00
1779699237.685,0x200,8,E1 64 CB ED 86 3F 04 28,fuel=100.00
1779699237.778,0x300,8,02 A3 B1 60 1A 8A 6C CC,temp=42.00
1779699237.874,0x100,8,00 9C DF 25 F8 1E 36 02,speed=0.00
1779699237.968,0x200,8,19 64 B6 40 6C E8 46 C7,fuel=100.00
1779699238.062,0x300,8,02 E2 9E 32 62 C9 65 68,temp=42.00
1779699238.152,0x100,8,00 2D EA F0 25 D1 61 14,speed=0.00
1779699238.243,0x200,8,6C 64 56 D1 42 8A 36 49,fuel=100.00
1779699238.336,0x300,8,02 F2 8A 0D F5 14 51 A7,temp=42.00
1779699238.441,0x100,8,00 D1 C9 06 5A 03 68 C1,speed=0.00
1779699238.531,0x200,8,74 64 5A 1D 2C CB A6 5C,fuel=100.00
1779699238.625,0x300,8,02 A2 E6 10 08 FE C6 EB,temp=42.00
1779699238.721,0x100,8,00 59 A0 39 DD 7B 9D FA,speed=0.00
1779699238.807,0x200,8,F3 64 4E D4 E4 16 B8 55,fuel=100.00
1779699238.900,0x300,8,02 25 2D 5F A3 80 59 8A,temp=42.00
1779699238.997,0x100,8,00 E6 B6 9D 72 3F 28 B7,speed=0.00
1779699239.091,0x200,8,78 64 7A 71 97 5B 8C B7,fuel=100.00
1779699239.191,0x300,8,02 E0 F6 61 B3 3B E1 26,temp=42.00
1779699239.281,0x100,8,00 D4 42 3B 57 29 98 74,speed=0.00
1779699239.371,0x200,8,D9 64 0D 80 0F FE C5 BB,fuel=100.00
1779699239.464,0x300,8,02 86 68 A2 EC 90 C6 95,temp=42.00
1779699239.557,0x100,8,00 8E F5 F1 BC 8F 26 12,speed=0.00
1779699239.652,0x200,8,38 64 3D 94 13 93 80 14,fuel=100.00
1779699239.750,0x300,8,02 5B E8 77 23 E6 8E 94,temp=42.00
1779699239.843,0x100,8,00 2C 69 E1 C7 34 C4 92,speed=0.00
1779699239.935,0x200,8,74 64 C8 E6 50 B2 08 EC,fuel=100.00
1779699240.031,0x300,8,02 AC 51 68 04 18 4C 02,temp=42.00
1779699240.121,0x100,8,00 90 4E 42 D4 3E 50 FD,speed=0.00
1779699240.215,0x200,8,CE 64 AF 5C 22 84 AF 6C,fuel=100.00
1779699240.308,0x300,8,02 17 67 F0 92 A2 68 13,temp=42.00
1779699240.401,0x100,8,00 84 B2 F9 57 50 2B A8,speed=0.00
1779699240.496,0x200,8,A1 64 7F 3E EC 61 85 67,fuel=100.00
1779699240.590,0x300,8,02 19 AA 29 D4 51 1F C5,temp=42.00
1779699240.682,0x100,8,00 64 D0 DC E9 06 DD 01,speed=0.00
1779699240.775,0x200,8,B3 64 A0 A1 8F BE F1 A9,fuel=100.00
1779699240.869,0x300,8,02 02 FC 5E 7F 26 36 DA,temp=42.00
1779699240.964,0x100,8,00 BA 70 49 34 B9 58 25,speed=0.00
1779699241.061,0x200,8,2D 64 6A D6 5C 6E C7 37,fuel=100.00
1779699241.154,0x300,8,02 92 2C 8F B2 9F CD C4,temp=42.00
1779699241.247,0x100,8,00 3F 21 22 A4 A4 1B 88,speed=0.00
1779699241.339,0x200,8,E4 64 9B 83 12 61 B6 CB,fuel=100.00
1779699241.435,0x300,8,02 A8 55 E3 B2 1A 04 6E,temp=42.00
1779699241.529,0x100,8,00 C2 EF 46 C7 7D 50 F5,speed=0.00
1779699241.623,0x200,8,E7 64 08 1A A2 F5 4A 63,fuel=100.00
1779699241.716,0x300,8,02 0F 89 89 10 86 FA 4D,temp=42.00
1779699241.807,0x100,8,00 8E 9C 5C 17 A9 76 97,speed=0.00
1779699241.904,0x200,8,89 64 DB B6 71 84 5C 8F,fuel=100.00
1779699241.993,0x300,8,02 91 CB 20 B1 20 FD 14,temp=42.00
1779699242.101,0x100,8,00 D3 03 C7 04 A3 E3 42,speed=0.00
1779699242.197,0x200,8,B7 64 F0 6A B1 5C 34 F3,fuel=100.00
1779699242.288,0x300,8,02 35 7B 4E E5 82 39 1B,temp=42.00
1779699242.376,0x100,8,00 DB C7 2E EF 9F AE B6,speed=0.00
1779699242.467,0x200,8,33 64 F5 B5 71 2E 54 02,fuel=100.00
1779699242.571,0x300,8,02 87 5D 5B 96 DA A3 24,temp=42.00
1779699242.659,0x100,8,00 F6 57 E5 4C 12 8D 5F,speed=0.00
1779699242.756,0x200,8,CD 64 33 61 6C F1 75 D1,fuel=100.00
1779699242.837,0x300,8,02 84 25 59 81 34 F7 D1,temp=42.00
1779699242.944,0x100,8,00 BA 4B C2 AB 82 DF 52,speed=0.00
1779699243.030,0x200,8,BC 64 AF 72 72 42 18 A1,fuel=100.00
1779699243.128,0x300,8,02 E4 8C 0B 03 A6 B5 6A,temp=42.00
1779699243.216,0x100,8,00 DC 15 A7 13 40 1B 17,speed=0.00
1779699243.312,0x200,8,85 64 83 69 B8 43 44 DC,fuel=100.00
1779699243.404,0x300,8,02 20 52 9F 70 D1 3D 2C,temp=42.00
1779699243.494,0x100,8,00 45 1C 08 AA F7 24 D5,speed=0.00
1779699243.593,0x200,8,E4 64 20 A3 B9 A7 01 A7,fuel=100.00
1779699243.687,0x300,8,02 2A 65 8D 44 4A 15 4A,temp=42.00
1779699243.780,0x100,8,00 E8 D6 CB 4A 9B 38 14,speed=0.00
1779699243.869,0x200,8,C9 64 46 99 DF AA 73 07,fuel=100.00
1779699243.973,0x300,8,02 48 A5 8F 89 3F 00 A2,temp=42.00
1779699244.058,0x100,8,00 F3 38 CC D4 03 11 07,speed=0.00
1779699244.153,0x200,8,70 64 7A 9D 03 8B 48 FC,fuel=100.00
1779699244.246,0x300,8,02 CD 66 A5 45 9D B8 A7,temp=42.00
1779699244.350,0x100,8,00 92 C6 64 62 70 1C 32,speed=0.00
1779699244.444,0x200,8,E3 64 2A DF DC 91 F7 6D,fuel=100.00
1779699244.528,0x300,8,02 30 AF A3 6C 6C DF 83,temp=42.00
1779699244.620,0x100,8,00 B3 43 4D 9B 30 1D BD,speed=0.00
1779699244.714,0x200,8,BD 64 63 F8 57 4A 47 46,fuel=100.00
1779699244.808,0x300,8,02 01 4D 35 FE C3 92 F4,temp=42.00
1779699244.900,0x100,8,00 1F F4 B7 3A 99 FE 4F,speed=0.00
1779699245.008,0x200,8,EF 64 C5 F0 34 45 9A 6A,fuel=100.00
1779699245.092,0x300,8,02 81 13 03 C3 FF 96 14,temp=42.00
1779699245.183,0x100,8,00 23 6C 6A F5 85 C6 3F,speed=0.00
1779699245.277,0x200,8,69 64 10 EC 94 D1 7A ED,fuel=100.00
1779699245.369,0x300,8,02 C0 81 63 77 7E F4 D2,temp=42.00
1779699245.464,0x100,8,00 7B CA 3B CA 02 35 0E,speed=0.00
1779699245.557,0x200,8,1C 64 0C EB E8 52 E5 ED,fuel=100.00
1779699245.654,0x300,8,02 CC D0 BD E6 6A F1 F9,temp=42.00
1779699245.744,0x100,8,00 8C 44 38 6C 0B EE 90,speed=0.00
1779699245.837,0x200,8,BB 64 D7 47 DB 25 50 D6,fuel=100.00
1779699245.936,0x300,8,02 E9 BD 7B E6 16 80 E2,temp=42.00
1779699246.033,0x100,8,00 61 BE CF 33 D0 4B 48,speed=0.00
1779699246.129,0x200,8,B3 64 6C 4F 95 6C BE 36,fuel=100.00
1779699246.225,0x300,8,02 C7 6E E5 29 61 D7 E2,temp=42.00
1779699246.322,0x100,8,00 8A B3 54 16 8C 1B 44,speed=0.00
1779699246.416,0x200,8,F8 64 B1 71 70 5A 33 B0,fuel=100.00
1779699246.500,0x300,8,02 47 E5 9C E3 5E E8 35,temp=42.00
1779699246.600,0x100,8,00 CC 8C E6 F1 56 3C 4E,speed=0.00
1779699246.693,0x200,8,45 64 DD 98 C5 B5 E7 FB,fuel=100.00
1779699246.776,0x300,8,02 33 8C 84 53 92 79 51,temp=42.00
1779699246.872,0x100,8,00 91 5F C8 08 7A 5A C6,speed=0.00
1779699246.976,0x200,8,25 64 67 33 C8 4E 13 BE,fuel=100.00
1779699247.068,0x300,8,02 AE E5 D1 66 5A F6 B9,temp=42.00
1779699247.150,0x100,8,00 2E 00 48 F2 D9 78 1E,speed=0.00
1779699247.243,0x200,8,C2 64 73 01 E3 C3 33 D0,fuel=100.00
1779699247.352,0x300,8,02 A9 4C E9 5E 2F 45 13,temp=42.00
1779699247.437,0x100,8,00 E6 AC 40 E0 E5 4F D9,speed=0.00
1779699247.527,0x200,8,25 64 F2 F3 46 26 AC 2C,fuel=100.00
1779699247.629,0x300,8,02 CA 66 F2 CA 88 2E 0A,temp=42.00
1779699247.724,0x100,8,00 C3 50 F4 07 DB BE DD,speed=0.00
1779699247.816,0x200,8,BD 64 11 EB 78 F7 47 01,fuel=100.00
1779699247.901,0x300,8,02 41 0E B2 5D CF 1D 1E,temp=42.00
1779699247.994,0x100,8,00 CD 49 56 A1 36 CB B4,speed=0.00
1779699248.092,0x200,8,8E 64 8A 5E 1A 5F CF 86,fuel=100.00
1779699248.190,0x300,8,02 5B 6C 14 06 F5 D2 55,temp=42.00
1779699248.286,0x100,8,00 9F 0D C9 0C EC B8 79,speed=0.00
1779699248.369,0x200,8,94 64 79 47 A2 5A 67 4A,fuel=100.00
1779699248.470,0x300,8,02 2C C8 D8 A5 B1 1C 0D,temp=42.00
1779699248.562,0x100,8,00 FE 4A 76 60 88 20 69,speed=0.00
1779699248.660,0x200,8,16 64 70 C4 59 16 23 37,fuel=100.00
1779699248.745,0x300,8,02 A7 CA 5E 75 CC A6 D7,temp=42.00
1779699248.844,0x100,8,00 35 14 1A F2 39 36 41,speed=0.00
1779699248.944,0x200,8,B5 64 FF 55 2B 4B DC 5F,fuel=100.00
1779699249.031,0x300,8,02 4F A0 0E 69 3C 31 B2,temp=42.00
1779699249.120,0x100,8,00 EE B3 FA A7 AE 8F 90,speed=0.00
1779699249.223,0x200,8,B9 64 13 4A EA 79 8B D9,fuel=100.00
1779699249.312,0x300,8,02 DA 24 5A 64 70 AB F9,temp=42.00
1779699249.406,0x100,8,00 52 DF 0C CB 05 1C 8D,speed=0.00
1779699249.500,0x200,8,96 64 25 72 85 D0 87 25,fuel=100.00
1779699249.590,0x300,8,02 F1 50 AB 3B CB 2C 6F,temp=42.00
1779699249.682,0x100,8,00 1A 60 25 91 87 7D 5C,speed=0.00
1779699249.781,0x200,8,1D 64 EB FE BD 3A EF F2,fuel=100.00
1779699249.875,0x300,8,02 D4 79 F9 C2 11 B6 A7,temp=42.00
1779699249.963,0x100,8,00 E0 F4 3C E0 40 AF 6F,speed=0.00
1779699250.066,0x200,8,A1 64 3D C5 65 96 9C 89,fuel=100.00
1779699250.149,0x300,8,02 67 55 15 79 1E 7C B4,temp=42.00
1779699250.247,0x100,8,00 C9 85 4B 5E C6 96 1B,speed=0.00
1779699250.337,0x200,8,83 64 7C CD 9B 67 26 29,fuel=100.00
1779699250.444,0x300,8,02 CF EF F3 F8 A3 F4 EF,temp=42.00
1779699250.530,0x100,8,00 2D 01 1A 42 F1 FE 9D,speed=0.00
1779699250.622,0x200,8,D6 64 4D 16 89 6C 58 4C,fuel=100.00
1779699250.714,0x300,8,02 D0 0B C3 A2 FF C9 D4,temp=42.00
1779699250.811,0x100,8,00 C4 4E 5D 5E C3 70 B9,speed=0.00
1779699250.906,0x200,8,61 64 57 8B 67 B1 69 6C,fuel=100.00
1779699250.995,0x300,8,02 6E 5F 3F 7C 8F EF EE,temp=42.00
1779699251.091,0x100,8,00 76 1D 56 25 3E B0 0B,speed=0.00
1779699251.185,0x200,8,F6 64 D7 5C 47 53 41 02,fuel=100.00
1779699251.279,0x300,8,02 57 ED 95 35 1D 55 C4,temp=42.00
1779699251.369,0x100,8,00 8C 62 D5 80 73 1E F6,speed=0.00
1779699251.465,0x200,8,57 64 58 93 6B 1A 76 44,fuel=100.00
1779699251.561,0x300,8,02 79 52 D6 5D F0 D7 73,temp=42.00
1779699251.650,0x100,8,00 0C B5 C5 46 66 D4 1F,speed=0.00
1779699251.746,0x200,8,B7 64 E5 C1 65 DA E3 EE,fuel=100.00
1779699251.841,0x300,8,02 86 CB F7 61 37 00 22,temp=42.00
1779699251.936,0x100,8,00 D6 07 6F 14 50 7A 73,speed=0.00
1779699252.027,0x200,8,15 64 F4 B5 17 67 06 E6,fuel=100.00
1779699252.128,0x300,8,02 FA C2 78 A9 19 75 0B,temp=42.00
1779699252.213,0x100,8,00 FD C7 18 2E 81 45 CB,speed=0.00
1779699252.306,0x200,8,F2 64 80 6A 0E A1 41 9F,fuel=100.00
1779699252.401,0x300,8,02 7F 7D 0B 22 5D C3 4A,temp=42.00
1779699252.495,0x100,8,00 DB 98 5A 2E A0 E3 19,speed=0.00
1779699252.587,0x200,8,EE 64 EE F8 BD 98 21 A8,fuel=100.00
1779699252.681,0x300,8,02 16 1C 5A B7 FB 5B 13,temp=42.00
1779699252.775,0x100,8,00 D0 E1 20 DE A7 F0 D4,speed=0.00
1779699252.869,0x200,8,6B 64 A2 AF E3 9E 38 E4,fuel=100.00
1779699252.964,0x300,8,02 99 E9 2B 4E D3 AB E0,temp=42.00
1779699253.057,0x100,8,00 7F B3 29 B1 1A D1 EA,speed=0.00
1779699253.151,0x200,8,0C 64 4F 95 B6 C5 8D 85,fuel=100.00
1779699253.245,0x300,8,02 BB 1A 5D CD AD 0C CA,temp=42.00
1779699253.339,0x100,8,00 59 ED 6A 9B D0 4A A5,speed=0.00
1779699253.438,0x200,8,60 64 97 4E CA A7 08 D7,fuel=100.00
1779699253.530,0x300,8,02 52 6C 84 DD 36 42 38,temp=42.00
1779699253.623,0x100,8,00 E7 7B E2 D1 FC DD FC,speed=0.00
1779699253.714,0x200,8,BD 64 B7 6C 46 EF FA 86,fuel=100.00
1779699253.812,0x300,8,02 9A 22 80 88 68 11 DA,temp=42.00
1779699253.901,0x100,8,00 A8 A1 1A 14 51 F8 AD,speed=0.00
1779699254.006,0x200,8,35 64 84 9B BB 97 3C 22,fuel=100.00
1779699254.088,0x300,8,02 89 2A 74 F1 F3 5F FA,temp=42.00
1779699254.186,0x100,8,00 02 08 7C F6 EF 1D 7A,speed=0.00
1779699254.275,0x200,8,82 64 9A 42 13 03 49 CB,fuel=100.00
1779699254.370,0x300,8,02 7B 1C 4A 3F BB 39 97,temp=42.00
1779699254.466,0x100,8,00 7A 51 F9 AE 85 E3 E6,speed=0.00
1779699254.563,0x200,8,C6 64 61 B5 13 2B 69 1B,fuel=100.00
1779699254.650,0x300,8,02 15 08 DD 44 20 2E FF,temp=42.00
1779699254.744,0x100,8,00 25 1F B0 62 83 7C 17,speed=0.00
1779699254.843,0x200,8,B4 64 5A 2A 75 F2 71 23,fuel=100.00
1779699254.932,0x300,8,02 80 48 D7 B5 28 92 F0,temp=42.00
1779699255.034,0x100,8,00 A4 D5 87 02 D9 DD 5F,speed=0.00
1779699255.123,0x200,8,B6 64 FD D9 32 11 FD 5A,fuel=100.00
1779699255.216,0x300,8,02 7D 3D EF 73 F4 D5 B7,temp=42.00
1779699255.312,0x100,8,00 C3 C4 38 BE E0 3D 8A,speed=0.00
1779699255.400,0x200,8,91 64 F5 BD B1 77 E4 DA,fuel=100.00
1779699255.493,0x300,8,02 50 47 B1 69 12 41 FC,temp=42.00
1779699255.587,0x100,8,00 76 8C F7 7B 18 9E 1D,speed=0.00
1779699255.681,0x200,8,00 64 1D FD 94 80 9E C5,fuel=100.00
1779699255.779,0x300,8,02 DD 30 61 5E D1 2E 37,temp=42.00
1779699255.870,0x100,8,00 1B 1C F8 A0 DA C3 E5,speed=0.00
1779699255.962,0x200,8,D0 64 BF CD 2D 12 24 96,fuel=100.00
1779699256.056,0x300,8,02 97 23 4C 89 F9 82 89,temp=42.00
1779699256.153,0x100,8,00 6E BD 82 0F F8 52 9F,speed=0.00
1779699256.248,0x200,8,63 64 32 4F 53 E9 2E 7E,fuel=100.00
1779699256.343,0x300,8,02 13 36 C0 EA D8 96 65,temp=42.00
1779699256.447,0x100,8,00 86 5A AA 60 D3 2D 26,speed=0.00
1779699256.526,0x200,8,EF 64 42 80 98 06 2E 5F,fuel=100.00
1779699256.626,0x300,8,02 69 D0 14 F9 42 2F 63,temp=42.00
1779699256.713,0x100,8,00 69 C0 B3 38 6E DC 5A,speed=0.00
1779699256.811,0x200,8,F1 64 25 DC CA 0B 02 08,fuel=100.00
1779699256.899,0x300,8,02 55 FF 92 CC 21 EB 34,temp=42.00
1779699257.000,0x100,8,00 F4 BF 4E 60 93 C7 41,speed=0.00
1779699257.094,0x200,8,9C 64 90 C4 3B 5C 22 94,fuel=100.00
1779699257.191,0x300,8,02 D3 EE 58 22 6B 22 60,temp=42.00
1779699257.278,0x100,8,00 9A 0A F8 E3 70 FA EB,speed=0.00
1779699257.372,0x200,8,D3 64 84 85 3C 1B 9E 63,fuel=100.00
1779699257.467,0x300,8,02 D9 66 64 D1 74 8F 14,temp=42.00
1779699257.571,0x100,8,00 50 14 08 86 43 56 74,speed=0.00
1779699257.657,0x200,8,B2 64 8F 41 A0 E7 89 29,fuel=100.00
1779699257.757,0x300,8,02 B6 F4 20 C1 7C AE B8,temp=42.00
1779699257.840,0x100,8,00 77 BC 3B 99 30 3D D9,speed=0.00
1779699257.940,0x200,8,4A 64 6B CC 52 BE 0E B1,fuel=100.00
1779699258.027,0x300,8,02 82 E7 07 3D E9 44 73,temp=42.00
1779699258.119,0x100,8,00 AA 5E 98 20 3F A8 FB,speed=0.00
1779699258.215,0x200,8,E9 64 6B 48 50 3E C2 B2,fuel=100.00
1779699258.308,0x300,8,02 8C 68 EE FF 5F B4 76,temp=42.00
1779699258.411,0x100,8,00 A8 D2 A6 CA AD 90 9B,speed=0.00
1779699258.502,0x200,8,D8 64 A6 72 AC 04 A4 BE,fuel=100.00
1779699258.593,0x300,8,02 C4 EC 44 F7 95 60 1B,temp=42.00
1779699258.691,0x100,8,00 3F D4 51 5A BC 1E BC,speed=0.00
1779699258.778,0x200,8,5E 64 09 95 65 32 92 ED,fuel=100.00
1779699258.869,0x300,8,02 7B 6F F9 A2 FB 9F 68,temp=42.00
1779699258.972,0x100,8,00 E9 3E 18 9D 49 28 59,speed=0.00
1779699259.068,0x200,8,C8 64 7D A8 E1 D1 DE 7E,fuel=100.00
1779699259.156,0x300,8,02 6C 0B 4A 7F 9B D1 90,temp=42.00
1779699259.252,0x100,8,00 CC 3B EA 1E 85 C4 31,speed=0.00
1779699259.342,0x200,8,A6 64 5B 63 07 17 EC 76,fuel=100.00
1779699259.432,0x300,8,02 5D BE FB 98 F9 01 DE,temp=42.00
1779699259.526,0x100,8,00 3E 89 C7 EE 40 5D A3,speed=0.00
1779699259.620,0x200,8,21 64 EA EE 5D 8E D4 E1,fuel=100.00
1779699259.721,0x300,8,02 A0 49 77 46 60 E3 F1,temp=42.00
1779699259.809,0x100,8,00 1B 56 97 13 D5 6E 56,speed=0.00
1779699259.902,0x200,8,60 64 4B 0C 6F 2F 5A 10,fuel=100.00
1779699259.993,0x300,8,02 7F C9 0D 67 B7 15 FA,temp=42.00
1779699260.091,0x100,8,00 B8 BA A9 08 FE CA 83,speed=0.00
1779699260.188,0x200,8,58 64 DE 9D C0 FB 10 7D,fuel=100.00
1779699260.279,0x300,8,02 D6 A6 04 F0 34 56 6C,temp=42.00
1779699260.374,0x100,8,00 E8 7D 00 92 A2 85 4B,speed=0.00
1779699260.467,0x200,8,1C 64 A4 D4 4A F5 7C 37,fuel=100.00
1779699260.558,0x300,8,02 A1 82 B7 CE 71 56 1B,temp=42.00
1779699260.654,0x100,8,00 DD 0A D7 F1 B0 49 9B,speed=0.00
1779699260.748,0x200,8,74 64 21 A4 91 D0 92 AF,fuel=100.00
1779699260.839,0x300,8,02 58 8E B5 49 F9 C8 66,temp=42.00
1779699260.932,0x100,8,00 78 B9 BA 52 22 29 EA,speed=0.00
1779699261.028,0x200,8,85 64 75 A3 45 F9 13 77,fuel=100.00
1779699261.121,0x300,8,02 1A 80 0C A9 A2 3B 84,temp=42.00
1779699261.215,0x100,8,00 1B 74 8C E9 DF A3 03,speed=0.00
1779699261.310,0x200,8,C0 64 B7 D4 0D 47 7E D6,fuel=100.00
1779699261.403,0x300,8,02 F2 97 9B F8 54 63 A1,temp=42.00
1779699261.493,0x100,8,00 3C 72 C8 F6 74 0B F8,speed=0.00
1779699261.591,0x200,8,DF 64 42 A3 8C 21 79 68,fuel=100.00
1779699261.689,0x300,8,02 DA D1 BB 34 F9 15 B3,temp=42.00
1779699261.782,0x100,8,00 6B DB 82 A6 75 C7 81,speed=0.00
1779699261.879,0x200,8,0A 64 79 89 3C BA 13 D5,fuel=100.00
1779699261.975,0x300,8,02 C5 05 84 4A 73 77 38,temp=42.00
1779699262.061,0x100,8,00 52 38 90 56 0B 4C 3E,speed=0.00
1779699262.157,0x200,8,B7 64 29 C5 A4 D2 18 8B,fuel=100.00
1779699262.248,0x300,8,02 7E 20 7C FF 5F 79 E4,temp=42.00
1779699262.345,0x100,8,00 88 A8 D7 8C FA 5A FA,speed=0.00
1779699262.440,0x200,8,04 64 EB 66 44 AC A0 E7,fuel=100.00
1779699262.528,0x300,8,02 C0 DC 3E 85 E6 DB E0,temp=42.00
1779699262.627,0x100,8,00 D6 99 14 65 79 D0 D9,speed=0.00
1779699262.713,0x200,8,F7 64 1C BD E8 C3 3A C0,fuel=100.00
1779699262.811,0x300,8,02 4D 4B D3 FA B6 4D 31,temp=42.00
1779699262.908,0x100,8,00 D3 38 E8 87 03 C5 2C,speed=0.00
1779699262.995,0x200,8,57 64 88 72 BD 3C 90 98,fuel=100.00
1779699263.093,0x300,8,02 8E 0A 07 EA 2B A7 32,temp=42.00
1779699263.191,0x100,8,00 6D DC DD 2F 66 7D 1E,speed=0.00
1779699263.281,0x200,8,E6 64 26 70 01 1D 08 87,fuel=100.00
1779699263.373,0x300,8,02 C0 92 5A 8B 80 14 59,temp=42.00
1779699263.464,0x100,8,00 F3 1C 0C 31 4B CD A3,speed=0.00
1779699264.324,0x200,8,BC 64 27 0D C5 FD 76 F1,fuel=100.00
1779699264.672,0x300,8,02 48 98 D8 9B 85 DE 19,temp=42.00
1779699264.764,0x100,8,00 A4 2B 74 3E F3 E1 67,speed=0.00
1779699264.866,0x200,8,7E 64 7E EA F5 41 7D 7D,fuel=100.00
1779699264.961,0x300,8,02 4C 82 84 AA FC FF B4,temp=42.00
1779699265.037,0x100,8,00 E8 74 66 38 D7 96 0A,speed=0.00
1779699265.149,0x200,8,83 64 74 27 66 4B 33 4F,fuel=100.00
1779699265.225,0x300,8,02 4F 11 88 56 5C 91 F0,temp=42.00
1779699265.333,0x100,8,00 78 DC 4E A3 8A 1E 6F,speed=0.00
1779699265.416,0x200,8,B7 64 E8 51 62 BE A0 D1,fuel=100.00
1779699265.505,0x300,8,02 D8 BE D0 1A 89 50 A5,temp=42.00
1779699265.616,0x100,8,00 B4 A7 EE 87 AE EC 9D,speed=0.00
1779699265.694,0x200,8,C5 64 14 97 27 A4 A1 E0,fuel=100.00
1779699265.791,0x300,8,02 B4 77 6D 59 1B EF 8B,temp=42.00
1779699265.884,0x100,8,00 0F 95 45 D5 A2 9E 70,speed=0.00
1779699265.979,0x200,8,49 64 9B 10 3C 66 74 7F,fuel=100.00
1779699266.066,0x300,8,02 DE 26 AF 4A 99 87 B2,temp=42.00
1779699266.154,0x100,8,00 7B C5 57 43 2C 52 2F,speed=0.00
1779699266.251,0x200,8,5A 64 FA BF CD 0B 4C 6D,fuel=100.00
1779699266.346,0x300,8,02 4C BA FD 2B 80 59 80,temp=42.00
1779699266.437,0x100,8,00 E0 E2 A3 10 72 76 18,speed=0.00
1779699266.546,0x200,8,9E 64 73 10 15 97 F7 7B,fuel=100.00
1779699266.661,0x300,8,02 27 46 FF 2F D0 AD 1B,temp=42.00
1779699266.740,0x100,8,00 E0 83 06 0D 90 0B 7F,speed=0.00
1779699266.816,0x200,8,FA 64 AD 00 FD 96 E4 6F,fuel=100.00
1779699266.900,0x300,8,02 70 E8 3E 29 07 42 16,temp=42.00
1779699267.004,0x100,8,00 CD 3D BB F8 87 7B D6,speed=0.00
1779699267.094,0x200,8,03 64 C5 A5 69 A7 F5 35,fuel=100.00
1779699267.195,0x300,8,02 25 EB 77 20 34 AD C4,temp=42.00
1779699267.278,0x100,8,00 2B 0D 1E 85 BB 9A CE,speed=0.00
1779699267.371,0x200,8,B0 64 EB 46 9F 1F 02 67,fuel=100.00
1779699267.466,0x300,8,02 33 AA CE FE C2 5A E6,temp=42.00
1779699267.557,0x100,8,00 F6 2C 89 2D 3F 36 AA,speed=0.00
1779699267.656,0x200,8,81 64 58 0C 44 10 93 DA,fuel=100.00
1779699267.746,0x300,8,02 01 37 2E AA F4 2D 2C,temp=42.00
1779699267.852,0x100,8,00 66 25 9A 34 BC 0A F3,speed=0.00
1779699267.943,0x200,8,7D 64 3D F8 73 B3 B9 80,fuel=100.00
1779699268.027,0x300,8,02 91 EE 55 90 08 17 97,temp=42.00
1779699268.124,0x100,8,00 8F 34 C0 59 A3 02 FD,speed=0.00
1779699268.214,0x200,8,B6 64 54 55 0A E8 DC 35,fuel=100.00
1779699268.314,0x300,8,02 94 23 FC 60 55 77 A7,temp=42.00
1779699268.410,0x100,8,00 A9 0A 90 37 CD C5 68,speed=0.00
1779699268.494,0x200,8,8F 64 D5 98 97 2C 61 90,fuel=100.00
1779699268.599,0x300,8,02 EE 02 77 30 B3 E2 33,temp=42.00
1779699268.682,0x100,8,00 03 76 FB 45 6E 35 45,speed=0.00
1779699268.783,0x200,8,D4 64 69 FE 3F 82 8B D2,fuel=100.00
1779699268.869,0x300,8,02 18 F9 FE 53 DA 51 CE,temp=42.00
1779699268.963,0x100,8,00 7E FD 08 CA 2B 91 9C,speed=0.00
1779699269.063,0x200,8,B9 64 23 BC 21 44 26 C4,fuel=100.00
1779699269.162,0x300,8,02 84 35 9D 40 C5 72 EA,temp=42.00
1779699269.254,0x100,8,00 DE AD 50 F5 73 A7 37,speed=0.00
1779699269.342,0x200,8,AF 64 6C 1E 43 1E F4 ED,fuel=100.00
1779699269.447,0x300,8,02 6D 40 10 46 5E 04 66,temp=42.00
1779699269.536,0x100,8,00 15 95 E8 D6 6C 0A F9,speed=0.00
1779699269.639,0x200,8,6D 64 56 9F 0C E9 A9 E3,fuel=100.00
1779699269.723,0x300,8,02 90 BE C1 48 D4 C9 C6,temp=42.00
1779699269.819,0x100,8,00 74 E3 03 0D 7A 1C 42,speed=0.00
1779699269.914,0x200,8,13 64 FE 64 DE 24 56 FF,fuel=100.00
1779699270.005,0x300,8,02 D3 DF 64 17 60 83 8C,temp=42.00
1779699270.095,0x100,8,00 F3 10 37 D4 99 A3 C5,speed=0.00
1779699270.182,0x200,8,2C 64 E1 1C B3 AF FF 5B,fuel=100.00
1779699270.275,0x300,8,02 E3 BB E2 F6 FB 2A 86,temp=42.00
1779699270.370,0x100,8,00 DD C6 4E FB 58 8F 65,speed=0.00
1779699270.466,0x200,8,04 64 3F CF 29 51 01 BF,fuel=100.00
1779699270.556,0x300,8,02 43 04 24 2C F4 11 E2,temp=42.00
1779699270.654,0x100,8,00 E9 4A 1D 13 64 7F 7E,speed=0.00
1779699270.760,0x200,8,8F 64 5A 1D 7C B3 6B 27,fuel=100.00
1779699270.851,0x300,8,02 36 7C 6B 3F C7 52 60,temp=42.00
1779699270.933,0x100,8,00 4F F8 CC C8 D5 31 9B,speed=0.00
1779699271.032,0x200,8,35 64 C5 7A DE 90 CE DD,fuel=100.00
1779699271.126,0x300,8,02 DB EA 12 A5 75 32 58,temp=42.00
1779699271.222,0x100,8,00 42 FA 74 6B 5F 47 58,speed=0.00
1779699271.314,0x200,8,4A 64 96 01 06 16 90 91,fuel=100.00
1779699271.409,0x300,8,02 BE 3C 4E B9 C8 56 99,temp=42.00
1779699271.494,0x100,8,00 0E 57 C1 69 C1 9E C4,speed=0.00
1779699271.598,0x200,8,18 64 EF 3C D4 61 F8 24,fuel=100.00
1779699271.688,0x300,8,02 4B 31 61 DE 79 FF A0,temp=42.00
1779699271.781,0x100,8,00 06 61 D9 56 38 3B 4F,speed=0.00
1779699271.870,0x200,8,2D 64 91 8B 04 ED 49 D7,fuel=100.00
1779699271.975,0x300,8,02 E7 5A A2 B6 03 94 83,temp=42.00
1779699272.076,0x100,8,00 25 A5 EF BF 6D 5A D3,speed=0.00
1779699272.163,0x200,8,31 64 B8 B4 38 FC 57 BE,fuel=100.00
1779699272.305,0x300,8,02 AA 6E 96 C8 6E 8E 5E,temp=42.00
1779699272.396,0x100,8,00 34 44 7B 8A 33 5C 78,speed=0.00
1779699272.491,0x200,8,BF 64 24 9E 2B D4 C1 BD,fuel=100.00
1779699272.585,0x300,8,02 C1 AC 98 4F 75 FE D6,temp=42.00
1779699272.673,0x100,8,00 1E 39 00 DF D7 E6 C5,speed=0.00
1779699272.760,0x200,8,C8 64 37 EB 03 F7 F4 38,fuel=100.00
1779699272.862,0x300,8,02 9B B3 97 43 42 E6 99,temp=42.00
1779699272.957,0x100,8,00 41 9B 3D 08 1A 08 AA,speed=0.00
1779699273.053,0x200,8,3B 64 F9 C3 F2 07 CC E2,fuel=100.00
1779699273.136,0x300,8,02 23 57 29 6E D4 1D A0,temp=42.00
1779699273.234,0x100,8,00 34 11 69 27 BF 96 97,speed=0.00
1779699273.332,0x200,8,E1 64 E4 02 8F 48 CE 63,fuel=100.00
1779699273.426,0x300,8,02 63 57 0F D9 CD B7 90,temp=42.00
1779699273.516,0x100,8,00 E4 F2 ED BF B0 DB 9C,speed=0.00
1779699273.615,0x200,8,9D 64 E0 B6 55 E7 04 FB,fuel=100.00
1779699273.696,0x300,8,02 D4 82 8C F0 45 1F 62,temp=42.00
1779699273.797,0x100,8,00 48 EE 04 50 05 C1 75,speed=0.00
1779699273.886,0x200,8,E7 64 38 90 C2 FF C1 1B,fuel=100.00
1779699273.980,0x300,8,02 67 0E 08 10 CB ED A2,temp=42.00
1779699274.079,0x100,8,00 E6 F6 FF 88 43 04 FB,speed=0.00
1779699274.171,0x200,8,B2 64 FD CD 40 F3 8A 3D,fuel=100.00
1779699274.264,0x300,8,02 78 DA FE 30 42 48 13,temp=42.00
1779699274.362,0x100,8,00 FF 41 8C 89 86 6E 5B,speed=0.00
1779699274.447,0x200,8,3C 64 03 2E 0F 6C 56 9C,fuel=100.00
1779699274.546,0x300,8,02 DD 55 34 61 C7 14 DC,temp=42.00
1779699274.643,0x100,8,00 7D F9 09 FB 19 A0 BE,speed=0.00
1779699274.734,0x200,8,D0 64 3D 3E E4 56 D3 A3,fuel=100.00
1779699274.829,0x300,8,02 57 BD 45 62 DC DB 6A,temp=42.00
1779699274.921,0x100,8,00 83 AC 23 27 39 67 3D,speed=0.00
1779699275.014,0x200,8,16 64 BE 5F 7F 03 37 D9,fuel=100.00
1779699275.110,0x300,8,02 71 E9 19 D7 14 71 1C,temp=42.00
1779699275.199,0x100,8,00 C9 C1 A6 66 46 23 09,speed=0.00
1779699275.299,0x200,8,E7 64 D5 4F 09 20 CA 69,fuel=100.00
1779699275.396,0x300,8,02 E8 85 35 27 EA 4D C4,temp=42.00
1779699275.493,0x100,8,00 E6 7D 8A 9E 2B F9 E9,speed=0.00
1779699275.580,0x200,8,09 64 70 EF 51 5E 39 67,fuel=100.00
1779699275.670,0x300,8,02 78 B3 D5 64 AE C3 97,temp=42.00
1779699275.762,0x100,8,00 50 6C 88 E9 34 FF 35,speed=0.00
1779699275.857,0x200,8,73 64 6F 8C 30 CB 03 28,fuel=100.00
1779699275.947,0x300,8,02 D7 CE ED 85 60 E2 EE,temp=42.00
1779699276.042,0x100,8,00 98 07 D9 E6 73 40 12,speed=0.00
1779699276.147,0x200,8,88 64 5D 51 FE 66 69 DC,fuel=100.00
1779699276.231,0x300,8,02 24 28 75 E4 EE 4E AF,temp=42.00
1779699276.328,0x100,8,00 6E 6D 10 C8 F9 1A 07,speed=0.00
1779699276.417,0x200,8,4E 64 BA 1F 6D 21 A3 C0,fuel=100.00
1779699276.512,0x300,8,02 6C 96 9C CC 3B 98 33,temp=42.00
1779699276.614,0x100,8,00 14 FD E6 CA 6B 3D 45,speed=0.00
1779699276.697,0x200,8,84 64 44 6A 4E 25 F5 56,fuel=100.00
1779699276.792,0x300,8,02 5E 42 BA 2D BD 82 08,temp=42.00
1779699276.894,0x100,8,00 B6 D7 10 77 3F 04 C1,speed=0.00
1779699276.991,0x200,8,D2 64 F2 6D 1E 90 D7 81,fuel=100.00
1779699277.079,0x300,8,02 DB D5 2A 76 6B 3B F7,temp=42.00
1779699277.173,0x100,8,00 BB B5 C5 54 22 61 F0,speed=0.00
1779699277.268,0x200,8,91 64 3C 85 10 0E 98 94,fuel=100.00
1779699277.362,0x300,8,02 F3 EC E5 B6 CA 53 4E,temp=42.00
1779699277.447,0x100,8,00 D1 03 65 7A 65 7E EA,speed=0.00
1779699277.545,0x200,8,83 64 97 85 BA F1 E8 9B,fuel=100.00
1779699277.648,0x300,8,02 FC A0 C3 DA 93 FE ED,temp=42.00
1779699277.731,0x100,8,00 F0 AB 2B 1B DA 65 73,speed=0.00
1779699277.827,0x200,8,96 64 D5 C0 A5 1E DE 50,fuel=100.00
1779699277.920,0x300,8,02 F0 EA 06 25 F7 91 40,temp=42.00
1779699278.012,0x100,8,00 CE 5E 7A EB CC 84 E8,speed=0.00
1779699278.109,0x200,8,1D 64 40 23 E3 90 F2 BF,fuel=100.00
1779699278.201,0x300,8,02 FE 17 1C 89 5E 94 BC,temp=42.00
1779699278.291,0x100,8,00 25 55 BD CD 0A FA CF,speed=0.00
1779699278.386,0x200,8,EA 64 F0 AD 45 61 78 03,fuel=100.00
1779699278.487,0x300,8,02 B0 F7 1E 63 EA 0A 6E,temp=42.00
1779699278.584,0x100,8,00 10 81 49 E6 01 AD 20,speed=0.00
1779699278.676,0x200,8,67 64 A4 0A 56 C1 9F 66,fuel=100.00
1779699278.770,0x300,8,02 62 12 04 20 97 E9 2A,temp=42.00
1779699278.867,0x100,8,00 F5 BB F7 F9 28 43 0B,speed=0.00
1779699278.960,0x200,8,79 64 EB DF 18 CE A7 1B,fuel=100.00
1779699279.045,0x300,8,02 A5 E2 35 F4 D8 A8 8C,temp=42.00
1779699279.148,0x100,8,00 29 53 6B FC B1 76 E0,speed=0.00
1779699279.227,0x200,8,DC 64 CA 03 DE 99 8B 69,fuel=100.00
1779699279.322,0x300,8,02 C8 C9 8D 52 8B 66 1E,temp=42.00
1779699279.418,0x100,8,00 28 9E 01 7C 5F 2E FF,speed=0.00
1779699279.512,0x200,8,74 64 BD 54 73 70 36 A3,fuel=100.00
1779699279.607,0x300,8,02 0B B4 9A AF 6C 86 C2,temp=42.00
1779699279.700,0x100,8,00 1C 9D DC FE 9A 91 DC,speed=0.00
1779699279.795,0x200,8,9C 64 49 40 51 70 98 41,fuel=100.00
1779699279.885,0x300,8,02 7E E5 B6 06 A8 72 7F,temp=42.00
1779699279.984,0x100,8,00 43 E4 A9 7C 73 5D B9,speed=0.00
1779699280.080,0x200,8,9A 64 D9 DD 6F F0 55 CD,fuel=100.00
1779699280.175,0x300,8,02 B4 C3 17 AE FF FF 86,temp=42.00
1779699280.271,0x100,8,00 73 75 EC CF 17 DB 04,speed=0.00
1779699280.356,0x200,8,8F 64 ED AF 43 2B 19 91,fuel=100.00
1779699280.456,0x300,8,02 E3 71 91 AB D3 AF 6A,temp=42.00
1779699280.551,0x100,8,00 46 02 01 E2 9F BD 95,speed=0.00
1779699280.645,0x200,8,EA 64 FB 1A D3 1E C6 27,fuel=100.00
1779699280.737,0x300,8,02 8E D2 16 02 79 BE 98,temp=42.00
1779699280.838,0x100,8,00 8F 29 3F A9 6C BB 21,speed=0.00
1779699280.927,0x200,8,F3 64 D0 75 06 51 74 07,fuel=100.00
1779699281.020,0x300,8,02 12 84 22 AE FF F8 5A,temp=42.00
1779699281.116,0x100,8,00 5E 36 0B FE 44 5F C2,speed=0.00
1779699281.211,0x200,8,8F 64 27 21 25 7F 67 EC,fuel=100.00
1779699281.312,0x300,8,02 28 96 E5 9E B5 2C 1A,temp=42.00
1779699281.385,0x100,8,00 D3 75 A9 E3 31 C8 09,speed=0.00
1779699281.479,0x200,8,D5 64 65 95 E0 B0 A5 54,fuel=100.00
1779699281.573,0x300,8,02 2A 29 2B 0B 7E CB 60,temp=42.00
1779699281.671,0x100,8,00 F6 62 1D D6 26 65 6E,speed=0.00
1779699281.765,0x200,8,F4 64 5A A7 B5 9C 46 6C,fuel=100.00
1779699281.857,0x300,8,02 FE 4B 9F CB 71 AE 42,temp=42.00
1779699281.951,0x100,8,00 03 7D A0 1D D2 F3 4F,speed=0.00
1779699282.044,0x200,8,7A 64 B1 93 3A 8C D2 A8,fuel=100.00
1779699282.138,0x300,8,02 15 B5 E6 19 BF 2B 8D,temp=42.00
1779699282.232,0x100,8,00 2F A2 62 C9 B3 98 32,speed=0.00
1779699282.335,0x200,8,A8 64 0C EE 0E 6A 1B 34,fuel=100.00
1779699282.442,0x300,8,02 B3 81 D3 D5 46 23 B7,temp=42.00
1779699282.518,0x100,8,00 84 4B C5 F3 A6 D4 56,speed=0.00
1779699282.609,0x200,8,92 64 5C 62 00 CF A0 A6,fuel=100.00
1779699282.704,0x300,8,02 47 38 79 14 21 5A 71,temp=42.00
1779699282.792,0x100,8,00 12 FC AE 33 EB 67 6D,speed=0.00
1779699282.890,0x200,8,5E 64 41 A3 3C 56 79 CD,fuel=100.00
1779699282.981,0x300,8,02 51 1B D3 B8 ED 64 54,temp=42.00
1779699283.079,0x100,8,00 50 FD 35 15 27 A9 F3,speed=0.00
1779699283.175,0x200,8,E2 64 0D E4 E2 D5 C0 08,fuel=100.00
1779699283.269,0x300,8,02 0C D0 5D 23 01 26 FE,temp=42.00
1779699283.353,0x100,8,00 EE 73 21 68 5B B2 CD,speed=0.00
1779699283.461,0x200,8,CC 64 3F E7 6A FA ED 3A,fuel=100.00
1779699283.548,0x300,8,02 91 B5 C2 5E 84 9E 2E,temp=42.00
1779699283.644,0x100,8,00 09 3F C0 6E 99 38 3E,speed=0.00
1779699283.734,0x200,8,E6 64 CC 99 B0 EA 7F 48,fuel=100.00
1779699283.833,0x300,8,02 DB 8E 5D 84 C9 2D 40,temp=42.00
1779699283.923,0x100,8,00 C0 89 6C AD DF DC 20,speed=0.00
1779699284.019,0x200,8,BD 64 74 AD 43 CE 51 B9,fuel=100.00
1779699284.111,0x300,8,02 4E B5 79 88 9F CE 55,temp=42.00
1779699284.207,0x100,8,00 CD 6E 97 52 4A 7E 33,speed=0.00
1779699284.301,0x200,8,3F 64 1A FC 0E CE 5F 96,fuel=100.00
1779699284.395,0x300,8,02 9A 1B 99 42 09 C6 AE,temp=42.00
1779699284.479,0x100,8,00 2E 8A 45 AA 15 43 F5,speed=0.00
1779699284.579,0x200,8,CD 64 4D AB 68 C8 BA 57,fuel=100.00
1779699284.678,0x300,8,02 1D 67 46 80 72 08 4A,temp=42.00
1779699284.772,0x100,8,00 69 D2 B9 69 18 12 F1,speed=0.00
1779699284.867,0x200,8,02 64 89 83 D3 16 42 F0,fuel=100.00
1779699284.958,0x300,8,02 F9 31 72 9C 77 2F C2,temp=42.00
1779699285.045,0x100,8,00 11 B4 81 0B CA AF C0,speed=0.00
1779699285.142,0x200,8,EE 64 60 54 61 BA 5C A9,fuel=100.00
1779699285.236,0x300,8,02 12 4D 0F 7A 29 FB A6,temp=42.00
1779699285.327,0x100,8,00 7E C6 82 68 8B 50 73,speed=0.00
1779699285.419,0x200,8,42 64 BE 4F F0 2C AE 41,fuel=100.00
1779699285.519,0x300,8,02 02 42 09 51 00 C7 F5,temp=42.00
1779699285.604,0x100,8,00 ED 6C 95 39 21 58 D6,speed=0.00
1779699285.697,0x200,8,85 64 FB 0A B6 84 AC 4B,fuel=100.00
1779699285.790,0x300,8,02 23 AE 4F 7D 49 ED 0C,temp=42.00
1779699285.886,0x100,8,00 AE 91 E1 8D F4 B1 65,speed=0.00
1779699285.978,0x200,8,33 64 FE 5C 52 87 84 71,fuel=100.00
1779699286.074,0x300,8,02 F8 BB 6F E8 11 7B A8,temp=42.00
1779699286.171,0x100,8,00 04 47 32 F5 70 7B B4,speed=0.00
1779699286.259,0x200,8,4E 64 01 AB B9 23 AD 9F,fuel=100.00
1779699286.355,0x300,8,02 7B B9 6A D0 B5 75 D0,temp=42.00
1779699286.446,0x100,8,00 4D 4C 3D 6B 72 9C 30,speed=0.00
1779699286.541,0x200,8,F3 64 E6 BF 03 47 78 C1,fuel=100.00
1779699286.634,0x300,8,02 5C 9B CE C0 20 E5 08,temp=42.00
1779699286.728,0x100,8,00 18 6F 51 71 11 ED D8,speed=0.00
1779699286.824,0x200,8,6C 64 72 64 BC DA 6B 42,fuel=100.00
1779699286.915,0x300,8,02 CA BD FC E7 87 C9 E0,temp=42.00
1779699287.011,0x100,8,00 50 73 B4 D3 65 AB ED,speed=0.00
1779699287.105,0x200,8,2D 64 3A A9 31 B8 60 B4,fuel=100.00
1779699287.197,0x300,8,02 A5 A7 85 E4 A4 03 0E,temp=42.00
1779699287.293,0x100,8,00 53 76 B6 63 5F 8B ED,speed=0.00
1779699287.384,0x200,8,DB 64 16 12 B8 DD 48 30,fuel=100.00
1779699287.482,0x300,8,02 6D 4B FF D5 2D CE D6,temp=42.00
1779699287.571,0x100,8,00 C9 F2 23 E6 FF 83 B3,speed=0.00
1779699287.668,0x200,8,3C 64 18 72 08 1E 39 A6,fuel=100.00
1779699287.759,0x300,8,02 E2 1E 77 E2 0E 96 07,temp=42.00
1779699287.853,0x100,8,00 2F 73 E8 16 C0 A2 78,speed=0.00
1779699287.948,0x200,8,B3 64 AD 84 C2 AA FF E9,fuel=100.00
1779699288.045,0x300,8,02 AA FD 8C 64 AB 98 C9,temp=42.00
1779699288.134,0x100,8,00 E3 FA 1E D4 CA 20 BE,speed=0.00
1779699288.228,0x200,8,81 64 11 45 F6 B3 0D 13,fuel=100.00
1779699288.321,0x300,8,02 F2 B2 6F 4D 7A 04 68,temp=42.00
1779699288.417,0x100,8,00 62 50 D8 F2 53 1E 4D,speed=0.00
1779699288.509,0x200,8,66 64 AA 6F AE 2C 89 C2,fuel=100.00
1779699288.606,0x300,8,02 35 A7 82 41 11 43 17,temp=42.00
1779699288.699,0x100,8,00 49 21 B9 2D D6 B9 4D,speed=0.00
1779699288.797,0x200,8,C4 64 C8 83 38 30 92 AB,fuel=100.00
1779699288.884,0x300,8,02 20 6A D5 5F 7A 5A CD,temp=42.00
1779699288.978,0x100,8,00 1F 65 73 65 3C 59 5A,speed=0.00
1779699289.074,0x200,8,72 64 4F B4 5F F5 39 53,fuel=100.00
1779699289.165,0x300,8,02 8C 03 49 AE 99 71 C3,temp=42.00
1779699289.261,0x100,8,00 2D ED 66 2F 65 3F 12,speed=0.00
1779699289.357,0x200,8,F6 64 82 87 AE 34 CC B8,fuel=100.00
1779699289.452,0x300,8,02 21 8C 9B E3 AA 87 3E,temp=42.00
1779699289.539,0x100,8,00 57 9F EA B9 2B 49 CD,speed=0.00
1779699289.635,0x200,8,DA 64 7A B4 5E 50 9D C1,fuel=100.00
1779699289.728,0x300,8,02 E5 C8 ED DE E0 B7 18,temp=42.00
1779699289.820,0x100,8,00 38 1B 80 F9 3E 5C 1A,speed=0.00
1779699289.917,0x200,8,2E 64 1B A6 CC 0B 52 0F,fuel=100.00
1779699290.010,0x300,8,02 8D AB 6B 9B 0E DF 8A,temp=42.00
1779699290.106,0x100,8,00 78 29 FD 1D DC 70 5E,speed=0.00
1779699290.201,0x200,8,A2 64 0D F3 7F BC 9B A2,fuel=100.00
1779699290.295,0x300,8,02 7A A0 B0 52 46 29 A8,temp=42.00
1779699290.387,0x100,8,00 B2 EA 80 82 51 36 26,speed=0.00
1779699290.482,0x200,8,63 64 E5 DE 6E 04 4A 48,fuel=100.00
1779699290.575,0x300,8,02 69 EE 2B A5 72 79 B2,temp=42.00
1779699290.673,0x100,8,00 65 20 05 F8 AA DB 33,speed=0.00
1779699290.769,0x200,8,75 64 98 0A 78 4A 20 0C,fuel=100.00
1779699290.854,0x300,8,02 7A 8F 43 F6 B5 4B 9C,temp=42.00
1779699290.947,0x100,8,00 F7 E1 14 39 01 66 09,speed=0.00
1779699291.041,0x200,8,27 64 F7 DE 08 67 F9 4F,fuel=100.00
1779699291.135,0x300,8,02 47 D9 22 8E 8E B5 27,temp=42.00
1779699291.228,0x100,8,00 D4 4A B5 CE 60 2D EB,speed=0.00
1779699291.323,0x200,8,5B 64 F1 39 21 49 DC 04,fuel=100.00
1779699291.416,0x300,8,02 8B E8 2A 09 AF D4 88,temp=42.00
1779699291.511,0x100,8,00 3B 0C 1A BB 02 29 BB,speed=0.00
1779699291.605,0x200,8,C4 64 5C 5B 3F 72 73 77,fuel=100.00
1779699291.702,0x300,8,02 A7 37 F4 31 A4 EE 7B,temp=42.00
1779699291.794,0x100,8,00 6E 98 D7 D7 B5 A5 C5,speed=0.00
1779699291.888,0x200,8,21 64 C6 15 68 66 15 F2,fuel=100.00
1779699291.983,0x300,8,02 1E E8 C4 50 DF 3C 9F,temp=42.00
1779699292.075,0x100,8,00 C6 25 2F 4A 9B 01 4B,speed=0.00
1779699292.171,0x200,8,78 64 55 B2 CC 5B 9E 3C,fuel=100.00
1779699292.268,0x300,8,02 46 1C 0F 0B 81 19 5D,temp=42.00
1779699292.362,0x100,8,00 80 4C 76 B0 9A 68 02,speed=0.00
1779699292.446,0x200,8,97 64 AF 60 9A 7F DB E8,fuel=100.00
1779699292.551,0x300,8,02 45 7B 36 22 5D D5 0E,temp=42.00
1779699292.645,0x100,8,00 7E 1A 89 FE 65 82 7E,speed=0.00
1779699292.741,0x200,8,A7 64 B2 DD 81 E7 0A DA,fuel=100.00
1779699292.824,0x300,8,02 1D 3F 1A AA B7 71 1D,temp=42.00
1779699292.925,0x100,8,00 72 B3 9F FA 6E AE 6D,speed=0.00
1779699293.015,0x200,8,A4 64 F3 03 6B 82 2C F6,fuel=100.00
1779699293.108,0x300,8,02 27 1E C3 18 0E B2 31,temp=42.00
1779699293.203,0x100,8,00 87 69 AD 1E E2 61 04,speed=0.00
1779699293.292,0x200,8,D7 64 DE 70 F9 EA E9 41,fuel=100.00
1779699293.388,0x300,8,02 E2 A2 C4 33 3E B1 57,temp=42.00
1779699293.483,0x100,8,00 16 A5 B4 62 01 6A 35,speed=0.00
1779699293.576,0x200,8,9F 64 DD 3A 0F 61 E5 16,fuel=100.00
1779699293.671,0x300,8,02 40 26 1E 08 72 DE 50,temp=42.00
1779699293.763,0x100,8,00 DD 60 FA 0A CE 5D 10,speed=0.00
1779699293.853,0x200,8,C4 64 BE 30 20 F8 51 74,fuel=100.00
1779699293.953,0x300,8,02 4D 82 B3 E0 28 E8 E1,temp=42.00
1779699294.048,0x100,8,00 35 4E B6 7B F4 4E A8,speed=0.00
1779699294.138,0x200,8,D7 64 1D C4 0F D8 24 1D,fuel=100.00
1779699294.230,0x300,8,02 F6 62 95 75 CB F3 A2,temp=42.00
1779699294.328,0x100,8,00 F6 1B 5A 8F F0 48 39,speed=0.00
1779699294.429,0x200,8,82 64 FE 81 03 88 8A 18,fuel=100.00
1779699294.509,0x300,8,02 9F DD 96 D8 75 63 20,temp=42.00
1779699294.607,0x100,8,00 5F 94 66 F2 6A 44 C8,speed=0.00
1779699294.708,0x200,8,A5 64 4C 5B E8 EA 76 35,fuel=100.00
1779699294.795,0x300,8,02 79 B2 08 3D 77 96 2A,temp=42.00
1779699294.886,0x100,8,00 E3 53 D2 BB 18 CD 57,speed=0.00
1779699294.985,0x200,8,44 64 67 13 27 DB E2 BB,fuel=100.00
1779699295.076,0x300,8,02 49 77 ED 12 B1 C6 E0,temp=42.00
1779699295.167,0x100,8,00 FE DB EB CC B0 A6 32,speed=0.00
1779699295.260,0x200,8,FA 64 78 E9 2C CD 65 CC,fuel=100.00
1779699295.353,0x300,8,02 D4 ED CE 1E F3 CE 98,temp=42.00
1779699295.448,0x100,8,00 4C 53 85 79 B0 02 9A,speed=0.00
1779699295.542,0x200,8,68 64 A1 05 2E 47 2B 70,fuel=100.00
1779699295.636,0x300,8,02 0C 49 D1 70 A5 54 0D,temp=42.00
1779699295.728,0x100,8,00 94 E5 8A A8 49 C8 E6,speed=0.00
1779699295.823,0x200,8,A6 64 B8 B4 A8 40 02 98,fuel=100.00
1779699295.918,0x300,8,02 B9 58 AE CB 17 42 FE,temp=42.00
1779699296.010,0x100,8,00 5B A1 A5 DC 6C 95 1A,speed=0.00
1779699296.109,0x200,8,0A 64 0A 6D 8A 12 4D 7A,fuel=100.00
1779699296.204,0x300,8,02 02 91 65 75 2D BE 18,temp=42.00
1779699296.295,0x100,8,00 81 AC B7 32 10 1C 55,speed=0.00
1779699296.386,0x200,8,D5 64 C0 21 94 A2 C9 F4,fuel=100.00
1779699296.478,0x300,8,02 90 08 71 B9 B8 42 76,temp=42.00
1779699296.580,0x100,8,00 A0 93 0C 93 54 E5 31,speed=0.00
1779699296.667,0x200,8,A5 64 C9 91 A5 B7 27 3A,fuel=100.00
1779699296.761,0x300,8,02 FE 6A 45 DB DD 52 70,temp=42.00
1779699296.854,0x100,8,00 2D 18 1D 75 A1 76 65,speed=0.00
1779699296.948,0x200,8,28 64 49 C1 B2 9B 2F 2A,fuel=100.00
1779699297.041,0x300,8,02 41 44 4A E0 D3 F1 75,temp=42.00
1779699297.138,0x100,8,00 D9 15 0C F2 E7 CE 43,speed=0.00
1779699297.232,0x200,8,49 64 AC BE 39 9D 0E 62,fuel=100.00
1779699297.323,0x300,8,02 35 E4 32 73 20 12 0D,temp=42.00
1779699297.421,0x100,8,00 CE 9A C0 EF 04 DC ED,speed=0.00
1779699297.512,0x200,8,39 64 E0 CE 8E CA 24 07,fuel=100.00
1779699297.608,0x300,8,02 02 66 A6 CA 22 94 79,temp=42.00
1779699297.699,0x100,8,00 FF 51 ED E3 F0 B1 8D,speed=0.00
1779699297.796,0x200,8,40 64 16 A2 17 B6 7A 78,fuel=100.00
1779699297.888,0x300,8,02 BA 54 5B 48 18 ED D6,temp=42.00
1779699297.978,0x100,8,00 84 08 8C 70 67 93 49,speed=0.00
1779699298.077,0x200,8,75 64 DB 70 6D 03 BA C6,fuel=100.00
1779699298.167,0x300,8,02 C8 2B D6 1B 83 44 01,temp=42.00
1779699298.262,0x100,8,00 06 8B 3F 60 D9 04 0B,speed=0.00
1779699298.353,0x200,8,D2 64 46 3D 6D 1B 37 D6,fuel=100.00
1779699298.446,0x300,8,02 B1 8D F0 1F 62 1F 87,temp=42.00
1779699298.542,0x100,8,00 B1 88 19 DF E9 C1 22,speed=0.00
1779699298.636,0x200,8,AF 64 D7 47 27 DE 9F 05,fuel=100.00
1779699298.731,0x300,8,02 3E C7 EC B1 E9 A3 18,temp=42.00
1779699298.828,0x100,8,00 8F 96 27 62 D2 06 0A,speed=0.00
1779699298.920,0x200,8,A6 64 3D D9 91 71 D1 37,fuel=100.00
1779699299.013,0x300,8,02 83 C7 63 A1 F2 3B 04,temp=42.00
1779699299.109,0x100,8,00 BB 71 4A 1E A6 E6 53,speed=0.00
1779699299.201,0x200,8,A4 64 D8 4C D1 44 A8 C2,fuel=100.00
1779699299.296,0x300,8,02 C0 30 86 11 DD AF C7,temp=42.00
1779699299.393,0x100,8,00 67 43 4A B9 87 0A A0,speed=0.00
1779699299.486,0x200,8,F0 64 B9 85 55 6B E0 6C,fuel=100.00
1779699299.573,0x300,8,02 66 CB 22 59 A2 8B D4,temp=42.00
1779699299.676,0x100,8,00 C0 DC F5 D9 DA 6F E1,speed=0.00
1779699299.765,0x200,8,4F 64 FC 7D 7D A6 FF 39,fuel=100.00
1779699299.859,0x300,8,02 43 62 23 E5 78 7B 8C,temp=42.00
1779699299.946,0x100,8,00 D3 44 70 20 90 DA AB,speed=0.00
1779699300.040,0x200,8,29 64 4C E6 15 19 30 DF,fuel=100.00
1779699300.136,0x300,8,02 A6 66 4B 87 28 92 41,temp=42.00
1779699300.230,0x100,8,00 63 AD A7 BE 84 2A E4,speed=0.00
1779699300.325,0x200,8,99 64 88 F0 2C 1A 8C 77,fuel=100.00
1779699300.415,0x300,8,02 9F 93 01 E4 0C 21 89,temp=42.00
1779699300.514,0x100,8,00 68 ED 1C 49 9C 1F 1B,speed=0.00
1779699300.606,0x200,8,EA 64 D6 49 9F F5 3A 46,fuel=100.00
1779699300.702,0x300,8,02 0E 0A A8 8C 5F DF 93,temp=42.00
1779699300.793,0x100,8,00 83 49 F5 05 46 E4 52,speed=0.00
1779699300.891,0x200,8,D3 64 B4 0B 7D B8 10 76,fuel=100.00
1779699300.978,0x300,8,02 6B 71 22 24 8F 8A EA,temp=42.00
1779699301.082,0x100,8,00 CD 8F 70 E8 D7 13 8B,speed=0.00
1779699301.167,0x200,8,B3 64 EC A4 8D 3A D0 5F,fuel=100.00
1779699301.266,0x300,8,02 C8 C8 8F 26 18 19 55,temp=42.00
1779699301.363,0x100,8,00 B0 92 7A 2E 84 E5 C1,speed=0.00
1779699301.459,0x200,8,B3 64 8C DB 89 DA E1 71,fuel=100.00
1779699301.549,0x300,8,02 FC A6 3F 5A 41 F8 5B,temp=42.00
1779699301.637,0x100,8,00 63 E3 18 D4 CF F0 59,speed=0.00
1779699301.729,0x200,8,3F 64 B7 68 F0 03 2E 34,fuel=100.00
1779699301.823,0x300,8,02 3E FF B6 76 85 1D 03,temp=42.00
1779699301.920,0x100,8,00 1D 43 15 2D E9 2E 33,speed=0.00
1779699302.015,0x200,8,E2 64 2E 83 25 0E B6 8C,fuel=100.00
1779699302.113,0x300,8,02 E9 53 FE F2 49 0D E5,temp=42.00
1779699302.205,0x100,8,00 76 4E 9B 13 ED A5 B7,speed=0.00
1779699302.290,0x200,8,55 64 5C B5 5B EA 52 E8,fuel=100.00
1779699302.390,0x300,8,02 A4 33 5B 0C AF AF 49,temp=42.00
1779699302.478,0x100,8,00 89 0F A3 C7 F1 4D 04,speed=0.00
1779699302.574,0x200,8,4D 64 E6 FD 15 B0 A1 7F,fuel=100.00
1779699302.668,0x300,8,02 E3 15 99 6D 11 F5 FC,temp=42.00
1779699302.760,0x100,8,00 DA 39 8B 17 4F 99 D7,speed=0.00
1779699302.857,0x200,8,FD 64 36 C4 12 50 FE 43,fuel=100.00
1779699302.949,0x300,8,02 9D A0 4C A5 34 AE 1E,temp=42.00
1779699303.044,0x100,8,00 4F 31 E4 8A 55 ED 49,speed=0.00
1779699303.140,0x200,8,49 64 1E 6B F7 4A 39 F3,fuel=100.00
1779699303.229,0x300,8,02 FB 6C 36 BE A8 41 33,temp=42.00
1779699303.325,0x100,8,00 E0 2B 33 91 64 E6 19,speed=0.00
1779699303.420,0x200,8,EE 64 39 64 B5 29 63 BC,fuel=100.00
1779699303.513,0x300,8,02 20 97 1C 50 50 79 2D,temp=42.00
1779699303.610,0x100,8,00 2D C5 D3 FD 81 12 AA,speed=0.00
1779699303.703,0x200,8,F4 64 FD B3 03 F0 8D C3,fuel=100.00
1779699303.796,0x300,8,02 4A 32 1C 54 17 94 26,temp=42.00
1779699303.890,0x100,8,00 F9 39 12 A2 86 F1 35,speed=0.00
1779699303.987,0x200,8,1A 64 4F 1F D1 68 E7 33,fuel=100.00
1779699304.078,0x300,8,02 CC C5 BC 73 68 0F BC,temp=42.00
1779699304.175,0x100,8,00 7C 85 39 64 75 25 71,speed=0.00
1779699304.261,0x200,8,B9 64 49 45 76 BA 9F 02,fuel=100.00
1779699304.368,0x300,8,02 77 EA 4F EC 3D 52 AE,temp=42.00
1779699304.451,0x100,8,00 E8 20 D2 03 6F DE 78,speed=0.00
1779699304.543,0x200,8,A5 64 0D AA CB 7D 28 4C,fuel=100.00
1779699304.639,0x300,8,02 59 26 D1 66 42 12 D2,temp=42.00
1779699304.733,0x100,8,00 13 83 46 26 C5 21 5E,speed=0.00
1779699304.823,0x200,8,77 64 3A 7C 9D 1E 4C 73,fuel=100.00
1779699304.914,0x300,8,02 E1 95 61 5B 00 3E FB,temp=42.00
1779699305.010,0x100,8,00 C4 28 5F C4 70 E3 A8,speed=0.00
1779699305.108,0x200,8,FA 64 97 B2 D0 51 92 88,fuel=100.00
1779699305.201,0x300,8,02 3D 11 62 0B 95 30 12,temp=42.00
1779699305.294,0x100,8,00 78 2C BD 72 02 7D 57,speed=0.00
1779699305.395,0x200,8,D7 64 9F 0B D3 D0 A5 AA,fuel=100.00
1779699305.484,0x300,8,02 D3 B1 43 4F 8F DE 6D,temp=42.00
1779699305.571,0x100,8,00 47 0E 09 1C 4E 4C BF,speed=0.00
1779699305.667,0x200,8,46 64 DA 87 F0 3C 32 A0,fuel=100.00
1779699305.760,0x300,8,02 C2 F1 C8 9C 28 04 00,temp=42.00
1779699305.864,0x100,8,00 47 6F 77 FB 17 0B 03,speed=0.00
1779699305.956,0x200,8,EF 64 D2 84 95 D2 9E 0F,fuel=100.00
1779699306.052,0x300,8,02 88 69 22 6C 72 B2 F7,temp=42.00
1779699306.138,0x100,8,00 F2 63 DE 00 52 F6 62,speed=0.00
1779699306.237,0x200,8,A7 64 61 06 8C 16 10 F5,fuel=100.00
1779699306.324,0x300,8,02 56 8D 02 23 BC E3 F4,temp=42.00
1779699306.423,0x100,8,00 01 32 B6 23 C1 25 B9,speed=0.00
1779699306.517,0x200,8,EA 64 80 B8 C3 AC FA 1B,fuel=100.00
1779699306.615,0x300,8,02 68 92 0E 9F 2D 03 8E,temp=42.00
1779699306.699,0x100,8,00 A4 27 DA 43 3A 8A AF,speed=0.00
1779699306.790,0x200,8,0E 64 64 B5 D1 6F 7D FF,fuel=100.00
1779699306.891,0x300,8,02 A7 8E E6 D1 5F 79 19,temp=42.00
1779699306.989,0x100,8,00 5F 12 8E B9 00 3B FB,speed=0.00
1779699307.071,0x200,8,D5 64 64 CF 37 AD C3 F3,fuel=100.00
1779699307.166,0x300,8,02 8A 36 C3 DF 8C 91 1F,temp=42.00
1779699307.262,0x100,8,00 B7 01 81 61 61 26 CD,speed=0.00
1779699307.355,0x200,8,57 64 A5 47 8A 76 F8 7C,fuel=100.00
1779699307.460,0x300,8,02 3A B9 2A BC 98 9A 4D,temp=42.00
1779699307.540,0x100,8,00 F9 22 CA FC EA BA 6C,speed=0.00
1779699307.636,0x200,8,67 64 0C BA EF 27 5B 1C,fuel=100.00
1779699307.728,0x300,8,02 F4 B8 AD 43 0A 87 E4,temp=42.00
1779699307.825,0x100,8,00 52 B5 7F 58 C8 D2 73,speed=0.00
1779699307.916,0x200,8,47 64 BA 21 2B D5 B2 74,fuel=100.00
1779699308.011,0x300,8,02 D2 0B D9 3A EA 18 DC,temp=42.00
1779699308.105,0x100,8,00 1D CB 97 AC 52 FC D3,speed=0.00
1779699308.198,0x200,8,C7 64 FC DF 1C 18 4D E0,fuel=100.00
1779699308.292,0x300,8,02 C0 07 C4 0D E2 A3 88,temp=42.00
1779699308.390,0x100,8,00 19 0B 2B 50 15 A0 BB,speed=0.00
1779699308.483,0x200,8,1E 64 09 64 4D AE 5D EB,fuel=100.00
1779699308.576,0x300,8,02 AE B5 59 B6 1C 4F B3,temp=42.00
1779699308.672,0x100,8,00 0D F3 32 41 46 DA FA,speed=0.00
1779699308.763,0x200,8,FD 64 AE 4E E3 61 38 A0,fuel=100.00
1779699308.859,0x300,8,02 C8 61 B1 BF 9F C0 E7,temp=42.00
1779699308.949,0x100,8,00 53 B7 D7 FD 94 89 FE,speed=0.00
1779699309.049,0x200,8,EF 64 25 A1 C4 19 F6 C2,fuel=100.00
1779699309.136,0x300,8,02 06 F6 A3 AB C2 A1 0C,temp=42.00
1779699309.233,0x100,8,00 21 CC C5 9C 15 12 72,speed=0.00
1779699309.330,0x200,8,EF 64 30 04 9F 60 5D 83,fuel=100.00
1779699309.425,0x300,8,02 E3 7D 3D 75 0E 5E 7E,temp=42.00
1779699309.523,0x100,8,00 01 02 91 46 55 9C 99,speed=0.00
1779699309.611,0x200,8,B1 64 CC BD 43 74 A8 A9,fuel=100.00
1779699309.704,0x300,8,02 6E 50 0B CC 33 36 FE,temp=42.00
1779699309.799,0x100,8,00 40 1E DD 29 1E 70 FB,speed=0.00
1779699309.886,0x200,8,F4 64 F7 3F D2 32 E3 40,fuel=100.00
1779699309.979,0x300,8,02 DE 58 F3 F9 E0 AB 05,temp=42.00
1779699310.072,0x100,8,00 A5 1C E2 E7 EB FB 60,speed=0.00
1779699310.178,0x200,8,C6 64 B7 0D 05 8A 45 E5,fuel=100.00
1779699310.261,0x300,8,02 E1 93 23 0D ED F3 36,temp=42.00
1779699310.355,0x100,8,00 C2 3D A4 9F E6 3D 6F,speed=0.00
1779699310.450,0x200,8,79 64 46 2C 26 5D 51 C8,fuel=100.00
1779699310.543,0x300,8,02 1A 2D 9B EB 06 C3 2A,temp=42.00
1779699310.639,0x100,8,00 1C F8 EB FF D0 75 E9,speed=0.00
1779699310.728,0x200,8,B5 64 D7 32 C6 F6 3B 8F,fuel=100.00
1779699310.824,0x300,8,02 F6 B9 DE 2D 46 08 C2,temp=42.00
1779699310.916,0x100,8,00 78 AF 60 7A 8E 12 59,speed=0.00
1779699311.012,0x200,8,31 64 43 5F 63 51 8D F6,fuel=100.00
1779699311.105,0x300,8,02 D8 E9 20 81 E8 75 72,temp=42.00
1779699311.198,0x100,8,00 DA 09 7C 13 0B BC B3,speed=0.00
1779699311.293,0x200,8,4F 64 61 98 A9 E8 DE 23,fuel=100.00
1779699311.388,0x300,8,02 5F EC AA 5B 40 42 92,temp=42.00
1779699311.484,0x100,8,00 DB CE CA 7C 18 E5 06,speed=0.00
1779699311.576,0x200,8,31 64 B8 C8 E5 40 F2 8F,fuel=100.00
1779699311.672,0x300,8,02 CB C8 80 6D F9 92 02,temp=42.00
1779699311.766,0x100,8,00 2B 77 0D 03 31 74 76,speed=0.00
1779699311.860,0x200,8,BF 64 40 A0 10 04 B5 FD,fuel=100.00
1779699311.950,0x300,8,02 D2 36 5E 6C 64 F2 D1,temp=42.00
1779699312.045,0x100,8,00 40 CB 4E 25 37 F6 82,speed=0.00
1779699312.142,0x200,8,85 64 8A 13 94 33 7C 0C,fuel=100.00
1779699312.243,0x300,8,02 A1 81 46 A0 68 3C 93,temp=42.00
1779699312.355,0x100,8,00 77 96 74 7E 5F E9 E2,speed=0.00
1779699312.421,0x200,8,8A 64 48 37 9B 7D 18 64,fuel=100.00
1779699312.518,0x300,8,02 EA A7 80 77 D7 29 51,temp=42.00
1779699312.610,0x100,8,00 0C C8 AE 24 56 3E D4,speed=0.00
1779699312.706,0x200,8,59 64 80 FE 93 41 97 8C,fuel=100.00
1779699312.796,0x300,8,02 57 3C 89 0F FA 3C 4D,temp=42.00
1779699312.892,0x100,8,00 4C 12 49 C8 F2 24 29,speed=0.00
1779699312.982,0x200,8,AC 64 9E 26 0C 80 AF 9E,fuel=100.00
1779699313.088,0x300,8,02 87 03 E2 B6 0C AA BE,temp=42.00
1779699313.173,0x100,8,00 3E 9D 2A 65 DD 74 DC,speed=0.00
1779699313.267,0x200,8,77 64 4F 57 2A 24 3E 9A,fuel=100.00
1779699313.356,0x300,8,02 7E B2 F9 D3 91 AA 6C,temp=42.00
1779699313.474,0x100,8,00 76 E7 42 F6 B6 5E FC,speed=0.00
1779699313.545,0x200,8,27 64 8F FD 64 42 40 7F,fuel=100.00
1779699313.637,0x300,8,02 7A AC 60 E7 20 2A 82,temp=42.00
1779699313.729,0x100,8,00 14 FC 46 E1 4E B5 7D,speed=0.00
1779699313.826,0x200,8,DF 64 D8 CC 6E 5D 3A 1C,fuel=100.00
1779699313.916,0x300,8,02 2C CB F9 B0 52 47 1B,temp=42.00
1779699314.010,0x100,8,00 56 82 38 51 47 DC 33,speed=0.00
1779699314.106,0x200,8,C2 64 75 FA 50 F8 A8 9C,fuel=100.00
1779699314.211,0x300,8,02 40 12 39 67 DD 4C FF,temp=42.00
1779699314.323,0x100,8,00 B9 4D EC 1F 3A 28 CA,speed=0.00
1779699314.387,0x200,8,A8 64 8C 0E 53 14 A5 AE,fuel=100.00
1779699314.478,0x300,8,02 19 2E A7 C0 BD B9 5A,temp=42.00
1779699314.584,0x100,8,00 12 D8 3F AC 0E 90 51,speed=0.00
1779699314.679,0x200,8,4A 64 FF 19 99 00 76 FC,fuel=100.00
1779699314.763,0x300,8,02 71 97 F8 34 06 54 A5,temp=42.00
1779699314.862,0x100,8,00 0D 95 4B 97 96 5D BF,speed=0.00
1779699314.948,0x200,8,66 64 3E FA A4 96 26 94,fuel=100.00
1779699315.046,0x300,8,02 5D 1D FC 20 B7 EE 36,temp=42.00
1779699315.146,0x100,8,00 A1 97 05 7D E2 99 14,speed=0.00
1779699315.237,0x200,8,F9 64 69 3A 88 ED EE EC,fuel=100.00
1779699315.323,0x300,8,02 2E B3 4E 47 61 2C 93,temp=42.00
1779699315.418,0x100,8,00 B6 A5 07 64 95 2C 8B,speed=0.00
1779699315.511,0x200,8,BA 64 96 6C 7E A1 C5 35,fuel=100.00
1779699315.605,0x300,8,02 8A 0B 33 F8 E5 47 C0,temp=42.00
1779699315.702,0x100,8,00 84 B9 87 0A B2 21 54,speed=0.00
1779699315.798,0x200,8,4E 64 E4 D1 4E 2B 80 B3,fuel=100.00
1779699315.890,0x300,8,02 FF 39 24 7B 00 72 77,temp=42.00
1779699315.986,0x100,8,00 BB CF 4C 56 29 52 1A,speed=0.00
1779699316.083,0x200,8,3A 64 13 A0 46 95 DA B8,fuel=100.00
1779699316.173,0x300,8,02 EA 01 BB D6 CB CF BD,temp=42.00
1779699316.260,0x100,8,00 4C 5B 58 87 42 AD 27,speed=0.00
1779699316.370,0x200,8,BA 64 5C F1 DB E7 F2 09,fuel=100.00
1779699316.451,0x300,8,02 54 AA 08 76 67 03 C3,temp=42.00
1779699316.559,0x100,8,00 06 E8 1C 41 CA A0 0C,speed=0.00
1779699316.658,0x200,8,8F 64 9F 59 37 BB CF 90,fuel=100.00
1779699316.753,0x300,8,02 9E 7F 70 93 0D AC DA,temp=42.00
1779699316.829,0x100,8,00 EF 58 51 11 D3 64 B7,speed=0.00
1779699316.923,0x200,8,7D 64 E4 2C 18 B0 95 2B,fuel=100.00
1779699317.029,0x300,8,02 C2 FA E0 3B 43 52 9C,temp=42.00
1779699317.116,0x100,8,00 63 7B DC 19 62 81 D8,speed=0.00
1779699317.197,0x200,8,D1 64 8E DE 27 09 37 98,fuel=100.00
1779699317.296,0x300,8,02 2C 1A CC 01 70 72 BE,temp=42.00
1779699317.403,0x100,8,00 E2 E4 60 4E 06 22 1D,speed=0.00
1779699317.479,0x200,8,08 64 AF 6F D2 34 78 D8,fuel=100.00
