timestamp_s,can_id_hex,dlc,data_hex,signals_json
1779698232.755,0x100,8,00 13 78 CD 3F 0A C9 E4,speed=0.00
1779698232.861,0x200,8,BF 64 9C 14 07 61 8E E2,fuel=100.00
1779698232.951,0x300,8,02 71 45 06 66 89 61 FF,temp=42.00
1779698233.083,0x100,8,00 52 A6 CB 27 CB D6 EA,speed=0.00
1779698233.191,0x200,8,38 64 84 CA C5 42 69 04,fuel=100.00
1779698233.252,0x300,8,02 EE 3C 40 6F 54 26 11,temp=42.00
1779698233.329,0x100,8,00 CD 75 85 D6 E0 C3 57,speed=0.00
1779698233.569,0x200,8,4B 64 82 8C 62 16 BF 95,fuel=100.00
1779698233.615,0x300,8,02 AC 90 D6 A1 59 72 7D,temp=42.00
1779698233.976,0x100,8,00 96 95 2B 73 36 B6 0C,speed=0.00
1779698234.116,0x200,8,7C 64 95 B0 3F 54 50 38,fuel=100.00
1779698234.162,0x300,8,02 A2 4F 8D 86 0B 37 78,temp=42.00
1779698234.336,0x100,8,00 05 96 29 F3 AD 79 51,speed=0.00
1779698234.452,0x200,8,70 64 08 64 DD B5 61 AD,fuel=100.00
1779698234.547,0x300,8,02 A2 32 0F 7D F0 9D BE,temp=42.00
1779698234.679,0x100,8,00 97 81 83 2D F8 48 AB,speed=0.00
1779698234.766,0x200,8,02 64 4F F0 DB 02 D5 D2,fuel=100.00
1779698234.814,0x300,8,02 F1 BF 96 2F 69 6E B9,temp=42.00
1779698235.040,0x100,8,00 06 37 1E 0E 81 A4 A7,speed=0.00
1779698235.114,0x200,8,22 64 4A BC 32 BB 12 50,fuel=100.00
1779698235.189,0x300,8,02 78 CA C9 76 3B 32 0C,temp=42.00
1779698235.311,0x100,8,00 98 30 89 AF 43 CC 32,speed=0.00
1779698235.368,0x200,8,E0 64 C1 23 13 73 D8 CB,fuel=100.00
1779698235.561,0x300,8,02 B7 4B 51 13 55 F1 54,temp=42.00
1779698235.681,0x100,8,00 FE 19 52 63 30 96 5A,speed=0.00
1779698235.765,0x200,8,13 64 74 F7 A8 1E 81 F9,fuel=100.00
1779698235.846,0x300,8,02 FD C4 AE 71 3C 35 27,temp=42.00
1779698235.964,0x100,8,00 39 93 0F 1F FF 4A 36,speed=0.00
1779698236.029,0x200,8,96 64 D9 63 1B C2 12 B0,fuel=100.00
1779698236.127,0x300,8,02 A2 FD F8 3B 74 BE 35,temp=42.00
1779698236.234,0x100,8,00 41 DE 9C 8A 1D CE 10,speed=0.00
1779698236.517,0x200,8,1D 64 4B F2 D9 33 54 6A,fuel=100.00
1779698236.775,0x300,8,02 08 2D FD CE 63 32 D1,temp=42.00
1779698236.863,0x100,8,00 9D CC 8B 01 AA CD 66,speed=0.00
1779698236.925,0x200,8,CC 64 9C 5A 9A 93 4C DA,fuel=100.00
1779698237.001,0x300,8,02 DC B7 79 E1 92 51 1E,temp=42.00
1779698237.193,0x100,8,00 AF F9 B4 49 82 82 E8,speed=0.00
1779698237.267,0x200,8,F9 64 CB 72 60 9A B4 CE,fuel=100.00
1779698237.363,0x300,8,02 73 EA 55 BB 8A 2A 5F,temp=42.00
1779698237.458,0x100,8,00 A0 21 4C 90 7F 5D C7,speed=0.00
1779698237.540,0x200,8,37 64 93 3D 1E 2E 27 CC,fuel=100.00
1779698237.635,0x300,8,02 F4 5A 4D E8 5D E3 4A,temp=42.00
1779698237.729,0x100,8,00 10 9B 4D 81 22 FC 61,speed=0.00
1779698237.830,0x200,8,84 64 19 C6 4D FA 65 8B,fuel=100.00
1779698237.950,0x300,8,02 9A A8 60 16 59 7C AE,temp=42.00
1779698238.008,0x100,8,00 41 FA 04 0E 2F A6 FE,speed=0.00
1779698238.122,0x200,8,6A 64 F4 8E EA 35 8C 01,fuel=100.00
1779698238.213,0x300,8,02 6A 5A 49 81 63 6D 20,temp=42.00
1779698238.303,0x100,8,00 20 BC DB AA AF 01 0E,speed=0.00
1779698238.396,0x200,8,AF 64 9A 5C B8 8D 3B B4,fuel=100.00
1779698238.485,0x300,8,02 2E 22 54 55 79 1B BA,temp=42.00
1779698239.246,0x100,8,00 B1 18 8F 51 B6 3A 37,speed=0.00
1779698240.193,0x200,8,AF 64 1D 4A 8D A7 93 29,fuel=100.00
1779698240.281,0x300,8,02 ED AC 8D 86 CA 86 FF,temp=42.00
1779698240.446,0x100,8,00 57 2B 0F 26 35 8F 4C,speed=0.00
1779698240.477,0x200,8,EA 64 F1 33 E5 F9 EB 53,fuel=100.00
1779698240.579,0x300,8,02 5F A7 94 16 DE DA 6E,temp=42.00
1779698240.650,0x100,8,00 01 A4 EC FA DF C1 B1,speed=0.00
1779698240.742,0x200,8,F7 64 1A 49 C3 E7 6B 15,fuel=100.00
1779698240.840,0x300,8,02 0F 4A 14 D6 06 2E AC,temp=42.00
1779698240.965,0x100,8,00 EE 5D 33 5A 52 84 A4,speed=0.00
1779698241.028,0x200,8,E5 64 60 73 16 3B DB 0C,fuel=100.00
1779698241.249,0x300,8,02 99 2D 7C 39 1D 02 AD,temp=42.00
1779698241.533,0x100,8,00 D1 F2 80 76 5B 7D 14,speed=0.00
1779698241.589,0x200,8,B4 64 F0 6A 5F FB C9 DA,fuel=100.00
1779698241.699,0x300,8,02 FC 97 B1 15 27 02 BF,temp=42.00
1779698241.793,0x100,8,00 9C 38 0E 5E B6 AB CD,speed=0.00
1779698241.913,0x200,8,4A 64 09 AF 53 76 A3 D3,fuel=100.00
1779698241.979,0x300,8,02 BC 4D 3A 73 AA 72 A3,temp=42.00
1779698242.069,0x100,8,00 63 4B 7A 98 F4 22 86,speed=0.00
1779698242.226,0x200,8,5B 64 49 D3 71 3B 3D A3,fuel=100.00
1779698242.364,0x300,8,02 B0 B5 C9 86 58 E5 A5,temp=42.00
1779698242.456,0x100,8,00 1F 81 4B 9E 0E 19 17,speed=0.00
1779698242.549,0x200,8,06 64 AF AC D7 57 1F E6,fuel=100.00
1779698242.638,0x300,8,02 6B A5 EF AF 21 3B EE,temp=42.00
1779698242.817,0x100,8,00 13 5D 10 E2 3D 8C 84,speed=0.00
1779698242.998,0x200,8,F2 64 9C A1 A9 AD E5 5B,fuel=100.00
1779698243.249,0x300,8,02 F5 77 4C DD 08 D0 DA,temp=42.00
1779698243.385,0x100,8,00 CC 08 5C C2 DA D7 44,speed=0.00
1779698243.524,0x200,8,0C 64 C8 4B B9 BF 8D 38,fuel=100.00
1779698243.695,0x300,8,02 1E 99 91 68 84 E8 EC,temp=42.00
1779698243.786,0x100,8,00 91 63 B9 42 36 3F F6,speed=0.00
1779698243.881,0x200,8,1C 64 69 B1 DD 4C CD BF,fuel=100.00
1779698243.951,0x300,8,02 75 11 7E 4D BC 4F 6F,temp=42.00
1779698244.061,0x100,8,00 2F 2F B6 27 A6 3E D5,speed=0.00
1779698244.160,0x200,8,07 64 4D CC 68 F5 D0 1E,fuel=100.00
1779698244.264,0x300,8,02 7A A8 03 64 A5 B3 5A,temp=42.00
1779698244.364,0x100,8,00 C3 AC B1 71 C9 98 AF,speed=0.00
1779698244.419,0x200,8,02 64 B8 E4 48 CD C1 25,fuel=100.00
1779698244.553,0x300,8,02 5C E5 05 E8 89 C4 B0,temp=42.00
1779698244.635,0x100,8,00 E6 B0 6F F0 B9 13 F2,speed=0.00
1779698244.718,0x200,8,E8 64 3E 20 94 7D A7 A7,fuel=100.00
1779698244.816,0x300,8,02 3E 38 A0 3C 26 F9 9C,temp=42.00
1779698244.886,0x100,8,00 E9 BB 12 82 0C 14 D7,speed=0.00
1779698245.014,0x200,8,60 64 14 08 3F 6B 3C 02,fuel=100.00
1779698245.119,0x300,8,02 4D 06 14 DC 72 74 16,temp=42.00
1779698245.174,0x100,8,00 95 59 BD 68 1F 59 A5,speed=0.00
1779698245.281,0x200,8,2D 64 20 43 A2 2E 6C 5C,fuel=100.00
1779698245.367,0x300,8,02 A4 B4 7C 96 0F 7E 5A,temp=42.00
1779698245.451,0x100,8,00 38 06 61 3C 00 D8 F9,speed=0.00
1779698245.642,0x200,8,D5 64 98 80 5D 82 E0 86,fuel=100.00
1779698245.731,0x300,8,02 6E 4B D0 9F 8E A1 8A,temp=42.00
1779698245.896,0x100,8,00 46 BE F4 AD 40 CD D8,speed=0.00
1779698245.946,0x200,8,BB 64 67 0D 53 D1 9C 61,fuel=100.00
1779698246.035,0x300,8,02 12 DB E6 6A 11 3A D0,temp=42.00
1779698246.110,0x100,8,00 1D 68 5C 6C 39 A5 90,speed=0.00
1779698246.259,0x200,8,75 64 48 11 04 83 F3 2F,fuel=100.00
1779698246.314,0x300,8,02 CE 95 8E BA 44 D3 A9,temp=42.00
1779698246.961,0x100,8,00 27 E6 42 A1 95 DC 3C,speed=0.00
1779698247.119,0x200,8,E8 64 CD AF 0F 49 E6 EC,fuel=100.00
1779698247.184,0x300,8,02 EB 80 A1 C1 3E 10 0B,temp=42.00
1779698247.243,0x100,8,00 58 9E B3 77 9A 8E 35,speed=0.00
1779698247.367,0x200,8,3E 64 15 9E 13 0C 0A 27,fuel=100.00
1779698247.483,0x300,8,02 0A 38 58 5D 44 36 BA,temp=42.00
1779698247.583,0x100,8,00 E1 E9 A3 36 53 11 3A,speed=0.00
1779698247.634,0x200,8,F8 64 5B 76 CD CD 88 58,fuel=100.00
1779698247.718,0x300,8,02 3D 2E 89 3E 0F 4E 5E,temp=42.00
1779698247.814,0x100,8,00 90 28 95 C5 7B 8A BA,speed=0.00
1779698247.918,0x200,8,6F 64 89 83 DA 8C 37 1F,fuel=100.00
1779698248.016,0x300,8,02 86 27 5E 5F FA B1 75,temp=42.00
1779698248.089,0x100,8,00 51 CC 26 A4 6E 12 60,speed=0.00
1779698248.166,0x200,8,7B 64 5D 3B 95 81 DB 9B,fuel=100.00
1779698248.356,0x300,8,02 05 F0 FB 7C E3 20 B2,temp=42.00
1779698248.447,0x100,8,00 22 7A 19 DE D8 7A 6B,speed=0.00
1779698248.500,0x200,8,E1 64 AB C4 1C 59 76 6E,fuel=100.00
1779698248.569,0x300,8,02 8B E9 E1 E4 D7 AC DB,temp=42.00
1779698248.746,0x100,8,00 39 5D 0C 6E 95 1D F2,speed=0.00
1779698248.862,0x200,8,82 64 15 96 D6 FC BE 61,fuel=100.00
1779698248.982,0x300,8,02 A4 D7 B2 67 D7 5F 91,temp=42.00
1779698249.096,0x100,8,00 6C 5D 37 D2 5D 69 DC,speed=0.00
1779698249.172,0x200,8,BD 64 6A 7E 4E 9E 49 66,fuel=100.00
1779698249.262,0x300,8,02 03 D1 9F F8 92 B3 51,temp=42.00
1779698249.330,0x100,8,00 AE 78 6D 1C C3 AB F4,speed=0.00
1779698249.429,0x200,8,B6 64 E5 1E EA 3A 86 6F,fuel=100.00
1779698249.566,0x300,8,02 4D 65 AC 0C 2B 97 F5,temp=42.00
1779698249.649,0x100,8,00 DF D0 3A 88 4B 49 DB,speed=0.00
1779698249.700,0x200,8,58 64 46 85 32 A1 50 15,fuel=100.00
1779698249.801,0x300,8,02 96 D9 F4 FF BF 12 C3,temp=42.00
1779698249.893,0x100,8,00 BE DB A2 13 09 3F F1,speed=0.00
1779698250.052,0x200,8,2A 64 05 D2 54 B9 50 2E,fuel=100.00
1779698250.149,0x300,8,02 18 3B 71 B1 4C 8A 0F,temp=42.00
1779698250.228,0x100,8,00 34 D6 15 A5 DD AF 50,speed=0.00
1779698250.350,0x200,8,F7 64 7B E1 18 1C 5D 8F,fuel=100.00
1779698250.450,0x300,8,02 02 64 52 C5 CC EA 36,temp=42.00
1779698250.534,0x100,8,00 BC 49 0C C0 C7 5D 08,speed=0.00
1779698250.680,0x200,8,AA 64 6B A5 DC C5 5B 73,fuel=100.00
1779698250.764,0x300,8,02 A9 96 F9 48 77 2C EF,temp=42.00
1779698250.849,0x100,8,00 85 53 BC B4 46 50 D5,speed=0.00
1779698250.997,0x200,8,F3 64 AD D0 3B 14 65 4F,fuel=100.00
1779698251.100,0x300,8,02 59 7E 49 9A A1 6C A7,temp=42.00
1779698251.263,0x100,8,00 42 40 9B 65 47 CE C4,speed=0.00
1779698251.383,0x200,8,CA 64 2C 57 DD 2F 80 F1,fuel=100.00
1779698251.548,0x300,8,02 D1 9D 71 91 DC 2C 98,temp=42.00
1779698251.649,0x100,8,00 F2 5E 49 F2 34 15 FF,speed=0.00
1779698251.784,0x200,8,8C 64 FC 51 81 D7 E8 DC,fuel=100.00
1779698251.909,0x300,8,02 BB CB B4 AB 01 6C 60,temp=42.00
1779698251.951,0x100,8,00 B5 7D 0A 59 EC 9F 2D,speed=0.00
1779698252.047,0x200,8,CB 64 A9 C3 21 3A 84 02,fuel=100.00
1779698252.134,0x300,8,02 4B 86 58 25 DC C3 C9,temp=42.00
1779698252.266,0x100,8,00 40 3D 04 03 C5 0C 8E,speed=0.00
1779698252.335,0x200,8,B9 64 24 6E 73 CA 86 74,fuel=100.00
1779698252.435,0x300,8,02 CC 78 73 5C 80 39 BE,temp=42.00
1779698252.546,0x100,8,00 88 0B EF A7 4C 5B A8,speed=0.00
1779698252.617,0x200,8,95 64 EE A0 C6 4E 9D 75,fuel=100.00
1779698252.700,0x300,8,02 00 F6 26 5D D3 17 8C,temp=42.00
1779698252.782,0x100,8,00 42 D9 D5 83 24 D7 4A,speed=0.00
1779698252.885,0x200,8,DD 64 AC 16 6E 9C 65 10,fuel=100.00
1779698253.014,0x300,8,02 3A 07 75 48 CB 8B 7A,temp=42.00
1779698253.248,0x100,8,00 28 C9 D5 50 9C B9 8D,speed=0.00
1779698253.530,0x200,8,83 64 92 0A 22 CC C2 8B,fuel=100.00
1779698253.585,0x300,8,02 17 45 D4 70 0F 01 08,temp=42.00
1779698253.644,0x100,8,00 91 E1 51 D7 A2 B6 C5,speed=0.00
1779698253.748,0x200,8,7C 64 B2 E2 9B 36 E5 AB,fuel=100.00
1779698253.861,0x300,8,02 FA A3 95 F7 65 58 42,temp=42.00
1779698254.012,0x100,8,00 84 5F BF EC 5B BB A2,speed=0.00
1779698254.094,0x200,8,C2 64 E6 D4 95 C9 CF 94,fuel=100.00
1779698254.202,0x300,8,02 00 E5 25 15 13 88 AB,temp=42.00
1779698254.283,0x100,8,00 46 BF 25 37 F9 9E C6,speed=0.00
1779698254.410,0x200,8,3D 64 83 25 B0 12 26 30,fuel=100.00
1779698254.496,0x300,8,02 9B 01 59 FD 6D 2B 41,temp=42.00
1779698254.600,0x100,8,00 13 F7 57 26 18 2B 48,speed=0.00
1779698254.682,0x200,8,0D 64 3E 82 4E B3 EF 69,fuel=100.00
1779698254.802,0x300,8,02 83 C0 57 FE 18 21 88,temp=42.00
1779698254.891,0x100,8,00 B6 CD 6A 28 4F AE F3,speed=0.00
1779698254.950,0x200,8,C8 64 3B 0F 17 8E D2 1D,fuel=100.00
1779698255.047,0x300,8,02 63 6C 39 7F 59 B9 86,temp=42.00
1779698255.184,0x100,8,00 C1 64 3D B5 86 CB 5B,speed=0.00
1779698255.231,0x200,8,68 64 40 D1 F6 BF F0 A9,fuel=100.00
1779698255.318,0x300,8,02 2A 8A 22 4C 87 20 D0,temp=42.00
1779698255.766,0x100,8,00 EE E7 1F A2 10 90 1A,speed=0.00
1779698255.832,0x200,8,13 64 56 38 79 31 2D F0,fuel=100.00
1779698255.926,0x300,8,02 25 D0 DE C3 C6 07 EE,temp=42.00
1779698255.985,0x100,8,00 42 2C 22 61 7F A9 CA,speed=0.00
1779698256.099,0x200,8,74 64 4C 00 47 A3 FF 9C,fuel=100.00
1779698256.180,0x300,8,02 9E 21 A6 D7 C2 39 2A,temp=42.00
1779698256.280,0x100,8,00 34 A2 79 F8 2C 1A 35,speed=0.00
1779698256.395,0x200,8,BB 64 63 99 6E BB A5 F8,fuel=100.00
1779698256.650,0x300,8,02 40 06 9E E3 F8 32 E7,temp=42.00
1779698256.761,0x100,8,00 81 6E B4 E0 B4 1D CF,speed=0.00
1779698256.884,0x200,8,92 64 93 A5 2F D0 EF 5A,fuel=100.00
1779698256.996,0x300,8,02 A3 53 C7 78 AA 80 C4,temp=42.00
1779698257.578,0x100,8,00 76 80 81 C0 0A 17 97,speed=0.00
1779698257.701,0x200,8,C5 64 CA DD 3C 32 E4 34,fuel=100.00
1779698257.766,0x300,8,02 FC 9B 55 CA 51 CB 31,temp=42.00
1779698257.900,0x100,8,00 D8 AA 12 A6 E0 FC 80,speed=0.00
1779698257.985,0x200,8,F3 64 4C 1F 2C 20 58 A2,fuel=100.00
1779698258.083,0x300,8,02 0C EF 50 9A DA 4E 9B,temp=42.00
1779698258.182,0x100,8,00 02 45 61 57 0A 7A B6,speed=0.00
1779698258.249,0x200,8,8B 64 DA 4A 10 09 DC 79,fuel=100.00
1779698258.366,0x300,8,02 EC 9B 80 2C AB A8 14,temp=42.00
1779698258.997,0x100,8,00 0E CF F3 44 0B 54 27,speed=0.00
1779698262.207,0x200,8,B0 64 CB 21 35 A0 E0 D0,fuel=100.00
1779698263.886,0x300,8,02 06 7B 15 4E E0 8E 6E,temp=42.00
1779698263.998,0x100,8,00 47 C2 A7 65 4C 8C 24,speed=0.00
1779698264.115,0x200,8,5E 64 82 5E 13 98 39 42,fuel=100.00
1779698264.207,0x300,8,02 2D 23 B4 A5 11 67 B8,temp=42.00
1779698264.296,0x100,8,00 C1 66 8C F5 37 74 2B,speed=0.00
1779698264.378,0x200,8,CB 64 CF B6 4E 80 38 E9,fuel=100.00
1779698264.499,0x300,8,02 85 74 ED 7D 0A 3B 79,temp=42.00
1779698264.568,0x100,8,00 66 F4 5B B3 08 1D 12,speed=0.00
1779698264.670,0x200,8,59 64 E8 FE 66 97 1D A2,fuel=100.00
1779698264.734,0x300,8,02 19 7A 16 43 B6 C8 86,temp=42.00
1779698264.858,0x100,8,00 9C AB 80 02 BF 5C D9,speed=0.00
1779698264.926,0x200,8,BF 64 40 CC BE E1 B4 D5,fuel=100.00
1779698265.019,0x300,8,02 1E 33 58 86 A9 1E DB,temp=42.00
1779698265.119,0x100,8,00 6B 5F BD DC 5E 4B 91,speed=0.00
1779698265.235,0x200,8,E5 64 1C 4A 5F DC B8 5E,fuel=100.00
1779698265.310,0x300,8,02 A6 35 69 45 6F D7 F9,temp=42.00
1779698265.395,0x100,8,00 B4 54 99 F2 E0 CA 28,speed=0.00
1779698265.495,0x200,8,99 64 2D 80 AB A0 C0 E4,fuel=100.00
1779698265.577,0x300,8,02 73 F1 4E 75 E2 35 26,temp=42.00
1779698265.686,0x100,8,00 FD 33 D0 A7 99 58 8B,speed=0.00
1779698265.769,0x200,8,EF 64 C0 01 4E 93 79 30,fuel=100.00
1779698265.917,0x300,8,02 FA DB 46 9D B6 2E 23,temp=42.00
1779698265.967,0x100,8,00 34 AB 77 64 88 D8 D3,speed=0.00
1779698266.053,0x200,8,D4 64 32 C5 AC 39 EE 44,fuel=100.00
1779698266.218,0x300,8,02 B7 6C 48 FA 4C 1B 93,temp=42.00
1779698266.277,0x100,8,00 FC 52 D4 5B 14 16 1B,speed=0.00
1779698266.349,0x200,8,42 64 BE 57 D6 5F D0 1C,fuel=100.00
1779698266.451,0x300,8,02 19 CC 85 30 A9 F8 BE,temp=42.00
1779698266.531,0x100,8,00 85 93 58 15 24 5D 53,speed=0.00
1779698266.636,0x200,8,9F 64 85 E3 AF B7 AC E7,fuel=100.00
1779698266.709,0x300,8,02 0D 5B F7 4B 15 9C 10,temp=42.00
1779698266.797,0x100,8,00 2B 6D 3E E9 8F A2 BB,speed=0.00
1779698266.951,0x200,8,27 64 F6 21 3C EF B0 8D,fuel=100.00
1779698267.041,0x300,8,02 7F 3C A0 C4 C2 E6 64,temp=42.00
1779698267.093,0x100,8,00 78 88 B6 C6 51 09 0D,speed=0.00
1779698267.196,0x200,8,B7 64 EE B3 15 42 B7 DD,fuel=100.00
1779698267.267,0x300,8,02 DE EC AF 4E 54 CC 45,temp=42.00
1779698267.369,0x100,8,00 8C EC 35 CE 4C 94 EE,speed=0.00
1779698267.467,0x200,8,B4 64 44 2E AE D7 3F D9,fuel=100.00
1779698267.547,0x300,8,02 D0 F0 72 5D 2B BE 2B,temp=42.00
1779698267.686,0x100,8,00 38 65 CD 69 98 26 D1,speed=0.00
1779698267.746,0x200,8,35 64 4B BF FD FF B0 ED,fuel=100.00
1779698267.848,0x300,8,02 1F DD AC 9A 0A AB 39,temp=42.00
1779698267.952,0x100,8,00 F3 2C 45 10 A7 E5 B2,speed=0.00
1779698268.015,0x200,8,67 64 59 CA 47 0C F1 F2,fuel=100.00
1779698268.114,0x300,8,02 8C 41 24 5F AF BE 22,temp=42.00
1779698268.202,0x100,8,00 F8 9A 82 08 34 86 05,speed=0.00
1779698268.351,0x200,8,20 64 7A BE 3C DE 3C 5A,fuel=100.00
1779698268.414,0x300,8,02 EB C9 A4 7B 33 91 4D,temp=42.00
1779698268.494,0x100,8,00 6A 90 F3 B7 45 73 3F,speed=0.00
1779698268.635,0x200,8,56 64 04 61 E3 53 F3 21,fuel=100.00
1779698268.849,0x300,8,02 43 73 A4 7E 3A 71 A5,temp=42.00
1779698269.036,0x100,8,00 1C 44 FD A4 81 D5 45,speed=0.00
1779698269.148,0x200,8,B4 64 77 4B 86 2D 1C 0E,fuel=100.00
1779698269.712,0x300,8,02 CF B0 F4 32 CE F7 90,temp=42.00
1779698269.835,0x100,8,00 93 B7 6E A3 BE B8 70,speed=0.00
1779698269.916,0x200,8,DC 64 C2 0E 0D 0A BB EA,fuel=100.00
1779698270.036,0x300,8,02 AF CF FA 4F EE E0 01,temp=42.00
1779698270.078,0x100,8,00 E5 61 7C 24 26 88 51,speed=0.00
1779698270.185,0x200,8,82 64 52 7C 4D E9 22 3B,fuel=100.00
1779698270.319,0x300,8,02 7A 15 C9 34 AA 51 C4,temp=42.00
1779698271.301,0x100,8,00 76 BD 59 A9 6A C1 8A,speed=0.00
1779698272.152,0x200,8,71 64 9D 85 AE 7A DA B0,fuel=100.00
1779698272.382,0x300,8,02 C4 E4 AC 8B 0A C6 A4,temp=42.00
1779698272.602,0x100,8,00 0F 6A 67 1A 89 64 3D,speed=0.00
1779698272.769,0x200,8,6A 64 90 38 A2 F4 6F 30,fuel=100.00
1779698272.828,0x300,8,02 66 F9 28 88 51 6D 39,temp=42.00
1779698272.949,0x100,8,00 7C 19 01 FE 82 28 84,speed=0.00
1779698273.046,0x200,8,96 64 1E F7 E0 3C EB 09,fuel=100.00
1779698273.134,0x300,8,02 09 F4 D9 08 B8 D9 81,temp=42.00
1779698273.196,0x100,8,00 5E 82 BF 94 BF 6F 01,speed=0.00
1779698273.349,0x200,8,07 64 95 B1 12 35 1D CB,fuel=100.00
1779698273.411,0x300,8,02 D5 99 E0 E4 46 DD 75,temp=42.00
1779698273.503,0x100,8,00 2A 18 30 56 BD C7 72,speed=0.00
1779698273.658,0x200,8,6F 64 86 6B 39 E2 A4 2C,fuel=100.00
1779698273.759,0x300,8,02 AC 57 C2 DA 6D 0A EB,temp=42.00
1779698273.849,0x100,8,00 5C C6 8E 9F A5 D7 DF,speed=0.00
1779698273.938,0x200,8,D0 64 02 18 83 8C CB 06,fuel=100.00
1779698274.048,0x300,8,02 AA E9 37 29 CC 30 96,temp=42.00
1779698274.117,0x100,8,00 23 82 2B 38 C1 9E 30,speed=0.00
1779698274.212,0x200,8,D7 64 15 34 5F 6A BE 54,fuel=100.00
1779698274.297,0x300,8,02 7E 9B 31 CC BC E8 C4,temp=42.00
1779698274.397,0x100,8,00 1E CF 33 01 E9 A1 97,speed=0.00
1779698274.495,0x200,8,DC 64 9C 50 07 B1 4E 16,fuel=100.00
1779698274.646,0x300,8,02 3C F5 00 89 8D 05 6D,temp=42.00
1779698274.698,0x100,8,00 1A BA 44 42 EE C8 F3,speed=0.00
1779698274.832,0x200,8,93 64 94 22 A0 67 D7 E4,fuel=100.00
1779698274.925,0x300,8,02 B8 14 D4 AB 89 88 BB,temp=42.00
1779698275.001,0x100,8,00 40 62 5B 1C A6 91 96,speed=0.00
1779698275.080,0x200,8,3F 64 61 19 93 03 15 60,fuel=100.00
1779698275.183,0x300,8,02 0B 0A EB 5D AE FA 65,temp=42.00
1779698275.332,0x100,8,00 61 37 3A 40 D0 E6 17,speed=0.00
1779698275.383,0x200,8,31 64 41 55 60 7A A9 59,fuel=100.00
1779698275.487,0x300,8,02 33 D6 B5 25 32 FF 22,temp=42.00
1779698275.619,0x100,8,00 C8 D4 1C EB 9F 48 94,speed=0.00
1779698275.791,0x200,8,9B 64 88 C8 D4 0E C8 4F,fuel=100.00
1779698275.891,0x300,8,02 FC 4C 5C 31 57 87 F2,temp=42.00
1779698276.078,0x100,8,00 DF 91 77 8E A4 E3 C6,speed=0.00
1779698276.180,0x200,8,8F 64 C2 13 E2 88 DD 01,fuel=100.00
1779698276.315,0x300,8,02 45 3B D8 AF 76 6D 2C,temp=42.00
1779698276.384,0x100,8,00 81 71 4E 2B FF 99 17,speed=0.00
1779698276.503,0x200,8,28 64 0F 58 27 43 BF A1,fuel=100.00
1779698276.593,0x300,8,02 E1 7E 30 AE 54 0B 6F,temp=42.00
1779698276.714,0x100,8,00 01 75 66 61 9C 4E D7,speed=0.00
1779698276.774,0x200,8,FC 64 FC 86 02 FE 71 90,fuel=100.00
1779698276.897,0x300,8,02 95 B4 AA 25 06 27 16,temp=42.00
1779698276.973,0x100,8,00 D9 41 04 F0 47 96 37,speed=0.00
1779698277.090,0x200,8,CD 64 DE 12 21 50 26 26,fuel=100.00
1779698277.177,0x300,8,02 5C 0B 55 60 8B 46 B2,temp=42.00
1779698277.265,0x100,8,00 54 31 39 24 BA B6 65,speed=0.00
1779698277.328,0x200,8,AE 64 BE EA 85 23 C6 CB,fuel=100.00
1779698277.453,0x300,8,02 13 24 D2 B1 60 94 5A,temp=42.00
1779698277.530,0x100,8,00 2A 8C E8 F2 47 83 BD,speed=0.00
1779698277.610,0x200,8,B2 64 0C 25 9C 53 71 C9,fuel=100.00
1779698277.715,0x300,8,02 ED 75 C6 DA 99 8C 92,temp=42.00
1779698277.800,0x100,8,00 CE AE 79 06 CC 1E A7,speed=0.00
1779698277.923,0x200,8,C4 64 40 36 D5 56 3C DE,fuel=100.00
1779698277.993,0x300,8,02 39 B5 93 D7 60 E7 78,temp=42.00
1779698278.107,0x100,8,00 57 8A 9A 4A DA 29 60,speed=0.00
1779698278.190,0x200,8,07 64 27 98 F6 89 91 3B,fuel=100.00
1779698278.276,0x300,8,02 BE 7E AD B5 1E A5 0F,temp=42.00
1779698278.401,0x100,8,00 7C 6F 85 F3 40 99 60,speed=0.00
1779698278.451,0x200,8,6F 64 7A 29 15 37 50 7B,fuel=100.00
1779698278.562,0x300,8,02 AE 78 A9 DE 5D 5B 75,temp=42.00
1779698278.649,0x100,8,00 2F 71 67 CF E2 42 CA,speed=0.00
1779698278.815,0x200,8,A8 64 8F EB 6C D1 D0 C9,fuel=100.00
1779698278.869,0x300,8,02 7E 22 6F 88 AB 5F 63,temp=42.00
1779698278.950,0x100,8,00 31 17 6C B1 7A 07 1D,speed=0.00
1779698279.049,0x200,8,F3 64 0D 3E 23 0D 92 11,fuel=100.00
1779698279.129,0x300,8,02 81 03 06 BA 72 67 28,temp=42.00
1779698279.229,0x100,8,00 41 9F D8 6C 11 42 83,speed=0.00
1779698279.362,0x200,8,AD 64 7F 6A 19 6E 5E 5F,fuel=100.00
1779698279.431,0x300,8,02 59 A2 C2 CE 39 93 65,temp=42.00
1779698279.526,0x100,8,00 2A 0B DC EC 69 F9 69,speed=0.00
1779698279.601,0x200,8,D6 64 2A 68 1C 3F FE 15,fuel=100.00
1779698279.908,0x300,8,02 8B C3 D4 55 69 7D 15,temp=42.00
1779698279.980,0x100,8,00 CC 2B 43 E5 5F CE 22,speed=0.00
1779698280.116,0x200,8,FF 64 49 00 22 D1 FE 45,fuel=100.00
1779698280.159,0x300,8,02 E9 16 F3 D0 83 A0 F5,temp=42.00
1779698280.262,0x100,8,00 AD 0B FA 45 5A F4 4C,speed=0.00
1779698280.360,0x200,8,D2 64 B1 BF 37 59 30 0C,fuel=100.00
1779698280.457,0x300,8,02 D8 EE 92 FE F8 D0 59,temp=42.00
1779698280.548,0x100,8,00 9A 45 5C 00 6E 01 3A,speed=0.00
1779698280.665,0x200,8,AB 64 E1 79 AA 4A 32 4A,fuel=100.00
1779698280.721,0x300,8,02 88 DC 95 D0 0B EF B5,temp=42.00
1779698280.849,0x100,8,00 78 5D A4 03 D0 A3 9C,speed=0.00
1779698280.927,0x200,8,03 64 F7 04 37 93 F1 CB,fuel=100.00
1779698281.021,0x300,8,02 B5 BC 3D 5E C3 C0 13,temp=42.00
1779698281.161,0x100,8,00 C7 4A C5 E6 76 F5 79,speed=0.00
1779698281.202,0x200,8,3E 64 D9 4A E4 C7 D3 D1,fuel=100.00
1779698281.277,0x300,8,02 33 F9 84 23 44 22 D6,temp=42.00
1779698281.425,0x100,8,00 EA A0 4F 9F FA B8 2B,speed=0.00
1779698281.464,0x200,8,00 64 BB BC D3 7A D3 39,fuel=100.00
1779698281.574,0x300,8,02 13 E3 3F 7F 95 0B 4F,temp=42.00
1779698281.667,0x100,8,00 64 A5 EE 77 7A D3 5F,speed=0.00
1779698281.752,0x200,8,C2 64 DC 4A A2 49 99 2C,fuel=100.00
1779698281.876,0x300,8,02 51 4E ED 5E 8C BA 45,temp=42.00
1779698281.966,0x100,8,00 D9 12 59 9C DB 1F AF,speed=0.00
1779698282.036,0x200,8,BE 64 2C D0 53 D1 AF D7,fuel=100.00
1779698282.131,0x300,8,02 48 CE EC 3A CD 2C 4D,temp=42.00
1779698282.283,0x100,8,00 D8 E8 F1 14 11 8C AF,speed=0.00
1779698282.336,0x200,8,06 64 90 4E A7 F7 C2 85,fuel=100.00
1779698282.411,0x300,8,02 76 FF D4 5D 7E A6 33,temp=42.00
1779698282.520,0x100,8,00 62 5E 6D 13 85 04 1D,speed=0.00
1779698282.631,0x200,8,B3 64 B7 AD 1A 6F EF DC,fuel=100.00
1779698282.696,0x300,8,02 88 E2 3A 19 EC EC DC,temp=42.00
1779698282.777,0x100,8,00 C1 33 A7 0C D6 B4 18,speed=0.00
1779698282.884,0x200,8,65 64 9A 8D 2E 58 83 DA,fuel=100.00
1779698283.000,0x300,8,02 37 02 4A 7D 3C 1D B0,temp=42.00
1779698283.065,0x100,8,00 14 1B 4B E2 DA EA D5,speed=0.00
1779698283.185,0x200,8,73 64 B2 0F 8C 71 0A 4D,fuel=100.00
1779698283.251,0x300,8,02 60 E5 EE 84 99 14 11,temp=42.00
1779698283.415,0x100,8,00 7C 3A 06 4C 62 E2 07,speed=0.00
1779698283.492,0x200,8,E3 64 A0 48 B0 6D A2 3F,fuel=100.00
1779698283.579,0x300,8,02 AF 3B 99 6B FF 23 78,temp=42.00
1779698283.659,0x100,8,00 2A 91 88 AA D9 FF 2F,speed=0.00
1779698283.766,0x200,8,1B 64 23 94 50 3F BF BE,fuel=100.00
1779698283.859,0x300,8,02 F1 18 FB 71 BA 86 75,temp=42.00
1779698283.969,0x100,8,00 5A EC 43 FF 7E 04 DA,speed=0.00
1779698284.120,0x200,8,89 64 84 76 7B 62 2C 47,fuel=100.00
1779698284.186,0x300,8,02 B9 68 CB 4A 1A B1 32,temp=42.00
1779698284.284,0x100,8,00 33 D7 1F FF A4 98 69,speed=0.00
1779698284.390,0x200,8,56 64 8B F2 82 D6 E8 22,fuel=100.00
1779698284.500,0x300,8,02 95 BD AA 08 A8 4C 9C,temp=42.00
1779698284.600,0x100,8,00 CE 63 48 5E D3 59 F3,speed=0.00
1779698284.682,0x200,8,09 64 CF 27 56 84 70 0C,fuel=100.00
1779698284.768,0x300,8,02 FF 45 20 39 8C 3A 31,temp=42.00
1779698284.845,0x100,8,00 94 F0 1F A8 89 61 F6,speed=0.00
1779698284.948,0x200,8,3C 64 92 29 05 E3 99 B4,fuel=100.00
1779698285.084,0x300,8,02 B9 3C DB FB 2F 17 8D,temp=42.00
1779698285.190,0x100,8,00 04 E9 0E C7 67 34 2B,speed=0.00
1779698285.224,0x200,8,AA 64 E2 1F 1F 94 55 2A,fuel=100.00
1779698285.344,0x300,8,02 DD E8 B1 04 77 E2 CF,temp=42.00
1779698285.409,0x100,8,00 D3 AC 35 FB BC C9 BD,speed=0.00
1779698285.563,0x200,8,5C 64 E5 52 93 A6 5B 42,fuel=100.00
1779698285.701,0x300,8,02 5E B9 6A D5 65 32 01,temp=42.00
1779698285.796,0x100,8,00 F0 17 8D E1 F7 9F DD,speed=0.00
1779698285.894,0x200,8,31 64 10 18 4A 56 BD 1A,fuel=100.00
1779698285.976,0x300,8,02 C3 AB 35 4B 89 17 B3,temp=42.00
1779698286.098,0x100,8,00 14 7F 36 F3 DD A6 5C,speed=0.00
1779698286.154,0x200,8,A3 64 01 5D 75 73 B3 AB,fuel=100.00
1779698286.282,0x300,8,02 0F AF A1 91 29 D6 26,temp=42.00
1779698286.365,0x100,8,00 A9 90 17 72 8F 2F 36,speed=0.00
1779698286.451,0x200,8,DE 64 E2 2B 2F AC 5A 47,fuel=100.00
1779698286.579,0x300,8,02 3A 6B DF 89 82 13 0D,temp=42.00
1779698286.654,0x100,8,00 38 C5 3A FB 31 47 AC,speed=0.00
1779698286.735,0x200,8,DE 64 69 81 96 2B EE E8,fuel=100.00
1779698286.830,0x300,8,02 D9 5E 0A 7C E8 AA CE,temp=42.00
1779698286.979,0x100,8,00 BC 06 C1 58 5B 55 94,speed=0.00
1779698287.060,0x200,8,0E 64 07 BF FD 48 3B CC,fuel=100.00
1779698287.112,0x300,8,02 3B 45 BE 74 6F 68 1F,temp=42.00
1779698287.234,0x100,8,00 E7 D5 B7 62 A1 83 EF,speed=0.00
1779698287.313,0x200,8,34 64 A0 72 F2 A0 66 92,fuel=100.00
1779698287.441,0x300,8,02 A7 94 26 DE F0 42 51,temp=42.00
1779698287.516,0x100,8,00 A8 9D 86 05 15 BF 8F,speed=0.00
1779698287.614,0x200,8,55 64 20 4C CC 4F 8D 81,fuel=100.00
1779698287.719,0x300,8,02 65 26 DE 93 6C E3 5A,temp=42.00
1779698287.969,0x100,8,00 C0 18 B1 C2 96 88 1D,speed=0.00
1779698288.058,0x200,8,75 64 DF 93 09 43 CA BC,fuel=100.00
1779698288.152,0x300,8,02 20 EF D4 78 4A 73 A6,temp=42.00
1779698288.245,0x100,8,00 18 C4 95 AF 9E CE 54,speed=0.00
1779698288.350,0x200,8,65 64 4D 56 3C B2 94 D3,fuel=100.00
1779698288.434,0x300,8,02 35 4F 22 3E 76 42 F2,temp=42.00
1779698288.554,0x100,8,00 FE B5 1F 55 9A B6 84,speed=0.00
1779698288.613,0x200,8,F9 64 E8 71 9B 88 5B FB,fuel=100.00
1779698288.727,0x300,8,02 DC A4 B3 D8 A3 F7 4D,temp=42.00
1779698288.799,0x100,8,00 3A 72 D3 D3 C3 26 F1,speed=0.00
1779698288.942,0x200,8,54 64 50 87 71 F5 4C 5F,fuel=100.00
1779698289.018,0x300,8,02 15 D7 2F A7 E7 21 24,temp=42.00
1779698289.118,0x100,8,00 68 9F 36 1A 31 5C C9,speed=0.00
1779698289.213,0x200,8,6A 64 DB 33 13 D2 9D 5B,fuel=100.00
1779698289.282,0x300,8,02 3C AF 23 51 27 C9 27,temp=42.00
1779698289.379,0x100,8,00 21 8A 53 3D 5B A3 95,speed=0.00
1779698289.486,0x200,8,05 64 11 36 E7 2F 66 58,fuel=100.00
1779698289.547,0x300,8,02 99 AF 5E 36 11 1D 6D,temp=42.00
1779698289.647,0x100,8,00 E2 4B 0A 1B 9D 8D 3F,speed=0.00
1779698289.770,0x200,8,BC 64 C5 0B 95 D4 36 50,fuel=100.00
1779698289.901,0x300,8,02 2A 13 61 CB 8C 71 A8,temp=42.00
1779698289.947,0x100,8,00 D9 D4 06 D4 B9 C9 46,speed=0.00
1779698290.062,0x200,8,91 64 A2 8B 1D D5 0F 70,fuel=100.00
1779698290.133,0x300,8,02 2F 6C D8 9A C4 BC D7,temp=42.00
1779698290.232,0x100,8,00 7B 41 62 39 33 56 76,speed=0.00
1779698290.348,0x200,8,6A 64 32 39 A7 AB 14 16,fuel=100.00
1779698290.432,0x300,8,02 5F ED 26 6D 3A 06 F2,temp=42.00
1779698290.563,0x100,8,00 FF FB 2E 0C BB F8 8C,speed=0.00
1779698290.601,0x200,8,EB 64 78 93 EF 4A 2D 4A,fuel=100.00
1779698290.716,0x300,8,02 D0 7B 28 50 FC F9 44,temp=42.00
1779698290.802,0x100,8,00 FA 84 4F 4E 9E 67 B5,speed=0.00
1779698290.894,0x200,8,9F 64 5F B6 42 B0 B6 71,fuel=100.00
1779698291.000,0x300,8,02 AC 87 C8 7B 39 65 1A,temp=42.00
1779698291.073,0x100,8,00 EB 3E B2 0C AE 26 67,speed=0.00
1779698291.163,0x200,8,4C 64 C3 66 D3 59 A9 9E,fuel=100.00
1779698291.251,0x300,8,02 AD A2 24 E9 AF D7 F2,temp=42.00
1779698291.351,0x100,8,00 F2 A7 09 13 72 F2 18,speed=0.00
1779698291.451,0x200,8,39 64 21 9B 83 22 6D 63,fuel=100.00
1779698291.569,0x300,8,02 6F 8C 03 0D E3 EC F1,temp=42.00
1779698291.637,0x100,8,00 C5 FF FF 79 04 4A F9,speed=0.00
1779698291.749,0x200,8,75 64 7C 8B 4A 72 BA B1,fuel=100.00
1779698291.815,0x300,8,02 4A BE 64 49 BD 89 13,temp=42.00
1779698291.959,0x100,8,00 4D 78 7C 6A CB 71 45,speed=0.00
1779698292.035,0x200,8,24 64 6B C0 5A CB E1 13,fuel=100.00
1779698292.299,0x300,8,02 81 E5 AE 0A 96 A4 FD,temp=42.00
1779698292.382,0x100,8,00 A4 6C FE D8 FB 5B F8,speed=0.00
1779698292.485,0x200,8,9D 64 39 0E A4 CC EF CE,fuel=100.00
1779698292.679,0x300,8,02 A9 B7 9A E9 55 5C 4A,temp=42.00
1779698292.782,0x100,8,00 FA 73 D3 1E C8 7B 40,speed=0.00
1779698292.880,0x200,8,26 64 26 43 A6 7B 09 A3,fuel=100.00
1779698292.948,0x300,8,02 3B A4 06 C3 70 FB 68,temp=42.00
1779698293.067,0x100,8,00 14 1C 9D 19 74 A0 74,speed=0.00
1779698293.144,0x200,8,D0 64 E8 91 A2 28 F2 8C,fuel=100.00
1779698293.235,0x300,8,02 A4 77 F9 39 49 9B C8,temp=42.00
1779698293.327,0x100,8,00 F5 F1 97 B9 1D 65 5B,speed=0.00
1779698293.445,0x200,8,5D 64 19 19 73 DE B6 B1,fuel=100.00
1779698293.499,0x300,8,02 F8 EF 79 26 62 B0 F1,temp=42.00
1779698293.615,0x100,8,00 8A B1 D0 6C 11 5D 26,speed=0.00
1779698293.699,0x200,8,D1 64 6B 87 C6 46 A9 6E,fuel=100.00
1779698293.785,0x300,8,02 DB CA 92 CD FF 13 E2,temp=42.00
1779698293.887,0x100,8,00 1F A1 C2 DD 05 BB 0E,speed=0.00
1779698294.031,0x200,8,D0 64 6C 38 68 EB 4D B0,fuel=100.00
1779698294.078,0x300,8,02 B6 D0 C4 7E 04 78 19,temp=42.00
1779698294.152,0x100,8,00 3F 7B CA B1 5D 72 FE,speed=0.00
1779698294.262,0x200,8,DF 64 37 5E 6F C9 AF DF,fuel=100.00
1779698294.369,0x300,8,02 8D BA 3B 61 66 46 4F,temp=42.00
1779698294.516,0x100,8,00 27 27 7A D0 F5 A1 70,speed=0.00
1779698294.649,0x200,8,D2 64 B3 34 92 9F 2B 52,fuel=100.00
1779698294.750,0x300,8,02 16 7B A4 05 73 2E 74,temp=42.00
1779698294.819,0x100,8,00 22 21 80 C7 A0 4B 83,speed=0.00
1779698294.928,0x200,8,74 64 20 30 B2 1F 6D FC,fuel=100.00
1779698295.029,0x300,8,02 67 FC 8E 75 30 DE A0,temp=42.00
1779698295.110,0x100,8,00 48 4B E2 C5 0F B7 AB,speed=0.00
1779698295.244,0x200,8,E2 64 A9 C7 32 85 16 83,fuel=100.00
1779698295.359,0x300,8,02 88 93 0B 9D 79 A4 78,temp=42.00
1779698295.394,0x100,8,00 6D A7 DF 7E CB 56 3E,speed=0.00
1779698295.501,0x200,8,31 64 22 81 CB 05 03 ED,fuel=100.00
1779698295.585,0x300,8,02 28 7C 39 0E 10 5C 71,temp=42.00
1779698295.664,0x100,8,00 71 6B E6 0D 57 BF 8C,speed=0.00
1779698296.219,0x200,8,DE 64 86 EE 4B 9B 96 89,fuel=100.00
1779698296.381,0x300,8,02 B4 4C 37 C2 91 90 C0,temp=42.00
1779698296.451,0x100,8,00 1B AC 2B AC 2E 02 BB,speed=0.00
1779698296.598,0x200,8,27 64 FF 78 EC 63 C3 4A,fuel=100.00
1779698296.797,0x300,8,02 6F CC E1 4E E7 43 81,temp=42.00
1779698296.899,0x100,8,00 4D C4 13 B3 3C 6B E9,speed=0.00
1779698297.000,0x200,8,13 64 3E F5 50 A4 C7 47,fuel=100.00
1779698297.116,0x300,8,02 72 5E 37 A8 B3 7E 05,temp=42.00
1779698297.182,0x100,8,00 2C DD 30 DA 22 7A 4C,speed=0.00
1779698297.298,0x200,8,BB 64 E5 5C 83 86 4F E8,fuel=100.00
1779698297.363,0x300,8,02 8A B9 B9 83 5B 9D 24,temp=42.00
1779698297.480,0x100,8,00 62 13 38 C5 C5 A8 22,speed=0.00
1779698297.569,0x200,8,90 64 7D 0E EF 2E 0F 06,fuel=100.00
1779698297.651,0x300,8,02 2A 8B 08 E4 9A 7F AA,temp=42.00
1779698297.732,0x100,8,00 91 7F 5F 91 04 B7 07,speed=0.00
1779698297.846,0x200,8,CE 64 B8 EA 58 94 25 AE,fuel=100.00
1779698297.926,0x300,8,02 39 9B 00 91 0D E3 52,temp=42.00
1779698298.015,0x100,8,00 57 44 D5 EE 0A F4 F2,speed=0.00
1779698298.132,0x200,8,33 64 E3 06 BF 86 12 EB,fuel=100.00
1779698298.202,0x300,8,02 D8 20 95 F2 4C 5B B9,temp=42.00
1779698298.345,0x100,8,00 AE 93 2D 5F 58 9A 54,speed=0.00
1779698298.386,0x200,8,B5 64 44 31 25 D1 F8 6C,fuel=100.00
1779698298.519,0x300,8,02 01 78 40 CE B4 05 20,temp=42.00
1779698298.586,0x100,8,00 73 99 D7 DB 53 EF 8E,speed=0.00
1779698298.664,0x200,8,9E 64 91 E5 A7 6A F3 8D,fuel=100.00
1779698298.781,0x300,8,02 18 3A 36 BA 7B 07 F9,temp=42.00
1779698298.917,0x100,8,00 ED 3C DD A4 57 DF F0,speed=0.00
1779698298.985,0x200,8,95 64 6A 44 7B 59 53 E2,fuel=100.00
1779698299.063,0x300,8,02 35 98 4B DF 0D 20 C0,temp=42.00
1779698299.145,0x100,8,00 41 74 06 FA C4 61 25,speed=0.00
1779698299.268,0x200,8,1C 64 9E 17 B4 20 0E 92,fuel=100.00
1779698299.333,0x300,8,02 77 8D 62 E8 A2 D5 F4,temp=42.00
1779698299.410,0x100,8,00 1B FE 3E 24 C9 11 61,speed=0.00
1779698299.562,0x200,8,4F 64 8A 3E 80 87 A6 A0,fuel=100.00
1779698299.682,0x300,8,02 BB D3 D4 62 E5 2F 7F,temp=42.00
1779698299.743,0x100,8,00 5F DA A0 F3 F4 E1 63,speed=0.00
1779698299.829,0x200,8,C1 64 A6 DE D2 3B 23 70,fuel=100.00
1779698299.883,0x300,8,02 65 41 67 E1 B0 78 78,temp=42.00
1779698300.015,0x100,8,00 2E F0 9D 82 FC 0D D3,speed=0.00
1779698300.082,0x200,8,17 64 E5 34 71 F9 20 EA,fuel=100.00
1779698300.167,0x300,8,02 F9 9F 83 82 6D 9F 47,temp=42.00
1779698300.295,0x100,8,00 12 E8 4A C0 13 31 D4,speed=0.00
1779698300.412,0x200,8,B3 64 31 6D 35 4C 00 80,fuel=100.00
1779698300.456,0x300,8,02 09 6F 54 1D D0 AD 23,temp=42.00
1779698300.569,0x100,8,00 0F 71 61 15 B1 6B 99,speed=0.00
1779698300.653,0x200,8,99 64 DB 10 E4 69 CD FF,fuel=100.00
1779698300.759,0x300,8,02 CE 1A DC 98 B0 2A 73,temp=42.00
1779698300.830,0x100,8,00 07 5C 9D E4 D3 4B E7,speed=0.00
1779698300.917,0x200,8,05 64 B0 F7 18 06 B5 EC,fuel=100.00
1779698301.000,0x300,8,02 20 E7 2B 15 0B 33 B2,temp=42.00
1779698301.109,0x100,8,00 1C 8A 1B 63 39 3A 5D,speed=0.00
1779698301.218,0x200,8,5E 64 76 7B 4B 08 04 95,fuel=100.00
1779698301.285,0x300,8,02 DB C2 8F 37 4F 90 DC,temp=42.00
1779698301.392,0x100,8,00 98 CA 16 C8 D1 E9 C6,speed=0.00
1779698301.479,0x200,8,FE 64 61 16 C3 E2 66 23,fuel=100.00
1779698301.586,0x300,8,02 AB 04 F7 C4 BB D5 7E,temp=42.00
1779698301.652,0x100,8,00 93 FC FE D9 FB 1C C3,speed=0.00
1779698301.767,0x200,8,6F 64 50 2A 05 D5 2D 5A,fuel=100.00
1779698301.851,0x300,8,02 42 26 86 B3 D1 57 0D,temp=42.00
1779698301.982,0x100,8,00 B8 D3 A7 02 1C 2D 21,speed=0.00
1779698302.026,0x200,8,50 64 C4 20 71 03 88 1D,fuel=100.00
1779698302.146,0x300,8,02 F6 3A 64 0F C4 04 D6,temp=42.00
1779698302.484,0x100,8,00 A9 8B 05 BA 0C 31 37,speed=0.00
1779698302.617,0x200,8,FD 64 4D 0E CA 12 E7 55,fuel=100.00
1779698302.719,0x300,8,02 2B B8 78 79 D7 C4 4C,temp=42.00
1779698302.784,0x100,8,00 72 8F 95 CB 2D 06 73,speed=0.00
1779698302.907,0x200,8,35 64 A7 49 45 97 C0 10,fuel=100.00
1779698302.970,0x300,8,02 B3 04 BF 6D F4 D4 BB,temp=42.00
1779698303.087,0x100,8,00 76 F4 34 91 96 A4 7B,speed=0.00
1779698303.200,0x200,8,74 64 41 17 FA 3E 27 D9,fuel=100.00
1779698303.285,0x300,8,02 F2 C9 70 3D 47 5E 55,temp=42.00
1779698303.361,0x100,8,00 FB FD C1 6E 8D 67 DA,speed=0.00
1779698303.449,0x200,8,CF 64 58 AF 8F 10 80 32,fuel=100.00
1779698303.541,0x300,8,02 15 54 A9 8B 02 CA 84,temp=42.00
1779698303.654,0x100,8,00 60 D4 77 17 1F 22 FB,speed=0.00
1779698303.730,0x200,8,EB 64 FA AC 9E B6 8D 7D,fuel=100.00
1779698303.840,0x300,8,02 54 98 DD 0E 55 50 D8,temp=42.00
1779698303.924,0x100,8,00 45 B0 22 14 59 82 12,speed=0.00
1779698304.042,0x200,8,60 64 CA AE A1 76 C3 BE,fuel=100.00
1779698304.357,0x300,8,02 48 76 A3 57 2B 36 A8,temp=42.00
1779698304.518,0x100,8,00 DD 58 CC 0D 3F A3 D9,speed=0.00
1779698304.612,0x200,8,DD 64 FB 72 8F E9 04 22,fuel=100.00
1779698304.701,0x300,8,02 54 15 7C AE 6F D8 A9,temp=42.00
1779698304.824,0x100,8,00 C8 2A 95 7B 50 6E D2,speed=0.00
1779698304.908,0x200,8,31 64 5C 7E F2 DC 23 2F,fuel=100.00
1779698305.031,0x300,8,02 CF FC C5 E3 0E 6F 8F,temp=42.00
1779698305.093,0x100,8,00 96 6E 65 CA 98 83 62,speed=0.00
1779698305.200,0x200,8,C3 64 65 51 D6 44 D7 84,fuel=100.00
1779698305.268,0x300,8,02 24 B3 BD C1 A3 99 6C,temp=42.00
1779698305.410,0x100,8,00 63 48 B8 0F 74 41 9E,speed=0.00
1779698305.486,0x200,8,62 64 F8 00 87 65 73 A4,fuel=100.00
1779698305.566,0x300,8,02 17 22 56 22 63 8B 00,temp=42.00
1779698305.698,0x100,8,00 E0 41 ED A3 49 9C 0F,speed=0.00
1779698305.802,0x200,8,7C 64 51 25 85 6B 46 73,fuel=100.00
1779698305.869,0x300,8,02 F7 A8 D5 E3 FE 55 54,temp=42.00
1779698305.951,0x100,8,00 10 98 40 63 A7 99 FE,speed=0.00
1779698306.017,0x200,8,C5 64 9E 6A 97 63 F1 F7,fuel=100.00
1779698306.103,0x300,8,02 FD 07 19 FF D7 2C 7D,temp=42.00
1779698306.202,0x100,8,00 1B C0 C5 C8 60 25 57,speed=0.00
1779698306.308,0x200,8,FD 64 93 30 03 8F C8 33,fuel=100.00
1779698306.396,0x300,8,02 0F 6D 45 9F 68 91 0A,temp=42.00
1779698306.507,0x100,8,00 0A 9B 44 35 8C 5E F5,speed=0.00
1779698306.612,0x200,8,42 64 17 0E CF 86 F8 8E,fuel=100.00
1779698306.697,0x300,8,02 73 4C C7 F3 8E CC 97,temp=42.00
1779698306.814,0x100,8,00 97 EE D0 90 01 41 67,speed=0.00
1779698306.899,0x200,8,48 64 59 65 A8 B3 82 A4,fuel=100.00
1779698306.992,0x300,8,02 56 9A 22 5F B5 1F EF,temp=42.00
1779698307.059,0x100,8,00 F3 4B D3 A6 8A 41 5C,speed=0.00
1779698307.168,0x200,8,24 64 FF 3E B5 7A 22 F7,fuel=100.00
1779698307.255,0x300,8,02 1C DC DC 4B 91 1B 12,temp=42.00
1779698307.329,0x100,8,00 03 D3 C3 26 83 60 B6,speed=0.00
1779698307.432,0x200,8,7C 64 B6 56 FA 46 D8 FB,fuel=100.00
1779698307.555,0x300,8,02 6F F7 AB 49 BE CC FA,temp=42.00
1779698307.619,0x100,8,00 E4 0B C9 93 A0 5D D4,speed=0.00
1779698307.727,0x200,8,78 64 81 A0 06 42 A7 76,fuel=100.00
1779698307.834,0x300,8,02 70 24 87 8A 06 67 45,temp=42.00
1779698307.936,0x100,8,00 75 86 2B 70 54 B2 75,speed=0.00
1779698308.000,0x200,8,AE 64 30 56 4C D6 AD FD,fuel=100.00
1779698308.080,0x300,8,02 37 F5 C0 94 07 51 87,temp=42.00
1779698308.194,0x100,8,00 6A FB 57 35 E4 56 7D,speed=0.00
1779698308.266,0x200,8,F0 64 56 94 A3 E0 E6 B6,fuel=100.00
1779698308.382,0x300,8,02 C1 08 38 CB 62 C4 F6,temp=42.00
1779698308.452,0x100,8,00 D3 5F 2F 95 B2 D4 B3,speed=0.00
1779698308.562,0x200,8,1D 64 03 CA 6D 1A C8 B0,fuel=100.00
1779698308.675,0x300,8,02 C5 51 CE 0A 49 D0 F4,temp=42.00
1779698308.745,0x100,8,00 C3 F2 F1 72 05 93 E6,speed=0.00
1779698308.877,0x200,8,BA 64 DC 3A CC 47 D3 B8,fuel=100.00
1779698308.997,0x300,8,02 A6 12 45 05 04 F7 B5,temp=42.00
1779698309.062,0x100,8,00 3A 12 10 BD 6F 7A 7D,speed=0.00
1779698309.153,0x200,8,69 64 93 93 3E D7 73 11,fuel=100.00
1779698309.252,0x300,8,02 03 30 07 2C 16 F7 A8,temp=42.00
1779698309.328,0x100,8,00 24 1E 7D F8 C5 F4 2C,speed=0.00
1779698309.421,0x200,8,C9 64 D3 E4 7E DA 31 AD,fuel=100.00
1779698309.514,0x300,8,02 A5 1A 1B 3D E6 D1 5D,temp=42.00
1779698309.643,0x100,8,00 2E 22 B3 39 B3 64 F4,speed=0.00
1779698309.738,0x200,8,55 64 6B 6A E3 C2 91 64,fuel=100.00
1779698309.818,0x300,8,02 2A 31 DA 19 4E B4 93,temp=42.00
1779698309.934,0x100,8,00 72 FA 00 53 DF 22 D4,speed=0.00
1779698310.001,0x200,8,2D 64 9E 89 2A 3E D8 D0,fuel=100.00
1779698310.111,0x300,8,02 0E 91 8F 22 E2 D5 7F,temp=42.00
1779698310.177,0x100,8,00 5B 28 F6 06 C3 AC 3A,speed=0.00
1779698310.284,0x200,8,28 64 21 B1 CA 87 88 97,fuel=100.00
1779698310.383,0x300,8,02 4B 56 5C 97 B9 F1 D0,temp=42.00
1779698310.457,0x100,8,00 F4 9C B9 10 1E 1A 0B,speed=0.00
1779698310.556,0x200,8,E0 64 7A 86 B7 5B 41 AE,fuel=100.00
1779698310.683,0x300,8,02 95 25 D3 8C F2 9F ED,temp=42.00
1779698310.750,0x100,8,00 E7 FA EE 60 69 AD A8,speed=0.00
1779698310.827,0x200,8,39 64 B1 B5 2F 0C 18 32,fuel=100.00
1779698310.948,0x300,8,02 65 CE 8B 83 AC B4 78,temp=42.00
1779698311.057,0x100,8,00 BA EE 15 89 FA 47 95,speed=0.00
1779698311.148,0x200,8,45 64 60 FC 04 52 58 C9,fuel=100.00
1779698311.213,0x300,8,02 7F 86 21 2A 29 57 3D,temp=42.00
1779698311.328,0x100,8,00 7D 39 5B 1A F9 33 FE,speed=0.00
1779698311.408,0x200,8,33 64 35 50 C8 F5 E8 AC,fuel=100.00
1779698311.493,0x300,8,02 4D 1F 7C 9A 85 50 D2,temp=42.00
1779698311.629,0x100,8,00 02 C7 E0 92 DF 69 76,speed=0.00
1779698311.765,0x200,8,B5 64 4B F9 6C 7D 18 FA,fuel=100.00
1779698311.886,0x300,8,02 A0 DC 4B 3B 4C D5 14,temp=42.00
1779698311.964,0x100,8,00 AD 17 93 DB 45 AF FE,speed=0.00
1779698312.065,0x200,8,65 64 51 1F EE 55 05 6B,fuel=100.00
1779698312.159,0x300,8,02 A6 28 1D 39 0B F8 01,temp=42.00
1779698312.250,0x100,8,00 60 F8 A1 9D 17 EA C1,speed=0.00
1779698312.326,0x200,8,A4 64 69 F6 CE C1 6F 0E,fuel=100.00
1779698312.425,0x300,8,02 8D B1 C7 D5 FF D5 5F,temp=42.00
1779698312.563,0x100,8,00 F3 81 AF 1F 3A 8B E5,speed=0.00
1779698312.616,0x200,8,04 64 CC EE 40 42 D3 B6,fuel=100.00
1779698312.723,0x300,8,02 38 F0 F6 49 AC 31 51,temp=42.00
1779698312.834,0x100,8,00 B1 74 E4 11 DF 5C E6,speed=0.00
1779698312.932,0x200,8,E2 64 E4 6F 9F 14 AD 4F,fuel=100.00
1779698313.000,0x300,8,02 C5 31 C5 E1 9B D0 61,temp=42.00
1779698313.117,0x100,8,00 6D C9 94 99 93 09 4A,speed=0.00
1779698313.179,0x200,8,41 64 64 37 83 34 1E E2,fuel=100.00
1779698313.269,0x300,8,02 03 16 5A C1 47 7A 90,temp=42.00
1779698313.372,0x100,8,00 71 AF 24 AF B1 FB 4E,speed=0.00
1779698313.468,0x200,8,03 64 16 43 BA BF B1 35,fuel=100.00
1779698313.599,0x300,8,02 52 F8 CA 2C 5B BF 60,temp=42.00
1779698313.661,0x100,8,00 2A B5 25 93 A4 7D FA,speed=0.00
1779698313.775,0x200,8,E1 64 D8 F1 CB 63 8E 3F,fuel=100.00
1779698313.835,0x300,8,02 68 9A C6 A3 21 BE A7,temp=42.00
1779698313.961,0x100,8,00 7E 71 17 5C 99 3F 46,speed=0.00
1779698314.053,0x200,8,15 64 2F 8E EE A4 7A 2A,fuel=100.00
1779698314.131,0x300,8,02 96 2C F6 94 3B 23 92,temp=42.00
1779698314.249,0x100,8,00 AF A0 5E EA BE 0C 4E,speed=0.00
1779698314.302,0x200,8,35 64 8D 70 A0 17 FC 0F,fuel=100.00
1779698314.408,0x300,8,02 A7 FB 3B 31 F5 04 39,temp=42.00
1779698314.502,0x100,8,00 28 08 16 F8 E7 B4 75,speed=0.00
1779698314.589,0x200,8,D8 64 7B 55 19 43 D0 F4,fuel=100.00
1779698314.717,0x300,8,02 2F 93 3D E5 CB CD 33,temp=42.00
1779698314.784,0x100,8,00 EB 99 57 EB FC 86 2E,speed=0.00
1779698314.870,0x200,8,D2 64 98 BE 60 D2 4A E3,fuel=100.00
1779698315.027,0x300,8,02 F8 C9 ED 96 13 B1 99,temp=42.00
1779698315.078,0x100,8,00 DA 5E B2 45 38 42 FF,speed=0.00
1779698315.165,0x200,8,5C 64 24 9B BD 23 D1 87,fuel=100.00
1779698315.247,0x300,8,02 05 97 14 9F 9B EA 02,temp=42.00
1779698315.399,0x100,8,00 D2 F6 55 35 65 E3 30,speed=0.00
1779698315.452,0x200,8,B1 64 3B DE CC 7D C0 A6,fuel=100.00
1779698315.544,0x300,8,02 50 0C C7 6A 0F 30 25,temp=42.00
1779698315.646,0x100,8,00 3D CA A7 67 2B CC CD,speed=0.00
1779698315.714,0x200,8,28 64 9E C8 54 74 AF AC,fuel=100.00
1779698315.845,0x300,8,02 57 59 B9 E3 D1 31 61,temp=42.00
1779698315.914,0x100,8,00 B3 C4 F7 81 54 6F A0,speed=0.00
1779698316.010,0x200,8,87 64 16 07 7F 1C DC 03,fuel=100.00
1779698316.113,0x300,8,02 FB E7 E9 7A 56 7C 23,temp=42.00
1779698316.188,0x100,8,00 B0 6F 08 DF FF 11 D1,speed=0.00
1779698316.288,0x200,8,00 64 3D 62 92 5D 1B E6,fuel=100.00
1779698316.375,0x300,8,02 6C C5 50 96 FB C4 F5,temp=42.00
1779698316.484,0x100,8,00 BD 61 AD 2F D0 38 DE,speed=0.00
1779698316.586,0x200,8,0F 64 AC AB 9C D3 AC F1,fuel=100.00
1779698316.699,0x300,8,02 FF 35 F6 A0 17 6F D5,temp=42.00
1779698316.778,0x100,8,00 6D CA 8F 46 E7 83 61,speed=0.00
1779698316.854,0x200,8,A6 64 88 34 5A 85 E5 28,fuel=100.00
1779698316.948,0x300,8,02 0F FE C1 65 8A DF C1,temp=42.00
1779698317.052,0x100,8,00 DF 0C D1 87 B3 30 EA,speed=0.00
1779698317.124,0x200,8,E2 64 1A 9B 77 C0 06 67,fuel=100.00
1779698317.224,0x300,8,02 0F 65 9A 40 91 45 80,temp=42.00
1779698317.315,0x100,8,00 A6 0C CE CC 8B 1B 50,speed=0.00
1779698317.433,0x200,8,84 64 E2 2B 58 79 AB E7,fuel=100.00
1779698317.525,0x300,8,02 2B EB ED A3 3E 99 ED,temp=42.00
1779698317.606,0x100,8,00 FD 5A 5D 98 06 55 FD,speed=0.00
1779698317.717,0x200,8,19 64 C6 36 58 99 3B 8C,fuel=100.00
1779698317.782,0x300,8,02 58 31 2D 40 83 0E 16,temp=42.00
1779698317.890,0x100,8,00 97 8D E2 3E 6F 4C 6B,speed=0.00
1779698317.985,0x200,8,FD 64 4C B6 D0 36 1B 50,fuel=100.00
1779698318.082,0x300,8,02 D3 05 7D 93 40 40 B9,temp=42.00
1779698318.179,0x100,8,00 FE FA 30 38 F3 AE AA,speed=0.00
1779698318.285,0x200,8,41 64 A3 56 3A 4F D7 57,fuel=100.00
1779698318.353,0x300,8,02 15 5A 4C 96 12 EE E3,temp=42.00
1779698318.442,0x100,8,00 5B 45 60 F9 11 8B 4A,speed=0.00
1779698318.547,0x200,8,97 64 86 92 CA D7 EE 24,fuel=100.00
1779698318.639,0x300,8,02 8A 4B 8C F8 A0 08 75,temp=42.00
1779698318.729,0x100,8,00 B1 7E 5F 0B 39 6F 9E,speed=0.00
1779698318.831,0x200,8,61 64 66 14 2E 4D 2C C4,fuel=100.00
1779698318.976,0x300,8,02 06 84 4D 30 98 20 5F,temp=42.00
1779698319.017,0x100,8,00 E3 9B 72 E5 48 BE 8D,speed=0.00
1779698319.140,0x200,8,92 64 59 98 F8 8B 35 6A,fuel=100.00
1779698319.215,0x300,8,02 02 15 16 DB 46 5A D2,temp=42.00
1779698319.448,0x100,8,00 54 99 C7 DE A1 76 E2,speed=0.00
1779698319.777,0x200,8,F8 64 40 B0 BC BC 34 7A,fuel=100.00
1779698319.885,0x300,8,02 EE D1 AE 36 C9 2F 3D,temp=42.00
1779698319.980,0x100,8,00 67 BC 63 0C 06 C3 CE,speed=0.00
1779698320.061,0x200,8,65 64 52 78 22 FA E2 F3,fuel=100.00
1779698320.167,0x300,8,02 C2 1E A1 3C 7D 19 1D,temp=42.00
1779698320.264,0x100,8,00 78 B1 E6 FB 0A 50 37,speed=0.00
1779698320.386,0x200,8,3F 64 26 44 06 8E 66 B0,fuel=100.00
1779698320.482,0x300,8,02 FC 41 A7 9F 62 FB E7,temp=42.00
1779698320.651,0x100,8,00 DC 75 A9 7D 3F 9B 8C,speed=0.00
1779698321.361,0x200,8,2D 64 6C D7 5E 61 E9 21,fuel=100.00
1779698321.615,0x300,8,02 F9 D3 0C E3 79 ED AB,temp=42.00
1779698321.683,0x100,8,00 93 07 96 2C 26 CC 89,speed=0.00
1779698322.003,0x200,8,8B 64 A8 EA 49 89 DC 28,fuel=100.00
1779698322.080,0x300,8,02 05 FD DD 9E 85 FE 90,temp=42.00
1779698322.166,0x100,8,00 F9 B6 93 B3 52 45 40,speed=0.00
1779698322.933,0x200,8,E4 64 10 ED 7F 9A FA 85,fuel=100.00
1779698322.984,0x300,8,02 75 AE 6F 1F 6A 0F 99,temp=42.00
1779698323.047,0x100,8,00 D6 5D 37 D7 D2 56 BC,speed=0.00
1779698323.149,0x200,8,5F 64 77 D5 88 43 09 7F,fuel=100.00
1779698323.249,0x300,8,02 DF 93 4B AE D8 DF 29,temp=42.00
1779698323.363,0x100,8,00 A1 4B A7 70 99 45 18,speed=0.00
1779698323.434,0x200,8,95 64 88 73 25 0D 63 49,fuel=100.00
1779698323.566,0x300,8,02 F8 7C 2C 4E 4D 90 D4,temp=42.00
1779698323.648,0x100,8,00 09 52 08 56 65 CE 2D,speed=0.00
1779698323.736,0x200,8,16 64 90 6B EE 53 01 E0,fuel=100.00
1779698323.868,0x300,8,02 C8 96 AB DF BE B4 14,temp=42.00
1779698323.920,0x100,8,00 01 D6 07 D3 5E 20 97,speed=0.00
1779698323.999,0x200,8,80 64 05 43 FB 56 ED 38,fuel=100.00
1779698324.102,0x300,8,02 BE 8E 7A 55 C5 88 25,temp=42.00
1779698324.184,0x100,8,00 FB 77 25 67 AD 6A 19,speed=0.00
1779698324.281,0x200,8,6C 64 6A 90 4D DF 6A 10,fuel=100.00
1779698324.401,0x300,8,02 15 20 64 9C 38 E5 6E,temp=42.00
1779698324.463,0x100,8,00 52 26 8C 65 D7 97 9C,speed=0.00
1779698324.567,0x200,8,5E 64 78 AA A7 92 86 E2,fuel=100.00
1779698324.649,0x300,8,02 0F CA 0E 26 B7 E5 47,temp=42.00
1779698324.749,0x100,8,00 37 41 2E FE C7 80 67,speed=0.00
1779698324.898,0x200,8,0E 64 27 47 56 85 40 AF,fuel=100.00
1779698324.963,0x300,8,02 67 39 62 26 0F 82 C4,temp=42.00
1779698325.017,0x100,8,00 B3 BA C5 4B E6 37 0B,speed=0.00
1779698325.179,0x200,8,C6 64 F9 14 D1 D6 C4 38,fuel=100.00
1779698325.232,0x300,8,02 F8 D6 B1 F1 16 4B 64,temp=42.00
1779698325.345,0x100,8,00 8D FB 64 03 DF 57 55,speed=0.00
1779698325.401,0x200,8,A0 64 72 4B B8 4C CA 77,fuel=100.00
1779698325.598,0x300,8,02 75 2D 22 3E 7F F0 F4,temp=42.00
1779698325.679,0x100,8,00 11 4B A2 C6 20 75 37,speed=0.00
1779698325.799,0x200,8,9A 64 D6 35 C8 24 6D 89,fuel=100.00
1779698325.899,0x300,8,02 1B 1C 09 3A B6 65 BC,temp=42.00
1779698326.019,0x100,8,00 FA 65 C1 2C B5 70 2B,speed=0.00
1779698326.148,0x200,8,86 64 9C 59 18 5D 5F 7B,fuel=100.00
1779698326.263,0x300,8,02 CA 87 17 FD 4B 03 3E,temp=42.00
1779698326.361,0x100,8,00 A7 28 37 47 3C 2C 53,speed=0.00
1779698326.453,0x200,8,29 64 49 D2 54 05 DD 42,fuel=100.00
1779698326.537,0x300,8,02 3D 3A 20 CF 90 A8 68,temp=42.00
1779698326.635,0x100,8,00 A3 40 B4 6C 0B 0A C2,speed=0.00
1779698326.714,0x200,8,D6 64 9B 45 96 4E 34 99,fuel=100.00
1779698326.802,0x300,8,02 99 13 FA 03 0E 65 50,temp=42.00
1779698326.900,0x100,8,00 27 8E DB EE 8E 2F 70,speed=0.00
1779698327.025,0x200,8,9F 64 14 92 6B 55 0F 69,fuel=100.00
1779698327.081,0x300,8,02 DB 86 C4 90 E2 98 1A,temp=42.00
1779698327.194,0x100,8,00 1B 69 E2 74 E2 12 C5,speed=0.00
1779698327.278,0x200,8,CE 64 DA 30 F2 A6 4B 74,fuel=100.00
1779698327.369,0x300,8,02 5C A3 D8 40 C8 F5 33,temp=42.00
1779698327.461,0x100,8,00 E1 48 56 96 36 27 BA,speed=0.00
1779698327.550,0x200,8,86 64 81 6F 97 FF F2 F5,fuel=100.00
1779698327.644,0x300,8,02 BA 5C 44 6C F2 D1 E3,temp=42.00
1779698327.770,0x100,8,00 E0 FA DE C6 34 93 82,speed=0.00
1779698327.855,0x200,8,DD 64 73 3D 18 56 FE ED,fuel=100.00
1779698327.947,0x300,8,02 10 C1 1B DF D7 1E E8,temp=42.00
1779698328.034,0x100,8,00 D4 CF 9F 48 8B C4 02,speed=0.00
1779698328.163,0x200,8,C7 64 D5 C7 3C 06 58 8D,fuel=100.00
1779698328.228,0x300,8,02 EA 9E DF AE AE 96 BE,temp=42.00
1779698328.302,0x100,8,00 FF 41 5C E8 4B 97 DB,speed=0.00
1779698328.417,0x200,8,F9 64 F5 1A AE 66 C2 B4,fuel=100.00
1779698328.495,0x300,8,02 F9 B0 0E 46 DC 1D 2F,temp=42.00
1779698328.633,0x100,8,00 73 AD 12 A2 5C 58 F3,speed=0.00
1779698328.698,0x200,8,4F 64 56 87 1D B2 E7 9D,fuel=100.00
1779698328.768,0x300,8,02 07 26 64 2C 7B 80 E0,temp=42.00
1779698328.867,0x100,8,00 F9 3B 04 DA 19 6D 08,speed=0.00
1779698329.402,0x200,8,80 64 E4 45 86 3E 8E B6,fuel=100.00
1779698329.444,0x300,8,02 76 C9 E5 6E 49 81 2B,temp=42.00
1779698329.511,0x100,8,00 49 29 BF 69 DE 28 09,speed=0.00
1779698329.649,0x200,8,2B 64 34 82 23 73 C1 05,fuel=100.00
1779698329.769,0x300,8,02 84 BE 1E D7 04 5C 51,temp=42.00
1779698329.836,0x100,8,00 1E E3 71 27 5F 03 D6,speed=0.00
1779698329.914,0x200,8,E1 64 44 77 C4 B2 56 0B,fuel=100.00
1779698329.998,0x300,8,02 6D 96 02 B1 2D 47 6E,temp=42.00
1779698330.080,0x100,8,00 84 4C 4B B6 CB 42 70,speed=0.00
1779698330.166,0x200,8,35 64 90 B6 1C EA A2 D1,fuel=100.00
1779698330.285,0x300,8,02 72 80 02 78 02 28 83,temp=42.00
1779698330.380,0x100,8,00 CB A9 98 55 C6 3E CD,speed=0.00
1779698330.485,0x200,8,A8 64 A2 34 CB BF E3 2F,fuel=100.00
1779698330.545,0x300,8,02 5F 55 BC 65 0E A4 3C,temp=42.00
1779698330.652,0x100,8,00 26 B2 62 33 7F 72 BA,speed=0.00
1779698330.731,0x200,8,AB 64 68 A6 94 F0 23 AF,fuel=100.00
1779698330.850,0x300,8,02 5E 86 9F 84 96 73 72,temp=42.00
1779698330.936,0x100,8,00 33 96 7B 61 B1 47 A4,speed=0.00
1779698331.013,0x200,8,6C 64 FB 01 6E 33 99 FD,fuel=100.00
1779698331.109,0x300,8,02 67 4F F9 44 63 C8 F9,temp=42.00
1779698331.218,0x100,8,00 B7 57 DF D4 A4 EE F5,speed=0.00
1779698331.302,0x200,8,3E 64 A6 2B A3 37 0D 42,fuel=100.00
1779698331.468,0x300,8,02 F4 76 B0 7B 0C 8D A4,temp=42.00
1779698331.534,0x100,8,00 21 4D 98 1E A9 4A 51,speed=0.00
1779698331.599,0x200,8,94 64 88 26 C3 59 CF 9B,fuel=100.00
1779698331.712,0x300,8,02 3B 9F 8A 90 CF D0 A2,temp=42.00
1779698331.779,0x100,8,00 23 EA D0 CD A7 C0 7F,speed=0.00
1779698331.903,0x200,8,4F 64 D4 D9 B2 16 2C 54,fuel=100.00
1779698331.962,0x300,8,02 9F 5F A3 1C D2 87 04,temp=42.00
1779698332.083,0x100,8,00 0A 83 C5 43 00 BE B0,speed=0.00
1779698332.315,0x200,8,E9 64 27 25 5A D9 18 58,fuel=100.00
1779698332.917,0x300,8,02 4C 7B 11 FC FF 49 20,temp=42.00
1779698333.011,0x100,8,00 90 D2 8B 33 B8 7F 3A,speed=0.00
1779698333.131,0x200,8,EC 64 27 0D A7 34 E4 58,fuel=100.00
1779698333.199,0x300,8,02 80 C2 FF A1 5B 4D A3,temp=42.00
1779698333.270,0x100,8,00 A6 B9 41 87 CF EF B9,speed=0.00
1779698333.368,0x200,8,10 64 AE 2E 90 CD E1 A3,fuel=100.00
1779698333.463,0x300,8,02 A9 E2 29 4D A3 B6 32,temp=42.00
1779698333.553,0x100,8,00 48 0C 67 0C 34 D8 09,speed=0.00
1779698333.646,0x200,8,5D 64 C5 3D 27 59 49 81,fuel=100.00
1779698333.763,0x300,8,02 4F 42 33 6D 7A 53 9B,temp=42.00
1779698333.830,0x100,8,00 3D 9D FE 80 E9 E6 E4,speed=0.00
1779698333.962,0x200,8,FB 64 F3 37 24 FA 31 33,fuel=100.00
1779698334.013,0x300,8,02 9F CA C3 CA DD 8D 5A,temp=42.00
1779698334.162,0x100,8,00 02 02 32 54 EE C9 18,speed=0.00
1779698334.213,0x200,8,11 64 5B 37 92 08 82 29,fuel=100.00
1779698334.301,0x300,8,02 E6 81 0E 86 E9 56 6D,temp=42.00
1779698334.397,0x100,8,00 98 47 97 23 2A 7F 47,speed=0.00
1779698334.524,0x200,8,BB 64 E5 B1 C3 36 65 9E,fuel=100.00
1779698334.584,0x300,8,02 8D 22 61 86 29 0C FB,temp=42.00
1779698334.700,0x100,8,00 74 73 41 16 39 6E 9A,speed=0.00
1779698334.776,0x200,8,5F 64 D7 0D E1 10 B6 6C,fuel=100.00
1779698334.867,0x300,8,02 89 6F 74 51 64 9B 9F,temp=42.00
1779698334.999,0x100,8,00 B5 E9 70 1C DD 3E C0,speed=0.00
1779698335.053,0x200,8,88 64 59 A5 19 C2 14 0D,fuel=100.00
1779698335.150,0x300,8,02 E0 52 D1 4E 90 11 ED,temp=42.00
1779698335.276,0x100,8,00 2D 5B 16 2E 9B 90 75,speed=0.00
1779698335.330,0x200,8,FF 64 22 0D 78 DC 8E 85,fuel=100.00
1779698335.430,0x300,8,02 72 4A 87 A5 01 87 28,temp=42.00
1779698335.528,0x100,8,00 DF F1 C4 B6 FE 61 47,speed=0.00
1779698335.634,0x200,8,29 64 77 2F 4F 5E 4A 15,fuel=100.00
1779698335.702,0x300,8,02 E1 AF 8F 74 06 FE 26,temp=42.00
1779698335.847,0x100,8,00 AD DB 70 4D 4B 95 8D,speed=0.00
1779698335.982,0x200,8,BF 64 35 BD 6D 55 1D 30,fuel=100.00
1779698336.687,0x300,8,02 87 62 A2 3A 0B C5 32,temp=42.00
1779698336.774,0x100,8,00 7A FB 0A 36 11 13 B6,speed=0.00
1779698336.912,0x200,8,40 64 83 F2 B7 51 C4 0C,fuel=100.00
1779698336.982,0x300,8,02 5A 68 44 CF D0 CA 65,temp=42.00
1779698337.066,0x100,8,00 17 12 BA 7A 60 E6 77,speed=0.00
1779698337.178,0x200,8,F7 64 D1 EA 68 08 B6 A3,fuel=100.00
1779698337.267,0x300,8,02 3C 49 EC 2D A6 9B 1C,temp=42.00
1779698337.366,0x100,8,00 CF 5C 2E 28 20 D9 D5,speed=0.00
1779698337.443,0x200,8,E9 64 2F 93 02 29 D7 EC,fuel=100.00
1779698337.519,0x300,8,02 CE AE 3D 25 47 F7 A9,temp=42.00
1779698337.680,0x100,8,00 5F F5 DC 6E 68 64 4F,speed=0.00
1779698337.964,0x200,8,C7 64 03 30 87 45 87 58,fuel=100.00
1779698338.394,0x300,8,02 E1 D3 0F 6C 9C 65 4C,temp=42.00
1779698338.465,0x100,8,00 F4 E1 D3 FD CD 4F BB,speed=0.00
1779698338.579,0x200,8,65 64 4A 77 5A F8 79 93,fuel=100.00
1779698338.680,0x300,8,02 A0 D1 AB DA 3D 2F 2C,temp=42.00
1779698338.735,0x100,8,00 B1 E3 77 F4 9F 03 80,speed=0.00
1779698338.854,0x200,8,89 64 A1 5D 7C FF 6D 0B,fuel=100.00
1779698338.918,0x300,8,02 5E CF 3B D2 55 92 1E,temp=42.00
1779698339.034,0x100,8,00 61 8F 80 A8 F6 09 B0,speed=0.00
1779698339.114,0x200,8,B6 64 83 39 F1 42 7B F7,fuel=100.00
1779698339.220,0x300,8,02 25 55 59 63 4C E5 56,temp=42.00
1779698339.310,0x100,8,00 30 CC CB 99 C5 8F 21,speed=0.00
1779698339.415,0x200,8,A1 64 5D D5 9D 4A 93 C0,fuel=100.00
1779698339.530,0x300,8,02 DD 03 45 66 BF 18 DA,temp=42.00
1779698339.614,0x100,8,00 49 27 59 FD F6 85 9A,speed=0.00
1779698339.666,0x200,8,54 64 62 B7 95 5B 1F 6E,fuel=100.00
1779698339.799,0x300,8,02 8D F4 39 68 D2 35 48,temp=42.00
1779698339.868,0x100,8,00 0F 57 3E 4C 7C 4C B4,speed=0.00
1779698339.987,0x200,8,27 64 3B 0F 99 D7 17 59,fuel=100.00
1779698340.103,0x300,8,02 D6 81 78 EC 0D 41 E1,temp=42.00
1779698340.184,0x100,8,00 FF C4 30 D8 9C 39 9F,speed=0.00
1779698340.243,0x200,8,B9 64 7B 37 67 C6 96 D5,fuel=100.00
1779698340.347,0x300,8,02 6F 5F 7D 13 12 14 70,temp=42.00
1779698340.454,0x100,8,00 8C 5D 82 B1 95 96 CD,speed=0.00
1779698340.553,0x200,8,E8 64 F5 AF 61 A3 82 8C,fuel=100.00
1779698340.643,0x300,8,02 3D F6 51 2B E7 18 23,temp=42.00
1779698340.743,0x100,8,00 43 6D ED 0D DE 34 E1,speed=0.00
1779698340.811,0x200,8,FA 64 A2 D8 0E 96 C9 CC,fuel=100.00
1779698340.935,0x300,8,02 71 EE 84 31 95 60 0A,temp=42.00
1779698341.014,0x100,8,00 BD 02 C3 40 CD 46 C0,speed=0.00
1779698341.099,0x200,8,7A 64 A6 72 29 5F 2A 2F,fuel=100.00
1779698341.185,0x300,8,02 DD 0D 18 25 E8 32 65,temp=42.00
1779698341.298,0x100,8,00 2D 32 A8 94 D5 05 BE,speed=0.00
1779698341.398,0x200,8,1C 64 C4 F7 04 53 E2 34,fuel=100.00
1779698341.481,0x300,8,02 35 B7 00 CA AE 8E A6,temp=42.00
1779698341.598,0x100,8,00 AA F1 4A BB 25 3F 12,speed=0.00
1779698341.670,0x200,8,16 64 F2 93 99 9B D0 E9,fuel=100.00
1779698341.780,0x300,8,02 76 AA 03 CB B7 E2 BA,temp=42.00
1779698341.863,0x100,8,00 C0 35 4C 17 55 B2 05,speed=0.00
1779698342.017,0x200,8,38 64 61 D5 1D 2A 37 F4,fuel=100.00
1779698342.201,0x300,8,02 26 05 CA 41 2D 64 DD,temp=42.00
1779698342.515,0x100,8,00 3F EC EC B2 E0 9C 11,speed=0.00
1779698342.764,0x200,8,A3 64 0C 81 55 17 57 FC,fuel=100.00
1779698342.836,0x300,8,02 E5 21 CB 11 4A CF 90,temp=42.00
1779698342.901,0x100,8,00 C1 C1 E1 E8 8E 33 AB,speed=0.00
1779698343.034,0x200,8,6A 64 B6 A3 2D 59 A4 1D,fuel=100.00
1779698343.133,0x300,8,02 BC C7 6D 6D 38 E6 F7,temp=42.00
1779698343.198,0x100,8,00 1B E7 E0 8B 3C 9B BA,speed=0.00
1779698343.263,0x200,8,9D 64 CF BA EE 2E 62 75,fuel=100.00
1779698343.552,0x300,8,02 F4 B5 E2 4F 93 CC 86,temp=42.00
1779698343.667,0x100,8,00 36 11 64 C0 56 62 9F,speed=0.00
1779698343.769,0x200,8,03 64 71 B3 83 D2 39 C3,fuel=100.00
1779698343.834,0x300,8,02 A2 C8 1B 67 85 E4 ED,temp=42.00
1779698343.953,0x100,8,00 72 8C 28 7C 76 3F 7C,speed=0.00
1779698344.008,0x200,8,FB 64 88 7D DC ED 8A ED,fuel=100.00
1779698344.119,0x300,8,02 5D 26 3E EF AB 35 C2,temp=42.00
1779698344.349,0x100,8,00 92 4F BD EA E4 C2 AF,speed=0.00
1779698344.413,0x200,8,96 64 E9 CE 44 09 A8 CC,fuel=100.00
1779698344.490,0x300,8,02 3B C9 BB 0B D4 EF 22,temp=42.00
1779698344.584,0x100,8,00 D5 39 01 8D B5 8A 46,speed=0.00
1779698344.666,0x200,8,13 64 D4 6A 03 94 6B 8D,fuel=100.00
1779698344.773,0x300,8,02 DE 9C AD 14 B6 2C 7C,temp=42.00
1779698344.874,0x100,8,00 9F 16 AE 1D 33 72 39,speed=0.00
1779698344.995,0x200,8,45 64 77 5A EE 1B 16 EC,fuel=100.00
1779698345.052,0x300,8,02 FE B6 EF 8C 73 47 E2,temp=42.00
1779698345.129,0x100,8,00 09 EE 2C E6 2D 1A 17,speed=0.00
1779698345.969,0x200,8,70 64 DC 17 73 D3 AE 87,fuel=100.00
1779698346.937,0x300,8,02 3A 36 E3 7B 1F C2 62,temp=42.00
1779698347.499,0x100,8,00 56 C5 2C CD BA F0 00,speed=0.00
1779698347.615,0x200,8,91 64 67 6B 30 17 7D BA,fuel=100.00
1779698347.682,0x300,8,02 9C 4D F6 C1 A3 98 1C,temp=42.00
1779698347.766,0x100,8,00 BE 13 73 C5 4B DC 8E,speed=0.00
1779698347.846,0x200,8,F9 64 19 87 60 B7 78 E8,fuel=100.00
1779698348.021,0x300,8,02 49 4E 0F CC 34 47 3C,temp=42.00
1779698348.146,0x100,8,00 58 60 95 8B D3 4D ED,speed=0.00
1779698348.219,0x200,8,32 64 7D D8 76 E3 C8 2D,fuel=100.00
1779698348.335,0x300,8,02 FA E0 A4 94 AD 1B D0,temp=42.00
1779698348.601,0x100,8,00 93 E7 34 5C 9A 40 C0,speed=0.00
1779698348.723,0x200,8,60 64 03 DF F2 74 F5 D9,fuel=100.00
1779698348.798,0x300,8,02 A8 98 21 4D 70 CE 44,temp=42.00
1779698348.948,0x100,8,00 01 27 FA 5F EF EF 48,speed=0.00
1779698349.116,0x200,8,E9 64 DC 5B 52 25 DE E3,fuel=100.00
1779698349.179,0x300,8,02 63 F9 5B 48 F0 F8 1D,temp=42.00
1779698349.244,0x100,8,00 D2 66 05 B9 ED 12 63,speed=0.00
1779698349.349,0x200,8,81 64 29 D5 DB 49 C3 F0,fuel=100.00
1779698349.446,0x300,8,02 4B 2D 4C 4E DC 55 A2,temp=42.00
1779698349.542,0x100,8,00 40 84 34 0D 6A A4 D1,speed=0.00
1779698349.631,0x200,8,59 64 43 B1 CE 6F 89 3E,fuel=100.00
1779698349.746,0x300,8,02 3E 5C AC D3 D0 38 31,temp=42.00
1779698349.848,0x100,8,00 F9 D2 ED EA 74 87 9D,speed=0.00
1779698349.935,0x200,8,71 64 D8 C2 11 8F 72 3F,fuel=100.00
1779698350.000,0x300,8,02 3A 87 09 BE D8 AC FB,temp=42.00
1779698350.096,0x100,8,00 4D E2 7A 14 DC 3A C4,speed=0.00
1779698350.196,0x200,8,AE 64 EB 94 02 97 C0 CA,fuel=100.00
1779698350.318,0x300,8,02 22 AE DC 72 15 93 B2,temp=42.00
1779698350.386,0x100,8,00 6F DF C7 2E 0A B5 60,speed=0.00
1779698350.532,0x200,8,A3 64 84 FE 21 BF 85 1C,fuel=100.00
1779698350.637,0x300,8,02 6F C6 06 EC 88 AE BC,temp=42.00
1779698350.680,0x100,8,00 33 49 2A 0D F6 AF A6,speed=0.00
1779698350.981,0x200,8,96 64 9C B4 3C 74 56 2D,fuel=100.00
1779698351.063,0x300,8,02 D0 C8 49 53 B7 FC 8A,temp=42.00
1779698351.177,0x100,8,00 D7 89 5A 22 E4 E7 22,speed=0.00
1779698351.247,0x200,8,9C 64 6E A1 3D 74 22 C3,fuel=100.00
1779698351.953,0x300,8,02 0D 97 D4 58 88 3B C7,temp=42.00
1779698352.033,0x100,8,00 AC AA DB 01 DB 51 A7,speed=0.00
1779698352.085,0x200,8,73 64 4F 1A 07 95 8B 2C,fuel=100.00
1779698352.185,0x300,8,02 82 5D 7E 5F 29 A6 93,temp=42.00
1779698352.279,0x100,8,00 6C 0F 55 FF 24 37 8F,speed=0.00
1779698352.365,0x200,8,6B 64 3D 36 BB 17 4A C7,fuel=100.00
1779698352.470,0x300,8,02 17 DC DA EF F6 88 28,temp=42.00
1779698352.619,0x100,8,00 DE 0A 9C A2 BC BA 2E,speed=0.00
1779698352.661,0x200,8,90 64 27 CB D7 DE CE DB,fuel=100.00
1779698352.740,0x300,8,02 67 BF C0 7D 67 34 84,temp=42.00
1779698352.830,0x100,8,00 E0 5E 3A 47 92 5E 20,speed=0.00
1779698352.952,0x200,8,F4 64 C9 D3 B7 A0 A5 FA,fuel=100.00
1779698353.012,0x300,8,02 FA C0 A8 95 55 74 BA,temp=42.00
1779698353.162,0x100,8,00 FD DC 4E D2 D4 2E 19,speed=0.00
1779698353.244,0x200,8,4A 64 47 94 43 4F 31 3C,fuel=100.00
1779698353.302,0x300,8,02 6C CF 56 87 17 42 41,temp=42.00
1779698353.424,0x100,8,00 2C 15 6B 76 B9 4C BE,speed=0.00
1779698353.485,0x200,8,92 64 EA 52 70 A6 6F 02,fuel=100.00
1779698353.585,0x300,8,02 02 BD FF 55 18 D3 45,temp=42.00
1779698353.701,0x100,8,00 64 92 84 84 33 B3 1F,speed=0.00
1779698353.804,0x200,8,AE 64 43 60 23 D1 22 DA,fuel=100.00
1779698353.903,0x300,8,02 79 94 A1 59 5C FA 79,temp=42.00
1779698354.029,0x100,8,00 84 9E 76 45 7B B1 6E,speed=0.00
1779698354.104,0x200,8,88 64 7E E4 5D F0 52 7D,fuel=100.00
1779698354.149,0x300,8,02 FB 93 8A AC 48 30 1E,temp=42.00
1779698354.261,0x100,8,00 70 92 2C 5D F1 24 2F,speed=0.00
1779698354.333,0x200,8,8B 64 C1 AA E2 51 35 9A,fuel=100.00
1779698354.448,0x300,8,02 EC 52 8D B3 FA 82 1D,temp=42.00
1779698354.515,0x100,8,00 63 87 2B 98 A6 CE 41,speed=0.00
1779698354.627,0x200,8,86 64 CD 97 23 E0 E7 8F,fuel=100.00
1779698354.715,0x300,8,02 A6 B0 13 C0 EE C4 CC,temp=42.00
1779698354.810,0x100,8,00 BC 03 FC 47 47 38 46,speed=0.00
1779698354.893,0x200,8,7E 64 AB B2 73 AF DC 7C,fuel=100.00
1779698354.979,0x300,8,02 66 24 A4 48 F8 43 50,temp=42.00
1779698355.083,0x100,8,00 17 5C D5 0C F9 F8 4F,speed=0.00
1779698355.179,0x200,8,24 64 74 FB E2 18 9B D9,fuel=100.00
1779698355.262,0x300,8,02 97 BE 4F 2C CF 25 53,temp=42.00
1779698355.511,0x100,8,00 D0 BE C8 25 CB AB D3,speed=0.00
1779698355.659,0x200,8,83 64 4D E6 58 A2 40 C3,fuel=100.00
1779698355.731,0x300,8,02 FE 81 80 55 0C C6 79,temp=42.00
1779698355.861,0x100,8,00 57 22 92 F5 81 78 95,speed=0.00
1779698355.942,0x200,8,51 64 F1 12 5C FD B3 89,fuel=100.00
1779698356.035,0x300,8,02 97 5B 76 65 3E 86 08,temp=42.00
1779698356.111,0x100,8,00 83 2F ED 00 1E ED 36,speed=0.00
1779698356.215,0x200,8,78 64 C1 EC F7 D2 08 CD,fuel=100.00
1779698356.318,0x300,8,02 CC 60 C7 71 2C 8B 29,temp=42.00
1779698356.403,0x100,8,00 27 A1 EB E7 77 0F 6E,speed=0.00
1779698356.510,0x200,8,4F 64 C3 4A 51 96 3C FB,fuel=100.00
1779698356.579,0x300,8,02 7F 03 CE 0E 12 E8 31,temp=42.00
1779698356.709,0x100,8,00 49 63 AD CD FA 4D 0D,speed=0.00
1779698356.762,0x200,8,A2 64 42 4F 63 09 52 53,fuel=100.00
1779698356.869,0x300,8,02 9A 98 3A 40 9E D9 AF,temp=42.00
1779698356.951,0x100,8,00 E5 EB E5 B8 33 7D 98,speed=0.00
1779698357.218,0x200,8,30 64 D0 83 9E BA F2 70,fuel=100.00
1779698357.266,0x300,8,02 A6 4A 60 E2 CB 03 C8,temp=42.00
1779698357.335,0x100,8,00 C6 75 94 94 7B DA 89,speed=0.00
1779698357.452,0x200,8,21 64 2B 74 BF C8 09 03,fuel=100.00
1779698357.512,0x300,8,02 A1 49 E8 16 6E 00 73,temp=42.00
1779698357.662,0x100,8,00 AB 23 0E 9F 48 2D A1,speed=0.00
1779698357.729,0x200,8,D1 64 BD 08 A2 D9 12 CA,fuel=100.00
1779698357.798,0x300,8,02 EC F7 4F 3D 44 DE DB,temp=42.00
1779698357.897,0x100,8,00 F6 88 95 63 DC CB 0C,speed=0.00
1779698358.047,0x200,8,BA 64 EF 23 56 BF 0C 8A,fuel=100.00
1779698358.082,0x300,8,02 20 D7 2B 0E 34 97 91,temp=42.00
1779698358.216,0x100,8,00 F4 75 09 69 F2 C7 DC,speed=0.00
1779698358.280,0x200,8,6B 64 83 93 9C 71 84 DA,fuel=100.00
1779698358.435,0x300,8,02 E1 57 7C 9E 1F B0 12,temp=42.00
1779698358.763,0x100,8,00 17 F9 B9 1C 3C 26 62,speed=0.00
1779698358.836,0x200,8,F1 64 5F BA A0 32 2D B9,fuel=100.00
1779698358.918,0x300,8,02 AF 30 4A 3F DD 71 6C,temp=42.00
1779698359.030,0x100,8,00 03 6D 59 26 E2 45 B6,speed=0.00
1779698359.118,0x200,8,6C 64 7E F1 7F C0 E2 27,fuel=100.00
1779698359.232,0x300,8,02 81 42 F1 B5 0A 10 82,temp=42.00
1779698359.302,0x100,8,00 80 9D 99 CB 1A EA BC,speed=0.00
1779698359.413,0x200,8,C2 64 4A 7E E4 86 7C 94,fuel=100.00
1779698359.502,0x300,8,02 D0 47 C4 3D 05 01 BA,temp=42.00
1779698359.647,0x100,8,00 A3 3A E1 32 68 CB 2C,speed=0.00
1779698359.719,0x200,8,94 64 00 D6 E3 25 90 E5,fuel=100.00
1779698359.800,0x300,8,02 63 F4 FF 38 28 2D 42,temp=42.00
1779698359.869,0x100,8,00 6C B7 6D 75 51 4B DE,speed=0.00
1779698360.016,0x200,8,44 64 E8 21 34 6D 4C EB,fuel=100.00
1779698360.116,0x300,8,02 C4 C1 48 72 BB 60 49,temp=42.00
1779698360.198,0x100,8,00 12 BD 7E 96 20 C3 F3,speed=0.00
1779698360.301,0x200,8,F0 64 D6 D5 2C 1B 9F DE,fuel=100.00
1779698360.383,0x300,8,02 11 4D E7 66 59 C4 A2,temp=42.00
1779698360.463,0x100,8,00 D2 88 B7 2E BD 06 6D,speed=0.00
1779698360.551,0x200,8,B1 64 F5 44 A5 20 5B 6F,fuel=100.00
1779698360.627,0x300,8,02 D3 42 FB DB 2E 96 88,temp=42.00
1779698360.716,0x100,8,00 7F 23 BE 3A E6 B8 9B,speed=0.00
1779698360.815,0x200,8,2D 64 52 82 DF 20 15 0F,fuel=100.00
1779698360.926,0x300,8,02 4C 05 A8 9E 0C AA E0,temp=42.00
1779698360.993,0x100,8,00 E1 CA C3 74 8B BE 8C,speed=0.00
1779698361.085,0x200,8,F2 64 8E 46 F4 C5 32 F4,fuel=100.00
1779698361.176,0x300,8,02 A6 96 9D 2F A3 7A DB,temp=42.00
1779698361.309,0x100,8,00 EE 89 73 A5 96 19 D1,speed=0.00
1779698361.545,0x200,8,3A 64 B0 6C 25 51 8E B3,fuel=100.00
1779698361.644,0x300,8,02 B5 FC F0 22 0B ED 84,temp=42.00
1779698361.734,0x100,8,00 62 F2 F4 23 6D 8C 51,speed=0.00
1779698361.920,0x200,8,4F 64 32 94 2C 79 34 EB,fuel=100.00
1779698362.014,0x300,8,02 AF 7C 9D C1 40 01 0E,temp=42.00
1779698362.176,0x100,8,00 7B 00 7D AD 89 D0 93,speed=0.00
1779698362.366,0x200,8,2E 64 6A 75 B6 21 6F 43,fuel=100.00
1779698362.426,0x300,8,02 57 B9 40 1F 55 53 50,temp=42.00
1779698362.482,0x100,8,00 60 B8 D7 A2 E1 CD 1B,speed=0.00
1779698362.613,0x200,8,BE 64 95 3D 13 B1 D2 C7,fuel=100.00
1779698362.698,0x300,8,02 A3 CE B0 32 8D F5 91,temp=42.00
1779698362.800,0x100,8,00 0A AC 28 1D 7F E1 A1,speed=0.00
1779698362.869,0x200,8,D7 64 60 A1 2A 00 1D F9,fuel=100.00
1779698362.963,0x300,8,02 56 5D 7D 90 34 D1 5D,temp=42.00
1779698363.086,0x100,8,00 B9 32 AB 1E C9 AD 55,speed=0.00
1779698363.156,0x200,8,37 64 3D 93 27 93 82 86,fuel=100.00
1779698363.242,0x300,8,02 11 6D 9F 6E A4 54 88,temp=42.00
1779698363.344,0x100,8,00 78 3F CF 6C 19 31 3C,speed=0.00
1779698363.430,0x200,8,9D 64 FC 1E 85 72 22 12,fuel=100.00
1779698363.561,0x300,8,02 77 9D CA 4D E7 E1 67,temp=42.00
1779698363.631,0x100,8,00 A9 B3 5E CF 91 61 99,speed=0.00
1779698363.723,0x200,8,0D 64 1E 29 88 CF C0 41,fuel=100.00
1779698363.799,0x300,8,02 A9 AD CD CA 1F 1A 64,temp=42.00
1779698363.907,0x100,8,00 4C 77 C6 A6 EB 2A D2,speed=0.00
1779698363.977,0x200,8,48 64 B1 76 22 E8 85 2B,fuel=100.00
1779698364.098,0x300,8,02 80 73 0F F7 0C 1D AA,temp=42.00
1779698364.218,0x100,8,00 7F B4 C7 FD 29 A3 BE,speed=0.00
1779698364.296,0x200,8,66 64 F7 59 E2 9D 15 1A,fuel=100.00
1779698364.361,0x300,8,02 73 65 3F F5 7E 1F 56,temp=42.00
1779698364.529,0x100,8,00 57 EE FA 3D 1C 9F 1C,speed=0.00
1779698364.564,0x200,8,6F 64 EB 53 09 17 AB 04,fuel=100.00
1779698364.712,0x300,8,02 7D 7B 40 14 4D C6 5D,temp=42.00
1779698364.752,0x100,8,00 B1 79 01 5F 90 5E A9,speed=0.00
1779698364.868,0x200,8,44 64 12 60 13 5B 22 6B,fuel=100.00
1779698364.953,0x300,8,02 FA 77 C0 DD 1F 9B 7D,temp=42.00
1779698365.061,0x100,8,00 3B AA 3F 75 75 4F 37,speed=0.00
1779698365.532,0x200,8,B7 64 59 3F 3F 5F 87 BE,fuel=100.00
1779698365.643,0x300,8,02 41 72 E0 04 16 F5 75,temp=42.00
1779698365.715,0x100,8,00 4A D4 C0 7E D6 C8 B9,speed=0.00
1779698365.818,0x200,8,6A 64 7E AA 7E AB 39 4B,fuel=100.00
1779698365.984,0x300,8,02 97 3B 01 58 79 54 5E,temp=42.00
1779698366.130,0x100,8,00 1F 47 B4 42 A5 FD BC,speed=0.00
1779698366.384,0x200,8,B1 64 03 09 57 39 90 A5,fuel=100.00
1779698366.497,0x300,8,02 3A E9 43 39 28 71 38,temp=42.00
1779698366.671,0x100,8,00 3E 65 12 B9 5C 96 29,speed=0.00
1779698367.813,0x200,8,3E 64 9D D1 A7 B9 94 B3,fuel=100.00
1779698368.246,0x300,8,02 C0 C6 EA B7 1F D8 43,temp=42.00
1779698368.357,0x100,8,00 1C 62 D6 A5 9A FA EC,speed=0.00
1779698368.442,0x200,8,E1 64 E7 96 40 51 B5 A6,fuel=100.00
1779698368.602,0x300,8,02 20 45 19 A1 DC 53 03,temp=42.00
1779698368.662,0x100,8,00 7F 46 0B 09 6B 7D 83,speed=0.00
1779698368.713,0x200,8,93 64 38 7C D8 82 6E CA,fuel=100.00
1779698368.806,0x300,8,02 15 CF 56 66 E1 CD 7D,temp=42.00
1779698368.895,0x100,8,00 03 8F D7 D7 27 A2 35,speed=0.00
1779698368.995,0x200,8,49 64 05 05 AF 61 29 A5,fuel=100.00
1779698369.095,0x300,8,02 D9 FB 0E AE F9 CD 8C,temp=42.00
1779698369.250,0x100,8,00 DA 65 69 02 0A 7C 2F,speed=0.00
1779698369.335,0x200,8,1E 64 57 8E D2 42 50 3F,fuel=100.00
1779698369.378,0x300,8,02 97 F1 B7 D5 CF FA 74,temp=42.00
1779698369.486,0x100,8,00 F3 5A 54 9F B8 92 1A,speed=0.00
1779698369.591,0x200,8,15 64 CF 13 2D D9 70 BD,fuel=100.00
1779698369.714,0x300,8,02 42 98 4B 89 C9 9F 39,temp=42.00
1779698369.767,0x100,8,00 59 D5 3C F5 6B 60 EA,speed=0.00
1779698369.891,0x200,8,38 64 BD D7 74 B5 C7 BD,fuel=100.00
1779698369.952,0x300,8,02 9F F2 EC 26 8C A3 8A,temp=42.00
1779698370.028,0x100,8,00 4A FE E1 51 52 E7 58,speed=0.00
1779698370.128,0x200,8,8A 64 D2 14 3D BD EC AD,fuel=100.00
1779698370.223,0x300,8,02 7F 8C ED 24 30 CA EB,temp=42.00
1779698370.313,0x100,8,00 F8 1F 54 83 F5 AC F9,speed=0.00
1779698370.420,0x200,8,27 64 AD 01 4F E5 A4 0A,fuel=100.00
1779698370.508,0x300,8,02 9B F4 9F 81 43 F4 52,temp=42.00
1779698370.594,0x100,8,00 E2 F3 16 7A A4 BE 1F,speed=0.00
1779698370.686,0x200,8,A4 64 AA 7B 15 2B C7 38,fuel=100.00
1779698370.780,0x300,8,02 F7 66 E3 12 29 2F 5D,temp=42.00
1779698370.872,0x100,8,00 32 85 28 93 C7 E5 D3,speed=0.00
1779698370.975,0x200,8,BD 64 09 B2 B1 68 76 9F,fuel=100.00
1779698371.076,0x300,8,02 83 32 5D E6 10 F2 23,temp=42.00
1779698371.180,0x100,8,00 BC 43 DA 76 C4 D7 19,speed=0.00
1779698371.272,0x200,8,8F 64 8F A9 08 9A 2F 3B,fuel=100.00
1779698371.352,0x300,8,02 DB CE 4A 1C 35 F2 23,temp=42.00
1779698371.496,0x100,8,00 B2 A4 8F DF 5C 6E 52,speed=0.00
1779698371.684,0x200,8,D3 64 6F DA DE C1 C8 DC,fuel=100.00
1779698371.759,0x300,8,02 31 2B 15 2C 99 77 A3,temp=42.00
1779698371.860,0x100,8,00 A8 57 EA 16 07 E0 25,speed=0.00
1779698371.944,0x200,8,0B 64 0B DA 2E 06 05 60,fuel=100.00
1779698372.063,0x300,8,02 A7 1C 00 5A 7C 77 42,temp=42.00
1779698372.130,0x100,8,00 EB 40 A1 CA FD 91 45,speed=0.00
1779698372.246,0x200,8,B4 64 34 98 EA B4 0F 0B,fuel=100.00
1779698372.310,0x300,8,02 D8 25 EE 49 39 59 16,temp=42.00
1779698372.416,0x100,8,00 DC 70 1A AC E7 70 71,speed=0.00
1779698372.510,0x200,8,4F 64 4C 58 85 BF 55 BC,fuel=100.00
1779698372.591,0x300,8,02 30 2C 5B C5 1A 33 D5,temp=42.00
1779698372.687,0x100,8,00 DF 48 97 79 59 0A 91,speed=0.00
1779698372.792,0x200,8,4C 64 B0 E4 BB 5D 0D 44,fuel=100.00
1779698372.872,0x300,8,02 44 F6 A1 32 45 D9 B4,temp=42.00
1779698372.982,0x100,8,00 CE F0 74 47 42 64 E1,speed=0.00
1779698373.063,0x200,8,34 64 A3 8D 34 F8 2B D2,fuel=100.00
1779698373.161,0x300,8,02 7D 44 17 2D BD 76 67,temp=42.00
1779698373.419,0x100,8,00 E5 55 8A CE 7A D4 FA,speed=0.00
1779698373.552,0x200,8,DA 64 D9 E9 BD F1 B7 61,fuel=100.00
1779698373.630,0x300,8,02 9A 7A 53 7E CC C2 AC,temp=42.00
1779698373.733,0x100,8,00 7F 9A 49 F4 CB FD 83,speed=0.00
1779698373.835,0x200,8,6C 64 47 76 71 20 DE AA,fuel=100.00
1779698373.930,0x300,8,02 59 9F 47 43 B0 B4 42,temp=42.00
1779698374.002,0x100,8,00 17 DD 54 B1 70 89 E2,speed=0.00
1779698374.116,0x200,8,59 64 6F 5F E0 81 06 4A,fuel=100.00
1779698374.298,0x300,8,02 56 DD 5D E3 EE B5 6D,temp=42.00
1779698374.432,0x100,8,00 D0 AC 74 A5 11 79 2B,speed=0.00
1779698374.720,0x200,8,54 64 C9 B8 3B AB 11 13,fuel=100.00
1779698374.769,0x300,8,02 22 67 C2 2B D7 E2 DB,temp=42.00
1779698374.884,0x100,8,00 16 31 23 BE 72 64 08,speed=0.00
1779698374.999,0x200,8,72 64 2F 38 52 55 5D FF,fuel=100.00
1779698375.087,0x300,8,02 6F 92 DE 25 6E 69 D8,temp=42.00
1779698375.199,0x100,8,00 E6 8E EB 2E 85 2E 4D,speed=0.00
1779698375.317,0x200,8,C7 64 FF A0 F6 A9 8C 57,fuel=100.00
1779698375.484,0x300,8,02 4B 83 03 AA E0 5D EE,temp=42.00
1779698375.586,0x100,8,00 90 B8 5A E9 0C 3B 4E,speed=0.00
1779698375.669,0x200,8,69 64 9A 79 07 CC 3C 10,fuel=100.00
1779698375.783,0x300,8,02 8B 55 E5 D9 EB 59 98,temp=42.00
1779698375.865,0x100,8,00 5C 8F 63 14 CA AF 9E,speed=0.00
1779698375.987,0x200,8,D8 64 D3 F1 69 5A 35 E9,fuel=100.00
1779698376.053,0x300,8,02 DC 11 2E 45 2F CA 1A,temp=42.00
1779698376.147,0x100,8,00 A9 99 80 D3 69 A5 F0,speed=0.00
1779698376.317,0x200,8,47 64 6D D3 14 BC F6 62,fuel=100.00
1779698376.354,0x300,8,02 FC 9B 03 D6 FB 86 B8,temp=42.00
1779698376.481,0x100,8,00 9B 13 05 A7 37 E8 97,speed=0.00
1779698376.548,0x200,8,7C 64 41 72 A5 6F 21 3A,fuel=100.00
1779698376.634,0x300,8,02 B2 8B 8A 2D D7 39 55,temp=42.00
1779698376.749,0x100,8,00 BD 4F 5F F1 A6 D4 4A,speed=0.00
1779698376.819,0x200,8,44 64 1C D2 97 BB 55 01,fuel=100.00
1779698377.403,0x300,8,02 3E A8 F7 51 98 3D 0F,temp=42.00
1779698377.609,0x100,8,00 BE 6C 72 67 17 1D 80,speed=0.00
1779698377.675,0x200,8,D2 64 C7 6F 68 A0 02 E6,fuel=100.00
1779698377.727,0x300,8,02 84 14 0C 1A C2 60 44,temp=42.00
1779698377.814,0x100,8,00 31 32 69 37 55 90 0D,speed=0.00
1779698377.931,0x200,8,E6 64 11 75 3F B5 39 5C,fuel=100.00
1779698378.031,0x300,8,02 70 40 16 E1 C2 46 56,temp=42.00
1779698378.103,0x100,8,00 5E 3B AE EF C5 56 EA,speed=0.00
1779698378.713,0x200,8,CE 64 09 78 29 A2 FD 46,fuel=100.00
1779698378.766,0x300,8,02 47 55 15 83 97 5D 1E,temp=42.00
1779698378.845,0x100,8,00 54 CC 33 25 03 C6 C9,speed=0.00
1779698378.903,0x200,8,A1 64 1A 44 43 56 79 D7,fuel=100.00
1779698379.048,0x300,8,02 6E E9 50 C7 18 B3 C8,temp=42.00
1779698379.099,0x100,8,00 DB 45 9A 9A BA BF 43,speed=0.00
1779698379.259,0x200,8,A9 64 4B ED EB 9C 22 61,fuel=100.00
1779698379.301,0x300,8,02 32 A5 46 D0 6B 97 44,temp=42.00
1779698379.393,0x100,8,00 D4 BC E2 3E 2A DD D8,speed=0.00
1779698379.502,0x200,8,9E 64 7D C0 31 DB 8E 45,fuel=100.00
1779698379.571,0x300,8,02 0F A3 9A 73 74 53 76,temp=42.00
1779698379.666,0x100,8,00 7A 9D 35 1B 7E CA 43,speed=0.00
1779698379.759,0x200,8,6A 64 1A CC BD 02 BF 4C,fuel=100.00
1779698379.861,0x300,8,02 5C 47 75 93 D9 7C 32,temp=42.00
1779698379.969,0x100,8,00 61 EC 2B 8F CF 9B 9D,speed=0.00
1779698380.062,0x200,8,C4 64 72 E5 66 E5 D3 0C,fuel=100.00
1779698380.152,0x300,8,02 2D CA 04 4A 62 10 6E,temp=42.00
1779698380.265,0x100,8,00 1B 97 50 DA FF 55 21,speed=0.00
1779698380.376,0x200,8,E7 64 FB 85 BD F8 D2 53,fuel=100.00
1779698380.447,0x300,8,02 2A 30 10 46 A9 B5 87,temp=42.00
1779698380.548,0x100,8,00 25 98 12 08 08 91 7D,speed=0.00
1779698380.621,0x200,8,45 64 F0 D1 B7 9B A2 44,fuel=100.00
1779698380.702,0x300,8,02 AA 0A 6C D1 ED 18 4D,temp=42.00
1779698380.844,0x100,8,00 81 B6 66 A5 AD 13 C7,speed=0.00
1779698380.918,0x200,8,F8 64 84 A0 85 32 AA 74,fuel=100.00
1779698381.013,0x300,8,02 A5 CC C9 6D 26 D9 59,temp=42.00
1779698381.101,0x100,8,00 91 C6 BB 14 48 EA 9D,speed=0.00
1779698381.167,0x200,8,67 64 19 F5 55 70 1E 8F,fuel=100.00
1779698381.321,0x300,8,02 C7 7B 08 B3 2D 1F C1,temp=42.00
1779698381.383,0x100,8,00 85 00 93 BB 84 D0 08,speed=0.00
1779698381.463,0x200,8,4F 64 7B 83 2B 1B 63 F9,fuel=100.00
1779698381.565,0x300,8,02 43 53 39 A9 E0 D1 13,temp=42.00
1779698381.669,0x100,8,00 CD EC 18 AB 52 B9 3E,speed=0.00
1779698381.819,0x200,8,97 64 71 36 42 6A 1D 8D,fuel=100.00
1779698381.932,0x300,8,02 E0 9E 0B CD 46 A0 5F,temp=42.00
1779698382.117,0x100,8,00 1E 24 FB 4B B5 DF 88,speed=0.00
1779698382.211,0x200,8,2B 64 19 8F 5E F1 F8 0C,fuel=100.00
1779698382.303,0x300,8,02 62 AC 7E D9 F5 79 3E,temp=42.00
1779698382.416,0x100,8,00 38 74 32 D8 61 3C 65,speed=0.00
1779698382.494,0x200,8,B5 64 E6 19 A8 52 EB 81,fuel=100.00
1779698382.585,0x300,8,02 71 34 B7 B8 4A A8 0C,temp=42.00
1779698382.677,0x100,8,00 3E 94 FB 58 FA 5A 82,speed=0.00
1779698382.953,0x200,8,A0 64 53 F5 B2 FB 31 59,fuel=100.00
1779698383.499,0x300,8,02 19 55 C8 B6 BC 0F 9A,temp=42.00
1779698383.776,0x100,8,00 69 1B D6 F6 BB E4 C8,speed=0.00
1779698383.886,0x200,8,58 64 ED EC 6F 08 05 81,fuel=100.00
1779698384.140,0x300,8,02 B0 C9 25 48 1E D4 02,temp=42.00
1779698384.234,0x100,8,00 50 3B F8 4B 1E 49 F0,speed=0.00
1779698384.282,0x200,8,AA 64 E4 7A 14 16 90 11,fuel=100.00
1779698384.380,0x300,8,02 C2 C7 82 07 08 CC 70,temp=42.00
1779698384.493,0x100,8,00 77 2C 27 9F 20 BA 27,speed=0.00
1779698384.550,0x200,8,C9 64 0C 07 A5 81 8D A0,fuel=100.00
1779698384.647,0x300,8,02 75 96 7C 44 F3 BF 6C,temp=42.00
1779698384.914,0x100,8,00 68 AB B6 A2 91 EC 83,speed=0.00
1779698385.012,0x200,8,FC 64 A1 A0 5C 6D E3 09,fuel=100.00
1779698385.094,0x300,8,02 73 24 E7 CF F5 9A 37,temp=42.00
1779698385.219,0x100,8,00 0E 33 DD 6E 4F 4E DE,speed=0.00
1779698385.710,0x200,8,70 64 C6 7F D8 98 EA C9,fuel=100.00
1779698385.776,0x300,8,02 1E C9 1F 20 2F F0 29,temp=42.00
1779698385.852,0x100,8,00 2B FB 69 03 3C A0 2C,speed=0.00
1779698385.946,0x200,8,0B 64 0E B2 07 B2 C0 2C,fuel=100.00
1779698386.162,0x300,8,02 4A 77 BD 83 6A 9C 0A,temp=42.00
1779698386.697,0x100,8,00 4F 14 90 C3 5C 07 7C,speed=0.00
1779698386.779,0x200,8,58 64 69 6E 0F 41 34 89,fuel=100.00
1779698386.914,0x300,8,02 27 2D F3 85 E9 20 F7,temp=42.00
1779698386.968,0x100,8,00 F6 1A 94 6D 8C 38 C7,speed=0.00
1779698387.678,0x200,8,B9 64 54 14 58 2C C7 4C,fuel=100.00
1779698388.893,0x300,8,02 3A 1B B1 76 65 61 7A,temp=42.00
1779698389.026,0x100,8,00 94 58 02 26 60 0A D6,speed=0.00
1779698389.056,0x200,8,44 64 11 EF DE 23 F1 CB,fuel=100.00
1779698389.150,0x300,8,02 30 54 45 0D 8B AE 48,temp=42.00
1779698389.234,0x100,8,00 2E 4F 01 17 20 21 29,speed=0.00
1779698389.366,0x200,8,28 64 48 24 5A 3D 87 4B,fuel=100.00
1779698389.431,0x300,8,02 28 DA 3C EB E9 05 9C,temp=42.00
1779698389.517,0x100,8,00 FB 98 D5 35 7B 5C 2E,speed=0.00
1779698389.636,0x200,8,30 64 25 A2 A0 56 E4 43,fuel=100.00
1779698389.707,0x300,8,02 CC 32 CD AD 2E 8E 13,temp=42.00
1779698389.816,0x100,8,00 22 F9 D0 98 44 18 B9,speed=0.00
1779698389.915,0x200,8,93 64 6C F3 54 3D F1 F5,fuel=100.00
1779698389.983,0x300,8,02 E8 0F 96 65 D4 F9 84,temp=42.00
1779698390.085,0x100,8,00 32 FD 6E AD 1E F0 E8,speed=0.00
1779698390.170,0x200,8,22 64 CE 6D 0F EE 3E 34,fuel=100.00
1779698390.261,0x300,8,02 8F 3E 2A 76 E0 BA 0A,temp=42.00
1779698390.384,0x100,8,00 7E BA 0A 5E C4 FE BB,speed=0.00
1779698390.516,0x200,8,7B 64 E1 9C EE C1 E0 EA,fuel=100.00
1779698390.551,0x300,8,02 05 97 B2 FF DC 26 02,temp=42.00
1779698390.650,0x100,8,00 37 D0 FD B5 FD 77 F6,speed=0.00
1779698390.771,0x200,8,8C 64 2B EC 82 66 87 38,fuel=100.00
1779698391.402,0x300,8,02 63 51 7B 33 AE 7A A1,temp=42.00
1779698391.533,0x100,8,00 06 44 46 72 06 A5 EF,speed=0.00
1779698391.597,0x200,8,DF 64 35 D5 B3 61 43 A5,fuel=100.00
1779698391.698,0x300,8,02 D7 E0 6B AA A2 30 4B,temp=42.00
1779698391.811,0x100,8,00 77 57 19 23 DD 9A 93,speed=0.00
1779698391.898,0x200,8,4F 64 A2 E6 6C 54 6C 34,fuel=100.00
1779698391.967,0x300,8,02 01 D4 C7 72 E1 11 AC,temp=42.00
1779698392.070,0x100,8,00 65 98 BD 85 92 20 BF,speed=0.00
1779698392.197,0x200,8,52 64 F4 DE A6 0E 7D D6,fuel=100.00
1779698392.268,0x300,8,02 3F E7 0D 50 A1 D1 2D,temp=42.00
1779698392.332,0x100,8,00 D7 E4 73 3A B0 0F 6A,speed=0.00
1779698392.466,0x200,8,40 64 B4 D1 8E D2 24 75,fuel=100.00
1779698392.553,0x300,8,02 0A AC E1 6D 95 43 7C,temp=42.00
1779698392.634,0x100,8,00 A6 20 94 C4 6F 62 2B,speed=0.00
1779698393.535,0x200,8,B9 64 A6 95 BE B9 83 96,fuel=100.00
1779698393.595,0x300,8,02 EF 21 0B 1F B8 9A F9,temp=42.00
1779698393.664,0x100,8,00 F7 3E 86 B2 46 59 34,speed=0.00
1779698393.798,0x200,8,5D 64 A1 D8 FA 55 4F 77,fuel=100.00
1779698393.852,0x300,8,02 D6 FE 11 24 25 CF CF,temp=42.00
1779698393.961,0x100,8,00 E5 55 96 99 A1 71 5F,speed=0.00
1779698394.132,0x200,8,DF 64 1D 05 D9 D1 6C B1,fuel=100.00
1779698394.160,0x300,8,02 8B 8F 57 3F 4B CA C3,temp=42.00
1779698394.251,0x100,8,00 B3 A7 9C 3D A2 87 FA,speed=0.00
1779698394.378,0x200,8,F2 64 64 E7 62 87 E1 47,fuel=100.00
1779698394.435,0x300,8,02 B7 89 6D 84 79 95 1C,temp=42.00
1779698394.535,0x100,8,00 76 83 CD 5F EB B4 B2,speed=0.00
1779698394.629,0x200,8,71 64 CD A4 C9 86 EB 03,fuel=100.00
1779698394.726,0x300,8,02 80 16 20 47 9B 69 D0,temp=42.00
1779698394.836,0x100,8,00 BE 71 51 91 F8 6F 10,speed=0.00
1779698394.893,0x200,8,68 64 FC FA F6 08 56 11,fuel=100.00
1779698395.037,0x300,8,02 BF E7 AF 97 DD 83 4D,temp=42.00
1779698395.084,0x100,8,00 4B 8C E6 3C BC E0 34,speed=0.00
1779698395.185,0x200,8,AC 64 5C 61 A2 0A 47 50,fuel=100.00
1779698395.299,0x300,8,02 B9 01 26 78 BC 1F 76,temp=42.00
1779698395.402,0x100,8,00 4C 4F 2B 18 30 D6 DA,speed=0.00
1779698395.500,0x200,8,F9 64 64 D7 E7 3C 95 C1,fuel=100.00
1779698400.052,0x300,8,02 3E 8A 71 E9 CE A4 C5,temp=42.00
1779698400.087,0x100,8,00 2D A5 12 B7 5C DA 4C,speed=0.00
1779698400.163,0x200,8,41 64 5C 04 20 A7 63 54,fuel=100.00
1779698400.285,0x300,8,02 C1 07 83 21 0A ED 98,temp=42.00
1779698400.358,0x100,8,00 84 14 09 B1 E6 79 51,speed=0.00
1779698400.449,0x200,8,7A 64 03 4B 6B 34 54 83,fuel=100.00
1779698400.532,0x300,8,02 0B B1 BA C3 7C A6 EA,temp=42.00
1779698400.636,0x100,8,00 30 E5 57 03 F7 CB F1,speed=0.00
1779698400.748,0x200,8,9D 64 F9 06 EE 10 21 E8,fuel=100.00
1779698400.826,0x300,8,02 ED CE AD 9F 20 DD 25,temp=42.00
1779698400.949,0x100,8,00 00 1A D8 98 C2 DA AF,speed=0.00
1779698401.023,0x200,8,C6 64 C6 4F 71 C8 40 FD,fuel=100.00
1779698401.135,0x300,8,02 C3 91 9D AA 86 02 8A,temp=42.00
1779698401.252,0x100,8,00 6B AC C8 7A 30 CD 60,speed=0.00
1779698401.302,0x200,8,A2 64 45 F2 CC 36 0F CF,fuel=100.00
1779698401.383,0x300,8,02 0B 00 88 01 9A 44 64,temp=42.00
1779698401.468,0x100,8,00 93 3C D8 C6 4D 2C 81,speed=0.00
1779698401.598,0x200,8,A8 64 FD CD 9F BD 55 6E,fuel=100.00
1779698401.669,0x300,8,02 E2 06 C6 5A 0F A7 4E,temp=42.00
1779698401.816,0x100,8,00 00 54 72 1B E1 EF C5,speed=0.00
1779698401.851,0x200,8,DE 64 4F 67 F7 58 B7 0D,fuel=100.00
1779698401.934,0x300,8,02 1B F0 A8 D2 0D 55 8C,temp=42.00
1779698402.078,0x100,8,00 13 B3 12 71 2B CA 97,speed=0.00
1779698402.150,0x200,8,2B 64 8B 24 E6 F3 95 EB,fuel=100.00
1779698402.249,0x300,8,02 4E 28 D4 61 4D 60 5F,temp=42.00
1779698402.346,0x100,8,00 39 F8 00 78 06 C7 03,speed=0.00
1779698402.412,0x200,8,FC 64 FF BF 0E 6E 0E 2D,fuel=100.00
1779698402.515,0x300,8,02 FC A7 0C BC 80 EC 1F,temp=42.00
1779698402.631,0x100,8,00 53 D4 4A D3 F2 4C 4B,speed=0.00
1779698402.701,0x200,8,0E 64 3B 09 7E DC 0D 7F,fuel=100.00
1779698402.821,0x300,8,02 5B 35 06 15 1C DD 7E,temp=42.00
1779698402.896,0x100,8,00 1E 7A AD C1 F0 43 C6,speed=0.00
1779698402.981,0x200,8,31 64 9D 9D D3 AE 75 65,fuel=100.00
1779698403.061,0x300,8,02 2E 67 57 EA 5A 5D 24,temp=42.00
1779698403.162,0x100,8,00 7B 79 B1 78 AC 24 92,speed=0.00
1779698403.265,0x200,8,AE 64 69 BA E7 4D E7 44,fuel=100.00
1779698403.358,0x300,8,02 E8 AF F7 BC 20 DD CE,temp=42.00
1779698403.497,0x100,8,00 81 99 FF 18 47 73 D7,speed=0.00
1779698403.554,0x200,8,58 64 7E 80 8A 46 28 CA,fuel=100.00
1779698403.651,0x300,8,02 13 3A C9 87 B1 E0 16,temp=42.00
1779698403.715,0x100,8,00 87 67 1A 17 2C 3E E0,speed=0.00
1779698403.815,0x200,8,79 64 1E F3 D1 67 9E E1,fuel=100.00
1779698403.913,0x300,8,02 40 DF 0C 2F 6D 73 19,temp=42.00
1779698404.012,0x100,8,00 5F B6 B1 12 F1 21 45,speed=0.00
1779698404.102,0x200,8,06 64 6D C8 5A 8B F0 FD,fuel=100.00
1779698404.216,0x300,8,02 E4 DE 54 21 69 43 25,temp=42.00
1779698404.319,0x100,8,00 2F 83 EC D8 2B 1F 92,speed=0.00
1779698404.400,0x200,8,DC 64 AC 4C 4B 79 02 03,fuel=100.00
1779698404.518,0x300,8,02 09 F9 BD D0 B6 22 E8,temp=42.00
1779698404.629,0x100,8,00 BB F3 13 5D 8A 81 E2,speed=0.00
1779698404.681,0x200,8,7F 64 E8 71 3A 33 05 F1,fuel=100.00
1779698404.811,0x300,8,02 38 FC F0 09 3B 56 50,temp=42.00
1779698404.888,0x100,8,00 0E 2B 82 EC 10 B7 EF,speed=0.00
1779698405.003,0x200,8,8B 64 29 DB 5D 56 88 FC,fuel=100.00
1779698405.095,0x300,8,02 06 BE EB C0 7A 70 DB,temp=42.00
1779698405.165,0x100,8,00 85 F2 F2 D6 23 3C 6D,speed=0.00
1779698405.245,0x200,8,58 64 6F CF FE 1B 02 49,fuel=100.00
1779698405.342,0x300,8,02 92 77 07 D7 B2 54 38,temp=42.00
1779698405.434,0x100,8,00 8C F4 56 B4 C2 35 FE,speed=0.00
1779698405.547,0x200,8,95 64 5C 78 1D B0 EE 9E,fuel=100.00
1779698405.611,0x300,8,02 D5 85 B0 C5 EA 29 9B,temp=42.00
1779698405.703,0x100,8,00 3B 81 D0 9C 2C FD FF,speed=0.00
1779698405.822,0x200,8,D5 64 6A 0F 36 41 22 02,fuel=100.00
1779698405.893,0x300,8,02 7B CB 45 A3 0B B1 FF,temp=42.00
1779698405.995,0x100,8,00 54 AA C0 97 93 4A A2,speed=0.00
1779698406.084,0x200,8,4C 64 3B 14 34 AD 8C A8,fuel=100.00
1779698406.186,0x300,8,02 4F 8C 7E 43 10 EA BA,temp=42.00
1779698406.302,0x100,8,00 2C 76 66 81 EE 28 7B,speed=0.00
1779698406.370,0x200,8,9E 64 6A 8E 2E 7A F3 EF,fuel=100.00
1779698406.483,0x300,8,02 C7 09 27 B2 4D 71 72,temp=42.00
1779698406.566,0x100,8,00 D0 51 56 50 B1 71 45,speed=0.00
1779698406.681,0x200,8,5C 64 27 AF A4 66 33 E0,fuel=100.00
1779698406.769,0x300,8,02 0D F6 CA 86 C2 50 BC,temp=42.00
1779698406.863,0x100,8,00 D6 AB 37 C0 F1 F0 EA,speed=0.00
1779698406.929,0x200,8,9C 64 D7 D1 4E A0 0C DF,fuel=100.00
1779698407.036,0x300,8,02 57 55 01 65 01 FD E9,temp=42.00
1779698407.127,0x100,8,00 9A 66 CF E6 46 14 56,speed=0.00
1779698407.315,0x200,8,C3 64 A6 BD 0E 9D 33 A7,fuel=100.00
1779698407.401,0x300,8,02 71 10 93 C4 51 E4 F2,temp=42.00
1779698407.568,0x100,8,00 E0 00 DE EC EB 53 80,speed=0.00
1779698407.631,0x200,8,0B 64 4D 45 D6 CB 5E A9,fuel=100.00
1779698407.701,0x300,8,02 DF A1 D6 26 36 0A F6,temp=42.00
1779698408.097,0x100,8,00 98 02 2A 2F 1E 7F 43,speed=0.00
1779698408.149,0x200,8,7C 64 FF 5C C9 5A 10 48,fuel=100.00
1779698408.329,0x300,8,02 5E 00 87 06 65 36 76,temp=42.00
1779698408.528,0x100,8,00 F8 B5 FD AC CD EF 1C,speed=0.00
1779698408.647,0x200,8,77 64 7C 91 18 1F 38 5A,fuel=100.00
1779698408.737,0x300,8,02 28 C7 AB 8C 04 6D E9,temp=42.00
1779698408.893,0x100,8,00 27 14 1A 43 58 7A F0,speed=0.00
1779698409.004,0x200,8,E5 64 8D 17 23 97 09 32,fuel=100.00
1779698409.122,0x300,8,02 3F 30 BA 91 99 DB 5E,temp=42.00
1779698409.254,0x100,8,00 95 CD 86 29 F4 97 13,speed=0.00
1779698409.395,0x200,8,78 64 31 BC 49 1D 61 74,fuel=100.00
1779698409.472,0x300,8,02 8B 1A 7B D5 8D 9E F0,temp=42.00
1779698409.555,0x100,8,00 42 94 71 95 09 CB 79,speed=0.00
1779698409.646,0x200,8,45 64 AC 32 21 50 54 FA,fuel=100.00
1779698409.749,0x300,8,02 9E 66 0A 1B 17 C9 7F,temp=42.00
1779698409.866,0x100,8,00 6C F7 32 7E A7 F5 84,speed=0.00
1779698410.003,0x200,8,C1 64 DD B5 C1 0B 99 C0,fuel=100.00
1779698410.092,0x300,8,02 7E CB 2C A7 F0 4F F9,temp=42.00
1779698410.165,0x100,8,00 4C 1C 2A 79 C3 61 18,speed=0.00
1779698410.234,0x200,8,0A 64 03 36 88 80 F8 6D,fuel=100.00
1779698410.300,0x300,8,02 D2 34 CF 93 7F 9E B5,temp=42.00
1779698410.421,0x100,8,00 44 C2 FB 0E D8 07 77,speed=0.00
1779698410.491,0x200,8,F5 64 7A 29 C7 83 5C 19,fuel=100.00
1779698410.594,0x300,8,02 7D 57 55 10 B9 D1 6E,temp=42.00
1779698410.702,0x100,8,00 4C 9D 60 81 DE 2C 66,speed=0.00
1779698410.795,0x200,8,85 64 A8 DF 62 1F 61 92,fuel=100.00
1779698410.887,0x300,8,02 86 B7 D9 45 05 9C 55,temp=42.00
1779698410.968,0x100,8,00 4E 08 6C 6A BC D5 1C,speed=0.00
1779698411.052,0x200,8,3B 64 71 95 2D 9D 15 C3,fuel=100.00
1779698411.152,0x300,8,02 09 30 31 0D C9 03 D1,temp=42.00
1779698411.271,0x100,8,00 D5 30 57 28 70 6E B6,speed=0.00
1779698411.363,0x200,8,C7 64 E3 E2 E3 73 E9 12,fuel=100.00
1779698411.443,0x300,8,02 4F 53 99 A7 61 D1 64,temp=42.00
1779698411.550,0x100,8,00 A1 F8 87 97 AD E0 1C,speed=0.00
1779698411.625,0x200,8,C3 64 43 52 CA 43 80 F5,fuel=100.00
1779698411.716,0x300,8,02 B6 15 45 50 D4 AD 8F,temp=42.00
1779698411.808,0x100,8,00 23 2C B9 EE 78 00 FC,speed=0.00
1779698411.908,0x200,8,E6 64 3F 10 43 11 3F 8D,fuel=100.00
1779698412.010,0x300,8,02 70 FF 38 2D 11 B8 36,temp=42.00
1779698412.284,0x100,8,00 5A FE AB 21 46 46 49,speed=0.00
1779698412.386,0x200,8,0D 64 F8 11 BA 6C E0 19,fuel=100.00
1779698412.484,0x300,8,02 E3 3E 8A 89 08 E1 0A,temp=42.00
1779698412.620,0x100,8,00 36 75 87 DA A5 A0 08,speed=0.00
1779698412.668,0x200,8,94 64 6D 72 25 D4 85 F1,fuel=100.00
1779698412.781,0x300,8,02 97 01 64 A3 FD D8 37,temp=42.00
1779698412.899,0x100,8,00 49 E2 57 C0 A2 17 2E,speed=0.00
1779698412.964,0x200,8,35 64 6F 3A 47 05 4E C8,fuel=100.00
1779698413.017,0x300,8,02 A2 3A B1 99 FF 97 F0,temp=42.00
1779698413.120,0x100,8,00 63 A6 50 59 A4 3E 2E,speed=0.00
1779698413.229,0x200,8,46 64 D0 30 BE 9D D1 D3,fuel=100.00
1779698413.347,0x300,8,02 B3 8C EF 8F E2 5D AA,temp=42.00
1779698413.434,0x100,8,00 69 79 B3 0D 7B 8A E7,speed=0.00
1779698413.518,0x200,8,CA 64 BC 99 D7 00 02 4F,fuel=100.00
1779698413.634,0x300,8,02 B3 BD 3F 15 10 48 07,temp=42.00
1779698413.780,0x100,8,00 4F F6 6B A8 22 11 98,speed=0.00
1779698413.878,0x200,8,D1 64 D6 D6 E9 B4 AD 00,fuel=100.00
1779698414.011,0x300,8,02 AF 3B 82 37 33 DA C9,temp=42.00
1779698414.076,0x100,8,00 E2 B0 9C D9 E9 0B 75,speed=0.00
1779698414.171,0x200,8,48 64 5D 72 14 40 83 B3,fuel=100.00
1779698414.247,0x300,8,02 A6 05 B1 37 AA 6D 97,temp=42.00
1779698414.354,0x100,8,00 D7 78 A8 5B 25 5D 43,speed=0.00
1779698414.451,0x200,8,9F 64 37 8B 01 05 B1 38,fuel=100.00
1779698414.569,0x300,8,02 6E 2B 31 C7 AE 53 62,temp=42.00
1779698414.650,0x100,8,00 43 EF 92 DC C2 A1 F1,speed=0.00
1779698414.746,0x200,8,A7 64 84 4D D8 13 CA F3,fuel=100.00
1779698414.850,0x300,8,02 78 B3 F0 02 A3 80 66,temp=42.00
1779698414.938,0x100,8,00 1E 2C C5 51 55 A1 52,speed=0.00
1779698415.063,0x200,8,A1 64 F9 05 43 E3 27 97,fuel=100.00
1779698415.118,0x300,8,02 77 74 14 23 E2 84 B5,temp=42.00
1779698415.214,0x100,8,00 97 34 3D 9B C9 C9 CF,speed=0.00
1779698415.331,0x200,8,09 64 09 13 68 92 7E 96,fuel=100.00
1779698415.404,0x300,8,02 96 BF 40 63 F0 D9 C0,temp=42.00
1779698415.477,0x100,8,00 29 7A 4F 3F BC 1F 2E,speed=0.00
1779698415.585,0x200,8,AA 64 2E 19 46 3A 6E AF,fuel=100.00
1779698415.660,0x300,8,02 34 7A 99 E6 36 1D F2,temp=42.00
1779698415.779,0x100,8,00 DC 63 3B BD 0C BA 2C,speed=0.00
1779698415.847,0x200,8,88 64 6F 20 52 55 BC F1,fuel=100.00
1779698415.970,0x300,8,02 59 D9 F9 C0 06 6E FC,temp=42.00
1779698416.244,0x100,8,00 40 58 17 63 32 69 8F,speed=0.00
1779698416.541,0x200,8,42 64 65 7F 45 D0 B5 BD,fuel=100.00
1779698416.594,0x300,8,02 5A 5D D3 5C F7 8A 01,temp=42.00
1779698416.729,0x100,8,00 A8 1B FD 5B 21 E3 D4,speed=0.00
1779698416.779,0x200,8,2E 64 DD 6D 5E 44 13 16,fuel=100.00
1779698416.901,0x300,8,02 DF 60 57 B2 61 49 00,temp=42.00
1779698416.986,0x100,8,00 30 47 3A 6E 46 38 2D,speed=0.00
1779698417.069,0x200,8,E0 64 DA 08 4D 61 AB 2E,fuel=100.00
1779698417.179,0x300,8,02 8D 0A 0B 4C 72 95 14,temp=42.00
1779698417.249,0x100,8,00 70 F1 0B 7C 32 8A 57,speed=0.00
1779698417.363,0x200,8,BD 64 05 1A FB 17 EE B8,fuel=100.00
1779698417.478,0x300,8,02 8E B1 80 12 C4 D1 F8,temp=42.00
1779698417.548,0x100,8,00 5D AC F8 4E CA D9 35,speed=0.00
1779698417.648,0x200,8,9F 64 E1 7C D0 EC 53 BD,fuel=100.00
1779698417.734,0x300,8,02 B1 24 14 CE E8 09 95,temp=42.00
1779698417.830,0x100,8,00 67 90 71 07 D7 C8 76,speed=0.00
1779698417.919,0x200,8,B4 64 F5 AE 91 50 1B 98,fuel=100.00
1779698418.021,0x300,8,02 E3 C1 1F BF 6D BD 10,temp=42.00
1779698418.109,0x100,8,00 9D 4B 20 EC 88 F8 B6,speed=0.00
1779698418.377,0x200,8,57 64 C9 D1 CE CB 14 45,fuel=100.00
1779698419.634,0x300,8,02 FA C9 F5 6E 81 2C D7,temp=42.00
1779698419.847,0x100,8,00 3A E9 9F BC 71 D5 1D,speed=0.00
1779698419.898,0x200,8,6A 64 9A 7E 4E 20 00 CF,fuel=100.00
1779698420.017,0x300,8,02 FD B6 30 D5 38 5D 8E,temp=42.00
1779698420.084,0x100,8,00 AC 28 EE 55 0F 1B AF,speed=0.00
1779698420.299,0x200,8,AB 64 FC 6F F9 A6 57 5A,fuel=100.00
1779698420.384,0x300,8,02 D6 FC 36 3D 4D 39 DE,temp=42.00
1779698420.498,0x100,8,00 EA AF 7F 60 8D F8 EE,speed=0.00
1779698420.566,0x200,8,55 64 92 D4 A0 AB F8 77,fuel=100.00
1779698420.686,0x300,8,02 5A AB 16 09 88 BD F0,temp=42.00
1779698420.747,0x100,8,00 BE 1F 8A 13 29 38 7B,speed=0.00
1779698420.850,0x200,8,0B 64 10 5A A7 9B D7 5C,fuel=100.00
1779698420.927,0x300,8,02 4F E1 CD EE F9 A3 B8,temp=42.00
1779698421.001,0x100,8,00 DA B1 F8 6D 3E C5 5C,speed=0.00
1779698421.102,0x200,8,E1 64 7B F2 14 D8 58 2A,fuel=100.00
1779698421.195,0x300,8,02 4C F0 71 48 2A E1 DB,temp=42.00
1779698421.318,0x100,8,00 4B 0C 6D 85 ED 30 44,speed=0.00
1779698421.468,0x200,8,72 64 A1 EF 76 B4 A2 54,fuel=100.00
1779698421.601,0x300,8,02 8F 9B 67 7E E4 52 1F,temp=42.00
1779698421.667,0x100,8,00 BA 79 2D 42 3D 77 40,speed=0.00
1779698421.766,0x200,8,10 64 33 18 13 8F A7 BA,fuel=100.00
1779698421.854,0x300,8,02 C1 A4 B8 B6 17 7A E4,temp=42.00
1779698421.977,0x100,8,00 05 3A 3E 33 20 E6 EE,speed=0.00
1779698422.033,0x200,8,89 64 BA 24 8A B6 31 2B,fuel=100.00
1779698422.170,0x300,8,02 18 E6 0A DA 3F 90 33,temp=42.00
1779698422.220,0x100,8,00 E3 77 F8 E9 25 82 A5,speed=0.00
1779698422.331,0x200,8,9B 64 F6 1E 38 94 FB 2E,fuel=100.00
1779698422.420,0x300,8,02 C5 08 29 DA C8 F3 7F,temp=42.00
1779698422.499,0x100,8,00 43 F8 8E 47 D3 B6 83,speed=0.00
1779698422.621,0x200,8,36 64 96 6F 83 69 BA C5,fuel=100.00
1779698422.749,0x300,8,02 4F 3E 46 E6 6A 4F 42,temp=42.00
1779698422.803,0x100,8,00 C2 AE 6B 8F FB E4 88,speed=0.00
1779698422.914,0x200,8,40 64 8F F0 42 48 0B 49,fuel=100.00
1779698423.046,0x300,8,02 16 21 96 90 E2 AC 16,temp=42.00
1779698423.278,0x100,8,00 B1 1C DF 9C A2 48 16,speed=0.00
1779698423.345,0x200,8,BC 64 95 B3 83 E8 A3 BA,fuel=100.00
1779698423.437,0x300,8,02 5F A1 36 21 C1 A3 CE,temp=42.00
1779698423.537,0x100,8,00 30 3C FE 02 D2 3B 3A,speed=0.00
1779698423.629,0x200,8,02 64 6A 96 53 A1 64 E3,fuel=100.00
1779698423.739,0x300,8,02 B8 EC DF 3E FD 31 D7,temp=42.00
1779698423.836,0x100,8,00 F1 98 CB C4 2B E0 33,speed=0.00
1779698423.934,0x200,8,EA 64 EC 87 27 68 31 7C,fuel=100.00
1779698424.001,0x300,8,02 34 83 9D 6E E1 B2 B7,temp=42.00
1779698424.154,0x100,8,00 AE 23 6E CC 81 28 8F,speed=0.00
1779698424.232,0x200,8,63 64 B2 04 02 27 B1 FA,fuel=100.00
1779698424.351,0x300,8,02 65 F7 2A 42 42 17 F4,temp=42.00
1779698424.398,0x100,8,00 41 6F B4 A1 58 6A 38,speed=0.00
1779698424.492,0x200,8,3C 64 43 F6 DA E0 AF 8C,fuel=100.00
1779698424.569,0x300,8,02 79 61 5D F4 3F 48 47,temp=42.00
1779698424.662,0x100,8,00 0B 7F FD 62 45 F5 5D,speed=0.00
1779698424.751,0x200,8,E8 64 35 5C 4C D5 56 59,fuel=100.00
1779698424.887,0x300,8,02 05 0A 5A AB 74 17 DA,temp=42.00
1779698424.949,0x100,8,00 60 A3 DB 0F EC 7C EF,speed=0.00
1779698425.030,0x200,8,4A 64 BA 12 11 E0 40 9C,fuel=100.00
1779698425.204,0x300,8,02 0E 59 18 2A 23 CE 4B,temp=42.00
1779698425.354,0x100,8,00 1D D5 44 D0 9C 1D 42,speed=0.00
1779698425.747,0x200,8,1A 64 26 35 FF A4 D9 E5,fuel=100.00
1779698425.817,0x300,8,02 51 D1 FF A4 36 9C A9,temp=42.00
1779698425.902,0x100,8,00 28 10 80 B1 00 05 32,speed=0.00
1779698426.019,0x200,8,C8 64 B0 2E 1C DA 56 A0,fuel=100.00
1779698426.081,0x300,8,02 17 1D CD 40 54 8E 0E,temp=42.00
1779698426.393,0x100,8,00 90 68 63 92 66 32 4D,speed=0.00
1779698426.453,0x200,8,BC 64 76 EA 45 80 4D 6F,fuel=100.00
1779698426.554,0x300,8,02 67 94 A7 6B CA 91 62,temp=42.00
1779698426.648,0x100,8,00 BD 17 B3 70 03 9F 7B,speed=0.00
1779698426.736,0x200,8,4D 64 F3 39 C2 35 7B 7E,fuel=100.00
1779698426.853,0x300,8,02 DE 54 DC F2 3D 2A 88,temp=42.00
1779698426.958,0x100,8,00 3C 13 4D 1B 01 2A AD,speed=0.00
1779698427.164,0x200,8,E5 64 D4 08 B1 EC 03 58,fuel=100.00
1779698427.431,0x300,8,02 82 B2 D7 9C D6 DC 4D,temp=42.00
1779698427.553,0x100,8,00 48 7A 84 EC F5 41 BC,speed=0.00
1779698427.600,0x200,8,29 64 13 5B A7 1F 4C 33,fuel=100.00
1779698427.696,0x300,8,02 F0 72 3A DE B1 6C 51,temp=42.00
1779698428.213,0x100,8,00 D0 C6 EC 59 42 C4 5E,speed=0.00
1779698428.551,0x200,8,C9 64 56 F9 0A 30 93 DC,fuel=100.00
1779698428.603,0x300,8,02 E4 22 17 EB 36 5E 58,temp=42.00
1779698428.726,0x100,8,00 8C 8E F9 85 91 F5 89,speed=0.00
1779698428.787,0x200,8,80 64 5D BB 10 1C AE EF,fuel=100.00
1779698428.900,0x300,8,02 69 6F B1 BD 3D 1A 4D,temp=42.00
1779698428.966,0x100,8,00 30 FB 1B B4 62 4D 12,speed=0.00
1779698429.103,0x200,8,1E 64 2F 36 5B 11 74 AB,fuel=100.00
1779698429.166,0x300,8,02 B4 7D 49 65 BA E4 24,temp=42.00
1779698429.285,0x100,8,00 41 AC 1F 69 90 2D 16,speed=0.00
1779698429.380,0x200,8,87 64 E3 D8 BE 1B 14 19,fuel=100.00
1779698429.448,0x300,8,02 2C D4 D3 1D CE BB A8,temp=42.00
1779698430.209,0x100,8,00 FB E5 61 EA B0 7E 3B,speed=0.00
1779698430.292,0x200,8,46 64 3C CA 82 BC 95 00,fuel=100.00
1779698430.402,0x300,8,02 A1 2B 6D CC 57 55 70,temp=42.00
1779698430.468,0x100,8,00 31 B7 F7 FD AE 85 D1,speed=0.00
1779698430.570,0x200,8,56 64 8A 17 19 99 A8 C6,fuel=100.00
1779698430.659,0x300,8,02 76 6B 1C A3 66 62 65,temp=42.00
1779698430.785,0x100,8,00 56 46 62 4B 32 81 C4,speed=0.00
1779698430.844,0x200,8,56 64 96 1E 68 DA 52 54,fuel=100.00
1779698430.982,0x300,8,02 D5 8B CD BD 45 61 48,temp=42.00
1779698431.035,0x100,8,00 78 68 8B D4 F3 E9 84,speed=0.00
1779698431.145,0x200,8,7E 64 54 F6 BD C2 E1 B5,fuel=100.00
1779698431.332,0x300,8,02 01 FC 2D DA F1 DD 38,temp=42.00
1779698431.454,0x100,8,00 90 5F 95 4F 5B A6 9F,speed=0.00
1779698431.585,0x200,8,E9 64 14 16 6F 00 4C B0,fuel=100.00
1779698431.685,0x300,8,02 9A A9 3C 73 FA 38 C4,temp=42.00
1779698431.732,0x100,8,00 6B 5D FC F3 95 FE E5,speed=0.00
1779698431.813,0x200,8,C3 64 42 C0 33 50 9B 26,fuel=100.00
1779698431.902,0x300,8,02 DC 36 18 B4 68 ED 9A,temp=42.00
1779698432.000,0x100,8,00 03 61 06 F0 AA F3 DD,speed=0.00
1779698432.109,0x200,8,8C 64 DC 71 BD 7D 0D A1,fuel=100.00
1779698432.174,0x300,8,02 D7 DA 3E F0 2D FE D7,temp=42.00
1779698432.314,0x100,8,00 5A 15 AE F4 AA F2 2B,speed=0.00
1779698432.363,0x200,8,30 64 4E 6D 29 1F 94 B8,fuel=100.00
1779698432.476,0x300,8,02 49 E6 23 47 4D DA C3,temp=42.00
1779698432.559,0x100,8,00 92 8F 8C BC E5 CF 6F,speed=0.00
1779698432.668,0x200,8,5A 64 52 D4 47 17 5E B1,fuel=100.00
1779698432.733,0x300,8,02 3A 20 FC 02 7B AE 96,temp=42.00
1779698432.867,0x100,8,00 E6 A3 53 51 BC F9 D6,speed=0.00
1779698432.928,0x200,8,11 64 CF E0 7E C1 25 08,fuel=100.00
1779698433.066,0x300,8,02 83 3A E9 B1 E4 A2 A4,temp=42.00
1779698433.133,0x100,8,00 FA 70 19 21 6B D5 5F,speed=0.00
1779698433.210,0x200,8,20 64 19 D0 10 EB 8B C5,fuel=100.00
1779698433.418,0x300,8,02 3A AA 19 95 80 16 CD,temp=42.00
1779698433.519,0x100,8,00 C6 A9 95 F4 43 2B 73,speed=0.00
1779698433.618,0x200,8,46 64 15 5A C1 A8 3D 4D,fuel=100.00
1779698433.697,0x300,8,02 ED DB 8C 47 37 24 44,temp=42.00
1779698433.805,0x100,8,00 61 36 98 9C 45 92 07,speed=0.00
1779698433.916,0x200,8,09 64 1C 43 07 B7 95 D5,fuel=100.00
1779698434.020,0x300,8,02 D4 98 99 86 75 4E 10,temp=42.00
1779698434.098,0x100,8,00 B5 F1 00 5B AF 10 6E,speed=0.00
1779698434.195,0x200,8,C3 64 CE F4 77 3E 5B BD,fuel=100.00
1779698434.300,0x300,8,02 10 7B 96 0C 9D 2C 1E,temp=42.00
1779698434.365,0x100,8,00 76 F0 78 19 52 0D BF,speed=0.00
1779698434.464,0x200,8,11 64 B7 C2 76 E2 31 E2,fuel=100.00
1779698434.563,0x300,8,02 9D 3E 1A 56 79 66 97,temp=42.00
1779698434.654,0x100,8,00 A3 02 4C 89 8D 3E D3,speed=0.00
1779698434.754,0x200,8,97 64 00 36 48 7B 4B E7,fuel=100.00
1779698434.938,0x300,8,02 AD AD 88 DA 3E 14 20,temp=42.00
1779698435.065,0x100,8,00 4C 7D 40 41 C6 C3 32,speed=0.00
1779698435.183,0x200,8,53 64 69 45 E9 10 EB 44,fuel=100.00
1779698435.351,0x300,8,02 40 29 CF 84 1B 23 97,temp=42.00
1779698435.483,0x100,8,00 CD 50 9D 59 EE 25 4D,speed=0.00
1779698435.549,0x200,8,03 64 89 72 58 2E C3 56,fuel=100.00
1779698435.636,0x300,8,02 25 50 E1 B3 C9 A7 65,temp=42.00
1779698435.769,0x100,8,00 1D CF F9 4E 2C 17 FB,speed=0.00
1779698435.833,0x200,8,91 64 7C F0 63 D4 1D E1,fuel=100.00
1779698435.896,0x300,8,02 06 EE 30 95 5C 7E 15,temp=42.00
1779698436.469,0x100,8,00 08 4D D3 42 60 DE 34,speed=0.00
1779698436.521,0x200,8,62 64 A3 0E 23 E4 14 A2,fuel=100.00
1779698437.749,0x300,8,02 E7 63 4D 4F D8 E0 8B,temp=42.00
1779698437.997,0x100,8,00 B5 58 41 DB D4 78 B8,speed=0.00
1779698438.579,0x200,8,0B 64 FB D8 AE 21 DC FC,fuel=100.00
1779698438.633,0x300,8,02 D4 6E 55 8B 05 1E F2,temp=42.00
1779698438.726,0x100,8,00 47 67 11 3B 5D 67 75,speed=0.00
1779698438.840,0x200,8,15 64 FB B4 EF 6A 30 EA,fuel=100.00
1779698438.919,0x300,8,02 B3 7D EE DF FD 01 47,temp=42.00
1779698439.002,0x100,8,00 A3 3F 44 92 37 6C A8,speed=0.00
1779698439.101,0x200,8,70 64 25 84 24 22 68 93,fuel=100.00
1779698439.198,0x300,8,02 97 3A 26 0B 1E E5 11,temp=42.00
1779698439.320,0x100,8,00 F2 08 C9 E0 5F F5 67,speed=0.00
1779698439.436,0x200,8,E6 64 DA F4 F4 E2 9F BF,fuel=100.00
1779698439.516,0x300,8,02 93 3D AB A1 FE 89 EE,temp=42.00
1779698439.632,0x100,8,00 53 04 2C CC 82 C3 FB,speed=0.00
1779698439.781,0x200,8,CB 64 2C 5E 66 27 73 66,fuel=100.00
1779698439.855,0x300,8,02 FF FB 11 52 D5 2A B8,temp=42.00
1779698439.947,0x100,8,00 D6 06 06 4F 48 BD 87,speed=0.00
1779698440.052,0x200,8,B8 64 BD 01 89 C8 D0 1A,fuel=100.00
1779698440.153,0x300,8,02 61 F7 82 DA 98 36 EC,temp=42.00
1779698440.267,0x100,8,00 BE 7F A3 5D 73 D0 D8,speed=0.00
1779698440.486,0x200,8,01 64 8E 9B 08 6C A4 AE,fuel=100.00
1779698440.646,0x300,8,02 2A 57 69 2B A6 0C 6A,temp=42.00
1779698440.751,0x100,8,00 B5 99 7F C5 FD 64 BC,speed=0.00
1779698440.784,0x200,8,C4 64 1E 32 08 63 F4 68,fuel=100.00
1779698441.126,0x300,8,02 69 93 97 10 68 2C FF,temp=42.00
1779698441.549,0x100,8,00 F4 32 A3 A4 A8 B1 BC,speed=0.00
1779698441.635,0x200,8,F0 64 12 53 BB 81 88 FB,fuel=100.00
1779698441.715,0x300,8,02 C9 F5 AC EB 72 03 09,temp=42.00
1779698441.821,0x100,8,00 85 E9 1A 5E 9F EF E9,speed=0.00
1779698441.916,0x200,8,B4 64 E8 BA 90 C8 95 78,fuel=100.00
1779698442.038,0x300,8,02 E3 28 7A DA 6E C8 2D,temp=42.00
1779698442.103,0x100,8,00 50 F9 B9 6E 50 56 D9,speed=0.00
1779698442.352,0x200,8,34 64 C2 B8 D7 0B 75 56,fuel=100.00
1779698442.584,0x300,8,02 0A 8F BF 43 30 E1 6B,temp=42.00
1779698442.667,0x100,8,00 CE 29 D1 89 59 8F 74,speed=0.00
1779698442.767,0x200,8,37 64 63 4B 2C 01 C0 DE,fuel=100.00
1779698442.884,0x300,8,02 50 C1 4C B2 9F 0C 15,temp=42.00
1779698442.934,0x100,8,00 A9 06 A0 17 FC 5F 26,speed=0.00
1779698443.314,0x200,8,69 64 AC B1 F3 7D 38 1A,fuel=100.00
1779698443.521,0x300,8,02 59 4A 31 7C 44 46 CB,temp=42.00
1779698443.687,0x100,8,00 3C 16 60 F3 E9 9A E7,speed=0.00
1779698443.737,0x200,8,80 64 AB 83 3D 04 BD B0,fuel=100.00
1779698443.866,0x300,8,02 A3 3B FC A4 F6 B3 D5,temp=42.00
1779698443.918,0x100,8,00 14 57 E9 37 01 FE D1,speed=0.00
1779698444.020,0x200,8,EE 64 F0 13 4A AA BD 4A,fuel=100.00
1779698444.159,0x300,8,02 76 CE 67 0A 3F 52 A0,temp=42.00
1779698444.271,0x100,8,00 53 8A 68 A8 8D C4 79,speed=0.00
1779698444.410,0x200,8,01 64 1F F8 E3 80 21 77,fuel=100.00
1779698444.493,0x300,8,02 DE 42 05 2C CD 39 20,temp=42.00
1779698444.618,0x100,8,00 EA E0 B1 62 38 0D 31,speed=0.00
1779698444.706,0x200,8,74 64 94 E0 87 99 81 26,fuel=100.00
1779698444.865,0x300,8,02 D5 D9 AC 36 16 7B 0A,temp=42.00
1779698444.957,0x100,8,00 C7 EE 4A 8B AD F3 D7,speed=0.00
1779698445.095,0x200,8,77 64 B1 B2 4C 95 44 F3,fuel=100.00
1779698445.224,0x300,8,02 5E 32 2A BB EF E7 DF,temp=42.00
1779698445.334,0x100,8,00 6C 9D 2F 7D 4A 13 D4,speed=0.00
1779698445.417,0x200,8,E1 64 4A F5 6C FD B8 55,fuel=100.00
1779698445.511,0x300,8,02 0E 0B 9C 03 00 07 56,temp=42.00
1779698445.667,0x100,8,00 32 8A CD 7C EA 97 A3,speed=0.00
1779698445.704,0x200,8,13 64 D1 63 5A 50 98 46,fuel=100.00
1779698446.215,0x300,8,02 5B 27 3D 00 EF 72 89,temp=42.00
1779698446.435,0x100,8,00 07 C0 24 62 C3 45 D2,speed=0.00
1779698446.511,0x200,8,32 64 55 93 02 89 D0 2D,fuel=100.00
1779698446.704,0x300,8,02 2E 86 6D DC 7A 1E 87,temp=42.00
1779698446.987,0x100,8,00 00 85 A4 52 00 26 8A,speed=0.00
1779698447.035,0x200,8,05 64 6F 39 3F C2 01 A4,fuel=100.00
1779698447.101,0x300,8,02 7B 81 0D E4 16 8F 53,temp=42.00
1779698447.189,0x100,8,00 F8 7F DD FF AF 2A C7,speed=0.00
1779698447.285,0x200,8,D9 64 84 67 9F 57 A8 CA,fuel=100.00
1779698447.519,0x300,8,02 B3 0E B8 D4 04 CE D4,temp=42.00
1779698447.598,0x100,8,00 C4 92 75 32 F9 E5 BF,speed=0.00
1779698447.687,0x200,8,4D 64 C0 64 7D 0F 8B 50,fuel=100.00
1779698447.780,0x300,8,02 D1 0A FA F8 5C 34 24,temp=42.00
1779698447.844,0x100,8,00 72 EA D8 C0 03 55 42,speed=0.00
1779698447.952,0x200,8,6B 64 28 1E 53 B5 37 84,fuel=100.00
1779698448.030,0x300,8,02 15 68 FA 34 51 B1 10,temp=42.00
1779698448.137,0x100,8,00 A8 74 F0 AC 3C 4D AB,speed=0.00
1779698448.233,0x200,8,72 64 9B 66 F6 43 26 C9,fuel=100.00
1779698448.508,0x300,8,02 F2 93 D0 AD 88 19 58,temp=42.00
1779698448.594,0x100,8,00 CD D5 32 F9 CF 0C 53,speed=0.00
1779698448.721,0x200,8,D9 64 67 B0 49 DE A4 8E,fuel=100.00
1779698448.779,0x300,8,02 7E D8 C4 FB 4A 83 0A,temp=42.00
1779698448.910,0x100,8,00 D5 5F 3C 32 C0 43 06,speed=0.00
1779698449.071,0x200,8,C0 64 43 EB D6 12 69 01,fuel=100.00
1779698449.152,0x300,8,02 55 A2 81 E1 E0 2D 13,temp=42.00
1779698449.288,0x100,8,00 86 7E 1D DC 68 D5 E5,speed=0.00
1779698449.369,0x200,8,63 64 A3 C2 33 05 50 57,fuel=100.00
1779698449.475,0x300,8,02 68 4D E3 D0 D6 C2 F9,temp=42.00
1779698449.571,0x100,8,00 CF 97 E3 EC 04 0E 18,speed=0.00
1779698449.630,0x200,8,A7 64 F4 2A 08 EA 1B 94,fuel=100.00
1779698450.052,0x300,8,02 9E 21 17 E4 51 27 42,temp=42.00
1779698450.100,0x100,8,00 BE 9A 4E 6A F4 30 A5,speed=0.00
1779698450.401,0x200,8,13 64 AD CB 48 6B 5B 76,fuel=100.00
1779698450.480,0x300,8,02 1C 42 56 D7 25 30 CB,temp=42.00
1779698450.573,0x100,8,00 6E 57 55 FF 21 2F 15,speed=0.00
1779698450.663,0x200,8,DE 64 FE CF AC 67 4B EB,fuel=100.00
1779698450.848,0x300,8,02 F3 44 41 30 AA 42 40,temp=42.00
1779698451.002,0x100,8,00 78 47 C4 FC DD 38 88,speed=0.00
1779698451.170,0x200,8,53 64 94 6D E8 72 46 33,fuel=100.00
1779698451.342,0x300,8,02 82 DB E6 A7 4D C6 2A,temp=42.00
1779698451.430,0x100,8,00 29 47 74 B1 14 17 0B,speed=0.00
1779698451.719,0x200,8,61 64 9F 59 66 38 53 4A,fuel=100.00
1779698451.799,0x300,8,02 02 8D 86 7A 4E E8 DE,temp=42.00
1779698451.956,0x100,8,00 04 11 2C 13 B7 DB 59,speed=0.00
1779698452.134,0x200,8,F9 64 1C D0 97 D3 C5 67,fuel=100.00
1779698452.507,0x300,8,02 DE 65 58 7A 7E D0 02,temp=42.00
1779698452.563,0x100,8,00 6A E4 54 95 A5 55 F7,speed=0.00
1779698452.695,0x200,8,70 64 FA 0E 4C 73 10 E5,fuel=100.00
1779698452.899,0x300,8,02 D0 6B B9 11 5E 66 80,temp=42.00
1779698453.133,0x100,8,00 4C 66 36 85 02 15 CA,speed=0.00
1779698453.404,0x200,8,07 64 EB B0 87 B2 3D C3,fuel=100.00
1779698453.827,0x300,8,02 52 37 3F CE 8E D1 9B,temp=42.00
1779698453.967,0x100,8,00 C6 E3 0F 38 70 CC E8,speed=0.00
1779698454.019,0x200,8,39 64 FE A7 8D DE 54 23,fuel=100.00
1779698454.153,0x300,8,02 90 DA 0D DB 6B 02 B4,temp=42.00
1779698454.244,0x100,8,00 84 D3 17 66 7C A4 F9,speed=0.00
1779698454.363,0x200,8,2C 64 B5 7E 88 6D 40 D9,fuel=100.00
1779698454.419,0x300,8,02 5E 63 78 93 CE A5 AB,temp=42.00
1779698454.595,0x100,8,00 0D 3D C9 3C 7F 4B 91,speed=0.00
1779698454.767,0x200,8,7D 64 F0 1F A7 81 5A DE,fuel=100.00
1779698454.822,0x300,8,02 E5 86 83 62 AB 20 77,temp=42.00
1779698454.904,0x100,8,00 B9 04 D1 F5 D1 4D 3D,speed=0.00
1779698455.027,0x200,8,6B 64 79 E3 CD 39 BA 4F,fuel=100.00
1779698455.079,0x300,8,02 33 AA 55 02 F6 17 96,temp=42.00
1779698455.183,0x100,8,00 07 A0 75 47 2A 77 61,speed=0.00
1779698455.270,0x200,8,21 64 CA 56 BC 79 F6 A2,fuel=100.00
1779698455.358,0x300,8,02 A1 E5 C2 96 3B 66 68,temp=42.00
1779698455.464,0x100,8,00 F0 31 A0 3C 59 8B 6F,speed=0.00
1779698455.544,0x200,8,DA 64 2E 5E 0D C1 FC A3,fuel=100.00
1779698455.654,0x300,8,02 FD 46 8D 1C EA ED 7D,temp=42.00
1779698455.752,0x100,8,00 BE D6 78 FB B7 73 84,speed=0.00
1779698455.857,0x200,8,CA 64 6B C1 F1 36 0B 56,fuel=100.00
1779698455.969,0x300,8,02 A1 E8 E4 3B F4 05 5D,temp=42.00
1779698456.055,0x100,8,00 4D 16 AD 7D 9D 8A F5,speed=0.00
1779698456.158,0x200,8,C9 64 C0 D5 C5 06 F1 13,fuel=100.00
1779698456.224,0x300,8,02 3C D8 35 EA 7C A5 05,temp=42.00
1779698456.325,0x100,8,00 18 3A 9F 61 A1 1D 23,speed=0.00
1779698456.532,0x200,8,69 64 2F 5A 40 2F 37 F2,fuel=100.00
1779698456.621,0x300,8,02 C3 5F 79 A8 DD 17 41,temp=42.00
1779698456.700,0x100,8,00 2A 11 A1 A4 B6 38 3F,speed=0.00
1779698456.844,0x200,8,09 64 DD 0D B9 46 A1 F6,fuel=100.00
1779698456.894,0x300,8,02 98 B8 9A E2 6A 9A B1,temp=42.00
1779698457.018,0x100,8,00 8E 62 58 4C B0 FD FA,speed=0.00
1779698457.070,0x200,8,4A 64 F9 F6 05 88 3C F9,fuel=100.00
1779698457.162,0x300,8,02 AB 51 68 33 ED 7B 1F,temp=42.00
1779698457.249,0x100,8,00 6F B0 F9 70 31 8C D6,speed=0.00
1779698457.365,0x200,8,42 64 4C 00 00 6D BA 00,fuel=100.00
1779698457.456,0x300,8,02 C5 1B 7F DD 16 1A A1,temp=42.00
1779698457.528,0x100,8,00 49 BA 18 71 35 7F EB,speed=0.00
1779698457.651,0x200,8,CB 64 58 E0 55 BE 4C B7,fuel=100.00
1779698457.727,0x300,8,02 C1 6C F8 10 E5 10 EC,temp=42.00
1779698457.877,0x100,8,00 0B 03 BF 0B 7C C1 51,speed=0.00
1779698458.064,0x200,8,DF 64 4E 8A 92 5D EF FC,fuel=100.00
1779698458.160,0x300,8,02 F5 3F D3 E5 B6 B0 D6,temp=42.00
1779698458.215,0x100,8,00 92 FF 03 9B 27 65 23,speed=0.00
1779698458.289,0x200,8,2C 64 0B E9 CE 2B 02 DE,fuel=100.00
1779698458.404,0x300,8,02 53 49 66 34 7C B1 D9,temp=42.00
1779698458.477,0x100,8,00 88 26 32 2B 14 FF C7,speed=0.00
1779698458.656,0x200,8,29 64 37 19 59 67 1A 4D,fuel=100.00
1779698458.781,0x300,8,02 3F 81 7B A1 00 A6 C9,temp=42.00
1779698458.860,0x100,8,00 74 EE 07 00 4A EC 4B,speed=0.00
1779698458.973,0x200,8,C9 64 2A EE A6 2F DD 8A,fuel=100.00
1779698459.062,0x300,8,02 E5 21 A2 1A 14 B7 08,temp=42.00
1779698459.136,0x100,8,00 11 D0 CA 31 33 48 9E,speed=0.00
1779698459.233,0x200,8,51 64 F1 32 67 06 AB 99,fuel=100.00
1779698459.341,0x300,8,02 FE 02 C8 22 DF 0E 9B,temp=42.00
1779698459.414,0x100,8,00 B3 4F A7 B7 38 0A 48,speed=0.00
1779698459.513,0x200,8,68 64 81 43 91 72 76 0D,fuel=100.00
1779698459.596,0x300,8,02 24 ED 1E BC FF 86 A9,temp=42.00
1779698459.682,0x100,8,00 C6 C2 42 65 55 5E E1,speed=0.00
1779698459.795,0x200,8,7B 64 BB 37 45 88 0C EC,fuel=100.00
1779698459.871,0x300,8,02 16 E0 A6 E8 15 D3 B7,temp=42.00
1779698459.970,0x100,8,00 21 94 80 2E 0D 44 C3,speed=0.00
1779698460.101,0x200,8,17 64 83 AA E5 0D 2A D6,fuel=100.00
1779698460.199,0x300,8,02 2B B6 D6 A2 F9 17 6A,temp=42.00
1779698460.282,0x100,8,00 13 32 7C 64 3C 40 C9,speed=0.00
1779698460.388,0x200,8,A8 64 95 DE 6B D5 0B 10,fuel=100.00
1779698460.483,0x300,8,02 68 29 4F D3 0A C4 FC,temp=42.00
1779698460.567,0x100,8,00 B2 12 27 61 3A EE 2F,speed=0.00
1779698460.669,0x200,8,CC 64 C3 D5 C5 9E 82 BF,fuel=100.00
1779698460.857,0x300,8,02 66 67 04 58 0B 31 9A,temp=42.00
1779698460.999,0x100,8,00 C2 F5 B0 F9 57 BD 28,speed=0.00
1779698461.070,0x200,8,9C 64 BB 79 B3 7B 93 57,fuel=100.00
1779698461.157,0x300,8,02 FE 2D BD A8 60 E2 16,temp=42.00
1779698461.260,0x100,8,00 FF 37 27 02 5D 10 FF,speed=0.00
1779698461.353,0x200,8,33 64 AB C1 41 DE FA FD,fuel=100.00
1779698461.414,0x300,8,02 24 82 5A 82 99 10 BD,temp=42.00
1779698461.527,0x100,8,00 5B 50 98 3A FF E4 10,speed=0.00
1779698461.617,0x200,8,BD 64 E8 BD 94 53 C0 6C,fuel=100.00
1779698461.693,0x300,8,02 59 67 C2 F5 16 83 05,temp=42.00
1779698461.785,0x100,8,00 9F D2 4B 8E 3F D1 9F,speed=0.00
1779698461.910,0x200,8,EF 64 3D 56 7C 23 84 D6,fuel=100.00
1779698461.975,0x300,8,02 FB 5D E5 D6 86 9B B9,temp=42.00
1779698462.096,0x100,8,00 8B C8 63 68 72 12 9E,speed=0.00
1779698462.160,0x200,8,91 64 FA DD 8D AE 44 DD,fuel=100.00
1779698462.255,0x300,8,02 9C 8C 0D 73 C8 FB DD,temp=42.00
1779698462.342,0x100,8,00 59 5B 58 BE 00 3B D6,speed=0.00
1779698462.446,0x200,8,F1 64 C1 F3 3B 8F E7 25,fuel=100.00
1779698462.537,0x300,8,02 25 AD AD FE 5B 39 71,temp=42.00
1779698462.628,0x100,8,00 94 6D DC 19 A0 25 BF,speed=0.00
1779698462.820,0x200,8,A9 64 3D 83 54 42 39 A4,fuel=100.00
1779698462.909,0x300,8,02 30 65 77 4B 86 16 21,temp=42.00
1779698463.087,0x100,8,00 97 8C F3 A3 16 AA B1,speed=0.00
1779698463.129,0x200,8,BA 64 4F 3D AB D0 C7 B7,fuel=100.00
1779698463.232,0x300,8,02 B1 74 1F 67 A8 F5 14,temp=42.00
1779698463.309,0x100,8,00 84 D2 8B BB DD B4 42,speed=0.00
1779698463.381,0x200,8,94 64 09 D1 16 8F A8 4A,fuel=100.00
1779698463.553,0x300,8,02 1E CE 5E 51 C3 EE F0,temp=42.00
1779698463.597,0x100,8,00 52 68 82 C9 E8 C1 81,speed=0.00
1779698463.702,0x200,8,E2 64 58 66 5E A5 6F 6E,fuel=100.00
1779698463.836,0x300,8,02 0F 01 27 69 79 0C 82,temp=42.00
1779698463.884,0x100,8,00 E0 8A 80 13 21 49 ED,speed=0.00
1779698464.100,0x200,8,AF 64 B5 94 3E 76 3A 8B,fuel=100.00
1779698464.130,0x300,8,02 71 9B 9D 26 22 D2 63,temp=42.00
1779698464.294,0x100,8,00 C8 60 AB 88 CF C3 C7,speed=0.00
1779698464.333,0x200,8,EE 64 28 B4 DC 6D 85 86,fuel=100.00
1779698464.412,0x300,8,02 09 3C 40 D4 F5 6D 83,temp=42.00
1779698464.497,0x100,8,00 DE 0B A3 DD 86 EA 0C,speed=0.00
1779698464.596,0x200,8,CE 64 CC 1F 26 31 2A B5,fuel=100.00
1779698464.694,0x300,8,02 73 9A 67 73 ED C6 B3,temp=42.00
1779698464.788,0x100,8,00 75 DA D1 47 65 E0 A9,speed=0.00
1779698464.894,0x200,8,EC 64 6A 4A C4 F2 B9 EE,fuel=100.00
1779698465.067,0x300,8,02 66 87 03 5F 8D E8 6C,temp=42.00
1779698465.227,0x100,8,00 68 2B 04 55 17 11 56,speed=0.00
1779698465.252,0x200,8,13 64 BA 7F 00 40 67 02,fuel=100.00
1779698465.403,0x300,8,02 A2 F7 26 B7 37 46 00,temp=42.00
1779698465.452,0x100,8,00 3B F8 35 12 22 C8 5E,speed=0.00
1779698465.550,0x200,8,7F 64 41 09 02 4F A4 19,fuel=100.00
1779698465.645,0x300,8,02 6D BF 8E D4 87 10 AD,temp=42.00
1779698465.730,0x100,8,00 05 10 D8 B8 0D 31 E5,speed=0.00
1779698465.820,0x200,8,15 64 A4 95 15 EA 4F B0,fuel=100.00
1779698465.917,0x300,8,02 49 98 C1 11 8F 88 93,temp=42.00
1779698466.018,0x100,8,00 7D EC 16 9F F6 E4 91,speed=0.00
1779698466.131,0x200,8,26 64 F4 06 64 3F 2C B2,fuel=100.00
1779698466.211,0x300,8,02 D9 F2 FE 9D 09 81 5C,temp=42.00
1779698466.293,0x100,8,00 D7 C2 76 C2 BB 18 F8,speed=0.00
1779698466.402,0x200,8,98 64 2F 7F 99 0B C7 DD,fuel=100.00
1779698466.521,0x300,8,02 9D 2A 75 8D 82 35 DE,temp=42.00
1779698466.585,0x100,8,00 73 34 7E E9 1E E5 B3,speed=0.00
1779698466.703,0x200,8,6C 64 0E 35 F6 56 C6 F4,fuel=100.00
1779698466.832,0x300,8,02 80 23 FE 19 3F F3 BE,temp=42.00
1779698466.885,0x100,8,00 E8 23 4D A0 0D E3 11,speed=0.00
1779698467.014,0x200,8,28 64 4C 7D C0 ED 0A F4,fuel=100.00
1779698467.048,0x300,8,02 CE 3A F0 2D 4A 9A B7,temp=42.00
1779698467.481,0x100,8,00 C4 D2 16 B1 45 9D 46,speed=0.00
1779698467.671,0x200,8,B7 64 50 FF 7B 49 EA 82,fuel=100.00
1779698468.047,0x300,8,02 F4 54 C8 05 0C 0B 98,temp=42.00
1779698468.203,0x100,8,00 2E BB CB 9F A4 A7 54,speed=0.00
1779698468.320,0x200,8,FF 64 0A 4A DB 70 27 70,fuel=100.00
1779698468.417,0x300,8,02 2C 9A 2E 94 42 84 D8,temp=42.00
1779698468.519,0x100,8,00 04 96 16 36 83 2A 17,speed=0.00
1779698468.618,0x200,8,16 64 E9 85 33 3F 0F 73,fuel=100.00
1779698468.695,0x300,8,02 B5 9F 7C 77 43 AF BF,temp=42.00
1779698468.843,0x100,8,00 DA 2B A9 70 34 D6 B7,speed=0.00
1779698468.882,0x200,8,70 64 91 77 70 AB 78 A9,fuel=100.00
1779698468.967,0x300,8,02 15 CB 30 7F A1 5D EA,temp=42.00
1779698469.067,0x100,8,00 22 93 4C E0 78 55 90,speed=0.00
1779698469.156,0x200,8,26 64 B7 F5 C4 3D 5B 74,fuel=100.00
1779698469.346,0x300,8,02 B2 43 71 C8 DC C4 2C,temp=42.00
1779698469.486,0x100,8,00 01 0B B6 F9 3E 32 FE,speed=0.00
1779698469.558,0x200,8,8E 64 85 65 26 59 1B 79,fuel=100.00
1779698469.697,0x300,8,02 1F 7D 36 7F D5 03 F6,temp=42.00
1779698469.763,0x100,8,00 6E 59 62 C4 6B C6 FB,speed=0.00
1779698469.853,0x200,8,67 64 EC B2 5C 36 2D 75,fuel=100.00
1779698469.931,0x300,8,02 2D 43 D2 AE 64 B5 95,temp=42.00
1779698470.036,0x100,8,00 10 8F 1C A2 12 25 3F,speed=0.00
1779698470.120,0x200,8,21 64 34 BC C5 85 EC A2,fuel=100.00
1779698470.218,0x300,8,02 61 47 D7 9B F5 6C F1,temp=42.00
1779698470.278,0x100,8,00 9F 4C C9 65 72 41 34,speed=0.00
1779698470.410,0x200,8,70 64 77 CD 4A DD 60 16,fuel=100.00
1779698470.514,0x300,8,02 2C F0 29 47 1C 7A 72,temp=42.00
1779698470.597,0x100,8,00 46 CF AA 49 7B F0 82,speed=0.00
1779698470.682,0x200,8,03 64 50 13 D4 D3 60 05,fuel=100.00
1779698470.752,0x300,8,02 1F 45 30 28 C0 AB AE,temp=42.00
1779698470.853,0x100,8,00 CC 62 FA 9B 0D 9A F4,speed=0.00
1779698470.959,0x200,8,5B 64 50 65 44 FF F1 75,fuel=100.00
1779698471.028,0x300,8,02 3E 79 29 8C C5 B1 F5,temp=42.00
1779698471.141,0x100,8,00 C2 FB 74 93 05 D0 8C,speed=0.00
1779698471.250,0x200,8,6E 64 E3 4B 51 5C B4 DE,fuel=100.00
1779698471.315,0x300,8,02 5B C2 2F 21 77 56 D8,temp=42.00
1779698471.401,0x100,8,00 BF C8 4A 0E BB 18 B5,speed=0.00
1779698471.527,0x200,8,C8 64 1A CA B9 AF D6 73,fuel=100.00
1779698471.598,0x300,8,02 F6 72 6A 5F 30 40 28,temp=42.00
1779698471.821,0x100,8,00 8C E0 09 EA 5B 3D 74,speed=0.00
1779698471.927,0x200,8,44 64 5E 86 78 09 7B 8C,fuel=100.00
1779698472.004,0x300,8,02 63 8A 18 6F BC 90 67,temp=42.00
1779698472.089,0x100,8,00 83 4A 07 FC 7A 21 DA,speed=0.00
1779698472.257,0x200,8,E6 64 56 E4 10 A5 D7 14,fuel=100.00
1779698472.347,0x300,8,02 74 0C 52 E9 D8 A5 59,temp=42.00
1779698472.742,0x100,8,00 3F 2A 3E 1E 8C D6 69,speed=0.00
1779698472.862,0x200,8,BC 64 6A 3C 78 C2 DE 52,fuel=100.00
1779698472.947,0x300,8,02 8F 20 07 81 F0 7D 93,temp=42.00
1779698473.038,0x100,8,00 91 4C 7C 64 41 BC 93,speed=0.00
1779698473.153,0x200,8,8C 64 62 47 0B 5E 64 65,fuel=100.00
1779698473.229,0x300,8,02 0B 61 C3 5E DE 51 80,temp=42.00
1779698473.317,0x100,8,00 85 E7 0E 0C F1 94 54,speed=0.00
1779698473.396,0x200,8,DF 64 72 F0 DC 85 5F 9B,fuel=100.00
1779698473.530,0x300,8,02 2A B0 73 F2 D2 44 99,temp=42.00
1779698473.586,0x100,8,00 67 6E 70 FD 15 D8 34,speed=0.00
1779698473.698,0x200,8,3D 64 FE FF 46 CA 4C 9E,fuel=100.00
1779698473.769,0x300,8,02 D5 B6 A7 22 8C D2 B7,temp=42.00
1779698473.929,0x100,8,00 5D A1 63 68 3F 2A EE,speed=0.00
1779698473.986,0x200,8,53 64 DF A1 7D CB 30 94,fuel=100.00
1779698474.103,0x300,8,02 72 A9 A0 2E A3 68 A8,temp=42.00
1779698474.160,0x100,8,00 F2 EF 18 F3 48 88 95,speed=0.00
1779698474.271,0x200,8,72 64 B8 75 4E 1E 24 5A,fuel=100.00
1779698474.345,0x300,8,02 D0 89 35 D4 6C AB 81,temp=42.00
1779698474.451,0x100,8,00 9A C3 62 6E 94 2C C8,speed=0.00
1779698474.612,0x200,8,DC 64 45 E3 53 7C 67 BB,fuel=100.00
1779698474.714,0x300,8,02 86 B7 A9 BD A0 4B C6,temp=42.00
1779698474.817,0x100,8,00 3A 8B 4C 94 90 63 FE,speed=0.00
1779698474.892,0x200,8,89 64 6F A1 D1 F5 CB 06,fuel=100.00
1779698474.993,0x300,8,02 B4 17 22 9E F7 BE DD,temp=42.00
1779698475.083,0x100,8,00 A8 71 65 9F 2B 00 60,speed=0.00
1779698475.201,0x200,8,FD 64 A2 47 C0 86 FD 08,fuel=100.00
1779698475.290,0x300,8,02 28 08 A8 7A F5 9E 99,temp=42.00
1779698475.380,0x100,8,00 1A F3 F7 A8 52 60 A2,speed=0.00
1779698475.465,0x200,8,CA 64 43 7B BE F2 BD B8,fuel=100.00
1779698475.548,0x300,8,02 63 71 98 E9 74 CA 00,temp=42.00
1779698475.646,0x100,8,00 25 8E C6 4C 2E F3 63,speed=0.00
1779698475.751,0x200,8,83 64 63 23 0A F7 65 91,fuel=100.00
1779698475.841,0x300,8,02 3F E0 A0 63 11 61 A0,temp=42.00
1779698475.920,0x100,8,00 46 A9 DD 2E 36 DD 45,speed=0.00
1779698476.033,0x200,8,9D 64 25 1B 8C 56 B9 B3,fuel=100.00
1779698476.110,0x300,8,02 D4 A1 68 9D DD F9 86,temp=42.00
1779698476.205,0x100,8,00 95 47 BF 24 EF 3C 6F,speed=0.00
1779698476.305,0x200,8,64 64 7D 8F 14 56 E6 00,fuel=100.00
1779698476.402,0x300,8,02 E8 40 C3 D8 98 9A D7,temp=42.00
1779698476.515,0x100,8,00 B3 8F A6 98 34 F1 3B,speed=0.00
1779698476.577,0x200,8,47 64 02 AE 07 CA 9C E5,fuel=100.00
1779698476.687,0x300,8,02 34 32 2A 6B AB 8D E1,temp=42.00
1779698476.801,0x100,8,00 48 25 CD AF CE A0 E0,speed=0.00
1779698477.287,0x200,8,A5 64 DC E6 D0 67 5A 65,fuel=100.00
1779698477.513,0x300,8,02 01 6A A4 1F 58 CA 0A,temp=42.00
1779698478.187,0x100,8,00 68 04 B7 8C 0F 53 D5,speed=0.00
1779698478.459,0x200,8,39 64 6E A5 95 83 1C 2C,fuel=100.00
1779698478.587,0x300,8,02 54 80 64 B8 91 1E 43,temp=42.00
1779698478.875,0x100,8,00 F2 A4 BA 75 E8 C3 AF,speed=0.00
1779698479.001,0x200,8,9A 64 01 B6 DF 09 88 10,fuel=100.00
1779698479.212,0x300,8,02 4C FF A1 C9 72 58 88,temp=42.00
1779698479.279,0x100,8,00 A6 D1 E3 3D B5 69 B1,speed=0.00
1779698479.435,0x200,8,BE 64 27 BC 10 6E 99 14,fuel=100.00
1779698479.504,0x300,8,02 94 DB ED 11 29 0D 6C,temp=42.00
1779698479.591,0x100,8,00 00 A3 D9 52 E7 5E 71,speed=0.00
1779698479.859,0x200,8,0A 64 AD EF 96 F3 BA CF,fuel=100.00
1779698479.936,0x300,8,02 1B A9 56 A1 1C C6 BE,temp=42.00
1779698480.036,0x100,8,00 80 16 C6 14 12 1F 4C,speed=0.00
1779698480.133,0x200,8,6A 64 02 BF 64 D4 D7 3E,fuel=100.00
1779698480.270,0x300,8,02 54 1C 85 62 8A DB B9,temp=42.00
1779698480.308,0x100,8,00 F2 AD E6 10 C0 ED 5E,speed=0.00
1779698480.537,0x200,8,F2 64 89 5B 9F 93 98 C4,fuel=100.00
1779698480.698,0x300,8,02 AC 2E AA 03 94 02 97,temp=42.00
1779698480.788,0x100,8,00 02 AA 8A 25 D3 8C 61,speed=0.00
1779698480.968,0x200,8,8D 64 20 61 7B 8B 54 8D,fuel=100.00
1779698481.097,0x300,8,02 AC 86 29 11 20 72 F6,temp=42.00
1779698481.163,0x100,8,00 3F 7D A0 48 F1 86 0B,speed=0.00
1779698481.292,0x200,8,87 64 E9 8F F7 F7 83 DC,fuel=100.00
1779698481.634,0x300,8,02 DD C0 EB BB 42 7D E9,temp=42.00
1779698481.918,0x100,8,00 A4 69 C7 60 97 AB 4B,speed=0.00
1779698482.000,0x200,8,52 64 D0 1D 33 C5 69 51,fuel=100.00
1779698482.102,0x300,8,02 4D C2 95 1D FD 17 43,temp=42.00
1779698482.200,0x100,8,00 05 D2 7E AE 46 28 AA,speed=0.00
1779698482.340,0x200,8,5C 64 30 BC E2 48 E4 E6,fuel=100.00
1779698482.427,0x300,8,02 18 1C 94 74 6D F1 5C,temp=42.00
1779698482.487,0x100,8,00 8E 5C 78 98 A2 C5 F4,speed=0.00
1779698482.581,0x200,8,3D 64 71 43 9D BB AC 35,fuel=100.00
1779698482.683,0x300,8,02 1E 0B B8 4A 83 83 78,temp=42.00
1779698482.783,0x100,8,00 8B 47 FF 97 A1 BB ED,speed=0.00
1779698482.884,0x200,8,0A 64 CB 1A 6A 5B 79 DE,fuel=100.00
1779698482.967,0x300,8,02 F0 06 51 26 5F E6 A5,temp=42.00
1779698483.066,0x100,8,00 9C 9E 4F 56 55 EB C3,speed=0.00
1779698483.139,0x200,8,46 64 20 58 47 99 3E 03,fuel=100.00
1779698483.292,0x300,8,02 14 FD 08 04 F2 C5 34,temp=42.00
1779698483.330,0x100,8,00 6C 33 70 BF C1 C7 B6,speed=0.00
1779698483.429,0x200,8,4E 64 A3 D0 8F 2E C4 FC,fuel=100.00
1779698483.517,0x300,8,02 8B 91 B2 6A 9D E2 0E,temp=42.00
1779698483.667,0x100,8,00 1A 42 59 91 37 F7 33,speed=0.00
1779698484.008,0x200,8,61 64 36 C0 30 F1 AE 76,fuel=100.00
1779698484.568,0x300,8,02 1E 15 C4 06 21 CA 27,temp=42.00
1779698484.678,0x100,8,00 B0 E0 4E 16 36 A2 D2,speed=0.00
1779698485.068,0x200,8,15 64 C8 E2 FC F2 BE 36,fuel=100.00
1779698485.110,0x300,8,02 72 B9 3C A5 52 B7 44,temp=42.00
1779698485.220,0x100,8,00 FA BF C8 2C A4 2F 9D,speed=0.00
1779698485.317,0x200,8,80 64 79 B0 28 B5 41 09,fuel=100.00
1779698485.471,0x300,8,02 DA 5C FA E3 D0 25 9C,temp=42.00
1779698485.584,0x100,8,00 A9 36 A0 97 1A 11 23,speed=0.00
1779698485.685,0x200,8,06 64 EB C4 EE 65 B1 A1,fuel=100.00
1779698485.952,0x300,8,02 7F 52 C7 E9 A0 D3 E5,temp=42.00
1779698486.044,0x100,8,00 15 7A 78 75 1B 23 E5,speed=0.00
1779698486.166,0x200,8,2B 64 98 F6 1F B3 BA 0B,fuel=100.00
1779698486.247,0x300,8,02 68 2E 66 CA 1F C5 CD,temp=42.00
1779698486.383,0x100,8,00 C7 3F 59 37 6E 81 59,speed=0.00
1779698486.434,0x200,8,73 64 54 2A EF 14 3E 3C,fuel=100.00
1779698486.616,0x300,8,02 E4 3E 8F A1 73 A9 D7,temp=42.00
1779698486.701,0x100,8,00 0D CC F5 A1 3A D8 F3,speed=0.00
1779698486.800,0x200,8,B9 64 2C D7 1A A3 68 00,fuel=100.00
1779698486.985,0x300,8,02 72 01 AE 80 42 3A 9E,temp=42.00
1779698487.084,0x100,8,00 8E FF FD 08 5E B5 5E,speed=0.00
1779698487.186,0x200,8,E2 64 BB E1 B9 76 18 45,fuel=100.00
1779698487.295,0x300,8,02 29 9F CA 3E 60 13 53,temp=42.00
1779698487.397,0x100,8,00 D2 B7 74 A9 70 46 DF,speed=0.00
1779698487.472,0x200,8,BE 64 F9 2C 80 E1 77 66,fuel=100.00
1779698487.578,0x300,8,02 C7 F3 BE 04 9B FF EB,temp=42.00
1779698487.664,0x100,8,00 DA E6 A7 48 63 A3 11,speed=0.00
1779698487.770,0x200,8,B1 64 5A 2D 71 27 46 5D,fuel=100.00
1779698487.885,0x300,8,02 FB 47 BA E8 5E D3 7F,temp=42.00
1779698487.949,0x100,8,00 82 70 62 D4 2B 30 D9,speed=0.00
1779698488.036,0x200,8,15 64 3E DE 7B AC 13 0B,fuel=100.00
1779698488.149,0x300,8,02 B8 D2 09 00 41 72 A7,temp=42.00
1779698488.251,0x100,8,00 58 38 66 CC 69 C8 3E,speed=0.00
1779698488.487,0x200,8,AA 64 7C 73 08 1B 2F E8,fuel=100.00
1779698489.532,0x300,8,02 1F E8 9C 4F B3 EF A3,temp=42.00
1779698489.950,0x100,8,00 39 CD 22 53 6F B7 D6,speed=0.00
1779698490.039,0x200,8,07 64 D5 1D 3C B8 ED 10,fuel=100.00
1779698490.402,0x300,8,02 8A 8D 0C CE CF 92 85,temp=42.00
1779698490.913,0x100,8,00 8E 9B B3 6D 2B 15 60,speed=0.00
1779698491.025,0x200,8,33 64 7D 95 01 E7 D2 9D,fuel=100.00
1779698491.114,0x300,8,02 B4 DF 71 C0 68 B0 0A,temp=42.00
1779698491.215,0x100,8,00 19 F9 19 42 EA D3 7C,speed=0.00
1779698491.399,0x200,8,8C 64 83 8C AA 16 70 58,fuel=100.00
1779698491.577,0x300,8,02 81 EE 13 C4 9E E4 4D,temp=42.00
1779698491.695,0x100,8,00 37 15 1E 79 E6 01 AB,speed=0.00
1779698491.787,0x200,8,A1 64 47 18 BE 61 93 2D,fuel=100.00
1779698491.897,0x300,8,02 E8 FE D6 C2 B6 68 5A,temp=42.00
1779698491.971,0x100,8,00 2B FC 12 C8 E6 FE 71,speed=0.00
1779698492.069,0x200,8,44 64 6C F2 AF 6D 8C AF,fuel=100.00
1779698492.167,0x300,8,02 51 AD 91 23 8E 6E 39,temp=42.00
1779698493.850,0x100,8,00 31 FD 27 71 65 CC 90,speed=0.00
1779698494.271,0x200,8,D0 64 AE 95 DF 51 72 24,fuel=100.00
1779698494.300,0x300,8,02 49 32 03 E0 06 7D E2,temp=42.00
1779698494.417,0x100,8,00 13 00 89 E2 5F 68 7E,speed=0.00
1779698494.499,0x200,8,87 64 47 09 8F 8E 6A EC,fuel=100.00
1779698494.592,0x300,8,02 EF 3A 95 92 CC 9B BD,temp=42.00
1779698494.666,0x100,8,00 0D 8C 95 81 CE 96 63,speed=0.00
1779698494.763,0x200,8,C8 64 06 E0 F5 D7 40 FB,fuel=100.00
1779698494.880,0x300,8,02 5D CD 96 7C D4 08 DB,temp=42.00
1779698494.960,0x100,8,00 9F D9 98 5E 26 17 34,speed=0.00
1779698495.082,0x200,8,9A 64 C6 BC 49 43 55 74,fuel=100.00
1779698495.136,0x300,8,02 46 21 42 2C BD B8 F2,temp=42.00
1779698495.262,0x100,8,00 B0 17 97 1E 70 CC E4,speed=0.00
1779698495.372,0x200,8,56 64 20 35 83 F7 64 C8,fuel=100.00
1779698495.432,0x300,8,02 05 BE E0 DB 29 D6 A3,temp=42.00
1779698495.513,0x100,8,00 02 9B 98 F2 96 0A 78,speed=0.00
1779698495.648,0x200,8,A7 64 CF 4C 67 B6 11 16,fuel=100.00
1779698495.717,0x300,8,02 5A F8 69 3B 88 B2 0F,temp=42.00
1779698495.849,0x100,8,00 20 3E A5 3E EA 62 26,speed=0.00
1779698495.954,0x200,8,DC 64 39 62 A3 ED 63 79,fuel=100.00
1779698496.083,0x300,8,02 82 BE A6 5D 08 19 95,temp=42.00
1779698496.173,0x100,8,00 BE BD 6A 56 68 FC 65,speed=0.00
1779698496.270,0x200,8,78 64 74 E8 9A F5 BA 18,fuel=100.00
1779698496.380,0x300,8,02 32 57 36 D3 91 14 8E,temp=42.00
1779698496.449,0x100,8,00 F7 11 F5 12 C1 FC 71,speed=0.00
1779698496.581,0x200,8,A8 64 17 53 FA FB 48 C3,fuel=100.00
1779698496.652,0x300,8,02 85 35 D8 C4 90 C5 EC,temp=42.00
1779698496.788,0x100,8,00 0A 62 F4 39 A5 5F 26,speed=0.00
1779698496.867,0x200,8,D1 64 C4 65 64 2B 93 0F,fuel=100.00
1779698497.003,0x300,8,02 11 03 C2 31 9D 6B DE,temp=42.00
1779698497.420,0x100,8,00 AF F1 21 09 1E 0C 28,speed=0.00
1779698497.472,0x200,8,E1 64 42 30 B8 EC C4 42,fuel=100.00
1779698497.538,0x300,8,02 C3 CD 0F 29 6B E7 FF,temp=42.00
1779698497.670,0x100,8,00 A1 34 50 45 D6 51 94,speed=0.00
1779698497.721,0x200,8,4B 64 3D EF F5 AB 99 9D,fuel=100.00
1779698497.816,0x300,8,02 54 9A 01 4B 8F 02 CD,temp=42.00
1779698497.914,0x100,8,00 C5 88 9A 09 5C FD EA,speed=0.00
1779698498.031,0x200,8,82 64 19 B9 AC 5D 1E D9,fuel=100.00
1779698498.098,0x300,8,02 A5 C5 44 EF EF BE 2C,temp=42.00
1779698498.229,0x100,8,00 9F 3E 92 80 65 82 8E,speed=0.00
1779698498.323,0x200,8,0B 64 DB 20 D2 49 D5 3B,fuel=100.00
1779698498.416,0x300,8,02 6F F5 0B B1 7D 2F 78,temp=42.00
1779698498.487,0x100,8,00 EA 25 9C 8E B7 26 B6,speed=0.00
1779698498.587,0x200,8,65 64 1D 85 EA 11 25 12,fuel=100.00
1779698498.745,0x300,8,02 1F 38 1C 07 5E 8A EE,temp=42.00
1779698498.888,0x100,8,00 63 C7 7B CB F9 5E EA,speed=0.00
1779698498.963,0x200,8,32 64 67 47 C8 B2 40 E0,fuel=100.00
1779698499.053,0x300,8,02 6E 2F 3D 79 43 B3 E3,temp=42.00
1779698499.261,0x100,8,00 1A C1 97 54 76 DC 8D,speed=0.00
1779698499.534,0x200,8,5A 64 C2 7C 10 65 61 74,fuel=100.00
1779698499.700,0x300,8,02 E7 DB 72 2C 75 9F 6A,temp=42.00
1779698499.770,0x100,8,00 27 58 47 B0 9C A3 B9,speed=0.00
1779698499.868,0x200,8,73 64 28 71 F9 34 21 C3,fuel=100.00
1779698499.957,0x300,8,02 57 41 3A 67 46 99 0A,temp=42.00
1779698500.084,0x100,8,00 B0 7C 8A F8 CF 32 A7,speed=0.00
1779698500.214,0x200,8,6B 64 AC 7B 63 40 AF 6D,fuel=100.00
1779698500.365,0x300,8,02 18 6C 7E AD D1 F1 E3,temp=42.00
1779698500.530,0x100,8,00 5B 03 0C D1 76 8E 2A,speed=0.00
1779698500.952,0x200,8,A1 64 50 97 80 08 E1 A1,fuel=100.00
1779698501.013,0x300,8,02 39 ED F6 C9 34 59 BC,temp=42.00
1779698501.085,0x100,8,00 DE F4 47 E3 B9 1B E3,speed=0.00
1779698501.200,0x200,8,3B 64 AA 86 75 32 58 04,fuel=100.00
1779698501.453,0x300,8,02 37 B6 9C E0 5C 22 B4,temp=42.00
1779698501.571,0x100,8,00 61 47 5F BB 82 99 7F,speed=0.00
1779698501.654,0x200,8,E9 64 1E BD FB 03 1A 85,fuel=100.00
1779698501.747,0x300,8,02 1A 1A 5B 15 97 64 C5,temp=42.00
1779698501.851,0x100,8,00 CC 0D 5D C8 ED 69 0D,speed=0.00
1779698501.950,0x200,8,89 64 CE C5 01 E4 A1 F3,fuel=100.00
1779698502.049,0x300,8,02 BE 31 F4 1C 8A 41 64,temp=42.00
1779698502.130,0x100,8,00 09 CE 52 58 48 BE 84,speed=0.00
1779698502.216,0x200,8,F3 64 C0 FF 81 72 DA F6,fuel=100.00
1779698502.302,0x300,8,02 7B 3A C5 0A 5C 59 44,temp=42.00
1779698502.400,0x100,8,00 D9 76 F4 2D E5 44 51,speed=0.00
1779698502.485,0x200,8,E2 64 11 B3 75 C7 FB 16,fuel=100.00
1779698502.581,0x300,8,02 3D 34 B4 8A EF B5 72,temp=42.00
1779698502.700,0x100,8,00 C0 1B 6C 2A 6C A6 0B,speed=0.00
1779698502.770,0x200,8,66 64 AF B0 85 17 1C 86,fuel=100.00
1779698503.004,0x300,8,02 39 4B 13 8B C8 54 E5,temp=42.00
1779698503.085,0x100,8,00 C7 9D 2C 22 84 24 21,speed=0.00
1779698503.238,0x200,8,6B 64 57 FC 4A 44 43 36,fuel=100.00
1779698503.300,0x300,8,02 E7 92 09 18 D1 58 7D,temp=42.00
1779698503.413,0x100,8,00 50 F9 17 22 1C A4 76,speed=0.00
1779698503.500,0x200,8,CF 64 05 49 0A 16 79 63,fuel=100.00
1779698503.742,0x300,8,02 59 9D D8 C7 A9 95 8F,temp=42.00
1779698503.778,0x100,8,00 C1 6B CE 85 A1 EE 18,speed=0.00
1779698503.882,0x200,8,4A 64 15 D3 8D 37 95 37,fuel=100.00
1779698503.961,0x300,8,02 E4 EF F4 20 D0 C6 8B,temp=42.00
1779698504.086,0x100,8,00 3A C0 82 CD 4D 6D E6,speed=0.00
1779698504.179,0x200,8,15 64 8F 4D 11 8A 62 03,fuel=100.00
1779698504.273,0x300,8,02 A3 39 46 81 ED 04 7D,temp=42.00
1779698504.332,0x100,8,00 E8 48 71 D2 4B 0A 9B,speed=0.00
1779698504.431,0x200,8,F5 64 16 0B EB 7A 48 77,fuel=100.00
1779698504.535,0x300,8,02 E7 A5 C3 1C 84 13 0A,temp=42.00
1779698504.672,0x100,8,00 1D 81 F5 58 B9 94 BA,speed=0.00
1779698504.737,0x200,8,DA 64 65 45 CE FD CF 5C,fuel=100.00
1779698504.836,0x300,8,02 71 3A 3A 13 9C C7 7F,temp=42.00
1779698504.955,0x100,8,00 71 74 FD 96 A4 FF 9E,speed=0.00
1779698505.082,0x200,8,9C 64 CB 6F 43 87 19 E6,fuel=100.00
1779698505.144,0x300,8,02 EF 5F 4C 3F 79 F3 D8,temp=42.00
1779698505.232,0x100,8,00 89 CA 1A 7F 29 1D F3,speed=0.00
1779698506.372,0x200,8,8E 64 BD AE F1 CE D0 91,fuel=100.00
1779698506.502,0x300,8,02 62 B1 9B 5C 98 3C 92,temp=42.00
1779698506.914,0x100,8,00 20 CF BE 82 16 21 B2,speed=0.00
1779698506.964,0x200,8,99 64 CD 0F 4C 13 0B 89,fuel=100.00
1779698507.017,0x300,8,02 01 FA 3D E2 48 F6 04,temp=42.00
1779698507.124,0x100,8,00 E5 EC BA AF 54 10 B7,speed=0.00
1779698507.245,0x200,8,AD 64 04 12 39 9D 45 13,fuel=100.00
1779698507.352,0x300,8,02 E1 BC E5 5E FA 09 EA,temp=42.00
1779698507.430,0x100,8,00 43 D2 3B 61 8F A6 F1,speed=0.00
1779698507.526,0x200,8,B7 64 58 F6 A3 19 CF F1,fuel=100.00
1779698507.634,0x300,8,02 5F F3 D3 56 15 9D 48,temp=42.00
1779698507.748,0x100,8,00 E1 96 ED 7F 20 15 FD,speed=0.00
1779698507.798,0x200,8,92 64 ED 1D FB AF A1 9A,fuel=100.00
1779698507.866,0x300,8,02 69 A2 30 20 A4 6D 3D,temp=42.00
1779698507.977,0x100,8,00 B2 1B 55 D3 1A 24 AB,speed=0.00
1779698508.153,0x200,8,EC 64 D1 E4 12 BF 53 63,fuel=100.00
1779698508.266,0x300,8,02 BB 94 EB A9 24 E0 86,temp=42.00
1779698508.329,0x100,8,00 59 34 DC C0 38 B1 6D,speed=0.00
1779698508.430,0x200,8,DD 64 D0 3B 70 F0 B1 49,fuel=100.00
1779698508.535,0x300,8,02 08 DA E9 73 CE E1 6C,temp=42.00
1779698508.615,0x100,8,00 51 68 B7 D0 99 A3 CE,speed=0.00
1779698508.716,0x200,8,08 64 23 55 74 B1 D1 3A,fuel=100.00
1779698508.819,0x300,8,02 B4 FF AF BD 11 15 A5,temp=42.00
1779698508.899,0x100,8,00 C4 B4 E3 08 C5 EE C1,speed=0.00
1779698509.212,0x200,8,78 64 77 74 0B 30 62 DE,fuel=100.00
1779698509.576,0x300,8,02 20 DA 09 21 5D 1A 76,temp=42.00
1779698509.691,0x100,8,00 E8 35 E0 63 CF 60 F4,speed=0.00
1779698509.743,0x200,8,78 64 6A 90 F8 65 9B E7,fuel=100.00
1779698510.117,0x300,8,02 F3 57 08 01 51 22 48,temp=42.00
1779698510.348,0x100,8,00 21 CC AC 6E 33 0C 65,speed=0.00
1779698510.499,0x200,8,2E 64 C6 F4 19 7F F9 87,fuel=100.00
1779698510.713,0x300,8,02 A7 41 B7 05 6A DD 6A,temp=42.00
1779698510.783,0x100,8,00 B5 89 4E A8 C0 46 78,speed=0.00
1779698510.880,0x200,8,D5 64 18 3B F3 0A 44 71,fuel=100.00
1779698511.194,0x300,8,02 AB 54 7D 9C AD 60 E8,temp=42.00
1779698511.253,0x100,8,00 B6 C4 42 BC A0 F2 CD,speed=0.00
1779698511.413,0x200,8,C0 64 33 AA F0 B2 57 5B,fuel=100.00
1779698511.498,0x300,8,02 9C 29 CF 06 79 99 D3,temp=42.00
1779698511.555,0x100,8,00 76 7B 32 0B 89 97 B1,speed=0.00
1779698511.667,0x200,8,82 64 EF 60 0F 52 8D EE,fuel=100.00
1779698511.742,0x300,8,02 AF CF F1 32 BB AC 56,temp=42.00
1779698511.831,0x100,8,00 6B A3 51 C4 88 09 35,speed=0.00
1779698511.953,0x200,8,40 64 98 D9 05 BF E6 48,fuel=100.00
1779698512.064,0x300,8,02 52 85 47 A5 C7 A9 4B,temp=42.00
1779698512.121,0x100,8,00 DA 1E 07 6E B2 38 70,speed=0.00
1779698512.220,0x200,8,5B 64 C1 0E 4D 4F 43 8A,fuel=100.00
1779698512.283,0x300,8,02 7E 3A 14 90 83 8E 1E,temp=42.00
1779698512.393,0x100,8,00 9E BA 32 6F 5C 1F 6A,speed=0.00
1779698512.500,0x200,8,DD 64 20 47 C4 4E 73 26,fuel=100.00
1779698512.570,0x300,8,02 89 17 E5 98 3E 41 13,temp=42.00
1779698512.679,0x100,8,00 1C E4 8A CC F4 8F 29,speed=0.00
1779698512.766,0x200,8,93 64 33 5E 9C A5 63 15,fuel=100.00
1779698512.848,0x300,8,02 A1 26 CB 32 63 12 AA,temp=42.00
1779698512.967,0x100,8,00 0E 66 F1 F7 73 A2 B1,speed=0.00
1779698513.035,0x200,8,3A 64 C1 0B D8 11 BF 0D,fuel=100.00
1779698513.129,0x300,8,02 38 00 C3 78 B3 B0 EB,temp=42.00
1779698513.231,0x100,8,00 BE 49 91 EA E2 A5 FC,speed=0.00
1779698513.310,0x200,8,35 64 C3 69 C3 15 3E FE,fuel=100.00
1779698513.450,0x300,8,02 80 58 9E A2 4E B7 06,temp=42.00
1779698513.529,0x100,8,00 F6 FE 72 5B 55 0C EE,speed=0.00
1779698513.614,0x200,8,86 64 68 E6 14 3A B5 43,fuel=100.00
1779698513.695,0x300,8,02 B8 1D BE 2C E5 B3 31,temp=42.00
1779698513.782,0x100,8,00 2E 3F 15 8E A3 04 99,speed=0.00
1779698513.882,0x200,8,A9 64 55 06 BF 87 9B 5F,fuel=100.00
1779698514.036,0x300,8,02 D2 80 8A FA 19 09 58,temp=42.00
1779698514.250,0x100,8,00 FC 0E EB FF F2 6D C2,speed=0.00
1779698514.299,0x200,8,BF 64 86 D9 4B 34 24 F2,fuel=100.00
1779698514.366,0x300,8,02 9B 84 4C 03 98 A7 47,temp=42.00
1779698514.534,0x100,8,00 23 6B 93 EC 05 4F ED,speed=0.00
1779698514.571,0x200,8,A9 64 D4 38 1C E5 A3 DF,fuel=100.00
1779698514.695,0x300,8,02 20 1C 83 E8 E9 B6 CD,temp=42.00
1779698514.736,0x100,8,00 EA 3D 23 D7 BF 78 6F,speed=0.00
1779698514.884,0x200,8,0E 64 D7 F7 A7 0C 15 DC,fuel=100.00
1779698514.931,0x300,8,02 11 58 00 13 1B 05 10,temp=42.00
1779698515.036,0x100,8,00 1D C5 F1 CD 35 68 F7,speed=0.00
1779698515.168,0x200,8,D1 64 61 0A 26 D7 6E ED,fuel=100.00
1779698515.231,0x300,8,02 46 8B EF E5 65 16 1C,temp=42.00
1779698515.292,0x100,8,00 C7 5E 18 17 78 28 17,speed=0.00
1779698515.418,0x200,8,7B 64 AA BC B6 1E CC FD,fuel=100.00
1779698515.518,0x300,8,02 5D E2 E0 D3 01 35 CF,temp=42.00
1779698515.632,0x100,8,00 B7 51 96 05 DD CC AF,speed=0.00
1779698515.720,0x200,8,94 64 65 E5 79 C1 74 E6,fuel=100.00
1779698515.788,0x300,8,02 6A 91 8C 77 82 D6 CB,temp=42.00
1779698515.859,0x100,8,00 F3 93 2E 30 86 15 4F,speed=0.00
1779698515.972,0x200,8,9F 64 41 1A 63 8F BE 36,fuel=100.00
1779698516.048,0x300,8,02 98 4A A4 B7 26 DB D2,temp=42.00
1779698516.179,0x100,8,00 C3 6A 71 15 5F 9C 08,speed=0.00
1779698516.235,0x200,8,F2 64 14 F9 BD 28 8F A9,fuel=100.00
1779698516.383,0x300,8,02 0F 2A E4 85 39 6C E3,temp=42.00
1779698516.437,0x100,8,00 91 3B 3C 35 E6 E8 44,speed=0.00
1779698516.555,0x200,8,DB 64 6C A0 A7 E4 1F 18,fuel=100.00
1779698516.652,0x300,8,02 2C 00 7E 34 B4 CE A3,temp=42.00
1779698516.750,0x100,8,00 29 81 4C 23 79 54 30,speed=0.00
1779698516.803,0x200,8,1F 64 AB 4F 8D C0 D2 4E,fuel=100.00
1779698516.907,0x300,8,02 6A 15 42 E5 22 6A 3E,temp=42.00
1779698516.997,0x100,8,00 85 3B A4 7B 6F 34 01,speed=0.00
1779698517.101,0x200,8,8A 64 30 36 06 0E 80 F2,fuel=100.00
1779698517.193,0x300,8,02 2B 1C CA 74 BE E4 D8,temp=42.00
1779698517.318,0x100,8,00 67 CB 73 86 35 B6 7C,speed=0.00
1779698517.383,0x200,8,B1 64 DB 26 F1 E9 FC CF,fuel=100.00
1779698517.512,0x300,8,02 EE BF 40 E4 64 C5 67,temp=42.00
1779698517.563,0x100,8,00 7D 6C 12 BD 95 AA 3C,speed=0.00
1779698517.681,0x200,8,3A 64 51 3C B3 7C E4 CF,fuel=100.00
1779698517.752,0x300,8,02 DB 9D 4D 54 BE 62 33,temp=42.00
1779698517.880,0x100,8,00 B8 91 13 3E 58 D6 97,speed=0.00
1779698517.953,0x200,8,F7 64 43 C6 B0 D9 4D 3B,fuel=100.00
1779698518.098,0x300,8,02 E3 F9 AB 30 00 00 CB,temp=42.00
1779698518.152,0x100,8,00 53 49 8D E6 00 41 12,speed=0.00
1779698518.228,0x200,8,2B 64 E0 34 60 5A F7 A8,fuel=100.00
1779698518.314,0x300,8,02 4A AE BF 26 4A C5 9D,temp=42.00
1779698518.469,0x100,8,00 AD D7 B0 7F E2 A9 B6,speed=0.00
1779698518.525,0x200,8,C5 64 FB 35 C0 0C 04 F7,fuel=100.00
1779698518.613,0x300,8,02 80 89 FC 78 30 50 4B,temp=42.00
1779698518.762,0x100,8,00 61 D5 9F C2 76 C8 61,speed=0.00
1779698518.827,0x200,8,2B 64 43 04 63 FC B2 79,fuel=100.00
1779698518.885,0x300,8,02 89 3A 9A F8 C5 86 09,temp=42.00
1779698519.003,0x100,8,00 7C 4C 8A 30 5D C5 4A,speed=0.00
1779698519.122,0x200,8,86 64 A2 1B 16 58 E3 6E,fuel=100.00
1779698519.165,0x300,8,02 1D 3A A4 17 CC 53 ED,temp=42.00
1779698519.272,0x100,8,00 8D 58 2C F1 B4 93 C2,speed=0.00
1779698519.372,0x200,8,29 64 32 32 F4 29 91 05,fuel=100.00
1779698519.610,0x300,8,02 F0 A3 1B B0 E4 B3 01,temp=42.00
1779698519.659,0x100,8,00 10 6A 67 1B 03 5E F9,speed=0.00
1779698519.768,0x200,8,51 64 43 E4 3F 8E B8 A5,fuel=100.00
1779698519.835,0x300,8,02 C5 50 4C 1C 09 34 DD,temp=42.00
1779698519.956,0x100,8,00 2B ED 8F 94 89 95 3E,speed=0.00
1779698520.017,0x200,8,09 64 41 50 E4 C8 48 4E,fuel=100.00
1779698520.138,0x300,8,02 03 A1 42 79 E9 EB 7B,temp=42.00
1779698520.222,0x100,8,00 4A 90 AB 9E 54 84 7F,speed=0.00
1779698520.332,0x200,8,32 64 A0 14 A0 0D 3C 60,fuel=100.00
1779698520.396,0x300,8,02 64 F4 3B 76 F0 4D B1,temp=42.00
1779698520.555,0x100,8,00 4E FA 7C 19 72 43 B4,speed=0.00
1779698520.637,0x200,8,42 64 62 53 72 04 58 F9,fuel=100.00
1779698520.721,0x300,8,02 EE D1 DF 55 5A B0 93,temp=42.00
1779698520.801,0x100,8,00 ED 6C E0 34 FB 17 4D,speed=0.00
1779698520.880,0x200,8,3E 64 D9 3E 15 77 E7 78,fuel=100.00
1779698520.978,0x300,8,02 F4 35 1E 83 99 82 31,temp=42.00
1779698521.345,0x100,8,00 81 0D 67 DE CD D4 E8,speed=0.00
1779698521.434,0x200,8,FF 64 49 4D CD DC 72 F9,fuel=100.00
1779698521.512,0x300,8,02 B6 17 D9 30 A2 5B 2B,temp=42.00
1779698521.619,0x100,8,00 85 27 DD 06 B6 B4 09,speed=0.00
1779698521.796,0x200,8,E4 64 B0 1C 64 7B 96 56,fuel=100.00
1779698521.904,0x300,8,02 AE 00 CC 2C 4F 02 88,temp=42.00
1779698522.004,0x100,8,00 02 80 01 92 9B 25 46,speed=0.00
1779698522.082,0x200,8,E2 64 C0 F9 36 2C 9D B4,fuel=100.00
1779698522.177,0x300,8,02 A6 06 F4 B1 2A 0B 04,temp=42.00
1779698522.279,0x100,8,00 6C 1E 5F C3 F8 64 CE,speed=0.00
1779698522.386,0x200,8,16 64 9D 37 EA 0A 1B 62,fuel=100.00
1779698522.536,0x300,8,02 7E EB 55 4B A3 8A C5,temp=42.00
1779698522.680,0x100,8,00 4F F3 43 9E 9E 66 1B,speed=0.00
1779698522.797,0x200,8,AC 64 2F 48 D0 2E 51 BC,fuel=100.00
1779698523.480,0x300,8,02 9B 1C B5 4D 2C B6 9E,temp=42.00
1779698523.538,0x100,8,00 07 62 E7 6C 8C B7 35,speed=0.00
1779698523.594,0x200,8,BA 64 C7 BF EF AF 18 4E,fuel=100.00
1779698523.848,0x300,8,02 CE 75 C1 EC 56 E7 E1,temp=42.00
1779698523.883,0x100,8,00 4A 38 32 48 58 AB 9F,speed=0.00
1779698523.954,0x200,8,A8 64 3A 14 73 F3 B6 4B,fuel=100.00
1779698524.039,0x300,8,02 66 F8 7C 3B BF F3 56,temp=42.00
1779698524.176,0x100,8,00 96 99 BE FD 31 4B AF,speed=0.00
1779698524.280,0x200,8,A0 64 55 DF 0E 9F D6 A3,fuel=100.00
1779698524.345,0x300,8,02 58 4C E3 55 A9 20 7F,temp=42.00
1779698524.434,0x100,8,00 89 6B 19 E3 7B 18 10,speed=0.00
1779698524.554,0x200,8,C6 64 30 62 F0 16 07 5D,fuel=100.00
1779698524.633,0x300,8,02 CA 26 7F 86 B0 28 C8,temp=42.00
1779698524.711,0x100,8,00 95 E8 F2 E6 F3 6C 6C,speed=0.00
1779698524.829,0x200,8,B4 64 0F 69 C9 A6 2F 9B,fuel=100.00
1779698524.895,0x300,8,02 F9 82 FB FD CD BF 4B,temp=42.00
1779698524.989,0x100,8,00 74 06 8F C5 F5 34 D0,speed=0.00
1779698525.102,0x200,8,DC 64 75 FA 3B 37 48 AC,fuel=100.00
1779698525.188,0x300,8,02 4B 0A D2 87 1B 14 34,temp=42.00
1779698525.646,0x100,8,00 B4 A3 25 55 5C D7 A7,speed=0.00
1779698525.752,0x200,8,4A 64 AE 94 6D 00 89 27,fuel=100.00
1779698525.839,0x300,8,02 CF FD 59 EF BB 17 39,temp=42.00
1779698525.937,0x100,8,00 73 1D D8 97 EA 4B 78,speed=0.00
1779698526.071,0x200,8,CF 64 03 FE 92 69 F6 F6,fuel=100.00
1779698526.219,0x300,8,02 09 3C 1B 3A 8C 70 D4,temp=42.00
1779698526.304,0x100,8,00 09 A0 63 54 70 0D 35,speed=0.00
1779698526.395,0x200,8,37 64 72 85 D4 33 AB 02,fuel=100.00
1779698526.496,0x300,8,02 30 D5 6D 3C 5A 84 33,temp=42.00
1779698526.584,0x100,8,00 46 50 03 F6 9F 40 5C,speed=0.00
1779698526.727,0x200,8,B7 64 07 D7 A1 37 10 65,fuel=100.00
1779698526.797,0x300,8,02 CD EB 37 72 EA 41 0C,temp=42.00
1779698526.870,0x100,8,00 E2 90 08 70 92 F8 5D,speed=0.00
1779698526.962,0x200,8,71 64 0B 8B 4A 79 CA EC,fuel=100.00
1779698527.215,0x300,8,02 B8 AF 41 11 6D 1D 72,temp=42.00
1779698527.242,0x100,8,00 2C C0 EE DD 09 DF 07,speed=0.00
1779698527.438,0x200,8,0B 64 8F 00 11 C3 78 7E,fuel=100.00
1779698527.518,0x300,8,02 68 D0 39 CE 58 BB C8,temp=42.00
1779698527.653,0x100,8,00 F6 3E 63 0A 56 1A EF,speed=0.00
1779698527.717,0x200,8,BB 64 A8 B7 F7 D1 47 23,fuel=100.00
1779698527.820,0x300,8,02 16 AB 91 BA 5E 0C D4,temp=42.00
1779698527.903,0x100,8,00 3C 74 ED 69 AB 1D 21,speed=0.00
1779698529.147,0x200,8,1C 64 3A 85 C2 BD 0B BA,fuel=100.00
1779698529.329,0x300,8,02 B9 66 11 21 3A 19 94,temp=42.00
1779698529.480,0x100,8,00 CB ED 00 8E A8 E7 90,speed=0.00
1779698529.668,0x200,8,D9 64 59 73 EB ED 3A 47,fuel=100.00
1779698530.486,0x300,8,02 DA 24 04 B8 7F DC D3,temp=42.00
1779698530.549,0x100,8,00 E5 FC D9 82 72 2C 6F,speed=0.00
1779698530.653,0x200,8,E5 64 0E 3E 5A A7 E3 C5,fuel=100.00
1779698530.736,0x300,8,02 5A D8 5B DE 88 04 4C,temp=42.00
1779698530.879,0x100,8,00 37 C4 94 41 55 CA CB,speed=0.00
1779698530.954,0x200,8,E0 64 BE D1 F2 5E 7E 7C,fuel=100.00
1779698531.033,0x300,8,02 B7 45 8A D1 19 ED 2D,temp=42.00
1779698531.135,0x100,8,00 2E 54 EF 1C 18 C9 22,speed=0.00
1779698531.535,0x200,8,7A 64 B5 1F 61 54 E4 E9,fuel=100.00
1779698531.599,0x300,8,02 51 34 14 FE 8F 1B F8,temp=42.00
1779698531.696,0x100,8,00 3E 07 52 80 40 48 2A,speed=0.00
1779698531.788,0x200,8,9E 64 19 AC A6 39 F0 B2,fuel=100.00
1779698531.903,0x300,8,02 9C 57 38 5D 3A A9 EF,temp=42.00
1779698532.479,0x100,8,00 F5 E1 63 9F 47 08 2C,speed=0.00
1779698532.967,0x200,8,70 64 BF F6 BE C8 F5 B1,fuel=100.00
1779698533.048,0x300,8,02 AA 15 B1 37 A6 A0 00,temp=42.00
1779698533.110,0x100,8,00 E6 D3 46 FB 7D 54 F5,speed=0.00
1779698533.195,0x200,8,E3 64 5B 8D 85 D7 94 47,fuel=100.00
1779698533.899,0x300,8,02 0E 11 6D BC 84 67 CD,temp=42.00
1779698533.989,0x100,8,00 88 CA 4F E6 F5 61 FA,speed=0.00
1779698534.127,0x200,8,2C 64 FB 51 5D 0D D2 E6,fuel=100.00
1779698534.267,0x300,8,02 D8 F3 13 FC 32 C9 17,temp=42.00
1779698534.337,0x100,8,00 64 E0 12 CF 54 7F F8,speed=0.00
1779698534.466,0x200,8,EF 64 CD B6 9C 88 CA EE,fuel=100.00
1779698535.146,0x300,8,02 B1 52 D5 0A 13 E0 AA,temp=42.00
1779698535.263,0x100,8,00 5E D0 DA 00 8B 4A 22,speed=0.00
1779698535.465,0x200,8,A1 64 1D B1 56 B7 7E 25,fuel=100.00
1779698535.536,0x300,8,02 04 61 B7 83 D0 D5 77,temp=42.00
1779698535.634,0x100,8,00 4D 19 61 E6 17 73 0B,speed=0.00
1779698535.728,0x200,8,62 64 62 08 1D 92 F7 BB,fuel=100.00
1779698535.815,0x300,8,02 B9 30 FA 45 43 B7 F3,temp=42.00
1779698535.918,0x100,8,00 77 1C 4A F3 6B B3 4E,speed=0.00
1779698536.084,0x200,8,EA 64 CD 29 16 21 11 5A,fuel=100.00
1779698536.388,0x300,8,02 00 FF 13 96 CF 45 76,temp=42.00
1779698536.499,0x100,8,00 C6 F6 BC C7 C1 46 C1,speed=0.00
1779698536.619,0x200,8,60 64 E8 59 64 9C 0A 8F,fuel=100.00
1779698536.734,0x300,8,02 51 98 8B D5 BA 12 78,temp=42.00
1779698536.786,0x100,8,00 0C 15 9E 02 EC 78 65,speed=0.00
1779698536.890,0x200,8,AE 64 C2 B4 A2 C8 E1 01,fuel=100.00
1779698537.014,0x300,8,02 C0 7C 40 03 91 EF 1B,temp=42.00
1779698537.472,0x100,8,00 11 AB C1 81 9E 39 E6,speed=0.00
1779698538.246,0x200,8,5E 64 2B 09 39 AD 53 F8,fuel=100.00
1779698538.301,0x300,8,02 6D F2 2B C9 B3 49 29,temp=42.00
1779698538.387,0x100,8,00 C4 BE 57 E5 D6 BA 7D,speed=0.00
1779698538.452,0x200,8,81 64 52 32 48 40 F0 61,fuel=100.00
1779698538.685,0x300,8,02 8A 09 F4 28 5E 7D 9E,temp=42.00
1779698538.766,0x100,8,00 05 FA C0 A3 FE 3B 99,speed=0.00
1779698538.828,0x200,8,73 64 94 B0 7E B5 C1 9B,fuel=100.00
1779698538.978,0x300,8,02 DC FC 74 22 C7 7F 29,temp=42.00
1779698539.450,0x100,8,00 18 C1 58 98 C2 F3 0E,speed=0.00
1779698539.499,0x200,8,96 64 82 C1 9C 54 8C 8F,fuel=100.00
1779698539.596,0x300,8,02 5A 8A 42 61 8B 62 E9,temp=42.00
1779698539.715,0x100,8,00 0B 25 E8 78 CB 9B 0D,speed=0.00
1779698539.770,0x200,8,F7 64 EB A7 E0 F6 06 DD,fuel=100.00
1779698539.936,0x300,8,02 F9 17 89 BD 8C 16 38,temp=42.00
1779698540.200,0x100,8,00 95 6C D6 E5 A8 B2 B6,speed=0.00
1779698540.366,0x200,8,26 64 BB 91 46 62 C1 DF,fuel=100.00
1779698540.432,0x300,8,02 09 16 70 F3 B9 E0 35,temp=42.00
1779698540.554,0x100,8,00 9E 79 2F D0 DE 89 27,speed=0.00
1779698540.663,0x200,8,5B 64 BE CA DE 37 A1 AB,fuel=100.00
1779698540.836,0x300,8,02 3E FB D4 55 87 C4 93,temp=42.00
1779698540.952,0x100,8,00 AC 84 56 84 10 91 42,speed=0.00
1779698541.044,0x200,8,C7 64 21 90 30 D6 98 7C,fuel=100.00
1779698541.112,0x300,8,02 73 F3 80 B6 64 03 B2,temp=42.00
1779698541.200,0x100,8,00 EE AF F6 51 9D E6 BD,speed=0.00
1779698541.350,0x200,8,A8 64 15 64 7D 70 41 3B,fuel=100.00
1779698541.396,0x300,8,02 D5 C8 E0 CF 4F FD F4,temp=42.00
1779698541.504,0x100,8,00 FA 33 B6 2C 9C AD 85,speed=0.00
1779698541.576,0x200,8,10 64 23 90 1E BA 4B 3F,fuel=100.00
1779698541.667,0x300,8,02 B2 04 60 8A D9 E7 32,temp=42.00
1779698541.809,0x100,8,00 7B 6C 9D 2F D7 5B C5,speed=0.00
1779698541.903,0x200,8,BE 64 D8 6E 3A 19 0C 19,fuel=100.00
1779698541.987,0x300,8,02 6A 01 9D 8B B6 EA 07,temp=42.00
1779698542.067,0x100,8,00 5C 39 20 56 46 4E 91,speed=0.00
1779698542.162,0x200,8,87 64 F2 CF 24 11 36 17,fuel=100.00
1779698542.263,0x300,8,02 09 6A 99 78 A4 A9 C7,temp=42.00
1779698542.390,0x100,8,00 63 C5 23 1D C7 75 8D,speed=0.00
1779698542.496,0x200,8,57 64 AB A8 42 27 E8 E3,fuel=100.00
1779698542.615,0x300,8,02 0D 56 14 EF C7 11 03,temp=42.00
1779698542.731,0x100,8,00 F1 02 8F 73 A7 5E A4,speed=0.00
1779698542.819,0x200,8,08 64 6F 5E CC 79 6E 10,fuel=100.00
1779698542.920,0x300,8,02 8C 52 49 E5 41 6F 7B,temp=42.00
1779698543.002,0x100,8,00 0D D7 BF 94 DD 64 96,speed=0.00
1779698543.087,0x200,8,A8 64 8C EB A4 6F 2B A9,fuel=100.00
1779698543.183,0x300,8,02 E8 68 EB BC 35 54 B3,temp=42.00
1779698543.320,0x100,8,00 A0 4B 1D 0D 77 A2 2B,speed=0.00
1779698543.376,0x200,8,85 64 FF CB 75 6E B1 45,fuel=100.00
1779698543.461,0x300,8,02 27 24 21 D5 4D 2B 35,temp=42.00
1779698543.647,0x100,8,00 CD 67 A3 19 77 9B B1,speed=0.00
1779698543.766,0x200,8,6C 64 1C 89 6A 6C 19 5C,fuel=100.00
1779698543.831,0x300,8,02 30 2A 6A 1B 2D E9 EA,temp=42.00
1779698543.952,0x100,8,00 EC A1 40 E9 F0 D6 B0,speed=0.00
1779698544.016,0x200,8,D6 64 5A 37 3C 13 0D 0A,fuel=100.00
1779698544.117,0x300,8,02 CE 00 26 5E 69 55 23,temp=42.00
1779698544.207,0x100,8,00 53 CE C9 5A F8 7E C0,speed=0.00
1779698544.309,0x200,8,01 64 9E 09 67 1A D2 3F,fuel=100.00
1779698544.401,0x300,8,02 CA 49 BB B4 F1 5D C3,temp=42.00
1779698544.505,0x100,8,00 2B DE 1D 9D 38 3F FB,speed=0.00
1779698544.585,0x200,8,D2 64 94 3C DA 7B 95 82,fuel=100.00
1779698544.702,0x300,8,02 8D 30 75 59 54 8F 42,temp=42.00
1779698544.812,0x100,8,00 39 E6 D1 33 F8 14 CE,speed=0.00
1779698544.872,0x200,8,89 64 F7 FC 84 E4 6A 6F,fuel=100.00
1779698544.954,0x300,8,02 AD AC 4E 2E 8B 00 63,temp=42.00
1779698545.052,0x100,8,00 E3 0D 00 E5 69 8C C2,speed=0.00
1779698545.143,0x200,8,5A 64 3C 87 F0 4E 46 54,fuel=100.00
1779698545.248,0x300,8,02 19 03 90 A0 64 79 FE,temp=42.00
1779698545.347,0x100,8,00 40 FB ED 87 01 8A 8B,speed=0.00
1779698545.453,0x200,8,44 64 10 69 EB 21 DA B1,fuel=100.00
1779698545.572,0x300,8,02 D0 C5 C2 64 65 C6 29,temp=42.00
1779698545.622,0x100,8,00 E7 E4 E3 2F 5A AA EA,speed=0.00
1779698545.735,0x200,8,B4 64 D1 8A EC 0A E6 DF,fuel=100.00
1779698545.822,0x300,8,02 31 B3 E4 6F FC 3E DA,temp=42.00
1779698545.913,0x100,8,00 CE 6C 68 EB E2 BA EC,speed=0.00
1779698546.130,0x200,8,E8 64 F7 52 AF 74 77 D6,fuel=100.00
1779698546.327,0x300,8,02 D9 0D DB 29 1E 86 C3,temp=42.00
1779698546.369,0x100,8,00 41 0E DC F0 1E E2 28,speed=0.00
1779698546.488,0x200,8,6D 64 E2 BD AF 31 CE 01,fuel=100.00
1779698546.562,0x300,8,02 12 28 50 01 B7 CA 86,temp=42.00
1779698546.683,0x100,8,00 4F B6 89 89 88 39 1A,speed=0.00
1779698546.786,0x200,8,3D 64 A6 72 09 C2 5E 96,fuel=100.00
1779698546.863,0x300,8,02 BF 48 7D E7 ED 1D 65,temp=42.00
1779698546.974,0x100,8,00 DE E6 BA 55 09 48 8D,speed=0.00
1779698547.024,0x200,8,1D 64 46 A0 AD 49 BE B1,fuel=100.00
1779698547.143,0x300,8,02 27 90 8A CE 7C 6D AA,temp=42.00
1779698547.242,0x100,8,00 D1 93 02 6C 80 77 EC,speed=0.00
1779698547.300,0x200,8,23 64 09 E5 36 1E 0F 4C,fuel=100.00
1779698547.429,0x300,8,02 2B 98 CD 28 5E E5 C5,temp=42.00
1779698547.539,0x100,8,00 84 E8 78 28 91 6B 49,speed=0.00
1779698547.601,0x200,8,6A 64 E6 16 75 B4 47 E0,fuel=100.00
1779698547.703,0x300,8,02 08 89 9F 5A 8D A2 71,temp=42.00
1779698547.814,0x100,8,00 4A 67 85 4D B2 07 51,speed=0.00
1779698547.865,0x200,8,A2 64 CF 50 DF 02 7F C0,fuel=100.00
1779698547.981,0x300,8,02 3B 5A 88 A0 1C D5 85,temp=42.00
1779698548.066,0x100,8,00 3A 26 3A 7C D8 B0 A9,speed=0.00
1779698548.153,0x200,8,59 64 F5 51 CB FE B9 43,fuel=100.00
1779698548.250,0x300,8,02 B3 D4 25 CC 69 0C 68,temp=42.00
1779698548.467,0x100,8,00 FC D4 6A FE 2A EE A8,speed=0.00
1779698548.614,0x200,8,F3 64 66 59 5C 1F 06 93,fuel=100.00
1779698548.738,0x300,8,02 3A 7F 6C A9 58 10 1D,temp=42.00
1779698548.884,0x100,8,00 F3 A9 C2 9D 80 BC 01,speed=0.00
1779698548.922,0x200,8,1F 64 BA F4 6C BF 68 82,fuel=100.00
1779698549.001,0x300,8,02 69 6D E5 B0 22 87 54,temp=42.00
1779698549.118,0x100,8,00 41 39 01 B2 92 96 E2,speed=0.00
1779698549.251,0x200,8,9D 64 2A 20 71 1A 6F D0,fuel=100.00
1779698549.352,0x300,8,02 3A CF D9 5A C1 14 F1,temp=42.00
1779698549.520,0x100,8,00 3C 5E 95 13 4D F9 8C,speed=0.00
1779698549.671,0x200,8,DE 64 4C E6 D0 09 DB 88,fuel=100.00
1779698549.804,0x300,8,02 2B E2 40 D1 49 D5 8D,temp=42.00
1779698549.838,0x100,8,00 D5 DD 05 38 98 DC 87,speed=0.00
1779698550.000,0x200,8,33 64 9E FF F8 20 13 A2,fuel=100.00
1779698550.267,0x300,8,02 75 B7 0D D0 2D 3B A0,temp=42.00
1779698550.439,0x100,8,00 EF E1 CC 96 CD EC 5C,speed=0.00
1779698550.539,0x200,8,56 64 37 A0 8B 58 07 58,fuel=100.00
1779698550.602,0x300,8,02 1A FE 0F C2 96 BF 6D,temp=42.00
1779698550.733,0x100,8,00 B8 10 0E 05 D7 13 CE,speed=0.00
1779698550.798,0x200,8,D9 64 A2 42 7E 60 55 36,fuel=100.00
1779698551.170,0x300,8,02 C2 26 B2 70 16 B0 EF,temp=42.00
1779698551.421,0x100,8,00 87 99 88 30 41 EA CF,speed=0.00
1779698551.586,0x200,8,CD 64 61 13 7A 5F A9 FF,fuel=100.00
1779698551.650,0x300,8,02 12 37 E1 79 B3 98 E6,temp=42.00
1779698551.763,0x100,8,00 64 10 66 FD E0 FC C9,speed=0.00
1779698551.854,0x200,8,E1 64 4B 22 3A 99 09 F3,fuel=100.00
1779698551.886,0x300,8,02 39 3B EB 85 6A A4 C6,temp=42.00
1779698552.053,0x100,8,00 09 81 51 5A 82 BD ED,speed=0.00
1779698552.303,0x200,8,6A 64 0D AE 5D 14 D0 B9,fuel=100.00
1779698552.829,0x300,8,02 51 56 0E 95 ED 41 E5,temp=42.00
1779698552.938,0x100,8,00 89 A1 1C 6D B2 F7 72,speed=0.00
1779698553.097,0x200,8,5B 64 19 23 41 1D EF 66,fuel=100.00
1779698553.303,0x300,8,02 0B C5 8F 35 B3 F5 EF,temp=42.00
1779698553.394,0x100,8,00 5A B8 F9 65 01 99 F5,speed=0.00
1779698553.519,0x200,8,38 64 26 72 52 84 EA 7F,fuel=100.00
1779698553.647,0x300,8,02 2F 67 F4 95 7E 7E 5F,temp=42.00
1779698553.704,0x100,8,00 B5 A0 32 93 4E 1F B0,speed=0.00
1779698553.779,0x200,8,CC 64 0A 0B 4A D0 0A 5D,fuel=100.00
1779698553.865,0x300,8,02 3D AC F9 33 82 EA EB,temp=42.00
1779698553.982,0x100,8,00 C9 06 C3 BB C1 88 F6,speed=0.00
1779698554.055,0x200,8,B4 64 43 0B DC 3A D0 DE,fuel=100.00
1779698554.166,0x300,8,02 2D C8 11 03 CD E2 BB,temp=42.00
1779698554.237,0x100,8,00 A2 C3 85 0A 11 C7 08,speed=0.00
1779698554.370,0x200,8,BA 64 F2 A9 E2 90 60 77,fuel=100.00
1779698554.434,0x300,8,02 8F 98 E7 54 EA D3 A7,temp=42.00
1779698554.522,0x100,8,00 E2 05 C2 61 68 FA 0D,speed=0.00
1779698554.665,0x200,8,F7 64 82 8C 9C 9F DB B9,fuel=100.00
1779698554.738,0x300,8,02 EC D2 54 1F 00 4A 34,temp=42.00
1779698554.836,0x100,8,00 D3 81 C5 E7 32 E9 B0,speed=0.00
1779698554.904,0x200,8,0D 64 42 72 E3 CD A1 09,fuel=100.00
1779698555.004,0x300,8,02 B1 0B 00 F8 D3 51 01,temp=42.00
1779698555.083,0x100,8,00 AE 71 79 C9 9A 7B 17,speed=0.00
1779698555.176,0x200,8,9D 64 21 D7 70 9B 57 48,fuel=100.00
1779698555.262,0x300,8,02 1B DB 95 D2 DA BA D3,temp=42.00
1779698555.359,0x100,8,00 92 3B 4E 4B 33 1A B8,speed=0.00
1779698555.453,0x200,8,D8 64 62 D4 0C 83 BD FF,fuel=100.00
1779698555.550,0x300,8,02 68 B8 3A C1 7E DC A2,temp=42.00
1779698555.637,0x100,8,00 C4 25 6A 20 02 E4 19,speed=0.00
1779698555.734,0x200,8,EE 64 A9 27 5E 23 BA 9B,fuel=100.00
1779698555.828,0x300,8,02 11 6E 33 2B B9 97 A0,temp=42.00
1779698555.930,0x100,8,00 AE 3B A2 C9 E8 16 77,speed=0.00
1779698556.023,0x200,8,30 64 21 36 14 8B 1C 52,fuel=100.00
1779698556.115,0x300,8,02 9D 81 59 EE B4 03 24,temp=42.00
1779698556.204,0x100,8,00 89 29 FC 8A 9F 7F 95,speed=0.00
1779698556.304,0x200,8,D2 64 43 8F D8 11 ED 10,fuel=100.00
1779698556.396,0x300,8,02 51 8F 47 DE 4D BF 98,temp=42.00
1779698556.492,0x100,8,00 71 75 49 B5 27 9F BE,speed=0.00
1779698556.593,0x200,8,19 64 7E 41 B0 DE BB EB,fuel=100.00
1779698556.668,0x300,8,02 96 BA 0A 34 2B 5D 73,temp=42.00
1779698556.767,0x100,8,00 38 41 16 D1 8D 64 29,speed=0.00
1779698556.865,0x200,8,45 64 3B AE 17 CD 04 CE,fuel=100.00
1779698556.962,0x300,8,02 D2 52 12 C8 84 13 3A,temp=42.00
1779698557.084,0x100,8,00 1F 8A 1D 49 39 31 CB,speed=0.00
1779698557.210,0x200,8,4A 64 78 B7 13 AA 6F 33,fuel=100.00
1779698557.284,0x300,8,02 42 4E 01 1E F4 C3 57,temp=42.00
1779698557.336,0x100,8,00 C4 58 3B 91 2E A5 C6,speed=0.00
1779698557.415,0x200,8,CB 64 C7 BE 39 30 8F 4D,fuel=100.00
1779698557.628,0x300,8,02 94 66 91 CC 51 05 0B,temp=42.00
1779698557.705,0x100,8,00 C9 DB 45 0E 8F 40 9F,speed=0.00
1779698557.889,0x200,8,B6 64 24 57 B0 4A 50 1C,fuel=100.00
1779698558.319,0x300,8,02 38 D9 60 66 06 05 65,temp=42.00
1779698558.467,0x100,8,00 95 BB 22 CA 86 3F 3A,speed=0.00
1779698558.922,0x200,8,25 64 B0 EA A4 2C BC 9E,fuel=100.00
1779698559.063,0x300,8,02 5F 73 2E E7 B2 B5 63,temp=42.00
1779698559.364,0x100,8,00 F2 0E A9 5A 55 03 A9,speed=0.00
1779698559.514,0x200,8,CD 64 E1 72 44 5C 10 2B,fuel=100.00
1779698559.683,0x300,8,02 2A F6 8B 01 F5 EC 68,temp=42.00
1779698560.433,0x100,8,00 C8 FF 33 FE 7B CF C6,speed=0.00
1779698560.798,0x200,8,99 64 9F 9F D2 3D 80 2D,fuel=100.00
1779698560.829,0x300,8,02 A4 F5 E1 FE 41 8E 8A,temp=42.00
1779698560.910,0x100,8,00 13 31 61 84 C5 C2 46,speed=0.00
1779698560.981,0x200,8,D0 64 9D FB 28 B0 F6 FE,fuel=100.00
1779698561.095,0x300,8,02 A5 36 45 38 10 D3 14,temp=42.00
1779698561.176,0x100,8,00 14 BE 66 7F D6 31 A3,speed=0.00
1779698561.286,0x200,8,E9 64 95 F1 32 0E CB B0,fuel=100.00
1779698561.902,0x300,8,02 84 3D 88 DB 97 D6 18,temp=42.00
1779698562.081,0x100,8,00 56 59 06 C2 F3 3E BE,speed=0.00
1779698562.248,0x200,8,9D 64 06 B2 8E BE 10 AD,fuel=100.00
1779698562.305,0x300,8,02 8E EA 07 C4 CA FD FB,temp=42.00
1779698562.386,0x100,8,00 BB 7B 77 72 D5 71 75,speed=0.00
1779698562.486,0x200,8,C5 64 54 CD 0E 1D 48 F6,fuel=100.00
1779698562.593,0x300,8,02 57 5E 1F 61 77 16 FC,temp=42.00
1779698562.666,0x100,8,00 55 23 BD E6 47 45 CC,speed=0.00
1779698562.776,0x200,8,3B 64 A5 EF C8 6A 76 8F,fuel=100.00
1779698562.866,0x300,8,02 30 D9 28 E5 ED CF 5B,temp=42.00
1779698562.957,0x100,8,00 DF 66 A9 72 C4 F4 F0,speed=0.00
1779698563.048,0x200,8,E0 64 4D E2 44 B7 A3 EE,fuel=100.00
1779698563.174,0x300,8,02 21 53 DB 33 F1 DC 1F,temp=42.00
1779698563.238,0x100,8,00 8E 17 99 6C 16 52 EF,speed=0.00
1779698563.546,0x200,8,D2 64 F1 A1 20 2C 5F 7A,fuel=100.00
1779698563.837,0x300,8,02 DC E1 C0 E5 0B 76 DD,temp=42.00
1779698563.891,0x100,8,00 71 ED E3 86 70 E4 48,speed=0.00
1779698563.987,0x200,8,F6 64 6E 17 B9 88 FB 1D,fuel=100.00
1779698564.143,0x300,8,02 E4 7E 1A 72 66 C7 E1,temp=42.00
1779698564.295,0x100,8,00 FE 58 09 75 86 B8 82,speed=0.00
1779698564.542,0x200,8,10 64 BE 87 1B 94 03 6C,fuel=100.00
1779698564.860,0x300,8,02 85 CF CA 04 33 99 7D,temp=42.00
1779698564.918,0x100,8,00 E0 52 A2 4E 5C CA 53,speed=0.00
1779698565.029,0x200,8,C5 64 BC 3B C0 58 1D EA,fuel=100.00
1779698565.114,0x300,8,02 F1 75 91 F4 F6 F1 82,temp=42.00
1779698565.209,0x100,8,00 8E F2 67 39 84 57 26,speed=0.00
1779698565.291,0x200,8,ED 64 A0 00 83 8F D6 92,fuel=100.00
1779698565.422,0x300,8,02 0A 57 C1 26 66 97 3C,temp=42.00
1779698565.501,0x100,8,00 38 14 11 33 01 70 BF,speed=0.00
1779698565.599,0x200,8,EA 64 8A 43 24 F9 CE 27,fuel=100.00
1779698565.677,0x300,8,02 43 7A 6A 65 13 CF 56,temp=42.00
1779698565.789,0x100,8,00 B6 AD 1C FC 32 A1 B6,speed=0.00
1779698565.860,0x200,8,CF 64 98 A7 1A 3B 7D 0A,fuel=100.00
1779698565.965,0x300,8,02 B0 86 BC 07 42 3C EB,temp=42.00
1779698566.066,0x100,8,00 1F B2 BE 04 43 93 F3,speed=0.00
1779698566.144,0x200,8,52 64 FA 01 95 47 A0 E6,fuel=100.00
1779698566.247,0x300,8,02 5C D6 94 31 C1 9B B9,temp=42.00
1779698566.381,0x100,8,00 F6 83 F6 31 29 83 E3,speed=0.00
1779698566.427,0x200,8,5C 64 41 A8 FF 73 D2 77,fuel=100.00
1779698566.534,0x300,8,02 CF 21 DC D6 B4 27 60,temp=42.00
1779698566.672,0x100,8,00 21 F4 EB D4 56 61 20,speed=0.00
1779698566.732,0x200,8,9C 64 9C BE 20 9F 67 60,fuel=100.00
1779698566.853,0x300,8,02 70 47 51 1B 07 F9 23,temp=42.00
1779698566.934,0x100,8,00 AB DB FB 3E 93 EA B1,speed=0.00
1779698567.113,0x200,8,8E 64 3F 68 50 50 38 CA,fuel=100.00
1779698567.187,0x300,8,02 B5 B8 73 95 D3 25 F3,temp=42.00
1779698567.283,0x100,8,00 50 3C A1 F7 33 8C 82,speed=0.00
1779698567.355,0x200,8,58 64 D8 F0 BB 7D D8 85,fuel=100.00
1779698567.457,0x300,8,02 FC B4 8F C7 1D 71 D1,temp=42.00
1779698567.543,0x100,8,00 6A DB 48 BB 03 6A BA,speed=0.00
1779698567.643,0x200,8,41 64 1F 4D 27 A6 73 F9,fuel=100.00
1779698567.742,0x300,8,02 AA AA 6C DE 1B 56 95,temp=42.00
1779698567.829,0x100,8,00 E5 B2 5F 8D C7 27 44,speed=0.00
1779698567.924,0x200,8,0D 64 88 39 3F 6F 14 A5,fuel=100.00
1779698568.033,0x300,8,02 AB 40 48 20 6A C8 7C,temp=42.00
1779698568.111,0x100,8,00 82 1E 04 CA 92 E3 F1,speed=0.00
1779698568.235,0x200,8,A6 64 EA 18 5F 10 F6 6D,fuel=100.00
1779698568.301,0x300,8,02 F5 AD 5D 03 D4 E5 9A,temp=42.00
1779698568.395,0x100,8,00 C4 F1 B1 77 DB B6 41,speed=0.00
1779698568.493,0x200,8,F7 64 A8 1E C9 48 D5 81,fuel=100.00
1779698568.583,0x300,8,02 48 34 6A 8A BD 62 86,temp=42.00
1779698568.678,0x100,8,00 FC 46 8A B0 FE 2A 7E,speed=0.00
1779698568.767,0x200,8,A2 64 28 C0 DD 4C 84 80,fuel=100.00
1779698568.915,0x300,8,02 98 A7 81 1C 89 4E 5B,temp=42.00
1779698569.018,0x100,8,00 4A C2 34 42 C7 58 2B,speed=0.00
1779698569.415,0x200,8,1F 64 CD 28 53 C5 A7 40,fuel=100.00
1779698569.619,0x300,8,02 2E E7 FA AC 2D 89 CF,temp=42.00
1779698569.667,0x100,8,00 28 86 12 C5 0B AE E3,speed=0.00
1779698569.886,0x200,8,91 64 18 24 80 47 38 07,fuel=100.00
1779698569.915,0x300,8,02 BD A5 55 7B 13 13 89,temp=42.00
1779698570.037,0x100,8,00 86 32 E3 1C BB FD 7C,speed=0.00
1779698570.110,0x200,8,8D 64 50 01 EA 07 B1 53,fuel=100.00
1779698570.194,0x300,8,02 73 24 D7 F4 C8 10 9C,temp=42.00
1779698570.295,0x100,8,00 46 56 ED C0 69 86 91,speed=0.00
1779698570.377,0x200,8,70 64 AA A6 47 41 A7 9D,fuel=100.00
1779698570.495,0x300,8,02 97 67 0B 67 91 17 64,temp=42.00
1779698570.589,0x100,8,00 63 9A AA 54 83 DC 10,speed=0.00
1779698570.680,0x200,8,E3 64 F7 3D 02 E7 79 03,fuel=100.00
1779698570.787,0x300,8,02 11 62 DF 69 45 43 06,temp=42.00
1779698570.852,0x100,8,00 DE 57 B8 07 50 65 08,speed=0.00
1779698570.952,0x200,8,97 64 88 EC 85 F7 31 BA,fuel=100.00
1779698571.089,0x300,8,02 A1 04 FF 25 93 A5 64,temp=42.00
1779698571.211,0x100,8,00 3D BE 5B FE 26 96 89,speed=0.00
1779698571.268,0x200,8,A4 64 75 8C 36 AC E2 06,fuel=100.00
1779698571.313,0x300,8,02 17 38 FF DF 54 76 A2,temp=42.00
1779698571.423,0x100,8,00 86 FB 51 BA DE E4 35,speed=0.00
1779698571.519,0x200,8,41 64 41 7D A2 60 01 C5,fuel=100.00
1779698571.599,0x300,8,02 5E 78 8C 7A A4 7B 46,temp=42.00
1779698571.690,0x100,8,00 10 04 EC C3 04 2E CF,speed=0.00
1779698571.868,0x200,8,AD 64 41 9B 2B DF B3 A6,fuel=100.00
1779698571.890,0x300,8,02 03 55 9B 84 83 DB E4,temp=42.00
1779698571.992,0x100,8,00 31 7B E9 27 F0 F5 8D,speed=0.00
1779698572.104,0x200,8,01 64 1A 2C 0F D6 76 93,fuel=100.00
1779698572.188,0x300,8,02 D7 61 EE E1 0B A5 C8,temp=42.00
1779698572.276,0x100,8,00 A1 CF 13 50 D9 07 C4,speed=0.00
1779698572.367,0x200,8,6F 64 2A 4E 52 ED 66 AD,fuel=100.00
1779698572.450,0x300,8,02 D1 0E 15 37 76 9A AE,temp=42.00
1779698572.571,0x100,8,00 9B C6 E0 C6 31 C5 C4,speed=0.00
1779698572.645,0x200,8,A3 64 1B 52 45 71 AF 43,fuel=100.00
1779698572.748,0x300,8,02 31 82 23 6E 1F BE 14,temp=42.00
1779698572.812,0x100,8,00 6C 2F A6 A0 A8 70 2F,speed=0.00
1779698572.935,0x200,8,D2 64 5F 1E F5 3E 93 C5,fuel=100.00
1779698573.003,0x300,8,02 C4 99 75 C3 FE 43 4C,temp=42.00
1779698573.184,0x100,8,00 98 C2 68 B6 AF BE 4D,speed=0.00
1779698573.269,0x200,8,D0 64 12 DE 71 B0 F4 C9,fuel=100.00
1779698573.367,0x300,8,02 8E 56 C3 4A C0 F7 2D,temp=42.00
1779698573.418,0x100,8,00 92 FE 87 E9 E4 F0 9B,speed=0.00
1779698573.502,0x200,8,A3 64 EF 53 BD 67 33 61,fuel=100.00
1779698573.565,0x300,8,02 1B 0C F8 78 44 5D 1B,temp=42.00
1779698573.902,0x100,8,00 D5 3D 1D 19 00 F9 22,speed=0.00
1779698573.955,0x200,8,90 64 74 4F E5 E0 3D 65,fuel=100.00
1779698574.286,0x300,8,02 B9 A1 37 37 30 12 74,temp=42.00
1779698574.385,0x100,8,00 FB A0 28 9D 17 0F CF,speed=0.00
1779698574.529,0x200,8,82 64 B2 69 B7 56 15 C0,fuel=100.00
1779698574.699,0x300,8,02 E2 4A B1 BD 08 98 43,temp=42.00
1779698575.119,0x100,8,00 09 8D 2E 34 D5 4A 9D,speed=0.00
1779698575.482,0x200,8,72 64 36 AE 9F 66 C1 E0,fuel=100.00
1779698575.703,0x300,8,02 DD 47 72 CC A2 81 FC,temp=42.00
1779698575.848,0x100,8,00 DE 90 F0 91 40 EA 3A,speed=0.00
1779698576.171,0x200,8,7B 64 E2 B3 4B CC 6B 99,fuel=100.00
1779698576.224,0x300,8,02 FD A1 09 9D D8 C1 70,temp=42.00
1779698576.294,0x100,8,00 CF B7 06 41 71 25 25,speed=0.00
1779698576.370,0x200,8,AB 64 32 25 0F DC 16 A5,fuel=100.00
1779698576.481,0x300,8,02 46 36 69 2C CA CF A2,temp=42.00
1779698576.569,0x100,8,00 58 6A 0A 08 F1 5B 9C,speed=0.00
1779698576.658,0x200,8,CA 64 40 9A 5C 8A A8 14,fuel=100.00
1779698576.752,0x300,8,02 1A FA 27 B1 7A C3 62,temp=42.00
1779698576.843,0x100,8,00 7D 03 94 51 C9 9A 2B,speed=0.00
1779698576.946,0x200,8,91 64 CF 57 BA DC 4C 0D,fuel=100.00
1779698577.382,0x300,8,02 E6 71 B7 A2 09 57 37,temp=42.00
1779698577.520,0x100,8,00 15 DD 11 9B AC 43 AB,speed=0.00
1779698577.649,0x200,8,9C 64 EE ED 7D BB 74 E4,fuel=100.00
1779698577.732,0x300,8,02 E8 3A 13 E6 8F A5 BB,temp=42.00
1779698577.850,0x100,8,00 6B D5 3B 90 DE 3B 13,speed=0.00
1779698577.916,0x200,8,48 64 D3 58 D7 6E 16 E1,fuel=100.00
1779698577.973,0x300,8,02 11 39 60 F2 D2 2C B3,temp=42.00
1779698578.064,0x100,8,00 EF F5 12 FB 06 35 03,speed=0.00
1779698578.173,0x200,8,4F 64 DA 15 7D 66 09 EA,fuel=100.00
1779698578.248,0x300,8,02 4B 29 F9 1B 74 9D 03,temp=42.00
1779698578.349,0x100,8,00 49 5B 0E DF B0 B2 5C,speed=0.00
1779698578.438,0x200,8,2A 64 D2 37 86 5E 8E 2A,fuel=100.00
1779698578.539,0x300,8,02 5D C6 48 84 13 5B DD,temp=42.00
1779698578.630,0x100,8,00 5D F2 32 8B 96 61 B6,speed=0.00
1779698578.727,0x200,8,EE 64 87 7A F4 2D D8 7E,fuel=100.00
1779698578.821,0x300,8,02 B1 28 B9 F7 CE 75 1E,temp=42.00
1779698578.922,0x100,8,00 C1 0F 6E D1 B0 AA 45,speed=0.00
1779698579.003,0x200,8,0E 64 12 21 09 11 CB 23,fuel=100.00
1779698579.097,0x300,8,02 3A 6F 6A 4C 41 B5 C0,temp=42.00
1779698579.183,0x100,8,00 94 16 F9 9C D1 9C E0,speed=0.00
1779698582.161,0x200,8,98 64 35 80 D7 F9 C7 D5,fuel=100.00
1779698585.095,0x300,8,02 FF FB 86 7D 8D 2F 78,temp=42.00
1779698585.405,0x100,8,00 53 D4 0B 8F A8 27 4C,speed=0.00
1779698585.476,0x200,8,95 64 82 6F C5 0F 01 E9,fuel=100.00
1779698585.584,0x300,8,02 B0 5D 4F A4 45 23 5A,temp=42.00
1779698585.688,0x100,8,00 9D F0 F6 78 23 00 A5,speed=0.00
1779698585.854,0x200,8,98 64 2B 50 08 A1 52 3B,fuel=100.00
1779698585.951,0x300,8,02 A1 36 1A 11 27 84 1A,temp=42.00
1779698586.052,0x100,8,00 59 8C 06 39 46 32 CF,speed=0.00
1779698586.193,0x200,8,47 64 12 4F 8B 37 CA FC,fuel=100.00
1779698586.419,0x300,8,02 35 A4 2B AB C6 65 2E,temp=42.00
1779698586.596,0x100,8,00 E9 EA D8 98 CD A0 AF,speed=0.00
1779698586.718,0x200,8,4F 64 71 C0 61 02 1D 24,fuel=100.00
1779698586.821,0x300,8,02 84 E8 9C AA 99 54 F6,temp=42.00
1779698586.883,0x100,8,00 53 64 07 D5 82 7B C8,speed=0.00
1779698587.088,0x200,8,28 64 A8 A1 C3 6E BD 65,fuel=100.00
1779698587.154,0x300,8,02 A8 1C BD E4 BF 05 CD,temp=42.00
1779698587.280,0x100,8,00 B3 07 E8 81 A3 3F BA,speed=0.00
1779698587.800,0x200,8,87 64 74 E5 8B 63 0F E0,fuel=100.00
1779698587.854,0x300,8,02 8A 4F 1C 80 74 E6 0F,temp=42.00
1779698587.922,0x100,8,00 66 EB 7C E8 32 1F 60,speed=0.00
1779698588.016,0x200,8,3E 64 11 83 AD DD 4A 76,fuel=100.00
1779698588.104,0x300,8,02 82 12 DF E4 AA A3 33,temp=42.00
1779698588.220,0x100,8,00 B1 CD C2 98 39 13 D3,speed=0.00
1779698588.332,0x200,8,07 64 BE 1F 8E 3E D3 2E,fuel=100.00
1779698588.381,0x300,8,02 DD 35 2C BA 9A 56 04,temp=42.00
1779698588.552,0x100,8,00 9B C6 00 9C 8D 18 27,speed=0.00
1779698588.797,0x200,8,5D 64 D9 84 0C D4 FC A6,fuel=100.00
1779698588.866,0x300,8,02 98 29 34 98 6F F0 AC,temp=42.00
1779698589.053,0x100,8,00 56 56 A2 CD 4F 57 1E,speed=0.00
1779698589.218,0x200,8,06 64 E3 CC D1 11 9E 1C,fuel=100.00
1779698589.262,0x300,8,02 FE C9 84 F4 69 E1 0E,temp=42.00
1779698589.721,0x100,8,00 AF 3D A4 1E 19 95 C0,speed=0.00
1779698589.818,0x200,8,DF 64 58 45 5F 45 A6 E0,fuel=100.00
1779698589.962,0x300,8,02 C0 63 B5 48 01 00 7A,temp=42.00
1779698590.069,0x100,8,00 B0 AB AF 6F 67 4A E6,speed=0.00
1779698590.170,0x200,8,68 64 5B F8 40 4F 7F 3E,fuel=100.00
1779698590.248,0x300,8,02 ED 68 F9 99 F6 8E 8C,temp=42.00
1779698590.348,0x100,8,00 FB 87 86 7E 33 B2 DC,speed=0.00
1779698590.447,0x200,8,8C 64 3D 1B 33 4F F9 FF,fuel=100.00
1779698590.538,0x300,8,02 1F 77 5E EF 94 95 EF,temp=42.00
1779698590.646,0x100,8,00 EE FC 03 BC 84 BB D2,speed=0.00
1779698590.728,0x200,8,4B 64 2C C5 39 9B 41 16,fuel=100.00
1779698590.933,0x300,8,02 41 EB 75 D6 E4 39 CC,temp=42.00
1779698591.032,0x100,8,00 86 6E DF C2 10 83 C8,speed=0.00
1779698591.094,0x200,8,1F 64 D0 05 53 4C 80 8A,fuel=100.00
1779698591.220,0x300,8,02 79 56 04 4A 60 78 5F,temp=42.00
1779698591.288,0x100,8,00 B5 68 97 91 54 4A 69,speed=0.00
1779698591.386,0x200,8,9F 64 5B 19 17 56 49 F3,fuel=100.00
1779698591.486,0x300,8,02 AD C4 AF 51 6B 3A C9,temp=42.00
1779698591.836,0x100,8,00 7B 7C 44 7A C1 FB 54,speed=0.00
1779698591.950,0x200,8,C5 64 7C ED DF 60 27 6E,fuel=100.00
1779698592.070,0x300,8,02 08 07 00 31 4C AB 8A,temp=42.00
1779698592.152,0x100,8,00 E5 4E E1 B2 2C FC 22,speed=0.00
1779698592.313,0x200,8,59 64 0E C5 A8 C2 AF E9,fuel=100.00
1779698592.401,0x300,8,02 F2 FD 54 00 B6 22 26,temp=42.00
1779698592.500,0x100,8,00 F0 2B 0D 2C 2A 1D E0,speed=0.00
1779698592.627,0x200,8,7B 64 E2 13 67 03 E3 EB,fuel=100.00
1779698592.719,0x300,8,02 52 BF E5 B5 C0 04 C0,temp=42.00
1779698592.801,0x100,8,00 A9 90 6E 4D A9 96 DC,speed=0.00
1779698592.899,0x200,8,F4 64 3D 80 F3 B1 25 55,fuel=100.00
1779698593.146,0x300,8,02 1D D2 08 60 69 B4 EC,temp=42.00
1779698593.202,0x100,8,00 1B 69 CA EA A8 D9 AB,speed=0.00
1779698593.294,0x200,8,46 64 E3 E9 8D 82 71 1B,fuel=100.00
1779698593.363,0x300,8,02 74 5B 9A 26 9B 7B F1,temp=42.00
1779698593.496,0x100,8,00 02 30 6F 40 64 CC 25,speed=0.00
1779698593.653,0x200,8,6B 64 99 C8 AA 68 71 3F,fuel=100.00
1779698593.735,0x300,8,02 6F 89 4D C7 50 A2 C4,temp=42.00
1779698593.837,0x100,8,00 5C 6B 9A A1 04 8A 49,speed=0.00
1779698593.971,0x200,8,3B 64 3D 4C 69 49 B9 52,fuel=100.00
1779698594.054,0x300,8,02 6A E9 BA 4F 3C 77 28,temp=42.00
1779698594.130,0x100,8,00 4B 57 74 3C AB 60 DA,speed=0.00
1779698594.199,0x200,8,45 64 49 61 36 17 15 CC,fuel=100.00
1779698594.388,0x300,8,02 10 69 EB A5 56 8C 08,temp=42.00
1779698594.509,0x100,8,00 21 59 1D 01 55 53 0E,speed=0.00
1779698594.723,0x200,8,0D 64 9F 94 0C 06 E1 AC,fuel=100.00
1779698594.848,0x300,8,02 92 F5 A1 D4 09 9B A7,temp=42.00
1779698594.944,0x100,8,00 9E 88 94 2D D9 8B B7,speed=0.00
1779698595.074,0x200,8,1F 64 1A EE 7D CA B4 B0,fuel=100.00
1779698595.155,0x300,8,02 EB FF CD 5E 76 72 1A,temp=42.00
1779698595.232,0x100,8,00 54 6F F6 62 AB 48 0D,speed=0.00
1779698595.316,0x200,8,C2 64 CC 09 61 1B FD C1,fuel=100.00
1779698595.417,0x300,8,02 BA B8 1A 3B F7 36 F0,temp=42.00
1779698595.515,0x100,8,00 F8 C6 2A 92 C2 95 8C,speed=0.00
1779698595.598,0x200,8,0E 64 56 66 CD CB FA B9,fuel=100.00
1779698595.737,0x300,8,02 74 E4 17 BD 50 BB 52,temp=42.00
1779698595.803,0x100,8,00 CC 8C CA 2D 94 D1 C6,speed=0.00
1779698595.889,0x200,8,FC 64 3D 69 B8 C0 B1 EE,fuel=100.00
1779698596.036,0x300,8,02 7C 0F A4 14 51 CC 14,temp=42.00
1779698596.121,0x100,8,00 39 E1 92 F2 B1 20 B5,speed=0.00
1779698596.182,0x200,8,7B 64 DB 28 75 C1 33 E7,fuel=100.00
1779698596.281,0x300,8,02 28 E7 1F EC B4 37 E8,temp=42.00
1779698596.350,0x100,8,00 7A F5 8C 00 60 9D 5F,speed=0.00
1779698596.460,0x200,8,AF 64 47 6C 08 A9 73 58,fuel=100.00
1779698596.572,0x300,8,02 F5 51 EB 31 1D 15 80,temp=42.00
1779698596.645,0x100,8,00 FE 5F C1 B5 BE BA 04,speed=0.00
1779698596.739,0x200,8,6B 64 F2 18 D0 3B 92 D1,fuel=100.00
1779698596.951,0x300,8,02 68 54 1B F7 28 1C 0E,temp=42.00
1779698597.006,0x100,8,00 13 62 28 64 BB 4D 0A,speed=0.00
1779698597.099,0x200,8,EF 64 4B B4 05 2C 11 E9,fuel=100.00
1779698597.201,0x300,8,02 0B 90 62 4E 37 B0 3D,temp=42.00
1779698597.325,0x100,8,00 6E 5B 92 39 FE A9 2B,speed=0.00
1779698597.405,0x200,8,A7 64 F9 18 B2 5A 1A 67,fuel=100.00
1779698597.495,0x300,8,02 B5 3C 71 7B EB 3E 65,temp=42.00
1779698597.599,0x100,8,00 C6 11 31 A3 57 88 6A,speed=0.00
1779698597.662,0x200,8,85 64 D0 7C D5 9E 3C 22,fuel=100.00
1779698597.794,0x300,8,02 A3 EB F8 A0 42 72 8F,temp=42.00
1779698597.854,0x100,8,00 A4 95 EB 6F DE F5 FB,speed=0.00
1779698597.938,0x200,8,B2 64 D1 D5 FF 28 75 18,fuel=100.00
1779698598.052,0x300,8,02 D0 AD 07 63 08 87 F5,temp=42.00
1779698598.154,0x100,8,00 5F DB 8B 13 7D 0F 90,speed=0.00
1779698598.290,0x200,8,AB 64 FE 9B A6 E1 38 5F,fuel=100.00
1779698598.415,0x300,8,02 39 D7 4C 5B C4 D1 28,temp=42.00
1779698598.518,0x100,8,00 FC 87 30 50 01 DC B8,speed=0.00
1779698598.605,0x200,8,BB 64 C7 C6 49 B4 EC B2,fuel=100.00
1779698598.771,0x300,8,02 B6 02 7E BD D2 EB 6F,temp=42.00
1779698598.888,0x100,8,00 22 42 0F 06 DD D3 39,speed=0.00
1779698598.996,0x200,8,7C 64 9D AD FD 3F C7 9E,fuel=100.00
1779698599.060,0x300,8,02 BB ED F2 08 03 70 B6,temp=42.00
1779698599.231,0x100,8,00 24 61 5A B3 D0 15 61,speed=0.00
1779698599.289,0x200,8,05 64 D2 BD 04 31 7F 72,fuel=100.00
1779698599.355,0x300,8,02 09 1A 3D B1 91 60 C8,temp=42.00
1779698599.489,0x100,8,00 F6 F4 F4 61 84 4F 31,speed=0.00
1779698599.568,0x200,8,84 64 A3 9D C9 FF 6D 62,fuel=100.00
1779698599.639,0x300,8,02 10 E2 70 14 69 12 B4,temp=42.00
1779698599.737,0x100,8,00 72 CE 1E 6F 92 67 B7,speed=0.00
1779698599.824,0x200,8,88 64 21 8B 55 B2 A9 AB,fuel=100.00
1779698599.926,0x300,8,02 5D EA C1 60 62 13 55,temp=42.00
1779698600.028,0x100,8,00 E3 AC F8 23 D8 9B AC,speed=0.00
1779698600.168,0x200,8,9A 64 F0 0C 70 43 B7 35,fuel=100.00
1779698600.232,0x300,8,02 D2 BC 2B 7D 1B 0D AB,temp=42.00
1779698600.304,0x100,8,00 C9 09 47 BF 7D 3D E5,speed=0.00
1779698600.400,0x200,8,71 64 82 8F 24 70 95 17,fuel=100.00
1779698600.500,0x300,8,02 47 6E A1 9C BC F9 9D,temp=42.00
1779698600.565,0x100,8,00 F3 EA 6F 7B DE 6C AC,speed=0.00
1779698600.652,0x200,8,C5 64 F9 A3 65 26 4C 9D,fuel=100.00
1779698600.817,0x300,8,02 98 80 95 12 B5 C8 0E,temp=42.00
1779698600.868,0x100,8,00 23 F5 EF 19 3E DF 37,speed=0.00
1779698600.955,0x200,8,A7 64 32 C6 18 71 A1 5B,fuel=100.00
1779698601.042,0x300,8,02 40 C0 55 97 CD 1F 58,temp=42.00
1779698601.127,0x100,8,00 14 4E 98 54 04 DA AF,speed=0.00
1779698601.270,0x200,8,4B 64 BE 50 9C 39 71 0D,fuel=100.00
1779698601.506,0x300,8,02 8F E6 C4 7B A6 31 35,temp=42.00
1779698601.603,0x100,8,00 D3 E3 3C 2A 0E 7E FE,speed=0.00
1779698601.704,0x200,8,0E 64 2D FD CD 30 F7 CB,fuel=100.00
1779698601.798,0x300,8,02 35 11 5A 6E E6 9E 8A,temp=42.00
1779698601.874,0x100,8,00 CA 7E 6B 5C C1 A5 35,speed=0.00
1779698601.982,0x200,8,58 64 9C 74 65 A2 A2 A0,fuel=100.00
1779698602.064,0x300,8,02 B1 AB 81 4A 23 6D 90,temp=42.00
1779698602.168,0x100,8,00 9D 7F C8 23 66 B8 51,speed=0.00
1779698602.252,0x200,8,4B 64 4B 46 97 4D 03 CA,fuel=100.00
1779698602.351,0x300,8,02 7A 1F 88 59 DD 87 06,temp=42.00
1779698602.463,0x100,8,00 44 07 26 56 41 52 6B,speed=0.00
1779698602.559,0x200,8,5A 64 C6 EA 64 26 46 DC,fuel=100.00
1779698602.660,0x300,8,02 F2 30 29 A1 24 B2 A3,temp=42.00
1779698602.740,0x100,8,00 5C BC 4F 23 18 FC 25,speed=0.00
1779698602.851,0x200,8,25 64 3C 93 94 88 8A 24,fuel=100.00
1779698602.912,0x300,8,02 30 E1 56 BF 19 98 F1,temp=42.00
1779698603.000,0x100,8,00 47 90 70 82 3D 7F 83,speed=0.00
1779698603.100,0x200,8,CD 64 39 C1 03 C1 D2 34,fuel=100.00
1779698603.220,0x300,8,02 36 2F C3 9E C8 33 4B,temp=42.00
1779698603.304,0x100,8,00 FC 02 3E FA D4 22 07,speed=0.00
1779698603.373,0x200,8,35 64 4D B7 2F 5A E4 A2,fuel=100.00
1779698603.472,0x300,8,02 A1 BD EF 58 3E 7F 8C,temp=42.00
1779698603.569,0x100,8,00 39 DF 55 78 65 F4 7B,speed=0.00
1779698603.677,0x200,8,13 64 23 E9 8D 32 45 69,fuel=100.00
1779698603.754,0x300,8,02 E9 3F CE 8D 78 23 91,temp=42.00
1779698603.873,0x100,8,00 B5 59 40 C1 BB 5A FE,speed=0.00
1779698604.213,0x200,8,B0 64 95 52 AF 10 0F 2B,fuel=100.00
1779698604.266,0x300,8,02 1C 52 C5 44 01 6D 89,temp=42.00
1779698604.352,0x100,8,00 73 0B 8D 6B 95 73 F0,speed=0.00
1779698604.518,0x200,8,7C 64 17 D5 F8 8A 92 7F,fuel=100.00
1779698604.616,0x300,8,02 38 38 49 54 08 0E 83,temp=42.00
1779698604.703,0x100,8,00 74 75 46 3B 30 80 5F,speed=0.00
1779698604.781,0x200,8,39 64 C4 4A 51 B1 28 05,fuel=100.00
1779698604.915,0x300,8,02 79 17 D9 87 EF 09 5F,temp=42.00
1779698604.979,0x100,8,00 02 E1 BB AC CF 38 FC,speed=0.00
1779698605.182,0x200,8,B6 64 75 23 B2 5F F4 E9,fuel=100.00
1779698605.272,0x300,8,02 41 7A E1 A0 81 EF 4C,temp=42.00
1779698605.361,0x100,8,00 84 F5 E1 52 96 C8 FE,speed=0.00
1779698605.476,0x200,8,D5 64 92 21 05 C7 E3 33,fuel=100.00
1779698605.581,0x300,8,02 E4 EF C8 C2 29 99 EC,temp=42.00
1779698605.621,0x100,8,00 42 F7 16 9B E7 04 80,speed=0.00
1779698605.767,0x200,8,23 64 50 12 A6 AD 07 46,fuel=100.00
1779698605.972,0x300,8,02 2D DF 06 BE 7D 59 42,temp=42.00
1779698606.401,0x100,8,00 62 8F D2 A7 EA C0 DC,speed=0.00
1779698606.589,0x200,8,7B 64 77 4E 51 D1 D8 92,fuel=100.00
1779698606.689,0x300,8,02 51 A7 92 6B A2 2B A4,temp=42.00
1779698606.793,0x100,8,00 8D 0A 29 F5 7E AE 38,speed=0.00
1779698606.914,0x200,8,04 64 0D 8B 9A 8E 48 C7,fuel=100.00
1779698606.952,0x300,8,02 EB 81 1D 8C ED BF 75,temp=42.00
1779698607.056,0x100,8,00 91 78 48 97 DC 71 85,speed=0.00
1779698607.134,0x200,8,0D 64 D1 86 78 3F 66 33,fuel=100.00
1779698607.231,0x300,8,02 25 1C D9 67 81 57 C3,temp=42.00
1779698607.365,0x100,8,00 EE 19 82 46 41 35 FD,speed=0.00
1779698607.439,0x200,8,22 64 F4 A5 26 13 C4 33,fuel=100.00
1779698607.552,0x300,8,02 18 8B 16 45 A3 86 45,temp=42.00
1779698607.632,0x100,8,00 19 8E F9 94 7F DE C6,speed=0.00
1779698607.748,0x200,8,EC 64 72 D2 56 35 E0 5E,fuel=100.00
1779698607.971,0x300,8,02 B3 B6 AD A9 FF 43 AB,temp=42.00
1779698608.251,0x100,8,00 8E 8E FC 7F FB 0F 08,speed=0.00
1779698608.481,0x200,8,9C 64 74 76 2A CB 48 B8,fuel=100.00
1779698608.764,0x300,8,02 D5 6D 53 76 4A BA 46,temp=42.00
1779698608.916,0x100,8,00 B5 BC 42 73 0F 41 AA,speed=0.00
1779698609.037,0x200,8,2F 64 7A 5C BD 6E E2 03,fuel=100.00
1779698609.104,0x300,8,02 73 8E 92 BF 44 03 E8,temp=42.00
1779698609.202,0x100,8,00 7F 02 3A DC D3 A2 B3,speed=0.00
1779698609.322,0x200,8,19 64 4C 29 21 D1 03 FA,fuel=100.00
1779698609.415,0x300,8,02 99 7C 09 10 20 CF F8,temp=42.00
1779698609.472,0x100,8,00 6B E0 1C E0 7F DA 01,speed=0.00
1779698609.621,0x200,8,9C 64 F7 5B AB 9F 96 EF,fuel=100.00
1779698609.669,0x300,8,02 E3 3C 6D 62 D4 9A 90,temp=42.00
1779698609.788,0x100,8,00 56 19 91 5F A0 10 16,speed=0.00
1779698609.884,0x200,8,39 64 47 B7 35 13 1D D0,fuel=100.00
1779698609.948,0x300,8,02 45 2B 83 90 31 07 11,temp=42.00
1779698610.071,0x100,8,00 14 6E 81 D4 03 53 CE,speed=0.00
1779698610.151,0x200,8,1E 64 0B ED 39 BB FD D9,fuel=100.00
1779698610.224,0x300,8,02 77 F0 17 85 47 DE BF,temp=42.00
1779698610.402,0x100,8,00 74 AF D3 08 07 A4 0C,speed=0.00
1779698610.515,0x200,8,5E 64 21 01 B3 14 BE 1C,fuel=100.00
1779698610.617,0x300,8,02 DD 4B 53 AB D7 C8 4B,temp=42.00
1779698610.705,0x100,8,00 DC FD A0 4C 26 ED D0,speed=0.00
1779698610.782,0x200,8,50 64 68 C4 5C BC 6E B2,fuel=100.00
1779698610.898,0x300,8,02 73 8F 7E AF 92 B7 9D,temp=42.00
1779698610.982,0x100,8,00 C8 AC 64 EA 9D 65 11,speed=0.00
1779698611.081,0x200,8,81 64 98 79 D1 C1 4B B2,fuel=100.00
1779698611.164,0x300,8,02 59 E2 93 80 DD 27 5B,temp=42.00
1779698611.256,0x100,8,00 62 B3 E0 63 A1 48 F8,speed=0.00
1779698611.339,0x200,8,5E 64 21 48 9B 14 66 67,fuel=100.00
1779698611.432,0x300,8,02 FC 77 30 EB 01 50 5D,temp=42.00
1779698611.532,0x100,8,00 56 B7 7E 51 E5 2E 7B,speed=0.00
1779698611.618,0x200,8,B4 64 DC 76 FC E5 03 AA,fuel=100.00
1779698611.716,0x300,8,02 7D 21 43 37 48 D1 B8,temp=42.00
1779698611.865,0x100,8,00 BA 34 CD A7 1F 9F 64,speed=0.00
1779698611.918,0x200,8,E5 64 ED EA 51 38 70 83,fuel=100.00
1779698612.004,0x300,8,02 26 7C 27 A3 82 A1 14,temp=42.00
1779698612.822,0x100,8,00 DC A1 16 EF BD 1E 74,speed=0.00
1779698613.339,0x200,8,EF 64 D6 95 57 0D B7 31,fuel=100.00
1779698613.555,0x300,8,02 DE 48 F1 2D 04 EA 7B,temp=42.00
1779698613.718,0x100,8,00 78 35 73 F7 43 A1 E3,speed=0.00
1779698616.967,0x200,8,77 64 B2 2E 41 B0 E5 D8,fuel=100.00
1779698617.139,0x300,8,02 E9 1E 07 8D BA C7 0F,temp=42.00
1779698617.701,0x100,8,00 AB 12 DF 35 90 FA CD,speed=0.00
1779698617.766,0x200,8,D7 64 23 55 21 83 F6 D5,fuel=100.00
1779698617.920,0x300,8,02 F7 98 9B 3F D7 DA 5D,temp=42.00
1779698618.019,0x100,8,00 66 3F 1B 58 47 0B 72,speed=0.00
1779698618.283,0x200,8,A8 64 C9 C8 17 60 5D C2,fuel=100.00
1779698618.335,0x300,8,02 42 E8 F7 9F 9C 23 39,temp=42.00
1779698618.716,0x100,8,00 8F 63 F4 D2 E8 76 ED,speed=0.00
1779698618.784,0x200,8,DE 64 33 60 32 CB 86 86,fuel=100.00
1779698618.887,0x300,8,02 99 02 CA CF 88 EC BF,temp=42.00
1779698619.010,0x100,8,00 4C 24 50 4A 7B 66 5D,speed=0.00
1779698619.084,0x200,8,81 64 29 B7 01 3A 54 A8,fuel=100.00
1779698619.150,0x300,8,02 10 E3 FD BF 18 26 07,temp=42.00
1779698619.804,0x100,8,00 B2 FE 7E 95 C9 2F 31,speed=0.00
1779698619.969,0x200,8,E2 64 E6 1C 97 5E E2 8C,fuel=100.00
1779698620.081,0x300,8,02 EE 6D 4C 2E 77 7B A4,temp=42.00
1779698620.367,0x100,8,00 54 5F C4 FF 09 3C 4C,speed=0.00
1779698620.554,0x200,8,9E 64 A7 16 32 ED 69 73,fuel=100.00
1779698620.711,0x300,8,02 D4 62 55 E2 13 22 C3,temp=42.00
1779698620.749,0x100,8,00 DE 90 1E BC 47 5B 06,speed=0.00
1779698620.984,0x200,8,7F 64 BC 6F 7F 34 28 05,fuel=100.00
1779698621.038,0x300,8,02 FF A0 29 53 06 25 C3,temp=42.00
1779698621.166,0x100,8,00 72 48 2C 57 98 6B 35,speed=0.00
1779698621.232,0x200,8,49 64 07 2D 95 2F 75 EB,fuel=100.00
1779698621.354,0x300,8,02 7C C9 29 9D FB 68 A6,temp=42.00
1779698621.440,0x100,8,00 72 70 0E 25 9E 60 AF,speed=0.00
1779698621.517,0x200,8,D9 64 B2 3D 65 04 81 0D,fuel=100.00
1779698621.605,0x300,8,02 27 0D 1D C4 52 7B 91,temp=42.00
1779698621.711,0x100,8,00 47 58 26 3F 84 A9 C8,speed=0.00
1779698621.813,0x200,8,E2 64 07 FD CB 97 A0 3C,fuel=100.00
1779698621.900,0x300,8,02 CF 79 5C C2 01 B7 93,temp=42.00
1779698622.009,0x100,8,00 3D 60 25 F5 EE D0 E9,speed=0.00
1779698622.089,0x200,8,31 64 4D 0C 58 C2 0E 87,fuel=100.00
1779698622.188,0x300,8,02 D0 A1 D9 68 F1 30 2C,temp=42.00
1779698622.262,0x100,8,00 23 F5 77 A4 D3 FE 80,speed=0.00
1779698622.362,0x200,8,99 64 9E 4C DA B9 69 A2,fuel=100.00
1779698622.491,0x300,8,02 6A DE DF 3E 03 1B C8,temp=42.00
1779698622.576,0x100,8,00 8C 5C 25 7F 6C 65 BC,speed=0.00
1779698622.630,0x200,8,62 64 5F 1D 81 9E FE 17,fuel=100.00
1779698622.721,0x300,8,02 47 92 92 8C 5D DB DB,temp=42.00
1779698622.811,0x100,8,00 4D 51 CA BC 30 E0 E6,speed=0.00
1779698622.938,0x200,8,0C 64 A8 A3 A1 B9 98 86,fuel=100.00
1779698623.009,0x300,8,02 62 B1 A6 03 9A 2D 17,temp=42.00
1779698623.110,0x100,8,00 6A B3 4E 27 DC 00 55,speed=0.00
1779698623.219,0x200,8,B6 64 25 4E 3C A1 A3 74,fuel=100.00
1779698623.318,0x300,8,02 7E EE 77 B8 38 3A 4E,temp=42.00
1779698623.393,0x100,8,00 2E 2D FA 8D 6E E8 12,speed=0.00
1779698623.501,0x200,8,72 64 04 1F C3 AD 16 05,fuel=100.00
1779698623.576,0x300,8,02 42 49 0D FB 28 C1 B8,temp=42.00
1779698623.721,0x100,8,00 8E E7 62 A1 5A 30 C5,speed=0.00
1779698623.837,0x200,8,F2 64 F1 ED 48 BB 4E F8,fuel=100.00
1779698623.894,0x300,8,02 71 5D 9E EB 61 03 86,temp=42.00
1779698624.003,0x100,8,00 06 BA AF 9B 57 E8 04,speed=0.00
1779698624.071,0x200,8,53 64 5E 40 5A 88 F9 AD,fuel=100.00
1779698624.154,0x300,8,02 4D 6C 9E A7 A8 71 38,temp=42.00
1779698624.263,0x100,8,00 E3 2D F0 59 89 1C 26,speed=0.00
1779698624.375,0x200,8,EA 64 35 26 DD 32 36 36,fuel=100.00
1779698624.463,0x300,8,02 97 4B 44 8E 0E C5 67,temp=42.00
1779698624.618,0x100,8,00 F8 B5 0C F0 EC 67 BE,speed=0.00
1779698624.686,0x200,8,02 64 C0 29 3F F0 F4 4E,fuel=100.00
1779698624.745,0x300,8,02 4C 70 CC 48 99 08 2C,temp=42.00
1779698624.852,0x100,8,00 A0 42 97 66 BC A0 51,speed=0.00
1779698624.944,0x200,8,3D 64 79 A4 3D 27 0F 21,fuel=100.00
1779698625.006,0x300,8,02 2E 2F 66 D7 AE 14 F8,temp=42.00
1779698625.129,0x100,8,00 07 56 FA 4F C5 E8 9F,speed=0.00
1779698625.223,0x200,8,36 64 ED F4 03 40 99 7C,fuel=100.00
1779698625.332,0x300,8,02 24 9A 74 E5 1A 48 ED,temp=42.00
1779698625.420,0x100,8,00 85 53 C3 61 51 5C DC,speed=0.00
1779698625.493,0x200,8,F1 64 76 2F 9C 37 47 D6,fuel=100.00
1779698625.620,0x300,8,02 9C 5A 72 23 51 7F 7A,temp=42.00
1779698625.667,0x100,8,00 8E 8D 21 8D 69 4F 88,speed=0.00
1779698625.778,0x200,8,EE 64 92 37 DE 33 C1 91,fuel=100.00
1779698625.884,0x300,8,02 55 0B 9B 07 75 CF A6,temp=42.00
1779698626.054,0x100,8,00 96 EE 04 6C E2 60 17,speed=0.00
1779698626.170,0x200,8,3F 64 96 DB 95 13 B2 79,fuel=100.00
1779698626.470,0x300,8,02 55 8A DC 6A F0 C0 0F,temp=42.00
1779698626.685,0x100,8,00 EF BC 8E 2A CA F5 70,speed=0.00
1779698626.770,0x200,8,63 64 EA 80 F5 2B 06 70,fuel=100.00
1779698626.836,0x300,8,02 E4 8C 5F B5 8F 8E 18,temp=42.00
1779698627.152,0x100,8,00 FF E7 60 79 1D 96 C6,speed=0.00
1779698627.273,0x200,8,86 64 92 65 42 13 89 16,fuel=100.00
1779698627.387,0x300,8,02 85 B3 66 32 9C 3A D9,temp=42.00
1779698627.501,0x100,8,00 A2 C0 3C C9 22 16 D2,speed=0.00
1779698627.564,0x200,8,DF 64 2E 36 92 30 CA 50,fuel=100.00
1779698627.667,0x300,8,02 5E AC F8 C4 A5 89 EF,temp=42.00
1779698627.784,0x100,8,00 C6 BC 19 64 01 3D 0A,speed=0.00
1779698627.869,0x200,8,1C 64 70 15 96 83 AA F0,fuel=100.00
1779698627.953,0x300,8,02 27 EA 10 BD F1 E1 B6,temp=42.00
1779698628.073,0x100,8,00 79 66 67 6F F1 23 09,speed=0.00
1779698628.122,0x200,8,6E 64 56 6B 60 D8 26 75,fuel=100.00
1779698628.383,0x300,8,02 E3 0A FD 76 C0 53 73,temp=42.00
1779698628.419,0x100,8,00 45 CF E3 95 15 CA 84,speed=0.00
1779698629.187,0x200,8,5A 64 43 DF ED 41 6E 67,fuel=100.00
1779698629.437,0x300,8,02 F8 EC 2F BF A4 0B C4,temp=42.00
1779698629.652,0x100,8,00 B0 E7 8D B7 3B 23 15,speed=0.00
1779698629.752,0x200,8,1F 64 BE D3 BA B7 FF 8B,fuel=100.00
1779698629.840,0x300,8,02 99 C2 8B 36 7E A5 A7,temp=42.00
1779698629.955,0x100,8,00 7F 07 EC C3 35 1A A2,speed=0.00
1779698630.070,0x200,8,3C 64 95 97 40 ED 17 53,fuel=100.00
1779698630.163,0x300,8,02 2D 5C 9C E3 8F E4 CC,temp=42.00
1779698630.266,0x100,8,00 65 05 54 AA EA 78 10,speed=0.00
1779698630.314,0x200,8,9F 64 F5 06 82 0D C9 36,fuel=100.00
1779698630.453,0x300,8,02 6A 9B 37 6B CF 4A 60,temp=42.00
1779698630.499,0x100,8,00 6E 21 A9 53 29 A0 38,speed=0.00
1779698630.618,0x200,8,0C 64 62 E4 01 BF 42 E8,fuel=100.00
1779698630.706,0x300,8,02 AD 06 21 A0 26 76 DC,temp=42.00
1779698630.814,0x100,8,00 F6 76 32 51 40 F5 5D,speed=0.00
1779698630.900,0x200,8,9B 64 A9 88 2F 0C 44 B4,fuel=100.00
1779698630.988,0x300,8,02 FC 72 1C 7F 16 44 AF,temp=42.00
1779698631.106,0x100,8,00 E2 DB DC BF 90 62 C7,speed=0.00
1779698631.206,0x200,8,E6 64 17 FC F0 8F A8 54,fuel=100.00
1779698631.256,0x300,8,02 50 CE F1 A2 D2 1B BB,temp=42.00
1779698631.370,0x100,8,00 F4 9B 00 68 7E 92 14,speed=0.00
1779698631.449,0x200,8,AC 64 47 80 DA D4 0B 5D,fuel=100.00
1779698632.649,0x300,8,02 BA C7 6F 9E 49 90 8C,temp=42.00
1779698633.662,0x100,8,00 AA 7D 97 56 D2 7C 3F,speed=0.00
1779698636.452,0x200,8,04 64 C1 E4 0A A9 7D 0D,fuel=100.00
1779698636.503,0x300,8,02 8F C5 16 F0 B2 F3 8F,temp=42.00
1779698636.650,0x100,8,00 C8 9A 0D 45 E2 79 A7,speed=0.00
1779698636.736,0x200,8,0F 64 DC 08 8E 92 13 06,fuel=100.00
1779698636.839,0x300,8,02 46 5D DE 18 D6 BD C1,temp=42.00
1779698636.932,0x100,8,00 0F FF 45 B7 C3 C9 75,speed=0.00
1779698637.063,0x200,8,69 64 D3 E6 41 E1 64 DB,fuel=100.00
1779698637.189,0x300,8,02 70 D3 71 49 D6 3F A8,temp=42.00
1779698637.303,0x100,8,00 32 F6 9F C4 DD 09 43,speed=0.00
1779698637.437,0x200,8,E7 64 04 C2 1A 49 37 52,fuel=100.00
1779698637.537,0x300,8,02 4D 2A 3F 3D 2F 31 79,temp=42.00
1779698637.635,0x100,8,00 92 42 F1 CA E2 38 8F,speed=0.00
1779698637.737,0x200,8,43 64 35 CD A0 FA CD A2,fuel=100.00
1779698637.872,0x300,8,02 97 AC 64 0F 10 2E 7E,temp=42.00
1779698637.966,0x100,8,00 0C A2 46 5A A0 EB AC,speed=0.00
1779698638.853,0x200,8,D2 64 5D 07 A7 B0 95 D7,fuel=100.00
1779698639.100,0x300,8,02 20 7B E7 86 3B 35 6C,temp=42.00
1779698639.253,0x100,8,00 E3 5C 23 EB C7 C6 9F,speed=0.00
1779698639.318,0x200,8,17 64 21 1D 68 A6 94 14,fuel=100.00
1779698639.389,0x300,8,02 08 8F 02 60 79 17 AF,temp=42.00
1779698639.531,0x100,8,00 27 A0 AC 4A 88 61 F9,speed=0.00
1779698639.606,0x200,8,9D 64 E4 E1 CF 92 E3 08,fuel=100.00
1779698639.691,0x300,8,02 CC F4 B0 99 F7 3B 42,temp=42.00
1779698639.756,0x100,8,00 93 C0 4D 95 28 7E 65,speed=0.00
1779698639.864,0x200,8,AD 64 D2 77 B2 09 DA 4E,fuel=100.00
1779698640.041,0x300,8,02 21 41 62 FD 88 16 62,temp=42.00
1779698640.131,0x100,8,00 E2 BA 32 7E C7 DA 60,speed=0.00
1779698640.225,0x200,8,9E 64 F8 44 BE 87 45 84,fuel=100.00
1779698640.362,0x300,8,02 E9 2F 52 A8 04 16 C3,temp=42.00
1779698640.450,0x100,8,00 E5 AE CF DC F5 ED 6D,speed=0.00
1779698640.517,0x200,8,0E 64 BD 24 3B 04 98 F1,fuel=100.00
1779698640.673,0x300,8,02 D3 00 CD 88 43 E5 4B,temp=42.00
1779698640.726,0x100,8,00 BA 18 E4 DC 59 A7 42,speed=0.00
1779698640.799,0x200,8,4A 64 73 49 F0 AE 88 44,fuel=100.00
1779698640.898,0x300,8,02 8A 1A B5 78 91 27 59,temp=42.00
1779698641.018,0x100,8,00 87 5A 4F 1A 24 E2 32,speed=0.00
1779698641.102,0x200,8,42 64 B3 53 4B 8C B1 D1,fuel=100.00
1779698641.182,0x300,8,02 12 5B 34 BA DE F4 8F,temp=42.00
1779698641.321,0x100,8,00 E7 36 18 A7 71 4B C6,speed=0.00
1779698641.443,0x200,8,95 64 99 AE 48 B3 05 91,fuel=100.00
1779698641.534,0x300,8,02 D6 27 FD F4 C3 9A AD,temp=42.00
1779698641.621,0x100,8,00 4F 96 C5 E5 A9 18 2B,speed=0.00
1779698641.768,0x200,8,45 64 04 EE E5 3D 66 E3,fuel=100.00
1779698641.822,0x300,8,02 11 8C DE 7F 44 58 59,temp=42.00
1779698641.948,0x100,8,00 15 32 FB 31 A4 05 E4,speed=0.00
1779698642.068,0x200,8,AD 64 2E FC C6 2B D1 3A,fuel=100.00
1779698642.153,0x300,8,02 14 51 93 F3 19 70 05,temp=42.00
1779698642.252,0x100,8,00 D6 F0 1A 2F D7 B8 40,speed=0.00
1779698642.388,0x200,8,FE 64 AC 65 40 89 B0 49,fuel=100.00
1779698642.519,0x300,8,02 0B 9B B9 E3 08 92 B0,temp=42.00
1779698642.633,0x100,8,00 31 54 B2 E0 FF F2 81,speed=0.00
1779698642.670,0x200,8,3F 64 A8 EF DB 45 26 B2,fuel=100.00
1779698642.868,0x300,8,02 FF 9D AC CB 03 31 A5,temp=42.00
1779698642.974,0x100,8,00 0C A3 C3 CC DC 41 45,speed=0.00
1779698643.055,0x200,8,42 64 3E E3 F3 50 FF 92,fuel=100.00
1779698643.180,0x300,8,02 6B E1 3A 62 42 71 C7,temp=42.00
1779698643.269,0x100,8,00 EB 51 CF 2E 59 8D 39,speed=0.00
1779698643.365,0x200,8,A6 64 7C 6A D5 F5 64 5C,fuel=100.00
1779698643.903,0x300,8,02 15 89 D3 5D E5 9D 00,temp=42.00
1779698644.249,0x100,8,00 A5 87 31 69 8C B1 B4,speed=0.00
1779698644.370,0x200,8,C7 64 F2 18 53 12 40 9C,fuel=100.00
1779698644.480,0x300,8,02 63 95 9F 76 81 A3 12,temp=42.00
1779698644.554,0x100,8,00 43 5C 4D E5 25 01 2D,speed=0.00
1779698644.650,0x200,8,E3 64 20 E8 91 0A 4E DC,fuel=100.00
1779698644.720,0x300,8,02 1B 3D DA 24 9B A3 C3,temp=42.00
1779698644.873,0x100,8,00 B6 08 B3 87 DE FB 12,speed=0.00
1779698644.939,0x200,8,6D 64 5D 22 AF D6 79 C1,fuel=100.00
1779698645.018,0x300,8,02 DB 4F BA DA C7 6D 3E,temp=42.00
1779698645.146,0x100,8,00 79 B1 79 F5 4F CD 5F,speed=0.00
1779698645.202,0x200,8,2D 64 8B D8 01 1D AD C1,fuel=100.00
1779698645.326,0x300,8,02 2C 8D B7 4F F2 2D 83,temp=42.00
1779698645.391,0x100,8,00 19 5D 9C 56 E0 65 E5,speed=0.00
1779698645.489,0x200,8,55 64 B8 9C 9B EA E5 C8,fuel=100.00
1779698645.610,0x300,8,02 40 BA 43 F0 88 6A DF,temp=42.00
1779698645.685,0x100,8,00 2B 2D CD 9C 43 3F 6C,speed=0.00
1779698645.764,0x200,8,2D 64 95 3A 52 13 66 DA,fuel=100.00
1779698645.904,0x300,8,02 BA 8F 81 F1 B2 3A F5,temp=42.00
1779698645.973,0x100,8,00 A5 2A B3 E8 58 C9 DE,speed=0.00
1779698646.164,0x200,8,A0 64 26 3B CD 30 B6 81,fuel=100.00
1779698646.232,0x300,8,02 56 38 F8 4C 9C A7 B4,temp=42.00
1779698646.321,0x100,8,00 A0 81 B7 7F 95 0A FF,speed=0.00
1779698646.422,0x200,8,30 64 13 44 0F CE 1C 05,fuel=100.00
1779698646.582,0x300,8,02 B5 A5 AA 27 B3 0B C6,temp=42.00
1779698646.625,0x100,8,00 35 75 C9 DB BE 60 C2,speed=0.00
1779698646.685,0x200,8,4E 64 19 73 04 22 B0 7C,fuel=100.00
1779698646.850,0x300,8,02 68 55 B5 F6 0A 75 19,temp=42.00
1779698646.922,0x100,8,00 63 0F 3C 83 B3 65 69,speed=0.00
1779698646.995,0x200,8,9C 64 40 A9 6D 86 05 56,fuel=100.00
1779698647.087,0x300,8,02 36 85 D0 4B 0E 99 E0,temp=42.00
1779698647.189,0x100,8,00 07 9D E4 FD 98 C0 29,speed=0.00
1779698647.303,0x200,8,6A 64 92 28 C6 15 2C 65,fuel=100.00
1779698647.448,0x300,8,02 D5 34 32 AC EA 9B FB,temp=42.00
1779698647.805,0x100,8,00 E1 40 1A 46 A8 18 FE,speed=0.00
1779698647.903,0x200,8,30 64 B8 C2 AF 12 5F CC,fuel=100.00
1779698648.049,0x300,8,02 21 AF 93 71 ED E1 2F,temp=42.00
1779698648.115,0x100,8,00 C2 EE 15 F8 64 BE 6E,speed=0.00
1779698648.217,0x200,8,67 64 18 AE 82 81 32 21,fuel=100.00
1779698648.534,0x300,8,02 11 61 8B 1B BB B1 57,temp=42.00
1779698648.583,0x100,8,00 A6 52 30 E5 3C EA B0,speed=0.00
1779698648.698,0x200,8,80 64 CA B0 1D EF F4 EB,fuel=100.00
1779698648.752,0x300,8,02 6D A8 5F 03 AF 85 ED,temp=42.00
1779698648.868,0x100,8,00 83 D2 18 C6 59 B3 02,speed=0.00
1779698648.971,0x200,8,07 64 59 DE 68 13 B7 29,fuel=100.00
1779698649.040,0x300,8,02 68 AD 41 BE 52 79 84,temp=42.00
1779698649.186,0x100,8,00 5F E7 52 0A A1 0D 3A,speed=0.00
1779698649.289,0x200,8,3A 64 85 26 80 D0 D1 9D,fuel=100.00
1779698649.448,0x300,8,02 BD BA DB 4B D9 74 DE,temp=42.00
1779698649.513,0x100,8,00 27 8D 83 37 C8 B2 AD,speed=0.00
1779698649.642,0x200,8,0C 64 EE 46 30 A5 19 F3,fuel=100.00
1779698649.711,0x300,8,02 FB 9A E4 C5 65 88 73,temp=42.00
1779698649.836,0x100,8,00 E8 A5 14 42 B4 B9 DF,speed=0.00
1779698649.882,0x200,8,BA 64 0C C0 F1 0C 1E D3,fuel=100.00
1779698650.003,0x300,8,02 5B E2 76 34 53 ED 13,temp=42.00
1779698650.069,0x100,8,00 B2 7A 86 E4 C0 AF 50,speed=0.00
1779698650.167,0x200,8,95 64 23 E4 34 BD 5E C8,fuel=100.00
1779698650.281,0x300,8,02 F1 70 A1 3F D4 DF D1,temp=42.00
1779698650.421,0x100,8,00 86 92 82 72 E9 57 6F,speed=0.00
1779698650.471,0x200,8,66 64 F0 8E 03 BA 92 52,fuel=100.00
1779698650.560,0x300,8,02 F2 C0 47 A1 60 7F 9C,temp=42.00
1779698650.736,0x100,8,00 38 A6 F3 71 F7 7A F8,speed=0.00
1779698650.828,0x200,8,CF 64 E6 2A A9 0B 05 DE,fuel=100.00
1779698650.939,0x300,8,02 DB 08 79 9A 9B 22 E7,temp=42.00
1779698651.023,0x100,8,00 B8 FB FE BA 56 DE 20,speed=0.00
1779698651.163,0x200,8,0C 64 9D B0 DE 08 5B 88,fuel=100.00
1779698651.284,0x300,8,02 5C 16 4F 06 42 10 73,temp=42.00
1779698651.386,0x100,8,00 81 53 FE A9 AC F8 44,speed=0.00
1779698651.474,0x200,8,B0 64 EA B6 81 BF 3F 99,fuel=100.00
1779698651.597,0x300,8,02 67 62 35 AD 9A 6F EA,temp=42.00
1779698651.677,0x100,8,00 84 A9 12 74 87 31 36,speed=0.00
1779698651.787,0x200,8,F5 64 15 C9 1E ED FE 0A,fuel=100.00
1779698651.882,0x300,8,02 DB 69 3B D2 A5 C8 B2,temp=42.00
1779698651.939,0x100,8,00 81 1F 3B 83 00 D0 19,speed=0.00
1779698652.083,0x200,8,DA 64 E6 3A 39 9E AD 25,fuel=100.00
1779698652.202,0x300,8,02 70 C0 C0 FB A1 93 39,temp=42.00
1779698652.353,0x100,8,00 4F 11 0C F5 09 53 43,speed=0.00
1779698652.496,0x200,8,2A 64 2F 45 75 2C A1 A8,fuel=100.00
1779698652.621,0x300,8,02 56 E4 20 7C 78 62 BC,temp=42.00
1779698652.688,0x100,8,00 78 52 DD 62 91 8D 18,speed=0.00
1779698652.818,0x200,8,F4 64 FD 3F C9 65 4D EA,fuel=100.00
1779698652.894,0x300,8,02 03 55 BA 04 73 F3 71,temp=42.00
1779698652.988,0x100,8,00 DE 03 43 3B AC 0B 9E,speed=0.00
1779698653.484,0x200,8,50 64 9C 97 7E 9C 4C 24,fuel=100.00
1779698653.555,0x300,8,02 A4 24 78 73 0F 7F 84,temp=42.00
1779698653.646,0x100,8,00 D8 D3 99 40 58 DD 80,speed=0.00
1779698653.757,0x200,8,8B 64 E2 EE 34 12 F1 6D,fuel=100.00
1779698653.823,0x300,8,02 84 9A 3D 40 DE 73 ED,temp=42.00
1779698653.929,0x100,8,00 C6 8C 41 5F AF 70 D3,speed=0.00
1779698654.018,0x200,8,6B 64 45 34 67 03 C6 37,fuel=100.00
1779698654.488,0x300,8,02 C4 F7 C7 2A 5C 62 F4,temp=42.00
1779698654.568,0x100,8,00 D4 0A 63 77 49 CD 85,speed=0.00
1779698654.651,0x200,8,D8 64 FC C3 77 67 30 F8,fuel=100.00
1779698654.752,0x300,8,02 5C A8 0F 5F C9 3D 29,temp=42.00
1779698654.854,0x100,8,00 11 BA 0A F4 C7 9A 56,speed=0.00
1779698654.976,0x200,8,A5 64 FF 60 7D 2A 98 76,fuel=100.00
1779698655.122,0x300,8,02 AA FA F8 79 E7 37 FD,temp=42.00
1779698655.201,0x100,8,00 EF 2C 23 56 2D AD 6E,speed=0.00
1779698655.254,0x200,8,01 64 FC 7C 9B 1B EB 30,fuel=100.00
1779698655.331,0x300,8,02 72 7D B7 FE 28 A8 9E,temp=42.00
1779698655.416,0x100,8,00 D7 E8 7D 3C C8 47 D0,speed=0.00
1779698655.549,0x200,8,C8 64 5F B4 88 D0 3F 2C,fuel=100.00
1779698655.605,0x300,8,02 78 81 67 D2 EF 54 9F,temp=42.00
1779698655.718,0x100,8,00 EA E9 1B 16 E3 75 10,speed=0.00
1779698655.812,0x200,8,E4 64 52 B1 31 B7 2D 77,fuel=100.00
1779698655.882,0x300,8,02 FE E2 4D 75 03 99 E5,temp=42.00
1779698655.989,0x100,8,00 D5 11 4E 6B 4D 2F E3,speed=0.00
1779698656.103,0x200,8,A9 64 30 E7 B1 E9 15 62,fuel=100.00
1779698656.173,0x300,8,02 B6 08 95 FC 87 15 9F,temp=42.00
1779698656.268,0x100,8,00 27 0C 6B 83 36 29 D1,speed=0.00
1779698656.350,0x200,8,12 64 E8 C3 B1 6F 55 08,fuel=100.00
1779698656.440,0x300,8,02 13 63 43 91 74 78 4A,temp=42.00
1779698656.550,0x100,8,00 4C E8 25 6F 1D 97 81,speed=0.00
1779698656.627,0x200,8,08 64 57 A1 55 19 D6 9B,fuel=100.00
1779698656.725,0x300,8,02 10 76 34 2E 41 1A 8F,temp=42.00
1779698656.869,0x100,8,00 D6 8F A8 80 84 F8 43,speed=0.00
1779698656.935,0x200,8,74 64 46 A7 59 12 8F FC,fuel=100.00
1779698657.020,0x300,8,02 B5 68 81 43 D0 41 00,temp=42.00
1779698657.232,0x100,8,00 17 10 17 97 41 C0 DE,speed=0.00
1779698657.483,0x200,8,B8 64 A0 2B 93 F4 8E E0,fuel=100.00
1779698657.622,0x300,8,02 3F A5 22 08 D3 76 39,temp=42.00
1779698657.750,0x100,8,00 F6 B3 E8 76 80 B4 24,speed=0.00
1779698657.855,0x200,8,0B 64 A7 2B DE 79 DE 18,fuel=100.00
1779698657.938,0x300,8,02 65 37 0C AD 9D 56 78,temp=42.00
1779698658.067,0x100,8,00 DE 62 0B 40 53 35 38,speed=0.00
1779698658.347,0x200,8,7D 64 D1 19 76 93 D4 97,fuel=100.00
1779698658.441,0x300,8,02 E7 7F 49 06 AA FE F9,temp=42.00
1779698658.512,0x100,8,00 FF 00 19 AA D1 A0 F5,speed=0.00
1779698658.599,0x200,8,65 64 EB A5 79 AE 65 BF,fuel=100.00
1779698658.726,0x300,8,02 55 2A 3E D8 3A E5 BC,temp=42.00
1779698658.819,0x100,8,00 1C 4D E9 E3 AD CB 93,speed=0.00
1779698658.905,0x200,8,E5 64 80 A6 81 7D D3 1F,fuel=100.00
1779698659.017,0x300,8,02 C4 3E CE 8C DE 1E 2E,temp=42.00
1779698659.122,0x100,8,00 93 A0 8A 76 90 CC 58,speed=0.00
1779698659.179,0x200,8,04 64 C9 3E DF 92 7F 28,fuel=100.00
1779698659.269,0x300,8,02 E1 B3 EC 86 EA FA D0,temp=42.00
1779698659.402,0x100,8,00 57 0D EF 22 0E 15 52,speed=0.00
1779698659.454,0x200,8,0F 64 D4 FB 65 DB DB 7E,fuel=100.00
1779698659.622,0x300,8,02 72 92 8A 94 B1 72 B0,temp=42.00
1779698659.851,0x100,8,00 45 72 49 98 12 A1 E9,speed=0.00
1779698659.985,0x200,8,ED 64 9F BB 1C CE E6 67,fuel=100.00
1779698660.040,0x300,8,02 07 4F 9B 28 6E 86 59,temp=42.00
1779698660.120,0x100,8,00 48 FE E7 96 80 34 DC,speed=0.00
1779698660.228,0x200,8,DF 64 DE C2 43 EB 4C BC,fuel=100.00
1779698660.317,0x300,8,02 A8 91 AF 4D 0A 0D F2,temp=42.00
1779698660.431,0x100,8,00 BE 50 80 E8 63 84 C5,speed=0.00
1779698660.504,0x200,8,F5 64 91 46 D4 B0 4B F4,fuel=100.00
1779698660.622,0x300,8,02 52 38 11 32 41 AB F9,temp=42.00
1779698660.724,0x100,8,00 DC 1D 5C BB 62 81 1F,speed=0.00
1779698660.888,0x200,8,55 64 9E 47 C5 FE 7C 0D,fuel=100.00
1779698660.985,0x300,8,02 87 41 DF E6 0C F3 67,temp=42.00
1779698661.182,0x100,8,00 96 31 A5 67 39 31 81,speed=0.00
1779698661.253,0x200,8,6A 64 4D C5 D7 50 6D 51,fuel=100.00
1779698661.473,0x300,8,02 2A AA B6 A2 BC 79 CF,temp=42.00
1779698661.557,0x100,8,00 07 B6 BD B8 BA 8B 96,speed=0.00
1779698661.748,0x200,8,24 64 63 52 6D 01 42 D7,fuel=100.00
1779698661.936,0x300,8,02 CE 7E 95 4F 26 20 A6,temp=42.00
1779698662.122,0x100,8,00 5A 46 81 5E 7D 12 E7,speed=0.00
1779698662.207,0x200,8,20 64 B4 CE A4 7A 6E BE,fuel=100.00
1779698662.305,0x300,8,02 6A EE 52 71 29 69 7F,temp=42.00
1779698662.371,0x100,8,00 5E A3 41 D2 0C CD 78,speed=0.00
1779698662.488,0x200,8,5F 64 0D 9C C3 5A 1D 82,fuel=100.00
1779698662.665,0x300,8,02 36 45 89 C9 AA 98 6E,temp=42.00
1779698662.750,0x100,8,00 3C 1E 45 3C 2A 63 CE,speed=0.00
1779698662.806,0x200,8,84 64 CE 0F E9 F3 56 C0,fuel=100.00
1779698662.971,0x300,8,02 ED 81 E3 B9 6A 17 18,temp=42.00
1779698663.053,0x100,8,00 C0 FF 4D FD DB F8 26,speed=0.00
1779698663.122,0x200,8,8C 64 DD 8F D2 0E D5 A3,fuel=100.00
1779698663.461,0x300,8,02 EF 52 6C D5 23 10 94,temp=42.00
1779698663.618,0x100,8,00 1B 53 4E 14 95 DD BD,speed=0.00
1779698663.756,0x200,8,DC 64 19 DE 95 5E 99 BD,fuel=100.00
1779698665.036,0x300,8,02 63 BB 86 A4 4C E1 33,temp=42.00
1779698665.320,0x100,8,00 55 D1 6E 40 EA 25 7F,speed=0.00
1779698665.508,0x200,8,45 64 B9 0A A5 F3 C0 96,fuel=100.00
1779698665.670,0x300,8,02 5E 7F 18 AD 09 30 85,temp=42.00
1779698665.762,0x100,8,00 84 36 0A DC E4 DB CB,speed=0.00
1779698665.834,0x200,8,52 64 59 27 22 84 77 99,fuel=100.00
1779698666.129,0x300,8,02 97 B7 A3 F0 81 E6 AD,temp=42.00
1779698666.386,0x100,8,00 F6 FC DF 0F 85 51 58,speed=0.00
1779698666.590,0x200,8,5F 64 1F ED F7 55 6C 01,fuel=100.00
1779698667.304,0x300,8,02 29 84 A6 7A 73 7B FB,temp=42.00
1779698667.935,0x100,8,00 6B 8A A4 2C 02 0C D3,speed=0.00
1779698668.042,0x200,8,F9 64 5A 52 F3 F7 47 AB,fuel=100.00
1779698668.355,0x300,8,02 83 09 F8 3E 95 3D F5,temp=42.00
1779698668.581,0x100,8,00 35 26 5E E5 D5 C0 D9,speed=0.00
1779698668.856,0x200,8,8F 64 6A FD A7 DB E8 0E,fuel=100.00
1779698669.035,0x300,8,02 B8 AE B4 3D 43 E6 5E,temp=42.00
1779698669.072,0x100,8,00 48 9E 6B 36 88 7D 2B,speed=0.00
1779698669.174,0x200,8,1A 64 72 C3 94 3E 6B B3,fuel=100.00
1779698669.282,0x300,8,02 E8 3E 08 F0 74 54 E9,temp=42.00
1779698669.410,0x100,8,00 F0 91 FD E3 B5 E0 45,speed=0.00
1779698669.480,0x200,8,33 64 86 E9 28 28 2D CE,fuel=100.00
1779698669.564,0x300,8,02 00 46 77 99 DD 54 0F,temp=42.00
1779698669.640,0x100,8,00 BF 3F 9E CE AC 6E E3,speed=0.00
1779698669.736,0x200,8,CE 64 E7 2E 18 2F 87 34,fuel=100.00
1779698669.833,0x300,8,02 BD 4A C9 4F B1 20 AA,temp=42.00
1779698669.926,0x100,8,00 AF 63 A5 B8 84 4A 17,speed=0.00
1779698670.043,0x200,8,06 64 8E 2F CA D2 16 D6,fuel=100.00
1779698670.268,0x300,8,02 41 E0 4A 4C 4E B9 90,temp=42.00
1779698670.333,0x100,8,00 66 5D 97 FA 80 49 1D,speed=0.00
1779698670.438,0x200,8,1F 64 AB 17 14 5E 32 AC,fuel=100.00
1779698670.506,0x300,8,02 A4 46 19 D5 D1 8F 2D,temp=42.00
1779698670.609,0x100,8,00 D2 3B 45 C6 78 A5 9B,speed=0.00
1779698670.683,0x200,8,94 64 10 84 F1 46 9D F6,fuel=100.00
1779698670.806,0x300,8,02 4D 70 2B EE F1 D1 DE,temp=42.00
1779698670.914,0x100,8,00 E2 65 5C BB DC E5 2A,speed=0.00
1779698671.020,0x200,8,D0 64 F9 54 3A 3C EC E9,fuel=100.00
1779698671.084,0x300,8,02 96 12 94 15 6D 8A AB,temp=42.00
1779698671.170,0x100,8,00 B1 C9 02 63 17 0F 6C,speed=0.00
1779698671.284,0x200,8,B4 64 8C 90 02 AA D2 89,fuel=100.00
1779698671.365,0x300,8,02 2A A1 A8 AA 81 43 9B,temp=42.00
1779698671.455,0x100,8,00 C0 53 CF 16 66 D1 B2,speed=0.00
1779698671.586,0x200,8,82 64 B3 82 E3 F8 17 2F,fuel=100.00
1779698671.637,0x300,8,02 24 A1 CA C4 55 50 12,temp=42.00
1779698671.731,0x100,8,00 1B B6 98 EC E3 F8 11,speed=0.00
1779698671.847,0x200,8,69 64 CC F9 77 9A 16 B4,fuel=100.00
1779698671.914,0x300,8,02 F7 A8 61 1F 1C 2E CE,temp=42.00
1779698672.058,0x100,8,00 4C A1 A6 B2 91 C6 11,speed=0.00
1779698672.107,0x200,8,3E 64 DD DD 79 B0 8C 73,fuel=100.00
1779698672.196,0x300,8,02 4C DA 4B 8B 7D 84 F9,temp=42.00
1779698672.299,0x100,8,00 9F D3 A3 0E CF BD 1A,speed=0.00
1779698672.400,0x200,8,75 64 64 FC 12 53 21 55,fuel=100.00
1779698672.495,0x300,8,02 7C 20 3B 9E 13 8F 2E,temp=42.00
1779698672.638,0x100,8,00 1C FE 74 AE 0C BB F6,speed=0.00
1779698672.928,0x200,8,14 64 71 4F FE 9F FF 11,fuel=100.00
1779698673.178,0x300,8,02 6E 42 C6 3E DA B3 1E,temp=42.00
1779698673.330,0x100,8,00 0F 99 CD F3 66 60 98,speed=0.00
1779698673.379,0x200,8,32 64 CB A4 CF 1C 01 44,fuel=100.00
1779698673.485,0x300,8,02 4F 59 56 26 31 5D A3,temp=42.00
1779698673.614,0x100,8,00 04 CC 33 48 8B 04 BB,speed=0.00
1779698673.639,0x200,8,28 64 49 0A DB E2 91 8D,fuel=100.00
1779698673.745,0x300,8,02 F3 27 33 C4 EC 11 18,temp=42.00
1779698673.920,0x100,8,00 4D 60 6B 7C B5 A2 B0,speed=0.00
1779698674.065,0x200,8,B7 64 CF 36 B6 C4 39 55,fuel=100.00
1779698674.178,0x300,8,02 D8 82 7B A5 EF AB B2,temp=42.00
1779698674.371,0x100,8,00 BB 0A 6A 94 90 26 DD,speed=0.00
1779698674.407,0x200,8,95 64 5E AD 2D 50 D6 72,fuel=100.00
1779698674.581,0x300,8,02 86 2A 43 02 58 69 E8,temp=42.00
1779698674.700,0x100,8,00 00 EB 28 A1 DF B7 19,speed=0.00
1779698674.782,0x200,8,F3 64 77 6F B3 E8 8D B2,fuel=100.00
1779698674.880,0x300,8,02 C7 CA E0 D7 08 11 18,temp=42.00
1779698675.106,0x100,8,00 C5 93 96 3A AC F4 9B,speed=0.00
1779698675.147,0x200,8,D1 64 1E 77 76 8C 2B E3,fuel=100.00
1779698675.243,0x300,8,02 16 55 68 2E 5E 68 32,temp=42.00
1779698675.366,0x100,8,00 B5 1E 71 E2 0C 7F 78,speed=0.00
1779698675.485,0x200,8,F9 64 7F 66 22 0A DB 7C,fuel=100.00
1779698675.542,0x300,8,02 F8 DB 55 E3 D4 3B C7,temp=42.00
1779698675.620,0x100,8,00 9B 4A C1 2F D7 F0 44,speed=0.00
1779698675.708,0x200,8,C4 64 5A 14 D8 8C C1 EA,fuel=100.00
1779698675.799,0x300,8,02 5E 5C 6C 93 CD 99 60,temp=42.00
1779698675.959,0x100,8,00 11 FD 5A 0E 5A 87 04,speed=0.00
1779698676.065,0x200,8,16 64 56 CA F0 34 35 24,fuel=100.00
1779698676.184,0x300,8,02 EC 2A 00 42 87 F3 FD,temp=42.00
1779698676.274,0x100,8,00 BE EF BB 5A BF 5F 55,speed=0.00
1779698676.381,0x200,8,9F 64 CD 47 84 16 47 A5,fuel=100.00
1779698676.467,0x300,8,02 3C 2F 27 15 5F 61 22,temp=42.00
1779698676.570,0x100,8,00 05 65 F1 0F EE 63 7D,speed=0.00
1779698676.664,0x200,8,65 64 6A CB D4 6C B6 CE,fuel=100.00
1779698676.775,0x300,8,02 90 7C 40 AA 4C 9E 9C,temp=42.00
1779698676.834,0x100,8,00 32 DB 61 9B 82 AB 34,speed=0.00
1779698676.964,0x200,8,7E 64 2B 31 92 F6 FA F5,fuel=100.00
1779698677.053,0x300,8,02 F7 42 B7 DC A9 20 E0,temp=42.00
1779698677.121,0x100,8,00 DF 55 1E 83 8E 8B 2A,speed=0.00
1779698677.268,0x200,8,08 64 47 9F 69 BC 2F DB,fuel=100.00
1779698677.316,0x300,8,02 07 CB 27 65 C4 87 2C,temp=42.00
1779698677.431,0x100,8,00 4A CF 07 82 AE 95 41,speed=0.00
1779698677.520,0x200,8,DB 64 57 FA 94 C6 E2 E1,fuel=100.00
1779698677.616,0x300,8,02 FD 7E 70 B6 4B BB 83,temp=42.00
1779698677.704,0x100,8,00 28 95 51 11 15 28 9E,speed=0.00
1779698677.781,0x200,8,AC 64 5A 0F 25 85 71 3D,fuel=100.00
1779698677.923,0x300,8,02 DD C1 E4 71 1E DB 4B,temp=42.00
1779698678.023,0x100,8,00 B7 EE 08 89 BA 94 47,speed=0.00
1779698678.103,0x200,8,3A 64 88 5D E6 BC 56 40,fuel=100.00
1779698678.221,0x300,8,02 01 C8 44 5F 33 F9 33,temp=42.00
1779698678.447,0x100,8,00 41 CA B7 FB 44 BA B8,speed=0.00
1779698678.568,0x200,8,B2 64 97 B3 2B F9 AA 5C,fuel=100.00
1779698678.664,0x300,8,02 FD BF 4A 5E C3 B4 FB,temp=42.00
1779698678.735,0x100,8,00 65 A9 D2 47 F6 71 8D,speed=0.00
1779698678.872,0x200,8,0A 64 E1 4C 47 89 9B 21,fuel=100.00
1779698680.172,0x300,8,02 89 A7 37 F0 7F 45 45,temp=42.00
1779698680.221,0x100,8,00 53 B2 A1 DE D5 2F F6,speed=0.00
1779698680.306,0x200,8,02 64 F0 BD 5D 3A 00 3E,fuel=100.00
1779698680.539,0x300,8,02 ED 8B AD AA 3D 61 F9,temp=42.00
1779698680.792,0x100,8,00 97 DF 34 D3 E5 27 54,speed=0.00
1779698681.255,0x200,8,FA 64 FA 07 2B C6 CE 9A,fuel=100.00
1779698681.439,0x300,8,02 E2 C2 66 77 F1 44 65,temp=42.00
1779698681.554,0x100,8,00 8B 24 23 26 D8 A4 7E,speed=0.00
1779698681.652,0x200,8,DE 64 5C F3 C7 4A 77 C2,fuel=100.00
1779698681.767,0x300,8,02 D7 13 DE 83 CC 1A A3,temp=42.00
1779698681.868,0x100,8,00 5C F1 92 63 F3 A8 C8,speed=0.00
1779698682.033,0x200,8,50 64 C3 C8 59 5B 83 59,fuel=100.00
1779698682.134,0x300,8,02 CA 66 DE 01 F2 6A FB,temp=42.00
1779698682.382,0x100,8,00 DE 14 EF C8 7C 7B B4,speed=0.00
1779698682.805,0x200,8,9A 64 FE 55 02 18 7E CC,fuel=100.00
1779698682.998,0x300,8,02 FE E8 87 7A EB F0 19,temp=42.00
1779698683.071,0x100,8,00 B4 F6 ED 79 03 62 D0,speed=0.00
1779698683.130,0x200,8,55 64 D7 ED 53 91 E7 88,fuel=100.00
1779698683.251,0x300,8,02 6E 3F FD 80 7A 5B 61,temp=42.00
1779698683.336,0x100,8,00 35 D4 3C D9 E0 71 A9,speed=0.00
1779698683.506,0x200,8,73 64 A9 E9 AD 63 99 97,fuel=100.00
1779698683.608,0x300,8,02 32 8C 13 00 70 9E 80,temp=42.00
1779698683.796,0x100,8,00 DE BD 25 2F 85 94 BD,speed=0.00
1779698683.875,0x200,8,CF 64 0F 69 AE D1 22 39,fuel=100.00
1779698684.137,0x300,8,02 90 46 62 20 B2 6C 3A,temp=42.00
1779698684.188,0x100,8,00 1D B8 C9 93 75 F2 B0,speed=0.00
1779698684.330,0x200,8,62 64 7D 93 25 8A 5F 3A,fuel=100.00
1779698684.447,0x300,8,02 DE D8 8F 8F 95 D0 1C,temp=42.00
1779698684.561,0x100,8,00 71 D4 10 24 AF AA 7D,speed=0.00
1779698684.672,0x200,8,E8 64 74 DC 2B 48 4F 1E,fuel=100.00
1779698684.769,0x300,8,02 C9 4D 82 6F 83 99 06,temp=42.00
1779698684.845,0x100,8,00 14 11 54 E0 1B DD EE,speed=0.00
1779698684.952,0x200,8,4A 64 76 2E E9 F6 98 47,fuel=100.00
1779698685.021,0x300,8,02 8B B8 0B EE 14 1A 9D,temp=42.00
1779698685.170,0x100,8,00 F0 4E F7 BA CA 4F 99,speed=0.00
1779698685.236,0x200,8,2A 64 E1 F8 5E BF 7E E0,fuel=100.00
1779698685.355,0x300,8,02 50 CC 91 8E 76 60 CA,temp=42.00
1779698685.452,0x100,8,00 43 EE AD FA F3 F7 54,speed=0.00
1779698685.488,0x200,8,BA 64 78 9B 56 6B F8 97,fuel=100.00
1779698685.605,0x300,8,02 FA D6 9E 03 E6 D0 D5,temp=42.00
1779698685.673,0x100,8,00 03 0E FB EF 3B 06 48,speed=0.00
1779698685.772,0x200,8,D8 64 E9 98 67 97 FA 01,fuel=100.00
1779698685.911,0x300,8,02 DD B1 CC FE CA 7C E5,temp=42.00
1779698685.960,0x100,8,00 52 0B 01 31 BB 54 7F,speed=0.00
1779698686.095,0x200,8,9B 64 7C BD 0E 10 2E 66,fuel=100.00
1779698686.180,0x300,8,02 00 C1 D6 66 F9 A3 14,temp=42.00
1779698686.255,0x100,8,00 B3 B6 6F CE A6 41 83,speed=0.00
1779698686.329,0x200,8,6D 64 91 C6 D7 2D 0A 96,fuel=100.00
1779698686.459,0x300,8,02 75 6F 43 D5 14 DA 35,temp=42.00
1779698686.861,0x100,8,00 E1 75 2C 33 D6 40 29,speed=0.00
1779698686.955,0x200,8,D8 64 BD EC C5 08 CE 03,fuel=100.00
1779698687.162,0x300,8,02 6D F9 ED 33 5C 6E 6E,temp=42.00
1779698687.357,0x100,8,00 A6 27 99 C7 17 99 33,speed=0.00
1779698687.477,0x200,8,6C 64 B6 6D 81 96 DE 02,fuel=100.00
1779698687.593,0x300,8,02 F9 70 F5 1A 03 CA CE,temp=42.00
1779698687.640,0x100,8,00 32 DB 6E 06 9D 3E FE,speed=0.00
1779698687.807,0x200,8,17 64 76 1D AB 90 F3 20,fuel=100.00
1779698687.905,0x300,8,02 4B A5 2F 42 1A A0 A3,temp=42.00
1779698687.973,0x100,8,00 AC 30 97 1B C5 71 58,speed=0.00
1779698688.062,0x200,8,99 64 C3 C7 A2 0D 23 86,fuel=100.00
1779698688.149,0x300,8,02 5B C7 CC C6 9F 6F 32,temp=42.00
1779698688.273,0x100,8,00 DD 20 AA CE 09 F4 81,speed=0.00
1779698688.375,0x200,8,19 64 DC 34 F6 77 C5 0D,fuel=100.00
1779698688.452,0x300,8,02 DF EE 91 50 58 A0 58,temp=42.00
1779698688.543,0x100,8,00 65 DD 90 85 8B 89 76,speed=0.00
1779698688.618,0x200,8,D4 64 F8 2C 97 35 10 81,fuel=100.00
1779698688.747,0x300,8,02 DA 65 33 1A 52 53 77,temp=42.00
1779698688.866,0x100,8,00 C9 57 76 47 A9 56 A0,speed=0.00
1779698688.968,0x200,8,01 64 A2 BB EE F7 78 64,fuel=100.00
1779698689.086,0x300,8,02 77 93 72 9E 99 BE 6E,temp=42.00
1779698689.187,0x100,8,00 EA D0 C5 F8 85 B2 4A,speed=0.00
1779698689.278,0x200,8,88 64 3B EE 86 5D 77 46,fuel=100.00
1779698689.373,0x300,8,02 85 7C D0 3C 6E 00 77,temp=42.00
1779698689.487,0x100,8,00 FE AA 43 A3 46 C1 5A,speed=0.00
1779698689.593,0x200,8,6D 64 C7 11 46 81 46 E3,fuel=100.00
1779698689.671,0x300,8,02 2F 92 0E C5 BB 01 D8,temp=42.00
1779698689.737,0x100,8,00 B2 13 A1 F2 D1 2C F0,speed=0.00
1779698689.846,0x200,8,05 64 73 55 CF 2D 1B B7,fuel=100.00
1779698689.929,0x300,8,02 FB 24 A8 28 6D 02 4F,temp=42.00
1779698690.107,0x100,8,00 59 C6 50 8A 56 8B 90,speed=0.00
1779698690.204,0x200,8,50 64 F6 BA AC EE B7 AF,fuel=100.00
1779698690.287,0x300,8,02 17 AF 49 62 FF 63 AB,temp=42.00
1779698690.387,0x100,8,00 A0 38 D7 73 AF 36 98,speed=0.00
1779698690.470,0x200,8,66 64 A9 DE C2 C2 DE 80,fuel=100.00
1779698690.567,0x300,8,02 36 DA 17 8C 8A 26 4C,temp=42.00
1779698690.637,0x100,8,00 D5 5B AB 57 6F 79 4F,speed=0.00
1779698690.787,0x200,8,C3 64 14 40 03 4C 20 55,fuel=100.00
1779698690.927,0x300,8,02 3A 2B E2 EF BB 0E 4F,temp=42.00
1779698691.053,0x100,8,00 57 57 11 4B 0C 40 A9,speed=0.00
1779698691.119,0x200,8,58 64 CC 93 0E 6E 80 43,fuel=100.00
1779698691.240,0x300,8,02 AE 0B F2 ED 18 05 39,temp=42.00
1779698691.306,0x100,8,00 C9 6D A3 F4 B6 3B 00,speed=0.00
1779698691.440,0x200,8,CE 64 C5 70 54 D5 93 41,fuel=100.00
1779698691.516,0x300,8,02 B4 FD 4D EE 3F A4 67,temp=42.00
1779698691.578,0x100,8,00 3C 8F DE 65 2C DD 8B,speed=0.00
1779698691.677,0x200,8,F8 64 2D BD F7 EB 21 8F,fuel=100.00
1779698691.778,0x300,8,02 54 E2 D7 36 4E FB 22,temp=42.00
1779698691.881,0x100,8,00 61 8D 70 35 91 84 19,speed=0.00
1779698691.988,0x200,8,74 64 15 29 26 2F 40 D7,fuel=100.00
1779698692.097,0x300,8,02 53 42 8A 1B E7 82 54,temp=42.00
1779698692.157,0x100,8,00 05 BA 57 09 B1 40 0A,speed=0.00
1779698692.288,0x200,8,B4 64 1C 1C FD FC 9E 76,fuel=100.00
1779698692.337,0x300,8,02 A7 B4 BA 93 CE CB 91,temp=42.00
1779698692.453,0x100,8,00 0F 29 CA E7 57 1C 3E,speed=0.00
1779698692.561,0x200,8,D3 64 16 DB 78 A0 22 D4,fuel=100.00
1779698692.644,0x300,8,02 90 CF E0 9F 8C 3E 70,temp=42.00
1779698692.737,0x100,8,00 62 87 C5 F2 CA 76 C6,speed=0.00
1779698692.826,0x200,8,BD 64 1F C4 7B 4D 80 DC,fuel=100.00
1779698692.900,0x300,8,02 EC CE 57 DD BA C8 EA,temp=42.00
1779698693.065,0x100,8,00 BB 48 F2 0E 8F 00 5A,speed=0.00
1779698693.546,0x200,8,FE 64 4D AC 67 8D 63 A4,fuel=100.00
1779698693.586,0x300,8,02 88 53 BB D7 4B E8 0C,temp=42.00
1779698693.672,0x100,8,00 40 99 05 7D A7 A7 C3,speed=0.00
1779698693.787,0x200,8,94 64 B4 4C 82 14 19 BD,fuel=100.00
1779698693.871,0x300,8,02 2B 16 78 26 06 6A 04,temp=42.00
1779698693.932,0x100,8,00 6C 3C 22 76 8C 59 BD,speed=0.00
1779698694.221,0x200,8,C7 64 4B 19 DC 62 CE 7C,fuel=100.00
1779698694.302,0x300,8,02 EB F9 FE 77 6F EC D0,temp=42.00
1779698694.481,0x100,8,00 D2 2A AB FE 7C 49 20,speed=0.00
1779698694.593,0x200,8,0D 64 4A 3E EE 88 94 08,fuel=100.00
1779698694.723,0x300,8,02 D9 21 1D 10 28 28 88,temp=42.00
1779698694.917,0x100,8,00 2D 2F B7 D8 78 0E 24,speed=0.00
1779698694.968,0x200,8,A1 64 0A 5B 9F D4 D2 95,fuel=100.00
1779698695.102,0x300,8,02 8A A8 68 01 D8 E4 9F,temp=42.00
1779698695.182,0x100,8,00 C7 68 81 3F FE 84 A4,speed=0.00
1779698695.247,0x200,8,F6 64 BC 7E 95 F3 FF 24,fuel=100.00
1779698695.388,0x300,8,02 0B 16 1C 9A 67 22 B6,temp=42.00
1779698695.524,0x100,8,00 BA EA 09 FC E3 69 27,speed=0.00
1779698695.638,0x200,8,9B 64 AC 28 AC 04 AE C0,fuel=100.00
1779698695.732,0x300,8,02 FE 1C 95 F1 F2 52 1B,temp=42.00
1779698695.818,0x100,8,00 7E 8D 8F 75 F6 84 5F,speed=0.00
1779698695.913,0x200,8,28 64 89 C6 8B 46 BD 34,fuel=100.00
1779698696.013,0x300,8,02 85 31 F9 83 DF ED 3F,temp=42.00
1779698696.118,0x100,8,00 32 25 AC 27 82 6F 2D,speed=0.00
1779698696.169,0x200,8,F0 64 07 D7 A1 E9 69 02,fuel=100.00
1779698696.260,0x300,8,02 66 DA A8 62 BA 81 85,temp=42.00
1779698696.363,0x100,8,00 12 FC 74 CC B0 72 AA,speed=0.00
1779698696.568,0x200,8,FD 64 24 4A A7 BB 17 88,fuel=100.00
1779698696.664,0x300,8,02 2A B5 1D 20 F4 4D F7,temp=42.00
1779698696.753,0x100,8,00 50 05 AF 31 8B D0 9C,speed=0.00
1779698696.823,0x200,8,5E 64 7E FC D2 D7 F3 8C,fuel=100.00
1779698696.967,0x300,8,02 A1 71 C3 3B 9C E3 8D,temp=42.00
1779698697.087,0x100,8,00 5F 48 93 B1 C3 2F 87,speed=0.00
1779698697.206,0x200,8,4F 64 4D 17 73 F6 F8 C4,fuel=100.00
1779698697.344,0x300,8,02 7C 2D C7 C5 45 A8 69,temp=42.00
1779698697.410,0x100,8,00 B8 53 61 A5 83 26 79,speed=0.00
1779698697.526,0x200,8,07 64 75 95 F9 AB ED 0A,fuel=100.00
1779698697.602,0x300,8,02 1A 1F DD D5 71 AD C5,temp=42.00
1779698697.675,0x100,8,00 C1 C7 89 FB 83 4A 89,speed=0.00
1779698697.765,0x200,8,DE 64 C7 6A BE 51 F0 3F,fuel=100.00
1779698697.853,0x300,8,02 59 F1 BC B4 1F DA D0,temp=42.00
1779698697.970,0x100,8,00 19 82 7A 37 1C 9B 00,speed=0.00
1779698698.072,0x200,8,2D 64 B6 DA 9D 70 66 FF,fuel=100.00
1779698698.139,0x300,8,02 D7 2D 2D B4 00 22 97,temp=42.00
1779698698.256,0x100,8,00 24 15 06 5F D0 8B 27,speed=0.00
1779698698.335,0x200,8,A4 64 24 3E F9 76 88 28,fuel=100.00
1779698698.434,0x300,8,02 4C 5B 85 3F 6B 6E 79,temp=42.00
1779698698.563,0x100,8,00 98 E5 7E 7F 1A 24 99,speed=0.00
1779698698.656,0x200,8,0C 64 DE BD 19 3E BA FB,fuel=100.00
1779698698.707,0x300,8,02 46 18 3C B8 FF 72 EC,temp=42.00
1779698698.844,0x100,8,00 16 B1 60 BD E0 77 88,speed=0.00
1779698698.887,0x200,8,8A 64 F0 AE 54 3C F1 9B,fuel=100.00
1779698699.013,0x300,8,02 1E 82 F1 6D 29 33 8D,temp=42.00
1779698699.087,0x100,8,00 EE 8A 6D 77 59 C8 E7,speed=0.00
1779698699.184,0x200,8,13 64 66 A0 C3 2F 62 B2,fuel=100.00
1779698699.299,0x300,8,02 6B 6D 87 58 0E 02 C7,temp=42.00
1779698699.422,0x100,8,00 91 A4 B3 E4 05 1D 32,speed=0.00
1779698699.489,0x200,8,19 64 91 10 55 5A F6 80,fuel=100.00
1779698699.605,0x300,8,02 C6 E6 1A 6F 96 D7 67,temp=42.00
1779698699.732,0x100,8,00 3D D2 16 84 BF 43 24,speed=0.00
1779698699.862,0x200,8,06 64 C0 3D CF 32 7C 82,fuel=100.00
1779698699.995,0x300,8,02 68 D0 0A 38 72 E9 53,temp=42.00
1779698700.101,0x100,8,00 5B 4A 07 16 7E F8 71,speed=0.00
1779698700.142,0x200,8,E3 64 23 85 24 B5 8D AA,fuel=100.00
1779698700.235,0x300,8,02 53 4C 63 29 A3 1E F8,temp=42.00
1779698700.325,0x100,8,00 45 2C 37 6D B3 17 BE,speed=0.00
1779698700.384,0x200,8,43 64 95 5D 65 22 21 7C,fuel=100.00
1779698700.503,0x300,8,02 8D 9C BE B9 0A A3 B9,temp=42.00
1779698700.590,0x100,8,00 BD 35 12 8B 42 C1 EC,speed=0.00
1779698700.705,0x200,8,7A 64 FD E6 E9 0F 8F 69,fuel=100.00
1779698700.803,0x300,8,02 86 4C 75 94 A6 12 ED,temp=42.00
1779698700.884,0x100,8,00 39 C3 28 7B 8D BD 7F,speed=0.00
1779698700.969,0x200,8,BA 64 7E D1 C2 6F 9B 09,fuel=100.00
1779698701.147,0x300,8,02 46 F5 33 A5 F7 CD 09,temp=42.00
1779698701.348,0x100,8,00 02 FD C1 A4 76 E0 81,speed=0.00
1779698701.468,0x200,8,55 64 14 35 1A 44 D4 01,fuel=100.00
1779698701.580,0x300,8,02 42 C7 C2 37 7E C5 8F,temp=42.00
1779698701.650,0x100,8,00 96 31 13 D0 33 F0 11,speed=0.00
1779698701.739,0x200,8,53 64 A0 E4 8C 33 AE 6F,fuel=100.00
1779698701.946,0x300,8,02 1B E0 5C DB A3 E3 99,temp=42.00
1779698702.045,0x100,8,00 8E 9B 94 98 15 CD 5E,speed=0.00
1779698702.133,0x200,8,A0 64 6D 60 DF CB 41 BC,fuel=100.00
1779698702.252,0x300,8,02 D8 81 82 EE B7 90 BA,temp=42.00
1779698702.390,0x100,8,00 12 F9 E0 D0 7C 0A 8A,speed=0.00
1779698702.486,0x200,8,08 64 B4 68 5F 89 AC E2,fuel=100.00
1779698702.562,0x300,8,02 72 6C F8 1F 5F 3A 7E,temp=42.00
1779698702.656,0x100,8,00 54 6B 30 A4 39 AB 3A,speed=0.00
1779698702.753,0x200,8,4B 64 6B F0 B3 49 D8 26,fuel=100.00
1779698702.826,0x300,8,02 CC 68 77 26 51 BC D4,temp=42.00
1779698702.925,0x100,8,00 4D 26 52 8B 7A B7 B3,speed=0.00
1779698703.070,0x200,8,D0 64 BA 32 0B AF 4B 0F,fuel=100.00
1779698703.151,0x300,8,02 46 60 48 ED 78 A9 59,temp=42.00
1779698703.206,0x100,8,00 81 E2 D1 99 EC 4F 61,speed=0.00
1779698703.315,0x200,8,A8 64 AC 19 1E E2 42 D6,fuel=100.00
1779698703.387,0x300,8,02 B6 B5 6A 42 65 6E AC,temp=42.00
1779698703.507,0x100,8,00 7D 4A D8 F5 8C A0 6D,speed=0.00
1779698703.609,0x200,8,E8 64 89 DE D1 1F FC 64,fuel=100.00
1779698703.692,0x300,8,02 03 59 49 BA C6 18 4C,temp=42.00
1779698703.795,0x100,8,00 60 4A 4C 82 A0 96 76,speed=0.00
1779698703.874,0x200,8,A3 64 86 7C 32 82 46 30,fuel=100.00
1779698703.965,0x300,8,02 20 AE 98 77 AD 29 16,temp=42.00
1779698704.045,0x100,8,00 7A 80 DF 20 B1 10 92,speed=0.00
1779698704.155,0x200,8,6D 64 D0 F4 FB 6B 23 AF,fuel=100.00
1779698704.236,0x300,8,02 67 A8 06 C6 ED BE CE,temp=42.00
1779698704.362,0x100,8,00 11 15 85 0F 3E 83 0C,speed=0.00
1779698704.456,0x200,8,C7 64 62 9E 1D 23 BD D4,fuel=100.00
1779698704.522,0x300,8,02 88 45 AF 5B 4C 19 72,temp=42.00
1779698704.644,0x100,8,00 9C B3 FE 17 7A 30 90,speed=0.00
1779698704.723,0x200,8,A7 64 D5 D0 D6 7E 4C A8,fuel=100.00
1779698704.850,0x300,8,02 87 0B B3 CB DE A6 95,temp=42.00
1779698704.945,0x100,8,00 AD B4 19 93 55 A4 F9,speed=0.00
1779698705.049,0x200,8,58 64 CA 56 17 BB 20 54,fuel=100.00
1779698705.130,0x300,8,02 94 07 E3 E6 10 67 22,temp=42.00
1779698705.203,0x100,8,00 1F 12 16 7A 41 88 C7,speed=0.00
1779698705.302,0x200,8,4C 64 6A 4A CF 26 90 19,fuel=100.00
1779698705.399,0x300,8,02 E0 77 52 C3 51 8A E5,temp=42.00
1779698705.485,0x100,8,00 97 C1 8B 51 5C 85 41,speed=0.00
1779698705.574,0x200,8,3C 64 54 AA 7B CA 5B 74,fuel=100.00
1779698705.683,0x300,8,02 53 46 F1 17 EE 95 17,temp=42.00
1779698705.765,0x100,8,00 B2 13 EA A6 D8 EC A5,speed=0.00
1779698705.841,0x200,8,D9 64 B4 0E 0B 2E D3 69,fuel=100.00
1779698705.920,0x300,8,02 F2 FE D0 40 88 BF B2,temp=42.00
1779698706.081,0x100,8,00 2E 31 B3 9C 1D 4D F8,speed=0.00
1779698706.122,0x200,8,3C 64 9B 3F 8B 27 82 E5,fuel=100.00
1779698706.241,0x300,8,02 62 1A 26 4C 24 9A C4,temp=42.00
1779698706.319,0x100,8,00 78 44 DE DE 17 94 76,speed=0.00
1779698706.413,0x200,8,D6 64 F5 EE BE E8 A7 79,fuel=100.00
1779698706.532,0x300,8,02 E4 83 12 72 9F B4 99,temp=42.00
1779698706.597,0x100,8,00 3B 06 41 8F 66 29 D7,speed=0.00
1779698706.670,0x200,8,F5 64 1B B3 92 1E DC 1F,fuel=100.00
1779698706.836,0x300,8,02 B1 25 11 52 37 15 84,temp=42.00
1779698706.896,0x100,8,00 0E 5C 4E 8D 07 9B 4F,speed=0.00
1779698706.965,0x200,8,CE 64 49 C9 70 53 B8 6C,fuel=100.00
1779698707.053,0x300,8,02 3C 21 CF 6B 2E E7 AD,temp=42.00
1779698707.147,0x100,8,00 D0 D5 FF 5D 49 EF 95,speed=0.00
1779698707.247,0x200,8,A8 64 16 B4 8E 5C 93 91,fuel=100.00
1779698707.365,0x300,8,02 CD 31 25 71 32 6C A7,temp=42.00
1779698707.442,0x100,8,00 46 46 CC 52 D2 A3 EC,speed=0.00
1779698707.533,0x200,8,DD 64 64 E0 DA A5 F4 D9,fuel=100.00
1779698707.639,0x300,8,02 33 F8 84 34 6E 93 1A,temp=42.00
1779698707.721,0x100,8,00 45 51 5D 81 25 AC 4E,speed=0.00
1779698707.809,0x200,8,C7 64 A8 CD 13 F6 7F 05,fuel=100.00
1779698707.971,0x300,8,02 7A 11 14 34 33 1A 75,temp=42.00
1779698708.089,0x100,8,00 72 86 28 8D F8 31 41,speed=0.00
1779698708.288,0x200,8,E5 64 34 80 9D 1D E2 E2,fuel=100.00
1779698708.360,0x300,8,02 32 96 C8 5D 27 99 81,temp=42.00
1779698708.539,0x100,8,00 D4 7B 64 D9 2F F7 2B,speed=0.00
1779698708.650,0x200,8,FD 64 5B D5 E8 B3 40 4F,fuel=100.00
1779698708.758,0x300,8,02 BF 2F F5 90 BD 3E BA,temp=42.00
1779698708.831,0x100,8,00 2C 07 62 7E 41 55 83,speed=0.00
1779698708.972,0x200,8,22 64 6D BB 86 8A F5 37,fuel=100.00
1779698709.033,0x300,8,02 27 D5 6A 99 49 1E BF,temp=42.00
1779698709.142,0x100,8,00 12 8C 40 85 83 15 33,speed=0.00
1779698709.209,0x200,8,1F 64 8D BA 2E 10 80 03,fuel=100.00
1779698709.348,0x300,8,02 69 85 43 08 85 9D 09,temp=42.00
1779698709.426,0x100,8,00 51 3E 28 C6 9B 19 50,speed=0.00
1779698709.503,0x200,8,64 64 8D 8C 97 73 E3 44,fuel=100.00
1779698709.576,0x300,8,02 12 9B 43 6B A1 82 87,temp=42.00
1779698709.697,0x100,8,00 BE 87 BA B3 7B AF B1,speed=0.00
1779698709.763,0x200,8,6F 64 D5 5A 75 EC F1 4C,fuel=100.00
1779698709.868,0x300,8,02 04 D1 9C 0C D5 E6 43,temp=42.00
1779698709.972,0x100,8,00 88 6A 38 CE D6 3A BB,speed=0.00
1779698710.051,0x200,8,34 64 0E 77 56 13 AB 24,fuel=100.00
1779698710.372,0x300,8,02 3A FB 9A D8 B5 ED FF,temp=42.00
1779698710.442,0x100,8,00 DD DC 26 51 F2 51 CA,speed=0.00
1779698710.550,0x200,8,21 64 25 EA 38 74 BD 70,fuel=100.00
1779698710.657,0x300,8,02 D2 7D 10 6F 32 63 C5,temp=42.00
1779698710.795,0x100,8,00 59 E3 FF CA 8A 41 B5,speed=0.00
1779698710.887,0x200,8,53 64 E4 CC 99 20 1C 3A,fuel=100.00
1779698710.988,0x300,8,02 53 27 BB 82 47 A9 FA,temp=42.00
1779698711.090,0x100,8,00 EF 6B 25 54 8E 5D 32,speed=0.00
1779698711.185,0x200,8,19 64 95 36 5D E3 CD FA,fuel=100.00
1779698711.304,0x300,8,02 3C F0 79 86 7E E7 E5,temp=42.00
1779698711.555,0x100,8,00 10 0C 3B 7E 09 0B 6D,speed=0.00
1779698711.668,0x200,8,C8 64 8B 8B 46 39 A5 33,fuel=100.00
1779698712.300,0x300,8,02 B6 19 E3 21 C1 C8 34,temp=42.00
1779698712.404,0x100,8,00 FF A6 21 00 C0 E1 07,speed=0.00
1779698712.607,0x200,8,6E 64 26 DA 32 9F 2E FB,fuel=100.00
1779698712.754,0x300,8,02 BC 64 BD 1D E7 ED C9,temp=42.00
1779698712.938,0x100,8,00 CA 99 35 3A 26 35 AF,speed=0.00
1779698713.039,0x200,8,99 64 2A B0 C7 3B 06 9D,fuel=100.00
1779698713.235,0x300,8,02 21 40 69 B6 C0 0D 01,temp=42.00
1779698713.342,0x100,8,00 F0 D3 4D ED 12 D1 A4,speed=0.00
1779698713.425,0x200,8,00 64 8D D3 94 E7 ED FB,fuel=100.00
1779698713.515,0x300,8,02 CE 01 66 7F 91 82 0B,temp=42.00
1779698713.645,0x100,8,00 F5 E3 49 C9 C0 E1 E2,speed=0.00
1779698713.720,0x200,8,76 64 FB 47 1F DC 97 05,fuel=100.00
1779698713.939,0x300,8,02 45 4F 09 D6 76 D5 D4,temp=42.00
1779698713.987,0x100,8,00 9C 23 53 07 96 5F 13,speed=0.00
1779698714.109,0x200,8,40 64 48 E5 B6 E0 7D DC,fuel=100.00
1779698714.227,0x300,8,02 08 72 7D 17 35 86 E9,temp=42.00
1779698714.313,0x100,8,00 B8 7D D1 19 A3 E9 31,speed=0.00
1779698714.400,0x200,8,8E 64 91 EE 23 61 40 FF,fuel=100.00
1779698714.502,0x300,8,02 04 11 12 54 0C 32 1C,temp=42.00
1779698714.549,0x100,8,00 82 C1 20 67 92 8E 38,speed=0.00
1779698714.731,0x200,8,B7 64 98 3A E5 4D 00 C4,fuel=100.00
1779698714.829,0x300,8,02 34 B2 E3 C3 BB 82 01,temp=42.00
1779698714.927,0x100,8,00 61 18 AA 55 1E 4B 41,speed=0.00
1779698715.105,0x200,8,63 64 0F 10 4E 91 EB F4,fuel=100.00
1779698715.243,0x300,8,02 01 12 50 74 96 6B 5E,temp=42.00
1779698715.306,0x100,8,00 7D 68 72 33 24 7F 97,speed=0.00
1779698715.409,0x200,8,C3 64 E3 A9 B6 B9 9C DC,fuel=100.00
1779698715.507,0x300,8,02 3F B9 64 13 04 92 4D,temp=42.00
1779698715.599,0x100,8,00 DB DB A6 B8 88 0B F0,speed=0.00
1779698715.716,0x200,8,94 64 3E C8 F9 89 1D 8F,fuel=100.00
1779698715.767,0x300,8,02 C3 CC 9C 91 78 A9 D3,temp=42.00
1779698715.863,0x100,8,00 50 66 76 31 57 EB A5,speed=0.00
1779698715.970,0x200,8,23 64 FD 58 39 18 92 E6,fuel=100.00
1779698716.103,0x300,8,02 2A F6 99 F2 C4 4F 85,temp=42.00
1779698716.206,0x100,8,00 F6 99 4E 4F C9 25 2F,speed=0.00
1779698716.274,0x200,8,03 64 17 49 77 D3 D9 A0,fuel=100.00
1779698716.355,0x300,8,02 05 E1 8B 7B 8D DF 2E,temp=42.00
1779698716.446,0x100,8,00 44 9B A8 80 2A 64 2B,speed=0.00
1779698716.537,0x200,8,A0 64 21 05 73 F3 B8 14,fuel=100.00
1779698716.652,0x300,8,02 FA 52 9D C6 93 35 8A,temp=42.00
1779698716.714,0x100,8,00 24 21 7B 64 47 BB D8,speed=0.00
1779698716.822,0x200,8,DB 64 E6 2F 96 C6 D7 AE,fuel=100.00
1779698716.921,0x300,8,02 FF 9B A6 37 B0 08 A0,temp=42.00
1779698717.002,0x100,8,00 00 C7 D3 40 CF 1D DC,speed=0.00
1779698717.108,0x200,8,14 64 E3 0D 66 28 18 C3,fuel=100.00
1779698717.199,0x300,8,02 53 57 40 92 A3 2E 8D,temp=42.00
1779698717.330,0x100,8,00 E9 7C 6D 0F 3E 7B A1,speed=0.00
1779698717.618,0x200,8,90 64 AF 72 5E 04 FC 2A,fuel=100.00
1779698717.744,0x300,8,02 5B 22 72 8B 97 AA 02,temp=42.00
1779698717.822,0x100,8,00 5C 57 1D 79 C9 BD E3,speed=0.00
1779698717.896,0x200,8,13 64 FE E1 EA 08 56 63,fuel=100.00
1779698717.989,0x300,8,02 58 64 4D 39 81 DE CF,temp=42.00
1779698718.156,0x100,8,00 0A 97 A4 63 EC BE E0,speed=0.00
1779698718.263,0x200,8,59 64 D8 C3 29 DA AF FF,fuel=100.00
1779698718.535,0x300,8,02 D4 73 2A E9 29 45 18,temp=42.00
1779698718.672,0x100,8,00 D8 B8 E4 39 A1 7F E9,speed=0.00
1779698718.817,0x200,8,7B 64 51 6A 3F 49 36 A1,fuel=100.00
1779698719.011,0x300,8,02 89 74 91 EB 0D 16 E9,temp=42.00
1779698719.056,0x100,8,00 68 11 07 24 E6 AF D0,speed=0.00
1779698719.371,0x200,8,0F 64 45 58 AE 2F 2B 30,fuel=100.00
1779698719.568,0x300,8,02 5B 17 2D BB BC 35 A5,temp=42.00
1779698719.673,0x100,8,00 8C 1B 47 C9 CD 49 1D,speed=0.00
1779698719.787,0x200,8,6E 64 55 C6 B5 50 0D 55,fuel=100.00
1779698720.105,0x300,8,02 CE 45 29 47 2D 93 49,temp=42.00
1779698720.284,0x100,8,00 00 35 90 42 88 07 26,speed=0.00
1779698720.409,0x200,8,AC 64 07 E9 35 D4 AF 97,fuel=100.00
1779698720.488,0x300,8,02 AB C5 D6 BD 3C C9 A2,temp=42.00
1779698720.619,0x100,8,00 0B 51 3E 54 E4 70 D5,speed=0.00
1779698720.735,0x200,8,F7 64 15 0A BC D4 DB D2,fuel=100.00
1779698720.786,0x300,8,02 A7 08 A1 C7 66 5B C6,temp=42.00
1779698720.921,0x100,8,00 49 81 F7 D1 7B 01 E7,speed=0.00
1779698721.000,0x200,8,5F 64 87 53 7B 60 C4 8A,fuel=100.00
1779698721.088,0x300,8,02 D4 3D 32 71 B9 C2 B8,temp=42.00
1779698721.188,0x100,8,00 3C 6E BF 38 BB 75 D6,speed=0.00
1779698721.268,0x200,8,F7 64 A5 AB 4F F6 95 31,fuel=100.00
1779698721.387,0x300,8,02 64 05 46 6A DF 45 92,temp=42.00
1779698721.639,0x100,8,00 1C 4B 47 40 4F D4 BB,speed=0.00
1779698721.807,0x200,8,9E 64 C8 EC 8E B2 1B FE,fuel=100.00
1779698721.952,0x300,8,02 89 22 18 57 95 37 9D,temp=42.00
1779698722.391,0x100,8,00 57 9C 7D A8 1C 57 37,speed=0.00
1779698722.716,0x200,8,C3 64 A0 13 5F FB D0 E0,fuel=100.00
1779698723.005,0x300,8,02 F1 DB B1 A8 BE 2E 50,temp=42.00
1779698723.440,0x100,8,00 79 3B 3D 5A 2A A0 E1,speed=0.00
1779698723.786,0x200,8,D3 64 46 C7 CD C0 4D BC,fuel=100.00
1779698724.062,0x300,8,02 5D 73 58 6C 5F DD 9D,temp=42.00
1779698724.239,0x100,8,00 4C EE CD 69 C5 D9 49,speed=0.00
1779698724.370,0x200,8,E6 64 00 19 F8 DF A2 6D,fuel=100.00
1779698724.621,0x300,8,02 A9 31 25 3B 1C 34 52,temp=42.00
1779698724.719,0x100,8,00 26 58 C5 7C 9B FA ED,speed=0.00
1779698724.834,0x200,8,58 64 EE 8C 7F BD 4F 31,fuel=100.00
1779698724.933,0x300,8,02 84 81 21 CA E5 F1 DD,temp=42.00
1779698725.024,0x100,8,00 69 7B D9 6E C6 D5 9B,speed=0.00
1779698725.135,0x200,8,49 64 F6 CA 3D E6 61 AA,fuel=100.00
1779698725.251,0x300,8,02 84 FF 06 1A 89 9C 75,temp=42.00
1779698725.420,0x100,8,00 D7 5B 0B F3 89 AD 4E,speed=0.00
1779698725.525,0x200,8,2E 64 B2 F1 98 33 DC D6,fuel=100.00
1779698725.689,0x300,8,02 2A E6 C9 4F 35 78 CB,temp=42.00
1779698725.939,0x100,8,00 89 E0 F8 4A 64 59 60,speed=0.00
1779698726.017,0x200,8,E5 64 C1 7E 6C 0A 8D 9A,fuel=100.00
1779698726.118,0x300,8,02 B1 81 04 04 62 EB 81,temp=42.00
1779698726.840,0x100,8,00 AF 19 8D 73 FB E8 FF,speed=0.00
1779698726.971,0x200,8,4B 64 AC 01 92 C0 E1 94,fuel=100.00
1779698727.350,0x300,8,02 87 F0 B1 69 43 A6 89,temp=42.00
1779698727.637,0x100,8,00 BA 5B FD 19 5B AB BE,speed=0.00
1779698727.790,0x200,8,55 64 8A 8F 5E 77 78 7C,fuel=100.00
1779698727.833,0x300,8,02 59 AF 16 57 1F A3 F4,temp=42.00
1779698728.088,0x100,8,00 0B C1 7E C4 A6 68 85,speed=0.00
1779698728.238,0x200,8,C2 64 F8 7A D7 B8 22 5A,fuel=100.00
1779698728.287,0x300,8,02 C8 65 38 1B B3 89 B2,temp=42.00
1779698728.473,0x100,8,00 97 37 D9 CD 46 BB 14,speed=0.00
1779698728.589,0x200,8,6D 64 31 44 C0 9D AB 89,fuel=100.00
1779698728.655,0x300,8,02 0C FA C2 0C 82 0D 3E,temp=42.00
1779698728.745,0x100,8,00 2A 63 5F DA 38 44 3F,speed=0.00
1779698728.841,0x200,8,01 64 AC 1B 95 C0 96 5C,fuel=100.00
1779698728.921,0x300,8,02 B1 AD D1 DF C4 04 CA,temp=42.00
1779698729.040,0x100,8,00 57 F7 76 CB 32 60 21,speed=0.00
1779698729.135,0x200,8,C6 64 7B 1D A3 32 45 5E,fuel=100.00
1779698729.224,0x300,8,02 3E 19 D6 C9 8F BA 6F,temp=42.00
1779698729.323,0x100,8,00 AC 5A FD DD ED 6D 76,speed=0.00
1779698729.435,0x200,8,A4 64 77 09 4D 1E F6 65,fuel=100.00
1779698729.496,0x300,8,02 28 1C AD 80 3F C8 17,temp=42.00
1779698729.624,0x100,8,00 7E B5 EE 4C 9E 7A D5,speed=0.00
1779698729.703,0x200,8,F9 64 6A CA E4 2A 77 CB,fuel=100.00
1779698729.804,0x300,8,02 F6 47 44 83 80 98 D9,temp=42.00
1779698729.889,0x100,8,00 2D 0F 27 2B FF AC E7,speed=0.00
1779698729.990,0x200,8,BA 64 A4 4D 0E C0 23 F4,fuel=100.00
1779698730.092,0x300,8,02 7E 7C 88 01 56 AE 04,temp=42.00
1779698730.156,0x100,8,00 DA 4D 17 96 DE C9 6A,speed=0.00
1779698730.406,0x200,8,5D 64 DD E8 E7 79 95 EF,fuel=100.00
1779698730.497,0x300,8,02 C5 14 30 15 B0 D4 F1,temp=42.00
1779698730.533,0x100,8,00 DF 66 B0 E4 79 50 F5,speed=0.00
1779698730.631,0x200,8,B6 64 E4 C5 96 71 C9 69,fuel=100.00
1779698730.757,0x300,8,02 9D 07 6E 82 DD 26 D7,temp=42.00
1779698730.852,0x100,8,00 CC 09 F7 E0 32 DF 18,speed=0.00
1779698730.916,0x200,8,5D 64 0B 83 6C 48 5C 9D,fuel=100.00
1779698731.068,0x300,8,02 E8 36 9D 55 63 88 4F,temp=42.00
1779698731.152,0x100,8,00 0C 8C CF 4B 04 3B 31,speed=0.00
1779698731.221,0x200,8,51 64 58 A2 36 7B B5 FE,fuel=100.00
1779698731.318,0x300,8,02 7F A5 14 96 7D 5F 0D,temp=42.00
1779698731.434,0x100,8,00 19 34 2E 07 BE 07 7E,speed=0.00
1779698731.490,0x200,8,D8 64 0B F2 EC 30 BD 3C,fuel=100.00
1779698731.598,0x300,8,02 A8 08 5E 5F BF D7 B3,temp=42.00
1779698731.690,0x100,8,00 20 1D AB 13 33 F3 81,speed=0.00
1779698731.770,0x200,8,B5 64 8B FB 7D 95 75 11,fuel=100.00
1779698731.856,0x300,8,02 A4 79 20 81 0B 99 5E,temp=42.00
1779698731.987,0x100,8,00 F8 C6 B1 65 D7 83 D5,speed=0.00
1779698732.057,0x200,8,E8 64 96 34 31 6C D0 B3,fuel=100.00
1779698732.532,0x300,8,02 A9 FA A2 27 B4 4E 61,temp=42.00
1779698732.682,0x100,8,00 90 84 90 19 BD 8E 02,speed=0.00
1779698732.819,0x200,8,67 64 6B 74 B7 32 8D D2,fuel=100.00
1779698732.890,0x300,8,02 73 A6 AD 37 CC D5 12,temp=42.00
1779698732.981,0x100,8,00 2E 98 63 E4 8C 65 13,speed=0.00
1779698733.137,0x200,8,B4 64 14 B7 3F 61 BA FB,fuel=100.00
1779698733.339,0x300,8,02 95 8E A1 16 03 A6 F5,temp=42.00
1779698733.605,0x100,8,00 48 DF CA D8 C4 58 A4,speed=0.00
1779698733.769,0x200,8,5A 64 4A 78 E8 93 70 70,fuel=100.00
1779698733.887,0x300,8,02 92 4E 15 DF CA A4 05,temp=42.00
1779698733.974,0x100,8,00 4B 5C 1D 6D DA 7D 8F,speed=0.00
1779698734.136,0x200,8,69 64 01 4E 64 EC 97 3C,fuel=100.00
1779698734.239,0x300,8,02 A9 E8 FB D9 E4 ED 01,temp=42.00
1779698734.304,0x100,8,00 BA 89 4C EC FF 5A 00,speed=0.00
1779698734.384,0x200,8,B1 64 78 14 44 B7 88 21,fuel=100.00
1779698734.489,0x300,8,02 99 2A 12 50 34 91 25,temp=42.00
1779698734.567,0x100,8,00 11 B5 2C CF 2A 01 5A,speed=0.00
1779698734.784,0x200,8,A2 64 15 E6 7C D9 1E B7,fuel=100.00
1779698734.902,0x300,8,02 8A D6 79 F6 A4 B5 82,temp=42.00
1779698735.169,0x100,8,00 99 EF 6E 6E 9F A1 48,speed=0.00
1779698735.370,0x200,8,D0 64 40 1E 8E 11 B6 6F,fuel=100.00
1779698735.901,0x300,8,02 5F 7B FF 1A CB 91 53,temp=42.00
1779698736.673,0x100,8,00 6D 4A 61 CF E5 C8 D6,speed=0.00
1779698737.509,0x200,8,F8 64 4A A8 34 3B 7D B0,fuel=100.00
1779698738.429,0x300,8,02 88 EF 18 8B 6B 1F DD,temp=42.00
1779698740.741,0x100,8,00 7F A9 7C 33 76 CA 18,speed=0.00
1779698740.857,0x200,8,45 64 BF 87 4C 32 94 14,fuel=100.00
1779698741.014,0x300,8,02 65 2A 95 4A C9 E6 1B,temp=42.00
1779698741.063,0x100,8,00 12 B3 38 96 8E 53 36,speed=0.00
1779698741.138,0x200,8,DD 64 F0 01 2A 5B DB 36,fuel=100.00
1779698741.274,0x300,8,02 3E C3 E3 77 22 73 67,temp=42.00
1779698741.346,0x100,8,00 94 18 79 F2 3A 30 9C,speed=0.00
1779698741.435,0x200,8,59 64 C8 A1 FE 41 AC 66,fuel=100.00
1779698741.522,0x300,8,02 EA BC 0E DA E8 AE CD,temp=42.00
1779698741.669,0x100,8,00 00 C4 5D 10 09 D2 AB,speed=0.00
1779698741.736,0x200,8,82 64 1D 4B A0 98 67 EE,fuel=100.00
1779698741.939,0x300,8,02 1C 27 12 91 6E CF 73,temp=42.00
1779698741.984,0x100,8,00 7A 1A F7 B1 39 CF 4D,speed=0.00
1779698742.087,0x200,8,0C 64 E7 A6 14 1B 50 BE,fuel=100.00
1779698742.202,0x300,8,02 94 B1 65 89 BB BD A9,temp=42.00
1779698742.421,0x100,8,00 69 82 36 8C CE 54 7B,speed=0.00
1779698742.466,0x200,8,C7 64 31 DA 88 4A E5 4C,fuel=100.00
1779698742.599,0x300,8,02 1E B9 37 0A 2E DD 6F,temp=42.00
1779698742.638,0x100,8,00 10 7A 7D AD 00 ED A3,speed=0.00
1779698742.748,0x200,8,DA 64 36 FA 59 7A CB FE,fuel=100.00
1779698742.819,0x300,8,02 DB 4A 07 FB 14 32 36,temp=42.00
1779698742.939,0x100,8,00 16 06 EA ED 25 F8 C5,speed=0.00
1779698743.084,0x200,8,F8 64 E6 79 5F D6 A4 EF,fuel=100.00
1779698743.233,0x300,8,02 92 8A 40 AC DB E7 FD,temp=42.00
1779698743.320,0x100,8,00 39 58 2D C9 AB 90 D7,speed=0.00
1779698743.505,0x200,8,00 64 70 09 FD AB 46 3A,fuel=100.00
1779698743.588,0x300,8,02 44 BA 8A 3A 7F 4A 64,temp=42.00
1779698743.685,0x100,8,00 8A A9 42 60 48 AC 8F,speed=0.00
1779698743.746,0x200,8,4F 64 8B 29 29 88 47 B6,fuel=100.00
1779698743.891,0x300,8,02 6D DD 44 D8 5A DC C6,temp=42.00
1779698744.025,0x100,8,00 22 0C DB 95 A7 66 B0,speed=0.00
1779698744.115,0x200,8,71 64 7A 6C 58 CE 1D 46,fuel=100.00
1779698744.272,0x300,8,02 E6 02 98 C4 BC 0E C3,temp=42.00
1779698744.721,0x100,8,00 2E 76 BE 62 45 95 BE,speed=0.00
1779698745.707,0x200,8,C9 64 63 61 D4 6C D9 77,fuel=100.00
1779698745.818,0x300,8,02 17 7D 67 AE 27 AE 4C,temp=42.00
1779698745.975,0x100,8,00 DF 98 C3 79 DB A8 BD,speed=0.00
1779698746.102,0x200,8,B5 64 0C 25 72 12 E1 6E,fuel=100.00
1779698746.241,0x300,8,02 5A 7A 99 53 7D 2D 27,temp=42.00
1779698746.332,0x100,8,00 1A 7A 1F A0 24 4B 1F,speed=0.00
1779698746.448,0x200,8,9F 64 AF 02 E9 F9 4D F6,fuel=100.00
1779698746.538,0x300,8,02 FD E1 10 E8 82 44 2D,temp=42.00
1779698747.056,0x100,8,00 4B 23 D7 DD 0D 6F 2D,speed=0.00
1779698747.171,0x200,8,06 64 1F 92 5C F1 31 70,fuel=100.00
1779698747.254,0x300,8,02 09 AA 55 79 12 60 99,temp=42.00
1779698747.358,0x100,8,00 DF 4F 35 05 BD 49 77,speed=0.00
1779698747.436,0x200,8,1D 64 62 5F 87 74 65 FE,fuel=100.00
1779698747.563,0x300,8,02 10 FD 9C 1F 7C 87 40,temp=42.00
1779698747.672,0x100,8,00 48 98 4B 18 64 9D 73,speed=0.00
1779698747.736,0x200,8,E7 64 B0 59 2C FD BE 31,fuel=100.00
1779698747.924,0x300,8,02 36 C4 79 5A 83 07 03,temp=42.00
1779698748.439,0x100,8,00 16 02 1C 79 9D A7 FE,speed=0.00
1779698748.520,0x200,8,C1 64 4A 11 9B D3 15 E3,fuel=100.00
1779698748.581,0x300,8,02 2A 01 F0 D5 00 90 7D,temp=42.00
1779698748.689,0x100,8,00 0C D7 30 FF 85 F0 BF,speed=0.00
1779698748.831,0x200,8,B2 64 23 16 F0 E5 0F EF,fuel=100.00
1779698748.909,0x300,8,02 2D 83 0B 5F CF E5 F2,temp=42.00
1779698749.055,0x100,8,00 41 6D A3 B4 26 23 E4,speed=0.00
1779698749.261,0x200,8,43 64 A2 3A C4 D9 94 F4,fuel=100.00
1779698749.312,0x300,8,02 6B 0D E9 A0 39 73 06,temp=42.00
1779698749.439,0x100,8,00 24 40 9E EE 81 0F 42,speed=0.00
1779698749.556,0x200,8,EA 64 EB 26 2A 36 53 74,fuel=100.00
1779698749.718,0x300,8,02 CB 9B EF 43 48 18 29,temp=42.00
1779698749.806,0x100,8,00 FF CF 9E 2D 67 02 5F,speed=0.00
1779698749.890,0x200,8,6D 64 95 65 A5 5B 8B B6,fuel=100.00
1779698749.970,0x300,8,02 BD 26 84 66 4D 38 20,temp=42.00
1779698750.149,0x100,8,00 23 A2 AD 1C A4 14 FC,speed=0.00
1779698750.272,0x200,8,97 64 9D A0 D5 5E 66 88,fuel=100.00
1779698750.382,0x300,8,02 54 C2 E3 28 F6 F1 87,temp=42.00
1779698750.490,0x100,8,00 A9 A7 8C CA 5A C9 F0,speed=0.00
1779698750.637,0x200,8,0A 64 79 82 21 4C 09 2A,fuel=100.00
1779698750.805,0x300,8,02 34 00 93 F4 89 6B CA,temp=42.00
1779698751.105,0x100,8,00 C2 21 8B 25 AA CE 93,speed=0.00
1779698751.219,0x200,8,1A 64 18 99 C0 54 B3 CD,fuel=100.00
1779698751.547,0x300,8,02 1F BA 4C 3A 47 D4 EC,temp=42.00
1779698751.657,0x100,8,00 9E C3 07 3F 3B 88 5B,speed=0.00
1779698751.733,0x200,8,AE 64 C6 82 85 98 4A 19,fuel=100.00
1779698751.970,0x300,8,02 C8 AC 5E DE 3A 0C 0A,temp=42.00
1779698752.052,0x100,8,00 64 0A 87 28 6A D8 D6,speed=0.00
1779698752.302,0x200,8,70 64 DE 3D A1 C1 B7 AD,fuel=100.00
1779698752.434,0x300,8,02 C9 97 70 44 EF BA 04,temp=42.00
1779698752.724,0x100,8,00 A4 25 A4 46 2B 52 66,speed=0.00
1779698752.953,0x200,8,26 64 2C 17 E3 9E 4F C9,fuel=100.00
1779698753.034,0x300,8,02 8F C2 31 1A D1 25 6F,temp=42.00
1779698753.174,0x100,8,00 D5 25 20 E6 6C 7E C8,speed=0.00
1779698753.339,0x200,8,33 64 F1 4F 46 39 6C 58,fuel=100.00
1779698753.452,0x300,8,02 A4 05 0A 2D 12 BA 19,temp=42.00
1779698753.555,0x100,8,00 5E 98 06 E1 F3 FB C6,speed=0.00
1779698753.682,0x200,8,6B 64 6D EB 50 40 9D E0,fuel=100.00
1779698753.757,0x300,8,02 4C E7 14 94 98 E4 16,temp=42.00
1779698754.039,0x100,8,00 80 27 1F 2B 12 C4 2B,speed=0.00
1779698754.132,0x200,8,E7 64 C0 AD D3 B2 CC A9,fuel=100.00
1779698754.241,0x300,8,02 28 04 16 58 03 33 DC,temp=42.00
1779698754.366,0x100,8,00 2A 80 9B 20 F1 53 80,speed=0.00
1779698754.420,0x200,8,75 64 A7 5E 7E E0 A9 A5,fuel=100.00
1779698754.555,0x300,8,02 DB 1A 99 D5 AC B7 F7,temp=42.00
1779698754.603,0x100,8,00 A2 53 7A 18 12 C8 46,speed=0.00
1779698754.708,0x200,8,6D 64 E4 B5 99 E5 30 DD,fuel=100.00
1779698754.807,0x300,8,02 37 D2 55 8F A1 62 B4,temp=42.00
1779698754.890,0x100,8,00 92 6E 5F 44 FB 54 BD,speed=0.00
1779698755.012,0x200,8,2A 64 31 FA 58 79 D2 52,fuel=100.00
1779698755.101,0x300,8,02 06 DF 03 1B 4A 85 67,temp=42.00
1779698755.405,0x100,8,00 33 AA BB FD D1 E8 62,speed=0.00
1779698755.469,0x200,8,11 64 4B 17 5D 30 16 97,fuel=100.00
1779698755.566,0x300,8,02 22 EF 71 28 A1 0D B3,temp=42.00
1779698755.707,0x100,8,00 44 F9 BB 27 8B 29 DF,speed=0.00
1779698756.039,0x200,8,E5 64 6E 8A 5A 9F 5A BC,fuel=100.00
1779698756.089,0x300,8,02 C7 32 1F 5A 49 9B B5,temp=42.00
1779698756.385,0x100,8,00 F6 8C 2F 34 B2 53 32,speed=0.00
1779698756.685,0x200,8,73 64 B7 A4 0A 6E 32 B4,fuel=100.00
1779698757.071,0x300,8,02 A8 D7 2C E5 2C 11 CA,temp=42.00
1779698757.180,0x100,8,00 C7 4A AF 60 36 9B B9,speed=0.00
1779698757.296,0x200,8,4D 64 10 5C 76 1E 2E A6,fuel=100.00
1779698757.398,0x300,8,02 45 47 59 64 00 D0 60,temp=42.00
1779698757.600,0x100,8,00 1E 03 3E E3 9E AA C0,speed=0.00
1779698757.669,0x200,8,E7 64 03 A8 F2 26 F1 E0,fuel=100.00
1779698757.749,0x300,8,02 5A C6 1B E2 13 BC 06,temp=42.00
1779698757.839,0x100,8,00 48 E7 69 0F AC D9 BC,speed=0.00
1779698757.959,0x200,8,83 64 7D 4F 50 78 51 14,fuel=100.00
1779698758.040,0x300,8,02 C8 E5 47 25 22 55 78,temp=42.00
1779698758.235,0x100,8,00 F4 86 1B C6 FC 2E 4B,speed=0.00
1779698758.402,0x200,8,12 64 2D 2B 32 9B 32 6D,fuel=100.00
1779698758.632,0x300,8,02 6B 9F ED 22 42 CD BA,temp=42.00
1779698758.736,0x100,8,00 0F 48 D5 6F 5B 12 28,speed=0.00
1779698759.056,0x200,8,CD 64 2E 9D A2 7C 5B 98,fuel=100.00
1779698759.300,0x300,8,02 9B 57 F3 00 17 24 CE,temp=42.00
1779698759.437,0x100,8,00 CA B1 FD A2 59 0D B0,speed=0.00
1779698759.573,0x200,8,7D 64 40 71 1D C1 39 99,fuel=100.00
1779698759.706,0x300,8,02 58 4D 22 3B CA 01 69,temp=42.00
1779698759.790,0x100,8,00 E6 F1 58 81 DA CA 0B,speed=0.00
1779698759.922,0x200,8,27 64 B3 7E 27 AA F3 1E,fuel=100.00
1779698760.017,0x300,8,02 1B 6D 63 82 AA 5E 06,temp=42.00
1779698760.115,0x100,8,00 DC 14 70 B7 39 88 23,speed=0.00
1779698760.222,0x200,8,50 64 8D C8 78 24 B6 72,fuel=100.00
1779698760.358,0x300,8,02 27 38 AA 71 10 74 D3,temp=42.00
1779698760.437,0x100,8,00 78 95 87 9E 5A 37 FE,speed=0.00
1779698760.548,0x200,8,65 64 21 C7 AE 6D CA 2F,fuel=100.00
1779698760.635,0x300,8,02 36 78 A3 C4 C5 50 AC,temp=42.00
1779698760.772,0x100,8,00 5A CC CD 36 4F 64 2B,speed=0.00
1779698760.847,0x200,8,38 64 05 98 88 45 1E 91,fuel=100.00
1779698760.914,0x300,8,02 77 2F 01 B8 22 CA 67,temp=42.00
1779698761.045,0x100,8,00 73 E9 69 22 D9 EA 62,speed=0.00
1779698761.119,0x200,8,A8 64 05 71 3C 4C AF 41,fuel=100.00
1779698761.186,0x300,8,02 E3 57 90 39 54 EE C9,temp=42.00
1779698761.318,0x100,8,00 F6 FF 03 6D 6B A3 E2,speed=0.00
1779698761.401,0x200,8,12 64 9C A5 E5 20 C1 B5,fuel=100.00
1779698761.467,0x300,8,02 FF 4F 41 A5 FA A9 BE,temp=42.00
1779698761.946,0x100,8,00 92 89 9E 67 C2 76 24,speed=0.00
1779698762.035,0x200,8,3E 64 FF 9C A6 1A 05 2D,fuel=100.00
1779698762.168,0x300,8,02 3D 5B 04 B0 18 A4 8B,temp=42.00
1779698762.256,0x100,8,00 10 2B 2D 18 D1 CD BF,speed=0.00
1779698762.367,0x200,8,3D 64 22 90 85 08 05 8D,fuel=100.00
1779698762.423,0x300,8,02 75 99 5F 7E E9 18 4B,temp=42.00
1779698762.572,0x100,8,00 9E 0F E9 44 B5 A8 DF,speed=0.00
1779698762.625,0x200,8,CF 64 EF 2D 54 07 1F 27,fuel=100.00
1779698762.705,0x300,8,02 88 55 0B A6 18 59 DD,temp=42.00
1779698762.823,0x100,8,00 6C A4 7F 65 0F 80 54,speed=0.00
1779698762.901,0x200,8,C4 64 0D FA 2C E5 D2 27,fuel=100.00
1779698762.980,0x300,8,02 EE 5E 9C EF 2F D5 51,temp=42.00
1779698763.083,0x100,8,00 2C F6 74 BC A4 A2 5A,speed=0.00
1779698763.183,0x200,8,D7 64 82 0B AC 39 4E 2A,fuel=100.00
1779698763.256,0x300,8,02 62 11 8D 97 2F 7A 9D,temp=42.00
1779698763.389,0x100,8,00 96 0D 97 7B 97 D1 7E,speed=0.00
1779698763.524,0x200,8,21 64 2E C3 05 06 59 D7,fuel=100.00
1779698763.604,0x300,8,02 55 D5 58 2E D3 33 6D,temp=42.00
1779698763.669,0x100,8,00 B8 2E E1 AC 40 C9 B7,speed=0.00
1779698763.765,0x200,8,5F 64 14 50 36 3E 19 F6,fuel=100.00
1779698763.852,0x300,8,02 A0 99 E0 06 D4 9A F0,temp=42.00
1779698763.931,0x100,8,00 C1 E2 9D 4E B4 1E 40,speed=0.00
1779698764.022,0x200,8,BF 64 AF 3D AE 83 F7 0E,fuel=100.00
1779698764.136,0x300,8,02 3A F3 6B 43 70 54 AA,temp=42.00
1779698764.241,0x100,8,00 18 C2 DC F3 2E 37 64,speed=0.00
1779698764.325,0x200,8,D0 64 AA 87 1C 82 B1 06,fuel=100.00
1779698764.390,0x300,8,02 95 16 D1 9E A8 33 71,temp=42.00
1779698764.614,0x100,8,00 91 A7 EB 1F 68 09 97,speed=0.00
1779698764.673,0x200,8,8B 64 56 09 5C 91 E2 6D,fuel=100.00
1779698764.774,0x300,8,02 88 75 59 1E AF 4E 6E,temp=42.00
1779698764.860,0x100,8,00 7A AC 8C 85 9A 9D CE,speed=0.00
1779698764.973,0x200,8,A4 64 5D CC AA DD 06 3E,fuel=100.00
1779698765.145,0x300,8,02 10 37 C1 8C F5 AE D3,temp=42.00
1779698765.237,0x100,8,00 6B FE 95 CD 4A C4 41,speed=0.00
1779698765.306,0x200,8,2A 64 1F 5A F1 73 59 7B,fuel=100.00
1779698765.439,0x300,8,02 3E 92 35 43 E2 23 6C,temp=42.00
1779698765.531,0x100,8,00 42 9A 3B AD EE DE 76,speed=0.00
1779698765.642,0x200,8,CD 64 30 7C 86 43 2B BE,fuel=100.00
1779698765.734,0x300,8,02 FE 31 EA 2D B2 AD 91,temp=42.00
1779698765.826,0x100,8,00 7D 4E 2A DE 44 D2 47,speed=0.00
1779698765.931,0x200,8,7B 64 3C 46 6C 18 55 6C,fuel=100.00
1779698765.998,0x300,8,02 CC F7 0F B5 AA 3A 46,temp=42.00
1779698766.114,0x100,8,00 BB F1 B0 6E 23 2D DD,speed=0.00
1779698766.238,0x200,8,B0 64 5C B8 93 8E CD AC,fuel=100.00
1779698766.286,0x300,8,02 0F 37 1E 13 F1 83 8A,temp=42.00
1779698766.438,0x100,8,00 1F F5 18 68 1E 14 EC,speed=0.00
1779698766.616,0x200,8,4F 64 44 46 C2 BC B5 8D,fuel=100.00
1779698766.691,0x300,8,02 2F 7E D9 DB F9 A0 3A,temp=42.00
1779698766.785,0x100,8,00 C1 AC 90 11 24 99 49,speed=0.00
1779698766.853,0x200,8,78 64 C7 C0 72 91 D4 81,fuel=100.00
1779698766.941,0x300,8,02 A0 02 A8 2E 2E F8 63,temp=42.00
1779698767.099,0x100,8,00 44 08 B6 09 71 2C BE,speed=0.00
1779698767.233,0x200,8,28 64 5E 1C F2 EF 24 4A,fuel=100.00
1779698767.323,0x300,8,02 33 5D DF 31 AD B6 2F,temp=42.00
1779698767.558,0x100,8,00 FE 02 17 41 79 D3 08,speed=0.00
1779698767.706,0x200,8,1B 64 4C D3 65 08 C6 F5,fuel=100.00
1779698767.809,0x300,8,02 5A 80 09 1D B3 0C 79,temp=42.00
1779698768.135,0x100,8,00 B8 96 2B B3 AD DA 4C,speed=0.00
1779698768.306,0x200,8,2B 64 29 DC 6C 09 63 27,fuel=100.00
1779698768.407,0x300,8,02 AF CB 31 BE 02 20 89,temp=42.00
1779698768.488,0x100,8,00 3D 82 83 31 17 1E BA,speed=0.00
1779698768.582,0x200,8,66 64 07 D9 CF 70 E0 7A,fuel=100.00
1779698768.688,0x300,8,02 F8 4C F0 7F EA 06 98,temp=42.00
1779698768.750,0x100,8,00 C3 7C 0F 44 AF 7D CF,speed=0.00
1779698768.864,0x200,8,23 64 60 35 BD B1 7B D5,fuel=100.00
1779698768.980,0x300,8,02 16 4F 42 B8 0B 2A C4,temp=42.00
1779698769.041,0x100,8,00 FE 38 9C 28 DC 37 F6,speed=0.00
1779698769.269,0x200,8,82 64 2F D6 8E 46 4C 82,fuel=100.00
1779698769.357,0x300,8,02 D3 E5 20 F0 EC 65 11,temp=42.00
1779698769.451,0x100,8,00 C9 25 74 8F 49 DC 30,speed=0.00
1779698769.554,0x200,8,60 64 A1 C1 AC 54 D6 6B,fuel=100.00
1779698769.654,0x300,8,02 64 91 B9 4E 32 5B 47,temp=42.00
1779698769.830,0x100,8,00 CE B2 0E 4C BC 14 83,speed=0.00
1779698769.955,0x200,8,8F 64 EC 6C C8 61 36 B4,fuel=100.00
1779698770.073,0x300,8,02 3D E1 94 88 B4 BD 97,temp=42.00
1779698770.160,0x100,8,00 F2 34 B7 EC 40 FE 28,speed=0.00
1779698770.223,0x200,8,B4 64 26 47 A8 05 64 9E,fuel=100.00
1779698770.557,0x300,8,02 E3 7F 02 AF BA 88 D6,temp=42.00
1779698771.424,0x100,8,00 7E A5 A5 F5 D1 CC 69,speed=0.00
1779698771.792,0x200,8,A1 64 47 BA 75 59 13 3E,fuel=100.00
1779698771.921,0x300,8,02 29 1D DF D9 9D 9F 79,temp=42.00
1779698772.119,0x100,8,00 D8 17 D3 0E F2 2C 57,speed=0.00
1779698772.238,0x200,8,B4 64 B6 DF 24 6F BF 26,fuel=100.00
1779698772.386,0x300,8,02 28 67 B1 F1 EE 99 7A,temp=42.00
1779698772.738,0x100,8,00 F6 CC C2 D1 8E 34 EF,speed=0.00
1779698773.121,0x200,8,23 64 F5 28 B8 AB 1B 1A,fuel=100.00
1779698773.534,0x300,8,02 58 66 E3 AA 1F 35 18,temp=42.00
1779698773.757,0x100,8,00 75 9E F8 8E 1C 72 52,speed=0.00
1779698774.159,0x200,8,54 64 51 D0 6C 76 0F 4C,fuel=100.00
1779698774.323,0x300,8,02 58 6B 1D 60 A4 B0 A6,temp=42.00
1779698774.474,0x100,8,00 91 BB C5 A5 DA DE 06,speed=0.00
1779698774.638,0x200,8,A0 64 9E 16 EB CB CB 38,fuel=100.00
1779698774.764,0x300,8,02 77 30 C7 F0 69 3F 75,temp=42.00
1779698774.858,0x100,8,00 0A 86 57 10 C5 CC DB,speed=0.00
1779698774.924,0x200,8,13 64 CE C4 37 31 60 20,fuel=100.00
1779698775.086,0x300,8,02 BC FA DD 63 D8 BE EB,temp=42.00
1779698775.569,0x100,8,00 09 FF 2E 95 8E FD 5D,speed=0.00
1779698775.988,0x200,8,46 64 E7 C5 39 BF D4 AD,fuel=100.00
1779698776.113,0x300,8,02 8F BF 19 04 43 D4 F8,temp=42.00
1779698776.152,0x100,8,00 94 B2 91 B3 EC 9F CA,speed=0.00
1779698776.220,0x200,8,17 64 D9 DA BC AF D4 02,fuel=100.00
1779698776.373,0x300,8,02 93 A9 AA 72 8D BC 24,temp=42.00
1779698776.432,0x100,8,00 05 94 0B 82 96 5C F3,speed=0.00
1779698776.547,0x200,8,4F 64 F8 75 36 CA 2C 7D,fuel=100.00
1779698776.635,0x300,8,02 47 CD 2B 59 AE 1C 43,temp=42.00
1779698776.735,0x100,8,00 CC 0A AE EB 5F 4F 85,speed=0.00
1779698776.809,0x200,8,0C 64 8F 01 B8 D0 40 61,fuel=100.00
1779698776.882,0x300,8,02 42 97 F5 66 9A 54 EF,temp=42.00
1779698776.991,0x100,8,00 7F 32 ED 74 F7 82 FF,speed=0.00
1779698777.103,0x200,8,99 64 23 5E 01 05 A0 D9,fuel=100.00
1779698777.168,0x300,8,02 D6 6F 66 3E A8 59 40,temp=42.00
1779698777.265,0x100,8,00 54 85 EF FC 9A 16 23,speed=0.00
1779698777.357,0x200,8,6B 64 72 E3 4D 6D F6 8B,fuel=100.00
1779698777.453,0x300,8,02 A2 97 C2 F4 CE D5 AA,temp=42.00
1779698777.556,0x100,8,00 C8 02 08 C8 82 BC EB,speed=0.00
1779698777.629,0x200,8,0B 64 73 01 8D 1F 9B 43,fuel=100.00
1779698777.754,0x300,8,02 D1 90 B9 31 F9 DF 90,temp=42.00
1779698777.852,0x100,8,00 FA D6 CD 4C CB B0 F2,speed=0.00
1779698777.955,0x200,8,6C 64 C2 11 5C B0 B0 F2,fuel=100.00
1779698778.067,0x300,8,02 81 BB CE 63 23 8F EE,temp=42.00
1779698778.155,0x100,8,00 98 FF A6 C8 B4 B2 05,speed=0.00
1779698778.282,0x200,8,DE 64 58 EB 20 64 B6 3F,fuel=100.00
1779698778.337,0x300,8,02 AA 2C 38 40 01 81 A4,temp=42.00
1779698778.489,0x100,8,00 BE 88 73 B3 EB 6D 86,speed=0.00
1779698778.573,0x200,8,D5 64 7E E8 C3 0A 01 2F,fuel=100.00
1779698778.700,0x300,8,02 16 B5 25 AE 7A C5 18,temp=42.00
1779698778.765,0x100,8,00 C5 92 92 75 4D A5 80,speed=0.00
1779698778.918,0x200,8,35 64 2E 66 AD CF C8 3C,fuel=100.00
1779698779.005,0x300,8,02 83 8C 98 70 6B AF D0,temp=42.00
1779698779.064,0x100,8,00 9D 40 DE 00 44 AA E7,speed=0.00
1779698779.199,0x200,8,64 64 02 4E 5D 08 B6 15,fuel=100.00
1779698779.281,0x300,8,02 AB C3 7E EA 05 54 D9,temp=42.00
1779698779.390,0x100,8,00 FE AC DF 27 FD 3C EA,speed=0.00
1779698779.465,0x200,8,BD 64 28 E3 F2 03 B7 B2,fuel=100.00
1779698779.551,0x300,8,02 B2 B3 41 28 68 79 CB,temp=42.00
1779698779.776,0x100,8,00 DD 77 19 AE 4E F9 52,speed=0.00
1779698779.934,0x200,8,02 64 97 37 22 95 BD 33,fuel=100.00
1779698780.034,0x300,8,02 9C 65 A4 86 92 4E C7,temp=42.00
1779698780.132,0x100,8,00 07 09 A7 31 0D D3 FA,speed=0.00
1779698780.218,0x200,8,7E 64 93 F5 A6 2B 4C F1,fuel=100.00
1779698780.346,0x300,8,02 9D E2 47 B5 F4 E1 83,temp=42.00
1779698780.435,0x100,8,00 05 B1 56 77 98 03 CA,speed=0.00
1779698780.539,0x200,8,2B 64 2A A5 80 08 A5 7A,fuel=100.00
1779698780.753,0x300,8,02 46 9E A1 FE 02 27 24,temp=42.00
1779698780.823,0x100,8,00 81 6E 31 F5 97 00 53,speed=0.00
1779698780.891,0x200,8,38 64 77 35 D2 13 3B 91,fuel=100.00
1779698781.016,0x300,8,02 5F DC 48 7E BD 70 C1,temp=42.00
1779698781.102,0x100,8,00 A2 1F 94 CE 48 7F 99,speed=0.00
1779698781.171,0x200,8,C0 64 58 70 6B 60 F2 67,fuel=100.00
1779698781.424,0x300,8,02 8E F7 D3 80 8F 2C 4D,temp=42.00
1779698781.472,0x100,8,00 1F C1 25 32 01 28 36,speed=0.00
1779698781.578,0x200,8,64 64 41 BC 98 4B E7 D4,fuel=100.00
1779698781.650,0x300,8,02 75 FE 70 15 33 B3 F0,temp=42.00
1779698781.738,0x100,8,00 B9 D3 02 17 BB EB 78,speed=0.00
1779698781.967,0x200,8,A8 64 45 56 CC 84 14 1A,fuel=100.00
1779698782.116,0x300,8,02 4A C5 44 1C 7C D6 EF,temp=42.00
1779698782.272,0x100,8,00 ED 93 31 CC B0 54 89,speed=0.00
1779698782.298,0x200,8,6C 64 6A E4 0C 32 8B A6,fuel=100.00
1779698782.422,0x300,8,02 04 94 81 CE 5D 8A 5C,temp=42.00
1779698782.488,0x100,8,00 3D 5D CD 00 F4 8E F0,speed=0.00
1779698782.602,0x200,8,41 64 22 12 3E 65 0F 3E,fuel=100.00
1779698782.722,0x300,8,02 47 CD E1 7F 0A 2E 8F,temp=42.00
1779698782.797,0x100,8,00 B3 82 5C 3E FA 89 0C,speed=0.00
1779698782.872,0x200,8,BD 64 C0 6E 7F A4 90 EA,fuel=100.00
1779698782.982,0x300,8,02 65 76 44 6F 40 4E E8,temp=42.00
1779698783.052,0x100,8,00 67 8A 1F 39 2C DF 81,speed=0.00
1779698783.251,0x200,8,66 64 25 BD D3 B5 77 25,fuel=100.00
1779698783.341,0x300,8,02 68 CB A0 F4 6D 15 51,temp=42.00
1779698783.452,0x100,8,00 C3 88 DB 9B E6 03 1B,speed=0.00
1779698783.537,0x200,8,D3 64 35 1D 05 61 72 0A,fuel=100.00
1779698783.615,0x300,8,02 79 2D CC 2E D9 07 AC,temp=42.00
1779698783.764,0x100,8,00 41 23 FC 65 1E 8E EC,speed=0.00
1779698783.807,0x200,8,24 64 7A C5 D9 4C 1C A6,fuel=100.00
1779698783.956,0x300,8,02 7A 55 56 AD 3F 28 AD,temp=42.00
1779698784.004,0x100,8,00 7B 22 30 6A 17 96 B8,speed=0.00
1779698784.174,0x200,8,7E 64 6B 7A 52 1D 71 9B,fuel=100.00
1779698784.347,0x300,8,02 BD 44 80 B3 01 74 FE,temp=42.00
1779698784.536,0x100,8,00 E2 07 BD DB 91 5D 4F,speed=0.00
1779698784.639,0x200,8,47 64 30 20 06 43 1A 2F,fuel=100.00
1779698784.788,0x300,8,02 82 7D 80 F6 F5 F6 A4,temp=42.00
1779698784.916,0x100,8,00 22 19 C2 14 D6 69 5F,speed=0.00
1779698784.972,0x200,8,5B 64 25 B1 FA C3 60 18,fuel=100.00
1779698785.144,0x300,8,02 02 D9 F7 E4 CE 5D 53,temp=42.00
1779698785.309,0x100,8,00 8D 0D AB C6 68 BB D0,speed=0.00
1779698785.459,0x200,8,13 64 8F BA 58 DF F2 09,fuel=100.00
1779698785.707,0x300,8,02 3A 72 86 B1 E7 9B 30,temp=42.00
1779698786.136,0x100,8,00 5D DE 49 05 F1 8B DD,speed=0.00
1779698786.507,0x200,8,7E 64 70 17 B5 8E E4 6F,fuel=100.00
1779698786.699,0x300,8,02 F0 54 87 62 91 69 A1,temp=42.00
1779698786.833,0x100,8,00 4E 90 1F CA 4A 93 99,speed=0.00
1779698787.349,0x200,8,1C 64 7E DB 8B 15 8B 47,fuel=100.00
1779698787.488,0x300,8,02 82 59 1D 8B EB E3 3D,temp=42.00
1779698787.598,0x100,8,00 26 19 FF FC 00 A4 AC,speed=0.00
1779698787.675,0x200,8,10 64 BA 1A 1A 2C 6B CF,fuel=100.00
1779698787.755,0x300,8,02 2B B7 40 65 9A DE 53,temp=42.00
1779698787.838,0x100,8,00 A8 6D 6B 4E B4 2A 7D,speed=0.00
1779698787.937,0x200,8,6C 64 5D B2 0E 25 12 53,fuel=100.00
1779698788.019,0x300,8,02 71 B5 52 10 A9 EF D5,temp=42.00
1779698788.119,0x100,8,00 53 CE D1 96 CC 2D C4,speed=0.00
1779698788.222,0x200,8,39 64 5F F9 75 77 5C F2,fuel=100.00
1779698788.313,0x300,8,02 86 15 BF 33 02 61 A4,temp=42.00
1779698788.418,0x100,8,00 0B E8 57 F8 52 FF 84,speed=0.00
1779698788.518,0x200,8,DA 64 6F C0 82 8D 5F 79,fuel=100.00
1779698788.586,0x300,8,02 68 1B 84 5A FF EE B7,temp=42.00
1779698788.690,0x100,8,00 2E 1D A4 2C 5A 99 E4,speed=0.00
1779698788.768,0x200,8,8C 64 F4 FF A7 CC 11 30,fuel=100.00
1779698788.902,0x300,8,02 8E 5E 01 B5 DB 1C D0,temp=42.00
1779698788.974,0x100,8,00 91 84 40 44 F1 21 76,speed=0.00
1779698789.054,0x200,8,7E 64 B5 E3 C5 30 BA A2,fuel=100.00
1779698789.175,0x300,8,02 B5 1A 68 D2 07 5A 56,temp=42.00
1779698789.257,0x100,8,00 0D 87 75 77 F7 F4 DA,speed=0.00
1779698789.371,0x200,8,12 64 2B 89 FC 93 A4 FB,fuel=100.00
1779698791.087,0x300,8,02 0C 35 50 0E DF CF 44,temp=42.00
1779698791.133,0x100,8,00 61 75 66 25 75 A4 0A,speed=0.00
1779698791.253,0x200,8,D9 64 E9 1E E5 9C C7 1C,fuel=100.00
1779698791.347,0x300,8,02 C4 FB 84 41 3E 74 55,temp=42.00
1779698791.486,0x100,8,00 3D 43 8E 78 A1 8C 7C,speed=0.00
1779698791.608,0x200,8,B3 64 A0 4E 63 5B 3F 2E,fuel=100.00
1779698791.870,0x300,8,02 FA 53 D7 F0 57 68 1C,temp=42.00
1779698792.215,0x100,8,00 A0 13 27 47 33 B3 28,speed=0.00
1779698792.482,0x200,8,BE 64 FA 13 D0 0F 5A B1,fuel=100.00
1779698793.222,0x300,8,02 3D 18 D5 E6 FF 5D EB,temp=42.00
1779698793.839,0x100,8,00 21 B3 AC 2B D6 F9 88,speed=0.00
1779698794.274,0x200,8,2F 64 FF 88 76 91 5D B9,fuel=100.00
1779698795.902,0x300,8,02 6E 72 C5 5D 2D 8D 47,temp=42.00
1779698796.956,0x100,8,00 16 FC AD C9 06 BD 99,speed=0.00
1779698797.288,0x200,8,6E 64 44 06 D5 42 FF CE,fuel=100.00
1779698797.339,0x300,8,02 BF DC 2C 26 FC 13 8E,temp=42.00
1779698797.446,0x100,8,00 46 BD 85 AB E4 8E B2,speed=0.00
1779698797.554,0x200,8,58 64 74 66 4C 06 48 F5,fuel=100.00
1779698797.626,0x300,8,02 2F 0B 93 9F EE 5A 4B,temp=42.00
1779698797.775,0x100,8,00 4D C3 CD 6C EF 57 4F,speed=0.00
1779698797.839,0x200,8,18 64 C5 61 F7 0B 3F 22,fuel=100.00
1779698797.927,0x300,8,02 55 0E 2E 59 D2 01 D4,temp=42.00
1779698797.990,0x100,8,00 E5 6E 75 27 66 82 91,speed=0.00
1779698798.100,0x200,8,B1 64 A8 05 54 89 49 3D,fuel=100.00
1779698798.182,0x300,8,02 12 F1 8D AC E3 29 0A,temp=42.00
1779698798.265,0x100,8,00 62 96 92 B3 A8 6C FF,speed=0.00
1779698798.371,0x200,8,B1 64 B0 F0 26 98 A4 D8,fuel=100.00
1779698798.469,0x300,8,02 8C D5 52 81 25 8B 0C,temp=42.00
1779698798.582,0x100,8,00 01 72 F3 2A 92 DE 47,speed=0.00
1779698798.641,0x200,8,6D 64 C1 38 D6 6E 8F B6,fuel=100.00
1779698798.736,0x300,8,02 D6 AF 5E 62 21 9A 3F,temp=42.00
1779698798.835,0x100,8,00 B2 5D 61 5B 25 5F E5,speed=0.00
1779698798.966,0x200,8,8A 64 FE 4F 8A 04 4F 25,fuel=100.00
1779698799.083,0x300,8,02 4F E4 53 D6 C5 89 66,temp=42.00
1779698799.140,0x100,8,00 DB 36 57 EA 46 10 3E,speed=0.00
1779698799.249,0x200,8,71 64 AC 85 D2 A5 D8 52,fuel=100.00
1779698799.314,0x300,8,02 80 2A 79 C9 CD F5 17,temp=42.00
1779698799.406,0x100,8,00 60 65 41 8B BA 5B 6F,speed=0.00
1779698799.529,0x200,8,B6 64 8D BD 4C F3 E9 13,fuel=100.00
1779698799.591,0x300,8,02 A7 F1 89 FE 53 1B 83,temp=42.00
1779698799.672,0x100,8,00 A0 0F 18 B6 F7 DE 14,speed=0.00
1779698799.780,0x200,8,2A 64 62 07 FD 4A F6 1F,fuel=100.00
1779698799.855,0x300,8,02 51 81 70 82 6E C3 B7,temp=42.00
1779698799.963,0x100,8,00 E3 2F DF 50 AC 99 C6,speed=0.00
1779698800.059,0x200,8,A3 64 21 CF FC 31 9F D6,fuel=100.00
1779698800.158,0x300,8,02 72 38 54 97 86 F2 21,temp=42.00
1779698800.272,0x100,8,00 09 34 AC B3 98 85 E4,speed=0.00
1779698800.353,0x200,8,8B 64 9B FC 8E 1D 45 1D,fuel=100.00
1779698800.505,0x300,8,02 C1 69 8E AE 6E 2F B1,temp=42.00
1779698800.554,0x100,8,00 EC EA 80 4E 18 D0 47,speed=0.00
1779698800.624,0x200,8,6D 64 FF 91 D6 E5 B2 F8,fuel=100.00
1779698800.731,0x300,8,02 C0 91 C2 91 CC A2 E7,temp=42.00
1779698800.835,0x100,8,00 91 27 02 E8 57 65 74,speed=0.00
1779698800.922,0x200,8,FF 64 07 20 75 D9 DB C3,fuel=100.00
1779698801.019,0x300,8,02 7E E2 72 B2 83 13 D9,temp=42.00
1779698801.082,0x100,8,00 3B F5 62 92 2E 3B B6,speed=0.00
1779698801.184,0x200,8,95 64 D5 7A 43 91 54 10,fuel=100.00
1779698801.301,0x300,8,02 62 D5 CB 25 CA EC 14,temp=42.00
1779698801.365,0x100,8,00 D6 CB 74 89 B5 FD 0F,speed=0.00
1779698801.479,0x200,8,E6 64 FE 9B 24 C1 DC 3F,fuel=100.00
1779698801.607,0x300,8,02 35 B2 AA 9E FB 7E F7,temp=42.00
1779698801.674,0x100,8,00 62 38 6F 3F E8 5D 15,speed=0.00
1779698801.746,0x200,8,56 64 59 66 CD CA 37 1A,fuel=100.00
1779698801.889,0x300,8,02 60 EA E1 4D EB C1 B0,temp=42.00
1779698801.974,0x100,8,00 58 AC 41 AF 8D 87 5F,speed=0.00
1779698802.043,0x200,8,27 64 52 34 F2 63 16 07,fuel=100.00
1779698802.143,0x300,8,02 28 79 83 04 8F AC F8,temp=42.00
1779698802.218,0x100,8,00 10 8B DF B5 08 99 AA,speed=0.00
1779698802.345,0x200,8,01 64 33 7A E0 1C E4 2B,fuel=100.00
1779698802.437,0x300,8,02 13 7F C0 F2 12 5E 00,temp=42.00
1779698802.506,0x100,8,00 6E 43 D2 FA 49 E2 29,speed=0.00
1779698802.623,0x200,8,7E 64 3A 5A C6 29 59 91,fuel=100.00
1779698802.706,0x300,8,02 8C 91 19 DC 48 0B 88,temp=42.00
1779698802.797,0x100,8,00 02 6F 9D A4 0F A1 B1,speed=0.00
1779698802.897,0x200,8,47 64 C0 DF 4A 9A 1C 80,fuel=100.00
1779698802.972,0x300,8,02 9C C4 2D 47 55 8B E3,temp=42.00
1779698803.086,0x100,8,00 07 5F D8 9C D8 E7 D1,speed=0.00
1779698803.148,0x200,8,4C 64 56 A2 CC C2 B3 14,fuel=100.00
1779698803.279,0x300,8,02 D2 2B 31 D0 CD 0D 7C,temp=42.00
1779698803.358,0x100,8,00 B0 9F 86 3E 61 5D 4B,speed=0.00
1779698803.487,0x200,8,9E 64 08 33 14 4B 02 A0,fuel=100.00
1779698803.555,0x300,8,02 08 F4 A3 FF 63 08 A2,temp=42.00
1779698803.640,0x100,8,00 C1 7A A6 A6 B5 83 2C,speed=0.00
1779698803.755,0x200,8,6B 64 92 8D 7E 2A 02 3D,fuel=100.00
1779698803.801,0x300,8,02 CE 82 34 D4 1F 5E A1,temp=42.00
1779698803.897,0x100,8,00 5A 42 57 3B D3 34 CE,speed=0.00
1779698804.009,0x200,8,42 64 C9 8C 91 57 7B FD,fuel=100.00
1779698804.087,0x300,8,02 97 82 F5 7C 64 19 6E,temp=42.00
1779698804.241,0x100,8,00 21 27 B9 08 5F D0 5D,speed=0.00
1779698804.425,0x200,8,54 64 F8 C1 3A 34 86 0E,fuel=100.00
1779698804.512,0x300,8,02 38 42 57 E6 D4 4E 08,temp=42.00
1779698804.665,0x100,8,00 C2 4A 3A C5 9A 02 7F,speed=0.00
1779698804.741,0x200,8,45 64 45 8C 8F 29 4E F9,fuel=100.00
1779698804.851,0x300,8,02 77 9E 40 0B EC E8 B2,temp=42.00
1779698804.953,0x100,8,00 54 AC E1 3F E2 19 17,speed=0.00
1779698805.032,0x200,8,AA 64 F5 EB D5 00 8C 42,fuel=100.00
1779698805.156,0x300,8,02 7C 10 56 9C 9E FB AB,temp=42.00
1779698805.232,0x100,8,00 3E 41 28 DF C7 D6 8C,speed=0.00
1779698805.335,0x200,8,B4 64 E6 80 12 B7 D5 23,fuel=100.00
1779698805.411,0x300,8,02 4A A4 F6 B7 77 F4 89,temp=42.00
1779698805.541,0x100,8,00 44 6F EA 45 68 DB 80,speed=0.00
1779698805.643,0x200,8,73 64 5D 23 6A E4 87 61,fuel=100.00
1779698805.702,0x300,8,02 3A 37 24 2C CC 3B EC,temp=42.00
1779698805.818,0x100,8,00 6E 83 E6 4A 48 26 78,speed=0.00
1779698805.904,0x200,8,77 64 F0 B3 19 08 61 6A,fuel=100.00
1779698805.985,0x300,8,02 D2 B3 7B EC 43 9A A8,temp=42.00
1779698806.353,0x100,8,00 61 10 83 6C D4 D4 81,speed=0.00
1779698806.431,0x200,8,AF 64 19 50 31 D3 BD 50,fuel=100.00
1779698806.522,0x300,8,02 CE E7 4C 0A 89 6A 6D,temp=42.00
1779698806.624,0x100,8,00 F1 65 C3 B6 2C F7 61,speed=0.00
1779698806.752,0x200,8,05 64 33 FD B1 B7 AA A2,fuel=100.00
1779698806.849,0x300,8,02 E9 7A 05 47 EE DC 4F,temp=42.00
1779698807.887,0x100,8,00 2B E1 8F 09 0F F2 1B,speed=0.00
1779698807.957,0x200,8,E6 64 8E A9 9E A2 7F DC,fuel=100.00
1779698808.769,0x300,8,02 B6 44 D4 66 92 0E 4E,temp=42.00
1779698808.854,0x100,8,00 F7 80 4C 09 06 FA 97,speed=0.00
1779698809.187,0x200,8,99 64 27 BA D2 55 C6 42,fuel=100.00
1779698809.491,0x300,8,02 4E D6 DD 06 D0 0D 93,temp=42.00
1779698809.605,0x100,8,00 B2 9B 7A 30 F7 FF 3B,speed=0.00
1779698809.728,0x200,8,86 64 98 95 FD AA 5A BD,fuel=100.00
1779698809.852,0x300,8,02 E8 37 D0 9D 91 DE 15,temp=42.00
1779698809.935,0x100,8,00 64 8F 99 AE 28 1B 07,speed=0.00
1779698810.006,0x200,8,15 64 FA 88 83 16 FD 45,fuel=100.00
1779698810.106,0x300,8,02 97 B0 2A 16 1A FB 7C,temp=42.00
1779698810.191,0x100,8,00 85 27 B7 BF 3F FA 13,speed=0.00
1779698810.335,0x200,8,D2 64 DF 7F 85 5D CC 62,fuel=100.00
1779698810.616,0x300,8,02 45 F2 49 03 5E F8 ED,temp=42.00
1779698810.640,0x100,8,00 0C 49 DC A0 17 6F 91,speed=0.00
1779698810.749,0x200,8,B4 64 17 06 B5 99 CD 13,fuel=100.00
1779698810.871,0x300,8,02 F7 8F 3C B6 7F 46 E0,temp=42.00
1779698810.939,0x100,8,00 82 9D 40 EA 94 D9 63,speed=0.00
1779698811.033,0x200,8,FD 64 0E A4 1A A7 E4 9F,fuel=100.00
1779698811.150,0x300,8,02 5E B1 F3 BE AC 8B 40,temp=42.00
1779698811.456,0x100,8,00 F3 FD 03 A6 4C 97 FD,speed=0.00
1779698811.870,0x200,8,1B 64 36 F8 E3 01 FB 03,fuel=100.00
1779698811.984,0x300,8,02 F7 E8 8D 95 E3 8C A0,temp=42.00
1779698812.322,0x100,8,00 E8 32 72 C5 5F 38 C2,speed=0.00
1779698812.375,0x200,8,30 64 FC 62 09 49 C2 B8,fuel=100.00
1779698812.722,0x300,8,02 BD 2E F8 D6 0C 2A D5,temp=42.00
1779698812.832,0x100,8,00 05 D4 F4 EA 15 E4 8B,speed=0.00
1779698812.968,0x200,8,9A 64 E9 6A 2C B2 53 AA,fuel=100.00
1779698813.024,0x300,8,02 D6 2E 31 B0 8A A2 A7,temp=42.00
1779698813.338,0x100,8,00 D5 DE 47 AC 80 4A 29,speed=0.00
1779698813.422,0x200,8,DC 64 55 F0 66 B8 D4 6F,fuel=100.00
1779698813.503,0x300,8,02 C0 58 3E 50 3A FF 9C,temp=42.00
1779698813.601,0x100,8,00 2B E8 F8 98 42 99 E6,speed=0.00
1779698813.687,0x200,8,9A 64 FD 07 6B 15 F7 77,fuel=100.00
1779698813.788,0x300,8,02 23 09 3F 98 E6 6E B7,temp=42.00
1779698813.854,0x100,8,00 5C D6 39 29 16 48 F6,speed=0.00
1779698813.952,0x200,8,7A 64 0F 87 EB 78 92 C8,fuel=100.00
1779698814.048,0x300,8,02 94 7B DF D4 7A BB 32,temp=42.00
1779698814.124,0x100,8,00 65 9F A7 5A B3 A4 08,speed=0.00
1779698814.255,0x200,8,80 64 D4 18 02 C6 3D 3B,fuel=100.00
1779698814.372,0x300,8,02 A6 49 F2 C6 93 75 EF,temp=42.00
1779698814.452,0x100,8,00 9E 2B 08 DA 73 F7 16,speed=0.00
1779698814.524,0x200,8,57 64 19 86 DD 5A 64 E9,fuel=100.00
1779698814.624,0x300,8,02 0E 31 09 53 FE 1B BA,temp=42.00
1779698814.753,0x100,8,00 99 A0 0D 9A 4B 97 8D,speed=0.00
1779698814.816,0x200,8,A4 64 18 09 01 B1 42 CA,fuel=100.00
1779698814.907,0x300,8,02 19 2C 70 8B 12 1A AC,temp=42.00
1779698815.007,0x100,8,00 FE F9 12 59 EE 41 68,speed=0.00
1779698815.135,0x200,8,78 64 B8 05 39 53 EB 56,fuel=100.00
1779698815.312,0x300,8,02 0A 5F 65 45 71 0C 3A,temp=42.00
1779698815.600,0x100,8,00 9D 35 64 28 6F 40 14,speed=0.00
1779698815.635,0x200,8,6A 64 0D 51 38 0D D8 F3,fuel=100.00
1779698815.772,0x300,8,02 23 71 01 5D A8 FD 61,temp=42.00
1779698815.868,0x100,8,00 40 D2 08 5F B4 83 79,speed=0.00
1779698815.918,0x200,8,C4 64 C2 DC A8 AB 10 4D,fuel=100.00
1779698816.241,0x300,8,02 84 66 00 0E FA 43 4F,temp=42.00
1779698816.295,0x100,8,00 52 A7 CC 61 6C 74 EF,speed=0.00
1779698816.400,0x200,8,73 64 D1 C1 22 E7 93 4F,fuel=100.00
1779698816.491,0x300,8,02 DE F3 BA 00 BA 8C 3B,temp=42.00
1779698816.608,0x100,8,00 65 EA F7 B8 ED 1B D6,speed=0.00
1779698816.699,0x200,8,47 64 3A 70 3E 11 34 07,fuel=100.00
1779698816.808,0x300,8,02 D2 21 BA 38 F0 1F 65,temp=42.00
1779698816.890,0x100,8,00 D9 23 AC 32 3D EA AB,speed=0.00
1779698817.122,0x200,8,B4 64 69 7D 54 B2 14 9D,fuel=100.00
1779698817.180,0x300,8,02 0C 2C F5 57 6A EC 24,temp=42.00
1779698817.254,0x100,8,00 72 F8 0E A2 22 BD DF,speed=0.00
1779698817.372,0x200,8,D3 64 7C 9D C4 47 AD D7,fuel=100.00
1779698817.453,0x300,8,02 90 9F 11 1A 1B B6 F1,temp=42.00
1779698817.607,0x100,8,00 2E 3F 3B CE F8 7B 35,speed=0.00
1779698817.699,0x200,8,08 64 29 92 34 01 0C F5,fuel=100.00
1779698817.772,0x300,8,02 27 47 57 CD 57 4A 07,temp=42.00
1779698817.867,0x100,8,00 B4 FE CA 87 56 93 C9,speed=0.00
1779698817.923,0x200,8,AC 64 DB 7B E6 BD 7D 14,fuel=100.00
1779698818.072,0x300,8,02 CA 84 9C 25 34 A5 4D,temp=42.00
1779698818.135,0x100,8,00 07 58 F1 12 98 AF C6,speed=0.00
1779698818.380,0x200,8,25 64 D0 E5 C0 F3 B7 87,fuel=100.00
1779698818.510,0x300,8,02 15 5F 4B FA E8 4A 4A,temp=42.00
1779698818.650,0x100,8,00 02 A0 5E 5D 50 84 A5,speed=0.00
1779698818.728,0x200,8,A7 64 A7 92 AF 82 89 CC,fuel=100.00
1779698818.821,0x300,8,02 D5 4B 93 0D 51 E7 B6,temp=42.00
1779698818.899,0x100,8,00 73 5F 62 2F 84 A3 60,speed=0.00
1779698819.032,0x200,8,41 64 7A 6D 31 AB 31 98,fuel=100.00
1779698819.106,0x300,8,02 26 6B 96 8E C3 CE 94,temp=42.00
1779698819.189,0x100,8,00 C7 67 89 70 57 5D 5A,speed=0.00
1779698819.279,0x200,8,52 64 65 3D 73 D2 09 B0,fuel=100.00
1779698819.349,0x300,8,02 C5 BC 34 F7 E2 A2 F7,temp=42.00
1779698819.441,0x100,8,00 61 69 60 A5 88 A6 7B,speed=0.00
1779698819.541,0x200,8,3B 64 22 F4 C6 92 35 B6,fuel=100.00
1779698819.666,0x300,8,02 CC BE 91 8D 76 A9 DB,temp=42.00
1779698819.773,0x100,8,00 BF EF AC 29 EB D8 D4,speed=0.00
1779698819.876,0x200,8,B9 64 9F 50 11 3B 42 F1,fuel=100.00
1779698819.933,0x300,8,02 FC 0D AF 6C 1E 65 9C,temp=42.00
1779698820.004,0x100,8,00 F3 1C 7B 78 A0 74 4A,speed=0.00
1779698820.115,0x200,8,6F 64 95 95 39 2D C0 D9,fuel=100.00
1779698820.251,0x300,8,02 A8 B6 F5 D1 52 09 91,temp=42.00
1779698820.340,0x100,8,00 00 AA B9 4B 24 B1 82,speed=0.00
1779698820.449,0x200,8,0E 64 C0 16 37 B3 BF 08,fuel=100.00
1779698820.547,0x300,8,02 97 3E 98 0C C1 84 B3,temp=42.00
1779698820.614,0x100,8,00 EF 97 13 59 D5 76 03,speed=0.00
1779698820.670,0x200,8,E2 64 FE 8E 90 47 13 A9,fuel=100.00
1779698820.773,0x300,8,02 23 87 7D F9 45 7E CA,temp=42.00
1779698820.871,0x100,8,00 8A F2 E5 1F FE 16 96,speed=0.00
1779698820.967,0x200,8,5A 64 2F B9 49 7C F2 C5,fuel=100.00
1779698821.042,0x300,8,02 B6 23 C2 D6 A8 41 40,temp=42.00
1779698821.166,0x100,8,00 CD E1 12 E6 BD CD 97,speed=0.00
1779698821.254,0x200,8,9D 64 F3 FB 73 F8 83 EA,fuel=100.00
1779698821.323,0x300,8,02 C9 FA 96 7E 5F B9 2C,temp=42.00
1779698821.471,0x100,8,00 8F 09 53 E7 45 B7 40,speed=0.00
1779698821.556,0x200,8,80 64 B8 80 16 D5 34 AF,fuel=100.00
1779698821.608,0x300,8,02 71 66 C7 3E D4 CA FA,temp=42.00
1779698821.704,0x100,8,00 15 BC A1 2D CC E7 78,speed=0.00
1779698821.864,0x200,8,14 64 B4 B0 AA AD 8F 0A,fuel=100.00
1779698821.976,0x300,8,02 4B 2F C9 4D 50 F4 BD,temp=42.00
1779698822.100,0x100,8,00 AC 19 BA 12 5B 64 23,speed=0.00
1779698822.239,0x200,8,91 64 49 28 47 24 A8 DD,fuel=100.00
1779698822.360,0x300,8,02 03 6F B8 0E 61 D2 28,temp=42.00
1779698822.445,0x100,8,00 FC FA 1F 76 A2 63 3A,speed=0.00
1779698822.585,0x200,8,9A 64 FB 4D E5 72 78 81,fuel=100.00
1779698822.667,0x300,8,02 19 8D 1C 4C 89 D7 91,temp=42.00
1779698822.736,0x100,8,00 52 38 CB C1 96 09 FA,speed=0.00
1779698822.861,0x200,8,BF 64 1E 71 E1 87 5B A6,fuel=100.00
1779698822.925,0x300,8,02 18 83 18 32 FD FD 46,temp=42.00
1779698823.036,0x100,8,00 AE A0 53 45 97 54 19,speed=0.00
1779698823.150,0x200,8,01 64 F2 0E 4B 44 1E 01,fuel=100.00
1779698823.225,0x300,8,02 75 20 F2 9F 98 AB C2,temp=42.00
1779698823.425,0x100,8,00 BB 2D 71 5C C1 B8 B8,speed=0.00
1779698823.481,0x200,8,24 64 CB 78 14 06 B6 67,fuel=100.00
1779698823.583,0x300,8,02 12 3C 32 14 CE 9A EC,temp=42.00
1779698823.656,0x100,8,00 77 2D A6 1D 7C 91 E9,speed=0.00
1779698823.788,0x200,8,76 64 5A 4F D8 50 1A F6,fuel=100.00
1779698823.862,0x300,8,02 86 9A 80 EE 6E 06 DD,temp=42.00
1779698823.974,0x100,8,00 EE 36 44 61 55 74 FF,speed=0.00
1779698824.116,0x200,8,2C 64 49 BA 07 E1 28 19,fuel=100.00
1779698824.446,0x300,8,02 CD 5E F7 13 54 33 B1,temp=42.00
1779698824.637,0x100,8,00 5C EE F5 27 17 EF 13,speed=0.00
1779698824.688,0x200,8,13 64 A2 27 E4 EC 0C D5,fuel=100.00
1779698824.837,0x300,8,02 34 90 60 2F FF A9 C0,temp=42.00
1779698824.889,0x100,8,00 40 24 88 9E A5 11 06,speed=0.00
1779698825.015,0x200,8,E2 64 1E 4B E8 F4 C8 02,fuel=100.00
1779698825.291,0x300,8,02 26 EB 9A FC 38 B6 F7,temp=42.00
1779698825.373,0x100,8,00 FC F2 E3 46 6E 31 3F,speed=0.00
1779698825.465,0x200,8,9B 64 FA 3C E9 DA D6 F4,fuel=100.00
1779698825.545,0x300,8,02 B4 AA 9F 88 B8 85 23,temp=42.00
1779698825.700,0x100,8,00 D9 C9 C3 BC D2 A5 DE,speed=0.00
1779698825.771,0x200,8,CD 64 80 74 E2 0D 75 4E,fuel=100.00
1779698825.846,0x300,8,02 F2 50 31 F6 8A 09 F4,temp=42.00
1779698825.917,0x100,8,00 C2 EB BD DB A3 BF 61,speed=0.00
1779698826.006,0x200,8,95 64 CC 98 B1 88 C9 E7,fuel=100.00
1779698826.273,0x300,8,02 F9 16 40 5C BD 8C 87,temp=42.00
1779698826.370,0x100,8,00 A3 4E FE 6F CE 67 00,speed=0.00
1779698826.458,0x200,8,10 64 1D C2 C3 BD 63 42,fuel=100.00
1779698826.564,0x300,8,02 7E 60 E3 FE DD 1E 70,temp=42.00
1779698826.693,0x100,8,00 1E F7 D8 35 83 9C 33,speed=0.00
1779698826.777,0x200,8,7C 64 F9 0A 1B 1A F0 CF,fuel=100.00
1779698826.899,0x300,8,02 16 2B 88 44 6A 25 EF,temp=42.00
1779698827.041,0x100,8,00 F9 E4 0A B7 E7 71 44,speed=0.00
1779698827.183,0x200,8,25 64 93 77 A3 E3 47 07,fuel=100.00
1779698827.215,0x300,8,02 2D A1 00 55 D9 ED 37,temp=42.00
1779698827.404,0x100,8,00 4B 6E 3F 97 B0 E0 56,speed=0.00
1779698827.568,0x200,8,EB 64 D6 F2 E8 2E 3E EA,fuel=100.00
1779698827.686,0x300,8,02 1B A7 D1 16 CD 20 C7,temp=42.00
1779698827.856,0x100,8,00 9C BC 4D 53 5D 37 50,speed=0.00
1779698828.396,0x200,8,A6 64 12 85 44 8F B0 AC,fuel=100.00
1779698829.040,0x300,8,02 B8 6E 82 43 02 D8 C8,temp=42.00
1779698829.134,0x100,8,00 C1 DC 5B E6 DF 46 86,speed=0.00
1779698829.198,0x200,8,B1 64 12 66 A4 76 C4 3E,fuel=100.00
1779698829.289,0x300,8,02 69 73 A6 CB 7A 6C 93,temp=42.00
1779698829.434,0x100,8,00 4F 7D 10 20 A4 12 F7,speed=0.00
1779698829.502,0x200,8,30 64 9E 23 80 29 74 0B,fuel=100.00
1779698829.588,0x300,8,02 86 91 93 46 65 F6 65,temp=42.00
1779698829.684,0x100,8,00 FF 68 A4 62 05 40 31,speed=0.00
1779698829.786,0x200,8,EC 64 AD A5 1E F6 9B 91,fuel=100.00
1779698829.890,0x300,8,02 C9 CD 35 9B E1 63 7A,temp=42.00
1779698829.951,0x100,8,00 52 69 C3 65 4B BA B9,speed=0.00
1779698830.067,0x200,8,64 64 42 BF AB DE C5 BC,fuel=100.00
1779698830.169,0x300,8,02 FB BE F1 18 7C EB 2A,temp=42.00
1779698830.906,0x100,8,00 13 9E C9 F8 A0 C1 0A,speed=0.00
1779698830.986,0x200,8,B8 64 66 73 0E 2F 1A DF,fuel=100.00
1779698831.086,0x300,8,02 33 DB 2B 7B 54 0C 3A,temp=42.00
1779698831.289,0x100,8,00 77 AD 4F BE 14 75 6E,speed=0.00
1779698831.370,0x200,8,86 64 6B A3 DA AF 5D 34,fuel=100.00
1779698831.498,0x300,8,02 73 D1 49 79 62 E5 8B,temp=42.00
1779698831.539,0x100,8,00 DB 86 A4 99 27 56 3B,speed=0.00
1779698831.638,0x200,8,D6 64 E8 43 5B 31 58 52,fuel=100.00
1779698831.738,0x300,8,02 F8 04 15 BE 5F 96 D8,temp=42.00
1779698831.822,0x100,8,00 60 1C 70 0D B1 77 0D,speed=0.00
1779698831.958,0x200,8,57 64 91 F1 A5 B2 F4 26,fuel=100.00
1779698832.067,0x300,8,02 95 59 9D 66 CA 30 4D,temp=42.00
1779698832.155,0x100,8,00 8B 7D 2F CB E8 17 D8,speed=0.00
1779698832.220,0x200,8,A7 64 02 06 FE 83 23 3A,fuel=100.00
1779698832.322,0x300,8,02 15 2D 92 D0 6B CC 12,temp=42.00
1779698832.387,0x100,8,00 3F B1 4F D7 78 82 B2,speed=0.00
1779698832.488,0x200,8,4F 64 3E AC 48 60 9B 40,fuel=100.00
1779698832.591,0x300,8,02 B8 14 8E F3 98 D6 5B,temp=42.00
1779698832.673,0x100,8,00 7A 06 B8 05 FC 69 56,speed=0.00
1779698832.783,0x200,8,69 64 24 D3 00 86 42 68,fuel=100.00
1779698832.850,0x300,8,02 52 8B A8 5B 7A 89 6E,temp=42.00
1779698832.950,0x100,8,00 F2 E2 C5 DE 87 76 A1,speed=0.00
1779698833.036,0x200,8,01 64 59 00 A6 68 87 FE,fuel=100.00
1779698833.130,0x300,8,02 A3 BA C9 75 73 69 A0,temp=42.00
1779698833.364,0x100,8,00 6C 33 91 EE 6F F7 32,speed=0.00
1779698833.668,0x200,8,23 64 88 B8 7E FB 83 2E,fuel=100.00
1779698833.719,0x300,8,02 4B 67 50 B9 3A 76 3B,temp=42.00
1779698834.037,0x100,8,00 B5 7E 0C 89 6A 0B 5C,speed=0.00
1779698834.120,0x200,8,A1 64 CC 1B 5F EE AC BD,fuel=100.00
1779698834.437,0x300,8,02 82 97 47 61 62 41 2E,temp=42.00
1779698834.540,0x100,8,00 46 DD D9 00 6B 8A C5,speed=0.00
1779698834.693,0x200,8,2E 64 98 96 40 AE 79 44,fuel=100.00
1779698834.755,0x300,8,02 A0 E3 67 2A 15 55 9A,temp=42.00
1779698834.918,0x100,8,00 EA D6 5C 33 FD AC 5D,speed=0.00
1779698835.034,0x200,8,94 64 B0 1B 14 44 1C 46,fuel=100.00
1779698835.156,0x300,8,02 13 14 EA 07 8A 16 C9,temp=42.00
1779698835.223,0x100,8,00 EE C4 54 D1 3E 6E FF,speed=0.00
1779698835.440,0x200,8,AD 64 96 01 F5 9B 62 F8,fuel=100.00
1779698835.590,0x300,8,02 6B 8C EB 22 34 04 25,temp=42.00
1779698835.684,0x100,8,00 00 65 14 41 90 34 18,speed=0.00
1779698835.753,0x200,8,4B 64 CF 81 57 5C E9 0B,fuel=100.00
1779698835.869,0x300,8,02 26 E1 C7 4A F2 1C A3,temp=42.00
1779698835.968,0x100,8,00 95 05 9B 5D 15 92 D2,speed=0.00
1779698836.083,0x200,8,08 64 97 80 0E 05 C9 3A,fuel=100.00
1779698836.325,0x300,8,02 7D E9 F8 FC C4 F4 5D,temp=42.00
1779698836.439,0x100,8,00 8E A5 0A A6 68 E2 E2,speed=0.00
1779698836.671,0x200,8,AE 64 D9 9C 35 C6 77 9C,fuel=100.00
1779698837.131,0x300,8,02 B1 A2 44 CF D5 65 61,temp=42.00
1779698837.394,0x100,8,00 AD B3 03 ED 06 D1 66,speed=0.00
1779698837.457,0x200,8,40 64 5E BB B9 27 C1 5F,fuel=100.00
1779698837.737,0x300,8,02 CA D8 71 77 C8 C0 07,temp=42.00
1779698837.921,0x100,8,00 9D 05 33 91 8C D2 23,speed=0.00
1779698837.983,0x200,8,DC 64 B3 BB A8 EA 13 9E,fuel=100.00
1779698838.052,0x300,8,02 B3 33 87 2E DB 62 78,temp=42.00
1779698838.122,0x100,8,00 37 92 B9 58 95 BC FF,speed=0.00
1779698838.257,0x200,8,83 64 79 CC 6E CC 99 08,fuel=100.00
1779698838.340,0x300,8,02 FA 6C 8F 50 AB 0C EE,temp=42.00
1779698838.429,0x100,8,00 3D 36 E2 7E 28 E4 ED,speed=0.00
1779698838.571,0x200,8,B3 64 AB FD 86 2F FD 9E,fuel=100.00
1779698838.621,0x300,8,02 74 ED AB 12 D2 25 B3,temp=42.00
1779698838.734,0x100,8,00 42 AD 4E 65 2D E3 C7,speed=0.00
1779698838.857,0x200,8,E5 64 68 23 E1 81 7F 8A,fuel=100.00
1779698839.070,0x300,8,02 C2 CB D8 9A E4 A7 B6,temp=42.00
1779698839.200,0x100,8,00 12 65 36 16 31 36 F5,speed=0.00
1779698839.255,0x200,8,C0 64 34 D7 FB EC A2 0B,fuel=100.00
1779698839.368,0x300,8,02 27 B1 DE 6A B7 4E 6F,temp=42.00
1779698839.503,0x100,8,00 10 84 6E 47 E5 1F 22,speed=0.00
1779698839.597,0x200,8,F2 64 5C 5C 45 4A F7 8E,fuel=100.00
1779698839.675,0x300,8,02 CF 84 CF 86 A2 EC 2F,temp=42.00
1779698839.781,0x100,8,00 AA A2 FC B5 EA BC 46,speed=0.00
1779698839.873,0x200,8,C1 64 AD 65 34 21 C8 0E,fuel=100.00
1779698839.925,0x300,8,02 F6 79 2E 45 0B DE 81,temp=42.00
1779698840.260,0x100,8,00 E3 35 3B 2E 47 31 57,speed=0.00
1779698840.445,0x200,8,0B 64 EE 55 3E F6 0F 59,fuel=100.00
1779698840.551,0x300,8,02 EE A2 06 18 0C 6A 2D,temp=42.00
1779698841.407,0x100,8,00 96 40 4B E8 BD C3 A9,speed=0.00
1779698841.480,0x200,8,C7 64 F8 FA B3 97 58 5C,fuel=100.00
1779698841.656,0x300,8,02 8D 3C E0 77 5F 67 02,temp=42.00
1779698842.303,0x100,8,00 BC 40 D3 2C C7 C8 05,speed=0.00
1779698842.382,0x200,8,41 64 F0 38 74 10 CB 4E,fuel=100.00
1779698842.477,0x300,8,02 8D 89 BC 0A 2F C8 4D,temp=42.00
1779698842.556,0x100,8,00 F6 F5 34 71 70 1C 19,speed=0.00
1779698842.665,0x200,8,F6 64 4A 0E 49 31 48 BE,fuel=100.00
1779698842.750,0x300,8,02 85 44 83 AD C0 10 74,temp=42.00
1779698842.872,0x100,8,00 B3 7E 17 B9 61 CA 58,speed=0.00
1779698842.952,0x200,8,2B 64 6A 0E CB A1 6E F4,fuel=100.00
1779698843.053,0x300,8,02 22 C9 B0 28 57 37 1A,temp=42.00
1779698843.153,0x100,8,00 44 F9 3D 45 D5 06 2D,speed=0.00
1779698843.252,0x200,8,D4 64 23 86 EC BE 71 B2,fuel=100.00
1779698843.302,0x300,8,02 3F F8 89 D7 80 D4 5F,temp=42.00
1779698843.397,0x100,8,00 A5 C3 09 8D F6 7E 4D,speed=0.00
1779698843.489,0x200,8,58 64 FF 92 59 9C 1D C8,fuel=100.00
1779698843.605,0x300,8,02 32 EE 14 7D 8D A8 D5,temp=42.00
1779698843.675,0x100,8,00 9F A6 82 CF 7C 06 0C,speed=0.00
1779698843.777,0x200,8,0C 64 E5 1A D0 AB 2D 26,fuel=100.00
1779698843.881,0x300,8,02 BB B0 B0 16 A7 65 8B,temp=42.00
1779698843.978,0x100,8,00 50 EE 00 58 64 FA 89,speed=0.00
1779698844.070,0x200,8,32 64 E5 D4 BE A4 12 68,fuel=100.00
1779698844.157,0x300,8,02 B4 6F 5C 79 FE DD 79,temp=42.00
1779698844.271,0x100,8,00 48 F2 C5 FA 97 CD 3C,speed=0.00
1779698844.369,0x200,8,C7 64 24 55 13 CB E0 5C,fuel=100.00
1779698844.487,0x300,8,02 35 9B 92 97 5B 42 5B,temp=42.00
1779698844.561,0x100,8,00 9D 6B 8A 66 56 2B 06,speed=0.00
1779698844.638,0x200,8,E7 64 B2 EE D4 44 4F 20,fuel=100.00
1779698844.718,0x300,8,02 0B 8F 22 9E 87 6A DF,temp=42.00
1779698844.837,0x100,8,00 F5 AA 89 F2 AA 5A F9,speed=0.00
1779698844.976,0x200,8,F0 64 62 59 7B E1 77 B5,fuel=100.00
1779698845.122,0x300,8,02 68 A8 4E 49 41 F5 AD,temp=42.00
1779698845.169,0x100,8,00 87 AA 32 01 73 53 DC,speed=0.00
1779698845.289,0x200,8,69 64 89 85 9B BE 11 F2,fuel=100.00
1779698845.374,0x300,8,02 CF 04 00 E1 21 55 7C,temp=42.00
1779698845.467,0x100,8,00 8E FC 73 53 F2 10 A5,speed=0.00
1779698845.610,0x200,8,F5 64 D4 1B 14 6B 18 43,fuel=100.00
1779698845.702,0x300,8,02 3C 72 B4 25 E7 D0 98,temp=42.00
1779698845.838,0x100,8,00 C1 1B 88 11 32 03 14,speed=0.00
1779698845.940,0x200,8,AB 64 0B EC 04 86 56 29,fuel=100.00
1779698846.021,0x300,8,02 68 CB F9 6E 14 CB F9,temp=42.00
1779698846.106,0x100,8,00 80 F4 4E 05 F4 7F 62,speed=0.00
1779698846.208,0x200,8,3E 64 02 E9 68 24 41 AB,fuel=100.00
1779698846.322,0x300,8,02 9F 4B A4 76 0D 18 DF,temp=42.00
1779698846.423,0x100,8,00 2B B7 4C 2B A4 61 AC,speed=0.00
1779698846.539,0x200,8,A7 64 CD 09 15 CD CB 3D,fuel=100.00
1779698847.037,0x300,8,02 F6 3B 82 57 96 DC AD,temp=42.00
1779698847.069,0x100,8,00 D0 90 AD 7B 4E EF 57,speed=0.00
1779698847.158,0x200,8,47 64 6E 07 9E A0 99 23,fuel=100.00
1779698847.254,0x300,8,02 0D 57 E9 AE 87 C1 65,temp=42.00
1779698847.389,0x100,8,00 5F A8 DA 86 14 73 4C,speed=0.00
1779698847.441,0x200,8,DE 64 5A EB 9A 8C 9D 0F,fuel=100.00
1779698847.558,0x300,8,02 2B B3 A6 78 A7 8B F1,temp=42.00
1779698847.654,0x100,8,00 E3 01 7A 1B 1F 2B F3,speed=0.00
1779698847.768,0x200,8,2F 64 A7 C4 14 77 81 C3,fuel=100.00
1779698847.817,0x300,8,02 42 E7 D4 3D 37 35 3A,temp=42.00
1779698847.938,0x100,8,00 DC 30 5F FE 03 62 B4,speed=0.00
1779698848.001,0x200,8,3C 64 D8 32 33 8F 26 C8,fuel=100.00
1779698848.140,0x300,8,02 3D 3F 18 82 26 A4 A9,temp=42.00
1779698848.575,0x100,8,00 D0 0D CD B8 7C 24 06,speed=0.00
1779698848.970,0x200,8,96 64 6B B8 05 C1 60 79,fuel=100.00
1779698849.108,0x300,8,02 23 76 D2 6B CF 09 31,temp=42.00
1779698849.223,0x100,8,00 6C 17 F2 33 CF 39 D6,speed=0.00
1779698850.287,0x200,8,36 64 56 8B 7B 48 1D AB,fuel=100.00
1779698851.071,0x300,8,02 C3 6E A4 31 DC FE E4,temp=42.00
1779698851.535,0x100,8,00 8B D0 EA 2A 5F 11 A3,speed=0.00
1779698851.724,0x200,8,A4 64 D1 AE 3D 65 93 E3,fuel=100.00
1779698852.121,0x300,8,02 D0 E9 2C F9 10 C4 FA,temp=42.00
1779698852.401,0x100,8,00 07 80 0B 34 B0 6B 7A,speed=0.00
1779698852.840,0x200,8,93 64 63 1A 98 63 BB 09,fuel=100.00
1779698853.133,0x300,8,02 02 12 BD 5B C9 17 D5,temp=42.00
1779698853.533,0x100,8,00 BE 01 ED AB A8 31 CC,speed=0.00
1779698853.714,0x200,8,29 64 7C E6 9D C4 8F 1F,fuel=100.00
1779698854.386,0x300,8,02 1A B1 9E 7D 45 AF CF,temp=42.00
1779698854.965,0x100,8,00 C8 A1 87 0E D5 CE 60,speed=0.00
1779698855.304,0x200,8,A9 64 A2 69 50 E6 85 72,fuel=100.00
1779698855.347,0x300,8,02 B6 40 3E 5B 4D CF 35,temp=42.00
1779698855.739,0x100,8,00 83 A8 65 11 33 4F D5,speed=0.00
1779698856.123,0x200,8,84 64 E5 89 25 9A 22 35,fuel=100.00
1779698856.209,0x300,8,02 EB 88 B3 BD C8 79 37,temp=42.00
1779698856.458,0x100,8,00 F2 99 51 47 D6 4A 8D,speed=0.00
1779698856.755,0x200,8,C1 64 85 C1 B2 EE 55 A0,fuel=100.00
1779698856.853,0x300,8,02 1A 6F BC 6D E8 87 21,temp=42.00
1779698857.504,0x100,8,00 01 0A 48 0C 97 CD BA,speed=0.00
1779698857.984,0x200,8,DA 64 76 D6 32 41 7D BE,fuel=100.00
1779698858.298,0x300,8,02 CF 8D 40 CA 3F DE AF,temp=42.00
1779698858.588,0x100,8,00 D3 26 9E D6 5F 1B 8C,speed=0.00
1779698858.641,0x200,8,E0 64 AB 7A 9B 67 6D 32,fuel=100.00
1779698858.919,0x300,8,02 AE 67 B5 58 6A 58 C4,temp=42.00
1779698858.945,0x100,8,00 02 CC 81 00 49 1D 52,speed=0.00
1779698859.141,0x200,8,1F 64 C0 D5 27 B3 8F C8,fuel=100.00
1779698859.273,0x300,8,02 D1 F3 69 C7 6D A3 A9,temp=42.00
1779698859.320,0x100,8,00 2B C6 0B C2 F1 2B 8B,speed=0.00
1779698859.404,0x200,8,80 64 FA 81 E5 66 B5 F5,fuel=100.00
1779698859.666,0x300,8,02 5C 3F 97 47 25 3F 6E,temp=42.00
1779698859.690,0x100,8,00 26 9C 05 28 FE 04 D5,speed=0.00
1779698859.849,0x200,8,53 64 B8 6D CF 55 20 F7,fuel=100.00
1779698859.973,0x300,8,02 E0 45 BC 99 35 35 52,temp=42.00
1779698860.074,0x100,8,00 34 84 66 53 60 96 E3,speed=0.00
1779698860.316,0x200,8,B8 64 25 15 78 1B 65 CD,fuel=100.00
1779698860.421,0x300,8,02 4B C9 3D C7 15 F8 E8,temp=42.00
1779698860.562,0x100,8,00 2B 5D B2 BE D3 66 F0,speed=0.00
1779698860.646,0x200,8,15 64 A6 95 29 49 03 FB,fuel=100.00
1779698860.706,0x300,8,02 7E 92 9E 40 9E 57 D4,temp=42.00
1779698860.873,0x100,8,00 5C E4 C2 62 B5 E5 0B,speed=0.00
1779698860.982,0x200,8,7A 64 B1 B4 ED 39 E7 51,fuel=100.00
1779698861.096,0x300,8,02 31 D8 1A 72 1E F6 E4,temp=42.00
1779698861.233,0x100,8,00 BC 74 AC D8 96 F2 EC,speed=0.00
1779698861.274,0x200,8,3A 64 BA E1 1D 6A 14 A8,fuel=100.00
1779698861.393,0x300,8,02 B0 4E ED A6 85 B9 07,temp=42.00
1779698861.478,0x100,8,00 C3 7C 13 A1 AD 7F E5,speed=0.00
1779698861.549,0x200,8,17 64 6B 9E 13 51 96 FF,fuel=100.00
1779698861.658,0x300,8,02 26 B5 A1 28 D2 F4 0F,temp=42.00
1779698861.773,0x100,8,00 43 DD 76 47 84 47 71,speed=0.00
1779698861.862,0x200,8,C2 64 F4 EB BA 5A B7 E1,fuel=100.00
1779698861.924,0x300,8,02 7E DD 50 D3 D1 B8 A0,temp=42.00
1779698862.025,0x100,8,00 CC A3 F1 95 EB 5A FB,speed=0.00
1779698862.134,0x200,8,7B 64 D8 0D D6 25 D5 04,fuel=100.00
1779698862.233,0x300,8,02 4A D7 52 90 0A 08 D8,temp=42.00
1779698862.344,0x100,8,00 42 2F 4C EA C6 16 0E,speed=0.00
1779698862.491,0x200,8,8B 64 23 BE 8D 47 0E EF,fuel=100.00
1779698862.561,0x300,8,02 F9 01 67 05 29 EB AC,temp=42.00
1779698862.608,0x100,8,00 29 A7 1B 55 48 00 F8,speed=0.00
1779698862.723,0x200,8,3A 64 EE D6 DF 0F E4 17,fuel=100.00
1779698862.834,0x300,8,02 FC E8 AB 87 E0 86 E4,temp=42.00
1779698862.890,0x100,8,00 23 C7 AF F4 7E 69 54,speed=0.00
1779698863.015,0x200,8,5B 64 A1 BE 3B EA 4E F8,fuel=100.00
1779698863.099,0x300,8,02 48 E4 A5 1B 3D 20 EC,temp=42.00
1779698863.192,0x100,8,00 AD 39 D4 D2 01 7A D6,speed=0.00
1779698863.284,0x200,8,17 64 26 4B 0C D3 74 8D,fuel=100.00
1779698863.352,0x300,8,02 0D F9 96 9D 3F 8B 66,temp=42.00
1779698863.489,0x100,8,00 EE 7E A2 D7 97 54 15,speed=0.00
1779698863.557,0x200,8,8D 64 6C 10 52 D2 16 62,fuel=100.00
1779698863.640,0x300,8,02 41 98 15 9F 1F AA A4,temp=42.00
1779698863.721,0x100,8,00 09 DB 93 7E 1E 6C 6E,speed=0.00
1779698863.823,0x200,8,38 64 2E 7F E2 18 FD 2E,fuel=100.00
1779698863.958,0x300,8,02 C8 08 6D CA 16 9A 2B,temp=42.00
1779698864.018,0x100,8,00 D5 AA 34 AB 44 CB 0C,speed=0.00
1779698864.157,0x200,8,58 64 2C 94 89 BF 2A 9A,fuel=100.00
1779698864.302,0x300,8,02 93 2C 2C 52 B9 80 17,temp=42.00
1779698864.503,0x100,8,00 24 8B BD 5D BE B8 2B,speed=0.00
1779698864.614,0x200,8,79 64 23 B0 5C A9 B0 B2,fuel=100.00
1779698864.690,0x300,8,02 8C 01 F5 A1 F3 21 26,temp=42.00
1779698864.791,0x100,8,00 C0 36 82 72 82 86 FD,speed=0.00
1779698864.904,0x200,8,B4 64 9B CD A2 9D 9F 20,fuel=100.00
1779698864.973,0x300,8,02 A4 F6 8E F8 90 77 05,temp=42.00
1779698865.141,0x100,8,00 45 92 D5 5C 21 19 14,speed=0.00
1779698865.374,0x200,8,D0 64 7B E8 FC 0D 09 A5,fuel=100.00
1779698865.470,0x300,8,02 F3 16 C6 8E AF 33 23,temp=42.00
1779698865.536,0x100,8,00 C7 37 FD 93 F4 91 D4,speed=0.00
1779698865.851,0x200,8,BC 64 E3 08 58 43 40 C1,fuel=100.00
1779698866.006,0x300,8,02 56 8F DA 9F 31 97 E3,temp=42.00
1779698866.118,0x100,8,00 2A F2 AF 7C DE 7F C1,speed=0.00
1779698866.202,0x200,8,E1 64 7D 52 8D 04 EB 41,fuel=100.00
1779698866.318,0x300,8,02 D1 BD 05 C0 06 1C 30,temp=42.00
1779698866.403,0x100,8,00 C0 7A C6 90 6E A1 A8,speed=0.00
1779698866.505,0x200,8,5E 64 EF 9A 0C 25 E6 0C,fuel=100.00
1779698866.617,0x300,8,02 8A AA E4 EF 31 FE 34,temp=42.00
1779698866.680,0x100,8,00 7B 65 30 E8 F8 64 45,speed=0.00
1779698866.792,0x200,8,EF 64 AB E4 AC 62 96 FB,fuel=100.00
1779698866.853,0x300,8,02 E8 8E BE C1 2A A5 FB,temp=42.00
1779698866.933,0x100,8,00 D6 3C 86 AE 3B 71 11,speed=0.00
1779698867.054,0x200,8,BD 64 DE 9A 67 AD 62 9C,fuel=100.00
1779698867.148,0x300,8,02 A9 E6 11 E0 78 8F 06,temp=42.00
1779698867.247,0x100,8,00 E2 4D 60 1E 60 AA 38,speed=0.00
1779698867.334,0x200,8,67 64 26 E9 54 0F 53 27,fuel=100.00
1779698867.470,0x300,8,02 F2 6C 36 90 78 CD CA,temp=42.00
1779698867.548,0x100,8,00 83 68 1C AD 0B A4 8C,speed=0.00
1779698867.609,0x200,8,7D 64 39 03 1A EC FD 44,fuel=100.00
1779698867.700,0x300,8,02 69 05 D9 51 5E E4 A6,temp=42.00
1779698867.819,0x100,8,00 7A 84 F4 8D 79 DB 6A,speed=0.00
1779698867.909,0x200,8,0B 64 9D 24 AF 5B B7 A4,fuel=100.00
1779698868.054,0x300,8,02 33 A9 08 A2 A7 D0 43,temp=42.00
1779698868.153,0x100,8,00 5D BC 08 02 0A 4E C2,speed=0.00
1779698868.351,0x200,8,5A 64 D4 E2 B8 EA C6 A4,fuel=100.00
1779698868.473,0x300,8,02 5C 89 72 FD A2 01 94,temp=42.00
1779698868.538,0x100,8,00 68 77 2A 7F B7 30 29,speed=0.00
1779698868.666,0x200,8,E9 64 BD 63 C5 5F 3F 0C,fuel=100.00
1779698868.732,0x300,8,02 B5 FE 24 3B 92 D3 38,temp=42.00
1779698868.837,0x100,8,00 9D 17 E2 8C CA E4 62,speed=0.00
1779698868.930,0x200,8,C8 64 53 84 20 83 E8 2D,fuel=100.00
1779698869.024,0x300,8,02 12 5F 98 E0 59 01 47,temp=42.00
1779698869.117,0x100,8,00 96 91 F2 EA 3D DB 28,speed=0.00
1779698869.222,0x200,8,11 64 BF 65 94 CA 62 51,fuel=100.00
1779698869.292,0x300,8,02 B3 EE B1 C6 24 1C B1,temp=42.00
1779698869.396,0x100,8,00 E9 BF 2D 9A CB 5D 5C,speed=0.00
1779698869.515,0x200,8,8F 64 8A C3 39 B1 53 5C,fuel=100.00
1779698869.640,0x300,8,02 03 09 C5 8D 3C 42 D4,temp=42.00
1779698869.712,0x100,8,00 31 56 FA B9 41 BA C0,speed=0.00
1779698869.857,0x200,8,2C 64 18 98 5D 53 B6 4F,fuel=100.00
1779698869.941,0x300,8,02 F1 36 37 23 1B 2E BE,temp=42.00
1779698870.034,0x100,8,00 44 C6 EB 9F 5A C8 D3,speed=0.00
1779698870.187,0x200,8,84 64 D0 CE 17 CE 70 9A,fuel=100.00
1779698870.366,0x300,8,02 FD C8 5B 52 00 73 77,temp=42.00
1779698870.407,0x100,8,00 49 4C 55 A5 19 0A EF,speed=0.00
1779698870.523,0x200,8,80 64 D1 BC B2 FC ED 70,fuel=100.00
1779698870.633,0x300,8,02 63 74 98 BA F5 AA 2F,temp=42.00
1779698870.689,0x100,8,00 9F C4 95 AE DD 3C D7,speed=0.00
1779698870.783,0x200,8,BA 64 AB 02 B3 32 AF 7C,fuel=100.00
1779698870.922,0x300,8,02 72 7B B4 D1 E6 4F 0E,temp=42.00
1779698870.991,0x100,8,00 C9 64 3F 90 25 3A 4C,speed=0.00
1779698871.082,0x200,8,D3 64 1D E7 4B 89 82 6B,fuel=100.00
1779698871.254,0x300,8,02 22 68 0A CC D5 13 18,temp=42.00
1779698871.388,0x100,8,00 28 4D 1B 91 13 D9 5F,speed=0.00
1779698871.575,0x200,8,CD 64 AF 70 E6 B7 7B 5E,fuel=100.00
1779698871.647,0x300,8,02 D8 E1 C5 C7 CD 23 F0,temp=42.00
1779698871.736,0x100,8,00 8A 32 1F D4 DE 42 27,speed=0.00
1779698871.905,0x200,8,2D 64 EF 63 66 32 33 C6,fuel=100.00
1779698871.973,0x300,8,02 6B 97 B9 8A 85 BD 78,temp=42.00
1779698872.037,0x100,8,00 80 98 4C 35 29 17 A3,speed=0.00
1779698872.404,0x200,8,FE 64 5F 7F 4C 5C 18 B8,fuel=100.00
1779698872.690,0x300,8,02 29 29 77 5C D8 E7 A9,temp=42.00
1779698872.939,0x100,8,00 2A 1E 6E 2D 3F EB DE,speed=0.00
1779698873.149,0x200,8,09 64 F2 39 EB 3B 0B 6C,fuel=100.00
1779698873.267,0x300,8,02 2B 2D 7D 24 A1 CF C0,temp=42.00
1779698873.320,0x100,8,00 18 C4 2C 39 F8 1D 17,speed=0.00
1779698873.409,0x200,8,40 64 6C 0B 4D 8E FD 30,fuel=100.00
1779698873.534,0x300,8,02 B4 FC 57 44 E7 C3 23,temp=42.00
1779698873.591,0x100,8,00 08 92 01 86 10 F1 5B,speed=0.00
1779698873.704,0x200,8,96 64 E6 6C 2D F3 CB 4F,fuel=100.00
1779698873.837,0x300,8,02 51 27 40 D3 71 C4 5C,temp=42.00
1779698873.925,0x100,8,00 FF A2 7F 3E 9D 24 13,speed=0.00
1779698873.975,0x200,8,AA 64 20 C3 4D B9 DB 01,fuel=100.00
1779698874.105,0x300,8,02 7A EF 2F 98 65 39 57,temp=42.00
1779698874.205,0x100,8,00 C0 4C 3A CE 79 B0 52,speed=0.00
1779698874.255,0x200,8,5B 64 5F D3 51 41 FB 7F,fuel=100.00
1779698874.470,0x300,8,02 7E 70 26 DE E3 E7 3F,temp=42.00
1779698874.536,0x100,8,00 F4 4A BC EB EF 7F 8A,speed=0.00
1779698874.645,0x200,8,9D 64 01 10 07 D8 1B 69,fuel=100.00
1779698874.737,0x300,8,02 46 D1 69 70 1D 82 98,temp=42.00
1779698874.855,0x100,8,00 25 8B 8A 77 6E 28 6D,speed=0.00
1779698875.207,0x200,8,F8 64 46 ED 1B D4 F1 C0,fuel=100.00
1779698875.405,0x300,8,02 61 80 66 17 91 18 7D,temp=42.00
1779698875.505,0x100,8,00 6C AF 44 FE 17 4F FB,speed=0.00
1779698875.609,0x200,8,59 64 E2 E6 5A 6A 61 AF,fuel=100.00
1779698875.679,0x300,8,02 70 3B D7 90 57 F2 D1,temp=42.00
1779698875.771,0x100,8,00 0C 74 7B 35 46 BF A7,speed=0.00
1779698875.875,0x200,8,ED 64 F8 12 B2 86 E1 28,fuel=100.00
1779698875.948,0x300,8,02 2A C0 BC 10 9B 1F 3C,temp=42.00
1779698876.039,0x100,8,00 A8 E5 62 B1 86 07 90,speed=0.00
1779698876.135,0x200,8,AC 64 39 C6 B2 43 E4 92,fuel=100.00
1779698876.225,0x300,8,02 57 C2 7C 74 92 7A D2,temp=42.00
1779698876.321,0x100,8,00 A6 C7 C9 1E 91 A3 ED,speed=0.00
1779698876.433,0x200,8,DD 64 E8 D0 0B 18 2A BD,fuel=100.00
1779698876.539,0x300,8,02 0B 77 52 5C F4 30 54,temp=42.00
1779698876.605,0x100,8,00 C8 AC 7F B8 C6 80 0F,speed=0.00
1779698876.741,0x200,8,21 64 C7 29 93 21 DE 0E,fuel=100.00
1779698876.907,0x300,8,02 4B 2B 3C 6D 1E 3B 68,temp=42.00
1779698876.975,0x100,8,00 DF EB 87 E2 6D E5 20,speed=0.00
1779698877.089,0x200,8,20 64 96 12 7B 61 5D 2F,fuel=100.00
1779698877.282,0x300,8,02 46 BA 39 06 00 A7 92,temp=42.00
1779698877.370,0x100,8,00 E7 E9 08 10 4A E5 F0,speed=0.00
1779698877.469,0x200,8,FF 64 66 26 59 92 DD BE,fuel=100.00
1779698877.541,0x300,8,02 B3 BC B6 41 93 6E ED,temp=42.00
1779698877.639,0x100,8,00 61 C6 5E 4D A0 B6 44,speed=0.00
1779698877.755,0x200,8,7B 64 CF 51 24 A8 3F 3C,fuel=100.00
1779698877.836,0x300,8,02 95 42 D0 40 C6 D8 31,temp=42.00
1779698877.918,0x100,8,00 B5 98 8A 4D 09 0F D3,speed=0.00
1779698878.072,0x200,8,55 64 3E 51 E0 31 A9 AB,fuel=100.00
1779698878.200,0x300,8,02 94 22 40 5B C4 C7 E6,temp=42.00
1779698878.333,0x100,8,00 AE BD AB A1 20 17 E4,speed=0.00
1779698878.400,0x200,8,48 64 6E D3 1A 8C E9 EA,fuel=100.00
1779698878.495,0x300,8,02 F2 69 33 EE 2E 9E EF,temp=42.00
1779698878.749,0x100,8,00 2D 56 FC 9B 70 52 64,speed=0.00
1779698878.890,0x200,8,D8 64 6A EA C7 C8 24 D6,fuel=100.00
1779698878.991,0x300,8,02 A3 68 97 87 5B 77 F2,temp=42.00
1779698879.089,0x100,8,00 22 B6 86 72 50 1A D4,speed=0.00
1779698879.207,0x200,8,57 64 8C 37 F0 F1 05 87,fuel=100.00
1779698879.318,0x300,8,02 BB 11 57 F0 EF E3 F3,temp=42.00
1779698879.451,0x100,8,00 61 A3 D3 F5 C1 8D 1E,speed=0.00
1779698879.520,0x200,8,E5 64 CC 39 BC FF 3C 16,fuel=100.00
1779698879.632,0x300,8,02 BE C3 AD 91 39 71 2D,temp=42.00
1779698879.707,0x100,8,00 47 05 D0 56 7E 5D E8,speed=0.00
1779698879.817,0x200,8,DA 64 05 B5 E1 EA 08 99,fuel=100.00
1779698879.876,0x300,8,02 E0 89 C0 D2 BF F8 DB,temp=42.00
1779698880.025,0x100,8,00 1D 8E 47 9C 09 26 4A,speed=0.00
1779698880.072,0x200,8,51 64 24 32 44 FB 95 F6,fuel=100.00
1779698880.174,0x300,8,02 DD 52 C0 C3 47 BB CC,temp=42.00
1779698880.254,0x100,8,00 92 56 D5 E4 AE D9 66,speed=0.00
1779698880.474,0x200,8,E2 64 D4 E6 C2 CE 89 42,fuel=100.00
1779698880.569,0x300,8,02 A1 75 F9 83 E3 EB E3,temp=42.00
1779698880.641,0x100,8,00 CF 5D BF FA 36 D2 C1,speed=0.00
1779698880.776,0x200,8,BA 64 28 AA 54 C0 28 89,fuel=100.00
1779698880.838,0x300,8,02 8E FB 1B F8 F7 57 57,temp=42.00
1779698880.937,0x100,8,00 1C F3 26 F9 49 5A 46,speed=0.00
1779698881.068,0x200,8,5D 64 35 64 C4 62 CE CE,fuel=100.00
1779698881.121,0x300,8,02 17 F4 D3 C1 DB 3D FE,temp=42.00
1779698881.286,0x100,8,00 77 C4 B2 28 C8 0E D7,speed=0.00
1779698881.376,0x200,8,9B 64 5B 70 E5 B9 9F BC,fuel=100.00
1779698881.536,0x300,8,02 9E 18 F7 27 E0 31 32,temp=42.00
1779698881.604,0x100,8,00 3E D4 E1 45 E1 EC 0E,speed=0.00
1779698881.685,0x200,8,2B 64 79 1E EB B7 5D 27,fuel=100.00
1779698881.786,0x300,8,02 D3 95 67 EF FD 92 E7,temp=42.00
1779698881.874,0x100,8,00 07 9E 83 97 9F 48 9E,speed=0.00
1779698881.957,0x200,8,17 64 71 F3 7B CD 0B 9F,fuel=100.00
1779698882.044,0x300,8,02 C8 F2 CC 91 C0 07 2C,temp=42.00
1779698882.351,0x100,8,00 24 6C 0A 77 07 12 3D,speed=0.00
1779698882.675,0x200,8,1D 64 DA 8B 02 BD B1 EA,fuel=100.00
1779698882.720,0x300,8,02 82 AE 50 C3 1C 8C 71,temp=42.00
1779698883.235,0x100,8,00 98 26 BC 79 79 D9 A6,speed=0.00
1779698883.275,0x200,8,F8 64 60 6F 5E A8 26 15,fuel=100.00
1779698883.754,0x300,8,02 2E FD C2 FC D3 07 83,temp=42.00
1779698883.826,0x100,8,00 D3 C4 E1 51 06 F0 F3,speed=0.00
1779698884.074,0x200,8,6B 64 70 B1 90 40 5B 2F,fuel=100.00
1779698884.338,0x300,8,02 36 31 9D 4D 95 19 F1,temp=42.00
1779698884.452,0x100,8,00 2D 6A D1 AA 5F A2 87,speed=0.00
1779698884.899,0x200,8,01 64 E2 B0 0D 4A BD F9,fuel=100.00
1779698885.069,0x300,8,02 79 9A 81 47 8A AD 46,temp=42.00
1779698885.291,0x100,8,00 C6 0E 77 3A A4 2E FE,speed=0.00
1779698885.585,0x200,8,96 64 61 AB 72 1D B0 05,fuel=100.00
1779698886.187,0x300,8,02 B9 A1 EE 0E 92 66 1C,temp=42.00
1779698886.588,0x100,8,00 89 7E B7 D9 25 52 26,speed=0.00
1779698886.871,0x200,8,93 64 4C FC 01 2F 2D 9C,fuel=100.00
1779698886.939,0x300,8,02 1A 88 37 9A 86 10 8F,temp=42.00
1779698887.192,0x100,8,00 91 C9 0E 1B BE 6E C1,speed=0.00
1779698887.305,0x200,8,D5 64 C8 B3 0C AB A2 0A,fuel=100.00
1779698887.412,0x300,8,02 D8 9F A8 76 6C 32 A5,temp=42.00
1779698887.525,0x100,8,00 7E AF DF 87 30 DF F1,speed=0.00
1779698887.599,0x200,8,5A 64 05 A9 9D 44 44 3A,fuel=100.00
1779698887.690,0x300,8,02 DA FD 9F E8 FF 7C 92,temp=42.00
1779698887.766,0x100,8,00 EA 2F 2D 06 51 8E DE,speed=0.00
1779698887.860,0x200,8,F7 64 D6 CE 05 60 92 E1,fuel=100.00
1779698887.967,0x300,8,02 90 6D 4B 73 24 38 0A,temp=42.00
1779698888.063,0x100,8,00 BF CD A7 3A 36 46 D6,speed=0.00
1779698888.154,0x200,8,FB 64 78 88 A7 93 DA 35,fuel=100.00
1779698888.270,0x300,8,02 A3 21 A6 2F 95 25 36,temp=42.00
1779698888.412,0x100,8,00 D7 B6 C1 F0 76 75 06,speed=0.00
1779698888.480,0x200,8,5A 64 59 9F 24 D1 9B 47,fuel=100.00
1779698888.533,0x300,8,02 87 5D 47 B0 82 12 26,temp=42.00
1779698888.607,0x100,8,00 5E 1C 86 EF FC 47 D4,speed=0.00
1779698888.738,0x200,8,31 64 7A 96 69 3E 68 63,fuel=100.00
1779698888.808,0x300,8,02 B2 C0 4F 1F FE B4 FD,temp=42.00
1779698888.948,0x100,8,00 50 C5 E8 AE C0 EE 72,speed=0.00
1779698888.985,0x200,8,32 64 A3 21 9E 98 7B 21,fuel=100.00
1779698889.088,0x300,8,02 33 0D AC 9C 53 34 7C,temp=42.00
1779698889.271,0x100,8,00 EE 9A CD F4 8C A7 4F,speed=0.00
1779698889.458,0x200,8,AD 64 A1 44 C2 19 5D 30,fuel=100.00
1779698889.707,0x300,8,02 42 31 7D D1 86 EC 19,temp=42.00
1779698889.790,0x100,8,00 A3 F9 4E 16 2D AC 19,speed=0.00
1779698890.142,0x200,8,F6 64 F4 FD E4 C0 2F 38,fuel=100.00
1779698890.475,0x300,8,02 34 D9 64 37 F1 30 C9,temp=42.00
1779698890.933,0x100,8,00 B8 BA FC 5B 60 7D 65,speed=0.00
1779698890.986,0x200,8,0E 64 7E 38 9C 77 A3 98,fuel=100.00
1779698891.122,0x300,8,02 0C 46 E5 AC 19 F8 E4,temp=42.00
1779698891.189,0x100,8,00 AF A2 96 6D 51 08 F2,speed=0.00
1779698891.366,0x200,8,F5 64 F9 B3 2C 18 45 F4,fuel=100.00
1779698891.586,0x300,8,02 C3 9A 9E 9C 2E 98 54,temp=42.00
1779698891.680,0x100,8,00 75 B4 E2 10 52 A2 BB,speed=0.00
1779698891.806,0x200,8,CE 64 3D 0E 78 8A 3D B3,fuel=100.00
1779698891.872,0x300,8,02 DC 66 C7 61 3D 38 98,temp=42.00
1779698892.064,0x100,8,00 4F 0C 40 62 5E C5 FF,speed=0.00
1779698892.353,0x200,8,42 64 2C CF C9 E2 40 40,fuel=100.00
1779698892.599,0x300,8,02 86 73 96 4E 0C 3A 82,temp=42.00
1779698892.720,0x100,8,00 3B E0 05 3F E5 EC 57,speed=0.00
1779698892.958,0x200,8,D1 64 36 02 35 E9 A8 92,fuel=100.00
1779698893.074,0x300,8,02 CC 47 4F AD 42 2C D8,temp=42.00
1779698893.404,0x100,8,00 A1 88 47 17 A9 83 6E,speed=0.00
1779698893.623,0x200,8,C8 64 92 EF AE 95 34 C2,fuel=100.00
1779698893.957,0x300,8,02 B3 22 7F 7D 90 40 D5,temp=42.00
1779698894.538,0x100,8,00 FB 7B 7E 92 D3 B4 4A,speed=0.00
1779698894.636,0x200,8,16 64 4E D9 9A 7E 68 3D,fuel=100.00
1779698894.692,0x300,8,02 DA 6C 0B 95 EB 7A E4,temp=42.00
1779698895.223,0x100,8,00 18 0E 54 D1 4B C9 0C,speed=0.00
1779698895.366,0x200,8,2F 64 2C 63 B7 CA 1B B8,fuel=100.00
1779698895.458,0x300,8,02 3F 0A 13 E4 9B EE A0,temp=42.00
1779698895.636,0x100,8,00 07 7B 72 6D 9A D6 2E,speed=0.00
1779698895.691,0x200,8,E3 64 90 49 03 AA 2F CA,fuel=100.00
1779698895.823,0x300,8,02 06 12 E1 75 49 4D D7,temp=42.00
1779698895.950,0x100,8,00 2E CC CC 3F 23 CB 9E,speed=0.00
1779698896.023,0x200,8,F1 64 07 CE 56 8C 2E DE,fuel=100.00
1779698896.071,0x300,8,02 E1 BB D8 5C 20 35 B6,temp=42.00
1779698896.152,0x100,8,00 E0 5E B8 29 C4 4D E7,speed=0.00
1779698896.289,0x200,8,E5 64 5C 00 67 32 D4 5C,fuel=100.00
1779698896.452,0x300,8,02 19 77 7E ED 98 E3 F6,temp=42.00
1779698896.531,0x100,8,00 2A 88 8C 8E 91 C4 84,speed=0.00
1779698896.612,0x200,8,EA 64 66 82 12 F2 48 A9,fuel=100.00
1779698896.742,0x300,8,02 BE A7 9E 69 70 AD 66,temp=42.00
1779698896.799,0x100,8,00 22 2D DC 22 A8 EC 5B,speed=0.00
1779698896.921,0x200,8,76 64 9E F5 2C 0D 60 3C,fuel=100.00
1779698897.001,0x300,8,02 17 EB 02 B3 C9 5A CB,temp=42.00
1779698897.125,0x100,8,00 49 71 75 9B 58 CD EF,speed=0.00
1779698897.168,0x200,8,39 64 2E 0C 4A 49 FC CC,fuel=100.00
1779698897.358,0x300,8,02 E6 A1 23 D2 09 D4 3C,temp=42.00
1779698897.455,0x100,8,00 01 C5 EE 4D 39 B7 CB,speed=0.00
1779698897.566,0x200,8,B6 64 F8 49 AE 08 37 A7,fuel=100.00
1779698897.668,0x300,8,02 91 B9 61 30 B5 73 2A,temp=42.00
1779698897.788,0x100,8,00 81 54 D0 A7 86 C9 D0,speed=0.00
1779698897.842,0x200,8,CF 64 82 BD CA E8 74 10,fuel=100.00
1779698897.955,0x300,8,02 70 9E 77 91 88 90 D2,temp=42.00
1779698898.063,0x100,8,00 33 C8 AA 14 78 83 7C,speed=0.00
1779698898.103,0x200,8,44 64 DE 99 02 68 26 61,fuel=100.00
1779698898.207,0x300,8,02 71 AE E3 CD C2 D6 B4,temp=42.00
1779698898.348,0x100,8,00 FB AF 66 E7 39 FB 16,speed=0.00
1779698898.457,0x200,8,EE 64 09 9A 51 5F B3 33,fuel=100.00
1779698898.536,0x300,8,02 E7 DD C4 D0 62 E8 2F,temp=42.00
1779698898.605,0x100,8,00 1D EF 18 9B F0 B7 31,speed=0.00
1779698898.829,0x200,8,42 64 0C AA D8 BB 98 48,fuel=100.00
1779698898.894,0x300,8,02 13 EC 8C BB D6 14 56,temp=42.00
1779698898.991,0x100,8,00 26 FE CE 47 1F D1 C7,speed=0.00
1779698899.053,0x200,8,25 64 DD 7E 74 5B 75 A8,fuel=100.00
1779698899.177,0x300,8,02 39 0F 5D 23 17 D4 09,temp=42.00
1779698899.258,0x100,8,00 68 1E EB 40 A8 A9 68,speed=0.00
1779698899.364,0x200,8,49 64 20 A2 DD A7 08 F0,fuel=100.00
1779698899.421,0x300,8,02 E3 A2 18 E9 16 00 0C,temp=42.00
1779698899.548,0x100,8,00 07 8A 14 7A A1 16 B2,speed=0.00
1779698899.712,0x200,8,35 64 9C 30 30 42 D8 B8,fuel=100.00
1779698899.859,0x300,8,02 8C 1B 3F DD FD 48 4D,temp=42.00
1779698900.011,0x100,8,00 72 31 C7 AC D0 D1 88,speed=0.00
1779698900.114,0x200,8,41 64 14 12 89 D8 81 6E,fuel=100.00
1779698900.191,0x300,8,02 39 2B 8C 5F E4 1B 3C,temp=42.00
1779698900.275,0x100,8,00 2B 9A 0A 36 D2 EE 04,speed=0.00
1779698900.357,0x200,8,B9 64 3F C9 D8 6D D4 02,fuel=100.00
1779698900.473,0x300,8,02 07 62 22 1D 61 D6 2B,temp=42.00
1779698900.601,0x100,8,00 81 F2 08 F2 CD BC 14,speed=0.00
1779698900.769,0x200,8,7B 64 CA 3D 8C 6B 7B 31,fuel=100.00
1779698900.989,0x300,8,02 5D 38 FD BD 17 08 C0,temp=42.00
1779698901.037,0x100,8,00 53 13 4D E6 CC 63 69,speed=0.00
1779698901.282,0x200,8,40 64 C1 7A 7F E5 1F 48,fuel=100.00
1779698901.407,0x300,8,02 ED 3D 6A 21 38 BB C3,temp=42.00
1779698901.540,0x100,8,00 0F 19 92 06 6F 25 FE,speed=0.00
1779698901.601,0x200,8,1B 64 8F B5 4B 93 89 4B,fuel=100.00
1779698901.692,0x300,8,02 D8 56 32 D5 B3 DB 55,temp=42.00
1779698901.768,0x100,8,00 0E AF C5 53 24 80 E9,speed=0.00
1779698901.926,0x200,8,B0 64 83 EF 79 9C 77 43,fuel=100.00
1779698902.005,0x300,8,02 37 D1 68 D9 22 66 88,temp=42.00
1779698902.073,0x100,8,00 F4 A5 0A 70 EB 10 38,speed=0.00
1779698902.184,0x200,8,19 64 8E 86 CA E0 74 69,fuel=100.00
1779698902.241,0x300,8,02 43 C3 B7 CE 36 E1 E7,temp=42.00
1779698902.472,0x100,8,00 D1 0A A7 47 1E B3 05,speed=0.00
1779698902.564,0x200,8,A8 64 65 77 5C 86 D4 A7,fuel=100.00
1779698902.640,0x300,8,02 42 B0 DF 4D 33 57 3C,temp=42.00
1779698902.736,0x100,8,00 DF E8 7B A3 FC 60 9E,speed=0.00
1779698902.816,0x200,8,F4 64 60 44 B9 4C 59 3E,fuel=100.00
1779698902.926,0x300,8,02 C0 60 A2 4D 80 50 9A,temp=42.00
1779698903.018,0x100,8,00 27 30 43 23 B5 EF 5F,speed=0.00
1779698903.123,0x200,8,6D 64 46 CC 32 5A A7 73,fuel=100.00
1779698903.209,0x300,8,02 D1 BC 65 34 C6 04 F5,temp=42.00
1779698903.702,0x100,8,00 78 C2 4F 34 ED 32 5C,speed=0.00
1779698904.286,0x200,8,DB 64 06 03 CC C7 07 FE,fuel=100.00
1779698904.675,0x300,8,02 98 B5 43 3B C2 41 5E,temp=42.00
1779698905.037,0x100,8,00 FB 63 C1 BA D8 DF 8A,speed=0.00
1779698906.222,0x200,8,37 64 EB 20 01 E8 77 8C,fuel=100.00
1779698906.590,0x300,8,02 B2 2F BE AB AF 9C 69,temp=42.00
1779698906.687,0x100,8,00 F2 D4 3F C2 E8 C6 7A,speed=0.00
1779698906.991,0x200,8,25 64 68 FB 98 7D 6A 68,fuel=100.00
1779698907.286,0x300,8,02 35 D5 B6 C9 A5 80 35,temp=42.00
1779698907.925,0x100,8,00 95 B7 36 F9 19 78 5D,speed=0.00
1779698908.067,0x200,8,AE 64 88 07 0B EF AF 2A,fuel=100.00
1779698908.123,0x300,8,02 49 4D 2C 3F C1 C2 6B,temp=42.00
1779698908.438,0x100,8,00 33 9A 1B 9D 58 6E 45,speed=0.00
1779698908.500,0x200,8,60 64 32 81 FA 79 D0 2D,fuel=100.00
1779698908.674,0x300,8,02 39 19 69 7E BC 3E 22,temp=42.00
1779698908.827,0x100,8,00 BC 9E 03 6D 1F CB DC,speed=0.00
1779698909.184,0x200,8,6E 64 21 BB 37 EF 42 B0,fuel=100.00
1779698909.618,0x300,8,02 C7 08 0A E2 B1 45 CD,temp=42.00
1779698909.952,0x100,8,00 8C 4F 14 FC 95 B1 D5,speed=0.00
1779698910.158,0x200,8,08 64 86 1A FB B0 23 0A,fuel=100.00
1779698911.648,0x300,8,02 63 B9 12 3C 5F D4 55,temp=42.00
1779698913.187,0x100,8,00 93 4B C2 5E 70 F4 77,speed=0.00
1779698913.284,0x200,8,A8 64 0F 60 C2 FC A0 04,fuel=100.00
1779698913.432,0x300,8,02 7A 08 4F 94 D9 2B B7,temp=42.00
1779698913.548,0x100,8,00 6E 8B C2 66 C5 1A 8A,speed=0.00
1779698913.640,0x200,8,D2 64 31 CF C6 30 3E E5,fuel=100.00
1779698913.737,0x300,8,02 20 99 21 D0 87 6E A5,temp=42.00
1779698914.127,0x100,8,00 B5 77 85 2B B1 5D EA,speed=0.00
1779698914.551,0x200,8,50 64 62 04 21 30 91 3C,fuel=100.00
1779698914.704,0x300,8,02 D5 F4 73 D5 FB 46 18,temp=42.00
1779698914.772,0x100,8,00 43 9D 75 81 FB C6 9B,speed=0.00
1779698914.847,0x200,8,E6 64 2B F9 95 06 D9 62,fuel=100.00
1779698914.954,0x300,8,02 72 26 BC 77 63 5B 8A,temp=42.00
1779698915.090,0x100,8,00 BE 7D AB 5C B6 59 EA,speed=0.00
1779698915.299,0x200,8,EA 64 1C 18 FA 31 52 8B,fuel=100.00
1779698915.715,0x300,8,02 9E A7 F5 35 E7 F7 F5,temp=42.00
1779698915.975,0x100,8,00 3C 66 C3 BC 4D 5F 63,speed=0.00
1779698916.158,0x200,8,1E 64 B6 68 9E DB 0F FD,fuel=100.00
1779698916.301,0x300,8,02 27 97 5C 70 55 4F 67,temp=42.00
1779698916.400,0x100,8,00 87 12 FE 41 79 77 A4,speed=0.00
1779698916.550,0x200,8,61 64 84 C5 03 4A FE D6,fuel=100.00
1779698916.614,0x300,8,02 74 C9 27 16 6F 86 03,temp=42.00
1779698916.710,0x100,8,00 10 BE F0 7B 10 D8 75,speed=0.00
1779698916.853,0x200,8,31 64 BE 0A DE FF D1 BB,fuel=100.00
1779698916.933,0x300,8,02 CE F1 20 FA FC AF 80,temp=42.00
1779698917.069,0x100,8,00 98 EE B5 01 54 8B 42,speed=0.00
1779698917.181,0x200,8,F1 64 A0 4E 0C 2D 2A 71,fuel=100.00
1779698917.270,0x300,8,02 45 FB 54 EB B4 19 61,temp=42.00
1779698917.458,0x100,8,00 AD DC 5C 34 8D 29 FE,speed=0.00
1779698917.557,0x200,8,95 64 4C 7B CC 4D 8B 2D,fuel=100.00
1779698917.700,0x300,8,02 01 C3 F1 A4 46 53 2C,temp=42.00
1779698917.737,0x100,8,00 99 9E 5F B7 6C 10 D6,speed=0.00
1779698917.920,0x200,8,F3 64 C7 44 6C 9F 5C FB,fuel=100.00
1779698917.986,0x300,8,02 0B 07 A2 E8 E1 35 BA,temp=42.00
1779698918.051,0x100,8,00 94 D6 E4 BB 01 27 08,speed=0.00
1779698918.120,0x200,8,7D 64 3D 03 19 2C F2 9C,fuel=100.00
1779698918.309,0x300,8,02 AC D4 84 C0 F9 4D 94,temp=42.00
1779698918.436,0x100,8,00 18 AD 42 73 0D F8 77,speed=0.00
1779698918.505,0x200,8,34 64 65 62 C9 1A 23 4A,fuel=100.00
1779698918.632,0x300,8,02 2E 9F 71 73 54 15 46,temp=42.00
1779698918.735,0x100,8,00 12 A8 15 83 DE 7F 84,speed=0.00
1779698918.819,0x200,8,84 64 9A DB 1C 39 D7 3C,fuel=100.00
1779698919.009,0x300,8,02 48 7F 44 BF 72 98 76,temp=42.00
1779698919.154,0x100,8,00 75 52 80 33 53 56 36,speed=0.00
1779698919.252,0x200,8,55 64 0A D3 FC 97 7D C9,fuel=100.00
1779698919.368,0x300,8,02 3C D8 31 C7 C5 47 B0,temp=42.00
1779698919.506,0x100,8,00 04 C3 27 EE F3 2F 14,speed=0.00
1779698919.650,0x200,8,14 64 BC 1B 05 EA E5 14,fuel=100.00
1779698919.709,0x300,8,02 FD 57 2D 12 32 95 82,temp=42.00
1779698919.835,0x100,8,00 7C E0 41 D8 02 A8 B0,speed=0.00
1779698919.908,0x200,8,B7 64 4F 6D 34 87 5E 82,fuel=100.00
1779698920.475,0x300,8,02 00 7D 0A 71 CC FE BF,temp=42.00
1779698920.607,0x100,8,00 99 31 3F DB 51 E1 16,speed=0.00
1779698920.663,0x200,8,03 64 B2 58 6D AB 1E 9D,fuel=100.00
1779698920.758,0x300,8,02 07 A8 D0 E2 BD 2C BE,temp=42.00
1779698921.019,0x100,8,00 18 9C 48 7E 74 69 CB,speed=0.00
1779698921.129,0x200,8,FD 64 9F 12 10 D9 50 F3,fuel=100.00
1779698921.216,0x300,8,02 87 65 9D C2 86 75 DF,temp=42.00
1779698921.305,0x100,8,00 5D 7B 32 15 99 78 8F,speed=0.00
1779698921.475,0x200,8,05 64 F9 87 EC C6 E5 0A,fuel=100.00
1779698921.576,0x300,8,02 2C 26 2F DB 67 1E 8F,temp=42.00
1779698921.716,0x100,8,00 7F 43 87 67 3F C6 21,speed=0.00
1779698921.802,0x200,8,14 64 F4 22 A1 AA 17 3F,fuel=100.00
1779698921.875,0x300,8,02 02 E5 3B 8C 99 71 80,temp=42.00
1779698921.999,0x100,8,00 BC 95 18 5F 3B 55 42,speed=0.00
1779698922.080,0x200,8,41 64 F6 38 52 64 F7 A5,fuel=100.00
1779698922.205,0x300,8,02 BC E9 9D 7B 55 37 36,temp=42.00
1779698922.264,0x100,8,00 F7 CB 84 57 6E A7 FC,speed=0.00
1779698922.333,0x200,8,99 64 5A 5A 7B 99 E0 E4,fuel=100.00
1779698922.487,0x300,8,02 60 ED 63 76 F0 83 B4,temp=42.00
1779698922.592,0x100,8,00 46 A1 96 32 E0 90 58,speed=0.00
1779698922.758,0x200,8,11 64 86 45 5D 30 D0 34,fuel=100.00
1779698922.893,0x300,8,02 26 92 48 FD A8 40 E2,temp=42.00
1779698922.990,0x100,8,00 2B FB 77 9C 9F 96 2E,speed=0.00
1779698923.214,0x200,8,0B 64 43 36 13 27 33 AF,fuel=100.00
1779698923.454,0x300,8,02 CE D3 20 DA 01 74 8F,temp=42.00
1779698923.536,0x100,8,00 AC 71 DA A4 36 82 47,speed=0.00
1779698923.626,0x200,8,CF 64 2B 71 B5 93 B4 04,fuel=100.00
1779698923.752,0x300,8,02 23 66 EB 78 A2 AF 0E,temp=42.00
1779698923.892,0x100,8,00 D9 0B 49 67 E2 3D DD,speed=0.00
1779698924.007,0x200,8,D5 64 B6 86 ED 32 7A 1E,fuel=100.00
1779698924.221,0x300,8,02 9F 62 84 67 8D 82 F4,temp=42.00
1779698924.285,0x100,8,00 67 A6 FE B5 AD FA 8E,speed=0.00
1779698924.357,0x200,8,DC 64 D9 53 41 04 55 2A,fuel=100.00
1779698924.555,0x300,8,02 80 87 47 B8 4F 9D B1,temp=42.00
1779698924.676,0x100,8,00 6A 6C 88 EF 27 87 D2,speed=0.00
1779698924.773,0x200,8,02 64 5B 37 D7 1E D1 C7,fuel=100.00
1779698924.949,0x300,8,02 8B 58 DB 9F D1 2D 07,temp=42.00
1779698925.050,0x100,8,00 40 99 50 2C 32 2F F3,speed=0.00
1779698925.190,0x200,8,81 64 8E A6 93 5D F2 38,fuel=100.00
1779698925.315,0x300,8,02 FB D1 4E 0A 7B BE 4D,temp=42.00
1779698925.439,0x100,8,00 A3 32 48 14 9A 60 99,speed=0.00
1779698925.528,0x200,8,C3 64 C0 CF EE C0 39 D3,fuel=100.00
1779698925.675,0x300,8,02 BF 43 38 D6 67 86 8B,temp=42.00
1779698925.786,0x100,8,00 1B 99 3C 7A 90 7D 26,speed=0.00
1779698925.906,0x200,8,4E 64 5F C0 51 A1 62 33,fuel=100.00
1779698926.033,0x300,8,02 57 69 02 F0 05 B3 0D,temp=42.00
1779698926.131,0x100,8,00 5F 5E CE C0 7C ED 4A,speed=0.00
1779698926.241,0x200,8,6B 64 59 F9 16 E8 96 8C,fuel=100.00
1779698926.321,0x300,8,02 45 BA 67 8C E1 9F EA,temp=42.00
1779698926.407,0x100,8,00 E6 EC 1C 7F D9 54 BF,speed=0.00
1779698926.559,0x200,8,2F 64 DE 07 8F 0E 57 71,fuel=100.00
1779698926.619,0x300,8,02 57 22 B4 C4 1C 4A A3,temp=42.00
1779698926.720,0x100,8,00 D6 0A B7 3C CC 61 5D,speed=0.00
1779698926.855,0x200,8,80 64 34 F8 A7 6D 06 68,fuel=100.00
1779698926.961,0x300,8,02 A2 60 3A 1F 02 21 E5,temp=42.00
1779698927.074,0x100,8,00 E4 00 49 FD 5C 2F 1F,speed=0.00
1779698927.162,0x200,8,37 64 E4 23 38 0B D1 15,fuel=100.00
1779698927.274,0x300,8,02 49 D6 EF 06 F0 98 F8,temp=42.00
1779698927.354,0x100,8,00 BF 7E 1E 79 C5 62 92,speed=0.00
1779698927.496,0x200,8,6A 64 BA 03 8A 00 0B 43,fuel=100.00
1779698927.601,0x300,8,02 4B 73 EC 03 5D 1E FC,temp=42.00
1779698927.746,0x100,8,00 46 80 CB 23 77 71 43,speed=0.00
1779698927.817,0x200,8,9E 64 56 CA 68 DC 7A 22,fuel=100.00
1779698927.914,0x300,8,02 90 DF B7 8B 15 41 7F,temp=42.00
1779698928.042,0x100,8,00 51 38 A5 76 9A 28 E4,speed=0.00
1779698928.118,0x200,8,F1 64 E5 42 AB 26 12 83,fuel=100.00
1779698928.224,0x300,8,02 D7 79 C5 45 DF 0C 35,temp=42.00
1779698928.410,0x100,8,00 D6 81 43 6D 8D 11 5E,speed=0.00
1779698928.793,0x200,8,13 64 56 79 2B 73 25 CE,fuel=100.00
1779698929.008,0x300,8,02 81 6F 06 6F 0E 1A 15,temp=42.00
1779698929.189,0x100,8,00 46 5A AB E9 59 63 AA,speed=0.00
1779698929.517,0x200,8,24 64 7E 0B A1 32 2C 63,fuel=100.00
1779698929.823,0x300,8,02 C8 CE C9 2C 2E 3C 11,temp=42.00
1779698930.101,0x100,8,00 BE 96 AF F6 B4 8C 3E,speed=0.00
1779698930.197,0x200,8,50 64 C3 E1 87 AB F0 40,fuel=100.00
1779698930.299,0x300,8,02 26 78 F6 AA 30 29 C9,temp=42.00
1779698930.402,0x100,8,00 7E E8 DB AE 47 AE C1,speed=0.00
1779698930.539,0x200,8,25 64 50 8E BC 01 0F 60,fuel=100.00
1779698930.617,0x300,8,02 46 37 10 9B CF BF 5D,temp=42.00
1779698930.671,0x100,8,00 ED 8F EC E4 19 BC FF,speed=0.00
1779698930.787,0x200,8,54 64 EA 5D 14 71 11 5B,fuel=100.00
1779698930.889,0x300,8,02 4F C7 7F 52 12 CD 17,temp=42.00
1779698930.955,0x100,8,00 24 A2 97 ED 91 5B BA,speed=0.00
1779698931.041,0x200,8,07 64 4B 53 95 5C BB D9,fuel=100.00
1779698931.220,0x300,8,02 47 E5 71 49 22 3D D2,temp=42.00
1779698931.517,0x100,8,00 9A 0C CD 87 40 2D AE,speed=0.00
1779698931.780,0x200,8,BC 64 C3 20 39 4E CE DA,fuel=100.00
1779698931.913,0x300,8,02 D2 A0 0F AB EB 33 92,temp=42.00
1779698932.044,0x100,8,00 92 A2 F7 1F 5E F0 2C,speed=0.00
1779698932.184,0x200,8,9F 64 93 7D 27 D1 F5 4D,fuel=100.00
1779698932.257,0x300,8,02 D6 7B E8 C3 89 10 32,temp=42.00
1779698932.330,0x100,8,00 FC 5D FE A1 54 F7 C6,speed=0.00
1779698932.459,0x200,8,7E 64 5B 6D BA 29 CC C0,fuel=100.00
1779698932.584,0x300,8,02 49 17 37 02 2F 17 D2,temp=42.00
1779698932.799,0x100,8,00 BD 19 94 2B FF DC 6B,speed=0.00
1779698932.900,0x200,8,5B 64 91 71 35 06 46 58,fuel=100.00
1779698933.086,0x300,8,02 9A 15 2D 92 8E 8C 2A,temp=42.00
1779698933.191,0x100,8,00 AC 6A 01 F0 C2 82 DF,speed=0.00
1779698933.324,0x200,8,10 64 62 4B 46 FB 81 5E,fuel=100.00
1779698933.387,0x300,8,02 3E AC 3B CD C1 45 0B,temp=42.00
1779698933.474,0x100,8,00 FF 6E 04 91 C7 C6 7C,speed=0.00
1779698933.602,0x200,8,A7 64 35 1F 20 42 24 0E,fuel=100.00
1779698934.835,0x300,8,02 77 8F B0 F6 FE 69 7F,temp=42.00
1779698934.874,0x100,8,00 7C 94 F5 A0 6E DB 56,speed=0.00
1779698934.992,0x200,8,09 64 B5 3B 72 65 BF 08,fuel=100.00
1779698935.184,0x300,8,02 D4 79 0E 75 19 11 BF,temp=42.00
1779698935.267,0x100,8,00 06 26 68 50 9D 4F BF,speed=0.00
1779698935.332,0x200,8,EB 64 10 67 95 FB B9 1B,fuel=100.00
1779698935.532,0x300,8,02 E0 61 0F E2 0A 46 4E,temp=42.00
1779698935.624,0x100,8,00 CF 24 3A CE 73 B9 42,speed=0.00
1779698935.784,0x200,8,C4 64 DF 42 EC 8B 4A ED,fuel=100.00
1779698935.919,0x300,8,02 50 F5 4B 5C 2A 68 10,temp=42.00
1779698936.121,0x100,8,00 F5 AD 71 CA 27 49 86,speed=0.00
1779698936.172,0x200,8,77 64 28 D3 DC CC 7D 58,fuel=100.00
1779698936.266,0x300,8,02 C2 DD CB 09 12 2A 9F,temp=42.00
1779698936.365,0x100,8,00 E6 71 6D 15 A7 C3 33,speed=0.00
1779698936.500,0x200,8,17 64 63 D7 A8 5A 4C CF,fuel=100.00
1779698936.604,0x300,8,02 97 B9 30 6C 52 6E E5,temp=42.00
1779698936.689,0x100,8,00 BA 9D 67 51 6B E8 5E,speed=0.00
1779698936.855,0x200,8,98 64 ED 06 D0 EE 9A 6D,fuel=100.00
1779698936.991,0x300,8,02 E3 B0 F3 AE D7 86 06,temp=42.00
1779698937.156,0x100,8,00 DF EE 79 BE 11 42 39,speed=0.00
1779698937.200,0x200,8,08 64 C2 F3 9B 17 92 73,fuel=100.00
1779698937.303,0x300,8,02 61 89 38 AF 0B CB 29,temp=42.00
1779698937.401,0x100,8,00 32 4F 63 60 15 58 7D,speed=0.00
1779698937.590,0x200,8,0A 64 1F 27 3C 72 71 DB,fuel=100.00
1779698937.725,0x300,8,02 13 16 2D 4F DF D2 C0,temp=42.00
1779698937.787,0x100,8,00 8F 0A 9C 8D 5E 4C 50,speed=0.00
1779698937.875,0x200,8,01 64 2E 2B 49 9E 4B 1D,fuel=100.00
1779698938.057,0x300,8,02 2C 73 9F 6A 48 A5 B7,temp=42.00
1779698938.166,0x100,8,00 B5 00 CE 99 FE 46 1C,speed=0.00
1779698938.240,0x200,8,7A 64 E4 6D E5 0A 84 4B,fuel=100.00
1779698938.352,0x300,8,02 61 CF 5A A5 CF 58 77,temp=42.00
1779698938.451,0x100,8,00 A8 85 FD 1B 6F 5B 85,speed=0.00
1779698938.593,0x200,8,0E 64 00 2B 12 5B F0 E0,fuel=100.00
1779698938.755,0x300,8,02 85 9F 1E 2D 27 B7 52,temp=42.00
1779698938.838,0x100,8,00 6C 6A AA E7 B4 ED 54,speed=0.00
1779698938.944,0x200,8,54 64 2F 63 FF E8 56 D9,fuel=100.00
1779698939.036,0x300,8,02 2D CE 79 29 4B A6 FE,temp=42.00
1779698939.115,0x100,8,00 E9 50 3D C6 A4 9F 80,speed=0.00
1779698939.197,0x200,8,70 64 E3 AD 5A C6 3F 7C,fuel=100.00
1779698939.287,0x300,8,02 46 EC A9 CF 85 CC 98,temp=42.00
1779698939.391,0x100,8,00 5A 21 EE B7 46 3C 4A,speed=0.00
1779698939.470,0x200,8,96 64 4E 0B E5 DF E2 28,fuel=100.00
1779698939.558,0x300,8,02 70 0C 70 10 43 1A 34,temp=42.00
1779698939.676,0x100,8,00 17 2D 02 23 B1 3C 6B,speed=0.00
1779698939.755,0x200,8,84 64 D4 FC 0B 4B A0 E9,fuel=100.00
1779698939.872,0x300,8,02 EF EB FD 57 10 F2 FE,temp=42.00
1779698939.941,0x100,8,00 64 EC 67 0A 8D 8E E8,speed=0.00
1779698940.067,0x200,8,28 64 8C 2A AC 1E 7E B8,fuel=100.00
1779698940.154,0x300,8,02 6F 94 DE 63 2A 27 28,temp=42.00
1779698940.256,0x100,8,00 B9 B7 EF 3D 05 4B 0C,speed=0.00
1779698940.342,0x200,8,B0 64 20 AE F0 EC 8D EC,fuel=100.00
1779698940.417,0x300,8,02 EA B8 D9 EA A2 09 5A,temp=42.00
1779698940.554,0x100,8,00 D4 AF 13 F5 98 4E 74,speed=0.00
1779698940.610,0x200,8,90 64 05 85 66 A5 A7 A0,fuel=100.00
1779698940.727,0x300,8,02 2A 89 DB 4D 17 01 78,temp=42.00
1779698940.803,0x100,8,00 EC 84 F1 0D CD 1E D0,speed=0.00
1779698940.899,0x200,8,59 64 5E 97 55 BF 20 5A,fuel=100.00
1779698940.975,0x300,8,02 6D 32 69 6F F6 0F 37,temp=42.00
1779698941.099,0x100,8,00 02 46 FA 79 B3 52 E7,speed=0.00
1779698941.167,0x200,8,5A 64 9A C5 DD 03 1E 0D,fuel=100.00
1779698941.316,0x300,8,02 36 41 AF 8C 21 23 DC,temp=42.00
1779698941.374,0x100,8,00 81 45 3F 57 57 4D 7F,speed=0.00
1779698941.438,0x200,8,B1 64 F2 4F 69 5E E0 C2,fuel=100.00
1779698941.537,0x300,8,02 D8 96 E9 0B CE 6B 30,temp=42.00
1779698941.625,0x100,8,00 92 88 E0 42 CE 39 7A,speed=0.00
1779698941.755,0x200,8,54 64 6F F2 F7 C0 43 DC,fuel=100.00
1779698941.939,0x300,8,02 25 6B A9 23 C0 86 62,temp=42.00
1779698942.038,0x100,8,00 BB ED 52 7B 63 D1 43,speed=0.00
1779698942.095,0x200,8,BA 64 4B 92 D1 E7 08 47,fuel=100.00
1779698942.205,0x300,8,02 71 9C 66 AE 55 FC 93,temp=42.00
1779698942.286,0x100,8,00 C4 01 06 58 6E 10 30,speed=0.00
1779698942.410,0x200,8,81 64 B2 8F 67 FE B8 B6,fuel=100.00
1779698942.483,0x300,8,02 B3 94 60 63 95 3E D7,temp=42.00
1779698942.591,0x100,8,00 A8 93 2E 25 42 AE 51,speed=0.00
1779698942.673,0x200,8,F5 64 DA F7 F3 02 B5 48,fuel=100.00
1779698942.749,0x300,8,02 A5 DF C6 FA 9A 5B AF,temp=42.00
1779698942.869,0x100,8,00 92 72 18 8B AA 96 F1,speed=0.00
1779698942.943,0x200,8,E5 64 57 39 D8 26 88 76,fuel=100.00
1779698943.056,0x300,8,02 A6 44 27 08 50 16 57,temp=42.00
1779698943.152,0x100,8,00 5C 84 25 D9 B8 38 14,speed=0.00
1779698943.235,0x200,8,76 64 9D 3C 59 DA E1 7F,fuel=100.00
1779698943.405,0x300,8,02 B2 D3 B9 86 45 9B 95,temp=42.00
1779698943.538,0x100,8,00 1A B8 1B 9F E5 E9 9C,speed=0.00
1779698943.726,0x200,8,3E 64 50 90 63 9A C4 A8,fuel=100.00
1779698943.908,0x300,8,02 3D 92 E7 99 AC 82 2E,temp=42.00
1779698944.054,0x100,8,00 1B C8 57 DA 78 FB EC,speed=0.00
1779698944.126,0x200,8,E7 64 30 9A A0 34 9D FF,fuel=100.00
1779698944.184,0x300,8,02 AC A4 94 AE 9A 19 E8,temp=42.00
1779698944.256,0x100,8,00 E5 2E 3D 6E D5 00 8B,speed=0.00
1779698944.354,0x200,8,FB 64 CD 19 49 FD AE 3A,fuel=100.00
1779698944.649,0x300,8,02 30 2F 6B BA A5 A3 2E,temp=42.00
1779698944.737,0x100,8,00 17 96 79 68 8F 7E 8E,speed=0.00
1779698944.838,0x200,8,4D 64 75 67 6D A4 63 C3,fuel=100.00
1779698945.005,0x300,8,02 0B AC 59 CE 6C 65 41,temp=42.00
1779698946.525,0x100,8,00 1B 47 7F 0F 3D 41 BA,speed=0.00
1779698946.674,0x200,8,79 64 70 14 6C 56 AE 47,fuel=100.00
1779698947.915,0x300,8,02 3D A4 D2 33 11 F5 A9,temp=42.00
1779698950.753,0x100,8,00 EA 9D 49 FC 1C 07 CD,speed=0.00
1779698953.574,0x200,8,67 64 9D FF 82 92 99 19,fuel=100.00
1779698954.336,0x300,8,02 8B 19 7E 6F 53 5F B2,temp=42.00
1779698955.449,0x100,8,00 B4 B3 32 3D 19 93 2C,speed=0.00
1779698955.810,0x200,8,75 64 3C 71 94 F7 27 B9,fuel=100.00
1779698957.437,0x300,8,02 13 88 9E 86 AD 1A A5,temp=42.00
1779698957.709,0x100,8,00 46 53 DF 58 DB 4F 26,speed=0.00
1779698958.589,0x200,8,DF 64 BF 65 FD CD 6E 21,fuel=100.00
1779698963.803,0x300,8,02 FF F0 F9 1E 45 02 BD,temp=42.00
1779698965.522,0x100,8,00 06 51 60 96 C5 A5 7C,speed=0.00
1779698965.608,0x200,8,E7 64 19 30 EB C7 74 2D,fuel=100.00
1779698965.671,0x300,8,02 AF FC 59 7C 8D 00 11,temp=42.00
1779698966.035,0x100,8,00 80 DD 34 6F 78 8F 74,speed=0.00
1779698969.706,0x200,8,DC 64 A1 3E 06 A2 90 BC,fuel=100.00
1779698969.786,0x300,8,02 7C 4D 85 A1 85 06 06,temp=42.00
1779698969.898,0x100,8,00 A1 F4 7D D6 C9 1A BB,speed=0.00
1779698969.983,0x200,8,65 64 FD 3B 4A C9 E4 F6,fuel=100.00
1779698970.089,0x300,8,02 B4 0D EC A0 7D 3F D6,temp=42.00
1779698970.202,0x100,8,00 E5 D2 A5 32 EC 60 4B,speed=0.00
1779698970.392,0x200,8,F6 64 EB 01 11 5D 13 D5,fuel=100.00
1779698970.454,0x300,8,02 7E D1 ED D2 7B 7F 22,temp=42.00
1779698970.904,0x100,8,00 68 A9 A5 7E 44 86 A9,speed=0.00
1779698974.592,0x200,8,60 64 61 8B C6 6A 40 D5,fuel=100.00
1779698974.671,0x300,8,02 A2 85 21 09 3F F8 E9,temp=42.00
1779698974.923,0x100,8,00 27 7F B2 00 ED 60 9F,speed=0.00
1779698975.100,0x200,8,26 64 FC 55 B7 8E 36 FA,fuel=100.00
1779698975.207,0x300,8,02 D1 2E F3 9A 43 9E 2F,temp=42.00
1779698975.319,0x100,8,00 C9 B9 36 AE BE E6 8E,speed=0.00
1779698975.417,0x200,8,75 64 0B 83 0E A6 A1 A7,fuel=100.00
1779698975.523,0x300,8,02 DB 99 4F AB 61 08 0B,temp=42.00
1779698975.637,0x100,8,00 68 43 CD 8E 54 51 26,speed=0.00
1779698977.722,0x200,8,3E 64 9E 11 A7 81 9C 21,fuel=100.00
1779698978.205,0x300,8,02 96 33 A9 49 58 21 6E,temp=42.00
1779698978.485,0x100,8,00 0A 51 14 32 B1 9D FF,speed=0.00
1779698978.534,0x200,8,F4 64 48 54 A2 10 62 9D,fuel=100.00
1779698978.590,0x300,8,02 67 2D F0 D0 C3 05 9C,temp=42.00
1779698978.693,0x100,8,00 EC A5 49 5A 6D 13 40,speed=0.00
1779698978.788,0x200,8,70 64 DC 97 07 B0 71 34,fuel=100.00
1779698978.904,0x300,8,02 66 0A 66 BB E4 DA BB,temp=42.00
1779698978.967,0x100,8,00 E7 A4 16 DE AF 60 56,speed=0.00
1779698979.134,0x200,8,0F 64 7A 41 38 9C DA 0A,fuel=100.00
1779698979.245,0x300,8,02 9D 80 D5 2E 2B 63 70,temp=42.00
1779698979.397,0x100,8,00 54 2D 84 BF 1B 83 4B,speed=0.00
1779698979.493,0x200,8,24 64 0A E2 07 27 F9 48,fuel=100.00
1779698979.573,0x300,8,02 FD 3B 2D 5F 5B CE B1,temp=42.00
1779698979.743,0x100,8,00 81 D7 CD C0 B0 05 CA,speed=0.00
1779698979.925,0x200,8,6A 64 1A 0D 50 84 2D 19,fuel=100.00
1779698980.076,0x300,8,02 97 68 C2 94 A1 62 08,temp=42.00
1779698980.212,0x100,8,00 4F 03 81 5B D7 E9 BE,speed=0.00
1779698980.285,0x200,8,40 64 62 89 71 F2 DC D9,fuel=100.00
1779698980.406,0x300,8,02 FD A6 6A 50 95 82 9E,temp=42.00
1779698980.661,0x100,8,00 E7 DE 49 1D 3C C6 A2,speed=0.00
1779698980.765,0x200,8,44 64 5C 9C F1 C8 64 67,fuel=100.00
1779698980.926,0x300,8,02 79 9D 01 2A DC 3D 0D,temp=42.00
1779698981.001,0x100,8,00 97 72 B4 30 5B 25 27,speed=0.00
1779698981.069,0x200,8,C8 64 B4 57 3E 99 15 05,fuel=100.00
1779698981.200,0x300,8,02 C7 74 CE AA 96 E0 47,temp=42.00
1779698981.278,0x100,8,00 DC F7 A0 23 93 BB 21,speed=0.00
1779698981.332,0x200,8,6D 64 6B E2 77 BE C3 0A,fuel=100.00
1779698981.411,0x300,8,02 17 A9 C8 32 4B 39 B5,temp=42.00
1779698981.538,0x100,8,00 4D FB 85 34 7E 65 AB,speed=0.00
1779698981.642,0x200,8,41 64 CC E6 6E B3 C1 8B,fuel=100.00
1779698981.707,0x300,8,02 B1 9C C7 35 05 44 1D,temp=42.00
1779698981.815,0x100,8,00 0D 52 BE 27 64 E7 AE,speed=0.00
1779698981.873,0x200,8,B3 64 E4 22 0C 6D 4C 60,fuel=100.00
1779698981.983,0x300,8,02 FA 29 1F D7 C6 CB 5F,temp=42.00
1779698982.100,0x100,8,00 B2 62 83 8E 30 F4 59,speed=0.00
1779698982.183,0x200,8,20 64 56 51 43 86 ED 65,fuel=100.00
1779698982.323,0x300,8,02 BB 59 83 95 FC 97 2B,temp=42.00
1779698982.390,0x100,8,00 DD 2C 9F DA 62 CF 52,speed=0.00
1779698982.467,0x200,8,7F 64 7B 6C 94 43 31 05,fuel=100.00
1779698982.532,0x300,8,02 5D 2A B0 8C 37 03 B4,temp=42.00
1779698982.631,0x100,8,00 0F D2 CB 1E B9 86 00,speed=0.00
1779698982.743,0x200,8,EA 64 9D 0D 9D D5 29 43,fuel=100.00
1779698982.887,0x300,8,02 7C 98 CC 78 6C C6 91,temp=42.00
1779698982.939,0x100,8,00 FE C2 6A 96 DC 33 B4,speed=0.00
1779698983.018,0x200,8,82 64 DC 1E D1 5B D6 EA,fuel=100.00
1779698983.099,0x300,8,02 F8 E1 DF 01 F9 55 73,temp=42.00
1779698983.190,0x100,8,00 E7 56 E2 B6 23 58 3E,speed=0.00
1779698983.283,0x200,8,FE 64 83 EB E1 2B 49 39,fuel=100.00
1779698983.380,0x300,8,02 51 B1 AF D7 5C E0 90,temp=42.00
1779698983.475,0x100,8,00 E5 82 47 97 44 79 FD,speed=0.00
1779698983.572,0x200,8,CA 64 29 F7 2F 88 4E CA,fuel=100.00
1779698983.690,0x300,8,02 2F 7F D8 D3 BC D2 44,temp=42.00
1779698983.755,0x100,8,00 A7 A9 A2 83 A3 85 58,speed=0.00
1779698983.912,0x200,8,F9 64 64 5A 59 49 C6 39,fuel=100.00
1779698984.056,0x300,8,02 D3 AA 6B 6E 81 84 31,temp=42.00
1779698984.137,0x100,8,00 A8 6E 08 96 ED 29 AD,speed=0.00
1779698984.237,0x200,8,46 64 C8 6B 35 7A 5C 85,fuel=100.00
1779698984.325,0x300,8,02 87 C2 5F D9 12 9C 42,temp=42.00
1779698984.439,0x100,8,00 2A 9C 87 A5 4C 65 38,speed=0.00
1779698984.534,0x200,8,DC 64 E6 8A 19 65 39 1E,fuel=100.00
1779698984.592,0x300,8,02 FD EA B8 9B 08 16 DA,temp=42.00
1779698984.689,0x100,8,00 DC 61 E9 EC 4A CA 62,speed=0.00
1779698984.803,0x200,8,B1 64 9A FB B6 EA 9C 59,fuel=100.00
1779698984.892,0x300,8,02 F4 90 33 22 C7 1F F8,temp=42.00
1779698984.985,0x100,8,00 7E AE E3 E1 0F 5D E1,speed=0.00
1779698985.387,0x200,8,69 64 49 D2 40 52 6E 9C,fuel=100.00
1779698985.484,0x300,8,02 CB F8 83 11 A4 55 11,temp=42.00
1779698985.626,0x100,8,00 A0 E2 D7 00 B7 45 E2,speed=0.00
1779698985.883,0x200,8,24 64 8D 15 C0 2C A4 F7,fuel=100.00
1779698986.204,0x300,8,02 DE A3 34 D8 EE 4F A8,temp=42.00
1779698986.292,0x100,8,00 43 E8 46 E7 C3 21 53,speed=0.00
1779698986.437,0x200,8,C8 64 B6 4D 88 3C 9C E6,fuel=100.00
1779698986.893,0x300,8,02 BE 97 3F B3 F0 75 BA,temp=42.00
1779698987.533,0x100,8,00 C0 0A 95 02 00 79 CE,speed=0.00
1779698987.587,0x200,8,48 64 31 E9 F5 EE 51 31,fuel=100.00
1779698987.658,0x300,8,02 8B 1C AE 93 E1 6E 05,temp=42.00
1779698987.759,0x100,8,00 58 26 EB CD 15 0D B5,speed=0.00
1779698987.871,0x200,8,C7 64 A6 1F 69 0A F1 7F,fuel=100.00
1779698987.985,0x300,8,02 8A 33 1E 21 7A E4 86,temp=42.00
1779698988.104,0x100,8,00 DB 5C 8A CB 27 7F 5D,speed=0.00
1779698988.206,0x200,8,0E 64 DB 84 06 16 22 E6,fuel=100.00
1779698988.610,0x300,8,02 12 55 67 D6 4E 7A 3D,temp=42.00
1779698989.193,0x100,8,00 0D 1C B2 91 94 0D 38,speed=0.00
1779698989.506,0x200,8,59 64 34 F4 6B 6F 70 E2,fuel=100.00
1779698989.608,0x300,8,02 9B 74 FF 35 93 FC 80,temp=42.00
1779698989.756,0x100,8,00 D4 74 CD 74 69 A9 EF,speed=0.00
1779698990.055,0x200,8,9D 64 CC 3A 10 D9 A9 43,fuel=100.00
1779698990.175,0x300,8,02 D8 E3 EA 89 B3 70 7F,temp=42.00
1779698990.335,0x100,8,00 03 7A CD 79 B5 46 0D,speed=0.00
1779698990.426,0x200,8,29 64 31 04 1C 62 35 BF,fuel=100.00
1779698990.590,0x300,8,02 F7 C3 0D 30 BA FD 8F,temp=42.00
1779698991.105,0x100,8,00 0B 9E AE CF 3C 49 0D,speed=0.00
1779698991.189,0x200,8,CD 64 7D 4F AE 67 F1 B0,fuel=100.00
1779698991.243,0x300,8,02 4A CB 82 DE 5D BE 48,temp=42.00
1779698991.328,0x100,8,00 48 55 B0 4C 22 6C AB,speed=0.00
1779698991.404,0x200,8,E7 64 7A 3E A6 8E 23 98,fuel=100.00
1779698991.579,0x300,8,02 16 5B 59 8C 4D C0 C8,temp=42.00
1779698991.670,0x100,8,00 57 29 BF 57 79 A9 34,speed=0.00
1779698991.839,0x200,8,C9 64 1C 7E 2C A4 B9 D3,fuel=100.00
1779698992.086,0x300,8,02 D4 A0 A7 CD 07 ED BF,temp=42.00
1779698992.516,0x100,8,00 0A 41 E1 43 33 85 42,speed=0.00
1779698992.573,0x200,8,70 64 A8 2A E2 32 F5 C4,fuel=100.00
1779698992.642,0x300,8,02 E5 9D 14 01 58 7F 2B,temp=42.00
1779698992.765,0x100,8,00 6D 1F A9 B6 13 63 A7,speed=0.00
1779698992.921,0x200,8,34 64 B1 7B 82 59 82 60,fuel=100.00
1779698993.041,0x300,8,02 3C E4 26 BF 46 F0 65,temp=42.00
1779698993.144,0x100,8,00 40 D2 4E 90 6C FC 1C,speed=0.00
1779698993.407,0x200,8,DD 64 2B 44 19 30 26 69,fuel=100.00
1779698993.700,0x300,8,02 04 47 F1 26 81 89 DB,temp=42.00
1779698994.040,0x100,8,00 F2 DF 6D 8C 43 11 27,speed=0.00
1779698994.523,0x200,8,19 64 B2 30 F4 07 7F 74,fuel=100.00
1779698994.835,0x300,8,02 76 69 D6 C1 CF 17 AE,temp=42.00
1779698995.050,0x100,8,00 C7 19 C9 63 F4 C8 63,speed=0.00
1779698995.092,0x200,8,5A 64 E7 11 CC A1 31 ED,fuel=100.00
1779698995.500,0x300,8,02 35 A4 5A 8D 9C C4 99,temp=42.00
1779698995.703,0x100,8,00 98 C5 D3 DE 59 55 7F,speed=0.00
1779698995.909,0x200,8,6E 64 25 FA 6D 87 82 9E,fuel=100.00
1779698996.074,0x300,8,02 B2 82 7D 12 22 C1 B2,temp=42.00
1779698996.104,0x100,8,00 73 70 32 39 71 DE 2B,speed=0.00
1779698996.195,0x200,8,8E 64 81 27 E1 B8 4A B8,fuel=100.00
1779698996.302,0x300,8,02 9D DE 69 3F 31 DC 7D,temp=42.00
1779698996.370,0x100,8,00 69 C0 79 2B FD FB F2,speed=0.00
1779698996.472,0x200,8,5F 64 FA D4 F3 22 DD 7E,fuel=100.00
1779698996.565,0x300,8,02 85 63 29 10 E6 EB C6,temp=42.00
1779698996.658,0x100,8,00 9B 5A 58 F2 97 FE 83,speed=0.00
1779698996.876,0x200,8,A9 64 3A 26 10 3D 7A 61,fuel=100.00
1779698996.988,0x300,8,02 2F 5E 97 F9 8D 6B 5F,temp=42.00
1779698997.056,0x100,8,00 BA E3 34 58 96 97 95,speed=0.00
1779698997.154,0x200,8,C8 64 78 F7 F2 4B 44 43,fuel=100.00
1779698997.223,0x300,8,02 0D A1 C8 B3 2A 17 99,temp=42.00
1779698997.775,0x100,8,00 41 5F 6A C8 5C 1C A2,speed=0.00
1779698997.990,0x200,8,8E 64 36 B0 02 C9 CA 7E,fuel=100.00
1779698998.477,0x300,8,02 B5 13 2C FC 52 84 D8,temp=42.00
1779698998.674,0x100,8,00 76 5D 48 EF 82 EE 1B,speed=0.00
1779698998.774,0x200,8,F5 64 57 EC 7D 49 C0 54,fuel=100.00
1779698999.409,0x300,8,02 B9 FF BB 0E 32 F0 E7,temp=42.00
1779698999.488,0x100,8,00 F8 1C 88 A0 B8 59 BA,speed=0.00
1779698999.589,0x200,8,55 64 AD 54 74 86 C5 DB,fuel=100.00
1779698999.675,0x300,8,02 83 20 04 CF E1 FF 5D,temp=42.00
1779698999.751,0x100,8,00 B8 38 69 C0 7C C7 29,speed=0.00
1779698999.888,0x200,8,66 64 9A CF 36 75 FC 6E,fuel=100.00
1779698999.990,0x300,8,02 78 CF 71 5C 4C 05 FE,temp=42.00
1779699000.359,0x100,8,00 8E 96 BC 03 E1 51 AC,speed=0.00
1779699000.446,0x200,8,88 64 9E 48 09 FF F1 6C,fuel=100.00
1779699000.591,0x300,8,02 3B E2 6B 9E 08 09 A8,temp=42.00
1779699000.747,0x100,8,00 3B E8 27 3E 03 75 20,speed=0.00
1779699000.902,0x200,8,F5 64 F8 D0 D0 24 81 4A,fuel=100.00
1779699001.005,0x300,8,02 8B 16 29 D5 4F 9B D5,temp=42.00
1779699001.067,0x100,8,00 C9 02 18 07 45 6D 94,speed=0.00
1779699001.173,0x200,8,69 64 3A 6D 2A 5A 93 B7,fuel=100.00
1779699001.268,0x300,8,02 20 BD 08 7B 9C E5 50,temp=42.00
1779699001.393,0x100,8,00 07 EC 8C 79 2D 03 0D,speed=0.00
1779699001.444,0x200,8,D8 64 66 A9 20 13 7A E2,fuel=100.00
1779699001.607,0x300,8,02 12 40 CE AB E6 76 09,temp=42.00
1779699001.671,0x100,8,00 42 79 2F 8B 78 B6 DD,speed=0.00
1779699001.790,0x200,8,83 64 36 78 8B 54 7B EE,fuel=100.00
1779699001.892,0x300,8,02 23 E1 D9 FE 9F 50 6C,temp=42.00
1779699001.984,0x100,8,00 58 D7 4B D6 C2 C0 36,speed=0.00
1779699002.051,0x200,8,DF 64 DB B9 9E 90 B4 23,fuel=100.00
1779699002.122,0x300,8,02 FC 5B 45 10 F7 99 D7,temp=42.00
1779699002.207,0x100,8,00 C3 55 CE 40 FF A0 2F,speed=0.00
1779699002.306,0x200,8,46 64 54 7F DF B8 BE 13,fuel=100.00
1779699002.390,0x300,8,02 B4 2A 39 91 5F 5F F4,temp=42.00
1779699002.496,0x100,8,00 B2 E5 3B 0C 41 0E 31,speed=0.00
1779699002.593,0x200,8,51 64 61 33 3E 4B B8 1F,fuel=100.00
1779699002.719,0x300,8,02 C8 20 9F 67 43 91 E3,temp=42.00
1779699002.824,0x100,8,00 E0 06 C9 5C EE CB 79,speed=0.00
1779699002.868,0x200,8,42 64 CD A6 D8 33 1E 16,fuel=100.00
1779699002.952,0x300,8,02 C2 7D D0 9C 40 B0 6F,temp=42.00
1779699003.038,0x100,8,00 4C 0C 68 E2 F1 75 D0,speed=0.00
1779699003.133,0x200,8,E9 64 AF 4F 99 E3 EC AB,fuel=100.00
1779699003.390,0x300,8,02 F2 95 0C 7A 1A 83 68,temp=42.00
1779699003.476,0x100,8,00 01 7E DA C1 29 83 F8,speed=0.00
1779699003.594,0x200,8,36 64 F8 47 76 EE 7E 47,fuel=100.00
1779699003.682,0x300,8,02 43 A4 9E 97 82 8F 17,temp=42.00
1779699003.787,0x100,8,00 00 1A 72 C8 76 4D 99,speed=0.00
1779699004.176,0x200,8,5D 64 2A FA 8E 54 B5 FC,fuel=100.00
1779699004.221,0x300,8,02 95 0B 9A 06 05 60 94,temp=42.00
1779699004.388,0x100,8,00 8A FD E1 5F EE 36 8E,speed=0.00
1779699004.483,0x200,8,E4 64 0D 69 24 2C 8D C5,fuel=100.00
1779699004.593,0x300,8,02 76 F8 B9 23 38 D1 06,temp=42.00
1779699004.682,0x100,8,00 84 1A F0 E0 E7 58 F5,speed=0.00
1779699004.760,0x200,8,BE 64 8D A1 E5 01 E8 FD,fuel=100.00
1779699004.890,0x300,8,02 30 B6 BF 07 BD 28 8F,temp=42.00
1779699004.944,0x100,8,00 BB 60 E6 86 F5 51 E3,speed=0.00
1779699005.060,0x200,8,17 64 3D 9A D0 6B 31 EF,fuel=100.00
1779699005.138,0x300,8,02 94 B5 25 8A BB D9 17,temp=42.00
1779699005.270,0x100,8,00 BA C2 AC 54 7F A1 B7,speed=0.00
1779699005.333,0x200,8,4B 64 72 92 41 2D 6E 57,fuel=100.00
1779699005.424,0x300,8,02 6B 74 9A A2 58 0C 1A,temp=42.00
1779699005.543,0x100,8,00 C6 93 1F 02 0D E6 AD,speed=0.00
1779699005.589,0x200,8,A7 64 28 F5 33 4A 89 57,fuel=100.00
1779699005.838,0x300,8,02 CF 89 F8 DD 9D 09 1B,temp=42.00
1779699005.886,0x100,8,00 EF 08 3B E0 08 F8 61,speed=0.00
1779699005.969,0x200,8,2C 64 D9 BA 20 73 85 7B,fuel=100.00
1779699006.085,0x300,8,02 36 13 78 E9 15 30 01,temp=42.00
1779699006.155,0x100,8,00 B1 95 F5 C1 F3 87 4E,speed=0.00
1779699006.268,0x200,8,23 64 85 A4 09 A1 E6 E4,fuel=100.00
1779699006.390,0x300,8,02 74 B6 52 83 39 E5 A3,temp=42.00
1779699006.526,0x100,8,00 A1 FF EC CB AA 60 BE,speed=0.00
1779699006.654,0x200,8,B0 64 FA D5 48 05 84 C8,fuel=100.00
1779699006.767,0x300,8,02 55 2A A9 BD 2E 48 4F,temp=42.00
1779699007.737,0x100,8,00 65 6C 79 67 AD 86 1F,speed=0.00
1779699007.836,0x200,8,02 64 37 35 4F A9 79 66,fuel=100.00
1779699007.893,0x300,8,02 51 E2 54 B0 A0 CB 4D,temp=42.00
1779699008.011,0x100,8,00 A1 EB 90 71 07 BA 06,speed=0.00
1779699008.086,0x200,8,C3 64 CC 1B C6 EB A2 EF,fuel=100.00
1779699008.168,0x300,8,02 E5 29 F9 21 FB 5B 91,temp=42.00
1779699008.292,0x100,8,00 A7 D8 70 5C E7 33 70,speed=0.00
1779699008.408,0x200,8,FD 64 39 FF 0E 82 AE 6B,fuel=100.00
1779699008.485,0x300,8,02 9E 06 6E 35 14 77 DE,temp=42.00
1779699008.584,0x100,8,00 80 D4 CF DF B4 96 DD,speed=0.00
1779699008.671,0x200,8,2D 64 99 D1 75 58 E6 62,fuel=100.00
1779699008.766,0x300,8,02 37 0C C5 CC 98 B7 9A,temp=42.00
1779699008.844,0x100,8,00 E1 7D F0 05 CA C6 A7,speed=0.00
1779699008.927,0x200,8,07 64 05 18 2E 1F D2 00,fuel=100.00
1779699009.082,0x300,8,02 94 B1 AC 3A 9F E2 61,temp=42.00
1779699009.226,0x100,8,00 9A FA AB 5F FD 1E 3D,speed=0.00
1779699009.351,0x200,8,DC 64 97 88 DC 3E 79 9B,fuel=100.00
1779699009.425,0x300,8,02 FE 51 FE 34 DB 56 B4,temp=42.00
1779699009.492,0x100,8,00 D7 14 E9 7E 83 92 26,speed=0.00
1779699009.668,0x200,8,0E 64 DE C5 41 DD CD DE,fuel=100.00
1779699009.890,0x300,8,02 B2 D8 75 01 2E FA 41,temp=42.00
1779699009.998,0x100,8,00 63 F7 10 98 CC 11 F8,speed=0.00
1779699010.067,0x200,8,56 64 25 BC 6D D7 CD DD,fuel=100.00
1779699010.139,0x300,8,02 4E 36 7D D9 51 F5 8E,temp=42.00
1779699010.259,0x100,8,00 70 8B E0 BB C0 0D 7D,speed=0.00
1779699010.377,0x200,8,DD 64 8C 57 8B 1A 05 6D,fuel=100.00
1779699010.437,0x300,8,02 17 55 DD 58 61 0F 46,temp=42.00
1779699010.527,0x100,8,00 7F D0 C8 2E 11 BC F6,speed=0.00
1779699010.655,0x200,8,0E 64 50 CF F7 F1 B1 AF,fuel=100.00
1779699010.710,0x300,8,02 36 93 18 E5 94 D0 79,temp=42.00
1779699010.909,0x100,8,00 8A 08 48 B5 D1 10 C4,speed=0.00
1779699011.020,0x200,8,7D 64 0E 71 BC 44 37 BE,fuel=100.00
1779699011.118,0x300,8,02 59 33 EF B3 F8 29 DC,temp=42.00
1779699011.387,0x100,8,00 11 07 5B 4E DC 3D 99,speed=0.00
1779699011.435,0x200,8,BC 64 20 DF 0E 14 5E A4,fuel=100.00
1779699011.539,0x300,8,02 F8 F1 76 0F 56 84 C7,temp=42.00
1779699011.695,0x100,8,00 17 78 68 48 EB C6 6B,speed=0.00
1779699011.824,0x200,8,32 64 6D 57 25 66 DA 06,fuel=100.00
1779699012.276,0x300,8,02 98 A7 C7 04 50 0E D1,temp=42.00
1779699012.700,0x100,8,00 84 68 FB 98 DF 40 79,speed=0.00
1779699013.336,0x200,8,32 64 28 CE A1 C1 1B 70,fuel=100.00
1779699013.659,0x300,8,02 65 95 F8 28 0F B5 9E,temp=42.00
1779699013.721,0x100,8,00 63 48 4E C5 77 D5 52,speed=0.00
1779699014.856,0x200,8,B8 64 90 62 3D A2 74 9D,fuel=100.00
1779699016.545,0x300,8,02 BE D7 4D E4 87 AB B6,temp=42.00
1779699016.617,0x100,8,00 FC 86 F7 DA 29 82 32,speed=0.00
1779699016.699,0x200,8,00 64 E0 9E 8F DD 7E 70,fuel=100.00
1779699016.857,0x300,8,02 90 61 29 91 2A 94 A0,temp=42.00
1779699016.901,0x100,8,00 52 27 09 99 36 D5 2C,speed=0.00
1779699017.118,0x200,8,4D 64 B0 55 A6 FE 75 FE,fuel=100.00
1779699017.301,0x300,8,02 F4 22 7F 28 C2 98 59,temp=42.00
1779699017.357,0x100,8,00 DF B5 B8 A8 94 2B F1,speed=0.00
1779699017.470,0x200,8,00 64 65 E9 73 DA E8 DA,fuel=100.00
1779699017.569,0x300,8,02 AA 67 51 04 99 29 AF,temp=42.00
1779699017.651,0x100,8,00 30 04 65 F5 8D 6E FE,speed=0.00
1779699017.749,0x200,8,0F 64 BE 19 5E DC 6E CB,fuel=100.00
1779699017.910,0x300,8,02 16 2F 96 9F CA 71 9E,temp=42.00
1779699018.140,0x100,8,00 6F 1C 68 B9 55 D3 76,speed=0.00
1779699018.377,0x200,8,27 64 76 9F 72 A6 B8 F7,fuel=100.00
1779699018.587,0x300,8,02 81 8B 50 40 64 CE 3A,temp=42.00
1779699018.726,0x100,8,00 EB 8D 80 F6 23 97 00,speed=0.00
1779699018.907,0x200,8,A4 64 AC D4 49 89 9F 64,fuel=100.00
1779699019.110,0x300,8,02 E9 A2 DC 2E 45 66 3E,temp=42.00
1779699019.472,0x100,8,00 BE 82 3A 31 FD CF 16,speed=0.00
1779699019.862,0x200,8,CC 64 50 04 DA B7 51 A0,fuel=100.00
1779699020.085,0x300,8,02 DC 37 88 91 BB C3 22,temp=42.00
1779699020.204,0x100,8,00 43 28 D0 ED A5 F6 36,speed=0.00
1779699020.270,0x200,8,DA 64 E3 E5 05 A6 BC FC,fuel=100.00
1779699020.399,0x300,8,02 DC 26 F6 EA 4D 63 9A,temp=42.00
1779699020.470,0x100,8,00 F5 3B 32 CE 0E D7 3B,speed=0.00
1779699020.537,0x200,8,7B 64 79 99 1E 80 57 8F,fuel=100.00
1779699020.671,0x300,8,02 8A 71 8D FD DD 5E 6E,temp=42.00
1779699020.731,0x100,8,00 72 E7 4E 87 30 A1 AE,speed=0.00
1779699020.891,0x200,8,2B 64 DA 92 0E 41 E5 EE,fuel=100.00
1779699020.981,0x300,8,02 F6 A7 9A 3F AA B6 69,temp=42.00
1779699021.103,0x100,8,00 0F 18 F4 DE 58 00 82,speed=0.00
1779699021.261,0x200,8,66 64 37 D1 95 01 FF A4,fuel=100.00
1779699021.303,0x300,8,02 1B 07 69 38 8C 2B 7D,temp=42.00
1779699021.373,0x100,8,00 7F 7C 6D 0B FE 00 B6,speed=0.00
1779699021.502,0x200,8,D5 64 74 BD 36 4F 9E C7,fuel=100.00
1779699021.605,0x300,8,02 EF 45 0E 7E A1 0F 43,temp=42.00
1779699021.668,0x100,8,00 7F EA C3 F8 81 06 A0,speed=0.00
1779699021.782,0x200,8,0D 64 37 3C D0 A0 AB 47,fuel=100.00
1779699021.898,0x300,8,02 37 B2 91 9D 30 27 E1,temp=42.00
1779699021.952,0x100,8,00 C1 D1 8C 60 A9 79 07,speed=0.00
1779699022.087,0x200,8,CD 64 A7 67 B1 FF 29 30,fuel=100.00
1779699022.173,0x300,8,02 29 09 A9 66 B1 6C DD,temp=42.00
1779699022.226,0x100,8,00 7A F5 49 8F CE 4D 96,speed=0.00
1779699022.351,0x200,8,46 64 FF DC 87 01 0E EB,fuel=100.00
1779699022.406,0x300,8,02 11 25 BD 73 9F 5C 66,temp=42.00
1779699022.524,0x100,8,00 A4 1D 6E 04 E9 F8 BE,speed=0.00
1779699022.619,0x200,8,98 64 6E FE DF 8D F7 AF,fuel=100.00
1779699022.706,0x300,8,02 2C 62 4B 14 77 79 A8,temp=42.00
1779699022.807,0x100,8,00 34 E3 ED EE 44 B1 58,speed=0.00
1779699022.879,0x200,8,46 64 34 EC 6D 8C 6D 30,fuel=100.00
1779699022.982,0x300,8,02 EA 29 78 D7 64 B6 8F,temp=42.00
1779699023.097,0x100,8,00 D1 C6 77 03 E3 71 85,speed=0.00
1779699023.192,0x200,8,64 64 26 43 40 66 3D C0,fuel=100.00
1779699023.275,0x300,8,02 2D 04 44 CD 54 8F 0D,temp=42.00
1779699023.344,0x100,8,00 1F B4 FA 39 88 F5 BD,speed=0.00
1779699023.476,0x200,8,DE 64 33 11 74 32 EE 6B,fuel=100.00
1779699023.568,0x300,8,02 D0 A1 8F 46 46 45 FB,temp=42.00
1779699023.705,0x100,8,00 10 49 C6 A5 9F 82 E5,speed=0.00
1779699023.772,0x200,8,44 64 0F 7C 3E E6 99 81,fuel=100.00
1779699024.019,0x300,8,02 22 02 B3 F5 36 1C 6D,temp=42.00
1779699024.201,0x100,8,00 F2 21 9E 38 9A E7 D5,speed=0.00
1779699024.657,0x200,8,40 64 20 C6 E2 8D 96 64,fuel=100.00
1779699024.804,0x300,8,02 74 9A 15 D9 BD 54 E3,temp=42.00
1779699024.858,0x100,8,00 A5 70 FF 4F 56 0C BA,speed=0.00
1779699024.954,0x200,8,8A 64 5D 36 49 46 45 0A,fuel=100.00
1779699025.040,0x300,8,02 D1 57 DB 4E 16 05 68,temp=42.00
1779699025.147,0x100,8,00 6E B3 0E 2A C9 EB 09,speed=0.00
1779699025.222,0x200,8,10 64 28 DA 85 8E 94 B2,fuel=100.00
1779699025.333,0x300,8,02 97 9F FC 13 90 31 4E,temp=42.00
1779699025.423,0x100,8,00 E0 4A 5B 68 EB DC B2,speed=0.00
1779699025.522,0x200,8,C2 64 0A 64 01 CF 1A 0B,fuel=100.00
1779699025.600,0x300,8,02 26 3F 5A A4 B0 72 8F,temp=42.00
1779699025.693,0x100,8,00 2D BE 7F B1 0B 4F 39,speed=0.00
1779699025.781,0x200,8,23 64 62 8D 6D 1E CB EB,fuel=100.00
1779699025.871,0x300,8,02 25 F3 A1 FC 19 7A D9,temp=42.00
1779699025.974,0x100,8,00 53 AF EE 17 A1 04 4B,speed=0.00
1779699026.087,0x200,8,21 64 87 A0 64 FF 17 F3,fuel=100.00
1779699026.208,0x300,8,02 46 58 4F D5 6E 02 44,temp=42.00
1779699026.310,0x100,8,00 48 60 08 50 58 2C 12,speed=0.00
1779699026.366,0x200,8,0C 64 2D 59 E0 D0 A9 6B,fuel=100.00
1779699026.469,0x300,8,02 85 40 52 EB AD 40 82,temp=42.00
1779699026.536,0x100,8,00 50 05 09 D7 63 B3 04,speed=0.00
1779699026.654,0x200,8,D1 64 23 00 62 6A 78 55,fuel=100.00
1779699026.775,0x300,8,02 AE 04 60 31 BC 15 AB,temp=42.00
1779699026.854,0x100,8,00 D6 6C 67 37 2E 59 BC,speed=0.00
1779699026.902,0x200,8,4E 64 86 A3 C7 88 7F EC,fuel=100.00
1779699027.022,0x300,8,02 1C 95 24 1B DB E6 04,temp=42.00
1779699027.100,0x100,8,00 15 6E 7C 21 F0 E4 3A,speed=0.00
1779699027.232,0x200,8,89 64 CD B9 AF 85 21 80,fuel=100.00
1779699027.286,0x300,8,02 3F 4E 98 73 F0 9E 45,temp=42.00
1779699027.371,0x100,8,00 DE 9F 58 38 F8 C7 69,speed=0.00
1779699027.489,0x200,8,0D 64 C9 79 8E FE AA AB,fuel=100.00
1779699027.607,0x300,8,02 E7 76 1D 72 B0 4D FE,temp=42.00
1779699027.660,0x100,8,00 50 98 AA BB EE 3D 75,speed=0.00
1779699027.771,0x200,8,FA 64 3A 7E 93 B2 CA 69,fuel=100.00
1779699027.870,0x300,8,02 86 A3 19 70 A1 40 41,temp=42.00
1779699027.963,0x100,8,00 7F 95 84 B8 E5 80 52,speed=0.00
1779699028.041,0x200,8,8E 64 41 3A 27 55 FC 83,fuel=100.00
1779699028.169,0x300,8,02 5B 5C 3F 2F 7B F4 6C,temp=42.00
1779699028.232,0x100,8,00 5F AB 88 5F AE 38 68,speed=0.00
1779699028.422,0x200,8,53 64 DD C8 18 E1 F3 B6,fuel=100.00
1779699028.622,0x300,8,02 8C 6B E4 28 7B A5 7C,temp=42.00
1779699028.729,0x100,8,00 48 C4 F5 2E 44 86 84,speed=0.00
1779699028.835,0x200,8,33 64 D2 A7 72 9D D4 91,fuel=100.00
1779699028.895,0x300,8,02 10 91 F8 7C 6D 43 67,temp=42.00
1779699028.975,0x100,8,00 4F E1 DC 1B E0 18 EA,speed=0.00
1779699029.146,0x200,8,0C 64 5B F2 CB 93 61 AC,fuel=100.00
1779699029.276,0x300,8,02 42 EF C9 D8 EC 10 AF,temp=42.00
1779699029.395,0x100,8,00 D0 DC 00 FA 84 15 4B,speed=0.00
1779699029.490,0x200,8,7F 64 35 EC D1 8F D1 EF,fuel=100.00
1779699029.571,0x300,8,02 CA 7D 76 D0 D8 1E A5,temp=42.00
1779699029.655,0x100,8,00 FA 88 5E CB F0 55 12,speed=0.00
1779699029.791,0x200,8,D3 64 CB 6E 1B 8E E1 51,fuel=100.00
1779699029.919,0x300,8,02 AC 29 DA 66 66 DE 95,temp=42.00
1779699030.042,0x100,8,00 DB B4 5A 95 01 35 99,speed=0.00
1779699030.174,0x200,8,84 64 EA D6 9D BF C8 E5,fuel=100.00
1779699030.307,0x300,8,02 BC 6E AA 56 20 52 79,temp=42.00
1779699030.406,0x100,8,00 12 C7 A7 CF F1 E9 4F,speed=0.00
1779699030.527,0x200,8,F6 64 2D 5B 8B 24 ED C5,fuel=100.00
1779699030.662,0x300,8,02 1B 6E 33 58 DD 6C DC,temp=42.00
1779699030.790,0x100,8,00 2E FD AF 98 C9 F1 83,speed=0.00
1779699030.939,0x200,8,13 64 A6 46 01 F0 7C F6,fuel=100.00
1779699031.063,0x300,8,02 0E E7 F0 25 1E A3 41,temp=42.00
1779699031.132,0x100,8,00 9D C7 33 3F 8A E6 A0,speed=0.00
1779699031.253,0x200,8,52 64 6B 90 E3 2D FD 59,fuel=100.00
1779699031.320,0x300,8,02 76 EA 11 CA 37 D5 38,temp=42.00
1779699031.419,0x100,8,00 07 92 B8 71 F9 CB 1C,speed=0.00
1779699031.523,0x200,8,C7 64 5F 50 19 01 3D F8,fuel=100.00
1779699031.593,0x300,8,02 C1 E4 25 C6 8D FC 7E,temp=42.00
1779699031.755,0x100,8,00 B5 FA 6E 2C 93 66 6A,speed=0.00
1779699031.804,0x200,8,63 64 CC BE 01 0D B9 85,fuel=100.00
1779699031.919,0x300,8,02 4B 05 E9 C9 AC CA 0D,temp=42.00
1779699031.975,0x100,8,00 F1 85 81 3B 0C B8 23,speed=0.00
1779699032.074,0x200,8,8F 64 F5 DE BC 93 0D 90,fuel=100.00
1779699032.160,0x300,8,02 E2 E8 F8 44 C5 96 C4,temp=42.00
1779699032.303,0x100,8,00 79 1D D6 C7 7B 5C DB,speed=0.00
1779699032.369,0x200,8,9F 64 20 8E 5F 09 A8 C4,fuel=100.00
1779699032.455,0x300,8,02 B5 BB F8 63 DB 5F 4A,temp=42.00
1779699032.672,0x100,8,00 A9 B6 EA 8A 7E 3B D1,speed=0.00
1779699032.743,0x200,8,D0 64 4C 05 FD 11 48 D7,fuel=100.00
1779699032.821,0x300,8,02 0F 7F 54 A7 BF 0B 9B,temp=42.00
1779699032.927,0x100,8,00 A0 C2 85 3A AB 4A 64,speed=0.00
1779699033.009,0x200,8,96 64 D7 9F C1 92 C7 F1,fuel=100.00
1779699033.117,0x300,8,02 D1 6C 30 BC E2 27 80,temp=42.00
1779699033.425,0x100,8,00 A2 3F 22 55 40 32 F9,speed=0.00
1779699033.669,0x200,8,D3 64 B3 BC 58 1F 13 CC,fuel=100.00
1779699033.871,0x300,8,02 76 C3 63 A2 37 5B DB,temp=42.00
1779699034.092,0x100,8,00 07 66 FF 35 B1 E3 88,speed=0.00
1779699034.507,0x200,8,BE 64 BD F3 3F 53 97 76,fuel=100.00
1779699035.032,0x300,8,02 E6 A4 D3 CE 4A 70 9B,temp=42.00
1779699035.073,0x100,8,00 E9 3F C8 39 BB B2 D9,speed=0.00
1779699035.193,0x200,8,3B 64 77 3E 62 BD C1 D8,fuel=100.00
1779699035.372,0x300,8,02 59 0F 97 B8 59 96 C8,temp=42.00
1779699035.610,0x100,8,00 BB F7 E2 C0 8D B8 80,speed=0.00
1779699035.677,0x200,8,C9 64 8B 55 E0 48 A8 51,fuel=100.00
1779699036.286,0x300,8,02 1D 09 A1 A1 1D 0B A9,temp=42.00
1779699036.659,0x100,8,00 BB AC CE AA 01 2A FC,speed=0.00
1779699037.377,0x200,8,C9 64 F6 FD BC DB C2 F6,fuel=100.00
1779699037.753,0x300,8,02 02 FC 65 86 B0 91 38,temp=42.00
1779699037.853,0x100,8,00 26 0D 58 A3 11 B7 60,speed=0.00
1779699037.981,0x200,8,25 64 4C 6E B6 EF D7 94,fuel=100.00
1779699038.059,0x300,8,02 C8 7B 9E 1F DB 59 02,temp=42.00
1779699038.175,0x100,8,00 BB FC A3 B2 1B 5A 24,speed=0.00
1779699038.322,0x200,8,C5 64 50 04 B6 75 83 E9,fuel=100.00
1779699038.431,0x300,8,02 78 D4 45 28 11 45 FA,temp=42.00
1779699038.558,0x100,8,00 1D BF 37 74 11 86 34,speed=0.00
1779699038.904,0x200,8,DA 64 FF C7 C5 80 A5 41,fuel=100.00
1779699039.014,0x300,8,02 38 A8 9A 22 EA 34 44,temp=42.00
1779699039.063,0x100,8,00 13 6B 6F A2 7B F9 EA,speed=0.00
1779699039.171,0x200,8,ED 64 B9 FA B9 6F 76 A9,fuel=100.00
1779699039.254,0x300,8,02 0D 23 CE C9 D2 72 0F,temp=42.00
1779699039.500,0x100,8,00 C5 3C DC 66 68 2B 9C,speed=0.00
1779699039.840,0x200,8,51 64 4B 8B BF F2 67 60,fuel=100.00
1779699039.930,0x300,8,02 38 4F 69 8B D6 11 6B,temp=42.00
1779699040.160,0x100,8,00 D8 A9 74 AF 87 D6 53,speed=0.00
1779699040.632,0x200,8,85 64 F5 8B E8 8D 15 5F,fuel=100.00
1779699040.842,0x300,8,02 B4 09 AB E7 A0 D2 9D,temp=42.00
1779699040.954,0x100,8,00 97 7E 30 03 42 35 06,speed=0.00
1779699041.009,0x200,8,85 64 D1 05 2B FC B3 8F,fuel=100.00
1779699041.126,0x300,8,02 15 81 DA EA 8D 65 D7,temp=42.00
1779699041.188,0x100,8,00 8B 1E E9 6E 7A B1 DC,speed=0.00
1779699041.355,0x200,8,A7 64 CC DC 65 5E B4 C9,fuel=100.00
1779699041.680,0x300,8,02 A8 CD F5 5D BC 71 C2,temp=42.00
1779699041.754,0x100,8,00 48 30 C9 37 5B 5A BF,speed=0.00
1779699041.872,0x200,8,AA 64 0F 5B 7A 41 50 2C,fuel=100.00
1779699042.006,0x300,8,02 C0 BF 1E AE 1C 50 21,temp=42.00
1779699042.177,0x100,8,00 35 CC AD F2 00 47 D0,speed=0.00
1779699042.323,0x200,8,89 64 89 D8 D9 7D 04 01,fuel=100.00
1779699042.424,0x300,8,02 B7 42 DC 5C 6B 5F 44,temp=42.00
1779699042.507,0x100,8,00 EA D3 06 DD 3C 99 C9,speed=0.00
1779699042.596,0x200,8,E0 64 27 E3 06 1B 5E 61,fuel=100.00
1779699042.713,0x300,8,02 1F C0 60 64 A3 B5 07,temp=42.00
1779699042.787,0x100,8,00 58 51 B2 4A A6 48 A5,speed=0.00
1779699042.912,0x200,8,36 64 30 41 89 22 2A 02,fuel=100.00
1779699043.054,0x300,8,02 A3 A9 71 F4 0A 74 F5,temp=42.00
1779699043.222,0x100,8,00 D0 50 6B FE 6F B7 E0,speed=0.00
1779699043.371,0x200,8,A2 64 C7 A4 07 47 33 2E,fuel=100.00
1779699043.535,0x300,8,02 BE CF 4A 07 F1 63 54,temp=42.00
1779699043.702,0x100,8,00 5F B3 A1 9F 79 CD 38,speed=0.00
1779699043.844,0x200,8,55 64 AF 0C 9B 62 D4 4A,fuel=100.00
1779699043.970,0x300,8,02 39 6A E4 F4 C7 F0 85,temp=42.00
1779699044.100,0x100,8,00 D7 E6 6C 2D 32 C3 3F,speed=0.00
1779699044.237,0x200,8,C0 64 99 A2 A4 DA 02 1D,fuel=100.00
1779699044.327,0x300,8,02 50 DF 22 83 90 58 6E,temp=42.00
1779699044.412,0x100,8,00 78 B3 6D 68 52 0F 0E,speed=0.00
1779699044.501,0x200,8,B8 64 31 04 53 FD 0E 24,fuel=100.00
1779699044.606,0x300,8,02 33 A0 E2 8D BD DD 85,temp=42.00
1779699044.744,0x100,8,00 7C FC 35 6C 50 B6 50,speed=0.00
1779699044.892,0x200,8,9A 64 90 A9 DE 13 B7 8D,fuel=100.00
1779699045.024,0x300,8,02 42 7F EC 3B 26 B4 4A,temp=42.00
1779699045.090,0x100,8,00 D0 9C DC 6B 1A B3 9E,speed=0.00
1779699045.227,0x200,8,E7 64 43 60 46 C2 49 33,fuel=100.00
1779699045.342,0x300,8,02 76 9B 08 3C 94 B7 4E,temp=42.00
1779699045.444,0x100,8,00 37 E2 14 3D FE DC 54,speed=0.00
1779699045.553,0x200,8,6A 64 17 A0 7B 57 90 C1,fuel=100.00
1779699045.660,0x300,8,02 F9 DA 60 9F 08 6C 87,temp=42.00
1779699045.727,0x100,8,00 E7 B4 72 05 F4 0C 86,speed=0.00
1779699045.863,0x200,8,28 64 42 E2 C0 92 49 6C,fuel=100.00
1779699046.006,0x300,8,02 FF 56 29 16 16 2E 90,temp=42.00
1779699046.119,0x100,8,00 F5 F8 07 B8 2F F8 61,speed=0.00
1779699046.192,0x200,8,B9 64 B8 50 D5 FC 10 9E,fuel=100.00
1779699046.336,0x300,8,02 29 CA C3 68 8A D1 34,temp=42.00
1779699046.594,0x100,8,00 07 DD BB 96 24 B9 AF,speed=0.00
1779699046.887,0x200,8,4C 64 70 40 9D AF A5 3C,fuel=100.00
1779699047.115,0x300,8,02 B5 17 2F 41 7A CC FE,temp=42.00
1779699047.369,0x100,8,00 40 06 B6 BD 8A 29 F2,speed=0.00
1779699047.625,0x200,8,C8 64 0C 4E 7A 7B 3E 45,fuel=100.00
1779699047.889,0x300,8,02 EA 58 CE 4F 0E 3A B1,temp=42.00
1779699048.022,0x100,8,00 1C B8 7D CD C5 14 35,speed=0.00
1779699048.163,0x200,8,81 64 54 26 6C 22 7B FC,fuel=100.00
1779699048.284,0x300,8,02 B1 7A 69 41 C6 BF D3,temp=42.00
1779699048.403,0x100,8,00 C0 6E 12 16 60 32 22,speed=0.00
1779699048.572,0x200,8,57 64 C2 ED B7 0D E2 0E,fuel=100.00
1779699048.685,0x300,8,02 2D AB 5F B0 0F 8C 7D,temp=42.00
1779699048.845,0x100,8,00 88 83 84 9A C6 AB 99,speed=0.00
1779699048.923,0x200,8,BF 64 F7 55 92 26 08 56,fuel=100.00
1779699049.026,0x300,8,02 73 1B 93 AD FD A9 0A,temp=42.00
1779699049.206,0x100,8,00 07 C4 C1 09 03 26 FB,speed=0.00
1779699049.429,0x200,8,31 64 FE 58 F5 D7 6B 72,fuel=100.00
1779699049.506,0x300,8,02 92 06 B0 4A 48 08 C6,temp=42.00
1779699049.643,0x100,8,00 30 1E D2 DA 6B 02 8F,speed=0.00
1779699049.809,0x200,8,E0 64 09 E3 1F E8 31 AF,fuel=100.00
1779699049.926,0x300,8,02 59 21 2E 8C 8A 95 41,temp=42.00
1779699050.048,0x100,8,00 40 37 7D 33 67 72 87,speed=0.00
1779699050.116,0x200,8,56 64 D0 34 54 64 4A 4D,fuel=100.00
1779699050.219,0x300,8,02 53 80 4E 35 50 6C 74,temp=42.00
1779699050.331,0x100,8,00 05 08 BE 6D 5B B6 6A,speed=0.00
1779699050.456,0x200,8,41 64 12 7E 22 17 F5 7F,fuel=100.00
1779699050.615,0x300,8,02 0A 5B D7 06 DF 27 6E,temp=42.00
1779699050.750,0x100,8,00 06 47 45 13 1C F6 AE,speed=0.00
1779699050.935,0x200,8,7E 64 49 28 86 A0 37 2A,fuel=100.00
1779699051.023,0x300,8,02 7B 12 6C 6F 3F 1B 50,temp=42.00
1779699051.209,0x100,8,00 A9 35 AF 4E B1 00 D6,speed=0.00
1779699051.293,0x200,8,D4 64 0A 1D 92 61 4B 54,fuel=100.00
1779699051.359,0x300,8,02 64 90 A8 1D C2 F7 BA,temp=42.00
1779699051.461,0x100,8,00 13 AD FC 6E AA 55 52,speed=0.00
1779699051.525,0x200,8,A0 64 2B 9A 6A 71 11 6C,fuel=100.00
1779699051.595,0x300,8,02 46 4F C6 D2 E9 7C 11,temp=42.00
1779699051.722,0x100,8,00 F2 AE 8F DB F2 89 F6,speed=0.00
1779699051.830,0x200,8,6F 64 57 61 1F 84 F9 6D,fuel=100.00
1779699051.895,0x300,8,02 04 45 1F 04 09 D8 AF,temp=42.00
1779699052.004,0x100,8,00 0E 69 37 14 E2 99 BD,speed=0.00
1779699052.079,0x200,8,0A 64 21 94 60 8F F0 A8,fuel=100.00
1779699052.167,0x300,8,02 37 5F 2C 2B 6D F7 0F,temp=42.00
1779699052.285,0x100,8,00 5D 1B 50 CD 37 F0 48,speed=0.00
1779699052.354,0x200,8,5B 64 13 8A FF D9 4F 39,fuel=100.00
1779699052.459,0x300,8,02 15 18 47 6F 25 92 4A,temp=42.00
1779699052.569,0x100,8,00 B4 61 25 10 B5 AF 42,speed=0.00
1779699052.625,0x200,8,25 64 7D F7 96 6C 3F F6,fuel=100.00
1779699052.739,0x300,8,02 7F 27 1A 65 51 FD C5,temp=42.00
1779699052.822,0x100,8,00 CF 2D 50 5C 3F 42 12,speed=0.00
1779699052.926,0x200,8,79 64 83 C5 51 81 C8 D9,fuel=100.00
1779699053.010,0x300,8,02 3F 6F 96 93 12 18 F7,temp=42.00
1779699053.090,0x100,8,00 E5 F8 57 99 6E 46 35,speed=0.00
1779699053.225,0x200,8,FB 64 28 F9 AB 90 C1 58,fuel=100.00
1779699053.359,0x300,8,02 61 D6 A5 7F A5 38 48,temp=42.00
1779699053.409,0x100,8,00 CA 4C 5B CA EE D1 82,speed=0.00
1779699053.500,0x200,8,9B 64 D0 B4 C9 5C EE B9,fuel=100.00
1779699053.718,0x300,8,02 8D 0F 30 4F 6B 82 8A,temp=42.00
1779699053.759,0x100,8,00 A4 59 98 DD F8 3C DB,speed=0.00
1779699053.875,0x200,8,9B 64 33 44 2C 5C AC 39,fuel=100.00
1779699053.960,0x300,8,02 26 5D AB D2 90 EB 4E,temp=42.00
1779699054.032,0x100,8,00 09 5C 0C A4 1E DC 33,speed=0.00
1779699054.141,0x200,8,5C 64 9E F5 24 5E 6E 52,fuel=100.00
1779699054.221,0x300,8,02 6A 2A 96 25 13 70 79,temp=42.00
1779699054.328,0x100,8,00 6A A2 D9 61 39 71 17,speed=0.00
1779699054.456,0x200,8,DA 64 F5 1E 7C 5E 51 1F,fuel=100.00
1779699054.500,0x300,8,02 02 DA 26 43 6A EE C8,temp=42.00
1779699054.604,0x100,8,00 32 C7 47 26 3F A1 B0,speed=0.00
1779699054.732,0x200,8,BD 64 EE 26 90 D2 F2 AD,fuel=100.00
1779699054.796,0x300,8,02 61 03 67 C1 B3 77 C6,temp=42.00
1779699054.899,0x100,8,00 5A DF EB C0 A1 BF 04,speed=0.00
1779699054.990,0x200,8,1A 64 B1 C0 C6 23 66 EE,fuel=100.00
1779699055.101,0x300,8,02 57 3D 9F E7 86 BE E7,temp=42.00
1779699055.205,0x100,8,00 42 DF 98 CD CF F1 56,speed=0.00
1779699055.257,0x200,8,6D 64 93 40 CD 49 EE 51,fuel=100.00
1779699055.364,0x300,8,02 7B D2 4E 6E 4F A3 CA,temp=42.00
1779699055.475,0x100,8,00 9A 3D A6 E0 9C 94 F8,speed=0.00
1779699055.527,0x200,8,19 64 81 E6 DA 7B C6 27,fuel=100.00
1779699055.632,0x300,8,02 53 11 5E 49 54 5B C0,temp=42.00
1779699055.743,0x100,8,00 DF CC 8E A1 93 D2 E8,speed=0.00
1779699055.840,0x200,8,53 64 77 81 E6 49 16 EE,fuel=100.00
1779699055.950,0x300,8,02 C4 63 64 33 E7 64 A9,temp=42.00
1779699056.042,0x100,8,00 EB 13 56 77 57 63 A9,speed=0.00
1779699056.142,0x200,8,40 64 BB C5 B4 6D 92 08,fuel=100.00
1779699056.186,0x300,8,02 D0 2E 70 BA 63 72 95,temp=42.00
1779699056.288,0x100,8,00 CE D7 15 64 23 F3 14,speed=0.00
1779699056.412,0x200,8,37 64 24 4A A5 C2 A5 04,fuel=100.00
1779699056.483,0x300,8,02 00 99 72 4E B2 B5 66,temp=42.00
1779699056.655,0x100,8,00 A4 36 FD B7 A5 19 20,speed=0.00
1779699056.798,0x200,8,73 64 F6 67 97 4C DE CD,fuel=100.00
1779699056.869,0x300,8,02 F0 18 A2 16 52 CF 62,temp=42.00
1779699056.993,0x100,8,00 AB CF 55 A1 7D 2F 86,speed=0.00
1779699057.056,0x200,8,E6 64 19 51 C6 BD 1A 40,fuel=100.00
1779699057.173,0x300,8,02 25 A1 74 EC 2F 7D CC,temp=42.00
1779699057.292,0x100,8,00 8B 1F 41 6D E8 54 B0,speed=0.00
1779699057.333,0x200,8,3A 64 DC 55 C7 83 A5 4C,fuel=100.00
1779699057.420,0x300,8,02 F5 B3 55 57 4A C2 95,temp=42.00
1779699057.607,0x100,8,00 06 1F B4 E8 48 85 B0,speed=0.00
1779699057.717,0x200,8,B5 64 9C 65 5C EB CA 78,fuel=100.00
1779699057.985,0x300,8,02 97 B3 F6 0E A4 60 77,temp=42.00
1779699058.090,0x100,8,00 EA 12 08 1D CF 50 09,speed=0.00
1779699058.188,0x200,8,09 64 BD 53 CE 0D 61 0B,fuel=100.00
1779699058.265,0x300,8,02 D5 14 39 36 D8 79 C6,temp=42.00
1779699058.455,0x100,8,00 62 80 B5 29 CC 5F 67,speed=0.00
1779699058.535,0x200,8,DD 64 9C BF F5 E8 94 74,fuel=100.00
1779699058.686,0x300,8,02 40 C9 57 10 1A 77 98,temp=42.00
1779699058.806,0x100,8,00 52 7A D0 15 84 28 76,speed=0.00
1779699058.959,0x200,8,45 64 F4 38 47 3D 89 17,fuel=100.00
1779699059.116,0x300,8,02 C5 F5 99 15 FB 8A 11,temp=42.00
1779699059.211,0x100,8,00 96 84 FA E9 E7 5F 08,speed=0.00
1779699059.292,0x200,8,E2 64 14 10 31 C0 4E B5,fuel=100.00
1779699059.408,0x300,8,02 10 7E 4A E9 71 97 2F,temp=42.00
1779699059.489,0x100,8,00 A1 80 92 21 EE 28 11,speed=0.00
1779699059.637,0x200,8,6A 64 F6 15 60 D9 55 AD,fuel=100.00
1779699059.702,0x300,8,02 D9 B5 02 D5 01 DA 75,temp=42.00
1779699059.821,0x100,8,00 DD 24 05 FD 0F D9 03,speed=0.00
1779699059.886,0x200,8,0A 64 8D F9 5D 22 F0 A5,fuel=100.00
1779699059.976,0x300,8,02 FF 52 8A 02 05 26 09,temp=42.00
1779699060.095,0x100,8,00 0E B5 28 C7 91 F8 D3,speed=0.00
1779699060.168,0x200,8,69 64 E4 49 05 52 8B 0F,fuel=100.00
1779699060.238,0x300,8,02 6C 90 1B F6 FB 9E F7,temp=42.00
1779699060.359,0x100,8,00 69 94 1C 83 1C 8E 8A,speed=0.00
1779699060.436,0x200,8,46 64 5D 75 32 DD 3D 4F,fuel=100.00
1779699060.548,0x300,8,02 24 55 67 57 45 60 05,temp=42.00
1779699060.638,0x100,8,00 BB A2 B6 60 82 66 2D,speed=0.00
1779699060.708,0x200,8,07 64 D3 8A 18 C6 3D EA,fuel=100.00
1779699060.870,0x300,8,02 EB CB 9F BD 9A 0B 75,temp=42.00
1779699061.025,0x100,8,00 13 15 CF AA 5F CD 04,speed=0.00
1779699061.104,0x200,8,1E 64 B6 3D FB AB 1A 48,fuel=100.00
1779699061.289,0x300,8,02 56 04 6E 99 85 7C 33,temp=42.00
1779699061.380,0x100,8,00 D2 AD 58 8A 45 43 0C,speed=0.00
1779699061.458,0x200,8,F1 64 B6 9E DF 44 F5 B6,fuel=100.00
1779699061.544,0x300,8,02 C5 84 C3 7E 00 32 5B,temp=42.00
1779699061.656,0x100,8,00 AF BF 30 5F 03 CA BD,speed=0.00
1779699061.738,0x200,8,FF 64 2F 42 B0 F7 71 B8,fuel=100.00
1779699061.835,0x300,8,02 46 9A 6B B0 DF CD 30,temp=42.00
1779699061.959,0x100,8,00 4A CC 42 52 E4 B8 BE,speed=0.00
1779699062.039,0x200,8,7D 64 57 A1 10 CB 21 B3,fuel=100.00
1779699062.126,0x300,8,02 CB CD AC 04 3A 0F DE,temp=42.00
1779699062.234,0x100,8,00 F7 29 D6 FD A3 9F 14,speed=0.00
1779699062.325,0x200,8,A2 64 BD F3 3F D5 3F B2,fuel=100.00
1779699062.552,0x300,8,02 EA E5 7C 6E DC 49 05,temp=42.00
1779699062.619,0x100,8,00 3F 23 F3 71 66 0D 60,speed=0.00
1779699062.679,0x200,8,68 64 1D DB E0 39 37 0A,fuel=100.00
1779699062.791,0x300,8,02 5F DF 51 1C 42 A1 B5,temp=42.00
1779699062.861,0x100,8,00 46 45 F1 9B 4E AE 09,speed=0.00
1779699062.972,0x200,8,1F 64 93 0A 0C CA 2D 28,fuel=100.00
1779699063.089,0x300,8,02 71 CD DB DB 45 66 FC,temp=42.00
1779699063.168,0x100,8,00 2F 3A 9A 67 EC 57 C9,speed=0.00
1779699063.254,0x200,8,6E 64 AE CA 5C E4 3E B5,fuel=100.00
1779699063.338,0x300,8,02 89 48 B1 D9 C6 B4 B5,temp=42.00
1779699063.427,0x100,8,00 46 EC 19 EE 7F 52 AF,speed=0.00
1779699063.550,0x200,8,CF 64 CA 72 27 FC 91 B3,fuel=100.00
1779699063.646,0x300,8,02 FE C8 C6 8F CB C9 CA,temp=42.00
1779699063.759,0x100,8,00 AE B5 B4 9E 4F B9 8E,speed=0.00
1779699063.843,0x200,8,CA 64 62 9F C8 B1 A6 17,fuel=100.00
1779699063.919,0x300,8,02 02 58 A3 CB D5 C2 20,temp=42.00
1779699064.001,0x100,8,00 A5 1F 42 14 A1 5C 83,speed=0.00
1779699064.108,0x200,8,B0 64 8F 61 31 8E 37 F0,fuel=100.00
1779699064.201,0x300,8,02 98 9E D5 B0 89 23 7E,temp=42.00
1779699064.270,0x100,8,00 6A 51 A1 26 28 EA 44,speed=0.00
1779699064.374,0x200,8,AE 64 AB 05 59 93 B9 B7,fuel=100.00
1779699064.455,0x300,8,02 87 CE 07 CE 40 D1 24,temp=42.00
1779699064.592,0x100,8,00 A3 A7 7E 43 08 6B 9C,speed=0.00
1779699064.644,0x200,8,BB 64 FF 91 AB DE 3B 8C,fuel=100.00
1779699064.765,0x300,8,02 3C EC E6 B2 E3 81 5D,temp=42.00
1779699064.882,0x100,8,00 23 41 80 93 F2 CB E4,speed=0.00
1779699064.944,0x200,8,26 64 79 58 F5 42 83 80,fuel=100.00
1779699065.061,0x300,8,02 A1 43 B3 4B 29 BA 35,temp=42.00
1779699065.120,0x100,8,00 0C 7F 38 F9 95 AC 02,speed=0.00
1779699065.205,0x200,8,B9 64 79 64 05 EB 06 46,fuel=100.00
1779699065.344,0x300,8,02 E8 25 82 93 E0 57 FB,temp=42.00
1779699065.408,0x100,8,00 E6 DF 39 93 9E 23 5F,speed=0.00
1779699065.486,0x200,8,43 64 EA 28 FB 04 33 19,fuel=100.00
1779699065.614,0x300,8,02 06 E0 65 B4 FA 83 49,temp=42.00
1779699065.702,0x100,8,00 50 01 2A 54 8C B8 0F,speed=0.00
1779699065.816,0x200,8,73 64 DD 08 04 C4 72 20,fuel=100.00
1779699065.875,0x300,8,02 1C BD DC F7 B7 84 B1,temp=42.00
1779699065.971,0x100,8,00 1A F5 0E 86 5D 69 83,speed=0.00
1779699066.056,0x200,8,07 64 98 DD D1 09 82 53,fuel=100.00
1779699066.171,0x300,8,02 8D 2D 80 92 9D 0B B0,temp=42.00
1779699066.251,0x100,8,00 D4 91 C5 71 DB 07 44,speed=0.00
1779699066.342,0x200,8,33 64 F5 1C 1B 31 7F 25,fuel=100.00
1779699066.442,0x300,8,02 93 13 F8 93 38 D1 D8,temp=42.00
1779699066.535,0x100,8,00 4D 6D E0 1B 92 7C 55,speed=0.00
1779699066.629,0x200,8,4B 64 9C 8B 95 F8 1E 05,fuel=100.00
1779699066.709,0x300,8,02 A3 6A 55 F9 C6 72 87,temp=42.00
1779699066.819,0x100,8,00 28 42 97 71 06 C7 5C,speed=0.00
1779699066.886,0x200,8,E6 64 05 04 3D D1 48 10,fuel=100.00
1779699067.022,0x300,8,02 8F E2 78 27 35 BA BB,temp=42.00
1779699067.075,0x100,8,00 00 5E 18 D3 09 0F 86,speed=0.00
1779699067.202,0x200,8,FD 64 B8 74 74 64 EE 29,fuel=100.00
1779699067.268,0x300,8,02 32 BD D3 D4 B7 55 6B,temp=42.00
1779699067.374,0x100,8,00 E2 CE 2A AD C6 B6 47,speed=0.00
1779699067.471,0x200,8,57 64 02 64 FE 4D 29 93,fuel=100.00
1779699067.571,0x300,8,02 32 2C 5C B4 8B D8 91,temp=42.00
1779699067.641,0x100,8,00 C5 CF F0 12 62 95 87,speed=0.00
1779699067.822,0x200,8,D2 64 DA E9 EC 5C 4E 1E,fuel=100.00
1779699067.904,0x300,8,02 31 A0 70 18 39 3F 8B,temp=42.00
1779699068.043,0x100,8,00 BA BA 15 77 F7 30 A1,speed=0.00
1779699068.179,0x200,8,A6 64 D7 31 7D 34 5F 30,fuel=100.00
1779699068.438,0x300,8,02 BD 95 40 E7 93 05 FC,temp=42.00
1779699068.913,0x100,8,00 3C 05 F1 EC FC 7B BB,speed=0.00
1779699070.306,0x200,8,F8 64 2A 4F AA 81 CE 5B,fuel=100.00
1779699070.902,0x300,8,02 DF 9C EC 2E BD 73 31,temp=42.00
1779699071.705,0x100,8,00 65 1A 4A 38 CF AA E0,speed=0.00
1779699072.354,0x200,8,D0 64 86 ED AE 16 D1 C5,fuel=100.00
1779699072.521,0x300,8,02 1B 5C FD 06 63 EB 70,temp=42.00
1779699072.565,0x100,8,00 8E 9B CA 3E BC C7 7E,speed=0.00
1779699072.672,0x200,8,85 64 D3 53 08 84 9E 7A,fuel=100.00
1779699072.773,0x300,8,02 33 E2 C1 D6 72 AA F8,temp=42.00
1779699072.844,0x100,8,00 E6 B0 7B 31 59 18 3E,speed=0.00
1779699073.536,0x200,8,5B 64 83 29 7F C2 9B 2B,fuel=100.00
1779699073.624,0x300,8,02 84 12 09 FE F4 0E 9F,temp=42.00
1779699073.693,0x100,8,00 EC AA FE CF DA 83 A9,speed=0.00
1779699073.796,0x200,8,5E 64 BB C7 BA 43 2E 73,fuel=100.00
1779699074.735,0x300,8,02 C9 C5 DA A1 19 C0 37,temp=42.00
1779699075.640,0x100,8,00 CB B8 64 82 C1 4A F9,speed=0.00
1779699075.787,0x200,8,AD 64 5E 9F 9C 47 ED 53,fuel=100.00
1779699075.887,0x300,8,02 F1 61 F5 83 8C 20 A6,temp=42.00
1779699076.004,0x100,8,00 CE 46 7D 49 5C 3C 49,speed=0.00
1779699076.123,0x200,8,F4 64 0C 12 6C C1 5A 7B,fuel=100.00
1779699076.175,0x300,8,02 62 DC E2 7A A6 FB B9,temp=42.00
1779699076.810,0x100,8,00 05 D9 C8 AE 05 76 E6,speed=0.00
1779699076.854,0x200,8,83 64 C5 73 35 0D 73 DA,fuel=100.00
1779699077.396,0x300,8,02 BF 0A DA 6D 09 04 63,temp=42.00
1779699077.655,0x100,8,00 ED C7 FD D6 35 78 0F,speed=0.00
1779699077.879,0x200,8,71 64 31 8F 95 24 64 75,fuel=100.00
1779699078.009,0x300,8,02 70 AB DB C7 52 3A 9B,temp=42.00
1779699078.108,0x100,8,00 D3 03 C5 B9 05 B1 EF,speed=0.00
1779699078.438,0x200,8,91 64 0E 6D 94 7A 89 DE,fuel=100.00
1779699078.654,0x300,8,02 E7 CE 21 61 8E 6B BB,temp=42.00
1779699078.790,0x100,8,00 48 EB 8C 7F 42 F6 5A,speed=0.00
1779699078.957,0x200,8,D6 64 01 BD 60 09 1F 94,fuel=100.00
1779699079.071,0x300,8,02 C0 C4 21 34 3E D9 51,temp=42.00
1779699079.140,0x100,8,00 9D 40 7A 36 FB 1E 08,speed=0.00
1779699079.259,0x200,8,D6 64 1C F0 1B A2 C0 0B,fuel=100.00
1779699079.324,0x300,8,02 B5 AC D9 48 B2 59 62,temp=42.00
1779699079.489,0x100,8,00 F2 B2 F8 C7 6E F1 52,speed=0.00
1779699079.615,0x200,8,C0 64 53 02 7A F1 D9 0C,fuel=100.00
1779699079.738,0x300,8,02 93 19 D9 BE FF 19 0C,temp=42.00
1779699079.849,0x100,8,00 47 3F 97 67 CA 25 54,speed=0.00
1779699079.939,0x200,8,7A 64 0A DE 35 D3 DE 19,fuel=100.00
1779699080.056,0x300,8,02 7C 60 AE BD 90 E0 44,temp=42.00
1779699080.205,0x100,8,00 CC F7 51 FA 08 E2 85,speed=0.00
1779699080.244,0x200,8,55 64 89 67 DE FD 2F DB,fuel=100.00
1779699080.419,0x300,8,02 D4 E4 46 11 A9 04 08,temp=42.00
1779699080.536,0x100,8,00 A2 BF 4D 34 CC D9 92,speed=0.00
1779699080.673,0x200,8,FD 64 C6 19 8E 7E 12 85,fuel=100.00
1779699080.771,0x300,8,02 EE 7C 1C 50 E0 7F 10,temp=42.00
1779699080.894,0x100,8,00 6F E5 35 C8 E8 F5 4E,speed=0.00
1779699080.993,0x200,8,3F 64 A2 37 CC 93 A7 44,fuel=100.00
1779699081.116,0x300,8,02 59 CD 62 40 60 22 0A,temp=42.00
1779699081.221,0x100,8,00 DE 1D F5 A9 A7 2D F9,speed=0.00
1779699081.340,0x200,8,60 64 59 BD 6F AC 73 9D,fuel=100.00
1779699081.455,0x300,8,02 41 25 A0 41 95 16 1A,temp=42.00
1779699081.609,0x100,8,00 24 8F 29 86 9E B1 8A,speed=0.00
1779699081.666,0x200,8,59 64 11 90 EE A9 52 0B,fuel=100.00
1779699081.742,0x300,8,02 16 5C 28 10 05 D9 41,temp=42.00
1779699081.838,0x100,8,00 09 DF CF F4 B0 5F 63,speed=0.00
1779699081.920,0x200,8,3A 64 B2 69 70 FA 1E 3D,fuel=100.00
1779699082.022,0x300,8,02 C1 E7 D2 3B 87 C8 48,temp=42.00
1779699082.174,0x100,8,00 70 C2 2E 1E 06 A1 08,speed=0.00
1779699082.254,0x200,8,1F 64 76 83 0C 16 F5 FB,fuel=100.00
1779699082.408,0x300,8,02 75 80 DE 92 87 01 6A,temp=42.00
1779699082.604,0x100,8,00 BF 8E 4A 2F C6 78 4E,speed=0.00
1779699082.760,0x200,8,62 64 8D A1 AB 4A F0 F2,fuel=100.00
1779699083.068,0x300,8,02 61 7A C9 AC 80 4F 06,temp=42.00
1779699083.156,0x100,8,00 83 48 23 82 8D ED EE,speed=0.00
1779699083.338,0x200,8,0D 64 8C 2D E2 DC 1E 0C,fuel=100.00
1779699083.443,0x300,8,02 7D D2 7C 8C E1 69 05,temp=42.00
1779699083.580,0x100,8,00 66 0F 7E 97 70 D5 A4,speed=0.00
1779699083.680,0x200,8,4D 64 A6 81 60 F9 BB 0C,fuel=100.00
1779699083.803,0x300,8,02 85 33 DF AE 47 B7 1F,temp=42.00
1779699083.943,0x100,8,00 D5 3A EA C6 CF A4 C5,speed=0.00
1779699084.059,0x200,8,CC 64 4E 93 7A D8 D5 BC,fuel=100.00
1779699084.143,0x300,8,02 56 82 65 F6 E9 4D A6,temp=42.00
1779699084.225,0x100,8,00 0F E6 F2 A3 BD 0E DE,speed=0.00
1779699084.306,0x200,8,44 64 3E 8E A3 8E 03 3C,fuel=100.00
1779699084.409,0x300,8,02 7E CC D8 60 04 32 77,temp=42.00
1779699084.574,0x100,8,00 1E 3F AB 00 D2 2F D3,speed=0.00
1779699084.670,0x200,8,EA 64 1F 07 98 F6 83 CB,fuel=100.00
1779699084.784,0x300,8,02 E5 58 96 D2 0B 4C 49,temp=42.00
1779699084.924,0x100,8,00 B3 7E 3C DB 6A 04 F3,speed=0.00
1779699085.054,0x200,8,7D 64 F0 F2 C4 B0 41 D7,fuel=100.00
1779699085.167,0x300,8,02 AA F5 DA 8C A0 BB 11,temp=42.00
1779699085.306,0x100,8,00 62 9B 08 90 D0 86 33,speed=0.00
1779699085.355,0x200,8,27 64 6C 8E 43 3E 79 1D,fuel=100.00
1779699085.527,0x300,8,02 C9 D0 D3 2F C9 24 18,temp=42.00
1779699085.659,0x100,8,00 49 36 75 B7 B6 1D 2D,speed=0.00
1779699085.760,0x200,8,48 64 09 7B 0F 4A CF 0F,fuel=100.00
1779699085.841,0x300,8,02 C4 74 31 80 50 2E F1,temp=42.00
1779699085.976,0x100,8,00 70 03 47 8F F2 30 F7,speed=0.00
1779699086.074,0x200,8,78 64 B8 75 3B B1 22 4F,fuel=100.00
1779699086.194,0x300,8,02 7D 1F 01 19 6A E0 7F,temp=42.00
1779699086.296,0x100,8,00 83 00 20 FC 23 2F 51,speed=0.00
1779699086.477,0x200,8,63 64 6C B8 62 37 34 F8,fuel=100.00
1779699086.574,0x300,8,02 28 A6 D3 55 8D 58 61,temp=42.00
1779699086.709,0x100,8,00 AC 0C 70 EC 1F 9D 59,speed=0.00
1779699086.865,0x200,8,4E 64 BB 0F EF 9C 36 01,fuel=100.00
1779699087.004,0x300,8,02 18 33 6F 89 E4 D7 B9,temp=42.00
1779699087.154,0x100,8,00 AB D6 69 D2 BE 0B 9B,speed=0.00
1779699087.244,0x200,8,5B 64 27 C8 5B 8F 84 E2,fuel=100.00
1779699087.344,0x300,8,02 DD 1E 36 13 50 9F 73,temp=42.00
1779699087.487,0x100,8,00 E9 61 08 FB 8C 2F 45,speed=0.00
1779699087.588,0x200,8,DC 64 84 45 89 78 F8 C3,fuel=100.00
1779699087.789,0x300,8,02 5E 93 AD A6 BF DA 67,temp=42.00
1779699088.273,0x100,8,00 47 28 D1 3F 9D D8 EF,speed=0.00
1779699088.587,0x200,8,0D 64 7A 41 C1 9D B7 70,fuel=100.00
1779699088.773,0x300,8,02 3F D4 5D 16 92 51 8F,temp=42.00
1779699088.872,0x100,8,00 9E F6 80 74 D3 8E 6A,speed=0.00
1779699088.978,0x200,8,87 64 C1 95 24 BE 8F C9,fuel=100.00
1779699089.338,0x300,8,02 2F 75 72 9B F6 E3 3F,temp=42.00
1779699089.612,0x100,8,00 D1 99 D8 5F 2E 79 91,speed=0.00
1779699089.770,0x200,8,12 64 92 51 55 A1 EC 1D,fuel=100.00
1779699089.872,0x300,8,02 D6 E7 C5 23 50 7C 36,temp=42.00
1779699090.025,0x100,8,00 E0 22 82 DE 15 5F C4,speed=0.00
1779699090.177,0x200,8,4E 64 C6 BF 56 3C 1B 88,fuel=100.00
1779699090.277,0x300,8,02 78 1C C4 55 95 ED 4E,temp=42.00
1779699090.356,0x100,8,00 D9 95 1E 95 35 05 66,speed=0.00
1779699090.513,0x200,8,36 64 5C F0 B5 41 C0 2B,fuel=100.00
1779699090.670,0x300,8,02 5A CE 73 28 C4 B1 77,temp=42.00
1779699090.788,0x100,8,00 96 14 A4 C3 7E F7 EB,speed=0.00
1779699090.859,0x200,8,C4 64 69 35 99 98 73 8E,fuel=100.00
1779699090.971,0x300,8,02 BD 9B A8 BF 07 AD B8,temp=42.00
1779699091.039,0x100,8,00 62 B2 7C 8D 44 AD C6,speed=0.00
1779699091.144,0x200,8,22 64 47 03 94 22 D8 E7,fuel=100.00
1779699091.225,0x300,8,02 D2 32 A0 27 E3 92 4C,temp=42.00
1779699092.771,0x100,8,00 85 98 5B 2A 4D D8 C1,speed=0.00
1779699092.841,0x200,8,3A 64 84 78 5E 60 C1 0F,fuel=100.00
1779699093.005,0x300,8,02 66 4C 7F 8F C9 31 7E,temp=42.00
1779699093.142,0x100,8,00 89 9F 4C 01 4A 12 8D,speed=0.00
1779699093.217,0x200,8,F6 64 2A AE C0 6B 9B F7,fuel=100.00
1779699093.275,0x300,8,02 84 56 B1 28 23 5B 83,temp=42.00
1779699093.378,0x100,8,00 85 F0 2A E2 57 9E 42,speed=0.00
1779699093.526,0x200,8,13 64 A5 19 EB 20 F5 1E,fuel=100.00
1779699093.611,0x300,8,02 39 AF 08 5E 0D 5F 79,temp=42.00
1779699093.690,0x100,8,00 19 8A 5F A9 FB 1A 8D,speed=0.00
1779699093.867,0x200,8,3B 64 35 CD 73 DF 63 59,fuel=100.00
1779699093.942,0x300,8,02 03 9A 06 B7 3E 45 3E,temp=42.00
1779699094.060,0x100,8,00 17 32 FE EA CC 31 05,speed=0.00
1779699094.186,0x200,8,4C 64 C1 8D 2E 8C AC 4A,fuel=100.00
1779699094.240,0x300,8,02 62 44 A6 36 A8 05 5D,temp=42.00
1779699094.324,0x100,8,00 4E 11 5F FE BB 89 DD,speed=0.00
1779699094.436,0x200,8,00 64 5B 8E A3 EC 4B E3,fuel=100.00
1779699094.594,0x300,8,02 A5 19 FC 04 D2 02 98,temp=42.00
1779699094.719,0x100,8,00 59 DE 27 20 CC 22 DC,speed=0.00
1779699094.792,0x200,8,05 64 96 8A 3E A9 02 DD,fuel=100.00
1779699095.171,0x300,8,02 25 FA 19 80 2D C0 47,temp=42.00
1779699095.379,0x100,8,00 FC 0B 85 20 FF 84 BF,speed=0.00
1779699095.486,0x200,8,2B 64 DA 81 E1 0D 8F 2D,fuel=100.00
1779699095.554,0x300,8,02 67 43 78 F7 66 E8 6A,temp=42.00
1779699095.643,0x100,8,00 21 7A 49 54 DB 04 4B,speed=0.00
1779699096.870,0x200,8,DA 64 54 DD 2B 19 B3 67,fuel=100.00
1779699096.966,0x300,8,02 F8 25 76 62 32 43 E1,temp=42.00
1779699097.041,0x100,8,00 29 40 BF 71 C6 AC 1F,speed=0.00
1779699097.126,0x200,8,B8 64 EE 10 D8 4E B2 F6,fuel=100.00
1779699097.298,0x300,8,02 55 3E 07 79 D0 14 09,temp=42.00
1779699097.437,0x100,8,00 4C 98 0A 11 96 8F A8,speed=0.00
1779699097.535,0x200,8,BA 64 0A 7E 80 F3 5B 49,fuel=100.00
1779699097.606,0x300,8,02 A9 A0 42 4B A0 06 2D,temp=42.00
1779699097.730,0x100,8,00 52 48 D6 5C 40 71 A6,speed=0.00
1779699097.794,0x200,8,FE 64 92 73 F4 2D E0 7C,fuel=100.00
1779699097.904,0x300,8,02 35 35 2C F2 CF 4F 42,temp=42.00
1779699097.978,0x100,8,00 27 FF A9 7C 5A F5 35,speed=0.00
1779699098.066,0x200,8,F7 64 45 9F 66 C2 82 22,fuel=100.00
1779699098.189,0x300,8,02 A7 6D 4C 9C 12 FC DD,temp=42.00
1779699098.303,0x100,8,00 8E 7F 08 02 36 95 2E,speed=0.00
1779699098.393,0x200,8,0A 64 ED D2 DA 38 FA 0C,fuel=100.00
1779699098.484,0x300,8,02 E4 8E D0 58 32 32 42,temp=42.00
1779699098.571,0x100,8,00 9C 41 96 93 50 7A 2A,speed=0.00
1779699098.647,0x200,8,B6 64 98 D0 4A F8 84 25,fuel=100.00
1779699098.721,0x300,8,02 9A 6E F2 82 EA 39 EC,temp=42.00
1779699098.840,0x100,8,00 3D 1B 78 84 B0 E1 AF,speed=0.00
1779699098.913,0x200,8,B3 64 E0 4A F6 BF DA 60,fuel=100.00
1779699099.027,0x300,8,02 B3 65 EC 1A F4 CC 73,temp=42.00
1779699099.146,0x100,8,00 F8 1B 9A F8 25 90 4E,speed=0.00
1779699099.223,0x200,8,86 64 FF 10 28 69 A2 33,fuel=100.00
1779699099.306,0x300,8,02 00 9A 08 12 B9 7D C9,temp=42.00
1779699099.435,0x100,8,00 64 CB 67 F4 E5 81 5E,speed=0.00
1779699099.550,0x200,8,56 64 A7 76 B3 98 8A E8,fuel=100.00
1779699099.706,0x300,8,02 1E 0C 63 6F 53 3E BB,temp=42.00
1779699099.782,0x100,8,00 38 74 2E DD 10 66 A5,speed=0.00
1779699099.858,0x200,8,4D 64 CF 7B A8 12 71 61,fuel=100.00
1779699099.947,0x300,8,02 6D FF 02 FE F5 7F FF,temp=42.00
1779699100.036,0x100,8,00 24 8D FE 33 72 B4 C6,speed=0.00
1779699100.159,0x200,8,8A 64 1C C3 9C DC 5D 60,fuel=100.00
1779699100.233,0x300,8,02 C1 3C 4D E2 E1 DD FD,temp=42.00
1779699100.328,0x100,8,00 C3 B9 02 6B 7F 8E 2C,speed=0.00
1779699100.451,0x200,8,B4 64 D3 D9 C9 EC D9 77,fuel=100.00
1779699100.559,0x300,8,02 8F 85 DD A4 BD A2 6A,temp=42.00
1779699100.642,0x100,8,00 D0 AD 80 CE 5E 75 AD,speed=0.00
1779699100.689,0x200,8,18 64 BC D9 D5 CE BC 0D,fuel=100.00
1779699100.817,0x300,8,02 DF 43 32 A3 C3 A4 39,temp=42.00
1779699100.927,0x100,8,00 9B 7A 75 68 4E B8 BB,speed=0.00
1779699101.121,0x200,8,95 64 1D 42 78 A1 74 FC,fuel=100.00
1779699101.160,0x300,8,02 70 76 FE FD 57 34 52,temp=42.00
1779699101.271,0x100,8,00 E8 A8 4C DD 6B 0E 0D,speed=0.00
1779699101.385,0x200,8,02 64 D9 C3 2B E9 ED 08,fuel=100.00
1779699101.472,0x300,8,02 94 7D 4A 77 54 D0 96,temp=42.00
1779699101.533,0x100,8,00 10 D1 36 50 5D 72 92,speed=0.00
1779699101.646,0x200,8,B6 64 F1 E2 B9 FD AD 82,fuel=100.00
1779699101.724,0x300,8,02 AB 11 F3 78 77 EC 9B,temp=42.00
1779699101.819,0x100,8,00 E8 0E D3 6C 86 BD 18,speed=0.00
1779699101.957,0x200,8,0B 64 21 E4 02 89 EC 24,fuel=100.00
1779699102.075,0x300,8,02 FE 16 B0 22 F5 69 9C,temp=42.00
1779699102.194,0x100,8,00 61 44 A7 0B CD 16 47,speed=0.00
1779699102.342,0x200,8,29 64 EC ED 78 80 9A B1,fuel=100.00
1779699102.532,0x300,8,02 D4 1A AC 30 44 5B 35,temp=42.00
1779699102.608,0x100,8,00 50 B4 C5 33 36 94 B3,speed=0.00
1779699102.667,0x200,8,83 64 43 0E FF 72 B9 E3,fuel=100.00
1779699102.767,0x300,8,02 00 B3 DE 57 63 47 FF,temp=42.00
1779699102.857,0x100,8,00 6C D6 93 FB 1F EF 6C,speed=0.00
1779699102.972,0x200,8,E0 64 07 7F 99 60 9B C5,fuel=100.00
1779699103.040,0x300,8,02 DC E6 B1 AF B5 DB F0,temp=42.00
1779699103.123,0x100,8,00 F9 79 45 76 C7 BE CD,speed=0.00
1779699103.257,0x200,8,31 64 92 81 96 03 A1 42,fuel=100.00
1779699103.358,0x300,8,02 8B FE 78 B9 78 9D 90,temp=42.00
1779699103.441,0x100,8,00 99 66 D6 E1 40 DD 7E,speed=0.00
1779699103.508,0x200,8,A1 64 F2 AA 5A 63 E9 1C,fuel=100.00
1779699103.650,0x300,8,02 5B 7B 28 02 08 93 18,temp=42.00
1779699103.725,0x100,8,00 26 A1 39 B0 8A 43 09,speed=0.00
1779699103.789,0x200,8,7B 64 36 32 72 FC 43 FE,fuel=100.00
1779699103.892,0x300,8,02 DD 28 15 80 4C FC 80,temp=42.00
1779699103.984,0x100,8,00 E5 46 20 9D DF DB B0,speed=0.00
1779699104.088,0x200,8,A6 64 9A 24 56 25 EB 85,fuel=100.00
1779699104.193,0x300,8,02 2B 6B DF 30 B1 0D 3D,temp=42.00
1779699104.312,0x100,8,00 DD BA 6E C5 85 7D 19,speed=0.00
1779699104.358,0x200,8,31 64 E8 54 A4 DD F8 B9,fuel=100.00
1779699104.511,0x300,8,02 10 3C 28 1D CD D9 01,temp=42.00
1779699104.642,0x100,8,00 AF A6 B1 09 D7 34 B3,speed=0.00
1779699104.760,0x200,8,F9 64 31 46 A4 0E AC 64,fuel=100.00
1779699104.856,0x300,8,02 E6 F6 DF 8C 2F BC C0,temp=42.00
1779699104.924,0x100,8,00 8F 3E A5 DE 49 33 FF,speed=0.00
1779699105.040,0x200,8,18 64 80 90 03 37 3C AA,fuel=100.00
1779699105.116,0x300,8,02 19 00 C8 72 B0 86 43,temp=42.00
1779699105.237,0x100,8,00 9C 4D D8 8A 62 49 98,speed=0.00
1779699105.294,0x200,8,43 64 5F 94 8C 84 24 8E,fuel=100.00
1779699105.412,0x300,8,02 8B 24 66 04 1A 61 9B,temp=42.00
1779699105.788,0x100,8,00 B4 CB 11 77 68 19 C1,speed=0.00
1779699105.842,0x200,8,EE 64 7A D5 E6 B3 17 A8,fuel=100.00
1779699105.946,0x300,8,02 D3 2D 91 AE 15 4F 94,temp=42.00
1779699106.038,0x100,8,00 83 EE 08 DA A5 C2 A5,speed=0.00
1779699106.254,0x200,8,78 64 8E 87 7B 88 5C 16,fuel=100.00
1779699106.771,0x300,8,02 35 6F 4E 20 B6 F9 4F,temp=42.00
1779699106.960,0x100,8,00 82 19 1E CA 39 6D D4,speed=0.00
1779699108.694,0x200,8,54 64 F6 EA E9 3F 59 25,fuel=100.00
1779699108.970,0x300,8,02 EA BC D8 AB 36 1C 83,temp=42.00
1779699109.081,0x100,8,00 79 76 C0 4F 2C A7 B1,speed=0.00
1779699109.188,0x200,8,33 64 9D 13 78 67 E2 E1,fuel=100.00
1779699109.408,0x300,8,02 C8 D1 19 03 93 AD 8B,temp=42.00
1779699109.444,0x100,8,00 26 BF 24 21 2C 2F F1,speed=0.00
1779699109.775,0x200,8,16 64 2B 3A 91 94 E2 0D,fuel=100.00
1779699109.869,0x300,8,02 94 7E A1 9E 01 BC FE,temp=42.00
1779699110.093,0x100,8,00 9B DA A7 12 BB 16 57,speed=0.00
1779699110.186,0x200,8,05 64 30 45 6E 26 A6 3B,fuel=100.00
1779699110.301,0x300,8,02 AF 3C A6 ED 0F 6B E3,temp=42.00
1779699110.394,0x100,8,00 45 5E 91 75 85 28 69,speed=0.00
1779699110.487,0x200,8,4A 64 2E F0 C0 68 21 89,fuel=100.00
1779699110.552,0x300,8,02 5D 8C C9 2F 19 6A DF,temp=42.00
1779699110.634,0x100,8,00 CA 9F 57 72 81 9B F1,speed=0.00
1779699110.756,0x200,8,55 64 8B C1 6C 4B EA 64,fuel=100.00
1779699110.835,0x300,8,02 D7 31 D7 E9 86 BD 86,temp=42.00
1779699110.976,0x100,8,00 EF 0B E8 7A 69 E7 C0,speed=0.00
1779699111.058,0x200,8,72 64 70 28 51 9A B5 97,fuel=100.00
1779699111.143,0x300,8,02 8B 51 96 53 D6 80 9C,temp=42.00
1779699111.207,0x100,8,00 D5 E8 2C 50 47 84 C5,speed=0.00
1779699111.407,0x200,8,66 64 E4 5A 1A BB 10 19,fuel=100.00
1779699111.494,0x300,8,02 54 00 FB 8A 03 E8 6A,temp=42.00
1779699111.592,0x100,8,00 E1 32 82 60 F1 6F 6F,speed=0.00
1779699111.755,0x200,8,18 64 61 AA 8A B1 78 DF,fuel=100.00
1779699111.889,0x300,8,02 09 24 7F 93 20 F8 67,temp=42.00
1779699112.093,0x100,8,00 D4 81 8D B5 77 3F 39,speed=0.00
1779699112.943,0x200,8,0F 64 D6 8D 68 EC CA 84,fuel=100.00
1779699114.805,0x300,8,02 F1 5B 97 7A BF CA F0,temp=42.00
1779699114.939,0x100,8,00 C1 33 B7 99 85 A0 06,speed=0.00
1779699115.005,0x200,8,0E 64 72 35 93 72 1F 24,fuel=100.00
1779699115.085,0x300,8,02 CB 23 09 0A FD AE F6,temp=42.00
1779699115.194,0x100,8,00 C1 35 48 9D D9 99 1D,speed=0.00
1779699115.291,0x200,8,7C 64 37 95 73 53 42 E9,fuel=100.00
1779699115.408,0x300,8,02 31 71 F9 80 19 8A 63,temp=42.00
1779699115.502,0x100,8,00 8A 9B 41 B4 D0 AB 36,speed=0.00
1779699115.565,0x200,8,47 64 AA 55 4A F1 74 E8,fuel=100.00
1779699115.661,0x300,8,02 C3 18 5F B9 FD 10 DC,temp=42.00
1779699115.775,0x100,8,00 7D AE 27 5A 37 88 78,speed=0.00
1779699115.874,0x200,8,75 64 69 F7 9C A2 77 73,fuel=100.00
1779699115.938,0x300,8,02 B1 79 B7 E3 2A 19 D9,temp=42.00
1779699116.035,0x100,8,00 33 B3 B5 B5 96 95 23,speed=0.00
1779699116.149,0x200,8,E9 64 62 1E 3D 67 C1 CE,fuel=100.00
1779699116.242,0x300,8,02 A6 41 E8 FB 7D 14 C2,temp=42.00
1779699116.554,0x100,8,00 8E C5 14 F9 AC 32 6B,speed=0.00
1779699116.633,0x200,8,DD 64 BD 62 51 C5 04 67,fuel=100.00
1779699117.126,0x300,8,02 B1 0D 19 8E EA ED CC,temp=42.00
1779699117.251,0x100,8,00 40 C4 1E 0C D9 69 4B,speed=0.00
1779699117.300,0x200,8,FF 64 34 47 87 38 73 37,fuel=100.00
1779699117.400,0x300,8,02 67 4F 87 C3 9B E0 9C,temp=42.00
1779699117.478,0x100,8,00 55 A6 37 F6 DA 99 00,speed=0.00
1779699117.585,0x200,8,EA 64 CD CA 9F 79 59 7D,fuel=100.00
1779699117.672,0x300,8,02 96 BB 0F 96 67 11 8F,temp=42.00
1779699117.765,0x100,8,00 3F A7 AC 2D C2 94 90,speed=0.00
1779699117.858,0x200,8,A0 64 A5 22 4E 7B E6 CA,fuel=100.00
1779699117.935,0x300,8,02 AB 41 3D 4D 1A C3 41,temp=42.00
1779699118.057,0x100,8,00 4C 31 B1 D5 EA 88 3A,speed=0.00
1779699118.187,0x200,8,E5 64 D6 70 85 E6 81 8D,fuel=100.00
1779699118.275,0x300,8,02 39 9F 71 84 FC 71 87,temp=42.00
1779699118.456,0x100,8,00 A2 7A 01 BF A5 C8 D5,speed=0.00
1779699118.522,0x200,8,9A 64 54 6E 9A 98 8E A3,fuel=100.00
1779699118.926,0x300,8,02 10 4C 9C 37 34 B1 C0,temp=42.00
1779699119.399,0x100,8,00 27 98 74 EB 83 2E 51,speed=0.00
1779699119.955,0x200,8,08 64 6F 82 7F C6 44 BC,fuel=100.00
1779699120.138,0x300,8,02 1D FC 64 D5 2F DC 65,temp=42.00
1779699120.277,0x100,8,00 87 9C 3F 45 F2 7D 8E,speed=0.00
1779699120.488,0x200,8,1B 64 C7 CF 9C E9 2A 2B,fuel=100.00
1779699120.654,0x300,8,02 61 13 D9 9F 9D F9 76,temp=42.00
1779699120.760,0x100,8,00 43 5E 67 BF EB 0C 58,speed=0.00
1779699120.859,0x200,8,01 64 70 5C E5 D7 57 20,fuel=100.00
1779699120.972,0x300,8,02 1D 8B D3 52 63 C7 E8,temp=42.00
1779699121.025,0x100,8,00 3A 98 6B F3 1D DF 1F,speed=0.00
1779699121.177,0x200,8,CD 64 F2 10 7B 54 43 4C,fuel=100.00
1779699121.228,0x300,8,02 D9 43 78 BD 3D 9A CD,temp=42.00
1779699121.324,0x100,8,00 27 2C D5 C5 06 9E C0,speed=0.00
1779699121.395,0x200,8,74 64 87 39 A2 EE E6 0C,fuel=100.00
1779699121.494,0x300,8,02 B4 4C 33 28 2C D3 5F,temp=42.00
1779699121.604,0x100,8,00 80 1C F1 39 B3 92 F3,speed=0.00
1779699121.691,0x200,8,17 64 01 44 3F 1A 53 B4,fuel=100.00
1779699121.837,0x300,8,02 C3 62 18 49 AA B0 CB,temp=42.00
1779699122.426,0x100,8,00 EB C6 49 86 51 6D 43,speed=0.00
1779699122.660,0x200,8,FE 64 94 19 F4 74 CE DF,fuel=100.00
1779699122.858,0x300,8,02 7A 85 D2 F8 18 8C E2,temp=42.00
1779699122.965,0x100,8,00 0C BE D7 D6 F4 07 2D,speed=0.00
1779699123.076,0x200,8,EB 64 EB DF B8 01 6B 71,fuel=100.00
1779699123.194,0x300,8,02 AC D2 00 A1 A7 14 E7,temp=42.00
1779699123.289,0x100,8,00 84 1D 06 70 7C 97 46,speed=0.00
1779699123.441,0x200,8,1E 64 F2 A4 E4 55 F2 3C,fuel=100.00
1779699123.506,0x300,8,02 D7 7F 9D 67 7F 7B E8,temp=42.00
1779699123.638,0x100,8,00 05 BA 11 53 42 DA EC,speed=0.00
1779699123.776,0x200,8,C0 64 44 9B A1 65 72 FE,fuel=100.00
1779699123.890,0x300,8,02 13 66 A2 81 94 3E 54,temp=42.00
1779699123.971,0x100,8,00 0D EC 63 A2 E9 39 E0,speed=0.00
1779699124.075,0x200,8,BD 64 44 21 1C 3D 5D 57,fuel=100.00
1779699124.622,0x300,8,02 2F 23 75 01 25 EC 13,temp=42.00
1779699124.859,0x100,8,00 86 E6 1A A1 01 1C 1B,speed=0.00
1779699124.978,0x200,8,EB 64 55 A9 69 E7 2F F8,fuel=100.00
1779699125.107,0x300,8,02 06 99 8D 8A D1 DC F3,temp=42.00
1779699125.190,0x100,8,00 A2 DC CA 62 CC DF 4D,speed=0.00
1779699125.427,0x200,8,E3 64 BE B5 BA 26 58 CC,fuel=100.00
1779699125.553,0x300,8,02 7B 28 B2 2B 36 84 96,temp=42.00
1779699125.966,0x100,8,00 74 00 E4 21 EA 93 86,speed=0.00
1779699127.319,0x200,8,29 64 EC AB 69 21 FF D9,fuel=100.00
1779699129.934,0x300,8,02 93 00 26 D4 D5 36 FB,temp=42.00
1779699131.905,0x100,8,00 A5 8B 25 C2 4B A7 49,speed=0.00
1779699132.873,0x200,8,D4 64 75 79 AF 87 A5 8E,fuel=100.00
1779699133.575,0x300,8,02 0A 74 7A 3B 12 8F 7E,temp=42.00
1779699135.478,0x100,8,00 E3 06 8F 43 F9 78 FC,speed=0.00
1779699135.674,0x200,8,44 64 17 73 82 04 E6 5C,fuel=100.00
1779699135.773,0x300,8,02 6C 47 F2 43 FE 4A D7,temp=42.00
1779699135.893,0x100,8,00 F7 D6 C6 F5 73 D0 0C,speed=0.00
1779699136.007,0x200,8,01 64 05 AE E7 B5 F5 86,fuel=100.00
1779699136.154,0x300,8,02 B6 88 CC AD 6F FA 51,temp=42.00
1779699136.352,0x100,8,00 D1 BA 74 B6 5F 2C 15,speed=0.00
1779699136.484,0x200,8,6A 64 F6 92 E9 04 B8 2B,fuel=100.00
1779699136.569,0x300,8,02 A1 A7 17 78 2C 24 A8,temp=42.00
1779699136.706,0x100,8,00 00 9E 4E 2F 8F 90 3A,speed=0.00
1779699136.839,0x200,8,8E 64 95 0C F3 1A A7 B3,fuel=100.00
1779699136.968,0x300,8,02 96 3D B6 95 8D 46 2F,temp=42.00
1779699137.071,0x100,8,00 78 60 59 2E 5C 57 69,speed=0.00
1779699137.177,0x200,8,8E 64 11 DB FD AA EB 5C,fuel=100.00
1779699137.367,0x300,8,02 F9 64 73 29 D1 28 C4,temp=42.00
1779699137.451,0x100,8,00 BB F7 AB E7 35 CF E3,speed=0.00
1779699137.532,0x200,8,B3 64 FC 17 0F 46 23 84,fuel=100.00
1779699137.677,0x300,8,02 D0 1F 1F D9 DD B2 38,temp=42.00
1779699137.721,0x100,8,00 8F 97 5C 0C 6B A3 E9,speed=0.00
1779699137.840,0x200,8,C9 64 4D 56 3C 51 4A F1,fuel=100.00
1779699137.919,0x300,8,02 80 19 F7 1C 6B 42 9D,temp=42.00
1779699138.015,0x100,8,00 8C EB 50 BE 08 35 7F,speed=0.00
1779699138.103,0x200,8,F5 64 55 43 1E 2F 72 26,fuel=100.00
1779699138.293,0x300,8,02 D7 E8 50 08 7E 36 BB,temp=42.00
1779699138.389,0x100,8,00 10 83 38 6F 0B 85 2C,speed=0.00
1779699138.507,0x200,8,12 64 16 73 3E 93 05 15,fuel=100.00
1779699138.581,0x300,8,02 68 78 CB AE 06 3A C5,temp=42.00
1779699138.696,0x100,8,00 2D 44 EA CA AC D3 85,speed=0.00
1779699138.792,0x200,8,4E 64 C4 A3 F5 B9 D6 DF,fuel=100.00
1779699138.860,0x300,8,02 E5 B5 F0 1E 55 75 A0,temp=42.00
1779699138.959,0x100,8,00 4F FB 4B 84 16 63 1D,speed=0.00
1779699139.057,0x200,8,C4 64 27 2C 19 A1 03 4F,fuel=100.00
1779699139.172,0x300,8,02 75 4D 8D DF B7 0B 7E,temp=42.00
1779699139.253,0x100,8,00 79 11 76 DF 73 64 B1,speed=0.00
1779699139.406,0x200,8,0B 64 8A 65 6C 02 98 20,fuel=100.00
1779699139.510,0x300,8,02 5C 9F 46 F7 CA FF 45,temp=42.00
1779699139.649,0x100,8,00 D8 A4 C5 33 90 D8 FD,speed=0.00
1779699139.756,0x200,8,5F 64 76 A5 5E F7 83 C2,fuel=100.00
1779699139.809,0x300,8,02 11 7C BA 90 18 1B 74,temp=42.00
1779699139.902,0x100,8,00 A4 57 9B 70 A8 E6 95,speed=0.00
1779699139.984,0x200,8,74 64 D9 A1 CB E5 DF 41,fuel=100.00
1779699140.107,0x300,8,02 CC 70 2C 99 BF EA C5,temp=42.00
1779699140.176,0x100,8,00 66 71 A0 E7 FE CF C7,speed=0.00
1779699140.265,0x200,8,5B 64 70 77 F5 CC CF 04,fuel=100.00
1779699140.360,0x300,8,02 F2 4F 51 6C D8 1B 0D,temp=42.00
1779699140.442,0x100,8,00 A6 F4 97 93 3F 48 1C,speed=0.00
1779699140.578,0x200,8,1D 64 67 E0 43 9B 48 8A,fuel=100.00
1779699140.644,0x300,8,02 60 EA D9 DC E2 C7 43,temp=42.00
1779699140.757,0x100,8,00 CB E2 32 92 9A B0 6A,speed=0.00
1779699140.853,0x200,8,CC 64 31 75 F8 8B 1C D6,fuel=100.00
1779699140.903,0x300,8,02 32 58 B2 A9 8A 3E 9D,temp=42.00
1779699141.009,0x100,8,00 37 DE EB 81 1F E1 A1,speed=0.00
1779699141.136,0x200,8,8A 64 D0 C3 3B 56 C3 2C,fuel=100.00
1779699141.238,0x300,8,02 E5 38 2D 75 6A 44 4C,temp=42.00
1779699141.277,0x100,8,00 6D 18 51 B3 C8 4C 72,speed=0.00
1779699141.392,0x200,8,B8 64 6B DA 85 DE 70 18,fuel=100.00
1779699141.488,0x300,8,02 FB EA CD 1B C6 5B 07,temp=42.00
1779699141.573,0x100,8,00 DA EE A2 D3 EF AA 5C,speed=0.00
1779699141.674,0x200,8,2B 64 B9 E3 F4 AF E4 E5,fuel=100.00
1779699141.907,0x300,8,02 8A 46 77 BA 58 0F E0,temp=42.00
1779699141.954,0x100,8,00 51 E5 46 AF 8B 78 38,speed=0.00
1779699142.054,0x200,8,1B 64 CD 92 AF BF F3 88,fuel=100.00
1779699142.156,0x300,8,02 EB 6C E3 F8 33 A9 AC,temp=42.00
1779699142.378,0x100,8,00 8B 66 FD 72 5D D0 61,speed=0.00
1779699142.540,0x200,8,04 64 70 BE A0 58 1B 45,fuel=100.00
1779699142.620,0x300,8,02 CE C2 50 8B E6 1B A9,temp=42.00
1779699142.719,0x100,8,00 05 5C 71 21 C2 1D DA,speed=0.00
1779699142.820,0x200,8,BE 64 C2 33 4D 9B 5B 83,fuel=100.00
1779699142.892,0x300,8,02 73 4E 8C B7 E3 64 C2,temp=42.00
1779699143.021,0x100,8,00 14 9A 44 A5 7E B1 B2,speed=0.00
1779699143.125,0x200,8,9C 64 EE 72 08 C2 1C 31,fuel=100.00
1779699143.190,0x300,8,02 00 DA 12 4B D3 B5 2C,temp=42.00
1779699143.325,0x100,8,00 A1 2F ED E1 1E 0F 09,speed=0.00
1779699143.372,0x200,8,00 64 39 07 31 F4 92 69,fuel=100.00
1779699143.456,0x300,8,02 8C 3D 71 8A DC A4 64,temp=42.00
1779699143.545,0x100,8,00 65 88 35 41 17 2E 62,speed=0.00
1779699143.816,0x200,8,B1 64 9D B9 1C 50 FB 72,fuel=100.00
1779699143.888,0x300,8,02 90 F8 1D 40 C0 A9 B8,temp=42.00
1779699143.940,0x100,8,00 3C 0B 49 62 43 53 2A,speed=0.00
1779699144.066,0x200,8,35 64 49 5D 01 5E 12 5A,fuel=100.00
1779699144.121,0x300,8,02 A0 06 F1 4B A6 AE 6F,temp=42.00
1779699144.207,0x100,8,00 A2 42 9B 0E 45 A0 AD,speed=0.00
1779699144.306,0x200,8,C4 64 73 5A E7 BA F4 A2,fuel=100.00
1779699144.429,0x300,8,02 9F 4E 4D F9 84 74 B1,temp=42.00
1779699144.492,0x100,8,00 C4 13 5C 1C 50 1A C5,speed=0.00
1779699144.593,0x200,8,5F 64 53 99 D5 08 4C F3,fuel=100.00
1779699144.722,0x300,8,02 C1 39 D3 48 1B D0 B1,temp=42.00
1779699144.791,0x100,8,00 E8 96 F7 E0 43 B9 89,speed=0.00
1779699144.860,0x200,8,0C 64 7F 30 11 8C 3D 71,fuel=100.00
1779699144.973,0x300,8,02 8A EF 9F 96 33 25 58,temp=42.00
1779699145.111,0x100,8,00 46 87 E9 BD 91 A3 00,speed=0.00
1779699145.226,0x200,8,6E 64 47 1F 1F F9 CD EF,fuel=100.00
1779699146.154,0x300,8,02 75 11 47 2D AA 76 74,temp=42.00
1779699146.309,0x100,8,00 E7 B4 2D 69 F9 DD 77,speed=0.00
1779699146.388,0x200,8,79 64 72 EE C4 91 A3 E7,fuel=100.00
1779699146.604,0x300,8,02 C8 D6 15 F8 99 32 4F,temp=42.00
1779699146.728,0x100,8,00 AF 82 BC 24 DC 81 7E,speed=0.00
1779699146.839,0x200,8,08 64 3B 59 71 B0 FC 1D,fuel=100.00
1779699147.858,0x300,8,02 8B 3C E4 8F 59 97 22,temp=42.00
1779699148.491,0x100,8,00 9E 6A 14 70 38 AC 53,speed=0.00
1779699148.539,0x200,8,56 64 5E 82 E3 6E 08 5C,fuel=100.00
1779699148.755,0x300,8,02 EB 8D ED 97 08 15 F0,temp=42.00
1779699148.840,0x100,8,00 8B 96 04 76 B2 F8 B7,speed=0.00
1779699148.942,0x200,8,F4 64 26 26 B9 B0 33 6F,fuel=100.00
1779699149.503,0x300,8,02 E7 34 10 C0 B3 55 11,temp=42.00
1779699149.740,0x100,8,00 A5 82 AD E3 9C A4 99,speed=0.00
1779699152.888,0x200,8,A7 64 99 E4 0E 69 BD 57,fuel=100.00
1779699153.551,0x300,8,02 9B 43 B4 3E A5 4D 50,temp=42.00
1779699153.701,0x100,8,00 4A 9C 2F D1 AE 31 7B,speed=0.00
1779699153.836,0x200,8,7E 64 EB 97 04 C8 6B 5A,fuel=100.00
1779699153.941,0x300,8,02 46 82 02 C9 B2 B4 32,temp=42.00
1779699154.070,0x100,8,00 85 9C 92 F9 BD C3 CA,speed=0.00
1779699154.152,0x200,8,26 64 6F 82 06 82 F3 29,fuel=100.00
1779699154.323,0x300,8,02 E3 15 9C 3D B7 D2 08,temp=42.00
1779699154.531,0x100,8,00 74 12 35 99 DB 64 66,speed=0.00
1779699154.679,0x200,8,4B 64 1B 59 21 AB E6 47,fuel=100.00
1779699154.810,0x300,8,02 4D F8 F0 65 D4 5B 47,temp=42.00
1779699154.934,0x100,8,00 D3 B3 5C 63 4D 94 E5,speed=0.00
1779699155.018,0x200,8,32 64 BF EA 6D CE D4 EF,fuel=100.00
1779699155.152,0x300,8,02 24 0B BD 84 C3 29 7F,temp=42.00
1779699155.212,0x100,8,00 94 67 4E A4 C9 18 BD,speed=0.00
1779699155.288,0x200,8,27 64 F6 8E 19 6F 5E C1,fuel=100.00
1779699155.577,0x300,8,02 CB 16 D0 CB EF 5C 9E,temp=42.00
1779699155.744,0x100,8,00 56 2A 97 F7 7D 57 36,speed=0.00
1779699155.910,0x200,8,F9 64 8C 7E DA EC 44 BD,fuel=100.00
1779699155.978,0x300,8,02 FD 0E C9 36 F7 0E CB,temp=42.00
1779699156.067,0x100,8,00 04 41 B5 1D D0 3A 5B,speed=0.00
1779699156.143,0x200,8,4D 64 11 64 41 39 CF 27,fuel=100.00
1779699156.241,0x300,8,02 6F E4 B0 7A 24 66 9B,temp=42.00
1779699156.371,0x100,8,00 F3 5D 95 BD B9 FA 0F,speed=0.00
1779699156.421,0x200,8,65 64 34 E6 C4 17 F3 65,fuel=100.00
1779699156.537,0x300,8,02 FC 3C A5 73 1C C9 3D,temp=42.00
1779699156.703,0x100,8,00 7F DD F4 F4 AF 22 2A,speed=0.00
1779699156.838,0x200,8,E6 64 50 FE D0 64 F6 7B,fuel=100.00
1779699156.936,0x300,8,02 AB FE 7C 48 B4 9C 09,temp=42.00
1779699157.062,0x100,8,00 15 71 09 B1 55 AD 33,speed=0.00
1779699157.089,0x200,8,84 64 5E 9F E3 D1 85 84,fuel=100.00
1779699157.210,0x300,8,02 38 DC 1A AF 1C ED BB,temp=42.00
1779699157.363,0x100,8,00 79 EC B0 37 24 27 98,speed=0.00
1779699157.454,0x200,8,A0 64 64 86 E3 ED 02 D2,fuel=100.00
1779699157.632,0x300,8,02 9A 3E E5 20 F2 33 4A,temp=42.00
1779699157.741,0x100,8,00 D9 A3 82 95 B0 4D F6,speed=0.00
1779699157.859,0x200,8,7C 64 27 66 D8 88 44 9F,fuel=100.00
1779699157.942,0x300,8,02 E6 AF 30 54 E4 21 B1,temp=42.00
1779699158.042,0x100,8,00 69 41 64 1B 77 47 82,speed=0.00
1779699158.124,0x200,8,20 64 4A FC CA 15 7F C2,fuel=100.00
1779699158.203,0x300,8,02 14 CF FB D9 1A 24 20,temp=42.00
1779699158.296,0x100,8,00 D4 C2 60 A8 62 98 5C,speed=0.00
1779699158.448,0x200,8,D8 64 CE 76 28 5B C6 23,fuel=100.00
1779699158.541,0x300,8,02 28 15 51 37 7A 21 60,temp=42.00
1779699158.618,0x100,8,00 C8 40 19 F6 79 11 8B,speed=0.00
1779699158.688,0x200,8,18 64 14 E8 56 D1 17 BF,fuel=100.00
1779699158.790,0x300,8,02 69 A1 DE 57 B6 7B 22,temp=42.00
1779699158.863,0x100,8,00 B8 49 2E CF 6C 6C 46,speed=0.00
1779699158.992,0x200,8,34 64 25 63 DB A0 A0 61,fuel=100.00
1779699159.078,0x300,8,02 D9 60 8E 2E FE 80 C5,temp=42.00
1779699159.155,0x100,8,00 D1 ED 6E 79 9F 48 EB,speed=0.00
1779699159.241,0x200,8,48 64 BF 79 62 81 86 CE,fuel=100.00
1779699159.345,0x300,8,02 6D 55 4C A4 C9 1B 75,temp=42.00
1779699159.460,0x100,8,00 F0 61 12 60 A1 75 54,speed=0.00
1779699159.743,0x200,8,B4 64 F7 BF 29 8F 7C 11,fuel=100.00
1779699159.856,0x300,8,02 13 CE 77 74 53 7F EB,temp=42.00
1779699160.058,0x100,8,00 2B 0A D1 D8 BE 9F BF,speed=0.00
1779699160.100,0x200,8,9B 64 3C 71 82 03 35 91,fuel=100.00
1779699160.181,0x300,8,02 2B B8 E0 B1 70 40 5B,temp=42.00
1779699160.302,0x100,8,00 F9 9E E6 51 E4 6B DF,speed=0.00
1779699160.372,0x200,8,3B 64 03 D9 6A E2 B6 C4,fuel=100.00
1779699160.588,0x300,8,02 1A 5B 2A 94 AE FB 45,temp=42.00
1779699160.783,0x100,8,00 60 86 53 05 4F 78 26,speed=0.00
1779699160.922,0x200,8,EB 64 1E 84 CF CF EC 07,fuel=100.00
1779699161.104,0x300,8,02 54 CA C4 C1 19 93 27,temp=42.00
1779699161.217,0x100,8,00 66 CA 2F 9C 80 33 D0,speed=0.00
1779699161.343,0x200,8,04 64 23 02 87 68 B5 B6,fuel=100.00
1779699161.467,0x300,8,02 81 4C 46 FA 66 00 57,temp=42.00
1779699161.545,0x100,8,00 BA 4A 53 88 CF F8 41,speed=0.00
1779699161.650,0x200,8,32 64 5C 6C 24 DA 0B 60,fuel=100.00
1779699161.871,0x300,8,02 33 27 65 93 28 1F C5,temp=42.00
1779699162.208,0x100,8,00 D4 FC C5 73 34 DE F4,speed=0.00
1779699162.299,0x200,8,67 64 79 B4 E1 C0 1D 9B,fuel=100.00
1779699162.421,0x300,8,02 89 11 71 ED 88 C2 CF,temp=42.00
1779699162.621,0x100,8,00 BC F0 E8 D6 DE 66 62,speed=0.00
1779699162.800,0x200,8,D1 64 30 55 84 E9 59 B6,fuel=100.00
1779699162.932,0x300,8,02 39 33 92 6A 96 70 DF,temp=42.00
1779699163.089,0x100,8,00 7E D7 47 FE 57 80 81,speed=0.00
1779699163.193,0x200,8,CF 64 36 0B 85 4A DA E1,fuel=100.00
1779699163.289,0x300,8,02 12 25 8A 3F CA AA 7E,temp=42.00
1779699163.399,0x100,8,00 91 88 15 CA 8D 9D 5B,speed=0.00
1779699163.525,0x200,8,51 64 6A 77 1C 2A 29 02,fuel=100.00
1779699163.572,0x300,8,02 4C 9C 35 C8 F8 4F C3,temp=42.00
1779699163.664,0x100,8,00 A8 33 14 55 1D C6 B4,speed=0.00
1779699163.738,0x200,8,91 64 5A 02 F0 A7 96 51,fuel=100.00
1779699163.886,0x300,8,02 B9 04 9B 19 82 A6 6A,temp=42.00
1779699163.992,0x100,8,00 25 BF E9 84 73 B2 28,speed=0.00
1779699164.141,0x200,8,E7 64 8D 1C 75 92 98 25,fuel=100.00
1779699164.222,0x300,8,02 BC B2 2C 69 7E 6A 59,temp=42.00
1779699164.320,0x100,8,00 07 46 E3 97 76 60 BE,speed=0.00
1779699164.424,0x200,8,D7 64 01 56 1B 7A 62 90,fuel=100.00
1779699164.517,0x300,8,02 02 D8 F8 C7 E2 F5 1C,temp=42.00
1779699164.648,0x100,8,00 AB 55 62 D6 53 92 9B,speed=0.00
1779699164.703,0x200,8,04 64 92 94 6A 4A 7D 20,fuel=100.00
1779699164.783,0x300,8,02 A2 AE 92 9E 30 DB D0,temp=42.00
1779699164.901,0x100,8,00 85 45 DD A4 3B C1 67,speed=0.00
1779699164.987,0x200,8,EC 64 39 DC B9 85 EB 84,fuel=100.00
1779699165.104,0x300,8,02 B4 60 08 85 70 90 20,temp=42.00
1779699165.185,0x100,8,00 3B 2E A3 47 5A 6E 42,speed=0.00
1779699165.251,0x200,8,01 64 C2 2A 96 CA DE D5,fuel=100.00
1779699165.329,0x300,8,02 35 E6 1A 1D 81 7E 1A,temp=42.00
1779699165.443,0x100,8,00 70 95 70 43 57 42 D9,speed=0.00
1779699165.525,0x200,8,DC 64 50 0E 75 08 6E 6B,fuel=100.00
1779699165.642,0x300,8,02 B3 B8 D4 81 59 51 F7,temp=42.00
1779699165.759,0x100,8,00 33 23 64 07 A4 A3 72,speed=0.00
1779699165.807,0x200,8,08 64 9E 62 76 0A 96 93,fuel=100.00
1779699165.921,0x300,8,02 93 F0 BA 20 6E 13 F4,temp=42.00
1779699166.770,0x100,8,00 C3 D4 CA A5 AC C7 A4,speed=0.00
1779699166.827,0x200,8,73 64 4A F0 41 D0 9C 84,fuel=100.00
1779699166.924,0x300,8,02 6E 15 F5 38 AA B5 B6,temp=42.00
1779699167.139,0x100,8,00 E1 9A 60 A4 B8 E8 79,speed=0.00
1779699167.322,0x200,8,C6 64 BA 99 2A 1B F8 71,fuel=100.00
1779699167.390,0x300,8,02 F1 79 58 93 13 E0 BE,temp=42.00
1779699167.537,0x100,8,00 8D DE 04 DC 7F CF BB,speed=0.00
1779699167.593,0x200,8,C8 64 99 95 4A 33 5E 44,fuel=100.00
1779699167.673,0x300,8,02 B1 64 85 76 A8 FD 5A,temp=42.00
1779699167.768,0x100,8,00 B2 DF 53 2B E5 D1 C4,speed=0.00
1779699167.877,0x200,8,33 64 2B BA 30 23 5B E7,fuel=100.00
1779699167.961,0x300,8,02 6B F8 FC 21 3B 2D 44,temp=42.00
1779699168.065,0x100,8,00 1D 33 2B 38 89 C9 2E,speed=0.00
1779699168.161,0x200,8,50 64 33 00 01 7C E9 38,fuel=100.00
1779699168.343,0x300,8,02 06 8E 2D 28 4C 5C FF,temp=42.00
1779699168.767,0x100,8,00 9C C9 33 66 61 00 1D,speed=0.00
1779699168.842,0x200,8,40 64 B1 EB 46 D3 9F B4,fuel=100.00
1779699168.907,0x300,8,02 51 5B DF 85 00 81 79,temp=42.00
1779699169.054,0x100,8,00 E8 89 11 7E 11 E3 1A,speed=0.00
1779699169.110,0x200,8,6A 64 CD C3 BF D3 6E EF,fuel=100.00
1779699169.242,0x300,8,02 04 C3 77 BE 29 E0 DB,temp=42.00
1779699169.326,0x100,8,00 6A 7E 4B A8 D6 A1 FD,speed=0.00
1779699169.395,0x200,8,DA 64 FD 49 2D 7C 3C B5,fuel=100.00
1779699169.492,0x300,8,02 C4 E4 EE C1 FA D7 78,temp=42.00
1779699169.593,0x100,8,00 EA 1D 99 90 80 11 8C,speed=0.00
1779699169.670,0x200,8,85 64 87 52 6C 5C C9 2C,fuel=100.00
1779699169.805,0x300,8,02 16 58 8F 2B 8D 1E 74,temp=42.00
1779699169.890,0x100,8,00 9C E1 8D 4F 69 01 13,speed=0.00
1779699169.955,0x200,8,4C 64 DD 26 41 E8 E1 D1,fuel=100.00
1779699170.075,0x300,8,02 64 D6 B4 94 D0 1D 06,temp=42.00
1779699170.176,0x100,8,00 03 4F FA BD A7 E3 A7,speed=0.00
1779699170.261,0x200,8,B7 64 1D 66 B1 A3 1B 98,fuel=100.00
1779699170.363,0x300,8,02 86 CD 98 BD 09 1A E4,temp=42.00
1779699170.641,0x100,8,00 05 D6 A3 BA 14 64 35,speed=0.00
1779699170.726,0x200,8,30 64 80 8D E3 73 00 F5,fuel=100.00
1779699170.822,0x300,8,02 69 10 5F D6 17 5F A6,temp=42.00
1779699170.917,0x100,8,00 2D 3F 2B 29 6A 33 5C,speed=0.00
1779699171.005,0x200,8,3E 64 38 CA 4E 90 EB 72,fuel=100.00
1779699171.084,0x300,8,02 CF C3 BA 04 BB 56 8F,temp=42.00
1779699171.197,0x100,8,00 7E AB A3 B5 6B 76 58,speed=0.00
1779699171.303,0x200,8,1F 64 BB B8 DC 36 1F C7,fuel=100.00
1779699171.392,0x300,8,02 31 80 DD D8 9F FE 81,temp=42.00
1779699171.489,0x100,8,00 28 C0 66 52 42 6C 51,speed=0.00
1779699171.568,0x200,8,EB 64 B8 7D 39 74 AA D6,fuel=100.00
1779699171.672,0x300,8,02 1A AD 4A 4A 77 88 DB,temp=42.00
1779699172.324,0x100,8,00 F0 3C EC 1B 43 F8 95,speed=0.00
1779699173.169,0x200,8,93 64 58 13 0E 63 B2 06,fuel=100.00
1779699173.275,0x300,8,02 16 F2 39 21 28 A5 02,temp=42.00
1779699173.460,0x100,8,00 86 14 58 3F 82 62 1C,speed=0.00
1779699174.008,0x200,8,0C 64 74 14 77 CA 3F E3,fuel=100.00
1779699174.110,0x300,8,02 F8 33 97 4E F1 61 CA,temp=42.00
1779699174.229,0x100,8,00 ED B0 EE 82 A1 17 77,speed=0.00
1779699174.611,0x200,8,83 64 D5 D4 97 60 B9 B2,fuel=100.00
1779699174.799,0x300,8,02 DB 6F 87 67 42 66 ED,temp=42.00
1779699174.876,0x100,8,00 72 1F C6 60 BA 13 8A,speed=0.00
1779699174.971,0x200,8,0D 64 87 4A 4C 96 D1 4B,fuel=100.00
1779699175.044,0x300,8,02 8A 37 4A 69 85 61 C0,temp=42.00
1779699175.127,0x100,8,00 5E 67 54 1D DD 0F CA,speed=0.00
1779699175.578,0x200,8,7F 64 F1 86 34 62 75 80,fuel=100.00
1779699175.735,0x300,8,02 79 12 8E 28 CE E0 67,temp=42.00
1779699176.128,0x100,8,00 8B 6A FB A1 B9 30 B6,speed=0.00
1779699176.185,0x200,8,FD 64 F3 65 5C DC 22 CB,fuel=100.00
1779699176.585,0x300,8,02 58 DB 52 2C 03 00 B1,temp=42.00
1779699176.728,0x100,8,00 84 04 25 18 8C E8 B6,speed=0.00
1779699176.863,0x200,8,BC 64 D7 BD 01 45 03 A2,fuel=100.00
1779699177.224,0x300,8,02 4B F7 FC 84 97 2F 9F,temp=42.00
1779699177.450,0x100,8,00 F0 D1 C8 34 E4 73 87,speed=0.00
1779699177.521,0x200,8,BF 64 43 7D E7 9F AB 81,fuel=100.00
1779699177.602,0x300,8,02 32 AF 2C 55 98 AD 3D,temp=42.00
1779699177.687,0x100,8,00 30 F3 A6 8A B1 E1 9F,speed=0.00
1779699177.868,0x200,8,DB 64 DB AC C2 4C BA C2,fuel=100.00
1779699178.049,0x300,8,02 48 6C 23 7D 51 A9 84,temp=42.00
1779699178.157,0x100,8,00 BC 79 D2 C6 31 18 65,speed=0.00
1779699178.239,0x200,8,9D 64 90 5E 9D 85 93 7B,fuel=100.00
1779699178.346,0x300,8,02 D1 43 BF A8 F4 FC 5E,temp=42.00
1779699178.433,0x100,8,00 01 D2 EA 4B F7 23 F3,speed=0.00
1779699178.575,0x200,8,C5 64 63 36 8A B2 97 22,fuel=100.00
1779699178.644,0x300,8,02 54 F8 42 AF E5 B3 74,temp=42.00
1779699178.702,0x100,8,00 6A 7A EE 57 CE B6 B0,speed=0.00
1779699178.818,0x200,8,03 64 E6 A4 7E 4B 67 7F,fuel=100.00
1779699178.893,0x300,8,02 CD 80 BB 34 E2 60 73,temp=42.00
1779699179.035,0x100,8,00 60 1B 0F F3 2D 80 1B,speed=0.00
1779699179.102,0x200,8,B7 64 8E 23 F2 47 5A 53,fuel=100.00
1779699179.178,0x300,8,02 96 17 09 CE AE E8 BF,temp=42.00
1779699179.286,0x100,8,00 9A F1 74 B1 8E 24 D5,speed=0.00
1779699179.393,0x200,8,08 64 7E 1A B4 15 14 89,fuel=100.00
1779699179.516,0x300,8,02 34 0C 89 67 C6 B6 EA,temp=42.00
1779699179.664,0x100,8,00 C1 46 FD E9 E8 DF 43,speed=0.00
1779699179.791,0x200,8,18 64 85 B1 1F D5 14 DD,fuel=100.00
1779699180.166,0x300,8,02 D0 5F 14 5D D4 CC CE,temp=42.00
1779699181.579,0x100,8,00 EC C4 80 18 44 8D B2,speed=0.00
1779699181.885,0x200,8,1B 64 73 93 7B 55 C6 1E,fuel=100.00
1779699182.103,0x300,8,02 09 EE 4B 20 3C C6 A8,temp=42.00
1779699182.507,0x100,8,00 E2 3A A0 56 22 42 9C,speed=0.00
1779699182.544,0x200,8,1D 64 14 04 D3 C8 1F D1,fuel=100.00
1779699182.878,0x300,8,02 89 34 A5 C0 EA 1C E1,temp=42.00
1779699183.078,0x100,8,00 36 C4 FE 43 6F A8 0A,speed=0.00
1779699183.509,0x200,8,D0 64 F3 63 3E 25 40 74,fuel=100.00
1779699183.912,0x300,8,02 D9 BF 60 34 76 91 AF,temp=42.00
1779699184.222,0x100,8,00 3A B0 53 58 1B 66 95,speed=0.00
1779699184.278,0x200,8,0A 64 14 9A 68 06 3C 6F,fuel=100.00
1779699184.360,0x300,8,02 51 25 9B 0B 00 76 BD,temp=42.00
1779699184.566,0x100,8,00 BE D1 4B FA 31 2B 95,speed=0.00
1779699184.833,0x200,8,50 64 22 48 49 1F 6B 0B,fuel=100.00
1779699185.527,0x300,8,02 FB CC 74 31 C0 84 96,temp=42.00
1779699185.552,0x100,8,00 F8 45 D4 18 4B 19 84,speed=0.00
1779699185.925,0x200,8,70 64 77 A2 EA 14 69 E3,fuel=100.00
1779699186.051,0x300,8,02 68 57 E3 96 52 CD 7A,temp=42.00
1779699186.134,0x100,8,00 8B 62 55 3D 39 5A 28,speed=0.00
1779699186.261,0x200,8,D5 64 97 26 93 82 EE 92,fuel=100.00
1779699186.328,0x300,8,02 54 18 2A 0B F5 80 41,temp=42.00
1779699186.407,0x100,8,00 CB 9A 2A 89 7E 37 E5,speed=0.00
1779699186.504,0x200,8,E7 64 97 4B B2 77 06 B0,fuel=100.00
1779699186.585,0x300,8,02 DE 4A F5 84 DD 75 05,temp=42.00
1779699186.673,0x100,8,00 D5 08 36 2D EF 59 D8,speed=0.00
1779699186.770,0x200,8,5A 64 DA 2E AC 9C 0F F3,fuel=100.00
1779699186.978,0x300,8,02 A9 AF E2 55 22 C8 A1,temp=42.00
1779699187.054,0x100,8,00 5A BE E3 EE 06 C8 1A,speed=0.00
1779699187.137,0x200,8,E2 64 93 99 8A 34 07 A3,fuel=100.00
1779699187.246,0x300,8,02 48 CB 67 8B 92 7B 10,temp=42.00
1779699187.337,0x100,8,00 D1 7D C8 59 D1 02 22,speed=0.00
1779699187.436,0x200,8,7E 64 94 9E D2 CF 93 CD,fuel=100.00
1779699187.528,0x300,8,02 E0 68 63 B0 34 60 2D,temp=42.00
1779699187.648,0x100,8,00 46 53 A4 C0 D7 11 60,speed=0.00
1779699187.752,0x200,8,1B 64 5A E1 13 EF F6 16,fuel=100.00
1779699187.812,0x300,8,02 79 47 32 2C 4C B3 47,temp=42.00
1779699187.933,0x100,8,00 D3 9D EC 1C DC 08 EB,speed=0.00
1779699188.006,0x200,8,2A 64 13 19 4E 45 1B DE,fuel=100.00
1779699188.104,0x300,8,02 2C F2 27 72 AC 0C 7C,temp=42.00
1779699188.190,0x100,8,00 11 2F CF F2 59 2B 9A,speed=0.00
1779699188.284,0x200,8,AE 64 51 8F 2C 9F E6 C5,fuel=100.00
1779699188.374,0x300,8,02 12 E0 A0 E1 1D 36 E2,temp=42.00
1779699188.519,0x100,8,00 74 C3 F8 34 F3 0E AD,speed=0.00
1779699188.634,0x200,8,D3 64 12 06 15 11 82 8F,fuel=100.00
1779699188.812,0x300,8,02 C8 03 6C 10 43 32 68,temp=42.00
1779699188.924,0x100,8,00 7F F1 78 17 CE 72 2B,speed=0.00
1779699189.303,0x200,8,76 64 99 77 D9 AC 9B B0,fuel=100.00
1779699189.559,0x300,8,02 94 93 C9 49 8A 9B F3,temp=42.00
1779699190.733,0x100,8,00 E0 45 10 98 80 AB A8,speed=0.00
1779699191.303,0x200,8,0E 64 30 7A B8 00 CF 0D,fuel=100.00
1779699191.558,0x300,8,02 A7 C0 A7 4E 6B D5 A0,temp=42.00
1779699191.868,0x100,8,00 BD EC E6 60 17 70 C9,speed=0.00
1779699192.090,0x200,8,06 64 C3 F9 13 51 67 16,fuel=100.00
1779699192.184,0x300,8,02 8B 7B 9E 9B 01 CF 0B,temp=42.00
1779699192.375,0x100,8,00 6E 38 FF 0A 15 5E ED,speed=0.00
1779699192.435,0x200,8,F7 64 7D 49 27 9C 1D 6D,fuel=100.00
1779699192.569,0x300,8,02 AD F3 19 70 DC BD 78,temp=42.00
1779699192.658,0x100,8,00 D1 1F 29 9A C4 D0 F3,speed=0.00
1779699192.892,0x200,8,11 64 E0 35 48 13 25 CE,fuel=100.00
1779699192.977,0x300,8,02 90 AF D1 ED A7 88 41,temp=42.00
1779699193.185,0x100,8,00 55 A1 05 8D BD 68 4A,speed=0.00
1779699193.288,0x200,8,9B 64 7F 29 B1 CF 96 82,fuel=100.00
1779699193.401,0x300,8,02 19 4A A5 6C 41 53 7B,temp=42.00
1779699193.520,0x100,8,00 9C AF D0 B9 95 F1 48,speed=0.00
1779699193.600,0x200,8,9B 64 23 32 CD E1 C4 F3,fuel=100.00
1779699193.694,0x300,8,02 4A A9 9E 74 23 71 58,temp=42.00
1779699193.904,0x100,8,00 F2 C6 D0 FC B9 75 1A,speed=0.00
1779699193.997,0x200,8,E5 64 1A C7 51 43 EE AA,fuel=100.00
1779699194.124,0x300,8,02 3E 6A 7E 44 94 F2 E1,temp=42.00
1779699194.253,0x100,8,00 29 0F DA 70 F9 FC F6,speed=0.00
1779699194.349,0x200,8,C9 64 7E 28 B9 13 D4 84,fuel=100.00
1779699194.519,0x300,8,02 79 3B F7 7D BF E7 CC,temp=42.00
1779699194.644,0x100,8,00 C9 3E 1A 87 29 55 72,speed=0.00
1779699194.733,0x200,8,9E 64 03 47 58 DF 15 18,fuel=100.00
1779699194.818,0x300,8,02 39 A6 F8 6C B3 97 EE,temp=42.00
1779699194.911,0x100,8,00 5C 60 12 FC 30 32 B4,speed=0.00
1779699194.996,0x200,8,0F 64 27 A9 5E 82 4D EA,fuel=100.00
1779699195.117,0x300,8,02 45 AB D9 3E 17 14 DB,temp=42.00
1779699195.309,0x100,8,00 1D 20 5C 4C D2 E0 E3,speed=0.00
1779699195.728,0x200,8,76 64 98 35 E6 2D E0 4C,fuel=100.00
1779699195.776,0x300,8,02 3A BF FE 0C 78 20 44,temp=42.00
1779699195.860,0x100,8,00 ED 6B 91 32 DA 6F C5,speed=0.00
1779699195.973,0x200,8,10 64 6E 51 EF 80 61 D5,fuel=100.00
1779699196.055,0x300,8,02 58 CF 47 B1 FE 76 FB,temp=42.00
1779699196.139,0x100,8,00 F9 CC 43 FD 4A 39 BC,speed=0.00
1779699196.214,0x200,8,B4 64 84 C8 3F 8E B2 48,fuel=100.00
1779699196.314,0x300,8,02 BD 06 59 46 86 42 54,temp=42.00
1779699196.423,0x100,8,00 5B 5A 00 67 14 2B A8,speed=0.00
1779699196.500,0x200,8,C4 64 E7 66 66 89 50 70,fuel=100.00
1779699196.603,0x300,8,02 B1 CA FC 1D 52 62 57,temp=42.00
1779699196.692,0x100,8,00 78 E9 02 4D 50 9B F5,speed=0.00
1779699196.791,0x200,8,8C 64 D8 CB 4F 10 64 17,fuel=100.00
1779699196.880,0x300,8,02 F6 2B 90 89 CB 71 21,temp=42.00
1779699196.986,0x100,8,00 37 20 50 C1 A6 50 DD,speed=0.00
1779699197.062,0x200,8,83 64 4B BD C8 BC 2E 7B,fuel=100.00
1779699197.210,0x300,8,02 F9 40 D2 CE 5B 3A 9B,temp=42.00
1779699197.293,0x100,8,00 08 32 A0 54 34 AB 0E,speed=0.00
1779699197.473,0x200,8,9C 64 9F A5 D0 1D 18 A8,fuel=100.00
1779699197.573,0x300,8,02 71 DE 1E 91 17 A7 51,temp=42.00
1779699197.789,0x100,8,00 81 E4 3F 4C 89 6C C8,speed=0.00
1779699198.294,0x200,8,B0 64 D9 81 DC F9 3B 3D,fuel=100.00
1779699199.509,0x300,8,02 CF 43 05 98 1A 41 BA,temp=42.00
1779699199.694,0x100,8,00 5D 79 3B C5 C8 6A 3D,speed=0.00
1779699199.961,0x200,8,1B 64 31 D8 7F 64 0B DD,fuel=100.00
1779699200.191,0x300,8,02 C7 64 CD FC 2D 56 A5,temp=42.00
1779699200.412,0x100,8,00 4E 34 A0 EA 86 14 1D,speed=0.00
1779699201.371,0x200,8,5C 64 4C 5A F8 04 40 96,fuel=100.00
1779699202.905,0x300,8,02 C7 70 8B C7 C2 C2 07,temp=42.00
1779699203.172,0x100,8,00 47 77 07 2D 0C BE E3,speed=0.00
1779699203.334,0x200,8,BD 64 4B C8 54 D0 E1 90,fuel=100.00
1779699203.571,0x300,8,02 F2 7F 40 7A 48 88 8F,temp=42.00
1779699203.641,0x100,8,00 C8 36 2D D3 DE A0 1C,speed=0.00
1779699203.750,0x200,8,9B 64 C8 37 6A 3A 7C DB,fuel=100.00
1779699203.809,0x300,8,02 37 E6 51 9F 2E 2F F6,temp=42.00
1779699203.901,0x100,8,00 3D DA 05 DF DD 39 3E,speed=0.00
1779699203.991,0x200,8,57 64 86 3A 79 5F F7 8C,fuel=100.00
1779699204.075,0x300,8,02 6D B2 0A A8 35 19 F9,temp=42.00
1779699204.190,0x100,8,00 0A 1D 79 F1 3E 6C BB,speed=0.00
1779699204.268,0x200,8,F6 64 36 F9 FB 6B EF 83,fuel=100.00
1779699204.381,0x300,8,02 C8 28 74 C9 53 11 F7,temp=42.00
1779699204.529,0x100,8,00 9F 72 0B 3C 00 04 C3,speed=0.00
1779699204.572,0x200,8,48 64 15 21 37 F8 87 B0,fuel=100.00
1779699204.666,0x300,8,02 E8 68 4D B4 EE 3D 7C,temp=42.00
1779699204.742,0x100,8,00 83 DB CC B7 B5 A0 63,speed=0.00
1779699204.858,0x200,8,51 64 77 07 A3 DF 9A 86,fuel=100.00
1779699204.928,0x300,8,02 CC 36 A8 BD 6D F3 22,temp=42.00
1779699205.052,0x100,8,00 D9 0B C0 8A 2A 26 58,speed=0.00
1779699205.144,0x200,8,14 64 4D 35 F2 EA 90 C1,fuel=100.00
1779699205.249,0x300,8,02 6A 98 17 49 76 E0 21,temp=42.00
1779699205.335,0x100,8,00 CB E1 FC 1A A8 B9 24,speed=0.00
1779699205.436,0x200,8,97 64 5C B5 70 DA D2 0D,fuel=100.00
1779699205.572,0x300,8,02 52 98 19 04 E9 9F F5,temp=42.00
1779699205.596,0x100,8,00 90 54 52 88 3A 5D FB,speed=0.00
1779699205.729,0x200,8,5A 64 77 6C A9 0F 5A 24,fuel=100.00
1779699205.782,0x300,8,02 29 F2 DA A6 37 F1 6A,temp=42.00
1779699205.922,0x100,8,00 37 8E 45 25 EF 21 8B,speed=0.00
1779699206.004,0x200,8,F3 64 E8 6B B3 12 0A 3C,fuel=100.00
1779699206.081,0x300,8,02 7B C7 12 4B 0A CF EA,temp=42.00
1779699206.191,0x100,8,00 9B 35 70 E6 D3 28 FC,speed=0.00
1779699206.270,0x200,8,97 64 C4 B3 4B 67 13 6F,fuel=100.00
1779699206.358,0x300,8,02 38 27 B3 AD FC C2 9C,temp=42.00
1779699206.467,0x100,8,00 03 DE 8A B5 9B 54 8E,speed=0.00
1779699206.560,0x200,8,59 64 57 51 D8 62 7E E7,fuel=100.00
1779699206.675,0x300,8,02 7B E9 1B 75 C4 28 D1,temp=42.00
1779699206.801,0x100,8,00 CD B3 0F 18 78 FC 84,speed=0.00
1779699206.845,0x200,8,6B 64 62 D5 2B 5B 0D 33,fuel=100.00
1779699206.941,0x300,8,02 A8 6E 8D 81 94 17 F9,temp=42.00
1779699207.051,0x100,8,00 6B B1 2C 2A E6 2F DB,speed=0.00
1779699207.108,0x200,8,B2 64 64 02 47 36 A7 E3,fuel=100.00
1779699207.205,0x300,8,02 40 8B 28 9B 49 90 74,temp=42.00
1779699207.325,0x100,8,00 60 5D 71 00 54 AF A9,speed=0.00
1779699207.457,0x200,8,1F 64 0D C4 56 B7 8A 04,fuel=100.00
1779699207.540,0x300,8,02 A6 CC F1 F6 C2 CC 8A,temp=42.00
1779699207.623,0x100,8,00 0E BB 28 AF 11 D6 F7,speed=0.00
1779699207.695,0x200,8,A1 64 C4 8E B3 05 65 1C,fuel=100.00
1779699207.812,0x300,8,02 22 3D 83 5D 15 DD 88,temp=42.00
1779699207.926,0x100,8,00 F1 72 27 D6 16 D2 37,speed=0.00
1779699207.980,0x200,8,F4 64 DC C4 DD 3B E6 59,fuel=100.00
1779699208.066,0x300,8,02 A5 15 8A 2A 48 D0 D4,temp=42.00
1779699208.189,0x100,8,00 4C C5 E4 85 A2 8E 8F,speed=0.00
1779699208.287,0x200,8,24 64 72 E3 6B A0 2E FD,fuel=100.00
1779699208.345,0x300,8,02 02 C3 6A DF 06 A4 A4,temp=42.00
1779699208.465,0x100,8,00 D0 9E B5 FD B6 ED 51,speed=0.00
1779699208.552,0x200,8,04 64 B3 3F 99 DE 65 FB,fuel=100.00
1779699208.610,0x300,8,02 82 F2 DF 7F 63 C2 F3,temp=42.00
1779699208.753,0x100,8,00 BB AC D3 4E 50 FE AD,speed=0.00
1779699208.808,0x200,8,9F 64 40 C6 D3 C5 77 3D,fuel=100.00
1779699208.915,0x300,8,02 4F 75 65 0E EA B0 88,temp=42.00
1779699209.000,0x100,8,00 57 62 DF 67 E1 D4 95,speed=0.00
1779699209.238,0x200,8,3D 64 32 7E 56 83 33 80,fuel=100.00
1779699209.432,0x300,8,02 DE 78 DB 03 7B D5 2D,temp=42.00
1779699209.485,0x100,8,00 BC 53 71 5B FE 20 36,speed=0.00
1779699209.667,0x200,8,31 64 41 0D 70 08 53 C0,fuel=100.00
1779699209.764,0x300,8,02 94 1E 15 9D DD 38 C0,temp=42.00
1779699209.851,0x100,8,00 1D AC 3D CF CB A5 AF,speed=0.00
1779699209.948,0x200,8,DB 64 8F A2 EC 67 11 A5,fuel=100.00
1779699210.055,0x300,8,02 1D 8B 61 3D 8F 31 5D,temp=42.00
1779699210.115,0x100,8,00 09 CF 9E 23 4C 8C B1,speed=0.00
1779699210.211,0x200,8,C8 64 A7 6E 98 4A 96 CC,fuel=100.00
1779699210.304,0x300,8,02 64 4A D1 B9 79 B8 C4,temp=42.00
1779699210.572,0x100,8,00 55 02 53 A1 2B 54 C1,speed=0.00
1779699210.871,0x200,8,64 64 06 6D 3A 1C B1 65,fuel=100.00
1779699210.991,0x300,8,02 90 53 57 83 1C F7 7E,temp=42.00
1779699211.050,0x100,8,00 D5 43 95 82 52 42 16,speed=0.00
1779699211.181,0x200,8,AD 64 EF 1C F8 BA 47 91,fuel=100.00
1779699211.303,0x300,8,02 87 24 2A 23 2E C4 2F,temp=42.00
1779699211.339,0x100,8,00 BD 0D 6A 32 7B 50 6C,speed=0.00
1779699211.439,0x200,8,36 64 97 E0 53 6A C5 27,fuel=100.00
1779699211.567,0x300,8,02 7B 92 D4 C4 1D 22 0C,temp=42.00
1779699211.637,0x100,8,00 A3 E6 40 24 DF 9D 76,speed=0.00
1779699211.707,0x200,8,23 64 AA 75 48 8A 6B A3,fuel=100.00
1779699211.802,0x300,8,02 95 87 18 59 26 B7 1F,temp=42.00
1779699211.925,0x100,8,00 E9 47 E2 AD EF EB DA,speed=0.00
1779699212.001,0x200,8,91 64 44 C1 9E A7 8B 9B,fuel=100.00
1779699212.094,0x300,8,02 00 61 5F BA 53 C9 85,temp=42.00
1779699212.194,0x100,8,00 E1 F9 2C 95 F3 82 9C,speed=0.00
1779699212.285,0x200,8,AA 64 D6 55 E9 2E 85 92,fuel=100.00
1779699212.434,0x300,8,02 F9 BF 17 E4 DD 6E 8F,temp=42.00
1779699213.108,0x100,8,00 CC 8F 1B 18 46 64 31,speed=0.00
1779699213.205,0x200,8,5C 64 2C B3 32 9E 71 A8,fuel=100.00
1779699213.297,0x300,8,02 F3 B9 C5 ED 0A 03 DB,temp=42.00
1779699213.395,0x100,8,00 5F 9B 44 0C 41 13 94,speed=0.00
1779699213.754,0x200,8,27 64 27 F3 A5 99 1D DA,fuel=100.00
1779699213.927,0x300,8,02 33 91 D3 CC B4 8D 96,temp=42.00
1779699214.318,0x100,8,00 90 1A 4F 9D 0D E2 14,speed=0.00
1779699214.524,0x200,8,7F 64 24 7F E9 42 7D 80,fuel=100.00
1779699214.612,0x300,8,02 98 F8 A8 E6 BE E5 79,temp=42.00
1779699214.723,0x100,8,00 50 24 EA 32 0E 61 07,speed=0.00
1779699214.879,0x200,8,91 64 07 24 81 14 BC 53,fuel=100.00
1779699214.944,0x300,8,02 2D FA ED AC A0 2A C4,temp=42.00
1779699214.992,0x100,8,00 1B 26 C9 96 D1 ED B5,speed=0.00
1779699215.089,0x200,8,40 64 8A 58 87 66 01 64,fuel=100.00
1779699215.258,0x300,8,02 AC 4A 33 20 A0 99 9A,temp=42.00
1779699215.287,0x100,8,00 2C 97 F7 87 29 F9 72,speed=0.00
1779699215.357,0x200,8,F8 64 78 B7 0F C5 00 DC,fuel=100.00
1779699215.766,0x300,8,02 12 7B 1D 87 B3 1E 4E,temp=42.00
1779699215.857,0x100,8,00 A8 2E A7 D6 77 F7 EA,speed=0.00
1779699215.969,0x200,8,D7 64 B4 1D 0B 6D B4 17,fuel=100.00
1779699216.061,0x300,8,02 8D 22 44 45 D8 1C 96,temp=42.00
1779699216.155,0x100,8,00 5D DB FA 70 CA 7D F2,speed=0.00
1779699216.258,0x200,8,A0 64 2D 7A BA EE F4 FB,fuel=100.00
1779699216.355,0x300,8,02 13 28 13 EE 69 CA A8,temp=42.00
1779699216.460,0x100,8,00 F6 F3 8F 97 2C EA 6C,speed=0.00
1779699216.623,0x200,8,79 64 2B 43 C5 04 4D A0,fuel=100.00
1779699216.723,0x300,8,02 74 D6 73 D7 F6 92 16,temp=42.00
1779699216.788,0x100,8,00 26 66 4B 2B EC 3C D7,speed=0.00
1779699216.918,0x200,8,92 64 40 78 59 0B 4C F9,fuel=100.00
1779699217.074,0x300,8,02 76 33 3B 0E 19 B2 25,temp=42.00
1779699217.300,0x100,8,00 A2 DF A8 0A AA 20 1D,speed=0.00
1779699217.568,0x200,8,F7 64 D5 DB B2 22 38 EC,fuel=100.00
1779699218.045,0x300,8,02 6A BB 68 3B 65 83 CD,temp=42.00
1779699218.389,0x100,8,00 5F 09 33 65 27 1F 84,speed=0.00
1779699218.654,0x200,8,C0 64 14 B8 2A AC C0 18,fuel=100.00
1779699218.883,0x300,8,02 C4 A6 23 07 89 80 23,temp=42.00
1779699219.272,0x100,8,00 67 25 B0 0E F8 6D 26,speed=0.00
1779699219.457,0x200,8,63 64 6E A8 E9 20 05 37,fuel=100.00
1779699220.007,0x300,8,02 C1 C6 40 AA 48 3C 08,temp=42.00
1779699220.452,0x100,8,00 9A 80 39 3B 8D 45 5B,speed=0.00
1779699222.240,0x200,8,B6 64 E8 CB A9 DA 62 7E,fuel=100.00
1779699223.041,0x300,8,02 D3 4F D4 01 B9 DF 0B,temp=42.00
1779699223.954,0x100,8,00 9A 5F 2F 3D 76 20 0B,speed=0.00
1779699224.162,0x200,8,E8 64 2E 25 DC F7 F0 05,fuel=100.00
1779699224.854,0x300,8,02 B2 BA BE 37 BE 82 C1,temp=42.00
1779699225.140,0x100,8,00 EF A7 35 EB 06 C3 5C,speed=0.00
1779699225.357,0x200,8,52 64 61 60 9B BA 05 DC,fuel=100.00
1779699225.657,0x300,8,02 A7 E2 28 7E C6 5D 42,temp=42.00
1779699226.010,0x100,8,00 22 50 02 0A EE 01 8F,speed=0.00
1779699226.124,0x200,8,90 64 83 26 4B A7 27 B5,fuel=100.00
1779699226.674,0x300,8,02 21 E3 A4 55 21 C1 D4,temp=42.00
1779699227.210,0x100,8,00 70 F5 17 E0 96 DB F8,speed=0.00
1779699228.173,0x200,8,AD 64 5F 3F 4C DE C7 E4,fuel=100.00
1779699228.592,0x300,8,02 2D A7 CA 7F 98 1E 26,temp=42.00
1779699228.715,0x100,8,00 AB 8D C5 05 67 FA 0D,speed=0.00
1779699228.895,0x200,8,8B 64 21 A0 4A 25 70 AB,fuel=100.00
1779699228.968,0x300,8,02 75 D5 FE 2C 68 47 C4,temp=42.00
1779699229.083,0x100,8,00 C5 49 77 C2 BC 3B 5B,speed=0.00
1779699229.160,0x200,8,B5 64 9E 47 94 80 80 61,fuel=100.00
1779699229.290,0x300,8,02 50 68 E2 6E 9E 30 5C,temp=42.00
1779699229.341,0x100,8,00 9D 9C 7D A6 22 01 43,speed=0.00
1779699229.443,0x200,8,F0 64 40 89 74 E6 56 D6,fuel=100.00
1779699229.535,0x300,8,02 83 38 53 53 B0 B4 19,temp=42.00
1779699229.674,0x100,8,00 5E 61 17 B2 BE A9 58,speed=0.00
1779699229.739,0x200,8,CD 64 5C 33 AF A9 79 F3,fuel=100.00
1779699229.826,0x300,8,02 95 F5 40 9F 82 E7 E9,temp=42.00
1779699229.906,0x100,8,00 0A E5 5E CD F1 E5 C6,speed=0.00
1779699230.019,0x200,8,EF 64 D4 A1 A1 59 F9 25,fuel=100.00
1779699230.095,0x300,8,02 C1 BB E3 D3 CD F6 F7,temp=42.00
1779699230.287,0x100,8,00 1C 95 13 B1 25 BE 63,speed=0.00
1779699230.375,0x200,8,66 64 6C 54 5A E3 B4 F5,fuel=100.00
1779699230.474,0x300,8,02 6D 54 78 2A C9 31 F9,temp=42.00
1779699230.572,0x100,8,00 52 8F 1D 04 28 C9 CB,speed=0.00
1779699230.685,0x200,8,03 64 55 99 8A C3 4F 2A,fuel=100.00
1779699230.801,0x300,8,02 4A 8C ED 1D 89 FA 83,temp=42.00
1779699230.853,0x100,8,00 7C DF 98 57 68 C9 51,speed=0.00
1779699231.039,0x200,8,2C 64 CF F1 32 9A D2 F4,fuel=100.00
1779699231.135,0x300,8,02 8E 1C F2 CA 4E 49 16,temp=42.00
1779699231.219,0x100,8,00 00 9D 9B BA 6F 39 C6,speed=0.00
1779699231.334,0x200,8,B6 64 4E E7 C2 93 F2 56,fuel=100.00
1779699231.429,0x300,8,02 C5 CF D2 60 58 3E D6,temp=42.00
1779699231.538,0x100,8,00 A2 C3 FB A9 C8 64 8E,speed=0.00
1779699231.598,0x200,8,E2 64 C3 FD BF 68 78 B9,fuel=100.00
1779699231.685,0x300,8,02 8A 6B 40 AF 04 1C 4E,temp=42.00
1779699231.845,0x100,8,00 CA FB 9D BC 63 E2 A1,speed=0.00
1779699231.896,0x200,8,93 64 BF E9 F7 FE F5 E7,fuel=100.00
1779699231.966,0x300,8,02 90 9E B0 4C A0 DD 93,temp=42.00
1779699232.137,0x100,8,00 79 46 0E 7A 4A 70 E1,speed=0.00
1779699232.195,0x200,8,0F 64 47 3E 62 F7 97 82,fuel=100.00
1779699232.319,0x300,8,02 C1 E9 7A 49 D5 4A CD,temp=42.00
1779699232.382,0x100,8,00 2F 00 5F E3 8A 34 DF,speed=0.00
1779699232.465,0x200,8,41 64 04 6C 4E FC 85 C9,fuel=100.00
1779699232.553,0x300,8,02 54 DD 56 BC 72 FF F9,temp=42.00
1779699232.646,0x100,8,00 15 B7 36 DA F4 1A 4A,speed=0.00
1779699232.727,0x200,8,76 64 BA 73 BB 7A 02 AE,fuel=100.00
1779699232.829,0x300,8,02 EA 17 28 36 0F 02 94,temp=42.00
1779699232.903,0x100,8,00 3B 1F 8B 22 D3 BE 89,speed=0.00
1779699232.992,0x200,8,11 64 7F BE 10 41 86 EF,fuel=100.00
1779699233.106,0x300,8,02 41 F6 27 F2 AD 60 4C,temp=42.00
1779699233.192,0x100,8,00 67 9D C9 A2 5E B5 CD,speed=0.00
1779699233.294,0x200,8,83 64 7E 5E BC 7E E2 66,fuel=100.00
1779699233.380,0x300,8,02 C5 DA D1 10 3B F7 D3,temp=42.00
1779699233.502,0x100,8,00 75 9D 23 D8 9A D5 69,speed=0.00
1779699233.571,0x200,8,37 64 54 27 B4 EA 81 B6,fuel=100.00
1779699233.685,0x300,8,02 76 08 AD 29 92 EF E4,temp=42.00
1779699233.768,0x100,8,00 6E F9 FE D4 48 32 7E,speed=0.00
1779699233.878,0x200,8,E7 64 46 F2 75 AF 33 69,fuel=100.00
1779699233.966,0x300,8,02 E7 71 40 9C 76 5B 68,temp=42.00
1779699234.056,0x100,8,00 A9 59 9E 65 91 C3 E5,speed=0.00
1779699234.153,0x200,8,4E 64 44 45 8C 9A 38 5B,fuel=100.00
1779699234.220,0x300,8,02 28 1B 73 00 2A 27 E6,temp=42.00
1779699234.356,0x100,8,00 8C 1E BC EF A8 5C 2C,speed=0.00
1779699234.414,0x200,8,A7 64 BB A1 4B 5D D9 39,fuel=100.00
1779699234.569,0x300,8,02 66 8F 99 E6 28 F6 B8,temp=42.00
1779699234.645,0x100,8,00 8B 1B CE 54 C8 08 4F,speed=0.00
1779699234.716,0x200,8,5F 64 1E FD AF A2 52 AD,fuel=100.00
1779699234.871,0x300,8,02 AD 9C 4B AC 7A 91 8F,temp=42.00
1779699235.053,0x100,8,00 7B CB C4 0B 09 E2 E4,speed=0.00
1779699235.187,0x200,8,F3 64 A7 09 9D 3D 0C 69,fuel=100.00
1779699235.373,0x300,8,02 50 02 D9 33 1A 70 A3,temp=42.00
1779699235.490,0x100,8,00 3D 7D 8F 43 51 41 06,speed=0.00
1779699235.592,0x200,8,25 64 61 C7 8A 30 E5 9E,fuel=100.00
1779699235.652,0x300,8,02 03 D8 0B 7C 62 FC 43,temp=42.00
1779699235.765,0x100,8,00 92 CB 74 F8 51 87 D4,speed=0.00
1779699235.903,0x200,8,5D 64 FF 5F 3B C9 00 2F,fuel=100.00
1779699236.026,0x300,8,02 E2 C7 63 8F E3 0E 2A,temp=42.00
1779699236.145,0x100,8,00 B9 83 72 A3 6E 3C A2,speed=0.00
1779699236.264,0x200,8,29 64 9A 80 41 56 11 83,fuel=100.00
1779699236.312,0x300,8,02 B1 AE 74 8F 14 26 22,temp=42.00
1779699236.450,0x100,8,00 E1 56 E2 69 A7 DD 99,speed=0.00
1779699236.521,0x200,8,8E 64 DF AE 15 87 41 7A,fuel=100.00
1779699236.641,0x300,8,02 BE 15 DD BC E6 3A 4C,temp=42.00
1779699236.759,0x100,8,00 22 A2 BE E3 B2 4B 40,speed=0.00
1779699236.874,0x200,8,3B 64 45 4F B1 5C 6E 87,fuel=100.00
1779699236.999,0x300,8,02 F9 BA DD 92 E0 F5 22,temp=42.00
1779699237.093,0x100,8,00 27 C3 70 C1 DF BB C3,speed=0.00
1779699237.272,0x200,8,F4 64 51 22 89 90 E4 97,fuel=100.00
1779699237.445,0x300,8,02 A7 08 62 DB 0C 9B A8,temp=42.00
1779699237.589,0x100,8,00 14 6E 36 55 A7 FD BB,speed=0.00
1779699237.690,0x200,8,4F 64 1C 57 DE FD 57 AE,fuel=100.00
1779699237.821,0x300,8,02 68 D1 4E 24 F8 41 44,temp=42.00
1779699237.930,0x100,8,00 F2 B6 1C 30 5A 4B F6,speed=0.00
1779699237.995,0x200,8,6E 64 6A 67 B4 68 C8 F1,fuel=100.00
1779699238.095,0x300,8,02 E8 11 96 92 DB 8F 48,temp=42.00
1779699238.158,0x100,8,00 E4 63 7C DB 87 6F B7,speed=0.00
1779699238.295,0x200,8,18 64 F7 52 E3 74 0E 80,fuel=100.00
1779699238.353,0x300,8,02 76 BF AD 9D 71 59 93,temp=42.00
1779699238.456,0x100,8,00 0F E4 27 A4 61 DC D4,speed=0.00
1779699238.535,0x200,8,B8 64 DF 15 03 49 31 21,fuel=100.00
1779699238.725,0x300,8,02 74 E7 DD 82 4C 49 6D,temp=42.00
1779699238.870,0x100,8,00 28 8A C0 BA B5 24 91,speed=0.00
1779699238.944,0x200,8,4C 64 88 4A BA C4 69 43,fuel=100.00
1779699239.061,0x300,8,02 23 56 29 DC E1 5E 2D,temp=42.00
1779699239.141,0x100,8,00 02 52 E0 11 5E 85 AD,speed=0.00
1779699239.274,0x200,8,97 64 CD CC BF 87 42 11,fuel=100.00
1779699239.326,0x300,8,02 A8 F7 D7 C1 31 61 00,temp=42.00
1779699239.458,0x100,8,00 57 C9 26 D4 8B 03 9B,speed=0.00
1779699239.582,0x200,8,63 64 3D B5 EE F4 97 D4,fuel=100.00
1779699239.723,0x300,8,02 49 1F A7 9B 19 05 E7,temp=42.00
1779699239.883,0x100,8,00 7C 01 DA D2 2D 39 EA,speed=0.00
1779699239.992,0x200,8,95 64 57 BF DD F3 AD BE,fuel=100.00
1779699240.109,0x300,8,02 A0 D2 4A BE AD 99 01,temp=42.00
1779699240.234,0x100,8,00 FF FA 45 A0 DB 32 AB,speed=0.00
1779699240.351,0x200,8,DF 64 83 BD 90 1C 12 83,fuel=100.00
1779699240.445,0x300,8,02 AB 0D B8 09 C8 38 9A,temp=42.00
1779699240.526,0x100,8,00 2D DF 67 DC 01 66 D2,speed=0.00
1779699240.612,0x200,8,96 64 CA AD 2A 94 64 CE,fuel=100.00
1779699240.699,0x300,8,02 65 70 08 37 3A FF 1E,temp=42.00
1779699240.862,0x100,8,00 CB 5F 48 D1 52 DE 44,speed=0.00
1779699241.019,0x200,8,51 64 C5 8E D9 B2 3E BA,fuel=100.00
1779699241.095,0x300,8,02 82 F9 4C 80 F1 78 80,temp=42.00
1779699241.189,0x100,8,00 E5 F1 35 9E 2D F0 95,speed=0.00
1779699241.292,0x200,8,04 64 C0 A0 D9 5A BF 97,fuel=100.00
1779699241.362,0x300,8,02 C9 21 75 3C 23 96 7A,temp=42.00
1779699241.468,0x100,8,00 55 A9 14 4E 5F 10 DD,speed=0.00
1779699241.578,0x200,8,BB 64 60 25 4F 6C 41 D5,fuel=100.00
1779699241.695,0x300,8,02 45 3F 94 91 EC 81 7B,temp=42.00
1779699241.771,0x100,8,00 90 16 1E 7A 90 6A 0E,speed=0.00
1779699241.844,0x200,8,C1 64 98 02 87 87 3D 05,fuel=100.00
1779699241.953,0x300,8,02 CB BC A2 6A D2 39 DB,temp=42.00
1779699242.020,0x100,8,00 0B 11 C8 6F 4A E4 89,speed=0.00
1779699242.141,0x200,8,EB 64 21 7B CA B7 D6 61,fuel=100.00
1779699242.249,0x300,8,02 DA 73 54 EB 5C 1D 3F,temp=42.00
1779699242.308,0x100,8,00 04 D8 14 98 F1 F0 D0,speed=0.00
1779699242.405,0x200,8,91 64 D8 B7 3F C5 E5 DF,fuel=100.00
1779699242.476,0x300,8,02 62 18 B8 19 C8 E3 D6,temp=42.00
1779699242.591,0x100,8,00 FB 3F ED 31 38 C7 30,speed=0.00
1779699242.700,0x200,8,85 64 0C 56 86 AE 7B A2,fuel=100.00
1779699242.791,0x300,8,02 5F D6 C7 8E 55 42 11,temp=42.00
1779699242.856,0x100,8,00 0B 1C 15 40 6D CF 48,speed=0.00
1779699242.946,0x200,8,52 64 9B 28 8E 48 25 29,fuel=100.00
1779699243.077,0x300,8,02 41 88 1C 8B F2 DB 87,temp=42.00
1779699243.158,0x100,8,00 5E 04 72 46 CC 0D E2,speed=0.00
1779699243.242,0x200,8,A8 64 E7 8E 16 87 52 5E,fuel=100.00
1779699243.318,0x300,8,02 5F 60 BF 64 BE BE 9C,temp=42.00
1779699243.408,0x100,8,00 4F 9E 1B 0B 9B DC 80,speed=0.00
1779699243.528,0x200,8,FC 64 8C FE 0E B8 CA 91,fuel=100.00
1779699243.623,0x300,8,02 FE 00 DD 81 A7 D9 BC,temp=42.00
1779699243.697,0x100,8,00 11 93 86 36 78 CE 5E,speed=0.00
1779699243.811,0x200,8,0F 64 67 13 54 2B B8 D9,fuel=100.00
1779699243.871,0x300,8,02 B6 39 A2 5E 2C F3 70,temp=42.00
1779699243.978,0x100,8,00 07 62 36 A0 EF 97 D3,speed=0.00
1779699244.097,0x200,8,06 64 99 FF D7 02 9C 69,fuel=100.00
1779699244.172,0x300,8,02 55 3F 7B AC 02 E8 22,temp=42.00
1779699244.311,0x100,8,00 DB FF 91 81 5A 95 6A,speed=0.00
1779699244.384,0x200,8,28 64 DA 2D 92 05 DF D7,fuel=100.00
1779699244.483,0x300,8,02 52 4A 35 8E 12 CC CF,temp=42.00
1779699244.567,0x100,8,00 AD 86 3B BE ED F9 76,speed=0.00
1779699244.628,0x200,8,81 64 8D 2E 7E A4 4C 38,fuel=100.00
1779699244.737,0x300,8,02 DC 9F F2 C3 B4 1C 5C,temp=42.00
1779699244.823,0x100,8,00 D1 93 AE 84 8F 17 C2,speed=0.00
1779699244.928,0x200,8,02 64 4F 87 5B 80 A5 30,fuel=100.00
1779699245.031,0x300,8,02 97 2F AF 50 2F 52 A0,temp=42.00
1779699245.099,0x100,8,00 F7 62 15 11 CD 33 43,speed=0.00
1779699245.252,0x200,8,AE 64 91 DE 04 A9 FF 62,fuel=100.00
1779699245.312,0x300,8,02 53 A5 90 CF 9B 90 06,temp=42.00
1779699245.424,0x100,8,00 D2 70 F5 0B 25 CB 6F,speed=0.00
1779699245.472,0x200,8,26 64 D1 5A 85 05 A4 48,fuel=100.00
1779699245.576,0x300,8,02 41 50 A8 35 9F 25 96,temp=42.00
1779699245.686,0x100,8,00 B4 75 9E C4 9B E4 3A,speed=0.00
1779699245.757,0x200,8,56 64 A4 84 42 3F A9 AD,fuel=100.00
1779699245.847,0x300,8,02 56 99 94 73 E7 A7 79,temp=42.00
1779699245.987,0x100,8,00 F1 33 19 3F 7A B5 D5,speed=0.00
1779699246.059,0x200,8,11 64 31 C3 9C CD 25 2F,fuel=100.00
1779699246.151,0x300,8,02 B4 CD D4 A2 AC ED FD,temp=42.00
1779699246.281,0x100,8,00 C4 88 6A A9 2B D1 22,speed=0.00
1779699246.327,0x200,8,8A 64 30 A5 F1 59 5D CF,fuel=100.00
1779699246.455,0x300,8,02 7B A4 77 FA CE BE 87,temp=42.00
1779699246.525,0x100,8,00 57 87 E7 24 36 5F 3F,speed=0.00
1779699246.645,0x200,8,C6 64 20 7E 55 19 80 09,fuel=100.00
1779699246.737,0x300,8,02 39 00 81 3F 55 A2 E6,temp=42.00
1779699246.902,0x100,8,00 5A D8 4F 04 C3 9D BE,speed=0.00
1779699246.994,0x200,8,7E 64 1A D9 84 6F 0D 5F,fuel=100.00
1779699247.080,0x300,8,02 66 48 3C 74 BD 00 94,temp=42.00
1779699247.185,0x100,8,00 DB 8A 7C 3C 41 5E 10,speed=0.00
1779699247.275,0x200,8,66 64 96 4C 6A CB DA CE,fuel=100.00
1779699247.398,0x300,8,02 7A FD AB 2C DB E7 C3,temp=42.00
1779699247.505,0x100,8,00 1D 25 FB B4 91 84 6B,speed=0.00
1779699247.559,0x200,8,67 64 4C C5 CA F4 29 21,fuel=100.00
1779699247.654,0x300,8,02 1A 4F D7 78 B7 3E 4A,temp=42.00
1779699247.756,0x100,8,00 01 3C F6 E0 FF 87 AC,speed=0.00
1779699247.854,0x200,8,96 64 4B 88 24 C0 D5 88,fuel=100.00
1779699247.910,0x300,8,02 A6 AB D1 91 0E A9 D1,temp=42.00
1779699248.017,0x100,8,00 6E 95 0D A2 E7 4B 04,speed=0.00
1779699248.094,0x200,8,42 64 D5 03 8F 6D 56 C9,fuel=100.00
1779699248.223,0x300,8,02 D3 62 69 36 13 FC 3B,temp=42.00
1779699248.303,0x100,8,00 F7 80 2A 5A 57 7A 27,speed=0.00
1779699248.388,0x200,8,96 64 30 E4 21 5A D0 8D,fuel=100.00
1779699248.485,0x300,8,02 38 6B BF 82 42 E8 9F,temp=42.00
1779699248.593,0x100,8,00 81 36 5A EF E9 94 E8,speed=0.00
1779699248.688,0x200,8,09 64 0F 2F 67 B4 7C 91,fuel=100.00
1779699248.778,0x300,8,02 0F 7A 93 9A 48 11 F3,temp=42.00
1779699248.846,0x100,8,00 8F 2D 6F A8 5A A7 2B,speed=0.00
1779699249.023,0x200,8,6D 64 3C 26 EB 1F CE 69,fuel=100.00
1779699249.104,0x300,8,02 0A A3 20 17 AC B2 A0,temp=42.00
1779699249.263,0x100,8,00 CA 5E 6E E9 76 FA 0E,speed=0.00
1779699249.376,0x200,8,9F 64 B6 D9 CC 19 EB A9,fuel=100.00
1779699249.424,0x300,8,02 A4 39 65 A6 5E BB A1,temp=42.00
1779699249.506,0x100,8,00 B8 D8 30 25 3A 49 90,speed=0.00
1779699249.622,0x200,8,5C 64 17 B7 08 7A 4A 2B,fuel=100.00
1779699249.692,0x300,8,02 42 10 6D CF DD 79 85,temp=42.00
1779699249.800,0x100,8,00 CA 58 FB 40 B3 2F A5,speed=0.00
1779699249.905,0x200,8,B3 64 29 97 28 C0 DF 2A,fuel=100.00
1779699249.985,0x300,8,02 F0 D5 C5 1A A0 03 63,temp=42.00
1779699250.091,0x100,8,00 EC 9F 06 E0 13 36 A6,speed=0.00
1779699250.150,0x200,8,C5 64 EF 5E 18 D0 63 B4,fuel=100.00
1779699250.283,0x300,8,02 4A 81 7B A2 06 5E AA,temp=42.00
1779699250.346,0x100,8,00 56 C8 BC A7 9B F3 DD,speed=0.00
1779699250.472,0x200,8,B4 64 69 4D 57 F3 04 8D,fuel=100.00
1779699250.572,0x300,8,02 D8 11 11 CC 43 8D F5,temp=42.00
1779699250.652,0x100,8,00 F2 11 77 37 0C 32 FA,speed=0.00
1779699250.751,0x200,8,13 64 50 89 57 43 95 73,fuel=100.00
1779699250.863,0x300,8,02 39 54 83 73 22 AC 77,temp=42.00
1779699250.941,0x100,8,00 DC A1 5E 86 2F B1 04,speed=0.00
1779699251.012,0x200,8,35 64 A2 91 F3 5D 4A F8,fuel=100.00
1779699251.137,0x300,8,02 1D 96 74 52 20 15 07,temp=42.00
1779699251.243,0x100,8,00 B6 C9 2E FE E6 76 85,speed=0.00
1779699251.305,0x200,8,A6 64 B2 B5 DA FC 93 49,fuel=100.00
1779699251.391,0x300,8,02 32 37 DB 12 50 AE 89,temp=42.00
1779699251.523,0x100,8,00 CF 2A 47 22 2C AA 6E,speed=0.00
1779699251.592,0x200,8,AB 64 2E 5D CC 3E B2 A0,fuel=100.00
1779699251.679,0x300,8,02 04 F8 84 3B 11 66 AA,temp=42.00
1779699251.786,0x100,8,00 B8 BB D4 52 59 F3 A3,speed=0.00
1779699251.855,0x200,8,8B 64 7C 15 DE 0F 4D 10,fuel=100.00
1779699251.938,0x300,8,02 15 EF A9 ED D1 BF 8E,temp=42.00
1779699252.069,0x100,8,00 D9 9E B1 BC 82 FC A6,speed=0.00
1779699252.329,0x200,8,99 64 35 3D 54 4A 65 C4,fuel=100.00
1779699252.433,0x300,8,02 41 09 57 12 FF B3 33,temp=42.00
1779699252.518,0x100,8,00 AE CF 89 91 29 59 91,speed=0.00
1779699252.597,0x200,8,72 64 14 C2 24 FC EF CC,fuel=100.00
1779699252.699,0x300,8,02 33 8E 3F C0 13 75 DB,temp=42.00
1779699252.825,0x100,8,00 76 02 0F 9F 16 16 65,speed=0.00
1779699252.906,0x200,8,6F 64 1A 28 79 E1 88 A7,fuel=100.00
1779699252.996,0x300,8,02 55 BC 1B 24 E1 20 8E,temp=42.00
1779699253.072,0x100,8,00 D2 BC AE 74 50 9B AD,speed=0.00
1779699253.176,0x200,8,85 64 98 20 2E CA 53 C6,fuel=100.00
1779699253.246,0x300,8,02 5D A6 F6 19 5A FD B6,temp=42.00
1779699253.376,0x100,8,00 34 BD A8 89 35 C6 88,speed=0.00
1779699253.446,0x200,8,33 64 AA 6A 46 F0 55 50,fuel=100.00
1779699253.561,0x300,8,02 90 4A DA FB F6 D9 4F,temp=42.00
1779699253.640,0x100,8,00 83 74 49 F3 C5 45 3F,speed=0.00
1779699253.726,0x200,8,14 64 9A 04 D4 9F F7 A9,fuel=100.00
1779699253.828,0x300,8,02 76 36 E6 6C 93 E1 D7,temp=42.00
1779699253.908,0x100,8,00 65 95 9E F7 E5 3E FA,speed=0.00
1779699254.055,0x200,8,45 64 BD B8 4F 46 C5 E8,fuel=100.00
1779699254.110,0x300,8,02 AF 9D 47 B6 E9 59 30,temp=42.00
1779699254.194,0x100,8,00 78 B7 D3 3B CB C4 ED,speed=0.00
1779699254.276,0x200,8,C7 64 F6 C5 B2 90 12 15,fuel=100.00
1779699254.412,0x300,8,02 B7 2E 79 B1 C7 BF 8D,temp=42.00
1779699254.488,0x100,8,00 28 1B 77 D7 8B 57 73,speed=0.00
1779699254.568,0x200,8,95 64 09 55 FA E3 2D 5C,fuel=100.00
1779699254.655,0x300,8,02 B8 FA 3D 8C 36 57 6D,temp=42.00
1779699254.754,0x100,8,00 00 19 CC B3 70 88 F4,speed=0.00
1779699254.874,0x200,8,0C 64 07 90 C3 4B 45 2C,fuel=100.00
1779699254.938,0x300,8,02 54 35 FA 62 6A 36 19,temp=42.00
1779699255.061,0x100,8,00 CB 59 C0 CC 81 39 FB,speed=0.00
1779699255.145,0x200,8,32 64 19 50 61 E0 93 00,fuel=100.00
1779699255.227,0x300,8,02 39 91 C4 C7 E5 55 4D,temp=42.00
1779699255.316,0x100,8,00 8D 36 76 3E FA E2 44,speed=0.00
1779699255.451,0x200,8,D7 64 23 F3 30 40 95 74,fuel=100.00
1779699255.538,0x300,8,02 C9 A9 4B 9B F3 6F 4E,temp=42.00
1779699255.609,0x100,8,00 93 D2 48 B8 D7 B7 71,speed=0.00
1779699255.690,0x200,8,CE 64 4C 01 73 72 4F 1B,fuel=100.00
1779699255.797,0x300,8,02 E8 66 3F C2 5F FE A2,temp=42.00
1779699255.873,0x100,8,00 3A 2E C6 8E 3C 96 70,speed=0.00
1779699256.085,0x200,8,44 64 31 3B 41 E0 A5 89,fuel=100.00
1779699256.178,0x300,8,02 8E 0A 46 C7 A4 69 9F,temp=42.00
1779699256.251,0x100,8,00 AD 2C 53 7D 4F 61 99,speed=0.00
1779699256.361,0x200,8,B9 64 47 4E 96 A2 9B D9,fuel=100.00
1779699256.452,0x300,8,02 C5 DC 86 ED 8A 6E CB,temp=42.00
1779699256.575,0x100,8,00 7C 5F CB BC 3B C7 46,speed=0.00
1779699256.678,0x200,8,BF 64 54 22 5A 4C 4C DD,fuel=100.00
1779699256.753,0x300,8,02 55 F4 D5 3A CA C7 F4,temp=42.00
1779699256.827,0x100,8,00 B1 A2 1A 03 E3 82 ED,speed=0.00
1779699256.919,0x200,8,A7 64 07 85 0C D3 FD 89,fuel=100.00
1779699257.003,0x300,8,02 E2 C0 16 5C 7B AE 0F,temp=42.00
1779699257.120,0x100,8,00 8F CE D1 13 41 4E 36,speed=0.00
1779699257.224,0x200,8,31 64 E8 B7 98 CE 45 6B,fuel=100.00
1779699257.317,0x300,8,02 50 2F 3A B7 12 7C BC,temp=42.00
1779699257.395,0x100,8,00 D9 E9 08 58 C9 8C 82,speed=0.00
1779699257.471,0x200,8,57 64 E1 BC 8D 1A 03 48,fuel=100.00
1779699257.610,0x300,8,02 1D 09 EC 03 FD 2F FF,temp=42.00
1779699257.675,0x100,8,00 2E 1D C1 90 FD 44 A6,speed=0.00
1779699257.757,0x200,8,39 64 ED FB 49 B0 84 82,fuel=100.00
1779699257.868,0x300,8,02 AE 75 C9 2A 9B 9A 93,temp=42.00
1779699257.953,0x100,8,00 74 FB 0C 55 36 D0 4C,speed=0.00
1779699258.079,0x200,8,58 64 5F FF 93 98 9F 62,fuel=100.00
1779699258.174,0x300,8,02 DA 70 76 62 B9 E1 D7,temp=42.00
1779699258.236,0x100,8,00 C4 E4 20 6C 24 EF D5,speed=0.00
1779699258.341,0x200,8,08 64 12 0D 09 18 77 C2,fuel=100.00
1779699258.510,0x300,8,02 48 41 00 B5 7C 6C 11,temp=42.00
1779699258.594,0x100,8,00 61 B9 98 E8 FC 05 BC,speed=0.00
1779699258.732,0x200,8,B0 64 DE 98 DC 5E 2B D0,fuel=100.00
1779699258.805,0x300,8,02 0C 4C 73 CA 11 E8 36,temp=42.00
1779699258.892,0x100,8,00 4D B6 9C 53 30 0C 3C,speed=0.00
1779699259.024,0x200,8,19 64 61 7A 36 5A CC E2,fuel=100.00
1779699259.152,0x300,8,02 D0 45 08 5F B1 15 73,temp=42.00
1779699259.187,0x100,8,00 74 31 34 05 50 81 9D,speed=0.00
1779699259.287,0x200,8,DC 64 B6 CC 01 E8 72 9D,fuel=100.00
1779699259.374,0x300,8,02 60 11 B6 BD 3C 7F A1,temp=42.00
1779699259.468,0x100,8,00 16 56 DB 04 DC 53 95,speed=0.00
1779699259.538,0x200,8,2F 64 E3 2F A6 C3 FE 04,fuel=100.00
1779699259.654,0x300,8,02 94 D7 55 BE 8E E1 3A,temp=42.00
1779699259.778,0x100,8,00 78 71 82 09 61 3C 6B,speed=0.00
1779699259.866,0x200,8,4E 64 07 2B FE D4 9A 23,fuel=100.00
1779699259.937,0x300,8,02 1C 93 E1 3A 17 62 DA,temp=42.00
1779699260.020,0x100,8,00 99 12 EC 14 78 FA 30,speed=0.00
1779699260.124,0x200,8,09 64 5B DD BC 7F 01 48,fuel=100.00
1779699260.192,0x300,8,02 78 22 70 90 AE 38 F4,temp=42.00
1779699260.290,0x100,8,00 C8 04 07 46 F9 E0 77,speed=0.00
1779699260.415,0x200,8,B4 64 E4 89 B4 B9 81 34,fuel=100.00
1779699260.529,0x300,8,02 FF BB 43 C7 50 60 6A,temp=42.00
1779699260.628,0x100,8,00 D4 49 49 23 F8 A2 FD,speed=0.00
1779699260.689,0x200,8,15 64 22 B9 88 47 67 BC,fuel=100.00
1779699260.751,0x300,8,02 D0 77 AE 1A 37 AC 45,temp=42.00
1779699260.869,0x100,8,00 34 8C 85 54 1F 17 15,speed=0.00
1779699260.935,0x200,8,D7 64 B4 63 F0 8F E4 94,fuel=100.00
1779699261.044,0x300,8,02 75 55 C3 AB 12 18 73,temp=42.00
1779699261.124,0x100,8,00 37 7E 7E 37 30 F2 8D,speed=0.00
1779699261.241,0x200,8,C9 64 CF CE D9 79 C0 82,fuel=100.00
1779699261.320,0x300,8,02 62 64 17 AB 16 20 C4,temp=42.00
1779699261.425,0x100,8,00 09 00 BD 3C 3E 33 81,speed=0.00
1779699261.543,0x200,8,CE 64 59 99 C4 F6 52 3F,fuel=100.00
1779699261.593,0x300,8,02 3C 15 31 9A 46 FC DF,temp=42.00
1779699261.743,0x100,8,00 82 03 3D 40 5C 0B DA,speed=0.00
1779699261.821,0x200,8,01 64 A7 81 0A 45 18 5E,fuel=100.00
1779699261.894,0x300,8,02 DD 18 E5 E5 81 18 BD,temp=42.00
1779699262.091,0x100,8,00 D7 22 11 5E 2A A6 5C,speed=0.00
1779699262.191,0x200,8,57 64 C2 80 CD FF 61 8E,fuel=100.00
1779699262.279,0x300,8,02 1C 29 92 1B 0F D0 20,temp=42.00
1779699262.350,0x100,8,00 16 E6 43 32 1C 88 01,speed=0.00
1779699262.481,0x200,8,FA 64 C3 77 3A 37 29 98,fuel=100.00
1779699262.543,0x300,8,02 68 9E DF 69 F8 56 DC,temp=42.00
1779699262.671,0x100,8,00 47 C3 19 5C FC 5D D0,speed=0.00
1779699262.736,0x200,8,C4 64 E9 FC CB B3 D9 92,fuel=100.00
1779699262.835,0x300,8,02 22 3F A6 35 6A 1B 26,temp=42.00
1779699262.918,0x100,8,00 38 77 F3 EA CA 78 01,speed=0.00
1779699263.010,0x200,8,17 64 85 DC 02 01 64 02,fuel=100.00
1779699263.096,0x300,8,02 1B FB 27 35 B1 CF 91,temp=42.00
1779699263.237,0x100,8,00 20 48 94 8B 54 2C 26,speed=0.00
1779699263.306,0x200,8,83 64 A3 8B 8A 84 A6 3D,fuel=100.00
1779699263.376,0x300,8,02 C3 24 76 93 5D B1 30,temp=42.00
1779699264.378,0x100,8,00 26 13 09 15 F1 13 92,speed=0.00
1779699265.126,0x200,8,2D 64 99 16 50 01 38 C3,fuel=100.00
1779699265.325,0x300,8,02 DC C5 D7 7C 2A 21 3C,temp=42.00
1779699265.564,0x100,8,00 D9 29 67 75 1A 93 D6,speed=0.00
1779699265.845,0x200,8,5E 64 C3 C6 02 00 25 FE,fuel=100.00
1779699266.164,0x300,8,02 21 A5 D1 5F 08 5E 30,temp=42.00
1779699266.455,0x100,8,00 1A 56 0E FD E1 A5 AB,speed=0.00
1779699266.821,0x200,8,CB 64 73 DF 17 3D A5 36,fuel=100.00
1779699266.949,0x300,8,02 D8 FC 90 27 52 E1 4B,temp=42.00
1779699267.092,0x100,8,00 3C 04 0B 30 EA B6 D1,speed=0.00
1779699267.276,0x200,8,8C 64 D8 82 C1 28 DB 97,fuel=100.00
1779699267.438,0x300,8,02 B4 CB 22 0D 3D DB 73,temp=42.00
1779699267.510,0x100,8,00 78 A0 11 92 3F 87 2A,speed=0.00
1779699267.582,0x200,8,C5 64 CE ED 76 09 F1 68,fuel=100.00
1779699267.690,0x300,8,02 6C 8D 6B AF 9F 2C EA,temp=42.00
1779699267.793,0x100,8,00 EA 21 3B A5 4D CF E3,speed=0.00
1779699267.920,0x200,8,91 64 36 BF E4 66 32 41,fuel=100.00
1779699268.100,0x300,8,02 7F D9 1E D5 C4 CE 93,temp=42.00
1779699268.205,0x100,8,00 DD 34 6A 58 EB D8 43,speed=0.00
1779699268.342,0x200,8,38 64 05 D2 1F 38 70 75,fuel=100.00
1779699268.435,0x300,8,02 C7 5F B6 0A CA 45 71,temp=42.00
1779699268.545,0x100,8,00 56 F0 E7 E8 C5 E2 54,speed=0.00
1779699268.656,0x200,8,5D 64 22 FF 35 CB 34 93,fuel=100.00
1779699268.702,0x300,8,02 34 3E 99 C1 8C 1C E8,temp=42.00
1779699268.846,0x100,8,00 1D 24 09 80 B9 8C C5,speed=0.00
1779699268.982,0x200,8,0F 64 A0 BE 2E D7 3E 26,fuel=100.00
1779699269.079,0x300,8,02 27 C0 12 5B FB D0 66,temp=42.00
1779699269.272,0x100,8,00 24 C5 F6 31 B2 D3 1C,speed=0.00
1779699269.342,0x200,8,58 64 B8 62 D5 33 DA E1,fuel=100.00
1779699269.481,0x300,8,02 5D A9 4D 17 71 4D 0C,temp=42.00
1779699269.629,0x100,8,00 CC 25 9E 96 1F 9C B8,speed=0.00
1779699269.807,0x200,8,91 64 E0 97 0D 16 89 69,fuel=100.00
1779699269.944,0x300,8,02 8D 49 E6 2B 93 79 98,temp=42.00
1779699270.075,0x100,8,00 C0 F1 88 8F 27 EF D5,speed=0.00
1779699270.109,0x200,8,15 64 DE 0B 7E 99 C6 C7,fuel=100.00
1779699270.210,0x300,8,02 C4 4D 10 C5 0A 0A 54,temp=42.00
1779699270.292,0x100,8,00 F5 AD 2B F3 FC A8 5E,speed=0.00
1779699270.380,0x200,8,0C 64 C1 0B 6A 2E 09 6C,fuel=100.00
1779699270.518,0x300,8,02 DE 77 6F DD 16 18 BC,temp=42.00
1779699270.645,0x100,8,00 B5 13 BA 37 4A 3B B3,speed=0.00
1779699270.807,0x200,8,B0 64 62 F5 DF EB CC 3D,fuel=100.00
1779699270.906,0x300,8,02 10 D5 4E DB 69 42 81,temp=42.00
1779699271.056,0x100,8,00 35 F7 D0 4A 30 86 67,speed=0.00
1779699271.158,0x200,8,12 64 D0 A6 A0 17 93 CE,fuel=100.00
1779699271.338,0x300,8,02 D6 82 CF 6A 5F 8E 6F,temp=42.00
1779699271.410,0x100,8,00 9D 8C B7 FD 7F 63 46,speed=0.00
1779699271.504,0x200,8,FF 64 5E BB EF 37 34 00,fuel=100.00
1779699271.605,0x300,8,02 CF CD 58 C2 49 A6 CD,temp=42.00
1779699271.702,0x100,8,00 40 07 AA 03 E8 32 0E,speed=0.00
1779699271.793,0x200,8,64 64 9F CE 95 12 78 14,fuel=100.00
1779699271.886,0x300,8,02 75 82 19 DD 84 DC C6,temp=42.00
1779699271.974,0x100,8,00 E6 DE D6 35 34 D5 30,speed=0.00
1779699272.076,0x200,8,4D 64 BF 80 01 8C DF F3,fuel=100.00
1779699272.183,0x300,8,02 33 74 EA 2D A2 82 7C,temp=42.00
1779699272.308,0x100,8,00 95 AC 4A 7B 32 94 22,speed=0.00
1779699272.551,0x200,8,20 64 84 3A 84 0F 69 CA,fuel=100.00
1779699272.639,0x300,8,02 C6 50 88 BA BE C9 17,temp=42.00
1779699272.737,0x100,8,00 4F 23 D1 B0 FC BE 2B,speed=0.00
1779699272.935,0x200,8,52 64 C0 D0 16 9B 00 01,fuel=100.00
1779699273.035,0x300,8,02 67 0A 2A 47 44 9B 8F,temp=42.00
1779699273.078,0x100,8,00 28 07 1E 69 85 6F 90,speed=0.00
1779699273.138,0x200,8,E1 64 96 56 35 21 8A A9,fuel=100.00
1779699273.234,0x300,8,02 F0 9B F2 52 BE 16 CF,temp=42.00
1779699273.337,0x100,8,00 95 E0 7A 10 5B 4E FD,speed=0.00
1779699273.430,0x200,8,F6 64 4C 26 3F 60 31 5B,fuel=100.00
1779699273.522,0x300,8,02 54 F6 E3 49 BB EE 82,temp=42.00
1779699273.613,0x100,8,00 9B BF 46 23 12 06 64,speed=0.00
1779699273.699,0x200,8,E6 64 4B FD F9 3A 48 44,fuel=100.00
1779699273.802,0x300,8,02 EB E0 0B C5 16 51 FB,temp=42.00
1779699273.919,0x100,8,00 B0 42 1C B4 87 3D 01,speed=0.00
1779699273.987,0x200,8,D2 64 F8 05 4B A3 FF 06,fuel=100.00
1779699274.109,0x300,8,02 C3 35 60 DB 2D B1 2F,temp=42.00
1779699274.194,0x100,8,00 1E 50 A7 D3 C8 1B 42,speed=0.00
1779699274.274,0x200,8,6E 64 5A A6 0E 41 A5 02,fuel=100.00
1779699274.476,0x300,8,02 D7 7C 17 32 5F 85 A3,temp=42.00
1779699274.606,0x100,8,00 4D D3 F8 39 EA FB B7,speed=0.00
1779699274.718,0x200,8,51 64 FA 6D 8A C9 E4 1A,fuel=100.00
1779699274.761,0x300,8,02 EA 0A 6F A0 24 E6 C9,temp=42.00
1779699274.908,0x100,8,00 90 1C B3 E1 C9 D6 18,speed=0.00
1779699274.978,0x200,8,E9 64 AE 18 F5 6E 0B CD,fuel=100.00
1779699275.046,0x300,8,02 B7 EF 2C 05 B0 81 B1,temp=42.00
1779699275.153,0x100,8,00 EA 7A 7F 42 11 6C 44,speed=0.00
1779699275.261,0x200,8,88 64 CD B7 89 B4 D9 3F,fuel=100.00
1779699275.307,0x300,8,02 11 09 5E FD B3 DD C5,temp=42.00
1779699275.539,0x100,8,00 FE 00 E1 08 CF FA 69,speed=0.00
1779699275.589,0x200,8,71 64 9F D9 CB 01 F5 CA,fuel=100.00
1779699275.706,0x300,8,02 E6 DD 4A 9A 93 A2 83,temp=42.00
1779699275.953,0x100,8,00 90 87 23 E0 6F D5 81,speed=0.00
1779699276.044,0x200,8,19 64 7E 4B C0 6D 5F CD,fuel=100.00
1779699276.152,0x300,8,02 43 33 6E 0C 9A 54 23,temp=42.00
1779699276.262,0x100,8,00 F8 AA F9 98 64 13 E5,speed=0.00
1779699276.369,0x200,8,DF 64 81 7A 28 4D 33 A3,fuel=100.00
1779699276.434,0x300,8,02 78 29 D9 56 4F 43 40,temp=42.00
1779699276.521,0x100,8,00 33 9F 1D 3A 5B 7D DF,speed=0.00
1779699276.638,0x200,8,07 64 89 E2 AF BF 5E 08,fuel=100.00
1779699276.727,0x300,8,02 21 20 63 75 05 49 4B,temp=42.00
1779699276.857,0x100,8,00 2F 83 E2 BE 9B 09 F8,speed=0.00
1779699276.956,0x200,8,65 64 0E 27 36 1D 3B EE,fuel=100.00
1779699277.020,0x300,8,02 A8 4A D9 E0 EC 72 F8,temp=42.00
1779699277.087,0x100,8,00 0A 71 2D 3B E5 F3 A3,speed=0.00
1779699277.230,0x200,8,6C 64 9B 76 8C 24 1A 52,fuel=100.00
1779699277.291,0x300,8,02 AC DF 21 30 46 2B F0,temp=42.00
1779699277.373,0x100,8,00 0B F2 30 E4 F6 B5 93,speed=0.00
1779699277.455,0x200,8,55 64 99 9B 8C EC 15 A8,fuel=100.00
1779699277.568,0x300,8,02 E9 E5 3B F0 FF D6 D2,temp=42.00
1779699277.678,0x100,8,00 98 1B FF 25 B8 21 3F,speed=0.00
1779699277.734,0x200,8,76 64 24 E9 2A 04 B9 98,fuel=100.00
1779699277.846,0x300,8,02 CD 03 9F 03 39 13 2E,temp=42.00
1779699277.919,0x100,8,00 7A FE 07 FD 46 86 79,speed=0.00
1779699278.050,0x200,8,70 64 E2 A3 42 E7 62 65,fuel=100.00
1779699278.140,0x300,8,02 72 51 B9 FA 00 05 F9,temp=42.00
1779699278.277,0x100,8,00 AC 8E F5 91 99 62 78,speed=0.00
1779699278.352,0x200,8,A1 64 F2 A6 6E 63 83 0B,fuel=100.00
1779699278.405,0x300,8,02 16 ED 4A 30 48 39 7C,temp=42.00
1779699278.509,0x100,8,00 3F 7D 35 41 BE 52 CF,speed=0.00
1779699278.677,0x200,8,D9 64 4F D5 6B A4 24 9B,fuel=100.00
1779699278.918,0x300,8,02 0B 71 4F DC A3 FD 1D,temp=42.00
1779699279.089,0x100,8,00 F4 4E 45 1A 05 59 F7,speed=0.00
1779699279.178,0x200,8,A9 64 73 C5 E8 61 53 5E,fuel=100.00
1779699279.292,0x300,8,02 91 1C 1C A3 F3 E6 52,temp=42.00
1779699279.355,0x100,8,00 52 8C 70 CB E5 ED 33,speed=0.00
1779699279.419,0x200,8,F7 64 5D 93 EA 09 E1 7C,fuel=100.00
1779699279.620,0x300,8,02 88 E4 4E 3A 72 1B B0,temp=42.00
1779699279.756,0x100,8,00 BE 42 6B 4C 7A BB 3E,speed=0.00
1779699279.887,0x200,8,1A 64 74 51 2E C2 04 A7,fuel=100.00
1779699280.008,0x300,8,02 4C F6 49 81 DC 6D 96,temp=42.00
1779699280.339,0x100,8,00 58 69 75 52 48 36 44,speed=0.00
1779699280.523,0x200,8,A4 64 80 14 AB 8F B9 8A,fuel=100.00
1779699280.671,0x300,8,02 16 F6 AF A5 B1 44 47,temp=42.00
1779699280.977,0x100,8,00 BF A1 07 48 8C 55 C2,speed=0.00
1779699281.107,0x200,8,61 64 01 5C D9 07 BC A6,fuel=100.00
1779699281.179,0x300,8,02 13 C0 C0 0B 92 9F 9E,temp=42.00
1779699281.342,0x100,8,00 BF 4E 19 7B 99 FF AB,speed=0.00
1779699281.457,0x200,8,0B 64 43 B9 A9 5D E8 A5,fuel=100.00
1779699281.557,0x300,8,02 15 90 CF 90 81 36 42,temp=42.00
1779699281.652,0x100,8,00 46 95 F6 35 0D 55 34,speed=0.00
1779699281.768,0x200,8,23 64 07 C2 4A 69 E0 45,fuel=100.00
1779699281.909,0x300,8,02 E8 94 B7 DC B0 E8 4C,temp=42.00
1779699281.988,0x100,8,00 00 A0 B5 1F 3B 25 3C,speed=0.00
1779699282.542,0x200,8,8A 64 9F F6 9B 9A 51 86,fuel=100.00
1779699282.703,0x300,8,02 04 C3 7F 97 1A F5 67,temp=42.00
1779699282.823,0x100,8,00 2E 07 4C 5B 68 20 02,speed=0.00
1779699282.910,0x200,8,6D 64 BE 2E 84 A9 78 F7,fuel=100.00
1779699283.110,0x300,8,02 27 1B D3 5B FC ED 03,temp=42.00
1779699283.292,0x100,8,00 85 4B DB F3 E3 A0 BD,speed=0.00
1779699283.363,0x200,8,5F 64 4F 1A 01 79 B7 D6,fuel=100.00
1779699283.499,0x300,8,02 D4 FB 66 EB 44 19 50,temp=42.00
1779699283.563,0x100,8,00 F5 F5 F8 02 74 1E D0,speed=0.00
1779699283.711,0x200,8,C6 64 4C 4B 90 0C 5B C0,fuel=100.00
1779699283.803,0x300,8,02 26 62 C8 09 F4 CE F9,temp=42.00
1779699283.862,0x100,8,00 10 18 20 9B F3 63 E1,speed=0.00
1779699283.927,0x200,8,9D 64 63 40 E5 83 01 F6,fuel=100.00
1779699284.032,0x300,8,02 4F 2C 8C 9D FE 5A 52,temp=42.00
1779699284.123,0x100,8,00 D9 2B E3 8B 6D 7E 16,speed=0.00
1779699284.770,0x200,8,B5 64 74 1B A7 EE 92 03,fuel=100.00
1779699284.895,0x300,8,02 C0 87 00 0E 5D 40 FE,temp=42.00
1779699285.078,0x100,8,00 A3 24 A3 87 EB A2 5F,speed=0.00
1779699285.196,0x200,8,39 64 71 6B A2 53 4B 20,fuel=100.00
1779699285.402,0x300,8,02 57 44 A2 A1 3D AF F9,temp=42.00
1779699285.572,0x100,8,00 5E 70 C8 B4 32 82 08,speed=0.00
1779699285.641,0x200,8,B3 64 3E F3 65 87 D7 96,fuel=100.00
1779699285.723,0x300,8,02 A8 EE 35 9F E2 48 EF,temp=42.00
1779699285.803,0x100,8,00 37 45 D8 B3 B0 48 79,speed=0.00
1779699285.902,0x200,8,EE 64 AC 81 7D 56 D6 83,fuel=100.00
1779699286.003,0x300,8,02 56 8F EF 03 78 E6 FE,temp=42.00
1779699286.083,0x100,8,00 49 F4 AD 12 35 2C 3C,speed=0.00
1779699286.182,0x200,8,BC 64 88 07 0F 8B 5E A2,fuel=100.00
1779699286.284,0x300,8,02 A6 FD 62 C7 5B 34 A7,temp=42.00
1779699286.391,0x100,8,00 E1 4C 9C 61 74 65 3E,speed=0.00
1779699286.468,0x200,8,8B 64 87 2D 4E C6 E1 56,fuel=100.00
1779699286.557,0x300,8,02 46 77 52 2D B6 BD C3,temp=42.00
1779699286.643,0x100,8,00 F4 42 59 A0 77 B3 99,speed=0.00
1779699286.742,0x200,8,A4 64 49 85 ED AE 11 5C,fuel=100.00
1779699286.843,0x300,8,02 D6 E9 91 55 C1 EC 05,temp=42.00
1779699286.971,0x100,8,00 0A EB 92 D2 33 E5 3A,speed=0.00
1779699287.205,0x200,8,20 64 04 3F 46 8D A9 21,fuel=100.00
1779699287.344,0x300,8,02 A5 1B 70 AF D7 9F 0A,temp=42.00
1779699287.392,0x100,8,00 C8 55 EB 8F 1F 82 F3,speed=0.00
1779699287.562,0x200,8,2C 64 1C EF 9B B1 C9 AF,fuel=100.00
1779699287.717,0x300,8,02 E7 7F 20 94 C5 20 80,temp=42.00
1779699287.780,0x100,8,00 FA 27 C1 E4 FF 60 DB,speed=0.00
1779699287.907,0x200,8,7B 64 13 41 E6 05 43 2D,fuel=100.00
1779699287.971,0x300,8,02 AF 28 31 BE F7 6E BA,temp=42.00
1779699288.071,0x100,8,00 3B 15 14 55 CA C4 6D,speed=0.00
1779699288.143,0x200,8,10 64 46 9D 56 AB 4C 48,fuel=100.00
1779699288.229,0x300,8,02 65 74 7E 9B A6 88 A3,temp=42.00
1779699288.330,0x100,8,00 C8 17 17 FC A8 7B DF,speed=0.00
1779699288.433,0x200,8,39 64 48 81 54 67 86 92,fuel=100.00
1779699288.518,0x300,8,02 71 CD 4B 52 71 D1 6E,temp=42.00
1779699288.635,0x100,8,00 7C B8 22 5D 55 5B B8,speed=0.00
1779699288.721,0x200,8,6D 64 7C 5C 66 8A 18 DC,fuel=100.00
1779699288.821,0x300,8,02 4A C8 AC 09 63 DF 59,temp=42.00
1779699288.891,0x100,8,00 98 12 4A B0 24 43 AD,speed=0.00
1779699288.982,0x200,8,15 64 93 7B 06 A5 3D E0,fuel=100.00
1779699289.083,0x300,8,02 C0 75 92 73 BF 99 27,temp=42.00
1779699289.188,0x100,8,00 95 CE 0A B3 97 D9 3B,speed=0.00
1779699289.279,0x200,8,87 64 4D 80 CE D0 1A DD,fuel=100.00
1779699289.376,0x300,8,02 52 7D AE 5B 37 CE 7E,temp=42.00
1779699289.486,0x100,8,00 12 64 62 75 31 64 89,speed=0.00
1779699289.555,0x200,8,21 64 11 1D A5 8F 55 FE,fuel=100.00
1779699289.644,0x300,8,02 2D 9F 0A EF 09 89 2D,temp=42.00
1779699289.729,0x100,8,00 F5 F4 35 D8 88 94 A5,speed=0.00
1779699289.838,0x200,8,73 64 2B A6 C0 25 A9 B8,fuel=100.00
1779699289.924,0x300,8,02 D2 EB E8 EA 58 BA 05,temp=42.00
1779699290.017,0x100,8,00 A3 6C 1A 77 79 DD BE,speed=0.00
1779699290.120,0x200,8,7E 64 6A FB BF 50 D2 F2,fuel=100.00
1779699290.274,0x300,8,02 14 97 AC 2A 73 81 98,temp=42.00
1779699290.326,0x100,8,00 93 78 3F 73 81 52 0C,speed=0.00
1779699290.425,0x200,8,E7 64 F9 0D 73 65 B2 D4,fuel=100.00
1779699290.546,0x300,8,02 1C A1 C5 22 1D DB 46,temp=42.00
1779699290.633,0x100,8,00 C6 49 E0 AF C7 B7 24,speed=0.00
1779699290.755,0x200,8,1A 64 C6 9A 28 FC D6 51,fuel=100.00
1779699290.876,0x300,8,02 72 F5 96 C5 AD 87 F0,temp=42.00
1779699290.983,0x100,8,00 47 A6 0B CB A8 9C F8,speed=0.00
1779699291.061,0x200,8,4B 64 E6 35 45 E0 83 3A,fuel=100.00
1779699291.142,0x300,8,02 B3 54 36 36 EF E1 1A,temp=42.00
1779699291.259,0x100,8,00 06 AA FA 00 54 B5 51,speed=0.00
1779699291.361,0x200,8,8A 64 66 F4 CF D1 05 DD,fuel=100.00
1779699291.437,0x300,8,02 EB 06 A3 D5 14 A8 81,temp=42.00
1779699291.564,0x100,8,00 CB 69 80 DB A3 96 87,speed=0.00
1779699291.613,0x200,8,07 64 73 61 30 36 BB 25,fuel=100.00
1779699291.744,0x300,8,02 CD 3C 63 95 BC 69 CD,temp=42.00
1779699291.842,0x100,8,00 0C 56 AD 4F CD 35 F6,speed=0.00
1779699291.960,0x200,8,9D 64 E2 1D AD 4B 16 FA,fuel=100.00
1779699292.034,0x300,8,02 C3 52 DF 97 E2 79 9E,temp=42.00
1779699292.112,0x100,8,00 87 C1 BA 31 29 48 B4,speed=0.00
1779699292.199,0x200,8,77 64 AC E1 F4 6B B8 74,fuel=100.00
1779699292.293,0x300,8,02 B3 B4 AD B1 C5 DA EE,temp=42.00
1779699292.361,0x100,8,00 D9 0F CD 03 BA 26 57,speed=0.00
1779699292.447,0x200,8,6B 64 16 09 F0 A2 5A 33,fuel=100.00
1779699292.576,0x300,8,02 A1 28 6B A0 F0 AD 21,temp=42.00
1779699292.676,0x100,8,00 F8 E8 96 07 D6 C4 72,speed=0.00
1779699292.763,0x200,8,26 64 A5 6D DB 81 12 6F,fuel=100.00
1779699292.843,0x300,8,02 91 DF 4A 81 F4 72 ED,temp=42.00
1779699292.964,0x100,8,00 05 4C 9D 34 70 86 1C,speed=0.00
1779699293.030,0x200,8,B0 64 AC 33 AC 98 EC B9,fuel=100.00
1779699293.141,0x300,8,02 DC B4 88 3E 35 C2 4C,temp=42.00
1779699293.235,0x100,8,00 A0 4A 66 C0 51 6E B6,speed=0.00
1779699293.377,0x200,8,7A 64 57 0D 09 D7 FB 76,fuel=100.00
1779699293.446,0x300,8,02 F1 C5 64 73 51 5C 39,temp=42.00
1779699293.507,0x100,8,00 47 6F A8 37 77 17 6C,speed=0.00
1779699293.605,0x200,8,DC 64 CC 82 28 64 34 75,fuel=100.00
1779699293.710,0x300,8,02 A4 6B 03 92 24 3B 92,temp=42.00
1779699293.871,0x100,8,00 1C DB DF 7E A5 44 51,speed=0.00
1779699293.958,0x200,8,DD 64 11 BB 7C 1E 0A EC,fuel=100.00
1779699294.075,0x300,8,02 A8 01 C9 DA 02 AD 73,temp=42.00
1779699294.160,0x100,8,00 44 3B DE A7 EE 51 3F,speed=0.00
1779699294.252,0x200,8,7D 64 A9 AF 4C 43 E8 DA,fuel=100.00
1779699294.363,0x300,8,02 3D E7 D0 59 80 31 14,temp=42.00
1779699294.475,0x100,8,00 69 62 1A DE FB 7F 3C,speed=0.00
1779699294.545,0x200,8,B3 64 54 6A 63 03 5A 3A,fuel=100.00
1779699294.627,0x300,8,02 18 2D E5 B1 4B 92 62,temp=42.00
1779699294.789,0x100,8,00 8D 68 9C 16 2B 20 2C,speed=0.00
1779699294.826,0x200,8,63 64 D2 B8 73 BE 9D A0,fuel=100.00
1779699294.904,0x300,8,02 2C 6C 51 B6 07 2A 0F,temp=42.00
1779699294.987,0x100,8,00 D7 A5 0F C2 0E A3 7F,speed=0.00
1779699295.085,0x200,8,27 64 26 0E 1D 6C EC 34,fuel=100.00
1779699295.188,0x300,8,02 76 A7 47 72 75 B9 FB,temp=42.00
1779699295.279,0x100,8,00 CC 9F F9 9F AC C3 2A,speed=0.00
1779699295.418,0x200,8,51 64 AB D2 64 52 3C 5E,fuel=100.00
1779699295.508,0x300,8,02 91 0E 03 5D FA 82 68,temp=42.00
1779699295.570,0x100,8,00 DD E1 92 02 DF D1 6D,speed=0.00
1779699295.693,0x200,8,B3 64 A8 C3 82 75 10 ED,fuel=100.00
1779699295.746,0x300,8,02 25 EB 7F F0 FF 21 68,temp=42.00
1779699295.848,0x100,8,00 08 EB B2 7D 7F ED BA,speed=0.00
1779699295.928,0x200,8,8C 64 0C 07 D9 DD 66 14,fuel=100.00
1779699296.076,0x300,8,02 F8 B0 8D F0 ED 0B BD,temp=42.00
1779699296.124,0x100,8,00 47 0C D0 95 5F C0 01,speed=0.00
1779699296.226,0x200,8,28 64 F5 8E 27 BB 68 50,fuel=100.00
1779699296.323,0x300,8,02 3D 47 E1 04 35 C0 76,temp=42.00
1779699296.389,0x100,8,00 80 BB 14 25 93 62 D1,speed=0.00
1779699296.490,0x200,8,38 64 F5 43 5D DD 18 03,fuel=100.00
1779699296.619,0x300,8,02 0C 39 3F 19 6A 8B 13,temp=42.00
1779699296.670,0x100,8,00 80 87 F6 B9 0C 66 68,speed=0.00
1779699296.798,0x200,8,50 64 EB 6D 35 FE 27 E1,fuel=100.00
1779699296.858,0x300,8,02 44 BF 6E 60 F7 DE 1B,temp=42.00
1779699297.038,0x100,8,00 71 B6 9B AC 4F 55 EF,speed=0.00
1779699297.088,0x200,8,A2 64 21 73 C0 C8 E1 EE,fuel=100.00
1779699297.179,0x300,8,02 5A D4 D6 41 2B 1A F0,temp=42.00
1779699297.261,0x100,8,00 D6 77 09 0C D1 EB B6,speed=0.00
1779699297.350,0x200,8,41 64 CA 08 DC 88 26 60,fuel=100.00
1779699297.478,0x300,8,02 AE E9 71 25 9E 74 F7,temp=42.00
1779699297.580,0x100,8,00 03 9B C7 99 BA 0C 84,speed=0.00
1779699297.648,0x200,8,CB 64 70 1D DA C2 0E 42,fuel=100.00
1779699297.712,0x300,8,02 0F A9 9F 3A D0 FE 32,temp=42.00
1779699297.832,0x100,8,00 FC AE 6A 71 61 72 CC,speed=0.00
1779699297.941,0x200,8,D8 64 32 9E 76 E8 4F 24,fuel=100.00
1779699298.005,0x300,8,02 3D C0 D0 74 24 6B 66,temp=42.00
1779699298.093,0x100,8,00 A5 04 E4 A0 CA FB F2,speed=0.00
1779699298.209,0x200,8,95 64 77 9E EF BF 1A 36,fuel=100.00
1779699298.283,0x300,8,02 F6 D1 73 5A 4E BE 3C,temp=42.00
1779699298.377,0x100,8,00 DF 50 FA 0E 70 15 AC,speed=0.00
1779699298.461,0x200,8,70 64 E0 D7 0C 2C C5 88,fuel=100.00
1779699298.594,0x300,8,02 5A FD 5A F6 65 EA 5C,temp=42.00
1779699298.695,0x100,8,00 33 D2 6D 3D 84 34 8F,speed=0.00
1779699298.752,0x200,8,08 64 4C 31 97 82 95 9E,fuel=100.00
1779699298.830,0x300,8,02 BA 16 D1 5A 9C 7B 4E,temp=42.00
1779699298.946,0x100,8,00 38 FA BF C8 3A F8 D0,speed=0.00
1779699299.025,0x200,8,DD 64 E4 AA AF C3 E7 24,fuel=100.00
1779699299.173,0x300,8,02 40 3F D9 09 BB 78 79,temp=42.00
1779699299.247,0x100,8,00 8E C2 EB 61 9C F6 89,speed=0.00
1779699299.310,0x200,8,0C 64 BC 8F 72 B0 35 12,fuel=100.00
1779699299.422,0x300,8,02 C7 B3 9D 18 DC 36 15,temp=42.00
1779699299.553,0x100,8,00 88 32 3C 07 F2 AC F7,speed=0.00
1779699299.694,0x200,8,81 64 05 84 AE C9 21 9D,fuel=100.00
1779699299.795,0x300,8,02 10 9E 17 1E FD 14 E3,temp=42.00
1779699299.917,0x100,8,00 CC B9 5F 04 6C 37 5D,speed=0.00
1779699300.001,0x200,8,DE 64 30 84 9A 8D 27 06,fuel=100.00
1779699300.244,0x300,8,02 13 AC A9 83 99 BB 6E,temp=42.00
1779699300.347,0x100,8,00 E5 C2 E1 FF 58 10 E7,speed=0.00
1779699300.460,0x200,8,F9 64 98 06 88 F2 AA 72,fuel=100.00
1779699300.592,0x300,8,02 C0 85 B3 B9 8F 68 59,temp=42.00
1779699300.659,0x100,8,00 D8 F5 47 0D 01 9C 39,speed=0.00
1779699300.752,0x200,8,FC 64 6B A3 10 14 82 13,fuel=100.00
1779699300.809,0x300,8,02 73 7E 4B 94 01 54 00,temp=42.00
1779699300.932,0x100,8,00 1C 12 8A A4 F9 61 8F,speed=0.00
1779699300.997,0x200,8,E6 64 16 C7 3F 09 8D 92,fuel=100.00
1779699301.108,0x300,8,02 70 AA 56 11 58 55 EF,temp=42.00
1779699301.185,0x100,8,00 21 33 AA 54 38 2E 00,speed=0.00
1779699301.302,0x200,8,2D 64 38 AF 87 31 FA 0F,fuel=100.00
1779699301.377,0x300,8,02 E7 9F 5B 89 8A 97 5F,temp=42.00
1779699301.461,0x100,8,00 B9 DC B4 A4 F6 50 D4,speed=0.00
1779699301.573,0x200,8,B8 64 02 58 66 4B BE 80,fuel=100.00
1779699301.673,0x300,8,02 F9 43 98 E6 22 AB C3,temp=42.00
1779699301.751,0x100,8,00 D6 26 FD 81 9A FE 6E,speed=0.00
1779699301.841,0x200,8,12 64 F7 38 B7 1A 8C 3E,fuel=100.00
1779699301.960,0x300,8,02 92 B2 F0 D0 71 7B 56,temp=42.00
1779699302.031,0x100,8,00 31 FC 6D F9 1F 01 68,speed=0.00
1779699302.118,0x200,8,86 64 CC 87 64 98 6F 11,fuel=100.00
1779699302.270,0x300,8,02 CF 10 18 2E 62 0D 76,temp=42.00
1779699302.331,0x100,8,00 C3 2B A6 4C 9E A7 D8,speed=0.00
1779699302.421,0x200,8,3F 64 7F 4B AA FD 3E 69,fuel=100.00
1779699302.491,0x300,8,02 73 86 AC 4F BA D4 F4,temp=42.00
1779699302.612,0x100,8,00 D1 FB 58 27 85 68 83,speed=0.00
1779699302.671,0x200,8,36 64 F8 17 C2 EA 0A 6B,fuel=100.00
1779699302.784,0x300,8,02 29 78 E7 1C 8D 67 FE,temp=42.00
1779699302.867,0x100,8,00 87 DD D2 06 2B 16 B4,speed=0.00
1779699303.009,0x200,8,28 64 5E 61 19 18 89 A2,fuel=100.00
1779699303.073,0x300,8,02 B4 34 BA 9F 8E D3 C3,temp=42.00
1779699303.141,0x100,8,00 8B 93 25 D6 B0 BD 7A,speed=0.00
1779699303.241,0x200,8,C1 64 17 07 8A 11 99 65,fuel=100.00
1779699303.440,0x300,8,02 EA B0 91 96 40 02 F0,temp=42.00
1779699303.525,0x100,8,00 EB D2 9E 0B 07 44 F8,speed=0.00
1779699303.665,0x200,8,36 64 0B 54 8E F4 23 F6,fuel=100.00
1779699303.752,0x300,8,02 58 4C 90 D0 44 BD 64,temp=42.00
1779699303.823,0x100,8,00 D5 0B CE F1 E2 31 EA,speed=0.00
1779699303.904,0x200,8,A5 64 07 AF 26 FD 45 FC,fuel=100.00
1779699304.013,0x300,8,02 DC 27 A8 7B F4 F3 EF,temp=42.00
1779699304.102,0x100,8,00 67 F9 06 1F 68 2A 74,speed=0.00
1779699304.193,0x200,8,E6 64 DA D0 2E 74 0D B6,fuel=100.00
1779699304.286,0x300,8,02 D4 17 FA 1E 12 8E A9,temp=42.00
1779699304.392,0x100,8,00 6B 7C E2 9C F0 8F D2,speed=0.00
1779699304.463,0x200,8,EA 64 FD B7 3D 2E EF 57,fuel=100.00
1779699304.570,0x300,8,02 2C 83 D8 1D 78 3B 1D,temp=42.00
1779699304.643,0x100,8,00 23 9A C8 46 17 FF C4,speed=0.00
1779699304.744,0x200,8,02 64 20 96 8F 64 99 19,fuel=100.00
1779699304.839,0x300,8,02 3B 85 C2 4C 62 2C 0B,temp=42.00
1779699304.946,0x100,8,00 13 A9 0B 9D 0F 7F 66,speed=0.00
1779699305.023,0x200,8,94 64 4D 0A 63 D9 F4 97,fuel=100.00
1779699305.153,0x300,8,02 26 E3 A1 80 61 DA CF,temp=42.00
1779699305.260,0x100,8,00 A2 49 F7 D3 C4 1D 16,speed=0.00
1779699305.322,0x200,8,D7 64 AB 5E D5 6D 93 A6,fuel=100.00
1779699305.412,0x300,8,02 AC 16 D4 C5 61 07 BF,temp=42.00
1779699305.526,0x100,8,00 2C AC 99 C5 2F FD 68,speed=0.00
1779699305.632,0x200,8,98 64 D3 B0 70 93 03 22,fuel=100.00
1779699305.692,0x300,8,02 4E FB 34 E7 4A 08 78,temp=42.00
1779699305.768,0x100,8,00 26 33 46 68 85 B7 C4,speed=0.00
1779699305.888,0x200,8,80 64 43 50 F9 D9 2E 88,fuel=100.00
1779699305.962,0x300,8,02 2D 45 B0 9F 42 FB 4A,temp=42.00
1779699306.080,0x100,8,00 77 69 36 69 A3 AA F8,speed=0.00
1779699306.148,0x200,8,48 64 51 D1 9B B7 63 5B,fuel=100.00
1779699306.244,0x300,8,02 B2 DA 34 8C 9E 3A 0B,temp=42.00
1779699306.336,0x100,8,00 FB B5 2B 0B FF 38 73,speed=0.00
1779699306.456,0x200,8,CF 64 10 9C 6E 8F D2 01,fuel=100.00
1779699306.548,0x300,8,02 1F D7 06 48 CA FA A4,temp=42.00
1779699306.641,0x100,8,00 B9 FE B5 A2 D8 95 21,speed=0.00
1779699306.742,0x200,8,8D 64 95 EE 8C 8B 2E D4,fuel=100.00
1779699306.796,0x300,8,02 4F BB 11 AB 4E 5F C2,temp=42.00
1779699306.930,0x100,8,00 EC 3C 4A 63 24 B1 59,speed=0.00
1779699307.025,0x200,8,58 64 BC 9A B5 06 3C 9C,fuel=100.00
1779699307.119,0x300,8,02 F2 7F EC 28 7D C0 3D,temp=42.00
1779699307.178,0x100,8,00 B5 B3 C0 88 75 23 DB,speed=0.00
1779699307.311,0x200,8,35 64 B1 D1 E4 9A E9 EC,fuel=100.00
1779699307.381,0x300,8,02 04 E1 FC 02 71 98 DF,temp=42.00
1779699307.463,0x100,8,00 43 A0 38 8F C4 09 DD,speed=0.00
1779699307.576,0x200,8,DE 64 74 AD 91 B1 8B 71,fuel=100.00
1779699307.679,0x300,8,02 54 A0 7D 40 1B 06 1B,temp=42.00
1779699307.745,0x100,8,00 C7 D5 84 48 E5 91 E9,speed=0.00
1779699307.829,0x200,8,C6 64 32 AC 4E 98 AC 11,fuel=100.00
1779699307.929,0x300,8,02 20 03 09 AB 5C 14 55,temp=42.00
1779699308.023,0x100,8,00 AD 28 85 81 E7 1E 96,speed=0.00
1779699308.106,0x200,8,CB 64 E7 FE 2A 44 3F E0,fuel=100.00
1779699308.214,0x300,8,02 AF 6E 19 4B 1C 19 DA,temp=42.00
1779699308.302,0x100,8,00 51 53 DB 2D 78 F6 E9,speed=0.00
1779699308.400,0x200,8,04 64 7E E2 B0 0E 9F 52,fuel=100.00
1779699308.541,0x300,8,02 E5 4B 89 C9 8B AB EF,temp=42.00
1779699308.607,0x100,8,00 E4 0C 21 88 C7 B0 6F,speed=0.00
1779699308.704,0x200,8,87 64 34 42 A5 11 0A 9A,fuel=100.00
1779699308.767,0x300,8,02 5D 03 63 25 2F FB C1,temp=42.00
1779699308.876,0x100,8,00 AF 3B 7D CF 86 CD CE,speed=0.00
1779699308.955,0x200,8,A5 64 5E FB 10 44 04 5E,fuel=100.00
1779699309.062,0x300,8,02 C9 BF CD 2B BB 5E 2A,temp=42.00
1779699309.163,0x100,8,00 33 C0 AC 93 08 83 5F,speed=0.00
1779699309.276,0x200,8,F7 64 AF EE 1E 48 0E 6B,fuel=100.00
1779699309.385,0x300,8,02 B3 B6 13 73 AA 96 F9,temp=42.00
1779699309.510,0x100,8,00 18 A1 88 F7 8B ED 9A,speed=0.00
1779699309.628,0x200,8,EE 64 0A 47 08 B9 D2 91,fuel=100.00
1779699309.721,0x300,8,02 B6 58 57 61 A1 3C 1F,temp=42.00
1779699309.834,0x100,8,00 67 E1 C8 F5 2C 5C F9,speed=0.00
1779699309.916,0x200,8,0F 64 71 26 E5 B2 7F D6,fuel=100.00
1779699310.006,0x300,8,02 1A 19 1C 91 CF BD 6E,temp=42.00
1779699310.106,0x100,8,00 1F 72 C7 32 03 2C B5,speed=0.00
1779699310.194,0x200,8,AC 64 EC 44 7B 25 A7 CB,fuel=100.00
1779699310.295,0x300,8,02 C0 4F 56 1E AE 41 CE,temp=42.00
1779699310.377,0x100,8,00 1B 2F AC DC F8 E6 0E,speed=0.00
1779699310.458,0x200,8,FA 64 3A 15 02 97 5A 81,fuel=100.00
1779699310.561,0x300,8,02 F9 92 1F 2B B2 95 38,temp=42.00
1779699310.669,0x100,8,00 C6 24 28 74 22 0A 9C,speed=0.00
1779699310.743,0x200,8,1F 64 EA A6 8B 64 14 F5,fuel=100.00
1779699310.826,0x300,8,02 4A FE 78 93 59 6D 13,temp=42.00
1779699310.937,0x100,8,00 5C 18 8C 90 C7 4C 2F,speed=0.00
1779699311.023,0x200,8,4A 64 26 B7 04 5A 63 85,fuel=100.00
1779699311.132,0x300,8,02 A3 41 D9 31 B9 03 CA,temp=42.00
1779699311.209,0x100,8,00 70 D9 98 4D 5B 3D F7,speed=0.00
1779699311.305,0x200,8,8B 64 DF EC 01 4B AA 2F,fuel=100.00
1779699311.460,0x300,8,02 F1 6A 8C BF F9 3A F5,temp=42.00
1779699311.539,0x100,8,00 EE 44 97 E3 E6 54 F6,speed=0.00
1779699311.597,0x200,8,40 64 66 3F 35 A9 36 20,fuel=100.00
1779699311.720,0x300,8,02 A3 03 8E 18 63 B1 2C,temp=42.00
1779699311.965,0x100,8,00 98 27 90 02 46 EF 7D,speed=0.00
1779699312.081,0x200,8,85 64 B8 AA 2F F6 AA A0,fuel=100.00
1779699312.180,0x300,8,02 F3 56 4B 20 A4 DA 15,temp=42.00
1779699312.315,0x100,8,00 A0 56 B8 F9 47 FD 62,speed=0.00
1779699312.421,0x200,8,41 64 A8 55 FE 1C FA AC,fuel=100.00
1779699312.569,0x300,8,02 C4 BD 0D F0 D3 C1 59,temp=42.00
1779699312.629,0x100,8,00 97 D5 62 F8 1F D6 B2,speed=0.00
1779699312.730,0x200,8,94 64 C3 3F 7C 02 F6 CA,fuel=100.00
1779699312.858,0x300,8,02 1D B8 E2 AE E0 E4 C1,temp=42.00
1779699312.953,0x100,8,00 D0 08 80 99 B6 38 04,speed=0.00
1779699313.014,0x200,8,97 64 A7 19 B2 E1 33 73,fuel=100.00
1779699313.175,0x300,8,02 F7 09 12 46 80 D4 9A,temp=42.00
1779699313.311,0x100,8,00 61 E1 BD 10 5C 4E 77,speed=0.00
1779699313.436,0x200,8,E9 64 ED 4A 16 EC 08 CA,fuel=100.00
1779699313.611,0x300,8,02 A8 0A 3B E0 DB 46 89,temp=42.00
1779699313.672,0x100,8,00 D7 AF 58 34 0B B9 97,speed=0.00
1779699313.810,0x200,8,95 64 31 8E 4A 1A E8 A4,fuel=100.00
1779699313.950,0x300,8,02 6B 69 2B 94 98 DA B0,temp=42.00
1779699314.056,0x100,8,00 EC E8 7E 50 19 97 4E,speed=0.00
1779699314.114,0x200,8,7B 64 6D B1 CF 18 8A 15,fuel=100.00
1779699314.328,0x300,8,02 3E CE 69 3D 9D 17 F8,temp=42.00
1779699314.391,0x100,8,00 8F 76 88 33 A4 BA 02,speed=0.00
1779699314.481,0x200,8,13 64 59 45 F5 00 77 48,fuel=100.00
1779699314.585,0x300,8,02 20 6E DA D8 12 7F 48,temp=42.00
1779699314.687,0x100,8,00 1B A3 ED E1 44 8B 93,speed=0.00
1779699314.783,0x200,8,03 64 AC D4 86 83 37 61,fuel=100.00
1779699314.921,0x300,8,02 64 99 36 ED 98 D1 5D,temp=42.00
1779699315.065,0x100,8,00 70 D4 52 DC D6 05 08,speed=0.00
1779699315.420,0x200,8,F4 64 D0 5B 0B 06 B2 B8,fuel=100.00
1779699315.524,0x300,8,02 76 81 B1 15 9C E6 5D,temp=42.00
1779699315.610,0x100,8,00 14 CC D2 7B 0F 7C F2,speed=0.00
1779699315.780,0x200,8,BE 64 95 9B 99 1B 8E 71,fuel=100.00
1779699315.878,0x300,8,02 75 2E 8B 03 9C E0 7F,temp=42.00
1779699316.028,0x100,8,00 3A 70 CA C9 8E 69 DC,speed=0.00
1779699316.193,0x200,8,A3 64 35 C3 50 FD C5 28,fuel=100.00
1779699316.262,0x300,8,02 A7 A7 FE DA 4A 35 B6,temp=42.00
1779699316.421,0x100,8,00 2B 02 7C 5E 91 47 B3,speed=0.00
1779699316.497,0x200,8,0B 64 1E 27 CC D0 97 A8,fuel=100.00
1779699316.755,0x300,8,02 14 E7 B7 9A F9 D6 B3,temp=42.00
1779699316.954,0x100,8,00 44 F7 A6 41 6A 0A C5,speed=0.00
1779699317.173,0x200,8,63 64 A6 4A 3B 2C A9 30,fuel=100.00
1779699317.365,0x300,8,02 5A C3 07 56 5F 48 C8,temp=42.00
1779699317.508,0x100,8,00 76 9C E8 32 45 5B E8,speed=0.00
1779699317.622,0x200,8,4B 64 B5 9B F8 43 06 9F,fuel=100.00
1779699317.755,0x300,8,02 13 51 DB F0 83 B5 A5,temp=42.00
1779699317.854,0x100,8,00 EA 79 15 EB 69 93 4F,speed=0.00
1779699317.970,0x200,8,5A 64 6C 60 9E 47 38 B3,fuel=100.00
1779699318.095,0x300,8,02 3B 96 4F 3D BA 15 28,temp=42.00
1779699318.242,0x100,8,00 B8 32 2B 58 E8 CC 5A,speed=0.00
1779699318.309,0x200,8,D2 64 48 80 98 CC C8 C1,fuel=100.00
1779699318.589,0x300,8,02 F1 3A D9 45 8B D5 0D,temp=42.00
1779699318.724,0x100,8,00 81 83 A8 84 50 5F 73,speed=0.00
1779699318.832,0x200,8,12 64 D8 01 2F 6B C9 F1,fuel=100.00
1779699318.951,0x300,8,02 C5 EC CA 09 50 A6 2B,temp=42.00
1779699319.038,0x100,8,00 A5 9E E0 59 7C D0 9E,speed=0.00
