timestamp_s,can_id_hex,dlc,data_hex,signals_json
1779898578.645,0x300,8,02 B2 81 AF 3F CB 53 BB,temp=42.00
1779898578.822,0x100,8,00 E9 62 A8 A2 49 FB 11,speed=0.00
1779898578.929,0x200,8,1A 64 25 D0 84 9B A2 2A,fuel=100.00
1779898579.035,0x300,8,02 81 B9 B1 89 DE 7F 56,temp=42.00
1779898579.121,0x100,8,00 33 F8 47 D1 7C 5A 43,speed=0.00
1779898579.221,0x200,8,FD 64 B4 39 67 6A 35 99,fuel=100.00
1779898579.315,0x300,8,02 93 98 01 83 00 E0 20,temp=42.00
1779898579.394,0x100,8,00 C7 41 A0 69 79 EE 7B,speed=0.00
1779898579.502,0x200,8,BB 64 E5 20 21 51 8E 58,fuel=100.00
1779898579.596,0x300,8,02 CB AB 47 56 F4 F9 A1,temp=42.00
1779898579.681,0x100,8,00 95 83 F7 AD 22 95 1F,speed=0.00
1779898579.774,0x200,8,DE 64 6D C5 BC DC EF 93,fuel=100.00
1779898579.869,0x300,8,02 76 E7 66 76 62 D2 77,temp=42.00
1779898579.959,0x100,8,00 DE 5E 69 BF D9 74 4D,speed=0.00
1779898580.055,0x200,8,22 64 38 A0 B4 0A 31 1B,fuel=100.00
1779898580.134,0x300,8,02 2F 32 CA 0A 80 A9 DA,temp=42.00
1779898580.229,0x100,8,00 B1 03 67 CA 42 DF 7A,speed=0.00
1779898580.323,0x200,8,27 64 89 DF FC 82 56 C0,fuel=100.00
1779898580.418,0x300,8,02 A1 5D E6 AF FA 19 C1,temp=42.00
1779898580.536,0x100,8,00 71 6E 26 35 1F 35 FE,speed=0.00
1779898580.611,0x200,8,22 64 2D BD C1 F0 69 76,fuel=100.00
1779898580.725,0x300,8,02 A6 AE 29 FE BB 8B EB,temp=42.00
1779898580.819,0x100,8,00 9C 50 2B 39 F8 7D 2A,speed=0.00
1779898580.901,0x200,8,28 64 DB B9 16 95 1C 0A,fuel=100.00
1779898580.980,0x300,8,02 BC 52 E8 F6 22 11 2A,temp=42.00
1779898581.092,0x100,8,00 6F FB 54 16 D9 CA 9C,speed=0.00
1779898581.170,0x200,8,7D 64 67 6F 9F 4A 79 46,fuel=100.00
1779898581.270,0x300,8,02 F4 4A 09 25 9C 83 11,temp=42.00
1779898581.375,0x100,8,00 51 15 9E 62 97 73 CC,speed=0.00
1779898581.475,0x200,8,7E 64 F5 9B 40 D7 52 07,fuel=100.00
1779898581.585,0x300,8,02 27 59 65 60 D3 34 05,temp=42.00
1779898581.658,0x100,8,00 D6 67 26 C8 67 37 9E,speed=0.00
1779898581.754,0x200,8,83 64 88 67 50 8C 7F B8,fuel=100.00
1779898581.850,0x300,8,02 B9 42 78 61 0F 0E 2E,temp=42.00
1779898581.952,0x100,8,00 35 A3 4C 93 6D EC C4,speed=0.00
1779898582.046,0x200,8,04 64 20 F7 8E 4F E1 D7,fuel=100.00
1779898582.123,0x300,8,02 E4 7D 01 0B CA D9 2E,temp=42.00
1779898582.223,0x100,8,00 9B CA 1B 5E BB 76 65,speed=0.00
1779898582.315,0x200,8,77 64 B3 D4 CB F0 05 59,fuel=100.00
1779898582.405,0x300,8,02 E5 66 06 97 F1 7C BD,temp=42.00
1779898582.535,0x100,8,00 05 7E 68 77 8F CC AC,speed=0.00
1779898582.602,0x200,8,C3 64 20 EB FA 45 D2 89,fuel=100.00
1779898582.690,0x300,8,02 0D 08 65 78 60 92 9D,temp=42.00
1779898582.775,0x100,8,00 6E 22 54 16 61 23 88,speed=0.00
1779898582.873,0x200,8,62 64 90 6E DC 0A 84 D5,fuel=100.00
1779898582.977,0x300,8,02 A5 D3 7D BA 93 9A EE,temp=42.00
1779898583.088,0x100,8,00 3D 45 64 1E 63 AE CB,speed=0.00
1779898583.162,0x200,8,36 64 B0 3C 44 30 E4 ED,fuel=100.00
1779898583.265,0x300,8,02 39 E4 45 0E E2 BA 44,temp=42.00
1779898583.339,0x100,8,00 BB 01 7C 8F 2D 15 B7,speed=0.00
1779898583.441,0x200,8,39 64 FF FD 20 EA 88 B0,fuel=100.00
1779898583.541,0x300,8,02 63 C3 1C 11 18 97 D8,temp=42.00
1779898583.627,0x100,8,00 95 1B F3 8B D7 6C 90,speed=0.00
1779898583.735,0x200,8,18 64 F7 82 6A 5B 80 95,fuel=100.00
1779898583.809,0x300,8,02 65 3E A9 05 E9 BC 41,temp=42.00
1779898583.908,0x100,8,00 50 E8 38 2B CA 53 40,speed=0.00
1779898584.000,0x200,8,8B 64 2D 05 71 CC FB 11,fuel=100.00
1779898584.101,0x300,8,02 6E 1E 2E D3 44 DF 46,temp=42.00
1779898584.214,0x100,8,00 E9 3D 79 BA 4C 42 6A,speed=0.00
1779898584.290,0x200,8,3A 64 94 EF A7 F2 9B E2,fuel=100.00
1779898584.400,0x300,8,02 76 D3 28 56 26 E0 24,temp=42.00
1779898584.479,0x100,8,00 59 F0 56 6E 45 60 E1,speed=0.00
1779898584.570,0x200,8,55 64 15 AA 00 7A BD 24,fuel=100.00
1779898584.670,0x300,8,02 70 83 FB 48 52 43 A3,temp=42.00
1779898584.744,0x100,8,00 7B FB 11 D7 F8 72 BB,speed=0.00
1779898584.847,0x200,8,E5 64 6F 55 9A 72 C3 CD,fuel=100.00
1779898584.939,0x300,8,02 5B EA C7 95 83 5E E3,temp=42.00
1779898585.028,0x100,8,00 61 07 E0 99 08 D7 8A,speed=0.00
1779898585.134,0x200,8,89 64 E8 55 93 E9 A8 CA,fuel=100.00
1779898585.232,0x300,8,02 92 F6 45 18 E7 3B 4E,temp=42.00
1779898585.311,0x100,8,00 0E 72 89 29 C9 4C EB,speed=0.00
1779898585.426,0x200,8,FD 64 C6 E4 1C 68 F4 E3,fuel=100.00
1779898585.507,0x300,8,02 B3 25 D8 1A 57 87 4E,temp=42.00
1779898585.590,0x100,8,00 E0 30 D5 F3 E0 8B 3F,speed=0.00
1779898585.686,0x200,8,DB 64 45 45 10 2F 4B 43,fuel=100.00
1779898585.780,0x300,8,02 C9 28 0B D1 2B 51 EA,temp=42.00
1779898585.879,0x100,8,00 BC F8 02 DE B8 7B 9A,speed=0.00
1779898585.971,0x200,8,31 64 4F 68 67 4A 14 11,fuel=100.00
1779898586.062,0x300,8,02 7C 87 1F 81 E1 C6 67,temp=42.00
1779898586.164,0x100,8,00 0A BB C7 29 4D 68 03,speed=0.00
1779898586.250,0x200,8,87 64 4D 72 39 B7 F9 FF,fuel=100.00
1779898586.357,0x300,8,02 69 9E 68 59 FE 68 69,temp=42.00
1779898586.498,0x100,8,00 AD AA D2 2E 92 F7 14,speed=0.00
1779898586.578,0x200,8,6B 64 3D C7 3E A6 6A 6F,fuel=100.00
1779898586.645,0x300,8,02 1F F1 78 E0 44 DF 12,temp=42.00
1779898586.748,0x100,8,00 54 72 2A 58 B4 EA 34,speed=0.00
1779898586.823,0x200,8,69 64 A7 35 5A 32 55 BF,fuel=100.00
1779898586.920,0x300,8,02 EF 89 F3 EB BE 38 ED,temp=42.00
1779898587.010,0x100,8,00 E6 8B 90 34 37 8E 01,speed=0.00
1779898587.127,0x200,8,93 64 EF 08 71 E6 36 BF,fuel=100.00
1779898587.234,0x300,8,02 39 9E DB 19 70 FE 69,temp=42.00
1779898587.296,0x100,8,00 F6 00 5D 74 35 8B D6,speed=0.00
1779898587.411,0x200,8,61 64 72 87 76 E8 E4 16,fuel=100.00
1779898587.481,0x300,8,02 E7 D7 2F 52 9D 49 4C,temp=42.00
1779898587.581,0x100,8,00 33 A5 5D 7F 8A F7 69,speed=0.00
1779898587.679,0x200,8,65 64 A0 EA FA 6E 7C 2D,fuel=100.00
1779898587.776,0x300,8,02 90 B2 A5 57 B1 F3 BE,temp=42.00
1779898587.858,0x100,8,00 63 06 D3 79 2C ED A3,speed=0.00
1779898587.957,0x200,8,BB 64 05 F3 67 3E 24 AA,fuel=100.00
1779898588.044,0x300,8,02 A0 B2 9D C0 22 CB D3,temp=42.00
1779898588.138,0x100,8,00 81 A8 08 A1 4B 66 37,speed=0.00
1779898588.245,0x200,8,32 64 3F 61 03 D5 8A 18,fuel=100.00
1779898588.347,0x300,8,02 C7 72 B8 B3 F6 68 85,temp=42.00
1779898588.436,0x100,8,00 24 7B E4 DC 40 77 D2,speed=0.00
1779898588.510,0x200,8,AE 64 F1 54 8C D4 85 BB,fuel=100.00
1779898588.631,0x300,8,02 FC 19 CC 84 32 E7 F1,temp=42.00
1779898588.724,0x100,8,00 3B 2E B5 6C D9 7E 51,speed=0.00
1779898588.818,0x200,8,EB 64 08 4B 6A B1 68 4E,fuel=100.00
1779898588.908,0x300,8,02 35 2B 5E 45 10 50 D4,temp=42.00
1779898588.986,0x100,8,00 50 5F 5B 3F D8 EF E9,speed=0.00
1779898589.095,0x200,8,60 64 08 C7 D5 B0 5F 87,fuel=100.00
1779898589.179,0x300,8,02 E7 87 B0 23 9A 91 65,temp=42.00
1779898589.268,0x100,8,00 99 F4 D7 E2 E0 EE F4,speed=0.00
1779898589.355,0x200,8,32 64 22 F7 CB 5F DD 87,fuel=100.00
1779898589.458,0x300,8,02 A3 AD A1 4E 04 DE 1B,temp=42.00
1779898589.556,0x100,8,00 8F F2 9C 92 B7 D5 DB,speed=0.00
1779898589.663,0x200,8,2D 64 9C BA 76 8E F5 E8,fuel=100.00
1779898589.735,0x300,8,02 81 A9 2B D7 85 DC 68,temp=42.00
1779898589.826,0x100,8,00 B1 AE 58 26 34 1C C9,speed=0.00
1779898589.934,0x200,8,B4 64 71 27 B5 35 67 08,fuel=100.00
1779898590.038,0x300,8,02 B4 7B 79 78 C7 68 1F,temp=42.00
1779898590.105,0x100,8,00 7D 91 A9 D0 D3 FB 09,speed=0.00
1779898590.202,0x200,8,E0 64 63 31 0F 3F 34 C4,fuel=100.00
1779898590.303,0x300,8,02 97 0B C2 ED 1A EC 62,temp=42.00
1779898590.412,0x100,8,00 2E 57 30 27 65 64 BB,speed=0.00
1779898590.488,0x200,8,DC 64 5F 0D FA 3C 88 B9,fuel=100.00
1779898590.575,0x300,8,02 EC 3D F7 B0 B6 15 C9,temp=42.00
1779898590.686,0x100,8,00 3B 7D EB D6 C4 33 BF,speed=0.00
1779898590.783,0x200,8,98 64 F3 CD BF CC AF 54,fuel=100.00
1779898590.858,0x300,8,02 3A 21 D2 7E 81 AC F9,temp=42.00
1779898590.966,0x100,8,00 18 E6 EE 23 AC F4 38,speed=0.00
1779898591.045,0x200,8,EB 64 F3 D7 59 98 40 34,fuel=100.00
1779898591.142,0x300,8,02 B2 DB 9A 6D E7 D8 22,temp=42.00
1779898591.245,0x100,8,00 76 0B 07 9A 0B 3B 5D,speed=0.00
1779898591.333,0x200,8,91 64 DF 3E 0B C8 9E C9,fuel=100.00
1779898591.439,0x300,8,02 CA 37 11 7E A7 2C B5,temp=42.00
1779898591.532,0x100,8,00 95 C8 AE A7 8E 49 3F,speed=0.00
1779898591.607,0x200,8,FF 64 93 D7 18 B1 D1 23,fuel=100.00
1779898591.700,0x300,8,02 C2 77 BC D8 9E 4E 2A,temp=42.00
1779898591.822,0x100,8,00 EF DA FD 93 D8 14 45,speed=0.00
1779898591.894,0x200,8,97 64 F6 22 F2 B1 D5 10,fuel=100.00
1779898591.991,0x300,8,02 46 C1 A1 75 3F F2 E6,temp=42.00
1779898592.091,0x100,8,00 FA A6 D4 AB 82 96 F3,speed=0.00
1779898592.175,0x200,8,69 64 53 EE 62 4E C4 66,fuel=100.00
1779898592.264,0x300,8,02 4C F1 78 98 88 C8 21,temp=42.00
1779898592.386,0x100,8,00 B2 3A 20 76 8A 42 25,speed=0.00
1779898592.463,0x200,8,72 64 3B B8 54 C7 A7 A1,fuel=100.00
1779898592.562,0x300,8,02 D6 F2 52 EA 3C 5F DD,temp=42.00
1779898592.667,0x100,8,00 BF 96 1F B9 8F AC 36,speed=0.00
1779898592.764,0x200,8,BA 64 A2 71 5A C0 A5 5A,fuel=100.00
1779898592.845,0x300,8,02 5C 9B 19 21 DE 89 77,temp=42.00
1779898592.941,0x100,8,00 08 CC A8 74 3B 45 8A,speed=0.00
1779898593.015,0x200,8,77 64 52 C2 D1 20 B3 43,fuel=100.00
1779898593.121,0x300,8,02 ED 7F 16 0D A2 85 E0,temp=42.00
1779898593.223,0x100,8,00 87 EE 1F 19 1D FB D6,speed=0.00
1779898593.329,0x200,8,D5 64 49 CB 6B 35 05 F4,fuel=100.00
1779898593.440,0x300,8,02 85 2C 47 98 DB EB 0E,temp=42.00
1779898593.525,0x100,8,00 74 5D 3A 1C C5 E7 D4,speed=0.00
1779898593.601,0x200,8,52 64 1E 22 69 41 1E 9C,fuel=100.00
1779898593.711,0x300,8,02 E1 C2 60 CE D2 D2 0B,temp=42.00
1779898593.794,0x100,8,00 65 07 71 51 ED 1D 3C,speed=0.00
1779898593.870,0x200,8,3A 64 61 61 07 D7 DA 89,fuel=100.00
1779898593.989,0x300,8,02 A8 DE 9F DC B5 60 4B,temp=42.00
1779898594.093,0x100,8,00 27 B2 EE 4E 77 8A 32,speed=0.00
1779898594.180,0x200,8,D1 64 BB 42 82 8A B5 11,fuel=100.00
1779898594.256,0x300,8,02 84 8F 39 E0 14 EC 41,temp=42.00
1779898594.351,0x100,8,00 C3 AF 7F 56 6B 3C 7A,speed=0.00
1779898594.453,0x200,8,6F 64 ED 8D 93 D1 B8 8E,fuel=100.00
1779898594.565,0x300,8,02 C7 9E 8F 71 24 99 9E,temp=42.00
1779898594.628,0x100,8,00 BB 39 E1 A5 FA 82 1E,speed=0.00
1779898594.732,0x200,8,AC 64 C5 C4 96 0E 32 81,fuel=100.00
1779898594.823,0x300,8,02 B3 D8 61 3C C5 AC DD,temp=42.00
1779898594.905,0x100,8,00 25 3A A5 8A 13 55 01,speed=0.00
1779898595.012,0x200,8,0E 64 55 94 96 32 D9 4C,fuel=100.00
1779898595.098,0x300,8,02 98 54 EB F0 DC 02 6C,temp=42.00
1779898595.227,0x100,8,00 8F 1F C0 90 5B 0E 89,speed=0.00
1779898595.288,0x200,8,F5 64 67 B5 9E A4 10 51,fuel=100.00
1779898595.383,0x300,8,02 37 12 76 3F 73 65 05,temp=42.00
1779898595.485,0x100,8,00 65 9A 47 DF 08 3C D4,speed=0.00
1779898595.590,0x200,8,48 64 B4 95 CD 7E 2C FD,fuel=100.00
1779898595.658,0x300,8,02 FB 00 89 0E 70 4C 47,temp=42.00
1779898595.757,0x100,8,00 AC BC E2 48 72 88 4F,speed=0.00
1779898595.853,0x200,8,7B 64 B6 A2 1D C8 E0 A1,fuel=100.00
1779898595.948,0x300,8,02 28 4F 1D 55 32 20 C5,temp=42.00
1779898596.063,0x100,8,00 28 5C 37 F5 87 46 59,speed=0.00
1779898596.138,0x200,8,75 64 42 83 80 D5 66 67,fuel=100.00
1779898596.232,0x300,8,02 CF 35 11 A7 4A 91 88,temp=42.00
1779898596.348,0x100,8,00 0E 25 BC 18 79 E6 67,speed=0.00
1779898596.408,0x200,8,DF 64 18 F8 29 82 B6 48,fuel=100.00
1779898596.510,0x300,8,02 DC AC 62 EE D5 97 24,temp=42.00
1779898596.643,0x100,8,00 B0 07 51 36 69 2B DE,speed=0.00
1779898596.687,0x200,8,1E 64 2D 53 A8 D1 D9 E6,fuel=100.00
1779898596.793,0x300,8,02 87 0C 71 FF 7E 5E 4F,temp=42.00
1779898596.871,0x100,8,00 2B AF 40 A6 E0 13 6E,speed=0.00
1779898596.975,0x200,8,55 64 37 EB 97 D9 AD 90,fuel=100.00
1779898597.073,0x300,8,02 7E E5 B0 82 00 AD 2D,temp=42.00
1779898597.160,0x100,8,00 8C 79 75 FE B9 01 9E,speed=0.00
1779898597.257,0x200,8,E2 64 44 A9 06 61 1A A0,fuel=100.00
1779898597.342,0x300,8,02 4D CC BD 0E 79 16 76,temp=42.00
1779898597.444,0x100,8,00 3E 74 CF 4E A2 BF B3,speed=0.00
1779898597.555,0x200,8,D7 64 8E 72 F9 D0 54 E7,fuel=100.00
1779898597.618,0x300,8,02 C2 7D 0E 2F 09 A2 67,temp=42.00
1779898597.713,0x100,8,00 7A FF 4C 2B 44 DE 8E,speed=0.00
1779898597.819,0x200,8,76 64 05 19 8C B0 54 2C,fuel=100.00
1779898597.920,0x300,8,02 0E DE 2C 61 E4 B3 00,temp=42.00
1779898597.999,0x100,8,00 5F 8D 7C A8 41 70 14,speed=0.00
1779898598.108,0x200,8,6D 64 EE 65 2E 0D 9A 05,fuel=100.00
1779898598.189,0x300,8,02 A2 0D A2 9C A2 7A D8,temp=42.00
1779898598.315,0x100,8,00 AE 41 1C F4 95 25 8F,speed=0.00
1779898598.392,0x200,8,EF 64 9B E7 C2 45 A4 BB,fuel=100.00
1779898598.480,0x300,8,02 F0 4C 20 F0 C5 DE 27,temp=42.00
1779898598.570,0x100,8,00 64 A0 86 F5 DB EB 74,speed=0.00
1779898598.657,0x200,8,39 64 03 0A FD 26 CC 9C,fuel=100.00
1779898598.777,0x300,8,02 67 06 78 AC DA FB 16,temp=42.00
1779898598.849,0x100,8,00 26 21 BB 32 A0 B8 E8,speed=0.00
1779898598.960,0x200,8,73 64 52 79 0F C5 6D 7B,fuel=100.00
1779898599.042,0x300,8,02 D5 D1 69 9C CE 1D 15,temp=42.00
1779898599.124,0x100,8,00 DB BB 54 09 A3 DC 06,speed=0.00
1779898599.230,0x200,8,9E 64 C6 4E 83 E7 F7 BD,fuel=100.00
1779898599.334,0x300,8,02 9C 56 65 16 50 71 D5,temp=42.00
1779898599.410,0x100,8,00 CB 3C 78 14 F6 8B CC,speed=0.00
1779898599.541,0x200,8,59 64 1D E8 3C 18 3D CD,fuel=100.00
1779898599.623,0x300,8,02 F0 DE FA C4 63 53 43,temp=42.00
1779898599.693,0x100,8,00 E9 F0 12 57 D8 87 1F,speed=0.00
1779898599.805,0x200,8,D1 64 E7 5C 8C 88 7B 7D,fuel=100.00
1779898599.877,0x300,8,02 AC 93 19 42 12 8E AA,temp=42.00
1779898599.994,0x100,8,00 26 47 39 7F 1A D5 FF,speed=0.00
1779898600.072,0x200,8,B0 64 90 51 44 0B 1D 8E,fuel=100.00
1779898600.166,0x300,8,02 7A D8 E3 1D CB 05 9F,temp=42.00
1779898600.246,0x100,8,00 BD 2C B8 48 49 C0 55,speed=0.00
1779898600.372,0x200,8,70 64 AB 29 78 51 CA 38,fuel=100.00
1779898600.445,0x300,8,02 E7 BA 5D 82 A9 66 CD,temp=42.00
1779898600.535,0x100,8,00 9C F8 F4 45 F6 50 D3,speed=0.00
1779898600.640,0x200,8,9E 64 A0 D1 59 63 A1 CD,fuel=100.00
1779898600.735,0x300,8,02 43 5D 22 A9 C4 DC 35,temp=42.00
1779898600.811,0x100,8,00 13 A8 50 C9 EB C9 C4,speed=0.00
1779898600.918,0x200,8,3A 64 24 CD 91 23 69 95,fuel=100.00
1779898601.002,0x300,8,02 16 06 5E 1E 9B E7 86,temp=42.00
1779898601.099,0x100,8,00 2A C2 EB AF 4B C8 0E,speed=0.00
1779898601.199,0x200,8,CA 64 89 33 71 FA 5C 31,fuel=100.00
1779898601.281,0x300,8,02 A3 79 1E 7A D3 D6 3F,temp=42.00
1779898601.382,0x100,8,00 2F EC 92 4A 0C 72 73,speed=0.00
1779898601.476,0x200,8,80 64 09 2D 7B 2E 13 02,fuel=100.00
1779898601.571,0x300,8,02 F4 A9 38 22 70 AB 2F,temp=42.00
1779898601.672,0x100,8,00 45 7E 81 A0 40 CF FD,speed=0.00
1779898601.774,0x200,8,84 64 17 58 97 FF 9D 8B,fuel=100.00
1779898601.880,0x300,8,02 8B E5 D7 69 C5 8C 0A,temp=42.00
1779898601.962,0x100,8,00 C5 E5 5D 20 08 6B B1,speed=0.00
1779898602.048,0x200,8,1C 64 A0 1B 6F 52 D7 1D,fuel=100.00
1779898602.121,0x300,8,02 8D 10 6E 3A 49 AC 3F,temp=42.00
1779898602.237,0x100,8,00 31 A3 67 39 6F 5F C8,speed=0.00
1779898602.315,0x200,8,F4 64 06 BD 30 D1 4B 73,fuel=100.00
1779898602.426,0x300,8,02 70 CF 55 67 E2 2B 2F,temp=42.00
1779898602.498,0x100,8,00 07 26 63 20 22 DC C5,speed=0.00
1779898602.621,0x200,8,63 64 18 A6 EB 84 7B 79,fuel=100.00
1779898602.711,0x300,8,02 EE 64 60 65 63 2D 72,temp=42.00
1779898602.789,0x100,8,00 E4 B6 93 59 F3 C2 CD,speed=0.00
1779898602.869,0x200,8,61 64 E1 C4 B3 03 89 44,fuel=100.00
1779898602.982,0x300,8,02 1B 05 8B 60 0B 44 8F,temp=42.00
1779898603.080,0x100,8,00 D6 D4 08 53 CE C3 D9,speed=0.00
1779898603.163,0x200,8,A4 64 57 31 35 0F FE BB,fuel=100.00
1779898603.254,0x300,8,02 34 F8 BA 12 23 CE 27,temp=42.00
1779898603.337,0x100,8,00 B9 8A 7B 7A B8 15 13,speed=0.00
1779898603.458,0x200,8,44 64 53 41 14 10 9D 28,fuel=100.00
1779898603.565,0x300,8,02 3F A0 05 83 6F 5D 2E,temp=42.00
1779898603.622,0x100,8,00 86 2D 48 7F 25 90 E1,speed=0.00
1779898603.726,0x200,8,D5 64 90 A8 59 20 74 49,fuel=100.00
1779898603.839,0x300,8,02 B7 64 B7 84 2D C8 8B,temp=42.00
1779898603.915,0x100,8,00 BE 29 89 2E C6 0D 6C,speed=0.00
1779898604.002,0x200,8,C4 64 A5 0B 99 9E 24 AB,fuel=100.00
1779898604.132,0x300,8,02 4F C1 8B 7A 29 30 5B,temp=42.00
1779898604.202,0x100,8,00 F9 D2 CB 08 BA BB 6D,speed=0.00
1779898604.316,0x200,8,83 64 83 0F 19 99 4A 3F,fuel=100.00
1779898604.400,0x300,8,02 EA CE D1 FE D4 5C 43,temp=42.00
1779898604.553,0x100,8,00 DC 90 71 95 83 05 38,speed=0.00
1779898604.591,0x200,8,D0 64 A4 FD 66 7A AA 50,fuel=100.00
1779898604.676,0x300,8,02 FE 7B 7E 02 EE F2 54,temp=42.00
1779898604.782,0x100,8,00 44 0D 55 62 4A B0 A6,speed=0.00
1779898604.872,0x200,8,7A 64 27 4D 56 5A EB 2C,fuel=100.00
1779898604.987,0x300,8,02 F4 5C A6 62 11 9E CA,temp=42.00
1779898605.072,0x100,8,00 1B A7 BD 14 F4 00 2B,speed=0.00
1779898605.154,0x200,8,7D 64 58 1E D4 A3 7A EE,fuel=100.00
1779898605.295,0x300,8,02 1A F8 1C 6C 27 FE D6,temp=42.00
1779898605.369,0x100,8,00 38 AF 9C A4 CA BB 7B,speed=0.00
1779898605.444,0x200,8,71 64 88 B6 BB 0E 80 8E,fuel=100.00
1779898605.559,0x300,8,02 AC DF C5 DC 34 E8 3A,temp=42.00
1779898605.623,0x100,8,00 08 0B 5D B7 5D 1A F3,speed=0.00
1779898605.722,0x200,8,40 64 69 8E A3 B7 24 25,fuel=100.00
1779898605.838,0x300,8,02 BC 63 07 F6 05 F7 1D,temp=42.00
1779898605.927,0x100,8,00 C3 3E 72 E7 31 55 7C,speed=0.00
1779898606.009,0x200,8,9F 64 28 3A D8 90 1C 37,fuel=100.00
1779898606.096,0x300,8,02 42 4C C0 CF 80 C6 25,temp=42.00
1779898606.216,0x100,8,00 7E C4 12 6F BF B4 15,speed=0.00
1779898606.308,0x200,8,F9 64 54 04 77 2A BB 67,fuel=100.00
1779898606.387,0x300,8,02 61 BF 5A 0B 59 92 89,temp=42.00
1779898606.480,0x100,8,00 57 22 33 B1 77 DB 6D,speed=0.00
1779898606.566,0x200,8,A4 64 A3 88 00 DF 35 48,fuel=100.00
1779898606.657,0x300,8,02 46 D8 E7 48 56 A4 21,temp=42.00
1779898606.756,0x100,8,00 A1 F1 22 52 2E C9 D4,speed=0.00
1779898606.864,0x200,8,42 64 28 50 50 6C 3C 10,fuel=100.00
1779898606.949,0x300,8,02 8C 50 40 DE 32 48 B7,temp=42.00
1779898607.030,0x100,8,00 EB 9F 56 1B 5C 3B 08,speed=0.00
1779898607.149,0x200,8,D8 64 10 9C CB 84 80 F4,fuel=100.00
1779898607.228,0x300,8,02 A9 A9 B7 44 FC 0D 0E,temp=42.00
1779898607.316,0x100,8,00 D0 47 EE 40 93 9E BD,speed=0.00
1779898607.417,0x200,8,30 64 ED C9 17 5A 67 11,fuel=100.00
1779898607.497,0x300,8,02 48 8B B8 56 56 AA F1,temp=42.00
1779898607.660,0x100,8,00 71 88 8F 6F 4B 6A FB,speed=0.00
1779898607.696,0x200,8,55 64 13 2C 0D 5E 4B 0F,fuel=100.00
1779898607.796,0x300,8,02 BD 96 DA 56 BC 4D 6E,temp=42.00
1779898607.904,0x100,8,00 66 41 8F 31 18 B8 0C,speed=0.00
1779898607.975,0x200,8,FF 64 9D 9D 38 44 0B 4B,fuel=100.00
1779898608.060,0x300,8,02 8F EC 65 51 CF 61 82,temp=42.00
1779898608.172,0x100,8,00 2F 6C 83 08 A0 AA F2,speed=0.00
1779898608.262,0x200,8,B5 64 29 0D 57 4D F9 1A,fuel=100.00
1779898608.347,0x300,8,02 3E 78 1F 60 F9 87 84,temp=42.00
1779898608.460,0x100,8,00 D7 EB 1A D8 8E DF 64,speed=0.00
1779898608.549,0x200,8,D9 64 35 2F 52 03 17 BB,fuel=100.00
1779898608.620,0x300,8,02 57 D4 20 CB 9C E9 D8,temp=42.00
1779898608.728,0x100,8,00 A1 FC 16 CF 14 55 08,speed=0.00
1779898608.840,0x200,8,E7 64 47 3D 10 29 2F 95,fuel=100.00
1779898608.914,0x300,8,02 44 E5 8E 26 6A 1E AF,temp=42.00
1779898609.026,0x100,8,00 60 FD 8E 9C EA BE 6C,speed=0.00
1779898609.090,0x200,8,2F 64 87 A2 DF 0D A6 98,fuel=100.00
1779898609.192,0x300,8,02 DA 6F 69 7B EC 76 BA,temp=42.00
1779898609.308,0x100,8,00 34 38 1A F5 AB 22 AD,speed=0.00
1779898609.383,0x200,8,91 64 2B 9E E6 4D EF B7,fuel=100.00
1779898609.497,0x300,8,02 03 0D A6 00 CF 03 75,temp=42.00
1779898609.585,0x100,8,00 BF 28 99 B7 37 B0 67,speed=0.00
1779898609.650,0x200,8,1F 64 29 3B 56 A5 50 F2,fuel=100.00
1779898609.764,0x300,8,02 B5 FC FA B6 79 3F 3A,temp=42.00
1779898609.849,0x100,8,00 E8 93 A9 3C 03 34 3D,speed=0.00
1779898609.964,0x200,8,AC 64 3D 28 99 F1 E6 55,fuel=100.00
1779898610.046,0x300,8,02 5A 5F 75 F3 AC 72 A0,temp=42.00
1779898610.129,0x100,8,00 F2 D4 43 D6 79 2F A7,speed=0.00
1779898610.241,0x200,8,21 64 6F 0A DF 2C 8B EF,fuel=100.00
1779898610.322,0x300,8,02 AD E9 3A 91 56 70 19,temp=42.00
1779898610.431,0x100,8,00 59 AF 44 0A 78 EE 55,speed=0.00
1779898610.511,0x200,8,3E 64 7E B1 62 72 6A A4,fuel=100.00
1779898610.608,0x300,8,02 64 E6 31 E2 02 AE 27,temp=42.00
1779898610.705,0x100,8,00 1B 01 87 6D 9D A2 D3,speed=0.00
1779898610.803,0x200,8,9A 64 81 1C F1 96 A8 74,fuel=100.00
1779898610.875,0x300,8,02 61 FB B6 65 94 3A B2,temp=42.00
1779898610.998,0x100,8,00 42 F1 7A A4 8D 67 05,speed=0.00
1779898611.072,0x200,8,9A 64 CB C5 7D 77 02 0F,fuel=100.00
1779898611.158,0x300,8,02 43 9D 3F 7E 00 4C A1,temp=42.00
1779898611.275,0x100,8,00 2A 76 F6 00 05 B1 DF,speed=0.00
1779898611.350,0x200,8,B4 64 E9 EB FD BF 08 99,fuel=100.00
1779898611.439,0x300,8,02 96 17 AD 25 12 15 47,temp=42.00
1779898611.549,0x100,8,00 66 1B B3 D6 FD 37 EC,speed=0.00
1779898611.641,0x200,8,1D 64 77 90 15 B3 6C 4E,fuel=100.00
1779898611.735,0x300,8,02 28 2E DB 93 02 2E FF,temp=42.00
1779898611.827,0x100,8,00 FC 22 3F F7 AB 46 8E,speed=0.00
1779898611.907,0x200,8,23 64 2B C4 EE 2F DA 0B,fuel=100.00
1779898612.007,0x300,8,02 E2 5A 83 6F B4 1D 1E,temp=42.00
1779898612.119,0x100,8,00 2E 39 AB B0 B8 50 B2,speed=0.00
1779898612.210,0x200,8,A9 64 29 78 42 2B DA C2,fuel=100.00
1779898612.317,0x300,8,02 59 72 48 1F C6 FE E6,temp=42.00
1779898612.394,0x100,8,00 6D 21 50 3A 67 CF 94,speed=0.00
1779898612.488,0x200,8,80 64 88 4B 9A AF FE 1E,fuel=100.00
1779898612.600,0x300,8,02 3E BD 70 0A CB 55 6E,temp=42.00
1779898612.681,0x100,8,00 F1 DB A8 DA AE 08 17,speed=0.00
1779898612.765,0x200,8,84 64 D4 0C C1 3E 09 AC,fuel=100.00
1779898612.865,0x300,8,02 84 1A 75 97 3F CC 74,temp=42.00
1779898612.976,0x100,8,00 C5 08 11 4C 5E 37 C5,speed=0.00
1779898613.050,0x200,8,25 64 D0 8A BA 27 52 B5,fuel=100.00
1779898613.160,0x300,8,02 18 BC ED A1 3F 8A 7B,temp=42.00
1779898613.240,0x100,8,00 DF 84 1B 55 64 6D 62,speed=0.00
1779898613.343,0x200,8,28 64 D9 B6 C1 A2 F2 85,fuel=100.00
1779898613.419,0x300,8,02 B9 EE 37 1D 11 9F 9A,temp=42.00
1779898613.532,0x100,8,00 D2 37 2B 0B B6 08 73,speed=0.00
1779898613.616,0x200,8,E9 64 34 BD 31 A4 F2 1D,fuel=100.00
1779898613.707,0x300,8,02 67 10 C1 11 C3 28 EC,temp=42.00
1779898613.804,0x100,8,00 DA B7 F8 4C 3F EA 1F,speed=0.00
1779898613.891,0x200,8,A4 64 D0 78 84 2F 96 CD,fuel=100.00
1779898613.993,0x300,8,02 B5 5C B7 CA 7C F5 68,temp=42.00
1779898614.083,0x100,8,00 6C 8E D4 49 E7 72 EF,speed=0.00
1779898614.185,0x200,8,F3 64 BF DA CB 93 72 02,fuel=100.00
1779898614.289,0x300,8,02 39 89 C5 45 F9 BE 46,temp=42.00
1779898614.355,0x100,8,00 5A 85 A5 82 37 0C 41,speed=0.00
1779898614.450,0x200,8,3B 64 EE 19 51 EB FD 6A,fuel=100.00
1779898614.569,0x300,8,02 B4 F1 26 4A C2 75 84,temp=42.00
1779898614.638,0x100,8,00 B2 35 A8 64 D1 FF 4E,speed=0.00
1779898614.726,0x200,8,0B 64 B4 DC 43 11 1D AF,fuel=100.00
1779898614.825,0x300,8,02 B0 04 FD 6A E9 63 FA,temp=42.00
1779898614.929,0x100,8,00 78 CD B0 08 CA DB 19,speed=0.00
1779898615.041,0x200,8,FE 64 EE 4E 53 17 20 2A,fuel=100.00
1779898615.126,0x300,8,02 5F 20 92 9B 81 D0 0F,temp=42.00
1779898615.207,0x100,8,00 12 69 9F C1 C3 66 07,speed=0.00
1779898615.299,0x200,8,CC 64 1C 23 F8 03 19 82,fuel=100.00
1779898615.389,0x300,8,02 4B 5E 13 CD E3 E0 3F,temp=42.00
1779898615.498,0x100,8,00 D8 56 08 91 28 4C 85,speed=0.00
1779898615.590,0x200,8,36 64 91 9C 40 4E CF F7,fuel=100.00
1779898615.683,0x300,8,02 57 2A 3F 28 F4 75 F1,temp=42.00
1779898615.783,0x100,8,00 0A 6E 38 EE 77 B6 31,speed=0.00
1779898615.870,0x200,8,01 64 6D FB AF 3C 31 16,fuel=100.00
1779898615.953,0x300,8,02 74 EC 61 11 08 80 38,temp=42.00
1779898616.043,0x100,8,00 9F D0 1A E1 CA 4B 17,speed=0.00
1779898616.150,0x200,8,E3 64 51 50 82 AC 9E C6,fuel=100.00
1779898616.234,0x300,8,02 15 7D 69 01 A3 63 6A,temp=42.00
1779898616.340,0x100,8,00 41 6B C9 AB 4D 16 F6,speed=0.00
1779898616.437,0x200,8,C1 64 5D 2D 36 4E 51 F5,fuel=100.00
1779898616.521,0x300,8,02 49 D2 4C B8 F5 FF 0B,temp=42.00
1779898616.614,0x100,8,00 0E FB 3E DF EF 34 CE,speed=0.00
1779898616.709,0x200,8,FF 64 B1 A6 4E CB FA 9C,fuel=100.00
1779898616.808,0x300,8,02 FA 5B 24 FF 38 45 02,temp=42.00
1779898616.893,0x100,8,00 2D B2 EA 7A 36 3C D5,speed=0.00
1779898616.987,0x200,8,E6 64 70 B1 57 54 B3 DD,fuel=100.00
1779898617.090,0x300,8,02 C8 03 54 D3 54 A5 51,temp=42.00
1779898617.169,0x100,8,00 7A 7D 03 67 03 87 C6,speed=0.00
1779898617.306,0x200,8,F4 64 49 02 4B 90 10 53,fuel=100.00
1779898617.358,0x300,8,02 D9 D0 71 6F 92 C9 EC,temp=42.00
1779898617.479,0x100,8,00 EB 56 62 34 9E 68 D9,speed=0.00
1779898617.572,0x200,8,73 64 6D BD E3 D1 D0 65,fuel=100.00
1779898617.655,0x300,8,02 76 71 BB 49 C9 7C 6B,temp=42.00
1779898617.743,0x100,8,00 70 07 D8 CC 8C DF BF,speed=0.00
1779898617.848,0x200,8,F0 64 81 FD 42 EC 1E 60,fuel=100.00
1779898617.968,0x300,8,02 66 6F FC 2C ED 3E 50,temp=42.00
1779898618.021,0x100,8,00 DE 54 29 F7 CC AC A4,speed=0.00
1779898618.111,0x200,8,13 64 64 E5 FF 07 63 13,fuel=100.00
1779898618.234,0x300,8,02 1B 4C 37 D2 50 99 2E,temp=42.00
1779898618.332,0x100,8,00 FF B3 C4 58 44 D0 C3,speed=0.00
1779898618.391,0x200,8,0C 64 A6 82 44 BE 2B 1C,fuel=100.00
1779898618.501,0x300,8,02 9A C1 03 10 91 0B 94,temp=42.00
1779898618.580,0x100,8,00 12 B1 D5 52 39 3D 52,speed=0.00
1779898618.691,0x200,8,EF 64 46 0C B8 48 1C BB,fuel=100.00
1779898618.780,0x300,8,02 9F B9 46 66 AB EE 43,temp=42.00
1779898618.856,0x100,8,00 73 6E 49 7B 6C 74 2B,speed=0.00
1779898618.960,0x200,8,CF 64 DA 3D 06 CC FF CE,fuel=100.00
1779898619.069,0x300,8,02 C2 B3 34 60 8E CC E3,temp=42.00
1779898619.134,0x100,8,00 D7 CA 7F AC 6E 58 11,speed=0.00
1779898619.251,0x200,8,21 64 2D 74 D6 4B D7 9D,fuel=100.00
1779898619.332,0x300,8,02 89 87 D8 56 99 9E E1,temp=42.00
1779898619.448,0x100,8,00 45 FD 80 B8 9F E8 E2,speed=0.00
1779898619.520,0x200,8,C3 64 ED A3 E2 90 8F 87,fuel=100.00
1779898619.622,0x300,8,02 C8 0A A4 50 2A EE 6C,temp=42.00
1779898619.727,0x100,8,00 55 ED 2E BB CF D3 02,speed=0.00
1779898619.797,0x200,8,F5 64 5D E5 04 12 42 D5,fuel=100.00
1779898619.905,0x300,8,02 88 BF 5A DD 61 D7 BE,temp=42.00
1779898619.986,0x100,8,00 67 3E 1A EC 9A 40 79,speed=0.00
1779898620.083,0x200,8,4B 64 71 62 DB 12 93 97,fuel=100.00
1779898620.191,0x300,8,02 CC 51 D9 A2 3B DF FA,temp=42.00
1779898620.273,0x100,8,00 1A 71 C3 0C 39 A3 82,speed=0.00
1779898620.367,0x200,8,95 64 3F 3F 7D 9D C0 BE,fuel=100.00
1779898620.487,0x300,8,02 47 67 51 E6 BD ED C7,temp=42.00
1779898620.583,0x100,8,00 37 83 1A CF 1F FA 1F,speed=0.00
1779898620.638,0x200,8,05 64 C2 0A 7D D3 AC FB,fuel=100.00
1779898620.730,0x300,8,02 01 A6 25 B9 47 B7 51,temp=42.00
1779898620.835,0x100,8,00 0A 2F 54 A6 FD 7E E5,speed=0.00
1779898620.917,0x200,8,13 64 8E 97 67 D1 87 93,fuel=100.00
1779898621.031,0x300,8,02 A1 CB 10 A0 0D C2 4C,temp=42.00
1779898621.119,0x100,8,00 33 25 96 8B 81 FD D4,speed=0.00
1779898621.216,0x200,8,03 64 1E 8B EF B9 99 84,fuel=100.00
1779898621.335,0x300,8,02 07 FE 2C DB 17 55 BC,temp=42.00
1779898621.420,0x100,8,00 2E 5D B9 2A 93 C9 67,speed=0.00
1779898621.505,0x200,8,5F 64 23 48 AC F6 CF 7F,fuel=100.00
1779898621.623,0x300,8,02 CA DA 83 09 D1 C8 7C,temp=42.00
1779898621.726,0x100,8,00 62 84 AF E7 29 7E 1B,speed=0.00
1779898621.824,0x200,8,E1 64 B9 F7 AC E4 1D A3,fuel=100.00
1779898621.899,0x300,8,02 6B 7F 57 86 09 50 5F,temp=42.00
1779898621.995,0x100,8,00 4F B7 48 95 30 BE 4F,speed=0.00
1779898622.108,0x200,8,B3 64 48 A6 F7 F5 EE 77,fuel=100.00
1779898622.185,0x300,8,02 C8 02 93 FC 9E CF F3,temp=42.00
1779898622.295,0x100,8,00 F8 DE C6 B6 9C 61 54,speed=0.00
1779898622.395,0x200,8,90 64 44 59 0A C5 6F 1E,fuel=100.00
1779898622.470,0x300,8,02 A7 23 C9 9B 2D A8 50,temp=42.00
1779898622.581,0x100,8,00 6B AF 37 F8 6F 37 F5,speed=0.00
1779898622.636,0x200,8,24 64 12 EB 52 B8 2E FA,fuel=100.00
1779898622.751,0x300,8,02 6C 06 81 80 28 A5 18,temp=42.00
1779898622.834,0x100,8,00 9B D1 40 FD 7A BB 3C,speed=0.00
1779898622.948,0x200,8,24 64 4E AE A4 D8 58 AB,fuel=100.00
1779898623.035,0x300,8,02 0E 93 34 1E 77 4B CE,temp=42.00
1779898623.108,0x100,8,00 03 2C 3F 0D B0 70 79,speed=0.00
1779898623.225,0x200,8,27 64 BE F2 7F 41 5B E3,fuel=100.00
1779898623.317,0x300,8,02 56 FC A7 24 6A 83 8A,temp=42.00
1779898623.397,0x100,8,00 71 A7 D6 53 39 B5 AF,speed=0.00
1779898623.484,0x200,8,E4 64 AD 81 76 5E 69 CC,fuel=100.00
1779898623.606,0x300,8,02 BB 3F 90 F7 08 20 F2,temp=42.00
1779898623.672,0x100,8,00 AF E4 2E 60 BA EC 32,speed=0.00
1779898623.760,0x200,8,06 64 A0 F4 14 06 9C 0F,fuel=100.00
1779898623.855,0x300,8,02 EF F7 E7 CF 1F 6E B4,temp=42.00
1779898623.988,0x100,8,00 82 04 51 62 0C 88 80,speed=0.00
1779898624.044,0x200,8,B9 64 F3 A1 2C B9 E8 E4,fuel=100.00
1779898624.136,0x300,8,02 9F EA D5 13 E9 AB 71,temp=42.00
1779898624.242,0x100,8,00 57 8A BE 8E 8E 3E 51,speed=0.00
1779898624.330,0x200,8,02 64 06 CB D7 7D 74 9A,fuel=100.00
1779898624.430,0x300,8,02 D8 BE A4 F8 3B 6F 3E,temp=42.00
1779898624.531,0x100,8,00 91 0C BC F2 1D DC BD,speed=0.00
1779898624.640,0x200,8,83 64 A2 CF F0 F3 8D 8C,fuel=100.00
1779898624.720,0x300,8,02 51 81 41 2D 9E BF 87,temp=42.00
1779898624.791,0x100,8,00 3F 02 40 B0 F9 7B 89,speed=0.00
1779898624.885,0x200,8,A8 64 DB 18 BA 5B 66 F8,fuel=100.00
1779898624.985,0x300,8,02 97 A4 ED A4 2A E6 39,temp=42.00
1779898625.091,0x100,8,00 5F 64 58 50 30 63 42,speed=0.00
1779898625.168,0x200,8,28 64 A2 F6 5C 30 07 B6,fuel=100.00
1779898625.303,0x300,8,02 3F D2 C0 35 D8 C4 6A,temp=42.00
1779898625.371,0x100,8,00 A8 B9 B5 62 C3 A0 22,speed=0.00
1779898625.467,0x200,8,A4 64 7C F3 8D ED 13 EB,fuel=100.00
1779898625.569,0x300,8,02 17 D9 C6 25 93 29 3F,temp=42.00
1779898625.653,0x100,8,00 68 57 86 54 E0 79 9A,speed=0.00
1779898625.750,0x200,8,7C 64 E2 E6 91 67 1B F2,fuel=100.00
1779898625.858,0x300,8,02 78 A0 7C D0 23 46 BE,temp=42.00
1779898625.935,0x100,8,00 6A 9D C2 D4 9C 04 E3,speed=0.00
1779898626.047,0x200,8,82 64 F5 1D 8E 56 29 3D,fuel=100.00
1779898626.130,0x300,8,02 E4 AF D6 15 EE 03 E9,temp=42.00
1779898626.234,0x100,8,00 32 68 E3 21 AC FF 16,speed=0.00
1779898626.315,0x200,8,97 64 F6 5C B2 CF 6B 89,fuel=100.00
1779898626.424,0x300,8,02 88 F2 3B 28 35 9D 04,temp=42.00
1779898626.507,0x100,8,00 46 66 7C F9 B9 B1 60,speed=0.00
1779898626.607,0x200,8,3E 64 E4 87 1C 25 24 19,fuel=100.00
1779898626.703,0x300,8,02 27 F4 5D 68 E5 F3 2B,temp=42.00
1779898626.779,0x100,8,00 43 BD 52 21 18 6F 0E,speed=0.00
1779898626.885,0x200,8,B1 64 2B 7D 4A CF C4 22,fuel=100.00
1779898626.971,0x300,8,02 63 85 D0 BB E4 85 1B,temp=42.00
1779898627.056,0x100,8,00 47 65 B5 18 B0 BA FA,speed=0.00
1779898627.163,0x200,8,E6 64 4D 00 9C B2 24 3B,fuel=100.00
1779898627.265,0x300,8,02 78 D8 B7 9D EB D3 99,temp=42.00
1779898627.347,0x100,8,00 C5 2D 7C 4E 48 20 1D,speed=0.00
1779898627.450,0x200,8,5F 64 55 BF 4F 00 5D 4D,fuel=100.00
1779898627.548,0x300,8,02 80 B8 A2 2B E5 92 B4,temp=42.00
1779898627.645,0x100,8,00 BD 48 2A 31 D9 92 02,speed=0.00
1779898627.728,0x200,8,4C 64 1B 59 5F 1C A0 60,fuel=100.00
1779898627.823,0x300,8,02 9C 21 AD AB 14 39 49,temp=42.00
1779898627.933,0x100,8,00 C9 3E 45 43 0D 97 3C,speed=0.00
1779898628.015,0x200,8,3E 64 BE E7 6A 58 D4 05,fuel=100.00
1779898628.108,0x300,8,02 D5 18 E4 74 E1 E9 DC,temp=42.00
1779898628.202,0x100,8,00 3A 34 99 26 D5 1F 1F,speed=0.00
1779898628.298,0x200,8,4B 64 59 82 0D 34 F9 1D,fuel=100.00
1779898628.399,0x300,8,02 87 0F 7A 13 8A DF E4,temp=42.00
1779898628.482,0x100,8,00 E2 C7 99 A6 FF 48 10,speed=0.00
1779898628.597,0x200,8,74 64 CE 5B DA 94 CC 16,fuel=100.00
1779898628.674,0x300,8,02 66 1C 5F 08 71 63 94,temp=42.00
1779898628.795,0x100,8,00 26 29 45 30 8F 83 5E,speed=0.00
1779898628.883,0x200,8,50 64 17 B6 71 93 02 17,fuel=100.00
1779898628.969,0x300,8,02 91 59 13 EC 35 26 48,temp=42.00
1779898629.041,0x100,8,00 63 2F 05 E6 8F E6 A7,speed=0.00
1779898629.160,0x200,8,55 64 09 71 EA 01 B7 2E,fuel=100.00
1779898629.247,0x300,8,02 80 BD 2D BE 9D D8 E1,temp=42.00
1779898629.324,0x100,8,00 0A 2E 3E 27 9F 82 75,speed=0.00
1779898629.440,0x200,8,C2 64 12 E8 E7 59 C0 1B,fuel=100.00
1779898629.521,0x300,8,02 D9 5F 00 4D EB CF 6B,temp=42.00
1779898629.620,0x100,8,00 BE 6B B7 A5 1C 7B 11,speed=0.00
1779898629.715,0x200,8,E8 64 E9 2C 84 79 14 9B,fuel=100.00
1779898629.814,0x300,8,02 BD 28 42 11 82 7C 0D,temp=42.00
1779898629.917,0x100,8,00 A8 B1 52 BC 13 91 83,speed=0.00
1779898629.998,0x200,8,A5 64 60 6E 50 20 20 FA,fuel=100.00
1779898630.096,0x300,8,02 AB 32 2B 1E 5D 52 20,temp=42.00
1779898630.174,0x100,8,00 27 29 8D ED 09 18 9E,speed=0.00
1779898630.287,0x200,8,3E 64 68 AF F7 8C DD 4D,fuel=100.00
1779898630.363,0x300,8,02 35 DF 24 7F 7A 8C F7,temp=42.00
1779898630.469,0x100,8,00 C1 20 7D B1 9E B6 A9,speed=0.00
1779898630.559,0x200,8,18 64 59 1A 98 D7 99 01,fuel=100.00
1779898630.636,0x300,8,02 EB EF FF 1D F4 A6 9B,temp=42.00
1779898630.738,0x100,8,00 22 74 6A B2 BE 91 C8,speed=0.00
1779898630.852,0x200,8,88 64 3F BE FD E8 AB 8B,fuel=100.00
1779898630.923,0x300,8,02 1A 2B 64 78 6F DD E2,temp=42.00
1779898631.029,0x100,8,00 9E 6D 66 CD 49 0B B0,speed=0.00
1779898631.112,0x200,8,89 64 25 54 E6 1F F9 6B,fuel=100.00
1779898631.232,0x300,8,02 5E 0B D5 8F A6 F7 77,temp=42.00
1779898631.326,0x100,8,00 32 0C D4 5A 7F 71 9A,speed=0.00
1779898631.393,0x200,8,CD 64 BE 82 32 0B 45 FF,fuel=100.00
1779898631.487,0x300,8,02 A2 50 EE 18 66 42 74,temp=42.00
1779898631.587,0x100,8,00 EE CB 3C 71 CD DE F2,speed=0.00
1779898631.685,0x200,8,96 64 ED FF 7A 23 76 89,fuel=100.00
1779898631.781,0x300,8,02 98 FA 16 BD 98 27 1B,temp=42.00
1779898631.870,0x100,8,00 83 50 1E EE 29 66 1A,speed=0.00
1779898631.979,0x200,8,D8 64 AA FB AE E6 4E C3,fuel=100.00
1779898632.062,0x300,8,02 C5 0C 3A 4E A2 44 07,temp=42.00
1779898632.174,0x100,8,00 BA 8E 6D 68 C0 D6 45,speed=0.00
1779898632.256,0x200,8,6D 64 48 28 CF A0 61 BA,fuel=100.00
1779898632.350,0x300,8,02 88 FC 88 13 7D 59 5B,temp=42.00
1779898632.469,0x100,8,00 7C 26 E0 FD FC E6 9B,speed=0.00
1779898632.557,0x200,8,D5 64 DF 61 E6 EB 76 82,fuel=100.00
1779898632.630,0x300,8,02 00 33 74 E6 E6 6A 78,temp=42.00
1779898632.720,0x100,8,00 50 01 11 3E 9D E8 6A,speed=0.00
1779898632.825,0x200,8,6D 64 00 EF B7 C8 31 C7,fuel=100.00
1779898632.901,0x300,8,02 0C F7 D2 D1 C5 6B 95,temp=42.00
1779898633.013,0x100,8,00 1F 61 DB 65 CB 60 19,speed=0.00
1779898633.092,0x200,8,EA 64 A9 67 80 DC 4D 1D,fuel=100.00
1779898633.218,0x300,8,02 1B 9F DD DA EC 7D 39,temp=42.00
1779898633.322,0x100,8,00 CB 63 79 96 84 5C B7,speed=0.00
1779898633.402,0x200,8,12 64 D0 13 D9 96 E5 B3,fuel=100.00
1779898633.492,0x300,8,02 99 80 47 8F BD 86 3D,temp=42.00
1779898633.589,0x100,8,00 EE E2 62 D9 88 6D AE,speed=0.00
1779898633.657,0x200,8,67 64 C0 D7 6E F4 F1 D6,fuel=100.00
1779898633.779,0x300,8,02 E6 44 A0 09 23 58 C9,temp=42.00
1779898633.849,0x100,8,00 CC 73 9E 65 67 5E A9,speed=0.00
1779898633.946,0x200,8,74 64 72 2F B7 58 36 C3,fuel=100.00
1779898634.028,0x300,8,02 8C D2 20 5E 36 B3 4E,temp=42.00
1779898634.146,0x100,8,00 E1 98 2B 18 3F E4 8D,speed=0.00
1779898634.233,0x200,8,76 64 93 82 A6 B4 E3 B4,fuel=100.00
1779898634.322,0x300,8,02 CF 7C E7 52 85 92 2D,temp=42.00
1779898634.414,0x100,8,00 65 30 97 3E F9 09 BF,speed=0.00
1779898634.508,0x200,8,A3 64 70 F8 A5 86 05 C1,fuel=100.00
1779898634.600,0x300,8,02 41 60 3D 79 F3 A0 8D,temp=42.00
1779898634.714,0x100,8,00 C2 9A 0B F0 AD 64 3F,speed=0.00
1779898634.787,0x200,8,91 64 18 D6 3A 15 3C 4E,fuel=100.00
1779898634.886,0x300,8,02 F6 A5 86 CD 64 4A DD,temp=42.00
1779898634.965,0x100,8,00 0F 18 44 B4 DD 9E 7D,speed=0.00
1779898635.060,0x200,8,A1 64 E4 9C 85 AD 33 4B,fuel=100.00
1779898635.177,0x300,8,02 12 49 F6 83 35 AE 87,temp=42.00
1779898635.261,0x100,8,00 32 3F 9A B3 01 75 AC,speed=0.00
1779898635.343,0x200,8,15 64 C2 DE 3B E4 0F A5,fuel=100.00
1779898635.469,0x300,8,02 C9 C9 C3 FD 18 3E BA,temp=42.00
1779898635.549,0x100,8,00 04 99 6D 7A F3 42 2C,speed=0.00
1779898635.643,0x200,8,D1 64 0B 80 7E 0C 6E A6,fuel=100.00
1779898635.714,0x300,8,02 50 EE 1D C7 BE 86 78,temp=42.00
1779898635.812,0x100,8,00 27 E4 7F 2B 92 ED B5,speed=0.00
1779898635.903,0x200,8,24 64 F0 43 D9 47 C6 57,fuel=100.00
1779898636.018,0x300,8,02 A2 20 A4 75 07 B6 EF,temp=42.00
1779898636.101,0x100,8,00 9D A6 8F AB C1 E2 CA,speed=0.00
1779898636.203,0x200,8,52 64 21 43 30 A8 FA C1,fuel=100.00
1779898636.284,0x300,8,02 35 80 B8 8B 46 D3 73,temp=42.00
1779898636.379,0x100,8,00 8D 4A 02 AA 70 55 59,speed=0.00
1779898636.486,0x200,8,9E 64 D0 77 69 B6 E1 20,fuel=100.00
1779898636.561,0x300,8,02 D6 A2 97 5F D1 74 B9,temp=42.00
1779898636.664,0x100,8,00 F4 1F 70 AD DC 43 2C,speed=0.00
1779898636.764,0x200,8,63 64 61 B7 D8 8E 92 3A,fuel=100.00
1779898636.853,0x300,8,02 D8 66 5B 21 57 15 47,temp=42.00
1779898636.932,0x100,8,00 77 A0 49 42 26 52 3F,speed=0.00
1779898637.061,0x200,8,17 64 20 8D 7A DF 49 AA,fuel=100.00
1779898637.143,0x300,8,02 2F 20 B2 4C 43 C6 CE,temp=42.00
1779898637.221,0x100,8,00 83 45 BA CB C6 19 31,speed=0.00
1779898637.312,0x200,8,3D 64 C8 19 F4 95 B7 10,fuel=100.00
1779898637.428,0x300,8,02 48 7D 71 7D 3A 68 5A,temp=42.00
1779898637.502,0x100,8,00 2B 6B 3F F5 38 54 9D,speed=0.00
1779898637.642,0x200,8,FD 64 0B 85 04 78 7A DC,fuel=100.00
1779898637.709,0x300,8,02 7C DA 69 3B 02 09 87,temp=42.00
1779898637.777,0x100,8,00 6B 8F 61 7D 8E 0D AB,speed=0.00
1779898637.883,0x200,8,FF 64 10 A7 FF A8 59 CE,fuel=100.00
1779898637.977,0x300,8,02 2B 97 3D 43 9D DF 7C,temp=42.00
1779898638.073,0x100,8,00 2D A1 09 E1 33 14 38,speed=0.00
1779898638.153,0x200,8,10 64 AC EA EF 76 0B 65,fuel=100.00
1779898638.266,0x300,8,02 63 9A D4 49 7F A6 22,temp=42.00
1779898638.340,0x100,8,00 4B 21 D0 23 09 1F 55,speed=0.00
1779898638.451,0x200,8,45 64 55 63 07 5B 82 CD,fuel=100.00
1779898638.541,0x300,8,02 E6 44 92 51 EF 5D 54,temp=42.00
1779898638.650,0x100,8,00 67 9F F6 C0 00 AE 3A,speed=0.00
1779898638.722,0x200,8,4E 64 FB CE F8 23 09 D9,fuel=100.00
1779898638.820,0x300,8,02 A8 BA DE 24 D3 32 EF,temp=42.00
1779898638.922,0x100,8,00 94 F8 6F 3B F8 00 F8,speed=0.00
1779898639.002,0x200,8,9C 64 35 05 A2 E9 CE CE,fuel=100.00
1779898639.089,0x300,8,02 B2 05 1A B9 98 17 37,temp=42.00
1779898639.209,0x100,8,00 D1 60 BB CA 6D 1E 0E,speed=0.00
1779898639.291,0x200,8,20 64 F7 E2 8B 53 97 D3,fuel=100.00
1779898639.377,0x300,8,02 C1 A3 C2 59 CC EC 05,temp=42.00
1779898639.492,0x100,8,00 65 AF 66 1A 2E 21 80,speed=0.00
1779898639.567,0x200,8,74 64 18 22 39 3F C0 17,fuel=100.00
1779898639.656,0x300,8,02 01 EE 55 F7 92 B8 3F,temp=42.00
1779898639.760,0x100,8,00 6E 53 7A 4F 64 78 21,speed=0.00
1779898639.859,0x200,8,A4 64 D2 62 D9 70 5C 99,fuel=100.00
1779898639.965,0x300,8,02 B8 9F 7C 0D 41 7A 88,temp=42.00
1779898640.039,0x100,8,00 04 22 DB 36 24 27 BA,speed=0.00
1779898640.135,0x200,8,8A 64 8A E0 2C 6E 87 76,fuel=100.00
1779898640.250,0x300,8,02 F6 21 97 71 D7 0B A2,temp=42.00
1779898640.332,0x100,8,00 8F 32 BB EC 54 ED B8,speed=0.00
1779898640.416,0x200,8,EB 64 85 AB 05 E1 E0 AA,fuel=100.00
1779898640.506,0x300,8,02 CA 2A 0E 75 3B 4D DE,temp=42.00
1779898640.626,0x100,8,00 CD 06 3A 41 70 8F D0,speed=0.00
1779898640.693,0x200,8,01 64 9D 1B 1D 4C F4 C7,fuel=100.00
1779898640.781,0x300,8,02 3F BF 59 23 56 91 B0,temp=42.00
1779898640.893,0x100,8,00 EA 44 F2 A9 D5 2F 35,speed=0.00
1779898640.974,0x200,8,0F 64 AD 46 73 21 CD 3A,fuel=100.00
1779898641.077,0x300,8,02 64 F1 31 AA 3E 25 D5,temp=42.00
1779898641.194,0x100,8,00 92 63 7B E6 A6 F9 A2,speed=0.00
1779898641.248,0x200,8,BD 64 8C C3 8E 96 7A 62,fuel=100.00
1779898641.367,0x300,8,02 A8 46 78 85 91 9A 0B,temp=42.00
1779898641.444,0x100,8,00 E5 F8 28 45 16 7B 03,speed=0.00
1779898641.538,0x200,8,4E 64 8F 14 0F CA 2A C9,fuel=100.00
1779898641.641,0x300,8,02 6C 8F 71 B0 42 04 A0,temp=42.00
1779898641.741,0x100,8,00 99 45 A3 6A 98 B7 6D,speed=0.00
1779898641.814,0x200,8,B4 64 B4 04 F5 E0 2C 05,fuel=100.00
1779898641.911,0x300,8,02 19 5E 1E C4 8E E4 7C,temp=42.00
1779898641.995,0x100,8,00 1E 35 1C F9 3F 83 B4,speed=0.00
1779898642.124,0x200,8,76 64 32 45 59 A2 E7 37,fuel=100.00
1779898642.205,0x300,8,02 40 5A CE 7E 00 06 C3,temp=42.00
1779898642.276,0x100,8,00 5C 31 2A B8 E8 4A 9D,speed=0.00
1779898642.371,0x200,8,78 64 29 62 BE B2 F5 5A,fuel=100.00
1779898642.501,0x300,8,02 37 61 0A DE 51 22 D2,temp=42.00
1779898642.560,0x100,8,00 BB CE 0D 05 83 BF 1B,speed=0.00
1779898642.661,0x200,8,5A 64 B1 99 F5 47 D9 23,fuel=100.00
1779898642.759,0x300,8,02 E2 99 38 04 91 70 EE,temp=42.00
1779898642.868,0x100,8,00 94 FB 01 17 E9 31 E3,speed=0.00
1779898642.945,0x200,8,25 64 88 57 73 B7 B4 97,fuel=100.00
1779898643.051,0x300,8,02 A0 17 08 1A 18 A6 5F,temp=42.00
1779898643.128,0x100,8,00 04 14 46 FE BF 26 1E,speed=0.00
1779898643.216,0x200,8,AF 64 5F F1 EF 20 51 B4,fuel=100.00
1779898643.325,0x300,8,02 8D 7F EC 6D 39 78 C4,temp=42.00
1779898643.413,0x100,8,00 A2 24 C2 5F B2 8E 3D,speed=0.00
1779898643.510,0x200,8,28 64 43 3A 01 D8 BA DC,fuel=100.00
1779898643.613,0x300,8,02 56 D3 84 1D BF 20 93,temp=42.00
1779898643.683,0x100,8,00 AA 8B 20 1A B4 FB C8,speed=0.00
1779898643.778,0x200,8,70 64 CB DA 9A 81 62 F3,fuel=100.00
1779898643.882,0x300,8,02 28 87 02 5B 3C B9 60,temp=42.00
1779898643.978,0x100,8,00 D2 E3 17 D3 BD 24 0D,speed=0.00
1779898644.066,0x200,8,97 64 58 E3 97 75 8B 83,fuel=100.00
1779898644.180,0x300,8,02 01 D6 ED 1D 0F 37 F5,temp=42.00
1779898644.253,0x100,8,00 5C 5D 05 0C CB 7F 4B,speed=0.00
1779898644.359,0x200,8,DA 64 D0 D5 CF C9 F8 4A,fuel=100.00
1779898644.437,0x300,8,02 FB F6 39 E0 A3 68 24,temp=42.00
1779898644.549,0x100,8,00 D6 B8 D9 B5 82 DC A7,speed=0.00
1779898644.644,0x200,8,44 64 8A D3 AF 65 F6 B4,fuel=100.00
1779898644.743,0x300,8,02 24 5D B7 6E CE 59 E1,temp=42.00
1779898644.808,0x100,8,00 2E 28 71 AA 4D 14 61,speed=0.00
1779898644.914,0x200,8,C2 64 1C 3A 44 30 8D A2,fuel=100.00
1779898645.015,0x300,8,02 74 B1 52 4E A1 F5 AD,temp=42.00
1779898645.097,0x100,8,00 83 32 78 D3 FA B6 CE,speed=0.00
1779898645.194,0x200,8,14 64 2D 47 72 60 B8 51,fuel=100.00
1779898645.323,0x300,8,02 BC A6 25 F9 24 A5 6B,temp=42.00
1779898645.383,0x100,8,00 BE 65 5A 77 F9 C6 0F,speed=0.00
1779898645.474,0x200,8,C7 64 0A B6 DF 02 97 CE,fuel=100.00
1779898645.580,0x300,8,02 E7 F7 78 20 26 68 61,temp=42.00
1779898645.661,0x100,8,00 32 86 1F 00 3A D0 DA,speed=0.00
1779898645.780,0x200,8,0D 64 F0 F8 C1 C0 A6 C4,fuel=100.00
1779898645.847,0x300,8,02 1E 75 65 BF 20 56 A8,temp=42.00
1779898645.936,0x100,8,00 53 F6 63 CD 57 B1 88,speed=0.00
1779898646.054,0x200,8,36 64 8F E6 58 96 3B 78,fuel=100.00
1779898646.121,0x300,8,02 3F D8 5C 82 F1 88 8C,temp=42.00
1779898646.230,0x100,8,00 C1 7C 6B 58 88 48 1B,speed=0.00
1779898646.332,0x200,8,05 64 BC 40 09 5E 3E 37,fuel=100.00
1779898646.424,0x300,8,02 FE 29 4D B8 C3 95 6C,temp=42.00
1779898646.557,0x100,8,00 0D 2C F1 27 84 E1 D9,speed=0.00
1779898646.590,0x200,8,54 64 35 0F B3 D1 4F 2F,fuel=100.00
1779898646.703,0x300,8,02 83 7A D9 D3 70 05 10,temp=42.00
1779898646.794,0x100,8,00 13 8C CF 3B DF 19 31,speed=0.00
1779898646.895,0x200,8,18 64 2F 82 DA 5F F4 99,fuel=100.00
1779898646.990,0x300,8,02 E0 DC 36 79 49 32 66,temp=42.00
1779898647.100,0x100,8,00 7D 5A EA CD 70 C7 6F,speed=0.00
1779898647.181,0x200,8,52 64 6A 56 B9 8F 75 F9,fuel=100.00
1779898647.288,0x300,8,02 1E 5C 33 62 0F CB FF,temp=42.00
1779898647.356,0x100,8,00 F2 57 98 24 2C FE 1A,speed=0.00
1779898647.479,0x200,8,7F 64 89 A2 DB CB 05 73,fuel=100.00
1779898647.554,0x300,8,02 94 AF 21 62 0E F8 B7,temp=42.00
1779898647.664,0x100,8,00 D1 80 A4 1F 1E 37 96,speed=0.00
1779898647.728,0x200,8,C5 64 59 C0 68 C8 D7 EB,fuel=100.00
1779898647.841,0x300,8,02 39 B7 47 F9 5B 48 73,temp=42.00
1779898647.940,0x100,8,00 DF 34 3B 53 C6 36 6A,speed=0.00
1779898648.012,0x200,8,AC 64 1B 24 A2 CE 6E 07,fuel=100.00
1779898648.104,0x300,8,02 51 BC 40 49 2F 19 0E,temp=42.00
1779898648.208,0x100,8,00 09 D6 28 B5 ED 1F DF,speed=0.00
1779898648.297,0x200,8,3D 64 D8 BC 8B 58 F4 C9,fuel=100.00
1779898648.392,0x300,8,02 DD 16 D7 93 DE F5 D3,temp=42.00
1779898648.507,0x100,8,00 66 A9 1B F7 47 62 CE,speed=0.00
1779898648.583,0x200,8,0F 64 0C 0A 5F FD 87 C2,fuel=100.00
1779898648.683,0x300,8,02 BC 80 F5 3D 9B 00 D6,temp=42.00
1779898648.782,0x100,8,00 FD C0 F9 70 C7 6F 4C,speed=0.00
1779898648.873,0x200,8,D1 64 66 29 E6 83 31 A3,fuel=100.00
1779898648.965,0x300,8,02 60 05 BA B5 49 8E BA,temp=42.00
1779898649.059,0x100,8,00 E4 83 40 4E 30 BE E5,speed=0.00
1779898649.163,0x200,8,D8 64 25 6D 22 40 5A D0,fuel=100.00
1779898649.243,0x300,8,02 F7 DF 7A A3 03 CC FF,temp=42.00
1779898649.340,0x100,8,00 B4 65 92 DE 90 AC DD,speed=0.00
1779898649.417,0x200,8,EC 64 F1 AB A1 A9 0F DF,fuel=100.00
1779898649.532,0x300,8,02 80 CD 84 70 A7 9F 1A,temp=42.00
1779898649.603,0x100,8,00 3F A9 5B A6 B8 4F 85,speed=0.00
1779898649.715,0x200,8,40 64 69 39 B9 BC 6D 7B,fuel=100.00
1779898649.807,0x300,8,02 1D FD 8E 82 9E 4C 11,temp=42.00
1779898649.895,0x100,8,00 FB 8A D2 34 C3 36 ED,speed=0.00
1779898649.997,0x200,8,00 64 30 AB 89 02 D7 15,fuel=100.00
1779898650.072,0x300,8,02 77 11 5B 49 2B 90 BF,temp=42.00
1779898650.185,0x100,8,00 CD 65 6D 7A 82 97 FF,speed=0.00
1779898650.272,0x200,8,79 64 AD C9 AE 33 88 01,fuel=100.00
1779898650.372,0x300,8,02 A9 B3 65 F9 D6 1B 35,temp=42.00
1779898650.451,0x100,8,00 03 9A 71 E6 9B E8 D9,speed=0.00
1779898650.561,0x200,8,5C 64 DE D8 F2 8B FD 09,fuel=100.00
1779898650.650,0x300,8,02 B8 2F E3 1D A3 06 D4,temp=42.00
1779898650.735,0x100,8,00 69 77 B6 B7 73 98 34,speed=0.00
1779898650.827,0x200,8,AE 64 19 F9 C2 21 44 C6,fuel=100.00
1779898650.919,0x300,8,02 56 5B D1 6A FD 57 B7,temp=42.00
1779898651.018,0x100,8,00 02 9E C2 1A 01 3E 50,speed=0.00
1779898651.104,0x200,8,DA 64 01 F1 71 7C 0C 27,fuel=100.00
1779898651.207,0x300,8,02 D3 10 10 D5 7A D9 FD,temp=42.00
1779898651.304,0x100,8,00 7E 5F 08 88 83 F4 D5,speed=0.00
1779898651.415,0x200,8,E6 64 C8 F5 0A 11 72 F4,fuel=100.00
1779898651.493,0x300,8,02 5F AA A1 F1 C7 C9 15,temp=42.00
1779898651.589,0x100,8,00 E8 76 94 25 7B DC 58,speed=0.00
1779898651.688,0x200,8,03 64 F8 B9 74 69 F1 A8,fuel=100.00
1779898651.798,0x300,8,02 F5 FE 22 C4 BD 7E 3A,temp=42.00
1779898651.866,0x100,8,00 51 38 88 1B 8D 72 04,speed=0.00
1779898651.984,0x200,8,CA 64 44 91 1C 1B 3C 28,fuel=100.00
1779898652.058,0x300,8,02 CA 6E 72 C1 33 39 03,temp=42.00
1779898652.146,0x100,8,00 28 DE 92 1E 1F 3B 33,speed=0.00
1779898652.240,0x200,8,8C 64 DD 90 FC 8E 56 C2,fuel=100.00
1779898652.335,0x300,8,02 19 8E D6 C4 27 FD 19,temp=42.00
1779898652.422,0x100,8,00 EE 45 BD BB 10 B8 23,speed=0.00
1779898652.512,0x200,8,56 64 E9 A3 71 FA E4 64,fuel=100.00
1779898652.623,0x300,8,02 DC 87 89 1B 4E 53 89,temp=42.00
1779898652.712,0x100,8,00 57 EA EB DC 6F 1D 85,speed=0.00
1779898652.795,0x200,8,0A 64 B8 DC 00 2C 40 21,fuel=100.00
1779898652.899,0x300,8,02 D4 39 9E 04 4E 79 90,temp=42.00
1779898652.995,0x100,8,00 54 CD C6 A5 41 61 E9,speed=0.00
1779898653.082,0x200,8,E4 64 C7 E4 EC 93 BA 21,fuel=100.00
1779898653.168,0x300,8,02 DF D1 8E 9F FF FB 93,temp=42.00
1779898653.282,0x100,8,00 7C 50 C8 E1 4A 9A 24,speed=0.00
1779898653.362,0x200,8,0D 64 8A 45 D2 02 3D 74,fuel=100.00
1779898653.453,0x300,8,02 1C 3A 2F A0 0E 83 20,temp=42.00
1779898653.589,0x100,8,00 49 93 9F 5F 1E DE A3,speed=0.00
1779898653.654,0x200,8,CB 64 05 9A 81 8E 59 7E,fuel=100.00
1779898653.741,0x300,8,02 B3 02 7B 74 23 CC 91,temp=42.00
1779898653.830,0x100,8,00 DF D6 5D 43 8F 0C 4B,speed=0.00
1779898653.923,0x200,8,24 64 57 2B 1C FF 93 B9,fuel=100.00
1779898654.030,0x300,8,02 4D E3 98 23 3B 5B 92,temp=42.00
1779898654.124,0x100,8,00 EA B7 65 C8 B1 B2 63,speed=0.00
1779898654.229,0x200,8,6A 64 29 FC AD 97 55 98,fuel=100.00
1779898654.324,0x300,8,02 A6 37 46 A0 78 B1 59,temp=42.00
1779898654.410,0x100,8,00 81 99 D5 74 68 94 03,speed=0.00
1779898654.539,0x200,8,96 64 BE C1 A7 37 C8 D4,fuel=100.00
1779898654.595,0x300,8,02 E8 0A 42 BF 29 88 F1,temp=42.00
1779898654.689,0x100,8,00 6F 8C 08 D0 F0 31 56,speed=0.00
1779898654.800,0x200,8,5D 64 E2 8E 13 FC 02 76,fuel=100.00
1779898654.880,0x300,8,02 B9 72 7A F6 B9 5A 41,temp=42.00
1779898654.979,0x100,8,00 9F 0D A6 B1 07 BB 99,speed=0.00
1779898655.055,0x200,8,05 64 86 56 AD BE B7 9F,fuel=100.00
1779898655.160,0x300,8,02 0D A9 46 28 99 89 9C,temp=42.00
1779898655.255,0x100,8,00 B5 87 8A C8 F5 7A 11,speed=0.00
1779898655.359,0x200,8,02 64 AC 1D 0C 72 67 42,fuel=100.00
1779898655.450,0x300,8,02 38 EF A8 AA EC 6E 02,temp=42.00
1779898655.540,0x100,8,00 FB 10 A0 66 C7 12 79,speed=0.00
1779898655.630,0x200,8,B1 64 E2 97 DD 73 CA EC,fuel=100.00
1779898655.715,0x300,8,02 82 CA B6 32 7D 67 5A,temp=42.00
1779898655.818,0x100,8,00 61 63 55 59 F2 14 9A,speed=0.00
1779898655.913,0x200,8,3F 64 3A 42 F1 68 E9 C7,fuel=100.00
1779898656.013,0x300,8,02 C4 7C 80 08 57 35 85,temp=42.00
1779898656.099,0x100,8,00 E7 A8 71 FD 95 CD 75,speed=0.00
1779898656.214,0x200,8,40 64 D5 8F DD 2F AC B9,fuel=100.00
1779898656.280,0x300,8,02 DB 8B 36 F7 40 C7 B0,temp=42.00
1779898656.389,0x100,8,00 CE B8 38 C1 C2 25 69,speed=0.00
1779898656.471,0x200,8,89 64 A1 E3 DB E7 4E 5C,fuel=100.00
1779898656.587,0x300,8,02 EE AB 7B 47 06 5C 4F,temp=42.00
1779898656.663,0x100,8,00 D5 14 92 C2 6B 39 49,speed=0.00
1779898656.747,0x200,8,22 64 27 B9 9F 25 DD 3F,fuel=100.00
1779898656.840,0x300,8,02 88 66 9C 4B 4D D0 F9,temp=42.00
1779898656.950,0x100,8,00 58 EA 33 AF 79 4A E8,speed=0.00
1779898657.056,0x200,8,59 64 C8 36 1F 2B 6D 04,fuel=100.00
1779898657.132,0x300,8,02 70 5E FC D0 A9 33 DB,temp=42.00
1779898657.247,0x100,8,00 43 3F BC BB CD 30 92,speed=0.00
1779898657.321,0x200,8,A8 64 02 F4 01 C4 DC FE,fuel=100.00
1779898657.424,0x300,8,02 9B 6C 2C E5 9D 0B 4B,temp=42.00
1779898657.501,0x100,8,00 8F A0 E0 40 5A 92 97,speed=0.00
1779898657.652,0x200,8,AE 64 5E 3C CD B5 62 C3,fuel=100.00
1779898657.721,0x300,8,02 FC A7 DD 84 55 FE F3,temp=42.00
1779898657.794,0x100,8,00 B3 3E 37 B4 D0 A4 9C,speed=0.00
1779898657.891,0x200,8,4A 64 E5 5C F9 45 B2 92,fuel=100.00
1779898657.998,0x300,8,02 B3 88 27 28 18 1E 63,temp=42.00
1779898658.074,0x100,8,00 95 7F FA E1 37 70 5C,speed=0.00
1779898658.191,0x200,8,DF 64 3B 58 5D 27 5D 4B,fuel=100.00
1779898658.268,0x300,8,02 47 AB 0D 52 4E 98 72,temp=42.00
1779898658.369,0x100,8,00 BB 3C 72 C5 DC 27 89,speed=0.00
1779898658.473,0x200,8,41 64 6B BC 4C 44 37 89,fuel=100.00
1779898658.557,0x300,8,02 9F 26 42 15 DE 52 91,temp=42.00
1779898658.647,0x100,8,00 79 B3 CB 2A 65 B8 E5,speed=0.00
1779898658.743,0x200,8,9A 64 74 88 95 C2 43 1A,fuel=100.00
1779898658.845,0x300,8,02 F1 77 33 93 74 B2 8E,temp=42.00
1779898658.921,0x100,8,00 21 0E CA BA 77 60 E2,speed=0.00
1779898659.037,0x200,8,B3 64 3A A3 EE 25 8B 70,fuel=100.00
1779898659.109,0x300,8,02 0F 63 EA 7E E6 B4 A0,temp=42.00
1779898659.206,0x100,8,00 E3 89 2C A0 48 B7 96,speed=0.00
1779898659.327,0x200,8,B1 64 69 F9 17 6B 66 F8,fuel=100.00
1779898659.398,0x300,8,02 7E FA A1 76 44 CC FE,temp=42.00
1779898659.500,0x100,8,00 D1 A2 B4 8D DE 57 2B,speed=0.00
1779898659.576,0x200,8,45 64 A2 7E BE 45 1C F8,fuel=100.00
1779898659.688,0x300,8,02 FA BE 23 EA F3 68 42,temp=42.00
1779898659.762,0x100,8,00 C6 60 45 16 E2 52 D7,speed=0.00
1779898659.865,0x200,8,54 64 41 A1 AE 44 5E F5,fuel=100.00
1779898659.981,0x300,8,02 4D 63 11 6E F8 A5 B4,temp=42.00
1779898660.062,0x100,8,00 10 C9 32 C0 8B 33 95,speed=0.00
1779898660.165,0x200,8,35 64 FF C8 BD 4D 8E 06,fuel=100.00
1779898660.250,0x300,8,02 5F BD BA 48 E9 AD 8C,temp=42.00
1779898660.333,0x100,8,00 9D BD D7 66 E1 E6 54,speed=0.00
1779898660.445,0x200,8,87 64 28 00 05 F0 E5 4A,fuel=100.00
1779898660.540,0x300,8,02 C0 2D D7 F0 AA C6 24,temp=42.00
1779898660.619,0x100,8,00 D8 FE 16 BE 69 A6 F2,speed=0.00
1779898660.704,0x200,8,AE 64 F2 43 62 DE 99 1A,fuel=100.00
1779898660.808,0x300,8,02 DD 3B 5D 8D 76 51 E2,temp=42.00
1779898660.906,0x100,8,00 FB 4B 2D B1 32 F8 54,speed=0.00
1779898660.996,0x200,8,65 64 49 CF D4 4B B5 9D,fuel=100.00
1779898661.077,0x300,8,02 B0 7C 74 6C DD C3 A8,temp=42.00
1779898661.198,0x100,8,00 9C 58 2D C5 9A 55 62,speed=0.00
1779898661.284,0x200,8,D4 64 D5 5C E5 5B 97 D3,fuel=100.00
1779898661.377,0x300,8,02 DB FA A0 D3 11 E5 9A,temp=42.00
1779898661.474,0x100,8,00 8B 4D 4B DB F3 89 B5,speed=0.00
1779898661.556,0x200,8,CC 64 DC 18 E0 12 B6 BB,fuel=100.00
1779898661.663,0x300,8,02 47 18 96 58 C3 A7 2B,temp=42.00
1779898661.736,0x100,8,00 B3 C2 25 87 7B 24 6E,speed=0.00
1779898661.832,0x200,8,F1 64 4E E9 0C C2 40 03,fuel=100.00
1779898661.919,0x300,8,02 2E AE 97 9E 56 41 C0,temp=42.00
1779898662.021,0x100,8,00 99 F9 66 20 F6 A6 B3,speed=0.00
1779898662.106,0x200,8,C3 64 3F D1 F2 04 DF 25,fuel=100.00
1779898662.220,0x300,8,02 95 2B 2C 58 B2 A9 53,temp=42.00
1779898662.304,0x100,8,00 F8 CE 3D 62 73 B4 15,speed=0.00
1779898662.394,0x200,8,AE 64 2C 44 05 02 5D 06,fuel=100.00
1779898662.486,0x300,8,02 94 54 B8 35 43 26 C8,temp=42.00
1779898662.582,0x100,8,00 02 FE B2 4F 4F 1D 2F,speed=0.00
1779898662.671,0x200,8,98 64 A3 55 99 1B 1A 1A,fuel=100.00
1779898662.772,0x300,8,02 72 38 3B 56 76 F9 79,temp=42.00
1779898662.861,0x100,8,00 43 BF 84 1D A7 88 2F,speed=0.00
1779898662.949,0x200,8,64 64 34 A6 B2 E4 FB 37,fuel=100.00
1779898663.054,0x300,8,02 43 BB 8B C9 66 89 A5,temp=42.00
1779898663.153,0x100,8,00 AE 46 B3 DB 57 55 5A,speed=0.00
1779898663.239,0x200,8,4D 64 DF 5F FD 07 9D F2,fuel=100.00
1779898663.355,0x300,8,02 E5 85 97 83 1B 0D FB,temp=42.00
1779898663.434,0x100,8,00 45 07 11 6E DE 61 72,speed=0.00
1779898663.520,0x200,8,C7 64 4B FC D8 32 4C 4A,fuel=100.00
1779898663.604,0x300,8,02 5C 9F DA F3 DC 2E 55,temp=42.00
1779898663.715,0x100,8,00 F7 F2 06 3D 71 8D 61,speed=0.00
1779898663.817,0x200,8,F8 64 B5 06 90 3E 19 B0,fuel=100.00
1779898663.887,0x300,8,02 D3 7C 30 83 C5 94 64,temp=42.00
1779898664.001,0x100,8,00 26 59 7C 24 3E 92 88,speed=0.00
1779898664.072,0x200,8,9A 64 BC 2A 31 A3 25 E7,fuel=100.00
1779898664.173,0x300,8,02 A7 51 04 07 BB EE 81,temp=42.00
1779898664.284,0x100,8,00 3E 8C CA 2C 19 9A A1,speed=0.00
1779898664.366,0x200,8,11 64 D6 AA 89 88 48 23,fuel=100.00
1779898664.465,0x300,8,02 BA 5D 94 AB 74 21 9B,temp=42.00
1779898664.562,0x100,8,00 89 FA 31 D2 B0 A9 6A,speed=0.00
1779898664.637,0x200,8,EA 64 62 2E A7 32 34 02,fuel=100.00
1779898664.749,0x300,8,02 3B 61 68 A2 6D 07 E8,temp=42.00
1779898664.841,0x100,8,00 84 54 10 7A 68 89 87,speed=0.00
1779898664.925,0x200,8,88 64 E1 E2 1F B4 27 1E,fuel=100.00
1779898665.014,0x300,8,02 D8 EA 99 7D AB 32 8A,temp=42.00
1779898665.128,0x100,8,00 83 19 DC C2 28 70 73,speed=0.00
1779898665.227,0x200,8,7D 64 DE 5D AB BC 5F 98,fuel=100.00
1779898665.311,0x300,8,02 E2 95 7D AC 3E 7E 43,temp=42.00
1779898665.412,0x100,8,00 CA 57 D3 C2 60 01 B2,speed=0.00
1779898665.489,0x200,8,E5 64 BF 3B FE E7 AE E9,fuel=100.00
1779898665.596,0x300,8,02 E7 B8 BF 43 16 34 F2,temp=42.00
1779898665.675,0x100,8,00 0E C5 76 D7 CE 89 6A,speed=0.00
1779898665.771,0x200,8,32 64 18 8D 23 F1 82 E0,fuel=100.00
1779898665.872,0x300,8,02 FE 3C 66 CA 3F 98 08,temp=42.00
1779898665.955,0x100,8,00 37 7A D7 26 41 F9 50,speed=0.00
1779898666.056,0x200,8,C7 64 20 7A 09 9D A5 6A,fuel=100.00
1779898666.156,0x300,8,02 7E 9F C6 E8 0E F8 AB,temp=42.00
1779898666.241,0x100,8,00 C6 85 91 80 14 7C A1,speed=0.00
1779898666.331,0x200,8,31 64 0B 57 A5 1E DA 33,fuel=100.00
1779898666.445,0x300,8,02 EB BA A2 CA D0 B8 4B,temp=42.00
1779898666.528,0x100,8,00 2B E0 6D D8 9B 24 B1,speed=0.00
1779898666.612,0x200,8,01 64 C7 8A DF FF 58 0D,fuel=100.00
1779898666.714,0x300,8,02 6A 22 DE 71 1A CC E2,temp=42.00
1779898666.795,0x100,8,00 B0 71 F9 0A 96 31 10,speed=0.00
1779898666.898,0x200,8,37 64 04 C5 47 FB 52 50,fuel=100.00
1779898666.996,0x300,8,02 70 3F 8D 5A C2 B4 18,temp=42.00
1779898667.088,0x100,8,00 68 5B 13 FA CC 4F 14,speed=0.00
1779898667.184,0x200,8,88 64 35 27 B1 80 5F FC,fuel=100.00
1779898667.283,0x300,8,02 55 47 A1 D5 96 37 22,temp=42.00
1779898667.387,0x100,8,00 AD 06 CE 1A FB 6F 38,speed=0.00
1779898667.477,0x200,8,1B 64 2F 83 71 DB 7A 46,fuel=100.00
1779898667.561,0x300,8,02 6D 89 AB 16 DB CA 33,temp=42.00
1779898667.643,0x100,8,00 67 5E 6C 67 AB BA C7,speed=0.00
1779898667.741,0x200,8,5F 64 19 3E 71 A8 3D C6,fuel=100.00
1779898667.854,0x300,8,02 22 AB EA C5 F7 7D E6,temp=42.00
1779898667.948,0x100,8,00 20 8D B4 9B 4D B0 96,speed=0.00
1779898668.040,0x200,8,7A 64 91 62 7F B8 47 EF,fuel=100.00
1779898668.129,0x300,8,02 CF A6 8F C2 8A 81 53,temp=42.00
1779898668.205,0x100,8,00 A8 F3 32 A3 32 EC 85,speed=0.00
1779898668.311,0x200,8,72 64 57 34 04 84 06 DB,fuel=100.00
1779898668.389,0x300,8,02 42 85 99 8A 0E 6D FF,temp=42.00
1779898668.522,0x100,8,00 FE 94 52 65 91 DC 90,speed=0.00
1779898668.591,0x200,8,EE 64 6A D8 1C C9 16 52,fuel=100.00
1779898668.688,0x300,8,02 E4 F1 2F 39 DE 23 6A,temp=42.00
1779898668.783,0x100,8,00 E8 B3 49 99 54 57 EE,speed=0.00
1779898668.862,0x200,8,CD 64 B6 84 9D 5A C5 E9,fuel=100.00
1779898668.971,0x300,8,02 69 A9 45 AF B7 46 7D,temp=42.00
1779898669.047,0x100,8,00 6C 6A 04 19 D8 B7 2D,speed=0.00
1779898669.134,0x200,8,63 64 93 47 91 12 59 A0,fuel=100.00
1779898669.236,0x300,8,02 FD 9A 7A 75 AE A2 B4,temp=42.00
1779898669.337,0x100,8,00 2E E9 D1 CC 99 CF 0E,speed=0.00
1779898669.434,0x200,8,1A 64 8A AC F9 8B 4E 15,fuel=100.00
1779898669.525,0x300,8,02 A8 4F 3A 63 81 31 E9,temp=42.00
1779898669.607,0x100,8,00 1D AB 11 08 36 7F 34,speed=0.00
1779898669.710,0x200,8,0A 64 42 E4 91 A2 20 E3,fuel=100.00
1779898669.814,0x300,8,02 07 E8 67 C0 97 51 A4,temp=42.00
1779898669.887,0x100,8,00 97 BC 6F 40 2C 6F F3,speed=0.00
1779898670.002,0x200,8,B7 64 B7 7B 47 6F F2 9D,fuel=100.00
1779898670.081,0x300,8,02 1F 19 26 40 D3 51 68,temp=42.00
1779898670.186,0x100,8,00 BF 2D 86 4A 6E 50 79,speed=0.00
1779898670.299,0x200,8,B0 64 61 75 49 71 54 BE,fuel=100.00
1779898670.372,0x300,8,02 4B 3B C4 13 53 E7 75,temp=42.00
1779898670.454,0x100,8,00 5F EE 5B 4C 3C F9 7D,speed=0.00
1779898670.576,0x200,8,BC 64 DC 9E 9C AD 72 9C,fuel=100.00
1779898670.655,0x300,8,02 88 23 A2 0A AF 33 0D,temp=42.00
1779898670.753,0x100,8,00 71 10 10 19 70 24 BF,speed=0.00
1779898670.859,0x200,8,E6 64 EC 19 75 60 B3 1E,fuel=100.00
1779898670.930,0x300,8,02 B2 89 9C 71 86 B4 39,temp=42.00
1779898671.012,0x100,8,00 79 C6 2F 21 91 04 33,speed=0.00
1779898671.109,0x200,8,67 64 C9 BC FA 30 3C C7,fuel=100.00
1779898671.221,0x300,8,02 BE AE 38 69 16 1D A0,temp=42.00
1779898671.310,0x100,8,00 32 DF 2B C3 E8 4A 10,speed=0.00
1779898671.401,0x200,8,D6 64 48 4C 49 24 BD E9,fuel=100.00
1779898671.480,0x300,8,02 93 ED 5C 6E EB 81 2F,temp=42.00
1779898671.584,0x100,8,00 31 81 2E 1B D1 D1 FA,speed=0.00
1779898671.670,0x200,8,21 64 EB AC 05 79 B9 32,fuel=100.00
1779898671.777,0x300,8,02 C4 21 2D 39 E5 14 0F,temp=42.00
1779898671.854,0x100,8,00 5E 81 56 83 D9 A8 4C,speed=0.00
1779898671.969,0x200,8,28 64 92 6B 85 63 7C 8A,fuel=100.00
1779898672.049,0x300,8,02 D8 8E BC CA 54 AC 99,temp=42.00
1779898672.154,0x100,8,00 E0 BE A8 12 64 13 93,speed=0.00
1779898672.237,0x200,8,0B 64 84 4E A7 33 33 ED,fuel=100.00
1779898672.340,0x300,8,02 D0 31 3F 16 FD 77 32,temp=42.00
1779898672.423,0x100,8,00 F4 0E 7E C2 9F E3 6C,speed=0.00
1779898672.531,0x200,8,06 64 E7 E3 10 5D 92 66,fuel=100.00
1779898672.637,0x300,8,02 38 CF 58 51 BD 53 22,temp=42.00
1779898672.713,0x100,8,00 A1 FB E5 BB 80 E0 9E,speed=0.00
1779898672.791,0x200,8,8A 64 EF D8 9D 3A 2F C9,fuel=100.00
1779898672.905,0x300,8,02 57 94 36 AC 0F BF F9,temp=42.00
1779898673.001,0x100,8,00 1F 79 F0 42 2A 20 EF,speed=0.00
1779898673.100,0x200,8,6E 64 73 4F 12 A7 B4 28,fuel=100.00
1779898673.208,0x300,8,02 19 F5 BF A5 43 6A CD,temp=42.00
1779898673.295,0x100,8,00 78 15 8E 46 9A B8 6C,speed=0.00
1779898673.362,0x200,8,1F 64 F0 DC 16 01 0A 2E,fuel=100.00
1779898673.470,0x300,8,02 AE 6C AA D0 2A 7D C9,temp=42.00
1779898673.556,0x100,8,00 D4 33 47 54 66 47 8B,speed=0.00
1779898673.641,0x200,8,0C 64 5E B7 14 DB 32 05,fuel=100.00
1779898673.740,0x300,8,02 23 E7 A6 18 6F 99 19,temp=42.00
1779898673.843,0x100,8,00 1B 2E 28 CE FA D0 FA,speed=0.00
1779898673.917,0x200,8,DD 64 A1 52 A3 5A DE 8A,fuel=100.00
1779898674.019,0x300,8,02 4A 6D C4 DF 2A CE 98,temp=42.00
1779898674.120,0x100,8,00 59 BC 97 26 27 80 50,speed=0.00
1779898674.202,0x200,8,90 64 1D CD 09 40 0C 94,fuel=100.00
1779898674.315,0x300,8,02 C6 AC 7B 2A 9E B2 11,temp=42.00
1779898674.386,0x100,8,00 73 0E 95 24 C2 39 58,speed=0.00
1779898674.503,0x200,8,1A 64 E3 BA A3 69 F9 9B,fuel=100.00
1779898674.583,0x300,8,02 DA D0 43 5A 35 01 B1,temp=42.00
1779898674.692,0x100,8,00 C0 EC 99 41 5C 85 DE,speed=0.00
1779898674.760,0x200,8,A7 64 B3 36 68 BF E0 D5,fuel=100.00
1779898674.853,0x300,8,02 5F E6 AB 39 91 60 B1,temp=42.00
1779898674.979,0x100,8,00 56 FD B0 18 3A ED DD,speed=0.00
1779898675.064,0x200,8,97 64 00 25 6F DD EA 68,fuel=100.00
1779898675.145,0x300,8,02 BC D2 18 EE 54 30 2D,temp=42.00
1779898675.241,0x100,8,00 DB 05 68 D3 61 5E 9C,speed=0.00
1779898675.336,0x200,8,5B 64 F9 3B 9D 8F A8 7B,fuel=100.00
1779898675.429,0x300,8,02 93 FB 86 B6 96 66 1F,temp=42.00
1779898675.531,0x100,8,00 2E 1B D7 C7 3B 85 3E,speed=0.00
1779898675.624,0x200,8,A3 64 3B 24 5E F5 8C D3,fuel=100.00
1779898675.714,0x300,8,02 06 DE 69 FD 6F F5 55,temp=42.00
1779898675.810,0x100,8,00 64 21 43 7F 11 60 A2,speed=0.00
1779898675.892,0x200,8,A4 64 09 E2 DE 17 66 9B,fuel=100.00
1779898675.981,0x300,8,02 5E 47 3E C8 83 C8 5E,temp=42.00
1779898676.076,0x100,8,00 2D 2A 03 BA 4F F8 BD,speed=0.00
1779898676.170,0x200,8,A6 64 2B 79 C8 32 2C E5,fuel=100.00
1779898676.293,0x300,8,02 45 98 45 E6 94 C8 93,temp=42.00
1779898676.366,0x100,8,00 B2 F7 C5 8A 87 B6 D4,speed=0.00
1779898676.465,0x200,8,F9 64 89 7A 0D 3B 1E E5,fuel=100.00
1779898676.548,0x300,8,02 C1 69 8B 30 A3 F5 F9,temp=42.00
1779898676.654,0x100,8,00 0B EB 6A 72 33 AF C0,speed=0.00
1779898676.737,0x200,8,73 64 45 AB 3F F9 5C A4,fuel=100.00
1779898676.832,0x300,8,02 21 96 C5 08 8F 8B 63,temp=42.00
1779898676.924,0x100,8,00 26 F7 14 B8 20 3F 46,speed=0.00
1779898677.030,0x200,8,43 64 A8 B2 68 02 70 23,fuel=100.00
1779898677.132,0x300,8,02 A5 A4 5E AE 96 72 61,temp=42.00
1779898677.240,0x100,8,00 73 38 6A 33 EF 22 CC,speed=0.00
1779898677.328,0x200,8,0B 64 24 EF BC F9 4B 62,fuel=100.00
1779898677.396,0x300,8,02 20 8B 9C 2A AA 15 74,temp=42.00
1779898677.479,0x100,8,00 13 B7 80 26 2B 13 35,speed=0.00
1779898677.617,0x200,8,73 64 B3 B5 19 E3 18 8D,fuel=100.00
1779898677.671,0x300,8,02 84 B0 70 08 4B 79 E1,temp=42.00
1779898677.764,0x100,8,00 EB B7 DC 5F 86 B5 D8,speed=0.00
1779898677.872,0x200,8,64 64 6E FD E6 6B 8D D1,fuel=100.00
1779898677.946,0x300,8,02 65 CD A8 83 75 53 AF,temp=42.00
1779898678.054,0x100,8,00 11 EF 26 FC F1 17 DF,speed=0.00
1779898678.140,0x200,8,F2 64 68 18 22 79 74 4D,fuel=100.00
1779898678.233,0x300,8,02 CC AB 63 26 0A E7 D5,temp=42.00
1779898678.353,0x100,8,00 DF 85 50 50 0A BF 9A,speed=0.00
1779898678.430,0x200,8,C9 64 C5 AD 27 9D 1C 44,fuel=100.00
1779898678.530,0x300,8,02 D8 60 10 B3 5A D5 20,temp=42.00
1779898678.624,0x100,8,00 01 82 82 69 EB 24 BB,speed=0.00
1779898678.705,0x200,8,68 64 06 6B 0A 2C 16 CD,fuel=100.00
1779898678.793,0x300,8,02 6C 63 75 F9 1A 80 1B,temp=42.00
1779898678.897,0x100,8,00 95 8B 02 42 2F 0B DD,speed=0.00
1779898679.011,0x200,8,35 64 E8 82 AE 69 CE BE,fuel=100.00
1779898679.088,0x300,8,02 6A 83 57 D6 AF 6F D7,temp=42.00
1779898679.195,0x100,8,00 72 04 24 B8 A6 35 E4,speed=0.00
1779898679.281,0x200,8,26 64 8C FD 70 26 1D A6,fuel=100.00
1779898679.371,0x300,8,02 BE FE 20 25 D1 19 F9,temp=42.00
1779898679.457,0x100,8,00 34 AF 57 E3 8F 0B 36,speed=0.00
1779898679.553,0x200,8,1F 64 3A B0 F1 4E 80 34,fuel=100.00
1779898679.658,0x300,8,02 05 CA 24 23 7A E6 90,temp=42.00
1779898679.731,0x100,8,00 F4 31 87 B9 0B 22 25,speed=0.00
1779898679.824,0x200,8,7C 64 22 96 B8 25 05 86,fuel=100.00
1779898679.927,0x300,8,02 9A 09 D4 96 59 27 3E,temp=42.00
1779898680.027,0x100,8,00 24 96 22 4A 84 70 7B,speed=0.00
1779898680.105,0x200,8,0F 64 2E 44 57 B9 99 25,fuel=100.00
1779898680.221,0x300,8,02 AC 51 21 04 82 D9 27,temp=42.00
1779898680.327,0x100,8,00 E2 A4 F6 7A A4 DA DD,speed=0.00
1779898680.400,0x200,8,66 64 64 F0 C1 1C 38 E6,fuel=100.00
1779898680.512,0x300,8,02 F7 90 0A FB 59 83 A6,temp=42.00
1779898680.582,0x100,8,00 B5 D2 3C D9 2C E5 1F,speed=0.00
1779898680.678,0x200,8,F4 64 48 E2 90 D0 46 62,fuel=100.00
1779898680.767,0x300,8,02 85 18 42 8C 00 4E A4,temp=42.00
1779898680.872,0x100,8,00 6A DC CC 4A 88 CC F7,speed=0.00
1779898680.963,0x200,8,3F 64 CC B6 5B BA 5D 41,fuel=100.00
1779898681.062,0x300,8,02 81 28 D9 24 C1 23 42,temp=42.00
1779898681.133,0x100,8,00 D5 74 4D 98 BF D0 71,speed=0.00
1779898681.245,0x200,8,51 64 85 C1 2F 6E DB F7,fuel=100.00
1779898681.331,0x300,8,02 1B 65 60 47 99 7D 57,temp=42.00
1779898681.420,0x100,8,00 26 E0 D4 87 67 AA 06,speed=0.00
1779898681.544,0x200,8,D3 64 07 9F FD 68 F7 BE,fuel=100.00
1779898681.619,0x300,8,02 BA F3 35 AB 72 2F 70,temp=42.00
1779898681.721,0x100,8,00 47 7E 8D 7B 8F 2B AF,speed=0.00
1779898681.798,0x200,8,02 64 98 22 FB 4B 08 63,fuel=100.00
1779898681.892,0x300,8,02 9B 37 28 C1 D8 81 C6,temp=42.00
1779898682.008,0x100,8,00 01 B7 DD 98 A3 45 B0,speed=0.00
1779898682.104,0x200,8,E6 64 1D 26 29 32 A2 DB,fuel=100.00
1779898682.171,0x300,8,02 A7 71 73 B5 41 32 B6,temp=42.00
1779898682.287,0x100,8,00 F3 1F C7 32 2B E1 EA,speed=0.00
1779898682.363,0x200,8,2B 64 AA 26 3D 92 4C 72,fuel=100.00
1779898682.456,0x300,8,02 75 DE A7 F5 E4 24 C6,temp=42.00
1779898682.559,0x100,8,00 4D 3B 84 21 B0 0B 4C,speed=0.00
1779898682.646,0x200,8,E2 64 AA 83 1B 2C 29 19,fuel=100.00
1779898682.738,0x300,8,02 0C 62 04 35 CB BD 5C,temp=42.00
1779898682.839,0x100,8,00 46 A3 29 5B 96 43 15,speed=0.00
1779898682.925,0x200,8,F4 64 2D 7F F2 57 15 91,fuel=100.00
1779898683.022,0x300,8,02 0E F6 3C 21 09 ED 10,temp=42.00
1779898683.115,0x100,8,00 B0 0E 5F B5 80 C4 21,speed=0.00
1779898683.217,0x200,8,82 64 F2 D1 6A 7F 4F B3,fuel=100.00
1779898683.333,0x300,8,02 A4 B7 6A 61 FC EC AE,temp=42.00
1779898683.410,0x100,8,00 BD D3 CC 4B B1 F3 27,speed=0.00
1779898683.509,0x200,8,2F 64 10 C9 FF 2F 69 99,fuel=100.00
1779898683.581,0x300,8,02 45 E2 24 03 8C F8 93,temp=42.00
1779898683.683,0x100,8,00 BA FA A9 B5 13 94 E4,speed=0.00
1779898683.787,0x200,8,3D 64 AC 7E 41 1D BD 06,fuel=100.00
1779898683.856,0x300,8,02 80 FA 92 BC 58 41 16,temp=42.00
1779898683.963,0x100,8,00 38 91 0E 68 A1 A0 6E,speed=0.00
1779898684.043,0x200,8,86 64 7B 82 92 77 26 24,fuel=100.00
1779898684.147,0x300,8,02 03 41 FA 3D 6A 77 AC,temp=42.00
1779898684.256,0x100,8,00 29 1E D2 07 66 09 B1,speed=0.00
1779898684.334,0x200,8,DA 64 EA BD 60 D4 B7 46,fuel=100.00
1779898684.432,0x300,8,02 B8 EC CD 8F 77 66 77,temp=42.00
1779898684.526,0x100,8,00 88 E1 9A 18 94 F0 38,speed=0.00
1779898684.611,0x200,8,FC 64 C0 51 C7 7F 65 71,fuel=100.00
1779898684.722,0x300,8,02 10 42 8F BB 9B E6 D7,temp=42.00
1779898684.815,0x100,8,00 64 4A FD EA 74 4C 4B,speed=0.00
1779898684.898,0x200,8,AF 64 BE C0 A6 93 1C B0,fuel=100.00
1779898684.993,0x300,8,02 CD 60 06 29 A2 9F 25,temp=42.00
1779898685.094,0x100,8,00 10 ED E4 46 1C D4 7C,speed=0.00
1779898685.194,0x200,8,FE 64 E8 28 FC 51 58 C3,fuel=100.00
1779898685.288,0x300,8,02 A1 BA BE CE 29 82 26,temp=42.00
1779898685.374,0x100,8,00 AB 9B BF B5 AC 9D A3,speed=0.00
1779898685.465,0x200,8,CF 64 A5 43 85 D8 42 02,fuel=100.00
1779898685.577,0x300,8,02 57 B5 6A C1 0A 98 BE,temp=42.00
1779898685.639,0x100,8,00 F9 1A E6 32 4E 45 0C,speed=0.00
1779898685.735,0x200,8,93 64 45 68 9E 9A FA 53,fuel=100.00
1779898685.821,0x300,8,02 52 F8 27 7F 0F 60 1E,temp=42.00
1779898685.925,0x100,8,00 F4 A3 82 B4 8E A4 67,speed=0.00
1779898686.039,0x200,8,5F 64 D1 CA 33 C6 79 A7,fuel=100.00
1779898686.133,0x300,8,02 DD 67 3F 60 8C E7 BB,temp=42.00
1779898686.206,0x100,8,00 49 62 C0 76 B4 35 2E,speed=0.00
1779898686.301,0x200,8,9B 64 4B 88 0F 2C A5 C4,fuel=100.00
1779898686.411,0x300,8,02 8F 64 53 5B 00 FB FE,temp=42.00
1779898686.488,0x100,8,00 74 01 8E 65 CE 44 13,speed=0.00
1779898686.587,0x200,8,1A 64 9B 4C 76 52 F5 CD,fuel=100.00
1779898686.689,0x300,8,02 4F E9 28 A6 CD 62 D3,temp=42.00
1779898686.761,0x100,8,00 3E 0A 5C 40 7C A8 C9,speed=0.00
1779898686.862,0x200,8,36 64 DF 55 F8 D7 D2 17,fuel=100.00
1779898686.984,0x300,8,02 AE 90 00 EE 47 1F 36,temp=42.00
1779898687.062,0x100,8,00 89 01 93 1D A7 63 D7,speed=0.00
1779898687.139,0x200,8,F2 64 1A FB AF 08 80 2D,fuel=100.00
1779898687.248,0x300,8,02 47 F2 C3 6F 33 E6 5D,temp=42.00
1779898687.327,0x100,8,00 E7 88 5E 4D E2 24 AE,speed=0.00
1779898687.446,0x200,8,FD 64 A7 F1 28 22 FA D6,fuel=100.00
1779898687.531,0x300,8,02 1D 64 CF 0B 76 E2 67,temp=42.00
1779898687.636,0x100,8,00 41 6F F8 5C B8 45 CC,speed=0.00
1779898687.714,0x200,8,0E 64 08 06 6D 7B A6 A5,fuel=100.00
1779898687.802,0x300,8,02 96 FA CD A9 6D D5 4B,temp=42.00
1779898687.904,0x100,8,00 21 7E 0F ED 6C 22 99,speed=0.00
1779898688.009,0x200,8,EC 64 1E ED 5C 13 14 B9,fuel=100.00
1779898688.080,0x300,8,02 93 C1 29 3D AD ED 63,temp=42.00
1779898688.165,0x100,8,00 2E 69 84 5A 76 76 63,speed=0.00
1779898688.263,0x200,8,3E 64 82 95 EC B8 4B 47,fuel=100.00
1779898688.365,0x300,8,02 D5 B5 C7 53 71 B6 D9,temp=42.00
1779898688.471,0x100,8,00 DF 87 1C 1B 2E 63 EA,speed=0.00
1779898688.546,0x200,8,78 64 E3 32 88 5C B5 3D,fuel=100.00
1779898688.655,0x300,8,02 EF B2 58 28 4B F2 76,temp=42.00
1779898688.754,0x100,8,00 CE 1C 9F 63 A6 68 49,speed=0.00
1779898688.854,0x200,8,47 64 B1 90 3E 63 E8 31,fuel=100.00
1779898688.922,0x300,8,02 AA 19 63 D2 71 34 88,temp=42.00
1779898689.021,0x100,8,00 8E 55 22 AE DC 57 7C,speed=0.00
1779898689.123,0x200,8,D5 64 02 7B 66 8A 5B 90,fuel=100.00
1779898689.233,0x300,8,02 07 C7 42 9A EE A2 CB,temp=42.00
1779898689.315,0x100,8,00 78 1B 50 C9 13 B9 19,speed=0.00
1779898689.387,0x200,8,74 64 30 B3 B3 09 89 3B,fuel=100.00
1779898689.503,0x300,8,02 1C 1D B6 2C AC A8 7D,temp=42.00
1779898689.605,0x100,8,00 D3 02 36 29 8D 39 AD,speed=0.00
1779898689.671,0x200,8,8B 64 C1 98 E9 AD A3 04,fuel=100.00
1779898689.772,0x300,8,02 77 96 98 59 09 95 C9,temp=42.00
1779898689.877,0x100,8,00 19 31 AF F7 0D 41 F0,speed=0.00
1779898689.960,0x200,8,4B 64 5C 54 11 F0 33 83,fuel=100.00
1779898690.048,0x300,8,02 7C 4C D3 60 2D 4C 79,temp=42.00
1779898690.144,0x100,8,00 03 87 3B 96 FF 36 CD,speed=0.00
1779898690.250,0x200,8,49 64 C1 0E 07 B4 13 9D,fuel=100.00
1779898690.322,0x300,8,02 34 AD F1 EE 75 27 80,temp=42.00
1779898690.449,0x100,8,00 4F 07 C0 E9 56 3D 7E,speed=0.00
1779898690.536,0x200,8,44 64 2B 94 65 73 BA 84,fuel=100.00
1779898690.611,0x300,8,02 A5 19 CD 55 9A 4A CE,temp=42.00
1779898690.721,0x100,8,00 2A D6 77 BB D5 45 A6,speed=0.00
1779898690.815,0x200,8,20 64 93 51 46 62 6D 16,fuel=100.00
1779898690.884,0x300,8,02 26 15 EB D8 A2 12 A4,temp=42.00
1779898691.004,0x100,8,00 91 2F FF 8B 92 85 4E,speed=0.00
1779898691.078,0x200,8,7A 64 9D A6 22 90 0C EB,fuel=100.00
1779898691.194,0x300,8,02 55 E8 15 CB FA 16 08,temp=42.00
1779898691.271,0x100,8,00 93 C1 B7 6B 6B C0 05,speed=0.00
1779898691.363,0x200,8,41 64 47 5C 04 AC 3A 0D,fuel=100.00
1779898691.454,0x300,8,02 66 72 7D 9D 0C CC FC,temp=42.00
1779898691.577,0x100,8,00 A6 91 AD 20 C5 DD F4,speed=0.00
1779898691.655,0x200,8,88 64 9D 41 80 C2 D7 35,fuel=100.00
1779898691.737,0x300,8,02 49 58 C3 D4 97 F1 51,temp=42.00
1779898691.833,0x100,8,00 7E B3 7E A7 04 7E 0F,speed=0.00
1779898691.932,0x200,8,4A 64 9E E4 7B 65 07 39,fuel=100.00
1779898692.037,0x300,8,02 03 9D 49 5C 42 F9 FF,temp=42.00
1779898692.109,0x100,8,00 7C 3C 01 9A 77 4E AD,speed=0.00
1779898692.221,0x200,8,6B 64 C1 A1 F0 B2 50 A6,fuel=100.00
1779898692.328,0x300,8,02 37 69 5D B5 56 55 A0,temp=42.00
1779898692.401,0x100,8,00 8D B7 29 41 29 07 8B,speed=0.00
1779898692.505,0x200,8,04 64 D0 8C 76 F4 4D 25,fuel=100.00
1779898692.584,0x300,8,02 86 52 3C 53 EC 42 D1,temp=42.00
1779898692.690,0x100,8,00 DD 1B 02 6F CD 7F 0C,speed=0.00
1779898692.788,0x200,8,53 64 A9 8E B6 0E C4 A8,fuel=100.00
1779898692.853,0x300,8,02 D2 F1 74 F1 F2 29 D3,temp=42.00
1779898692.961,0x100,8,00 0F 76 F6 5A 4C 54 7D,speed=0.00
1779898693.063,0x200,8,5A 64 29 13 96 E6 A9 BD,fuel=100.00
1779898693.135,0x300,8,02 E6 A1 FB E5 11 69 13,temp=42.00
1779898693.252,0x100,8,00 18 39 DE 95 6B B6 3D,speed=0.00
1779898693.354,0x200,8,D3 64 23 9D 7E FE B2 0A,fuel=100.00
1779898693.443,0x300,8,02 1F 5A 9A B8 18 97 1D,temp=42.00
1779898693.523,0x100,8,00 66 35 A0 1F 1F B1 9A,speed=0.00
1779898693.619,0x200,8,60 64 6C FF 82 C4 62 88,fuel=100.00
1779898693.701,0x300,8,02 EF 4D 75 11 16 15 41,temp=42.00
1779898693.804,0x100,8,00 8F 12 88 35 F7 46 75,speed=0.00
1779898693.900,0x200,8,27 64 8A 86 91 A4 31 2F,fuel=100.00
1779898694.016,0x300,8,02 92 4A 5B 5F A0 F0 33,temp=42.00
1779898694.093,0x100,8,00 DB B8 67 F5 55 DE 12,speed=0.00
1779898694.168,0x200,8,0F 64 F0 FB 0C 10 51 BB,fuel=100.00
1779898694.271,0x300,8,02 82 6A CD D5 EF 6B 4A,temp=42.00
1779898694.365,0x100,8,00 4E 9C F0 04 C4 FD 8D,speed=0.00
1779898694.482,0x200,8,41 64 45 26 FB 1E 97 4D,fuel=100.00
1779898694.551,0x300,8,02 1E EC 74 8F F6 4D C6,temp=42.00
1779898694.647,0x100,8,00 93 DF F1 06 A7 E8 7C,speed=0.00
1779898694.743,0x200,8,0E 64 FE D1 50 44 3E 1D,fuel=100.00
1779898694.822,0x300,8,02 02 47 DC 2B C7 09 F2,temp=42.00
1779898694.945,0x100,8,00 DE 87 05 02 09 E4 62,speed=0.00
1779898695.020,0x200,8,D3 64 55 31 B7 7C FD 6D,fuel=100.00
1779898695.114,0x300,8,02 16 FC CF 7C A1 36 0E,temp=42.00
1779898695.215,0x100,8,00 A5 FD 2A 9E 23 72 37,speed=0.00
1779898695.316,0x200,8,A7 64 82 F6 10 9E 96 EE,fuel=100.00
1779898695.387,0x300,8,02 2C 07 BF 1C 02 29 6B,temp=42.00
1779898695.513,0x100,8,00 95 2F 05 FE 2D 20 C6,speed=0.00
1779898695.596,0x200,8,EC 64 C6 2E 9C 85 BC 92,fuel=100.00
1779898695.666,0x300,8,02 82 37 96 A2 20 C5 AF,temp=42.00
1779898695.758,0x100,8,00 41 39 4C 60 C4 5B 38,speed=0.00
1779898695.858,0x200,8,D4 64 F1 6F F9 A4 CE 6A,fuel=100.00
1779898695.984,0x300,8,02 B1 30 10 26 E3 0E F0,temp=42.00
1779898696.056,0x100,8,00 BE BA CB 18 ED 30 65,speed=0.00
1779898696.138,0x200,8,F2 64 D2 67 C1 D8 68 70,fuel=100.00
1779898696.251,0x300,8,02 C1 A8 4D 48 57 7D 0F,temp=42.00
1779898696.332,0x100,8,00 68 88 1C 37 6B 28 B2,speed=0.00
1779898696.423,0x200,8,75 64 99 F4 25 FB 94 97,fuel=100.00
1779898696.533,0x300,8,02 E4 B3 1D E4 FA 0A 5F,temp=42.00
1779898696.607,0x100,8,00 65 4C 0B A8 0D 30 3B,speed=0.00
1779898696.722,0x200,8,2C 64 46 AF D1 CB 83 E0,fuel=100.00
1779898696.807,0x300,8,02 3E 77 4A B1 5F 01 E5,temp=42.00
1779898696.895,0x100,8,00 20 92 CF A4 19 BE DB,speed=0.00
1779898696.999,0x200,8,9A 64 C9 03 4F 32 F7 3A,fuel=100.00
1779898697.088,0x300,8,02 90 7A 70 04 AF 3E 12,temp=42.00
1779898697.183,0x100,8,00 52 3D 96 90 09 07 84,speed=0.00
1779898697.283,0x200,8,5A 64 DF 75 B8 73 6E 55,fuel=100.00
1779898697.365,0x300,8,02 4F AA CF 5F 1B 7A 14,temp=42.00
1779898697.481,0x100,8,00 5F 63 D1 6D 82 22 A5,speed=0.00
1779898697.579,0x200,8,4A 64 73 0F 53 6C 8C D9,fuel=100.00
1779898697.647,0x300,8,02 C8 7F C9 E7 B1 9A 4A,temp=42.00
1779898697.751,0x100,8,00 7C BA 59 A5 7E 69 F4,speed=0.00
1779898697.847,0x200,8,AF 64 52 72 DB 8C 05 59,fuel=100.00
1779898697.926,0x300,8,02 7D 90 11 E2 4D 72 E8,temp=42.00
1779898698.047,0x100,8,00 41 A6 28 E0 43 3C 55,speed=0.00
1779898698.124,0x200,8,E4 64 17 CE 52 50 A6 AF,fuel=100.00
1779898698.215,0x300,8,02 F2 CD 08 03 44 A8 C1,temp=42.00
1779898698.300,0x100,8,00 75 94 C7 AC A0 FE A8,speed=0.00
1779898698.400,0x200,8,78 64 77 DF CA 5B 1B 20,fuel=100.00
1779898698.481,0x300,8,02 74 1D 9D 16 6E D0 8D,temp=42.00
1779898698.576,0x100,8,00 E8 77 E6 6B E3 35 DD,speed=0.00
1779898698.675,0x200,8,6D 64 07 9C 00 8B 02 A6,fuel=100.00
1779898698.772,0x300,8,02 CB 35 7F B9 62 F2 DC,temp=42.00
1779898698.862,0x100,8,00 BF 0D CB BA 8B A9 BE,speed=0.00
1779898698.948,0x200,8,E8 64 E5 AD 41 B1 2B BC,fuel=100.00
1779898699.062,0x300,8,02 7D F7 4C B9 E2 AD FC,temp=42.00
1779898699.153,0x100,8,00 89 9A F6 70 D6 2C D9,speed=0.00
1779898699.238,0x200,8,FD 64 C0 8B FD 3E BB 5C,fuel=100.00
1779898699.346,0x300,8,02 8C EC 5F 35 C8 11 E2,temp=42.00
1779898699.445,0x100,8,00 F4 62 7C C1 ED 16 3D,speed=0.00
1779898699.512,0x200,8,17 64 AA E6 99 0D 1C F4,fuel=100.00
1779898699.602,0x300,8,02 F2 59 69 7F 58 08 70,temp=42.00
1779898699.706,0x100,8,00 A5 93 7C 10 C9 03 FE,speed=0.00
1779898699.807,0x200,8,37 64 6F D1 D7 45 42 54,fuel=100.00
1779898699.906,0x300,8,02 AF D9 0B 8C 8C 80 46,temp=42.00
1779898699.999,0x100,8,00 C0 C9 09 28 64 8F 9B,speed=0.00
1779898700.086,0x200,8,35 64 60 16 23 E9 82 F5,fuel=100.00
1779898700.187,0x300,8,02 56 59 1A 27 8C D5 11,temp=42.00
1779898700.272,0x100,8,00 DC AA A0 BD 10 E5 72,speed=0.00
1779898700.372,0x200,8,35 64 14 AF EC BE 45 AF,fuel=100.00
1779898700.462,0x300,8,02 F6 6A 41 1F B8 23 A1,temp=42.00
1779898700.559,0x100,8,00 90 7D 21 52 8B 3C 4B,speed=0.00
1779898700.648,0x200,8,47 64 56 6C 5C 49 8E 98,fuel=100.00
1779898700.741,0x300,8,02 F6 09 87 70 5F 1A 0F,temp=42.00
1779898700.822,0x100,8,00 8F CC 8E BB 83 38 E2,speed=0.00
1779898700.922,0x200,8,51 64 61 00 49 40 4D B9,fuel=100.00
1779898701.014,0x300,8,02 C2 43 55 32 87 FB 05,temp=42.00
1779898701.106,0x100,8,00 0D 75 1B 98 DA 3D A1,speed=0.00
1779898701.221,0x200,8,36 64 36 92 D7 B1 C6 67,fuel=100.00
1779898701.299,0x300,8,02 0A 8A 4E 3F BC FF 25,temp=42.00
1779898701.394,0x100,8,00 FF 93 02 AC 97 F3 05,speed=0.00
1779898701.493,0x200,8,16 64 DC 78 F9 0C B8 4E,fuel=100.00
1779898701.591,0x300,8,02 8E DE 05 85 7A 45 F5,temp=42.00
1779898701.688,0x100,8,00 AE 1B 1C 70 AE 3D 48,speed=0.00
1779898701.787,0x200,8,1E 64 A6 FB D4 29 AE 44,fuel=100.00
1779898701.860,0x300,8,02 89 E3 C8 C6 52 B4 28,temp=42.00
1779898701.971,0x100,8,00 9C E0 D4 EC 05 82 DA,speed=0.00
1779898702.053,0x200,8,75 64 3B 73 4C 36 28 8E,fuel=100.00
1779898702.158,0x300,8,02 CC F1 C5 BA 93 78 BB,temp=42.00
1779898702.233,0x100,8,00 6C 65 51 49 3C 90 32,speed=0.00
1779898702.339,0x200,8,ED 64 1F C7 3A 99 70 D5,fuel=100.00
1779898702.420,0x300,8,02 F9 4E 4B CB FD 48 79,temp=42.00
1779898702.542,0x100,8,00 B1 7A 64 4C A8 F5 B4,speed=0.00
1779898702.607,0x200,8,54 64 EB A3 5C 68 9C AE,fuel=100.00
1779898702.720,0x300,8,02 47 84 75 22 79 CA C6,temp=42.00
1779898702.806,0x100,8,00 F0 39 D2 EE E2 3B 6E,speed=0.00
1779898702.903,0x200,8,C0 64 C6 50 ED 63 E1 34,fuel=100.00
1779898703.023,0x300,8,02 79 69 FC A0 61 10 F9,temp=42.00
1779898703.082,0x100,8,00 2D 49 E9 23 A6 C4 5B,speed=0.00
1779898703.179,0x200,8,2C 64 69 57 0F DD 88 1A,fuel=100.00
1779898703.261,0x300,8,02 AA 70 77 42 9B 39 3E,temp=42.00
1779898703.365,0x100,8,00 79 DA 2F 85 73 45 BB,speed=0.00
1779898703.468,0x200,8,1A 64 C7 87 A9 FE CB 3C,fuel=100.00
1779898703.565,0x300,8,02 AB 1C DF B5 25 F4 B5,temp=42.00
1779898703.646,0x100,8,00 18 34 18 E6 FB 58 81,speed=0.00
1779898703.730,0x200,8,3F 64 95 83 1B 7E 40 BC,fuel=100.00
1779898703.833,0x300,8,02 0E E2 F4 2B 4C 81 72,temp=42.00
1779898703.933,0x100,8,00 88 34 BC 1B 3E E0 4D,speed=0.00
1779898704.047,0x200,8,2B 64 6F BE FB 90 19 E4,fuel=100.00
1779898704.132,0x300,8,02 38 67 5F 41 F7 5C EC,temp=42.00
1779898704.205,0x100,8,00 26 C4 EC 0F A5 F5 2A,speed=0.00
1779898704.305,0x200,8,A9 64 87 A9 78 29 C7 D1,fuel=100.00
1779898704.408,0x300,8,02 4D 2F 89 FF 6B F9 C3,temp=42.00
1779898704.520,0x100,8,00 55 D2 7C A0 47 CC 2D,speed=0.00
1779898704.579,0x200,8,3B 64 B7 1D EE B1 74 9A,fuel=100.00
1779898704.677,0x300,8,02 01 97 C2 E0 F3 06 79,temp=42.00
1779898704.778,0x100,8,00 C2 58 5D AC 40 D3 E2,speed=0.00
1779898704.866,0x200,8,34 64 56 35 CE A9 AD 8C,fuel=100.00
1779898704.965,0x300,8,02 2F FE 9F A6 F3 CE FC,temp=42.00
1779898705.056,0x100,8,00 D7 64 41 18 F0 CA A1,speed=0.00
1779898705.144,0x200,8,B0 64 48 53 10 0D 74 9F,fuel=100.00
1779898705.245,0x300,8,02 A4 C1 27 C9 9A 07 8A,temp=42.00
1779898705.324,0x100,8,00 4B 31 27 D8 34 25 89,speed=0.00
1779898705.436,0x200,8,95 64 C1 86 BC 1C B1 30,fuel=100.00
1779898705.547,0x300,8,02 87 08 72 5C 9A AC 67,temp=42.00
1779898705.623,0x100,8,00 AC 4B 24 1D C0 3F B6,speed=0.00
1779898705.700,0x200,8,D8 64 E3 2C EA 79 E8 87,fuel=100.00
1779898705.804,0x300,8,02 53 5C 14 43 A2 18 15,temp=42.00
1779898705.884,0x100,8,00 55 33 89 7F 00 9A 11,speed=0.00
1779898705.983,0x200,8,C1 64 80 9A A5 9C F5 39,fuel=100.00
1779898706.075,0x300,8,02 BD 56 45 7C B6 9C 07,temp=42.00
1779898706.167,0x100,8,00 F6 BD F5 9D 1A 5E 69,speed=0.00
1779898706.272,0x200,8,3C 64 29 3A 8C C4 B7 C3,fuel=100.00
1779898706.354,0x300,8,02 33 21 B0 59 A2 D0 58,temp=42.00
1779898706.462,0x100,8,00 98 43 8E F9 5F 35 8C,speed=0.00
1779898706.548,0x200,8,49 64 AC 21 B2 68 D7 3A,fuel=100.00
1779898706.641,0x300,8,02 6D 46 EC B0 37 75 0C,temp=42.00
1779898706.735,0x100,8,00 F4 AD 7B 5D 4D E7 C4,speed=0.00
1779898706.830,0x200,8,7C 64 8D 6B DB A3 67 00,fuel=100.00
1779898706.926,0x300,8,02 AD 6E BD F6 8E 9F 9A,temp=42.00
1779898707.028,0x100,8,00 1B 70 14 54 7C 1A 10,speed=0.00
1779898707.144,0x200,8,C7 64 72 FF 45 07 A0 A1,fuel=100.00
1779898707.212,0x300,8,02 51 BD 0A 78 BB D2 91,temp=42.00
1779898707.309,0x100,8,00 5C D1 9F 72 F7 31 48,speed=0.00
1779898707.393,0x200,8,F6 64 87 E3 AC 66 5C EB,fuel=100.00
1779898707.480,0x300,8,02 13 74 47 74 65 3D 07,temp=42.00
1779898707.651,0x100,8,00 57 12 A0 11 95 D5 88,speed=0.00
1779898707.673,0x200,8,23 64 1C D9 26 35 DE 36,fuel=100.00
1779898707.773,0x300,8,02 B3 53 2C 1F 93 C5 CC,temp=42.00
1779898707.882,0x100,8,00 6C EE AA B5 0F F8 E4,speed=0.00
1779898707.950,0x200,8,28 64 42 E8 1E 16 29 9E,fuel=100.00
1779898708.043,0x300,8,02 61 19 C4 81 EE 15 CB,temp=42.00
1779898708.140,0x100,8,00 CB 9E 67 77 59 B9 27,speed=0.00
1779898708.238,0x200,8,81 64 B8 31 02 12 5A 89,fuel=100.00
1779898708.338,0x300,8,02 1F 7A FB C0 DD 9C 40,temp=42.00
1779898708.430,0x100,8,00 4A C4 C8 2B AF 0F 36,speed=0.00
1779898708.558,0x200,8,C6 64 6D 74 2E 8F 64 39,fuel=100.00
1779898708.603,0x300,8,02 31 95 62 A6 CD DE F8,temp=42.00
1779898708.709,0x100,8,00 10 0E 77 0E 19 FF CD,speed=0.00
1779898708.815,0x200,8,EC 64 D1 47 DD 45 42 F9,fuel=100.00
1779898708.891,0x300,8,02 D4 55 D3 58 4A 76 47,temp=42.00
1779898708.994,0x100,8,00 5D 73 92 1C 14 07 58,speed=0.00
1779898709.078,0x200,8,99 64 F5 A2 90 28 B7 F0,fuel=100.00
1779898709.200,0x300,8,02 64 12 C4 F1 E1 5D 15,temp=42.00
1779898709.274,0x100,8,00 83 C0 82 6E 3B 9A 4B,speed=0.00
1779898709.375,0x200,8,FD 64 4F B3 40 1F 3F 0B,fuel=100.00
1779898709.464,0x300,8,02 E9 C6 C1 72 FC 4F E3,temp=42.00
1779898709.563,0x100,8,00 D4 43 17 2A 78 7D 27,speed=0.00
1779898709.655,0x200,8,03 64 B2 8A 7E 81 EB 7D,fuel=100.00
1779898709.750,0x300,8,02 F1 92 39 B7 3F 81 8B,temp=42.00
1779898709.841,0x100,8,00 12 D1 23 D6 6E 9C CE,speed=0.00
1779898709.924,0x200,8,34 64 93 01 DE BA 6B 03,fuel=100.00
1779898710.023,0x300,8,02 A4 18 92 5D 2C 2E 01,temp=42.00
1779898710.112,0x100,8,00 41 64 8E 9F 29 40 2E,speed=0.00
1779898710.209,0x200,8,7E 64 9B D6 D7 3B 92 5C,fuel=100.00
1779898710.301,0x300,8,02 D3 28 49 6F E0 01 EE,temp=42.00
1779898710.399,0x100,8,00 7E AE 73 A3 1A 75 0C,speed=0.00
1779898710.487,0x200,8,43 64 3D 28 1D CB DE 02,fuel=100.00
1779898710.586,0x300,8,02 31 A5 ED AD 8E 2C 3A,temp=42.00
1779898710.668,0x100,8,00 E4 1B 89 75 B1 3F FD,speed=0.00
1779898710.775,0x200,8,7B 64 02 E5 56 FA 1C 81,fuel=100.00
1779898710.858,0x300,8,02 93 DD 26 BB 67 19 1D,temp=42.00
1779898710.957,0x100,8,00 8C 65 79 82 3A F9 CE,speed=0.00
1779898711.083,0x200,8,7D 64 CA D9 30 F8 6E B6,fuel=100.00
1779898711.162,0x300,8,02 71 E9 8E B6 A2 80 E8,temp=42.00
1779898711.241,0x100,8,00 8E C2 B3 6F 71 52 24,speed=0.00
1779898711.331,0x200,8,E7 64 B8 B4 CD C5 14 85,fuel=100.00
1779898711.432,0x300,8,02 42 84 A6 75 C9 37 3D,temp=42.00
1779898711.518,0x100,8,00 6F EA DC AE 61 21 48,speed=0.00
1779898711.631,0x200,8,23 64 BB 28 FA C2 90 59,fuel=100.00
1779898711.698,0x300,8,02 EA 6A 1E 1D A7 E3 44,temp=42.00
1779898711.796,0x100,8,00 56 AC 33 F5 B6 94 A4,speed=0.00
1779898711.907,0x200,8,4D 64 6D 2D 7F A2 A6 3D,fuel=100.00
1779898712.002,0x300,8,02 A5 3E 9B 3A 33 10 3B,temp=42.00
1779898712.075,0x100,8,00 13 B3 1E 62 24 23 0C,speed=0.00
1779898712.171,0x200,8,9F 64 11 EB FB BA D9 F9,fuel=100.00
1779898712.270,0x300,8,02 D8 B3 2D C9 52 D3 BC,temp=42.00
1779898712.358,0x100,8,00 01 62 70 D8 4A 68 72,speed=0.00
1779898712.461,0x200,8,6C 64 B6 08 D6 9F AA FF,fuel=100.00
1779898712.556,0x300,8,02 5B 91 2E 9C 25 71 82,temp=42.00
1779898712.654,0x100,8,00 AD 7F BB 72 6D 08 66,speed=0.00
1779898712.749,0x200,8,1D 64 73 CE 4F 1B 18 A0,fuel=100.00
1779898712.861,0x300,8,02 15 7C 94 71 39 EB CE,temp=42.00
1779898712.952,0x100,8,00 CD ED 82 7A B9 09 41,speed=0.00
1779898713.031,0x200,8,5A 64 4E 0A 02 03 ED 24,fuel=100.00
1779898713.109,0x300,8,02 01 BF 96 CE D2 84 08,temp=42.00
1779898713.221,0x100,8,00 BC C2 01 8C 70 60 74,speed=0.00
1779898713.304,0x200,8,1F 64 9A E5 75 81 20 AC,fuel=100.00
1779898713.423,0x300,8,02 ED 50 FD 09 D9 F7 8D,temp=42.00
1779898713.517,0x100,8,00 1D 3C 1C 0C 27 99 38,speed=0.00
1779898713.590,0x200,8,AD 64 51 F4 63 18 6F 3D,fuel=100.00
1779898713.685,0x300,8,02 7C 2E 9A 2C 8F AC B6,temp=42.00
1779898713.785,0x100,8,00 56 A4 7F 11 4E 8F 17,speed=0.00
1779898713.862,0x200,8,3A 64 AC AD 33 B9 C5 71,fuel=100.00
1779898713.958,0x300,8,02 9A CE 03 DE 5F 92 D6,temp=42.00
1779898714.068,0x100,8,00 EA C1 D4 00 76 85 AE,speed=0.00
1779898714.139,0x200,8,30 64 E0 09 C8 6C E2 D0,fuel=100.00
1779898714.230,0x300,8,02 EF 33 FE 25 A4 A6 3C,temp=42.00
1779898714.331,0x100,8,00 D1 DB 34 A6 0B 7D 56,speed=0.00
1779898714.426,0x200,8,73 64 A4 7C 78 FF BE 4D,fuel=100.00
1779898714.524,0x300,8,02 78 0A CB 53 B1 DD E6,temp=42.00
1779898714.606,0x100,8,00 E5 3C D6 0D 17 B0 D2,speed=0.00
1779898714.699,0x200,8,DF 64 54 DE 75 FA DE D5,fuel=100.00
1779898714.792,0x300,8,02 34 15 DD F5 6E 50 FB,temp=42.00
1779898714.902,0x100,8,00 69 87 C0 70 4A 27 D8,speed=0.00
1779898715.012,0x200,8,39 64 8E 25 8F DE F3 E6,fuel=100.00
1779898715.085,0x300,8,02 B5 50 69 16 DF 88 B4,temp=42.00
1779898715.197,0x100,8,00 40 CE 25 52 BB EA F2,speed=0.00
1779898715.295,0x200,8,17 64 D7 FF 4D BD A2 93,fuel=100.00
1779898715.370,0x300,8,02 3E 7E 3A B5 E2 30 23,temp=42.00
1779898715.456,0x100,8,00 49 C3 E2 EB DB 05 49,speed=0.00
1779898715.586,0x200,8,2B 64 AA 23 F5 7B BA 06,fuel=100.00
1779898715.636,0x300,8,02 8A DF 6F 87 F2 EF 8F,temp=42.00
1779898715.727,0x100,8,00 66 86 EB 1B 84 03 93,speed=0.00
1779898715.822,0x200,8,59 64 4A A3 46 ED 38 EC,fuel=100.00
1779898715.917,0x300,8,02 32 81 87 1B E6 0D 99,temp=42.00
1779898716.030,0x100,8,00 82 5E 81 1A 67 54 6D,speed=0.00
1779898716.110,0x200,8,D3 64 2F F3 C6 28 56 EB,fuel=100.00
1779898716.208,0x300,8,02 39 F8 71 12 E9 27 46,temp=42.00
1779898716.316,0x100,8,00 21 63 F6 B6 29 A4 38,speed=0.00
1779898716.404,0x200,8,B1 64 79 E0 B2 1E 37 23,fuel=100.00
1779898716.481,0x300,8,02 81 91 EF B3 CE C2 56,temp=42.00
1779898716.604,0x100,8,00 B4 E1 5D 04 59 E9 77,speed=0.00
1779898716.669,0x200,8,93 64 D7 3F 95 75 E6 45,fuel=100.00
1779898716.765,0x300,8,02 47 E7 77 B1 B2 75 E6,temp=42.00
1779898716.880,0x100,8,00 7A AE 65 4F 32 16 FD,speed=0.00
1779898716.956,0x200,8,17 64 C9 1D 40 2B C3 2B,fuel=100.00
1779898717.052,0x300,8,02 0F 14 00 3D C3 D5 18,temp=42.00
1779898717.169,0x100,8,00 06 8B E5 9E 0B 80 11,speed=0.00
1779898717.254,0x200,8,ED 64 68 25 99 91 A1 0B,fuel=100.00
1779898717.325,0x300,8,02 A7 8B 7E AD 5D BC 1E,temp=42.00
1779898717.441,0x100,8,00 C3 2F 9E DB ED 04 D6,speed=0.00
1779898717.550,0x200,8,7A 64 1D EE 1A 5E F9 A5,fuel=100.00
1779898717.629,0x300,8,02 BE 55 A5 9F 2A C4 6F,temp=42.00
1779898717.725,0x100,8,00 10 4D 49 E1 0E 6C C7,speed=0.00
1779898717.812,0x200,8,F6 64 AB 17 0A 58 6A B1,fuel=100.00
1779898717.891,0x300,8,02 E4 34 97 9C AF 68 43,temp=42.00
1779898717.986,0x100,8,00 C7 30 6B F1 F5 43 92,speed=0.00
1779898718.082,0x200,8,35 64 9F B9 93 F7 03 46,fuel=100.00
1779898718.187,0x300,8,02 1A 89 45 C2 B8 86 E1,temp=42.00
1779898718.284,0x100,8,00 4E B8 ED 7E 70 B7 0C,speed=0.00
1779898718.357,0x200,8,26 64 7F 0D D5 AA 48 A8,fuel=100.00
1779898718.463,0x300,8,02 65 A8 63 33 6C 5E 84,temp=42.00
1779898718.560,0x100,8,00 E6 DB B4 C4 92 52 16,speed=0.00
1779898718.638,0x200,8,8F 64 7F 50 8B FB 5A 3E,fuel=100.00
1779898718.742,0x300,8,02 AC 9F 6D BA 60 A1 56,temp=42.00
1779898718.846,0x100,8,00 D9 2B F9 EF 2B 98 29,speed=0.00
1779898718.940,0x200,8,65 64 EC CD 1E 69 F8 0B,fuel=100.00
1779898719.014,0x300,8,02 D8 BF ED E2 51 5D EB,temp=42.00
1779898719.109,0x100,8,00 09 30 FF 79 4E AE 3B,speed=0.00
1779898719.202,0x200,8,31 64 0D EB 44 F5 AA 8F,fuel=100.00
1779898719.300,0x300,8,02 B0 2D E6 52 31 30 4F,temp=42.00
1779898719.392,0x100,8,00 56 02 2C 5F 11 FF 7A,speed=0.00
1779898719.485,0x200,8,36 64 FC A2 5D B6 81 68,fuel=100.00
1779898719.598,0x300,8,02 52 3D 58 36 C9 CB CF,temp=42.00
1779898719.679,0x100,8,00 68 BC 4C F4 AC 10 DB,speed=0.00
1779898719.777,0x200,8,7F 64 F7 93 93 89 45 6B,fuel=100.00
1779898719.872,0x300,8,02 B0 62 68 25 0D C8 C1,temp=42.00
1779898719.972,0x100,8,00 4E 51 C1 2E E4 D3 81,speed=0.00
1779898720.068,0x200,8,C1 64 ED 58 8D 27 08 32,fuel=100.00
1779898720.165,0x300,8,02 20 EF 8E C8 68 2D C8,temp=42.00
1779898720.265,0x100,8,00 00 7F C4 6B 81 E4 78,speed=0.00
1779898720.364,0x200,8,0D 64 ED 90 30 0A 39 36,fuel=100.00
1779898720.438,0x300,8,02 04 B4 B0 EB 9E 34 02,temp=42.00
1779898720.528,0x100,8,00 4F 9A 07 1B 10 93 73,speed=0.00
1779898720.632,0x200,8,DD 64 AA 20 7E 3F 20 99,fuel=100.00
1779898720.727,0x300,8,02 31 54 48 C2 7F 75 FD,temp=42.00
1779898720.828,0x100,8,00 DB AF DF 99 BD D9 46,speed=0.00
1779898720.915,0x200,8,3A 64 31 4E ED 1B 07 65,fuel=100.00
1779898721.019,0x300,8,02 40 5C 1C 49 27 E5 8C,temp=42.00
1779898721.093,0x100,8,00 CA 6E A5 A4 A8 18 F9,speed=0.00
1779898721.184,0x200,8,72 64 95 66 34 74 F1 D7,fuel=100.00
1779898721.285,0x300,8,02 6F F8 7C C8 4C ED 92,temp=42.00
1779898721.398,0x100,8,00 1C FB A8 85 B2 60 AA,speed=0.00
1779898721.491,0x200,8,FB 64 24 01 4F 79 20 72,fuel=100.00
1779898721.588,0x300,8,02 CD E7 44 A9 7D AE DB,temp=42.00
1779898721.670,0x100,8,00 6D 2A D8 E9 F5 6D 1B,speed=0.00
1779898721.746,0x200,8,D5 64 E8 D1 10 E7 0A 6F,fuel=100.00
1779898721.856,0x300,8,02 CE DB 6F 75 13 7F 81,temp=42.00
1779898721.956,0x100,8,00 4C 9F C8 D6 A8 B2 00,speed=0.00
1779898722.034,0x200,8,7C 64 ED F7 B0 34 04 D0,fuel=100.00
1779898722.146,0x300,8,02 8F 45 63 BD 15 C3 26,temp=42.00
1779898722.229,0x100,8,00 0A BB 0D 84 28 AC 49,speed=0.00
1779898722.310,0x200,8,E5 64 55 15 7D 81 E1 21,fuel=100.00
1779898722.416,0x300,8,02 11 B1 15 F3 DB 8E 82,temp=42.00
1779898722.502,0x100,8,00 F7 6B 96 0F F1 65 D5,speed=0.00
1779898722.595,0x200,8,92 64 CB AB 2F F7 CC B3,fuel=100.00
1779898722.688,0x300,8,02 57 30 07 E8 DA FE 03,temp=42.00
1779898722.787,0x100,8,00 8E 61 F2 75 E6 CD 91,speed=0.00
1779898722.880,0x200,8,BA 64 79 38 11 61 DA E5,fuel=100.00
1779898722.976,0x300,8,02 7A F5 80 BF 68 06 9A,temp=42.00
1779898723.070,0x100,8,00 C6 F8 78 30 A7 49 25,speed=0.00
1779898723.180,0x200,8,7F 64 38 7B 36 C6 7B AB,fuel=100.00
1779898723.261,0x300,8,02 43 41 94 F1 3E E1 5B,temp=42.00
1779898723.364,0x100,8,00 1A 05 DE 50 FF CA 59,speed=0.00
1779898723.442,0x200,8,AE 64 9B 55 C3 59 DB E9,fuel=100.00
1779898723.526,0x300,8,02 98 FD 59 5F DF 2F 41,temp=42.00
1779898723.629,0x100,8,00 50 B6 2D C9 B8 36 5F,speed=0.00
1779898723.731,0x200,8,81 64 E1 AA 20 97 BA F5,fuel=100.00
1779898723.812,0x300,8,02 90 53 C3 B0 BD AF B7,temp=42.00
1779898723.904,0x100,8,00 A4 CE 86 34 5B CD 2E,speed=0.00
1779898724.011,0x200,8,33 64 1E 7D 56 73 04 B3,fuel=100.00
1779898724.088,0x300,8,02 89 08 57 24 29 25 C4,temp=42.00
1779898724.209,0x100,8,00 B9 53 45 BF 07 B1 4D,speed=0.00
1779898724.287,0x200,8,14 64 8C A4 59 FA 3E 25,fuel=100.00
1779898724.396,0x300,8,02 C7 AD B6 CA 4F 46 10,temp=42.00
1779898724.491,0x100,8,00 36 E4 18 CA 08 AA 89,speed=0.00
1779898724.576,0x200,8,6B 64 CC 46 B7 8D 16 5B,fuel=100.00
1779898724.658,0x300,8,02 0B 91 A6 A5 3B D5 47,temp=42.00
1779898724.775,0x100,8,00 01 E7 FB 60 D4 81 E0,speed=0.00
1779898724.837,0x200,8,C1 64 EF AC 48 89 E9 8D,fuel=100.00
1779898724.954,0x300,8,02 77 55 F5 F2 ED B6 7C,temp=42.00
1779898725.046,0x100,8,00 5C 96 6C 08 02 5A FB,speed=0.00
1779898725.127,0x200,8,4D 64 78 EA 3B 86 E9 D8,fuel=100.00
1779898725.243,0x300,8,02 EE 9E 6F 3D C2 0E 4D,temp=42.00
1779898725.313,0x100,8,00 0C 00 7A 5F 28 BC 5A,speed=0.00
1779898725.414,0x200,8,EC 64 DF E0 D0 88 BC 38,fuel=100.00
1779898725.506,0x300,8,02 4E 65 C0 DB 4B DA 87,temp=42.00
1779898725.604,0x100,8,00 DE 78 A1 91 78 3F 24,speed=0.00
1779898725.707,0x200,8,58 64 8E B0 9E F5 08 49,fuel=100.00
1779898725.811,0x300,8,02 71 E5 34 82 19 2A B1,temp=42.00
1779898725.892,0x100,8,00 72 43 BD 4D 98 4E 5D,speed=0.00
1779898725.998,0x200,8,11 64 E9 38 AF 25 12 67,fuel=100.00
1779898726.073,0x300,8,02 68 99 6B 60 61 6B DE,temp=42.00
1779898726.186,0x100,8,00 48 A7 46 31 87 AA 8E,speed=0.00
1779898726.271,0x200,8,65 64 C5 52 5B 06 F4 60,fuel=100.00
1779898726.355,0x300,8,02 01 53 B9 8D 8B 3D D0,temp=42.00
1779898726.457,0x100,8,00 AC D3 E6 5D F6 C0 7E,speed=0.00
1779898726.572,0x200,8,DB 64 5E 17 80 3B 2C 9B,fuel=100.00
1779898726.637,0x300,8,02 3C 87 1B 97 00 C6 76,temp=42.00
1779898726.757,0x100,8,00 26 E3 18 F5 60 04 67,speed=0.00
1779898726.850,0x200,8,15 64 3D 36 47 E4 CE 06,fuel=100.00
1779898726.919,0x300,8,02 53 E7 AE 6E 61 F1 87,temp=42.00
1779898727.022,0x100,8,00 F9 F2 AE 0C F2 EF F0,speed=0.00
1779898727.120,0x200,8,6F 64 0D 5E 13 61 17 77,fuel=100.00
1779898727.226,0x300,8,02 C0 81 C3 81 87 9E E2,temp=42.00
1779898727.322,0x100,8,00 CA 79 03 43 84 51 0A,speed=0.00
1779898727.393,0x200,8,05 64 88 76 DD 4F 5F 05,fuel=100.00
1779898727.491,0x300,8,02 33 3A 67 20 53 89 14,temp=42.00
1779898727.626,0x100,8,00 D5 7C 6D AA 5F A6 8F,speed=0.00
1779898727.691,0x200,8,F6 64 2E 2B 58 2B 1A 25,fuel=100.00
1779898727.780,0x300,8,02 6B 5B 94 0C AA E0 15,temp=42.00
1779898727.887,0x100,8,00 E8 70 EE 56 45 44 9B,speed=0.00
1779898727.973,0x200,8,00 64 73 6A D5 4C 84 A4,fuel=100.00
1779898728.090,0x300,8,02 43 F6 B5 8F 25 4D 98,temp=42.00
1779898728.173,0x100,8,00 DF 79 9E AE DF FD A8,speed=0.00
1779898728.263,0x200,8,F2 64 75 2E 7D 30 E6 D3,fuel=100.00
1779898728.379,0x300,8,02 22 F8 33 A3 2A A2 CF,temp=42.00
1779898728.441,0x100,8,00 F2 BE 1D 30 9D 5D 71,speed=0.00
1779898728.557,0x200,8,F8 64 83 D2 4F 61 29 66,fuel=100.00
1779898728.637,0x300,8,02 83 AA 66 9D 8B 85 E4,temp=42.00
1779898728.732,0x100,8,00 81 A7 82 B1 46 FE 3E,speed=0.00
1779898728.823,0x200,8,76 64 22 0F D2 74 26 CE,fuel=100.00
1779898728.921,0x300,8,02 72 28 18 B4 AC 11 77,temp=42.00
1779898729.029,0x100,8,00 A7 81 58 EE ED D7 50,speed=0.00
1779898729.106,0x200,8,11 64 98 A5 0C 46 6D 4D,fuel=100.00
1779898729.184,0x300,8,02 61 FC D8 BC F8 E0 AF,temp=42.00
1779898729.279,0x100,8,00 1B AB 02 4D E6 DC 54,speed=0.00
1779898729.367,0x200,8,C8 64 AB D2 42 73 B3 AE,fuel=100.00
1779898729.465,0x300,8,02 25 EE 87 36 A1 9C 32,temp=42.00
1779898729.596,0x100,8,00 25 49 21 15 8F 26 0A,speed=0.00
1779898729.696,0x200,8,EA 64 51 62 2A 58 CC 37,fuel=100.00
1779898729.746,0x300,8,02 A4 F3 65 52 00 6D 76,temp=42.00
1779898729.855,0x100,8,00 B0 20 F9 65 BB 35 52,speed=0.00
1779898729.975,0x200,8,66 64 09 AA D1 C7 F5 AD,fuel=100.00
1779898730.052,0x300,8,02 5C F8 1A E1 55 B5 58,temp=42.00
1779898730.171,0x100,8,00 4E 84 4B C5 D8 F5 9E,speed=0.00
1779898730.233,0x200,8,E7 64 F1 AC 2B 4A A4 80,fuel=100.00
1779898730.332,0x300,8,02 AA 5D 71 B5 83 EB 0E,temp=42.00
1779898730.446,0x100,8,00 D0 54 01 8C C2 C5 E3,speed=0.00
1779898730.528,0x200,8,89 64 98 4C E4 88 F4 BD,fuel=100.00
1779898730.608,0x300,8,02 D3 09 41 FD A7 0F 8C,temp=42.00
1779898730.706,0x100,8,00 26 9C 09 3D 29 66 75,speed=0.00
1779898730.817,0x200,8,14 64 52 C2 3B 9B 5C 9D,fuel=100.00
1779898730.892,0x300,8,02 52 60 C3 F4 F8 3A 6A,temp=42.00
1779898730.991,0x100,8,00 B7 F1 79 4B F6 DF 90,speed=0.00
1779898731.076,0x200,8,06 64 70 71 F8 9C 6E 01,fuel=100.00
1779898731.183,0x300,8,02 4F 59 F5 F1 77 7A 81,temp=42.00
1779898731.279,0x100,8,00 08 5B 72 18 58 14 74,speed=0.00
1779898731.356,0x200,8,18 64 0C 8E 35 D4 37 74,fuel=100.00
1779898731.455,0x300,8,02 98 96 92 28 CE AA E9,temp=42.00
1779898731.567,0x100,8,00 FF B0 C9 11 C7 11 EF,speed=0.00
1779898731.654,0x200,8,1B 64 75 F3 6C FB 96 B7,fuel=100.00
1779898731.752,0x300,8,02 E6 BC BF 8A 00 D3 E2,temp=42.00
1779898731.847,0x100,8,00 26 51 80 ED 06 C0 13,speed=0.00
1779898731.922,0x200,8,1D 64 22 15 B1 86 E1 DF,fuel=100.00
1779898732.034,0x300,8,02 42 56 AD F8 E4 82 69,temp=42.00
1779898732.111,0x100,8,00 C6 AF CA 6D 5D 01 D6,speed=0.00
1779898732.219,0x200,8,FC 64 67 EA EB E6 C7 DB,fuel=100.00
1779898732.325,0x300,8,02 DE 13 09 5C CD 36 08,temp=42.00
1779898732.416,0x100,8,00 CF 16 5B 5A FE 6B 2E,speed=0.00
1779898732.510,0x200,8,D7 64 F6 1A 6E 1D 79 C7,fuel=100.00
1779898732.597,0x300,8,02 44 03 55 9C 95 2E 9C,temp=42.00
1779898732.670,0x100,8,00 77 E9 3A 22 25 A0 1D,speed=0.00
1779898732.767,0x200,8,60 64 25 C6 FD C6 99 CB,fuel=100.00
1779898732.853,0x300,8,02 D6 D1 0F 18 9F 8B C5,temp=42.00
1779898732.956,0x100,8,00 66 E2 3F 16 1B 5E FA,speed=0.00
1779898733.061,0x200,8,04 64 CC E6 5A 03 CA 47,fuel=100.00
1779898733.142,0x300,8,02 9F 2C AB 6F F4 C8 99,temp=42.00
1779898733.266,0x100,8,00 9D 2C 86 20 9B 4B 82,speed=0.00
1779898733.347,0x200,8,54 64 59 B6 79 F4 AF EB,fuel=100.00
1779898733.446,0x300,8,02 BE B3 C9 CD 5C 01 66,temp=42.00
1779898733.539,0x100,8,00 0B C9 B2 9B 69 A0 38,speed=0.00
1779898733.606,0x200,8,5A 64 7A 9D 4D BE 44 43,fuel=100.00
1779898733.696,0x300,8,02 80 56 58 25 8A AE 71,temp=42.00
1779898733.805,0x100,8,00 77 AC 5A 4E B5 63 71,speed=0.00
1779898733.913,0x200,8,DA 64 8D 37 68 3C 9A 65,fuel=100.00
1779898733.989,0x300,8,02 58 08 74 BD 72 0A C8,temp=42.00
1779898734.099,0x100,8,00 90 3C ED 37 1D 87 AF,speed=0.00
1779898734.172,0x200,8,47 64 E1 0B D2 8F 62 C6,fuel=100.00
1779898734.270,0x300,8,02 9F 4D 1D E6 45 1A ED,temp=42.00
1779898734.358,0x100,8,00 BC 74 1F 8D 56 82 E8,speed=0.00
1779898734.474,0x200,8,E2 64 D2 AD 8D B7 8F 62,fuel=100.00
1779898734.549,0x300,8,02 9C 0D AA CC AF EC 0A,temp=42.00
1779898734.657,0x100,8,00 B4 4C A9 56 4E A6 03,speed=0.00
1779898734.730,0x200,8,98 64 C3 84 72 C8 0A EC,fuel=100.00
1779898734.824,0x300,8,02 97 3D 03 E8 62 E6 77,temp=42.00
1779898734.935,0x100,8,00 74 3B 8F 70 F4 2F 7C,speed=0.00
1779898735.043,0x200,8,21 64 24 8F 3E 4D B7 CD,fuel=100.00
1779898735.115,0x300,8,02 C2 C0 BC 8B 4A DB 1C,temp=42.00
1779898735.222,0x100,8,00 72 08 E5 51 75 A6 02,speed=0.00
1779898735.311,0x200,8,BA 64 9F B3 2F EB 07 C8,fuel=100.00
1779898735.393,0x300,8,02 96 5D 3C 5A 0D 49 DD,temp=42.00
1779898735.497,0x100,8,00 2D 54 EA E9 F3 30 11,speed=0.00
1779898735.606,0x200,8,34 64 24 73 DD 2A 53 49,fuel=100.00
1779898735.689,0x300,8,02 FB A4 17 5D D2 1B 25,temp=42.00
1779898735.796,0x100,8,00 56 0E 52 46 69 D7 D8,speed=0.00
1779898735.876,0x200,8,FD 64 35 16 47 EA C1 2D,fuel=100.00
1779898735.992,0x300,8,02 E6 AC 78 28 3D 17 76,temp=42.00
1779898736.062,0x100,8,00 A3 C7 D8 A4 8B 21 90,speed=0.00
1779898736.166,0x200,8,36 64 F9 40 57 76 84 56,fuel=100.00
1779898736.248,0x300,8,02 F2 FD E5 EB 34 60 95,temp=42.00
1779898736.340,0x100,8,00 65 7E B8 0E 38 22 01,speed=0.00
1779898736.448,0x200,8,16 64 1B 3D 5A 60 BC 68,fuel=100.00
1779898736.529,0x300,8,02 7B 6A 31 30 92 9A 7B,temp=42.00
1779898736.624,0x100,8,00 F1 A6 97 0B 61 71 E7,speed=0.00
1779898736.721,0x200,8,76 64 25 BF E0 DC 48 19,fuel=100.00
1779898736.829,0x300,8,02 74 D0 B0 64 98 7D A8,temp=42.00
1779898736.910,0x100,8,00 7E 62 2A 18 B0 7B 4A,speed=0.00
1779898737.012,0x200,8,FB 64 5D 9C A9 C5 93 F3,fuel=100.00
1779898737.090,0x300,8,02 67 46 B2 48 8B E8 35,temp=42.00
1779898737.184,0x100,8,00 E8 35 1A 77 C9 E7 8A,speed=0.00
1779898737.279,0x200,8,A4 64 A2 DC BF B3 2B E0,fuel=100.00
1779898737.400,0x300,8,02 89 A0 3C 03 8C 64 09,temp=42.00
1779898737.492,0x100,8,00 BE 0E DD FE C3 B6 B0,speed=0.00
1779898737.566,0x200,8,B4 64 9E F0 F4 57 B5 C3,fuel=100.00
1779898737.651,0x300,8,02 73 23 5F 93 5C C3 91,temp=42.00
1779898737.748,0x100,8,00 74 87 B6 30 23 CE AF,speed=0.00
1779898737.851,0x200,8,5A 64 84 39 2F A9 FF 80,fuel=100.00
1779898737.945,0x300,8,02 84 D9 54 FA 2A 4A 69,temp=42.00
1779898738.034,0x100,8,00 28 D4 5C 74 41 CC 57,speed=0.00
1779898738.125,0x200,8,0B 64 F4 EE 0D 47 13 6A,fuel=100.00
1779898738.224,0x300,8,02 CD A8 1B 98 37 4C 2E,temp=42.00
1779898738.324,0x100,8,00 54 0A 08 A3 90 1B A7,speed=0.00
1779898738.408,0x200,8,28 64 7C 0D C4 64 2B 79,fuel=100.00
1779898738.508,0x300,8,02 DB 57 14 3E C0 55 C5,temp=42.00
1779898738.599,0x100,8,00 F9 8A C2 E5 5A 4B C4,speed=0.00
1779898738.698,0x200,8,DD 64 0C 2B EC C5 7A 11,fuel=100.00
1779898738.784,0x300,8,02 36 70 12 D7 C9 29 F7,temp=42.00
1779898738.871,0x100,8,00 B3 B8 28 20 E1 EA F6,speed=0.00
1779898738.965,0x200,8,E2 64 E2 CD 6C B7 AF DE,fuel=100.00
1779898739.078,0x300,8,02 68 4E 6E A4 09 2C 39,temp=42.00
1779898739.157,0x100,8,00 20 91 BC F0 A4 F0 DC,speed=0.00
1779898739.276,0x200,8,F0 64 95 AD 28 B0 FF DE,fuel=100.00
1779898739.349,0x300,8,02 C5 9B 08 14 28 4E 91,temp=42.00
1779898739.443,0x100,8,00 AB FA 3A DB E8 D8 2D,speed=0.00
1779898739.531,0x200,8,70 64 51 A0 CE 27 B6 41,fuel=100.00
1779898739.621,0x300,8,02 92 72 0C 36 8A 5F 3B,temp=42.00
1779898739.743,0x100,8,00 98 17 2D 32 B4 D6 B5,speed=0.00
1779898739.820,0x200,8,9C 64 34 A8 04 13 45 A2,fuel=100.00
1779898739.931,0x300,8,02 32 EF 81 6C C4 8C 9B,temp=42.00
1779898740.007,0x100,8,00 F7 8E C0 DA 70 74 ED,speed=0.00
1779898740.087,0x200,8,CE 64 69 4B 8B 24 17 C2,fuel=100.00
1779898740.195,0x300,8,02 A7 04 66 53 20 D9 03,temp=42.00
1779898740.293,0x100,8,00 60 29 A8 92 36 E1 5E,speed=0.00
1779898740.394,0x200,8,02 64 9B B9 95 5D 4D DE,fuel=100.00
1779898740.486,0x300,8,02 56 1D 27 0C 12 B7 53,temp=42.00
1779898740.568,0x100,8,00 1C 4D 86 2A F7 19 1D,speed=0.00
1779898740.665,0x200,8,D6 64 7F 60 F2 D2 0A E2,fuel=100.00
1779898740.745,0x300,8,02 03 F0 3C 62 04 6F 50,temp=42.00
1779898740.836,0x100,8,00 F0 B7 F1 09 38 EF AF,speed=0.00
1779898740.962,0x200,8,D0 64 8D 04 0A E5 61 55,fuel=100.00
1779898741.026,0x300,8,02 6C E6 0F CD F4 1F 7E,temp=42.00
1779898741.128,0x100,8,00 C0 42 0E 49 DF A2 86,speed=0.00
1779898741.237,0x200,8,CC 64 C9 77 49 59 73 DE,fuel=100.00
1779898741.316,0x300,8,02 57 CD A5 97 15 50 87,temp=42.00
1779898741.405,0x100,8,00 03 7C C1 7D C1 8E 0F,speed=0.00
1779898741.529,0x200,8,22 64 7E 2F 0F 74 51 BB,fuel=100.00
1779898741.596,0x300,8,02 5C B7 04 3C CF 79 62,temp=42.00
1779898741.696,0x100,8,00 89 8D DE 60 0A B3 69,speed=0.00
1779898741.796,0x200,8,EE 64 7E 63 7A D3 54 CA,fuel=100.00
1779898741.891,0x300,8,02 53 5A D6 01 4D 9E 2C,temp=42.00
1779898741.975,0x100,8,00 DC 17 69 25 C0 B1 2B,speed=0.00
1779898742.055,0x200,8,AE 64 60 AD A8 EF D0 4B,fuel=100.00
1779898742.164,0x300,8,02 0A C5 39 CE 70 96 F7,temp=42.00
1779898742.256,0x100,8,00 C0 22 5D FB 8E AE 76,speed=0.00
1779898742.363,0x200,8,90 64 63 11 EE DA C4 EC,fuel=100.00
1779898742.450,0x300,8,02 5F 4D AE C4 AE A3 84,temp=42.00
1779898742.532,0x100,8,00 BC 04 81 68 C8 25 C4,speed=0.00
1779898742.623,0x200,8,E7 64 9F 37 7E 1F 5A C8,fuel=100.00
1779898742.739,0x300,8,02 EC E4 59 01 D5 AD C3,temp=42.00
1779898742.831,0x100,8,00 AD 8C 4D 8A 05 3E FC,speed=0.00
1779898742.907,0x200,8,C5 64 68 01 51 87 E6 08,fuel=100.00
1779898743.021,0x300,8,02 5D 06 3C D6 5F EF 1E,temp=42.00
1779898743.094,0x100,8,00 07 78 10 86 A7 D4 C4,speed=0.00
1779898743.203,0x200,8,FC 64 BB 90 B3 0A 51 56,fuel=100.00
1779898743.296,0x300,8,02 3E E9 60 2C B0 DB 6A,temp=42.00
1779898743.392,0x100,8,00 AB 39 0C 1E 04 8D 3C,speed=0.00
1779898743.479,0x200,8,5E 64 A1 D0 7D E6 0B 83,fuel=100.00
1779898743.563,0x300,8,02 66 52 BD 8F A2 57 38,temp=42.00
1779898743.667,0x100,8,00 E3 BE BF 65 CF B9 F2,speed=0.00
1779898743.759,0x200,8,87 64 30 57 4B E4 A4 52,fuel=100.00
1779898743.857,0x300,8,02 05 A1 87 B9 B6 0D 5C,temp=42.00
1779898743.938,0x100,8,00 DB B5 3A 82 FC 46 90,speed=0.00
1779898744.030,0x200,8,10 64 86 69 8A 5A 99 AF,fuel=100.00
1779898744.119,0x300,8,02 41 19 46 FE 68 8C 0D,temp=42.00
1779898744.230,0x100,8,00 DA 04 6D 45 58 DF 28,speed=0.00
1779898744.329,0x200,8,77 64 98 25 75 2B DF 23,fuel=100.00
1779898744.417,0x300,8,02 B7 E9 F9 8A 44 27 37,temp=42.00
1779898744.511,0x100,8,00 DF B6 B5 A6 84 8A E4,speed=0.00
1779898744.597,0x200,8,B2 64 2D C3 8F 88 28 C1,fuel=100.00
1779898744.685,0x300,8,02 4E 9F 01 5D B1 D1 AC,temp=42.00
1779898744.792,0x100,8,00 E0 10 B3 CC 12 68 3C,speed=0.00
1779898744.888,0x200,8,53 64 C3 DA 21 B5 37 26,fuel=100.00
1779898744.995,0x300,8,02 1B AC C0 03 02 03 29,temp=42.00
1779898745.068,0x100,8,00 10 69 19 F9 8B AB 9E,speed=0.00
1779898745.178,0x200,8,81 64 A6 11 0D C6 0C 14,fuel=100.00
1779898745.249,0x300,8,02 E0 37 D4 49 DE 0B F5,temp=42.00
1779898745.358,0x100,8,00 74 A8 34 6D 3D 37 44,speed=0.00
1779898745.439,0x200,8,0C 64 A8 9A 69 4C 55 5F,fuel=100.00
1779898745.547,0x300,8,02 8D 43 29 D1 98 E9 26,temp=42.00
1779898745.641,0x100,8,00 51 9B DD 62 FD 37 CE,speed=0.00
1779898745.732,0x200,8,36 64 78 2A FA 4D 1C 21,fuel=100.00
1779898745.829,0x300,8,02 14 8C CD 55 28 F5 11,temp=42.00
1779898745.928,0x100,8,00 C3 FF B9 2E A4 3D EF,speed=0.00
1779898746.012,0x200,8,6F 64 CD 29 09 7E A8 B3,fuel=100.00
1779898746.095,0x300,8,02 8F F0 58 5A 28 3D D2,temp=42.00
1779898746.186,0x100,8,00 17 36 B2 76 48 0B A9,speed=0.00
1779898746.306,0x200,8,A1 64 BB EA 7A 1D 9F B3,fuel=100.00
1779898746.376,0x300,8,02 BA 0E B6 A7 4C 4A FD,temp=42.00
1779898746.492,0x100,8,00 FD BD 33 C7 34 C7 FD,speed=0.00
1779898746.593,0x200,8,4E 64 BE 52 74 1F 5E 53,fuel=100.00
1779898746.669,0x300,8,02 A7 87 ED A9 A9 D9 15,temp=42.00
1779898746.754,0x100,8,00 96 83 54 FC 48 6A 83,speed=0.00
1779898746.862,0x200,8,BC 64 47 45 F0 7D 48 35,fuel=100.00
1779898746.961,0x300,8,02 33 A1 F8 F8 35 87 68,temp=42.00
1779898747.075,0x100,8,00 F0 ED 81 45 10 31 55,speed=0.00
1779898747.150,0x200,8,33 64 76 10 64 62 23 B3,fuel=100.00
1779898747.237,0x300,8,02 2E 6C A2 5F 05 99 8A,temp=42.00
1779898747.342,0x100,8,00 22 E7 13 8B 0A 9F CE,speed=0.00
1779898747.434,0x200,8,85 64 74 D3 0D 85 06 E5,fuel=100.00
1779898747.517,0x300,8,02 42 5A E7 AB B4 B8 6B,temp=42.00
1779898747.645,0x100,8,00 A6 1C 45 02 76 AD CE,speed=0.00
1779898747.705,0x200,8,DE 64 5A 66 F9 D5 83 FE,fuel=100.00
1779898747.816,0x300,8,02 08 83 12 A8 C4 A7 87,temp=42.00
1779898747.888,0x100,8,00 A5 55 64 7E 89 F3 1D,speed=0.00
1779898747.988,0x200,8,DD 64 A6 32 44 D0 F4 46,fuel=100.00
1779898748.091,0x300,8,02 9E 71 8A 23 79 D3 C4,temp=42.00
1779898748.196,0x100,8,00 33 82 EA 27 64 22 5B,speed=0.00
1779898748.281,0x200,8,BA 64 1E A4 EC 0B 32 B1,fuel=100.00
1779898748.376,0x300,8,02 8D 14 BE 06 24 F3 EB,temp=42.00
1779898748.452,0x100,8,00 70 BF 6A 04 83 FE 96,speed=0.00
1779898748.575,0x200,8,97 64 01 4F F8 3E 1C 6E,fuel=100.00
1779898748.654,0x300,8,02 AF 39 E2 15 B2 55 CB,temp=42.00
1779898748.729,0x100,8,00 6D B1 F3 D6 F2 0A 09,speed=0.00
1779898748.824,0x200,8,39 64 E5 EF 3E A0 76 B8,fuel=100.00
1779898748.925,0x300,8,02 D6 72 A5 8E 75 2A 87,temp=42.00
1779898749.023,0x100,8,00 B2 47 09 E1 A6 EE 09,speed=0.00
1779898749.104,0x200,8,AE 64 45 45 02 D6 31 CE,fuel=100.00
1779898749.202,0x300,8,02 21 F7 83 F7 B9 35 D0,temp=42.00
1779898749.303,0x100,8,00 23 CE 1A 87 86 AA 15,speed=0.00
1779898749.387,0x200,8,6E 64 FC 18 FD DE 0C E5,fuel=100.00
1779898749.504,0x300,8,02 B6 70 59 06 F7 34 40,temp=42.00
1779898749.577,0x100,8,00 42 E7 1F D1 1F AB FA,speed=0.00
1779898749.669,0x200,8,0C 64 1C B3 47 13 E1 FD,fuel=100.00
1779898749.762,0x300,8,02 86 12 5F 07 E4 73 EE,temp=42.00
1779898749.854,0x100,8,00 41 6A A3 E1 F0 54 31,speed=0.00
1779898749.988,0x200,8,01 64 99 DB 22 10 89 D2,fuel=100.00
1779898750.040,0x300,8,02 0C 43 1D 0A A9 48 74,temp=42.00
1779898750.159,0x100,8,00 18 61 1A DF EE BF 31,speed=0.00
1779898750.237,0x200,8,6F 64 73 32 F3 B0 D2 56,fuel=100.00
1779898750.325,0x300,8,02 5E 3F FB 46 56 28 BA,temp=42.00
1779898750.426,0x100,8,00 DD A4 82 0E 57 1F 15,speed=0.00
1779898750.532,0x200,8,D5 64 55 04 A9 44 E9 E3,fuel=100.00
1779898750.625,0x300,8,02 5F 3E 0D 89 0D 98 85,temp=42.00
1779898750.699,0x100,8,00 47 51 20 86 5D 33 91,speed=0.00
1779898750.810,0x200,8,92 64 3F 36 1D B5 20 FD,fuel=100.00
1779898750.909,0x300,8,02 A0 D9 CF 70 2D B7 C4,temp=42.00
1779898750.989,0x100,8,00 3E A9 07 8E 08 B2 0D,speed=0.00
1779898751.085,0x200,8,12 64 93 88 F5 4F B0 A7,fuel=100.00
1779898751.195,0x300,8,02 94 90 34 BF 3C C4 E0,temp=42.00
1779898751.265,0x100,8,00 4A 2B 9A 1E CB A2 85,speed=0.00
1779898751.377,0x200,8,6D 64 AF 1D 32 C5 C2 19,fuel=100.00
1779898751.471,0x300,8,02 D3 1F 70 0A 27 DD 20,temp=42.00
1779898751.565,0x100,8,00 79 DA 7E 0D 89 ED 72,speed=0.00
1779898751.643,0x200,8,F3 64 24 6B 0E 89 28 03,fuel=100.00
1779898751.741,0x300,8,02 4B 41 D6 58 15 B5 D0,temp=42.00
1779898751.825,0x100,8,00 18 E3 F2 33 D6 65 44,speed=0.00
1779898751.945,0x200,8,EA 64 D8 EF 5F D8 C3 AE,fuel=100.00
1779898752.018,0x300,8,02 EF 74 7B D1 5A F3 A4,temp=42.00
1779898752.117,0x100,8,00 BC 51 69 76 5B 5D 00,speed=0.00
1779898752.205,0x200,8,2D 64 67 F7 37 DE D4 96,fuel=100.00
1779898752.306,0x300,8,02 18 9E A0 E8 42 4E 68,temp=42.00
1779898752.417,0x100,8,00 7C 91 05 9F 47 FA E4,speed=0.00
1779898752.516,0x200,8,39 64 6B 71 9B FA FE 36,fuel=100.00
1779898752.573,0x300,8,02 9B D3 97 1D 20 B2 62,temp=42.00
1779898752.697,0x100,8,00 F5 D2 AF CE D0 D7 E6,speed=0.00
1779898752.772,0x200,8,57 64 62 9A F5 99 DD C2,fuel=100.00
1779898752.871,0x300,8,02 DF 84 7A 43 77 F8 CA,temp=42.00
1779898752.961,0x100,8,00 DD B0 57 74 5B EA C2,speed=0.00
1779898753.064,0x200,8,36 64 0B 1E C4 62 FF 60,fuel=100.00
1779898753.149,0x300,8,02 6B 5E 8D AE 1B 22 65,temp=42.00
1779898753.240,0x100,8,00 44 B3 8D CD 2C 72 59,speed=0.00
1779898753.327,0x200,8,68 64 D9 67 CE 7E 6D A1,fuel=100.00
1779898753.432,0x300,8,02 FA A6 1C 0E F3 15 38,temp=42.00
1779898753.531,0x100,8,00 54 84 A7 E3 C8 FB CC,speed=0.00
1779898753.621,0x200,8,F8 64 7A 61 C3 F2 84 A7,fuel=100.00
1779898753.702,0x300,8,02 D3 C8 8F A7 83 CA 95,temp=42.00
1779898753.798,0x100,8,00 CE 89 68 CB DC E0 E3,speed=0.00
1779898753.891,0x200,8,6F 64 E0 F7 97 D1 09 93,fuel=100.00
1779898753.996,0x300,8,02 92 8D 22 4A 0C F1 E9,temp=42.00
1779898754.100,0x100,8,00 B9 18 C2 BC F5 13 AD,speed=0.00
1779898754.166,0x200,8,D9 64 A2 4E 5E 56 26 60,fuel=100.00
1779898754.275,0x300,8,02 59 2D AC 4A 52 E7 5C,temp=42.00
1779898754.388,0x100,8,00 92 22 45 1A 4B 83 93,speed=0.00
1779898754.460,0x200,8,DD 64 DD 35 E8 2D 11 64,fuel=100.00
1779898754.558,0x300,8,02 27 D3 C1 C0 7B 7D D1,temp=42.00
1779898754.653,0x100,8,00 44 F1 E0 CE AC 78 66,speed=0.00
1779898754.737,0x200,8,21 64 3C 83 24 29 6A FE,fuel=100.00
1779898754.828,0x300,8,02 71 5D 78 DF DE 7F 20,temp=42.00
1779898754.939,0x100,8,00 72 66 01 B2 36 A7 36,speed=0.00
1779898755.031,0x200,8,F0 64 E6 87 F4 99 B7 BC,fuel=100.00
1779898755.113,0x300,8,02 A0 27 AC AB 2B 5A 8E,temp=42.00
1779898755.204,0x100,8,00 D7 46 73 C6 79 91 10,speed=0.00
1779898755.310,0x200,8,46 64 6C 86 7F 84 15 E6,fuel=100.00
1779898755.395,0x300,8,02 B3 66 3E 0D 50 B9 14,temp=42.00
1779898755.501,0x100,8,00 69 F7 D1 20 5A 41 43,speed=0.00
1779898755.585,0x200,8,BD 64 42 24 09 C5 E5 C9,fuel=100.00
1779898755.676,0x300,8,02 61 8F F2 A8 D2 07 A7,temp=42.00
1779898755.778,0x100,8,00 CF F8 24 DA 21 1D DF,speed=0.00
1779898755.890,0x200,8,08 64 0A 8B C2 50 8F 9A,fuel=100.00
1779898755.948,0x300,8,02 84 20 77 5C AF 9E 28,temp=42.00
1779898756.063,0x100,8,00 67 35 6F 2F A7 A1 F2,speed=0.00
1779898756.135,0x200,8,FB 64 A4 54 8B 27 8C 5F,fuel=100.00
1779898756.245,0x300,8,02 69 B5 52 F5 E3 1C 4C,temp=42.00
1779898756.347,0x100,8,00 C1 63 13 6D 4E E2 15,speed=0.00
1779898756.426,0x200,8,B6 64 9F 9C 6B 29 FC 2B,fuel=100.00
1779898756.525,0x300,8,02 06 5A 5B 26 FD BA F3,temp=42.00
1779898756.618,0x100,8,00 02 53 BD A1 69 7F A9,speed=0.00
1779898756.705,0x200,8,FE 64 B0 1D 3A 38 49 8C,fuel=100.00
1779898756.796,0x300,8,02 8C 01 33 04 94 68 2D,temp=42.00
1779898756.901,0x100,8,00 74 40 73 AF E8 B5 A1,speed=0.00
1779898757.011,0x200,8,44 64 EF 86 AA 50 89 8D,fuel=100.00
1779898757.083,0x300,8,02 F6 A5 44 9A 25 B2 5A,temp=42.00
1779898757.189,0x100,8,00 28 DB B4 D8 0C FF B1,speed=0.00
1779898757.273,0x200,8,4E 64 F0 A9 0E 9D B4 44,fuel=100.00
1779898757.391,0x300,8,02 0B 3A 4C 32 2D D2 13,temp=42.00
1779898757.477,0x100,8,00 76 63 D2 6C 23 E2 CE,speed=0.00
1779898757.554,0x200,8,7F 64 4C BD 61 DE AA 03,fuel=100.00
1779898757.659,0x300,8,02 C5 9F E2 57 99 37 6E,temp=42.00
1779898757.754,0x100,8,00 AA DD A3 8C EC DA AC,speed=0.00
1779898757.835,0x200,8,DF 64 66 9A 39 0B 98 D4,fuel=100.00
1779898757.920,0x300,8,02 35 CD 15 15 3D 1F 7E,temp=42.00
1779898758.024,0x100,8,00 EA 24 9C E8 FA E7 63,speed=0.00
1779898758.131,0x200,8,4E 64 F4 3F C0 DA 07 EF,fuel=100.00
1779898758.227,0x300,8,02 B7 62 FA 14 50 40 6D,temp=42.00
1779898758.317,0x100,8,00 79 15 17 76 ED 32 AB,speed=0.00
1779898758.393,0x200,8,32 64 EC 80 52 76 EC 3D,fuel=100.00
1779898758.500,0x300,8,02 6C 75 29 7C D7 CC D2,temp=42.00
1779898758.584,0x100,8,00 0A AB E2 15 3F 42 17,speed=0.00
1779898758.682,0x200,8,C0 64 E4 49 54 E4 F5 46,fuel=100.00
1779898758.784,0x300,8,02 30 A0 89 72 66 8E 90,temp=42.00
1779898758.881,0x100,8,00 16 3F E9 80 A5 70 DF,speed=0.00
1779898758.952,0x200,8,B9 64 7F 1A CB 19 A3 6A,fuel=100.00
1779898759.045,0x300,8,02 05 3C C1 BA F2 46 6D,temp=42.00
1779898759.158,0x100,8,00 B4 CB 39 69 96 31 54,speed=0.00
1779898759.233,0x200,8,90 64 DD 51 2A 33 D9 BD,fuel=100.00
1779898759.327,0x300,8,02 AF C5 48 A7 EB 5B 7C,temp=42.00
1779898759.442,0x100,8,00 AC 49 1E A3 13 5B FA,speed=0.00
1779898759.523,0x200,8,05 64 85 6C 1F C0 CD AE,fuel=100.00
1779898759.630,0x300,8,02 34 B0 55 24 21 58 3F,temp=42.00
1779898759.701,0x100,8,00 68 CB ED 8D B3 27 A0,speed=0.00
1779898759.821,0x200,8,DC 64 66 08 53 6E 5F EA,fuel=100.00
1779898759.904,0x300,8,02 DA 54 E2 90 D9 84 8E,temp=42.00
1779898759.982,0x100,8,00 4C 6A 37 CE E8 14 E4,speed=0.00
1779898760.073,0x200,8,1F 64 51 37 5D 61 79 40,fuel=100.00
1779898760.190,0x300,8,02 69 D4 EE F8 94 8D 60,temp=42.00
1779898760.272,0x100,8,00 51 F3 6E 52 BC 81 CD,speed=0.00
1779898760.357,0x200,8,D0 64 B8 48 1F 1F C0 07,fuel=100.00
1779898760.458,0x300,8,02 6B 3A 7E 88 D2 41 A1,temp=42.00
1779898760.571,0x100,8,00 69 1B F8 D1 56 AE 5C,speed=0.00
1779898760.641,0x200,8,57 64 FB E5 6E 6F D4 EA,fuel=100.00
1779898760.730,0x300,8,02 C8 50 DC F5 18 73 8E,temp=42.00
1779898760.843,0x100,8,00 EF C0 16 F1 5A 86 16,speed=0.00
1779898760.930,0x200,8,2C 64 A9 F2 11 C0 46 1A,fuel=100.00
1779898761.043,0x300,8,02 A5 BB 4B 0D 16 72 9C,temp=42.00
1779898761.119,0x100,8,00 49 21 36 A4 53 B2 84,speed=0.00
1779898761.221,0x200,8,96 64 00 9B 11 D4 08 58,fuel=100.00
1779898761.312,0x300,8,02 3F 40 F8 C2 09 B1 9F,temp=42.00
1779898761.387,0x100,8,00 FC B5 95 C8 53 50 A1,speed=0.00
1779898761.515,0x200,8,AE 64 1E 5B D7 80 EE 59,fuel=100.00
1779898761.590,0x300,8,02 86 9D FD 47 8A BD C7,temp=42.00
1779898761.675,0x100,8,00 D2 8E 57 62 89 CD D3,speed=0.00
1779898761.771,0x200,8,42 64 A0 BD F9 32 C4 37,fuel=100.00
1779898761.865,0x300,8,02 17 32 BA 27 B5 99 25,temp=42.00
1779898761.984,0x100,8,00 D4 A9 89 FA 52 EA A6,speed=0.00
1779898762.053,0x200,8,86 64 D6 29 23 F4 78 5E,fuel=100.00
1779898762.151,0x300,8,02 A1 1A 0B 47 C6 08 12,temp=42.00
1779898762.228,0x100,8,00 5D B3 28 1A 15 46 D4,speed=0.00
1779898762.331,0x200,8,76 64 94 C7 21 74 2F DF,fuel=100.00
1779898762.427,0x300,8,02 9F 60 23 61 55 E2 35,temp=42.00
1779898762.553,0x100,8,00 BC 52 6F 92 2F 8B 88,speed=0.00
1779898762.626,0x200,8,38 64 0C FF 7A E0 5D C7,fuel=100.00
1779898762.703,0x300,8,02 FD 9D 2D A9 56 70 AE,temp=42.00
1779898762.799,0x100,8,00 B2 5F 11 6F C2 F9 23,speed=0.00
1779898762.899,0x200,8,2B 64 A9 A1 F1 39 71 74,fuel=100.00
1779898763.012,0x300,8,02 B5 D1 5A 9F EA DA 95,temp=42.00
1779898763.090,0x100,8,00 A8 6B 33 A9 42 FB 8C,speed=0.00
1779898763.168,0x200,8,9A 64 AF 38 B0 06 6D EE,fuel=100.00
1779898763.272,0x300,8,02 7D A8 86 3D 7E 20 42,temp=42.00
1779898763.365,0x100,8,00 93 DF 42 A9 06 6D 52,speed=0.00
1779898763.489,0x200,8,EC 64 69 A2 9B 62 31 8D,fuel=100.00
1779898763.563,0x300,8,02 93 C3 BD 95 83 96 80,temp=42.00
1779898763.644,0x100,8,00 A5 DE 9D 9F 44 BC 5E,speed=0.00
1779898763.732,0x200,8,52 64 B6 60 19 84 FB D8,fuel=100.00
1779898763.827,0x300,8,02 26 C1 1A B6 8B B7 F2,temp=42.00
1779898763.928,0x100,8,00 1C D5 83 0D 7B F3 C5,speed=0.00
1779898764.041,0x200,8,A2 64 BE D7 6A 32 B5 F3,fuel=100.00
1779898764.107,0x300,8,02 FC A7 69 DF 7E 2A A0,temp=42.00
1779898764.212,0x100,8,00 C0 2C 5F 31 DC FB C8,speed=0.00
1779898764.303,0x200,8,86 64 EF F0 82 40 70 BB,fuel=100.00
1779898764.399,0x300,8,02 25 D0 E5 47 A1 45 4A,temp=42.00
1779898764.516,0x100,8,00 AC F0 E2 C5 49 3D E6,speed=0.00
1779898764.587,0x200,8,F6 64 58 FF 97 1B 22 E0,fuel=100.00
1779898764.680,0x300,8,02 54 C5 93 13 DC 30 12,temp=42.00
1779898764.774,0x100,8,00 5D C9 5B 44 EF 17 88,speed=0.00
1779898764.852,0x200,8,EE 64 6C 99 74 55 A4 61,fuel=100.00
1779898764.968,0x300,8,02 B8 2F 06 89 A6 6D EC,temp=42.00
1779898765.068,0x100,8,00 77 3F 6C B6 82 1D 77,speed=0.00
1779898765.152,0x200,8,12 64 83 15 24 5E 3D 6C,fuel=100.00
1779898765.230,0x300,8,02 6F A4 3B E9 F8 EB 09,temp=42.00
1779898765.331,0x100,8,00 4A E5 D5 02 A2 1A 10,speed=0.00
1779898765.434,0x200,8,DC 64 9E 72 F2 C1 A3 41,fuel=100.00
1779898765.546,0x300,8,02 07 DC A1 EA 9A 6D 33,temp=42.00
1779898765.609,0x100,8,00 4D 91 51 BD 2B 44 B0,speed=0.00
1779898765.751,0x200,8,F5 64 1B CA 85 53 5C 80,fuel=100.00
1779898765.807,0x300,8,02 72 4C 50 7F 69 AA 87,temp=42.00
1779898765.907,0x100,8,00 21 97 C2 E2 D6 80 46,speed=0.00
1779898765.988,0x200,8,8C 64 15 C0 3D 0A 3F EB,fuel=100.00
1779898766.083,0x300,8,02 A9 74 1F AD C1 AB 65,temp=42.00
1779898766.173,0x100,8,00 F0 B4 F7 26 62 66 82,speed=0.00
1779898766.264,0x200,8,40 64 3F D5 22 69 39 C5,fuel=100.00
1779898766.385,0x300,8,02 E1 92 5F 2D 84 CA 2C,temp=42.00
1779898766.515,0x100,8,00 43 CE 51 C9 64 61 D2,speed=0.00
1779898766.583,0x200,8,DE 64 5E 7D 49 DE 2D 0C,fuel=100.00
1779898766.635,0x300,8,02 A9 94 5D B4 01 A6 BF,temp=42.00
1779898766.763,0x100,8,00 B6 D6 40 C2 35 F3 79,speed=0.00
1779898766.834,0x200,8,0B 64 F9 52 4D 80 01 F9,fuel=100.00
1779898766.925,0x300,8,02 98 48 AE 38 22 23 48,temp=42.00
1779898767.024,0x100,8,00 0F 97 49 31 85 08 20,speed=0.00
1779898767.125,0x200,8,0D 64 87 00 22 08 6B FA,fuel=100.00
1779898767.205,0x300,8,02 3D 5B FA 8C B0 F4 65,temp=42.00
1779898767.316,0x100,8,00 5E 52 35 BC D6 19 B8,speed=0.00
1779898767.394,0x200,8,16 64 AC 25 35 37 CA 5C,fuel=100.00
1779898767.497,0x300,8,02 F4 85 90 C4 77 69 10,temp=42.00
1779898767.642,0x100,8,00 EC 7E 3C 87 BB 60 64,speed=0.00
1779898767.706,0x200,8,83 64 51 9A D0 1B 5B E3,fuel=100.00
1779898767.779,0x300,8,02 6B 19 A0 A0 28 E8 FE,temp=42.00
1779898767.876,0x100,8,00 8C 7F 7C 7A 56 75 AC,speed=0.00
1779898767.992,0x200,8,52 64 96 B3 EF F9 36 EF,fuel=100.00
1779898768.088,0x300,8,02 77 49 DF 56 56 D9 3E,temp=42.00
1779898768.184,0x100,8,00 37 10 BE B6 9F 20 44,speed=0.00
1779898768.257,0x200,8,99 64 EB C8 E3 64 C2 CC,fuel=100.00
1779898768.351,0x300,8,02 59 17 58 11 87 E1 FF,temp=42.00
1779898768.446,0x100,8,00 73 52 4E 5B B9 12 75,speed=0.00
1779898768.558,0x200,8,EC 64 89 45 5D 01 BE E2,fuel=100.00
1779898768.645,0x300,8,02 8A BA CA F5 F6 2A D0,temp=42.00
1779898768.749,0x100,8,00 DF 90 05 68 17 F0 C9,speed=0.00
1779898768.811,0x200,8,88 64 C0 49 F2 16 3B 8C,fuel=100.00
1779898768.924,0x300,8,02 3B 3A A6 7A BA E2 A7,temp=42.00
1779898768.994,0x100,8,00 17 13 30 34 55 F5 7B,speed=0.00
1779898769.101,0x200,8,68 64 3A 31 D0 6B CA 66,fuel=100.00
1779898769.203,0x300,8,02 72 FD B4 71 6A AF FD,temp=42.00
1779898769.276,0x100,8,00 2A 9F 62 B1 05 8A 5C,speed=0.00
1779898769.376,0x200,8,89 64 91 CD E0 24 CB 09,fuel=100.00
1779898769.492,0x300,8,02 7A EA E4 BB 30 0F 85,temp=42.00
1779898769.580,0x100,8,00 E1 21 2B 4D 49 B5 3C,speed=0.00
1779898769.652,0x200,8,3C 64 7C 3B 53 46 BD 30,fuel=100.00
1779898769.756,0x300,8,02 9D 13 05 4A D0 BF B3,temp=42.00
1779898769.841,0x100,8,00 DA 98 A2 8F 75 59 09,speed=0.00
1779898769.940,0x200,8,98 64 5F B0 EE 01 14 6A,fuel=100.00
1779898770.058,0x300,8,02 26 A9 D4 0A CC 4F 0D,temp=42.00
1779898770.130,0x100,8,00 FC 50 B0 45 6C 06 8E,speed=0.00
1779898770.222,0x200,8,FB 64 81 06 45 2F 4A F4,fuel=100.00
1779898770.310,0x300,8,02 B5 86 95 CE 46 E2 FF,temp=42.00
1779898770.410,0x100,8,00 AB 31 77 96 F8 29 61,speed=0.00
1779898770.502,0x200,8,77 64 CC 9C 95 33 47 C9,fuel=100.00
1779898770.602,0x300,8,02 CC F0 05 73 AE 87 E8,temp=42.00
1779898770.688,0x100,8,00 D1 64 7C 8F 00 11 6D,speed=0.00
1779898770.797,0x200,8,94 64 DC 9A 0E BD 75 C4,fuel=100.00
1779898770.897,0x300,8,02 0D 7D C5 19 28 26 2E,temp=42.00
1779898770.974,0x100,8,00 DC FF B1 F5 3B 37 44,speed=0.00
1779898771.091,0x200,8,D0 64 64 66 9A 77 1F 2D,fuel=100.00
1779898771.154,0x300,8,02 63 05 61 D8 AB 15 D6,temp=42.00
1779898771.245,0x100,8,00 FA 9D 84 E6 90 9E BF,speed=0.00
1779898771.341,0x200,8,9B 64 9A 3F CC 43 73 82,fuel=100.00
1779898771.438,0x300,8,02 03 DB 7C 68 ED D7 0C,temp=42.00
1779898771.545,0x100,8,00 E2 18 10 2B 94 6C BE,speed=0.00
1779898771.631,0x200,8,D9 64 2A 89 4C AF 20 2E,fuel=100.00
1779898771.730,0x300,8,02 2C 42 69 D7 E8 88 10,temp=42.00
1779898771.811,0x100,8,00 53 74 CF 6F CA F8 01,speed=0.00
1779898771.907,0x200,8,2D 64 F4 8F E5 27 95 EC,fuel=100.00
1779898772.009,0x300,8,02 C2 AC D7 73 9C B4 7C,temp=42.00
1779898772.106,0x100,8,00 7F BD 03 E5 71 44 A4,speed=0.00
1779898772.211,0x200,8,48 64 B0 52 CA 56 54 37,fuel=100.00
1779898772.290,0x300,8,02 26 33 87 8E 2E C4 C3,temp=42.00
1779898772.401,0x100,8,00 BD AD 51 E4 7C 7F F7,speed=0.00
1779898772.472,0x200,8,36 64 CA 7C 5C F9 8C F7,fuel=100.00
1779898772.578,0x300,8,02 40 CA 13 5A B5 23 C5,temp=42.00
1779898772.667,0x100,8,00 D3 55 39 E4 01 01 48,speed=0.00
1779898772.749,0x200,8,B4 64 84 C1 0B B7 0A D6,fuel=100.00
1779898772.855,0x300,8,02 0C A5 55 43 51 44 62,temp=42.00
1779898772.940,0x100,8,00 05 DA F0 69 C6 4D 50,speed=0.00
1779898773.031,0x200,8,1D 64 FE 27 B0 C9 46 B7,fuel=100.00
1779898773.127,0x300,8,02 C1 33 1C B3 98 72 8E,temp=42.00
1779898773.232,0x100,8,00 10 F3 8B 94 C4 AC B8,speed=0.00
1779898773.309,0x200,8,0A 64 7F B1 85 96 47 1C,fuel=100.00
1779898773.418,0x300,8,02 EC FC E4 E8 D5 AA 82,temp=42.00
1779898773.502,0x100,8,00 98 B7 DC BB 7C 22 CB,speed=0.00
1779898773.596,0x200,8,C2 64 A8 CD 3A 03 73 C7,fuel=100.00
1779898773.699,0x300,8,02 EC 04 FF 3B 26 D9 14,temp=42.00
1779898773.780,0x100,8,00 68 6F 52 FE 63 E3 DF,speed=0.00
1779898773.874,0x200,8,9C 64 45 A2 D1 ED 68 FF,fuel=100.00
1779898773.981,0x300,8,02 A9 C6 9B 18 CB 15 87,temp=42.00
1779898774.090,0x100,8,00 3D 92 AE 6C E6 55 06,speed=0.00
1779898774.174,0x200,8,AF 64 F2 E4 E2 F5 DD 53,fuel=100.00
1779898774.283,0x300,8,02 30 0F B9 51 ED 1B 1B,temp=42.00
1779898774.337,0x100,8,00 E3 7F BA 36 C9 9B B0,speed=0.00
1779898774.440,0x200,8,64 64 F9 13 E9 21 3D EC,fuel=100.00
1779898774.540,0x300,8,02 27 39 46 01 C2 A6 1C,temp=42.00
1779898774.625,0x100,8,00 74 C8 36 8B 67 43 16,speed=0.00
1779898774.713,0x200,8,BF 64 A8 8A A5 41 99 80,fuel=100.00
1779898774.830,0x300,8,02 50 59 E8 23 9C AF 98,temp=42.00
1779898774.930,0x100,8,00 D9 1B 87 4E E6 27 48,speed=0.00
1779898775.002,0x200,8,26 64 C0 53 00 5F 3E 8D,fuel=100.00
1779898775.091,0x300,8,02 CF 40 59 DE A9 64 6B,temp=42.00
1779898775.207,0x100,8,00 D1 BD 12 5A DB 57 34,speed=0.00
1779898775.282,0x200,8,D3 64 91 A4 42 B6 29 84,fuel=100.00
1779898775.385,0x300,8,02 9D 6E 83 EE CD 60 11,temp=42.00
1779898775.466,0x100,8,00 39 6C 02 E1 D1 80 AB,speed=0.00
1779898775.568,0x200,8,50 64 90 D7 B8 4F 7E 69,fuel=100.00
1779898775.674,0x300,8,02 16 78 1E C9 F3 63 9A,temp=42.00
1779898775.752,0x100,8,00 42 BF 4F D1 2E CB BC,speed=0.00
1779898775.840,0x200,8,25 64 EF 57 A6 F5 FC 79,fuel=100.00
1779898775.936,0x300,8,02 90 18 89 34 D3 70 0A,temp=42.00
1779898776.038,0x100,8,00 21 71 8E CC C7 4D 70,speed=0.00
1779898776.146,0x200,8,15 64 98 A7 FE D3 5F 51,fuel=100.00
1779898776.229,0x300,8,02 2A 69 06 FC CE 60 C2,temp=42.00
1779898776.331,0x100,8,00 32 6E E4 F0 96 58 E8,speed=0.00
1779898776.421,0x200,8,FF 64 36 C9 57 72 07 6A,fuel=100.00
1779898776.508,0x300,8,02 DC 97 7E E8 76 7D 2A,temp=42.00
1779898776.598,0x100,8,00 87 76 FE 07 E7 5A 04,speed=0.00
1779898776.707,0x200,8,15 64 D8 03 52 B9 E5 ED,fuel=100.00
1779898776.790,0x300,8,02 D5 69 EE CC 72 24 0A,temp=42.00
1779898776.874,0x100,8,00 03 32 41 B7 59 D5 13,speed=0.00
1779898776.965,0x200,8,6D 64 3B 30 45 14 C6 D3,fuel=100.00
1779898777.057,0x300,8,02 0B C1 5C CA BA 48 E9,temp=42.00
1779898777.158,0x100,8,00 56 F5 A4 4D 21 DC 6B,speed=0.00
1779898777.247,0x200,8,FF 64 63 EB 28 D2 CE 5D,fuel=100.00
1779898777.347,0x300,8,02 0C A2 B9 68 1A 9F D2,temp=42.00
1779898777.453,0x100,8,00 D3 A4 1A 05 4F 74 EA,speed=0.00
1779898777.545,0x200,8,F4 64 D3 10 2E 2F 17 69,fuel=100.00
1779898777.631,0x300,8,02 B2 C2 5C 78 A4 F0 E2,temp=42.00
1779898777.735,0x100,8,00 D6 A2 DD 7F 56 96 A5,speed=0.00
1779898777.834,0x200,8,06 64 FF 78 68 4D 59 AC,fuel=100.00
1779898777.916,0x300,8,02 49 67 90 15 12 04 E7,temp=42.00
1779898778.000,0x100,8,00 3C 6E 4C 53 3F 2C 39,speed=0.00
1779898778.092,0x200,8,7A 64 6D 57 DB 9D E1 4A,fuel=100.00
1779898778.199,0x300,8,02 1F 46 0C 3E 13 1F 9F,temp=42.00
1779898778.276,0x100,8,00 0A 93 F9 29 F8 76 4C,speed=0.00
1779898778.370,0x200,8,2E 64 D7 16 59 34 00 82,fuel=100.00
1779898778.475,0x300,8,02 20 46 AA 3E B3 96 57,temp=42.00
1779898778.581,0x100,8,00 5D 09 3C 15 DB A5 DB,speed=0.00
1779898778.669,0x200,8,D8 64 F4 A4 6F 5D 8E EB,fuel=100.00
1779898778.768,0x300,8,02 2B E8 06 39 F6 69 1B,temp=42.00
1779898778.842,0x100,8,00 66 42 4C 8D 31 66 03,speed=0.00
1779898778.934,0x200,8,76 64 2F BB F0 8B 53 38,fuel=100.00
1779898779.042,0x300,8,02 6F 88 39 5F 85 EE 4A,temp=42.00
1779898779.142,0x100,8,00 0A 57 F9 19 1A B7 21,speed=0.00
1779898779.238,0x200,8,55 64 7A 79 79 EF 74 AD,fuel=100.00
1779898779.314,0x300,8,02 3B 4F E1 7A 56 15 DB,temp=42.00
1779898779.419,0x100,8,00 05 F3 DD 9F 13 2D 13,speed=0.00
1779898779.515,0x200,8,C7 64 3E 11 03 D7 70 7D,fuel=100.00
1779898779.589,0x300,8,02 30 A9 28 3F F2 EA F9,temp=42.00
1779898779.709,0x100,8,00 5C 0D 60 38 29 F0 20,speed=0.00
1779898779.777,0x200,8,4A 64 AC 28 A8 C9 BE 2D,fuel=100.00
1779898779.900,0x300,8,02 09 08 F5 7C B8 48 00,temp=42.00
1779898779.974,0x100,8,00 3C E9 89 50 3D 21 3E,speed=0.00
1779898780.071,0x200,8,60 64 99 25 7B DB CD B2,fuel=100.00
1779898780.166,0x300,8,02 6A 7D 37 ED E4 93 2D,temp=42.00
1779898780.273,0x100,8,00 64 A3 2F 66 8F 3A D2,speed=0.00
1779898780.343,0x200,8,59 64 30 25 0C D7 22 6D,fuel=100.00
1779898780.451,0x300,8,02 3F 9F E7 AA 4F 3A 70,temp=42.00
1779898780.540,0x100,8,00 78 33 CF 45 56 2F 3F,speed=0.00
1779898780.628,0x200,8,33 64 97 DA 18 B4 C2 58,fuel=100.00
1779898780.737,0x300,8,02 A4 A3 85 96 29 81 DF,temp=42.00
1779898780.825,0x100,8,00 89 9C C8 92 DC D1 BD,speed=0.00
1779898780.902,0x200,8,BD 64 FC 6D AB 5D EB 4E,fuel=100.00
1779898781.009,0x300,8,02 BD 3F D6 58 57 4E D5,temp=42.00
1779898781.093,0x100,8,00 E9 5F B5 15 3B 35 B7,speed=0.00
1779898781.194,0x200,8,3D 64 6D AE 70 69 1C 3B,fuel=100.00
1779898781.281,0x300,8,02 AF 88 D4 45 4E 16 15,temp=42.00
1779898781.392,0x100,8,00 DC 86 F6 33 27 A2 6C,speed=0.00
1779898781.481,0x200,8,A2 64 E2 02 F6 F5 96 AF,fuel=100.00
1779898781.565,0x300,8,02 37 0B B2 E5 2A D4 DE,temp=42.00
1779898781.658,0x100,8,00 97 13 85 3A B8 08 50,speed=0.00
1779898781.756,0x200,8,6E 64 BC D1 C7 18 DD 50,fuel=100.00
1779898781.846,0x300,8,02 55 C6 FE D9 C2 74 0A,temp=42.00
1779898781.957,0x100,8,00 E9 F1 C4 04 A2 AB 05,speed=0.00
1779898782.047,0x200,8,2C 64 2D 4E 70 48 4D 20,fuel=100.00
1779898782.125,0x300,8,02 09 07 EF 5E E7 F2 FD,temp=42.00
1779898782.239,0x100,8,00 F1 93 00 45 42 49 87,speed=0.00
1779898782.316,0x200,8,DC 64 18 92 53 3A A7 E2,fuel=100.00
1779898782.415,0x300,8,02 20 28 66 6E E0 22 5F,temp=42.00
1779898782.505,0x100,8,00 F8 A6 7D 9E C3 C6 D1,speed=0.00
1779898782.609,0x200,8,F3 64 E5 71 66 3C 05 85,fuel=100.00
1779898782.681,0x300,8,02 0A 45 4F 5A E2 89 E7,temp=42.00
1779898782.790,0x100,8,00 BF BF 78 29 A7 25 81,speed=0.00
1779898782.893,0x200,8,13 64 0D F1 B2 BE 16 CD,fuel=100.00
1779898782.977,0x300,8,02 15 FD 63 1B 06 CE 63,temp=42.00
1779898783.082,0x100,8,00 37 DC 6F 99 57 48 64,speed=0.00
1779898783.159,0x200,8,C0 64 89 CB F1 09 CF BF,fuel=100.00
1779898783.247,0x300,8,02 61 11 3D 00 F7 C2 96,temp=42.00
1779898783.363,0x100,8,00 79 E6 EE 6F E6 22 CC,speed=0.00
1779898783.469,0x200,8,42 64 58 49 08 8A 46 00,fuel=100.00
1779898783.558,0x300,8,02 50 47 E3 ED 40 DE DA,temp=42.00
1779898783.623,0x100,8,00 AD 03 6B 96 CF 82 26,speed=0.00
1779898783.728,0x200,8,FC 64 09 B8 15 41 D2 CE,fuel=100.00
1779898783.815,0x300,8,02 E5 8D 3B 2A 6B D8 70,temp=42.00
1779898783.935,0x100,8,00 EA 04 31 61 EC 8B B3,speed=0.00
1779898784.011,0x200,8,A8 64 A4 2C 43 2F 6C 7C,fuel=100.00
1779898784.097,0x300,8,02 1F 53 59 9F CC 8F 35,temp=42.00
1779898784.224,0x100,8,00 5A 15 7A 7D 19 9C 15,speed=0.00
1779898784.279,0x200,8,75 64 40 4E B8 27 E1 0B,fuel=100.00
1779898784.385,0x300,8,02 2D 11 5D FA FC 75 20,temp=42.00
1779898784.512,0x100,8,00 00 94 9A C7 C8 6B 49,speed=0.00
1779898784.555,0x200,8,7A 64 40 33 6F 1F ED 1B,fuel=100.00
1779898784.665,0x300,8,02 BA F9 A7 C4 2E A2 41,temp=42.00
1779898784.765,0x100,8,00 44 6E EB 3A 47 1C 66,speed=0.00
1779898784.840,0x200,8,90 64 3F A5 AC C7 EE 77,fuel=100.00
1779898784.932,0x300,8,02 12 D7 E7 1C 85 CE 28,temp=42.00
1779898785.043,0x100,8,00 F9 CC A3 43 7B 97 2C,speed=0.00
1779898785.128,0x200,8,1E 64 E6 FA 45 D4 9A AE,fuel=100.00
1779898785.217,0x300,8,02 56 F6 C6 2A 79 A7 79,temp=42.00
1779898785.342,0x100,8,00 5B 34 A4 EC 34 E0 39,speed=0.00
1779898785.406,0x200,8,E8 64 A1 90 B1 25 21 AD,fuel=100.00
1779898785.525,0x300,8,02 E7 96 6D 44 51 14 69,temp=42.00
1779898785.596,0x100,8,00 4F 5D 1D AC 30 2D 20,speed=0.00
1779898785.688,0x200,8,DE 64 2B 42 B9 73 D8 12,fuel=100.00
1779898785.788,0x300,8,02 D6 7D 61 1D A3 A3 14,temp=42.00
1779898785.879,0x100,8,00 A2 45 CF 63 66 01 85,speed=0.00
1779898785.988,0x200,8,5B 64 F5 05 40 86 05 D4,fuel=100.00
1779898786.063,0x300,8,02 87 59 7D 71 83 EB 5E,temp=42.00
1779898786.168,0x100,8,00 0D 41 C2 A1 8F 5D 57,speed=0.00
1779898786.256,0x200,8,0C 64 AC 28 03 73 BA 00,fuel=100.00
1779898786.340,0x300,8,02 3B AF 4C 45 AC EA E7,temp=42.00
1779898786.455,0x100,8,00 70 62 3A A8 B8 1B 35,speed=0.00
1779898786.542,0x200,8,27 64 80 B4 CE A7 A4 8D,fuel=100.00
1779898786.638,0x300,8,02 CA 64 F8 44 B0 A6 69,temp=42.00
1779898786.725,0x100,8,00 27 31 64 C4 06 57 A8,speed=0.00
1779898786.817,0x200,8,88 64 CE 06 77 CF A5 8D,fuel=100.00
1779898786.925,0x300,8,02 DA CD 5D CA B4 19 4C,temp=42.00
1779898787.001,0x100,8,00 9B 11 05 26 C0 11 D5,speed=0.00
1779898787.118,0x200,8,79 64 EE BE 74 45 00 8F,fuel=100.00
1779898787.184,0x300,8,02 08 88 20 5F B3 F5 71,temp=42.00
1779898787.288,0x100,8,00 2E 7B 32 6A D7 34 9D,speed=0.00
1779898787.395,0x200,8,AC 64 E6 4B A8 C4 A1 67,fuel=100.00
1779898787.480,0x300,8,02 42 A1 35 3B 46 B1 B9,temp=42.00
1779898787.572,0x100,8,00 C1 57 A2 A4 1D EA 43,speed=0.00
1779898787.672,0x200,8,CE 64 21 C0 4E A7 C2 29,fuel=100.00
1779898787.748,0x300,8,02 F4 E7 9E BC 95 BF B5,temp=42.00
1779898787.847,0x100,8,00 87 7F 34 D5 77 5A BE,speed=0.00
1779898787.935,0x200,8,8A 64 70 5D B9 5E ED 49,fuel=100.00
1779898788.051,0x300,8,02 E0 9C E3 47 6E 74 57,temp=42.00
1779898788.142,0x100,8,00 1F B7 38 78 EF 5C 75,speed=0.00
1779898788.241,0x200,8,44 64 32 C5 AC 63 67 5E,fuel=100.00
1779898788.313,0x300,8,02 C8 F9 01 4C F7 A5 74,temp=42.00
1779898788.420,0x100,8,00 4E 33 AD 7C 50 89 72,speed=0.00
1779898788.497,0x200,8,D9 64 8F 80 CC 9D 92 45,fuel=100.00
1779898788.595,0x300,8,02 D2 DE 99 7B 2E 08 71,temp=42.00
1779898788.704,0x100,8,00 24 54 EC 3E A9 E6 91,speed=0.00
1779898788.787,0x200,8,84 64 31 8F AE A5 A8 0F,fuel=100.00
1779898788.908,0x300,8,02 7D 92 20 13 44 1F 61,temp=42.00
1779898788.985,0x100,8,00 0D F6 7B 8D 82 BD 4A,speed=0.00
1779898789.076,0x200,8,A1 64 C3 CE B4 A1 4C 0E,fuel=100.00
1779898789.179,0x300,8,02 3B C8 67 F0 B3 C4 08,temp=42.00
1779898789.250,0x100,8,00 32 2F 42 9A F2 72 04,speed=0.00
1779898789.371,0x200,8,E7 64 74 A0 2F 8F 9D BA,fuel=100.00
1779898789.451,0x300,8,02 2A C9 6B 4C 38 3C 91,temp=42.00
1779898789.540,0x100,8,00 96 D3 FF 5E EA 7F 85,speed=0.00
1779898789.663,0x200,8,72 64 6E E6 81 1F B1 93,fuel=100.00
1779898789.727,0x300,8,02 4B F9 E1 5D 8A FF EE,temp=42.00
1779898789.815,0x100,8,00 0B DE E5 39 26 F2 0E,speed=0.00
1779898789.916,0x200,8,B0 64 00 A6 8D B7 03 0C,fuel=100.00
1779898790.006,0x300,8,02 81 4E FD 14 E8 A4 AE,temp=42.00
1779898790.111,0x100,8,00 AD D8 3A C6 35 D4 7D,speed=0.00
1779898790.209,0x200,8,ED 64 DE D6 DD 37 E6 5F,fuel=100.00
1779898790.295,0x300,8,02 F0 30 6B 8A 8A C6 16,temp=42.00
1779898790.378,0x100,8,00 D7 F9 21 C4 AB D3 8F,speed=0.00
1779898790.493,0x200,8,22 64 96 DA EF B9 64 18,fuel=100.00
1779898790.572,0x300,8,02 C5 6A 6A 1E 1B FB E4,temp=42.00
1779898790.675,0x100,8,00 A7 FF 17 B0 B9 78 DB,speed=0.00
1779898790.763,0x200,8,2F 64 3A 1D F6 3F C7 48,fuel=100.00
1779898790.850,0x300,8,02 B7 69 FA 51 C4 06 E0,temp=42.00
1779898790.961,0x100,8,00 94 E3 C9 6F D3 1A 64,speed=0.00
1779898791.027,0x200,8,3F 64 0E 67 25 5A 11 85,fuel=100.00
1779898791.144,0x300,8,02 FE A4 F4 D2 1B FF 7B,temp=42.00
1779898791.219,0x100,8,00 21 F5 DF 13 F9 6A C4,speed=0.00
1779898791.325,0x200,8,43 64 10 46 14 F1 8A 7D,fuel=100.00
1779898791.408,0x300,8,02 96 CB D9 45 29 65 70,temp=42.00
1779898791.535,0x100,8,00 2C DD 25 F7 07 A8 EE,speed=0.00
1779898791.600,0x200,8,2C 64 C5 EF 56 42 95 FB,fuel=100.00
1779898791.704,0x300,8,02 44 6F D9 EE BA C4 6C,temp=42.00
1779898791.812,0x100,8,00 DA 4B B1 08 2D 59 E4,speed=0.00
1779898791.875,0x200,8,9C 64 80 B0 5E 37 3F 08,fuel=100.00
1779898791.973,0x300,8,02 D3 20 7F C4 80 43 2E,temp=42.00
1779898792.059,0x100,8,00 43 6D D8 D2 38 B8 35,speed=0.00
1779898792.202,0x200,8,FC 64 2B 03 BF D4 53 8F,fuel=100.00
1779898792.255,0x300,8,02 CC DD 7B ED E7 EF 03,temp=42.00
1779898792.359,0x100,8,00 D7 FA 48 2E E1 82 EA,speed=0.00
1779898792.431,0x200,8,50 64 F8 6A 65 9C 1E C1,fuel=100.00
1779898792.554,0x300,8,02 E6 A2 8C 9A 44 85 F1,temp=42.00
1779898792.629,0x100,8,00 2F 50 79 70 78 EC 8C,speed=0.00
1779898792.724,0x200,8,06 64 DC EC D4 DF 96 2E,fuel=100.00
1779898792.833,0x300,8,02 9F A8 8F 8C 54 03 15,temp=42.00
1779898792.933,0x100,8,00 E3 BE 0F 50 28 44 CA,speed=0.00
1779898793.017,0x200,8,DE 64 24 F6 62 DD F3 FA,fuel=100.00
1779898793.104,0x300,8,02 6E F8 AC 61 7B D1 8E,temp=42.00
1779898793.197,0x100,8,00 93 4C 21 F7 74 53 AB,speed=0.00
1779898793.284,0x200,8,20 64 18 53 F3 2A C8 46,fuel=100.00
1779898793.395,0x300,8,02 34 64 F7 70 AA 54 C5,temp=42.00
1779898793.483,0x100,8,00 7A 97 56 D4 2F BD A4,speed=0.00
1779898793.574,0x200,8,23 64 91 0E D1 89 49 97,fuel=100.00
1779898793.658,0x300,8,02 3A DB 1C C1 FB 20 08,temp=42.00
1779898793.769,0x100,8,00 39 8E 62 05 FC 91 3D,speed=0.00
1779898793.845,0x200,8,D4 64 8B DD 76 8A A6 1D,fuel=100.00
1779898793.955,0x300,8,02 81 03 02 28 A8 BD C4,temp=42.00
1779898794.046,0x100,8,00 99 C1 68 84 2F A1 A2,speed=0.00
1779898794.126,0x200,8,F7 64 53 3D 0D DA D5 47,fuel=100.00
1779898794.223,0x300,8,02 C1 C7 8E D9 68 37 9E,temp=42.00
1779898794.334,0x100,8,00 FF FB 8C DB 53 91 BA,speed=0.00
1779898794.418,0x200,8,65 64 71 98 00 E9 54 27,fuel=100.00
1779898794.504,0x300,8,02 38 5B 76 16 BA 6B 24,temp=42.00
1779898794.629,0x100,8,00 CF A8 43 B6 A5 2F AB,speed=0.00
1779898794.702,0x200,8,E5 64 AB F0 AE EF 1F FF,fuel=100.00
1779898794.789,0x300,8,02 65 5B 53 9B B2 B5 54,temp=42.00
1779898794.885,0x100,8,00 B1 27 B3 27 BE 9C CE,speed=0.00
1779898794.977,0x200,8,C9 64 E7 45 77 F0 03 C8,fuel=100.00
1779898795.057,0x300,8,02 1E 14 BF 1F C8 62 DE,temp=42.00
1779898795.212,0x100,8,00 34 85 E8 27 38 9D 1E,speed=0.00
1779898795.264,0x200,8,3C 64 BF DD F1 F7 4E B3,fuel=100.00
1779898795.347,0x300,8,02 B4 82 2D 10 4F 69 DD,temp=42.00
1779898795.434,0x100,8,00 30 FD 27 3C 94 48 79,speed=0.00
1779898795.534,0x200,8,56 64 AF 5A A7 D9 FC 33,fuel=100.00
1779898795.648,0x300,8,02 E2 6A 64 A5 CB BB 22,temp=42.00
1779898795.727,0x100,8,00 72 FC 3A DB 19 AD 94,speed=0.00
1779898795.858,0x200,8,24 64 43 B5 B2 A9 98 7A,fuel=100.00
1779898795.905,0x300,8,02 C6 11 FA 58 39 7D B1,temp=42.00
1779898796.009,0x100,8,00 EF 5D A4 D4 9B 5D E1,speed=0.00
1779898796.099,0x200,8,FB 64 15 E9 48 DC CA A9,fuel=100.00
1779898796.207,0x300,8,02 3C 99 8B 70 6D CA 66,temp=42.00
1779898796.289,0x100,8,00 26 23 65 3A 16 70 42,speed=0.00
1779898796.402,0x200,8,F0 64 88 F9 5E 52 71 92,fuel=100.00
1779898796.489,0x300,8,02 25 BD 57 52 FA 7F 2A,temp=42.00
1779898796.567,0x100,8,00 A3 C0 AD 6F 4F E9 40,speed=0.00
1779898796.664,0x200,8,58 64 86 B8 53 CE 50 BA,fuel=100.00
1779898796.748,0x300,8,02 CC AE 5F C5 B9 B0 89,temp=42.00
1779898796.858,0x100,8,00 C3 C8 23 42 45 D8 BE,speed=0.00
1779898796.952,0x200,8,B8 64 35 2E 9F 1D 94 25,fuel=100.00
1779898797.041,0x300,8,02 EB BC 06 73 A6 BA E9,temp=42.00
1779898797.149,0x100,8,00 BB F4 48 2A 18 04 61,speed=0.00
1779898797.234,0x200,8,03 64 76 5B 34 7A 45 BF,fuel=100.00
1779898797.312,0x300,8,02 5F 65 86 B9 24 FE 42,temp=42.00
1779898797.418,0x100,8,00 7E 59 94 F7 B2 51 19,speed=0.00
1779898797.527,0x200,8,3D 64 B7 38 EC 38 63 A2,fuel=100.00
1779898797.628,0x300,8,02 14 71 24 B7 6D 94 54,temp=42.00
1779898797.697,0x100,8,00 B6 6D C0 74 8E 8E 2C,speed=0.00
1779898797.789,0x200,8,9B 64 50 C0 49 47 E0 31,fuel=100.00
1779898797.886,0x300,8,02 B8 78 63 81 61 6F 58,temp=42.00
1779898797.972,0x100,8,00 25 3E 71 79 DD 6A 20,speed=0.00
1779898798.079,0x200,8,9F 64 DB 18 D7 9B 70 F6,fuel=100.00
1779898798.153,0x300,8,02 1F CE BD 01 1D D4 78,temp=42.00
1779898798.272,0x100,8,00 51 90 E5 D0 52 70 C0,speed=0.00
1779898798.343,0x200,8,76 64 FF 87 C1 24 EE 83,fuel=100.00
1779898798.451,0x300,8,02 2F FD E6 26 AD 71 0D,temp=42.00
1779898798.541,0x100,8,00 E1 06 FD 7D E7 73 2C,speed=0.00
1779898798.627,0x200,8,1B 64 C3 D1 FC CB 45 FD,fuel=100.00
1779898798.742,0x300,8,02 36 B2 1E 00 D8 02 DA,temp=42.00
1779898798.820,0x100,8,00 EA 18 06 AD 03 DE FE,speed=0.00
1779898798.913,0x200,8,54 64 50 17 02 11 EC 7F,fuel=100.00
1779898799.028,0x300,8,02 DD F4 32 1E FC CF 39,temp=42.00
1779898799.099,0x100,8,00 DE F3 D5 7A D7 80 DF,speed=0.00
1779898799.192,0x200,8,B2 64 0B 6C F1 DB D6 90,fuel=100.00
1779898799.286,0x300,8,02 EF 92 AD 75 2D 09 EB,temp=42.00
1779898799.380,0x100,8,00 0D 82 1A 51 B5 77 0B,speed=0.00
1779898799.501,0x200,8,AB 64 96 85 8F 4F FC 19,fuel=100.00
1779898799.577,0x300,8,02 3F 09 F0 36 FE 1F 96,temp=42.00
1779898799.664,0x100,8,00 BE 58 B1 2F 7C 40 A2,speed=0.00
1779898799.776,0x200,8,D6 64 E2 91 88 42 D6 D7,fuel=100.00
1779898799.842,0x300,8,02 FA 29 2B 22 72 C1 A8,temp=42.00
1779898799.934,0x100,8,00 2A F6 3F DB 14 D6 CD,speed=0.00
1779898800.066,0x200,8,98 64 5E 0F 90 65 0B 9A,fuel=100.00
1779898800.129,0x300,8,02 17 27 3F 60 CC E3 FC,temp=42.00
1779898800.240,0x100,8,00 91 E5 2C A5 A4 EC 02,speed=0.00
1779898800.315,0x200,8,97 64 D6 5D 5A 33 16 28,fuel=100.00
1779898800.414,0x300,8,02 02 9E C4 0F 94 9B 3A,temp=42.00
1779898800.538,0x100,8,00 60 64 57 2F 11 3C B2,speed=0.00
1779898800.604,0x200,8,98 64 9A A3 1E 62 97 1C,fuel=100.00
1779898800.706,0x300,8,02 6C AE A6 44 DD 4A 38,temp=42.00
1779898800.779,0x100,8,00 15 16 CD D1 3B B8 B4,speed=0.00
1779898800.899,0x200,8,C1 64 BB A2 CD 02 28 9E,fuel=100.00
1779898801.002,0x300,8,02 01 70 E8 8E 23 75 33,temp=42.00
1779898801.073,0x100,8,00 B1 64 7D FB 5E DC 37,speed=0.00
1779898801.171,0x200,8,2A 64 F0 9E AA CB 0B 22,fuel=100.00
1779898801.260,0x300,8,02 1C 49 73 32 FF 79 36,temp=42.00
1779898801.347,0x100,8,00 26 41 67 79 42 AB E8,speed=0.00
1779898801.437,0x200,8,D9 64 62 0F A4 FF 75 3F,fuel=100.00
1779898801.527,0x300,8,02 13 22 5F BF F0 5C C1,temp=42.00
1779898801.622,0x100,8,00 A7 F8 2E 6C B0 04 6F,speed=0.00
1779898801.731,0x200,8,AB 64 FD AC FB 37 17 31,fuel=100.00
1779898801.812,0x300,8,02 32 6F 0B EF 76 C7 D0,temp=42.00
1779898801.916,0x100,8,00 3E EA AA 7B 31 2B CA,speed=0.00
1779898802.001,0x200,8,87 64 55 86 7E D9 F2 A8,fuel=100.00
1779898802.103,0x300,8,02 E8 81 D6 82 39 FE 15,temp=42.00
1779898802.213,0x100,8,00 64 0E 9C 35 61 18 33,speed=0.00
1779898802.290,0x200,8,54 64 50 D0 76 CC 15 05,fuel=100.00
1779898802.373,0x300,8,02 77 18 C5 9F 0C 4D D7,temp=42.00
1779898802.488,0x100,8,00 E4 EA 1D F8 BA 7B FB,speed=0.00
1779898802.568,0x200,8,7C 64 A5 EE 8F FF E2 2F,fuel=100.00
1779898802.658,0x300,8,02 91 F3 D6 59 34 B7 A0,temp=42.00
1779898802.760,0x100,8,00 6D 2F 37 D9 E6 A1 3F,speed=0.00
1779898802.850,0x200,8,3E 64 2D E9 9B 53 7B 71,fuel=100.00
1779898802.969,0x300,8,02 06 80 B9 C9 69 FD C7,temp=42.00
1779898803.053,0x100,8,00 AD 23 36 3B 58 DB BD,speed=0.00
1779898803.132,0x200,8,F9 64 0C DB C7 13 B5 A6,fuel=100.00
1779898803.222,0x300,8,02 5D A0 E8 14 D6 BE 09,temp=42.00
1779898803.319,0x100,8,00 46 AC 2A BB 12 51 37,speed=0.00
1779898803.415,0x200,8,FC 64 74 5D 57 DB 80 62,fuel=100.00
1779898803.545,0x300,8,02 D5 E2 62 F3 A5 CA 07,temp=42.00
1779898803.609,0x100,8,00 27 D5 E9 64 5B 70 F9,speed=0.00
1779898803.708,0x200,8,87 64 C5 E4 36 C0 87 40,fuel=100.00
1779898803.806,0x300,8,02 88 78 45 37 C0 A9 A6,temp=42.00
1779898803.870,0x100,8,00 83 4E BC F1 C6 D6 0E,speed=0.00
1779898803.994,0x200,8,96 64 57 B7 FA E9 59 C4,fuel=100.00
1779898804.090,0x300,8,02 02 9D 8C 50 77 4B 4B,temp=42.00
1779898804.158,0x100,8,00 5A 12 83 44 C5 E8 04,speed=0.00
1779898804.255,0x200,8,5B 64 50 0F 0D F4 BD 22,fuel=100.00
1779898804.371,0x300,8,02 63 50 28 7C 9B 72 FD,temp=42.00
1779898804.453,0x100,8,00 26 21 B0 3D B4 BD 14,speed=0.00
1779898804.554,0x200,8,3A 64 DA 4F D6 0C FF 31,fuel=100.00
1779898804.639,0x300,8,02 87 8C 68 1C 57 33 A8,temp=42.00
1779898804.737,0x100,8,00 72 FD E9 DE 86 09 40,speed=0.00
1779898804.822,0x200,8,18 64 53 E1 97 7E A3 69,fuel=100.00
1779898804.919,0x300,8,02 4C 9B D7 81 17 3F 31,temp=42.00
1779898804.997,0x100,8,00 40 36 F2 FE AD E6 80,speed=0.00
1779898805.110,0x200,8,60 64 E7 F9 0B 35 60 A9,fuel=100.00
1779898805.189,0x300,8,02 B6 BC 35 F9 1E 54 8A,temp=42.00
1779898805.296,0x100,8,00 FC B6 B4 27 4D 75 8F,speed=0.00
1779898805.371,0x200,8,71 64 77 F5 03 65 E2 D0,fuel=100.00
1779898805.502,0x300,8,02 7A 77 07 79 FD 56 1D,temp=42.00
1779898805.560,0x100,8,00 23 1F 41 D6 87 36 D0,speed=0.00
1779898805.661,0x200,8,70 64 A6 53 5A FC 5A 34,fuel=100.00
1779898805.753,0x300,8,02 AF 23 16 CC 35 3E B4,temp=42.00
1779898805.841,0x100,8,00 C9 22 59 6A BF AB C0,speed=0.00
1779898805.947,0x200,8,22 64 CC FD 93 DA DF 1B,fuel=100.00
1779898806.039,0x300,8,02 1B 63 25 67 E9 01 9B,temp=42.00
1779898806.125,0x100,8,00 29 7C EE C8 66 83 34,speed=0.00
1779898806.216,0x200,8,84 64 89 F5 63 7F 27 76,fuel=100.00
1779898806.329,0x300,8,02 35 AA 14 DF 64 5C 52,temp=42.00
1779898806.405,0x100,8,00 2A 98 F1 BC 1F 4C 00,speed=0.00
1779898806.526,0x200,8,93 64 D0 1A BA AA 75 AC,fuel=100.00
1779898806.605,0x300,8,02 43 64 E3 EA E0 56 42,temp=42.00
1779898806.696,0x100,8,00 4D E4 32 2D C1 A7 43,speed=0.00
1779898806.802,0x200,8,6D 64 93 41 8B 78 5E B1,fuel=100.00
1779898806.884,0x300,8,02 EC 98 F0 78 EE 25 11,temp=42.00
1779898806.994,0x100,8,00 4B 36 D4 01 8B 6E 05,speed=0.00
1779898807.071,0x200,8,FE 64 02 67 DD 2D 4F 7D,fuel=100.00
1779898807.184,0x300,8,02 D6 45 53 A5 C2 4D D0,temp=42.00
1779898807.265,0x100,8,00 90 11 45 20 74 75 C6,speed=0.00
1779898807.349,0x200,8,C0 64 1D A0 F5 6E F7 C3,fuel=100.00
1779898807.458,0x300,8,02 6A 71 78 19 4F 3E AA,temp=42.00
1779898807.553,0x100,8,00 49 69 FA 60 92 14 B8,speed=0.00
1779898807.645,0x200,8,60 64 22 D8 C1 68 62 8D,fuel=100.00
1779898807.728,0x300,8,02 52 52 18 6F 83 33 AF,temp=42.00
1779898807.830,0x100,8,00 B5 4E 39 7B 9C 47 DE,speed=0.00
1779898807.921,0x200,8,59 64 74 6F 36 2F 09 82,fuel=100.00
1779898807.998,0x300,8,02 92 98 BB 96 59 1E 1B,temp=42.00
1779898808.108,0x100,8,00 4E 95 A0 04 2A 2F FC,speed=0.00
1779898808.189,0x200,8,24 64 06 6C 4E 91 75 D5,fuel=100.00
1779898808.281,0x300,8,02 E3 55 AD 5C 02 24 64,temp=42.00
1779898808.403,0x100,8,00 0F 0B 11 FB E2 D3 96,speed=0.00
1779898808.486,0x200,8,E6 64 0B C4 CC BD F4 82,fuel=100.00
1779898808.565,0x300,8,02 DC FD 4D 0C AD F6 C7,temp=42.00
1779898808.660,0x100,8,00 08 34 D4 37 B8 67 87,speed=0.00
1779898808.754,0x200,8,99 64 03 93 68 C3 74 2D,fuel=100.00
1779898808.850,0x300,8,02 72 BB 9B 8F 68 ED F8,temp=42.00
1779898808.942,0x100,8,00 55 E6 7E E3 33 D4 3D,speed=0.00
1779898809.048,0x200,8,93 64 72 59 85 88 ED FC,fuel=100.00
1779898809.148,0x300,8,02 64 AD FE FD 38 4D E8,temp=42.00
1779898809.230,0x100,8,00 CD 35 9E 68 2A 24 17,speed=0.00
1779898809.338,0x200,8,7C 64 19 3A 3E E4 72 AF,fuel=100.00
1779898809.413,0x300,8,02 9F 66 B2 20 62 F6 B3,temp=42.00
1779898809.541,0x100,8,00 FC A6 91 B2 95 59 2E,speed=0.00
1779898809.591,0x200,8,FB 64 BC 7F 24 61 80 23,fuel=100.00
1779898809.685,0x300,8,02 DF 5E 0C EE 4F 9B F0,temp=42.00
1779898809.788,0x100,8,00 00 77 A3 62 F0 34 68,speed=0.00
1779898809.876,0x200,8,B7 64 DC 2F 4B 0B A0 E2,fuel=100.00
1779898809.982,0x300,8,02 BE DE E9 C9 8D D0 9F,temp=42.00
1779898810.060,0x100,8,00 A7 F1 26 32 03 1E CB,speed=0.00
1779898810.159,0x200,8,44 64 33 C6 D7 3B A7 83,fuel=100.00
1779898810.268,0x300,8,02 4A B1 9D 45 65 15 0C,temp=42.00
1779898810.351,0x100,8,00 C7 8C 7A 90 84 5E D0,speed=0.00
1779898810.461,0x200,8,AA 64 22 58 4E D3 53 97,fuel=100.00
1779898810.536,0x300,8,02 99 E6 3D F1 67 90 5E,temp=42.00
1779898810.630,0x100,8,00 76 2F 32 2E 44 93 61,speed=0.00
1779898810.732,0x200,8,F2 64 9A EE 3B 33 50 B6,fuel=100.00
1779898810.827,0x300,8,02 3E 0D 7E 3D B7 4D 31,temp=42.00
1779898810.934,0x100,8,00 42 58 DF B4 1B BC 76,speed=0.00
1779898811.015,0x200,8,01 64 25 E1 00 0C 7C 6D,fuel=100.00
1779898811.116,0x300,8,02 8A AF EA 5E 7F A3 B7,temp=42.00
1779898811.196,0x100,8,00 E4 5C E3 B3 F5 79 1F,speed=0.00
1779898811.308,0x200,8,67 64 7C 6A 8C 59 BD 80,fuel=100.00
1779898811.377,0x300,8,02 DA 92 D4 3C B4 A4 7F,temp=42.00
1779898811.476,0x100,8,00 4C F7 99 5A B8 12 1B,speed=0.00
1779898811.563,0x200,8,C8 64 94 F2 49 04 60 69,fuel=100.00
1779898811.661,0x300,8,02 B0 DC D8 F9 4D 13 D5,temp=42.00
1779898811.781,0x100,8,00 DB 6B C8 20 EB DE 28,speed=0.00
1779898811.851,0x200,8,E3 64 C0 FB 68 9F 74 BA,fuel=100.00
1779898811.946,0x300,8,02 4A 76 59 44 13 B8 47,temp=42.00
1779898812.050,0x100,8,00 EF 12 3A 0E 77 55 C0,speed=0.00
1779898812.126,0x200,8,02 64 FD 62 57 9E 60 43,fuel=100.00
1779898812.227,0x300,8,02 4F 24 84 CF 47 1B B4,temp=42.00
1779898812.328,0x100,8,00 07 D6 3B FE 31 D2 B3,speed=0.00
1779898812.419,0x200,8,16 64 B2 F4 82 30 89 A4,fuel=100.00
1779898812.526,0x300,8,02 8F 4B 4F A1 CB 1D 66,temp=42.00
1779898812.592,0x100,8,00 CA 47 36 35 F4 B3 A9,speed=0.00
1779898812.687,0x200,8,D1 64 7B 6F 28 97 12 5C,fuel=100.00
1779898812.797,0x300,8,02 98 F8 FC 33 3C 23 D0,temp=42.00
1779898812.888,0x100,8,00 13 13 CF F5 10 40 BF,speed=0.00
1779898812.991,0x200,8,3F 64 E8 09 6F 27 5C D4,fuel=100.00
1779898813.063,0x300,8,02 1A 33 C9 69 9A D4 9B,temp=42.00
1779898813.160,0x100,8,00 28 94 48 5C 1E 8E 74,speed=0.00
1779898813.258,0x200,8,4F 64 6C 06 65 2E E5 09,fuel=100.00
1779898813.345,0x300,8,02 59 24 FC CE C3 8B EB,temp=42.00
1779898813.443,0x100,8,00 90 16 E2 DF EB 9A F8,speed=0.00
1779898813.535,0x200,8,46 64 E1 88 BD AB 40 8E,fuel=100.00
1779898813.633,0x300,8,02 73 AE 2E 7D D4 8C F3,temp=42.00
1779898813.727,0x100,8,00 89 F3 5D A0 2F 37 A9,speed=0.00
1779898813.833,0x200,8,46 64 81 37 0A 3B C6 26,fuel=100.00
1779898813.907,0x300,8,02 F7 F8 EB F9 D3 24 F1,temp=42.00
1779898814.016,0x100,8,00 A9 27 4D 5D 18 CC 29,speed=0.00
1779898814.115,0x200,8,D3 64 25 DC D2 C5 36 37,fuel=100.00
1779898814.208,0x300,8,02 54 DA 86 04 3F 4C 42,temp=42.00
1779898814.282,0x100,8,00 8C 81 68 4B 57 7C AE,speed=0.00
1779898814.373,0x200,8,18 64 E3 0C 1E F6 7F F4,fuel=100.00
1779898814.485,0x300,8,02 DB A4 A4 22 73 E5 71,temp=42.00
1779898814.564,0x100,8,00 2D 06 FD 05 46 2C 9B,speed=0.00
1779898814.679,0x200,8,7F 64 4B 2D 4E 38 FE 53,fuel=100.00
1779898814.753,0x300,8,02 9F 50 76 9C 63 D3 22,temp=42.00
1779898814.847,0x100,8,00 2D 60 D9 25 2B 09 AC,speed=0.00
1779898814.940,0x200,8,7A 64 FF D9 29 20 FB FC,fuel=100.00
1779898815.041,0x300,8,02 B8 7A A3 82 47 23 27,temp=42.00
1779898815.122,0x100,8,00 EC 5E 65 5B 49 54 9A,speed=0.00
1779898815.215,0x200,8,37 64 5E D8 5C 7F 77 00,fuel=100.00
1779898815.309,0x300,8,02 8F BC E4 5D 8E 14 40,temp=42.00
1779898815.409,0x100,8,00 ED BB 36 EB 4B 05 9D,speed=0.00
1779898815.505,0x200,8,BD 64 CE 85 BD B7 FF 93,fuel=100.00
1779898815.604,0x300,8,02 05 5D 46 B6 00 18 2F,temp=42.00
1779898815.690,0x100,8,00 69 28 9F 54 00 58 03,speed=0.00
1779898815.780,0x200,8,71 64 D2 EE CE A4 22 5C,fuel=100.00
1779898815.891,0x300,8,02 78 62 7D 89 8F EF BC,temp=42.00
1779898815.965,0x100,8,00 07 25 59 D7 B1 23 37,speed=0.00
1779898816.066,0x200,8,80 64 5C B9 5C DF C8 2A,fuel=100.00
1779898816.166,0x300,8,02 8B BB D9 3C C3 D2 4D,temp=42.00
1779898816.272,0x100,8,00 61 4B AD A7 AB CC 15,speed=0.00
1779898816.357,0x200,8,2D 64 2D 95 D1 16 09 0C,fuel=100.00
1779898816.464,0x300,8,02 1C 81 66 69 15 1E E9,temp=42.00
1779898816.560,0x100,8,00 8F 31 4A 3E 86 7D 49,speed=0.00
1779898816.654,0x200,8,17 64 33 05 0E CE 86 B0,fuel=100.00
1779898816.750,0x300,8,02 96 28 F4 D8 59 5F EF,temp=42.00
1779898816.841,0x100,8,00 51 68 05 90 88 5E 17,speed=0.00
1779898816.950,0x200,8,F9 64 5C FD 0D DE 3D BE,fuel=100.00
1779898817.033,0x300,8,02 3C A9 72 AC 8E 95 42,temp=42.00
1779898817.135,0x100,8,00 CA 95 18 C7 E6 26 B5,speed=0.00
1779898817.247,0x200,8,07 64 13 2E 22 AC B1 03,fuel=100.00
1779898817.325,0x300,8,02 FD F5 2E 91 9D CA AD,temp=42.00
1779898817.407,0x100,8,00 A6 C0 E7 B6 4F DF 7C,speed=0.00
1779898817.550,0x200,8,31 64 C6 A9 07 92 64 0A,fuel=100.00
1779898817.651,0x300,8,02 11 A0 C9 F6 18 D2 30,temp=42.00
1779898817.691,0x100,8,00 D1 98 4F 35 F1 42 9E,speed=0.00
1779898817.804,0x200,8,1F 64 BB 69 92 F8 BC 5F,fuel=100.00
1779898817.878,0x300,8,02 5F E0 74 D1 8A 8F C0,temp=42.00
1779898817.973,0x100,8,00 1E F7 97 34 6B 39 FF,speed=0.00
1779898818.081,0x200,8,47 64 48 CA 75 2A 6D 00,fuel=100.00
1779898818.177,0x300,8,02 F4 98 18 E2 63 ED 04,temp=42.00
1779898818.253,0x100,8,00 9D 4B 4C F6 68 C2 0E,speed=0.00
1779898818.338,0x200,8,D6 64 01 4A FB 53 B5 79,fuel=100.00
1779898818.432,0x300,8,02 B3 97 8A BC CA B8 E6,temp=42.00
1779898818.571,0x100,8,00 CD 7C 06 64 01 40 9D,speed=0.00
1779898818.636,0x200,8,7A 64 FD 7D 58 B6 5C D3,fuel=100.00
1779898818.714,0x300,8,02 FE 55 02 FB 2E AC 16,temp=42.00
1779898818.848,0x100,8,00 37 9C E7 81 D4 F5 A8,speed=0.00
1779898818.927,0x200,8,F9 64 07 98 F2 AF 19 B8,fuel=100.00
1779898819.018,0x300,8,02 B3 BB FF 79 71 62 FF,temp=42.00
1779898819.106,0x100,8,00 7A ED 98 CC 78 88 59,speed=0.00
1779898819.198,0x200,8,3D 64 ED 7E 38 93 3F 03,fuel=100.00
1779898819.331,0x300,8,02 9C 49 84 0F 2D 65 1B,temp=42.00
1779898819.382,0x100,8,00 DD 0C 8D CA 9E 98 E3,speed=0.00
1779898819.479,0x200,8,EB 64 BB 94 87 C5 E8 43,fuel=100.00
1779898819.601,0x300,8,02 A9 46 B4 E6 5C F2 EA,temp=42.00
1779898819.667,0x100,8,00 65 8C 97 87 A3 BC 4F,speed=0.00
1779898819.788,0x200,8,6E 64 3E 8B B6 D0 04 4F,fuel=100.00
1779898819.853,0x300,8,02 F6 9D DB 6B F1 46 92,temp=42.00
1779898819.933,0x100,8,00 3B 69 D5 D5 E1 D5 00,speed=0.00
1779898820.026,0x200,8,F6 64 C2 32 FD 84 CA 9F,fuel=100.00
1779898820.144,0x300,8,02 42 E0 44 41 4E E1 36,temp=42.00
1779898820.214,0x100,8,00 1A CD 1B 0B A4 14 53,speed=0.00
1779898820.348,0x200,8,F9 64 C8 5B D2 22 9D 0E,fuel=100.00
1779898820.418,0x300,8,02 76 97 2B C7 7B 2E 7F,temp=42.00
1779898820.544,0x100,8,00 0E AE 5D 10 5C E2 28,speed=0.00
1779898820.614,0x200,8,3B 64 A9 0D EE 78 89 AF,fuel=100.00
1779898820.694,0x300,8,02 5D 9B C4 00 BD EC 52,temp=42.00
1779898820.794,0x100,8,00 A8 55 D7 33 3B F8 47,speed=0.00
1779898820.885,0x200,8,78 64 77 47 40 3D A9 84,fuel=100.00
1779898820.964,0x300,8,02 71 15 F4 84 B5 D6 03,temp=42.00
1779898821.081,0x100,8,00 3B E9 62 D2 60 E6 76,speed=0.00
1779898821.183,0x200,8,4B 64 6E 76 36 F3 4C C1,fuel=100.00
1779898821.257,0x300,8,02 13 6B 0A 77 F0 18 57,temp=42.00
1779898821.352,0x100,8,00 6A BA DD A8 E7 04 15,speed=0.00
1779898821.437,0x200,8,00 64 0A E1 6B D0 51 11,fuel=100.00
1779898821.535,0x300,8,02 A4 37 4A 6D B1 61 8C,temp=42.00
1779898821.651,0x100,8,00 B7 24 11 D1 B9 0C 51,speed=0.00
1779898821.727,0x200,8,BC 64 52 BC DC AE 69 13,fuel=100.00
1779898821.838,0x300,8,02 BE 78 F5 63 07 20 2A,temp=42.00
1779898821.902,0x100,8,00 09 A1 AE 42 92 B1 D4,speed=0.00
1779898821.999,0x200,8,6C 64 A8 68 8C 00 F8 46,fuel=100.00
1779898822.098,0x300,8,02 03 75 E1 4B 38 A4 33,temp=42.00
1779898822.205,0x100,8,00 12 C1 82 98 5A 4F 7E,speed=0.00
1779898822.281,0x200,8,AC 64 CC 74 00 42 38 10,fuel=100.00
1779898822.375,0x300,8,02 B9 89 A8 C6 4F 6F 41,temp=42.00
1779898822.498,0x100,8,00 49 AC C9 1E 3B F1 C4,speed=0.00
1779898822.574,0x200,8,18 64 D1 8A F6 A6 A1 E4,fuel=100.00
1779898822.672,0x300,8,02 FF 7D 83 C1 04 8A 7F,temp=42.00
1779898822.751,0x100,8,00 A2 DF 7B 00 23 65 3C,speed=0.00
1779898822.865,0x200,8,B5 64 87 CA 4F 99 0A 58,fuel=100.00
1779898822.945,0x300,8,02 62 1C 6E 63 8B 2F 7B,temp=42.00
1779898823.027,0x100,8,00 A6 F6 DC C7 C0 C5 69,speed=0.00
1779898823.122,0x200,8,9E 64 EF 19 B3 77 6A 53,fuel=100.00
1779898823.223,0x300,8,02 03 76 BC 39 E4 12 FF,temp=42.00
1779898823.317,0x100,8,00 15 0B 7F 52 50 FC 35,speed=0.00
1779898823.401,0x200,8,6B 64 74 E7 83 65 E3 AA,fuel=100.00
1779898823.507,0x300,8,02 65 53 D4 CF DD B3 38,temp=42.00
1779898823.603,0x100,8,00 BC CC 44 F4 17 0D F4,speed=0.00
1779898823.694,0x200,8,E4 64 FD BA 1D E6 E9 43,fuel=100.00
1779898823.790,0x300,8,02 0D 11 94 3A DC 1D 5B,temp=42.00
1779898823.882,0x100,8,00 1A D5 E8 92 79 B1 6B,speed=0.00
1779898823.993,0x200,8,14 64 76 49 59 44 7C F5,fuel=100.00
1779898824.062,0x300,8,02 ED 19 19 BB 50 D8 B4,temp=42.00
1779898824.159,0x100,8,00 6D 9F 2B C2 88 96 93,speed=0.00
1779898824.257,0x200,8,A8 64 40 76 17 D8 7A A8,fuel=100.00
1779898824.360,0x300,8,02 07 E8 2C 02 E4 14 71,temp=42.00
1779898824.441,0x100,8,00 95 24 B6 88 78 F6 00,speed=0.00
1779898824.532,0x200,8,A5 64 EA 12 25 82 4F 88,fuel=100.00
1779898824.632,0x300,8,02 42 86 F5 4C 15 C7 92,temp=42.00
1779898824.759,0x100,8,00 2C 9A 26 09 E9 31 52,speed=0.00
1779898824.827,0x200,8,A5 64 3B 9B FF 10 29 E2,fuel=100.00
1779898824.921,0x300,8,02 55 18 5D 1C CA D6 E4,temp=42.00
1779898824.997,0x100,8,00 93 DB D8 16 61 59 47,speed=0.00
1779898825.087,0x200,8,B2 64 13 91 2F C3 5D 8C,fuel=100.00
1779898825.195,0x300,8,02 62 46 7D FD D2 FD ED,temp=42.00
1779898825.283,0x100,8,00 BE A6 75 4E FB 42 76,speed=0.00
1779898825.404,0x200,8,7B 64 D0 00 C7 4E F2 54,fuel=100.00
1779898825.504,0x300,8,02 23 57 31 52 A3 FF BE,temp=42.00
1779898825.564,0x100,8,00 29 D7 F2 AF F5 E5 C6,speed=0.00
1779898825.669,0x200,8,AC 64 D7 AE 0B C6 29 9F,fuel=100.00
1779898825.805,0x300,8,02 E2 E3 76 F1 88 32 37,temp=42.00
1779898825.863,0x100,8,00 80 B5 AA 28 C7 91 48,speed=0.00
1779898825.979,0x200,8,36 64 E2 8C 37 9F 77 2B,fuel=100.00
1779898826.029,0x300,8,02 35 2F D8 07 A0 3F 72,temp=42.00
1779898826.137,0x100,8,00 C8 62 37 5E A3 5C 05,speed=0.00
1779898826.225,0x200,8,60 64 46 95 C4 A2 E5 0C,fuel=100.00
1779898826.347,0x300,8,02 1E F9 20 58 64 7C 79,temp=42.00
1779898826.410,0x100,8,00 1F 48 61 17 BE B1 54,speed=0.00
1779898826.537,0x200,8,98 64 FA 7B D7 EC B3 14,fuel=100.00
1779898826.603,0x300,8,02 AE B7 2A 8A 62 44 61,temp=42.00
1779898826.722,0x100,8,00 00 BF 22 B1 08 48 BE,speed=0.00
1779898826.794,0x200,8,A7 64 A3 5C BB 31 42 5A,fuel=100.00
1779898826.874,0x300,8,02 B6 CF 53 26 7D C7 E3,temp=42.00
1779898826.969,0x100,8,00 4A 03 11 54 2D EE 06,speed=0.00
1779898827.068,0x200,8,CA 64 D5 0D 6D 1A DC E0,fuel=100.00
1779898827.160,0x300,8,02 95 47 3C 90 C3 19 B6,temp=42.00
1779898827.285,0x100,8,00 15 A4 14 9B 4F D3 77,speed=0.00
1779898827.377,0x200,8,00 64 EA BF 49 24 9D 0E,fuel=100.00
1779898827.437,0x300,8,02 94 7E 7C 5C CA DC 01,temp=42.00
1779898827.528,0x100,8,00 F8 D0 95 89 45 56 77,speed=0.00
1779898827.641,0x200,8,84 64 3B 80 2F 7E C2 82,fuel=100.00
1779898827.718,0x300,8,02 16 67 80 33 97 9F 52,temp=42.00
1779898827.808,0x100,8,00 38 91 3B B6 F7 0C 4D,speed=0.00
1779898827.915,0x200,8,C7 64 C0 79 BD 11 1C A5,fuel=100.00
1779898828.012,0x300,8,02 46 09 DF 83 6F 2E 7E,temp=42.00
1779898828.097,0x100,8,00 54 ED 0D 10 F2 97 46,speed=0.00
1779898828.195,0x200,8,DC 64 50 7F 13 19 46 0B,fuel=100.00
1779898828.289,0x300,8,02 E4 B2 2C 2D 2D 18 A5,temp=42.00
1779898828.426,0x100,8,00 92 56 04 E2 B6 E9 88,speed=0.00
1779898828.481,0x200,8,8E 64 2B C9 2F 10 B0 5D,fuel=100.00
1779898828.573,0x300,8,02 66 50 35 2E B8 25 AD,temp=42.00
1779898828.670,0x100,8,00 A1 B3 F1 CB 14 14 43,speed=0.00
1779898828.756,0x200,8,9C 64 4C 6F 3B C2 B8 C7,fuel=100.00
1779898828.862,0x300,8,02 E0 4A 0D 94 AF 43 8F,temp=42.00
1779898828.974,0x100,8,00 22 6F B4 1D 33 D8 10,speed=0.00
1779898829.024,0x200,8,19 64 CC 47 64 FF 77 D8,fuel=100.00
1779898829.144,0x300,8,02 2A 06 A9 86 B0 FF B7,temp=42.00
1779898829.229,0x100,8,00 C8 F7 C9 BE 93 30 02,speed=0.00
1779898829.307,0x200,8,64 64 EB 5F AF A3 05 9A,fuel=100.00
1779898829.418,0x300,8,02 8E EA 7B E5 D6 80 E6,temp=42.00
1779898829.504,0x100,8,00 9C 6B 13 B6 79 3F 41,speed=0.00
1779898829.587,0x200,8,79 64 FB 80 F8 6A 4C 7B,fuel=100.00
1779898829.687,0x300,8,02 C9 72 A0 FB 20 51 C3,temp=42.00
1779898829.784,0x100,8,00 7E 03 BB 59 67 1A 93,speed=0.00
1779898829.883,0x200,8,FE 64 19 01 44 B4 3A 89,fuel=100.00
1779898829.993,0x300,8,02 80 07 82 88 71 3A 21,temp=42.00
1779898830.060,0x100,8,00 7B 8A 0C 02 3E EE 8E,speed=0.00
1779898830.158,0x200,8,37 64 7D 4A A9 2A EF 35,fuel=100.00
1779898830.253,0x300,8,02 3C 32 A3 C0 30 62 88,temp=42.00
1779898830.357,0x100,8,00 2F 7B E7 31 9E 56 A0,speed=0.00
1779898830.439,0x200,8,FE 64 B5 B4 30 B4 4C E0,fuel=100.00
1779898830.528,0x300,8,02 B8 AB 74 BC 4C 9E E2,temp=42.00
1779898830.627,0x100,8,00 3B EE 75 C0 CA 3C 91,speed=0.00
1779898830.714,0x200,8,4A 64 51 2D 99 8B 61 F4,fuel=100.00
1779898830.811,0x300,8,02 E2 E4 7D FA E2 C0 1C,temp=42.00
1779898830.935,0x100,8,00 E7 70 49 E4 2B 3A 38,speed=0.00
1779898831.017,0x200,8,60 64 37 C0 E2 9C 78 4B,fuel=100.00
1779898831.092,0x300,8,02 95 54 4E D7 FE 47 13,temp=42.00
1779898831.198,0x100,8,00 9D 2F A8 0C 38 1C 74,speed=0.00
1779898831.300,0x200,8,2B 64 98 F9 68 9C 7A E9,fuel=100.00
1779898831.380,0x300,8,02 A4 04 44 58 10 F8 1F,temp=42.00
1779898831.477,0x100,8,00 08 90 1F A4 99 6D 60,speed=0.00
1779898831.555,0x200,8,35 64 89 C1 2D 19 05 30,fuel=100.00
1779898831.655,0x300,8,02 AF FA B1 60 5B E0 4B,temp=42.00
1779898831.759,0x100,8,00 4F 5C 92 F4 10 71 9C,speed=0.00
1779898831.845,0x200,8,16 64 18 18 22 0C 50 56,fuel=100.00
1779898831.951,0x300,8,02 9A 70 DB 47 CE 2B 05,temp=42.00
1779898832.038,0x100,8,00 43 83 FD FF D5 53 51,speed=0.00
1779898832.154,0x200,8,1E 64 3C 3A 20 93 B6 62,fuel=100.00
1779898832.231,0x300,8,02 E7 F1 14 14 8E 5B A0,temp=42.00
1779898832.310,0x100,8,00 46 EB C1 BD E2 BD FF,speed=0.00
1779898832.426,0x200,8,E5 64 01 3A C8 26 F6 45,fuel=100.00
1779898832.503,0x300,8,02 E5 CB 88 24 86 A2 82,temp=42.00
1779898832.609,0x100,8,00 CA D5 46 FC BE 25 A5,speed=0.00
1779898832.685,0x200,8,9A 64 4B 6F F7 2A 4D 3F,fuel=100.00
1779898832.805,0x300,8,02 3C C9 61 24 85 F2 32,temp=42.00
1779898832.897,0x100,8,00 2B 54 77 29 1B 3D 44,speed=0.00
1779898832.973,0x200,8,C4 64 EF 58 86 79 8E 36,fuel=100.00
1779898833.093,0x300,8,02 B8 8A F6 0B 97 23 3E,temp=42.00
1779898833.167,0x100,8,00 B8 FE 52 D7 B8 79 B9,speed=0.00
1779898833.269,0x200,8,C5 64 48 DA 71 B0 CF 98,fuel=100.00
1779898833.355,0x300,8,02 4D D3 BB 4F 61 D4 3B,temp=42.00
1779898833.434,0x100,8,00 A6 E6 B3 48 F0 77 20,speed=0.00
1779898833.542,0x200,8,1B 64 D4 E9 01 E5 47 96,fuel=100.00
1779898833.621,0x300,8,02 BD EB 0B 09 83 2C 35,temp=42.00
1779898833.731,0x100,8,00 9C C4 83 B5 8F E8 32,speed=0.00
1779898833.814,0x200,8,2C 64 F8 6A 13 1A 38 4C,fuel=100.00
1779898833.919,0x300,8,02 ED 1C 70 B7 E6 89 52,temp=42.00
1779898834.000,0x100,8,00 35 D8 A0 9B 65 04 1B,speed=0.00
1779898834.109,0x200,8,9F 64 CB 58 4F E2 22 51,fuel=100.00
1779898834.211,0x300,8,02 BC 9B 67 67 1E 20 B6,temp=42.00
1779898834.290,0x100,8,00 AC 0D B1 C5 A3 CF 2D,speed=0.00
1779898834.397,0x200,8,4F 64 54 26 F0 23 2A 96,fuel=100.00
1779898834.475,0x300,8,02 2A 1B D8 B5 50 7B EE,temp=42.00
1779898834.556,0x100,8,00 3A 15 23 AA CC DA 26,speed=0.00
1779898834.667,0x200,8,A5 64 38 11 C0 B8 80 90,fuel=100.00
1779898834.769,0x300,8,02 65 0E 4E 16 14 F2 78,temp=42.00
1779898834.863,0x100,8,00 88 0A F8 BF 0E 80 4B,speed=0.00
1779898834.975,0x200,8,DE 64 1F D1 6C 4B 76 E5,fuel=100.00
1779898835.047,0x300,8,02 4C DF AF 77 8E D1 7D,temp=42.00
1779898835.148,0x100,8,00 F9 00 E6 39 43 FF 1D,speed=0.00
1779898835.242,0x200,8,AD 64 2D 9A 67 25 21 A0,fuel=100.00
1779898835.325,0x300,8,02 FC E2 EC 97 C3 50 30,temp=42.00
1779898835.428,0x100,8,00 4F 5D 4D C1 4C 64 8B,speed=0.00
1779898835.548,0x200,8,FA 64 8D 72 41 62 56 FD,fuel=100.00
1779898835.619,0x300,8,02 B7 02 88 AF A4 2E 33,temp=42.00
1779898835.723,0x100,8,00 48 6F A9 DD B6 FC D4,speed=0.00
1779898835.792,0x200,8,6A 64 1B EC D6 65 EC 93,fuel=100.00
1779898835.917,0x300,8,02 BD AA FD AE C9 7A 2A,temp=42.00
1779898835.989,0x100,8,00 26 22 B1 3F 0E 23 7C,speed=0.00
1779898836.105,0x200,8,66 64 87 71 E6 87 4F 78,fuel=100.00
1779898836.177,0x300,8,02 EE 68 C8 40 E2 F7 96,temp=42.00
1779898836.281,0x100,8,00 31 B2 AA 40 32 4D AB,speed=0.00
1779898836.373,0x200,8,54 64 98 83 FE 19 42 7C,fuel=100.00
1779898836.455,0x300,8,02 27 6C 58 51 41 F3 DC,temp=42.00
1779898836.581,0x100,8,00 B3 2F DF 84 75 BE 2F,speed=0.00
1779898836.651,0x200,8,67 64 E6 B4 B0 98 3A 98,fuel=100.00
1779898836.734,0x300,8,02 CE BF 56 53 BB D6 D6,temp=42.00
1779898836.825,0x100,8,00 3D 99 CE 9C 18 31 14,speed=0.00
1779898836.925,0x200,8,AB 64 69 1A 12 7E 3C 6B,fuel=100.00
1779898837.050,0x300,8,02 BD 37 3F 16 27 23 11,temp=42.00
1779898837.128,0x100,8,00 CF 81 D7 66 6B 1A 4F,speed=0.00
1779898837.215,0x200,8,A1 64 72 FA 1A E9 01 13,fuel=100.00
1779898837.291,0x300,8,02 72 D0 7D BC C8 1A 35,temp=42.00
1779898837.389,0x100,8,00 CB 59 11 9B 80 0C BA,speed=0.00
1779898837.504,0x200,8,C5 64 1E 19 9B 04 F9 BE,fuel=100.00
1779898837.644,0x300,8,02 32 78 4F F0 2F 11 3B,temp=42.00
1779898837.671,0x100,8,00 6E 56 17 1E 88 CA 8A,speed=0.00
1779898837.770,0x200,8,2D 64 9B 65 12 90 C4 2A,fuel=100.00
1779898837.871,0x300,8,02 65 85 D8 07 32 0E 32,temp=42.00
1779898837.971,0x100,8,00 63 EF B8 E9 14 B2 6B,speed=0.00
1779898838.044,0x200,8,B8 64 AE F1 35 10 A4 A1,fuel=100.00
1779898838.150,0x300,8,02 2A 6F 5E 69 B5 38 8D,temp=42.00
1779898838.261,0x100,8,00 39 14 84 D5 C4 35 33,speed=0.00
1779898838.326,0x200,8,64 64 A3 EB B4 D2 D7 6B,fuel=100.00
1779898838.425,0x300,8,02 88 5E 29 B2 C3 BA DC,temp=42.00
1779898838.559,0x100,8,00 05 89 5F 77 F6 59 BC,speed=0.00
1779898838.635,0x200,8,F7 64 6C E3 35 84 1A 21,fuel=100.00
1779898838.713,0x300,8,02 42 F6 A1 AF 2F 50 72,temp=42.00
1779898838.811,0x100,8,00 6E 7B 34 42 75 82 7D,speed=0.00
1779898838.900,0x200,8,24 64 72 B1 14 FB A0 7C,fuel=100.00
1779898838.979,0x300,8,02 6C B2 62 5B 24 88 5E,temp=42.00
1779898839.080,0x100,8,00 2A 00 A3 4D 63 36 E8,speed=0.00
1779898839.189,0x200,8,2E 64 4E 34 C3 21 A9 C6,fuel=100.00
1779898839.269,0x300,8,02 01 FC 9A 7A 0E E3 8C,temp=42.00
1779898839.372,0x100,8,00 19 51 DC AD 71 7F C4,speed=0.00
1779898839.454,0x200,8,1D 64 6F 44 31 09 75 CF,fuel=100.00
1779898839.558,0x300,8,02 1D B6 D4 A9 D8 30 19,temp=42.00
1779898839.638,0x100,8,00 D6 9B 19 BF BF 56 05,speed=0.00
1779898839.743,0x200,8,15 64 15 4E 96 0D B2 A9,fuel=100.00
1779898839.841,0x300,8,02 CE ED D0 F4 9C 2E 36,temp=42.00
1779898839.922,0x100,8,00 A0 72 D1 A1 2A DD 6D,speed=0.00
1779898840.035,0x200,8,BC 64 58 69 34 7B 3D 56,fuel=100.00
1779898840.109,0x300,8,02 E5 2B B6 31 70 C4 32,temp=42.00
1779898840.232,0x100,8,00 8F C5 D6 17 9D B6 5D,speed=0.00
1779898840.306,0x200,8,CE 64 45 30 F8 24 73 64,fuel=100.00
1779898840.417,0x300,8,02 0F B3 51 9B 86 FC 00,temp=42.00
1779898840.493,0x100,8,00 DB D2 34 AF D8 F5 20,speed=0.00
1779898840.587,0x200,8,82 64 FD 6C C3 B7 EB FD,fuel=100.00
1779898840.670,0x300,8,02 64 14 64 6E B3 C8 95,temp=42.00
1779898840.769,0x100,8,00 E7 D0 B2 07 1A 2D 13,speed=0.00
1779898840.874,0x200,8,0D 64 6A 68 EC 6E 91 3C,fuel=100.00
1779898840.951,0x300,8,02 31 5E C0 05 C2 7F A2,temp=42.00
1779898841.070,0x100,8,00 0D D2 C2 81 32 90 94,speed=0.00
1779898841.145,0x200,8,3F 64 5B D7 74 48 3E C6,fuel=100.00
1779898841.251,0x300,8,02 D8 54 43 F8 BC AD 90,temp=42.00
1779898841.340,0x100,8,00 21 F3 19 37 4B BB 70,speed=0.00
1779898841.419,0x200,8,93 64 0C 37 2C 45 01 20,fuel=100.00
1779898841.536,0x300,8,02 1A 3F A1 B8 9B 8F 1A,temp=42.00
1779898841.634,0x100,8,00 0D 46 B8 B0 20 7C 95,speed=0.00
1779898841.697,0x200,8,AD 64 62 C9 21 F9 75 0E,fuel=100.00
1779898841.811,0x300,8,02 3E DD 01 6E C1 D9 78,temp=42.00
1779898841.907,0x100,8,00 EA 67 0A 8E F1 9D 9B,speed=0.00
1779898841.993,0x200,8,B6 64 98 24 E2 10 A0 2B,fuel=100.00
1779898842.097,0x300,8,02 9D 7A AD 5D 82 9E 5F,temp=42.00
1779898842.172,0x100,8,00 8D 5A 14 63 BA A9 AE,speed=0.00
1779898842.259,0x200,8,4E 64 21 32 B4 6A 3D 3E,fuel=100.00
1779898842.355,0x300,8,02 1B EB 16 03 D7 DC 22,temp=42.00
1779898842.456,0x100,8,00 34 93 33 26 71 D8 AC,speed=0.00
1779898842.551,0x200,8,54 64 C3 6E 0B 0B F1 1E,fuel=100.00
1779898842.645,0x300,8,02 DB 3F 1C 55 94 C3 43,temp=42.00
1779898842.753,0x100,8,00 B9 36 6A 1B 88 F4 B3,speed=0.00
1779898842.824,0x200,8,60 64 58 50 60 77 28 2B,fuel=100.00
1779898842.923,0x300,8,02 FD 25 0A 6F 7C 22 AE,temp=42.00
1779898843.027,0x100,8,00 14 C1 0B CE FC 2D D0,speed=0.00
1779898843.127,0x200,8,DD 64 73 C7 A7 3B F3 C9,fuel=100.00
1779898843.201,0x300,8,02 84 B7 7F 16 E2 BE F6,temp=42.00
1779898843.295,0x100,8,00 32 FE E1 DC B3 C4 21,speed=0.00
1779898843.387,0x200,8,53 64 86 22 FF 96 42 E8,fuel=100.00
1779898843.484,0x300,8,02 4C 33 44 F2 D1 72 78,temp=42.00
1779898843.600,0x100,8,00 59 A8 CB 7F F1 FE BB,speed=0.00
1779898843.696,0x200,8,75 64 D5 79 5A 90 EC D4,fuel=100.00
1779898843.782,0x300,8,02 60 2F 5D 1B 11 52 9F,temp=42.00
1779898843.852,0x100,8,00 C2 25 0B 04 54 27 81,speed=0.00
1779898843.971,0x200,8,87 64 46 1F EF 19 3A E1,fuel=100.00
1779898844.044,0x300,8,02 C5 F0 04 51 2C F7 91,temp=42.00
1779898844.139,0x100,8,00 5A 7F C5 83 C0 8B FB,speed=0.00
1779898844.234,0x200,8,3B 64 FD 0C 19 B7 94 4E,fuel=100.00
1779898844.322,0x300,8,02 88 4F A3 27 7D B8 1A,temp=42.00
1779898844.442,0x100,8,00 91 BA 84 CE 13 08 06,speed=0.00
1779898844.519,0x200,8,05 64 64 39 40 7A 54 FA,fuel=100.00
1779898844.613,0x300,8,02 B4 6E BD 1D C8 A2 03,temp=42.00
1779898844.718,0x100,8,00 2C AA C1 67 01 62 49,speed=0.00
1779898844.804,0x200,8,7B 64 53 9E A3 51 88 4A,fuel=100.00
1779898844.905,0x300,8,02 E3 D9 64 94 34 99 4F,temp=42.00
1779898845.008,0x100,8,00 3B 50 D5 10 7A 05 F8,speed=0.00
1779898845.073,0x200,8,35 64 36 CF CA 52 7A 99,fuel=100.00
1779898845.176,0x300,8,02 3A 46 6A D1 96 49 A3,temp=42.00
1779898845.266,0x100,8,00 9A D0 7D 7D 93 B0 1E,speed=0.00
1779898845.355,0x200,8,61 64 F8 98 65 3C DE 2C,fuel=100.00
1779898845.457,0x300,8,02 9D DE 89 BA 8B CD 45,temp=42.00
1779898845.599,0x100,8,00 A5 74 E7 1A 18 24 FF,speed=0.00
1779898845.641,0x200,8,52 64 19 AE 69 4E 8C 0C,fuel=100.00
1779898845.745,0x300,8,02 0B 07 3A DF EF DB 03,temp=42.00
1779898845.827,0x100,8,00 59 32 63 18 F4 3B FF,speed=0.00
1779898845.923,0x200,8,6E 64 4D 3D C6 3C 01 59,fuel=100.00
1779898846.022,0x300,8,02 F0 F5 EA 00 87 02 86,temp=42.00
1779898846.107,0x100,8,00 11 85 74 D6 EC D7 34,speed=0.00
1779898846.223,0x200,8,99 64 97 9A 64 BC 5E 4E,fuel=100.00
1779898846.308,0x300,8,02 C3 32 E5 14 14 F4 4F,temp=42.00
1779898846.394,0x100,8,00 BD 64 35 AD BC 1D 4C,speed=0.00
1779898846.499,0x200,8,C7 64 97 04 3E 11 A2 DF,fuel=100.00
1779898846.592,0x300,8,02 CD 16 A8 78 B4 F8 58,temp=42.00
1779898846.675,0x100,8,00 E8 F5 A3 8C 79 24 7C,speed=0.00
1779898846.776,0x200,8,F1 64 04 9F 25 A4 09 74,fuel=100.00
1779898846.872,0x300,8,02 0F 54 20 DF CB 6C CF,temp=42.00
1779898846.956,0x100,8,00 BC 77 8E 03 F1 64 D1,speed=0.00
1779898847.041,0x200,8,6D 64 6E 28 C5 F4 FC 97,fuel=100.00
1779898847.167,0x300,8,02 51 D5 F6 56 83 72 CE,temp=42.00
1779898847.244,0x100,8,00 40 FB 21 18 5F C6 EC,speed=0.00
1779898847.338,0x200,8,99 64 6F 37 6E 23 68 76,fuel=100.00
1779898847.444,0x300,8,02 E8 B8 9E 8B BB E7 C3,temp=42.00
1779898847.523,0x100,8,00 28 3E 3D CF 13 E0 3F,speed=0.00
1779898847.669,0x200,8,06 64 92 47 27 4B 9E A2,fuel=100.00
1779898847.722,0x300,8,02 C0 63 32 E4 64 C8 41,temp=42.00
1779898847.803,0x100,8,00 9F 00 C1 85 40 D4 AB,speed=0.00
1779898847.899,0x200,8,D3 64 5B 16 8A 3A 27 D8,fuel=100.00
1779898848.005,0x300,8,02 33 1B 92 E4 0F 8D 30,temp=42.00
1779898848.078,0x100,8,00 F5 5C ED 5B A0 18 9B,speed=0.00
1779898848.179,0x200,8,74 64 6F 5E 86 56 56 C6,fuel=100.00
1779898848.270,0x300,8,02 1F 6E C7 DA 4C FA 4D,temp=42.00
1779898848.382,0x100,8,00 68 77 A9 16 6F D9 B5,speed=0.00
1779898848.471,0x200,8,E5 64 F6 DD FC 93 CD B1,fuel=100.00
1779898848.573,0x300,8,02 9A 45 60 F8 FD B5 33,temp=42.00
1779898848.648,0x100,8,00 B3 72 59 6D C2 B9 0F,speed=0.00
1779898848.735,0x200,8,23 64 A1 D5 E1 01 9A E7,fuel=100.00
1779898848.834,0x300,8,02 4D 40 68 08 31 42 CB,temp=42.00
1779898848.933,0x100,8,00 69 B9 F5 DD 74 67 F6,speed=0.00
1779898849.038,0x200,8,61 64 3D BD CC 13 B7 8A,fuel=100.00
1779898849.107,0x300,8,02 BD FB 21 41 B4 0C 3C,temp=42.00
1779898849.217,0x100,8,00 B0 BD 0A FC 49 AD E4,speed=0.00
1779898849.313,0x200,8,CC 64 97 2C EA 11 BF 52,fuel=100.00
1779898849.389,0x300,8,02 D8 5B 7F 2D 0E 3B BD,temp=42.00
1779898849.502,0x100,8,00 9C DE CC 3B 48 74 55,speed=0.00
1779898849.591,0x200,8,A3 64 5F EF 8E 24 1D 7D,fuel=100.00
1779898849.694,0x300,8,02 31 7B 99 73 DC CD 28,temp=42.00
1779898849.778,0x100,8,00 58 B9 39 B1 58 B2 E1,speed=0.00
1779898849.879,0x200,8,24 64 65 8F 8B 7A 50 03,fuel=100.00
1779898849.981,0x300,8,02 42 94 4F FA 61 26 40,temp=42.00
1779898850.074,0x100,8,00 C3 32 43 06 CC 65 FB,speed=0.00
1779898850.157,0x200,8,4C 64 F1 A0 2F 73 CB 43,fuel=100.00
1779898850.260,0x300,8,02 78 32 B0 66 D4 7C 29,temp=42.00
1779898850.341,0x100,8,00 21 83 5B FA 6B 32 A6,speed=0.00
1779898850.432,0x200,8,7D 64 E9 18 4A 72 EF 22,fuel=100.00
1779898850.530,0x300,8,02 A0 C5 64 C4 2F 52 5D,temp=42.00
1779898850.624,0x100,8,00 9A 79 0E 0C 31 F7 E1,speed=0.00
1779898850.721,0x200,8,3E 64 AA F7 AF 2B 96 B3,fuel=100.00
1779898850.808,0x300,8,02 DB AC 8F 22 2A 7F A3,temp=42.00
1779898850.912,0x100,8,00 20 31 84 AB 8F C5 33,speed=0.00
1779898851.024,0x200,8,D1 64 84 09 CD 92 38 54,fuel=100.00
1779898851.089,0x300,8,02 F8 A3 BC DD 51 06 A1,temp=42.00
1779898851.197,0x100,8,00 37 58 0F 97 F3 18 8E,speed=0.00
1779898851.299,0x200,8,6E 64 D7 6D F8 A7 96 FC,fuel=100.00
1779898851.390,0x300,8,02 F1 62 32 D1 98 B3 32,temp=42.00
1779898851.471,0x100,8,00 3B 45 B1 C8 84 75 FA,speed=0.00
1779898851.586,0x200,8,CF 64 84 05 9E 96 5E CF,fuel=100.00
1779898851.666,0x300,8,02 59 39 50 CA 27 9B E9,temp=42.00
1779898851.758,0x100,8,00 28 7E FB CC 2A 00 A0,speed=0.00
1779898851.844,0x200,8,6F 64 33 69 10 93 9F BF,fuel=100.00
1779898851.959,0x300,8,02 D7 D4 DF 2D 77 F9 E5,temp=42.00
1779898852.052,0x100,8,00 93 6D B3 51 CC 94 7C,speed=0.00
1779898852.125,0x200,8,0B 64 DE 40 EF 72 A5 9E,fuel=100.00
1779898852.230,0x300,8,02 BD DA B3 CF B7 68 F4,temp=42.00
1779898852.312,0x100,8,00 FC 66 7B 92 59 42 9C,speed=0.00
1779898852.429,0x200,8,38 64 75 92 9D 2C 01 B0,fuel=100.00
1779898852.510,0x300,8,02 43 6D 55 75 A5 91 1C,temp=42.00
1779898852.608,0x100,8,00 CD A7 B8 4C 90 6B E8,speed=0.00
1779898852.704,0x200,8,D0 64 73 B3 9A DB 98 FD,fuel=100.00
1779898852.788,0x300,8,02 D3 4E 18 53 F6 41 C9,temp=42.00
1779898852.881,0x100,8,00 1F A6 27 83 64 7F C5,speed=0.00
1779898852.986,0x200,8,02 64 04 BF 8F C7 1C 63,fuel=100.00
1779898853.064,0x300,8,02 DD 5B CF F6 68 92 FD,temp=42.00
1779898853.180,0x100,8,00 93 17 4A 32 AE 1E FD,speed=0.00
1779898853.256,0x200,8,B2 64 11 62 D4 E8 11 18,fuel=100.00
1779898853.363,0x300,8,02 0C 0C 9D 2B 0A 17 7D,temp=42.00
1779898853.475,0x100,8,00 03 7C E9 4E 6A 80 78,speed=0.00
1779898853.550,0x200,8,8C 64 56 50 E7 A3 68 C4,fuel=100.00
1779898853.631,0x300,8,02 EE A1 FA A4 2F 48 C5,temp=42.00
1779898853.727,0x100,8,00 90 39 2B A2 61 9B AB,speed=0.00
1779898853.827,0x200,8,BB 64 0E 3B 6F 9A 83 CA,fuel=100.00
1779898853.918,0x300,8,02 21 B0 1D BC 16 64 C2,temp=42.00
1779898854.009,0x100,8,00 76 1A E5 89 12 2F 56,speed=0.00
1779898854.098,0x200,8,43 64 C3 27 C4 81 65 40,fuel=100.00
1779898854.196,0x300,8,02 66 F1 C4 FA 1F 18 1D,temp=42.00
1779898854.305,0x100,8,00 00 7C 7F 26 E6 AE D2,speed=0.00
1779898854.400,0x200,8,24 64 18 B9 74 FF 51 F7,fuel=100.00
1779898854.483,0x300,8,02 FB 53 42 89 EC D5 83,temp=42.00
1779898854.563,0x100,8,00 5E 75 6B E1 CC FC CC,speed=0.00
1779898854.659,0x200,8,7D 64 D8 FA 2B 0A 6C CA,fuel=100.00
1779898854.744,0x300,8,02 C0 0F CA C3 93 97 55,temp=42.00
1779898854.857,0x100,8,00 4D CA F7 54 A6 3C A0,speed=0.00
1779898854.958,0x200,8,E4 64 16 0F FD 27 C3 20,fuel=100.00
1779898855.035,0x300,8,02 5E 8A AC D4 A9 E5 6F,temp=42.00
1779898855.155,0x100,8,00 0D 3E B0 57 9C 9D 55,speed=0.00
1779898855.228,0x200,8,EF 64 BF ED B7 38 E9 97,fuel=100.00
1779898855.341,0x300,8,02 D3 45 9E 37 3B 0F 5B,temp=42.00
1779898855.418,0x100,8,00 5F CC 4B AE A6 14 9F,speed=0.00
1779898855.540,0x200,8,27 64 99 FA 34 21 C3 88,fuel=100.00
1779898855.606,0x300,8,02 59 62 A5 46 76 17 08,temp=42.00
1779898855.684,0x100,8,00 07 94 C4 C4 67 A0 71,speed=0.00
1779898855.805,0x200,8,84 64 26 B6 1C 06 53 2A,fuel=100.00
1779898855.874,0x300,8,02 98 AB FF 15 84 2F 35,temp=42.00
1779898855.974,0x100,8,00 80 A4 5E 20 A7 C0 04,speed=0.00
1779898856.084,0x200,8,F4 64 BC E0 89 33 AC 54,fuel=100.00
1779898856.161,0x300,8,02 14 20 12 F7 63 8D D3,temp=42.00
1779898856.269,0x100,8,00 71 EA B3 F1 E0 2D 5F,speed=0.00
1779898856.348,0x200,8,BA 64 90 4A F3 5F A4 2E,fuel=100.00
1779898856.449,0x300,8,02 A3 C2 F7 E1 36 51 EB,temp=42.00
1779898856.543,0x100,8,00 50 D8 C8 5B 4B 20 78,speed=0.00
1779898856.632,0x200,8,CD 64 06 2E 87 A0 B7 FC,fuel=100.00
1779898856.715,0x300,8,02 B5 2D 6C E0 84 BC D7,temp=42.00
1779898856.810,0x100,8,00 18 62 1C 90 9E 9A 4F,speed=0.00
1779898856.924,0x200,8,7C 64 85 EA DA 40 E0 54,fuel=100.00
1779898857.010,0x300,8,02 9F 04 70 A8 07 41 DC,temp=42.00
1779898857.104,0x100,8,00 76 71 B4 A9 20 D4 58,speed=0.00
1779898857.211,0x200,8,0C 64 03 12 D6 DC DF 90,fuel=100.00
1779898857.288,0x300,8,02 34 F7 36 78 67 B0 39,temp=42.00
1779898857.378,0x100,8,00 3A C3 16 37 FF 84 9E,speed=0.00
1779898857.489,0x200,8,84 64 7B 0D B5 31 A7 54,fuel=100.00
1779898857.555,0x300,8,02 A7 FF D1 D9 B3 5D 10,temp=42.00
1779898857.660,0x100,8,00 BA 19 7F C3 E1 84 36,speed=0.00
1779898857.748,0x200,8,9D 64 18 0D 9F 51 C3 BD,fuel=100.00
1779898857.863,0x300,8,02 43 0C 57 17 06 8C BD,temp=42.00
1779898857.943,0x100,8,00 63 B2 6E 2B C7 37 39,speed=0.00
1779898858.041,0x200,8,94 64 5B DD 01 94 47 56,fuel=100.00
1779898858.119,0x300,8,02 1F 25 3B 54 B6 DB E2,temp=42.00
1779898858.232,0x100,8,00 1C 71 7C DD D9 B4 6D,speed=0.00
1779898858.339,0x200,8,82 64 97 78 16 10 28 19,fuel=100.00
1779898858.412,0x300,8,02 BB 72 65 A5 04 CE 20,temp=42.00
1779898858.518,0x100,8,00 1A 72 C9 92 17 9A B2,speed=0.00
1779898858.597,0x200,8,DE 64 95 66 4B 90 13 A6,fuel=100.00
1779898858.688,0x300,8,02 93 29 D3 23 86 60 E8,temp=42.00
1779898858.804,0x100,8,00 29 8E A0 39 51 CD 1D,speed=0.00
1779898858.874,0x200,8,C5 64 FE 3E C0 1A 5E F4,fuel=100.00
1779898858.981,0x300,8,02 90 B4 DC F6 01 3F 44,temp=42.00
1779898859.070,0x100,8,00 89 8E 2A 0B D1 80 75,speed=0.00
1779898859.161,0x200,8,13 64 AD 52 7A 7E 5E 02,fuel=100.00
1779898859.247,0x300,8,02 1D 81 88 26 C3 38 6C,temp=42.00
1779898859.348,0x100,8,00 9E 34 32 C4 E6 A8 67,speed=0.00
1779898859.462,0x200,8,8B 64 70 D0 35 48 2C EF,fuel=100.00
1779898859.561,0x300,8,02 9B C9 29 5D E5 20 3D,temp=42.00
1779898859.625,0x100,8,00 B5 C0 40 F8 BF 03 C4,speed=0.00
1779898859.722,0x200,8,09 64 09 64 37 7D F5 2F,fuel=100.00
1779898859.834,0x300,8,02 B5 1C E8 E3 9E BB 18,temp=42.00
1779898859.916,0x100,8,00 89 69 5D 02 2E 8F 32,speed=0.00
1779898860.000,0x200,8,76 64 D7 3F FE CE 6D 46,fuel=100.00
1779898860.098,0x300,8,02 4D 84 D5 01 3E A4 FE,temp=42.00
1779898860.213,0x100,8,00 7C 95 7B 81 1F 45 F0,speed=0.00
1779898860.307,0x200,8,0F 64 FC 1E 64 1A 93 46,fuel=100.00
1779898860.378,0x300,8,02 EE 83 CE 2D 14 AC 6A,temp=42.00
1779898860.484,0x100,8,00 3A EC 98 9A 8F 08 C4,speed=0.00
1779898860.569,0x200,8,61 64 09 6E 47 39 B2 47,fuel=100.00
1779898860.654,0x300,8,02 7C B8 6C 4D E9 BC 79,temp=42.00
1779898860.781,0x100,8,00 A3 81 88 7C F3 2D CC,speed=0.00
1779898860.837,0x200,8,C1 64 C0 46 74 CC 7D C3,fuel=100.00
1779898860.935,0x300,8,02 B6 20 8F B7 B5 D3 D6,temp=42.00
1779898861.031,0x100,8,00 7F EF 75 26 F6 FD 60,speed=0.00
1779898861.125,0x200,8,34 64 65 37 3C 6D 7E DC,fuel=100.00
1779898861.238,0x300,8,02 5C E7 F6 86 F2 AC 22,temp=42.00
1779898861.317,0x100,8,00 48 0F 29 E0 C4 C4 D7,speed=0.00
1779898861.401,0x200,8,05 64 FB EE 68 56 DA 0C,fuel=100.00
1779898861.512,0x300,8,02 BA AF 20 8B 59 32 34,temp=42.00
1779898861.588,0x100,8,00 CA 64 88 86 B7 4F A9,speed=0.00
1779898861.688,0x200,8,E0 64 D5 68 84 F6 4B 7C,fuel=100.00
1779898861.795,0x300,8,02 3D 56 25 58 35 50 7B,temp=42.00
1779898861.897,0x100,8,00 36 91 F1 6C 86 25 47,speed=0.00
1779898861.993,0x200,8,B0 64 74 A0 66 41 0C 6D,fuel=100.00
1779898862.069,0x300,8,02 38 61 96 8E 79 17 15,temp=42.00
1779898862.180,0x100,8,00 84 BF FB E8 CB 42 47,speed=0.00
1779898862.261,0x200,8,53 64 85 D5 86 4A 9C 8A,fuel=100.00
1779898862.358,0x300,8,02 7F 0A 5E 57 AB BA 3E,temp=42.00
1779898862.447,0x100,8,00 42 BC E9 C8 00 25 25,speed=0.00
1779898862.539,0x200,8,6A 64 5B 22 04 49 BD DB,fuel=100.00
1779898862.639,0x300,8,02 98 11 1B 73 B1 06 0C,temp=42.00
1779898862.732,0x100,8,00 75 13 39 FC 8B CD 4C,speed=0.00
1779898862.823,0x200,8,A0 64 7A CD 69 E0 EF 44,fuel=100.00
1779898862.928,0x300,8,02 FA 05 1F B8 6B 02 A4,temp=42.00
1779898863.009,0x100,8,00 4C 58 3E 30 0B D4 1B,speed=0.00
1779898863.126,0x200,8,2B 64 B1 FF 07 98 C4 9E,fuel=100.00
1779898863.202,0x300,8,02 82 7F 43 78 3F 0C C8,temp=42.00
1779898863.276,0x100,8,00 2F 21 30 FB F1 F2 EB,speed=0.00
1779898863.376,0x200,8,97 64 41 69 7E C6 14 97,fuel=100.00
1779898863.503,0x300,8,02 7B 50 22 F7 5D AA 7C,temp=42.00
1779898863.588,0x100,8,00 BD 89 41 47 7B 77 CF,speed=0.00
1779898863.652,0x200,8,67 64 73 17 EB E1 3E 49,fuel=100.00
1779898863.751,0x300,8,02 EB 18 CB 2A D6 4A 51,temp=42.00
1779898863.856,0x100,8,00 B0 ED 64 0F 5C CE 6A,speed=0.00
1779898863.946,0x200,8,7D 64 59 F2 F7 23 4E 0B,fuel=100.00
1779898864.066,0x300,8,02 98 32 1B 93 70 34 82,temp=42.00
1779898864.135,0x100,8,00 7F 98 EE 61 CF 29 24,speed=0.00
1779898864.232,0x200,8,0F 64 67 BE EF 34 9A 69,fuel=100.00
1779898864.308,0x300,8,02 87 6E D7 4B 0B A5 73,temp=42.00
1779898864.404,0x100,8,00 34 1D D5 1F F7 9C F8,speed=0.00
1779898864.523,0x200,8,C3 64 8A A7 EA 9C 78 AF,fuel=100.00
1779898864.604,0x300,8,02 71 1C FA C5 A0 F5 EF,temp=42.00
1779898864.704,0x100,8,00 C5 DD 6E 39 62 19 8E,speed=0.00
1779898864.808,0x200,8,DE 64 BE D9 3D 8B 24 D6,fuel=100.00
1779898864.876,0x300,8,02 A9 6F 51 20 4E 7F 4E,temp=42.00
1779898864.992,0x100,8,00 C8 59 2E 25 46 15 2A,speed=0.00
1779898865.072,0x200,8,A2 64 FD 06 6B 9C BD 0D,fuel=100.00
1779898865.178,0x300,8,02 3C 4C 0A 64 B3 BA FE,temp=42.00
1779898865.275,0x100,8,00 35 13 10 95 43 58 A3,speed=0.00
1779898865.353,0x200,8,8B 64 C1 4B FD 57 8C 79,fuel=100.00
1779898865.441,0x300,8,02 07 9A 2F 45 CD A8 70,temp=42.00
1779898865.540,0x100,8,00 90 D0 F0 02 88 F4 1C,speed=0.00
1779898865.639,0x200,8,17 64 6B 59 2D 68 6B C8,fuel=100.00
1779898865.744,0x300,8,02 90 73 82 E7 47 3E E2,temp=42.00
1779898865.819,0x100,8,00 AD 73 3B 6C 28 DC 0A,speed=0.00
1779898865.912,0x200,8,85 64 5C 8E 07 CE DC B3,fuel=100.00
1779898866.025,0x300,8,02 2A 11 5F 73 BB 66 2A,temp=42.00
1779898866.097,0x100,8,00 37 E7 3E 06 1D 73 7F,speed=0.00
1779898866.212,0x200,8,88 64 96 15 E5 99 7B 95,fuel=100.00
1779898866.282,0x300,8,02 54 6D DD 0D C9 94 B6,temp=42.00
1779898866.373,0x100,8,00 51 A9 F3 6B BB AB 65,speed=0.00
1779898866.497,0x200,8,4E 64 A9 E2 54 20 47 64,fuel=100.00
1779898866.563,0x300,8,02 D9 3C E4 0A 05 FF D7,temp=42.00
1779898866.659,0x100,8,00 DB 94 07 DA E4 1D 0B,speed=0.00
1779898866.751,0x200,8,42 64 7C AD AA CB F7 DC,fuel=100.00
1779898866.857,0x300,8,02 66 4E A6 76 65 F1 3E,temp=42.00
1779898866.933,0x100,8,00 A3 38 E9 E6 C8 E4 62,speed=0.00
1779898867.036,0x200,8,81 64 81 FB DE CA C9 63,fuel=100.00
1779898867.123,0x300,8,02 0B F2 63 7B 71 C5 F9,temp=42.00
1779898867.236,0x100,8,00 DA 78 D5 FF FC 92 B6,speed=0.00
1779898867.309,0x200,8,3C 64 58 9B 52 62 B9 E8,fuel=100.00
1779898867.416,0x300,8,02 EC 87 C0 5C 0A BF 60,temp=42.00
1779898867.525,0x100,8,00 66 84 6A EA 22 DF 2F,speed=0.00
1779898867.619,0x200,8,17 64 56 D3 98 9C CD 8A,fuel=100.00
1779898867.691,0x300,8,02 9A FE B5 59 9B A8 78,temp=42.00
1779898867.783,0x100,8,00 6B 49 5E 44 CE 1A DD,speed=0.00
1779898867.881,0x200,8,28 64 48 34 F4 98 59 BD,fuel=100.00
1779898867.992,0x300,8,02 8A 16 D6 58 8F 53 0B,temp=42.00
1779898868.059,0x100,8,00 E7 23 12 3D 58 E6 BF,speed=0.00
1779898868.164,0x200,8,5F 64 A8 F6 FF 7F 0A 00,fuel=100.00
1779898868.246,0x300,8,02 DD BF F0 68 CC 43 CA,temp=42.00
1779898868.341,0x100,8,00 24 6B 60 B7 A0 93 89,speed=0.00
1779898868.451,0x200,8,C7 64 BD 15 8D 06 92 48,fuel=100.00
1779898868.548,0x300,8,02 E7 F6 CD C2 2D 7B 51,temp=42.00
1779898868.634,0x100,8,00 7E F1 27 85 25 D4 54,speed=0.00
1779898868.720,0x200,8,25 64 2D 36 C3 DA FE 59,fuel=100.00
1779898868.817,0x300,8,02 6F 4F 4B 64 52 C4 AF,temp=42.00
1779898868.928,0x100,8,00 37 A2 3D BA E6 8A 39,speed=0.00
1779898869.004,0x200,8,C9 64 CF EE 31 50 27 00,fuel=100.00
1779898869.113,0x300,8,02 6F 55 61 06 6A 51 20,temp=42.00
1779898869.199,0x100,8,00 CD DA B4 A1 19 28 9E,speed=0.00
1779898869.310,0x200,8,33 64 7E 12 2F 48 22 4D,fuel=100.00
1779898869.378,0x300,8,02 2E 37 39 73 35 EF 0E,temp=42.00
1779898869.533,0x100,8,00 EE FA 73 0C DD 22 CB,speed=0.00
1779898869.573,0x200,8,12 64 9D B6 06 36 68 7D,fuel=100.00
1779898869.655,0x300,8,02 7A 25 12 ED 66 16 6D,temp=42.00
1779898869.761,0x100,8,00 D4 0B 8D 02 2D DB D4,speed=0.00
1779898869.841,0x200,8,BD 64 9C 70 AC EE 47 EF,fuel=100.00
1779898869.941,0x300,8,02 BB 2D 31 50 EA 13 9A,temp=42.00
1779898870.058,0x100,8,00 40 C3 7A 7A 53 AB B6,speed=0.00
1779898870.129,0x200,8,95 64 F6 24 A7 9F CB 04,fuel=100.00
1779898870.253,0x300,8,02 16 A2 D0 ED 26 67 2E,temp=42.00
1779898870.342,0x100,8,00 13 F5 93 39 7D E2 01,speed=0.00
1779898870.433,0x200,8,96 64 48 CA FE 6C 2E 4B,fuel=100.00
1779898870.525,0x300,8,02 72 84 1E EC F0 7C 1A,temp=42.00
1779898870.595,0x100,8,00 DF 66 47 4D 34 F6 FB,speed=0.00
1779898870.721,0x200,8,FC 64 14 1B 5C 51 BC E4,fuel=100.00
1779898870.795,0x300,8,02 94 84 80 09 DA AC E1,temp=42.00
1779898870.885,0x100,8,00 EF 32 C9 8A 48 9E 51,speed=0.00
1779898870.967,0x200,8,1A 64 67 DB 2E DE 27 24,fuel=100.00
1779898871.058,0x300,8,02 D6 9A 30 27 EC FE F0,temp=42.00
1779898871.173,0x100,8,00 DB 74 03 75 44 67 A8,speed=0.00
1779898871.254,0x200,8,53 64 84 7E 90 EC D8 69,fuel=100.00
1779898871.371,0x300,8,02 59 30 25 7A 7C 7B 2B,temp=42.00
1779898871.466,0x100,8,00 89 91 D1 56 85 F8 CF,speed=0.00
1779898871.556,0x200,8,4F 64 AD 22 3F DE 53 C3,fuel=100.00
1779898871.628,0x300,8,02 23 52 DE 33 38 86 48,temp=42.00
1779898871.722,0x100,8,00 13 84 59 C4 EE 77 A4,speed=0.00
1779898871.818,0x200,8,F9 64 50 DB 37 6F 98 61,fuel=100.00
1779898871.917,0x300,8,02 E8 7F E2 1C DE DD 03,temp=42.00
1779898872.025,0x100,8,00 C4 4F 2A 63 1A 4E 90,speed=0.00
1779898872.105,0x200,8,F8 64 AD 09 30 4F C3 AE,fuel=100.00
1779898872.203,0x300,8,02 95 4A 5A 96 2E 57 F2,temp=42.00
1779898872.283,0x100,8,00 B9 89 E5 1C 1E 1B F1,speed=0.00
1779898872.380,0x200,8,F0 64 DF B0 0D FD B7 45,fuel=100.00
1779898872.503,0x300,8,02 DC F0 0B 84 0C 6F EB,temp=42.00
1779898872.570,0x100,8,00 D6 A3 B4 19 8F B1 C7,speed=0.00
1779898872.655,0x200,8,A3 64 04 74 99 F2 21 4A,fuel=100.00
1779898872.750,0x300,8,02 46 80 3B AE 88 DD 68,temp=42.00
1779898872.863,0x100,8,00 EE 9C 78 A2 9C 5A CD,speed=0.00
1779898872.943,0x200,8,C7 64 8F BA 51 EF A9 C9,fuel=100.00
1779898873.027,0x300,8,02 8F 46 72 4C 7D B9 C5,temp=42.00
1779898873.139,0x100,8,00 82 B7 97 B6 45 1A 51,speed=0.00
1779898873.220,0x200,8,09 64 6F 95 98 04 2B EA,fuel=100.00
1779898873.322,0x300,8,02 69 E0 8A E8 5E 8D 62,temp=42.00
1779898873.404,0x100,8,00 7A 97 13 70 B5 F1 20,speed=0.00
1779898873.521,0x200,8,EB 64 F0 5B B5 96 37 DE,fuel=100.00
1779898873.594,0x300,8,02 25 DD FC 29 D5 67 44,temp=42.00
1779898873.689,0x100,8,00 7B 9C 4E 7B 71 40 41,speed=0.00
1779898873.785,0x200,8,9D 64 25 2C 1B 8C 48 0C,fuel=100.00
1779898873.877,0x300,8,02 0B 0C 7A DD CD 3C 2E,temp=42.00
1779898873.961,0x100,8,00 DD EE 54 4C 5D E5 FD,speed=0.00
1779898874.089,0x200,8,35 64 0C 2D 80 04 E2 88,fuel=100.00
1779898874.175,0x300,8,02 7B 82 20 1B 44 4C 95,temp=42.00
1779898874.291,0x100,8,00 04 8B 18 2D AE 5C 05,speed=0.00
1779898874.379,0x200,8,25 64 90 35 7F 53 39 C3,fuel=100.00
1779898874.474,0x300,8,02 C1 A7 D3 09 B4 10 4F,temp=42.00
1779898874.579,0x100,8,00 54 34 E8 ED 89 7C 22,speed=0.00
1779898874.641,0x200,8,26 64 81 09 EF 2E 1E 1E,fuel=100.00
1779898874.740,0x300,8,02 E9 45 56 23 38 ED B8,temp=42.00
1779898874.835,0x100,8,00 EB 33 25 35 61 4F 0D,speed=0.00
1779898874.928,0x200,8,FD 64 2E 7C A6 C5 3A B1,fuel=100.00
1779898875.046,0x300,8,02 AD 50 76 50 A4 AB 10,temp=42.00
1779898875.128,0x100,8,00 03 63 37 EF 3D 52 02,speed=0.00
1779898875.206,0x200,8,EA 64 6B 65 98 55 8A E5,fuel=100.00
1779898875.320,0x300,8,02 6D 8D 79 D7 A4 8A 44,temp=42.00
1779898875.397,0x100,8,00 06 04 36 D1 E1 F7 E6,speed=0.00
1779898875.520,0x200,8,0C 64 EF CB CF 51 37 02,fuel=100.00
1779898875.591,0x300,8,02 97 12 40 E3 11 91 38,temp=42.00
1779898875.697,0x100,8,00 DE F2 AD 54 BD 55 BE,speed=0.00
1779898875.761,0x200,8,44 64 F2 EF 41 C4 CE 0A,fuel=100.00
1779898875.872,0x300,8,02 F8 D7 85 E3 EF 73 71,temp=42.00
1779898875.973,0x100,8,00 4B 4F 50 A1 15 27 B2,speed=0.00
1779898876.051,0x200,8,5A 64 6C 97 25 69 8C 88,fuel=100.00
1779898876.142,0x300,8,02 D3 0B CD 2A 6E 10 52,temp=42.00
1779898876.228,0x100,8,00 CB 04 AD CF D9 86 73,speed=0.00
1779898876.346,0x200,8,CA 64 B4 9E 18 8E 02 D3,fuel=100.00
1779898876.425,0x300,8,02 D9 66 15 15 31 21 DF,temp=42.00
1779898876.517,0x100,8,00 5C 8E 72 D1 32 82 17,speed=0.00
1779898876.616,0x200,8,9D 64 A0 0E 17 B4 61 BD,fuel=100.00
1779898876.704,0x300,8,02 D9 4B FE 93 09 D6 5A,temp=42.00
1779898876.798,0x100,8,00 03 EB FD AE B2 0E 8B,speed=0.00
1779898876.896,0x200,8,7D 64 1B 84 67 9D 3B 4E,fuel=100.00
1779898876.985,0x300,8,02 F7 02 B5 DC 22 86 E4,temp=42.00
1779898877.103,0x100,8,00 98 DC 09 1D 53 67 3C,speed=0.00
1779898877.190,0x200,8,07 64 05 9E E7 0C 7E A1,fuel=100.00
1779898877.305,0x300,8,02 92 8B DA BA 05 FF 8C,temp=42.00
1779898877.383,0x100,8,00 A3 E7 23 81 C1 61 B4,speed=0.00
1779898877.466,0x200,8,8D 64 EF 8A 16 71 F6 1D,fuel=100.00
1779898877.578,0x300,8,02 AA E6 B4 2F A5 C7 57,temp=42.00
1779898877.656,0x100,8,00 BF 25 B1 DD A5 27 90,speed=0.00
1779898877.763,0x200,8,39 64 51 3D AF B3 BD DD,fuel=100.00
1779898877.838,0x300,8,02 21 7F 2F FD 03 3B 21,temp=42.00
1779898877.936,0x100,8,00 55 51 B0 1B 2C CC 71,speed=0.00
1779898878.027,0x200,8,87 64 6C B9 C5 8D C0 C0,fuel=100.00
1779898878.138,0x300,8,02 81 B5 3B FF B0 C8 F6,temp=42.00
1779898878.238,0x100,8,00 BC 54 3B FA DB 67 DE,speed=0.00
1779898878.326,0x200,8,9C 64 E8 EF 3B 30 D2 CB,fuel=100.00
1779898878.457,0x300,8,02 F6 D0 43 90 A8 5C 29,temp=42.00
1779898878.537,0x100,8,00 78 C1 03 B5 29 A5 37,speed=0.00
1779898878.608,0x200,8,D1 64 8F 60 24 87 66 8D,fuel=100.00
1779898878.711,0x300,8,02 04 A6 24 15 60 7D 2B,temp=42.00
1779898878.796,0x100,8,00 E9 AE 8E 8D D7 FB 60,speed=0.00
1779898878.892,0x200,8,E8 64 51 A7 E2 39 48 7F,fuel=100.00
1779898879.002,0x300,8,02 16 F4 BE 5E 8E 4C F6,temp=42.00
1779898879.078,0x100,8,00 8C 9B C7 D5 B0 83 30,speed=0.00
1779898879.194,0x200,8,3C 64 85 3E 50 BC 45 8A,fuel=100.00
1779898879.273,0x300,8,02 75 4E 00 AE 92 39 1F,temp=42.00
1779898879.347,0x100,8,00 71 87 CD 9A 8E F6 B2,speed=0.00
1779898879.444,0x200,8,B0 64 EE DA EB 9F E1 94,fuel=100.00
1779898879.542,0x300,8,02 37 04 67 B6 41 E6 47,temp=42.00
1779898879.639,0x100,8,00 A7 2C 4D A9 3E 20 E6,speed=0.00
1779898879.732,0x200,8,26 64 3A D8 1F B2 E0 02,fuel=100.00
1779898879.832,0x300,8,02 C9 94 6F EE A5 AA 58,temp=42.00
1779898879.905,0x100,8,00 55 66 50 74 74 8A 07,speed=0.00
1779898880.012,0x200,8,8B 64 D1 29 75 15 EA 43,fuel=100.00
1779898880.097,0x300,8,02 C8 C3 B1 9F 06 D8 E9,temp=42.00
1779898880.204,0x100,8,00 1B 47 43 93 55 B3 11,speed=0.00
1779898880.289,0x200,8,4B 64 28 B3 1B 44 04 13,fuel=100.00
1779898880.379,0x300,8,02 39 89 87 72 91 46 BC,temp=42.00
1779898880.481,0x100,8,00 A6 88 01 A7 36 88 9C,speed=0.00
1779898880.574,0x200,8,63 64 69 7C 2C 5B 8C 53,fuel=100.00
1779898880.690,0x300,8,02 D9 19 CB AD F8 27 7E,temp=42.00
1779898880.750,0x100,8,00 CD DF DC 5F 93 20 B5,speed=0.00
1779898880.842,0x200,8,88 64 21 FD AF 8E FB 15,fuel=100.00
1779898880.963,0x300,8,02 34 1C 05 A6 6E 93 DC,temp=42.00
1779898881.040,0x100,8,00 11 F6 27 1D 24 64 DF,speed=0.00
1779898881.141,0x200,8,12 64 49 25 E4 DF FD 4A,fuel=100.00
1779898881.224,0x300,8,02 3D 21 FC 4D 41 70 D5,temp=42.00
1779898881.308,0x100,8,00 FB 9A C5 6B A0 73 D3,speed=0.00
1779898881.432,0x200,8,BD 64 40 10 E7 96 08 D1,fuel=100.00
1779898881.527,0x300,8,02 A6 F3 B7 BB C9 B7 11,temp=42.00
1779898881.591,0x100,8,00 E8 0F CE 59 59 95 DD,speed=0.00
1779898881.707,0x200,8,AF 64 ED 09 79 99 25 70,fuel=100.00
1779898881.778,0x300,8,02 ED 2D 05 81 43 80 64,temp=42.00
1779898881.878,0x100,8,00 E3 25 F9 08 EB 25 9F,speed=0.00
1779898881.974,0x200,8,54 64 4B 98 19 4F 27 6B,fuel=100.00
1779898882.087,0x300,8,02 00 2A C8 E8 2A 3E F4,temp=42.00
1779898882.169,0x100,8,00 E5 8F 36 85 7A 41 FE,speed=0.00
1779898882.291,0x200,8,F4 64 8F 45 4D 0A 75 77,fuel=100.00
1779898882.402,0x300,8,02 05 3D 04 56 33 E3 3F,temp=42.00
1779898882.457,0x100,8,00 08 45 71 50 B2 D1 A2,speed=0.00
1779898882.561,0x200,8,CD 64 0C C9 D8 8A 48 2B,fuel=100.00
1779898882.640,0x300,8,02 97 46 6D 9F 02 01 9C,temp=42.00
1779898882.735,0x100,8,00 2A 36 57 78 1C 10 3E,speed=0.00
1779898882.839,0x200,8,8A 64 6C 2E F4 B7 4F BE,fuel=100.00
1779898882.944,0x300,8,02 7F 16 B3 02 C7 20 71,temp=42.00
1779898883.018,0x100,8,00 59 49 F4 F4 9A 03 9A,speed=0.00
1779898883.122,0x200,8,E2 64 2A 54 38 07 2F B7,fuel=100.00
1779898883.205,0x300,8,02 15 4F C6 AC 7E 69 33,temp=42.00
1779898883.303,0x100,8,00 BE 75 A3 3A 43 7B 7E,speed=0.00
1779898883.413,0x200,8,D7 64 89 2F D0 E4 A7 32,fuel=100.00
1779898883.523,0x300,8,02 AA D3 52 73 DF 78 EF,temp=42.00
1779898883.578,0x100,8,00 43 75 78 17 EA C9 D3,speed=0.00
1779898883.699,0x200,8,85 64 67 C5 7C 73 D4 60,fuel=100.00
1779898883.765,0x300,8,02 EA 0B 2E BD C1 CB 00,temp=42.00
1779898883.880,0x100,8,00 0F B7 05 7A F3 F7 EC,speed=0.00
1779898883.977,0x200,8,E0 64 C6 71 35 11 70 4D,fuel=100.00
1779898884.047,0x300,8,02 1B 17 C3 5D 88 A3 FE,temp=42.00
1779898884.168,0x100,8,00 5D 7C F0 A0 E1 6B 35,speed=0.00
1779898884.247,0x200,8,9E 64 B2 E8 75 ED D6 AF,fuel=100.00
1779898884.340,0x300,8,02 E8 C1 D3 C7 1F 6C 59,temp=42.00
1779898884.426,0x100,8,00 B8 4F 42 EF BD 90 9B,speed=0.00
1779898884.519,0x200,8,0F 64 75 E6 D0 3D A1 86,fuel=100.00
1779898884.625,0x300,8,02 85 3C 41 75 D8 2C 57,temp=42.00
1779898884.714,0x100,8,00 B9 58 A5 3B D5 81 9D,speed=0.00
1779898884.797,0x200,8,27 64 7F 68 CF 4C 14 9D,fuel=100.00
1779898884.891,0x300,8,02 2B DB 4E 1C 62 75 F3,temp=42.00
1779898885.000,0x100,8,00 A1 73 66 5A A5 F7 6A,speed=0.00
1779898885.098,0x200,8,81 64 51 1B 1A 0A CD DE,fuel=100.00
1779898885.180,0x300,8,02 C9 55 41 52 C9 3D EC,temp=42.00
1779898885.292,0x100,8,00 FF 46 3F 35 D4 14 D7,speed=0.00
1779898885.369,0x200,8,91 64 D4 4F A2 1E 52 CD,fuel=100.00
1779898885.476,0x300,8,02 99 07 42 2E 3C 84 99,temp=42.00
1779898885.569,0x100,8,00 AF 4A 72 C1 47 AF 16,speed=0.00
1779898885.660,0x200,8,8F 64 49 77 52 92 3E 05,fuel=100.00
1779898885.734,0x300,8,02 0B 3B 14 3A B3 F5 CC,temp=42.00
1779898885.844,0x100,8,00 CE 32 BF 21 17 00 50,speed=0.00
1779898885.935,0x200,8,1F 64 B2 C8 37 A0 8D 19,fuel=100.00
1779898886.034,0x300,8,02 FE FE 36 6E C4 03 45,temp=42.00
1779898886.116,0x100,8,00 30 36 90 00 B9 0D 07,speed=0.00
1779898886.219,0x200,8,00 64 90 5E DF 5A E4 DE,fuel=100.00
1779898886.297,0x300,8,02 21 B3 C8 97 71 FB A8,temp=42.00
1779898886.406,0x100,8,00 9C EE 84 38 D5 19 D1,speed=0.00
1779898886.533,0x200,8,6B 64 39 C2 61 76 61 94,fuel=100.00
1779898886.576,0x300,8,02 38 DB C1 3B 60 BE 1F,temp=42.00
1779898886.671,0x100,8,00 A7 6F 08 5E 3A 43 3B,speed=0.00
1779898886.801,0x200,8,21 64 84 92 DF DA C1 ED,fuel=100.00
1779898886.881,0x300,8,02 41 A7 B7 39 DF BB B9,temp=42.00
1779898886.956,0x100,8,00 6E A0 27 E6 B7 C3 CF,speed=0.00
1779898887.045,0x200,8,EE 64 C6 F7 D7 9D 25 0C,fuel=100.00
1779898887.169,0x300,8,02 19 02 EC A4 97 DF D1,temp=42.00
1779898887.252,0x100,8,00 64 11 D8 9E 40 BE A8,speed=0.00
1779898887.353,0x200,8,24 64 3A 81 2C 00 23 8A,fuel=100.00
1779898887.438,0x300,8,02 93 6E C6 E2 BE 07 4B,temp=42.00
1779898887.526,0x100,8,00 5B D0 CD 25 BB A5 CB,speed=0.00
1779898887.604,0x200,8,1C 64 18 CC 37 7C C6 F4,fuel=100.00
1779898887.710,0x300,8,02 20 95 43 3C AA 6E 16,temp=42.00
1779898887.812,0x100,8,00 3B 3C 76 C9 3F 35 16,speed=0.00
1779898887.895,0x200,8,A5 64 AE EA 1D EA 53 24,fuel=100.00
1779898888.026,0x300,8,02 58 A8 45 37 3B A6 B8,temp=42.00
1779898888.086,0x100,8,00 27 55 40 56 4D B6 9A,speed=0.00
1779898888.197,0x200,8,0F 64 7D A8 B3 11 DF 32,fuel=100.00
1779898888.275,0x300,8,02 A1 16 60 9B 78 70 93,temp=42.00
1779898888.357,0x100,8,00 B4 88 D3 22 35 3C 12,speed=0.00
1779898888.486,0x200,8,D0 64 39 25 B8 21 A3 D6,fuel=100.00
1779898888.558,0x300,8,02 4B 1C E2 DF 41 DB 27,temp=42.00
1779898888.656,0x100,8,00 D7 20 1D D3 00 13 5C,speed=0.00
1779898888.755,0x200,8,83 64 17 EB 18 F9 E6 4F,fuel=100.00
1779898888.825,0x300,8,02 5F FD D5 67 93 C6 C8,temp=42.00
1779898888.938,0x100,8,00 65 DB B3 5C 90 0E 54,speed=0.00
1779898889.018,0x200,8,9C 64 7E 6C F0 C4 08 7D,fuel=100.00
1779898889.130,0x300,8,02 7E BC 57 13 D0 8B C9,temp=42.00
1779898889.212,0x100,8,00 87 3D 20 9B 7D 21 C9,speed=0.00
1779898889.315,0x200,8,C3 64 C7 7A BB 9E 03 35,fuel=100.00
1779898889.391,0x300,8,02 5D 4B 3F 37 DC B9 26,temp=42.00
1779898889.501,0x100,8,00 9C 11 4E 9D 42 E8 65,speed=0.00
1779898889.589,0x200,8,66 64 C8 B3 AA 58 F6 BD,fuel=100.00
1779898889.690,0x300,8,02 A3 80 B2 2C C3 C2 B8,temp=42.00
1779898889.786,0x100,8,00 D5 F6 11 7E C0 A5 D5,speed=0.00
1779898889.884,0x200,8,CD 64 F6 3D E3 F6 A3 27,fuel=100.00
1779898889.964,0x300,8,02 79 92 91 33 E0 A0 23,temp=42.00
1779898890.048,0x100,8,00 A2 73 55 6D AE 08 1F,speed=0.00
1779898890.157,0x200,8,69 64 44 12 64 01 F2 12,fuel=100.00
1779898890.259,0x300,8,02 1E BE 5D 7E 78 BC A1,temp=42.00
1779898890.321,0x100,8,00 00 77 C9 70 2D 4D F9,speed=0.00
1779898890.422,0x200,8,56 64 6E 7F 7A 34 82 50,fuel=100.00
1779898890.519,0x300,8,02 DB E0 72 94 AF 01 7A,temp=42.00
1779898890.626,0x100,8,00 8C 9E B8 06 83 6D 7B,speed=0.00
1779898890.725,0x200,8,F3 64 A0 0E 05 12 95 D9,fuel=100.00
1779898890.827,0x300,8,02 FD F3 77 60 9F 28 5A,temp=42.00
1779898890.890,0x100,8,00 68 B1 47 8A D9 7E CD,speed=0.00
1779898891.006,0x200,8,05 64 88 F8 AE 21 2C 57,fuel=100.00
1779898891.090,0x300,8,02 81 35 F1 B4 43 F1 E9,temp=42.00
1779898891.204,0x100,8,00 9E A2 AF 69 59 F7 25,speed=0.00
1779898891.281,0x200,8,64 64 29 F2 4D FE 97 27,fuel=100.00
1779898891.386,0x300,8,02 7C 67 9B C7 DB 6A DA,temp=42.00
1779898891.475,0x100,8,00 1A FE 93 76 EC 05 2B,speed=0.00
1779898891.563,0x200,8,E9 64 2C 1F 0D 90 AA 99,fuel=100.00
1779898891.669,0x300,8,02 2E 5C 7F FC EB 0D EF,temp=42.00
1779898891.748,0x100,8,00 7D D2 6A 67 0E F6 A4,speed=0.00
1779898891.854,0x200,8,56 64 92 67 3A FF C9 D8,fuel=100.00
1779898891.960,0x300,8,02 98 4C 33 04 47 0A D8,temp=42.00
1779898892.033,0x100,8,00 F9 B3 81 31 22 E2 5C,speed=0.00
1779898892.132,0x200,8,C0 64 28 C9 1F F9 3D 5A,fuel=100.00
1779898892.231,0x300,8,02 8B C3 1F 08 AA ED 4A,temp=42.00
1779898892.326,0x100,8,00 90 58 ED 10 C4 6F FD,speed=0.00
1779898892.424,0x200,8,42 64 FF 14 38 CE E7 EE,fuel=100.00
1779898892.553,0x300,8,02 6E E7 B1 CC F2 AD D8,temp=42.00
1779898892.599,0x100,8,00 DF E1 50 BB 7F B6 C9,speed=0.00
1779898892.690,0x200,8,22 64 65 62 BD 9B C1 E9,fuel=100.00
1779898892.778,0x300,8,02 94 1E EC DA 67 37 27,temp=42.00
1779898892.869,0x100,8,00 27 EB 85 70 6B 60 1C,speed=0.00
1779898892.968,0x200,8,8C 64 91 1F 9D F4 79 F8,fuel=100.00
1779898893.068,0x300,8,02 68 3E A5 A5 E1 CB 67,temp=42.00
1779898893.181,0x100,8,00 F5 E6 C5 77 E4 05 C4,speed=0.00
1779898893.257,0x200,8,5A 64 AE 51 FC 12 D8 BE,fuel=100.00
1779898893.358,0x300,8,02 11 77 3E DF E5 4E 63,temp=42.00
1779898893.434,0x100,8,00 3B DC 88 B8 AB 35 30,speed=0.00
1779898893.548,0x200,8,53 64 EA 86 0A 23 8D 4B,fuel=100.00
1779898893.619,0x300,8,02 53 31 EC 9E 88 4C 53,temp=42.00
1779898893.727,0x100,8,00 90 5E F4 D8 0E 8E 10,speed=0.00
1779898893.820,0x200,8,18 64 85 06 9F 63 C2 D8,fuel=100.00
1779898893.930,0x300,8,02 FB E2 C3 4C 50 92 1C,temp=42.00
1779898894.014,0x100,8,00 CC 75 0F 0B 10 36 53,speed=0.00
1779898894.115,0x200,8,9C 64 ED 94 5F 2C 7F 21,fuel=100.00
1779898894.197,0x300,8,02 BF 9D 14 AC 49 16 8C,temp=42.00
1779898894.287,0x100,8,00 DD 7D 2C 7B 4B 7F BA,speed=0.00
1779898894.402,0x200,8,DC 64 FE 66 F0 6C A5 89,fuel=100.00
1779898894.493,0x300,8,02 F7 EF 0A A0 64 E5 62,temp=42.00
1779898894.583,0x100,8,00 F6 D3 A4 6B 8F A0 B7,speed=0.00
1779898894.656,0x200,8,3D 64 73 F7 43 C9 27 C7,fuel=100.00
1779898894.744,0x300,8,02 7A F8 A4 A9 B6 82 CE,temp=42.00
1779898894.841,0x100,8,00 EB FB 46 05 C6 21 BD,speed=0.00
1779898894.949,0x200,8,3D 64 A8 8A 75 61 ED FA,fuel=100.00
1779898895.026,0x300,8,02 BB 56 DB F4 6B 54 EE,temp=42.00
1779898895.143,0x100,8,00 A1 3F 6A 83 18 7A 2B,speed=0.00
1779898895.243,0x200,8,57 64 50 69 19 01 BD B7,fuel=100.00
1779898895.320,0x300,8,02 29 7A 24 31 D4 2C 1D,temp=42.00
1779898895.418,0x100,8,00 18 CD FD C5 7C A5 4A,speed=0.00
1779898895.512,0x200,8,46 64 20 78 CA C4 8F 07,fuel=100.00
1779898895.600,0x300,8,02 43 91 55 5F 69 E8 E1,temp=42.00
1779898895.699,0x100,8,00 91 89 5A 64 97 D6 07,speed=0.00
1779898895.814,0x200,8,CF 64 30 DB 81 51 FF 3F,fuel=100.00
1779898895.880,0x300,8,02 51 E5 C8 FD 9B 2A 7A,temp=42.00
1779898895.991,0x100,8,00 A6 49 F5 01 4A CF FA,speed=0.00
1779898896.073,0x200,8,72 64 47 FB 36 9E B2 B5,fuel=100.00
1779898896.158,0x300,8,02 AF BB C9 24 8C D4 AB,temp=42.00
1779898896.245,0x100,8,00 CE EE 91 10 AC 99 29,speed=0.00
1779898896.363,0x200,8,02 64 72 65 EB E6 95 05,fuel=100.00
1779898896.443,0x300,8,02 68 66 B9 07 3A 0C BE,temp=42.00
1779898896.529,0x100,8,00 6C AB 18 5B 2E 80 03,speed=0.00
1779898896.619,0x200,8,A3 64 0D CE E3 E2 36 2F,fuel=100.00
1779898896.740,0x300,8,02 AE 1D 24 1E FD 0C 10,temp=42.00
1779898896.819,0x100,8,00 D8 F9 34 23 EB 7D 9D,speed=0.00
1779898896.911,0x200,8,1E 64 8F 82 1A 91 51 3E,fuel=100.00
1779898896.994,0x300,8,02 48 9A 68 D7 61 34 E7,temp=42.00
1779898897.089,0x100,8,00 45 AD 6C 31 A4 3C B2,speed=0.00
1779898897.200,0x200,8,87 64 87 E2 C4 3D 89 A6,fuel=100.00
1779898897.280,0x300,8,02 19 B7 7A D3 BB 95 6D,temp=42.00
1779898897.383,0x100,8,00 BD 15 F3 09 09 C0 7E,speed=0.00
1779898897.505,0x200,8,D1 64 DA A4 82 C3 37 ED,fuel=100.00
1779898897.581,0x300,8,02 26 56 DD 87 E2 A3 34,temp=42.00
1779898897.659,0x100,8,00 75 8A 70 D8 AA 01 F9,speed=0.00
1779898897.770,0x200,8,50 64 B2 93 AB CB AA 45,fuel=100.00
1779898897.853,0x300,8,02 65 25 FC CD E7 92 A9,temp=42.00
1779898897.939,0x100,8,00 81 52 DA B3 49 A3 3B,speed=0.00
1779898898.039,0x200,8,1C 64 1B E9 92 2B 28 DF,fuel=100.00
1779898898.122,0x300,8,02 DD 40 65 79 5C 0D C1,temp=42.00
1779898898.225,0x100,8,00 93 73 1B D9 14 17 BC,speed=0.00
1779898898.308,0x200,8,83 64 48 7E 10 E2 03 9B,fuel=100.00
1779898898.415,0x300,8,02 1F DB AB B4 0C 71 98,temp=42.00
1779898898.505,0x100,8,00 EA 77 07 5C 33 82 0F,speed=0.00
1779898898.613,0x200,8,DC 64 03 FC 7B 34 30 6C,fuel=100.00
1779898898.701,0x300,8,02 36 FF 56 BD 25 BA 6D,temp=42.00
1779898898.789,0x100,8,00 62 3A A2 38 DB 30 3F,speed=0.00
1779898898.873,0x200,8,56 64 93 BE F8 3C BC F2,fuel=100.00
1779898898.978,0x300,8,02 D8 B2 8A 56 CA 80 EA,temp=42.00
1779898899.069,0x100,8,00 DD C0 07 9D EA 98 98,speed=0.00
1779898899.153,0x200,8,E2 64 FB DC 24 F6 CD 2D,fuel=100.00
1779898899.250,0x300,8,02 7C C4 1B 06 96 F0 0E,temp=42.00
1779898899.393,0x100,8,00 37 3B EB 22 D1 1E 73,speed=0.00
1779898899.467,0x200,8,47 64 BD A3 C9 A4 17 1D,fuel=100.00
1779898899.574,0x300,8,02 CB 03 62 21 45 C9 B8,temp=42.00
1779898899.655,0x100,8,00 50 0F FF AA AD 7E 54,speed=0.00
1779898899.751,0x200,8,DB 64 D3 26 30 24 56 95,fuel=100.00
1779898899.847,0x300,8,02 5C F6 90 45 52 58 5B,temp=42.00
1779898899.918,0x100,8,00 86 23 01 43 7E C5 8C,speed=0.00
1779898900.032,0x200,8,EE 64 45 F2 BA 83 87 6E,fuel=100.00
1779898900.127,0x300,8,02 90 9E 8A 0E 9A 7F 86,temp=42.00
1779898900.211,0x100,8,00 FB D0 11 C7 AF CE BA,speed=0.00
1779898900.295,0x200,8,CA 64 F3 B4 39 BB A5 A2,fuel=100.00
1779898900.395,0x300,8,02 D1 56 0D DC 91 BB F5,temp=42.00
1779898900.494,0x100,8,00 AB 60 98 0D EC C6 43,speed=0.00
1779898900.576,0x200,8,20 64 A2 17 84 E5 9D 05,fuel=100.00
1779898900.690,0x300,8,02 37 0B F3 3F F6 50 9D,temp=42.00
1779898900.765,0x100,8,00 D0 42 D7 91 29 8F 62,speed=0.00
1779898900.870,0x200,8,82 64 CB A0 53 40 F4 BE,fuel=100.00
1779898900.978,0x300,8,02 F4 84 33 E7 D0 69 40,temp=42.00
1779898901.050,0x100,8,00 C4 7C CB AB 22 A1 6F,speed=0.00
1779898901.149,0x200,8,3F 64 1E 28 FE B9 36 5C,fuel=100.00
1779898901.248,0x300,8,02 F0 3B 9C 0F 23 2E 3C,temp=42.00
1779898901.345,0x100,8,00 A2 F2 E3 AB FD 79 8F,speed=0.00
1779898901.421,0x200,8,BD 64 F8 95 AB 80 2B BB,fuel=100.00
1779898901.528,0x300,8,02 A2 42 94 EE 81 69 77,temp=42.00
1779898901.614,0x100,8,00 94 89 F0 56 A1 FC 65,speed=0.00
1779898901.706,0x200,8,12 64 FE B6 CB 10 1C B4,fuel=100.00
1779898901.809,0x300,8,02 DD 60 9A 7B 13 92 F4,temp=42.00
1779898901.902,0x100,8,00 0A 13 05 39 20 62 BD,speed=0.00
1779898902.013,0x200,8,7B 64 15 41 42 2C BD A5,fuel=100.00
1779898902.084,0x300,8,02 AF BE EE 34 7B 0D A5,temp=42.00
1779898902.172,0x100,8,00 E6 17 51 55 28 D1 CA,speed=0.00
1779898902.270,0x200,8,7F 64 19 C8 BB C0 44 65,fuel=100.00
1779898902.381,0x300,8,02 2E 8D 17 A6 1C 61 A8,temp=42.00
1779898902.457,0x100,8,00 9B 84 9A D5 6B 66 48,speed=0.00
1779898902.563,0x200,8,FC 64 56 AA BD 88 A4 8C,fuel=100.00
1779898902.645,0x300,8,02 29 D9 C1 60 80 26 A3,temp=42.00
1779898902.734,0x100,8,00 30 23 49 08 6A AF 43,speed=0.00
1779898902.822,0x200,8,81 64 FB A8 83 6D B1 01,fuel=100.00
1779898902.919,0x300,8,02 D3 B4 06 10 0B 8C DD,temp=42.00
1779898903.030,0x100,8,00 30 96 DA ED 4B EB 43,speed=0.00
1779898903.125,0x200,8,A8 64 83 54 03 88 4B 64,fuel=100.00
1779898903.224,0x300,8,02 86 15 52 DF 51 A3 A0,temp=42.00
1779898903.302,0x100,8,00 C9 D0 45 3A 03 40 B8,speed=0.00
1779898903.401,0x200,8,11 64 FB A7 E9 40 1C 93,fuel=100.00
1779898903.522,0x300,8,02 25 B5 F3 85 EE E6 7C,temp=42.00
1779898903.579,0x100,8,00 6A C6 14 90 AF 69 3E,speed=0.00
1779898903.687,0x200,8,49 64 66 8C D2 CC 14 E9,fuel=100.00
1779898903.760,0x300,8,02 4A 7F D0 90 55 E2 71,temp=42.00
1779898903.873,0x100,8,00 DB 66 FF 90 E5 0B 2E,speed=0.00
1779898903.966,0x200,8,41 64 F9 4C E0 72 E4 15,fuel=100.00
1779898904.060,0x300,8,02 CE C6 E6 73 C3 56 58,temp=42.00
1779898904.139,0x100,8,00 A3 73 82 F9 91 75 A6,speed=0.00
1779898904.238,0x200,8,C9 64 1F 0F CD 83 F6 D9,fuel=100.00
1779898904.345,0x300,8,02 BD 7B A9 A6 2D 63 1E,temp=42.00
1779898904.424,0x100,8,00 FB D8 4E 73 A5 F3 E9,speed=0.00
1779898904.541,0x200,8,47 64 D6 5B 4B 14 F4 83,fuel=100.00
1779898904.608,0x300,8,02 B8 E6 AC 45 2C 0A EA,temp=42.00
1779898904.715,0x100,8,00 8E 9B D0 45 AE B6 F4,speed=0.00
1779898904.792,0x200,8,D5 64 29 77 31 B1 F7 4D,fuel=100.00
1779898904.898,0x300,8,02 73 41 46 76 A1 C5 24,temp=42.00
1779898904.991,0x100,8,00 D5 44 7B 42 6D B4 65,speed=0.00
1779898905.082,0x200,8,00 64 0E EE 9A CD 09 92,fuel=100.00
1779898905.183,0x300,8,02 B9 98 C4 45 E3 47 8C,temp=42.00
1779898905.268,0x100,8,00 07 87 93 69 54 60 82,speed=0.00
1779898905.379,0x200,8,79 64 F3 41 0E AF 17 31,fuel=100.00
1779898905.459,0x300,8,02 CE 7E 44 90 E9 01 31,temp=42.00
1779898905.568,0x100,8,00 59 E8 BF 08 E6 FB 3D,speed=0.00
1779898905.637,0x200,8,58 64 5A 2C D6 B5 59 44,fuel=100.00
1779898905.738,0x300,8,02 12 07 BD A9 42 52 84,temp=42.00
1779898905.843,0x100,8,00 7D 48 68 62 26 1C 37,speed=0.00
1779898905.928,0x200,8,E6 64 64 3D E3 5E 95 FF,fuel=100.00
1779898906.039,0x300,8,02 4C 45 5E F8 55 8B CB,temp=42.00
1779898906.106,0x100,8,00 D1 38 A6 42 1B 52 FE,speed=0.00
1779898906.205,0x200,8,A4 64 2C CF 88 D1 4A A3,fuel=100.00
1779898906.308,0x300,8,02 76 4C 32 83 B8 4F A3,temp=42.00
1779898906.415,0x100,8,00 19 9A 5F 82 8F 2C 8F,speed=0.00
1779898906.484,0x200,8,F3 64 64 3F BC 67 EB A9,fuel=100.00
1779898906.573,0x300,8,02 8E 05 91 AC 33 87 0C,temp=42.00
1779898906.674,0x100,8,00 85 FC E1 12 42 DA 3C,speed=0.00
1779898906.778,0x200,8,42 64 E5 F3 79 90 B1 34,fuel=100.00
1779898906.866,0x300,8,02 BB 31 2C E0 F4 EB F0,temp=42.00
1779898906.955,0x100,8,00 C3 1A 59 C0 73 7F 42,speed=0.00
1779898907.061,0x200,8,C3 64 7E 3A 61 32 89 39,fuel=100.00
1779898907.139,0x300,8,02 D5 66 87 FD 63 54 8C,temp=42.00
1779898907.234,0x100,8,00 F5 B0 69 CA 1D 2D 23,speed=0.00
1779898907.333,0x200,8,F3 64 D3 98 7E F6 2A 75,fuel=100.00
1779898907.418,0x300,8,02 A1 C5 50 0D BE AC 1E,temp=42.00
1779898907.515,0x100,8,00 B0 87 45 78 82 FC 86,speed=0.00
1779898907.632,0x200,8,A4 64 D8 F2 27 0E 5C 11,fuel=100.00
1779898907.700,0x300,8,02 40 75 16 0D 1A 9D 18,temp=42.00
1779898907.806,0x100,8,00 CC EA D1 A3 83 00 30,speed=0.00
1779898907.899,0x200,8,32 64 E6 BB FF A2 B9 FA,fuel=100.00
1779898907.997,0x300,8,02 12 BC FD FF E6 A9 41,temp=42.00
1779898908.075,0x100,8,00 AB CB BA D8 CA C8 8F,speed=0.00
1779898908.191,0x200,8,02 64 0B 37 34 6F 7A B9,fuel=100.00
1779898908.284,0x300,8,02 4D DE E3 40 AB 4D 4B,temp=42.00
1779898908.355,0x100,8,00 64 77 FF 79 7C 81 64,speed=0.00
1779898908.460,0x200,8,25 64 15 7E 4E D3 39 7C,fuel=100.00
1779898908.580,0x300,8,02 81 FF A1 48 47 1C A0,temp=42.00
1779898908.657,0x100,8,00 D6 78 C7 F3 86 0D A5,speed=0.00
1779898908.738,0x200,8,7A 64 0E 39 FC 6A DB 78,fuel=100.00
1779898908.830,0x300,8,02 76 E3 D9 5E 98 DD 0A,temp=42.00
1779898908.922,0x100,8,00 2A 75 C5 FD B9 B7 57,speed=0.00
1779898909.036,0x200,8,8E 64 9D 65 AA 2B D6 5A,fuel=100.00
1779898909.113,0x300,8,02 B0 A6 F8 BF E3 BC 9B,temp=42.00
1779898909.202,0x100,8,00 88 EB 7B 54 C6 1C D6,speed=0.00
1779898909.304,0x200,8,25 64 86 25 C2 E0 08 98,fuel=100.00
1779898909.402,0x300,8,02 CD 4E 92 E7 2D AC 6A,temp=42.00
1779898909.488,0x100,8,00 FC A4 AC 2A 02 C7 48,speed=0.00
1779898909.583,0x200,8,B9 64 54 CB 3F 32 F5 5C,fuel=100.00
1779898909.676,0x300,8,02 85 C7 5A 61 E1 24 9B,temp=42.00
1779898909.778,0x100,8,00 22 4C 72 5B 7B 91 34,speed=0.00
1779898909.860,0x200,8,42 64 CC 8B 4C 76 E4 EB,fuel=100.00
1779898909.956,0x300,8,02 60 63 E2 23 0D 27 68,temp=42.00
1779898910.058,0x100,8,00 40 20 EC FD 34 8E 13,speed=0.00
1779898910.134,0x200,8,A8 64 F9 61 B5 53 7D 18,fuel=100.00
1779898910.241,0x300,8,02 77 54 B4 96 CB 31 65,temp=42.00
1779898910.322,0x100,8,00 1A A2 1F 4F 42 78 E3,speed=0.00
1779898910.429,0x200,8,35 64 64 F8 F7 3B 31 20,fuel=100.00
1779898910.530,0x300,8,02 42 2C 45 15 75 53 D6,temp=42.00
1779898910.620,0x100,8,00 15 04 DB 5B 1C 5C 32,speed=0.00
1779898910.714,0x200,8,23 64 8F A0 D2 E8 D3 F3,fuel=100.00
1779898910.805,0x300,8,02 1F D1 E9 19 55 92 41,temp=42.00
1779898910.907,0x100,8,00 AE 54 C4 E9 77 51 0F,speed=0.00
1779898910.993,0x200,8,33 64 B3 3E 3F B3 BD 6E,fuel=100.00
1779898911.109,0x300,8,02 4B 74 6A 12 C7 33 82,temp=42.00
1779898911.189,0x100,8,00 07 D6 73 C5 8C 3A 26,speed=0.00
1779898911.265,0x200,8,BE 64 A5 F2 6D A7 53 AE,fuel=100.00
1779898911.383,0x300,8,02 66 A9 39 A8 6B 31 DA,temp=42.00
1779898911.456,0x100,8,00 D1 76 20 9B 24 AD 83,speed=0.00
1779898911.574,0x200,8,06 64 3C 6E 6B 1D BA 83,fuel=100.00
1779898911.642,0x300,8,02 2B 29 5B 68 ED DD CC,temp=42.00
1779898911.747,0x100,8,00 58 BF 7C 7C E9 B6 FC,speed=0.00
1779898911.843,0x200,8,0F 64 93 36 4E B7 F5 2C,fuel=100.00
1779898911.920,0x300,8,02 6D FE 9F 7F 3D 8E 0E,temp=42.00
1779898912.050,0x100,8,00 81 E1 B7 36 FF B4 F2,speed=0.00
1779898912.118,0x200,8,60 64 CA 07 1D C5 75 47,fuel=100.00
1779898912.219,0x300,8,02 BE C0 B0 E9 83 B6 A8,temp=42.00
1779898912.330,0x100,8,00 2E B9 0A BB 00 34 7D,speed=0.00
1779898912.416,0x200,8,A9 64 53 F0 D7 57 C5 7F,fuel=100.00
1779898912.500,0x300,8,02 0A AE 9E C6 1F B5 8B,temp=42.00
1779898912.576,0x100,8,00 8B 84 34 11 D6 DD 8C,speed=0.00
1779898912.669,0x200,8,2C 64 59 74 A8 42 C5 E2,fuel=100.00
1779898912.758,0x300,8,02 90 A9 F4 6C A4 37 FF,temp=42.00
1779898912.856,0x100,8,00 6A 1E BC 30 7B 13 12,speed=0.00
1779898912.962,0x200,8,11 64 F2 D1 3F E8 F8 B8,fuel=100.00
1779898913.058,0x300,8,02 E6 FC 3F 3F 7C 2C E1,temp=42.00
1779898913.165,0x100,8,00 23 C1 86 84 4D 7D 19,speed=0.00
1779898913.241,0x200,8,72 64 28 45 17 BE 30 B7,fuel=100.00
1779898913.347,0x300,8,02 F6 51 C0 D8 6B 2F 52,temp=42.00
1779898913.430,0x100,8,00 71 BE 70 56 BB E4 32,speed=0.00
1779898913.515,0x200,8,A6 64 8D B0 A0 BB D2 35,fuel=100.00
1779898913.615,0x300,8,02 AD 23 11 49 EA 5A 9C,temp=42.00
1779898913.701,0x100,8,00 6A BC 9F 3E 50 C6 15,speed=0.00
1779898913.791,0x200,8,41 64 ED 4E D8 C1 10 42,fuel=100.00
1779898913.900,0x300,8,02 C5 19 4E E5 B9 04 50,temp=42.00
1779898913.999,0x100,8,00 3F 41 71 02 18 10 7C,speed=0.00
1779898914.074,0x200,8,A3 64 38 D9 F4 85 CC 7E,fuel=100.00
1779898914.181,0x300,8,02 68 A1 9D 09 DF 89 14,temp=42.00
1779898914.265,0x100,8,00 5E 50 66 F9 24 E9 21,speed=0.00
1779898914.357,0x200,8,42 64 97 C8 75 38 94 11,fuel=100.00
1779898914.460,0x300,8,02 E1 01 E6 F2 55 AC A9,temp=42.00
1779898914.570,0x100,8,00 7B A3 00 57 76 B9 A2,speed=0.00
1779898914.651,0x200,8,7D 64 09 48 D3 F1 4E 4C,fuel=100.00
1779898914.743,0x300,8,02 F3 2D 06 21 C4 05 D0,temp=42.00
1779898914.823,0x100,8,00 78 EC A5 CC 43 CF AF,speed=0.00
1779898914.941,0x200,8,CB 64 98 4B BA 2A 8C AB,fuel=100.00
1779898915.014,0x300,8,02 3A 76 4E 3B D5 84 C0,temp=42.00
1779898915.122,0x100,8,00 B6 4D EF 05 A4 17 34,speed=0.00
1779898915.223,0x200,8,FC 64 AF 8C 84 F3 30 1E,fuel=100.00
1779898915.294,0x300,8,02 15 72 8B EA 05 9D 84,temp=42.00
1779898915.400,0x100,8,00 74 3E 0F C6 8D 1C 5E,speed=0.00
1779898915.517,0x200,8,2E 64 43 FF 7D 8E F9 76,fuel=100.00
1779898915.586,0x300,8,02 C5 79 0B 01 C1 CF 00,temp=42.00
1779898915.706,0x100,8,00 CC 87 CA D0 EC 66 74,speed=0.00
1779898915.799,0x200,8,70 64 75 3C C8 79 9B 66,fuel=100.00
1779898915.870,0x300,8,02 09 28 3A CE DF B6 0D,temp=42.00
1779898915.957,0x100,8,00 B4 9F F3 F3 7D 8F 29,speed=0.00
1779898916.054,0x200,8,3C 64 C0 0D 91 34 EC 45,fuel=100.00
1779898916.155,0x300,8,02 E3 8E 3B 9E 48 DA B0,temp=42.00
1779898916.260,0x100,8,00 DD C3 25 2A FE 2A 08,speed=0.00
1779898916.323,0x200,8,5E 64 EB 1D 7E 24 2F B3,fuel=100.00
1779898916.427,0x300,8,02 18 3A 4F 07 C1 E2 AE,temp=42.00
1779898916.542,0x100,8,00 43 57 62 33 4B C0 8F,speed=0.00
1779898916.611,0x200,8,A6 64 C1 1D 71 E1 39 8B,fuel=100.00
1779898916.720,0x300,8,02 8D 57 52 3A 62 B9 C1,temp=42.00
1779898916.805,0x100,8,00 8C 89 62 7F 61 90 E3,speed=0.00
1779898916.908,0x200,8,64 64 4E DD 06 1B D6 59,fuel=100.00
1779898916.989,0x300,8,02 E8 6A 22 CD D5 7E E2,temp=42.00
1779898917.085,0x100,8,00 55 E3 FD C4 DB CC AF,speed=0.00
1779898917.176,0x200,8,4A 64 55 A4 38 85 83 8A,fuel=100.00
1779898917.287,0x300,8,02 AE 15 16 2F F7 62 85,temp=42.00
1779898917.360,0x100,8,00 2C C7 B1 A6 20 59 10,speed=0.00
1779898917.474,0x200,8,1C 64 65 07 57 3D 62 A4,fuel=100.00
1779898917.573,0x300,8,02 70 41 E0 DA AB 72 13,temp=42.00
1779898917.647,0x100,8,00 C1 9A C8 DF 36 30 22,speed=0.00
1779898917.742,0x200,8,FE 64 6C BC 4E 6C DE D1,fuel=100.00
1779898917.836,0x300,8,02 AA 3F FB 2D 9A 5E 5E,temp=42.00
1779898917.919,0x100,8,00 A2 A2 44 2D CD 49 CF,speed=0.00
1779898918.028,0x200,8,3D 64 C0 DB FD 00 70 C3,fuel=100.00
1779898918.118,0x300,8,02 B2 93 56 B4 C9 21 02,temp=42.00
1779898918.201,0x100,8,00 A4 57 26 95 5F E0 82,speed=0.00
1779898918.291,0x200,8,57 64 F2 2F 19 F6 61 40,fuel=100.00
1779898918.407,0x300,8,02 03 38 77 CD 5D 97 DD,temp=42.00
1779898918.503,0x100,8,00 F5 34 ED 39 E8 1E EA,speed=0.00
1779898918.600,0x200,8,20 64 67 11 5C 67 B7 08,fuel=100.00
1779898918.683,0x300,8,02 6C 3F 92 7B 1F B1 92,temp=42.00
1779898918.776,0x100,8,00 F1 AE 51 B7 83 C3 0F,speed=0.00
1779898918.872,0x200,8,B3 64 FE 45 32 DF DA DD,fuel=100.00
1779898918.982,0x300,8,02 7F 21 77 56 E2 00 85,temp=42.00
1779898919.062,0x100,8,00 44 15 B5 5D 12 0A CC,speed=0.00
1779898919.143,0x200,8,B7 64 25 A6 72 F1 EF 4C,fuel=100.00
1779898919.247,0x300,8,02 ED C8 95 F6 4A 72 2B,temp=42.00
1779898919.329,0x100,8,00 85 16 28 72 62 94 7D,speed=0.00
1779898919.440,0x200,8,9A 64 3A 2C 87 1A E9 EC,fuel=100.00
1779898919.528,0x300,8,02 34 24 6F 9D F9 45 77,temp=42.00
1779898919.603,0x100,8,00 63 5F 21 CD CD 98 C1,speed=0.00
1779898919.713,0x200,8,03 64 1B 3D 68 BE 4A 6E,fuel=100.00
1779898919.796,0x300,8,02 AB FF F5 7A 0B 19 CA,temp=42.00
1779898919.910,0x100,8,00 AB E7 36 3F 5D 2D 90,speed=0.00
1779898919.983,0x200,8,9B 64 3A 34 F7 B8 DD 96,fuel=100.00
1779898920.074,0x300,8,02 3A 78 76 51 13 60 CF,temp=42.00
1779898920.173,0x100,8,00 DD 80 33 63 C0 A8 83,speed=0.00
1779898920.302,0x200,8,FB 64 1E B2 7B AA 9A 21,fuel=100.00
1779898920.365,0x300,8,02 7E EF 26 36 28 C3 FC,temp=42.00
1779898920.458,0x100,8,00 8E A1 E5 E6 FE A8 C7,speed=0.00
1779898920.580,0x200,8,78 64 6C E3 0A 4C 45 A8,fuel=100.00
1779898920.655,0x300,8,02 A1 7A 0C 1E 9E 61 33,temp=42.00
1779898920.736,0x100,8,00 0B 48 69 14 4F 38 D3,speed=0.00
1779898920.843,0x200,8,80 64 D6 27 92 EE C7 D5,fuel=100.00
1779898920.932,0x300,8,02 EA 1D A8 1D 19 B3 62,temp=42.00
1779898921.046,0x100,8,00 AC 4C 51 F6 9B 3A 14,speed=0.00
1779898921.129,0x200,8,CE 64 39 8D D1 91 A2 8D,fuel=100.00
1779898921.217,0x300,8,02 11 B1 B1 A4 50 0E A5,temp=42.00
1779898921.298,0x100,8,00 21 16 C2 B2 71 8F CF,speed=0.00
1779898921.399,0x200,8,8E 64 A8 6A C6 FA 06 18,fuel=100.00
1779898921.487,0x300,8,02 6B 0B F8 4A 58 B4 C3,temp=42.00
1779898921.594,0x100,8,00 5B 3F 34 FC 04 23 68,speed=0.00
1779898921.695,0x200,8,7F 64 1A E8 49 19 07 5F,fuel=100.00
1779898921.768,0x300,8,02 2E F3 2D 6D 95 28 B0,temp=42.00
1779898921.864,0x100,8,00 F6 A3 62 1C D7 00 CD,speed=0.00
1779898921.961,0x200,8,87 64 72 92 82 57 AF 9A,fuel=100.00
1779898922.047,0x300,8,02 71 C7 59 66 F9 7E 05,temp=42.00
1779898922.141,0x100,8,00 6C 52 70 8C D8 00 71,speed=0.00
1779898922.244,0x200,8,E3 64 4F 90 1C 20 AE 1D,fuel=100.00
1779898922.351,0x300,8,02 D5 BC 78 37 AB 52 AC,temp=42.00
1779898922.434,0x100,8,00 F9 80 EC 4A 1A 89 0F,speed=0.00
1779898922.517,0x200,8,C8 64 4A 41 48 2C 11 CD,fuel=100.00
1779898922.611,0x300,8,02 05 52 96 CC FD 63 11,temp=42.00
1779898922.714,0x100,8,00 FA 3B 14 20 C4 ED C7,speed=0.00
1779898922.808,0x200,8,36 64 63 12 28 CC 74 3C,fuel=100.00
1779898922.892,0x300,8,02 FD 98 CF 47 29 4D A6,temp=42.00
1779898923.009,0x100,8,00 94 2B 07 AF D5 1C 80,speed=0.00
1779898923.073,0x200,8,B3 64 5C B0 87 DD 90 16,fuel=100.00
1779898923.175,0x300,8,02 C2 32 0E C7 57 D0 F0,temp=42.00
1779898923.292,0x100,8,00 05 89 F7 B0 8A AD 0C,speed=0.00
1779898923.374,0x200,8,AC 64 4B 5B B0 46 0D 99,fuel=100.00
1779898923.488,0x300,8,02 ED C9 0D 34 71 41 50,temp=42.00
1779898923.563,0x100,8,00 2B D7 0E 67 DE 1C 93,speed=0.00
1779898923.655,0x200,8,5E 64 3D 67 7E EB 6D 05,fuel=100.00
1779898923.735,0x300,8,02 BA 36 7A 79 91 A2 B8,temp=42.00
1779898923.829,0x100,8,00 F1 1A CC CF 4F CA 59,speed=0.00
1779898923.937,0x200,8,D7 64 90 76 4F 16 CB 0C,fuel=100.00
1779898924.008,0x300,8,02 44 0B A5 AF AA 76 31,temp=42.00
1779898924.120,0x100,8,00 91 48 54 42 B2 DC DC,speed=0.00
1779898924.206,0x200,8,F4 64 A3 3C 2E 4B 12 D5,fuel=100.00
1779898924.322,0x300,8,02 FB 23 D2 45 5A 8C FF,temp=42.00
1779898924.392,0x100,8,00 BB 0D 3E 6E 9C E4 85,speed=0.00
1779898924.481,0x200,8,A1 64 41 6E 0B 5E 53 5D,fuel=100.00
1779898924.590,0x300,8,02 C3 0F 7A C4 EE 3E E6,temp=42.00
1779898924.684,0x100,8,00 7B E3 90 78 C3 62 F9,speed=0.00
1779898924.761,0x200,8,08 64 B2 AF C8 4E 6E D6,fuel=100.00
1779898924.856,0x300,8,02 4E 5A 98 68 E3 24 00,temp=42.00
1779898924.954,0x100,8,00 5E 38 75 51 40 DD 9A,speed=0.00
1779898925.058,0x200,8,E7 64 CD 8E B2 56 D2 6E,fuel=100.00
1779898925.172,0x300,8,02 E8 45 53 1E F6 E7 A0,temp=42.00
1779898925.255,0x100,8,00 1F 5A 13 68 D4 74 D5,speed=0.00
1779898925.365,0x200,8,07 64 5C 9A 46 BE 12 9B,fuel=100.00
1779898925.452,0x300,8,02 9A 87 64 9C E5 E5 48,temp=42.00
1779898925.535,0x100,8,00 0E 04 21 A8 89 1E FE,speed=0.00
1779898925.640,0x200,8,B2 64 1C 31 A1 96 F6 24,fuel=100.00
1779898925.721,0x300,8,02 96 D2 BD 40 CC DA C9,temp=42.00
1779898925.818,0x100,8,00 8E CD A4 FA 28 6E C8,speed=0.00
1779898925.904,0x200,8,68 64 2B 2D 58 54 43 F8,fuel=100.00
1779898926.011,0x300,8,02 68 65 4B 97 03 E3 DC,temp=42.00
1779898926.115,0x100,8,00 3F 5A E5 68 44 D9 CF,speed=0.00
1779898926.189,0x200,8,B4 64 09 9F 17 AF 5F EC,fuel=100.00
1779898926.294,0x300,8,02 EA 54 79 B8 33 32 05,temp=42.00
1779898926.372,0x100,8,00 70 F6 9D EB C0 AB 23,speed=0.00
1779898926.474,0x200,8,CE 64 41 C9 E6 B0 65 86,fuel=100.00
1779898926.575,0x300,8,02 3E 37 79 C0 D9 37 27,temp=42.00
1779898926.654,0x100,8,00 48 80 90 3F 92 5F 18,speed=0.00
1779898926.772,0x200,8,7E 64 1F 3C 6F 33 53 2B,fuel=100.00
1779898926.847,0x300,8,02 14 E5 33 18 71 ED 29,temp=42.00
1779898926.938,0x100,8,00 86 4F BC 3F 4D A6 E2,speed=0.00
1779898927.034,0x200,8,E4 64 CC 78 7B 24 3E F3,fuel=100.00
1779898927.151,0x300,8,02 3A 7C 1E 2A 9E 81 CF,temp=42.00
1779898927.240,0x100,8,00 20 D2 1A 42 6D 6F B7,speed=0.00
1779898927.326,0x200,8,42 64 87 49 A1 30 26 58,fuel=100.00
1779898927.406,0x300,8,02 46 A0 85 5B 8C C8 2E,temp=42.00
1779898927.541,0x100,8,00 E3 D8 27 DC A6 B5 35,speed=0.00
1779898927.665,0x200,8,2A 64 A7 65 5A B4 0A 97,fuel=100.00
1779898927.701,0x300,8,02 96 CA 17 2F 0A 5D B6,temp=42.00
1779898927.804,0x100,8,00 BF 1E 29 8C FC D6 A8,speed=0.00
1779898927.879,0x200,8,AF 64 A2 EE 5A BD 14 CA,fuel=100.00
1779898927.973,0x300,8,02 59 1B 30 D1 7F 0A 5F,temp=42.00
1779898928.057,0x100,8,00 AB A8 06 F5 82 94 14,speed=0.00
1779898928.156,0x200,8,D2 64 56 32 8C 00 28 3B,fuel=100.00
1779898928.278,0x300,8,02 F3 25 D4 1B CA 40 50,temp=42.00
1779898928.343,0x100,8,00 B1 8B 9B D7 D5 C4 A4,speed=0.00
1779898928.435,0x200,8,E3 64 B5 73 5A E9 AC D9,fuel=100.00
1779898928.552,0x300,8,02 38 2D EB A6 38 34 02,temp=42.00
1779898928.647,0x100,8,00 2E 43 F0 9F 35 9E 50,speed=0.00
1779898928.719,0x200,8,A4 64 D1 96 16 65 7E C1,fuel=100.00
1779898928.842,0x300,8,02 E2 95 9C D2 DB CC 7F,temp=42.00
1779898928.920,0x100,8,00 41 A3 01 A0 80 05 11,speed=0.00
1779898929.032,0x200,8,33 64 D5 B5 EF DC 65 DA,fuel=100.00
1779898929.106,0x300,8,02 F6 33 A2 F9 D6 F8 EE,temp=42.00
1779898929.198,0x100,8,00 DB 67 9E 08 A3 CE 3F,speed=0.00
1779898929.299,0x200,8,17 64 90 3C 66 E9 49 E8,fuel=100.00
1779898929.396,0x300,8,02 B2 1F 16 6D 99 D5 7A,temp=42.00
1779898929.500,0x100,8,00 00 55 E7 AD 62 DA C3,speed=0.00
1779898929.573,0x200,8,14 64 AF E4 E7 D1 41 7D,fuel=100.00
1779898929.673,0x300,8,02 85 B4 0D 04 5D CF FF,temp=42.00
1779898929.783,0x100,8,00 D3 31 9D A9 BE 57 4F,speed=0.00
1779898929.859,0x200,8,9F 64 A4 DE E7 35 B5 70,fuel=100.00
1779898929.960,0x300,8,02 CA 28 C8 3E 2B BC 1F,temp=42.00
1779898930.041,0x100,8,00 AC F9 B7 25 E0 BA 95,speed=0.00
1779898930.154,0x200,8,2F 64 06 F2 CE AF E3 6C,fuel=100.00
1779898930.243,0x300,8,02 87 AD 55 CF E6 82 3A,temp=42.00
1779898930.346,0x100,8,00 71 C0 5C 5F 77 69 1D,speed=0.00
1779898930.425,0x200,8,5C 64 89 E5 6E 45 EC 9C,fuel=100.00
1779898930.540,0x300,8,02 7F 63 42 B0 A1 C0 B5,temp=42.00
1779898930.616,0x100,8,00 7B 96 02 5B 1A 7C F6,speed=0.00
1779898930.706,0x200,8,2C 64 ED 52 03 95 A7 14,fuel=100.00
1779898930.807,0x300,8,02 7E 43 F0 98 C0 C9 5E,temp=42.00
1779898930.895,0x100,8,00 17 6D 5E D2 DA 20 B2,speed=0.00
1779898930.999,0x200,8,11 64 22 42 21 B1 E3 EC,fuel=100.00
1779898931.094,0x300,8,02 06 48 3A 1A 51 4D 1A,temp=42.00
1779898931.190,0x100,8,00 B3 72 22 52 CE 6A 94,speed=0.00
1779898931.263,0x200,8,9A 64 74 BF 6E 87 3B 5B,fuel=100.00
1779898931.377,0x300,8,02 03 E4 B9 84 C5 68 EE,temp=42.00
1779898931.458,0x100,8,00 85 CD 92 24 91 F2 EE,speed=0.00
1779898931.566,0x200,8,1B 64 42 2D 5E FB A8 5F,fuel=100.00
1779898931.659,0x300,8,02 2E 3F E2 14 38 00 20,temp=42.00
1779898931.760,0x100,8,00 69 4E AD 77 DC A4 07,speed=0.00
1779898931.850,0x200,8,87 64 B3 4E 58 D3 F6 58,fuel=100.00
1779898931.931,0x300,8,02 48 C2 18 A5 AF 1F CD,temp=42.00
1779898932.012,0x100,8,00 7D 44 AA F6 85 2C 34,speed=0.00
1779898932.108,0x200,8,83 64 DE C7 C4 44 0D FC,fuel=100.00
1779898932.216,0x300,8,02 FA 94 F1 9C A3 D1 08,temp=42.00
1779898932.293,0x100,8,00 72 4C 91 5D A8 D8 2F,speed=0.00
1779898932.399,0x200,8,D1 64 74 E0 15 7F 50 6D,fuel=100.00
1779898932.489,0x300,8,02 AF B1 00 1D A8 40 B6,temp=42.00
1779898932.595,0x100,8,00 F6 5F BC 8A 12 83 58,speed=0.00
1779898932.699,0x200,8,A0 64 26 39 5A 63 35 1A,fuel=100.00
1779898932.764,0x300,8,02 4B 3D F7 77 1D BB 1C,temp=42.00
1779898932.856,0x100,8,00 71 78 AF 34 8A 4E E1,speed=0.00
1779898932.966,0x200,8,23 64 FA 52 9E 53 7B 08,fuel=100.00
1779898933.066,0x300,8,02 37 03 25 E7 29 06 9B,temp=42.00
1779898933.141,0x100,8,00 15 86 57 12 CE EC 46,speed=0.00
1779898933.241,0x200,8,5E 64 DA 86 07 06 7D E6,fuel=100.00
1779898933.341,0x300,8,02 1A 3D FE C4 54 13 43,temp=42.00
1779898933.425,0x100,8,00 26 0F 2C 0D AE FB E3,speed=0.00
1779898933.529,0x200,8,BF 64 20 CE 1C 49 82 12,fuel=100.00
1779898933.606,0x300,8,02 BE 24 9C E8 4C BC 82,temp=42.00
1779898933.724,0x100,8,00 C7 45 4C 1F 68 B2 8D,speed=0.00
1779898933.809,0x200,8,20 64 87 07 15 16 4D 4A,fuel=100.00
1779898933.908,0x300,8,02 FE 52 40 BA 91 FA C8,temp=42.00
1779898934.006,0x100,8,00 9A BD DF 7D CC 08 A7,speed=0.00
1779898934.082,0x200,8,A8 64 67 4A 6A 74 37 E9,fuel=100.00
1779898934.185,0x300,8,02 CB FB 8F 18 53 2A 5C,temp=42.00
1779898934.272,0x100,8,00 78 FE C0 96 96 8D 4A,speed=0.00
1779898934.356,0x200,8,2F 64 5D 92 D3 02 7A B1,fuel=100.00
1779898934.457,0x300,8,02 1D F8 2C F1 11 46 30,temp=42.00
1779898934.581,0x100,8,00 C1 96 B2 94 AF 50 DF,speed=0.00
1779898934.645,0x200,8,45 64 72 18 A6 7D 31 C5,fuel=100.00
1779898934.747,0x300,8,02 7D 05 E1 B8 1C 5B 98,temp=42.00
1779898934.822,0x100,8,00 9D 0C 76 DC F2 53 AB,speed=0.00
1779898934.916,0x200,8,45 64 02 78 C5 53 C2 82,fuel=100.00
1779898935.010,0x300,8,02 CB 0D C2 C9 85 C4 FF,temp=42.00
1779898935.106,0x100,8,00 04 F4 A1 44 73 B8 E7,speed=0.00
1779898935.218,0x200,8,96 64 51 D9 CC 7A 2A 9F,fuel=100.00
1779898935.305,0x300,8,02 3B 81 F5 61 4F 87 B8,temp=42.00
1779898935.419,0x100,8,00 0B 13 D1 17 F3 AF 8E,speed=0.00
1779898935.489,0x200,8,C2 64 D8 33 C7 3B 82 0F,fuel=100.00
1779898935.574,0x300,8,02 BE AC 8E 9C 1F 23 80,temp=42.00
1779898935.683,0x100,8,00 FC 52 F5 B9 F7 97 0F,speed=0.00
1779898935.794,0x200,8,41 64 DB 97 1B 0A E7 9D,fuel=100.00
1779898935.865,0x300,8,02 72 7B 7A 70 E6 2F 88,temp=42.00
1779898935.957,0x100,8,00 0E 2D 60 DC 03 2D 1E,speed=0.00
1779898936.084,0x200,8,D2 64 5D 13 B5 D4 3D 5C,fuel=100.00
1779898936.140,0x300,8,02 73 79 67 1D 8A 4F 29,temp=42.00
1779898936.239,0x100,8,00 03 D7 AA BE F7 98 E5,speed=0.00
1779898936.340,0x200,8,4B 64 67 63 29 0C D7 3D,fuel=100.00
1779898936.435,0x300,8,02 C9 CD 91 9E 8C 73 BF,temp=42.00
1779898936.527,0x100,8,00 03 DA 3C 5E 21 2A AB,speed=0.00
1779898936.613,0x200,8,3C 64 9F 2B 7B F0 7D 87,fuel=100.00
1779898936.710,0x300,8,02 8A F3 F6 20 77 63 41,temp=42.00
1779898936.790,0x100,8,00 02 CA 6E 44 D8 7D 54,speed=0.00
1779898936.890,0x200,8,6D 64 99 AC C8 E2 85 B8,fuel=100.00
1779898936.997,0x300,8,02 3A 9A 51 DD 55 02 C0,temp=42.00
1779898937.074,0x100,8,00 71 34 2A 1C 81 DF 3D,speed=0.00
1779898937.177,0x200,8,6E 64 6C 32 03 30 61 96,fuel=100.00
1779898937.264,0x300,8,02 3E 85 BC 59 19 4D 35,temp=42.00
1779898937.363,0x100,8,00 FE F8 73 FD C6 D9 E9,speed=0.00
1779898937.467,0x200,8,C8 64 DD 3B 12 CF 23 49,fuel=100.00
1779898937.552,0x300,8,02 55 0D 93 95 5D 9F B0,temp=42.00
1779898937.648,0x100,8,00 55 87 47 02 FE A2 51,speed=0.00
1779898937.736,0x200,8,D1 64 A0 1C DC 89 2C 49,fuel=100.00
1779898937.826,0x300,8,02 C7 CC 62 C4 EB 6A 8D,temp=42.00
1779898937.924,0x100,8,00 42 74 3E 96 47 DA 0C,speed=0.00
1779898938.033,0x200,8,54 64 CC 73 BD F7 2E BF,fuel=100.00
1779898938.129,0x300,8,02 8F D6 4B 09 D2 F3 8D,temp=42.00
1779898938.231,0x100,8,00 7C 4F A3 BD E3 52 C9,speed=0.00
1779898938.311,0x200,8,12 64 5A 57 38 6E 1B A6,fuel=100.00
1779898938.413,0x300,8,02 D1 BA CC 25 03 3E F6,temp=42.00
1779898938.500,0x100,8,00 D1 9C 8D BF 6C 41 A6,speed=0.00
1779898938.597,0x200,8,C1 64 0F 4F 46 5E 9E 48,fuel=100.00
1779898938.696,0x300,8,02 43 BA 9F A5 BF 50 86,temp=42.00
1779898938.780,0x100,8,00 EC 10 EE 34 B9 D3 B6,speed=0.00
1779898938.887,0x200,8,3E 64 40 37 22 35 89 35,fuel=100.00
1779898938.993,0x300,8,02 F3 AB BA E5 69 08 03,temp=42.00
1779898939.063,0x100,8,00 A3 C2 5E 8C FF 3D 82,speed=0.00
1779898939.180,0x200,8,25 64 89 F9 FD 30 A8 66,fuel=100.00
1779898939.274,0x300,8,02 C5 F6 95 7C F6 0D 24,temp=42.00
1779898939.342,0x100,8,00 45 EE 4F 00 0A 22 4C,speed=0.00
1779898939.441,0x200,8,D1 64 5A A1 2A 07 52 BE,fuel=100.00
1779898939.528,0x300,8,02 CF AB 18 2F 41 DF 39,temp=42.00
1779898939.627,0x100,8,00 4C D7 EB F4 5C BA 84,speed=0.00
1779898939.737,0x200,8,49 64 B0 61 CA 31 13 9D,fuel=100.00
1779898939.823,0x300,8,02 A9 20 2E F2 30 38 BC,temp=42.00
1779898939.940,0x100,8,00 F6 31 48 41 C3 3E 0B,speed=0.00
1779898940.014,0x200,8,E2 64 B4 42 D9 66 76 DE,fuel=100.00
1779898940.114,0x300,8,02 CE 3A A1 B6 79 DD F3,temp=42.00
1779898940.222,0x100,8,00 48 88 37 EE D2 B0 80,speed=0.00
1779898940.299,0x200,8,96 64 D3 E9 0B 7E 40 E0,fuel=100.00
1779898940.387,0x300,8,02 2A FD 0F C9 1D 57 84,temp=42.00
1779898940.511,0x100,8,00 08 1B 09 C6 F0 98 EF,speed=0.00
1779898940.581,0x200,8,69 64 6C FE EC E3 C3 44,fuel=100.00
1779898940.685,0x300,8,02 12 36 D7 1D A8 AC 58,temp=42.00
1779898940.786,0x100,8,00 B0 32 00 AE B3 95 48,speed=0.00
1779898940.858,0x200,8,74 64 15 CC 07 B3 CD A0,fuel=100.00
1779898940.966,0x300,8,02 8D 28 3C F4 54 50 B3,temp=42.00
1779898941.067,0x100,8,00 9C 49 72 52 D9 6F 25,speed=0.00
1779898941.161,0x200,8,15 64 EF 29 A4 79 8A 3D,fuel=100.00
1779898941.234,0x300,8,02 8A FB B7 56 8C B6 D9,temp=42.00
1779898941.327,0x100,8,00 52 6E D9 9D EA D0 AF,speed=0.00
1779898941.427,0x200,8,CD 64 6E B5 76 4F 9D 95,fuel=100.00
1779898941.517,0x300,8,02 90 FC F7 05 9F 41 5D,temp=42.00
1779898941.606,0x100,8,00 10 9B 4F A1 84 2E 39,speed=0.00
1779898941.700,0x200,8,CD 64 E7 EF AF D1 6F FA,fuel=100.00
1779898941.793,0x300,8,02 4D 1E 26 A8 D0 2E 8A,temp=42.00
1779898941.883,0x100,8,00 60 BB E3 D2 51 AA 89,speed=0.00
1779898941.993,0x200,8,1D 64 A8 F8 DE C2 FF C0,fuel=100.00
1779898942.072,0x300,8,02 6A F4 E4 0C B7 91 8D,temp=42.00
1779898942.166,0x100,8,00 00 80 72 93 D5 D3 4F,speed=0.00
1779898942.268,0x200,8,9F 64 E7 54 14 94 20 E0,fuel=100.00
1779898942.364,0x300,8,02 8C E5 A5 23 6F A6 12,temp=42.00
1779898942.491,0x100,8,00 1A AE E2 00 C9 51 20,speed=0.00
1779898942.564,0x200,8,73 64 4D BB 04 2E 42 65,fuel=100.00
1779898942.640,0x300,8,02 AE 5C E0 02 FF CF 06,temp=42.00
1779898942.765,0x100,8,00 0E 96 10 B7 AF 92 EB,speed=0.00
1779898942.828,0x200,8,7D 64 A3 F5 FA FA E5 AA,fuel=100.00
1779898942.928,0x300,8,02 3A F2 C7 9B 6C F3 06,temp=42.00
1779898943.026,0x100,8,00 E6 52 FF D0 34 05 C7,speed=0.00
1779898943.107,0x200,8,3C 64 21 F5 67 E1 23 DB,fuel=100.00
1779898943.211,0x300,8,02 6F 98 62 BC 7F E3 AD,temp=42.00
1779898943.323,0x100,8,00 05 12 1D 94 2D 70 04,speed=0.00
1779898943.401,0x200,8,E1 64 73 D8 AC 44 DB 24,fuel=100.00
1779898943.506,0x300,8,02 26 77 88 09 15 06 EF,temp=42.00
1779898943.609,0x100,8,00 B4 81 2A 7F 73 11 01,speed=0.00
1779898943.673,0x200,8,A6 64 0B 48 51 A4 1D B2,fuel=100.00
1779898943.781,0x300,8,02 17 66 8A 4C 20 71 10,temp=42.00
1779898943.878,0x100,8,00 5E CA 2C C3 22 EE 86,speed=0.00
1779898943.972,0x200,8,3F 64 0C FD 53 DE 4F 5E,fuel=100.00
1779898944.048,0x300,8,02 75 E1 57 D4 0C F8 DD,temp=42.00
1779898944.144,0x100,8,00 27 80 AD 11 1D 94 7F,speed=0.00
1779898944.230,0x200,8,AF 64 EE 1B 13 9B 4D 0E,fuel=100.00
1779898944.332,0x300,8,02 6C 29 EF 8C EA FA 1C,temp=42.00
1779898944.426,0x100,8,00 EA AF DD ED D9 23 77,speed=0.00
1779898944.519,0x200,8,81 64 C2 C9 59 EC 00 B3,fuel=100.00
1779898944.607,0x300,8,02 4A A7 79 1D 72 A3 F6,temp=42.00
1779898944.701,0x100,8,00 20 35 38 2D C4 40 16,speed=0.00
1779898944.804,0x200,8,93 64 B8 CF 18 BC C2 A0,fuel=100.00
1779898944.895,0x300,8,02 1F EB 84 68 DC E4 2F,temp=42.00
1779898944.999,0x100,8,00 FA D6 76 8C D3 71 03,speed=0.00
1779898945.074,0x200,8,CB 64 2E 67 CA 2C 6A 3F,fuel=100.00
1779898945.187,0x300,8,02 17 11 65 7A A1 1C C3,temp=42.00
1779898945.263,0x100,8,00 97 C9 7B 9E 67 7F 36,speed=0.00
1779898945.360,0x200,8,D0 64 87 43 01 B8 8F 7C,fuel=100.00
1779898945.465,0x300,8,02 E8 92 73 09 61 31 F0,temp=42.00
1779898945.543,0x100,8,00 B9 61 BC AE 21 85 B3,speed=0.00
1779898945.665,0x200,8,5C 64 90 4C 2F DB 23 FD,fuel=100.00
1779898945.776,0x300,8,02 E4 27 39 53 24 70 C7,temp=42.00
1779898945.844,0x100,8,00 3B 40 DD 79 C2 8A 3A,speed=0.00
1779898945.919,0x200,8,B2 64 2E 8C E1 76 37 51,fuel=100.00
1779898946.014,0x300,8,02 C3 06 92 EE FA 8C BC,temp=42.00
1779898946.106,0x100,8,00 CD 4C D4 D9 EE A8 B0,speed=0.00
1779898946.200,0x200,8,A0 64 FC 78 C8 EF 18 33,fuel=100.00
1779898946.292,0x300,8,02 3D 15 80 39 33 59 B4,temp=42.00
1779898946.400,0x100,8,00 E0 C8 31 89 60 4F 05,speed=0.00
1779898946.517,0x200,8,68 64 82 E0 D9 C9 50 D5,fuel=100.00
1779898946.583,0x300,8,02 46 6C 1E 38 A1 98 B7,temp=42.00
1779898946.695,0x100,8,00 AE 4D 55 24 0E 65 AA,speed=0.00
1779898946.766,0x200,8,5B 64 0B 4D 7F 02 4E A8,fuel=100.00
1779898946.868,0x300,8,02 07 2B F3 84 C8 4F B0,temp=42.00
1779898946.958,0x100,8,00 7A DB A2 7D 56 FF 2A,speed=0.00
1779898947.060,0x200,8,C7 64 FA 64 B1 7A 9D 06,fuel=100.00
1779898947.135,0x300,8,02 40 70 C2 D2 B0 1B 3B,temp=42.00
1779898947.241,0x100,8,00 51 0E DF EC 24 A0 66,speed=0.00
1779898947.329,0x200,8,3F 64 04 72 A7 B8 9C AC,fuel=100.00
1779898947.439,0x300,8,02 8D EC 0F B5 0A 8F 3F,temp=42.00
1779898947.553,0x100,8,00 11 2F 59 1C 17 50 FF,speed=0.00
1779898947.632,0x200,8,B0 64 E7 3F B6 A7 F3 1F,fuel=100.00
1779898947.708,0x300,8,02 40 87 2D 6A A8 C2 63,temp=42.00
1779898947.807,0x100,8,00 40 0C 79 AB C5 59 9E,speed=0.00
1779898947.906,0x200,8,7A 64 8F C6 21 23 8E 41,fuel=100.00
1779898947.985,0x300,8,02 C6 F8 33 CE A5 E6 4E,temp=42.00
1779898948.091,0x100,8,00 12 82 9F 5D 4B CD AA,speed=0.00
1779898948.179,0x200,8,3C 64 F3 82 5E 1A 8A 55,fuel=100.00
1779898948.269,0x300,8,02 B1 87 DE 3E 6A C0 35,temp=42.00
1779898948.362,0x100,8,00 CE B8 A9 81 2C 1C 30,speed=0.00
1779898948.483,0x200,8,B0 64 E3 1A AC E7 EC F7,fuel=100.00
1779898948.556,0x300,8,02 A5 2A F1 5B 1C 5D 83,temp=42.00
1779898948.644,0x100,8,00 4C A1 4B 9B 23 4F B2,speed=0.00
1779898948.751,0x200,8,65 64 D5 97 F0 C4 C7 A9,fuel=100.00
1779898948.841,0x300,8,02 4B A0 92 71 77 FE D2,temp=42.00
1779898948.942,0x100,8,00 49 C5 0D 08 8D CB 91,speed=0.00
1779898949.026,0x200,8,95 64 32 FE 49 8E 14 66,fuel=100.00
1779898949.121,0x300,8,02 90 9B 07 88 44 81 C1,temp=42.00
1779898949.198,0x100,8,00 9A D1 38 5D C2 E6 A1,speed=0.00
1779898949.312,0x200,8,7A 64 0B 0E 85 0F 00 72,fuel=100.00
1779898949.387,0x300,8,02 17 A4 D4 D2 06 84 0A,temp=42.00
1779898949.494,0x100,8,00 EF AB 63 A6 32 CD 01,speed=0.00
1779898949.582,0x200,8,67 64 28 D2 FF FA 0D 6A,fuel=100.00
1779898949.676,0x300,8,02 45 0A 6A CF 86 67 4A,temp=42.00
1779898949.758,0x100,8,00 D7 72 0D 26 44 21 26,speed=0.00
1779898949.863,0x200,8,7F 64 A4 9C 00 0A D0 0A,fuel=100.00
1779898949.959,0x300,8,02 FE 90 81 70 E7 EE AA,temp=42.00
1779898950.048,0x100,8,00 4E 33 EE 8F 2C 01 CE,speed=0.00
1779898950.135,0x200,8,46 64 0A DC AD A2 C8 B6,fuel=100.00
1779898950.237,0x300,8,02 F8 E6 18 D1 16 96 BC,temp=42.00
1779898950.344,0x100,8,00 9C 11 16 8E 11 2A BE,speed=0.00
1779898950.453,0x200,8,EC 64 D4 33 23 2C D0 5E,fuel=100.00
1779898950.543,0x300,8,02 C9 01 C4 B8 BB 0E 75,temp=42.00
1779898950.604,0x100,8,00 0F 57 B4 32 6A 8E CB,speed=0.00
1779898950.720,0x200,8,26 64 76 C7 BD 20 2B 06,fuel=100.00
1779898950.826,0x300,8,02 DD B3 29 A3 22 CF 7B,temp=42.00
1779898950.898,0x100,8,00 89 6E 74 D3 E3 6B 5D,speed=0.00
1779898950.983,0x200,8,FF 64 7D 98 84 E4 16 5B,fuel=100.00
1779898951.091,0x300,8,02 26 B7 CE 2D E6 AC E4,temp=42.00
1779898951.181,0x100,8,00 BB 3D 14 F5 2B 22 1B,speed=0.00
1779898951.264,0x200,8,AA 64 A5 DA B2 57 86 98,fuel=100.00
1779898951.368,0x300,8,02 50 D9 86 D1 E4 0C 0A,temp=42.00
1779898951.462,0x100,8,00 9B E7 07 E0 79 52 A1,speed=0.00
1779898951.560,0x200,8,49 64 B6 F8 85 47 F6 46,fuel=100.00
1779898951.640,0x300,8,02 AA 7E 6E 84 73 BC 3F,temp=42.00
1779898951.747,0x100,8,00 8D 76 DB 06 50 5F D6,speed=0.00
1779898951.822,0x200,8,4A 64 92 1F 46 B3 90 FE,fuel=100.00
1779898951.920,0x300,8,02 10 E2 62 41 1F 96 DC,temp=42.00
1779898952.024,0x100,8,00 D4 9F 65 9F A9 83 62,speed=0.00
1779898952.113,0x200,8,0D 64 EE AC BF 54 1B E8,fuel=100.00
1779898952.209,0x300,8,02 97 EF 04 ED 56 27 F7,temp=42.00
1779898952.294,0x100,8,00 2F 24 CC 1E 9A D7 0F,speed=0.00
1779898952.399,0x200,8,E5 64 A4 0B 9C 88 EC 17,fuel=100.00
1779898952.503,0x300,8,02 29 C9 92 46 8E C6 01,temp=42.00
1779898952.595,0x100,8,00 15 28 E9 96 D6 10 1C,speed=0.00
1779898952.697,0x200,8,6D 64 CA 0B BF D5 2B A9,fuel=100.00
1779898952.767,0x300,8,02 6B 09 0B C4 B2 26 9D,temp=42.00
1779898952.867,0x100,8,00 AA 56 90 A6 C6 81 06,speed=0.00
1779898952.976,0x200,8,4B 64 86 2A 24 7C 3F E5,fuel=100.00
1779898953.058,0x300,8,02 14 32 C5 0E E3 14 FC,temp=42.00
1779898953.140,0x100,8,00 F3 A0 2B 69 FA 09 E6,speed=0.00
1779898953.231,0x200,8,94 64 3A 97 E4 EA 83 39,fuel=100.00
1779898953.326,0x300,8,02 21 1B 9D 09 C2 02 34,temp=42.00
1779898953.423,0x100,8,00 0C D4 56 C0 3E AC 30,speed=0.00
1779898953.540,0x200,8,9B 64 1A 71 FB 4A 46 72,fuel=100.00
1779898953.609,0x300,8,02 46 0B CD 9A 61 AE 22,temp=42.00
1779898953.723,0x100,8,00 F0 E4 C0 3E E2 26 5C,speed=0.00
1779898953.797,0x200,8,0E 64 B1 75 6D AA 4C FD,fuel=100.00
1779898953.908,0x300,8,02 83 FB 01 BE 8A 62 E6,temp=42.00
1779898953.996,0x100,8,00 60 31 D2 F6 F7 53 A6,speed=0.00
1779898954.086,0x200,8,D8 64 86 04 3C 52 C8 AC,fuel=100.00
1779898954.191,0x300,8,02 11 98 C9 03 C2 69 42,temp=42.00
1779898954.261,0x100,8,00 5B 0F 87 03 95 BF 32,speed=0.00
1779898954.357,0x200,8,9A 64 D6 50 70 22 63 EC,fuel=100.00
1779898954.471,0x300,8,02 F8 02 C4 FF 5F 70 EC,temp=42.00
1779898954.556,0x100,8,00 4B 56 D6 EF BB BB CB,speed=0.00
1779898954.637,0x200,8,41 64 60 11 C3 C6 BF 3E,fuel=100.00
1779898954.738,0x300,8,02 17 A2 76 F8 36 FB 38,temp=42.00
1779898954.824,0x100,8,00 B2 EA 59 EA 4D A7 D9,speed=0.00
1779898954.914,0x200,8,72 64 E2 14 09 83 CA A1,fuel=100.00
1779898955.011,0x300,8,02 F6 60 FE F2 AA 08 2C,temp=42.00
1779898955.119,0x100,8,00 A9 DF 47 DC 83 F9 89,speed=0.00
1779898955.210,0x200,8,69 64 34 71 34 AA 1F E8,fuel=100.00
1779898955.291,0x300,8,02 C6 72 0F 85 5B A7 D4,temp=42.00
1779898955.395,0x100,8,00 F2 02 A6 30 9B 1B 32,speed=0.00
1779898955.488,0x200,8,6F 64 88 27 1C 9F A3 44,fuel=100.00
1779898955.591,0x300,8,02 2A 21 85 ED 17 10 9D,temp=42.00
1779898955.684,0x100,8,00 FD 9E 89 9E 9D C6 0B,speed=0.00
1779898955.793,0x200,8,C5 64 CD E5 A3 4F FD 4C,fuel=100.00
1779898955.861,0x300,8,02 34 5B 03 71 80 1D F0,temp=42.00
1779898955.974,0x100,8,00 88 E8 16 0B A6 F2 E7,speed=0.00
1779898956.078,0x200,8,22 64 BE C7 04 34 20 B0,fuel=100.00
1779898956.140,0x300,8,02 45 00 E9 3D 34 16 30,temp=42.00
1779898956.236,0x100,8,00 88 2D BC 97 25 C8 9B,speed=0.00
1779898956.338,0x200,8,EC 64 B0 6F C4 7D 12 3E,fuel=100.00
1779898956.421,0x300,8,02 56 CE 17 7A 02 7B D1,temp=42.00
1779898956.533,0x100,8,00 88 B0 2A 50 BC A6 12,speed=0.00
1779898956.624,0x200,8,64 64 EB 59 14 F6 17 18,fuel=100.00
1779898956.710,0x300,8,02 80 C0 16 D1 D1 33 51,temp=42.00
1779898956.803,0x100,8,00 F0 0F EB D9 7F FD A8,speed=0.00
1779898956.897,0x200,8,30 64 D3 FD BE FD D2 8B,fuel=100.00
1779898956.982,0x300,8,02 36 1C 2A 39 78 54 5E,temp=42.00
1779898957.092,0x100,8,00 F7 91 AF 3D 45 5F 2C,speed=0.00
1779898957.176,0x200,8,76 64 B8 82 C8 33 A0 38,fuel=100.00
1779898957.261,0x300,8,02 13 08 9D 0F 92 31 4C,temp=42.00
1779898957.375,0x100,8,00 77 3B 04 16 66 54 34,speed=0.00
1779898957.467,0x200,8,15 64 24 51 DF 32 BD 93,fuel=100.00
1779898957.566,0x300,8,02 C8 20 DA 98 28 1C E5,temp=42.00
1779898957.662,0x100,8,00 2B 21 C5 D7 8D 7C EC,speed=0.00
1779898957.729,0x200,8,2D 64 AE 30 EB 2C F9 D5,fuel=100.00
1779898957.822,0x300,8,02 DE 48 E6 DA AB 39 3E,temp=42.00
1779898957.919,0x100,8,00 B2 0F 52 69 31 F6 07,speed=0.00
1779898958.036,0x200,8,6F 64 1A 8B 6C B7 1C 38,fuel=100.00
1779898958.123,0x300,8,02 7F 09 36 EE C2 77 47,temp=42.00
1779898958.211,0x100,8,00 B7 D4 79 B7 1B 05 72,speed=0.00
1779898958.297,0x200,8,95 64 F7 21 08 18 C8 FE,fuel=100.00
1779898958.386,0x300,8,02 24 F8 4E 28 EB 26 4D,temp=42.00
1779898958.509,0x100,8,00 03 DA 19 04 1E E9 3E,speed=0.00
1779898958.575,0x200,8,33 64 5E BC B6 47 F4 C4,fuel=100.00
1779898958.690,0x300,8,02 00 EB 70 E5 D3 40 96,temp=42.00
1779898958.777,0x100,8,00 9B 85 F4 BA 62 8F 61,speed=0.00
1779898958.877,0x200,8,FB 64 24 29 DE 37 33 72,fuel=100.00
1779898958.967,0x300,8,02 FA 1E 7A F8 84 F2 5B,temp=42.00
1779898959.058,0x100,8,00 97 6E 75 45 F5 6F 5F,speed=0.00
1779898959.142,0x200,8,80 64 B5 63 47 65 71 FD,fuel=100.00
1779898959.255,0x300,8,02 52 F8 EC 3B 6F 56 93,temp=42.00
1779898959.342,0x100,8,00 CC 7A 2E EC B6 53 CC,speed=0.00
1779898959.433,0x200,8,C0 64 66 04 14 30 8C 32,fuel=100.00
1779898959.541,0x300,8,02 05 6F F0 BE 35 48 83,temp=42.00
1779898959.627,0x100,8,00 15 90 97 8B 78 F4 82,speed=0.00
1779898959.706,0x200,8,50 64 3B E8 C2 41 35 CB,fuel=100.00
1779898959.796,0x300,8,02 E2 2F E0 D0 23 02 0B,temp=42.00
1779898959.889,0x100,8,00 18 92 7F 0D 42 39 03,speed=0.00
1779898959.985,0x200,8,AA 64 07 C4 FD 28 85 A6,fuel=100.00
1779898960.074,0x300,8,02 AF A9 A3 97 7D 1D BD,temp=42.00
1779898960.187,0x100,8,00 D8 AD 57 CB 65 D6 8C,speed=0.00
1779898960.277,0x200,8,23 64 8D A9 4A B2 41 1A,fuel=100.00
1779898960.358,0x300,8,02 DB 66 08 4F F0 D8 F2,temp=42.00
1779898960.467,0x100,8,00 2B BC 11 F6 A0 63 50,speed=0.00
1779898960.565,0x200,8,C5 64 EE 34 75 92 0F DE,fuel=100.00
1779898960.657,0x300,8,02 CC FE AF BF FF 0E 5E,temp=42.00
1779898960.748,0x100,8,00 CB 42 7B 70 4D 9E 12,speed=0.00
1779898960.839,0x200,8,ED 64 A5 C5 83 A9 1B 16,fuel=100.00
1779898960.932,0x300,8,02 CF 6E 2B F6 D3 37 5A,temp=42.00
1779898961.024,0x100,8,00 7F D1 A1 B3 48 7C 45,speed=0.00
1779898961.130,0x200,8,4E 64 3C 8F AF 92 78 D3,fuel=100.00
1779898961.211,0x300,8,02 F4 F1 31 7E 0F 6D 5B,temp=42.00
1779898961.302,0x100,8,00 58 2F 2B A2 4E F7 F6,speed=0.00
1779898961.391,0x200,8,40 64 76 B9 B0 6B 72 72,fuel=100.00
1779898961.490,0x300,8,02 3C 1A 93 71 73 73 5A,temp=42.00
1779898961.591,0x100,8,00 00 3F 14 38 E4 E1 AF,speed=0.00
1779898961.691,0x200,8,B1 64 A1 96 59 0C 48 31,fuel=100.00
1779898961.791,0x300,8,02 57 E4 58 FA 56 24 ED,temp=42.00
1779898961.855,0x100,8,00 5F 2A 40 C7 11 E8 9E,speed=0.00
1779898961.967,0x200,8,CB 64 D4 85 74 06 E1 4D,fuel=100.00
1779898962.048,0x300,8,02 9E 47 93 12 B3 7C 3E,temp=42.00
1779898962.147,0x100,8,00 C0 1E D3 15 56 48 99,speed=0.00
1779898962.243,0x200,8,64 64 E9 B1 C0 52 96 3A,fuel=100.00
1779898962.329,0x300,8,02 3C 24 F1 02 D9 D9 78,temp=42.00
1779898962.419,0x100,8,00 04 37 45 07 9A 38 E3,speed=0.00
1779898962.515,0x200,8,94 64 E0 00 42 B3 F7 B3,fuel=100.00
1779898962.607,0x300,8,02 A2 65 A6 3A C4 37 C6,temp=42.00
1779898962.722,0x100,8,00 85 A1 68 6B 28 2D 7A,speed=0.00
1779898962.804,0x200,8,E0 64 C1 59 F3 4A 17 12,fuel=100.00
1779898962.897,0x300,8,02 70 25 8D E4 47 D9 63,temp=42.00
1779898962.989,0x100,8,00 E7 40 D9 D7 DF 97 D9,speed=0.00
1779898963.080,0x200,8,72 64 8B 1D 40 32 E8 37,fuel=100.00
1779898963.185,0x300,8,02 F0 5B 6D 71 21 EF D2,temp=42.00
1779898963.283,0x100,8,00 23 64 F2 22 4A 17 76,speed=0.00
1779898963.368,0x200,8,25 64 5E AD 53 5B E6 24,fuel=100.00
1779898963.453,0x300,8,02 54 F5 60 15 4B 67 E1,temp=42.00
1779898963.553,0x100,8,00 2F BD 20 BE 50 FE 72,speed=0.00
1779898963.656,0x200,8,9B 64 86 E0 E0 AA 34 BD,fuel=100.00
1779898963.746,0x300,8,02 3E FF 95 B4 62 B2 3F,temp=42.00
1779898963.840,0x100,8,00 3E C1 C3 CF 51 2A 8D,speed=0.00
1779898963.933,0x200,8,B8 64 B5 29 63 B3 98 F4,fuel=100.00
1779898964.023,0x300,8,02 B4 14 07 AD A9 2E D9,temp=42.00
1779898964.130,0x100,8,00 E9 9B 57 D7 01 7B 2C,speed=0.00
1779898964.214,0x200,8,B5 64 1E 93 A5 C2 1E 4C,fuel=100.00
1779898964.297,0x300,8,02 AE C4 62 09 FA EA 3C,temp=42.00
1779898964.411,0x100,8,00 B1 7B 6E EB 5A 96 EA,speed=0.00
1779898964.513,0x200,8,FC 64 EE 36 6E C4 17 23,fuel=100.00
1779898964.576,0x300,8,02 EF 96 2C 46 2B A8 2D,temp=42.00
1779898964.690,0x100,8,00 A5 47 33 A7 3A 31 57,speed=0.00
1779898964.779,0x200,8,DD 64 63 ED 7E F9 48 E7,fuel=100.00
1779898964.868,0x300,8,02 D9 DA 8A 59 5D 82 BE,temp=42.00
1779898964.958,0x100,8,00 A5 F7 15 5E 90 AB D8,speed=0.00
1779898965.053,0x200,8,41 64 17 61 6D F1 C3 EC,fuel=100.00
1779898965.152,0x300,8,02 17 91 11 38 55 E5 0B,temp=42.00
1779898965.241,0x100,8,00 44 AD 63 BB 8D 35 CD,speed=0.00
1779898965.324,0x200,8,DE 64 CD C1 86 CB AA EA,fuel=100.00
1779898965.437,0x300,8,02 D2 0A 15 73 D5 F2 00,temp=42.00
1779898965.522,0x100,8,00 62 43 9E 38 97 5A 05,speed=0.00
1779898965.616,0x200,8,E4 64 DB 92 4A 05 62 DB,fuel=100.00
1779898965.710,0x300,8,02 6C 0E E3 EF 9E C8 3E,temp=42.00
1779898965.798,0x100,8,00 78 C9 AD 54 32 8A BA,speed=0.00
1779898965.887,0x200,8,37 64 8E A8 D2 AE 68 D4,fuel=100.00
1779898965.985,0x300,8,02 58 46 2D 3B 46 D8 B0,temp=42.00
1779898966.085,0x100,8,00 C0 E2 F4 E5 18 CA 2C,speed=0.00
1779898966.177,0x200,8,43 64 C7 A0 28 AF 29 37,fuel=100.00
1779898966.284,0x300,8,02 4F 89 8A 1B 66 45 93,temp=42.00
1779898966.368,0x100,8,00 24 4D B0 2C 80 A4 A2,speed=0.00
1779898966.449,0x200,8,32 64 9D FB 15 F6 BF 07,fuel=100.00
1779898966.558,0x300,8,02 37 BB A2 1D CF C2 E0,temp=42.00
1779898966.653,0x100,8,00 31 83 D5 71 6C 33 24,speed=0.00
1779898966.742,0x200,8,91 64 E2 B6 41 E1 4D CA,fuel=100.00
1779898966.830,0x300,8,02 B4 55 82 47 11 F7 F2,temp=42.00
1779898966.941,0x100,8,00 0D DC 94 53 AF F0 D2,speed=0.00
1779898967.031,0x200,8,83 64 B9 2F 7C 11 AD 7E,fuel=100.00
1779898967.106,0x300,8,02 2E D3 10 23 AC 27 82,temp=42.00
1779898967.214,0x100,8,00 74 5F 8D 2C D3 97 B8,speed=0.00
1779898967.307,0x200,8,4B 64 F4 22 19 40 A7 1D,fuel=100.00
1779898967.427,0x300,8,02 49 46 24 5F 01 F3 B3,temp=42.00
1779898967.508,0x100,8,00 24 AF 72 A7 D7 8D 81,speed=0.00
1779898967.604,0x200,8,B8 64 E1 76 4D C8 9E 98,fuel=100.00
1779898967.703,0x300,8,02 3C 08 31 84 8E AD E2,temp=42.00
1779898967.810,0x100,8,00 C3 83 7A 62 0C B6 04,speed=0.00
1779898967.885,0x200,8,41 64 A5 5A E7 2B 8B FD,fuel=100.00
1779898967.971,0x300,8,02 5C 9B C1 08 58 24 75,temp=42.00
1779898968.066,0x100,8,00 13 8C 1C 54 EE 3D 82,speed=0.00
1779898968.169,0x200,8,F2 64 A4 34 07 2C 9C 20,fuel=100.00
1779898968.246,0x300,8,02 EC A7 BF 87 00 51 4B,temp=42.00
1779898968.337,0x100,8,00 99 CE 6F 12 0F 25 99,speed=0.00
1779898968.433,0x200,8,75 64 64 FC 24 5A BB 40,fuel=100.00
1779898968.563,0x300,8,02 C1 F7 77 1B F6 3E B7,temp=42.00
1779898968.632,0x100,8,00 3D 88 99 EE F1 9A F4,speed=0.00
1779898968.713,0x200,8,DD 64 39 B6 22 CC 07 D3,fuel=100.00
1779898968.828,0x300,8,02 01 BB 2D 90 6A 14 FD,temp=42.00
1779898968.921,0x100,8,00 6A 77 89 8B 54 13 2A,speed=0.00
1779898969.009,0x200,8,E8 64 88 B0 54 BE E4 49,fuel=100.00
1779898969.097,0x300,8,02 97 94 27 C2 DC F7 E1,temp=42.00
1779898969.184,0x100,8,00 97 E6 24 BD DD 78 87,speed=0.00
1779898969.294,0x200,8,2D 64 75 79 7B 4D 24 D4,fuel=100.00
1779898969.385,0x300,8,02 FC FC 94 84 B8 46 8D,temp=42.00
1779898969.498,0x100,8,00 A8 0A F8 83 4A FF BB,speed=0.00
1779898969.578,0x200,8,94 64 F3 E3 20 81 47 94,fuel=100.00
1779898969.672,0x300,8,02 4E F3 C0 5C 26 05 85,temp=42.00
1779898969.754,0x100,8,00 0D F4 0E 57 32 DA 28,speed=0.00
1779898969.850,0x200,8,D0 64 12 61 06 96 10 F2,fuel=100.00
1779898969.947,0x300,8,02 25 63 A2 71 4A 10 0F,temp=42.00
1779898970.048,0x100,8,00 41 04 C2 65 B7 F0 A9,speed=0.00
1779898970.126,0x200,8,DC 64 10 5B 64 E2 E4 E1,fuel=100.00
1779898970.219,0x300,8,02 70 AB 29 AB 8B C1 69,temp=42.00
1779898970.320,0x100,8,00 72 D5 81 DF FD 23 80,speed=0.00
1779898970.409,0x200,8,3D 64 B6 A2 F5 86 58 CA,fuel=100.00
1779898970.503,0x300,8,02 3E 8E E7 35 08 60 53,temp=42.00
1779898970.602,0x100,8,00 78 8E E2 2A 01 AB 21,speed=0.00
1779898970.706,0x200,8,6E 64 17 1F 20 42 51 A4,fuel=100.00
1779898970.792,0x300,8,02 E2 CE 85 52 6C 48 FD,temp=42.00
1779898970.884,0x100,8,00 99 D1 B2 7A 7A 5D B9,speed=0.00
1779898970.994,0x200,8,A6 64 1E 71 AA B5 6D CF,fuel=100.00
1779898971.081,0x300,8,02 50 0A ED 4C 66 6C 4F,temp=42.00
1779898971.172,0x100,8,00 DC 72 46 13 D1 7C D4,speed=0.00
1779898971.260,0x200,8,CD 64 89 58 7C 11 31 FE,fuel=100.00
1779898971.343,0x300,8,02 6E B9 2D 1C 66 59 E0,temp=42.00
1779898971.460,0x100,8,00 3E 47 9A 93 2B 83 28,speed=0.00
1779898971.553,0x200,8,DF 64 02 80 62 7A 2C A6,fuel=100.00
1779898971.620,0x300,8,02 C2 C7 AE F8 9E 69 07,temp=42.00
1779898971.739,0x100,8,00 B4 63 2C 6D 7E 62 F3,speed=0.00
1779898971.808,0x200,8,78 64 C6 41 86 7E 6B FF,fuel=100.00
1779898971.916,0x300,8,02 35 41 8C 56 9E 2D 7E,temp=42.00
1779898972.007,0x100,8,00 F4 90 40 DF 60 4A 8D,speed=0.00
1779898972.094,0x200,8,42 64 E0 02 56 91 B6 F9,fuel=100.00
1779898972.200,0x300,8,02 20 29 B6 78 3E 23 13,temp=42.00
1779898972.306,0x100,8,00 6A 23 24 59 0D 41 D7,speed=0.00
1779898972.386,0x200,8,B2 64 9E A4 8F 5D 44 6F,fuel=100.00
1779898972.488,0x300,8,02 38 8B DE 5E BC 68 98,temp=42.00
1779898972.556,0x100,8,00 E3 62 6C 42 4D AB D8,speed=0.00
1779898972.652,0x200,8,9C 64 E1 7C 8D 8B 4C 3E,fuel=100.00
1779898972.756,0x300,8,02 17 8D 1B 37 9F 1F 04,temp=42.00
1779898972.849,0x100,8,00 AF 31 C5 EF 45 3D 82,speed=0.00
1779898972.940,0x200,8,0A 64 5C 4B 1D 94 81 A0,fuel=100.00
1779898973.043,0x300,8,02 09 9F B8 41 B1 99 EB,temp=42.00
1779898973.125,0x100,8,00 6E 68 D0 F9 48 39 A9,speed=0.00
1779898973.227,0x200,8,B0 64 4D 0E 1A 02 49 C8,fuel=100.00
1779898973.311,0x300,8,02 C7 B5 45 A6 F2 C8 B6,temp=42.00
1779898973.411,0x100,8,00 B4 8E F7 B4 72 18 05,speed=0.00
1779898973.505,0x200,8,23 64 EE FC E4 37 9B EC,fuel=100.00
1779898973.597,0x300,8,02 C0 88 07 5C 20 92 7B,temp=42.00
1779898973.703,0x100,8,00 30 9C 10 F9 3E C3 26,speed=0.00
1779898973.800,0x200,8,05 64 D1 8B 76 CA 7B 71,fuel=100.00
1779898973.879,0x300,8,02 82 DB 42 A0 BA C2 0D,temp=42.00
1779898973.965,0x100,8,00 09 82 DF 7C 1B 61 C6,speed=0.00
1779898974.067,0x200,8,04 64 7A 9D AB 7A 52 F6,fuel=100.00
1779898974.185,0x300,8,02 C3 9C EC BF 79 7B 8F,temp=42.00
1779898974.260,0x100,8,00 FA DA D3 6F 20 B8 27,speed=0.00
1779898974.344,0x200,8,2F 64 74 7A 1E 22 B0 A3,fuel=100.00
1779898974.447,0x300,8,02 8B CE D1 CD 73 5F 42,temp=42.00
1779898974.533,0x100,8,00 D0 FF 35 A0 18 D3 90,speed=0.00
1779898974.622,0x200,8,CB 64 82 4C E9 AE 09 34,fuel=100.00
1779898974.720,0x300,8,02 C9 D7 E7 B3 34 2F 0F,temp=42.00
1779898974.808,0x100,8,00 45 6F CD 76 B8 F8 38,speed=0.00
1779898974.932,0x200,8,8E 64 6C 56 07 72 78 72,fuel=100.00
1779898974.996,0x300,8,02 B8 A6 A7 4F 70 6E EB,temp=42.00
1779898975.094,0x100,8,00 55 4E E0 B6 8A C5 A1,speed=0.00
1779898975.206,0x200,8,22 64 DD 2F 88 66 CD D5,fuel=100.00
1779898975.281,0x300,8,02 A1 24 79 98 76 50 90,temp=42.00
1779898975.392,0x100,8,00 43 D1 3B 5B 6C 82 FC,speed=0.00
1779898975.469,0x200,8,45 64 C9 33 E7 08 FD 9A,fuel=100.00
1779898975.583,0x300,8,02 D0 A0 B5 B2 E2 42 DA,temp=42.00
1779898975.664,0x100,8,00 83 EF F1 08 7F 10 45,speed=0.00
1779898975.763,0x200,8,36 64 B0 BC 44 61 33 A3,fuel=100.00
1779898975.852,0x300,8,02 92 95 1F A8 DD 9E 25,temp=42.00
1779898975.951,0x100,8,00 45 F2 AB F1 E4 BF B4,speed=0.00
1779898976.039,0x200,8,D5 64 47 85 15 A9 0A 44,fuel=100.00
1779898976.123,0x300,8,02 3C 10 59 DC AB 63 BF,temp=42.00
1779898976.220,0x100,8,00 94 FF 34 14 63 C6 58,speed=0.00
1779898976.307,0x200,8,A3 64 E7 21 65 FB DC 66,fuel=100.00
1779898976.417,0x300,8,02 D6 91 A5 60 58 CA 8D,temp=42.00
1779898976.524,0x100,8,00 90 E6 FC 60 2A 98 EC,speed=0.00
1779898976.596,0x200,8,E9 64 2E 13 D0 27 12 95,fuel=100.00
1779898976.705,0x300,8,02 2B CE 95 A8 7C 3B 89,temp=42.00
1779898976.792,0x100,8,00 DB 33 1B 21 F0 8C CE,speed=0.00
1779898976.880,0x200,8,8F 64 EC B8 9F F6 04 D6,fuel=100.00
1779898976.966,0x300,8,02 C5 CB 18 75 21 62 B7,temp=42.00
1779898977.079,0x100,8,00 DB 13 BD 1E DB CB A1,speed=0.00
1779898977.178,0x200,8,45 64 86 0D 99 95 00 D0,fuel=100.00
1779898977.250,0x300,8,02 19 63 1F BD CF B2 E9,temp=42.00
1779898977.344,0x100,8,00 92 E1 63 F9 C7 0B 90,speed=0.00
1779898977.437,0x200,8,1B 64 DB 22 2E 81 01 20,fuel=100.00
1779898977.537,0x300,8,02 CF DD C6 7A 23 72 50,temp=42.00
1779898977.666,0x100,8,00 08 42 5A D1 1B 83 45,speed=0.00
1779898977.720,0x200,8,E0 64 EB 01 0D 3E F7 38,fuel=100.00
1779898977.813,0x300,8,02 0D E4 8E 88 4A 9E 62,temp=42.00
1779898977.925,0x100,8,00 F1 60 13 97 B7 36 BD,speed=0.00
1779898978.019,0x200,8,F3 64 0C C2 B1 8B 36 8C,fuel=100.00
1779898978.106,0x300,8,02 EE 72 AC E7 92 E7 AC,temp=42.00
1779898978.198,0x100,8,00 93 84 79 B1 5D 5F EE,speed=0.00
1779898978.283,0x200,8,A8 64 07 4D 32 30 AB 2B,fuel=100.00
1779898978.369,0x300,8,02 6D F7 E2 25 52 E3 7F,temp=42.00
1779898978.470,0x100,8,00 68 16 8B 07 AA C8 34,speed=0.00
1779898978.558,0x200,8,4D 64 3E A3 FA 26 0E 2D,fuel=100.00
1779898978.659,0x300,8,02 2F D7 EC DC 0C C2 C4,temp=42.00
1779898978.769,0x100,8,00 9D 77 73 1C C2 E1 34,speed=0.00
1779898978.845,0x200,8,6B 64 E7 40 DC 23 B2 67,fuel=100.00
1779898978.935,0x300,8,02 BA 63 2F D3 EC B1 9C,temp=42.00
1779898979.048,0x100,8,00 2B 3A 05 75 0C F5 BD,speed=0.00
1779898979.124,0x200,8,CF 64 CD 6B 84 C9 3E 42,fuel=100.00
1779898979.236,0x300,8,02 AA CC 53 CB 6A 9A E6,temp=42.00
1779898979.332,0x100,8,00 F4 6C C0 85 9D 78 97,speed=0.00
1779898979.430,0x200,8,D6 64 58 2A A5 72 A6 C5,fuel=100.00
1779898979.536,0x300,8,02 14 27 5A 46 7C 77 3F,temp=42.00
1779898979.600,0x100,8,00 37 FF F7 4D 1C 8E 28,speed=0.00
1779898979.683,0x200,8,68 64 D9 58 EE 7F C3 50,fuel=100.00
1779898979.801,0x300,8,02 18 DC 7F 5D F5 F2 C6,temp=42.00
1779898979.886,0x100,8,00 EC 52 76 33 E2 99 5B,speed=0.00
1779898979.991,0x200,8,60 64 3F E9 EE D4 94 AE,fuel=100.00
1779898980.077,0x300,8,02 6B 13 F6 8F 41 29 5D,temp=42.00
1779898980.178,0x100,8,00 EA 35 57 B3 BF F0 5C,speed=0.00
1779898980.274,0x200,8,12 64 BA E4 81 83 95 18,fuel=100.00
1779898980.346,0x300,8,02 B7 8D 96 6C E2 A0 A2,temp=42.00
1779898980.437,0x100,8,00 8A 4B DE E9 05 12 5D,speed=0.00
1779898980.565,0x200,8,50 64 FA BD CA 94 E8 66,fuel=100.00
1779898980.626,0x300,8,02 9D 80 2F A7 78 F6 5D,temp=42.00
1779898980.715,0x100,8,00 81 94 FC 32 92 F9 6C,speed=0.00
1779898980.817,0x200,8,3A 64 5E E6 EA 89 57 F2,fuel=100.00
1779898980.924,0x300,8,02 81 B0 B3 30 8F F5 C5,temp=42.00
1779898981.012,0x100,8,00 9A F6 E7 26 CD 14 4B,speed=0.00
1779898981.103,0x200,8,47 64 62 93 90 C2 64 71,fuel=100.00
1779898981.210,0x300,8,02 FF 2B D3 A4 E4 F1 FA,temp=42.00
1779898981.278,0x100,8,00 56 F1 2E 8D 08 CA FE,speed=0.00
1779898981.379,0x200,8,9D 64 E0 88 FA FE DA E8,fuel=100.00
1779898981.486,0x300,8,02 9F A5 97 F5 7C 03 C4,temp=42.00
1779898981.562,0x100,8,00 A8 45 36 07 D7 22 CC,speed=0.00
1779898981.651,0x200,8,71 64 91 AE 7A ED E6 23,fuel=100.00
1779898981.765,0x300,8,02 30 E9 C9 3C 4E 91 94,temp=42.00
1779898981.849,0x100,8,00 7A FE 3D D9 9D 04 C7,speed=0.00
1779898981.951,0x200,8,43 64 70 09 77 6E E0 F3,fuel=100.00
1779898982.051,0x300,8,02 2A BC D2 27 A7 E2 32,temp=42.00
1779898982.124,0x100,8,00 73 B0 38 BD C6 F9 67,speed=0.00
1779898982.232,0x200,8,10 64 14 59 DE DB 0F C7,fuel=100.00
1779898982.307,0x300,8,02 F0 95 54 D7 32 EA B7,temp=42.00
1779898982.402,0x100,8,00 8E 46 BE 37 F1 1E 39,speed=0.00
1779898982.511,0x200,8,67 64 E9 03 ED 94 B5 89,fuel=100.00
1779898982.601,0x300,8,02 FB 66 7F 0D A9 E4 4D,temp=42.00
1779898982.689,0x100,8,00 09 12 0E B0 9A D2 D1,speed=0.00
1779898982.798,0x200,8,FD 64 B8 3B 2C 01 F2 50,fuel=100.00
1779898982.888,0x300,8,02 93 C8 DD 88 11 F4 83,temp=42.00
1779898982.991,0x100,8,00 24 95 8F FF 7E 1E 5E,speed=0.00
1779898983.057,0x200,8,4F 64 74 B9 BE 0C 23 3A,fuel=100.00
1779898983.157,0x300,8,02 93 5B 40 33 A9 83 FD,temp=42.00
1779898983.265,0x100,8,00 30 62 7F D9 49 A0 AE,speed=0.00
1779898983.338,0x200,8,83 64 54 32 F3 5F D0 42,fuel=100.00
1779898983.452,0x300,8,02 37 AC DC 57 D4 6A DC,temp=42.00
1779898983.535,0x100,8,00 1A AA 74 88 63 91 EE,speed=0.00
1779898983.626,0x200,8,37 64 F6 C1 05 81 F9 3A,fuel=100.00
1779898983.727,0x300,8,02 C4 AA 35 61 EF 63 4F,temp=42.00
1779898983.831,0x100,8,00 F7 A6 C9 67 8C 61 AB,speed=0.00
1779898983.907,0x200,8,A9 64 0B D8 69 B4 5B BC,fuel=100.00
1779898984.023,0x300,8,02 72 EC B4 CD 89 2A F3,temp=42.00
1779898984.100,0x100,8,00 45 47 DE 15 AB 35 78,speed=0.00
1779898984.195,0x200,8,46 64 3C 35 30 7F F9 61,fuel=100.00
1779898984.284,0x300,8,02 01 FC 8B 3B E5 28 65,temp=42.00
1779898984.389,0x100,8,00 C8 A6 1A EF E2 A0 F2,speed=0.00
1779898984.478,0x200,8,75 64 73 62 23 BE E9 70,fuel=100.00
1779898984.560,0x300,8,02 CF 27 D2 75 BA A3 61,temp=42.00
1779898984.673,0x100,8,00 D6 41 4A D9 4A BC 29,speed=0.00
1779898984.753,0x200,8,6D 64 E4 C3 F9 D3 BA 9A,fuel=100.00
1779898984.842,0x300,8,02 F5 6A 67 8F 6F 26 02,temp=42.00
1779898984.949,0x100,8,00 3B 09 58 78 0D 50 CB,speed=0.00
1779898985.037,0x200,8,8E 64 81 91 36 C1 53 D0,fuel=100.00
1779898985.137,0x300,8,02 D1 50 20 80 FB 4D 0C,temp=42.00
1779898985.245,0x100,8,00 57 61 B5 8F C4 83 E7,speed=0.00
1779898985.306,0x200,8,EA 64 79 1A B6 BE 2C A0,fuel=100.00
1779898985.400,0x300,8,02 42 CE 14 E0 42 BB AF,temp=42.00
1779898985.521,0x100,8,00 A4 E3 62 B9 81 D1 99,speed=0.00
1779898985.605,0x200,8,F8 64 75 27 18 27 6D 0D,fuel=100.00
1779898985.682,0x300,8,02 42 DD A6 9E 0E 67 59,temp=42.00
1779898985.783,0x100,8,00 25 8A 4C 3C 7C F8 A1,speed=0.00
1779898985.887,0x200,8,9A 64 96 1B 92 32 36 92,fuel=100.00
1779898985.967,0x300,8,02 15 AF 62 F8 35 23 F2,temp=42.00
1779898986.080,0x100,8,00 ED 8A 5D B4 67 C7 78,speed=0.00
1779898986.158,0x200,8,98 64 B7 37 22 94 81 72,fuel=100.00
1779898986.278,0x300,8,02 02 C0 26 F2 0F C4 88,temp=42.00
1779898986.363,0x100,8,00 7F 0C 36 E9 C8 C8 F0,speed=0.00
1779898986.457,0x200,8,24 64 44 7C 96 AB 7F 03,fuel=100.00
1779898986.541,0x300,8,02 B0 4C 05 C7 F0 A5 A8,temp=42.00
1779898986.636,0x100,8,00 DF 0F 99 71 6E 77 05,speed=0.00
1779898986.732,0x200,8,FC 64 D2 BD FB C2 EF D9,fuel=100.00
1779898986.810,0x300,8,02 6A F0 3F FE B2 5A 38,temp=42.00
1779898986.912,0x100,8,00 DE A0 0F B1 EE 23 29,speed=0.00
1779898986.996,0x200,8,F2 64 1D 26 E3 31 8F 5A,fuel=100.00
1779898987.090,0x300,8,02 AC 29 2C 17 B1 07 D0,temp=42.00
1779898987.194,0x100,8,00 2D EC 3E 2F CB D5 E3,speed=0.00
1779898987.290,0x200,8,A2 64 A5 75 60 A2 F4 4F,fuel=100.00
1779898987.385,0x300,8,02 A5 A7 EF CD BC E4 39,temp=42.00
1779898987.474,0x100,8,00 F9 EB DB 41 D6 EC D0,speed=0.00
1779898987.576,0x200,8,03 64 8F 97 B2 B4 6E B2,fuel=100.00
1779898987.676,0x300,8,02 67 23 99 28 2B 42 1F,temp=42.00
1779898987.744,0x100,8,00 38 A0 A0 11 3C 84 2B,speed=0.00
1779898987.843,0x200,8,2A 64 D0 26 07 E2 C8 5D,fuel=100.00
1779898987.948,0x300,8,02 C5 87 D1 5E 87 4D 79,temp=42.00
1779898988.044,0x100,8,00 09 04 ED 6E 71 F2 ED,speed=0.00
1779898988.130,0x200,8,E7 64 2B BB C5 80 C2 BC,fuel=100.00
1779898988.223,0x300,8,02 7E 6A 21 BA 45 B3 08,temp=42.00
1779898988.307,0x100,8,00 5B 1B 7A D4 C4 69 3A,speed=0.00
1779898988.414,0x200,8,19 64 3F 47 70 5A 15 3C,fuel=100.00
1779898988.525,0x300,8,02 8C D0 BC 34 6D FA 52,temp=42.00
1779898988.608,0x100,8,00 0C FC 6E EE C6 FC 6F,speed=0.00
1779898988.707,0x200,8,7F 64 F5 5D 3A 7B 56 44,fuel=100.00
1779898988.809,0x300,8,02 19 92 35 FC 56 12 BD,temp=42.00
1779898988.868,0x100,8,00 52 F7 51 0D F2 4F E3,speed=0.00
1779898988.977,0x200,8,56 64 9E 34 AC 03 F1 59,fuel=100.00
1779898989.069,0x300,8,02 60 EE F7 2D B7 97 30,temp=42.00
1779898989.171,0x100,8,00 D6 98 40 1A A0 C6 8F,speed=0.00
1779898989.273,0x200,8,C8 64 D6 AA 8B EC D4 0C,fuel=100.00
1779898989.356,0x300,8,02 6B 5F 22 A9 D0 1A 5A,temp=42.00
1779898989.436,0x100,8,00 32 7D 47 B5 B1 CA CA,speed=0.00
1779898989.539,0x200,8,23 64 C1 28 A4 A0 7E 55,fuel=100.00
1779898989.628,0x300,8,02 01 44 E1 95 EA 7A 4E,temp=42.00
1779898989.730,0x100,8,00 02 ED 19 7E 90 B0 43,speed=0.00
1779898989.813,0x200,8,FD 64 4F 8B 25 FA A2 54,fuel=100.00
1779898989.910,0x300,8,02 59 62 CD 75 5B D8 A8,temp=42.00
1779898990.006,0x100,8,00 98 12 A7 B0 58 BD A8,speed=0.00
1779898990.101,0x200,8,2E 64 78 0B 04 CF 5D CA,fuel=100.00
1779898990.202,0x300,8,02 C2 0C B8 A2 47 C9 0B,temp=42.00
1779898990.278,0x100,8,00 BB B4 2D CF FD BA 52,speed=0.00
1779898990.403,0x200,8,32 64 11 8D B5 6C AA AD,fuel=100.00
1779898990.487,0x300,8,02 BC D3 39 B5 64 9C 61,temp=42.00
1779898990.567,0x100,8,00 95 5E 6E 62 1F 74 BD,speed=0.00
1779898990.663,0x200,8,62 64 FC 00 AF 4A E2 15,fuel=100.00
1779898990.772,0x300,8,02 33 CA D7 56 75 CF 5E,temp=42.00
1779898990.839,0x100,8,00 90 F7 33 1D 29 BA 28,speed=0.00
1779898990.940,0x200,8,BA 64 DB E3 A4 06 F6 F9,fuel=100.00
1779898991.029,0x300,8,02 28 D7 0D FC 2E B6 CE,temp=42.00
1779898991.136,0x100,8,00 51 5A 6A 2A 32 B0 63,speed=0.00
1779898991.233,0x200,8,5F 64 D4 C5 C8 E3 6F 7E,fuel=100.00
1779898991.309,0x300,8,02 13 BD 88 70 20 E4 8E,temp=42.00
1779898991.404,0x100,8,00 69 51 82 22 53 FE C0,speed=0.00
1779898991.514,0x200,8,C3 64 74 D3 B7 63 BC A4,fuel=100.00
1779898991.601,0x300,8,02 EB 49 40 3A 04 BE 0E,temp=42.00
1779898991.687,0x100,8,00 FE F7 7D DD 0B A4 36,speed=0.00
1779898991.786,0x200,8,F5 64 4E 60 9C EC C3 CC,fuel=100.00
1779898991.898,0x300,8,02 D4 86 33 B6 6C 0C C1,temp=42.00
1779898991.969,0x100,8,00 EB 9D 92 6F DE 1A DC,speed=0.00
1779898992.065,0x200,8,DF 64 0B 9C 5F A9 CA 9A,fuel=100.00
1779898992.155,0x300,8,02 7C D7 04 0D 3B EC C4,temp=42.00
1779898992.262,0x100,8,00 3F 1E F0 47 B3 99 EB,speed=0.00
1779898992.342,0x200,8,19 64 3F D3 3A E3 CF 61,fuel=100.00
1779898992.448,0x300,8,02 B5 1A 6A AD 3C C5 5A,temp=42.00
1779898992.552,0x100,8,00 3A 3B 6F A3 7C E9 11,speed=0.00
1779898992.652,0x200,8,E2 64 44 32 AD B9 00 DA,fuel=100.00
1779898992.730,0x300,8,02 67 40 41 81 D1 F4 EC,temp=42.00
1779898992.832,0x100,8,00 BD D3 E7 2C C2 4D 09,speed=0.00
1779898992.911,0x200,8,ED 64 BB 2A 9B 64 C7 42,fuel=100.00
1779898992.997,0x300,8,02 77 7E 2B 18 97 31 2B,temp=42.00
1779898993.112,0x100,8,00 C2 E8 DD 20 A2 ED C1,speed=0.00
1779898993.203,0x200,8,F3 64 FB D1 D2 E3 FB 0D,fuel=100.00
1779898993.302,0x300,8,02 6E 39 BE 4B 7D 1B 6D,temp=42.00
1779898993.371,0x100,8,00 3E 61 8E 77 61 E8 DA,speed=0.00
1779898993.477,0x200,8,5D 64 D3 71 8F 0A 60 44,fuel=100.00
1779898993.559,0x300,8,02 0E 67 E5 B3 D6 AE A1,temp=42.00
1779898993.653,0x100,8,00 E8 86 9E 32 53 B7 CC,speed=0.00
1779898993.770,0x200,8,2B 64 E7 C2 C7 16 DB 3C,fuel=100.00
1779898993.841,0x300,8,02 20 21 5E AF 86 ED C4,temp=42.00
1779898993.942,0x100,8,00 85 A7 D5 AE 82 26 3F,speed=0.00
1779898994.053,0x200,8,58 64 8E 6B 0F 55 B8 FA,fuel=100.00
1779898994.135,0x300,8,02 96 C7 8A 9F 8E 0A 09,temp=42.00
1779898994.244,0x100,8,00 BE E8 9E 9B 09 4C 7A,speed=0.00
1779898994.323,0x200,8,6B 64 C5 83 4F 18 C0 FC,fuel=100.00
1779898994.415,0x300,8,02 1B 9A 41 52 97 15 64,temp=42.00
1779898994.516,0x100,8,00 00 28 74 4A A0 C6 AB,speed=0.00
1779898994.590,0x200,8,D4 64 30 C5 2E 08 2F 25,fuel=100.00
1779898994.683,0x300,8,02 FE DD 46 6F E1 6A 39,temp=42.00
1779898994.805,0x100,8,00 0C 47 AA C1 03 67 E4,speed=0.00
1779898994.897,0x200,8,39 64 64 79 3A 82 51 EA,fuel=100.00
1779898994.972,0x300,8,02 3C 90 45 2D 07 E6 8C,temp=42.00
1779898995.085,0x100,8,00 8B F0 D8 8B 12 10 33,speed=0.00
1779898995.158,0x200,8,16 64 74 C8 24 C6 4F A9,fuel=100.00
1779898995.269,0x300,8,02 EA 69 87 4A C5 64 C0,temp=42.00
1779898995.350,0x100,8,00 F6 2D 74 CC 72 4F CA,speed=0.00
1779898995.431,0x200,8,A9 64 83 C7 69 38 07 23,fuel=100.00
1779898995.541,0x300,8,02 B4 8C BF B3 EB ED D4,temp=42.00
1779898995.641,0x100,8,00 78 A6 10 88 95 1D AA,speed=0.00
1779898995.736,0x200,8,C3 64 7B 0F DD 45 8E 8E,fuel=100.00
1779898995.811,0x300,8,02 BA CF CB 18 99 E9 A9,temp=42.00
1779898995.921,0x100,8,00 AF C6 D4 30 5E 37 48,speed=0.00
1779898996.006,0x200,8,38 64 E0 28 FE 64 15 27,fuel=100.00
1779898996.090,0x300,8,02 25 97 35 6D BD A5 5A,temp=42.00
1779898996.188,0x100,8,00 B5 E7 70 68 69 22 ED,speed=0.00
1779898996.279,0x200,8,05 64 66 52 5B B1 F0 5D,fuel=100.00
1779898996.390,0x300,8,02 1A 53 33 62 64 FF F1,temp=42.00
1779898996.498,0x100,8,00 D8 B6 51 C3 CE 7A 21,speed=0.00
1779898996.578,0x200,8,DA 64 C3 03 46 27 2A B7,fuel=100.00
1779898996.651,0x300,8,02 F4 F7 E2 99 F1 AC DB,temp=42.00
1779898996.759,0x100,8,00 83 7A 71 29 AB 4E 97,speed=0.00
1779898996.837,0x200,8,76 64 DA 1A FB 99 AC 56,fuel=100.00
1779898996.934,0x300,8,02 54 8B ED 38 4C 16 FC,temp=42.00
1779898997.049,0x100,8,00 5C 0A 19 23 7A A2 09,speed=0.00
1779898997.133,0x200,8,18 64 34 0C 8F F5 19 F8,fuel=100.00
1779898997.214,0x300,8,02 EA 1E E5 46 C4 4E 15,temp=42.00
1779898997.334,0x100,8,00 D5 BC 84 C6 95 30 5A,speed=0.00
1779898997.413,0x200,8,96 64 48 1D 8A 05 E0 12,fuel=100.00
1779898997.526,0x300,8,02 E1 F4 7A 98 F5 FD FD,temp=42.00
1779898997.595,0x100,8,00 FF 6F BB B0 4E AD 76,speed=0.00
1779898997.700,0x200,8,69 64 67 84 FE 4F C9 15,fuel=100.00
1779898997.802,0x300,8,02 3A B3 3C 2A B6 0A B8,temp=42.00
1779898997.874,0x100,8,00 A4 55 8D F8 0B 7F E5,speed=0.00
1779898997.965,0x200,8,F5 64 96 77 82 BB B8 C7,fuel=100.00
1779898998.058,0x300,8,02 5E FE 0F EA 56 F8 2F,temp=42.00
1779898998.159,0x100,8,00 48 80 28 2B 69 1F 4D,speed=0.00
1779898998.257,0x200,8,9A 64 E1 03 2B 35 26 B0,fuel=100.00
1779898998.338,0x300,8,02 E4 46 57 78 8B FA 02,temp=42.00
1779898998.443,0x100,8,00 3A 86 B9 6C 45 DA 6B,speed=0.00
1779898998.564,0x200,8,F9 64 17 D1 5A 70 AC 9B,fuel=100.00
1779898998.636,0x300,8,02 1C 21 6B 6E DB 5D 2C,temp=42.00
1779898998.737,0x100,8,00 E1 99 34 9A 1C CD D7,speed=0.00
1779898998.816,0x200,8,64 64 91 2B DD BA CA 07,fuel=100.00
1779898998.916,0x300,8,02 C6 28 E6 5E D4 6E 27,temp=42.00
1779898999.002,0x100,8,00 38 7D F3 52 83 7F A0,speed=0.00
1779898999.096,0x200,8,C6 64 4C FE 61 BD 62 3E,fuel=100.00
1779898999.203,0x300,8,02 6A FC 97 6D B8 70 4D,temp=42.00
1779898999.282,0x100,8,00 A6 3F D6 1F 1E B1 92,speed=0.00
1779898999.380,0x200,8,08 64 31 24 79 23 1E 17,fuel=100.00
1779898999.472,0x300,8,02 6F 95 11 CC 5F 05 FE,temp=42.00
1779898999.566,0x100,8,00 AD C0 21 A8 32 62 29,speed=0.00
1779898999.682,0x200,8,6F 64 EE B3 E9 3D B4 27,fuel=100.00
1779898999.759,0x300,8,02 59 D5 E6 04 24 3B DB,temp=42.00
1779898999.849,0x100,8,00 F8 9C 0A 68 82 78 05,speed=0.00
1779898999.949,0x200,8,21 64 49 D9 3E D3 6D C1,fuel=100.00
1779899000.043,0x300,8,02 8D 0E 28 42 70 F0 53,temp=42.00
1779899000.136,0x100,8,00 21 68 81 37 AC 7A 6A,speed=0.00
1779899000.243,0x200,8,F7 64 A1 64 4C 50 69 9C,fuel=100.00
1779899000.311,0x300,8,02 EE F8 9C 21 DF BD F9,temp=42.00
1779899000.429,0x100,8,00 AD E3 D6 AE 67 02 F5,speed=0.00
1779899000.513,0x200,8,A6 64 9F 0B E1 25 62 47,fuel=100.00
1779899000.604,0x300,8,02 AA A1 85 AA 68 65 F3,temp=42.00
1779899000.694,0x100,8,00 FB 98 C7 35 3E 89 FF,speed=0.00
1779899000.816,0x200,8,4C 64 66 F1 6C FC 98 DA,fuel=100.00
1779899000.886,0x300,8,02 BB D3 14 5C 61 9A C2,temp=42.00
1779899000.979,0x100,8,00 90 D0 5A 3F 5A 41 BF,speed=0.00
1779899001.056,0x200,8,19 64 4A A9 29 15 E6 F8,fuel=100.00
1779899001.167,0x300,8,02 41 AE 2B 61 76 DC 58,temp=42.00
1779899001.271,0x100,8,00 57 51 B6 92 4A D8 D2,speed=0.00
1779899001.352,0x200,8,38 64 54 15 96 EF 98 C6,fuel=100.00
1779899001.446,0x300,8,02 68 25 E2 7E 58 DC C4,temp=42.00
1779899001.534,0x100,8,00 FA 24 7E 9F 56 2A 87,speed=0.00
1779899001.628,0x200,8,E0 64 E1 C0 78 67 D7 83,fuel=100.00
1779899001.731,0x300,8,02 15 67 23 74 0A 9D 13,temp=42.00
1779899001.813,0x100,8,00 86 66 27 BC E6 D3 49,speed=0.00
1779899001.901,0x200,8,30 64 1A 0E 22 72 60 B6,fuel=100.00
1779899002.003,0x300,8,02 6E 26 69 3D 9C 70 5C,temp=42.00
1779899002.096,0x100,8,00 42 81 92 5F 94 3E 94,speed=0.00
1779899002.201,0x200,8,38 64 51 4D D2 42 DF 9D,fuel=100.00
1779899002.290,0x300,8,02 79 F7 0F 1E F7 9A 2E,temp=42.00
1779899002.383,0x100,8,00 1F 54 DF 09 03 08 21,speed=0.00
1779899002.480,0x200,8,EB 64 18 50 9A 25 C8 88,fuel=100.00
1779899002.580,0x300,8,02 75 C7 AA 83 D3 F0 BA,temp=42.00
1779899002.690,0x100,8,00 41 2F F5 66 2B 6B 2F,speed=0.00
1779899002.750,0x200,8,81 64 48 90 E5 59 16 8C,fuel=100.00
1779899002.843,0x300,8,02 68 63 C9 96 88 19 7C,temp=42.00
1779899002.933,0x100,8,00 AA DD C5 90 D9 F1 09,speed=0.00
1779899003.033,0x200,8,11 64 4B C3 C6 F5 8F 5C,fuel=100.00
1779899003.133,0x300,8,02 6E 0A F5 5F E3 73 A2,temp=42.00
1779899003.217,0x100,8,00 D0 3E 58 D2 E4 84 4B,speed=0.00
1779899003.318,0x200,8,6F 64 58 39 E5 91 1F 9C,fuel=100.00
1779899003.404,0x300,8,02 CB 8A 9F E6 FA 54 64,temp=42.00
1779899003.532,0x100,8,00 1C 5D F9 07 22 DD 79,speed=0.00
1779899003.600,0x200,8,AE 64 CE D4 DF 05 F9 B0,fuel=100.00
1779899003.684,0x300,8,02 E5 2E D7 A9 13 C9 0A,temp=42.00
1779899003.791,0x100,8,00 FF 2E 5D DD C4 DA 5E,speed=0.00
1779899003.874,0x200,8,B2 64 B1 ED F1 7F 18 AB,fuel=100.00
1779899003.988,0x300,8,02 D7 B4 47 77 17 62 CA,temp=42.00
1779899004.058,0x100,8,00 74 F4 1D C5 FB C5 2F,speed=0.00
1779899004.179,0x200,8,07 64 EC 90 15 79 CC 9D,fuel=100.00
1779899004.279,0x300,8,02 F9 2D 6A B6 31 D8 24,temp=42.00
1779899004.367,0x100,8,00 B9 55 BD B2 65 87 F6,speed=0.00
1779899004.447,0x200,8,EB 64 3B AE F3 8A 3C 59,fuel=100.00
1779899004.560,0x300,8,02 0C A3 A2 F8 42 B3 F7,temp=42.00
1779899004.643,0x100,8,00 3C FD 5B CF 1D BC D0,speed=0.00
1779899004.719,0x200,8,E6 64 12 29 03 33 BD 1D,fuel=100.00
1779899004.809,0x300,8,02 2E DC 43 1F AB 0C A4,temp=42.00
1779899004.918,0x100,8,00 7E A3 26 95 26 A2 B6,speed=0.00
1779899005.006,0x200,8,86 64 3F 22 7E 21 49 79,fuel=100.00
1779899005.091,0x300,8,02 44 49 30 4A 9B 3B 93,temp=42.00
1779899005.201,0x100,8,00 EF 20 9D B0 3B 43 1B,speed=0.00
1779899005.288,0x200,8,32 64 B1 7B E8 6E 9E 2C,fuel=100.00
1779899005.380,0x300,8,02 4E 51 94 49 F6 7F 38,temp=42.00
1779899005.470,0x100,8,00 20 54 65 63 6E F6 E8,speed=0.00
1779899005.578,0x200,8,72 64 F6 29 71 6F E4 34,fuel=100.00
1779899005.659,0x300,8,02 EF 44 6C B9 8C A3 6F,temp=42.00
1779899005.756,0x100,8,00 28 0F 6F 5F E6 AC F5,speed=0.00
1779899005.860,0x200,8,C1 64 82 96 86 44 C0 44,fuel=100.00
1779899005.944,0x300,8,02 B7 03 9C 39 9C 96 63,temp=42.00
1779899006.057,0x100,8,00 B5 44 E9 51 7C 77 65,speed=0.00
1779899006.148,0x200,8,5C 64 2C 3A A4 DB 63 86,fuel=100.00
1779899006.246,0x300,8,02 34 24 AC 31 A1 89 19,temp=42.00
1779899006.306,0x100,8,00 2C 1B 24 52 50 3A FA,speed=0.00
1779899006.405,0x200,8,AA 64 48 EB 6D 0E 8D 1F,fuel=100.00
1779899006.533,0x300,8,02 F2 6C 8D 68 B9 EF E5,temp=42.00
1779899006.602,0x100,8,00 09 F6 CC 80 EF 31 99,speed=0.00
1779899006.704,0x200,8,4C 64 F4 2D C0 5F 92 49,fuel=100.00
1779899006.794,0x300,8,02 4E 59 D9 F5 66 F2 B2,temp=42.00
1779899006.893,0x100,8,00 0A FC E9 5D D8 AE CD,speed=0.00
1779899006.977,0x200,8,68 64 9C F4 FB 6E 19 1F,fuel=100.00
1779899007.070,0x300,8,02 61 E3 0A 2B 75 42 D3,temp=42.00
1779899007.176,0x100,8,00 B4 72 B5 EF 35 47 AB,speed=0.00
1779899007.271,0x200,8,DB 64 A8 B4 97 E1 2E 30,fuel=100.00
1779899007.365,0x300,8,02 8D 29 72 B8 48 CE FD,temp=42.00
1779899007.435,0x100,8,00 E5 51 DB D7 F6 99 2E,speed=0.00
1779899007.527,0x200,8,CE 64 56 5B 3B EE 04 EB,fuel=100.00
1779899007.676,0x300,8,02 75 B4 D4 07 B9 85 3C,temp=42.00
1779899007.715,0x100,8,00 96 A0 BB 3F 2B C6 C1,speed=0.00
1779899007.810,0x200,8,5F 64 7C E8 B5 E5 4E 5A,fuel=100.00
1779899007.908,0x300,8,02 EB E7 FD 4D 3D 0E E2,temp=42.00
1779899008.003,0x100,8,00 B2 CB 8D 6E CE FF 16,speed=0.00
1779899008.107,0x200,8,BF 64 B9 FE 0E DF BF 02,fuel=100.00
1779899008.213,0x300,8,02 30 3D 48 BA 1B 93 9D,temp=42.00
1779899008.297,0x100,8,00 C2 C0 56 44 17 65 F4,speed=0.00
1779899008.380,0x200,8,FC 64 37 71 0E 17 43 CD,fuel=100.00
1779899008.468,0x300,8,02 73 D7 9F AB D1 BA 19,temp=42.00
1779899008.561,0x100,8,00 11 72 B4 E2 CE 08 2C,speed=0.00
1779899008.661,0x200,8,4D 64 E5 94 7F FD 5F 67,fuel=100.00
1779899008.758,0x300,8,02 8C BB FC E8 69 B5 58,temp=42.00
1779899008.861,0x100,8,00 EB 4A E9 EE 55 BA 6E,speed=0.00
1779899008.943,0x200,8,2F 64 40 E8 74 CC 31 AC,fuel=100.00
1779899009.036,0x300,8,02 1B 98 2F 4A BA A6 4A,temp=42.00
1779899009.137,0x100,8,00 EF 75 DE 1C 76 CF B3,speed=0.00
1779899009.243,0x200,8,B7 64 E9 01 13 2D DA 3A,fuel=100.00
1779899009.333,0x300,8,02 48 56 1B 85 EF DF 39,temp=42.00
1779899009.416,0x100,8,00 27 48 0C 44 6A C8 B9,speed=0.00
1779899009.504,0x200,8,EA 64 D2 B1 E4 4C DC 5F,fuel=100.00
1779899009.592,0x300,8,02 99 5A 0E C6 CA 40 98,temp=42.00
1779899009.707,0x100,8,00 47 87 06 BB 5F 28 F5,speed=0.00
1779899009.793,0x200,8,E6 64 6F F1 63 BA 50 83,fuel=100.00
1779899009.874,0x300,8,02 D2 90 E4 B5 82 DF 49,temp=42.00
1779899009.975,0x100,8,00 C0 3E 13 44 9B 62 76,speed=0.00
1779899010.089,0x200,8,AE 64 A0 97 D8 D7 1A 89,fuel=100.00
1779899010.165,0x300,8,02 82 9F D3 2E B4 3C 09,temp=42.00
1779899010.249,0x100,8,00 F8 7F C7 EF BC 9C 6C,speed=0.00
1779899010.367,0x200,8,96 64 A6 54 36 4A 1F 3F,fuel=100.00
1779899010.459,0x300,8,02 0F 4C 0E 26 80 D7 91,temp=42.00
1779899010.560,0x100,8,00 FD C1 C5 AD 60 A1 1B,speed=0.00
1779899010.623,0x200,8,F2 64 0D B6 04 BD BB 79,fuel=100.00
1779899010.721,0x300,8,02 21 24 20 23 C9 35 31,temp=42.00
1779899010.808,0x100,8,00 32 EF 4E A3 63 F5 29,speed=0.00
1779899010.904,0x200,8,08 64 6C 16 84 01 10 8B,fuel=100.00
1779899011.016,0x300,8,02 D1 26 02 23 D6 2C 72,temp=42.00
1779899011.094,0x100,8,00 AE 3C DD D7 59 27 EB,speed=0.00
1779899011.209,0x200,8,A8 64 C8 69 72 94 A0 2B,fuel=100.00
1779899011.276,0x300,8,02 04 E4 2F 47 C8 8A C2,temp=42.00
1779899011.384,0x100,8,00 90 FE FE B1 4D 3F 98,speed=0.00
1779899011.506,0x200,8,80 64 EE 5C F4 BF 58 2C,fuel=100.00
1779899011.580,0x300,8,02 04 D5 29 A8 2C 78 35,temp=42.00
1779899011.674,0x100,8,00 52 56 27 19 3C 4D E5,speed=0.00
1779899011.771,0x200,8,4B 64 AE EE DC 17 7D 4A,fuel=100.00
1779899011.843,0x300,8,02 70 48 53 71 1A 85 51,temp=42.00
1779899011.930,0x100,8,00 C0 30 6F A0 67 90 D6,speed=0.00
1779899012.026,0x200,8,01 64 8C 8A 1C 33 6A 1B,fuel=100.00
1779899012.124,0x300,8,02 D2 39 44 D5 65 47 07,temp=42.00
1779899012.232,0x100,8,00 4C 04 22 86 3B 71 ED,speed=0.00
1779899012.323,0x200,8,E8 64 57 6A D3 A4 51 0A,fuel=100.00
1779899012.430,0x300,8,02 34 BD 27 CD D8 C8 CF,temp=42.00
1779899012.516,0x100,8,00 39 A5 EA 44 C9 CB AA,speed=0.00
1779899012.608,0x200,8,22 64 07 AD 58 FF 18 1B,fuel=100.00
1779899012.693,0x300,8,02 9F 86 71 68 AF 4A 94,temp=42.00
1779899012.780,0x100,8,00 95 AC E9 D8 2B AE D0,speed=0.00
1779899012.894,0x200,8,6A 64 4D F0 80 F5 2C 2D,fuel=100.00
1779899012.975,0x300,8,02 24 45 4A 44 F0 C5 76,temp=42.00
1779899013.057,0x100,8,00 AC A3 55 CA 19 27 E0,speed=0.00
1779899013.166,0x200,8,26 64 EB 78 22 00 2D 02,fuel=100.00
1779899013.262,0x300,8,02 C9 1A EC 1D 17 25 4B,temp=42.00
1779899013.360,0x100,8,00 1F 07 09 BA 12 D5 93,speed=0.00
1779899013.462,0x200,8,2A 64 0E EF E5 C5 78 77,fuel=100.00
1779899013.531,0x300,8,02 24 5B A8 DE 9E 34 EE,temp=42.00
1779899013.636,0x100,8,00 79 34 B6 4D 30 8C F1,speed=0.00
1779899013.724,0x200,8,1C 64 98 29 8F CA BF 97,fuel=100.00
1779899013.814,0x300,8,02 7C 12 80 75 0E 89 49,temp=42.00
1779899013.910,0x100,8,00 EF 45 96 43 6F 2D CF,speed=0.00
1779899014.018,0x200,8,6E 64 19 5D 6E 39 1E B8,fuel=100.00
1779899014.103,0x300,8,02 F2 2F 02 02 AA 35 14,temp=42.00
1779899014.218,0x100,8,00 3C 0F F3 E4 97 99 09,speed=0.00
1779899014.303,0x200,8,80 64 42 C4 0F 00 F6 83,fuel=100.00
1779899014.373,0x300,8,02 EC 7B F8 67 5F A5 0E,temp=42.00
1779899014.498,0x100,8,00 55 D4 90 BC F2 A7 4A,speed=0.00
1779899014.557,0x200,8,18 64 4F 1D 24 F8 21 92,fuel=100.00
1779899014.670,0x300,8,02 BC 14 D5 EA 06 0D 3F,temp=42.00
1779899014.758,0x100,8,00 62 4B 2E CA 7C 10 42,speed=0.00
1779899014.840,0x200,8,2D 64 47 E3 49 10 02 79,fuel=100.00
1779899014.940,0x300,8,02 7F 68 0C 98 08 CE A3,temp=42.00
1779899015.032,0x100,8,00 95 A4 47 0E E9 D3 04,speed=0.00
1779899015.132,0x200,8,DA 64 12 09 74 CC 1D 3D,fuel=100.00
1779899015.232,0x300,8,02 2C F2 69 DF 97 CE 50,temp=42.00
1779899015.324,0x100,8,00 D8 D7 A5 2D DA 4A BE,speed=0.00
1779899015.410,0x200,8,24 64 29 81 0E AC 70 12,fuel=100.00
1779899015.518,0x300,8,02 17 AC 67 DD 92 0F 32,temp=42.00
1779899015.616,0x100,8,00 EE 4E C7 72 C6 ED 80,speed=0.00
1779899015.710,0x200,8,3C 64 1A 08 E4 98 89 35,fuel=100.00
1779899015.804,0x300,8,02 2E 12 E9 4B 51 F5 8F,temp=42.00
1779899015.885,0x100,8,00 A3 28 69 21 E0 43 8D,speed=0.00
1779899015.981,0x200,8,AA 64 73 94 41 2C 52 D9,fuel=100.00
1779899016.057,0x300,8,02 95 FC 92 6A 98 66 08,temp=42.00
1779899016.161,0x100,8,00 08 D5 AF E5 75 B8 35,speed=0.00
1779899016.264,0x200,8,D5 64 EE 6E D2 FE A0 33,fuel=100.00
1779899016.353,0x300,8,02 58 FD 54 96 A8 96 81,temp=42.00
1779899016.440,0x100,8,00 BC 4C F5 DD ED 33 3E,speed=0.00
1779899016.567,0x200,8,9E 64 9E 07 3B 88 60 91,fuel=100.00
1779899016.619,0x300,8,02 59 23 63 9D BC 79 53,temp=42.00
1779899016.725,0x100,8,00 01 31 9E 73 B1 0A C3,speed=0.00
1779899016.822,0x200,8,3E 64 FC 70 2C D6 ED C2,fuel=100.00
1779899016.925,0x300,8,02 E0 F5 8C 72 15 11 3A,temp=42.00
1779899017.007,0x100,8,00 D8 87 33 F7 9D AF 73,speed=0.00
1779899017.092,0x200,8,12 64 C2 3E 51 F1 29 27,fuel=100.00
1779899017.185,0x300,8,02 33 9A 55 7D 47 3A 67,temp=42.00
1779899017.278,0x100,8,00 14 30 E4 98 10 F0 16,speed=0.00
1779899017.388,0x200,8,4B 64 17 F8 84 C1 71 D9,fuel=100.00
1779899017.487,0x300,8,02 DA F3 4F C7 98 EF A2,temp=42.00
1779899017.558,0x100,8,00 42 42 36 6B 77 7C 75,speed=0.00
1779899017.669,0x200,8,5C 64 FD 12 42 75 48 25,fuel=100.00
1779899017.773,0x300,8,02 FB D1 F3 33 41 26 23,temp=42.00
1779899017.842,0x100,8,00 3F CA 7F 66 E1 70 9A,speed=0.00
1779899017.941,0x200,8,64 64 4F 73 12 FF 03 06,fuel=100.00
1779899018.028,0x300,8,02 27 C1 A8 A1 7F 3A 17,temp=42.00
1779899018.131,0x100,8,00 20 20 BF 42 1D A5 15,speed=0.00
1779899018.228,0x200,8,42 64 52 43 99 16 86 AC,fuel=100.00
1779899018.332,0x300,8,02 7F 7B 0B 01 45 7C BB,temp=42.00
1779899018.414,0x100,8,00 CB 7A 42 62 2B 1B 6C,speed=0.00
1779899018.503,0x200,8,7E 64 57 4D 9E 7B 1E 44,fuel=100.00
1779899018.589,0x300,8,02 40 58 97 F9 08 36 F8,temp=42.00
1779899018.703,0x100,8,00 1F 86 16 C6 55 C7 37,speed=0.00
1779899018.803,0x200,8,51 64 BD B9 32 99 6D 57,fuel=100.00
1779899018.873,0x300,8,02 27 57 E1 0A 91 BD CE,temp=42.00
1779899018.999,0x100,8,00 59 44 D1 0F 0D 6F E2,speed=0.00
1779899019.086,0x200,8,3B 64 DA EA 72 8F 73 99,fuel=100.00
1779899019.184,0x300,8,02 53 EC B1 BA A2 EC F6,temp=42.00
1779899019.266,0x100,8,00 E3 A4 23 AB D2 F4 00,speed=0.00
1779899019.360,0x200,8,56 64 45 1C 82 25 8A 73,fuel=100.00
1779899019.453,0x300,8,02 62 68 3F 1C 7E ED 60,temp=42.00
1779899019.566,0x100,8,00 18 AB B2 4E 02 A3 8F,speed=0.00
1779899019.620,0x200,8,00 64 75 B2 04 3B 29 C3,fuel=100.00
1779899019.716,0x300,8,02 FF 18 BB 82 5D 3E E1,temp=42.00
1779899019.820,0x100,8,00 53 59 A7 67 4F 07 3E,speed=0.00
1779899019.914,0x200,8,B6 64 19 EF 0F 16 6B 7F,fuel=100.00
1779899020.012,0x300,8,02 00 86 2B 65 0E 25 02,temp=42.00
1779899020.100,0x100,8,00 89 00 42 EC E4 15 B8,speed=0.00
1779899020.191,0x200,8,9F 64 FB 15 E3 2D 94 88,fuel=100.00
1779899020.297,0x300,8,02 CA 62 5C 0F 85 D0 1C,temp=42.00
1779899020.404,0x100,8,00 82 0A 28 1C 53 BC BD,speed=0.00
1779899020.472,0x200,8,0A 64 BC D9 4C AD 5B A2,fuel=100.00
1779899020.575,0x300,8,02 FB C0 77 80 72 7B AA,temp=42.00
1779899020.667,0x100,8,00 D2 5C A4 95 80 EF 2A,speed=0.00
1779899020.757,0x200,8,D4 64 E5 27 65 17 21 A8,fuel=100.00
1779899020.865,0x300,8,02 87 9C 31 6B 34 F5 04,temp=42.00
1779899020.933,0x100,8,00 A8 EE 02 D7 A9 EA 95,speed=0.00
1779899021.042,0x200,8,A2 64 16 6E 9F A3 85 4D,fuel=100.00
1779899021.149,0x300,8,02 E9 C4 9C 70 88 CD E3,temp=42.00
1779899021.229,0x100,8,00 BB C8 A9 37 AD 8E 47,speed=0.00
1779899021.311,0x200,8,04 64 76 4A E1 A1 8E 3A,fuel=100.00
1779899021.425,0x300,8,02 F3 34 14 BD 46 A7 C6,temp=42.00
1779899021.513,0x100,8,00 31 DA 6B 7E 7E 43 3C,speed=0.00
1779899021.599,0x200,8,F5 64 C2 76 10 DF AF 86,fuel=100.00
1779899021.694,0x300,8,02 9D A4 8D C3 38 EA 52,temp=42.00
1779899021.803,0x100,8,00 DB 63 32 59 6D 67 0C,speed=0.00
1779899021.874,0x200,8,97 64 BC B7 C5 CF 55 D8,fuel=100.00
1779899021.966,0x300,8,02 6B A5 3D BE 6B B1 A3,temp=42.00
1779899022.071,0x100,8,00 27 F6 FC 28 73 B1 DA,speed=0.00
1779899022.170,0x200,8,4A 64 48 86 51 7E 8B 5D,fuel=100.00
1779899022.273,0x300,8,02 B5 4B F4 76 CA FD 00,temp=42.00
1779899022.338,0x100,8,00 BB 24 E5 96 54 3C A7,speed=0.00
1779899022.441,0x200,8,8F 64 E0 62 D6 EF 37 68,fuel=100.00
1779899022.547,0x300,8,02 77 34 7E 67 EF 3D AA,temp=42.00
1779899022.621,0x100,8,00 4F C2 5B 94 6A 75 D7,speed=0.00
1779899022.728,0x200,8,40 64 AE E2 8B 05 24 FC,fuel=100.00
1779899022.824,0x300,8,02 1D 69 66 2C A5 7A A9,temp=42.00
1779899022.926,0x100,8,00 A7 18 1F 48 8D 57 94,speed=0.00
1779899022.995,0x200,8,50 64 D7 A2 55 2B 82 91,fuel=100.00
1779899023.091,0x300,8,02 FE 9A 18 D1 82 98 95,temp=42.00
1779899023.203,0x100,8,00 33 E9 69 AC 8F 83 B0,speed=0.00
1779899023.300,0x200,8,74 64 28 D0 C8 D2 BB F8,fuel=100.00
1779899023.374,0x300,8,02 79 F2 27 D1 C6 05 A0,temp=42.00
1779899023.477,0x100,8,00 6A 36 F4 6B 35 9E AB,speed=0.00
1779899023.563,0x200,8,31 64 18 E7 C5 71 17 6C,fuel=100.00
1779899023.651,0x300,8,02 A7 1F 44 BA CE A0 98,temp=42.00
1779899023.782,0x100,8,00 90 ED B8 75 EB 3D 4E,speed=0.00
1779899023.848,0x200,8,F6 64 28 9A B1 61 7B E2,fuel=100.00
1779899023.957,0x300,8,02 34 CA 9B 63 85 8F 7B,temp=42.00
1779899024.045,0x100,8,00 70 06 96 16 7E FC 6E,speed=0.00
1779899024.125,0x200,8,7E 64 AB 37 F8 7B 13 6E,fuel=100.00
1779899024.224,0x300,8,02 04 D2 A8 A9 FD 0E 6D,temp=42.00
1779899024.333,0x100,8,00 6A AC D6 F3 6B CA F7,speed=0.00
1779899024.412,0x200,8,0B 64 0A B7 23 6C CD 59,fuel=100.00
1779899024.513,0x300,8,02 D3 7B 20 5C 3C 4A AD,temp=42.00
1779899024.610,0x100,8,00 B3 62 56 4E 67 97 2B,speed=0.00
1779899024.689,0x200,8,A5 64 5E B0 1A E4 85 9F,fuel=100.00
1779899024.784,0x300,8,02 D3 17 48 FA 0B 6E A1,temp=42.00
1779899024.885,0x100,8,00 76 62 DD 53 17 B3 02,speed=0.00
1779899024.993,0x200,8,04 64 14 CA B9 D5 24 4E,fuel=100.00
1779899025.059,0x300,8,02 92 77 2D 8E B5 3D 5B,temp=42.00
1779899025.156,0x100,8,00 7C 9A B5 82 C4 10 72,speed=0.00
1779899025.248,0x200,8,CB 64 EE 9D 19 19 15 7B,fuel=100.00
1779899025.341,0x300,8,02 17 F1 6A 36 23 97 6A,temp=42.00
1779899025.459,0x100,8,00 13 DC 83 54 8A 8A C8,speed=0.00
1779899025.531,0x200,8,0E 64 26 72 1F 12 28 A2,fuel=100.00
1779899025.651,0x300,8,02 76 3F 01 F4 32 C0 80,temp=42.00
1779899025.722,0x100,8,00 90 63 07 76 DC D0 DF,speed=0.00
1779899025.830,0x200,8,81 64 49 E7 94 87 B0 3D,fuel=100.00
1779899025.935,0x300,8,02 72 D0 12 0D 62 6F 74,temp=42.00
1779899026.032,0x100,8,00 71 37 7A D1 F8 52 D6,speed=0.00
1779899026.109,0x200,8,43 64 6F F2 5A 0B CB 58,fuel=100.00
1779899026.226,0x300,8,02 72 28 FC 15 88 AE DD,temp=42.00
1779899026.289,0x100,8,00 55 95 30 35 88 88 D8,speed=0.00
1779899026.391,0x200,8,CD 64 F1 A3 73 E1 26 9B,fuel=100.00
1779899026.490,0x300,8,02 59 14 E0 69 98 B9 AB,temp=42.00
1779899026.581,0x100,8,00 85 32 05 6D CD 91 11,speed=0.00
1779899026.686,0x200,8,FD 64 F7 10 52 30 F4 3F,fuel=100.00
1779899026.777,0x300,8,02 F5 0D 94 C1 C3 42 E9,temp=42.00
1779899026.858,0x100,8,00 B6 54 A7 32 4B CC B4,speed=0.00
1779899026.973,0x200,8,4E 64 6B 41 BC 24 76 CC,fuel=100.00
1779899027.073,0x300,8,02 FD 98 F3 DF 9F EF 2F,temp=42.00
1779899027.138,0x100,8,00 DE 6A DF BD 6B BE 74,speed=0.00
1779899027.238,0x200,8,C7 64 B9 16 06 7E 18 A0,fuel=100.00
1779899027.341,0x300,8,02 06 FC 34 DE 59 58 80,temp=42.00
1779899027.443,0x100,8,00 E7 4D ED 43 CC DE D9,speed=0.00
1779899027.515,0x200,8,32 64 64 6D 53 B8 5F 81,fuel=100.00
1779899027.674,0x300,8,02 63 16 1B DE 78 A2 BF,temp=42.00
1779899027.729,0x100,8,00 46 64 70 10 DC 8D 03,speed=0.00
1779899027.807,0x200,8,AB 64 8B 55 07 42 F1 7E,fuel=100.00
1779899027.907,0x300,8,02 D7 6B 11 86 C3 84 D9,temp=42.00
1779899028.003,0x100,8,00 2B 8F 5B B8 3F 28 32,speed=0.00
1779899028.081,0x200,8,57 64 B0 3B 16 B2 AD 95,fuel=100.00
1779899028.177,0x300,8,02 13 DF 95 C6 EB E5 5A,temp=42.00
1779899028.262,0x100,8,00 AC 25 A3 BF 3E AA A9,speed=0.00
1779899028.391,0x200,8,C5 64 D1 83 F8 D9 69 12,fuel=100.00
1779899028.447,0x300,8,02 A9 6F 46 B4 CF 7B 15,temp=42.00
1779899028.544,0x100,8,00 BE F0 37 C2 42 C2 1C,speed=0.00
1779899028.651,0x200,8,1C 64 F1 C2 02 E3 66 70,fuel=100.00
1779899028.735,0x300,8,02 F6 F5 B4 D1 9B 4E 21,temp=42.00
1779899028.831,0x100,8,00 C6 56 EE 23 FD F8 FE,speed=0.00
1779899028.919,0x200,8,AD 64 94 E4 3D 2D E6 C1,fuel=100.00
1779899029.034,0x300,8,02 AF AA B2 11 BD 7E 6B,temp=42.00
1779899029.107,0x100,8,00 30 25 D6 7A 5F FA 21,speed=0.00
1779899029.219,0x200,8,96 64 3C 73 CE AE 08 2B,fuel=100.00
1779899029.296,0x300,8,02 6F D1 CF E2 3A 79 7A,temp=42.00
1779899029.392,0x100,8,00 D5 C1 65 88 46 73 6B,speed=0.00
1779899029.505,0x200,8,02 64 3C 19 8A AC B8 A0,fuel=100.00
1779899029.578,0x300,8,02 93 E5 10 68 40 42 92,temp=42.00
1779899029.683,0x100,8,00 49 22 EA F4 D9 E9 68,speed=0.00
1779899029.764,0x200,8,D8 64 C0 23 E5 93 CF AF,fuel=100.00
1779899029.861,0x300,8,02 7B D9 06 82 C8 16 99,temp=42.00
1779899029.967,0x100,8,00 40 E2 E6 6C AD 44 A6,speed=0.00
1779899030.056,0x200,8,A7 64 45 2E 74 2D 4D 67,fuel=100.00
1779899030.149,0x300,8,02 E5 85 50 AB 6A 02 16,temp=42.00
1779899030.242,0x100,8,00 43 48 B1 68 68 46 7D,speed=0.00
1779899030.344,0x200,8,4F 64 43 90 4A 78 E6 4F,fuel=100.00
1779899030.423,0x300,8,02 B9 46 DE 18 8F 8B D5,temp=42.00
1779899030.524,0x100,8,00 A1 5A F3 25 FB B5 FE,speed=0.00
1779899030.622,0x200,8,93 64 43 61 12 E5 E2 45,fuel=100.00
1779899030.704,0x300,8,02 68 32 2F C3 6F 7B 43,temp=42.00
1779899030.796,0x100,8,00 71 AC D7 7B BC 5C 4B,speed=0.00
1779899030.920,0x200,8,D4 64 B6 B8 28 E7 D7 B8,fuel=100.00
1779899030.998,0x300,8,02 CE BA 6A F9 C2 CC 9F,temp=42.00
1779899031.105,0x100,8,00 F3 28 A0 50 FA CC 83,speed=0.00
1779899031.185,0x200,8,31 64 17 D5 F0 26 82 58,fuel=100.00
1779899031.270,0x300,8,02 52 70 CF D8 EE 7C FA,temp=42.00
1779899031.384,0x100,8,00 F8 8F AF A9 25 00 EB,speed=0.00
1779899031.464,0x200,8,5A 64 D8 9E 67 D5 CD 92,fuel=100.00
1779899031.552,0x300,8,02 A1 3E E9 7F A8 AE 4B,temp=42.00
1779899031.646,0x100,8,00 12 40 4B 60 F0 5B 20,speed=0.00
1779899031.755,0x200,8,04 64 18 49 DC 63 D9 17,fuel=100.00
1779899031.853,0x300,8,02 DA A5 35 51 02 54 0C,temp=42.00
1779899031.924,0x100,8,00 44 6B AF E1 0D 4B 48,speed=0.00
1779899032.028,0x200,8,61 64 D8 58 52 68 D8 EF,fuel=100.00
1779899032.138,0x300,8,02 5B 97 CB 34 8E 9D 70,temp=42.00
1779899032.198,0x100,8,00 F7 9E AB 59 A1 7A 73,speed=0.00
1779899032.296,0x200,8,94 64 7A B2 7C 2D 6A B0,fuel=100.00
1779899032.388,0x300,8,02 64 0D 76 EF EC 40 22,temp=42.00
1779899032.482,0x100,8,00 D6 A7 83 2F 6B 3A 52,speed=0.00
1779899032.590,0x200,8,96 64 4B CD EE B1 CF EF,fuel=100.00
1779899032.681,0x300,8,02 97 A3 1C FB 89 FE 70,temp=42.00
1779899032.773,0x100,8,00 42 99 84 80 1B 15 B6,speed=0.00
1779899032.858,0x200,8,D6 64 00 E5 3F 83 57 34,fuel=100.00
1779899032.962,0x300,8,02 77 E8 9A 16 0A EB 60,temp=42.00
1779899033.055,0x100,8,00 98 D4 BB 56 E6 74 3C,speed=0.00
1779899033.155,0x200,8,C4 64 5B 73 53 13 79 82,fuel=100.00
1779899033.231,0x300,8,02 74 90 AC AF CB 9F 9D,temp=42.00
1779899033.331,0x100,8,00 80 5E 57 D9 B2 A2 F4,speed=0.00
1779899033.432,0x200,8,4B 64 C7 39 EB 5C 2D 75,fuel=100.00
1779899033.511,0x300,8,02 78 73 69 18 21 B2 5B,temp=42.00
1779899033.630,0x100,8,00 40 0F 95 4A 19 FD 39,speed=0.00
1779899033.727,0x200,8,BC 64 B3 E0 B6 14 4F 61,fuel=100.00
1779899033.815,0x300,8,02 8D 16 64 7E AB 5D ED,temp=42.00
1779899033.886,0x100,8,00 5E DC 5B 17 36 A0 2D,speed=0.00
1779899034.000,0x200,8,6A 64 18 82 A5 6B 79 1E,fuel=100.00
1779899034.074,0x300,8,02 23 B2 64 CD AF 20 6B,temp=42.00
1779899034.184,0x100,8,00 3D F2 4C F2 B4 79 83,speed=0.00
1779899034.260,0x200,8,12 64 66 D4 F6 A8 53 10,fuel=100.00
1779899034.361,0x300,8,02 5E D1 B4 94 8C 9A 4D,temp=42.00
1779899034.476,0x100,8,00 E1 89 93 50 6C 71 16,speed=0.00
1779899034.548,0x200,8,DC 64 D8 81 C0 2E DA 5E,fuel=100.00
1779899034.636,0x300,8,02 AD F4 F0 A1 DD 68 BA,temp=42.00
1779899034.729,0x100,8,00 4C E6 26 07 21 95 A6,speed=0.00
1779899034.845,0x200,8,A4 64 49 EB 2C 18 20 E5,fuel=100.00
1779899034.927,0x300,8,02 8A C2 F4 62 F3 77 CB,temp=42.00
1779899035.021,0x100,8,00 33 D2 CC C5 53 F3 31,speed=0.00
1779899035.113,0x200,8,1D 64 B3 EB 5C BB 2E 63,fuel=100.00
1779899035.222,0x300,8,02 26 41 F7 D7 F6 62 36,temp=42.00
1779899035.297,0x100,8,00 AD DC 21 20 E8 22 7F,speed=0.00
1779899035.396,0x200,8,78 64 E1 BF 3F AF 27 44,fuel=100.00
1779899035.482,0x300,8,02 EA C3 14 00 D8 D3 F5,temp=42.00
1779899035.619,0x100,8,00 AD A9 71 7C F6 CD 4E,speed=0.00
1779899035.682,0x200,8,B4 64 4D 93 BC 3C 55 CC,fuel=100.00
1779899035.781,0x300,8,02 BA 1C 31 79 3D 13 1D,temp=42.00
1779899035.873,0x100,8,00 EC 4D CE 4E 0B 2A 60,speed=0.00
1779899035.951,0x200,8,E0 64 D7 96 2D 0B 50 09,fuel=100.00
1779899036.064,0x300,8,02 87 5B 50 3D CB F6 B4,temp=42.00
1779899036.163,0x100,8,00 71 01 62 13 EC 88 A6,speed=0.00
1779899036.246,0x200,8,DB 64 5E 9C C4 8E B5 CB,fuel=100.00
1779899036.350,0x300,8,02 8F 7A 64 BB 24 88 8B,temp=42.00
1779899036.428,0x100,8,00 1D 7F EF 00 95 08 93,speed=0.00
1779899036.521,0x200,8,46 64 43 77 E0 BE 4C 48,fuel=100.00
1779899036.616,0x300,8,02 F1 F0 BC FB 07 82 DF,temp=42.00
1779899036.705,0x100,8,00 41 13 65 2F 92 95 37,speed=0.00
1779899036.820,0x200,8,28 64 35 4E 99 86 3F A2,fuel=100.00
1779899036.914,0x300,8,02 93 6C 60 09 A4 8C 66,temp=42.00
1779899036.982,0x100,8,00 B3 39 83 8F 08 7C 6F,speed=0.00
1779899037.073,0x200,8,BC 64 17 9D 10 2D 93 C9,fuel=100.00
1779899037.178,0x300,8,02 A4 F9 9B 19 62 EF A6,temp=42.00
1779899037.263,0x100,8,00 2E F8 32 B5 11 52 2E,speed=0.00
1779899037.364,0x200,8,25 64 C7 AD 17 42 16 E8,fuel=100.00
1779899037.478,0x300,8,02 31 E2 D0 90 3A F4 E0,temp=42.00
1779899037.541,0x100,8,00 CC AF E1 97 97 0B C3,speed=0.00
1779899037.684,0x200,8,99 64 6A 2D 71 CC 95 71,fuel=100.00
1779899037.740,0x300,8,02 D3 88 A9 30 E0 AF D6,temp=42.00
1779899037.824,0x100,8,00 3A 0F 86 7C FE 06 9E,speed=0.00
1779899037.938,0x200,8,82 64 F9 DD 3A 1F 82 8F,fuel=100.00
1779899038.016,0x300,8,02 E7 B8 37 BE B0 42 3B,temp=42.00
1779899038.117,0x100,8,00 B9 AB 41 D5 BD 46 6F,speed=0.00
1779899038.220,0x200,8,1B 64 E2 FA 93 00 89 15,fuel=100.00
1779899038.321,0x300,8,02 28 79 8D 68 D8 C1 70,temp=42.00
1779899038.398,0x100,8,00 2F 9D 6C B5 3F 11 BA,speed=0.00
1779899038.506,0x200,8,EC 64 9B DD 15 F2 AF 03,fuel=100.00
1779899038.603,0x300,8,02 B1 BB 13 FE 4A EE E7,temp=42.00
1779899038.690,0x100,8,00 3F 8B 1A CF 7C A2 45,speed=0.00
1779899038.772,0x200,8,0B 64 CD 93 6B 61 C0 8B,fuel=100.00
1779899038.877,0x300,8,02 AD 30 48 AB 1A 5C CC,temp=42.00
1779899038.953,0x100,8,00 49 23 89 63 BC BA A0,speed=0.00
1779899039.057,0x200,8,4F 64 7D B8 1C A7 A8 9B,fuel=100.00
1779899039.134,0x300,8,02 A0 04 85 94 2B E4 A9,temp=42.00
1779899039.248,0x100,8,00 59 B6 28 C4 8F 49 65,speed=0.00
1779899039.348,0x200,8,C0 64 91 0D C4 C0 27 46,fuel=100.00
1779899039.448,0x300,8,02 37 21 3B D9 53 2D 43,temp=42.00
1779899039.533,0x100,8,00 69 81 96 1A B0 73 19,speed=0.00
1779899039.607,0x200,8,CA 64 7E 10 68 AF 45 40,fuel=100.00
1779899039.708,0x300,8,02 D2 67 0E 9F 99 DC 73,temp=42.00
1779899039.809,0x100,8,00 7A 1F 81 EB F4 67 A3,speed=0.00
1779899039.906,0x200,8,4A 64 7C E1 70 91 F0 0E,fuel=100.00
1779899040.017,0x300,8,02 42 F8 E0 32 A8 AA 11,temp=42.00
1779899040.114,0x100,8,00 27 18 C0 89 98 10 EC,speed=0.00
1779899040.190,0x200,8,06 64 CA 9E DC 2F 34 3E,fuel=100.00
1779899040.287,0x300,8,02 B5 B6 1E DD FC BD B2,temp=42.00
1779899040.399,0x100,8,00 D8 E2 07 6B D3 33 8F,speed=0.00
1779899040.464,0x200,8,E0 64 7B 15 56 91 01 BE,fuel=100.00
1779899040.559,0x300,8,02 8E B3 4E D6 02 76 29,temp=42.00
1779899040.656,0x100,8,00 94 B7 B0 0B CF B8 C9,speed=0.00
1779899040.763,0x200,8,20 64 3C 2B 2D 03 6E 99,fuel=100.00
1779899040.847,0x300,8,02 29 95 82 DA 92 BF A7,temp=42.00
1779899040.953,0x100,8,00 DB D6 1B A1 27 46 BA,speed=0.00
1779899041.034,0x200,8,DE 64 CB F1 DD D6 F2 2B,fuel=100.00
1779899041.142,0x300,8,02 3A 2E 40 A5 C5 8C FD,temp=42.00
1779899041.235,0x100,8,00 8D C1 CB 40 2C B4 FF,speed=0.00
1779899041.312,0x200,8,76 64 1A DF 8E FC C0 E2,fuel=100.00
1779899041.410,0x300,8,02 E5 F0 28 A9 71 F2 D9,temp=42.00
1779899041.507,0x100,8,00 DF FF 52 7B B4 24 0F,speed=0.00
1779899041.607,0x200,8,62 64 1B EC 4C 9B 01 96,fuel=100.00
1779899041.703,0x300,8,02 6C 00 91 3B 30 0E 52,temp=42.00
1779899041.798,0x100,8,00 60 D7 04 48 DA 93 F2,speed=0.00
1779899041.873,0x200,8,FB 64 D6 86 43 7F A5 F1,fuel=100.00
1779899041.966,0x300,8,02 FF 27 34 86 50 BA C7,temp=42.00
1779899042.057,0x100,8,00 82 8D 2E D1 C8 6E 32,speed=0.00
1779899042.156,0x200,8,88 64 EE 87 62 64 30 13,fuel=100.00
1779899042.266,0x300,8,02 4F F1 40 4B 93 49 F3,temp=42.00
1779899042.339,0x100,8,00 2F 39 8B F9 8C 45 6E,speed=0.00
1779899042.458,0x200,8,DB 64 BF 33 A9 F8 C1 3B,fuel=100.00
1779899042.537,0x300,8,02 70 77 95 03 91 6E B4,temp=42.00
1779899042.642,0x100,8,00 D3 7F 6F 9E F0 AA E0,speed=0.00
1779899042.741,0x200,8,12 64 AD AA C8 F9 EE CD,fuel=100.00
1779899042.833,0x300,8,02 9B ED 87 E6 1F 89 B1,temp=42.00
1779899042.906,0x100,8,00 83 5A 48 EB 31 28 E3,speed=0.00
1779899043.018,0x200,8,A6 64 2E A7 57 B8 86 9E,fuel=100.00
1779899043.096,0x300,8,02 91 4E 3E 30 99 A8 01,temp=42.00
1779899043.219,0x100,8,00 09 B0 41 05 A4 1D 13,speed=0.00
1779899043.280,0x200,8,42 64 CB 55 A7 59 FB 49,fuel=100.00
1779899043.387,0x300,8,02 34 59 DB C4 81 50 96,temp=42.00
1779899043.497,0x100,8,00 6A BE BF 2E F6 C5 4B,speed=0.00
1779899043.577,0x200,8,A2 64 67 CF 87 BC 83 B8,fuel=100.00
1779899043.666,0x300,8,02 AE 98 5B 64 F2 D2 CE,temp=42.00
1779899043.774,0x100,8,00 0E F8 47 8B B4 E5 7C,speed=0.00
1779899043.843,0x200,8,D9 64 71 3A 99 3F F0 E3,fuel=100.00
1779899043.948,0x300,8,02 09 1E A6 24 3B 0C F3,temp=42.00
1779899044.026,0x100,8,00 8B CC E4 8C C8 D3 74,speed=0.00
1779899044.125,0x200,8,A1 64 A5 9F 1C 34 16 37,fuel=100.00
1779899044.234,0x300,8,02 E0 DA EA 7B 98 B6 26,temp=42.00
1779899044.329,0x100,8,00 6E 55 E2 6C 90 14 94,speed=0.00
1779899044.402,0x200,8,4F 64 48 99 64 51 F4 83,fuel=100.00
1779899044.521,0x300,8,02 42 AA 7A 8F EB 34 09,temp=42.00
1779899044.597,0x100,8,00 C3 29 68 4A C9 57 26,speed=0.00
1779899044.701,0x200,8,8A 64 4C F3 CD E7 2F 81,fuel=100.00
1779899044.798,0x300,8,02 B2 BC A7 28 37 DD 07,temp=42.00
1779899044.900,0x100,8,00 D0 D3 52 1A 70 FC 2B,speed=0.00
1779899045.007,0x200,8,75 64 78 A2 D4 85 BC 7A,fuel=100.00
1779899045.091,0x300,8,02 B5 98 58 AE 11 83 E0,temp=42.00
1779899045.186,0x100,8,00 92 27 77 0A 3C C9 EC,speed=0.00
1779899045.284,0x200,8,43 64 D0 A7 01 F2 C8 48,fuel=100.00
1779899045.359,0x300,8,02 3E FB 69 E4 3B E2 64,temp=42.00
1779899045.447,0x100,8,00 A9 AC 5A CB 45 1E 6F,speed=0.00
1779899045.544,0x200,8,4D 64 A3 97 5C E1 8E 78,fuel=100.00
1779899045.654,0x300,8,02 31 F8 2E 02 A9 9D A8,temp=42.00
1779899045.745,0x100,8,00 60 83 EB 0F 5D 31 EC,speed=0.00
1779899045.826,0x200,8,FE 64 FB D3 0D E4 24 C1,fuel=100.00
1779899045.937,0x300,8,02 AB 12 55 39 6B C7 6C,temp=42.00
1779899046.012,0x100,8,00 C1 CC 3F 3E 85 96 8C,speed=0.00
1779899046.107,0x200,8,15 64 5D 73 93 E7 8A EF,fuel=100.00
1779899046.207,0x300,8,02 5A C4 E5 CD 11 66 1B,temp=42.00
1779899046.291,0x100,8,00 4C A8 B0 6D 21 9F F1,speed=0.00
1779899046.394,0x200,8,75 64 FF A8 EF 00 65 C3,fuel=100.00
1779899046.483,0x300,8,02 26 FC CA 42 9D 23 50,temp=42.00
1779899046.582,0x100,8,00 20 87 1C 76 04 77 69,speed=0.00
1779899046.682,0x200,8,BB 64 5B 58 84 FD 0D A1,fuel=100.00
1779899046.781,0x300,8,02 01 B9 22 C7 76 0D 2B,temp=42.00
1779899046.871,0x100,8,00 7E 84 4B 8D D4 66 69,speed=0.00
1779899046.963,0x200,8,26 64 CE E7 77 7A DF BB,fuel=100.00
1779899047.052,0x300,8,02 80 41 A0 79 6B D2 95,temp=42.00
1779899047.137,0x100,8,00 88 91 1A EC 90 03 F8,speed=0.00
1779899047.242,0x200,8,41 64 64 52 8B 4E 6A D4,fuel=100.00
1779899047.327,0x300,8,02 7E 31 1F 33 51 7A 36,temp=42.00
1779899047.424,0x100,8,00 0B 7E D8 36 4F 15 AC,speed=0.00
1779899047.515,0x200,8,7A 64 68 0A A6 EA EB 77,fuel=100.00
1779899047.606,0x300,8,02 DF AF 3A B8 CF 25 6D,temp=42.00
1779899047.723,0x100,8,00 0D B2 0F 7F 1D 32 C7,speed=0.00
1779899047.807,0x200,8,60 64 E4 22 A9 8A 87 DC,fuel=100.00
1779899047.914,0x300,8,02 E7 C9 D2 66 03 F4 E8,temp=42.00
1779899047.998,0x100,8,00 DB 71 72 A8 78 CA B7,speed=0.00
1779899048.092,0x200,8,4A 64 B7 2A 70 A8 7B 16,fuel=100.00
1779899048.197,0x300,8,02 DD 4A 42 52 3A 95 1C,temp=42.00
1779899048.268,0x100,8,00 BE 43 DD 37 15 85 1D,speed=0.00
1779899048.376,0x200,8,7A 64 3B 46 0E 3C 7A 6B,fuel=100.00
1779899048.458,0x300,8,02 4C 8C E6 6B FC 61 D5,temp=42.00
1779899048.544,0x100,8,00 B9 6B 42 BD 80 4B F7,speed=0.00
1779899048.664,0x200,8,23 64 97 CF C6 5D 0F 82,fuel=100.00
1779899048.738,0x300,8,02 C9 6F AD C6 AC 9C EB,temp=42.00
1779899048.840,0x100,8,00 33 C3 66 6E BC A3 BA,speed=0.00
1779899048.944,0x200,8,4D 64 EA 7C 74 2E B2 4C,fuel=100.00
1779899049.039,0x300,8,02 9E E8 A3 53 03 72 6B,temp=42.00
1779899049.119,0x100,8,00 72 10 37 B3 62 8E 98,speed=0.00
1779899049.215,0x200,8,31 64 0E E3 7B 5F 3E E6,fuel=100.00
1779899049.298,0x300,8,02 7B CC 7B E9 6A 13 8D,temp=42.00
1779899049.398,0x100,8,00 86 C7 36 F0 2A 93 F5,speed=0.00
1779899049.492,0x200,8,F2 64 60 75 C6 7B 03 C9,fuel=100.00
1779899049.577,0x300,8,02 28 F2 B0 53 2E 78 40,temp=42.00
1779899049.685,0x100,8,00 A8 9F C8 08 7C F3 5A,speed=0.00
1779899049.778,0x200,8,D5 64 EE 05 68 CF 6C C0,fuel=100.00
1779899049.868,0x300,8,02 EF A7 0F 4A 6A 20 6F,temp=42.00
1779899049.958,0x100,8,00 13 05 AB E3 D1 86 69,speed=0.00
1779899050.041,0x200,8,06 64 3C CF 87 D9 0E 76,fuel=100.00
1779899050.151,0x300,8,02 D2 CA DA A9 29 CD ED,temp=42.00
1779899050.233,0x100,8,00 7A D5 0D 56 47 CD 32,speed=0.00
1779899050.344,0x200,8,7E 64 8A 77 9B E6 36 C3,fuel=100.00
1779899050.419,0x300,8,02 35 44 93 05 03 78 47,temp=42.00
1779899050.511,0x100,8,00 9B 85 E9 27 38 D2 24,speed=0.00
1779899050.626,0x200,8,4C 64 3B E4 08 AB CE 53,fuel=100.00
1779899050.717,0x300,8,02 1B 5A B1 8C BB 35 52,temp=42.00
1779899050.793,0x100,8,00 4C 13 E3 DF 72 02 C4,speed=0.00
1779899050.907,0x200,8,D1 64 28 24 FE 2C 94 2E,fuel=100.00
1779899050.990,0x300,8,02 D6 BD 51 C0 19 3D 80,temp=42.00
1779899051.084,0x100,8,00 1B E3 B7 45 34 8B 44,speed=0.00
1779899051.169,0x200,8,E5 64 C1 95 D6 75 00 99,fuel=100.00
1779899051.283,0x300,8,02 C7 CA CB D1 E0 3E 6A,temp=42.00
1779899051.369,0x100,8,00 F6 21 52 1F 67 C7 94,speed=0.00
1779899051.453,0x200,8,6E 64 4D 81 B2 BB 94 EF,fuel=100.00
1779899051.551,0x300,8,02 67 C6 A6 AC 20 A5 9E,temp=42.00
1779899051.636,0x100,8,00 64 49 9E 0E C5 BF A4,speed=0.00
1779899051.751,0x200,8,67 64 EC 6F 0C DE 94 48,fuel=100.00
1779899051.844,0x300,8,02 BD 43 B1 EA 78 3B FA,temp=42.00
1779899051.930,0x100,8,00 EF 59 49 EA 16 F2 CF,speed=0.00
1779899052.017,0x200,8,48 64 44 BF 4A 38 D8 A2,fuel=100.00
1779899052.113,0x300,8,02 66 E7 2D 17 6B 7B 0F,temp=42.00
1779899052.207,0x100,8,00 6D 52 D5 0D C4 3A 65,speed=0.00
1779899052.316,0x200,8,5F 64 B4 C9 BF F5 2E 3C,fuel=100.00
1779899052.392,0x300,8,02 5D 59 92 EA B9 11 51,temp=42.00
1779899052.508,0x100,8,00 DB 76 C1 8D 1E 18 4A,speed=0.00
1779899052.573,0x200,8,12 64 10 DB 77 50 8F 7F,fuel=100.00
1779899052.680,0x300,8,02 3C F3 04 90 F0 AA CB,temp=42.00
1779899052.772,0x100,8,00 F4 19 67 41 85 C1 2E,speed=0.00
1779899052.854,0x200,8,5A 64 A6 0E F1 A7 1B C4,fuel=100.00
1779899052.958,0x300,8,02 62 77 7D 53 52 84 2C,temp=42.00
1779899053.062,0x100,8,00 66 65 71 A6 BD 6E C5,speed=0.00
1779899053.145,0x200,8,F0 64 96 95 A7 46 B8 82,fuel=100.00
1779899053.243,0x300,8,02 D3 67 28 74 DF FC 1F,temp=42.00
1779899053.326,0x100,8,00 AF 5A DB 5D EA 08 01,speed=0.00
1779899053.432,0x200,8,A9 64 32 5D FA 0E A7 7E,fuel=100.00
1779899053.518,0x300,8,02 B4 B7 8E 76 72 C3 3E,temp=42.00
1779899053.629,0x100,8,00 8C 80 CA EA 23 9D 3B,speed=0.00
1779899053.715,0x200,8,31 64 D9 68 DE 6B 45 A2,fuel=100.00
1779899053.810,0x300,8,02 8A 5F 66 84 51 F9 A3,temp=42.00
1779899053.906,0x100,8,00 85 2E 54 C0 86 EE D4,speed=0.00
1779899053.998,0x200,8,09 64 0D 15 E0 E2 3B 0F,fuel=100.00
1779899054.091,0x300,8,02 63 53 69 24 9E AB 4D,temp=42.00
1779899054.186,0x100,8,00 76 BF D3 0A 14 0E F1,speed=0.00
1779899054.272,0x200,8,8E 64 B9 FE 71 2D FD 98,fuel=100.00
1779899054.357,0x300,8,02 72 93 A5 CB F5 18 EE,temp=42.00
1779899054.482,0x100,8,00 F1 9F C7 3F F8 A5 FA,speed=0.00
1779899054.562,0x200,8,89 64 10 1F B2 E0 88 D8,fuel=100.00
1779899054.648,0x300,8,02 93 2F CA CB EC 19 A9,temp=42.00
1779899054.743,0x100,8,00 E9 74 97 65 D0 4A 3D,speed=0.00
1779899054.841,0x200,8,5C 64 4D 2A 27 86 38 88,fuel=100.00
1779899054.935,0x300,8,02 D8 A9 3A 62 B0 8E 4E,temp=42.00
1779899055.016,0x100,8,00 FD 57 17 10 46 60 D2,speed=0.00
1779899055.129,0x200,8,A9 64 66 52 65 EE 52 00,fuel=100.00
1779899055.205,0x300,8,02 76 A8 42 01 64 76 96,temp=42.00
1779899055.296,0x100,8,00 C1 72 B0 F9 DD 1C 6B,speed=0.00
1779899055.387,0x200,8,EC 64 E4 86 45 AC ED 62,fuel=100.00
1779899055.499,0x300,8,02 F9 C7 04 F7 82 18 99,temp=42.00
1779899055.579,0x100,8,00 E0 4F 45 48 91 14 79,speed=0.00
1779899055.681,0x200,8,FD 64 1F 44 0B C5 7E 19,fuel=100.00
1779899055.760,0x300,8,02 42 56 D9 B7 59 4F 78,temp=42.00
1779899055.870,0x100,8,00 45 64 24 56 30 F3 97,speed=0.00
1779899055.959,0x200,8,01 64 B7 06 CC 9A F6 F0,fuel=100.00
1779899056.056,0x300,8,02 31 42 EF A6 35 75 32,temp=42.00
1779899056.143,0x100,8,00 9A E7 A6 9E B2 33 19,speed=0.00
1779899056.256,0x200,8,B5 64 E8 C0 E9 18 1B FD,fuel=100.00
1779899056.330,0x300,8,02 12 C0 FB 89 AB C6 43,temp=42.00
1779899056.450,0x100,8,00 AA 73 90 D7 4C 0E A2,speed=0.00
1779899056.514,0x200,8,E4 64 19 6F C1 83 5E 5D,fuel=100.00
1779899056.611,0x300,8,02 89 34 5B 31 2C 6A 6F,temp=42.00
1779899056.712,0x100,8,00 24 4E 0B 8F CD B8 7E,speed=0.00
1779899056.795,0x200,8,9D 64 D4 58 2B AD 26 A0,fuel=100.00
1779899056.899,0x300,8,02 B1 4C 7E FE AB D3 85,temp=42.00
1779899056.996,0x100,8,00 62 78 02 0E 0C 06 E4,speed=0.00
1779899057.097,0x200,8,0D 64 FB 52 33 D6 6C B6,fuel=100.00
1779899057.171,0x300,8,02 EE 72 56 92 8D 92 6E,temp=42.00
1779899057.281,0x100,8,00 39 7C 55 E2 C2 1C 7F,speed=0.00
1779899057.366,0x200,8,BF 64 98 1F 08 B9 39 8A,fuel=100.00
1779899057.459,0x300,8,02 B8 23 4F 29 1D 46 19,temp=42.00
1779899057.541,0x100,8,00 E1 B3 2B BA 51 B8 E3,speed=0.00
1779899057.686,0x200,8,41 64 7E A3 17 34 E2 09,fuel=100.00
1779899057.739,0x300,8,02 5E 25 F9 20 BC 32 7C,temp=42.00
1779899057.837,0x100,8,00 DA DA 8E 82 D9 BD 46,speed=0.00
1779899057.935,0x200,8,B4 64 6A 7D 9A D7 61 61,fuel=100.00
1779899058.030,0x300,8,02 FC 84 40 19 4B DE 90,temp=42.00
1779899058.112,0x100,8,00 92 A4 2E 58 9C 6A 41,speed=0.00
1779899058.225,0x200,8,30 64 9A 55 DE EE 5A BB,fuel=100.00
1779899058.289,0x300,8,02 0D 46 1E 33 70 48 8A,temp=42.00
1779899058.390,0x100,8,00 0F A7 82 41 A6 7D 04,speed=0.00
1779899058.485,0x200,8,7B 64 E3 16 AC 06 E3 1B,fuel=100.00
1779899058.587,0x300,8,02 B8 54 BE FC F5 3B 2D,temp=42.00
1779899058.666,0x100,8,00 99 8F E1 74 C4 4F C5,speed=0.00
1779899058.775,0x200,8,B9 64 A5 31 3D F0 DC 14,fuel=100.00
1779899058.866,0x300,8,02 C7 62 EB 1A DA C7 C2,temp=42.00
1779899058.965,0x100,8,00 32 78 F0 74 D2 CE C7,speed=0.00
1779899059.049,0x200,8,65 64 39 2C 4C E6 42 D8,fuel=100.00
1779899059.148,0x300,8,02 7E 8B 26 7C D6 11 D1,temp=42.00
1779899059.238,0x100,8,00 02 F8 E9 A7 DF 76 49,speed=0.00
1779899059.327,0x200,8,97 64 C0 10 04 B2 32 08,fuel=100.00
1779899059.424,0x300,8,02 4F 51 81 2B 56 D5 22,temp=42.00
1779899059.508,0x100,8,00 0D C4 69 BD CF 74 BE,speed=0.00
1779899059.624,0x200,8,37 64 0A A5 24 31 69 EE,fuel=100.00
1779899059.721,0x300,8,02 DE 20 5D 49 E7 05 00,temp=42.00
1779899059.800,0x100,8,00 F0 D2 41 C1 C7 1D D5,speed=0.00
1779899059.908,0x200,8,D9 64 7C BF 7F 21 F4 3B,fuel=100.00
1779899059.983,0x300,8,02 39 8A B7 EB FC 5D 7C,temp=42.00
1779899060.094,0x100,8,00 2F 8B 65 4D A0 0A 75,speed=0.00
1779899060.184,0x200,8,91 64 CA BF 48 C7 31 C1,fuel=100.00
1779899060.279,0x300,8,02 E6 31 F6 67 05 1B 4F,temp=42.00
1779899060.364,0x100,8,00 46 B5 9D 74 3F E5 10,speed=0.00
1779899060.457,0x200,8,00 64 19 AC 17 90 A3 2C,fuel=100.00
1779899060.544,0x300,8,02 A6 E3 BE 06 4B C2 36,temp=42.00
1779899060.657,0x100,8,00 48 3E 20 3E 11 6A 58,speed=0.00
1779899060.764,0x200,8,3B 64 E0 6A B6 DC E5 96,fuel=100.00
1779899060.824,0x300,8,02 88 D9 FA ED 33 D1 72,temp=42.00
1779899060.940,0x100,8,00 FA 78 91 FA 96 43 19,speed=0.00
1779899061.014,0x200,8,60 64 09 BE 5A E3 05 BD,fuel=100.00
1779899061.116,0x300,8,02 E1 16 EC B0 BE D8 A6,temp=42.00
1779899061.212,0x100,8,00 92 EF 5A 0A 02 0A 33,speed=0.00
1779899061.301,0x200,8,D1 64 38 52 29 04 84 C0,fuel=100.00
1779899061.390,0x300,8,02 38 5C BF 8C 11 6D D9,temp=42.00
1779899061.487,0x100,8,00 AF 14 3E 0E 37 0F 02,speed=0.00
1779899061.601,0x200,8,EA 64 B8 1A 02 AF 7A E5,fuel=100.00
1779899061.684,0x300,8,02 AD 13 D1 1A A3 05 56,temp=42.00
1779899061.769,0x100,8,00 4D 39 0F B9 E6 31 F1,speed=0.00
1779899061.865,0x200,8,1E 64 87 C6 34 9B FA E3,fuel=100.00
1779899061.950,0x300,8,02 34 C5 D5 23 C6 6D 99,temp=42.00
1779899062.047,0x100,8,00 A8 EC 31 8B DE 98 BA,speed=0.00
1779899062.160,0x200,8,C7 64 19 EF 0B 0A 02 B8,fuel=100.00
1779899062.246,0x300,8,02 EB 05 A8 8A DD 47 18,temp=42.00
1779899062.324,0x100,8,00 17 45 B7 46 C3 22 FA,speed=0.00
1779899062.426,0x200,8,C1 64 F4 C8 CE E0 07 01,fuel=100.00
1779899062.530,0x300,8,02 43 35 98 C9 AE AD 7E,temp=42.00
1779899062.642,0x100,8,00 5E BA C5 10 C2 E3 4D,speed=0.00
1779899062.733,0x200,8,B2 64 CA 9F 5E E2 BA B2,fuel=100.00
1779899062.836,0x300,8,02 0B 5C 6D 58 F6 3F 31,temp=42.00
1779899062.910,0x100,8,00 CB 96 D4 6C 1D 7D 18,speed=0.00
1779899063.016,0x200,8,81 64 4E F9 8E A7 D1 82,fuel=100.00
1779899063.105,0x300,8,02 10 E9 E3 44 C4 63 DB,temp=42.00
1779899063.209,0x100,8,00 D2 A2 71 42 4B E6 FA,speed=0.00
1779899063.277,0x200,8,29 64 15 B7 56 D4 27 F9,fuel=100.00
1779899063.375,0x300,8,02 0F 7A 5F 1F 8D EB B7,temp=42.00
1779899063.475,0x100,8,00 CB 33 A9 FB 06 FC C0,speed=0.00
1779899063.574,0x200,8,0D 64 E3 6A 4E F4 BC C6,fuel=100.00
1779899063.668,0x300,8,02 B4 9A 48 EC 7A 45 F3,temp=42.00
1779899063.751,0x100,8,00 B8 4E 3A 9B 34 DC F3,speed=0.00
1779899063.869,0x200,8,7D 64 B6 D9 F2 42 7A A1,fuel=100.00
1779899063.935,0x300,8,02 20 5D E5 2E F0 2D F2,temp=42.00
1779899064.039,0x100,8,00 FD 01 75 36 70 80 18,speed=0.00
1779899064.142,0x200,8,03 64 A9 B8 77 92 C7 25,fuel=100.00
1779899064.236,0x300,8,02 86 95 5B 5A 0E 6F 64,temp=42.00
1779899064.332,0x100,8,00 14 B2 76 FD 37 8F 6D,speed=0.00
1779899064.420,0x200,8,CF 64 93 4A 55 DA E8 40,fuel=100.00
1779899064.506,0x300,8,02 69 21 5B 81 6A 58 47,temp=42.00
1779899064.604,0x100,8,00 F9 87 18 44 FC 9E D5,speed=0.00
1779899064.687,0x200,8,38 64 C8 AF D6 A1 12 75,fuel=100.00
1779899064.775,0x300,8,02 8E 2A 7A 9D 74 4E 35,temp=42.00
1779899064.894,0x100,8,00 3F 91 3A 5A DB 45 9D,speed=0.00
1779899064.967,0x200,8,B2 64 90 6C 62 A2 DA 61,fuel=100.00
1779899065.081,0x300,8,02 A9 94 96 48 0A 60 6E,temp=42.00
1779899065.175,0x100,8,00 D6 74 27 F1 46 58 0F,speed=0.00
1779899065.266,0x200,8,C6 64 2D DE 7C 58 EA D1,fuel=100.00
1779899065.352,0x300,8,02 29 33 94 01 7D 9A 50,temp=42.00
1779899065.437,0x100,8,00 41 BC 47 9A 0C AF D2,speed=0.00
1779899065.545,0x200,8,4E 64 CA F3 78 C8 46 5B,fuel=100.00
1779899065.624,0x300,8,02 E0 BC 77 31 5E C1 A4,temp=42.00
1779899065.733,0x100,8,00 61 D1 60 56 99 86 71,speed=0.00
1779899065.835,0x200,8,D4 64 74 88 3C 6B 74 66,fuel=100.00
1779899065.933,0x300,8,02 73 9C 67 99 5E B4 63,temp=42.00
1779899066.027,0x100,8,00 85 23 17 6A 0B 6D FD,speed=0.00
1779899066.113,0x200,8,7B 64 E4 F0 F0 CE CD A3,fuel=100.00
1779899066.213,0x300,8,02 FC CD 08 C0 5B B0 EC,temp=42.00
1779899066.300,0x100,8,00 96 94 75 12 F4 80 80,speed=0.00
1779899066.405,0x200,8,32 64 3D 5F 55 EA 87 00,fuel=100.00
1779899066.492,0x300,8,02 0A A7 96 26 D4 5C 0C,temp=42.00
1779899066.587,0x100,8,00 49 19 A5 CE 9C 67 6F,speed=0.00
1779899066.678,0x200,8,76 64 8C BF 05 9F DA 33,fuel=100.00
1779899066.768,0x300,8,02 B3 CE 82 F9 7E B7 E6,temp=42.00
1779899066.863,0x100,8,00 38 B9 F5 6C 09 F7 C8,speed=0.00
1779899066.964,0x200,8,E2 64 DC 9D B2 87 76 99,fuel=100.00
1779899067.041,0x300,8,02 72 75 A3 A2 F3 6A FD,temp=42.00
1779899067.159,0x100,8,00 AF 39 91 BF DF EC 30,speed=0.00
1779899067.249,0x200,8,24 64 DF AC 39 53 62 FD,fuel=100.00
1779899067.338,0x300,8,02 23 C2 14 13 A3 5E D6,temp=42.00
1779899067.426,0x100,8,00 C2 45 A1 B8 47 1D 60,speed=0.00
1779899067.520,0x200,8,6B 64 07 13 D8 1E D3 33,fuel=100.00
1779899067.614,0x300,8,02 31 E0 BD E2 94 F4 8F,temp=42.00
1779899067.717,0x100,8,00 3F EF D7 C4 04 91 B8,speed=0.00
1779899067.810,0x200,8,C5 64 D7 40 F3 30 5D 59,fuel=100.00
1779899067.891,0x300,8,02 69 3D AC DC D3 03 5F,temp=42.00
1779899067.997,0x100,8,00 18 E9 EB D7 7E 1D D1,speed=0.00
1779899068.078,0x200,8,93 64 45 4D 5E D3 82 0D,fuel=100.00
1779899068.170,0x300,8,02 6B 68 92 22 1C 27 A4,temp=42.00
1779899068.269,0x100,8,00 34 B1 31 75 0B B7 7A,speed=0.00
1779899068.384,0x200,8,43 64 A4 31 CE BD D9 94,fuel=100.00
1779899068.470,0x300,8,02 0A EB 25 37 86 77 FF,temp=42.00
1779899068.564,0x100,8,00 BA F7 32 41 03 13 9E,speed=0.00
1779899068.656,0x200,8,E6 64 56 7C 86 49 87 91,fuel=100.00
1779899068.741,0x300,8,02 3C 07 DE F2 40 7D 90,temp=42.00
1779899068.840,0x100,8,00 63 6A 6E 61 1C 8A 5A,speed=0.00
1779899068.943,0x200,8,78 64 57 97 AE 0D 84 8E,fuel=100.00
1779899069.033,0x300,8,02 62 8A CB 4E 52 46 70,temp=42.00
1779899069.107,0x100,8,00 1C 3B 77 2C 31 08 5B,speed=0.00
1779899069.201,0x200,8,A1 64 C2 A2 22 03 9B FB,fuel=100.00
1779899069.312,0x300,8,02 36 52 2C 9E 3E 87 3D,temp=42.00
1779899069.411,0x100,8,00 21 AB CF 5D CD A7 F3,speed=0.00
1779899069.529,0x200,8,08 64 4A 19 88 52 CA FE,fuel=100.00
1779899069.600,0x300,8,02 CD 42 29 35 B8 33 2F,temp=42.00
1779899069.720,0x100,8,00 45 2C EC E6 A3 A4 AC,speed=0.00
1779899069.793,0x200,8,8C 64 B5 0E 6E 7B 2B D1,fuel=100.00
1779899069.889,0x300,8,02 0D 07 F0 F4 22 BE F6,temp=42.00
1779899069.993,0x100,8,00 0A 5C 80 3F 67 F8 12,speed=0.00
1779899070.158,0x200,8,64 64 EC FD 5B 16 A6 A4,fuel=100.00
1779899070.177,0x300,8,02 7D E7 83 22 7D 73 F6,temp=42.00
1779899070.272,0x100,8,00 01 77 53 26 DE 08 84,speed=0.00
1779899070.386,0x200,8,34 64 32 CB 3B 95 DA A7,fuel=100.00
1779899070.474,0x300,8,02 99 60 49 47 72 05 2A,temp=42.00
1779899070.551,0x100,8,00 03 3C FE 2D 94 87 D1,speed=0.00
1779899070.656,0x200,8,8E 64 89 66 9D F8 DD 71,fuel=100.00
1779899070.759,0x300,8,02 AB 17 22 2B 58 77 75,temp=42.00
1779899070.847,0x100,8,00 D4 DA EF 3B B7 8C F2,speed=0.00
1779899070.933,0x200,8,0F 64 B2 EC 33 8E B1 A2,fuel=100.00
1779899071.045,0x300,8,02 9B CB 73 60 D8 2A D5,temp=42.00
1779899071.114,0x100,8,00 D5 DD 2B 78 75 4F B0,speed=0.00
1779899071.212,0x200,8,53 64 8A BA E6 21 33 16,fuel=100.00
1779899071.305,0x300,8,02 B0 4C 39 88 B9 DD 5D,temp=42.00
1779899071.407,0x100,8,00 85 7C 03 98 0B 39 65,speed=0.00
1779899071.521,0x200,8,45 64 1C 89 B2 8D 42 6F,fuel=100.00
1779899071.588,0x300,8,02 53 B1 41 A4 93 61 E4,temp=42.00
1779899071.685,0x100,8,00 FD BF 82 68 81 13 F1,speed=0.00
1779899071.791,0x200,8,EB 64 AF DA 13 0A 37 2B,fuel=100.00
1779899071.869,0x300,8,02 3D A3 83 38 B9 33 6B,temp=42.00
1779899071.971,0x100,8,00 BD 24 75 6E 7B 88 A4,speed=0.00
1779899072.071,0x200,8,7E 64 8F A7 7E 21 16 C5,fuel=100.00
1779899072.170,0x300,8,02 5B 93 8A 32 89 47 92,temp=42.00
1779899072.284,0x100,8,00 2C 85 76 AD D7 40 1E,speed=0.00
1779899072.354,0x200,8,0E 64 16 31 B1 18 6C BA,fuel=100.00
1779899072.448,0x300,8,02 98 AB F6 7E A5 68 1E,temp=42.00
1779899072.549,0x100,8,00 0A 81 8D 95 F3 A4 46,speed=0.00
1779899072.659,0x200,8,BB 64 ED 4C 61 2E F8 FE,fuel=100.00
1779899072.743,0x300,8,02 46 C7 9B EB 25 50 8E,temp=42.00
1779899072.844,0x100,8,00 64 F0 80 6B 98 37 D0,speed=0.00
1779899072.932,0x200,8,CF 64 56 18 F5 9D 51 A4,fuel=100.00
1779899073.044,0x300,8,02 79 C5 AF 5E FC 57 03,temp=42.00
1779899073.135,0x100,8,00 14 05 F5 FC 8C 0B B4,speed=0.00
1779899073.208,0x200,8,21 64 F1 5B 32 9C 31 EB,fuel=100.00
1779899073.293,0x300,8,02 7D FC 57 37 E8 17 8A,temp=42.00
1779899073.416,0x100,8,00 D5 FF B2 B5 B9 10 5F,speed=0.00
1779899073.493,0x200,8,53 64 DB C3 E8 81 27 D8,fuel=100.00
1779899073.575,0x300,8,02 25 DE 7F 07 25 23 10,temp=42.00
1779899073.688,0x100,8,00 94 60 D9 62 E2 F0 BB,speed=0.00
1779899073.790,0x200,8,C2 64 4D 97 22 B8 43 2A,fuel=100.00
1779899073.863,0x300,8,02 42 34 32 7F 45 0B D5,temp=42.00
1779899073.974,0x100,8,00 64 D7 4D F3 F1 88 B6,speed=0.00
1779899074.050,0x200,8,4E 64 51 71 D9 73 35 4A,fuel=100.00
1779899074.152,0x300,8,02 7A 0D AB 44 C9 B9 A4,temp=42.00
1779899074.244,0x100,8,00 34 10 21 7B BA D3 59,speed=0.00
1779899074.351,0x200,8,1B 64 A8 C1 23 09 FA 75,fuel=100.00
1779899074.448,0x300,8,02 98 F5 EF 3B 1F 4F 64,temp=42.00
1779899074.550,0x100,8,00 78 66 8E 3A BC C3 FD,speed=0.00
1779899074.628,0x200,8,2B 64 17 96 D9 9F 4E 20,fuel=100.00
1779899074.717,0x300,8,02 FB 60 16 6D 7E 47 C4,temp=42.00
1779899074.810,0x100,8,00 CF 8A 52 79 B3 18 53,speed=0.00
1779899074.905,0x200,8,EB 64 85 D9 10 62 20 A5,fuel=100.00
1779899074.991,0x300,8,02 BB 79 FD CB D8 17 86,temp=42.00
1779899075.117,0x100,8,00 DE B0 CE 74 02 8B 5E,speed=0.00
1779899075.169,0x200,8,01 64 FF 50 E8 EA FE 92,fuel=100.00
1779899075.266,0x300,8,02 5A C0 AD 4B 93 1B 4E,temp=42.00
1779899075.380,0x100,8,00 EA E9 CF 6D CB 21 A0,speed=0.00
1779899075.471,0x200,8,E4 64 41 BF 70 03 09 D4,fuel=100.00
1779899075.568,0x300,8,02 6D 22 3C 20 22 98 AA,temp=42.00
1779899075.643,0x100,8,00 A7 1C 36 01 C2 C5 06,speed=0.00
1779899075.753,0x200,8,E5 64 1E B3 B3 B5 E1 8A,fuel=100.00
1779899075.849,0x300,8,02 6A E1 8A 28 B0 00 E3,temp=42.00
1779899075.942,0x100,8,00 D9 DB A2 9C FD 09 B5,speed=0.00
1779899076.030,0x200,8,DB 64 76 62 38 F4 57 6A,fuel=100.00
1779899076.108,0x300,8,02 53 B7 43 DE 84 1F 22,temp=42.00
1779899076.228,0x100,8,00 16 4F BF D1 FD 07 CB,speed=0.00
1779899076.310,0x200,8,D1 64 39 06 E7 ED F2 18,fuel=100.00
1779899076.401,0x300,8,02 85 C3 F8 FD 58 3D BC,temp=42.00
1779899076.491,0x100,8,00 4A 53 AC C8 CE 70 A2,speed=0.00
1779899076.585,0x200,8,81 64 02 74 85 FF F8 2E,fuel=100.00
1779899076.674,0x300,8,02 51 FE 85 32 11 E1 38,temp=42.00
1779899076.796,0x100,8,00 AD 45 CB F0 5A 3C 4B,speed=0.00
1779899076.885,0x200,8,41 64 54 44 6A 90 75 D9,fuel=100.00
1779899076.958,0x300,8,02 E3 A6 D3 C5 67 6C 09,temp=42.00
1779899077.071,0x100,8,00 01 FD 45 BA B4 1F DE,speed=0.00
1779899077.159,0x200,8,F1 64 0D E5 A3 81 E1 59,fuel=100.00
1779899077.251,0x300,8,02 FE 22 74 77 DB 22 D9,temp=42.00
1779899077.337,0x100,8,00 AD 08 71 CA 92 5F AE,speed=0.00
1779899077.442,0x200,8,FE 64 11 E5 91 77 22 36,fuel=100.00
1779899077.531,0x300,8,02 59 0C FD 93 D4 0F C2,temp=42.00
1779899077.624,0x100,8,00 94 48 76 F5 45 EB AD,speed=0.00
1779899077.729,0x200,8,2E 64 08 A5 7E 81 C7 84,fuel=100.00
1779899077.793,0x300,8,02 7B D5 01 24 2A 02 79,temp=42.00
1779899077.889,0x100,8,00 2F 8E 5A 49 B5 99 79,speed=0.00
1779899078.009,0x200,8,81 64 2D F8 16 8C C5 1E,fuel=100.00
1779899078.079,0x300,8,02 41 D8 29 AE CF B4 B8,temp=42.00
1779899078.180,0x100,8,00 92 76 92 D5 5D BC 47,speed=0.00
1779899078.294,0x200,8,E5 64 EC A7 40 AE A8 38,fuel=100.00
1779899078.378,0x300,8,02 C2 64 2F B4 E9 CC 94,temp=42.00
1779899078.478,0x100,8,00 B8 51 7A 2E A1 21 54,speed=0.00
1779899078.557,0x200,8,3A 64 37 E6 5A C6 28 69,fuel=100.00
1779899078.678,0x300,8,02 29 1C 7A B8 BE 34 00,temp=42.00
1779899078.764,0x100,8,00 73 70 D4 98 C7 AD EB,speed=0.00
1779899078.848,0x200,8,CC 64 52 AF 33 C9 AD 92,fuel=100.00
1779899078.943,0x300,8,02 B4 BC 3A 40 44 33 5B,temp=42.00
1779899079.047,0x100,8,00 AC DC 7E 0E B0 C8 46,speed=0.00
1779899079.122,0x200,8,69 64 C5 C6 D6 21 D6 69,fuel=100.00
1779899079.230,0x300,8,02 E7 AA D0 1E FB 40 DE,temp=42.00
1779899079.323,0x100,8,00 F1 CC CD 39 28 6B EA,speed=0.00
1779899079.416,0x200,8,AD 64 38 CE F9 0E 2D A5,fuel=100.00
1779899079.515,0x300,8,02 B9 2E D2 12 42 77 FC,temp=42.00
1779899079.603,0x100,8,00 35 D6 3F E3 B6 2E F4,speed=0.00
1779899079.693,0x200,8,98 64 12 1E C3 5E D7 8A,fuel=100.00
1779899079.778,0x300,8,02 7B 90 2D 43 09 92 44,temp=42.00
1779899079.886,0x100,8,00 E6 3C E4 62 5F CB 4A,speed=0.00
1779899079.980,0x200,8,88 64 E7 D9 3C 65 1C 5D,fuel=100.00
1779899080.071,0x300,8,02 3B AC F5 9D 44 0F 21,temp=42.00
1779899080.158,0x100,8,00 23 70 AB 0E 27 5A 1C,speed=0.00
1779899080.258,0x200,8,37 64 33 E9 86 8E 4C 5D,fuel=100.00
1779899080.341,0x300,8,02 08 2C B9 8B 94 C3 1B,temp=42.00
1779899080.449,0x100,8,00 5B 33 01 F3 06 25 DE,speed=0.00
1779899080.563,0x200,8,76 64 90 23 31 6D 41 26,fuel=100.00
1779899080.619,0x300,8,02 60 1E D9 D9 FF 13 7D,temp=42.00
1779899080.737,0x100,8,00 75 87 F6 F4 C3 AE FE,speed=0.00
1779899080.823,0x200,8,33 64 B3 B4 27 1D C9 80,fuel=100.00
1779899080.905,0x300,8,02 74 5D 80 5F 9A 84 EF,temp=42.00
1779899081.023,0x100,8,00 99 BF 7C FF A5 83 1C,speed=0.00
1779899081.092,0x200,8,3C 64 2A 2F 26 41 4B A8,fuel=100.00
1779899081.186,0x300,8,02 CA 66 80 6A C4 31 D6,temp=42.00
1779899081.300,0x100,8,00 E1 FF 25 3C D7 40 BA,speed=0.00
1779899081.400,0x200,8,17 64 C3 4D BF B2 41 11,fuel=100.00
1779899081.502,0x300,8,02 07 A1 FD 05 7E 00 45,temp=42.00
1779899081.559,0x100,8,00 5E 7C 47 EB 18 D3 12,speed=0.00
1779899081.657,0x200,8,C4 64 A6 A8 AD DB EA E5,fuel=100.00
1779899081.768,0x300,8,02 B6 1A 4C 4B 4F AA 9F,temp=42.00
1779899081.861,0x100,8,00 5F AA 0E 7F 82 EA A8,speed=0.00
1779899081.949,0x200,8,00 64 30 C2 D6 8D 49 54,fuel=100.00
1779899082.039,0x300,8,02 39 B8 E0 FB AE 2A EF,temp=42.00
1779899082.129,0x100,8,00 50 12 D3 AA D0 22 92,speed=0.00
1779899082.232,0x200,8,7A 64 C5 A0 DC CF 76 F0,fuel=100.00
1779899082.330,0x300,8,02 30 A8 DB D0 2F B9 84,temp=42.00
1779899082.413,0x100,8,00 61 D2 5E 2C EF D4 20,speed=0.00
1779899082.522,0x200,8,B2 64 FA DF 12 11 E7 AD,fuel=100.00
1779899082.618,0x300,8,02 E4 0E 0C DE 08 B2 38,temp=42.00
1779899082.688,0x100,8,00 37 E1 0B 17 4A F1 80,speed=0.00
1779899082.795,0x200,8,6E 64 F6 88 2A 6B E0 6D,fuel=100.00
1779899082.891,0x300,8,02 22 CA 68 73 BD 1F 2A,temp=42.00
1779899082.976,0x100,8,00 3F 59 44 DA D7 3F C8,speed=0.00
1779899083.089,0x200,8,A5 64 D9 FD 16 D6 78 BF,fuel=100.00
1779899083.175,0x300,8,02 0C 18 1B 52 DA 1F A5,temp=42.00
1779899083.247,0x100,8,00 D3 A4 A2 A2 D3 D6 67,speed=0.00
1779899083.372,0x200,8,05 64 86 2D DA 97 F5 FE,fuel=100.00
1779899083.455,0x300,8,02 E9 24 BD E0 F8 48 42,temp=42.00
1779899083.542,0x100,8,00 E0 74 C8 EF 55 5D BC,speed=0.00
1779899083.661,0x200,8,43 64 7F 0B C0 E8 D7 EE,fuel=100.00
1779899083.749,0x300,8,02 A9 BD 25 7E B1 FC D5,temp=42.00
1779899083.827,0x100,8,00 7C 7F ED CB 42 83 C9,speed=0.00
1779899083.925,0x200,8,66 64 A3 75 68 C7 5F 63,fuel=100.00
1779899084.018,0x300,8,02 BE 3F 09 98 A7 48 EF,temp=42.00
1779899084.111,0x100,8,00 09 73 20 0E 4E 7D C1,speed=0.00
1779899084.203,0x200,8,12 64 85 26 84 83 A7 DC,fuel=100.00
1779899084.303,0x300,8,02 93 84 02 69 9B 82 03,temp=42.00
1779899084.395,0x100,8,00 69 97 C2 43 3A 4A F3,speed=0.00
1779899084.490,0x200,8,2F 64 ED 11 A0 D7 96 47,fuel=100.00
1779899084.597,0x300,8,02 8F 50 7A 24 15 18 0C,temp=42.00
1779899084.665,0x100,8,00 F2 47 8D A1 1A E8 8A,speed=0.00
1779899084.787,0x200,8,FC 64 6B FC DA F7 34 20,fuel=100.00
1779899084.860,0x300,8,02 27 09 27 F3 2E 21 4D,temp=42.00
1779899084.950,0x100,8,00 E0 2E DB 5E 59 20 26,speed=0.00
1779899085.046,0x200,8,67 64 7F 67 3A 4F 75 88,fuel=100.00
1779899085.154,0x300,8,02 04 25 14 1B E9 C7 2A,temp=42.00
1779899085.246,0x100,8,00 4F BF EA B0 71 C4 98,speed=0.00
1779899085.342,0x200,8,93 64 48 F3 6B B7 59 D1,fuel=100.00
1779899085.433,0x300,8,02 8C 96 5B FA 09 85 1A,temp=42.00
1779899085.537,0x100,8,00 74 CF 69 17 A2 B4 7E,speed=0.00
1779899085.630,0x200,8,36 64 12 7D B3 51 D1 26,fuel=100.00
1779899085.723,0x300,8,02 B0 88 54 95 7B A0 F3,temp=42.00
1779899085.804,0x100,8,00 A0 CF 73 82 0B 75 6F,speed=0.00
1779899085.907,0x200,8,0B 64 EC 34 62 3C 2B 5A,fuel=100.00
1779899086.002,0x300,8,02 54 12 2F 40 6B DB C4,temp=42.00
1779899086.087,0x100,8,00 90 AF 76 13 11 0E AD,speed=0.00
1779899086.182,0x200,8,C2 64 2A CE FF EF 7C 3A,fuel=100.00
1779899086.267,0x300,8,02 9B C1 7E C9 38 FA 4C,temp=42.00
1779899086.374,0x100,8,00 91 13 6F 09 5B EC C0,speed=0.00
1779899086.467,0x200,8,4E 64 B6 DB D1 3D EE E1,fuel=100.00
1779899086.548,0x300,8,02 1F 40 8F 50 FB 42 20,temp=42.00
1779899086.646,0x100,8,00 9C D9 6B C3 58 93 BC,speed=0.00
1779899086.749,0x200,8,5D 64 32 E4 4A FF BA 1B,fuel=100.00
1779899086.842,0x300,8,02 13 EE E8 0B 50 2B 6E,temp=42.00
1779899086.940,0x100,8,00 98 A2 51 73 15 2A A8,speed=0.00
1779899087.009,0x200,8,E9 64 F8 31 AC B6 E1 13,fuel=100.00
1779899087.113,0x300,8,02 B5 0C 1B 5F 59 CD 19,temp=42.00
1779899087.216,0x100,8,00 91 68 A2 B9 1A 2D 08,speed=0.00
1779899087.299,0x200,8,F4 64 CA 9B 8D AD F2 0F,fuel=100.00
1779899087.403,0x300,8,02 72 DD CB 25 AF 61 2E,temp=42.00
1779899087.509,0x100,8,00 45 C5 E8 38 95 02 B0,speed=0.00
1779899087.598,0x200,8,55 64 47 5A B7 39 B6 CC,fuel=100.00
1779899087.699,0x300,8,02 70 E8 2D FB 63 8A D8,temp=42.00
1779899087.787,0x100,8,00 48 44 DE 80 8B 28 33,speed=0.00
1779899087.885,0x200,8,09 64 FA AF 88 19 ED AF,fuel=100.00
1779899087.952,0x300,8,02 FA B6 E9 FB 40 CA 14,temp=42.00
1779899088.042,0x100,8,00 F0 46 CB EA 3E D1 01,speed=0.00
1779899088.161,0x200,8,15 64 8D 08 4B 88 FA 3E,fuel=100.00
1779899088.250,0x300,8,02 2F EE 4C 72 D7 70 82,temp=42.00
1779899088.327,0x100,8,00 11 69 FD D4 80 73 9C,speed=0.00
1779899088.445,0x200,8,51 64 B5 07 E5 C9 69 51,fuel=100.00
1779899088.510,0x300,8,02 6C 21 4F 5C 5C FD 4D,temp=42.00
1779899088.610,0x100,8,00 B0 C1 1F 45 D9 7E E4,speed=0.00
1779899088.701,0x200,8,62 64 65 9F 3F 68 A4 DE,fuel=100.00
1779899088.807,0x300,8,02 A6 BE B9 4A 61 B9 D2,temp=42.00
1779899088.915,0x100,8,00 A1 AE 2F 30 E8 17 74,speed=0.00
1779899089.022,0x200,8,BC 64 79 0F 84 97 49 23,fuel=100.00
1779899089.111,0x300,8,02 D2 C1 0C 73 26 A9 81,temp=42.00
1779899089.192,0x100,8,00 FC F4 C5 7F 62 87 5C,speed=0.00
1779899089.304,0x200,8,29 64 23 8D 57 FE 88 BE,fuel=100.00
1779899089.399,0x300,8,02 39 34 2F F7 0A D8 35,temp=42.00
1779899089.468,0x100,8,00 25 4E FA 96 E3 14 C3,speed=0.00
1779899089.573,0x200,8,98 64 87 EE 70 AF 39 F9,fuel=100.00
1779899089.660,0x300,8,02 F6 B0 EB AA B8 5D 48,temp=42.00
1779899089.770,0x100,8,00 F5 69 78 9C 7E 12 E9,speed=0.00
1779899089.859,0x200,8,B6 64 07 40 8A 36 58 9D,fuel=100.00
1779899089.944,0x300,8,02 5F 8D C7 FB 0E 90 87,temp=42.00
1779899090.043,0x100,8,00 8B 05 75 B3 FC 67 83,speed=0.00
1779899090.125,0x200,8,AA 64 24 09 CB C7 5C A6,fuel=100.00
1779899090.229,0x300,8,02 94 A5 A1 A7 34 2A D4,temp=42.00
1779899090.312,0x100,8,00 5B 20 3A 22 C6 DF 31,speed=0.00
1779899090.407,0x200,8,96 64 5B F5 69 D4 BA AB,fuel=100.00
1779899090.514,0x300,8,02 1C 1B 3F BA F6 06 F1,temp=42.00
1779899090.599,0x100,8,00 DC 1C 9D 23 83 18 C4,speed=0.00
1779899090.688,0x200,8,F1 64 D8 CF BB 27 CF 09,fuel=100.00
1779899090.788,0x300,8,02 7F 0C 4D 8F 08 2A AB,temp=42.00
1779899090.879,0x100,8,00 EE 0A 75 6B A1 42 04,speed=0.00
1779899090.968,0x200,8,9B 64 48 93 BB 90 E3 8D,fuel=100.00
1779899091.079,0x300,8,02 8C A2 56 C1 BE 71 0F,temp=42.00
1779899091.157,0x100,8,00 5C 3C 0D 9D FC CA 75,speed=0.00
1779899091.262,0x200,8,A9 64 A4 F8 FA B1 3A A0,fuel=100.00
1779899091.346,0x300,8,02 89 98 F8 DF D9 CD F2,temp=42.00
1779899091.437,0x100,8,00 26 29 0E 59 FD 46 D6,speed=0.00
1779899091.531,0x200,8,A3 64 BC 0F F2 AB 91 F3,fuel=100.00
1779899091.634,0x300,8,02 E4 80 1A A3 F8 16 91,temp=42.00
1779899091.719,0x100,8,00 B9 A3 C9 F9 24 F8 EF,speed=0.00
1779899091.828,0x200,8,E5 64 9B 0C 28 3A 2D 2A,fuel=100.00
1779899091.921,0x300,8,02 4A E1 93 C7 57 2D B8,temp=42.00
1779899091.998,0x100,8,00 A3 F7 06 E9 B6 AF 8E,speed=0.00
1779899092.090,0x200,8,3E 64 DC AC C5 58 7F 8D,fuel=100.00
1779899092.208,0x300,8,02 92 D9 18 07 8D 2C 13,temp=42.00
1779899092.296,0x100,8,00 9D E7 26 06 CF 04 AE,speed=0.00
1779899092.393,0x200,8,C5 64 47 FA 35 80 25 4A,fuel=100.00
1779899092.476,0x300,8,02 5B 11 84 35 3E 31 73,temp=42.00
1779899092.574,0x100,8,00 BA 23 93 CD F7 F1 E4,speed=0.00
1779899092.653,0x200,8,9B 64 49 94 DE 9E C9 0E,fuel=100.00
1779899092.751,0x300,8,02 0C 35 50 86 E3 F7 6A,temp=42.00
1779899092.841,0x100,8,00 A0 4D 7F 86 4E 31 7F,speed=0.00
1779899092.957,0x200,8,8F 64 9F 50 93 82 ED 01,fuel=100.00
1779899093.032,0x300,8,02 DC 14 C6 D3 84 02 E2,temp=42.00
1779899093.136,0x100,8,00 38 23 03 90 2B 23 B8,speed=0.00
1779899093.235,0x200,8,36 64 49 8B 66 38 D4 12,fuel=100.00
1779899093.320,0x300,8,02 48 B1 59 4A 70 22 9A,temp=42.00
1779899093.409,0x100,8,00 8C 9D 06 FE EC 2D B4,speed=0.00
1779899093.530,0x200,8,89 64 C3 7E C4 45 71 69,fuel=100.00
1779899093.593,0x300,8,02 56 A6 CC 52 EA 8E 24,temp=42.00
1779899093.697,0x100,8,00 53 A5 F5 A0 7A 44 B7,speed=0.00
1779899093.798,0x200,8,D8 64 37 D7 F8 AB 58 34,fuel=100.00
1779899093.873,0x300,8,02 38 7C 55 F7 BC ED A9,temp=42.00
1779899093.975,0x100,8,00 FC E8 76 BE B3 2B D0,speed=0.00
1779899094.057,0x200,8,2F 64 05 35 F6 0B 33 45,fuel=100.00
1779899094.164,0x300,8,02 05 A4 DE FB CE 4D 14,temp=42.00
1779899094.268,0x100,8,00 47 6D 1C 09 48 C3 5D,speed=0.00
1779899094.342,0x200,8,43 64 42 16 C6 DC 85 E3,fuel=100.00
1779899094.462,0x300,8,02 98 1B 35 10 62 52 9B,temp=42.00
1779899094.532,0x100,8,00 42 F3 AB F2 14 E1 83,speed=0.00
1779899094.632,0x200,8,40 64 C2 FF 1A 61 B9 7A,fuel=100.00
1779899094.731,0x300,8,02 7F D9 D1 A8 F8 23 25,temp=42.00
1779899094.821,0x100,8,00 C2 64 27 8B DA C9 33,speed=0.00
1779899094.908,0x200,8,D2 64 64 BD 38 6F D7 EB,fuel=100.00
1779899095.011,0x300,8,02 F3 0A 84 8E 27 9C 4B,temp=42.00
1779899095.092,0x100,8,00 16 90 6A FA DA FD BB,speed=0.00
1779899095.204,0x200,8,0A 64 A1 EC 72 0F F4 FE,fuel=100.00
1779899095.287,0x300,8,02 06 57 DC 85 CF 0E A4,temp=42.00
1779899095.401,0x100,8,00 93 33 BC 39 16 61 05,speed=0.00
1779899095.484,0x200,8,F0 64 25 3C B3 52 55 19,fuel=100.00
1779899095.558,0x300,8,02 5B C1 B3 16 F2 97 94,temp=42.00
1779899095.678,0x100,8,00 13 46 46 97 31 5F 51,speed=0.00
1779899095.748,0x200,8,D6 64 14 51 24 B5 70 7C,fuel=100.00
1779899095.852,0x300,8,02 C7 DD 16 3F A3 1D 67,temp=42.00
1779899095.942,0x100,8,00 3C 15 04 C3 FA B3 DE,speed=0.00
1779899096.053,0x200,8,DD 64 8A 87 EE 52 67 8C,fuel=100.00
1779899096.132,0x300,8,02 6D 35 3C DA 6A 56 96,temp=42.00
1779899096.216,0x100,8,00 5E B5 1E 13 23 A5 77,speed=0.00
1779899096.348,0x200,8,2B 64 1D 18 3F AA BA 64,fuel=100.00
1779899096.441,0x300,8,02 DC 4E EE 03 25 B1 3B,temp=42.00
1779899096.508,0x100,8,00 48 B8 83 5E D7 F1 59,speed=0.00
1779899096.594,0x200,8,CF 64 E6 7E CE 7E CF 20,fuel=100.00
1779899096.694,0x300,8,02 F5 BE 2D F3 96 0B E1,temp=42.00
1779899096.793,0x100,8,00 D4 81 C3 16 1C AC A9,speed=0.00
1779899096.889,0x200,8,EE 64 08 CA B8 37 23 F4,fuel=100.00
1779899096.985,0x300,8,02 22 45 CC 3C EE DA B0,temp=42.00
1779899097.094,0x100,8,00 E5 E2 06 FD B1 38 08,speed=0.00
1779899097.196,0x200,8,A3 64 84 9F CB E3 6D E8,fuel=100.00
1779899097.267,0x300,8,02 88 C8 5B 12 7B 6F 82,temp=42.00
1779899097.371,0x100,8,00 06 C1 46 50 59 0E 6A,speed=0.00
1779899097.479,0x200,8,66 64 38 67 BB DD B9 81,fuel=100.00
1779899097.568,0x300,8,02 96 6F 89 48 9C 16 71,temp=42.00
1779899097.706,0x100,8,00 77 9A 71 08 D3 B0 B5,speed=0.00
1779899097.739,0x200,8,4B 64 B2 A8 65 A0 08 12,fuel=100.00
1779899097.841,0x300,8,02 A2 65 54 D4 43 E4 7C,temp=42.00
1779899097.946,0x100,8,00 53 7D 8B 39 E1 7D AA,speed=0.00
1779899098.042,0x200,8,3D 64 BF FB FE B3 FE 99,fuel=100.00
1779899098.109,0x300,8,02 23 C5 A6 DE 17 AE 84,temp=42.00
1779899098.213,0x100,8,00 1B 36 C0 15 ED 4C 77,speed=0.00
1779899098.314,0x200,8,62 64 93 9E 75 87 0E C0,fuel=100.00
1779899098.390,0x300,8,02 D8 23 F6 65 AD 8D EE,temp=42.00
1779899098.505,0x100,8,00 60 97 B6 1B 95 E9 38,speed=0.00
1779899098.575,0x200,8,70 64 E3 F2 F0 E5 E5 8F,fuel=100.00
1779899098.671,0x300,8,02 0D E7 78 8C 1B 80 D2,temp=42.00
1779899098.772,0x100,8,00 A2 32 49 FA 90 A4 E1,speed=0.00
1779899098.881,0x200,8,71 64 3A 98 D0 09 A0 01,fuel=100.00
1779899098.956,0x300,8,02 60 B9 0C 6D C7 82 D4,temp=42.00
1779899099.063,0x100,8,00 50 3C A4 2E 9D D7 2F,speed=0.00
1779899099.159,0x200,8,2D 64 79 56 02 65 9C F0,fuel=100.00
1779899099.242,0x300,8,02 1E 4D 55 E1 F3 69 73,temp=42.00
1779899099.335,0x100,8,00 98 CD 7F 43 DE C4 A3,speed=0.00
1779899099.430,0x200,8,2D 64 F7 4D DC C9 29 B0,fuel=100.00
1779899099.537,0x300,8,02 EB E7 F6 2E 23 4C 52,temp=42.00
1779899099.610,0x100,8,00 6D C2 F5 F3 47 31 64,speed=0.00
1779899099.707,0x200,8,D0 64 E2 DC F1 39 D4 02,fuel=100.00
1779899099.796,0x300,8,02 A5 CD 11 EC B3 03 A1,temp=42.00
1779899099.921,0x100,8,00 75 88 2E C8 18 AE D1,speed=0.00
1779899099.990,0x200,8,01 64 CF 75 BD AE 5F 0F,fuel=100.00
1779899100.076,0x300,8,02 5A A6 7D BD 85 02 09,temp=42.00
1779899100.181,0x100,8,00 61 8F 70 3E AC FA A0,speed=0.00
1779899100.289,0x200,8,A6 64 8B 4F DC 50 7E 4C,fuel=100.00
1779899100.363,0x300,8,02 0B A2 F5 96 9C 17 6E,temp=42.00
1779899100.475,0x100,8,00 90 E9 C4 F4 78 4E 9E,speed=0.00
1779899100.573,0x200,8,A3 64 16 40 92 80 BC D5,fuel=100.00
1779899100.657,0x300,8,02 A1 05 FC 2F F2 64 40,temp=42.00
1779899100.750,0x100,8,00 59 38 6E FA C6 F7 79,speed=0.00
1779899100.825,0x200,8,82 64 E8 6E 88 B1 D0 BB,fuel=100.00
1779899100.931,0x300,8,02 03 8F 5F 25 46 12 5C,temp=42.00
1779899101.048,0x100,8,00 E4 4A 33 91 D1 95 61,speed=0.00
1779899101.111,0x200,8,1F 64 6D 9A E6 EB BB 3B,fuel=100.00
1779899101.211,0x300,8,02 FB 5C 9B 58 DF 93 05,temp=42.00
1779899101.312,0x100,8,00 00 E7 A7 72 39 7A 14,speed=0.00
1779899101.389,0x200,8,AD 64 45 FF 0D 35 78 B9,fuel=100.00
1779899101.503,0x300,8,02 B9 36 08 30 D7 43 5C,temp=42.00
1779899101.587,0x100,8,00 E7 BF 02 4A E7 90 40,speed=0.00
1779899101.665,0x200,8,30 64 50 51 DD 69 06 02,fuel=100.00
1779899101.772,0x300,8,02 18 3B 16 AE 86 F0 F3,temp=42.00
1779899101.870,0x100,8,00 5F 53 1D 51 46 42 D7,speed=0.00
1779899101.974,0x200,8,42 64 CC F5 BD CE 91 3A,fuel=100.00
1779899102.048,0x300,8,02 AF 80 22 84 8F C3 89,temp=42.00
1779899102.153,0x100,8,00 AD 45 3A E7 9C 66 E7,speed=0.00
1779899102.240,0x200,8,06 64 87 8E EA 4B F5 BC,fuel=100.00
1779899102.336,0x300,8,02 EF EF C1 96 0E F5 E1,temp=42.00
1779899102.422,0x100,8,00 AA 1C F2 33 CA 07 C8,speed=0.00
1779899102.529,0x200,8,C9 64 38 17 B9 F3 0F 59,fuel=100.00
1779899102.624,0x300,8,02 E6 E3 06 9E CA 42 3F,temp=42.00
1779899102.729,0x100,8,00 BA CA 1C E9 8E B3 D7,speed=0.00
1779899102.790,0x200,8,2E 64 6C E9 D7 20 B9 48,fuel=100.00
1779899102.913,0x300,8,02 D6 73 2A BA B0 C1 F2,temp=42.00
1779899103.016,0x100,8,00 D5 19 75 73 D5 A7 92,speed=0.00
1779899103.078,0x200,8,8B 64 DD F8 8B C0 F1 1A,fuel=100.00
1779899103.181,0x300,8,02 FA 79 44 65 6C B1 95,temp=42.00
1779899103.287,0x100,8,00 F2 3F 1D 39 C8 18 4A,speed=0.00
1779899103.358,0x200,8,19 64 38 BD 70 DF 2E 51,fuel=100.00
1779899103.464,0x300,8,02 6D 99 15 98 B2 FE 71,temp=42.00
1779899103.565,0x100,8,00 A4 12 8A 52 23 D6 E3,speed=0.00
1779899103.644,0x200,8,32 64 51 5D 58 D7 BD BD,fuel=100.00
1779899103.741,0x300,8,02 F4 C2 0B A2 A9 36 27,temp=42.00
1779899103.836,0x100,8,00 93 7F 30 75 C9 44 E0,speed=0.00
1779899103.937,0x200,8,57 64 D6 72 E6 97 33 33,fuel=100.00
1779899104.044,0x300,8,02 6B 91 91 F9 CC 56 B2,temp=42.00
1779899104.115,0x100,8,00 00 5A 1E 4F 50 16 B1,speed=0.00
1779899104.198,0x200,8,19 64 FA 94 3C 71 AE B1,fuel=100.00
1779899104.293,0x300,8,02 12 74 0C 7D FA C5 7A,temp=42.00
1779899104.398,0x100,8,00 96 AE D0 FA 8F 83 FA,speed=0.00
1779899104.508,0x200,8,28 64 3D D4 3D D3 06 AA,fuel=100.00
1779899104.586,0x300,8,02 89 29 57 00 01 70 E3,temp=42.00
1779899104.672,0x100,8,00 7B 36 55 06 A4 17 CB,speed=0.00
1779899104.773,0x200,8,2E 64 E6 FC 59 C9 9D 77,fuel=100.00
1779899104.877,0x300,8,02 06 F3 B3 06 DD 23 54,temp=42.00
1779899104.979,0x100,8,00 BC F8 13 E4 1C 86 08,speed=0.00
1779899105.054,0x200,8,F2 64 C1 84 4B D6 EF 80,fuel=100.00
1779899105.157,0x300,8,02 7F 7B 4F 89 EA 32 C8,temp=42.00
1779899105.244,0x100,8,00 CE E0 04 CD DE 2A 10,speed=0.00
1779899105.335,0x200,8,98 64 7D B7 9A E0 E0 31,fuel=100.00
1779899105.442,0x300,8,02 E1 E5 98 CE A9 E2 BF,temp=42.00
1779899105.529,0x100,8,00 07 7D 76 9F ED 79 31,speed=0.00
1779899105.624,0x200,8,A6 64 1F 17 85 E7 64 8A,fuel=100.00
1779899105.723,0x300,8,02 99 FA 2B 11 81 0C 9A,temp=42.00
1779899105.796,0x100,8,00 25 ED 99 FA A4 E5 07,speed=0.00
1779899105.893,0x200,8,76 64 72 A9 10 8D 39 4E,fuel=100.00
1779899105.999,0x300,8,02 BF 54 33 EE F0 50 95,temp=42.00
1779899106.076,0x100,8,00 5C 8E 41 57 37 73 3A,speed=0.00
1779899106.181,0x200,8,73 64 9D 26 66 5C 70 2E,fuel=100.00
1779899106.286,0x300,8,02 28 F5 F9 F8 9A DA 47,temp=42.00
1779899106.385,0x100,8,00 82 CC 1E 91 08 69 8D,speed=0.00
1779899106.461,0x200,8,FF 64 59 3D BD 14 4C 9B,fuel=100.00
1779899106.559,0x300,8,02 04 B5 27 A5 42 6E 60,temp=42.00
1779899106.640,0x100,8,00 1B 2A ED FB 64 BF 95,speed=0.00
1779899106.746,0x200,8,02 64 1B 57 6E BF 55 CC,fuel=100.00
1779899106.843,0x300,8,02 8C 49 46 E7 C9 59 F3,temp=42.00
1779899106.926,0x100,8,00 CF B8 04 67 DE 5D 4E,speed=0.00
1779899107.012,0x200,8,13 64 EA F6 80 4B 10 0D,fuel=100.00
1779899107.117,0x300,8,02 E6 BF 5D EF 39 27 7A,temp=42.00
1779899107.197,0x100,8,00 C1 4B A5 CA 5B A9 CC,speed=0.00
1779899107.295,0x200,8,17 64 7D 9F 9B A0 62 51,fuel=100.00
1779899107.405,0x300,8,02 8C 64 6C 7E 4E 1E C5,temp=42.00
1779899107.484,0x100,8,00 F8 D0 8F 7E FB FA C8,speed=0.00
1779899107.592,0x200,8,60 64 CD BB F5 F1 13 88,fuel=100.00
1779899107.703,0x300,8,02 4B 47 26 66 26 AD F7,temp=42.00
1779899107.771,0x100,8,00 2F 9B 81 CE E8 DA F7,speed=0.00
1779899107.859,0x200,8,1A 64 4B FD 60 F8 8E 4C,fuel=100.00
1779899107.948,0x300,8,02 87 07 0F 93 59 9E F2,temp=42.00
1779899108.057,0x100,8,00 69 85 89 4E DD D2 30,speed=0.00
1779899108.142,0x200,8,C1 64 63 4F C1 7A AD A6,fuel=100.00
1779899108.252,0x300,8,02 B9 BE D5 BA F9 05 B5,temp=42.00
1779899108.324,0x100,8,00 B0 8B 29 B3 26 DC 80,speed=0.00
1779899108.443,0x200,8,FB 64 77 72 2C 13 48 20,fuel=100.00
1779899108.528,0x300,8,02 60 FB A1 50 6F 1E 37,temp=42.00
1779899108.610,0x100,8,00 55 A5 91 53 05 69 98,speed=0.00
1779899108.702,0x200,8,19 64 BB F8 70 38 E4 7A,fuel=100.00
1779899108.790,0x300,8,02 C4 F5 82 A4 3D 16 75,temp=42.00
1779899108.909,0x100,8,00 38 D6 17 16 5E 1D 2F,speed=0.00
1779899109.013,0x200,8,11 64 EC 26 3B D2 06 F5,fuel=100.00
1779899109.082,0x300,8,02 C7 67 5A ED 74 C4 44,temp=42.00
1779899109.180,0x100,8,00 22 6A 23 5E B1 7A 2B,speed=0.00
1779899109.269,0x200,8,9E 64 48 5D 72 85 90 FE,fuel=100.00
1779899109.374,0x300,8,02 F3 4A 2A 62 64 90 1C,temp=42.00
1779899109.482,0x100,8,00 4C EC 76 4B C1 C1 20,speed=0.00
1779899109.543,0x200,8,30 64 D2 72 8F A2 E0 9D,fuel=100.00
1779899109.644,0x300,8,02 BB 76 EA 27 3C C5 88,temp=42.00
1779899109.753,0x100,8,00 A2 3A 8A 1C 8F 40 A5,speed=0.00
1779899109.834,0x200,8,14 64 C9 FB 58 2E E5 B5,fuel=100.00
1779899109.916,0x300,8,02 82 21 21 4F 91 1A D1,temp=42.00
1779899110.014,0x100,8,00 4E 63 49 B3 A0 C8 72,speed=0.00
1779899110.122,0x200,8,9F 64 67 A8 97 8B 24 45,fuel=100.00
1779899110.234,0x300,8,02 4F 8B E3 1F DC 54 AC,temp=42.00
1779899110.320,0x100,8,00 EB F2 85 C1 0C 3A 5B,speed=0.00
1779899110.407,0x200,8,9F 64 5A AA CD 94 52 42,fuel=100.00
1779899110.495,0x300,8,02 DB 21 AC E7 CA FE 41,temp=42.00
1779899110.579,0x100,8,00 43 C5 6E C1 01 B0 78,speed=0.00
1779899110.684,0x200,8,2E 64 F6 68 BF 53 69 58,fuel=100.00
1779899110.763,0x300,8,02 0B 9F 2D FC 1D 1F 30,temp=42.00
1779899110.859,0x100,8,00 81 AD 02 87 C2 72 0C,speed=0.00
1779899110.967,0x200,8,48 64 6D 2F F2 97 99 E8,fuel=100.00
1779899111.046,0x300,8,02 B5 0A 56 A6 36 A9 4C,temp=42.00
1779899111.143,0x100,8,00 5A 4E A1 23 AE A7 D6,speed=0.00
1779899111.262,0x200,8,ED 64 B8 69 B1 C4 91 03,fuel=100.00
1779899111.332,0x300,8,02 D0 33 28 FB AA E0 49,temp=42.00
1779899111.425,0x100,8,00 C7 2C A1 41 57 DC 8B,speed=0.00
1779899111.545,0x200,8,59 64 0F F4 94 4F 78 60,fuel=100.00
1779899111.608,0x300,8,02 7E FF 81 84 84 8D 96,temp=42.00
1779899111.716,0x100,8,00 44 A1 C0 45 80 5D EC,speed=0.00
1779899111.802,0x200,8,CF 64 0F 19 EC 97 DA C8,fuel=100.00
1779899111.909,0x300,8,02 DB 7D 16 E5 E7 52 D2,temp=42.00
1779899112.014,0x100,8,00 8D B3 64 D7 E1 B9 D7,speed=0.00
1779899112.076,0x200,8,2D 64 B3 E0 A6 98 6B F1,fuel=100.00
1779899112.177,0x300,8,02 3B A7 9D 32 E2 9A F9,temp=42.00
1779899112.280,0x100,8,00 C0 29 B2 53 39 10 E5,speed=0.00
1779899112.387,0x200,8,B3 64 02 3E 4F 8E 7C 2F,fuel=100.00
1779899112.449,0x300,8,02 B5 0E 02 AF 3E 10 3C,temp=42.00
1779899112.546,0x100,8,00 E4 EB 7C 9D 2D 85 7A,speed=0.00
1779899112.640,0x200,8,39 64 F9 A3 32 E8 22 6C,fuel=100.00
1779899112.735,0x300,8,02 A8 F6 D5 14 1A DE 52,temp=42.00
1779899112.830,0x100,8,00 2E 07 0D 28 E5 20 30,speed=0.00
1779899112.921,0x200,8,46 64 AE DB C4 8A 17 70,fuel=100.00
1779899113.022,0x300,8,02 C0 9F B9 34 6F BE EF,temp=42.00
1779899113.121,0x100,8,00 F8 C2 64 8A F3 E4 5E,speed=0.00
1779899113.202,0x200,8,17 64 9F 68 79 06 A6 41,fuel=100.00
1779899113.292,0x300,8,02 A7 DC 94 65 F1 3E EF,temp=42.00
1779899113.399,0x100,8,00 41 30 A4 10 D5 EC 65,speed=0.00
1779899113.512,0x200,8,DA 64 6C EA FC FA 70 79,fuel=100.00
1779899113.588,0x300,8,02 C8 6E 4A 8D C9 23 BB,temp=42.00
1779899113.688,0x100,8,00 18 78 9D FF BF C9 0B,speed=0.00
1779899113.767,0x200,8,61 64 B7 D4 06 0B 1D E1,fuel=100.00
1779899113.865,0x300,8,02 A1 3A 6F 12 81 8F E0,temp=42.00
1779899113.977,0x100,8,00 E9 14 48 0A 25 E3 38,speed=0.00
1779899114.043,0x200,8,B4 64 64 3B 4B 7D 5B 83,fuel=100.00
1779899114.147,0x300,8,02 AA 66 92 F9 DE EA E7,temp=42.00
1779899114.237,0x100,8,00 5E DC 90 00 79 0D E7,speed=0.00
1779899114.324,0x200,8,A8 64 C2 AE 77 65 62 EB,fuel=100.00
1779899114.450,0x300,8,02 A6 38 54 86 E2 F2 C5,temp=42.00
1779899114.531,0x100,8,00 97 30 93 79 11 91 AF,speed=0.00
1779899114.625,0x200,8,E9 64 35 A5 01 90 D3 2D,fuel=100.00
1779899114.699,0x300,8,02 3E 1E 3C 4F 14 A1 B9,temp=42.00
1779899114.800,0x100,8,00 A7 5C 6F E2 03 8F D8,speed=0.00
1779899114.893,0x200,8,A4 64 68 06 BA 56 BA CB,fuel=100.00
1779899115.012,0x300,8,02 E3 37 D5 C7 62 9D A8,temp=42.00
1779899115.083,0x100,8,00 5B E8 55 50 FD 29 B1,speed=0.00
1779899115.180,0x200,8,1F 64 7C ED A3 2B AF 86,fuel=100.00
1779899115.272,0x300,8,02 10 DD 35 59 E1 8B F8,temp=42.00
1779899115.367,0x100,8,00 34 5D 57 B8 24 62 21,speed=0.00
1779899115.474,0x200,8,D6 64 89 2E C5 49 DA CE,fuel=100.00
1779899115.558,0x300,8,02 B9 8F 82 48 A2 D3 88,temp=42.00
1779899115.650,0x100,8,00 6F D8 79 E1 2A A5 10,speed=0.00
1779899115.740,0x200,8,41 64 F6 1A 4A 3C AA 7B,fuel=100.00
1779899115.832,0x300,8,02 D2 25 0C E1 31 AF 60,temp=42.00
1779899115.932,0x100,8,00 D5 03 8D 04 7A D7 12,speed=0.00
1779899116.026,0x200,8,82 64 19 23 53 53 B9 FC,fuel=100.00
1779899116.113,0x300,8,02 01 55 E6 3E 89 B7 4C,temp=42.00
1779899116.222,0x100,8,00 4B AE EB 26 2B AF 90,speed=0.00
1779899116.291,0x200,8,33 64 A0 19 49 1B 7A 2A,fuel=100.00
1779899116.390,0x300,8,02 3D D5 60 95 54 B7 5A,temp=42.00
1779899116.516,0x100,8,00 97 47 3B 24 72 93 48,speed=0.00
1779899116.594,0x200,8,5E 64 22 00 2E B2 D4 64,fuel=100.00
1779899116.697,0x300,8,02 17 27 C9 C5 69 72 BC,temp=42.00
1779899116.765,0x100,8,00 83 81 7F 47 92 37 2D,speed=0.00
1779899116.858,0x200,8,FD 64 75 F5 E0 5C 62 AE,fuel=100.00
1779899116.958,0x300,8,02 52 76 C6 25 D1 C8 EE,temp=42.00
1779899117.042,0x100,8,00 CC 19 01 A9 02 31 90,speed=0.00
1779899117.161,0x200,8,D0 64 D3 5E AD C3 09 5A,fuel=100.00
1779899117.251,0x300,8,02 7C 0E F3 EC C7 83 26,temp=42.00
1779899117.353,0x100,8,00 64 6A 27 9C F7 56 69,speed=0.00
1779899117.422,0x200,8,21 64 A0 E8 02 42 46 D9,fuel=100.00
1779899117.509,0x300,8,02 B8 59 8F D9 A0 35 82,temp=42.00
1779899117.620,0x100,8,00 0A 9B 7C 68 29 C6 39,speed=0.00
1779899117.707,0x200,8,02 64 39 88 8F 17 AB C8,fuel=100.00
1779899117.817,0x300,8,02 03 1F B2 9A 94 9F 70,temp=42.00
1779899117.913,0x100,8,00 58 E8 12 18 C4 B9 F2,speed=0.00
1779899118.011,0x200,8,D6 64 3F E5 16 0C 29 4E,fuel=100.00
1779899118.082,0x300,8,02 00 B4 9F 78 1A 5B C3,temp=42.00
1779899118.167,0x100,8,00 B6 4D 63 18 62 35 9A,speed=0.00
1779899118.275,0x200,8,BA 64 EC 0C E0 AE 2A 44,fuel=100.00
1779899118.359,0x300,8,02 B7 51 DB 02 50 2D 92,temp=42.00
1779899118.458,0x100,8,00 71 D8 02 82 8B 9B 96,speed=0.00
1779899118.567,0x200,8,24 64 1D 5E AB 4C A9 00,fuel=100.00
1779899118.664,0x300,8,02 ED 6F 7B FD A3 B5 13,temp=42.00
1779899118.733,0x100,8,00 73 B7 91 06 4A 27 B4,speed=0.00
1779899118.831,0x200,8,DB 64 2C CF F3 84 9A 02,fuel=100.00
1779899118.921,0x300,8,02 2A 70 E5 5A E3 A3 F2,temp=42.00
1779899119.016,0x100,8,00 AA 39 73 43 9A DF 3E,speed=0.00
1779899119.129,0x200,8,67 64 9A 0C 83 C0 1A 71,fuel=100.00
1779899119.198,0x300,8,02 FE FC C8 D1 BD 9D 5D,temp=42.00
1779899119.308,0x100,8,00 78 BD B9 98 AD 69 D9,speed=0.00
1779899119.390,0x200,8,35 64 68 BD 58 C8 BD D3,fuel=100.00
1779899119.503,0x300,8,02 E8 87 DD 2E 3A E7 6B,temp=42.00
1779899119.595,0x100,8,00 8F C3 9B 3F 29 8F BE,speed=0.00
1779899119.667,0x200,8,0A 64 D3 53 4B BA 85 41,fuel=100.00
1779899119.776,0x300,8,02 56 53 D4 79 0C 79 BC,temp=42.00
1779899119.862,0x100,8,00 B8 AA 00 A4 B8 3A F1,speed=0.00
1779899119.953,0x200,8,83 64 84 DE F0 EB A3 AC,fuel=100.00
1779899120.046,0x300,8,02 FD 5C F8 69 56 41 C2,temp=42.00
1779899120.150,0x100,8,00 F6 DE 87 10 7F FD CA,speed=0.00
1779899120.236,0x200,8,DB 64 30 A5 3C EB 2F 71,fuel=100.00
1779899120.326,0x300,8,02 FA FF A2 D9 49 80 0D,temp=42.00
1779899120.440,0x100,8,00 4A 3E 17 39 99 AA 9D,speed=0.00
1779899120.527,0x200,8,7E 64 65 E4 B4 1E 17 04,fuel=100.00
1779899120.620,0x300,8,02 C3 6A CF F0 1B 11 FF,temp=42.00
1779899120.705,0x100,8,00 DF E6 C4 40 12 47 03,speed=0.00
1779899120.794,0x200,8,37 64 CF 14 46 F0 59 BA,fuel=100.00
1779899120.912,0x300,8,02 E4 EB C0 68 23 3B 39,temp=42.00
1779899120.999,0x100,8,00 8A 45 84 CE 00 AE 3E,speed=0.00
1779899121.077,0x200,8,DC 64 84 9B 91 99 DA F8,fuel=100.00
1779899121.180,0x300,8,02 4C 58 50 3C AD 59 A9,temp=42.00
1779899121.275,0x100,8,00 94 13 3E 86 52 AC 58,speed=0.00
1779899121.363,0x200,8,5B 64 4F D2 4B 2C B5 EF,fuel=100.00
1779899121.448,0x300,8,02 28 19 2C 7A 14 B8 4F,temp=42.00
1779899121.572,0x100,8,00 F5 91 DC D9 82 E8 C0,speed=0.00
1779899121.656,0x200,8,4C 64 20 C6 48 66 D6 8E,fuel=100.00
1779899121.741,0x300,8,02 A7 CF 49 30 88 A9 A5,temp=42.00
1779899121.832,0x100,8,00 B5 BA 2C D0 71 4B 8A,speed=0.00
1779899121.922,0x200,8,46 64 4C 63 55 3F 57 B4,fuel=100.00
1779899122.013,0x300,8,02 16 F3 94 AB 37 A8 95,temp=42.00
1779899122.118,0x100,8,00 9E 76 6A A9 4F B3 41,speed=0.00
1779899122.209,0x200,8,B4 64 96 52 C4 B8 10 35,fuel=100.00
1779899122.295,0x300,8,02 EE 54 8E B5 E1 D7 B2,temp=42.00
1779899122.388,0x100,8,00 F9 03 A8 80 BF 45 E5,speed=0.00
1779899122.504,0x200,8,48 64 DB 2B 11 CA 1D 46,fuel=100.00
1779899122.577,0x300,8,02 88 64 27 50 B7 0D 9E,temp=42.00
1779899122.684,0x100,8,00 42 0D 04 DD 82 2C 04,speed=0.00
1779899122.770,0x200,8,05 64 79 B5 D7 6B E5 27,fuel=100.00
1779899122.874,0x300,8,02 CE BF D5 57 1A E2 D2,temp=42.00
1779899122.959,0x100,8,00 A3 F8 56 07 21 C9 F5,speed=0.00
1779899123.061,0x200,8,75 64 BD AD 0F 14 83 04,fuel=100.00
1779899123.142,0x300,8,02 BF 0D DD CF A8 7B E0,temp=42.00
1779899123.249,0x100,8,00 4D 78 7A 12 40 D6 E4,speed=0.00
1779899123.329,0x200,8,1E 64 0A F3 81 3E 78 45,fuel=100.00
1779899123.429,0x300,8,02 E6 AC 48 F5 B1 32 3D,temp=42.00
1779899123.516,0x100,8,00 C5 2A 45 FC 1A 92 DF,speed=0.00
1779899123.621,0x200,8,4E 64 AE D6 82 5D 05 50,fuel=100.00
1779899123.706,0x300,8,02 5D D2 2E 06 43 BA 61,temp=42.00
1779899123.808,0x100,8,00 39 58 8D F1 0F C7 6A,speed=0.00
1779899123.893,0x200,8,DA 64 87 50 F7 B5 C8 2B,fuel=100.00
1779899123.995,0x300,8,02 0E C6 2C 8A 15 54 9C,temp=42.00
1779899124.086,0x100,8,00 D5 39 DD F0 7C 73 45,speed=0.00
1779899124.176,0x200,8,DA 64 3E FA 3B CA BB D3,fuel=100.00
1779899124.287,0x300,8,02 9E 5B CC 17 EF 22 F3,temp=42.00
1779899124.379,0x100,8,00 06 A8 2C 2B 66 AA D2,speed=0.00
1779899124.450,0x200,8,F9 64 CD CE 1E FD 60 E2,fuel=100.00
1779899124.566,0x300,8,02 69 61 65 BE 47 74 B3,temp=42.00
1779899124.664,0x100,8,00 79 C9 38 9B AF 6D F9,speed=0.00
1779899124.741,0x200,8,1B 64 91 F7 F8 EA C4 3F,fuel=100.00
1779899124.837,0x300,8,02 68 F1 8C 85 18 66 9F,temp=42.00
1779899124.924,0x100,8,00 78 64 B1 86 73 C8 23,speed=0.00
1779899125.009,0x200,8,A2 64 AD 73 BC 37 3F 16,fuel=100.00
1779899125.128,0x300,8,02 0E 2A 93 B2 73 54 04,temp=42.00
1779899125.227,0x100,8,00 82 61 22 84 B4 F8 A4,speed=0.00
1779899125.318,0x200,8,DC 64 07 E6 7D 81 A1 36,fuel=100.00
1779899125.415,0x300,8,02 EF 87 AA C1 C3 2D 9E,temp=42.00
1779899125.491,0x100,8,00 4F 72 FA 6F A6 D5 F9,speed=0.00
1779899125.573,0x200,8,0D 64 7E 29 60 99 4F 47,fuel=100.00
1779899125.679,0x300,8,02 4F 29 53 91 02 94 EA,temp=42.00
1779899125.773,0x100,8,00 99 69 9D 10 72 63 ED,speed=0.00
1779899125.856,0x200,8,9F 64 E4 C4 9E 06 0C 3C,fuel=100.00
1779899125.948,0x300,8,02 37 92 33 57 BE 28 E1,temp=42.00
1779899126.041,0x100,8,00 4F 1A 45 7E 5C C4 33,speed=0.00
1779899126.141,0x200,8,25 64 D5 E3 81 6C E4 AB,fuel=100.00
1779899126.241,0x300,8,02 E8 D7 D5 DA F6 44 CB,temp=42.00
1779899126.325,0x100,8,00 56 E7 EE 83 9D 30 05,speed=0.00
1779899126.419,0x200,8,28 64 B9 4A 26 AA EF 1C,fuel=100.00
1779899126.534,0x300,8,02 A2 DE A7 0E 67 68 85,temp=42.00
1779899126.606,0x100,8,00 CD 98 B3 92 52 8B 15,speed=0.00
1779899126.713,0x200,8,E9 64 C0 7C 8E 77 CD C0,fuel=100.00
1779899126.793,0x300,8,02 DF 9B 0E 71 5F A3 76,temp=42.00
1779899126.890,0x100,8,00 04 FA ED 21 0E E4 A2,speed=0.00
1779899126.990,0x200,8,EB 64 E7 D4 9B EB 35 95,fuel=100.00
1779899127.117,0x300,8,02 9B 2B 71 33 8D 4D F6,temp=42.00
1779899127.183,0x100,8,00 79 7D 90 5A 79 18 17,speed=0.00
1779899127.291,0x200,8,A9 64 50 6D 8F 90 53 04,fuel=100.00
1779899127.364,0x300,8,02 AA 8B 9A B4 00 39 A4,temp=42.00
1779899127.463,0x100,8,00 54 71 05 A7 57 BC 59,speed=0.00
1779899127.560,0x200,8,00 64 C7 3B 17 72 19 C1,fuel=100.00
1779899127.706,0x300,8,02 2C 77 17 D5 7E A4 D9,temp=42.00
1779899127.730,0x100,8,00 BF 8C DF 0B 56 64 BB,speed=0.00
1779899127.821,0x200,8,84 64 49 AA CE EB B2 6B,fuel=100.00
1779899127.919,0x300,8,02 CC 4D C0 C3 93 60 8C,temp=42.00
1779899128.020,0x100,8,00 03 B1 3A 63 DB 83 7E,speed=0.00
1779899128.115,0x200,8,55 64 A1 13 9C 82 40 05,fuel=100.00
1779899128.214,0x300,8,02 46 61 44 BD 45 BE 56,temp=42.00
1779899128.291,0x100,8,00 F9 7B 80 95 25 6E D2,speed=0.00
1779899128.400,0x200,8,76 64 C3 C7 77 19 51 78,fuel=100.00
1779899128.506,0x300,8,02 52 02 91 D2 E7 69 77,temp=42.00
1779899128.585,0x100,8,00 CF D1 C9 F1 B4 B9 D0,speed=0.00
1779899128.677,0x200,8,6C 64 D8 A5 98 13 CC 9D,fuel=100.00
1779899128.763,0x300,8,02 F0 C5 79 6C D3 B5 F3,temp=42.00
1779899128.869,0x100,8,00 6D 64 99 23 0F 2D 9A,speed=0.00
1779899128.972,0x200,8,1E 64 A8 27 98 FC 95 C3,fuel=100.00
1779899129.054,0x300,8,02 49 F0 7F F7 94 71 45,temp=42.00
1779899129.143,0x100,8,00 DC 04 E4 43 42 FC D1,speed=0.00
1779899129.242,0x200,8,D1 64 E1 DC 0A 2F AA 80,fuel=100.00
1779899129.348,0x300,8,02 E6 A8 86 3E 96 BB F2,temp=42.00
1779899129.419,0x100,8,00 6C 2F 13 02 DF 67 38,speed=0.00
1779899129.513,0x200,8,17 64 84 25 29 B8 C3 0F,fuel=100.00
1779899129.611,0x300,8,02 4D C8 BB BA 6C 88 57,temp=42.00
1779899129.720,0x100,8,00 B9 34 09 11 FB 65 42,speed=0.00
1779899129.807,0x200,8,73 64 3F D9 4B 40 73 47,fuel=100.00
1779899129.919,0x300,8,02 3D D7 D4 47 84 8D C8,temp=42.00
1779899129.993,0x100,8,00 5C D6 68 B9 D0 03 E2,speed=0.00
1779899130.094,0x200,8,FC 64 37 93 03 44 E9 0B,fuel=100.00
1779899130.191,0x300,8,02 A9 AE 37 28 06 84 1A,temp=42.00
1779899130.277,0x100,8,00 23 3D 74 66 73 AA CF,speed=0.00
1779899130.392,0x200,8,43 64 60 7F D1 A9 9E A9,fuel=100.00
1779899130.452,0x300,8,02 E8 74 09 24 8B C6 21,temp=42.00
1779899130.545,0x100,8,00 3D 20 27 D9 76 79 E5,speed=0.00
1779899130.638,0x200,8,5B 64 2B B6 26 F8 47 50,fuel=100.00
1779899130.755,0x300,8,02 ED 48 72 C1 5D DF E5,temp=42.00
1779899130.846,0x100,8,00 1E 1A 29 25 A8 90 7E,speed=0.00
1779899130.926,0x200,8,8A 64 5C 5F A9 2E 56 60,fuel=100.00
1779899131.032,0x300,8,02 9F 26 D0 96 BC 26 7F,temp=42.00
1779899131.132,0x100,8,00 3D 2F 29 54 74 6A AB,speed=0.00
1779899131.204,0x200,8,21 64 C2 F1 6B 90 9D 12,fuel=100.00
1779899131.294,0x300,8,02 1F 23 21 65 F4 FA 1E,temp=42.00
1779899131.417,0x100,8,00 EA 53 1C 95 F4 13 3B,speed=0.00
1779899131.484,0x200,8,13 64 22 A7 21 95 6C B5,fuel=100.00
1779899131.573,0x300,8,02 5C 34 A2 07 31 77 09,temp=42.00
1779899131.675,0x100,8,00 92 22 5E 3B 10 22 15,speed=0.00
1779899131.775,0x200,8,EC 64 F9 D7 DD 17 B5 4A,fuel=100.00
1779899131.889,0x300,8,02 C0 74 68 8E 75 37 BB,temp=42.00
1779899131.966,0x100,8,00 8D C7 8F C4 14 6D 2D,speed=0.00
1779899132.069,0x200,8,1C 64 34 27 7B 2B 23 63,fuel=100.00
1779899132.148,0x300,8,02 1D 7C 7A 5C 5A 2C 55,temp=42.00
1779899132.245,0x100,8,00 10 2D 3B DF B6 CB 95,speed=0.00
1779899132.355,0x200,8,78 64 26 EB 6A 82 DE EF,fuel=100.00
1779899132.439,0x300,8,02 3F B8 D9 88 E3 9D 8E,temp=42.00
1779899132.529,0x100,8,00 E1 36 FD EB B6 B3 78,speed=0.00
1779899132.632,0x200,8,9C 64 9B 09 7E 45 D6 F0,fuel=100.00
1779899132.721,0x300,8,02 6E 7B 85 F2 D5 9B 46,temp=42.00
1779899132.791,0x100,8,00 6A BB D2 97 EE 1E E0,speed=0.00
1779899132.898,0x200,8,A7 64 E4 C9 40 AF E7 49,fuel=100.00
1779899133.010,0x300,8,02 07 4D 1D 90 E9 31 AA,temp=42.00
1779899133.084,0x100,8,00 A4 BE A6 10 3E E2 94,speed=0.00
1779899133.192,0x200,8,6C 64 0E 89 D4 20 8C 88,fuel=100.00
1779899133.269,0x300,8,02 85 5D 0B 77 65 EB 31,temp=42.00
1779899133.384,0x100,8,00 38 CC F9 35 B5 9C BE,speed=0.00
1779899133.462,0x200,8,41 64 01 F9 FD 22 DD 28,fuel=100.00
1779899133.563,0x300,8,02 E2 B7 98 97 16 97 23,temp=42.00
1779899133.661,0x100,8,00 85 CA 14 8C F6 8B F9,speed=0.00
1779899133.748,0x200,8,BC 64 C8 97 57 EA 4C DF,fuel=100.00
1779899133.846,0x300,8,02 DE 79 CC E8 E6 B0 DA,temp=42.00
1779899133.922,0x100,8,00 67 B8 5A DD 71 5F 90,speed=0.00
1779899134.021,0x200,8,C8 64 73 B5 32 19 2C 70,fuel=100.00
1779899134.112,0x300,8,02 AF 5A 55 CE 37 6A 5D,temp=42.00
1779899134.217,0x100,8,00 80 B7 31 40 08 A6 47,speed=0.00
1779899134.312,0x200,8,A9 64 40 8E E3 6F B4 C0,fuel=100.00
1779899134.409,0x300,8,02 FF A3 1B 94 0C 32 8B,temp=42.00
1779899134.495,0x100,8,00 C4 62 1B 8C 20 B0 92,speed=0.00
1779899134.595,0x200,8,A5 64 ED F8 3D 74 C1 66,fuel=100.00
1779899134.672,0x300,8,02 41 5B C0 D2 9A 5E 9C,temp=42.00
1779899134.772,0x100,8,00 BC 5E C9 4D 9E 0F 5B,speed=0.00
1779899134.872,0x200,8,EB 64 E9 A1 BD 4D D2 2E,fuel=100.00
1779899134.979,0x300,8,02 8D 04 8C E2 E9 2A 30,temp=42.00
1779899135.053,0x100,8,00 51 4B 00 A9 2E 19 13,speed=0.00
1779899135.153,0x200,8,AC 64 FA 44 21 C9 A4 D8,fuel=100.00
1779899135.233,0x300,8,02 D4 4F AB 03 68 35 7B,temp=42.00
1779899135.349,0x100,8,00 2F 25 28 70 AB 27 E3,speed=0.00
1779899135.419,0x200,8,7A 64 5A 04 3A CF 4A BC,fuel=100.00
1779899135.521,0x300,8,02 9B D5 92 1A 1F 42 41,temp=42.00
1779899135.608,0x100,8,00 7E C0 E0 AA 92 74 30,speed=0.00
1779899135.710,0x200,8,C6 64 28 E3 E8 86 05 F7,fuel=100.00
1779899135.800,0x300,8,02 BB 1A 57 BD 06 04 E2,temp=42.00
1779899135.908,0x100,8,00 67 D0 D4 D2 78 4C E2,speed=0.00
1779899135.988,0x200,8,F8 64 3B 95 DB 9A CD 9D,fuel=100.00
1779899136.092,0x300,8,02 A4 37 95 08 13 45 46,temp=42.00
1779899136.171,0x100,8,00 57 14 2A A6 6E 1F CC,speed=0.00
1779899136.269,0x200,8,28 64 80 D9 2D A7 65 D5,fuel=100.00
1779899136.384,0x300,8,02 4A 43 E3 E5 44 34 9A,temp=42.00
1779899136.461,0x100,8,00 D8 A3 C4 72 89 E7 A2,speed=0.00
1779899136.548,0x200,8,9C 64 45 5E 03 8A B8 01,fuel=100.00
1779899136.634,0x300,8,02 5F 89 37 C2 D0 98 66,temp=42.00
1779899136.757,0x100,8,00 2F 5F F8 14 38 D6 B5,speed=0.00
1779899136.827,0x200,8,5B 64 97 1B FE 81 16 BE,fuel=100.00
1779899136.918,0x300,8,02 D2 B1 C7 5C 0F 93 0E,temp=42.00
1779899137.030,0x100,8,00 64 2F 83 9D 47 9E 5D,speed=0.00
1779899137.110,0x200,8,6F 64 34 A2 35 78 A3 B3,fuel=100.00
1779899137.213,0x300,8,02 69 A6 F7 03 5B 1D 53,temp=42.00
1779899137.307,0x100,8,00 EA 46 3A 0C B6 34 43,speed=0.00
1779899137.427,0x200,8,6A 64 41 56 AF B3 18 9F,fuel=100.00
1779899137.519,0x300,8,02 2A B9 B5 03 18 8E F0,temp=42.00
1779899137.613,0x100,8,00 67 94 77 92 F3 D1 84,speed=0.00
1779899137.702,0x200,8,2B 64 62 F3 B0 48 46 52,fuel=100.00
1779899137.781,0x300,8,02 DC AB 0F 11 C9 7D 74,temp=42.00
1779899137.874,0x100,8,00 FC D4 E9 74 A4 8F 91,speed=0.00
1779899137.991,0x200,8,90 64 06 E1 84 47 58 A4,fuel=100.00
1779899138.066,0x300,8,02 7C C3 FF FA C5 57 73,temp=42.00
1779899138.161,0x100,8,00 C2 F6 EC C6 DC E7 56,speed=0.00
1779899138.258,0x200,8,41 64 F0 F6 AA 12 38 14,fuel=100.00
1779899138.375,0x300,8,02 4D 76 91 82 2A 6F C5,temp=42.00
1779899138.438,0x100,8,00 AC 24 09 4B D2 4E 7A,speed=0.00
1779899138.526,0x200,8,9E 64 DD 84 D3 9D 41 33,fuel=100.00
1779899138.644,0x300,8,02 AC DA 8E 57 B4 BB D7,temp=42.00
1779899138.728,0x100,8,00 6D AE 3C 9C 25 DF F9,speed=0.00
1779899138.814,0x200,8,6F 64 CA 94 F2 F4 2F 4F,fuel=100.00
1779899138.911,0x300,8,02 35 DA 7A F0 37 FC 3C,temp=42.00
1779899139.006,0x100,8,00 2C CE 78 07 15 F7 2B,speed=0.00
1779899139.090,0x200,8,1C 64 AB 12 BF 7C 18 20,fuel=100.00
1779899139.210,0x300,8,02 B4 18 13 38 8D 62 9B,temp=42.00
1779899139.290,0x100,8,00 23 4C 3B 6B A0 39 6B,speed=0.00
1779899139.383,0x200,8,48 64 50 78 BE F7 53 1E,fuel=100.00
1779899139.490,0x300,8,02 4C 85 15 8E B0 75 EA,temp=42.00
1779899139.585,0x100,8,00 F5 78 20 18 A8 8E EA,speed=0.00
1779899139.656,0x200,8,A5 64 64 79 63 D0 9B 1A,fuel=100.00
1779899139.756,0x300,8,02 9D 54 82 7F B8 64 9A,temp=42.00
1779899139.859,0x100,8,00 1E 0E 00 8F D2 9F 03,speed=0.00
1779899139.947,0x200,8,91 64 39 CA 97 D0 CB B1,fuel=100.00
1779899140.035,0x300,8,02 D7 CB 33 43 B6 1F 9C,temp=42.00
1779899140.140,0x100,8,00 8D BE 24 8E A6 1D 1F,speed=0.00
1779899140.222,0x200,8,5E 64 C8 63 83 2E 9C 84,fuel=100.00
1779899140.347,0x300,8,02 C7 B8 0C 63 C4 B9 9F,temp=42.00
1779899140.412,0x100,8,00 2A CB 9B BC 85 AC 6E,speed=0.00
1779899140.537,0x200,8,E8 64 44 69 C4 EA E3 C0,fuel=100.00
1779899140.609,0x300,8,02 B3 0B FC 94 35 DD C6,temp=42.00
1779899140.682,0x100,8,00 FC 21 36 1E 4F 93 FE,speed=0.00
1779899140.799,0x200,8,3F 64 2E 39 3D CB E6 C4,fuel=100.00
1779899140.885,0x300,8,02 3D 66 F1 58 59 7C 22,temp=42.00
1779899140.984,0x100,8,00 58 13 93 DB B6 C3 34,speed=0.00
1779899141.057,0x200,8,32 64 6E 03 25 C3 9A 0D,fuel=100.00
1779899141.161,0x300,8,02 4C 09 E1 BE 2D 45 AC,temp=42.00
1779899141.272,0x100,8,00 91 87 78 58 79 E8 0F,speed=0.00
1779899141.343,0x200,8,AA 64 5B CC 16 0D B5 30,fuel=100.00
1779899141.443,0x300,8,02 4C 2C 0B 9A 86 98 8D,temp=42.00
1779899141.547,0x100,8,00 D6 5A 07 75 04 60 7C,speed=0.00
1779899141.646,0x200,8,7A 64 AD 38 9D CB 88 EB,fuel=100.00
1779899141.753,0x300,8,02 91 33 2A C3 B8 84 77,temp=42.00
1779899141.832,0x100,8,00 6A E9 78 CA 8F D1 01,speed=0.00
1779899141.925,0x200,8,19 64 14 3B E6 0E 1D 67,fuel=100.00
1779899142.020,0x300,8,02 CD 7C 1A E2 80 D4 5C,temp=42.00
1779899142.119,0x100,8,00 61 AE A9 84 E6 5B 74,speed=0.00
1779899142.229,0x200,8,74 64 B7 00 1E CB A6 77,fuel=100.00
1779899142.296,0x300,8,02 20 32 BE 88 0E 1C 3D,temp=42.00
1779899142.390,0x100,8,00 F1 A4 11 F7 22 B4 4C,speed=0.00
1779899142.489,0x200,8,6F 64 9B 30 83 78 5D E2,fuel=100.00
1779899142.590,0x300,8,02 42 B4 8C 4B 6D 96 F6,temp=42.00
1779899142.683,0x100,8,00 87 AE 14 5B 49 4C C0,speed=0.00
1779899142.762,0x200,8,20 64 F3 51 D3 71 97 7A,fuel=100.00
1779899142.868,0x300,8,02 EC 35 C4 46 06 0F 80,temp=42.00
1779899142.982,0x100,8,00 17 05 47 38 F8 F6 9C,speed=0.00
1779899143.042,0x200,8,BA 64 93 99 3F 2D 17 4F,fuel=100.00
1779899143.163,0x300,8,02 28 92 85 8A 01 BD 23,temp=42.00
1779899143.247,0x100,8,00 59 0C F4 FD 7E B6 3A,speed=0.00
1779899143.348,0x200,8,26 64 F2 3D 5E 5D 1B 14,fuel=100.00
1779899143.434,0x300,8,02 49 5F BA D0 4B 94 6E,temp=42.00
1779899143.514,0x100,8,00 E5 DD D3 E1 E6 0F 93,speed=0.00
1779899143.605,0x200,8,39 64 34 99 49 44 77 3D,fuel=100.00
1779899143.723,0x300,8,02 2F B5 5F C5 6F B8 F9,temp=42.00
1779899143.824,0x100,8,00 1B 18 3B 52 37 A6 CD,speed=0.00
1779899143.885,0x200,8,65 64 FD 3E 66 91 57 AA,fuel=100.00
1779899143.998,0x300,8,02 DF 83 B5 20 90 C6 78,temp=42.00
1779899144.078,0x100,8,00 2F 3C B4 E2 0F 14 E0,speed=0.00
1779899144.178,0x200,8,97 64 74 A5 36 3D F1 37,fuel=100.00
1779899144.308,0x300,8,02 25 02 04 82 F3 F7 79,temp=42.00
1779899144.380,0x100,8,00 69 22 83 F4 90 96 D0,speed=0.00
1779899144.483,0x200,8,13 64 0A F4 27 51 F8 1E,fuel=100.00
1779899144.565,0x300,8,02 70 AC 4C 44 1B 9E 17,temp=42.00
1779899144.657,0x100,8,00 D3 E0 EA A8 83 B6 2A,speed=0.00
1779899144.734,0x200,8,CA 64 D8 E0 66 FA 73 FC,fuel=100.00
1779899144.823,0x300,8,02 1D 61 76 8F BE E4 70,temp=42.00
1779899144.920,0x100,8,00 5E CF AD 66 DA 17 D9,speed=0.00
1779899145.023,0x200,8,C7 64 2B D5 8B D6 06 DA,fuel=100.00
1779899145.136,0x300,8,02 F9 8B 57 F5 82 C0 AE,temp=42.00
1779899145.221,0x100,8,00 E5 94 71 38 D5 3A 7F,speed=0.00
1779899145.299,0x200,8,52 64 11 A2 41 24 FC 8E,fuel=100.00
1779899145.410,0x300,8,02 ED 33 46 D9 96 42 F5,temp=42.00
1779899145.483,0x100,8,00 E8 6A 03 82 78 A4 D2,speed=0.00
1779899145.586,0x200,8,90 64 34 97 FF 5B 4B BE,fuel=100.00
1779899145.692,0x300,8,02 8E 49 C7 5F BF F6 B4,temp=42.00
1779899145.761,0x100,8,00 26 4E 80 88 DF A3 52,speed=0.00
1779899145.885,0x200,8,B6 64 9C FD BE 75 75 ED,fuel=100.00
1779899145.966,0x300,8,02 9A 8F FE 36 A9 1E B5,temp=42.00
1779899146.042,0x100,8,00 35 14 85 7E 99 53 04,speed=0.00
1779899146.147,0x200,8,D2 64 B3 CC 46 7F 01 56,fuel=100.00
1779899146.244,0x300,8,02 7A 61 73 9C 75 AF 4A,temp=42.00
1779899146.337,0x100,8,00 9C 00 A3 35 0B F3 B7,speed=0.00
1779899146.429,0x200,8,3F 64 DA 6F DD 14 DD B8,fuel=100.00
1779899146.519,0x300,8,02 01 3E AB CA 29 E9 2E,temp=42.00
1779899146.631,0x100,8,00 7E F4 00 DD AD EA CC,speed=0.00
1779899146.697,0x200,8,DA 64 97 79 E3 6A 94 0F,fuel=100.00
1779899146.824,0x300,8,02 3D 17 08 7D 38 BC 9A,temp=42.00
1779899146.897,0x100,8,00 0E DD A0 B6 B4 30 A1,speed=0.00
1779899147.002,0x200,8,1D 64 C4 AA 90 04 B4 52,fuel=100.00
1779899147.074,0x300,8,02 96 81 12 CB 03 51 65,temp=42.00
1779899147.184,0x100,8,00 E6 45 FB EF 73 D4 AE,speed=0.00
1779899147.289,0x200,8,52 64 F5 BA 83 B8 83 9D,fuel=100.00
1779899147.356,0x300,8,02 97 9B 8B 3B 30 AC CA,temp=42.00
1779899147.457,0x100,8,00 DD 0A 9A A6 E4 5C A1,speed=0.00
1779899147.542,0x200,8,0F 64 38 66 FC F8 C5 DD,fuel=100.00
1779899147.698,0x300,8,02 6F E7 AB 8E 49 FE AD,temp=42.00
1779899147.753,0x100,8,00 D7 F9 1D 2C 5C 8E D0,speed=0.00
1779899147.845,0x200,8,A4 64 D5 D3 63 12 29 2E,fuel=100.00
1779899147.950,0x300,8,02 63 7A 70 0C 97 15 84,temp=42.00
1779899148.036,0x100,8,00 4D BA 8C 27 B3 C7 BD,speed=0.00
1779899148.136,0x200,8,5B 64 BC 2B 24 79 F2 90,fuel=100.00
1779899148.227,0x300,8,02 23 01 8F 0C 70 2A 85,temp=42.00
1779899148.305,0x100,8,00 D5 3D 0B F5 96 A5 06,speed=0.00
1779899148.411,0x200,8,17 64 45 BA 87 2A 89 B1,fuel=100.00
1779899148.485,0x300,8,02 03 42 50 5C 5E DC DE,temp=42.00
1779899148.590,0x100,8,00 CC EE 46 04 CB A0 A8,speed=0.00
1779899148.672,0x200,8,69 64 1B 5F B8 FF 39 5E,fuel=100.00
1779899148.779,0x300,8,02 AB 5C 09 59 C7 24 17,temp=42.00
1779899148.898,0x100,8,00 63 19 AF FA 1A B3 C1,speed=0.00
1779899148.987,0x200,8,11 64 59 B9 69 AB 3D 79,fuel=100.00
1779899149.056,0x300,8,02 4E 14 A5 ED 06 0C E0,temp=42.00
1779899149.152,0x100,8,00 BD C0 AA 5B 13 D3 E6,speed=0.00
1779899149.248,0x200,8,18 64 B6 40 94 CA 07 67,fuel=100.00
1779899149.350,0x300,8,02 D0 5D 43 8D AE F5 99,temp=42.00
1779899149.451,0x100,8,00 09 AF F0 EC 86 3A 5E,speed=0.00
1779899149.536,0x200,8,61 64 FF 26 AD 5D 45 C9,fuel=100.00
1779899149.644,0x300,8,02 E2 87 07 10 9B 04 AE,temp=42.00
1779899149.716,0x100,8,00 09 BA 33 63 20 CD 23,speed=0.00
1779899149.833,0x200,8,1F 64 A0 AF 69 B0 04 C6,fuel=100.00
1779899149.916,0x300,8,02 48 3D 4F 35 FB 98 9E,temp=42.00
1779899149.994,0x100,8,00 6B 59 98 5B 4F 79 4E,speed=0.00
1779899150.099,0x200,8,8B 64 A3 D8 6A 60 E7 DF,fuel=100.00
1779899150.203,0x300,8,02 5F 3F 15 D0 F0 36 E1,temp=42.00
1779899150.290,0x100,8,00 E9 BE FE E7 4C 83 8C,speed=0.00
1779899150.377,0x200,8,1C 64 A0 4B 7F 70 3E FA,fuel=100.00
1779899150.503,0x300,8,02 77 7B 99 61 E1 03 B7,temp=42.00
1779899150.562,0x100,8,00 08 83 55 E7 E9 A3 26,speed=0.00
1779899150.672,0x200,8,82 64 16 45 CD B3 81 2E,fuel=100.00
1779899150.770,0x300,8,02 8D B4 7F 2F 8F 85 10,temp=42.00
1779899150.851,0x100,8,00 9D DA ED A7 86 E4 1E,speed=0.00
1779899150.939,0x200,8,0D 64 C5 C7 8C E1 E6 43,fuel=100.00
1779899151.035,0x300,8,02 06 A4 6B E1 64 7C 4C,temp=42.00
1779899151.130,0x100,8,00 7C 1D 63 90 0D B2 DE,speed=0.00
1779899151.237,0x200,8,D3 64 82 19 98 03 89 F6,fuel=100.00
1779899151.319,0x300,8,02 CA A0 4E 58 CE CA 52,temp=42.00
1779899151.403,0x100,8,00 3B EB AE 1B 20 46 72,speed=0.00
1779899151.499,0x200,8,36 64 A6 71 6A 6E 9D D6,fuel=100.00
1779899151.616,0x300,8,02 8D 0B C9 D3 58 66 35,temp=42.00
1779899151.700,0x100,8,00 FC 5A 0B 1C F2 6E 56,speed=0.00
1779899151.794,0x200,8,38 64 49 E0 92 05 EB 07,fuel=100.00
1779899151.887,0x300,8,02 DB AB BB 8A 69 7E 37,temp=42.00
1779899151.983,0x100,8,00 E4 31 5F 87 D8 B9 03,speed=0.00
1779899152.087,0x200,8,48 64 68 6C BA BF 88 6F,fuel=100.00
1779899152.164,0x300,8,02 9C A4 CD 74 27 F9 B6,temp=42.00
1779899152.269,0x100,8,00 AD E7 62 F5 11 5D 8C,speed=0.00
1779899152.363,0x200,8,D9 64 2D A6 F6 31 6A E8,fuel=100.00
1779899152.446,0x300,8,02 5D E2 EC F3 E9 AA 65,temp=42.00
1779899152.534,0x100,8,00 23 8E 73 0B 09 CD 5C,speed=0.00
1779899152.639,0x200,8,40 64 F6 01 74 C3 79 77,fuel=100.00
1779899152.718,0x300,8,02 F8 D5 4E E2 F5 42 A2,temp=42.00
1779899152.830,0x100,8,00 EF 7C 1A 70 14 32 66,speed=0.00
1779899152.935,0x200,8,DE 64 57 84 C1 22 9D 37,fuel=100.00
1779899153.014,0x300,8,02 1A D0 D6 3D 6E C1 09,temp=42.00
1779899153.100,0x100,8,00 17 8A A4 62 51 6E 47,speed=0.00
1779899153.215,0x200,8,F1 64 D8 E9 B6 4C 3F BB,fuel=100.00
1779899153.293,0x300,8,02 4E BC F7 55 BA BC 91,temp=42.00
1779899153.386,0x100,8,00 99 35 67 55 14 CD 4B,speed=0.00
1779899153.487,0x200,8,3F 64 CD 59 89 37 3D 15,fuel=100.00
1779899153.571,0x300,8,02 FC D7 6F BC 21 AB 01,temp=42.00
1779899153.667,0x100,8,00 59 48 47 00 5C CD 00,speed=0.00
1779899153.767,0x200,8,E5 64 49 E1 24 90 F5 63,fuel=100.00
1779899153.849,0x300,8,02 E9 44 CE ED 7E C5 6F,temp=42.00
1779899153.962,0x100,8,00 08 9D F6 BF 38 F7 CE,speed=0.00
1779899154.042,0x200,8,12 64 6C 47 50 D5 45 2B,fuel=100.00
1779899154.126,0x300,8,02 39 55 16 84 43 A3 E6,temp=42.00
1779899154.225,0x100,8,00 21 F5 88 72 74 1E B5,speed=0.00
1779899154.316,0x200,8,96 64 B2 31 67 97 1F 08,fuel=100.00
1779899154.422,0x300,8,02 A1 DD 75 2F 2E 70 62,temp=42.00
1779899154.501,0x100,8,00 E1 B2 40 FA F8 74 E4,speed=0.00
1779899154.602,0x200,8,50 64 79 8F AE AB AA 4E,fuel=100.00
1779899154.701,0x300,8,02 A0 71 C0 0F 1C AB A7,temp=42.00
1779899154.784,0x100,8,00 30 D3 8C 64 55 E8 DF,speed=0.00
1779899154.895,0x200,8,79 64 0F 3D 73 18 98 AF,fuel=100.00
1779899154.967,0x300,8,02 9E A0 2E 0D 83 F4 13,temp=42.00
1779899155.060,0x100,8,00 47 A2 27 9D AA F5 1F,speed=0.00
1779899155.186,0x200,8,CB 64 7D 2B F1 FA DD BC,fuel=100.00
1779899155.267,0x300,8,02 ED 40 AC 7C 97 86 19,temp=42.00
1779899155.358,0x100,8,00 4C 61 C0 60 E9 34 04,speed=0.00
1779899155.443,0x200,8,C3 64 B2 D5 3D DE 5A 0A,fuel=100.00
1779899155.543,0x300,8,02 B9 71 AE 35 50 1B A1,temp=42.00
1779899155.639,0x100,8,00 BF 4D 74 D7 A9 E9 F6,speed=0.00
1779899155.717,0x200,8,9D 64 A3 99 B1 73 3F E8,fuel=100.00
1779899155.823,0x300,8,02 45 1B 32 9E 93 E2 64,temp=42.00
1779899155.926,0x100,8,00 11 F2 E9 DA 82 26 00,speed=0.00
1779899156.012,0x200,8,F4 64 68 7B 8C A3 71 87,fuel=100.00
1779899156.096,0x300,8,02 91 14 8B 8C E0 2C 98,temp=42.00
1779899156.210,0x100,8,00 81 12 37 EB 83 B7 15,speed=0.00
1779899156.281,0x200,8,80 64 64 52 9E 95 E2 01,fuel=100.00
1779899156.380,0x300,8,02 1F 0C 7A D4 54 78 E0,temp=42.00
1779899156.470,0x100,8,00 16 4F C9 9E 87 AD B6,speed=0.00
1779899156.580,0x200,8,E4 64 2C 69 61 F6 BC E0,fuel=100.00
1779899156.654,0x300,8,02 62 4A F3 FF 9F 7F 29,temp=42.00
1779899156.749,0x100,8,00 48 84 C2 4A 99 03 12,speed=0.00
1779899156.840,0x200,8,32 64 C9 F6 1C BF 09 F6,fuel=100.00
1779899156.959,0x300,8,02 99 51 83 2B 93 B5 BA,temp=42.00
1779899157.036,0x100,8,00 CE D2 2C B6 87 05 44,speed=0.00
1779899157.148,0x200,8,78 64 1E 07 61 A8 0C 48,fuel=100.00
1779899157.241,0x300,8,02 7F 55 63 CF E3 63 C7,temp=42.00
1779899157.332,0x100,8,00 6B EF 3B 4E 92 56 17,speed=0.00
1779899157.404,0x200,8,B2 64 85 E3 4C 78 4E 6F,fuel=100.00
1779899157.522,0x300,8,02 0B B7 18 C3 49 D2 66,temp=42.00
1779899157.608,0x100,8,00 18 A2 37 7D 1D E7 5D,speed=0.00
1779899157.694,0x200,8,F1 64 14 66 3E 33 76 68,fuel=100.00
1779899157.788,0x300,8,02 4A 81 0E 64 F1 D5 DC,temp=42.00
1779899157.897,0x100,8,00 6B E6 39 87 B1 D4 B6,speed=0.00
1779899157.978,0x200,8,3E 64 9B 90 28 4F 8A 5F,fuel=100.00
1779899158.065,0x300,8,02 0F A7 E7 E6 04 17 08,temp=42.00
1779899158.154,0x100,8,00 BD 37 7A E4 35 A9 48,speed=0.00
1779899158.262,0x200,8,71 64 43 E9 24 08 52 EB,fuel=100.00
1779899158.345,0x300,8,02 26 51 83 93 E9 D9 4C,temp=42.00
1779899158.464,0x100,8,00 F0 6C 60 97 69 A7 B3,speed=0.00
1779899158.566,0x200,8,F2 64 56 F4 64 04 67 4B,fuel=100.00
1779899158.634,0x300,8,02 DA C0 8A E1 84 D8 6B,temp=42.00
1779899158.731,0x100,8,00 B3 9B 7A 3D 52 83 55,speed=0.00
1779899158.833,0x200,8,D4 64 B4 AA 05 50 21 AF,fuel=100.00
1779899158.935,0x300,8,02 E6 10 45 90 28 69 4F,temp=42.00
1779899159.019,0x100,8,00 7C 51 2A 7C D8 D6 94,speed=0.00
1779899159.104,0x200,8,17 64 43 1F F4 76 8F 8B,fuel=100.00
1779899159.204,0x300,8,02 28 3F 4E FA 8F 21 4F,temp=42.00
1779899159.300,0x100,8,00 A0 7C 81 6B 4C 5C 5A,speed=0.00
1779899159.395,0x200,8,05 64 E3 91 AA 9E B2 8C,fuel=100.00
1779899159.515,0x300,8,02 1C BC 40 E9 73 4B 6E,temp=42.00
1779899159.609,0x100,8,00 01 A0 6C EE F8 40 DE,speed=0.00
1779899159.674,0x200,8,62 64 8A 01 F6 91 0E C8,fuel=100.00
1779899159.786,0x300,8,02 F9 9A D3 D1 98 90 14,temp=42.00
1779899159.869,0x100,8,00 AB EC 6E C1 A9 8E F5,speed=0.00
1779899159.951,0x200,8,FF 64 1F 70 C9 07 11 82,fuel=100.00
1779899160.069,0x300,8,02 6E FB 2E 13 94 73 C4,temp=42.00
1779899160.155,0x100,8,00 EB 38 21 C0 D0 12 CF,speed=0.00
1779899160.259,0x200,8,2F 64 DB B8 EB 2E C3 36,fuel=100.00
1779899160.335,0x300,8,02 15 B9 0D C0 0F 6D 7D,temp=42.00
1779899160.432,0x100,8,00 1F 51 67 5B ED 56 CB,speed=0.00
1779899160.515,0x200,8,91 64 FC 4C 27 52 EA E3,fuel=100.00
1779899160.607,0x300,8,02 72 A0 69 38 E0 D9 29,temp=42.00
1779899160.722,0x100,8,00 1E E0 48 D3 7A BA 5A,speed=0.00
1779899160.814,0x200,8,61 64 D4 5F 17 25 82 DB,fuel=100.00
1779899160.907,0x300,8,02 A4 11 CE 2E D1 40 C5,temp=42.00
1779899160.996,0x100,8,00 E9 1C 7A F2 A4 89 E3,speed=0.00
1779899161.092,0x200,8,61 64 5C 7C 2C 02 23 7B,fuel=100.00
1779899161.192,0x300,8,02 57 A7 D1 DC F9 2C 50,temp=42.00
1779899161.275,0x100,8,00 D3 0F 92 69 EB F0 BD,speed=0.00
1779899161.375,0x200,8,D3 64 0C 65 9E AD 82 CD,fuel=100.00
1779899161.462,0x300,8,02 79 14 65 2C E2 89 4A,temp=42.00
1779899161.558,0x100,8,00 FB C2 01 0C 4A E2 1F,speed=0.00
1779899161.659,0x200,8,C8 64 DF 3F 3F 77 3D 75,fuel=100.00
1779899161.777,0x300,8,02 AD F2 9C 92 06 BB C1,temp=42.00
1779899161.839,0x100,8,00 2F 9B F5 FE 64 A4 C2,speed=0.00
1779899161.982,0x200,8,3D 64 68 A3 F8 01 16 43,fuel=100.00
1779899162.036,0x300,8,02 F0 9C C8 C9 5E D2 41,temp=42.00
1779899162.125,0x100,8,00 1A 23 73 23 DE 0B 43,speed=0.00
1779899162.231,0x200,8,96 64 0B 7A 4A 49 50 2B,fuel=100.00
1779899162.311,0x300,8,02 74 13 A5 9D 62 59 D5,temp=42.00
1779899162.408,0x100,8,00 90 A0 8C 17 42 74 81,speed=0.00
1779899162.517,0x200,8,AD 64 64 DF 6B F5 A6 EC,fuel=100.00
1779899162.609,0x300,8,02 C2 BC 79 3B 34 CA B1,temp=42.00
1779899162.706,0x100,8,00 B4 08 26 D4 B7 6D CA,speed=0.00
1779899162.781,0x200,8,C4 64 6E C1 4C 7E EB 70,fuel=100.00
1779899162.888,0x300,8,02 63 13 5D 95 72 A8 35,temp=42.00
1779899162.987,0x100,8,00 40 81 D1 D0 EF 2D DA,speed=0.00
1779899163.073,0x200,8,EE 64 FD F9 AF 34 99 A4,fuel=100.00
1779899163.182,0x300,8,02 6C 89 A2 9A 51 FB 57,temp=42.00
1779899163.258,0x100,8,00 1F 64 A9 72 00 44 55,speed=0.00
1779899163.339,0x200,8,61 64 72 2C CC 0A 3D 54,fuel=100.00
1779899163.444,0x300,8,02 BB F8 41 E4 E2 86 E4,temp=42.00
1779899163.546,0x100,8,00 1D 7A EA 4A 1E 71 93,speed=0.00
1779899163.647,0x200,8,0C 64 21 D3 ED B5 08 3F,fuel=100.00
1779899163.732,0x300,8,02 66 0F AB E8 45 EB 04,temp=42.00
1779899163.825,0x100,8,00 07 65 53 60 38 1F 5F,speed=0.00
1779899163.943,0x200,8,A7 64 25 7C DE C6 11 5B,fuel=100.00
1779899164.031,0x300,8,02 1E B8 73 5D 82 D3 08,temp=42.00
1779899164.112,0x100,8,00 62 48 DE A5 D0 99 BF,speed=0.00
1779899164.203,0x200,8,F1 64 AA AF 7E FA E6 04,fuel=100.00
1779899164.290,0x300,8,02 E3 BD DD 71 E8 F6 ED,temp=42.00
1779899164.426,0x100,8,00 6D B4 8C 30 0D A2 6B,speed=0.00
1779899164.483,0x200,8,CF 64 6E CA 14 D0 ED 99,fuel=100.00
1779899164.579,0x300,8,02 33 5F 43 17 39 97 AF,temp=42.00
1779899164.688,0x100,8,00 0F A7 37 17 78 D6 61,speed=0.00
1779899164.766,0x200,8,5B 64 54 38 3E 30 BD 26,fuel=100.00
1779899164.860,0x300,8,02 FC F2 13 AD 87 3C 2C,temp=42.00
1779899164.975,0x100,8,00 4B C3 2A 3B 1C 7B A5,speed=0.00
1779899165.068,0x200,8,AF 64 7C 67 CA 0E D0 1C,fuel=100.00
1779899165.155,0x300,8,02 EA ED BF E3 9D EA 31,temp=42.00
1779899165.228,0x100,8,00 83 EB E8 D9 D8 BF B1,speed=0.00
1779899165.332,0x200,8,D5 64 4B 10 15 69 C9 23,fuel=100.00
1779899165.450,0x300,8,02 A7 F4 C9 99 3D D5 80,temp=42.00
1779899165.533,0x100,8,00 0C 6A 56 AC 72 D8 E8,speed=0.00
1779899165.620,0x200,8,9D 64 0C 85 0E 96 7F B9,fuel=100.00
1779899165.706,0x300,8,02 9A 8C F8 43 B5 34 8A,temp=42.00
1779899165.811,0x100,8,00 F5 53 C8 6C D7 EA F5,speed=0.00
1779899165.908,0x200,8,DA 64 22 D7 79 E1 09 A0,fuel=100.00
1779899165.992,0x300,8,02 14 5E 22 21 CA B0 EC,temp=42.00
1779899166.094,0x100,8,00 D3 F4 C7 D3 B4 34 EB,speed=0.00
1779899166.189,0x200,8,64 64 5F E6 28 6B 4F 5F,fuel=100.00
1779899166.261,0x300,8,02 F7 3C E9 E0 3A 17 F6,temp=42.00
1779899166.356,0x100,8,00 0A 6D 83 F5 EC EE 9D,speed=0.00
1779899166.458,0x200,8,C1 64 E0 5C 93 BF 23 F9,fuel=100.00
1779899166.565,0x300,8,02 40 1A E4 58 49 96 48,temp=42.00
1779899166.657,0x100,8,00 A8 29 CD 4D 33 B3 54,speed=0.00
1779899166.758,0x200,8,D2 64 27 CF B5 87 C8 76,fuel=100.00
1779899166.829,0x300,8,02 E1 5E C6 CB 29 6B FC,temp=42.00
1779899166.927,0x100,8,00 75 40 36 B1 28 F7 66,speed=0.00
1779899167.024,0x200,8,9F 64 6D 77 EA 9B 4D AE,fuel=100.00
1779899167.109,0x300,8,02 BA 76 F1 25 29 F3 24,temp=42.00
1779899167.204,0x100,8,00 87 17 38 99 41 24 AE,speed=0.00
1779899167.305,0x200,8,49 64 1E 20 46 AB 3B 4C,fuel=100.00
1779899167.404,0x300,8,02 97 8C F5 A0 9E 15 8F,temp=42.00
1779899167.482,0x100,8,00 34 BA 64 D2 CA F7 0E,speed=0.00
1779899167.584,0x200,8,19 64 1D E3 54 C6 BF 2D,fuel=100.00
1779899167.672,0x300,8,02 3F 25 2D 70 5C D5 1C,temp=42.00
1779899167.762,0x100,8,00 7B 8B DD 34 48 F7 9A,speed=0.00
1779899167.859,0x200,8,39 64 AF 72 BE 5A 79 DA,fuel=100.00
1779899167.952,0x300,8,02 5E 4B 6B 42 41 05 80,temp=42.00
1779899168.045,0x100,8,00 3C 91 2A 29 92 40 22,speed=0.00
1779899168.159,0x200,8,8E 64 44 3A 0B 73 46 B1,fuel=100.00
1779899168.237,0x300,8,02 46 A6 04 BD 6B F9 9E,temp=42.00
1779899168.325,0x100,8,00 1E AE F8 77 D8 48 1D,speed=0.00
1779899168.436,0x200,8,14 64 2F 0E AB 31 8A 94,fuel=100.00
1779899168.524,0x300,8,02 DB 27 62 71 46 7C 28,temp=42.00
1779899168.608,0x100,8,00 05 DE 78 2A 04 35 4B,speed=0.00
1779899168.708,0x200,8,66 64 76 D3 76 F4 F5 DD,fuel=100.00
1779899168.807,0x300,8,02 D9 F9 C7 E8 F8 48 D7,temp=42.00
1779899168.904,0x100,8,00 D7 25 55 42 9C 43 03,speed=0.00
1779899168.990,0x200,8,63 64 89 DF 2D 7D B0 DF,fuel=100.00
1779899169.088,0x300,8,02 25 73 76 93 5C 86 24,temp=42.00
1779899169.201,0x100,8,00 09 80 35 CE 00 1E AA,speed=0.00
1779899169.277,0x200,8,87 64 8F E2 4D 3D EC 29,fuel=100.00
1779899169.365,0x300,8,02 22 A9 8E 3A 2C CF DE,temp=42.00
1779899169.479,0x100,8,00 86 4B 9A 73 93 87 1D,speed=0.00
1779899169.556,0x200,8,30 64 FE 29 6F 97 D5 DD,fuel=100.00
1779899169.647,0x300,8,02 15 99 26 0B DB AF 1F,temp=42.00
1779899169.752,0x100,8,00 3B 7C CD 67 F4 4B D3,speed=0.00
1779899169.841,0x200,8,65 64 DF 93 23 B6 3C 6F,fuel=100.00
1779899169.920,0x300,8,02 50 F2 B4 A5 D2 89 82,temp=42.00
1779899170.021,0x100,8,00 54 E5 68 42 C6 24 6F,speed=0.00
1779899170.121,0x200,8,4C 64 2D 52 20 FA 80 E6,fuel=100.00
1779899170.203,0x300,8,02 E8 43 08 C4 00 1C B3,temp=42.00
1779899170.313,0x100,8,00 18 E2 07 3B CF C2 27,speed=0.00
1779899170.396,0x200,8,C2 64 E2 BB 85 85 77 52,fuel=100.00
1779899170.486,0x300,8,02 B9 09 08 4D E0 0B F0,temp=42.00
1779899170.596,0x100,8,00 05 BB 1F C3 53 D1 9C,speed=0.00
1779899170.685,0x200,8,7E 64 2B 08 71 D0 96 4A,fuel=100.00
1779899170.772,0x300,8,02 69 5F 0C BB EA F8 5A,temp=42.00
1779899170.864,0x100,8,00 AF 42 4E 36 65 3B FA,speed=0.00
1779899170.959,0x200,8,4C 64 14 B8 AF 3F AA A4,fuel=100.00
1779899171.058,0x300,8,02 94 8D 10 82 86 F8 98,temp=42.00
1779899171.148,0x100,8,00 00 B1 43 8A CA E8 20,speed=0.00
1779899171.259,0x200,8,EA 64 55 2D DD 5D 21 12,fuel=100.00
1779899171.358,0x300,8,02 B9 B5 0B E1 B5 06 7E,temp=42.00
1779899171.434,0x100,8,00 C2 EB E9 3B AB 56 D4,speed=0.00
1779899171.519,0x200,8,78 64 65 B6 0F 07 5E 3F,fuel=100.00
1779899171.625,0x300,8,02 29 24 95 B4 01 45 8D,temp=42.00
1779899171.703,0x100,8,00 8A 52 BF 1F A3 DB 34,speed=0.00
1779899171.818,0x200,8,1B 64 D9 38 AB E5 79 54,fuel=100.00
1779899171.892,0x300,8,02 F6 D3 28 54 7A 0B 6D,temp=42.00
1779899172.000,0x100,8,00 CF 34 C8 D9 85 2B 38,speed=0.00
1779899172.104,0x200,8,E6 64 74 94 0B 52 73 AA,fuel=100.00
1779899172.174,0x300,8,02 74 C2 EB 11 8D 1A EB,temp=42.00
1779899172.281,0x100,8,00 8F 29 6E 96 36 84 1C,speed=0.00
1779899172.375,0x200,8,CC 64 8E F0 B6 09 FD 0E,fuel=100.00
1779899172.449,0x300,8,02 39 E2 1A 61 A1 E4 2F,temp=42.00
1779899172.540,0x100,8,00 54 0A CA 0F 9C 3D DE,speed=0.00
1779899172.649,0x200,8,D5 64 F2 CC A7 4B 01 F7,fuel=100.00
1779899172.730,0x300,8,02 98 B9 43 08 10 3D BD,temp=42.00
1779899172.827,0x100,8,00 B1 8C C9 2C 83 C3 61,speed=0.00
1779899172.926,0x200,8,1F 64 FB 96 23 57 E5 13,fuel=100.00
1779899173.010,0x300,8,02 32 31 FB 04 A6 8D 5A,temp=42.00
1779899173.111,0x100,8,00 4D 08 59 35 BD E0 D1,speed=0.00
1779899173.203,0x200,8,5D 64 E3 DF 49 11 77 83,fuel=100.00
1779899173.321,0x300,8,02 A0 FC 3C CA 30 BE 47,temp=42.00
1779899173.404,0x100,8,00 A2 40 7F 96 F1 3C F5,speed=0.00
1779899173.504,0x200,8,CB 64 59 69 8D D5 A3 11,fuel=100.00
1779899173.589,0x300,8,02 DB 37 C1 6C E3 20 0E,temp=42.00
1779899173.679,0x100,8,00 8D 36 67 EF 14 34 EF,speed=0.00
1779899173.785,0x200,8,32 64 29 67 7F 8A 1C 15,fuel=100.00
1779899173.856,0x300,8,02 9D 18 89 DF 63 4E 19,temp=42.00
1779899173.973,0x100,8,00 ED 0B A8 A8 65 BA 3B,speed=0.00
1779899174.050,0x200,8,17 64 B3 97 C4 5E D4 E7,fuel=100.00
1779899174.174,0x300,8,02 8A 03 F8 96 6E 1F D5,temp=42.00
1779899174.250,0x100,8,00 2B D1 20 C7 F2 DA 75,speed=0.00
1779899174.329,0x200,8,0F 64 9A D8 23 AE CE 62,fuel=100.00
1779899174.427,0x300,8,02 D3 43 06 50 27 47 7D,temp=42.00
1779899174.544,0x100,8,00 7D A8 75 76 67 A9 24,speed=0.00
1779899174.612,0x200,8,53 64 C6 7F FC A7 17 05,fuel=100.00
1779899174.700,0x300,8,02 DD 5F 5B 3D 67 02 3D,temp=42.00
1779899174.796,0x100,8,00 63 68 8A C8 2D 32 79,speed=0.00
1779899174.894,0x200,8,CB 64 D7 9C D0 47 49 10,fuel=100.00
1779899175.012,0x300,8,02 49 93 C7 56 A0 52 86,temp=42.00
1779899175.097,0x100,8,00 09 E5 19 27 AB 70 09,speed=0.00
1779899175.185,0x200,8,E5 64 2C 50 06 68 63 9C,fuel=100.00
1779899175.294,0x300,8,02 FE 4F 31 F6 A7 56 9F,temp=42.00
1779899175.358,0x100,8,00 CD 89 74 0C 9F 06 8A,speed=0.00
1779899175.480,0x200,8,61 64 A0 36 46 46 B3 84,fuel=100.00
1779899175.564,0x300,8,02 03 C1 9F 6B DB 4A 61,temp=42.00
1779899175.645,0x100,8,00 D1 FD F2 D8 70 47 97,speed=0.00
1779899175.739,0x200,8,7E 64 CF 3D AD 14 21 2B,fuel=100.00
1779899175.838,0x300,8,02 B1 BE 62 5E 7C 67 63,temp=42.00
1779899175.921,0x100,8,00 20 88 56 A9 1D 93 46,speed=0.00
1779899176.029,0x200,8,9D 64 31 0B 5A AA 02 0E,fuel=100.00
1779899176.132,0x300,8,02 63 F3 6F D9 DA 7C 12,temp=42.00
1779899176.230,0x100,8,00 0F C7 74 42 DE DB F8,speed=0.00
1779899176.322,0x200,8,1E 64 9E 18 0D E4 F9 25,fuel=100.00
1779899176.409,0x300,8,02 A1 4A 78 B3 C1 3E 18,temp=42.00
1779899176.517,0x100,8,00 DC FE 13 6D 6A 7E FE,speed=0.00
1779899176.594,0x200,8,7D 64 D5 1C 5D 74 6B 15,fuel=100.00
1779899176.687,0x300,8,02 9C 36 20 31 04 3D 45,temp=42.00
1779899176.792,0x100,8,00 79 B5 C2 66 CD 2E 71,speed=0.00
1779899176.880,0x200,8,80 64 21 26 8A F4 90 AC,fuel=100.00
1779899176.985,0x300,8,02 02 7E 1B 73 14 12 69,temp=42.00
1779899177.079,0x100,8,00 25 81 5D B8 AD 75 24,speed=0.00
1779899177.166,0x200,8,11 64 68 AA CC D9 E3 89,fuel=100.00
1779899177.258,0x300,8,02 AF A6 24 C2 2F 35 26,temp=42.00
1779899177.355,0x100,8,00 07 0D 76 7A B3 43 4B,speed=0.00
1779899177.442,0x200,8,A1 64 9D 8C 28 52 FE 5C,fuel=100.00
1779899177.540,0x300,8,02 58 5C E7 F3 94 4E 52,temp=42.00
1779899177.689,0x100,8,00 E0 88 FB EE 2A B9 91,speed=0.00
1779899177.719,0x200,8,97 64 4A D9 30 54 18 C8,fuel=100.00
1779899177.815,0x300,8,02 A1 3C 64 D9 92 1A C0,temp=42.00
1779899177.911,0x100,8,00 FC 2A 73 97 C4 4A 67,speed=0.00
1779899177.997,0x200,8,A1 64 8B BB CF E6 AD 4C,fuel=100.00
1779899178.101,0x300,8,02 73 8C F2 E3 9F 8B E0,temp=42.00
1779899178.198,0x100,8,00 8D A4 22 E2 80 BF C8,speed=0.00
1779899178.283,0x200,8,E4 64 5A 76 04 10 0A 62,fuel=100.00
1779899178.373,0x300,8,02 37 19 CD AD BD 31 32,temp=42.00
1779899178.485,0x100,8,00 FF 3C 71 D8 1E 1E CB,speed=0.00
1779899178.565,0x200,8,E3 64 8F A4 98 36 45 2A,fuel=100.00
1779899178.650,0x300,8,02 6A F7 7F 0A AE 44 52,temp=42.00
1779899178.753,0x100,8,00 66 AC A9 6F 46 1C A0,speed=0.00
1779899178.846,0x200,8,8C 64 73 BE 3B 05 A4 4E,fuel=100.00
1779899178.956,0x300,8,02 03 5F E0 69 68 9A D4,temp=42.00
1779899179.054,0x100,8,00 73 62 04 DE EC B6 7E,speed=0.00
1779899179.120,0x200,8,A2 64 C0 9B B1 7A C2 96,fuel=100.00
1779899179.233,0x300,8,02 88 B4 B2 E8 66 1D 9D,temp=42.00
1779899179.319,0x100,8,00 8D B3 64 1E 7B B6 C5,speed=0.00
1779899179.403,0x200,8,B9 64 C1 64 75 9B 75 EF,fuel=100.00
1779899179.534,0x300,8,02 DB 22 94 32 D3 43 00,temp=42.00
1779899179.605,0x100,8,00 9D D3 6F 22 2E 59 8F,speed=0.00
1779899179.688,0x200,8,BA 64 D8 19 DB A9 C4 6F,fuel=100.00
1779899179.792,0x300,8,02 7F B3 90 03 49 9A 66,temp=42.00
1779899179.912,0x100,8,00 88 2B B7 0C B5 03 DD,speed=0.00
1779899179.994,0x200,8,1E 64 FF 05 07 73 5D 3B,fuel=100.00
1779899180.086,0x300,8,02 F3 37 4A 77 A2 BA 5E,temp=42.00
1779899180.164,0x100,8,00 A3 83 7E 75 66 E3 BF,speed=0.00
1779899180.274,0x200,8,DE 64 6F 84 B1 F5 1E 28,fuel=100.00
1779899180.383,0x300,8,02 A7 BC EE 6F EC 8C D4,temp=42.00
1779899180.460,0x100,8,00 53 2A 0A 8D 45 96 33,speed=0.00
1779899180.542,0x200,8,C3 64 52 D4 C0 97 CA 29,fuel=100.00
1779899180.652,0x300,8,02 AD C8 43 E6 65 65 C4,temp=42.00
1779899180.729,0x100,8,00 52 7A DE E6 5F 73 F0,speed=0.00
1779899180.825,0x200,8,2C 64 A5 26 C2 4A DD A7,fuel=100.00
1779899180.924,0x300,8,02 C1 A1 C8 47 C4 AC 77,temp=42.00
1779899181.035,0x100,8,00 82 90 1C A1 80 2F D8,speed=0.00
1779899181.112,0x200,8,67 64 EF 90 9C 6A B4 B7,fuel=100.00
1779899181.202,0x300,8,02 27 C3 D8 09 A1 0D 56,temp=42.00
1779899181.309,0x100,8,00 48 FD 8D 4F E7 99 92,speed=0.00
1779899181.392,0x200,8,B0 64 56 D1 49 3B 61 9E,fuel=100.00
1779899181.500,0x300,8,02 82 90 0E A6 08 BB F6,temp=42.00
1779899181.583,0x100,8,00 48 26 B7 36 8A A2 55,speed=0.00
1779899181.678,0x200,8,E2 64 2E 9B 89 46 CD 2F,fuel=100.00
1779899181.775,0x300,8,02 63 2E B9 B0 9A 6A 25,temp=42.00
1779899181.860,0x100,8,00 76 FA E4 FF 68 4A 40,speed=0.00
1779899181.969,0x200,8,6C 64 36 E4 F9 9F 33 3D,fuel=100.00
1779899182.043,0x300,8,02 44 96 8E 8F E3 6F 5B,temp=42.00
1779899182.153,0x100,8,00 00 CC 28 8D EC F5 A6,speed=0.00
1779899182.244,0x200,8,32 64 15 E4 A1 30 51 79,fuel=100.00
1779899182.358,0x300,8,02 B7 A3 D4 64 31 9F 77,temp=42.00
1779899182.432,0x100,8,00 0F 9E 2C 8D 8C B6 72,speed=0.00
1779899182.514,0x200,8,E4 64 99 AE C4 9B 5D 1E,fuel=100.00
1779899182.622,0x300,8,02 F1 29 04 44 46 BC BC,temp=42.00
1779899182.708,0x100,8,00 21 A0 B1 A2 65 FF 35,speed=0.00
1779899182.817,0x200,8,BB 64 2F 1F 1C 97 CD C0,fuel=100.00
1779899182.895,0x300,8,02 A7 86 88 6B 8D C1 8D,temp=42.00
1779899182.979,0x100,8,00 34 21 E3 E7 2F 9F 48,speed=0.00
1779899183.076,0x200,8,EA 64 91 A7 4C B5 62 C5,fuel=100.00
1779899183.178,0x300,8,02 FA 3B 43 5C 6C E7 54,temp=42.00
1779899183.263,0x100,8,00 4C A3 C5 E2 F9 2C 04,speed=0.00
1779899183.364,0x200,8,1A 64 32 E8 FB DA 2E 8B,fuel=100.00
1779899183.465,0x300,8,02 67 92 4D A9 5D 2E 9F,temp=42.00
1779899183.551,0x100,8,00 F4 97 A5 54 BC ED A6,speed=0.00
1779899183.643,0x200,8,B0 64 B4 69 6C B8 F6 DE,fuel=100.00
1779899183.744,0x300,8,02 32 54 D3 D2 C4 B7 4B,temp=42.00
1779899183.832,0x100,8,00 3A A7 FE A8 53 49 9F,speed=0.00
1779899183.935,0x200,8,F4 64 56 88 75 85 97 60,fuel=100.00
1779899184.038,0x300,8,02 59 F0 9A A1 CB 74 CB,temp=42.00
1779899184.134,0x100,8,00 2D 49 48 93 41 23 71,speed=0.00
1779899184.223,0x200,8,F6 64 97 95 C8 AD 23 63,fuel=100.00
1779899184.313,0x300,8,02 36 A0 BA B7 EE 5B AE,temp=42.00
1779899184.413,0x100,8,00 DC 62 43 9F 5F 42 92,speed=0.00
1779899184.518,0x200,8,58 64 11 BA B0 D9 BE 78,fuel=100.00
1779899184.602,0x300,8,02 7A B2 9A AC 89 70 F1,temp=42.00
1779899184.682,0x100,8,00 E1 60 C5 19 46 80 31,speed=0.00
1779899184.786,0x200,8,20 64 0F D0 62 64 B8 A0,fuel=100.00
1779899184.892,0x300,8,02 C1 16 0B DF DC 15 74,temp=42.00
1779899184.964,0x100,8,00 2E 7E 3F 28 8D A3 9A,speed=0.00
1779899185.064,0x200,8,D9 64 C8 2F EC 28 17 9D,fuel=100.00
1779899185.168,0x300,8,02 4D D2 E1 A8 1D BC 78,temp=42.00
1779899185.275,0x100,8,00 DA CF E4 5F 95 FD 6B,speed=0.00
1779899185.351,0x200,8,2D 64 52 32 12 53 DF AB,fuel=100.00
1779899185.444,0x300,8,02 41 5E 48 BB F5 28 1D,temp=42.00
1779899185.529,0x100,8,00 5B 5C DF C0 A6 83 CA,speed=0.00
1779899185.631,0x200,8,76 64 3F 83 2E 43 AB CA,fuel=100.00
1779899185.732,0x300,8,02 13 2F 82 2D C3 9E 17,temp=42.00
1779899185.835,0x100,8,00 DB 74 FD 03 5D 05 93,speed=0.00
1779899185.921,0x200,8,54 64 10 AE B1 FF 36 FE,fuel=100.00
1779899186.007,0x300,8,02 41 66 12 F3 77 41 87,temp=42.00
1779899186.113,0x100,8,00 3B CB 53 2B 7B 9D 35,speed=0.00
1779899186.189,0x200,8,3B 64 5E E1 F5 75 B6 25,fuel=100.00
1779899186.302,0x300,8,02 03 D0 72 CC 3C 13 C5,temp=42.00
1779899186.372,0x100,8,00 53 22 72 F2 30 4F C5,speed=0.00
1779899186.472,0x200,8,6E 64 B0 F5 CD 0F 8B 7E,fuel=100.00
1779899186.601,0x300,8,02 A7 2E 9E 93 C5 BF 22,temp=42.00
1779899186.655,0x100,8,00 18 77 68 7F 33 F6 32,speed=0.00
1779899186.745,0x200,8,A8 64 4B D9 BE 51 61 53,fuel=100.00
1779899186.856,0x300,8,02 28 2A 03 81 9E EB 37,temp=42.00
1779899186.938,0x100,8,00 A4 27 48 1A 70 8F AE,speed=0.00
1779899187.042,0x200,8,AD 64 2E BF 0B A7 9D 67,fuel=100.00
1779899187.130,0x300,8,02 EF 8D 2D 4E 6E 3B F4,temp=42.00
1779899187.247,0x100,8,00 1E F1 BB E1 BC CE 49,speed=0.00
1779899187.324,0x200,8,35 64 48 5E 98 94 0E 46,fuel=100.00
1779899187.403,0x300,8,02 EF C7 44 30 E0 A8 7C,temp=42.00
1779899187.538,0x100,8,00 16 7F 3D 1D 03 E7 63,speed=0.00
1779899187.612,0x200,8,42 64 74 7F 93 6C E8 DE,fuel=100.00
1779899187.683,0x300,8,02 9E 9B 34 73 09 D0 7A,temp=42.00
1779899187.782,0x100,8,00 D4 CA C7 FB 55 F1 7E,speed=0.00
1779899187.887,0x200,8,FE 64 D5 C7 CF 56 CF 6F,fuel=100.00
1779899187.964,0x300,8,02 8A E2 62 65 59 97 1D,temp=42.00
1779899188.077,0x100,8,00 F4 64 A9 EE 54 43 36,speed=0.00
1779899188.156,0x200,8,80 64 CC D5 0C EE D9 07,fuel=100.00
1779899188.275,0x300,8,02 C5 A2 61 B3 BD 8B E0,temp=42.00
1779899188.365,0x100,8,00 BC 02 27 DE 77 2F 88,speed=0.00
1779899188.453,0x200,8,B7 64 CB 67 64 B2 5A 12,fuel=100.00
1779899188.561,0x300,8,02 27 8F 57 71 6D E3 F3,temp=42.00
1779899188.630,0x100,8,00 56 22 0F 02 16 C3 BE,speed=0.00
1779899188.739,0x200,8,A0 64 3D 29 6E 23 10 99,fuel=100.00
1779899188.806,0x300,8,02 4B CF 43 16 22 3C 80,temp=42.00
1779899188.938,0x100,8,00 A5 81 9E C8 64 30 2E,speed=0.00
1779899189.011,0x200,8,6E 64 C6 FF F7 BA 7D B5,fuel=100.00
1779899189.103,0x300,8,02 6A CA C8 1C BA 31 1B,temp=42.00
1779899189.220,0x100,8,00 81 FC 61 07 90 6D 73,speed=0.00
1779899189.301,0x200,8,29 64 64 9B F7 94 A5 E9,fuel=100.00
1779899189.381,0x300,8,02 CE 24 7A 90 37 06 AD,temp=42.00
1779899189.502,0x100,8,00 E4 A2 BE CC CF AC 12,speed=0.00
1779899189.578,0x200,8,A9 64 35 2C 4E EB 7E 65,fuel=100.00
1779899189.652,0x300,8,02 9D 89 52 41 41 93 89,temp=42.00
1779899189.744,0x100,8,00 59 4C B8 E5 50 2B 4E,speed=0.00
1779899189.845,0x200,8,D5 64 06 B4 9E 71 31 B5,fuel=100.00
1779899189.968,0x300,8,02 C3 AE 9D D7 FB AF C0,temp=42.00
1779899190.049,0x100,8,00 9C 8E A2 33 25 05 42,speed=0.00
1779899190.124,0x200,8,6A 64 7B 51 A0 50 DA EA,fuel=100.00
1779899190.219,0x300,8,02 D7 6B 70 25 A2 DF 4E,temp=42.00
1779899190.330,0x100,8,00 8A 15 E7 0C AB EB CB,speed=0.00
1779899190.406,0x200,8,0B 64 9F 1E 44 86 33 7C,fuel=100.00
1779899190.517,0x300,8,02 3D C4 8A E2 75 F9 1D,temp=42.00
1779899190.606,0x100,8,00 1F 8A 78 DE 2E 0E 5E,speed=0.00
1779899190.687,0x200,8,41 64 F7 6E 79 D0 2D CA,fuel=100.00
1779899190.784,0x300,8,02 AA EA C1 57 FE D9 F1,temp=42.00
1779899190.873,0x100,8,00 6B 72 9C 92 E3 92 2B,speed=0.00
1779899190.975,0x200,8,3A 64 29 82 D7 48 7B 4D,fuel=100.00
1779899191.083,0x300,8,02 3F DB D5 84 BB 4A 4D,temp=42.00
1779899191.174,0x100,8,00 98 67 E8 E2 C9 60 AA,speed=0.00
1779899191.258,0x200,8,DB 64 AC 65 39 F6 BB 90,fuel=100.00
1779899191.353,0x300,8,02 79 66 AB 2C E2 55 B0,temp=42.00
1779899191.448,0x100,8,00 AA 06 50 87 6D 58 76,speed=0.00
1779899191.551,0x200,8,0B 64 CC 7A 09 A2 D1 A1,fuel=100.00
1779899191.628,0x300,8,02 76 A1 48 A0 8C FF CB,temp=42.00
1779899191.726,0x100,8,00 1E 78 D0 05 E8 C6 72,speed=0.00
1779899191.827,0x200,8,3A 64 05 31 6C 53 64 C3,fuel=100.00
1779899191.910,0x300,8,02 43 EC A9 8C F1 D3 14,temp=42.00
1779899192.003,0x100,8,00 74 A7 1F 35 34 E5 0C,speed=0.00
1779899192.112,0x200,8,31 64 57 2E A9 08 7F 09,fuel=100.00
1779899192.192,0x300,8,02 D6 52 2D 6A BF 02 32,temp=42.00
1779899192.299,0x100,8,00 DE 03 AA FC 55 B3 92,speed=0.00
1779899192.377,0x200,8,F3 64 E5 38 ED 53 89 DA,fuel=100.00
1779899192.477,0x300,8,02 8C 49 1C B0 DF D5 06,temp=42.00
1779899192.580,0x100,8,00 D0 A0 1E 5B D7 16 13,speed=0.00
1779899192.665,0x200,8,BE 64 F8 1B 63 4F 60 4E,fuel=100.00
1779899192.763,0x300,8,02 6B 7C 6D 73 66 47 2D,temp=42.00
1779899192.856,0x100,8,00 47 5A 0B 65 FC 9B 29,speed=0.00
1779899192.958,0x200,8,AB 64 CB 5F 9A C1 6A 47,fuel=100.00
1779899193.030,0x300,8,02 AF 14 62 9C B8 DD 89,temp=42.00
1779899193.139,0x100,8,00 61 11 D6 B9 B0 36 0E,speed=0.00
1779899193.212,0x200,8,76 64 C2 24 B1 9E 91 F0,fuel=100.00
1779899193.314,0x300,8,02 EE BC CC 92 A5 C8 0F,temp=42.00
1779899193.399,0x100,8,00 14 50 9C E4 3B 7C 63,speed=0.00
1779899193.534,0x200,8,B4 64 00 20 FC 55 1E 6E,fuel=100.00
1779899193.601,0x300,8,02 58 DB F9 67 35 FD 02,temp=42.00
1779899193.702,0x100,8,00 52 03 E9 3A 69 52 18,speed=0.00
1779899193.794,0x200,8,6B 64 A0 65 26 05 D3 C5,fuel=100.00
1779899193.884,0x300,8,02 F0 CC 81 D6 5D B4 9E,temp=42.00
1779899193.999,0x100,8,00 36 49 7C 72 9D AA 1D,speed=0.00
1779899194.083,0x200,8,B3 64 41 76 06 E4 F3 97,fuel=100.00
1779899194.167,0x300,8,02 70 0D 17 ED 6F 52 C3,temp=42.00
1779899194.283,0x100,8,00 36 36 84 BA 64 5F 83,speed=0.00
1779899194.360,0x200,8,47 64 BD 83 AF 8F 5C F3,fuel=100.00
1779899194.466,0x300,8,02 D6 3F D8 3A 4C 73 FD,temp=42.00
1779899194.566,0x100,8,00 CC 58 43 A2 1E 6A 34,speed=0.00
1779899194.655,0x200,8,91 64 11 E0 4B 9E E4 85,fuel=100.00
1779899194.743,0x300,8,02 2F 56 94 5A CB 10 B7,temp=42.00
1779899194.859,0x100,8,00 5C BC 3C 9E FD 7A B3,speed=0.00
1779899194.935,0x200,8,39 64 39 8D 66 1D 68 19,fuel=100.00
1779899195.047,0x300,8,02 15 48 B0 64 16 67 AB,temp=42.00
1779899195.119,0x100,8,00 4A AF EB 2D 83 DE 61,speed=0.00
1779899195.228,0x200,8,38 64 A0 C1 4D 4F FF 3A,fuel=100.00
1779899195.312,0x300,8,02 9B FF EE A4 63 AA 94,temp=42.00
1779899195.403,0x100,8,00 8E 15 8C 8D 93 A1 35,speed=0.00
1779899195.484,0x200,8,51 64 33 BD 0D 61 08 15,fuel=100.00
1779899195.589,0x300,8,02 BC 3F DB F5 A3 E7 8C,temp=42.00
1779899195.700,0x100,8,00 1D CE 50 28 93 47 26,speed=0.00
1779899195.776,0x200,8,79 64 A2 B6 AC 91 2B B0,fuel=100.00
1779899195.857,0x300,8,02 86 EB 2A 59 1F 0E E8,temp=42.00
1779899195.959,0x100,8,00 C9 98 26 A8 49 26 30,speed=0.00
1779899196.052,0x200,8,D8 64 B0 C2 F6 63 93 7E,fuel=100.00
1779899196.138,0x300,8,02 4A 41 C4 4E 0C 29 F2,temp=42.00
1779899196.233,0x100,8,00 3E B7 CE FB E6 43 E5,speed=0.00
1779899196.325,0x200,8,7E 64 A2 4A 69 64 28 22,fuel=100.00
1779899196.425,0x300,8,02 F1 F4 79 DA 74 46 9A,temp=42.00
1779899196.521,0x100,8,00 74 D0 7D 5D 4F F8 48,speed=0.00
1779899196.604,0x200,8,98 64 44 EC 76 BF FA 7F,fuel=100.00
1779899196.706,0x300,8,02 7A 8A D1 AB 20 8E 4D,temp=42.00
1779899196.813,0x100,8,00 14 4D BC A0 C5 26 2C,speed=0.00
1779899196.911,0x200,8,A1 64 CF 78 65 E5 06 25,fuel=100.00
1779899197.002,0x300,8,02 8F CC 1B 38 B0 AF 24,temp=42.00
1779899197.109,0x100,8,00 15 50 06 A9 71 49 B5,speed=0.00
1779899197.191,0x200,8,2C 64 D8 97 22 CE EA D0,fuel=100.00
1779899197.296,0x300,8,02 D3 04 2E 2A 0F 38 AF,temp=42.00
1779899197.399,0x100,8,00 8E 8F 68 C5 1C 98 A6,speed=0.00
1779899197.478,0x200,8,FD 64 68 78 AB 2A 1E 2E,fuel=100.00
1779899197.592,0x300,8,02 8A DF 0A A7 8E CD 9B,temp=42.00
1779899197.723,0x100,8,00 75 87 7C CF 0D BB 79,speed=0.00
1779899197.752,0x200,8,14 64 6D F1 38 0A 73 43,fuel=100.00
1779899197.861,0x300,8,02 05 1E 06 D6 E7 20 12,temp=42.00
1779899197.944,0x100,8,00 FE 94 69 FF DA 51 3B,speed=0.00
1779899198.040,0x200,8,21 64 37 08 46 54 CE A2,fuel=100.00
1779899198.130,0x300,8,02 C0 43 52 A2 9F 91 AD,temp=42.00
1779899198.233,0x100,8,00 72 F5 A7 1C 5A B7 E3,speed=0.00
1779899198.343,0x200,8,C6 64 E9 35 CF 2C CF 5C,fuel=100.00
1779899198.423,0x300,8,02 69 8C A8 4F 9E 0C 25,temp=42.00
1779899198.511,0x100,8,00 ED F3 F1 53 F5 C9 D1,speed=0.00
1779899198.588,0x200,8,F5 64 09 E5 D7 1E B5 B4,fuel=100.00
1779899198.709,0x300,8,02 20 A7 42 D1 F3 BF DB,temp=42.00
1779899198.780,0x100,8,00 41 07 D7 B4 EA D2 18,speed=0.00
1779899198.889,0x200,8,5F 64 21 4C 11 B2 B8 06,fuel=100.00
1779899198.966,0x300,8,02 BC 85 EE 97 9D FC BF,temp=42.00
1779899199.067,0x100,8,00 7E 3C AD FE 62 FB 60,speed=0.00
1779899199.173,0x200,8,5C 64 23 2D 67 04 F5 47,fuel=100.00
1779899199.264,0x300,8,02 9E 5B 52 CA 1C 73 43,temp=42.00
1779899199.348,0x100,8,00 48 25 90 BC C4 D4 C4,speed=0.00
1779899199.474,0x200,8,EA 64 17 FF E8 E8 3B F1,fuel=100.00
1779899199.527,0x300,8,02 8D CD C8 07 79 3D 8D,temp=42.00
1779899199.636,0x100,8,00 30 65 42 9B 06 4D AE,speed=0.00
1779899199.726,0x200,8,FB 64 4B CF 01 21 76 34,fuel=100.00
1779899199.816,0x300,8,02 AC 09 90 19 A9 AC C6,temp=42.00
1779899199.918,0x100,8,00 77 E7 42 76 1F 64 12,speed=0.00
1779899199.998,0x200,8,8B 64 51 A0 4F 22 AC A4,fuel=100.00
1779899200.093,0x300,8,02 4E 36 74 20 E4 6E 69,temp=42.00
1779899200.203,0x100,8,00 31 A5 13 FF 71 74 52,speed=0.00
1779899200.281,0x200,8,E9 64 F5 69 6B 0E 47 5E,fuel=100.00
1779899200.386,0x300,8,02 18 20 D2 6D 6E AF 40,temp=42.00
1779899200.512,0x100,8,00 16 2C 46 AC A5 2E BB,speed=0.00
1779899200.570,0x200,8,15 64 13 D4 16 E5 BA 2E,fuel=100.00
1779899200.657,0x300,8,02 6B 38 C1 1D 4E AD 8F,temp=42.00
1779899200.757,0x100,8,00 47 B5 A1 F4 31 0C 51,speed=0.00
1779899200.839,0x200,8,7E 64 4E 8A 4E 53 A7 0B,fuel=100.00
1779899200.953,0x300,8,02 BF 63 D8 E3 70 87 40,temp=42.00
1779899201.029,0x100,8,00 E5 29 88 5E 60 4D E3,speed=0.00
1779899201.129,0x200,8,40 64 6F C9 24 BB 06 1C,fuel=100.00
1779899201.227,0x300,8,02 6A EA 4F 3E F4 B1 B5,temp=42.00
1779899201.310,0x100,8,00 8F 6E EB 88 91 26 84,speed=0.00
1779899201.431,0x200,8,ED 64 11 59 18 7E 1A 04,fuel=100.00
1779899201.522,0x300,8,02 5B CA BE 23 3F 69 A8,temp=42.00
1779899201.593,0x100,8,00 36 FF 94 D2 7C AD 8F,speed=0.00
1779899201.699,0x200,8,18 64 3B 83 F4 73 56 4D,fuel=100.00
1779899201.775,0x300,8,02 9F 11 11 07 73 AE 91,temp=42.00
1779899201.889,0x100,8,00 49 53 82 81 66 4F 56,speed=0.00
1779899201.975,0x200,8,EC 64 8D 26 94 08 28 12,fuel=100.00
1779899202.060,0x300,8,02 4F B2 44 1A 92 1C C3,temp=42.00
1779899202.167,0x100,8,00 41 B5 67 59 E2 46 13,speed=0.00
1779899202.268,0x200,8,E2 64 33 9F C7 5C 8E AA,fuel=100.00
1779899202.340,0x300,8,02 2B 00 9C 9B 34 6D A3,temp=42.00
1779899202.440,0x100,8,00 D0 F1 47 65 66 3E EB,speed=0.00
1779899202.537,0x200,8,70 64 A2 E7 B3 5E 96 2B,fuel=100.00
1779899202.636,0x300,8,02 9B 5B DE 48 CB 2B 33,temp=42.00
1779899202.732,0x100,8,00 0D F5 B8 8E A1 9A 08,speed=0.00
1779899202.818,0x200,8,24 64 29 19 69 85 14 64,fuel=100.00
1779899202.909,0x300,8,02 46 76 EE 4E 00 30 79,temp=42.00
1779899203.005,0x100,8,00 7C 84 CA 4D 15 8D D4,speed=0.00
1779899203.089,0x200,8,28 64 E5 D9 74 B1 1A 46,fuel=100.00
1779899203.186,0x300,8,02 E3 9F E7 42 14 72 C5,temp=42.00
1779899203.290,0x100,8,00 D9 8F 06 9B 2F B9 7C,speed=0.00
1779899203.373,0x200,8,D1 64 30 8A 61 76 91 DB,fuel=100.00
1779899203.486,0x300,8,02 9D 5C 4E 69 EC 4D 7B,temp=42.00
1779899203.555,0x100,8,00 43 13 6A AD 57 37 B8,speed=0.00
1779899203.660,0x200,8,F8 64 80 1D 92 DD 0C DC,fuel=100.00
1779899203.747,0x300,8,02 06 D7 55 89 CF E4 D1,temp=42.00
1779899203.842,0x100,8,00 94 C3 1C DB 86 D0 F0,speed=0.00
1779899203.945,0x200,8,92 64 0E B0 18 47 90 0A,fuel=100.00
1779899204.038,0x300,8,02 04 BD 6F 90 16 68 CA,temp=42.00
1779899204.125,0x100,8,00 A9 09 6F C2 48 DC AB,speed=0.00
1779899204.242,0x200,8,A7 64 FC C2 D4 6B 8F 0B,fuel=100.00
1779899204.314,0x300,8,02 13 A0 73 8D DA 89 B1,temp=42.00
1779899204.409,0x100,8,00 D3 50 12 A2 78 F6 8E,speed=0.00
1779899204.511,0x200,8,1A 64 A9 4D E9 99 B1 3D,fuel=100.00
1779899204.604,0x300,8,02 36 73 A9 E7 08 3B 97,temp=42.00
1779899204.692,0x100,8,00 82 95 ED D7 DF 70 AF,speed=0.00
1779899204.795,0x200,8,06 64 85 8F 40 61 23 3B,fuel=100.00
1779899204.870,0x300,8,02 A8 3F 10 D8 D4 82 6F,temp=42.00
1779899204.966,0x100,8,00 F1 EF 2D EC 93 39 8A,speed=0.00
1779899205.061,0x200,8,F4 64 81 E8 E8 64 0D 03,fuel=100.00
1779899205.151,0x300,8,02 67 4D 78 8B 8B 25 BB,temp=42.00
1779899205.254,0x100,8,00 1A 77 6B 10 AF C5 D8,speed=0.00
1779899205.373,0x200,8,5D 64 45 5A D7 B7 C2 3C,fuel=100.00
1779899205.461,0x300,8,02 4D 72 62 EC 51 1B 57,temp=42.00
1779899205.549,0x100,8,00 9C 43 C6 05 C1 EA 34,speed=0.00
1779899205.638,0x200,8,4C 64 6E B0 F4 6B 05 EB,fuel=100.00
1779899205.734,0x300,8,02 61 54 2A 49 FB DB B8,temp=42.00
1779899205.834,0x100,8,00 BA 46 31 6E 35 52 5A,speed=0.00
1779899205.911,0x200,8,A8 64 88 47 4D 5B A4 FF,fuel=100.00
1779899205.994,0x300,8,02 F6 02 17 52 B0 02 96,temp=42.00
1779899206.107,0x100,8,00 0E 7A D3 39 6E 4D 2D,speed=0.00
1779899206.208,0x200,8,3F 64 EF C4 51 9A E8 33,fuel=100.00
1779899206.276,0x300,8,02 20 E2 DD 50 0B F1 12,temp=42.00
1779899206.386,0x100,8,00 62 DD C2 D1 BB 97 D7,speed=0.00
1779899206.500,0x200,8,35 64 24 13 86 2A E3 82,fuel=100.00
1779899206.567,0x300,8,02 18 6D FF 87 8E F1 65,temp=42.00
1779899206.666,0x100,8,00 7D A1 E9 D8 56 2F 7E,speed=0.00
1779899206.762,0x200,8,67 64 D2 CB 69 65 32 9F,fuel=100.00
1779899206.860,0x300,8,02 26 82 63 66 4A AC 6C,temp=42.00
1779899206.963,0x100,8,00 2F 09 92 66 36 88 25,speed=0.00
1779899207.036,0x200,8,B4 64 B9 23 34 13 FE 70,fuel=100.00
1779899207.162,0x300,8,02 F5 8B B3 C2 C9 F0 E5,temp=42.00
1779899207.239,0x100,8,00 D7 9B A6 2B 2B 73 2E,speed=0.00
1779899207.319,0x200,8,30 64 93 F1 8B C8 32 1E,fuel=100.00
1779899207.402,0x300,8,02 76 7F 77 D6 11 09 F5,temp=42.00
1779899207.513,0x100,8,00 F7 A8 74 35 D4 F6 9F,speed=0.00
1779899207.614,0x200,8,A0 64 01 F6 3C A0 0A 29,fuel=100.00
1779899207.685,0x300,8,02 F6 76 7D E0 95 22 EE,temp=42.00
1779899207.799,0x100,8,00 8B C4 0D 8A 02 93 45,speed=0.00
1779899207.891,0x200,8,DF 64 6A ED 65 23 C6 89,fuel=100.00
1779899207.981,0x300,8,02 CD 29 B5 76 35 71 08,temp=42.00
1779899208.074,0x100,8,00 6F 1A 45 30 DD 1C A2,speed=0.00
1779899208.165,0x200,8,6B 64 87 98 8A 36 67 5B,fuel=100.00
1779899208.257,0x300,8,02 76 9E 7D 1B E8 7A 5B,temp=42.00
1779899208.355,0x100,8,00 0F 39 B2 DA 1F A7 D7,speed=0.00
1779899208.452,0x200,8,DC 64 8E 9B 50 AB 65 07,fuel=100.00
1779899208.553,0x300,8,02 2D 53 79 8E 6B BB C5,temp=42.00
1779899208.642,0x100,8,00 72 E8 14 77 E6 39 C1,speed=0.00
1779899208.734,0x200,8,77 64 5E 6D 5D 8F 59 DC,fuel=100.00
1779899208.814,0x300,8,02 E8 AB BA 6D 40 E9 49,temp=42.00
1779899208.910,0x100,8,00 BB AC D8 58 07 1A 53,speed=0.00
1779899209.009,0x200,8,6C 64 EE C8 B2 2A CB AE,fuel=100.00
1779899209.101,0x300,8,02 A2 D4 C1 53 57 E9 18,temp=42.00
1779899209.193,0x100,8,00 5C EC A4 81 AA FC 9E,speed=0.00
1779899209.288,0x200,8,C3 64 9B 16 BF C4 38 27,fuel=100.00
1779899209.393,0x300,8,02 31 D5 86 F5 72 DA A2,temp=42.00
1779899209.503,0x100,8,00 AD A8 32 B6 D4 BD AA,speed=0.00
1779899209.558,0x200,8,24 64 2F F6 BC 8A 19 7D,fuel=100.00
1779899209.661,0x300,8,02 E6 4A 2E 7C 17 DE 5B,temp=42.00
1779899209.769,0x100,8,00 1F E7 89 C4 91 94 10,speed=0.00
1779899209.849,0x200,8,B5 64 25 58 27 94 D5 AD,fuel=100.00
1779899209.945,0x300,8,02 F2 3A 48 1D A8 64 26,temp=42.00
1779899210.049,0x100,8,00 E7 E5 60 E8 EF 9F 71,speed=0.00
1779899210.142,0x200,8,29 64 06 E5 4C 99 89 0B,fuel=100.00
1779899210.229,0x300,8,02 BE 31 11 F0 08 5D 8C,temp=42.00
1779899210.332,0x100,8,00 8B 96 A6 0A A8 AB 78,speed=0.00
1779899210.415,0x200,8,76 64 09 12 32 15 F5 E8,fuel=100.00
1779899210.497,0x300,8,02 DE 9D 2D 78 27 47 29,temp=42.00
1779899210.606,0x100,8,00 23 25 3E 49 8E 10 D4,speed=0.00
1779899210.691,0x200,8,03 64 75 36 06 CA 22 CC,fuel=100.00
1779899210.789,0x300,8,02 8D 7B B3 7F FD CB 83,temp=42.00
1779899210.874,0x100,8,00 29 2B 6C 5C 63 8F A0,speed=0.00
1779899210.975,0x200,8,DC 64 CA 8A 2F F9 C7 53,fuel=100.00
1779899211.067,0x300,8,02 F6 FB 37 3A D2 C0 31,temp=42.00
1779899211.152,0x100,8,00 CE 55 D1 89 98 82 FF,speed=0.00
1779899211.246,0x200,8,83 64 0F C1 A6 96 13 B6,fuel=100.00
1779899211.342,0x300,8,02 C8 E9 76 89 78 B1 3B,temp=42.00
1779899211.491,0x100,8,00 58 8E 10 BD 7F 11 E6,speed=0.00
1779899211.556,0x200,8,67 64 63 67 B2 8B 5A DF,fuel=100.00
1779899211.624,0x300,8,02 73 74 16 4A E0 5A F3,temp=42.00
1779899211.741,0x100,8,00 FB CA 60 B1 6C EE 6B,speed=0.00
1779899211.824,0x200,8,24 64 F1 F8 71 80 DC CA,fuel=100.00
1779899211.925,0x300,8,02 BF E3 CC D2 F9 28 B9,temp=42.00
1779899212.039,0x100,8,00 27 CA EE 50 64 05 15,speed=0.00
1779899212.091,0x200,8,87 64 0E 38 BF FD 32 7D,fuel=100.00
1779899212.222,0x300,8,02 5F E9 3F BC 54 18 23,temp=42.00
1779899212.304,0x100,8,00 EC 3D 4A 44 41 47 22,speed=0.00
1779899212.389,0x200,8,5D 64 7F 59 BF FA F8 86,fuel=100.00
1779899212.487,0x300,8,02 07 32 20 43 FE A2 00,temp=42.00
1779899212.568,0x100,8,00 AE 0D 61 09 54 0B 04,speed=0.00
1779899212.669,0x200,8,27 64 09 75 E3 D8 D0 91,fuel=100.00
1779899212.777,0x300,8,02 6F 4B 2F D1 81 4B 06,temp=42.00
1779899212.851,0x100,8,00 FC 2A 2D 3F AC FA 71,speed=0.00
1779899212.944,0x200,8,AA 64 4F 4D 21 D9 0A B3,fuel=100.00
1779899213.028,0x300,8,02 D7 1C D1 72 04 6B FF,temp=42.00
1779899213.122,0x100,8,00 9E 3D BB B8 32 07 A8,speed=0.00
1779899213.244,0x200,8,C3 64 AC D9 CC B6 E9 B1,fuel=100.00
1779899213.309,0x300,8,02 24 1D 68 4A 55 3E 6D,temp=42.00
1779899213.430,0x100,8,00 C8 FA 0D 67 AB 06 1F,speed=0.00
1779899213.521,0x200,8,75 64 52 70 C0 8A 2B C2,fuel=100.00
1779899213.592,0x300,8,02 1C 97 E3 F1 23 24 F1,temp=42.00
1779899213.700,0x100,8,00 B8 3E E4 87 05 81 8D,speed=0.00
1779899213.784,0x200,8,D1 64 BB 38 97 34 14 E3,fuel=100.00
1779899213.871,0x300,8,02 08 F6 69 0D F3 61 D7,temp=42.00
1779899213.972,0x100,8,00 E1 F7 98 23 53 A6 CB,speed=0.00
1779899214.083,0x200,8,98 64 51 0D FE 20 83 CD,fuel=100.00
1779899214.181,0x300,8,02 32 18 D2 6E C7 E5 0D,temp=42.00
1779899214.252,0x100,8,00 B9 62 FE 28 39 57 47,speed=0.00
1779899214.361,0x200,8,B1 64 75 58 25 FC 05 C1,fuel=100.00
1779899214.450,0x300,8,02 87 77 80 59 51 BA B7,temp=42.00
1779899214.527,0x100,8,00 45 D8 0F 8A DB 22 1A,speed=0.00
1779899214.627,0x200,8,E6 64 09 F8 D9 5F 85 27,fuel=100.00
1779899214.733,0x300,8,02 2F 6A B5 58 5D 0A 8C,temp=42.00
1779899214.833,0x100,8,00 27 D3 94 FB A1 F0 40,speed=0.00
1779899214.941,0x200,8,7A 64 01 C9 24 7F 0D 8C,fuel=100.00
1779899214.996,0x300,8,02 EC BC 40 7C CE F2 9C,temp=42.00
1779899215.102,0x100,8,00 EB B5 FD 2D C8 1B 0F,speed=0.00
1779899215.201,0x200,8,68 64 37 89 EA 21 21 EF,fuel=100.00
1779899215.282,0x300,8,02 0F 7C F1 BE E6 72 BB,temp=42.00
1779899215.380,0x100,8,00 B6 15 74 7C E7 BA D0,speed=0.00
1779899215.506,0x200,8,89 64 A7 C6 09 74 1A D6,fuel=100.00
1779899215.580,0x300,8,02 21 31 9D EE 02 B6 0D,temp=42.00
1779899215.677,0x100,8,00 F4 32 F9 70 85 65 8B,speed=0.00
1779899215.760,0x200,8,56 64 8A B4 FF F8 07 64,fuel=100.00
1779899215.863,0x300,8,02 8E FB D2 7A B1 EB 71,temp=42.00
1779899215.954,0x100,8,00 38 D8 57 EB 25 4B 57,speed=0.00
1779899216.069,0x200,8,31 64 D5 8B A1 39 F4 D5,fuel=100.00
1779899216.137,0x300,8,02 66 22 D4 ED 3B 43 FC,temp=42.00
1779899216.260,0x100,8,00 A1 F8 49 D6 DE E0 3D,speed=0.00
1779899216.348,0x200,8,F1 64 ED 1F E8 78 D0 5B,fuel=100.00
1779899216.423,0x300,8,02 17 90 F6 DB 8D 38 20,temp=42.00
1779899216.539,0x100,8,00 F3 44 2C 75 21 77 20,speed=0.00
1779899216.620,0x200,8,F5 64 79 69 4A 08 9B 35,fuel=100.00
1779899216.711,0x300,8,02 BC 16 2F 77 07 C6 AD,temp=42.00
1779899216.803,0x100,8,00 5C 01 E7 A9 FE 9F CA,speed=0.00
1779899216.891,0x200,8,31 64 47 3C A5 E1 C9 9B,fuel=100.00
1779899216.981,0x300,8,02 7B AD 41 3C 13 83 14,temp=42.00
1779899217.089,0x100,8,00 F7 B7 34 2C 18 19 7A,speed=0.00
1779899217.186,0x200,8,DC 64 02 DB AC E5 36 BE,fuel=100.00
1779899217.272,0x300,8,02 DD 26 59 EB E1 BE 5B,temp=42.00
1779899217.359,0x100,8,00 DB 19 DA A8 07 40 19,speed=0.00
1779899217.465,0x200,8,2E 64 FC 76 A2 1A A1 67,fuel=100.00
1779899217.559,0x300,8,02 84 4C 36 AF 6E 01 51,temp=42.00
1779899217.676,0x100,8,00 CB A3 A0 DB AA 6A 0E,speed=0.00
1779899217.748,0x200,8,F7 64 AA DF 81 30 AC FF,fuel=100.00
1779899217.836,0x300,8,02 A9 45 99 A3 EF BF E2,temp=42.00
1779899217.941,0x100,8,00 47 34 01 87 48 83 39,speed=0.00
1779899218.031,0x200,8,00 64 20 D6 BA E6 AF C0,fuel=100.00
1779899218.133,0x300,8,02 AC EB A7 EC 01 93 A0,temp=42.00
1779899218.226,0x100,8,00 7D FD 18 96 8A B6 EF,speed=0.00
1779899218.364,0x200,8,3B 64 16 A2 0F 1C 5F 09,fuel=100.00
1779899218.420,0x300,8,02 80 EA F2 66 61 B1 55,temp=42.00
1779899218.499,0x100,8,00 A8 94 4F 5C 02 A2 08,speed=0.00
1779899218.600,0x200,8,A2 64 8B 15 BE A0 1E 93,fuel=100.00
1779899218.711,0x300,8,02 93 63 6F 72 86 14 90,temp=42.00
1779899218.809,0x100,8,00 8D 33 50 08 7C 96 B4,speed=0.00
1779899218.878,0x200,8,C7 64 C2 B9 0E 3D 10 79,fuel=100.00
1779899218.997,0x300,8,02 83 A4 7C 3A 6E 5F 9C,temp=42.00
1779899219.075,0x100,8,00 35 97 40 29 CC 40 15,speed=0.00
1779899219.185,0x200,8,82 64 D3 C9 F9 46 AB 3B,fuel=100.00
1779899219.293,0x300,8,02 80 94 9C 1D EE 91 67,temp=42.00
1779899219.370,0x100,8,00 56 25 92 89 85 D2 44,speed=0.00
1779899219.468,0x200,8,6C 64 86 98 17 0D D1 0D,fuel=100.00
1779899219.528,0x300,8,02 80 25 14 09 39 27 AA,temp=42.00
1779899219.626,0x100,8,00 0B E8 00 86 03 C4 F4,speed=0.00
1779899219.741,0x200,8,7B 64 D3 E2 63 74 1F FD,fuel=100.00
1779899219.809,0x300,8,02 A7 25 7E 1F 5E 11 ED,temp=42.00
1779899219.909,0x100,8,00 31 FE 8A 2E EF C8 BD,speed=0.00
1779899219.999,0x200,8,F0 64 E5 91 E9 52 EA C4,fuel=100.00
1779899220.099,0x300,8,02 4A 9A 13 F1 0B 1D 66,temp=42.00
1779899220.226,0x100,8,00 A9 DA 1A A9 D5 6E E3,speed=0.00
1779899220.288,0x200,8,48 64 C8 87 74 87 9F 96,fuel=100.00
1779899220.388,0x300,8,02 45 28 22 5F 36 0D 00,temp=42.00
1779899220.479,0x100,8,00 DB 02 8B 06 C4 A7 95,speed=0.00
1779899220.586,0x200,8,C0 64 4F 47 94 61 F0 3A,fuel=100.00
1779899220.674,0x300,8,02 79 21 41 07 58 E2 9D,temp=42.00
1779899220.778,0x100,8,00 0E 1B 95 65 C0 04 A2,speed=0.00
1779899220.852,0x200,8,04 64 BF 89 78 BB AA 62,fuel=100.00
1779899220.953,0x300,8,02 8D D6 F8 D0 E5 40 FE,temp=42.00
1779899221.036,0x100,8,00 36 03 6C A5 B6 E7 88,speed=0.00
1779899221.146,0x200,8,CC 64 D5 6B 70 F6 4D 72,fuel=100.00
1779899221.222,0x300,8,02 1B 09 E5 4A A4 2F ED,temp=42.00
1779899221.322,0x100,8,00 B7 61 6C 2E 15 B7 1A,speed=0.00
1779899221.429,0x200,8,DE 64 A7 3C D3 C5 C9 4B,fuel=100.00
1779899221.517,0x300,8,02 42 05 F5 51 3C 3B 92,temp=42.00
1779899221.593,0x100,8,00 8E 10 35 FF D6 BB ED,speed=0.00
1779899221.704,0x200,8,46 64 22 A3 B3 93 15 A5,fuel=100.00
1779899221.790,0x300,8,02 8D D5 2F 1C C8 30 76,temp=42.00
1779899221.892,0x100,8,00 52 02 36 8C E0 51 DC,speed=0.00
1779899221.987,0x200,8,C6 64 7E 5F DD 1A C9 F1,fuel=100.00
1779899222.065,0x300,8,02 2C B4 1B 1C D1 73 01,temp=42.00
1779899222.171,0x100,8,00 E3 B6 89 4D C4 59 93,speed=0.00
1779899222.252,0x200,8,FB 64 BD AD F5 4A 39 3F,fuel=100.00
1779899222.354,0x300,8,02 61 21 18 0F 86 E5 0F,temp=42.00
1779899222.459,0x100,8,00 15 90 EE F0 7B 3C 46,speed=0.00
1779899222.528,0x200,8,4E 64 A8 59 4B D2 49 59,fuel=100.00
1779899222.623,0x300,8,02 79 E5 26 5F 63 15 20,temp=42.00
1779899222.728,0x100,8,00 23 B3 AA 7F 1F 8E C0,speed=0.00
1779899222.828,0x200,8,9F 64 AF AD 9C F2 EC 40,fuel=100.00
1779899222.901,0x300,8,02 CA E2 29 13 52 7D 5D,temp=42.00
1779899223.003,0x100,8,00 C5 61 F9 83 C0 12 ED,speed=0.00
1779899223.088,0x200,8,9B 64 FE ED 12 15 5E 24,fuel=100.00
1779899223.192,0x300,8,02 FA 42 9C 5F E3 71 D2,temp=42.00
1779899223.293,0x100,8,00 04 B8 0C AF 70 C9 C1,speed=0.00
1779899223.375,0x200,8,79 64 AB 12 D7 02 CB 28,fuel=100.00
1779899223.470,0x300,8,02 39 B1 FC 86 DB C2 1E,temp=42.00
1779899223.557,0x100,8,00 FC 72 35 E8 94 A8 C4,speed=0.00
1779899223.664,0x200,8,45 64 10 EA 14 5F 22 8A,fuel=100.00
1779899223.755,0x300,8,02 B1 C3 EB FD 9D E7 F0,temp=42.00
1779899223.858,0x100,8,00 BE D0 B5 E3 93 DE 8D,speed=0.00
1779899223.946,0x200,8,38 64 D7 6F 8A 84 98 8F,fuel=100.00
1779899224.037,0x300,8,02 F5 D3 73 01 2F DA BA,temp=42.00
1779899224.122,0x100,8,00 ED 6D 16 AA 08 AB 8B,speed=0.00
1779899224.213,0x200,8,DC 64 91 33 D0 7F 7F DD,fuel=100.00
1779899224.315,0x300,8,02 D4 15 A1 66 B7 38 33,temp=42.00
1779899224.416,0x100,8,00 9C 45 12 67 0A C2 67,speed=0.00
1779899224.504,0x200,8,4E 64 FB B8 D5 E1 95 FC,fuel=100.00
1779899224.589,0x300,8,02 EA 9E 14 64 EC 2B 4D,temp=42.00
1779899224.700,0x100,8,00 CC 2E 7F FC 18 4C 37,speed=0.00
1779899224.792,0x200,8,4E 64 1D 17 C9 FD F6 9E,fuel=100.00
1779899224.893,0x300,8,02 3C 2D C8 E0 83 8A A3,temp=42.00
1779899224.997,0x100,8,00 52 A5 A1 AC C1 AE 97,speed=0.00
1779899225.089,0x200,8,8A 64 D9 43 53 84 31 81,fuel=100.00
1779899225.163,0x300,8,02 B3 95 8B 02 41 E8 D1,temp=42.00
1779899225.262,0x100,8,00 D8 57 73 E3 0F 16 38,speed=0.00
1779899225.345,0x200,8,01 64 00 F3 9F E8 62 43,fuel=100.00
1779899225.441,0x300,8,02 39 DA D0 A4 6E EC 35,temp=42.00
1779899225.541,0x100,8,00 8E F4 9A C7 AC 65 BE,speed=0.00
1779899225.637,0x200,8,7A 64 4D AC A5 02 E6 3C,fuel=100.00
1779899225.727,0x300,8,02 C0 B7 6E 6B DF F7 23,temp=42.00
1779899225.814,0x100,8,00 D3 FD DD 67 A3 4A 86,speed=0.00
1779899225.927,0x200,8,D9 64 1E 47 F5 DF 29 55,fuel=100.00
1779899226.004,0x300,8,02 F1 0C FE D5 9F B9 AE,temp=42.00
1779899226.092,0x100,8,00 D4 79 EC FA 10 F0 86,speed=0.00
1779899226.196,0x200,8,9F 64 D1 9F 53 9A 25 7A,fuel=100.00
1779899226.275,0x300,8,02 9B DA 31 C3 11 2A C6,temp=42.00
1779899226.389,0x100,8,00 52 D6 58 12 69 15 72,speed=0.00
1779899226.473,0x200,8,8B 64 74 88 F9 DA 3F FC,fuel=100.00
1779899226.586,0x300,8,02 E2 CD 84 4C 27 49 C1,temp=42.00
1779899226.650,0x100,8,00 5E 2F E0 1E 8B F4 31,speed=0.00
1779899226.750,0x200,8,F2 64 8F CE 89 AD 8E CA,fuel=100.00
1779899226.839,0x300,8,02 0B F1 5D 67 C3 D2 65,temp=42.00
1779899226.948,0x100,8,00 B4 3B F3 4B E6 EF 99,speed=0.00
1779899227.031,0x200,8,0B 64 14 76 3E D3 87 F8,fuel=100.00
1779899227.119,0x300,8,02 1B 85 0F 8E 02 48 DF,temp=42.00
1779899227.229,0x100,8,00 9A C5 B1 6F 46 08 AA,speed=0.00
1779899227.311,0x200,8,01 64 65 66 AF 76 48 63,fuel=100.00
1779899227.411,0x300,8,02 45 4D 00 39 7C DC 49,temp=42.00
1779899227.500,0x100,8,00 33 8F 96 2D F3 B2 C5,speed=0.00
1779899227.611,0x200,8,A7 64 D6 A5 92 85 6A 7E,fuel=100.00
1779899227.701,0x300,8,02 A0 18 FC CF DA 1F 63,temp=42.00
1779899227.800,0x100,8,00 56 90 EF A1 F9 82 3C,speed=0.00
1779899227.882,0x200,8,91 64 2E 30 A1 97 B4 16,fuel=100.00
1779899227.996,0x300,8,02 25 98 39 BA 44 55 8D,temp=42.00
1779899228.084,0x100,8,00 9B 27 23 56 75 2C 60,speed=0.00
1779899228.166,0x200,8,E1 64 C3 5C 48 AE F7 94,fuel=100.00
1779899228.249,0x300,8,02 F3 BA B6 4E 7B CA 19,temp=42.00
1779899228.345,0x100,8,00 33 F9 48 A4 A2 13 80,speed=0.00
1779899228.437,0x200,8,36 64 E6 FD 35 2D 55 80,fuel=100.00
1779899228.558,0x300,8,02 B0 82 B0 6D CB 9F 47,temp=42.00
1779899228.642,0x100,8,00 86 D8 59 05 A4 A8 84,speed=0.00
1779899228.737,0x200,8,12 64 20 22 86 9C A1 92,fuel=100.00
1779899228.829,0x300,8,02 F5 AA 40 5B B8 F3 59,temp=42.00
1779899228.924,0x100,8,00 84 29 2B 55 48 B4 7F,speed=0.00
1779899229.007,0x200,8,EC 64 E0 3C DF 4A 34 B4,fuel=100.00
1779899229.091,0x300,8,02 65 E5 99 92 11 66 BD,temp=42.00
1779899229.192,0x100,8,00 A7 D9 BB B8 F1 84 D0,speed=0.00
1779899229.309,0x200,8,25 64 72 66 9D 9A EB D4,fuel=100.00
1779899229.402,0x300,8,02 06 67 E4 00 53 E8 85,temp=42.00
1779899229.481,0x100,8,00 23 7F BE E1 BF 64 9D,speed=0.00
1779899229.590,0x200,8,75 64 DD 58 8D 09 CF EE,fuel=100.00
1779899229.668,0x300,8,02 FA B5 55 E4 4F B9 A1,temp=42.00
1779899229.760,0x100,8,00 AF 46 7A 3C 93 D5 DD,speed=0.00
1779899229.859,0x200,8,04 64 5E 05 AD A7 F5 05,fuel=100.00
1779899229.947,0x300,8,02 44 8C A6 D8 89 A5 8C,temp=42.00
1779899230.036,0x100,8,00 4F CE 4A 11 18 91 29,speed=0.00
1779899230.121,0x200,8,24 64 63 2D D2 B3 C2 F9,fuel=100.00
1779899230.243,0x300,8,02 49 F9 82 B4 16 6A 36,temp=42.00
1779899230.315,0x100,8,00 68 30 9D A7 DE F4 12,speed=0.00
1779899230.425,0x200,8,5C 64 D1 95 10 FC 0D EE,fuel=100.00
1779899230.506,0x300,8,02 84 25 89 92 1E E3 C0,temp=42.00
1779899230.594,0x100,8,00 63 AC C2 AF 90 CF CB,speed=0.00
1779899230.692,0x200,8,0D 64 98 33 79 91 DA 04,fuel=100.00
1779899230.783,0x300,8,02 4A 4D C0 C2 71 8C 40,temp=42.00
1779899230.870,0x100,8,00 E3 F5 01 4C CC 80 0A,speed=0.00
1779899230.990,0x200,8,B4 64 28 24 35 30 DC 68,fuel=100.00
1779899231.059,0x300,8,02 9E F0 E8 FC 41 B8 0A,temp=42.00
1779899231.173,0x100,8,00 94 96 31 05 0F CE E7,speed=0.00
1779899231.271,0x200,8,35 64 CF D9 8E 7D 79 BF,fuel=100.00
1779899231.352,0x300,8,02 48 2A CA B1 9A 21 D8,temp=42.00
1779899231.442,0x100,8,00 03 EC 6B AD E5 44 03,speed=0.00
1779899231.526,0x200,8,5F 64 FC 05 FC 80 51 FA,fuel=100.00
1779899231.633,0x300,8,02 A6 95 8A E0 79 07 60,temp=42.00
1779899231.730,0x100,8,00 A0 76 8E 0D B5 1D 25,speed=0.00
1779899231.831,0x200,8,D8 64 E9 22 05 3A 90 43,fuel=100.00
1779899231.913,0x300,8,02 36 14 5C 79 3E E2 83,temp=42.00
1779899232.009,0x100,8,00 C9 E7 FC A8 A2 43 46,speed=0.00
1779899232.110,0x200,8,CD 64 C6 9A D2 56 8F 4F,fuel=100.00
1779899232.210,0x300,8,02 BA 97 6A 24 92 6B BC,temp=42.00
1779899232.302,0x100,8,00 A2 06 12 E9 F1 C4 D4,speed=0.00
1779899232.396,0x200,8,01 64 CC CF 6F 86 C7 9A,fuel=100.00
1779899232.480,0x300,8,02 88 1A 6E 71 6F 15 90,temp=42.00
1779899232.580,0x100,8,00 5B 5B 46 EA 23 9A 08,speed=0.00
1779899232.692,0x200,8,EF 64 6E 09 13 F5 AE 7E,fuel=100.00
1779899232.764,0x300,8,02 52 E4 56 43 87 D3 46,temp=42.00
1779899232.867,0x100,8,00 26 3C 3B 1B E2 B9 96,speed=0.00
1779899232.971,0x200,8,50 64 70 95 69 52 8E 86,fuel=100.00
1779899233.047,0x300,8,02 45 67 2A FC B9 FC D9,temp=42.00
1779899233.159,0x100,8,00 F0 C5 86 27 78 29 8E,speed=0.00
1779899233.253,0x200,8,36 64 5D 04 E9 FA BA C2,fuel=100.00
1779899233.374,0x300,8,02 5C 3B 7A 26 59 9E 98,temp=42.00
1779899233.454,0x100,8,00 8E 56 9C AA 95 3C D5,speed=0.00
1779899233.540,0x200,8,A4 64 0A D7 E0 AF 03 09,fuel=100.00
1779899233.639,0x300,8,02 E4 EB 1E 7A 1A 2B DA,temp=42.00
1779899233.737,0x100,8,00 05 24 0A B4 83 8D 49,speed=0.00
1779899233.831,0x200,8,E7 64 72 99 94 F7 9F 44,fuel=100.00
1779899233.930,0x300,8,02 A9 B1 A4 8A 0A F3 9A,temp=42.00
1779899234.002,0x100,8,00 1D 21 59 97 F6 C6 23,speed=0.00
1779899234.093,0x200,8,57 64 B9 7C 7C 52 E5 06,fuel=100.00
1779899234.194,0x300,8,02 7F 81 F6 20 E3 A2 E6,temp=42.00
1779899234.283,0x100,8,00 73 4B A2 EA 24 A0 60,speed=0.00
1779899234.396,0x200,8,E3 64 46 F7 80 61 F6 C7,fuel=100.00
1779899234.483,0x300,8,02 E1 C6 EF 50 10 EB 8D,temp=42.00
1779899234.590,0x100,8,00 BE A4 BC 61 2E 78 A0,speed=0.00
1779899234.661,0x200,8,2A 64 61 1B A8 9A 41 89,fuel=100.00
1779899234.750,0x300,8,02 A8 ED 32 9E 3E 1D BC,temp=42.00
1779899234.848,0x100,8,00 57 AB 9F 57 A5 14 91,speed=0.00
1779899234.955,0x200,8,C1 64 0E 15 AD A7 21 3A,fuel=100.00
1779899235.026,0x300,8,02 A5 27 28 2D 56 10 32,temp=42.00
1779899235.126,0x100,8,00 6C B9 81 E3 C8 F8 6A,speed=0.00
1779899235.215,0x200,8,E0 64 93 23 12 E1 89 D7,fuel=100.00
1779899235.310,0x300,8,02 A2 F7 51 89 22 5F D4,temp=42.00
1779899235.418,0x100,8,00 AC D2 38 84 F5 8A EF,speed=0.00
1779899235.497,0x200,8,86 64 C1 F1 C4 2F 78 74,fuel=100.00
1779899235.617,0x300,8,02 2C 4F 1E 06 1F A4 81,temp=42.00
1779899235.706,0x100,8,00 40 43 8C 65 2C E7 96,speed=0.00
1779899235.791,0x200,8,D4 64 26 3F 38 C3 41 20,fuel=100.00
1779899235.879,0x300,8,02 3D 69 DB 4F B4 2C AA,temp=42.00
1779899235.965,0x100,8,00 07 A3 D6 EE 5F 09 FF,speed=0.00
1779899236.062,0x200,8,FC 64 82 9C FF 80 1C 0A,fuel=100.00
1779899236.178,0x300,8,02 23 DB 14 B0 05 E8 29,temp=42.00
1779899236.260,0x100,8,00 B3 FE 31 CF 38 5A 4B,speed=0.00
1779899236.360,0x200,8,33 64 2F CE CC 43 EC D7,fuel=100.00
1779899236.460,0x300,8,02 13 D2 69 72 44 08 9E,temp=42.00
1779899236.548,0x100,8,00 22 DE 40 22 60 81 23,speed=0.00
1779899236.652,0x200,8,21 64 86 34 62 6A B1 3D,fuel=100.00
1779899236.740,0x300,8,02 A3 63 AF 8F 7B D0 FA,temp=42.00
1779899236.854,0x100,8,00 38 14 52 EF 47 F0 C4,speed=0.00
1779899236.935,0x200,8,B6 64 EC 2D A2 39 9B 40,fuel=100.00
1779899237.034,0x300,8,02 83 29 5B 3F 51 18 79,temp=42.00
1779899237.114,0x100,8,00 22 E1 45 91 40 FA 86,speed=0.00
1779899237.235,0x200,8,87 64 6C CE 54 3C 74 99,fuel=100.00
1779899237.309,0x300,8,02 B1 F2 6D 54 3D D4 B0,temp=42.00
1779899237.415,0x100,8,00 A0 55 3F F1 D1 D9 02,speed=0.00
1779899237.527,0x200,8,60 64 C3 A3 0E 0A 26 B7,fuel=100.00
1779899237.601,0x300,8,02 ED 78 AB 85 1D C9 3C,temp=42.00
1779899237.693,0x100,8,00 FA E4 C0 C9 48 6A FF,speed=0.00
1779899237.785,0x200,8,EA 64 C9 1C 02 4E 0D AF,fuel=100.00
1779899237.872,0x300,8,02 67 45 E1 5F 89 01 D9,temp=42.00
1779899237.964,0x100,8,00 6F 48 E8 84 4F 18 6F,speed=0.00
1779899238.047,0x200,8,CB 64 13 21 E1 27 28 FF,fuel=100.00
1779899238.167,0x300,8,02 00 E0 34 5D 1F C4 25,temp=42.00
1779899238.242,0x100,8,00 87 FA 7B BB 1A 3F A6,speed=0.00
1779899238.326,0x200,8,3E 64 B2 58 09 C9 D8 32,fuel=100.00
1779899238.451,0x300,8,02 F0 2D E5 44 C3 D9 BB,temp=42.00
1779899238.532,0x100,8,00 1C 30 87 FD 8C F6 5F,speed=0.00
1779899238.636,0x200,8,F6 64 E1 33 D1 E9 1B 35,fuel=100.00
1779899238.714,0x300,8,02 A3 07 9E C9 7D 02 9F,temp=42.00
1779899238.842,0x100,8,00 9F 0E 09 60 B7 29 DE,speed=0.00
1779899238.917,0x200,8,4A 64 AD A2 A6 08 0A AB,fuel=100.00
1779899239.016,0x300,8,02 F2 D6 29 11 52 C9 7F,temp=42.00
1779899239.089,0x100,8,00 AA 5B 1F E0 E7 35 FF,speed=0.00
1779899239.213,0x200,8,2F 64 99 D5 DD 9E F9 5B,fuel=100.00
1779899239.292,0x300,8,02 0A E6 68 3A 99 DD C7,temp=42.00
1779899239.397,0x100,8,00 FA 7F 71 D9 18 41 50,speed=0.00
1779899239.504,0x200,8,14 64 2F 9F B9 00 54 CC,fuel=100.00
1779899239.601,0x300,8,02 8B BF 9F DE E4 C4 F1,temp=42.00
1779899239.679,0x100,8,00 48 B7 DB D1 9D 7F 0B,speed=0.00
1779899239.776,0x200,8,02 64 7F 68 01 FD 7B 74,fuel=100.00
1779899239.868,0x300,8,02 4A 42 13 47 35 FA 16,temp=42.00
1779899239.978,0x100,8,00 09 35 5B 6D 87 AD 56,speed=0.00
1779899240.078,0x200,8,25 64 C5 FE CE 5A FD 25,fuel=100.00
1779899240.165,0x300,8,02 5F B6 51 24 83 0A 22,temp=42.00
1779899240.268,0x100,8,00 71 55 78 92 9D 24 A6,speed=0.00
1779899240.370,0x200,8,EE 64 80 95 36 1C 9C 1A,fuel=100.00
1779899240.463,0x300,8,02 31 56 EC F0 0B EF 18,temp=42.00
1779899240.547,0x100,8,00 B6 24 5D 9B 43 BA 4F,speed=0.00
1779899240.639,0x200,8,2C 64 1A 05 2C CF 7F 85,fuel=100.00
1779899240.741,0x300,8,02 F4 E1 90 40 74 89 1C,temp=42.00
1779899240.832,0x100,8,00 2A A3 16 07 6F 6A 5B,speed=0.00
1779899240.923,0x200,8,8E 64 05 18 C5 DE D0 66,fuel=100.00
1779899241.037,0x300,8,02 B7 92 6F 6A 36 A9 71,temp=42.00
1779899241.139,0x100,8,00 B5 63 7C 87 CD A4 A4,speed=0.00
1779899241.208,0x200,8,B5 64 91 68 BB 77 61 5E,fuel=100.00
1779899241.302,0x300,8,02 96 50 FF 3C 42 7A E7,temp=42.00
1779899241.399,0x100,8,00 54 51 0D 9D B3 67 EA,speed=0.00
1779899241.513,0x200,8,AF 64 B9 42 74 1A D4 6E,fuel=100.00
1779899241.586,0x300,8,02 53 24 B5 4E 7E 6F 36,temp=42.00
1779899241.689,0x100,8,00 71 93 5C EE 5A 75 32,speed=0.00
1779899241.774,0x200,8,A4 64 03 AD C1 7A 67 03,fuel=100.00
1779899241.876,0x300,8,02 74 AA D9 6A F3 FA 4F,temp=42.00
1779899241.964,0x100,8,00 3B D2 25 50 85 F1 A9,speed=0.00
1779899242.074,0x200,8,90 64 3F ED 2F E3 4A DC,fuel=100.00
1779899242.151,0x300,8,02 B3 18 67 6F 50 C8 15,temp=42.00
1779899242.252,0x100,8,00 4E 81 EB FA 5F 0F BF,speed=0.00
1779899242.370,0x200,8,3E 64 AC 03 22 0B 90 79,fuel=100.00
1779899242.455,0x300,8,02 8E 20 B2 69 F6 07 5C,temp=42.00
1779899242.535,0x100,8,00 97 F4 39 5D D8 7A 4D,speed=0.00
1779899242.646,0x200,8,5B 64 ED 0C B3 BC D3 4B,fuel=100.00
1779899242.743,0x300,8,02 E2 9F F2 11 7E 73 74,temp=42.00
1779899242.814,0x100,8,00 58 68 C3 DC 03 54 21,speed=0.00
1779899242.905,0x200,8,68 64 16 8F 2E F6 9F 04,fuel=100.00
1779899243.016,0x300,8,02 60 64 67 BB 1C 6A 01,temp=42.00
1779899243.099,0x100,8,00 5D AF 35 5A 11 C7 FC,speed=0.00
1779899243.184,0x200,8,A6 64 D2 D9 46 E2 35 7B,fuel=100.00
1779899243.282,0x300,8,02 2D F5 60 00 2B 04 A1,temp=42.00
1779899243.402,0x100,8,00 33 A2 F1 3B 3E C2 0B,speed=0.00
1779899243.478,0x200,8,05 64 EC 3D E6 57 2D 1E,fuel=100.00
1779899243.561,0x300,8,02 66 98 3D 73 6C 8E 65,temp=42.00
1779899243.663,0x100,8,00 2C B0 AF C3 07 4F 6A,speed=0.00
1779899243.753,0x200,8,CD 64 DC 67 83 59 30 EA,fuel=100.00
1779899243.866,0x300,8,02 BF C4 4F BE 08 AE 16,temp=42.00
1779899243.938,0x100,8,00 DE 4F 2B 0E 8F DF 98,speed=0.00
1779899244.037,0x200,8,1A 64 B9 DF F3 27 93 BF,fuel=100.00
1779899244.130,0x300,8,02 83 BA 28 C8 A4 CC DB,temp=42.00
1779899244.214,0x100,8,00 D2 07 32 17 86 F4 3E,speed=0.00
1779899244.316,0x200,8,D1 64 F1 2F 7A 8C C3 5C,fuel=100.00
1779899244.419,0x300,8,02 0A CE E3 DB CD 7E 30,temp=42.00
1779899244.503,0x100,8,00 81 93 66 B5 73 46 4E,speed=0.00
1779899244.595,0x200,8,41 64 46 AB E8 FF 98 D9,fuel=100.00
1779899244.688,0x300,8,02 D0 25 2B 4A 51 42 D0,temp=42.00
1779899244.786,0x100,8,00 62 5B C5 7C E4 9F 43,speed=0.00
1779899244.876,0x200,8,E8 64 94 3A E2 DB 00 77,fuel=100.00
1779899244.993,0x300,8,02 D2 2A 3E 72 A9 BF D5,temp=42.00
1779899245.070,0x100,8,00 47 91 24 D6 22 62 85,speed=0.00
1779899245.183,0x200,8,8F 64 B6 53 11 87 C1 B3,fuel=100.00
1779899245.256,0x300,8,02 35 74 A1 EB 06 30 42,temp=42.00
1779899245.359,0x100,8,00 B5 C2 BF 68 FD 62 6B,speed=0.00
1779899245.462,0x200,8,8C 64 5B E9 60 66 E9 84,fuel=100.00
1779899245.531,0x300,8,02 63 BD B8 45 49 35 38,temp=42.00
1779899245.650,0x100,8,00 E6 50 30 E2 E5 9B EC,speed=0.00
1779899245.742,0x200,8,80 64 61 16 5D 8B 36 DF,fuel=100.00
1779899245.867,0x300,8,02 1C A3 11 78 74 6B DA,temp=42.00
1779899245.907,0x100,8,00 D0 1F 0A 77 BF F8 36,speed=0.00
1779899246.014,0x200,8,A7 64 20 D7 B2 A7 0A 76,fuel=100.00
1779899246.103,0x300,8,02 4C 60 7C A2 71 23 0E,temp=42.00
1779899246.187,0x100,8,00 99 1F F4 F3 B0 3F CB,speed=0.00
1779899246.279,0x200,8,EF 64 93 49 03 A1 FA EE,fuel=100.00
1779899246.379,0x300,8,02 5D 29 B6 A5 90 D6 22,temp=42.00
1779899246.468,0x100,8,00 59 10 56 56 21 7B EA,speed=0.00
1779899246.600,0x200,8,0D 64 73 1B 3B D6 AE 76,fuel=100.00
1779899246.653,0x300,8,02 8A 08 38 A9 2E C7 63,temp=42.00
1779899246.754,0x100,8,00 FE 59 A9 6B 9C 94 67,speed=0.00
1779899246.859,0x200,8,E0 64 CA F0 68 B2 C9 BC,fuel=100.00
1779899246.940,0x300,8,02 E7 AA 9B D9 89 9E 9B,temp=42.00
1779899247.027,0x100,8,00 7A 24 FA 83 97 96 4C,speed=0.00
1779899247.132,0x200,8,F7 64 73 63 5D 8C 3A F7,fuel=100.00
1779899247.230,0x300,8,02 13 7E AF E0 F1 50 FE,temp=42.00
1779899247.327,0x100,8,00 27 02 0D D4 97 E3 BB,speed=0.00
1779899247.423,0x200,8,0E 64 F9 EA C9 3D AB 2D,fuel=100.00
1779899247.520,0x300,8,02 46 23 4E EE 5D 36 79,temp=42.00
1779899247.608,0x100,8,00 7E 9A 34 8C 6A 55 25,speed=0.00
1779899247.692,0x200,8,F0 64 19 31 7D F3 85 6B,fuel=100.00
1779899247.799,0x300,8,02 CE F3 FB 41 47 C0 5D,temp=42.00
1779899247.894,0x100,8,00 59 BF 31 B6 30 F1 DB,speed=0.00
1779899247.985,0x200,8,B1 64 D5 8D B5 DB 12 4D,fuel=100.00
1779899248.078,0x300,8,02 0B EB 52 54 59 47 45,temp=42.00
1779899248.160,0x100,8,00 C0 49 AB A6 AD 99 0B,speed=0.00
1779899248.266,0x200,8,E8 64 87 56 16 82 59 A0,fuel=100.00
1779899248.370,0x300,8,02 66 7C 28 B9 E3 EF 04,temp=42.00
1779899248.453,0x100,8,00 D8 27 11 61 76 52 96,speed=0.00
1779899248.581,0x200,8,BE 64 F4 AC 4A A6 D2 4E,fuel=100.00
1779899248.627,0x300,8,02 BF 49 89 C9 E4 C9 A9,temp=42.00
1779899248.725,0x100,8,00 2D 14 2E CE C7 D4 29,speed=0.00
1779899248.830,0x200,8,61 64 7B D8 FF 0F 4E 65,fuel=100.00
1779899248.916,0x300,8,02 21 2D 3B 8E 5C 63 C5,temp=42.00
1779899249.014,0x100,8,00 A4 0B 7D 9A 4F 1B 6E,speed=0.00
1779899249.113,0x200,8,E5 64 56 B4 B9 44 BE 02,fuel=100.00
1779899249.198,0x300,8,02 B2 26 F7 0F 6A 01 B1,temp=42.00
1779899249.286,0x100,8,00 1B 04 27 EA 57 BA 6B,speed=0.00
1779899249.375,0x200,8,E2 64 F7 9B 36 3C 58 F9,fuel=100.00
1779899249.467,0x300,8,02 A2 7D 01 01 CA 03 43,temp=42.00
1779899249.568,0x100,8,00 3E B6 5A 10 25 47 79,speed=0.00
1779899249.672,0x200,8,D9 64 EE 03 A8 DD 53 81,fuel=100.00
1779899249.754,0x300,8,02 C9 A3 D0 D5 8D 6B 86,temp=42.00
1779899249.857,0x100,8,00 94 32 79 0D DD 2B 39,speed=0.00
1779899249.961,0x200,8,85 64 66 B9 7F 20 F8 10,fuel=100.00
1779899250.026,0x300,8,02 9B 7D 09 79 4F 04 7C,temp=42.00
1779899250.142,0x100,8,00 1D 89 D6 99 10 17 EB,speed=0.00
1779899250.215,0x200,8,6E 64 29 52 F8 A1 3D 86,fuel=100.00
1779899250.318,0x300,8,02 DF 14 95 B3 CA 9E 16,temp=42.00
1779899250.413,0x100,8,00 92 B4 67 FB 53 FB 1F,speed=0.00
1779899250.521,0x200,8,EA 64 3A 44 A5 C1 83 C2,fuel=100.00
1779899250.605,0x300,8,02 AA 2D FE A8 64 55 72,temp=42.00
1779899250.695,0x100,8,00 3F 97 66 71 CF DE 1A,speed=0.00
1779899250.787,0x200,8,DE 64 01 FF CF A0 EB 36,fuel=100.00
1779899250.892,0x300,8,02 D7 0A 1E 7E 45 40 0F,temp=42.00
1779899250.968,0x100,8,00 FE 95 EF A7 5A 38 88,speed=0.00
1779899251.063,0x200,8,09 64 97 6F D6 7A 62 B9,fuel=100.00
1779899251.161,0x300,8,02 51 AC 77 C0 45 82 3C,temp=42.00
1779899251.263,0x100,8,00 4A 57 EC 53 DC 7A D6,speed=0.00
1779899251.362,0x200,8,3D 64 DC 85 DC 37 04 AE,fuel=100.00
1779899251.451,0x300,8,02 10 C7 66 15 4D 52 E6,temp=42.00
1779899251.537,0x100,8,00 5D 05 C2 E5 34 6C 1C,speed=0.00
1779899251.623,0x200,8,74 64 CB B7 7C 44 75 0A,fuel=100.00
1779899251.717,0x300,8,02 00 EF AF 97 AC 50 21,temp=42.00
1779899251.835,0x100,8,00 76 43 9E 11 7A 25 5A,speed=0.00
1779899251.905,0x200,8,C1 64 A2 42 39 89 62 A6,fuel=100.00
1779899252.008,0x300,8,02 E8 E7 39 ED E8 8C 94,temp=42.00
1779899252.088,0x100,8,00 91 BD 87 95 39 72 19,speed=0.00
1779899252.194,0x200,8,A6 64 99 F0 34 E0 A5 8F,fuel=100.00
1779899252.294,0x300,8,02 6B 39 FA B8 DE 36 54,temp=42.00
1779899252.375,0x100,8,00 6D 7F D2 2C A8 94 D6,speed=0.00
1779899252.490,0x200,8,BC 64 12 78 11 76 0F 6A,fuel=100.00
1779899252.557,0x300,8,02 A1 83 FA C7 3C 29 14,temp=42.00
1779899252.667,0x100,8,00 5A 27 0B F7 37 02 D8,speed=0.00
1779899252.763,0x200,8,EB 64 1B 90 F0 CE 93 C6,fuel=100.00
1779899252.857,0x300,8,02 9C 15 99 49 DB AA 7B,temp=42.00
1779899252.947,0x100,8,00 57 E4 C4 72 DB B3 CF,speed=0.00
1779899253.036,0x200,8,74 64 5D 7B C5 BA E3 04,fuel=100.00
1779899253.137,0x300,8,02 2D FE 88 00 70 88 97,temp=42.00
1779899253.231,0x100,8,00 EB 2C BC D9 15 51 72,speed=0.00
1779899253.312,0x200,8,AE 64 47 5B 90 5E C6 15,fuel=100.00
1779899253.402,0x300,8,02 E5 73 5A 8D 58 77 EC,temp=42.00
1779899253.503,0x100,8,00 33 7E 92 8A 3B E6 49,speed=0.00
1779899253.604,0x200,8,DE 64 B8 5D 5B 20 21 54,fuel=100.00
1779899253.692,0x300,8,02 78 9E C4 9D 1B C8 98,temp=42.00
1779899253.781,0x100,8,00 D0 63 89 F0 AB 59 9D,speed=0.00
1779899253.868,0x200,8,3F 64 14 FF B3 19 3C 1A,fuel=100.00
1779899253.969,0x300,8,02 0A C9 04 5B 2B 95 BB,temp=42.00
1779899254.065,0x100,8,00 C2 A5 8C 7D 8E 31 48,speed=0.00
1779899254.154,0x200,8,7B 64 BF CA 55 2A 63 AB,fuel=100.00
1779899254.267,0x300,8,02 08 1B 60 A4 58 C5 CD,temp=42.00
1779899254.348,0x100,8,00 62 03 73 65 D5 A5 F2,speed=0.00
1779899254.449,0x200,8,CD 64 CB FF 23 5B C9 26,fuel=100.00
1779899254.545,0x300,8,02 B2 96 E6 60 B2 64 E3,temp=42.00
1779899254.633,0x100,8,00 72 64 57 32 EE 48 74,speed=0.00
1779899254.722,0x200,8,75 64 6A 85 41 BA BD B8,fuel=100.00
1779899254.814,0x300,8,02 71 00 35 00 82 24 45,temp=42.00
1779899254.927,0x100,8,00 F1 F2 94 A8 FA 4F CE,speed=0.00
1779899254.998,0x200,8,BC 64 A8 F2 C7 EB 1F 56,fuel=100.00
1779899255.092,0x300,8,02 51 F6 38 13 61 F4 4D,temp=42.00
1779899255.199,0x100,8,00 F5 E0 1D 9C 40 9B CF,speed=0.00
1779899255.280,0x200,8,09 64 64 B6 DA B9 A9 FA,fuel=100.00
1779899255.382,0x300,8,02 13 BC 51 80 24 BB 9B,temp=42.00
1779899255.475,0x100,8,00 DC 50 15 2F 53 C3 B1,speed=0.00
1779899255.559,0x200,8,C1 64 31 78 C7 F6 00 65,fuel=100.00
1779899255.654,0x300,8,02 C1 7D 0E DA 75 2D F2,temp=42.00
1779899255.745,0x100,8,00 B6 AE 3F 61 48 C8 B2,speed=0.00
1779899255.854,0x200,8,76 64 12 E6 D8 9C 7E 17,fuel=100.00
1779899255.936,0x300,8,02 92 5C 36 E5 B8 46 65,temp=42.00
1779899256.027,0x100,8,00 72 56 5C FE 1F E4 16,speed=0.00
1779899256.131,0x200,8,5F 64 68 73 7B 53 C9 05,fuel=100.00
1779899256.239,0x300,8,02 86 93 59 4E BC D5 D3,temp=42.00
1779899256.311,0x100,8,00 07 04 A5 2B 74 6F 40,speed=0.00
1779899256.419,0x200,8,21 64 D6 91 18 21 F2 44,fuel=100.00
1779899256.522,0x300,8,02 2C A4 6D 37 54 9F 50,temp=42.00
1779899256.595,0x100,8,00 BD EC D5 8D 04 4D F2,speed=0.00
1779899256.695,0x200,8,2F 64 17 B7 32 B1 EF 57,fuel=100.00
1779899256.797,0x300,8,02 6E D0 53 78 4B 8D CC,temp=42.00
1779899256.899,0x100,8,00 C5 1B A6 8A 22 65 E4,speed=0.00
1779899256.969,0x200,8,47 64 E4 08 6E 0C F8 D1,fuel=100.00
1779899257.068,0x300,8,02 72 3F D7 39 CC B6 A7,temp=42.00
1779899257.177,0x100,8,00 33 22 39 86 AD 51 C1,speed=0.00
1779899257.252,0x200,8,EF 64 E1 AE FF B9 93 B0,fuel=100.00
1779899257.359,0x300,8,02 B2 2F F8 F9 40 C1 06,temp=42.00
1779899257.462,0x100,8,00 EF 9C 2E BF C4 D6 8A,speed=0.00
1779899257.547,0x200,8,8A 64 51 54 09 D2 78 65,fuel=100.00
1779899257.693,0x300,8,02 5C 89 87 97 AC A0 53,temp=42.00
1779899257.751,0x100,8,00 69 9B 9C 39 A0 FA F9,speed=0.00
1779899257.839,0x200,8,3D 64 B7 2C A3 7F 27 26,fuel=100.00
1779899257.921,0x300,8,02 F8 1A E8 7C 92 8E C6,temp=42.00
1779899258.033,0x100,8,00 64 96 53 72 4F 76 D0,speed=0.00
1779899258.116,0x200,8,28 64 99 5B 62 95 27 53,fuel=100.00
1779899258.216,0x300,8,02 AC 8F 3F C0 F6 1C 0A,temp=42.00
1779899258.302,0x100,8,00 13 33 06 FD BA B6 39,speed=0.00
1779899258.417,0x200,8,A5 64 E2 7C 35 55 C9 12,fuel=100.00
1779899258.497,0x300,8,02 50 7F 24 8F D1 96 60,temp=42.00
1779899258.578,0x100,8,00 8F B1 74 53 77 E4 AE,speed=0.00
1779899258.697,0x200,8,F3 64 3E 15 94 20 BD 3D,fuel=100.00
1779899258.785,0x300,8,02 99 FB FA 37 F6 82 97,temp=42.00
1779899258.871,0x100,8,00 85 B1 CD 94 13 F3 AF,speed=0.00
1779899258.976,0x200,8,3B 64 38 EA 9C 38 16 04,fuel=100.00
1779899259.060,0x300,8,02 A7 D8 CB A4 D9 64 72,temp=42.00
1779899259.151,0x100,8,00 18 13 A3 68 80 28 87,speed=0.00
1779899259.246,0x200,8,6D 64 3E A5 CD BF AE 9B,fuel=100.00
1779899259.350,0x300,8,02 36 3C 55 85 6F 6F 5C,temp=42.00
1779899259.437,0x100,8,00 83 F5 C6 DE 33 8C 0E,speed=0.00
1779899259.509,0x200,8,D2 64 4D 73 30 9B 0D 56,fuel=100.00
1779899259.624,0x300,8,02 74 5B AC F7 71 4C 27,temp=42.00
1779899259.699,0x100,8,00 C4 B7 59 3E 45 AC A8,speed=0.00
1779899259.799,0x200,8,2A 64 7C 2A EB DD 0D 73,fuel=100.00
1779899259.903,0x300,8,02 E8 F6 73 5D BD 75 AB,temp=42.00
1779899260.010,0x100,8,00 34 A1 DF 21 1E 60 D1,speed=0.00
1779899260.080,0x200,8,34 64 A2 3D 38 05 7B D9,fuel=100.00
1779899260.173,0x300,8,02 A7 BB 1D E4 07 9A 47,temp=42.00
1779899260.259,0x100,8,00 9F D4 EF 87 6C 37 10,speed=0.00
1779899260.363,0x200,8,34 64 10 C4 11 57 D0 2C,fuel=100.00
1779899260.457,0x300,8,02 62 BF 65 AA 1D 99 5F,temp=42.00
1779899260.576,0x100,8,00 F9 95 31 25 B6 02 3D,speed=0.00
1779899260.648,0x200,8,67 64 0F 38 BF 57 D1 B3,fuel=100.00
1779899260.758,0x300,8,02 D8 F2 29 47 FA 47 90,temp=42.00
1779899260.827,0x100,8,00 DC 9A B3 9E 20 C1 B8,speed=0.00
1779899260.920,0x200,8,EC 64 5B AB 9A 45 68 7D,fuel=100.00
1779899261.011,0x300,8,02 DC 76 57 60 17 28 26,temp=42.00
1779899261.116,0x100,8,00 15 3F 2C 51 3B F2 8D,speed=0.00
1779899261.202,0x200,8,B9 64 E0 DE 64 5B DB 2E,fuel=100.00
1779899261.291,0x300,8,02 34 EB BB 6C BB BA 56,temp=42.00
1779899261.389,0x100,8,00 AF 3F F5 99 D9 59 1B,speed=0.00
1779899261.500,0x200,8,FF 64 75 F6 AE 3F 32 B5,fuel=100.00
1779899261.576,0x300,8,02 7F 69 6C E7 E8 83 F0,temp=42.00
1779899261.676,0x100,8,00 26 FE E1 F7 DC D4 A4,speed=0.00
1779899261.775,0x200,8,35 64 2A 74 3B 15 FE 2B,fuel=100.00
1779899261.871,0x300,8,02 2B A0 62 64 9B 20 3A,temp=42.00
1779899261.963,0x100,8,00 85 34 54 A6 A8 C7 F2,speed=0.00
1779899262.086,0x200,8,E7 64 10 58 50 6C 5B E4,fuel=100.00
1779899262.179,0x300,8,02 31 E6 7A F5 08 BB 7F,temp=42.00
1779899262.255,0x100,8,00 E4 C4 F4 07 29 30 59,speed=0.00
1779899262.354,0x200,8,15 64 D8 22 D3 11 E5 8D,fuel=100.00
1779899262.448,0x300,8,02 C8 B4 3C 05 77 CB 71,temp=42.00
1779899262.525,0x100,8,00 E3 C1 5C 35 56 85 40,speed=0.00
1779899262.624,0x200,8,B8 64 DF E2 12 E0 37 C4,fuel=100.00
1779899262.725,0x300,8,02 5A F9 9F CD D9 47 30,temp=42.00
1779899262.823,0x100,8,00 D4 C5 81 D7 BA AB 37,speed=0.00
1779899262.933,0x200,8,62 64 54 10 66 CF A3 C5,fuel=100.00
1779899263.006,0x300,8,02 8B B9 8C 32 A6 05 7B,temp=42.00
1779899263.094,0x100,8,00 12 4F C1 AD 5A 7E 3B,speed=0.00
1779899263.197,0x200,8,DE 64 A2 68 D6 F1 DF 0A,fuel=100.00
1779899263.306,0x300,8,02 EB D1 AD 01 FE 8C A2,temp=42.00
1779899263.370,0x100,8,00 FD 72 46 9F 26 46 1E,speed=0.00
1779899263.482,0x200,8,E5 64 DC C1 53 1A 41 46,fuel=100.00
1779899263.563,0x300,8,02 6C E5 CA 0E A6 BB 55,temp=42.00
1779899263.668,0x100,8,00 76 77 71 54 C7 1F 9A,speed=0.00
1779899263.759,0x200,8,02 64 4B B3 A8 3E E8 4F,fuel=100.00
1779899263.878,0x300,8,02 D2 28 ED 28 27 A0 B8,temp=42.00
1779899263.972,0x100,8,00 7E BB 73 B3 D5 57 04,speed=0.00
1779899264.041,0x200,8,A6 64 81 73 8A 66 4B 18,fuel=100.00
1779899264.142,0x300,8,02 4C 46 8F 9E B8 9C 3F,temp=42.00
1779899264.257,0x100,8,00 64 37 ED D0 00 7E 6D,speed=0.00
1779899264.342,0x200,8,02 64 B8 A5 40 29 AC 4F,fuel=100.00
1779899264.437,0x300,8,02 D1 1C C8 1D 54 29 7B,temp=42.00
1779899264.519,0x100,8,00 55 8B 83 AE 48 25 0A,speed=0.00
1779899264.618,0x200,8,D6 64 C4 2B D3 2B 81 B9,fuel=100.00
1779899264.713,0x300,8,02 38 7B 66 CE A5 95 9C,temp=42.00
1779899264.792,0x100,8,00 80 02 73 B8 6E FF 80,speed=0.00
1779899264.907,0x200,8,B8 64 7D 60 B1 86 65 E3,fuel=100.00
1779899265.012,0x300,8,02 25 47 82 56 8C 4E 30,temp=42.00
1779899265.189,0x100,8,00 0C A4 45 F3 EA BD 23,speed=0.00
1779899265.275,0x200,8,89 64 EC 4D B9 06 E1 04,fuel=100.00
1779899265.356,0x300,8,02 11 08 FE DF 8A 86 23,temp=42.00
1779899265.498,0x100,8,00 D6 91 E9 B8 3D 80 01,speed=0.00
1779899265.562,0x200,8,95 64 86 2C D0 7E 45 80,fuel=100.00
1779899265.655,0x300,8,02 BD 88 6C 16 73 37 E4,temp=42.00
1779899265.735,0x100,8,00 70 7B AF 7A A5 DC 52,speed=0.00
1779899265.834,0x200,8,5B 64 F9 83 2A 51 1D D9,fuel=100.00
1779899265.922,0x300,8,02 2A DF 2E 8E E5 A6 8C,temp=42.00
1779899266.013,0x100,8,00 CB BC 3C BF 3D 13 1F,speed=0.00
1779899266.117,0x200,8,B4 64 89 D1 4B B3 91 77,fuel=100.00
1779899266.219,0x300,8,02 1A 32 42 57 9A 33 5B,temp=42.00
1779899266.318,0x100,8,00 AD 46 93 06 95 CC 98,speed=0.00
1779899266.403,0x200,8,25 64 4B FF 82 56 1D 32,fuel=100.00
1779899266.511,0x300,8,02 C8 E0 94 F4 2E 90 B2,temp=42.00
1779899266.587,0x100,8,00 A2 5F D3 B6 8B 51 35,speed=0.00
1779899266.667,0x200,8,C4 64 5D D3 59 77 40 1F,fuel=100.00
1779899266.775,0x300,8,02 B9 02 51 40 05 DB A3,temp=42.00
1779899266.883,0x100,8,00 46 A0 42 AA 54 D5 3C,speed=0.00
1779899266.962,0x200,8,A8 64 EE 2C 4B 52 EA A1,fuel=100.00
1779899267.043,0x300,8,02 A2 8B 61 73 34 55 D2,temp=42.00
1779899267.142,0x100,8,00 83 95 71 32 A2 91 6A,speed=0.00
1779899267.232,0x200,8,43 64 D5 20 B6 D1 76 90,fuel=100.00
1779899267.330,0x300,8,02 D4 9D 23 E6 6B 26 11,temp=42.00
1779899267.428,0x100,8,00 DD 63 0E 1D D4 3E 86,speed=0.00
1779899267.510,0x200,8,33 64 11 6F 5D 6C D4 3A,fuel=100.00
1779899267.604,0x300,8,02 E5 5D 0D 2E 1F 18 50,temp=42.00
1779899267.709,0x100,8,00 B1 A8 D1 68 56 22 44,speed=0.00
1779899267.793,0x200,8,0D 64 6F 82 38 E5 BE EF,fuel=100.00
1779899267.897,0x300,8,02 79 FF A6 B6 34 4F F0,temp=42.00
1779899267.993,0x100,8,00 0B 6F 73 EB C9 CA 74,speed=0.00
1779899268.077,0x200,8,74 64 78 4A 76 60 64 53,fuel=100.00
1779899268.168,0x300,8,02 EF 17 1E 39 E3 5C 96,temp=42.00
1779899268.259,0x100,8,00 53 F2 86 E3 A0 79 83,speed=0.00
1779899268.352,0x200,8,AA 64 9B 19 4E F6 14 6A,fuel=100.00
1779899268.467,0x300,8,02 E7 A3 A6 AB 8D 7B F7,temp=42.00
1779899268.543,0x100,8,00 C3 79 E4 5A D4 E2 AD,speed=0.00
1779899268.657,0x200,8,C4 64 21 47 E3 94 2F ED,fuel=100.00
1779899268.749,0x300,8,02 B7 4A BB 95 1E 08 9B,temp=42.00
1779899268.844,0x100,8,00 88 C5 61 3D 5C 82 52,speed=0.00
1779899268.930,0x200,8,7D 64 9F 4C 3A 7A 52 37,fuel=100.00
1779899269.032,0x300,8,02 9C A6 43 59 A0 88 36,temp=42.00
1779899269.114,0x100,8,00 A5 CF C5 79 98 41 76,speed=0.00
1779899269.221,0x200,8,44 64 65 9D FF DB 41 3E,fuel=100.00
1779899269.342,0x300,8,02 63 9B F4 09 68 F3 B7,temp=42.00
1779899269.418,0x100,8,00 43 1D C6 D5 3A 21 BC,speed=0.00
1779899269.499,0x200,8,19 64 34 1D 79 37 5C A4,fuel=100.00
1779899269.596,0x300,8,02 2A 56 C6 E5 DD 1F 30,temp=42.00
1779899269.665,0x100,8,00 B4 B8 2B BB 05 3F 0C,speed=0.00
1779899269.787,0x200,8,70 64 AE 78 1C 53 D1 27,fuel=100.00
1779899269.856,0x300,8,02 AD 43 D9 A0 05 F8 75,temp=42.00
1779899269.969,0x100,8,00 C4 12 DF A0 95 A0 4C,speed=0.00
1779899270.066,0x200,8,7C 64 BA F7 92 66 6A E3,fuel=100.00
1779899270.163,0x300,8,02 10 6B 8C 33 78 A6 B8,temp=42.00
1779899270.238,0x100,8,00 0A B2 29 EC BF 5C 01,speed=0.00
1779899270.334,0x200,8,4A 64 0A CD 26 E9 46 D1,fuel=100.00
1779899270.418,0x300,8,02 80 54 B1 77 0B E4 C5,temp=42.00
1779899270.519,0x100,8,00 0C CC 8D AB FF 41 B1,speed=0.00
1779899270.630,0x200,8,D3 64 09 BD 1A 35 ED F6,fuel=100.00
1779899270.722,0x300,8,02 0A 66 D9 C9 AD 75 31,temp=42.00
1779899270.822,0x100,8,00 03 CB 1E 91 0A CE B2,speed=0.00
1779899270.903,0x200,8,B8 64 F8 20 83 BC B0 80,fuel=100.00
1779899271.008,0x300,8,02 EE 65 37 85 2E 84 16,temp=42.00
1779899271.090,0x100,8,00 D0 F1 CE 1F 85 9A 19,speed=0.00
1779899271.168,0x200,8,91 64 71 CE A2 27 30 BA,fuel=100.00
1779899271.281,0x300,8,02 C5 D8 4D 6D 2E A6 3B,temp=42.00
1779899271.359,0x100,8,00 CB B2 46 8D A0 61 DC,speed=0.00
1779899271.463,0x200,8,6C 64 96 F6 9C 02 BB 18,fuel=100.00
1779899271.566,0x300,8,02 99 56 5C 92 F4 C0 E6,temp=42.00
1779899271.658,0x100,8,00 A1 3D A1 C1 D6 B3 A0,speed=0.00
1779899271.746,0x200,8,A2 64 AD 0F B4 4F 10 30,fuel=100.00
1779899271.849,0x300,8,02 AF 1A 95 15 57 CB DD,temp=42.00
1779899271.936,0x100,8,00 3A 37 EE DC 5A 70 65,speed=0.00
1779899272.013,0x200,8,E4 64 AC 00 FE CC 04 35,fuel=100.00
1779899272.129,0x300,8,02 83 1E 73 30 BE AE 8B,temp=42.00
1779899272.203,0x100,8,00 B7 40 0F 44 9F A5 9D,speed=0.00
1779899272.314,0x200,8,CD 64 55 66 50 A7 6B 15,fuel=100.00
1779899272.397,0x300,8,02 8A 95 B2 AF 0C DA FC,temp=42.00
1779899272.510,0x100,8,00 87 B8 FF B4 79 51 5E,speed=0.00
1779899272.596,0x200,8,E6 64 06 D7 7D 5D BB 31,fuel=100.00
1779899272.696,0x300,8,02 B2 DE C8 B8 8D 93 B2,temp=42.00
1779899272.760,0x100,8,00 E2 74 DE 24 B1 0C 04,speed=0.00
1779899272.859,0x200,8,8C 64 92 50 48 C4 C9 EB,fuel=100.00
1779899272.958,0x300,8,02 5C 06 9F E0 C2 93 13,temp=42.00
1779899273.044,0x100,8,00 08 AE 38 95 BE C0 F8,speed=0.00
1779899273.152,0x200,8,5C 64 B8 0F 42 FF 14 74,fuel=100.00
1779899273.238,0x300,8,02 9A 38 10 6A D3 85 C3,temp=42.00
1779899273.330,0x100,8,00 11 DF D7 AC 22 48 2E,speed=0.00
1779899273.434,0x200,8,BC 64 30 3D 37 A7 4D EA,fuel=100.00
1779899273.555,0x300,8,02 CB D5 28 DC E2 B6 AA,temp=42.00
1779899273.615,0x100,8,00 CA FA 2D D4 20 68 2A,speed=0.00
1779899273.718,0x200,8,28 64 A6 6A 42 14 EB 2B,fuel=100.00
1779899273.806,0x300,8,02 85 9D 5E 22 9D 02 E8,temp=42.00
1779899273.916,0x100,8,00 F1 F9 C8 7E 4C B7 E3,speed=0.00
1779899273.999,0x200,8,B7 64 29 B9 1A F3 82 8A,fuel=100.00
1779899274.082,0x300,8,02 61 AF 96 4B 6C C8 CB,temp=42.00
1779899274.190,0x100,8,00 81 1B 6A D9 76 94 EF,speed=0.00
1779899274.265,0x200,8,07 64 C4 9C D5 2D C9 2E,fuel=100.00
1779899274.379,0x300,8,02 57 CD B3 8E E0 55 39,temp=42.00
1779899274.451,0x100,8,00 11 43 92 43 63 28 54,speed=0.00
1779899274.562,0x200,8,2F 64 35 1E 70 7F 02 82,fuel=100.00
1779899274.643,0x300,8,02 F2 6B B9 A4 29 D2 9B,temp=42.00
1779899274.751,0x100,8,00 13 23 86 F6 CD 27 25,speed=0.00
1779899274.848,0x200,8,8F 64 BA 2D 80 5E D0 68,fuel=100.00
1779899274.949,0x300,8,02 0F D4 33 17 0F D7 D9,temp=42.00
1779899275.030,0x100,8,00 4D F5 BD 88 A6 00 C4,speed=0.00
1779899275.111,0x200,8,B3 64 00 28 77 CE BF 1B,fuel=100.00
1779899275.210,0x300,8,02 F9 E0 CA A4 BE 95 8B,temp=42.00
1779899275.301,0x100,8,00 AF 73 03 EE BE 9B BE,speed=0.00
1779899275.395,0x200,8,5B 64 F9 68 C6 7B 42 9C,fuel=100.00
1779899275.513,0x300,8,02 35 3A 49 D8 ED 23 65,temp=42.00
1779899275.588,0x100,8,00 6C AB F2 44 8C 45 D7,speed=0.00
1779899275.671,0x200,8,79 64 2D 9D 43 27 D3 82,fuel=100.00
1779899275.786,0x300,8,02 A9 E6 19 D6 8E 70 98,temp=42.00
1779899275.861,0x100,8,00 EC 57 25 CE 64 2B 49,speed=0.00
1779899275.969,0x200,8,05 64 BB 75 CE ED 32 A0,fuel=100.00
1779899276.053,0x300,8,02 D0 F8 57 4A C3 ED 51,temp=42.00
1779899276.172,0x100,8,00 3A 99 E6 9A C5 57 EC,speed=0.00
1779899276.249,0x200,8,F1 64 42 85 EF 38 95 5A,fuel=100.00
1779899276.347,0x300,8,02 33 AE 09 20 05 7D 91,temp=42.00
1779899276.421,0x100,8,00 BF 9D 14 C6 49 CC 0A,speed=0.00
1779899276.544,0x200,8,FB 64 02 35 DC 82 99 8C,fuel=100.00
1779899276.625,0x300,8,02 1D BB 74 6D 1F 4B 8F,temp=42.00
1779899276.710,0x100,8,00 A3 F7 BE 14 EA B5 7D,speed=0.00
1779899276.808,0x200,8,DF 64 F2 B0 61 0A A0 26,fuel=100.00
1779899276.909,0x300,8,02 F7 3C 69 B1 9E E3 61,temp=42.00
1779899277.012,0x100,8,00 DA 66 65 61 98 5F 66,speed=0.00
1779899277.085,0x200,8,8C 64 6A 3F 1D F2 60 16,fuel=100.00
1779899277.193,0x300,8,02 F8 B2 3D 75 FA 99 01,temp=42.00
1779899277.266,0x100,8,00 C0 4F 91 FB 9A A8 39,speed=0.00
1779899277.361,0x200,8,86 64 60 CD FC 68 95 D4,fuel=100.00
1779899277.478,0x300,8,02 37 23 92 80 E6 00 66,temp=42.00
1779899277.568,0x100,8,00 13 B5 6B 34 F9 13 8C,speed=0.00
1779899277.696,0x200,8,D1 64 BA 3C C7 36 1F 8D,fuel=100.00
1779899277.757,0x300,8,02 46 FA EF E3 16 9D 0E,temp=42.00
1779899277.830,0x100,8,00 AC 8B 66 CD A2 00 E1,speed=0.00
1779899277.936,0x200,8,6C 64 1F AE DA D9 83 53,fuel=100.00
1779899278.024,0x300,8,02 C2 C4 C4 6F BB D6 0B,temp=42.00
1779899278.133,0x100,8,00 E7 CC 56 83 DA 18 56,speed=0.00
1779899278.222,0x200,8,6F 64 E4 39 26 87 B2 2A,fuel=100.00
1779899278.299,0x300,8,02 40 5D A5 AA A3 79 03,temp=42.00
1779899278.420,0x100,8,00 20 CB DA FB C2 09 6C,speed=0.00
1779899278.490,0x200,8,02 64 23 FE D6 7B 22 07,fuel=100.00
1779899278.578,0x300,8,02 7A CC A8 41 3A B0 78,temp=42.00
1779899278.676,0x100,8,00 18 73 47 58 C9 4C 8D,speed=0.00
1779899278.777,0x200,8,81 64 32 60 02 AF AF FC,fuel=100.00
1779899278.880,0x300,8,02 25 90 34 D7 BC E2 2B,temp=42.00
1779899278.953,0x100,8,00 D1 11 F6 32 F0 31 06,speed=0.00
1779899279.044,0x200,8,3C 64 78 DF 8C D3 4C 00,fuel=100.00
1779899279.150,0x300,8,02 F5 9E 81 6D 49 8B 59,temp=42.00
1779899279.264,0x100,8,00 53 94 3D 54 5B 59 D7,speed=0.00
1779899279.331,0x200,8,CD 64 31 D4 7E 6A 4C 65,fuel=100.00
1779899279.429,0x300,8,02 D0 4A 00 02 5D 9F 00,temp=42.00
1779899279.531,0x100,8,00 98 C3 64 1E 15 41 C3,speed=0.00
1779899279.616,0x200,8,10 64 70 FC FD B0 D1 45,fuel=100.00
1779899279.712,0x300,8,02 29 22 A9 98 02 1E BD,temp=42.00
1779899279.816,0x100,8,00 62 E1 75 25 A3 CA 76,speed=0.00
1779899279.893,0x200,8,EC 64 DD BE 9F 08 AB 52,fuel=100.00
1779899280.017,0x300,8,02 86 2E A2 EE 0C E0 4A,temp=42.00
1779899280.100,0x100,8,00 59 AB EC C4 F3 BB C4,speed=0.00
1779899280.183,0x200,8,7F 64 34 9D F8 27 3C C0,fuel=100.00
1779899280.262,0x300,8,02 92 F2 16 6F 2E BE 46,temp=42.00
1779899280.360,0x100,8,00 5E 51 38 CC 3F 65 F1,speed=0.00
1779899280.454,0x200,8,92 64 F0 E7 EB F5 96 69,fuel=100.00
1779899280.550,0x300,8,02 AC A3 1F 83 0F 99 F9,temp=42.00
1779899280.661,0x100,8,00 9E 3C 1D F2 04 D7 FE,speed=0.00
1779899280.756,0x200,8,CF 64 0A 2E 69 ED 08 27,fuel=100.00
1779899280.846,0x300,8,02 BC D7 30 71 22 41 81,temp=42.00
1779899280.922,0x100,8,00 80 74 79 03 CA C8 B6,speed=0.00
1779899281.044,0x200,8,C7 64 CE E3 A9 19 21 D5,fuel=100.00
1779899281.122,0x300,8,02 22 F3 29 B5 01 FA D0,temp=42.00
1779899281.216,0x100,8,00 80 65 FA 04 1D 73 24,speed=0.00
1779899281.310,0x200,8,80 64 1D BD 16 D6 23 6A,fuel=100.00
1779899281.401,0x300,8,02 FB F3 00 E6 08 C9 00,temp=42.00
1779899281.493,0x100,8,00 E6 A5 69 5C 50 0B 81,speed=0.00
1779899281.575,0x200,8,F6 64 70 B0 8C 4D D6 F0,fuel=100.00
1779899281.695,0x300,8,02 AA 56 18 56 47 75 3E,temp=42.00
1779899281.761,0x100,8,00 35 A6 0B 89 58 6C 88,speed=0.00
1779899281.867,0x200,8,2D 64 90 5B 5E DB 5D 65,fuel=100.00
1779899281.967,0x300,8,02 E2 29 A1 AD 63 CA BE,temp=42.00
1779899282.050,0x100,8,00 13 BC DB AA 79 86 24,speed=0.00
1779899282.138,0x200,8,95 64 8F AA BB B4 8B DA,fuel=100.00
1779899282.250,0x300,8,02 33 38 AF CD 2C B2 EA,temp=42.00
1779899282.326,0x100,8,00 7C 50 A2 F8 7E EF 4C,speed=0.00
1779899282.437,0x200,8,C2 64 EE A0 45 D4 1D 4A,fuel=100.00
1779899282.535,0x300,8,02 5E 75 8B 36 2C C8 E8,temp=42.00
1779899282.612,0x100,8,00 DB F9 E6 97 A3 7B 71,speed=0.00
1779899282.711,0x200,8,61 64 0F 32 07 06 0A EA,fuel=100.00
1779899282.798,0x300,8,02 53 4C 75 12 36 61 9E,temp=42.00
1779899282.894,0x100,8,00 EF 4D EA 67 FC 77 D8,speed=0.00
1779899282.998,0x200,8,E1 64 F9 75 44 2E CC 92,fuel=100.00
1779899283.086,0x300,8,02 0A C3 74 23 4B D9 ED,temp=42.00
1779899283.193,0x100,8,00 48 C2 90 0F 0F BA C6,speed=0.00
1779899283.261,0x200,8,0D 64 27 80 0F 18 D9 AC,fuel=100.00
1779899283.368,0x300,8,02 FB F8 A4 E3 27 C6 00,temp=42.00
1779899283.485,0x100,8,00 9D 1F 88 19 7C 31 30,speed=0.00
1779899283.549,0x200,8,D7 64 C7 75 0A 39 15 6F,fuel=100.00
1779899283.645,0x300,8,02 5D F8 3D 7B BA E4 0D,temp=42.00
1779899283.745,0x100,8,00 7F 73 0A EF A5 AA A4,speed=0.00
1779899283.839,0x200,8,EF 64 91 99 A9 7A 85 87,fuel=100.00
1779899283.939,0x300,8,02 F9 E3 13 C7 C4 E2 C0,temp=42.00
1779899284.027,0x100,8,00 12 27 3D 00 1F 3F 0A,speed=0.00
1779899284.115,0x200,8,15 64 9D 49 92 DB 15 1D,fuel=100.00
1779899284.212,0x300,8,02 ED 00 87 18 21 E1 92,temp=42.00
1779899284.291,0x100,8,00 22 54 25 C5 E6 74 CD,speed=0.00
1779899284.397,0x200,8,87 64 F6 92 B7 BC 1A F5,fuel=100.00
1779899284.484,0x300,8,02 16 2E AE CE 36 FD FE,temp=42.00
1779899284.585,0x100,8,00 14 AA DC BF 5D A3 BD,speed=0.00
1779899284.669,0x200,8,70 64 C7 2E E5 59 AD 41,fuel=100.00
1779899284.772,0x300,8,02 57 1C BE 41 70 A7 F3,temp=42.00
1779899284.870,0x100,8,00 DF D3 9E 5E 78 3B 29,speed=0.00
1779899284.962,0x200,8,97 64 35 16 93 45 7F 73,fuel=100.00
1779899285.048,0x300,8,02 EB 37 17 80 2D B1 35,temp=42.00
1779899285.149,0x100,8,00 1B EE 73 0E 66 0C 16,speed=0.00
1779899285.231,0x200,8,38 64 E6 54 66 33 7A 69,fuel=100.00
1779899285.326,0x300,8,02 BD 0C 54 BE 8F 31 77,temp=42.00
1779899285.433,0x100,8,00 EE 45 82 C2 C0 80 05,speed=0.00
1779899285.512,0x200,8,04 64 95 F9 CF 25 BA E3,fuel=100.00
1779899285.620,0x300,8,02 84 0B 17 1C 9C DC 36,temp=42.00
1779899285.726,0x100,8,00 BE 57 A3 4D 39 FD CF,speed=0.00
1779899285.803,0x200,8,18 64 1B AC 7F A0 D9 84,fuel=100.00
1779899285.906,0x300,8,02 C5 D8 AE 18 58 6C 2D,temp=42.00
1779899285.993,0x100,8,00 94 8C F5 74 12 04 B1,speed=0.00
1779899286.073,0x200,8,CF 64 AA F1 76 AA 03 20,fuel=100.00
1779899286.172,0x300,8,02 6F B3 D8 D9 13 D1 76,temp=42.00
1779899286.264,0x100,8,00 B6 36 22 1C AA 28 D3,speed=0.00
1779899286.356,0x200,8,5B 64 EF 3F 29 E0 EC 54,fuel=100.00
1779899286.467,0x300,8,02 E8 9E F9 69 46 93 77,temp=42.00
1779899286.562,0x100,8,00 74 84 A4 54 C4 B9 BC,speed=0.00
1779899286.645,0x200,8,86 64 89 4F D0 5E 1B 56,fuel=100.00
1779899286.742,0x300,8,02 14 0A 39 D3 FF A5 C3,temp=42.00
1779899286.823,0x100,8,00 B1 70 08 7E 21 6E E6,speed=0.00
1779899286.935,0x200,8,83 64 DC E6 C7 41 4D 7F,fuel=100.00
1779899287.019,0x300,8,02 2C F6 CE 9A 4D 64 20,temp=42.00
1779899287.115,0x100,8,00 81 00 24 C9 EA D2 3F,speed=0.00
1779899287.221,0x200,8,12 64 11 62 F9 81 C2 C0,fuel=100.00
1779899287.308,0x300,8,02 2C 5D 5D B1 69 E0 77,temp=42.00
1779899287.392,0x100,8,00 FB 04 15 E8 09 E9 75,speed=0.00
1779899287.508,0x200,8,6D 64 10 F4 96 15 43 2F,fuel=100.00
1779899287.594,0x300,8,02 74 70 D6 FA 58 C3 C5,temp=42.00
1779899287.695,0x100,8,00 E4 48 45 4D D4 55 54,speed=0.00
1779899287.776,0x200,8,33 64 AA 6A 0E EA A0 77,fuel=100.00
1779899287.863,0x300,8,02 BB 83 3C DF D5 26 6B,temp=42.00
1779899287.950,0x100,8,00 89 1D 89 AB C6 73 77,speed=0.00
1779899288.059,0x200,8,DC 64 33 25 62 AD 94 C6,fuel=100.00
1779899288.153,0x300,8,02 92 DF 8D 32 BA DA AE,temp=42.00
1779899288.240,0x100,8,00 A2 DD 25 BA 94 E4 75,speed=0.00
1779899288.363,0x200,8,DA 64 C4 71 C2 B5 DB 19,fuel=100.00
1779899288.417,0x300,8,02 6E AB BD 5D A3 BD CA,temp=42.00
1779899288.540,0x100,8,00 AA 86 A5 A8 66 A3 56,speed=0.00
1779899288.610,0x200,8,50 64 10 0E 92 FB BE 9F,fuel=100.00
1779899288.707,0x300,8,02 8B B5 ED 76 E9 A5 64,temp=42.00
1779899288.790,0x100,8,00 D4 25 58 52 66 A4 23,speed=0.00
1779899288.892,0x200,8,22 64 9E B4 DF F9 E3 B6,fuel=100.00
1779899288.981,0x300,8,02 3A 21 FE 17 5D 4E CF,temp=42.00
1779899289.093,0x100,8,00 16 2E 62 77 59 42 30,speed=0.00
1779899289.168,0x200,8,ED 64 A2 D0 80 07 B8 C0,fuel=100.00
1779899289.267,0x300,8,02 79 5F DD AB C1 10 29,temp=42.00
1779899289.356,0x100,8,00 E5 67 5D C3 62 10 C7,speed=0.00
1779899289.460,0x200,8,24 64 51 C2 11 4D 6D B7,fuel=100.00
1779899289.550,0x300,8,02 6E 48 80 B9 4A 7D 35,temp=42.00
1779899289.640,0x100,8,00 CD 0D 78 D9 0C 56 E3,speed=0.00
1779899289.749,0x200,8,34 64 B1 06 0E 1D EE 20,fuel=100.00
1779899289.834,0x300,8,02 AC 1E 1A D3 86 03 AA,temp=42.00
1779899289.926,0x100,8,00 57 71 E2 5B 52 95 E8,speed=0.00
1779899290.013,0x200,8,45 64 07 36 06 A3 CA 9D,fuel=100.00
1779899290.102,0x300,8,02 0D D1 ED 05 34 B6 5A,temp=42.00
1779899290.208,0x100,8,00 00 66 71 66 D7 89 EE,speed=0.00
1779899290.301,0x200,8,2C 64 28 EB 48 1B 66 85,fuel=100.00
1779899290.389,0x300,8,02 36 5B 4B 9E 81 31 01,temp=42.00
1779899290.493,0x100,8,00 23 F7 3E 97 E9 6B 07,speed=0.00
1779899290.583,0x200,8,AD 64 B5 2B EB FD 6D E9,fuel=100.00
1779899290.666,0x300,8,02 78 66 58 AA 5A D6 42,temp=42.00
1779899290.770,0x100,8,00 5E 1B CD AA 66 B7 0F,speed=0.00
1779899290.857,0x200,8,35 64 32 CF 61 06 10 BA,fuel=100.00
1779899290.949,0x300,8,02 D7 C4 6D 55 BB 70 C6,temp=42.00
1779899291.066,0x100,8,00 F0 0A A5 C7 EA 36 76,speed=0.00
1779899291.139,0x200,8,F2 64 5D 6F 6F C0 02 D0,fuel=100.00
1779899291.229,0x300,8,02 DD 6D E7 A2 C0 F7 62,temp=42.00
1779899291.338,0x100,8,00 0A 63 AC F1 BC 1F 08,speed=0.00
1779899291.426,0x200,8,F1 64 CF 47 6E E8 51 47,fuel=100.00
1779899291.530,0x300,8,02 A3 85 6F F2 AD 71 43,temp=42.00
1779899291.619,0x100,8,00 7F 0D DC 62 51 57 AC,speed=0.00
1779899291.708,0x200,8,38 64 F1 EC 80 97 FC BE,fuel=100.00
1779899291.794,0x300,8,02 27 59 5C C3 48 F5 93,temp=42.00
1779899291.886,0x100,8,00 0D E9 CE AA C8 0F 64,speed=0.00
1779899291.996,0x200,8,45 64 34 96 AC 3F F1 DF,fuel=100.00
1779899292.083,0x300,8,02 6B 3F F6 48 8B 01 28,temp=42.00
1779899292.175,0x100,8,00 05 A5 91 58 6F E4 C3,speed=0.00
1779899292.295,0x200,8,DA 64 D7 04 2A 2A C8 5A,fuel=100.00
1779899292.356,0x300,8,02 FB 3F 6D 87 C4 7A A1,temp=42.00
1779899292.447,0x100,8,00 74 A9 4E DB 60 39 A7,speed=0.00
1779899292.560,0x200,8,31 64 08 D8 21 AA BB A0,fuel=100.00
1779899292.659,0x300,8,02 4C 90 BE 76 71 62 5A,temp=42.00
1779899292.746,0x100,8,00 FA BB 15 88 34 9D 5F,speed=0.00
1779899292.849,0x200,8,77 64 50 9A 18 38 20 B2,fuel=100.00
1779899292.940,0x300,8,02 AA 3C 3B F6 BF 8D B2,temp=42.00
1779899293.038,0x100,8,00 66 A1 46 28 FC 29 7B,speed=0.00
1779899293.134,0x200,8,38 64 FC 7B B5 ED E7 03,fuel=100.00
1779899293.201,0x300,8,02 B4 8A 58 96 F0 31 EC,temp=42.00
1779899293.310,0x100,8,00 90 CB CE B5 C2 BB 1D,speed=0.00
1779899293.400,0x200,8,D2 64 CF 2C 48 C5 85 28,fuel=100.00
1779899293.505,0x300,8,02 5E 6D 9F 0C 89 5B 5D,temp=42.00
1779899293.592,0x100,8,00 DB F3 69 A9 32 09 55,speed=0.00
1779899293.673,0x200,8,8E 64 8C 03 E9 3B 03 E1,fuel=100.00
1779899293.780,0x300,8,02 2D 25 12 6B C0 5A EC,temp=42.00
1779899293.866,0x100,8,00 75 EE 3E B6 2C 0C 56,speed=0.00
1779899293.957,0x200,8,1D 64 F1 B9 1B E2 BA 33,fuel=100.00
1779899294.048,0x300,8,02 54 F5 D7 CF E6 79 D7,temp=42.00
1779899294.138,0x100,8,00 59 B4 99 F7 72 F6 81,speed=0.00
1779899294.256,0x200,8,17 64 03 11 B1 86 0C 9E,fuel=100.00
1779899294.341,0x300,8,02 6E 3C 95 33 EB E9 64,temp=42.00
1779899294.420,0x100,8,00 EE A2 92 4B C5 C9 4A,speed=0.00
1779899294.526,0x200,8,E8 64 43 62 0E 2B D9 5C,fuel=100.00
1779899294.630,0x300,8,02 CC DE 68 B8 5D 6D 84,temp=42.00
1779899294.718,0x100,8,00 E8 15 32 C0 31 37 31,speed=0.00
1779899294.805,0x200,8,85 64 CA A2 CC 67 B6 C6,fuel=100.00
1779899294.902,0x300,8,02 24 8E 95 48 60 43 4F,temp=42.00
1779899294.979,0x100,8,00 F6 FD F5 16 B4 68 38,speed=0.00
1779899295.086,0x200,8,B4 64 3D 94 6F 88 04 2F,fuel=100.00
1779899295.189,0x300,8,02 5E B1 37 9C D4 76 76,temp=42.00
1779899295.275,0x100,8,00 33 63 13 9F D8 FF 53,speed=0.00
1779899295.360,0x200,8,62 64 03 2C 04 5F CB BE,fuel=100.00
1779899295.448,0x300,8,02 CB 24 05 41 65 A4 49,temp=42.00
1779899295.592,0x100,8,00 F0 CB 1A D9 38 D2 5D,speed=0.00
1779899295.643,0x200,8,EB 64 63 3D 66 6F 51 F2,fuel=100.00
1779899295.779,0x300,8,02 E1 8D D6 7E 43 F1 54,temp=42.00
1779899295.851,0x100,8,00 67 4D B8 6B 77 07 2E,speed=0.00
1779899295.927,0x200,8,5D 64 EC 3E 68 0A 55 ED,fuel=100.00
1779899296.031,0x300,8,02 7C 68 04 68 10 0F 36,temp=42.00
1779899296.136,0x100,8,00 6F A2 34 B8 D3 89 D0,speed=0.00
1779899296.219,0x200,8,87 64 61 4F EF 5B 8A DA,fuel=100.00
1779899296.307,0x300,8,02 43 5F 25 DB 1C 89 84,temp=42.00
1779899296.395,0x100,8,00 F2 37 58 82 D1 78 7A,speed=0.00
1779899296.494,0x200,8,AD 64 D2 0E 6D 9D 39 2F,fuel=100.00
1779899296.585,0x300,8,02 A4 D9 02 4C D8 F2 A8,temp=42.00
1779899296.673,0x100,8,00 1F 7B 9F 4C D8 00 A0,speed=0.00
1779899296.773,0x200,8,3A 64 B8 BB 06 8F 25 1F,fuel=100.00
1779899296.876,0x300,8,02 79 AD 8E 90 D4 10 B7,temp=42.00
1779899296.957,0x100,8,00 8F 4D 15 BB DB B0 28,speed=0.00
1779899297.061,0x200,8,F6 64 98 9F 33 96 C7 46,fuel=100.00
1779899297.135,0x300,8,02 F3 82 1A 83 57 42 9A,temp=42.00
1779899297.252,0x100,8,00 FC 4A DB 4B 09 7B 2B,speed=0.00
1779899297.342,0x200,8,33 64 BB D8 AB 11 F4 56,fuel=100.00
1779899297.445,0x300,8,02 D7 E1 F1 EC DB DC 00,temp=42.00
1779899297.519,0x100,8,00 A1 D4 37 75 E1 AA 80,speed=0.00
1779899297.611,0x200,8,07 64 A2 4A F1 7C 25 D9,fuel=100.00
1779899297.710,0x300,8,02 66 24 2A 32 38 06 03,temp=42.00
1779899297.795,0x100,8,00 50 23 74 00 16 21 A0,speed=0.00
1779899297.884,0x200,8,F9 64 5E C5 7A BC AB CD,fuel=100.00
1779899297.990,0x300,8,02 90 FD 4C 37 55 13 CF,temp=42.00
1779899298.087,0x100,8,00 0B 12 CE 26 EB DE C3,speed=0.00
1779899298.194,0x200,8,DE 64 85 39 AB 74 66 1C,fuel=100.00
1779899298.285,0x300,8,02 00 81 81 AF CC 32 51,temp=42.00
1779899298.372,0x100,8,00 8D 4B 0D 32 02 D5 1A,speed=0.00
1779899298.460,0x200,8,C6 64 3F C2 91 CB DA 20,fuel=100.00
1779899298.542,0x300,8,02 1D BD 54 94 43 B7 4A,temp=42.00
1779899298.662,0x100,8,00 C5 D5 B8 E3 DB A5 BE,speed=0.00
1779899298.745,0x200,8,57 64 10 EE D6 99 43 F8,fuel=100.00
1779899298.852,0x300,8,02 FB C2 B8 83 B6 8B A8,temp=42.00
1779899298.931,0x100,8,00 59 5B 61 12 AE 00 2A,speed=0.00
1779899299.022,0x200,8,88 64 E1 BC 84 EA BD 70,fuel=100.00
1779899299.119,0x300,8,02 EA E0 EF AB 5E 69 F0,temp=42.00
1779899299.204,0x100,8,00 85 34 D3 57 F3 9A 78,speed=0.00
1779899299.290,0x200,8,0F 64 60 E7 D9 2F E7 69,fuel=100.00
1779899299.399,0x300,8,02 A1 54 4B 8C 09 A0 51,temp=42.00
1779899299.513,0x100,8,00 0F A0 5E 2A 61 3D 4F,speed=0.00
1779899299.584,0x200,8,70 64 53 9D 4A 0E 0C CE,fuel=100.00
1779899299.675,0x300,8,02 7B 6E 23 51 81 E6 C8,temp=42.00
1779899299.775,0x100,8,00 D9 40 ED C2 B6 CF 53,speed=0.00
1779899299.869,0x200,8,B0 64 33 2C C4 06 56 C0,fuel=100.00
1779899299.953,0x300,8,02 88 03 8D 37 AB 31 D6,temp=42.00
1779899300.048,0x100,8,00 35 22 EF B0 CA 6C 88,speed=0.00
1779899300.142,0x200,8,B1 64 8A 3D 33 34 FA 15,fuel=100.00
1779899300.244,0x300,8,02 36 0F 50 9F 87 8E 5E,temp=42.00
1779899300.329,0x100,8,00 BF D3 32 3B EC 54 FD,speed=0.00
1779899300.431,0x200,8,DD 64 F8 FE F2 2B 6A C3,fuel=100.00
1779899300.522,0x300,8,02 BD 9D E0 56 CB CA 69,temp=42.00
1779899300.609,0x100,8,00 30 26 87 5E 6C F0 40,speed=0.00
1779899300.730,0x200,8,03 64 60 FC D3 63 F7 75,fuel=100.00
1779899300.805,0x300,8,02 CC D1 DB DB 20 29 76,temp=42.00
1779899300.914,0x100,8,00 F9 7C 91 AE 63 03 F3,speed=0.00
1779899300.992,0x200,8,2F 64 A0 F3 FE 7A DD A9,fuel=100.00
1779899301.103,0x300,8,02 1E A7 37 4C 38 5D C3,temp=42.00
1779899301.188,0x100,8,00 CA 1F 52 39 C1 69 25,speed=0.00
1779899301.264,0x200,8,B9 64 BF C2 A6 8A FA 27,fuel=100.00
1779899301.356,0x300,8,02 2D 77 BB 1C 1B 04 57,temp=42.00
1779899301.470,0x100,8,00 2D D3 84 F6 1B 1C CA,speed=0.00
1779899301.548,0x200,8,5D 64 0A C2 2B 04 27 3C,fuel=100.00
1779899301.656,0x300,8,02 98 80 9D 08 39 97 59,temp=42.00
1779899301.738,0x100,8,00 68 D2 32 42 BA BF A9,speed=0.00
1779899301.829,0x200,8,8B 64 BF EC B5 8C 4D D4,fuel=100.00
1779899301.927,0x300,8,02 92 E7 3B D9 CB 65 3D,temp=42.00
1779899302.013,0x100,8,00 F6 5F 21 1D 49 8E 6F,speed=0.00
1779899302.114,0x200,8,66 64 41 A7 69 6F 21 B3,fuel=100.00
1779899302.201,0x300,8,02 5D C6 28 75 3A 59 5D,temp=42.00
1779899302.315,0x100,8,00 8D F5 B1 C7 5C 91 9E,speed=0.00
1779899302.412,0x200,8,12 64 04 E2 39 06 2A 85,fuel=100.00
1779899302.505,0x300,8,02 C6 55 71 9F C1 AF 07,temp=42.00
1779899302.620,0x100,8,00 76 FE 68 18 21 B8 6C,speed=0.00
1779899302.685,0x200,8,7F 64 46 6D D6 91 6C ED,fuel=100.00
1779899302.803,0x300,8,02 64 E0 00 93 C5 80 38,temp=42.00
1779899302.895,0x100,8,00 C6 AC A9 00 62 F6 AC,speed=0.00
1779899302.958,0x200,8,71 64 34 73 E6 0A 36 66,fuel=100.00
1779899303.053,0x300,8,02 E7 0A 20 05 4E 0B 28,temp=42.00
1779899303.142,0x100,8,00 BE 66 EA 06 03 25 92,speed=0.00
1779899303.234,0x200,8,0C 64 27 98 B8 BE 57 4A,fuel=100.00
1779899303.326,0x300,8,02 6D 9E AF 23 B8 77 09,temp=42.00
1779899303.440,0x100,8,00 0E 7E F6 D3 14 08 01,speed=0.00
1779899303.531,0x200,8,71 64 AB 25 6E 15 F1 56,fuel=100.00
1779899303.626,0x300,8,02 66 81 A3 E0 58 1E 8F,temp=42.00
1779899303.733,0x100,8,00 32 79 5C B1 0B 63 32,speed=0.00
1779899303.814,0x200,8,CF 64 98 02 92 00 92 D5,fuel=100.00
1779899303.919,0x300,8,02 01 5D 4C 10 5D EE 93,temp=42.00
1779899303.994,0x100,8,00 25 3E 09 C6 35 62 AF,speed=0.00
1779899304.097,0x200,8,B2 64 32 7E 33 90 45 D9,fuel=100.00
1779899304.206,0x300,8,02 9B A9 82 D4 3D CD 76,temp=42.00
1779899304.295,0x100,8,00 69 13 72 59 58 EB D0,speed=0.00
1779899304.399,0x200,8,B5 64 49 56 0E FE 08 4C,fuel=100.00
1779899304.471,0x300,8,02 DC F6 8A 9A B4 37 6A,temp=42.00
1779899304.564,0x100,8,00 5F 96 6B B4 CC 64 91,speed=0.00
1779899304.665,0x200,8,28 64 25 21 13 BA 48 6C,fuel=100.00
1779899304.758,0x300,8,02 BC F1 5D CD 6E 16 89,temp=42.00
1779899304.860,0x100,8,00 28 3E 85 FD D9 4F 4A,speed=0.00
1779899304.974,0x200,8,25 64 55 4A B5 3D 29 68,fuel=100.00
1779899305.048,0x300,8,02 1F FA AC 73 BE 94 92,temp=42.00
1779899305.138,0x100,8,00 8B FC E1 60 D3 B3 08,speed=0.00
1779899305.235,0x200,8,39 64 5A 7F 40 89 B4 31,fuel=100.00
1779899305.329,0x300,8,02 8D AD 7E 6C 8A A6 4D,temp=42.00
1779899305.403,0x100,8,00 D3 31 57 B1 2B 54 5A,speed=0.00
1779899305.531,0x200,8,BA 64 1B 28 6F 22 85 1A,fuel=100.00
1779899305.617,0x300,8,02 9A 66 34 B5 2F CC F9,temp=42.00
1779899305.721,0x100,8,00 D3 62 6B 4D BC DC 93,speed=0.00
1779899305.818,0x200,8,89 64 05 62 51 9E 32 95,fuel=100.00
1779899305.894,0x300,8,02 46 71 5D 60 EA C6 FB,temp=42.00
1779899306.023,0x100,8,00 B4 44 F3 24 D5 D0 A9,speed=0.00
1779899306.078,0x200,8,E8 64 FA 6D 4A D4 CA 8E,fuel=100.00
1779899306.164,0x300,8,02 EA 25 5C 96 C0 17 6D,temp=42.00
1779899306.270,0x100,8,00 52 05 14 FD 5F 4E B1,speed=0.00
1779899306.380,0x200,8,0D 64 79 91 42 AD 72 46,fuel=100.00
1779899306.455,0x300,8,02 2A 51 E4 C1 FB 4C A2,temp=42.00
1779899306.556,0x100,8,00 39 32 55 86 6B 8B 74,speed=0.00
1779899306.636,0x200,8,38 64 EC 80 B6 13 98 58,fuel=100.00
1779899306.729,0x300,8,02 06 EF 54 D6 AD 1B 6D,temp=42.00
1779899306.824,0x100,8,00 95 2F ED E2 DA F5 2F,speed=0.00
1779899306.938,0x200,8,FA 64 B6 17 13 4D 6C 24,fuel=100.00
1779899307.038,0x300,8,02 71 A3 0D 9C 3C 2F D5,temp=42.00
1779899307.112,0x100,8,00 3D C0 09 9B 70 A3 53,speed=0.00
1779899307.214,0x200,8,74 64 AE CC D5 CE 6A 0F,fuel=100.00
1779899307.293,0x300,8,02 2F BB EB 90 AE AA D8,temp=42.00
1779899307.386,0x100,8,00 9C B0 8F E6 BA 6D 81,speed=0.00
1779899307.481,0x200,8,DB 64 24 5C B6 4E 18 42,fuel=100.00
1779899307.580,0x300,8,02 B0 CA BB E9 13 6F 81,temp=42.00
1779899307.690,0x100,8,00 96 FC 1F 6B 20 17 4F,speed=0.00
1779899307.764,0x200,8,A8 64 7B CE D2 F9 BD 3D,fuel=100.00
1779899307.869,0x300,8,02 0B 5B AE 60 F3 E6 1F,temp=42.00
1779899307.972,0x100,8,00 F8 05 01 40 18 CE 53,speed=0.00
1779899308.046,0x200,8,1B 64 AA 59 CD F7 FA 96,fuel=100.00
1779899308.144,0x300,8,02 04 AD 07 8D 62 13 2D,temp=42.00
1779899308.230,0x100,8,00 76 DB 66 D4 9E DD 88,speed=0.00
1779899308.323,0x200,8,49 64 E1 AC DF 48 13 C5,fuel=100.00
1779899308.421,0x300,8,02 8F A6 75 7E 61 98 A2,temp=42.00
1779899308.527,0x100,8,00 1C 7C 4C 6B 34 2F 6C,speed=0.00
1779899308.632,0x200,8,6F 64 E9 A3 21 42 9C 7E,fuel=100.00
1779899308.720,0x300,8,02 D3 68 63 12 BC 05 0C,temp=42.00
1779899308.820,0x100,8,00 B0 D5 06 08 9E BB AB,speed=0.00
1779899308.896,0x200,8,27 64 D3 C5 34 53 31 30,fuel=100.00
1779899309.000,0x300,8,02 59 2F 0D 99 77 E7 28,temp=42.00
1779899309.088,0x100,8,00 A3 59 CF 89 85 26 83,speed=0.00
1779899309.183,0x200,8,5B 64 B9 B0 AC 72 76 CB,fuel=100.00
1779899309.269,0x300,8,02 96 32 37 24 E1 A5 1F,temp=42.00
1779899309.363,0x100,8,00 D2 16 72 E3 3B 56 7A,speed=0.00
1779899309.471,0x200,8,D4 64 6D 2F B7 A2 F4 54,fuel=100.00
1779899309.544,0x300,8,02 A1 0C 71 DC 1F 9F 89,temp=42.00
1779899309.651,0x100,8,00 F0 50 6F 2A 34 88 8B,speed=0.00
1779899309.740,0x200,8,D0 64 72 91 19 BA 46 00,fuel=100.00
1779899309.838,0x300,8,02 EB B0 DF C2 D8 7E 43,temp=42.00
1779899309.918,0x100,8,00 11 F7 99 41 A3 7A 6E,speed=0.00
1779899310.014,0x200,8,1D 64 22 B0 3D EB 7B 02,fuel=100.00
1779899310.125,0x300,8,02 96 9A 59 23 E8 5A DC,temp=42.00
1779899310.230,0x100,8,00 37 95 35 4C 2A A0 A0,speed=0.00
1779899310.294,0x200,8,65 64 A5 CE A7 CD A1 CD,fuel=100.00
1779899310.418,0x300,8,02 70 06 26 4E B0 CF 47,temp=42.00
1779899310.492,0x100,8,00 BB 1A 7B 24 15 B7 0A,speed=0.00
1779899310.583,0x200,8,B8 64 4A 99 0F BE BF EF,fuel=100.00
1779899310.672,0x300,8,02 87 2C 7E C1 F5 4F B8,temp=42.00
1779899310.789,0x100,8,00 66 D2 A2 27 4C F9 89,speed=0.00
1779899310.870,0x200,8,68 64 D0 64 34 5B 1E D3,fuel=100.00
1779899310.986,0x300,8,02 9F A7 4B 15 BD 75 EF,temp=42.00
1779899311.071,0x100,8,00 68 9C 21 94 9C 47 CB,speed=0.00
1779899311.152,0x200,8,29 64 CA 81 FE DE 96 5C,fuel=100.00
1779899311.272,0x300,8,02 36 AC 0C F0 56 72 CE,temp=42.00
1779899311.354,0x100,8,00 46 5A 13 E9 3B FA C3,speed=0.00
1779899311.437,0x200,8,0A 64 9A D2 DE 78 36 0A,fuel=100.00
1779899311.555,0x300,8,02 83 E4 F9 D0 F1 58 B4,temp=42.00
1779899311.635,0x100,8,00 06 66 61 1B CE DA 70,speed=0.00
1779899311.739,0x200,8,55 64 5C C6 22 03 7D E6,fuel=100.00
1779899311.809,0x300,8,02 DD 57 1E FE 6E D2 1C,temp=42.00
1779899311.911,0x100,8,00 DE 57 F8 F4 84 49 89,speed=0.00
1779899312.015,0x200,8,83 64 E5 D7 B5 CC FA 2C,fuel=100.00
1779899312.099,0x300,8,02 B7 F4 47 5B 9B F7 F2,temp=42.00
1779899312.208,0x100,8,00 C1 5C 16 2C 35 BF 9E,speed=0.00
1779899312.281,0x200,8,44 64 C2 9E 01 DE 2D 7B,fuel=100.00
1779899312.389,0x300,8,02 09 C8 D7 7D 4A CA 34,temp=42.00
1779899312.464,0x100,8,00 00 84 82 0C D2 21 32,speed=0.00
1779899312.560,0x200,8,E0 64 4F 12 C5 A6 5D EF,fuel=100.00
1779899312.677,0x300,8,02 B7 26 1A 19 F1 DE BD,temp=42.00
1779899312.763,0x100,8,00 ED 9E 4C C4 A8 46 CE,speed=0.00
1779899312.870,0x200,8,82 64 20 44 7B 8B ED 13,fuel=100.00
1779899312.951,0x300,8,02 E2 83 D4 5E 41 3B 97,temp=42.00
1779899313.050,0x100,8,00 2A BA 19 79 02 36 57,speed=0.00
1779899313.138,0x200,8,6B 64 21 86 FB 04 02 0A,fuel=100.00
1779899313.236,0x300,8,02 75 7A 55 E0 78 B7 0D,temp=42.00
1779899313.347,0x100,8,00 3E 4D 72 E5 6E 3C 39,speed=0.00
1779899313.434,0x200,8,4B 64 A4 C9 22 26 B2 E7,fuel=100.00
1779899313.539,0x300,8,02 0B 6B 97 D2 5A 28 79,temp=42.00
1779899313.611,0x100,8,00 4C 33 DF F1 2C 1C 42,speed=0.00
1779899313.709,0x200,8,7E 64 54 CA E5 AD D5 7C,fuel=100.00
1779899313.794,0x300,8,02 54 72 6C 0A BE 00 EB,temp=42.00
1779899313.889,0x100,8,00 D2 F9 88 F9 4E BE 4B,speed=0.00
1779899314.004,0x200,8,AF 64 3F 1E EF EC 15 9E,fuel=100.00
1779899314.088,0x300,8,02 27 1B 7A 82 D4 6F F0,temp=42.00
1779899314.197,0x100,8,00 32 D0 B7 C9 10 65 53,speed=0.00
1779899314.270,0x200,8,11 64 BD 8E CE F6 19 2A,fuel=100.00
1779899314.389,0x300,8,02 70 88 53 9E E6 EA 89,temp=42.00
1779899314.477,0x100,8,00 A3 DA 9C 09 E4 31 31,speed=0.00
1779899314.553,0x200,8,FB 64 AE 9D 1F 32 50 A8,fuel=100.00
1779899314.641,0x300,8,02 F4 0B 66 59 03 05 05,temp=42.00
1779899314.748,0x100,8,00 C3 6F 8E 02 BB F5 7F,speed=0.00
1779899314.850,0x200,8,96 64 70 09 AC C8 64 56,fuel=100.00
1779899314.927,0x300,8,02 56 D7 A0 3C D1 4A DF,temp=42.00
1779899315.028,0x100,8,00 55 A9 36 6F 2C 4A 3F,speed=0.00
1779899315.145,0x200,8,F6 64 86 3D 22 3C 56 8D,fuel=100.00
1779899315.245,0x300,8,02 17 D7 55 A8 40 D1 C8,temp=42.00
1779899315.323,0x100,8,00 C7 A7 71 F7 9C F9 5F,speed=0.00
1779899315.431,0x200,8,0A 64 F5 CF 3F C4 5C 04,fuel=100.00
1779899315.512,0x300,8,02 E9 B1 F6 A1 EC B8 8A,temp=42.00
1779899315.603,0x100,8,00 7F DE 66 A0 84 A4 87,speed=0.00
1779899315.693,0x200,8,B4 64 B0 07 30 76 C5 A6,fuel=100.00
1779899315.791,0x300,8,02 85 55 AB 06 85 FA F1,temp=42.00
1779899315.893,0x100,8,00 A3 CA 11 93 8B 52 5F,speed=0.00
1779899315.966,0x200,8,D9 64 B5 42 DC E2 DF 19,fuel=100.00
1779899316.069,0x300,8,02 17 27 AC 1C 80 41 7D,temp=42.00
1779899316.173,0x100,8,00 F9 DA 53 2B 25 6B 1A,speed=0.00
1779899316.258,0x200,8,2E 64 8F 1E B0 F0 B6 E5,fuel=100.00
1779899316.349,0x300,8,02 2B DF 78 1E 58 9A 61,temp=42.00
1779899316.434,0x100,8,00 24 2E 86 D4 86 38 F1,speed=0.00
1779899316.559,0x200,8,FE 64 BC 85 C4 3E B4 11,fuel=100.00
1779899316.627,0x300,8,02 36 1A 7B 64 FC D8 44,temp=42.00
1779899316.726,0x100,8,00 BA E7 88 42 B1 B1 2D,speed=0.00
1779899316.822,0x200,8,91 64 AF 76 79 D2 16 DD,fuel=100.00
1779899316.910,0x300,8,02 44 4A C5 C3 5E 3A 55,temp=42.00
1779899317.008,0x100,8,00 98 80 18 94 08 9B AB,speed=0.00
1779899317.102,0x200,8,3C 64 37 64 8E EE E5 36,fuel=100.00
1779899317.212,0x300,8,02 91 6D F6 4D BF FF 92,temp=42.00
1779899317.297,0x100,8,00 15 8E A3 A0 82 CA F0,speed=0.00
1779899317.375,0x200,8,96 64 98 70 16 7E 05 BF,fuel=100.00
1779899317.469,0x300,8,02 FF EB 0E 81 E2 E7 CC,temp=42.00
1779899317.570,0x100,8,00 72 91 8B E8 25 3E D2,speed=0.00
1779899317.709,0x200,8,8A 64 12 FB 55 A8 80 84,fuel=100.00
1779899317.747,0x300,8,02 AD 64 47 28 AC C1 DA,temp=42.00
1779899317.840,0x100,8,00 E4 53 11 67 6B 3C F9,speed=0.00
1779899317.952,0x200,8,6F 64 2E 1F 5E 2D 1D CC,fuel=100.00
1779899318.050,0x300,8,02 9C B4 D6 2E 36 35 2C,temp=42.00
1779899318.144,0x100,8,00 55 CB 99 04 72 5F C9,speed=0.00
1779899318.238,0x200,8,FD 64 9E 98 1D 56 A2 86,fuel=100.00
1779899318.328,0x300,8,02 0D A5 44 F9 F4 AA 8C,temp=42.00
1779899318.419,0x100,8,00 AA 51 C1 BC BD 2B 92,speed=0.00
1779899318.510,0x200,8,7F 64 65 D7 8E 1F AE F2,fuel=100.00
1779899318.604,0x300,8,02 36 90 87 31 A5 BD D8,temp=42.00
1779899318.718,0x100,8,00 4B 27 BC 3C FD 9C 1B,speed=0.00
1779899318.805,0x200,8,55 64 EE DF 34 3E 4B 01,fuel=100.00
1779899318.890,0x300,8,02 31 A6 D6 28 37 8B FA,temp=42.00
1779899319.002,0x100,8,00 13 2E 06 BA C9 5D B9,speed=0.00
1779899319.085,0x200,8,2D 64 4D 15 28 C0 5D D9,fuel=100.00
1779899319.168,0x300,8,02 BD 65 7D 38 95 B2 AB,temp=42.00
1779899319.263,0x100,8,00 1D 63 48 18 60 EB 15,speed=0.00
1779899319.371,0x200,8,CC 64 4B 5B 9E 11 9C 62,fuel=100.00
1779899319.469,0x300,8,02 AA DF 55 47 EE 98 00,temp=42.00
1779899319.563,0x100,8,00 3B 69 E0 E5 40 B0 56,speed=0.00
1779899319.659,0x200,8,D0 64 21 0A 3B 5A 2B 98,fuel=100.00
1779899319.759,0x300,8,02 09 FB 8A 80 79 84 A1,temp=42.00
1779899319.828,0x100,8,00 53 33 EC 31 9D 2C CA,speed=0.00
1779899319.947,0x200,8,1A 64 5C 8B EA 8D 2B 75,fuel=100.00
1779899320.021,0x300,8,02 98 33 DF 9F 8D 62 A5,temp=42.00
1779899320.106,0x100,8,00 2C CF 26 C7 B2 BD 77,speed=0.00
1779899320.231,0x200,8,4E 64 A4 CB 41 8D 70 F9,fuel=100.00
1779899320.317,0x300,8,02 A0 A5 87 70 C4 38 00,temp=42.00
1779899320.402,0x100,8,00 6F 45 44 40 48 D9 91,speed=0.00
1779899320.500,0x200,8,3F 64 E2 40 22 10 71 1D,fuel=100.00
1779899320.585,0x300,8,02 E3 DC 40 EB C4 9F DD,temp=42.00
1779899320.676,0x100,8,00 9B 64 EA 4B 33 18 52,speed=0.00
1779899320.772,0x200,8,C1 64 EE DC 80 15 E1 16,fuel=100.00
1779899320.861,0x300,8,02 EE 53 65 76 A9 7F 56,temp=42.00
1779899320.975,0x100,8,00 C2 7A 51 1B E0 3E 13,speed=0.00
1779899321.066,0x200,8,48 64 66 0B 7B 3D 73 6C,fuel=100.00
1779899321.145,0x300,8,02 01 66 7E AA 67 8D 52,temp=42.00
1779899321.239,0x100,8,00 21 F7 EE 5C FC 22 EE,speed=0.00
1779899321.334,0x200,8,38 64 88 95 74 C3 B6 AB,fuel=100.00
1779899321.447,0x300,8,02 AD 81 43 C0 51 D5 F6,temp=42.00
1779899321.510,0x100,8,00 33 B6 47 0E 00 34 6D,speed=0.00
1779899321.610,0x200,8,AF 64 BC E2 2A 1A 96 B0,fuel=100.00
1779899321.724,0x300,8,02 73 22 F4 8B FC FF 1A,temp=42.00
1779899321.792,0x100,8,00 8A CB 2C 79 8B 65 F7,speed=0.00
1779899321.918,0x200,8,85 64 03 26 AE 95 71 14,fuel=100.00
1779899321.990,0x300,8,02 58 66 A6 C9 1D 63 13,temp=42.00
1779899322.081,0x100,8,00 65 06 56 B6 DC 82 5A,speed=0.00
1779899322.172,0x200,8,F5 64 44 0E 8B 23 4A C8,fuel=100.00
1779899322.287,0x300,8,02 B8 7F 82 E6 CC 5C BC,temp=42.00
1779899322.357,0x100,8,00 B1 EE 55 F5 65 AC 9E,speed=0.00
1779899322.472,0x200,8,2A 64 DA 1B 2C 82 95 56,fuel=100.00
1779899322.548,0x300,8,02 D0 D3 52 EE FC 0A B5,temp=42.00
1779899322.661,0x100,8,00 FB 0F B9 9F 8E CC 57,speed=0.00
1779899322.743,0x200,8,AE 64 A1 3B 7F AC 11 C3,fuel=100.00
1779899322.830,0x300,8,02 89 72 18 93 6D 74 D1,temp=42.00
1779899322.928,0x100,8,00 D9 17 7A 66 31 CF FA,speed=0.00
1779899323.010,0x200,8,E6 64 BA 3A 18 E2 A9 CF,fuel=100.00
1779899323.124,0x300,8,02 B6 F6 24 BE F5 BF E8,temp=42.00
1779899323.197,0x100,8,00 80 98 3F 26 CA 5E C8,speed=0.00
1779899323.310,0x200,8,A8 64 49 F7 94 27 A2 B9,fuel=100.00
1779899323.401,0x300,8,02 4F B3 57 2D 51 66 BF,temp=42.00
1779899323.493,0x100,8,00 97 8F C4 B0 9B 00 45,speed=0.00
1779899323.600,0x200,8,6A 64 AD 26 DF AB C1 DD,fuel=100.00
1779899323.673,0x300,8,02 97 CF 76 55 8B 97 6B,temp=42.00
1779899323.767,0x100,8,00 B8 FF 80 CD 94 69 42,speed=0.00
1779899323.864,0x200,8,57 64 7F 03 4E F2 67 A2,fuel=100.00
1779899323.951,0x300,8,02 EE B3 C9 44 36 89 5E,temp=42.00
1779899324.054,0x100,8,00 38 86 FE 8C E2 01 EE,speed=0.00
1779899324.143,0x200,8,19 64 F8 28 56 E9 79 9C,fuel=100.00
1779899324.248,0x300,8,02 AC FA 0F FC 23 98 BB,temp=42.00
1779899324.346,0x100,8,00 A7 6E B7 15 8C 1D 22,speed=0.00
1779899324.445,0x200,8,1D 64 29 23 88 BC 18 C8,fuel=100.00
1779899324.549,0x300,8,02 3D 14 56 B9 2D 5A AB,temp=42.00
1779899324.641,0x100,8,00 60 D5 C6 60 74 03 11,speed=0.00
1779899324.736,0x200,8,97 64 8C BE 2E 00 8B E7,fuel=100.00
1779899324.812,0x300,8,02 F2 42 F2 D5 6E D6 70,temp=42.00
1779899324.931,0x100,8,00 1E 57 EC 2E DC 13 36,speed=0.00
1779899325.014,0x200,8,C5 64 72 44 63 55 C1 F8,fuel=100.00
1779899325.095,0x300,8,02 42 5B 74 16 49 61 EC,temp=42.00
1779899325.197,0x100,8,00 26 1B BB 24 7A A5 E6,speed=0.00
1779899325.294,0x200,8,7F 64 54 A9 80 25 C0 B3,fuel=100.00
1779899325.368,0x300,8,02 9D 4A E0 A9 C7 9A 54,temp=42.00
1779899325.491,0x100,8,00 28 2D 89 48 20 19 80,speed=0.00
1779899325.562,0x200,8,89 64 DD 0A 17 AC D5 A6,fuel=100.00
1779899325.667,0x300,8,02 90 AB BE 5E 2B C4 30,temp=42.00
1779899325.765,0x100,8,00 19 0C EE 51 A8 5E 65,speed=0.00
1779899325.837,0x200,8,C0 64 61 81 AA 42 77 C0,fuel=100.00
1779899325.954,0x300,8,02 3A 3B 03 9A 3B 4F 43,temp=42.00
1779899326.027,0x100,8,00 62 0B C8 24 CC 2F 6B,speed=0.00
1779899326.143,0x200,8,9F 64 5E DE 4A 9E E9 6D,fuel=100.00
1779899326.233,0x300,8,02 93 35 0F E5 E8 D6 09,temp=42.00
1779899326.308,0x100,8,00 DE 12 88 7A 33 85 ED,speed=0.00
1779899326.419,0x200,8,F8 64 8C 7D 18 69 42 F0,fuel=100.00
1779899326.495,0x300,8,02 2F 32 33 B9 C7 64 C7,temp=42.00
1779899326.593,0x100,8,00 47 21 36 EC D1 80 13,speed=0.00
1779899326.689,0x200,8,9A 64 D9 47 54 7B F1 79,fuel=100.00
1779899326.781,0x300,8,02 EE 37 1C 19 CB 1A 8E,temp=42.00
1779899326.876,0x100,8,00 72 BA 98 9F A1 CB 0C,speed=0.00
1779899326.978,0x200,8,0E 64 1F BB 1F EE CB B6,fuel=100.00
1779899327.067,0x300,8,02 E7 27 99 22 A8 06 96,temp=42.00
1779899327.156,0x100,8,00 30 41 76 5F 5B B2 64,speed=0.00
1779899327.272,0x200,8,51 64 BF A5 C9 93 1C F1,fuel=100.00
1779899327.377,0x300,8,02 61 5B E5 73 07 78 01,temp=42.00
1779899327.479,0x100,8,00 24 E4 2B 53 D7 07 58,speed=0.00
1779899327.577,0x200,8,10 64 AB 94 20 05 95 0B,fuel=100.00
1779899327.661,0x300,8,02 2B B2 B6 3A 9A 93 D0,temp=42.00
1779899327.758,0x100,8,00 9F 8F 6E 2D 6E A3 B0,speed=0.00
1779899327.859,0x200,8,4A 64 35 B9 69 DF E4 A4,fuel=100.00
1779899327.950,0x300,8,02 C4 D8 3B F7 A3 4A C3,temp=42.00
1779899328.039,0x100,8,00 E7 18 B6 D7 97 4C 81,speed=0.00
1779899328.108,0x200,8,A6 64 7B FF 89 DF C3 AD,fuel=100.00
1779899328.223,0x300,8,02 E9 37 58 29 C8 5B 9F,temp=42.00
1779899328.313,0x100,8,00 34 E6 F2 9C 00 46 31,speed=0.00
1779899328.394,0x200,8,45 64 5C FD 41 9A 55 F6,fuel=100.00
1779899328.511,0x300,8,02 A9 EE B4 4D 4E B3 58,temp=42.00
1779899328.592,0x100,8,00 1B 22 D2 FE E9 2C 4F,speed=0.00
1779899328.690,0x200,8,F9 64 E8 A4 62 7A AB E7,fuel=100.00
1779899328.790,0x300,8,02 F3 C9 E8 95 E5 33 E1,temp=42.00
1779899328.859,0x100,8,00 ED AF D5 D4 2C D5 52,speed=0.00
1779899328.955,0x200,8,53 64 8E 99 49 12 5B 6B,fuel=100.00
1779899329.056,0x300,8,02 CF E5 FD 1D EE 7E C4,temp=42.00
1779899329.150,0x100,8,00 3E AC AE E1 80 1A BD,speed=0.00
1779899329.247,0x200,8,E9 64 43 C7 CF A0 41 61,fuel=100.00
1779899329.345,0x300,8,02 BD D1 A9 62 4F E9 39,temp=42.00
1779899329.427,0x100,8,00 E0 16 F2 4F 5C 48 0F,speed=0.00
1779899329.527,0x200,8,34 64 AF 19 26 F4 4E B4,fuel=100.00
1779899329.616,0x300,8,02 99 37 2D AE A7 C6 CC,temp=42.00
1779899329.702,0x100,8,00 D5 64 33 1A C8 D7 0D,speed=0.00
1779899329.805,0x200,8,83 64 84 55 DF CA 57 26,fuel=100.00
1779899329.894,0x300,8,02 DA 19 77 A6 B0 B1 1D,temp=42.00
1779899330.008,0x100,8,00 C3 AF CE 2B F3 A9 B3,speed=0.00
1779899330.081,0x200,8,EB 64 EF E1 3E 7B 70 75,fuel=100.00
1779899330.190,0x300,8,02 5A 53 25 C2 66 75 8D,temp=42.00
1779899330.263,0x100,8,00 04 CE A6 09 26 3E C0,speed=0.00
1779899330.355,0x200,8,88 64 A0 39 8C 8F 8E 7F,fuel=100.00
1779899330.466,0x300,8,02 43 EC 65 E8 87 EE D3,temp=42.00
1779899330.547,0x100,8,00 EB DD 5A 1A B2 8B AB,speed=0.00
1779899330.651,0x200,8,6E 64 CE 43 EB 69 D4 B0,fuel=100.00
1779899330.740,0x300,8,02 6F 6A 4A 29 8C 82 08,temp=42.00
1779899330.835,0x100,8,00 9F 03 B4 9F D6 E6 80,speed=0.00
1779899330.924,0x200,8,C3 64 ED 1C AA 4C CA 43,fuel=100.00
1779899331.031,0x300,8,02 39 02 65 E6 06 B3 FB,temp=42.00
1779899331.111,0x100,8,00 94 D8 B3 78 7F A6 8F,speed=0.00
1779899331.220,0x200,8,13 64 C9 99 B9 0E D8 2E,fuel=100.00
1779899331.325,0x300,8,02 0B 87 E4 06 8B AC 21,temp=42.00
1779899331.396,0x100,8,00 FA 04 62 DF FA 00 70,speed=0.00
1779899331.505,0x200,8,48 64 9B B6 3E 19 A9 4E,fuel=100.00
1779899331.589,0x300,8,02 75 39 AC EA E7 80 8F,temp=42.00
1779899331.677,0x100,8,00 EE 71 70 E9 4A 1B 57,speed=0.00
1779899331.760,0x200,8,5C 64 17 04 FF A3 23 0E,fuel=100.00
1779899331.877,0x300,8,02 33 BE 9F B1 70 4D E3,temp=42.00
1779899331.968,0x100,8,00 2B B1 54 9A C0 77 E4,speed=0.00
1779899332.065,0x200,8,3F 64 6C 8A 2A B4 49 16,fuel=100.00
1779899332.135,0x300,8,02 D8 6D 8E B0 61 48 46,temp=42.00
1779899332.236,0x100,8,00 30 56 99 E2 F9 9B E3,speed=0.00
1779899332.340,0x200,8,1A 64 AB 29 1C 7B B1 8B,fuel=100.00
1779899332.434,0x300,8,02 83 BC AE 2C 8C 6F 28,temp=42.00
1779899332.539,0x100,8,00 63 DF 7B E8 89 9C F7,speed=0.00
1779899332.607,0x200,8,40 64 FA DE C1 92 33 C7,fuel=100.00
1779899332.697,0x300,8,02 98 7E 4C E0 A9 0D CB,temp=42.00
1779899332.812,0x100,8,00 FB 1B 15 51 9F 27 26,speed=0.00
1779899332.910,0x200,8,35 64 29 5D D4 6B C4 5D,fuel=100.00
1779899332.998,0x300,8,02 39 44 50 E2 94 C5 F2,temp=42.00
1779899333.086,0x100,8,00 F8 43 0E DA 1E 6B B2,speed=0.00
1779899333.191,0x200,8,40 64 BE 6F 11 BB 95 3C,fuel=100.00
1779899333.272,0x300,8,02 CD 5B 9B E3 D2 1D EE,temp=42.00
1779899333.362,0x100,8,00 9C CB E2 53 07 08 4B,speed=0.00
1779899333.462,0x200,8,B9 64 04 21 30 53 92 7A,fuel=100.00
1779899333.574,0x300,8,02 DA F0 01 6B 00 4A 8E,temp=42.00
1779899333.654,0x100,8,00 8B 8B FE 23 7F FE 1A,speed=0.00
1779899333.756,0x200,8,DA 64 B5 F1 B5 A1 9A D4,fuel=100.00
1779899333.843,0x300,8,02 B7 5B 1A 00 F2 80 EB,temp=42.00
1779899333.941,0x100,8,00 B7 62 B8 65 A8 F5 68,speed=0.00
1779899334.028,0x200,8,14 64 46 DC 6D 23 36 03,fuel=100.00
1779899334.136,0x300,8,02 4B 83 E5 90 A9 05 87,temp=42.00
1779899334.242,0x100,8,00 B4 40 B3 E4 43 D4 1F,speed=0.00
1779899334.329,0x200,8,11 64 75 75 32 83 79 11,fuel=100.00
1779899334.416,0x300,8,02 EC 48 DB 81 BE A6 84,temp=42.00
1779899334.497,0x100,8,00 99 E6 2A 86 FC 56 CE,speed=0.00
1779899334.613,0x200,8,24 64 99 D3 0D 9E D9 5B,fuel=100.00
1779899334.701,0x300,8,02 93 3F FC 27 6F 9E 85,temp=42.00
1779899334.799,0x100,8,00 C8 F2 21 64 5D 50 AD,speed=0.00
1779899334.885,0x200,8,3C 64 FF 88 F2 B2 03 A6,fuel=100.00
1779899334.994,0x300,8,02 0D 6F 2D FA 85 4A 0A,temp=42.00
1779899335.059,0x100,8,00 AE 31 C3 EE 2C 0D F9,speed=0.00
1779899335.162,0x200,8,8A 64 22 7B 07 18 BB E7,fuel=100.00
1779899335.260,0x300,8,02 D7 E2 BA 0B 88 99 77,temp=42.00
1779899335.360,0x100,8,00 4C 2F 56 6D 1A 41 57,speed=0.00
1779899335.452,0x200,8,4D 64 9C F1 63 D3 71 FF,fuel=100.00
1779899335.536,0x300,8,02 F2 6F E6 C4 7B 15 DE,temp=42.00
1779899335.630,0x100,8,00 2E 3B FA 2B 2B 67 DD,speed=0.00
1779899335.724,0x200,8,13 64 C6 DC 69 33 13 F2,fuel=100.00
1779899335.827,0x300,8,02 B5 A5 17 76 D9 0F B5,temp=42.00
1779899335.910,0x100,8,00 AD A3 7F C6 C0 C5 D5,speed=0.00
1779899336.003,0x200,8,CF 64 07 1B C1 14 40 03,fuel=100.00
1779899336.105,0x300,8,02 CF 43 28 1A 6B 8E 92,temp=42.00
1779899336.186,0x100,8,00 67 75 D7 94 7D B4 61,speed=0.00
1779899336.279,0x200,8,26 64 D1 34 1C BB B0 34,fuel=100.00
1779899336.373,0x300,8,02 BD C5 AC 98 6B 61 7E,temp=42.00
1779899336.469,0x100,8,00 B9 38 CE 44 38 D0 7F,speed=0.00
1779899336.569,0x200,8,8C 64 C8 06 24 5B 3F B9,fuel=100.00
1779899336.664,0x300,8,02 BC 16 B7 D6 6A 13 1F,temp=42.00
1779899336.761,0x100,8,00 28 EA C8 37 7A 20 BD,speed=0.00
1779899336.839,0x200,8,AF 64 BD 32 22 BE 41 26,fuel=100.00
1779899336.954,0x300,8,02 60 EC C0 2A D2 E3 73,temp=42.00
1779899337.028,0x100,8,00 87 B9 67 8C 6C EB E4,speed=0.00
1779899337.129,0x200,8,69 64 0C AB 04 C5 EC C2,fuel=100.00
1779899337.224,0x300,8,02 74 D3 C0 F4 73 69 54,temp=42.00
1779899337.333,0x100,8,00 37 36 87 D8 F5 DF 1F,speed=0.00
1779899337.403,0x200,8,D5 64 C7 7F CF 3E A4 D9,fuel=100.00
1779899337.510,0x300,8,02 EB AD 3B E0 86 1A C6,temp=42.00
1779899337.601,0x100,8,00 07 F5 82 9C C6 F6 97,speed=0.00
1779899337.699,0x200,8,1C 64 2B 4F 53 6B 4E B6,fuel=100.00
1779899337.783,0x300,8,02 88 6F 43 6E 4F D5 9D,temp=42.00
1779899337.875,0x100,8,00 47 3F 89 5B BE D0 CD,speed=0.00
1779899337.964,0x200,8,0B 64 0B 8D 19 A2 E5 84,fuel=100.00
1779899338.062,0x300,8,02 83 B1 50 07 D2 9D 04,temp=42.00
1779899338.151,0x100,8,00 B9 76 32 88 70 0C BD,speed=0.00
1779899338.249,0x200,8,36 64 9F 75 FE 6E 31 64,fuel=100.00
1779899338.360,0x300,8,02 24 5B 81 65 10 B7 26,temp=42.00
1779899338.447,0x100,8,00 9D FF DD 8C 53 96 42,speed=0.00
1779899338.533,0x200,8,E6 64 C2 16 55 32 13 AF,fuel=100.00
1779899338.649,0x300,8,02 8B FB DE 02 AD D8 82,temp=42.00
1779899338.732,0x100,8,00 13 B1 FD E7 75 15 A8,speed=0.00
1779899338.819,0x200,8,C3 64 8E 2B 95 10 07 8E,fuel=100.00
1779899338.928,0x300,8,02 13 F3 73 18 00 A2 00,temp=42.00
1779899339.010,0x100,8,00 00 A1 B3 85 F5 EC 09,speed=0.00
1779899339.091,0x200,8,EE 64 F2 15 10 E5 46 6B,fuel=100.00
1779899339.203,0x300,8,02 27 13 07 20 73 0E 35,temp=42.00
1779899339.295,0x100,8,00 33 D3 B2 EA 40 51 E5,speed=0.00
1779899339.381,0x200,8,0A 64 05 47 3F 6D 84 D1,fuel=100.00
1779899339.476,0x300,8,02 38 3D A8 45 B0 98 7C,temp=42.00
1779899339.577,0x100,8,00 5D 1E 5E 1A 2D 09 D0,speed=0.00
1779899339.657,0x200,8,BB 64 D2 95 5E 98 C8 E4,fuel=100.00
1779899339.779,0x300,8,02 F5 19 94 17 29 F3 62,temp=42.00
1779899339.858,0x100,8,00 2B D3 02 D0 03 CB 0D,speed=0.00
1779899339.952,0x200,8,B5 64 DF B9 D5 A0 2D BD,fuel=100.00
1779899340.069,0x300,8,02 35 2C 21 C6 90 C5 71,temp=42.00
1779899340.160,0x100,8,00 BE 88 11 D5 69 1F D6,speed=0.00
1779899340.237,0x200,8,62 64 F6 7A 5B 64 10 A1,fuel=100.00
1779899340.317,0x300,8,02 D3 C2 4D EA 0E 12 03,temp=42.00
1779899340.412,0x100,8,00 1A D9 9E F3 4A 54 15,speed=0.00
1779899340.521,0x200,8,22 64 C1 CF A3 89 7A F9,fuel=100.00
1779899340.614,0x300,8,02 EA EB E4 B8 49 C1 CD,temp=42.00
1779899340.699,0x100,8,00 07 4E 94 FF 7A 55 4A,speed=0.00
1779899340.795,0x200,8,7B 64 62 56 D1 13 99 22,fuel=100.00
1779899340.887,0x300,8,02 F0 53 3D 5C 1A 64 76,temp=42.00
1779899340.979,0x100,8,00 27 46 12 90 BA 7A 20,speed=0.00
1779899341.078,0x200,8,9C 64 62 1B 68 2D FC DB,fuel=100.00
1779899341.170,0x300,8,02 42 DE 68 07 ED 60 8D,temp=42.00
1779899341.263,0x100,8,00 1D 9A 35 F0 52 D5 EF,speed=0.00
1779899341.348,0x200,8,1B 64 6C 02 1B 70 09 50,fuel=100.00
1779899341.479,0x300,8,02 EB 71 91 90 AC BD AE,temp=42.00
1779899341.540,0x100,8,00 47 C2 E5 6C 66 64 F8,speed=0.00
1779899341.634,0x200,8,A7 64 47 F5 52 B1 48 8A,fuel=100.00
1779899341.722,0x300,8,02 67 37 D9 FA 24 87 4B,temp=42.00
1779899341.824,0x100,8,00 9B 43 66 BB 8D 09 25,speed=0.00
1779899341.930,0x200,8,00 64 FF 0C 96 EB D6 87,fuel=100.00
1779899342.011,0x300,8,02 30 85 CA B7 50 5A 11,temp=42.00
1779899342.096,0x100,8,00 18 A0 B4 17 75 29 F6,speed=0.00
1779899342.198,0x200,8,CC 64 40 EA BA D1 50 D1,fuel=100.00
1779899342.304,0x300,8,02 67 5C 96 78 9A E6 F1,temp=42.00
1779899342.369,0x100,8,00 F6 76 42 A0 67 58 E1,speed=0.00
1779899342.480,0x200,8,BD 64 C0 BC 39 61 A2 44,fuel=100.00
1779899342.570,0x300,8,02 0E 14 B3 5F 9C B3 E4,temp=42.00
1779899342.682,0x100,8,00 45 69 21 1D 1E 7A B3,speed=0.00
1779899342.760,0x200,8,6D 64 C0 CE E3 19 96 58,fuel=100.00
1779899342.838,0x300,8,02 40 EE A3 95 43 03 76,temp=42.00
1779899342.932,0x100,8,00 D6 F9 2B A8 81 8C 64,speed=0.00
1779899343.030,0x200,8,41 64 1A DD 6C A9 98 2E,fuel=100.00
1779899343.129,0x300,8,02 A3 94 86 D2 B8 8D A9,temp=42.00
1779899343.219,0x100,8,00 FC C5 87 F2 31 57 AA,speed=0.00
1779899343.328,0x200,8,55 64 E4 94 9F 9F 83 D9,fuel=100.00
1779899343.432,0x300,8,02 91 1B 3E 80 1D 75 D9,temp=42.00
1779899343.514,0x100,8,00 58 B4 10 0A DB 6F E6,speed=0.00
1779899343.615,0x200,8,89 64 A8 B3 17 59 04 9A,fuel=100.00
1779899343.718,0x300,8,02 B9 61 3E 53 28 CC FE,temp=42.00
1779899343.792,0x100,8,00 53 FC 17 AE 3C 26 06,speed=0.00
1779899343.880,0x200,8,11 64 1C E2 81 EC 20 07,fuel=100.00
1779899343.980,0x300,8,02 CF B0 BA 1A 05 CF 77,temp=42.00
1779899344.079,0x100,8,00 DA E1 C7 C3 90 6B F9,speed=0.00
1779899344.150,0x200,8,D6 64 7E 63 3E 7C D6 92,fuel=100.00
1779899344.260,0x300,8,02 50 B4 A9 A4 E3 5B 61,temp=42.00
1779899344.347,0x100,8,00 DB 3D 03 C6 01 E6 92,speed=0.00
1779899344.444,0x200,8,25 64 B4 95 0C BE 24 9E,fuel=100.00
1779899344.529,0x300,8,02 C9 DE 86 D6 76 72 15,temp=42.00
1779899344.632,0x100,8,00 61 D9 AB DB A2 89 1D,speed=0.00
1779899344.733,0x200,8,6F 64 4D D6 E0 0B 97 65,fuel=100.00
1779899344.828,0x300,8,02 A6 55 99 65 D6 1A 4C,temp=42.00
1779899344.926,0x100,8,00 27 98 D4 A1 57 51 1B,speed=0.00
1779899345.003,0x200,8,E0 64 6F 94 8E 0B BB 59,fuel=100.00
1779899345.098,0x300,8,02 B2 35 AC 73 A9 79 72,temp=42.00
1779899345.203,0x100,8,00 C7 C4 C4 75 AE 2B 0C,speed=0.00
1779899345.287,0x200,8,01 64 15 8C 17 77 22 D4,fuel=100.00
1779899345.387,0x300,8,02 AE 0F 79 AA C7 B4 A7,temp=42.00
1779899345.475,0x100,8,00 74 93 7F 1C 86 05 24,speed=0.00
1779899345.568,0x200,8,8A 64 67 70 2C DC 73 D0,fuel=100.00
1779899345.667,0x300,8,02 FB 02 DA EE 1F DE 30,temp=42.00
1779899345.760,0x100,8,00 3B 17 C7 7D 4E 07 7B,speed=0.00
1779899345.854,0x200,8,8A 64 4B FF 4F C1 0C 8C,fuel=100.00
1779899345.945,0x300,8,02 4E BC AE 44 C7 5F 00,temp=42.00
1779899346.038,0x100,8,00 EE 0E 6C 4D D7 CE 21,speed=0.00
1779899346.126,0x200,8,34 64 AF 5C 3C 81 F0 21,fuel=100.00
1779899346.228,0x300,8,02 A2 E2 6D BA 3B B5 65,temp=42.00
1779899346.316,0x100,8,00 48 79 50 18 0C 93 5D,speed=0.00
1779899346.416,0x200,8,D2 64 92 1C D4 52 C3 C4,fuel=100.00
1779899346.505,0x300,8,02 55 45 E8 97 64 05 86,temp=42.00
1779899346.601,0x100,8,00 80 7B CD 45 AF 41 69,speed=0.00
1779899346.693,0x200,8,6C 64 44 40 82 E9 FD 31,fuel=100.00
1779899346.787,0x300,8,02 25 22 7A 48 0A B7 A9,temp=42.00
1779899346.894,0x100,8,00 0A A4 F1 00 0B 48 36,speed=0.00
1779899346.995,0x200,8,E6 64 AC 13 DB 0D FE F9,fuel=100.00
1779899347.105,0x300,8,02 CA 7D 5C 87 77 F8 4F,temp=42.00
1779899347.182,0x100,8,00 BF 3C C5 A7 6C BF 6B,speed=0.00
1779899347.257,0x200,8,1C 64 22 48 92 00 3C 38,fuel=100.00
1779899347.351,0x300,8,02 FC F5 62 DF 46 69 E7,temp=42.00
1779899347.432,0x100,8,00 AD 58 51 37 3C A5 E8,speed=0.00
1779899347.536,0x200,8,02 64 1B 6E 5C 06 05 C5,fuel=100.00
1779899347.675,0x300,8,02 6C 1C C7 C5 89 B6 E3,temp=42.00
1779899347.731,0x100,8,00 F2 AA AE 82 B6 EE AD,speed=0.00
1779899347.823,0x200,8,3E 64 9E 62 3D 90 EC E1,fuel=100.00
1779899347.924,0x300,8,02 53 57 4A D4 2D 29 BD,temp=42.00
1779899348.008,0x100,8,00 9E CD EA F7 05 42 67,speed=0.00
1779899348.113,0x200,8,20 64 AE EF 95 43 B2 3C,fuel=100.00
1779899348.181,0x300,8,02 6B BA 27 E6 9F 4C B1,temp=42.00
1779899348.289,0x100,8,00 D2 B3 7E D4 B6 D1 05,speed=0.00
1779899348.383,0x200,8,8B 64 92 47 21 6F 66 B8,fuel=100.00
1779899348.490,0x300,8,02 A2 BC F6 A6 EC 42 71,temp=42.00
1779899348.583,0x100,8,00 2F 51 AD D7 D2 82 54,speed=0.00
1779899348.666,0x200,8,35 64 D9 5D 94 C2 5E 5E,fuel=100.00
1779899348.777,0x300,8,02 E4 0F DF 55 BE 1A CE,temp=42.00
1779899348.871,0x100,8,00 7D AD 4F 3E 2E B3 7D,speed=0.00
1779899348.943,0x200,8,27 64 C8 C1 5C 01 47 8D,fuel=100.00
1779899349.029,0x300,8,02 02 68 F6 4A 59 AB 12,temp=42.00
1779899349.127,0x100,8,00 A5 00 2A 77 A1 EE DC,speed=0.00
1779899349.215,0x200,8,92 64 EB AA 7E A4 B6 02,fuel=100.00
1779899349.329,0x300,8,02 B3 02 8F DF 44 73 45,temp=42.00
1779899349.409,0x100,8,00 13 4F 21 EE 9D 8D E7,speed=0.00
1779899349.514,0x200,8,A4 64 81 12 61 89 16 B0,fuel=100.00
1779899349.604,0x300,8,02 4D A6 1B 89 06 C8 1C,temp=42.00
1779899349.710,0x100,8,00 95 A8 F6 3B C5 CE 10,speed=0.00
1779899349.786,0x200,8,43 64 86 F3 F7 D9 5C 4C,fuel=100.00
1779899349.887,0x300,8,02 36 96 83 16 76 69 CF,temp=42.00
1779899349.978,0x100,8,00 B3 81 35 82 49 99 9E,speed=0.00
1779899350.082,0x200,8,4C 64 A3 EB D1 96 6F 62,fuel=100.00
1779899350.157,0x300,8,02 6A 55 FB 6F 94 AF 1D,temp=42.00
1779899350.248,0x100,8,00 B2 81 B0 20 92 6B F6,speed=0.00
1779899350.347,0x200,8,66 64 CB 8D FC 10 C7 B5,fuel=100.00
1779899350.435,0x300,8,02 53 8E 0F 78 9E 5A 64,temp=42.00
1779899350.534,0x100,8,00 EB 99 2F CD FC 84 50,speed=0.00
1779899350.630,0x200,8,31 64 37 A2 AA 08 2B 05,fuel=100.00
1779899350.733,0x300,8,02 EA A0 73 27 3D 07 70,temp=42.00
1779899350.833,0x100,8,00 D7 32 F7 DB DA E1 BA,speed=0.00
1779899350.919,0x200,8,1C 64 14 88 83 70 FE 4F,fuel=100.00
1779899351.002,0x300,8,02 83 9A C9 9F B1 66 56,temp=42.00
1779899351.108,0x100,8,00 DD 69 8B 28 0D 8D 6B,speed=0.00
1779899351.194,0x200,8,C2 64 D8 3F E8 65 3D 23,fuel=100.00
1779899351.302,0x300,8,02 B9 3F 32 3B 08 24 A4,temp=42.00
1779899351.379,0x100,8,00 45 71 27 1F 9D B3 98,speed=0.00
1779899351.478,0x200,8,9A 64 41 33 65 E1 91 C3,fuel=100.00
1779899351.578,0x300,8,02 FB 78 9F CA 51 36 47,temp=42.00
1779899351.674,0x100,8,00 86 54 A3 2C FE FA 20,speed=0.00
1779899351.762,0x200,8,70 64 F7 0C 20 EA DA 3C,fuel=100.00
1779899351.856,0x300,8,02 8C 02 D7 A9 2E 22 0A,temp=42.00
1779899351.952,0x100,8,00 31 27 FC 77 98 AE EA,speed=0.00
1779899352.026,0x200,8,23 64 66 B7 B6 0F 6B 16,fuel=100.00
1779899352.121,0x300,8,02 B0 FF 4F CA 18 77 40,temp=42.00
1779899352.227,0x100,8,00 5A A2 F3 DA 12 21 8D,speed=0.00
1779899352.321,0x200,8,00 64 64 0C 88 2A 55 31,fuel=100.00
1779899352.418,0x300,8,02 F3 C8 27 F7 91 08 11,temp=42.00
1779899352.499,0x100,8,00 76 68 90 94 76 BD EF,speed=0.00
1779899352.594,0x200,8,31 64 EB C8 86 48 A9 57,fuel=100.00
1779899352.693,0x300,8,02 30 AD 41 21 CE 5B 81,temp=42.00
1779899352.795,0x100,8,00 62 D4 87 2D 3F F4 63,speed=0.00
1779899352.885,0x200,8,2C 64 14 EF CD 70 01 BD,fuel=100.00
1779899352.975,0x300,8,02 68 02 0D FB 13 2F 0D,temp=42.00
1779899353.077,0x100,8,00 A2 35 A0 8A C6 14 4D,speed=0.00
1779899353.177,0x200,8,8B 64 DF 70 DE 05 EA 2E,fuel=100.00
1779899353.264,0x300,8,02 64 99 03 A5 09 3E 20,temp=42.00
1779899353.351,0x100,8,00 BE B4 EB 94 1D EE 45,speed=0.00
1779899353.453,0x200,8,22 64 FE CA C4 A5 EE 3E,fuel=100.00
1779899353.547,0x300,8,02 A2 A8 57 27 0B 91 6B,temp=42.00
1779899353.652,0x100,8,00 C9 2F 51 55 DC 11 39,speed=0.00
1779899353.730,0x200,8,8A 64 21 B0 33 6A 7B 9F,fuel=100.00
1779899353.821,0x300,8,02 AC 88 3F 93 39 AF 27,temp=42.00
1779899353.913,0x100,8,00 F1 FB 2A 62 72 85 24,speed=0.00
1779899354.006,0x200,8,BF 64 C2 F6 16 82 F8 89,fuel=100.00
1779899354.110,0x300,8,02 77 CF 4C DC D8 43 B6,temp=42.00
1779899354.206,0x100,8,00 7C 29 1F E3 98 57 F4,speed=0.00
1779899354.295,0x200,8,5F 64 09 21 44 5B 24 30,fuel=100.00
1779899354.370,0x300,8,02 21 13 A0 7D 8F 82 47,temp=42.00
1779899354.497,0x100,8,00 14 42 3A DA 72 C5 55,speed=0.00
1779899354.570,0x200,8,72 64 60 32 40 72 D7 A1,fuel=100.00
1779899354.670,0x300,8,02 40 FB 6D C2 2E 1C 49,temp=42.00
1779899354.752,0x100,8,00 85 F1 44 7C 65 C2 27,speed=0.00
1779899354.854,0x200,8,66 64 F6 6D 4A DA 01 EE,fuel=100.00
1779899354.945,0x300,8,02 7A 3C 1F 2F 50 77 EE,temp=42.00
1779899355.036,0x100,8,00 15 CB EF 32 48 8A 03,speed=0.00
1779899355.133,0x200,8,92 64 F8 31 7F BC 1C B0,fuel=100.00
1779899355.227,0x300,8,02 F7 E1 2D 0B DB 89 89,temp=42.00
1779899355.331,0x100,8,00 74 3E B1 97 10 10 ED,speed=0.00
1779899355.427,0x200,8,8F 64 7F 3F C4 72 8D B8,fuel=100.00
1779899355.532,0x300,8,02 5E 39 CC 32 92 04 BA,temp=42.00
1779899355.612,0x100,8,00 54 9A FA C4 17 AA 5E,speed=0.00
1779899355.703,0x200,8,96 64 81 C1 10 F7 3A EB,fuel=100.00
1779899355.791,0x300,8,02 25 AA 15 5D 34 D0 C9,temp=42.00
1779899355.881,0x100,8,00 FC F9 22 BD 47 D5 BE,speed=0.00
1779899355.974,0x200,8,E5 64 CB 2E B7 F9 80 BF,fuel=100.00
1779899356.065,0x300,8,02 E5 82 49 A1 AB 66 23,temp=42.00
1779899356.161,0x100,8,00 1F 8F B5 1A 5C 4A 18,speed=0.00
1779899356.263,0x200,8,65 64 1B 55 B8 A9 78 0D,fuel=100.00
1779899356.358,0x300,8,02 5E 66 94 D0 42 15 F0,temp=42.00
1779899356.449,0x100,8,00 09 A1 AF 91 87 70 54,speed=0.00
1779899356.549,0x200,8,D5 64 14 0E 57 5B 3E 20,fuel=100.00
1779899356.630,0x300,8,02 E9 40 30 85 52 68 CC,temp=42.00
1779899356.715,0x100,8,00 6B 5C 52 37 2A 3B 64,speed=0.00
1779899356.814,0x200,8,61 64 00 36 46 8C A8 55,fuel=100.00
1779899356.912,0x300,8,02 65 2F 52 A7 B3 CD 02,temp=42.00
1779899357.007,0x100,8,00 A4 7F 7F 6F 34 72 7A,speed=0.00
1779899357.099,0x200,8,9C 64 09 41 0D 63 CF 58,fuel=100.00
1779899357.194,0x300,8,02 A0 E5 10 F5 6B F4 AD,temp=42.00
1779899357.291,0x100,8,00 95 2D 4F EF EC CD DD,speed=0.00
1779899357.373,0x200,8,6A 64 81 F2 6D 96 99 63,fuel=100.00
1779899357.493,0x300,8,02 38 72 AC 20 3F 81 E9,temp=42.00
1779899357.578,0x100,8,00 75 09 40 4F 27 C5 AC,speed=0.00
1779899357.694,0x200,8,EF 64 E3 E0 91 78 EB 5C,fuel=100.00
1779899357.772,0x300,8,02 E3 1C 13 05 27 09 BA,temp=42.00
1779899357.849,0x100,8,00 03 88 D1 A0 04 B1 6F,speed=0.00
1779899357.951,0x200,8,DA 64 56 8A 47 06 30 93,fuel=100.00
1779899358.046,0x300,8,02 76 55 2A D9 CE 53 F8,temp=42.00
1779899358.146,0x100,8,00 C9 6F 28 E8 DA 06 7D,speed=0.00
1779899358.229,0x200,8,1B 64 EA 4D A6 DF F5 AA,fuel=100.00
1779899358.318,0x300,8,02 B9 43 DA C7 61 34 AE,temp=42.00
1779899358.415,0x100,8,00 E3 B9 D1 BC 0A 97 5B,speed=0.00
1779899358.513,0x200,8,13 64 3E 0F 1A 0E 02 2D,fuel=100.00
1779899358.602,0x300,8,02 E2 AF 53 89 1D 51 84,temp=42.00
1779899358.706,0x100,8,00 CF 5F 3A 00 33 C4 31,speed=0.00
1779899358.793,0x200,8,4C 64 7A 37 32 63 8E 2E,fuel=100.00
1779899358.898,0x300,8,02 22 C8 7C 6E 74 4E 0B,temp=42.00
1779899358.997,0x100,8,00 08 38 44 20 9B 5F C3,speed=0.00
1779899359.075,0x200,8,5D 64 D7 88 F3 8C 09 2F,fuel=100.00
1779899359.172,0x300,8,02 A6 4E 26 4F 1C 2A 30,temp=42.00
1779899359.261,0x100,8,00 21 64 90 F5 45 15 67,speed=0.00
1779899359.363,0x200,8,A9 64 CD F5 F6 D2 E8 9B,fuel=100.00
1779899359.463,0x300,8,02 40 F7 23 53 1C 1A CA,temp=42.00
1779899359.554,0x100,8,00 F3 6B 10 41 E9 74 94,speed=0.00
1779899359.638,0x200,8,CE 64 4E F2 F0 67 D6 30,fuel=100.00
1779899359.733,0x300,8,02 1A 4F CD 7F DF 03 E7,temp=42.00
1779899359.829,0x100,8,00 97 EE E7 84 8C 9D E6,speed=0.00
1779899359.933,0x200,8,2B 64 39 4C DC 41 49 AF,fuel=100.00
1779899360.021,0x300,8,02 CC B0 49 A9 AF 0D 66,temp=42.00
1779899360.111,0x100,8,00 9C 92 92 18 44 A4 EA,speed=0.00
1779899360.213,0x200,8,DF 64 4F E1 51 3F 42 97,fuel=100.00
1779899360.320,0x300,8,02 D6 B6 EE E7 4E 68 BD,temp=42.00
1779899360.394,0x100,8,00 E7 82 78 77 21 3E C5,speed=0.00
1779899360.505,0x200,8,FF 64 A4 48 02 DF 9B 3A,fuel=100.00
1779899360.596,0x300,8,02 91 B7 1C C3 DF A9 C2,temp=42.00
1779899360.685,0x100,8,00 71 74 E5 0D B7 9B 67,speed=0.00
1779899360.792,0x200,8,70 64 51 73 59 18 36 A1,fuel=100.00
1779899360.882,0x300,8,02 6A C0 2C E8 89 97 DF,temp=42.00
1779899360.978,0x100,8,00 8B 85 40 23 8C AB 32,speed=0.00
1779899361.073,0x200,8,15 64 05 27 A9 AC 40 AE,fuel=100.00
1779899361.171,0x300,8,02 9D 14 6E 97 32 04 2E,temp=42.00
1779899361.235,0x100,8,00 1F 3D 87 88 AD 55 A1,speed=0.00
1779899361.328,0x200,8,01 64 39 36 4F 52 F5 A2,fuel=100.00
1779899361.431,0x300,8,02 F4 F5 BC A4 4D D4 0D,temp=42.00
1779899361.524,0x100,8,00 2E E4 6A EF 7D 07 D8,speed=0.00
1779899361.610,0x200,8,B7 64 D5 B3 B4 11 E8 F6,fuel=100.00
1779899361.708,0x300,8,02 92 CE 70 A1 69 34 52,temp=42.00
1779899361.809,0x100,8,00 92 93 18 92 1F 5B B8,speed=0.00
1779899361.900,0x200,8,D4 64 72 FC 80 62 E5 19,fuel=100.00
1779899361.998,0x300,8,02 7D 5F 12 6A 7C CE 7F,temp=42.00
1779899362.075,0x100,8,00 72 24 8D 76 34 C5 FC,speed=0.00
1779899362.188,0x200,8,2A 64 7B 75 F8 91 9E 3C,fuel=100.00
1779899362.282,0x300,8,02 7A 19 81 52 F1 66 3B,temp=42.00
1779899362.382,0x100,8,00 E9 08 3D D0 6F 42 47,speed=0.00
1779899362.459,0x200,8,04 64 23 DB 9C F9 81 AE,fuel=100.00
1779899362.550,0x300,8,02 79 D2 E5 7F F8 23 30,temp=42.00
1779899362.659,0x100,8,00 1F 05 79 9A BA 20 B1,speed=0.00
1779899362.747,0x200,8,1E 64 86 D7 4F 87 54 D2,fuel=100.00
1779899362.849,0x300,8,02 3B 67 B9 D4 65 58 54,temp=42.00
1779899362.942,0x100,8,00 D8 5A AD 9C C0 B2 B9,speed=0.00
1779899363.031,0x200,8,0C 64 DF 81 47 E0 1A 5B,fuel=100.00
1779899363.132,0x300,8,02 B1 3C EA E3 78 48 F0,temp=42.00
1779899363.208,0x100,8,00 50 C0 91 22 42 AB 35,speed=0.00
1779899363.309,0x200,8,E9 64 DE D0 50 ED 03 8D,fuel=100.00
1779899363.402,0x300,8,02 80 4B 15 B2 BE 3B 26,temp=42.00
1779899363.477,0x100,8,00 9F DE 8C BF 45 2A 09,speed=0.00
1779899363.590,0x200,8,43 64 A6 F5 D4 3B EE E1,fuel=100.00
1779899363.692,0x300,8,02 C6 07 AC 41 BB EA 5A,temp=42.00
1779899363.778,0x100,8,00 62 CA 0D F6 C5 80 A5,speed=0.00
1779899363.874,0x200,8,DA 64 D8 FD F0 08 10 5F,fuel=100.00
1779899363.969,0x300,8,02 85 D2 70 14 40 72 47,temp=42.00
1779899364.062,0x100,8,00 7E 01 BC 10 3E 02 E2,speed=0.00
1779899364.157,0x200,8,F4 64 08 AF F4 79 C3 D7,fuel=100.00
1779899364.237,0x300,8,02 6D AD 4E 54 8A 9B 48,temp=42.00
1779899364.346,0x100,8,00 EA C7 A7 2C FC 6F C0,speed=0.00
1779899364.444,0x200,8,2E 64 92 0A 45 29 0B F4,fuel=100.00
1779899364.517,0x300,8,02 4A 18 E6 76 D4 88 7A,temp=42.00
1779899364.618,0x100,8,00 20 AE 64 A0 65 61 DF,speed=0.00
1779899364.709,0x200,8,60 64 7F A6 F1 87 62 EC,fuel=100.00
1779899364.806,0x300,8,02 6B B2 9B 45 39 CB 3D,temp=42.00
1779899364.917,0x100,8,00 1F A1 E9 68 CC 62 4A,speed=0.00
1779899364.992,0x200,8,45 64 2B C9 2C 23 A8 49,fuel=100.00
1779899365.102,0x300,8,02 83 B7 14 35 4B BE BA,temp=42.00
1779899365.181,0x100,8,00 A2 73 7B 90 43 61 AB,speed=0.00
1779899365.273,0x200,8,64 64 CE 8C 30 8D 7D 06,fuel=100.00
1779899365.379,0x300,8,02 87 EF D1 0A B1 98 45,temp=42.00
1779899365.459,0x100,8,00 25 B6 FC 23 2C 6D 84,speed=0.00
1779899365.544,0x200,8,67 64 C2 F6 21 65 71 3D,fuel=100.00
1779899365.651,0x300,8,02 24 08 93 01 03 1D 37,temp=42.00
1779899365.758,0x100,8,00 B4 DC BF FA 42 E1 43,speed=0.00
1779899365.848,0x200,8,A9 64 E6 63 3A 78 10 A9,fuel=100.00
1779899365.934,0x300,8,02 2B 7B 63 CA 88 90 32,temp=42.00
1779899366.031,0x100,8,00 A7 AA EA CA 31 E9 64,speed=0.00
1779899366.127,0x200,8,B8 64 93 C7 82 A9 05 B7,fuel=100.00
1779899366.210,0x300,8,02 D9 50 EF 17 32 07 59,temp=42.00
1779899366.300,0x100,8,00 06 98 23 F0 78 06 96,speed=0.00
1779899366.386,0x200,8,D3 64 F1 88 D6 74 1E 2E,fuel=100.00
1779899366.484,0x300,8,02 64 53 4B C8 A1 B9 07,temp=42.00
1779899366.586,0x100,8,00 04 89 84 59 39 F9 F9,speed=0.00
1779899366.687,0x200,8,BB 64 94 80 5C A4 88 0B,fuel=100.00
1779899366.769,0x300,8,02 69 1D 5E 85 0E 53 80,temp=42.00
1779899366.861,0x100,8,00 6B 7A A0 45 74 25 A0,speed=0.00
1779899366.975,0x200,8,5B 64 60 42 AE BF C3 79,fuel=100.00
1779899367.047,0x300,8,02 41 C3 70 BE 40 02 97,temp=42.00
1779899367.154,0x100,8,00 2B 8C EB 88 54 0B 33,speed=0.00
1779899367.235,0x200,8,49 64 36 9F 7D 50 21 8A,fuel=100.00
1779899367.336,0x300,8,02 1E E3 FF DE 68 0E 81,temp=42.00
1779899367.424,0x100,8,00 46 B3 D3 C1 3D B0 24,speed=0.00
1779899367.532,0x200,8,8F 64 11 36 7C D6 D8 66,fuel=100.00
1779899367.627,0x300,8,02 2E 17 3D 81 ED A8 1C,temp=42.00
1779899367.701,0x100,8,00 A3 12 53 D5 35 AC C7,speed=0.00
1779899367.794,0x200,8,41 64 73 25 23 85 62 FC,fuel=100.00
1779899367.886,0x300,8,02 65 2A 3F BF 80 8F B1,temp=42.00
1779899367.990,0x100,8,00 B0 96 58 A9 81 FF A2,speed=0.00
1779899368.077,0x200,8,A1 64 9A 79 BB C2 C0 6D,fuel=100.00
1779899368.173,0x300,8,02 CF DA 88 10 EF 4B FE,temp=42.00
1779899368.261,0x100,8,00 FB 9A A5 A2 3C 03 05,speed=0.00
1779899368.370,0x200,8,94 64 08 A7 B9 13 67 F8,fuel=100.00
1779899368.454,0x300,8,02 41 52 96 60 9D 71 72,temp=42.00
1779899368.571,0x100,8,00 47 E4 89 65 BE F9 74,speed=0.00
1779899368.655,0x200,8,28 64 CF 44 E6 30 FC AD,fuel=100.00
1779899368.742,0x300,8,02 28 2D ED 08 7F B6 60,temp=42.00
1779899368.827,0x100,8,00 25 0E C0 C6 88 83 5D,speed=0.00
1779899368.935,0x200,8,E5 64 B8 EC 6A CC AA A5,fuel=100.00
1779899369.021,0x300,8,02 62 E4 CA AE 34 2F C6,temp=42.00
1779899369.136,0x100,8,00 FA 5B AA AA CC 4B D6,speed=0.00
1779899369.211,0x200,8,1D 64 F5 5E AC 96 CA 92,fuel=100.00
1779899369.329,0x300,8,02 A1 03 FF 50 8C 6F EC,temp=42.00
1779899369.396,0x100,8,00 42 01 4A FD 7B 63 39,speed=0.00
1779899369.490,0x200,8,10 64 76 FA 4F FE E3 E3,fuel=100.00
1779899369.581,0x300,8,02 FA DF 2D 69 9C 0A 0B,temp=42.00
1779899369.669,0x100,8,00 A2 B8 97 5E 6D 5D 4A,speed=0.00
1779899369.774,0x200,8,4A 64 17 CE A0 AE 2F 28,fuel=100.00
1779899369.866,0x300,8,02 08 B0 DC EC 53 08 1C,temp=42.00
1779899369.948,0x100,8,00 46 E6 17 2A A5 48 D3,speed=0.00
1779899370.048,0x200,8,89 64 74 90 A6 93 64 EF,fuel=100.00
1779899370.149,0x300,8,02 54 50 AE E2 08 17 B1,temp=42.00
1779899370.239,0x100,8,00 00 01 CA FC 9E C5 1C,speed=0.00
1779899370.334,0x200,8,3D 64 97 79 71 AB FB D3,fuel=100.00
1779899370.420,0x300,8,02 6A 76 23 B9 9C FF 0E,temp=42.00
1779899370.533,0x100,8,00 0D 32 42 5F 28 76 9D,speed=0.00
1779899370.630,0x200,8,D6 64 BD AE A2 98 14 47,fuel=100.00
1779899370.710,0x300,8,02 10 82 A8 34 BE 5B 81,temp=42.00
1779899370.811,0x100,8,00 D7 19 C0 87 6C 1E D9,speed=0.00
1779899370.898,0x200,8,57 64 40 20 5C 50 28 DC,fuel=100.00
1779899371.001,0x300,8,02 80 9A D1 99 0D 1C 5E,temp=42.00
1779899371.075,0x100,8,00 AE 9C CB CE CC 0B 23,speed=0.00
1779899371.173,0x200,8,AB 64 8C 63 CD C3 40 15,fuel=100.00
1779899371.277,0x300,8,02 A5 2E B8 D0 B5 7D D0,temp=42.00
1779899371.377,0x100,8,00 62 61 80 D0 34 39 52,speed=0.00
1779899371.467,0x200,8,65 64 27 CC 93 90 29 83,fuel=100.00
1779899371.567,0x300,8,02 A1 4F 93 73 27 92 25,temp=42.00
1779899371.641,0x100,8,00 5E 13 D0 9E 40 05 A2,speed=0.00
1779899371.732,0x200,8,E3 64 C1 6A DA FF 02 55,fuel=100.00
1779899371.843,0x300,8,02 C1 32 A6 A5 E7 C7 79,temp=42.00
1779899371.941,0x100,8,00 2D 4A 9C 83 8A BF 42,speed=0.00
1779899372.035,0x200,8,DF 64 83 70 76 95 53 A1,fuel=100.00
1779899372.129,0x300,8,02 E9 2E A1 CE 19 1B AA,temp=42.00
1779899372.201,0x100,8,00 C0 81 12 E0 D5 64 86,speed=0.00
1779899372.294,0x200,8,C1 64 40 D1 05 4F 17 C2,fuel=100.00
1779899372.390,0x300,8,02 2B ED 61 E2 5A 31 09,temp=42.00
1779899372.490,0x100,8,00 DC E4 41 8D C1 99 BF,speed=0.00
1779899372.587,0x200,8,37 64 10 8B 9F CF 94 34,fuel=100.00
1779899372.676,0x300,8,02 C7 D4 0C 60 AB A4 EB,temp=42.00
1779899372.785,0x100,8,00 66 9D 35 D4 82 40 7B,speed=0.00
1779899372.864,0x200,8,D5 64 3A E0 E2 86 84 58,fuel=100.00
1779899372.958,0x300,8,02 10 0D 61 C5 39 55 AA,temp=42.00
1779899373.060,0x100,8,00 E1 C1 55 40 FC F0 52,speed=0.00
1779899373.162,0x200,8,E2 64 69 FD B9 0F F8 42,fuel=100.00
1779899373.236,0x300,8,02 7F 73 39 40 1C 2A 68,temp=42.00
1779899373.328,0x100,8,00 78 16 3F AF D9 9C 3D,speed=0.00
1779899373.425,0x200,8,6A 64 F6 DE FA 57 E1 C5,fuel=100.00
1779899373.523,0x300,8,02 4C 10 7F A1 80 8A 96,temp=42.00
1779899373.610,0x100,8,00 2C D5 EB CA DC 77 EB,speed=0.00
1779899373.727,0x200,8,9A 64 A0 95 3F 24 06 EE,fuel=100.00
1779899373.801,0x300,8,02 A4 26 CF 66 4B 41 B7,temp=42.00
1779899373.902,0x100,8,00 99 1D 0C FA 22 31 36,speed=0.00
1779899373.996,0x200,8,BA 64 A3 1B DA 49 98 FE,fuel=100.00
1779899374.074,0x300,8,02 36 BA 7D A9 66 FC EF,temp=42.00
1779899374.172,0x100,8,00 52 7B 17 F4 61 79 D7,speed=0.00
1779899374.270,0x200,8,A3 64 67 91 D5 37 D3 9F,fuel=100.00
1779899374.363,0x300,8,02 97 52 0F 17 6B 4C 87,temp=42.00
1779899374.480,0x100,8,00 07 09 28 21 EB 37 86,speed=0.00
1779899374.565,0x200,8,43 64 5D 2A 05 F3 B6 11,fuel=100.00
1779899374.645,0x300,8,02 8B 1A 57 9B 5C 58 1C,temp=42.00
1779899374.732,0x100,8,00 BB 97 A7 A6 70 D4 74,speed=0.00
1779899374.833,0x200,8,16 64 F5 BE DC E4 27 40,fuel=100.00
1779899374.937,0x300,8,02 8A A1 7F 36 3E B5 FB,temp=42.00
1779899375.014,0x100,8,00 0A 38 DA EA 6D 1B 35,speed=0.00
1779899375.115,0x200,8,1C 64 D7 F0 BF AF 0F E7,fuel=100.00
1779899375.209,0x300,8,02 F4 B3 19 97 99 C7 2A,temp=42.00
1779899375.309,0x100,8,00 F3 A3 C7 8B 1C 6E F7,speed=0.00
1779899375.405,0x200,8,58 64 8E 61 C5 B9 B7 70,fuel=100.00
1779899375.479,0x300,8,02 B1 FE 43 1F FA 94 4B,temp=42.00
1779899375.579,0x100,8,00 9A FD 98 52 1E F3 EC,speed=0.00
1779899375.689,0x200,8,92 64 5B 71 7C 55 55 83,fuel=100.00
1779899375.769,0x300,8,02 E1 7C EF 77 F5 80 E8,temp=42.00
1779899375.869,0x100,8,00 5C E4 B7 6A A9 0E FF,speed=0.00
1779899375.959,0x200,8,D3 64 4D F7 EF A5 8B DD,fuel=100.00
1779899376.067,0x300,8,02 74 60 66 42 EE 1F 4D,temp=42.00
1779899376.138,0x100,8,00 3E 44 4A E9 09 6C 05,speed=0.00
1779899376.244,0x200,8,8F 64 03 5D DF 6A 0C DE,fuel=100.00
1779899376.345,0x300,8,02 30 72 AC DC E9 FB 9A,temp=42.00
1779899376.433,0x100,8,00 0C 4B 9F 39 F4 6B DB,speed=0.00
1779899376.523,0x200,8,26 64 54 EB F3 F7 A1 8C,fuel=100.00
1779899376.610,0x300,8,02 55 14 CA 91 B6 BE BD,temp=42.00
1779899376.700,0x100,8,00 54 9E 94 BC 54 77 B7,speed=0.00
1779899376.813,0x200,8,FA 64 0F 01 0B A6 2B BB,fuel=100.00
1779899376.891,0x300,8,02 28 3B E5 24 7B 22 34,temp=42.00
1779899377.002,0x100,8,00 0C 9A 1B 27 68 C7 33,speed=0.00
1779899377.098,0x200,8,B0 64 AD 2D 5F 65 5E CF,fuel=100.00
1779899377.167,0x300,8,02 1D D8 25 E1 0D 10 36,temp=42.00
1779899377.266,0x100,8,00 51 58 73 95 2B 54 0A,speed=0.00
1779899377.364,0x200,8,39 64 62 9B 4D 87 41 F7,fuel=100.00
1779899377.468,0x300,8,02 E5 08 84 5D 45 C7 D0,temp=42.00
1779899377.559,0x100,8,00 08 1C 0C 26 FB 6F 7D,speed=0.00
1779899377.681,0x200,8,10 64 80 71 6A 81 B7 8E,fuel=100.00
1779899377.737,0x300,8,02 04 62 F1 74 E6 C8 9B,temp=42.00
1779899377.835,0x100,8,00 CD 2E A3 3B AA 42 AD,speed=0.00
1779899377.941,0x200,8,B9 64 B6 0A 92 F8 09 23,fuel=100.00
1779899378.009,0x300,8,02 A1 70 0E 51 1E A2 6F,temp=42.00
1779899378.120,0x100,8,00 82 1F D2 E2 5D C3 21,speed=0.00
1779899378.206,0x200,8,B1 64 F1 EA F6 8A BD 54,fuel=100.00
1779899378.303,0x300,8,02 55 F4 0D 3D AE D5 7E,temp=42.00
1779899378.394,0x100,8,00 8B F4 1C 44 4E D6 DF,speed=0.00
1779899378.489,0x200,8,4C 64 79 BC 62 9C E1 BE,fuel=100.00
1779899378.598,0x300,8,02 E2 E8 1E 94 58 7B 65,temp=42.00
1779899378.688,0x100,8,00 5A C1 F9 99 14 8E DE,speed=0.00
1779899378.768,0x200,8,9C 64 CA D2 8C 46 6A 87,fuel=100.00
1779899378.871,0x300,8,02 89 DC 5F B3 62 20 4B,temp=42.00
1779899378.964,0x100,8,00 81 CC 76 56 79 F6 7A,speed=0.00
1779899379.061,0x200,8,97 64 FF 4B BD C5 41 06,fuel=100.00
1779899379.171,0x300,8,02 E1 7D C9 C9 6E F5 A4,temp=42.00
1779899379.260,0x100,8,00 01 CE DF CF EE A1 F4,speed=0.00
1779899379.349,0x200,8,E3 64 1F D1 DB 57 F3 95,fuel=100.00
1779899379.444,0x300,8,02 0B 97 4C 3E DD C1 92,temp=42.00
1779899379.551,0x100,8,00 44 D2 44 90 B9 68 4A,speed=0.00
1779899379.641,0x200,8,CB 64 A7 4D F1 23 EC 51,fuel=100.00
1779899379.735,0x300,8,02 81 1F 37 AB BB 08 84,temp=42.00
1779899379.821,0x100,8,00 73 7F 11 DA 44 5A 66,speed=0.00
1779899379.935,0x200,8,20 64 67 AC 52 06 00 44,fuel=100.00
1779899380.023,0x300,8,02 67 51 62 26 86 C9 F1,temp=42.00
1779899380.104,0x100,8,00 51 31 37 51 A4 AA F4,speed=0.00
1779899380.201,0x200,8,D6 64 52 53 2A 67 CD 86,fuel=100.00
1779899380.294,0x300,8,02 11 93 02 E8 77 6B 69,temp=42.00
1779899380.388,0x100,8,00 E9 AD 9B 80 1E 62 93,speed=0.00
1779899380.482,0x200,8,29 64 9C 2C B9 AA C6 A8,fuel=100.00
1779899380.594,0x300,8,02 07 10 D5 45 99 9F 44,temp=42.00
1779899380.695,0x100,8,00 BB 10 58 47 7B 8C 98,speed=0.00
1779899380.786,0x200,8,18 64 26 96 48 B6 D4 33,fuel=100.00
1779899380.870,0x300,8,02 D2 36 AF 39 2F 52 1D,temp=42.00
1779899380.981,0x100,8,00 0B 35 20 B1 DD 14 6B,speed=0.00
1779899381.073,0x200,8,1A 64 A3 38 DC A2 31 72,fuel=100.00
1779899381.161,0x300,8,02 99 A1 D7 B7 7E 17 F7,temp=42.00
1779899381.255,0x100,8,00 A5 EF 81 78 80 0A FB,speed=0.00
1779899381.328,0x200,8,95 64 0E 07 85 CB 3A 5D,fuel=100.00
1779899381.435,0x300,8,02 75 79 F6 A5 B1 9A 64,temp=42.00
1779899381.544,0x100,8,00 68 EA 58 8A 9B DA 6C,speed=0.00
1779899381.671,0x200,8,19 64 11 11 FC AF 27 A8,fuel=100.00
1779899381.710,0x300,8,02 63 FD 36 97 21 59 D4,temp=42.00
1779899381.801,0x100,8,00 D1 19 48 D9 83 E1 AC,speed=0.00
1779899381.887,0x200,8,E3 64 27 04 AE 97 97 5D,fuel=100.00
1779899381.983,0x300,8,02 9E 03 F0 03 83 18 C6,temp=42.00
1779899382.090,0x100,8,00 E6 FE 96 45 14 86 24,speed=0.00
1779899382.177,0x200,8,EE 64 AE 91 37 FA 47 3E,fuel=100.00
1779899382.271,0x300,8,02 BA 98 4B B0 BA 0B 4E,temp=42.00
1779899382.367,0x100,8,00 8A 3C 21 12 CF 40 03,speed=0.00
1779899382.448,0x200,8,0C 64 A5 43 D5 86 B7 1A,fuel=100.00
1779899382.540,0x300,8,02 A6 8C 0D 2E 11 E3 00,temp=42.00
1779899382.645,0x100,8,00 B7 99 30 D0 AA 35 46,speed=0.00
1779899382.737,0x200,8,56 64 40 3E 1C 14 F9 C3,fuel=100.00
1779899382.838,0x300,8,02 1A 40 DF BE 48 1E 5C,temp=42.00
1779899382.941,0x100,8,00 99 A1 E8 02 84 6B DC,speed=0.00
1779899383.015,0x200,8,E5 64 A3 EC 81 76 25 0E,fuel=100.00
1779899383.121,0x300,8,02 2C 38 D5 C5 AE D2 3C,temp=42.00
1779899383.221,0x100,8,00 11 A5 AF 54 7F A4 10,speed=0.00
1779899383.298,0x200,8,EB 64 A9 AF EC 31 48 FD,fuel=100.00
1779899383.384,0x300,8,02 57 8B F5 D0 6B EC A2,temp=42.00
1779899383.493,0x100,8,00 07 C0 07 68 60 4E 8E,speed=0.00
1779899383.581,0x200,8,9F 64 78 76 E8 CD 7F 7D,fuel=100.00
1779899383.671,0x300,8,02 A1 CC 17 5E 97 C3 54,temp=42.00
1779899383.760,0x100,8,00 EE 47 C6 FD FC 1F BC,speed=0.00
1779899383.886,0x200,8,F2 64 7C 1A 29 EE 0E E1,fuel=100.00
1779899383.984,0x300,8,02 78 FC 7E 74 A1 0E 46,temp=42.00
1779899384.045,0x100,8,00 09 02 DB A1 6E 74 2B,speed=0.00
1779899384.147,0x200,8,97 64 FD 42 86 D9 93 55,fuel=100.00
1779899384.239,0x300,8,02 65 DC 15 30 42 76 FA,temp=42.00
1779899384.326,0x100,8,00 2C 72 90 CC 5B 62 EF,speed=0.00
1779899384.419,0x200,8,C9 64 42 BB 77 59 0C 71,fuel=100.00
1779899384.514,0x300,8,02 FB 78 A0 45 92 6A 13,temp=42.00
1779899384.611,0x100,8,00 A7 7F A3 E3 56 55 63,speed=0.00
1779899384.700,0x200,8,4F 64 08 0F 8A 4C 35 A5,fuel=100.00
1779899384.792,0x300,8,02 31 EA E1 A7 9C 65 87,temp=42.00
1779899384.886,0x100,8,00 66 85 2E 35 6C EC AF,speed=0.00
1779899384.987,0x200,8,3E 64 C4 56 54 C2 59 D1,fuel=100.00
1779899385.092,0x300,8,02 1E 12 43 9C 31 10 ED,temp=42.00
1779899385.180,0x100,8,00 B4 D6 F5 EB C8 DC 45,speed=0.00
1779899385.269,0x200,8,ED 64 6D 58 C9 66 D1 F4,fuel=100.00
1779899385.370,0x300,8,02 72 AF 93 D4 F4 7A 83,temp=42.00
1779899385.471,0x100,8,00 A8 ED AB C7 9D CA 9F,speed=0.00
1779899385.545,0x200,8,65 64 B7 61 97 3C 39 69,fuel=100.00
1779899385.644,0x300,8,02 CD E1 B1 75 05 5A 96,temp=42.00
1779899385.759,0x100,8,00 A2 50 7C 8C 3B 54 B6,speed=0.00
1779899385.835,0x200,8,4A 64 21 01 70 F0 79 68,fuel=100.00
1779899385.934,0x300,8,02 91 B4 68 67 36 29 B3,temp=42.00
1779899386.033,0x100,8,00 14 55 8A 3F 8C E2 0B,speed=0.00
1779899386.117,0x200,8,05 64 21 E8 68 41 B4 23,fuel=100.00
1779899386.201,0x300,8,02 78 41 85 79 A6 51 22,temp=42.00
1779899386.299,0x100,8,00 E2 82 48 8A 3D F6 E1,speed=0.00
1779899386.385,0x200,8,59 64 82 34 33 75 6D 82,fuel=100.00
1779899386.490,0x300,8,02 75 BF C6 00 1D FD 23,temp=42.00
1779899386.580,0x100,8,00 D8 B7 60 5D 5C 27 D6,speed=0.00
1779899386.691,0x200,8,86 64 5D 28 C0 F0 06 CF,fuel=100.00
1779899386.776,0x300,8,02 AE AE FF 87 94 AB B4,temp=42.00
1779899386.864,0x100,8,00 BB 2E A9 B6 20 C0 3F,speed=0.00
1779899386.973,0x200,8,3F 64 6F 76 0D D2 0B BD,fuel=100.00
1779899387.058,0x300,8,02 74 75 C5 E4 3A E9 59,temp=42.00
1779899387.158,0x100,8,00 4F 61 4F E4 E1 CE 49,speed=0.00
1779899387.254,0x200,8,3B 64 99 59 35 FA E4 9E,fuel=100.00
1779899387.344,0x300,8,02 E7 AA E7 00 3B CD 7D,temp=42.00
1779899387.443,0x100,8,00 74 C9 32 2F D1 D6 55,speed=0.00
1779899387.515,0x200,8,73 64 CC 33 05 E2 37 C5,fuel=100.00
1779899387.617,0x300,8,02 25 86 BC C5 A8 7F 94,temp=42.00
1779899387.725,0x100,8,00 2F E2 99 B9 DC 4F 62,speed=0.00
1779899387.820,0x200,8,76 64 3D 8B 16 DC AD 00,fuel=100.00
1779899387.920,0x300,8,02 08 0C 1D EC A5 16 C7,temp=42.00
1779899387.981,0x100,8,00 F3 55 D9 96 02 32 20,speed=0.00
1779899388.092,0x200,8,E6 64 08 7A C6 3B 13 3A,fuel=100.00
1779899388.182,0x300,8,02 3A 47 98 FC AC 6F C9,temp=42.00
1779899388.268,0x100,8,00 0E C3 5B C9 EC E2 2E,speed=0.00
1779899388.363,0x200,8,D9 64 D2 0B 4E 28 3E 82,fuel=100.00
1779899388.468,0x300,8,02 E3 29 46 56 BE 2C EE,temp=42.00
1779899388.548,0x100,8,00 5E C4 37 DF B7 63 49,speed=0.00
1779899388.666,0x200,8,88 64 AD 01 5F E9 33 0D,fuel=100.00
1779899388.758,0x300,8,02 F0 F1 F5 6A 8B 78 1E,temp=42.00
1779899388.843,0x100,8,00 07 1B 04 02 6D ED 6E,speed=0.00
1779899388.938,0x200,8,4B 64 8A F6 BC A2 3C B8,fuel=100.00
1779899389.019,0x300,8,02 F1 BA FC 66 35 20 37,temp=42.00
1779899389.127,0x100,8,00 1C DD 56 1F C6 41 3C,speed=0.00
1779899389.207,0x200,8,26 64 66 D4 7C BD 7D E6,fuel=100.00
1779899389.310,0x300,8,02 C6 2F 48 3F 61 B8 84,temp=42.00
1779899389.415,0x100,8,00 2C 65 FA 6E B5 F4 E6,speed=0.00
1779899389.501,0x200,8,CC 64 A1 C1 97 25 B9 43,fuel=100.00
1779899389.594,0x300,8,02 FB 03 23 AE 2F CD BA,temp=42.00
1779899389.674,0x100,8,00 82 7D 94 8B 13 5B 61,speed=0.00
1779899389.769,0x200,8,E6 64 32 C0 E4 15 49 17,fuel=100.00
1779899389.862,0x300,8,02 0E E8 48 0A 63 58 71,temp=42.00
1779899389.958,0x100,8,00 75 98 31 04 09 34 FD,speed=0.00
1779899390.065,0x200,8,85 64 2F 75 E5 B4 D4 0D,fuel=100.00
1779899390.144,0x300,8,02 FA 61 F7 9C 46 93 28,temp=42.00
1779899390.239,0x100,8,00 3D EC D4 99 29 82 28,speed=0.00
1779899390.335,0x200,8,E5 64 92 79 45 E8 A4 B2,fuel=100.00
1779899390.443,0x300,8,02 2A 9E B9 46 C9 DE 8E,temp=42.00
1779899390.538,0x100,8,00 76 D2 AB A3 85 E5 5E,speed=0.00
1779899390.620,0x200,8,9E 64 D4 FB E0 14 7C 78,fuel=100.00
1779899390.712,0x300,8,02 C1 60 34 48 45 A1 AE,temp=42.00
1779899390.814,0x100,8,00 6D 2E A9 52 48 9E 54,speed=0.00
1779899390.897,0x200,8,7B 64 13 DE 80 A6 B8 6C,fuel=100.00
1779899390.993,0x300,8,02 48 C8 5C E5 FD 88 2F,temp=42.00
1779899391.075,0x100,8,00 51 DE 5E 9B DE 45 C6,speed=0.00
1779899391.167,0x200,8,58 64 F9 24 AC 1F 4B 28,fuel=100.00
1779899391.274,0x300,8,02 94 22 A0 17 0D 6B 22,temp=42.00
1779899391.369,0x100,8,00 18 A3 89 1B D8 42 14,speed=0.00
1779899391.481,0x200,8,62 64 14 04 E2 5F E7 EC,fuel=100.00
1779899391.565,0x300,8,02 B2 5A 9A 81 62 D5 D2,temp=42.00
1779899391.654,0x100,8,00 72 56 C7 61 2F 92 AD,speed=0.00
1779899391.736,0x200,8,97 64 62 71 3D 8A D1 68,fuel=100.00
1779899391.840,0x300,8,02 E6 2B 26 B9 9D EA 08,temp=42.00
1779899391.930,0x100,8,00 72 18 2F F7 D5 79 69,speed=0.00
1779899392.019,0x200,8,29 64 4B 51 D8 F5 A4 C3,fuel=100.00
1779899392.114,0x300,8,02 A5 AD 19 9A 41 50 82,temp=42.00
1779899392.212,0x100,8,00 A1 EF 12 76 73 82 3D,speed=0.00
1779899392.315,0x200,8,83 64 42 B2 7A 89 C6 A7,fuel=100.00
1779899392.392,0x300,8,02 BB E3 9B 71 00 C4 E5,temp=42.00
1779899392.508,0x100,8,00 37 DB 58 AE EC 79 E3,speed=0.00
1779899392.594,0x200,8,59 64 74 53 BD 59 1A B9,fuel=100.00
1779899392.698,0x300,8,02 71 AF 86 AB DF 1F B5,temp=42.00
1779899392.771,0x100,8,00 5C 65 39 26 8E 25 4D,speed=0.00
1779899392.866,0x200,8,0D 64 16 C4 A7 62 29 DB,fuel=100.00
1779899392.961,0x300,8,02 08 7C 63 3C AD 88 41,temp=42.00
1779899393.041,0x100,8,00 F2 59 00 6E 9A F6 7B,speed=0.00
1779899393.152,0x200,8,33 64 F2 35 FC 5E 17 0A,fuel=100.00
1779899393.229,0x300,8,02 99 FA 5D 65 A2 18 60,temp=42.00
1779899393.346,0x100,8,00 94 1C 5D 96 E9 68 C3,speed=0.00
1779899393.429,0x200,8,D4 64 08 2A BE 50 55 CD,fuel=100.00
1779899393.511,0x300,8,02 CA D2 17 16 19 D9 01,temp=42.00
1779899393.625,0x100,8,00 6E 25 0A FE 15 7C C6,speed=0.00
1779899393.705,0x200,8,E7 64 E2 C0 94 2A 20 6A,fuel=100.00
1779899393.803,0x300,8,02 D9 CA 90 27 5E 44 A1,temp=42.00
1779899393.894,0x100,8,00 97 69 DB 70 49 9B F2,speed=0.00
1779899393.995,0x200,8,DE 64 85 7C A8 CC 26 FA,fuel=100.00
1779899394.083,0x300,8,02 61 53 21 51 49 7A EB,temp=42.00
1779899394.179,0x100,8,00 90 74 EB 10 07 39 FF,speed=0.00
1779899394.262,0x200,8,FE 64 D4 37 1D E9 0F C7,fuel=100.00
1779899394.370,0x300,8,02 97 4D BA BC 0A 34 12,temp=42.00
1779899394.470,0x100,8,00 39 5C 19 76 10 4A 40,speed=0.00
1779899394.577,0x200,8,B2 64 72 A5 E5 B8 F7 D2,fuel=100.00
1779899394.677,0x300,8,02 9A 7F 8D 1E 7A F3 66,temp=42.00
1779899394.778,0x100,8,00 7A 5D 42 90 C3 8A 26,speed=0.00
1779899394.865,0x200,8,BB 64 75 0F 8D 1D 6B A3,fuel=100.00
1779899394.960,0x300,8,02 B1 45 9B 68 34 C4 DF,temp=42.00
1779899395.046,0x100,8,00 BD AE C7 F1 BD 0E 37,speed=0.00
1779899395.145,0x200,8,75 64 0F 53 F2 D0 20 53,fuel=100.00
1779899395.232,0x300,8,02 1D 60 FD 8E 0F BD 47,temp=42.00
1779899395.331,0x100,8,00 5F 39 DB 9C 97 61 71,speed=0.00
1779899395.423,0x200,8,B9 64 AF 61 BD 87 7E 45,fuel=100.00
1779899395.510,0x300,8,02 9C 3D 5F 62 F5 D2 6A,temp=42.00
1779899395.619,0x100,8,00 65 A0 85 9A 7E F4 46,speed=0.00
1779899395.713,0x200,8,DB 64 AC 30 BF 82 B4 11,fuel=100.00
1779899395.808,0x300,8,02 DD 23 DE 68 1B D0 2B,temp=42.00
1779899395.890,0x100,8,00 A2 20 92 98 BD CA 9D,speed=0.00
1779899395.991,0x200,8,0E 64 9C 69 60 B1 00 B4,fuel=100.00
1779899396.085,0x300,8,02 B6 66 77 51 B1 2C AD,temp=42.00
1779899396.186,0x100,8,00 09 D6 4B 6E C7 5D A1,speed=0.00
1779899396.263,0x200,8,0A 64 5E 3E 0B 6C BD E8,fuel=100.00
1779899396.361,0x300,8,02 04 9A ED 2D 31 DE 4F,temp=42.00
1779899396.461,0x100,8,00 3E AF DE B0 BB FC 97,speed=0.00
1779899396.543,0x200,8,50 64 F2 F0 80 A2 2C DF,fuel=100.00
1779899396.645,0x300,8,02 2E 16 48 40 BA 24 D5,temp=42.00
1779899396.729,0x100,8,00 7B 80 0D D4 35 70 47,speed=0.00
1779899396.832,0x200,8,66 64 26 C9 23 BE 61 B0,fuel=100.00
1779899396.924,0x300,8,02 8B 1A B1 76 D3 84 0B,temp=42.00
1779899397.011,0x100,8,00 24 93 E8 43 C5 22 41,speed=0.00
1779899397.113,0x200,8,56 64 F9 12 58 72 4A DD,fuel=100.00
1779899397.217,0x300,8,02 B3 F6 B2 1F 9B 16 C9,temp=42.00
1779899397.298,0x100,8,00 5D 72 99 19 E5 5F FC,speed=0.00
1779899397.394,0x200,8,63 64 50 07 65 AF C7 BE,fuel=100.00
1779899397.494,0x300,8,02 20 8A 7A D2 8A 78 10,temp=42.00
1779899397.583,0x100,8,00 D9 1F 05 23 81 2A B6,speed=0.00
1779899397.704,0x200,8,D2 64 61 1C 03 06 D5 4B,fuel=100.00
1779899397.763,0x300,8,02 6E EF 32 56 3C 45 F2,temp=42.00
1779899397.865,0x100,8,00 24 5C 75 F7 9B 2D 53,speed=0.00
1779899397.960,0x200,8,1F 64 15 61 F1 D4 D1 73,fuel=100.00
1779899398.047,0x300,8,02 10 F1 15 5D 39 2D DD,temp=42.00
1779899398.133,0x100,8,00 2F 8F 58 12 81 86 95,speed=0.00
1779899398.244,0x200,8,36 64 BB D8 E0 B5 97 7F,fuel=100.00
1779899398.328,0x300,8,02 C9 9F B1 4A 02 DC E4,temp=42.00
1779899398.421,0x100,8,00 1D 14 E5 CB CD 42 99,speed=0.00
1779899398.523,0x200,8,10 64 7A 50 F7 FF D0 6E,fuel=100.00
1779899398.616,0x300,8,02 9A 41 E7 C7 F4 94 BC,temp=42.00
1779899398.712,0x100,8,00 05 B4 FA 90 B5 71 F4,speed=0.00
1779899398.791,0x200,8,77 64 BF 09 43 FA 24 B8,fuel=100.00
1779899398.901,0x300,8,02 9D C7 B0 DE 23 1C EE,temp=42.00
1779899398.989,0x100,8,00 74 1A CE 04 5F A0 E0,speed=0.00
1779899399.077,0x200,8,E1 64 99 F3 3D 53 AE BF,fuel=100.00
1779899399.174,0x300,8,02 31 DE EE A1 0C 11 2E,temp=42.00
1779899399.263,0x100,8,00 BD 3C 53 FB 0F C0 66,speed=0.00
1779899399.372,0x200,8,8D 64 31 85 CD 9E 4A F2,fuel=100.00
1779899399.461,0x300,8,02 99 52 06 46 21 43 6A,temp=42.00
1779899399.556,0x100,8,00 3C B0 4E 0A 70 56 FE,speed=0.00
1779899399.644,0x200,8,12 64 13 F7 5C 8F A5 49,fuel=100.00
1779899399.733,0x300,8,02 46 EB FD FF F9 3D 01,temp=42.00
1779899399.831,0x100,8,00 2B A3 3C FB 58 2F 6C,speed=0.00
1779899399.929,0x200,8,D2 64 ED 9B A0 84 D0 B4,fuel=100.00
1779899400.022,0x300,8,02 29 7E EA F2 73 51 DB,temp=42.00
1779899400.111,0x100,8,00 90 AC BF 2C 34 B7 44,speed=0.00
1779899400.206,0x200,8,62 64 75 5B AD A4 EA A5,fuel=100.00
1779899400.299,0x300,8,02 31 C2 33 C6 83 D9 EB,temp=42.00
1779899400.401,0x100,8,00 18 F8 E5 23 51 55 00,speed=0.00
1779899400.496,0x200,8,07 64 71 E6 9B AC 36 B5,fuel=100.00
1779899400.583,0x300,8,02 41 33 A0 E3 C5 ED 98,temp=42.00
1779899400.687,0x100,8,00 57 73 CB D1 90 27 CC,speed=0.00
1779899400.781,0x200,8,07 64 33 2D BF 0B A5 80,fuel=100.00
1779899400.863,0x300,8,02 5E DD C5 BF E0 E7 34,temp=42.00
1779899400.945,0x100,8,00 05 B0 2A F1 FB 85 5A,speed=0.00
1779899401.052,0x200,8,68 64 B7 14 71 C4 AA D2,fuel=100.00
1779899401.134,0x300,8,02 10 CC 66 E8 8C 07 9D,temp=42.00
1779899401.246,0x100,8,00 92 6D 61 B9 92 44 FD,speed=0.00
1779899401.325,0x200,8,67 64 66 D4 70 68 0F 91,fuel=100.00
1779899401.421,0x300,8,02 82 BC 6B B9 3D 86 84,temp=42.00
1779899401.524,0x100,8,00 6E A4 CE 28 AE A8 5E,speed=0.00
1779899401.612,0x200,8,2D 64 39 C9 87 3E 35 21,fuel=100.00
1779899401.708,0x300,8,02 03 AB 96 2E EE 28 6B,temp=42.00
1779899401.813,0x100,8,00 84 18 A6 9E 8A 9E 42,speed=0.00
1779899401.896,0x200,8,72 64 B8 56 69 D5 C2 9B,fuel=100.00
1779899401.992,0x300,8,02 B9 8F AB CD 5F D2 7A,temp=42.00
1779899402.076,0x100,8,00 09 CE 20 94 E5 D5 76,speed=0.00
1779899402.166,0x200,8,6B 64 A6 2D 50 4F A2 95,fuel=100.00
1779899402.262,0x300,8,02 B1 04 6E 4D E6 53 24,temp=42.00
1779899402.376,0x100,8,00 33 03 45 16 92 AB 41,speed=0.00
1779899402.462,0x200,8,53 64 98 16 B9 29 BE D6,fuel=100.00
1779899402.556,0x300,8,02 45 4A 24 23 CB 8D E2,temp=42.00
1779899402.644,0x100,8,00 F7 21 C3 E6 7B F8 0E,speed=0.00
1779899402.730,0x200,8,5C 64 79 C4 5F 58 64 82,fuel=100.00
1779899402.825,0x300,8,02 F6 06 BD 6A 69 55 80,temp=42.00
1779899402.938,0x100,8,00 F1 B3 F5 31 00 DD 7C,speed=0.00
1779899403.009,0x200,8,2D 64 1E 1F D2 52 ED 1A,fuel=100.00
1779899403.128,0x300,8,02 46 7A 8B C8 FC 62 DE,temp=42.00
1779899403.213,0x100,8,00 EE BC 7D B3 B6 A7 C9,speed=0.00
1779899403.316,0x200,8,EC 64 40 EC B5 8A F3 6D,fuel=100.00
1779899403.408,0x300,8,02 D3 5E 32 45 BA C7 69,temp=42.00
1779899403.526,0x100,8,00 D9 01 23 7D 97 75 C5,speed=0.00
1779899403.604,0x200,8,44 64 AC 02 B0 92 05 F8,fuel=100.00
1779899403.693,0x300,8,02 88 CF 37 AC 38 5C 34,temp=42.00
1779899403.783,0x100,8,00 79 07 4E C6 F5 5E DD,speed=0.00
1779899403.881,0x200,8,8D 64 0B 90 56 9C E5 7F,fuel=100.00
1779899403.989,0x300,8,02 D3 52 B3 25 23 40 FF,temp=42.00
1779899404.061,0x100,8,00 C1 25 31 8D 98 16 99,speed=0.00
1779899404.160,0x200,8,83 64 BF 3F AC D0 E1 98,fuel=100.00
1779899404.249,0x300,8,02 1D 13 6F E1 59 36 77,temp=42.00
1779899404.344,0x100,8,00 C6 85 DD 19 B3 B4 14,speed=0.00
1779899404.444,0x200,8,1F 64 AD 89 76 73 1A 19,fuel=100.00
1779899404.544,0x300,8,02 08 BB 2B 35 BF 85 43,temp=42.00
1779899404.638,0x100,8,00 ED 91 72 9A 87 48 8D,speed=0.00
1779899404.723,0x200,8,DB 64 5A E5 1E 5F A2 66,fuel=100.00
1779899404.825,0x300,8,02 2D 53 3E 3E 40 02 4F,temp=42.00
1779899404.928,0x100,8,00 CC D4 C2 2D A1 E8 07,speed=0.00
1779899405.000,0x200,8,64 64 E6 87 E0 DA 7B D4,fuel=100.00
1779899405.094,0x300,8,02 7B AD 61 4F 7C 6A CE,temp=42.00
1779899405.202,0x100,8,00 06 B6 82 C1 C8 EC 33,speed=0.00
1779899405.293,0x200,8,FC 64 D8 66 40 33 9B 67,fuel=100.00
1779899405.383,0x300,8,02 A5 F6 44 3F A8 12 D4,temp=42.00
1779899405.484,0x100,8,00 91 8E 57 51 8F 3D EA,speed=0.00
1779899405.570,0x200,8,72 64 41 21 F0 EC 73 97,fuel=100.00
1779899405.671,0x300,8,02 05 4A 53 EB 3F 2E CA,temp=42.00
1779899405.771,0x100,8,00 59 1D 8F B6 E9 49 11,speed=0.00
1779899405.865,0x200,8,AB 64 A5 A3 A4 84 A5 88,fuel=100.00
1779899405.952,0x300,8,02 68 69 A3 D1 86 D8 6E,temp=42.00
1779899406.042,0x100,8,00 1E 15 A5 C3 64 05 F8,speed=0.00
1779899406.132,0x200,8,12 64 04 F7 B9 D7 D6 07,fuel=100.00
1779899406.220,0x300,8,02 20 0D DC C1 A4 5A D2,temp=42.00
1779899406.322,0x100,8,00 CE 85 26 BA 6E DE BE,speed=0.00
1779899406.422,0x200,8,78 64 EF F7 AB 93 60 DA,fuel=100.00
1779899406.515,0x300,8,02 5C 9C 15 EE E5 45 59,temp=42.00
1779899406.609,0x100,8,00 C3 C6 7F D6 9D 25 76,speed=0.00
1779899406.701,0x200,8,86 64 48 D2 28 3E 34 A6,fuel=100.00
1779899406.794,0x300,8,02 84 88 79 AD 93 FD 14,temp=42.00
1779899406.884,0x100,8,00 50 E4 1B D2 16 66 99,speed=0.00
1779899406.966,0x200,8,6B 64 F4 77 BE 88 54 8A,fuel=100.00
1779899407.060,0x300,8,02 DA B3 C9 79 0C 77 0E,temp=42.00
1779899407.152,0x100,8,00 93 07 1B 3A 72 44 03,speed=0.00
1779899407.248,0x200,8,79 64 3B 90 D1 7C D0 42,fuel=100.00
1779899407.353,0x300,8,02 98 16 90 F9 9A 0F 81,temp=42.00
1779899407.437,0x100,8,00 97 71 2A 07 DE 2A B0,speed=0.00
1779899407.526,0x200,8,09 64 97 5F AA 20 58 D8,fuel=100.00
1779899407.670,0x300,8,02 83 1E A9 FD D2 B6 C0,temp=42.00
1779899407.735,0x100,8,00 DB 85 D8 B1 27 EB AA,speed=0.00
1779899407.816,0x200,8,33 64 76 8F 64 03 F7 60,fuel=100.00
1779899407.909,0x300,8,02 AD AB F2 25 34 62 99,temp=42.00
1779899408.005,0x100,8,00 9D 7C BA BF 7F C0 E0,speed=0.00
1779899408.100,0x200,8,C1 64 91 38 F6 02 6C 9D,fuel=100.00
1779899408.185,0x300,8,02 42 C8 FF 15 47 E9 B6,temp=42.00
1779899408.292,0x100,8,00 89 14 A2 8B C2 69 26,speed=0.00
1779899408.384,0x200,8,80 64 AD BE CB 44 DC 37,fuel=100.00
1779899408.481,0x300,8,02 7D 64 4C 9D 0A E7 9C,temp=42.00
1779899408.582,0x100,8,00 E1 B7 BC 51 7D 19 7B,speed=0.00
1779899408.668,0x200,8,DB 64 A9 25 82 AD EE D3,fuel=100.00
1779899408.763,0x300,8,02 7C F6 9A A8 CE 53 78,temp=42.00
1779899408.852,0x100,8,00 2F C2 67 95 8E 45 67,speed=0.00
1779899408.944,0x200,8,27 64 BD 71 5B 46 88 10,fuel=100.00
1779899409.030,0x300,8,02 1C C2 7F 99 B3 29 4B,temp=42.00
1779899409.120,0x100,8,00 4F 80 EA 05 38 57 1D,speed=0.00
1779899409.235,0x200,8,5F 64 9E 84 72 66 EB B4,fuel=100.00
1779899409.325,0x300,8,02 B3 07 58 3E 99 56 32,temp=42.00
1779899409.424,0x100,8,00 6A 99 79 FA 4F 56 C6,speed=0.00
1779899409.504,0x200,8,4D 64 90 90 EF 53 9D 22,fuel=100.00
1779899409.611,0x300,8,02 46 6E F7 E5 FF C4 B7,temp=42.00
1779899409.698,0x100,8,00 1A 83 99 52 0C 56 90,speed=0.00
1779899409.775,0x200,8,CE 64 58 D3 29 D0 9C F6,fuel=100.00
1779899409.890,0x300,8,02 14 88 75 BD BC 2B 93,temp=42.00
1779899409.980,0x100,8,00 A5 73 1E 76 CD AE 66,speed=0.00
1779899410.067,0x200,8,79 64 5A 25 C3 96 89 5E,fuel=100.00
1779899410.164,0x300,8,02 E4 82 B4 7D AF 48 78,temp=42.00
1779899410.246,0x100,8,00 F7 AF 4F F8 5D FD 7E,speed=0.00
1779899410.367,0x200,8,AE 64 0A 0A 91 EA E7 EE,fuel=100.00
1779899410.435,0x300,8,02 8C F2 01 E7 12 86 53,temp=42.00
1779899410.536,0x100,8,00 10 B0 C7 0A 98 A1 B5,speed=0.00
1779899410.632,0x200,8,E9 64 1C 1F 24 BF 79 AF,fuel=100.00
1779899410.736,0x300,8,02 BD 0A 14 F4 42 FE DA,temp=42.00
1779899410.811,0x100,8,00 5C 83 52 F5 6F CD 94,speed=0.00
1779899410.944,0x200,8,36 64 81 5B FF 3F 71 06,fuel=100.00
1779899411.014,0x300,8,02 33 F1 A1 06 F4 66 41,temp=42.00
1779899411.099,0x100,8,00 4A 0D 63 17 47 31 A3,speed=0.00
1779899411.204,0x200,8,11 64 C6 70 97 AC 94 85,fuel=100.00
1779899411.283,0x300,8,02 97 00 27 BC C4 C0 D7,temp=42.00
1779899411.379,0x100,8,00 1F 4B 15 09 41 59 C9,speed=0.00
1779899411.469,0x200,8,53 64 9A 9D E0 1F 11 F6,fuel=100.00
1779899411.570,0x300,8,02 11 51 5A 82 FE 9D BE,temp=42.00
1779899411.668,0x100,8,00 E5 87 77 C8 64 25 74,speed=0.00
1779899411.745,0x200,8,B1 64 60 D5 A8 1F B4 E6,fuel=100.00
1779899411.847,0x300,8,02 43 02 2D 42 2A A1 AC,temp=42.00
1779899411.944,0x100,8,00 CF 32 89 4F 4A C6 82,speed=0.00
1779899412.041,0x200,8,EA 64 CA A1 B4 DD A4 2B,fuel=100.00
1779899412.123,0x300,8,02 46 10 17 15 8A 86 3C,temp=42.00
1779899412.216,0x100,8,00 44 E2 FC 8D 52 BF 32,speed=0.00
1779899412.321,0x200,8,E9 64 4F EE 3D 8E 77 ED,fuel=100.00
1779899412.412,0x300,8,02 9A B7 61 F3 FC 2F 40,temp=42.00
1779899412.518,0x100,8,00 DB 11 72 C4 16 1C B2,speed=0.00
1779899412.610,0x200,8,0B 64 89 9E 76 E0 12 09,fuel=100.00
1779899412.706,0x300,8,02 A6 E2 05 27 BE 4B F8,temp=42.00
1779899412.789,0x100,8,00 43 19 3E 37 4E 93 25,speed=0.00
1779899412.877,0x200,8,83 64 AC 3A A6 6D C5 A6,fuel=100.00
1779899412.977,0x300,8,02 2A A5 A9 60 AB 74 ED,temp=42.00
1779899413.076,0x100,8,00 4F 60 17 6B 14 BD 4A,speed=0.00
1779899413.171,0x200,8,62 64 9A 40 2C 5E 63 D4,fuel=100.00
1779899413.257,0x300,8,02 94 D6 1E 2C D0 F9 89,temp=42.00
1779899413.350,0x100,8,00 22 62 BD 29 1A 2B 45,speed=0.00
1779899413.452,0x200,8,9A 64 6D D7 45 74 08 1F,fuel=100.00
1779899413.534,0x300,8,02 71 F9 8C 10 50 0E 3D,temp=42.00
1779899413.629,0x100,8,00 F1 D5 0B 08 D7 E8 57,speed=0.00
1779899413.723,0x200,8,92 64 9E BD A9 72 E9 8F,fuel=100.00
1779899413.821,0x300,8,02 5B EF AF C6 CD 29 62,temp=42.00
1779899413.900,0x100,8,00 CF 51 80 98 B2 EB 0B,speed=0.00
1779899414.017,0x200,8,52 64 2C 12 B1 93 F1 06,fuel=100.00
1779899414.103,0x300,8,02 9F 29 7E AE BA CA 1E,temp=42.00
1779899414.209,0x100,8,00 58 D9 B0 A8 6E BB A1,speed=0.00
1779899414.299,0x200,8,47 64 9F 55 BC 2B 9C 68,fuel=100.00
1779899414.390,0x300,8,02 F1 9A D6 FA 8C D8 6D,temp=42.00
1779899414.486,0x100,8,00 22 15 16 7B D2 8A C9,speed=0.00
1779899414.596,0x200,8,88 64 39 AA 91 21 7B 76,fuel=100.00
1779899414.687,0x300,8,02 74 F5 35 09 F7 35 E8,temp=42.00
1779899414.776,0x100,8,00 C4 CC 95 CE D7 91 FE,speed=0.00
1779899414.880,0x200,8,80 64 B6 5C A9 30 B6 F8,fuel=100.00
1779899414.960,0x300,8,02 B0 38 81 98 FF 0E 7F,temp=42.00
1779899415.047,0x100,8,00 D3 44 AD 41 26 0C BB,speed=0.00
1779899415.145,0x200,8,DE 64 AA 87 A4 69 BA 76,fuel=100.00
1779899415.240,0x300,8,02 2F 3F AA 67 B7 6A 71,temp=42.00
1779899415.328,0x100,8,00 C9 77 0C C3 5A F7 78,speed=0.00
1779899415.432,0x200,8,85 64 1F 4A EE C9 3B 0E,fuel=100.00
1779899415.514,0x300,8,02 55 3A FE 2F CD B5 30,temp=42.00
1779899415.628,0x100,8,00 0E 2F DE F7 74 66 FD,speed=0.00
1779899415.713,0x200,8,A8 64 58 D7 F5 31 4C FD,fuel=100.00
1779899415.799,0x300,8,02 13 BE 56 E7 DA 70 FC,temp=42.00
1779899415.911,0x100,8,00 B0 FF 1A 29 E9 0B 0C,speed=0.00
1779899415.997,0x200,8,88 64 88 78 1E 14 D4 70,fuel=100.00
1779899416.078,0x300,8,02 7F 20 C8 B8 AD ED AB,temp=42.00
1779899416.180,0x100,8,00 22 C6 61 D6 F8 5F 10,speed=0.00
1779899416.267,0x200,8,C4 64 02 DF F4 30 5B 64,fuel=100.00
1779899416.362,0x300,8,02 6C 11 09 E0 AD 9A 8E,temp=42.00
1779899416.462,0x100,8,00 3F 78 78 61 1C 5D A0,speed=0.00
1779899416.549,0x200,8,44 64 54 09 D1 49 13 3B,fuel=100.00
1779899416.654,0x300,8,02 55 9F C6 2A 04 68 7D,temp=42.00
1779899416.735,0x100,8,00 82 BE 2A 03 FC 46 40,speed=0.00
1779899416.861,0x200,8,0E 64 5C 6F 2F 1E E3 DB,fuel=100.00
1779899416.919,0x300,8,02 9D 22 C5 7B 6B 0E E8,temp=42.00
1779899417.023,0x100,8,00 91 23 F1 3D F5 AC 62,speed=0.00
1779899417.116,0x200,8,BE 64 BD 92 7A DA 3F A1,fuel=100.00
1779899417.202,0x300,8,02 A6 B8 5A 1E AD 3D 61,temp=42.00
1779899417.302,0x100,8,00 83 2E 42 4D 2E F8 F2,speed=0.00
1779899417.400,0x200,8,58 64 AA 37 D1 72 FB 45,fuel=100.00
1779899417.483,0x300,8,02 D1 34 B7 84 B1 5C 66,temp=42.00
1779899417.582,0x100,8,00 80 E0 04 00 8B 1B 33,speed=0.00
1779899417.696,0x200,8,E6 64 92 1D CC 50 9B 7A,fuel=100.00
1779899417.761,0x300,8,02 AB 15 9D 2B 0C FA D9,temp=42.00
1779899417.872,0x100,8,00 7E 57 86 8A DC EF 05,speed=0.00
1779899417.970,0x200,8,AA 64 6F 5B A4 7F 07 C4,fuel=100.00
1779899418.054,0x300,8,02 72 D3 96 0A 4A 0B 67,temp=42.00
1779899418.149,0x100,8,00 11 DA B6 17 E5 36 7A,speed=0.00
1779899418.231,0x200,8,36 64 E2 B1 F9 DF 83 81,fuel=100.00
1779899418.327,0x300,8,02 43 89 F6 70 8C F0 AA,temp=42.00
1779899418.447,0x100,8,00 52 3B DF 8A 0B 6B 27,speed=0.00
1779899418.531,0x200,8,3F 64 1F 69 27 DF 23 7E,fuel=100.00
1779899418.609,0x300,8,02 4D 92 D0 5C CF A8 7F,temp=42.00
1779899418.702,0x100,8,00 42 04 F8 AA 37 C1 0F,speed=0.00
1779899418.793,0x200,8,6C 64 48 72 3F 05 48 0E,fuel=100.00
1779899418.913,0x300,8,02 F9 72 26 BB 0D 78 C4,temp=42.00
1779899418.994,0x100,8,00 90 EB A7 DE 8D 7B 5D,speed=0.00
1779899419.093,0x200,8,E9 64 AA 76 26 5C D7 36,fuel=100.00
1779899419.176,0x300,8,02 F6 8B D2 76 4C 5F A9,temp=42.00
1779899419.262,0x100,8,00 38 5A 18 2D CF 67 EC,speed=0.00
1779899419.362,0x200,8,29 64 52 19 CD D6 61 87,fuel=100.00
1779899419.452,0x300,8,02 68 AE A1 50 99 08 40,temp=42.00
1779899419.546,0x100,8,00 C5 B0 19 22 C7 5F F6,speed=0.00
1779899419.650,0x200,8,FC 64 72 DB CD D1 AB 33,fuel=100.00
1779899419.740,0x300,8,02 EC B2 B9 19 D8 E0 46,temp=42.00
1779899419.849,0x100,8,00 9C 25 64 1E 70 D3 09,speed=0.00
1779899419.940,0x200,8,40 64 95 71 C1 48 BA BD,fuel=100.00
1779899420.023,0x300,8,02 F9 4A 92 9D 83 85 7B,temp=42.00
1779899420.117,0x100,8,00 8C 32 B0 AC B1 61 78,speed=0.00
1779899420.203,0x200,8,1B 64 94 9C A8 9B 3B 4A,fuel=100.00
1779899420.294,0x300,8,02 F4 CC 93 00 8C E5 2B,temp=42.00
1779899420.398,0x100,8,00 A2 32 33 E2 DD E5 B3,speed=0.00
1779899420.485,0x200,8,3B 64 A5 AA 5B 5D 34 36,fuel=100.00
1779899420.585,0x300,8,02 39 52 B0 D1 AE 11 34,temp=42.00
1779899420.666,0x100,8,00 0F 94 9D CD 37 49 99,speed=0.00
1779899420.782,0x200,8,AA 64 96 92 BE 2B 0E C2,fuel=100.00
1779899420.873,0x300,8,02 80 7E C4 EE 19 42 05,temp=42.00
1779899420.960,0x100,8,00 14 F9 27 5F 90 87 D9,speed=0.00
1779899421.051,0x200,8,E6 64 2A B2 46 D8 A5 D0,fuel=100.00
1779899421.158,0x300,8,02 49 8C 55 44 6D 2C 06,temp=42.00
1779899421.250,0x100,8,00 D9 C5 12 64 0B 1C C5,speed=0.00
1779899421.343,0x200,8,96 64 3F 60 A1 EF B2 DC,fuel=100.00
1779899421.435,0x300,8,02 33 71 52 A1 68 A2 09,temp=42.00
1779899421.516,0x100,8,00 CA 9E E9 0C 67 B1 60,speed=0.00
1779899421.609,0x200,8,6D 64 B6 C4 4B 7C F0 F7,fuel=100.00
1779899421.708,0x300,8,02 90 B8 6C 77 FE E1 5B,temp=42.00
1779899421.811,0x100,8,00 3E 0D 60 38 7E 38 90,speed=0.00
1779899421.894,0x200,8,99 64 B0 08 9E 07 A2 05,fuel=100.00
1779899421.992,0x300,8,02 8D A8 4F DF 9E 43 35,temp=42.00
1779899422.080,0x100,8,00 C7 18 D6 52 A0 B9 6C,speed=0.00
1779899422.171,0x200,8,95 64 D2 FF 28 53 B5 B1,fuel=100.00
1779899422.267,0x300,8,02 5E 86 A5 C0 74 80 BA,temp=42.00
1779899422.362,0x100,8,00 18 4A A7 C5 A0 0D 12,speed=0.00
1779899422.458,0x200,8,69 64 1D 22 86 A3 99 26,fuel=100.00
1779899422.563,0x300,8,02 4B 53 7F 0A B1 C2 E7,temp=42.00
1779899422.658,0x100,8,00 51 D9 95 34 AE D5 4D,speed=0.00
1779899422.732,0x200,8,DC 64 85 A3 DB 80 8A 6E,fuel=100.00
1779899422.850,0x300,8,02 3D DA 29 04 93 9D FF,temp=42.00
1779899422.931,0x100,8,00 6D FA DC F2 78 10 33,speed=0.00
1779899423.016,0x200,8,BE 64 2B 0F 1E CE F8 AC,fuel=100.00
1779899423.102,0x300,8,02 14 FD 29 D0 60 AF 5A,temp=42.00
1779899423.198,0x100,8,00 F9 DD B6 49 AA FF CF,speed=0.00
1779899423.291,0x200,8,F6 64 36 87 73 6F 1B 14,fuel=100.00
1779899423.409,0x300,8,02 C9 DE C6 20 BA 2E 8F,temp=42.00
1779899423.503,0x100,8,00 AA FC 1F 8F 74 FB 1F,speed=0.00
1779899423.609,0x200,8,24 64 36 24 67 C6 AB B5,fuel=100.00
1779899423.677,0x300,8,02 D3 F5 92 58 61 71 91,temp=42.00
1779899423.783,0x100,8,00 AB 1C DB FC D2 E6 94,speed=0.00
1779899423.871,0x200,8,BE 64 EB F0 E4 D4 6D 4F,fuel=100.00
1779899423.955,0x300,8,02 6D D1 7D 13 4A 55 1D,temp=42.00
1779899424.063,0x100,8,00 17 CC 34 CF F4 8C 73,speed=0.00
1779899424.154,0x200,8,38 64 5C D4 FA 02 78 9D,fuel=100.00
1779899424.239,0x300,8,02 5B 33 8C 47 98 C5 12,temp=42.00
1779899424.332,0x100,8,00 EE CA 28 69 B3 C3 81,speed=0.00
1779899424.438,0x200,8,6B 64 AC 22 79 E4 CE 18,fuel=100.00
1779899424.512,0x300,8,02 49 0E 88 24 B5 6F 6E,temp=42.00
1779899424.630,0x100,8,00 D2 2D 2E DC 68 D0 D5,speed=0.00
1779899424.724,0x200,8,8F 64 75 AC 91 14 6F 29,fuel=100.00
1779899424.795,0x300,8,02 99 60 E8 B8 BC 3A DB,temp=42.00
1779899424.898,0x100,8,00 13 D2 F6 14 D5 57 A9,speed=0.00
1779899424.995,0x200,8,57 64 B5 D6 7C 56 8E 0E,fuel=100.00
1779899425.079,0x300,8,02 EE 2E B3 8C BD C2 D5,temp=42.00
1779899425.181,0x100,8,00 EA 87 27 97 57 AD B4,speed=0.00
1779899425.268,0x200,8,CE 64 0F 26 2A 6C 20 27,fuel=100.00
1779899425.362,0x300,8,02 F8 DE C4 86 99 45 3B,temp=42.00
1779899425.470,0x100,8,00 E3 17 20 D6 E0 F9 3D,speed=0.00
1779899425.566,0x200,8,2C 64 2C C4 47 BF 09 F4,fuel=100.00
1779899425.643,0x300,8,02 D1 B8 89 3E 47 D2 EF,temp=42.00
1779899425.755,0x100,8,00 33 88 D1 D0 7A F5 7B,speed=0.00
1779899425.823,0x200,8,2F 64 A4 13 11 4A B2 AF,fuel=100.00
1779899425.935,0x300,8,02 77 5E B5 86 FB 09 C1,temp=42.00
1779899426.031,0x100,8,00 A8 50 62 06 8B 27 EF,speed=0.00
1779899426.106,0x200,8,BF 64 F1 5F 1D AA CB A5,fuel=100.00
1779899426.211,0x300,8,02 A0 4A 69 E9 D9 F5 1E,temp=42.00
1779899426.297,0x100,8,00 E8 EC 80 D7 36 60 72,speed=0.00
1779899426.385,0x200,8,AC 64 3D 6B C5 E8 22 B7,fuel=100.00
1779899426.489,0x300,8,02 B1 A7 DA A8 73 49 18,temp=42.00
1779899426.599,0x100,8,00 E0 FC E2 E6 95 01 AA,speed=0.00
1779899426.671,0x200,8,ED 64 60 09 13 4B D2 85,fuel=100.00
1779899426.780,0x300,8,02 BE 69 4C 2E 49 83 03,temp=42.00
1779899426.868,0x100,8,00 29 18 51 78 F4 9E 2E,speed=0.00
1779899426.972,0x200,8,2E 64 9F 42 12 7E 2E BA,fuel=100.00
1779899427.058,0x300,8,02 55 59 A9 0A 5A 35 7A,temp=42.00
1779899427.146,0x100,8,00 74 C0 DF F6 AB CE 62,speed=0.00
1779899427.240,0x200,8,A8 64 01 3E 6D 05 75 1D,fuel=100.00
1779899427.331,0x300,8,02 B2 5F 39 B1 B0 01 96,temp=42.00
1779899427.435,0x100,8,00 37 76 2B 18 6D 12 83,speed=0.00
1779899427.511,0x200,8,95 64 3F 64 D5 5A 1B 0F,fuel=100.00
1779899427.614,0x300,8,02 F2 DB 89 B7 09 AD 75,temp=42.00
1779899427.716,0x100,8,00 7D 8A 47 84 FD 7F C1,speed=0.00
1779899427.807,0x200,8,17 64 69 A9 13 F8 75 72,fuel=100.00
1779899427.887,0x300,8,02 0C B0 B1 FB 00 E8 AA,temp=42.00
1779899427.984,0x100,8,00 51 24 25 FB 4E 1E 39,speed=0.00
1779899428.080,0x200,8,3A 64 E1 12 7C 1B D6 B8,fuel=100.00
1779899428.185,0x300,8,02 29 BE 31 D6 CF 50 8D,temp=42.00
1779899428.262,0x100,8,00 8F E1 BE 41 0C 47 00,speed=0.00
1779899428.362,0x200,8,66 64 EB DA 33 68 57 35,fuel=100.00
1779899428.469,0x300,8,02 99 9D A5 FF 75 71 76,temp=42.00
1779899428.549,0x100,8,00 E6 B9 B5 57 F7 04 52,speed=0.00
1779899428.647,0x200,8,DC 64 36 D3 84 78 B5 D3,fuel=100.00
1779899428.749,0x300,8,02 55 A0 31 A7 66 3C E7,temp=42.00
1779899428.835,0x100,8,00 D0 3E 4C 5C 92 61 03,speed=0.00
1779899428.928,0x200,8,24 64 9A 1B 65 10 A8 6F,fuel=100.00
1779899429.011,0x300,8,02 9B 46 17 82 3D 65 C7,temp=42.00
1779899429.107,0x100,8,00 F4 AA EA AB A9 96 A6,speed=0.00
1779899429.224,0x200,8,C4 64 AC 16 94 3E 99 BF,fuel=100.00
1779899429.303,0x300,8,02 52 27 A0 72 9B 56 77,temp=42.00
1779899429.411,0x100,8,00 D5 EA 30 A1 5B 19 3B,speed=0.00
1779899429.482,0x200,8,7A 64 09 EF 92 5E 5D AE,fuel=100.00
1779899429.590,0x300,8,02 6F 70 8E 05 DD 8D 01,temp=42.00
1779899429.685,0x100,8,00 90 AB 73 37 EF 39 8A,speed=0.00
1779899429.772,0x200,8,E6 64 21 4A F4 C4 A9 49,fuel=100.00
1779899429.866,0x300,8,02 7E E0 66 A1 AE 81 F3,temp=42.00
1779899429.957,0x100,8,00 4F 67 9D 34 8E 1F D0,speed=0.00
1779899430.053,0x200,8,AD 64 1E 78 45 8E 0E 1A,fuel=100.00
1779899430.162,0x300,8,02 E0 76 3D A1 9D 6A 3A,temp=42.00
1779899430.233,0x100,8,00 FA 9E BD 18 32 76 17,speed=0.00
1779899430.341,0x200,8,5E 64 40 C8 B5 0A 72 25,fuel=100.00
1779899430.436,0x300,8,02 6F C4 61 46 9B 20 C2,temp=42.00
1779899430.522,0x100,8,00 FA 28 42 04 69 B1 6C,speed=0.00
1779899430.623,0x200,8,20 64 E5 E1 46 0A EC F4,fuel=100.00
1779899430.720,0x300,8,02 F2 3C EF 53 B2 23 05,temp=42.00
1779899430.811,0x100,8,00 53 84 54 22 CB 4E C5,speed=0.00
1779899430.890,0x200,8,21 64 2A 46 96 F6 60 FA,fuel=100.00
1779899430.995,0x300,8,02 0C 96 80 9B 4C 78 C9,temp=42.00
1779899431.088,0x100,8,00 EE DB BD B1 B4 CB 42,speed=0.00
1779899431.182,0x200,8,69 64 7B E3 77 EC 5D AA,fuel=100.00
1779899431.279,0x300,8,02 FA 76 D1 DD A7 13 D3,temp=42.00
1779899431.366,0x100,8,00 78 10 37 AE BA 3F B3,speed=0.00
1779899431.470,0x200,8,49 64 58 A7 13 C8 8B EA,fuel=100.00
1779899431.563,0x300,8,02 95 26 47 4F AD D1 51,temp=42.00
1779899431.644,0x100,8,00 71 73 4E 13 EB 83 1D,speed=0.00
1779899431.744,0x200,8,32 64 DD 52 A7 78 7F 46,fuel=100.00
1779899431.838,0x300,8,02 48 61 E6 06 B8 AF D7,temp=42.00
1779899431.936,0x100,8,00 E7 19 5D 76 B4 24 C1,speed=0.00
1779899432.038,0x200,8,E3 64 F0 08 DB E2 EF B3,fuel=100.00
1779899432.129,0x300,8,02 C8 E6 9F F2 46 70 3C,temp=42.00
1779899432.219,0x100,8,00 87 F4 EB E8 80 DA E3,speed=0.00
1779899432.311,0x200,8,35 64 35 DE F3 7D 2C 46,fuel=100.00
1779899432.401,0x300,8,02 2B 61 2E 9D E4 C8 7A,temp=42.00
1779899432.508,0x100,8,00 14 47 01 62 EC 70 E4,speed=0.00
1779899432.606,0x200,8,5D 64 9A 77 9A 26 0A D2,fuel=100.00
1779899432.681,0x300,8,02 50 16 C7 F6 64 4E 32,temp=42.00
1779899432.774,0x100,8,00 91 D4 36 CF 2E EF 43,speed=0.00
1779899432.861,0x200,8,C5 64 FC 40 53 33 C0 ED,fuel=100.00
1779899432.961,0x300,8,02 DB 11 73 22 4D C7 45,temp=42.00
1779899433.050,0x100,8,00 5A 53 B4 33 31 D6 28,speed=0.00
1779899433.141,0x200,8,F4 64 30 49 D3 D2 1D 89,fuel=100.00
1779899433.241,0x300,8,02 5C 46 AC F3 60 B4 3D,temp=42.00
1779899433.329,0x100,8,00 20 9E CB 62 B2 9E 34,speed=0.00
1779899433.431,0x200,8,4E 64 00 79 05 04 EA FB,fuel=100.00
1779899433.527,0x300,8,02 20 EF 31 48 DA 88 1F,temp=42.00
1779899433.612,0x100,8,00 50 A8 81 43 8D 12 E4,speed=0.00
1779899433.696,0x200,8,22 64 0C E0 8F C1 43 A5,fuel=100.00
1779899433.807,0x300,8,02 EF ED 9C C0 5A 08 7C,temp=42.00
1779899433.904,0x100,8,00 56 C0 5E 12 E5 11 40,speed=0.00
1779899433.991,0x200,8,75 64 05 81 FB 22 94 1B,fuel=100.00
1779899434.088,0x300,8,02 A0 46 00 70 C6 2A FC,temp=42.00
1779899434.205,0x100,8,00 01 F1 D8 48 55 97 EA,speed=0.00
1779899434.279,0x200,8,2B 64 14 86 68 52 13 43,fuel=100.00
1779899434.413,0x300,8,02 2E BC 8E 31 EB C8 C2,temp=42.00
1779899434.451,0x100,8,00 96 03 7C 7A BB FF B7,speed=0.00
1779899434.552,0x200,8,5E 64 20 13 12 F7 28 FA,fuel=100.00
1779899434.651,0x300,8,02 2C 34 8B F5 DA DF 56,temp=42.00
1779899434.752,0x100,8,00 34 F3 BB 3E 8D DB 93,speed=0.00
1779899434.838,0x200,8,41 64 A6 A5 B1 98 42 D4,fuel=100.00
1779899434.940,0x300,8,02 6D C8 F0 9C DA 37 11,temp=42.00
1779899435.013,0x100,8,00 10 C0 CF 34 F2 31 85,speed=0.00
1779899435.115,0x200,8,46 64 A9 57 A4 86 DE 27,fuel=100.00
1779899435.203,0x300,8,02 0D 96 B6 50 0F F3 FB,temp=42.00
1779899435.298,0x100,8,00 CC 9C 0C 6E F0 EA FB,speed=0.00
1779899435.385,0x200,8,EF 64 8E B0 13 4A 1A 96,fuel=100.00
1779899435.480,0x300,8,02 A9 67 78 A2 40 E0 CA,temp=42.00
1779899435.597,0x100,8,00 84 39 1B 2B 0C E9 CF,speed=0.00
1779899435.668,0x200,8,32 64 FB FA F9 4B 16 5D,fuel=100.00
1779899435.781,0x300,8,02 6C 28 7C DA 82 21 77,temp=42.00
1779899435.886,0x100,8,00 2E 8E 2A 81 5F 34 9C,speed=0.00
1779899435.968,0x200,8,D6 64 CC 92 E6 79 36 77,fuel=100.00
1779899436.041,0x300,8,02 35 4E BC 6F E5 54 72,temp=42.00
1779899436.136,0x100,8,00 D5 E2 E4 3A 53 E2 BF,speed=0.00
1779899436.257,0x200,8,A3 64 AB B3 F8 B3 84 2C,fuel=100.00
1779899436.349,0x300,8,02 D8 A3 4B A5 83 E9 06,temp=42.00
1779899436.457,0x100,8,00 7D B8 CE B7 68 FA A0,speed=0.00
1779899436.533,0x200,8,FB 64 02 C0 E6 85 FF 54,fuel=100.00
1779899436.640,0x300,8,02 0D 9B F2 2A 15 DA FC,temp=42.00
1779899436.750,0x100,8,00 CF 31 94 1E 1F 84 2E,speed=0.00
1779899436.826,0x200,8,71 64 CC 69 7E 4F 73 77,fuel=100.00
1779899436.935,0x300,8,02 3F E2 B9 38 0B 30 48,temp=42.00
1779899437.002,0x100,8,00 5C 91 3A D4 D9 FF 84,speed=0.00
1779899437.110,0x200,8,C8 64 DF 0C 33 70 43 F2,fuel=100.00
1779899437.212,0x300,8,02 61 27 95 E4 A0 30 88,temp=42.00
1779899437.290,0x100,8,00 89 3A 52 EA 6D 27 42,speed=0.00
1779899437.379,0x200,8,25 64 A1 11 FF A8 13 A3,fuel=100.00
1779899437.496,0x300,8,02 F3 D9 D7 ED 90 5F B7,temp=42.00
1779899437.596,0x100,8,00 5A CB 6E FA 57 76 4A,speed=0.00
1779899437.730,0x200,8,02 64 AF D2 FE 16 41 75,fuel=100.00
1779899437.762,0x300,8,02 F4 C8 9F 2A 8A C6 27,temp=42.00
1779899437.863,0x100,8,00 6B BE B0 03 CE E8 42,speed=0.00
1779899437.964,0x200,8,93 64 01 A4 39 B8 DA 93,fuel=100.00
1779899438.058,0x300,8,02 1C 35 8D 82 DF 49 77,temp=42.00
1779899438.135,0x100,8,00 3D 89 18 3E A7 E0 CE,speed=0.00
1779899438.252,0x200,8,98 64 12 D3 83 6B 0D 42,fuel=100.00
1779899438.334,0x300,8,02 67 EB 91 87 8B A0 E7,temp=42.00
1779899438.441,0x100,8,00 37 C8 C6 B8 27 13 BA,speed=0.00
1779899438.538,0x200,8,20 64 FA 16 A0 D5 E2 9F,fuel=100.00
1779899438.637,0x300,8,02 13 DA E6 FC 31 94 81,temp=42.00
1779899438.725,0x100,8,00 85 D5 A8 EB A7 A9 2B,speed=0.00
1779899438.801,0x200,8,BC 64 04 6C 68 BE 26 95,fuel=100.00
1779899438.890,0x300,8,02 33 F2 E4 88 78 9E 2D,temp=42.00
1779899439.015,0x100,8,00 F0 DA 11 6F B4 7E 63,speed=0.00
1779899439.090,0x200,8,CD 64 3C 93 0B E4 05 B0,fuel=100.00
1779899439.171,0x300,8,02 99 63 8F 0A 90 19 A6,temp=42.00
1779899439.258,0x100,8,00 A4 00 71 69 98 20 C4,speed=0.00
1779899439.374,0x200,8,91 64 7C 73 FD F7 12 05,fuel=100.00
1779899439.483,0x300,8,02 EF 21 8C 8D F7 BA 9D,temp=42.00
1779899439.545,0x100,8,00 15 A7 C5 7E 00 DF 6C,speed=0.00
1779899439.635,0x200,8,A8 64 FF EA E4 F2 7F F7,fuel=100.00
1779899439.734,0x300,8,02 4D 8A 9A FF D6 4B 60,temp=42.00
1779899439.829,0x100,8,00 C9 5E 61 C9 2F D5 6D,speed=0.00
1779899439.938,0x200,8,AC 64 00 53 C3 3B 4E 74,fuel=100.00
1779899440.037,0x300,8,02 0D E9 73 DB 2A 77 55,temp=42.00
1779899440.142,0x100,8,00 59 B3 9F A8 42 04 73,speed=0.00
1779899440.206,0x200,8,4D 64 B7 40 15 7D 2A 4A,fuel=100.00
1779899440.310,0x300,8,02 91 63 4A CB 41 BE AF,temp=42.00
1779899440.425,0x100,8,00 67 5C 71 2A E5 E0 9F,speed=0.00
1779899440.478,0x200,8,9D 64 2E 23 04 DC B9 03,fuel=100.00
1779899440.583,0x300,8,02 6F 5A 10 9B 6D E3 87,temp=42.00
1779899440.682,0x100,8,00 A2 60 54 B2 35 BC 6D,speed=0.00
1779899440.764,0x200,8,CB 64 DA 18 A7 26 F2 DD,fuel=100.00
1779899440.868,0x300,8,02 C0 6C 3C B4 B4 41 DD,temp=42.00
1779899440.954,0x100,8,00 88 1F 85 D3 85 9D A9,speed=0.00
1779899441.074,0x200,8,27 64 BC 4B 35 71 13 81,fuel=100.00
1779899441.171,0x300,8,02 76 2D 1F 8B E9 5C 70,temp=42.00
1779899441.234,0x100,8,00 65 E7 7E AC 2E F3 26,speed=0.00
1779899441.347,0x200,8,CE 64 5F B8 91 AF 6B A0,fuel=100.00
1779899441.423,0x300,8,02 D6 32 03 D7 FC 6E DE,temp=42.00
1779899441.542,0x100,8,00 38 BC 6B 74 D7 89 14,speed=0.00
1779899441.617,0x200,8,9A 64 95 4D A3 03 9F D6,fuel=100.00
1779899441.716,0x300,8,02 98 E4 F9 0E AE BF 6C,temp=42.00
1779899441.800,0x100,8,00 2D 35 42 9E 04 03 C7,speed=0.00
1779899441.910,0x200,8,7E 64 61 3A 9E E2 AA 20,fuel=100.00
1779899441.992,0x300,8,02 7A 7C 93 9E C0 D9 09,temp=42.00
1779899442.090,0x100,8,00 75 68 28 82 9C FA 8C,speed=0.00
1779899442.188,0x200,8,83 64 A9 0C 2C 8E 82 42,fuel=100.00
1779899442.271,0x300,8,02 26 F8 9E 57 92 9D F8,temp=42.00
1779899442.364,0x100,8,00 50 08 3D 60 75 28 75,speed=0.00
1779899442.483,0x200,8,F5 64 C3 6A E3 51 AA 93,fuel=100.00
1779899442.559,0x300,8,02 E7 B3 5A 42 D5 BB 6A,temp=42.00
1779899442.676,0x100,8,00 28 41 A1 33 8D CD 38,speed=0.00
1779899442.740,0x200,8,C5 64 51 CC 65 22 00 2A,fuel=100.00
1779899442.840,0x300,8,02 BB 4D 3C AE 0B 5A 71,temp=42.00
1779899442.956,0x100,8,00 FA 9F 9A 21 F6 BF 16,speed=0.00
1779899443.016,0x200,8,5D 64 7C 73 A8 A2 80 A6,fuel=100.00
1779899443.154,0x300,8,02 D1 F7 40 6C E5 77 46,temp=42.00
1779899443.248,0x100,8,00 A9 FA B6 9C 21 85 AC,speed=0.00
1779899443.320,0x200,8,4A 64 06 E9 00 43 6F 01,fuel=100.00
1779899443.427,0x300,8,02 1C 88 7C 21 D2 5A 12,temp=42.00
1779899443.503,0x100,8,00 50 30 9C 4F 37 49 9F,speed=0.00
1779899443.577,0x200,8,0F 64 8B 30 B6 94 7E F5,fuel=100.00
1779899443.705,0x300,8,02 E9 F0 C0 8F 3E 89 01,temp=42.00
1779899443.795,0x100,8,00 BD 89 6C DC AD 17 54,speed=0.00
1779899443.881,0x200,8,30 64 D0 5C 54 92 6F 67,fuel=100.00
1779899443.980,0x300,8,02 23 72 56 09 1D D8 16,temp=42.00
1779899444.060,0x100,8,00 31 64 E4 CC D1 E3 2E,speed=0.00
1779899444.169,0x200,8,A5 64 EA C5 A8 F1 C9 A6,fuel=100.00
1779899444.267,0x300,8,02 62 1B 2F 38 54 25 D6,temp=42.00
1779899444.362,0x100,8,00 4F B2 C2 3A 6A 60 41,speed=0.00
1779899444.438,0x200,8,09 64 D4 B7 0C 3F 7D C5,fuel=100.00
1779899444.530,0x300,8,02 B1 6D A5 FC EB 0C 8E,temp=42.00
1779899444.624,0x100,8,00 87 8F CC DA FA 87 0F,speed=0.00
1779899444.725,0x200,8,5B 64 9E 8A 30 5A A8 4B,fuel=100.00
1779899444.822,0x300,8,02 E9 23 FE 26 7D 3A 1E,temp=42.00
1779899444.913,0x100,8,00 9B D4 3F B5 68 63 4D,speed=0.00
1779899445.008,0x200,8,04 64 CB 91 85 36 20 0A,fuel=100.00
1779899445.108,0x300,8,02 86 1B 2C 5E 06 DE 8A,temp=42.00
1779899445.192,0x100,8,00 FA 96 A5 6D 5F AB 4C,speed=0.00
1779899445.309,0x200,8,03 64 DF 95 D0 A5 BD F3,fuel=100.00
1779899445.378,0x300,8,02 D1 05 9C 32 B6 A1 53,temp=42.00
1779899445.475,0x100,8,00 F9 14 C3 71 F0 A6 DA,speed=0.00
1779899445.564,0x200,8,40 64 5E FA 42 A3 91 74,fuel=100.00
1779899445.688,0x300,8,02 33 C3 FB B2 B5 D2 FC,temp=42.00
1779899445.748,0x100,8,00 41 AE BB 4E 03 51 1F,speed=0.00
1779899445.842,0x200,8,78 64 79 A8 00 DD 19 9B,fuel=100.00
1779899445.939,0x300,8,02 CD EC 86 0B 78 53 73,temp=42.00
1779899446.030,0x100,8,00 8E 96 48 95 B6 09 15,speed=0.00
1779899446.139,0x200,8,6F 64 27 D3 CA DA BD 0C,fuel=100.00
1779899446.219,0x300,8,02 78 74 D0 25 94 30 66,temp=42.00
1779899446.312,0x100,8,00 E2 AC B6 8F 06 92 92,speed=0.00
1779899446.406,0x200,8,E9 64 1E E2 D2 C2 67 0B,fuel=100.00
1779899446.513,0x300,8,02 60 2C 33 98 6B 73 18,temp=42.00
1779899446.639,0x100,8,00 6C 31 F8 78 F1 AD D1,speed=0.00
1779899446.738,0x200,8,B2 64 27 67 2C D2 59 71,fuel=100.00
1779899446.811,0x300,8,02 24 6D 36 D9 CE A1 C2,temp=42.00
1779899446.917,0x100,8,00 DC 91 C1 9E 0F 8A 1F,speed=0.00
1779899446.995,0x200,8,A5 64 30 5C 0A 68 F7 13,fuel=100.00
1779899447.103,0x300,8,02 E1 1D 70 CB 61 BA 56,temp=42.00
1779899447.199,0x100,8,00 67 A4 0E 3F 18 F0 E5,speed=0.00
1779899447.299,0x200,8,9F 64 2E 9E CF 4D BA 06,fuel=100.00
1779899447.381,0x300,8,02 3F BB E1 39 BD A1 B3,temp=42.00
1779899447.475,0x100,8,00 A2 E2 DA 8B 63 EF D3,speed=0.00
1779899447.571,0x200,8,CC 64 80 02 04 52 C9 9A,fuel=100.00
1779899447.695,0x300,8,02 AA BA F1 96 70 95 7A,temp=42.00
1779899447.775,0x100,8,00 10 82 91 BE D7 C7 99,speed=0.00
1779899447.850,0x200,8,60 64 B4 9E 04 F5 FA FC,fuel=100.00
1779899447.941,0x300,8,02 72 63 13 CE 52 E1 FF,temp=42.00
1779899448.034,0x100,8,00 C5 F2 6A 68 E0 F4 1C,speed=0.00
1779899448.147,0x200,8,79 64 80 B1 A1 A4 BA C3,fuel=100.00
1779899448.216,0x300,8,02 09 A8 B9 40 66 FC CF,temp=42.00
1779899448.314,0x100,8,00 20 24 43 6C 26 3F 7F,speed=0.00
1779899448.419,0x200,8,1B 64 53 D5 B8 53 48 37,fuel=100.00
1779899448.522,0x300,8,02 82 F2 E8 74 96 FD 32,temp=42.00
1779899448.633,0x100,8,00 66 9C 22 AC CE 4C 62,speed=0.00
1779899448.712,0x200,8,B3 64 E1 B9 F9 AD 4D 00,fuel=100.00
1779899448.786,0x300,8,02 5C 56 93 0C 4D F5 E6,temp=42.00
1779899448.882,0x100,8,00 5D 15 48 A9 ED 41 46,speed=0.00
1779899448.979,0x200,8,4A 64 D4 95 F5 A6 EB 69,fuel=100.00
1779899449.091,0x300,8,02 DB 22 A4 E6 5C 67 B3,temp=42.00
1779899449.169,0x100,8,00 78 76 98 94 E3 41 67,speed=0.00
1779899449.263,0x200,8,D5 64 98 09 60 4E CB CD,fuel=100.00
1779899449.345,0x300,8,02 2B F8 DA E5 FA DC 69,temp=42.00
1779899449.447,0x100,8,00 38 39 DC 15 48 FC 86,speed=0.00
1779899449.541,0x200,8,57 64 AD 8A 51 41 32 42,fuel=100.00
1779899449.621,0x300,8,02 CC 12 C1 4F 34 8F 60,temp=42.00
1779899449.719,0x100,8,00 0F DF 13 D5 80 87 91,speed=0.00
1779899449.824,0x200,8,87 64 3C C1 45 88 CA 0E,fuel=100.00
1779899449.901,0x300,8,02 3A 27 FD 15 04 22 A2,temp=42.00
1779899449.995,0x100,8,00 88 89 D7 BE 0B A0 2A,speed=0.00
1779899450.108,0x200,8,DC 64 60 93 7E 36 85 1C,fuel=100.00
1779899450.186,0x300,8,02 74 22 9B 49 1C 97 BC,temp=42.00
1779899450.276,0x100,8,00 DD 37 A5 7A 67 E8 DE,speed=0.00
1779899450.392,0x200,8,DB 64 0C C6 57 7B A9 53,fuel=100.00
1779899450.504,0x300,8,02 70 79 7A 28 41 89 6A,temp=42.00
1779899450.583,0x100,8,00 64 23 99 C4 63 C0 9B,speed=0.00
1779899450.674,0x200,8,67 64 26 9B CC E2 EA C7,fuel=100.00
1779899450.753,0x300,8,02 C2 F7 09 93 A5 C5 F5,temp=42.00
1779899450.851,0x100,8,00 BB 38 6F 4C 67 21 C7,speed=0.00
1779899450.964,0x200,8,F4 64 FF 02 B4 24 9C 60,fuel=100.00
1779899451.031,0x300,8,02 20 BB 19 56 D3 6D 19,temp=42.00
1779899451.122,0x100,8,00 CF D9 F6 E2 81 19 85,speed=0.00
1779899451.255,0x200,8,99 64 0A 47 E5 66 C6 F8,fuel=100.00
1779899451.330,0x300,8,02 A3 8C 40 7F 47 B8 3F,temp=42.00
1779899451.407,0x100,8,00 6A 4D EA 18 36 61 31,speed=0.00
1779899451.527,0x200,8,2E 64 FB 5A 1E D8 4E 60,fuel=100.00
1779899451.611,0x300,8,02 1D 8F A1 C8 9A 63 8A,temp=42.00
1779899451.681,0x100,8,00 62 6E 1C 29 18 18 49,speed=0.00
1779899451.793,0x200,8,54 64 F9 2B 18 5D 65 61,fuel=100.00
1779899451.886,0x300,8,02 8E D6 E3 05 8B 1C 4E,temp=42.00
1779899451.966,0x100,8,00 60 04 BE C5 C1 96 B0,speed=0.00
1779899452.083,0x200,8,93 64 77 98 CB 46 A6 79,fuel=100.00
1779899452.171,0x300,8,02 B1 27 06 1F CF 2C 1E,temp=42.00
1779899452.264,0x100,8,00 60 78 17 A9 A9 C8 99,speed=0.00
1779899452.342,0x200,8,9B 64 D8 68 71 9B 41 38,fuel=100.00
1779899452.452,0x300,8,02 3A 4D D7 18 74 76 66,temp=42.00
1779899452.552,0x100,8,00 BE CE E2 96 DF A2 13,speed=0.00
1779899452.636,0x200,8,A1 64 36 56 1F 7E 25 F4,fuel=100.00
1779899452.713,0x300,8,02 43 EE 37 99 DC 56 C1,temp=42.00
1779899452.805,0x100,8,00 25 D6 CB 73 33 E7 D9,speed=0.00
1779899452.913,0x200,8,E0 64 2A CB 9E AD 8B 5D,fuel=100.00
1779899452.996,0x300,8,02 03 1D B3 E5 0D 2C DD,temp=42.00
1779899453.111,0x100,8,00 33 B2 E3 07 3B DC 08,speed=0.00
1779899453.203,0x200,8,D0 64 DD E9 1F D5 D0 F5,fuel=100.00
1779899453.284,0x300,8,02 2D 0B AA F0 C1 41 F0,temp=42.00
1779899453.395,0x100,8,00 68 EA F5 0F 6F 6D F6,speed=0.00
1779899453.486,0x200,8,D9 64 E7 03 EA E6 F5 92,fuel=100.00
1779899453.556,0x300,8,02 22 45 A8 43 66 92 F4,temp=42.00
1779899453.666,0x100,8,00 37 5C 74 DA 58 32 0E,speed=0.00
1779899453.754,0x200,8,D2 64 C7 32 BE F7 83 F7,fuel=100.00
1779899453.851,0x300,8,02 A3 92 37 4E 5E 14 69,temp=42.00
1779899453.939,0x100,8,00 FF 15 EF 6A A5 28 3A,speed=0.00
1779899454.048,0x200,8,93 64 5E EA 8E 66 0F F0,fuel=100.00
1779899454.128,0x300,8,02 99 2F 96 23 84 3C 10,temp=42.00
1779899454.250,0x100,8,00 29 DE 98 CC AE 63 73,speed=0.00
1779899454.313,0x200,8,9E 64 C8 C9 AA EA 41 5F,fuel=100.00
1779899454.404,0x300,8,02 69 CF 13 24 37 E0 0A,temp=42.00
1779899454.507,0x100,8,00 46 F7 DE BC B7 2C 99,speed=0.00
1779899454.611,0x200,8,15 64 AF 64 58 27 D3 77,fuel=100.00
1779899454.712,0x300,8,02 92 54 47 53 B6 DF C9,temp=42.00
1779899454.778,0x100,8,00 CE 85 58 FF 40 60 CB,speed=0.00
1779899454.893,0x200,8,E5 64 18 0D 5C 12 21 B5,fuel=100.00
1779899454.964,0x300,8,02 7E 1A D8 4C 0E A1 EE,temp=42.00
1779899455.074,0x100,8,00 F4 AF D7 2E CE 45 DA,speed=0.00
1779899455.152,0x200,8,83 64 83 86 38 53 9A C4,fuel=100.00
1779899455.248,0x300,8,02 82 48 BF C0 F6 DB B9,temp=42.00
1779899455.346,0x100,8,00 9B FC CE ED BB 99 89,speed=0.00
1779899455.456,0x200,8,38 64 F7 7C 7D 08 B0 9C,fuel=100.00
1779899455.531,0x300,8,02 A3 3C FD 55 26 35 38,temp=42.00
1779899455.631,0x100,8,00 9B AA C3 24 8B 8F 55,speed=0.00
1779899455.744,0x200,8,05 64 AB A0 8F 54 35 D9,fuel=100.00
1779899455.816,0x300,8,02 A7 B2 05 3F 08 49 B0,temp=42.00
1779899455.906,0x100,8,00 E0 A7 E0 8B 0D 26 12,speed=0.00
1779899455.994,0x200,8,D1 64 8B 40 DB 84 A6 9D,fuel=100.00
1779899456.097,0x300,8,02 86 2C 65 FC D6 40 B4,temp=42.00
1779899456.187,0x100,8,00 FC DF 6D 62 9F 11 12,speed=0.00
1779899456.284,0x200,8,CB 64 BC 35 B5 3F 9F 2E,fuel=100.00
1779899456.394,0x300,8,02 FC DF EB 02 5B 52 14,temp=42.00
1779899456.472,0x100,8,00 81 14 94 E3 26 08 D9,speed=0.00
1779899456.591,0x200,8,4F 64 7F 01 5C 91 AC 8E,fuel=100.00
1779899456.667,0x300,8,02 CC 5E E1 F5 17 36 DA,temp=42.00
1779899456.750,0x100,8,00 61 70 96 91 45 6B EB,speed=0.00
1779899456.838,0x200,8,61 64 13 BB A6 CC 91 38,fuel=100.00
1779899456.951,0x300,8,02 E2 BE 41 F6 16 BF 98,temp=42.00
1779899457.046,0x100,8,00 6C C5 73 E2 72 74 00,speed=0.00
1779899457.151,0x200,8,2E 64 5C 84 A0 BA 5C 8D,fuel=100.00
1779899457.222,0x300,8,02 27 F4 BA 5A 29 F1 5B,temp=42.00
1779899457.328,0x100,8,00 D4 EF DA 1D 76 E3 0A,speed=0.00
1779899457.431,0x200,8,D9 64 9E 26 EC E7 04 BF,fuel=100.00
1779899457.497,0x300,8,02 DD EB 0C 37 43 EE 9F,temp=42.00
1779899457.615,0x100,8,00 C6 1C 25 84 CD 3D 9C,speed=0.00
1779899457.686,0x200,8,6F 64 47 12 1C EB E2 55,fuel=100.00
1779899457.785,0x300,8,02 34 E9 1B 9D EC 0D 59,temp=42.00
1779899457.876,0x100,8,00 49 FA 60 F1 11 76 C6,speed=0.00
1779899457.989,0x200,8,C8 64 DF E4 04 FD EE C3,fuel=100.00
1779899458.080,0x300,8,02 76 C4 B8 21 1D 97 82,temp=42.00
1779899458.154,0x100,8,00 39 A3 C5 2D E1 5B 54,speed=0.00
1779899458.267,0x200,8,B9 64 FC C1 EB A1 A4 05,fuel=100.00
1779899458.353,0x300,8,02 23 4F 04 B9 2A 7B 41,temp=42.00
1779899458.433,0x100,8,00 8C D1 D5 6D 0C F3 68,speed=0.00
1779899458.540,0x200,8,ED 64 8A 50 41 8F 0E AC,fuel=100.00
1779899458.658,0x300,8,02 0A 57 A2 BC D9 1F 81,temp=42.00
1779899458.728,0x100,8,00 CA 3E 44 A5 E3 91 CB,speed=0.00
1779899458.808,0x200,8,17 64 22 6A 66 A5 42 94,fuel=100.00
1779899458.907,0x300,8,02 AC 4D DA 35 01 98 70,temp=42.00
1779899459.015,0x100,8,00 19 21 84 5B 12 49 C5,speed=0.00
1779899459.092,0x200,8,C3 64 02 A7 64 09 5A 41,fuel=100.00
1779899459.208,0x300,8,02 9D E4 35 3F C5 BE EB,temp=42.00
1779899459.284,0x100,8,00 5A F7 A3 95 EC BD BF,speed=0.00
1779899459.372,0x200,8,A5 64 7B 21 8F 4C F6 80,fuel=100.00
1779899459.466,0x300,8,02 C5 6E 71 2C 76 9C 50,temp=42.00
1779899459.569,0x100,8,00 44 F7 03 23 DC 93 E2,speed=0.00
1779899459.658,0x200,8,6B 64 07 87 46 A4 42 0B,fuel=100.00
1779899459.757,0x300,8,02 BE 87 DC 15 A8 5E 01,temp=42.00
1779899459.852,0x100,8,00 E7 C6 9F 5B 91 BF D0,speed=0.00
1779899459.939,0x200,8,02 64 FB EB 4D 79 A0 08,fuel=100.00
1779899460.030,0x300,8,02 E0 DE D9 3F 2E 45 F1,temp=42.00
1779899460.132,0x100,8,00 47 2F E0 76 CC 23 9D,speed=0.00
1779899460.229,0x200,8,48 64 95 E2 42 84 A4 EE,fuel=100.00
1779899460.317,0x300,8,02 41 A5 84 06 53 4C A3,temp=42.00
1779899460.426,0x100,8,00 94 CC 2E E7 5A EC A3,speed=0.00
1779899460.506,0x200,8,02 64 06 2C D7 DF 61 C8,fuel=100.00
1779899460.631,0x300,8,02 5C 4B E7 03 9B C5 24,temp=42.00
1779899460.683,0x100,8,00 BE 9B CC 88 30 B2 D5,speed=0.00
1779899460.787,0x200,8,4B 64 EB C1 68 1B D2 AA,fuel=100.00
1779899460.884,0x300,8,02 65 E5 E8 73 62 E5 6D,temp=42.00
1779899460.964,0x100,8,00 0A 2F B0 AA 3E 57 38,speed=0.00
1779899461.074,0x200,8,A1 64 48 08 FD BA 57 00,fuel=100.00
1779899461.157,0x300,8,02 88 C9 69 D6 E3 F6 A2,temp=42.00
1779899461.273,0x100,8,00 73 27 DA 72 B2 C2 92,speed=0.00
1779899461.358,0x200,8,53 64 EE F5 A3 BB 56 FE,fuel=100.00
1779899461.450,0x300,8,02 E0 92 56 4E F1 A4 9D,temp=42.00
1779899461.527,0x100,8,00 61 C3 A0 49 24 E3 39,speed=0.00
1779899461.627,0x200,8,89 64 37 CD 61 1E B8 4E,fuel=100.00
1779899461.727,0x300,8,02 7D A4 1A 5B E0 95 4D,temp=42.00
1779899461.844,0x100,8,00 6C 96 72 FC 4B FE 8C,speed=0.00
1779899461.936,0x200,8,8D 64 09 1E DE 69 91 8C,fuel=100.00
1779899462.015,0x300,8,02 21 A3 FE C9 7E 0E 51,temp=42.00
1779899462.112,0x100,8,00 62 62 74 06 80 CE 28,speed=0.00
1779899462.202,0x200,8,0E 64 E8 5A B8 9B 99 DD,fuel=100.00
1779899462.301,0x300,8,02 9B BC C6 3C 97 90 4E,temp=42.00
1779899462.395,0x100,8,00 FA DE EB EA 83 3C A0,speed=0.00
1779899462.489,0x200,8,F9 64 65 B4 ED CB AA 2B,fuel=100.00
1779899462.602,0x300,8,02 DE B6 F9 5C 7D 33 E9,temp=42.00
1779899462.679,0x100,8,00 22 47 45 A9 60 0A BE,speed=0.00
1779899462.774,0x200,8,B9 64 63 64 86 8E AB 63,fuel=100.00
1779899462.864,0x300,8,02 15 9A 57 29 AF A1 5B,temp=42.00
1779899462.956,0x100,8,00 E2 2A 3E 0F B5 39 7B,speed=0.00
1779899463.052,0x200,8,AE 64 A4 10 38 D0 C7 C9,fuel=100.00
1779899463.155,0x300,8,02 EE CD DF DC 48 3A ED,temp=42.00
1779899463.236,0x100,8,00 1E 39 BD E3 56 62 F8,speed=0.00
1779899463.326,0x200,8,04 64 26 EB CC 22 20 6F,fuel=100.00
1779899463.441,0x300,8,02 42 AF 48 9D EB 32 CD,temp=42.00
1779899463.509,0x100,8,00 1F AA 41 CD CC 1F A1,speed=0.00
1779899463.654,0x200,8,C0 64 21 0F 70 B7 DE EB,fuel=100.00
1779899463.728,0x300,8,02 DB 2C 6D 7A 98 AF 6F,temp=42.00
1779899463.804,0x100,8,00 6A 54 0A 70 AE 52 CE,speed=0.00
1779899463.890,0x200,8,8B 64 91 E9 61 E6 AB C2,fuel=100.00
1779899463.983,0x300,8,02 28 DC 29 BB 3D CF 59,temp=42.00
1779899464.080,0x100,8,00 59 2A 68 FC 4D F3 D1,speed=0.00
1779899464.182,0x200,8,A3 64 7E AE FE 07 14 AA,fuel=100.00
1779899464.282,0x300,8,02 EB 12 98 9C 2F 89 DD,temp=42.00
1779899464.364,0x100,8,00 84 E7 B0 0B 49 2B 6C,speed=0.00
1779899464.477,0x200,8,92 64 AA C8 CE 60 51 FF,fuel=100.00
1779899464.544,0x300,8,02 AB 48 08 FF 7E 39 FD,temp=42.00
1779899464.640,0x100,8,00 59 21 F4 6E 8B 2D 27,speed=0.00
1779899464.761,0x200,8,80 64 DD 41 0D E1 F6 03,fuel=100.00
1779899464.853,0x300,8,02 24 23 E8 DC 33 29 35,temp=42.00
1779899464.930,0x100,8,00 6A CD C9 0E 15 13 63,speed=0.00
1779899465.024,0x200,8,C0 64 AF DE E1 FD 52 F1,fuel=100.00
1779899465.106,0x300,8,02 2A CB EC E9 94 79 8D,temp=42.00
1779899465.214,0x100,8,00 B0 C9 81 18 59 5C 47,speed=0.00
1779899465.315,0x200,8,E5 64 2D 59 F5 93 C8 BC,fuel=100.00
1779899465.397,0x300,8,02 FA 48 D0 F0 23 0D FD,temp=42.00
1779899465.490,0x100,8,00 93 4A 23 AF D6 87 AE,speed=0.00
1779899465.584,0x200,8,1F 64 72 91 D9 73 C0 BE,fuel=100.00
1779899465.680,0x300,8,02 5A 22 A2 4A B0 C0 BE,temp=42.00
1779899465.762,0x100,8,00 72 AF 43 44 4A E6 7F,speed=0.00
1779899465.871,0x200,8,F8 64 7C 94 73 A4 45 E2,fuel=100.00
1779899465.961,0x300,8,02 C9 47 7A 35 CE 35 27,temp=42.00
1779899466.044,0x100,8,00 46 03 12 77 D0 B8 2B,speed=0.00
1779899466.162,0x200,8,C7 64 30 37 D1 90 7D 3E,fuel=100.00
1779899466.234,0x300,8,02 13 B5 89 F7 5A D8 A9,temp=42.00
1779899466.357,0x100,8,00 BB 10 10 B7 67 50 DC,speed=0.00
1779899466.427,0x200,8,FF 64 69 E3 10 3C 46 3D,fuel=100.00
1779899466.515,0x300,8,02 A0 0A 3A BF 2A C5 95,temp=42.00
1779899466.606,0x100,8,00 B9 62 47 C8 7E 09 24,speed=0.00
1779899466.712,0x200,8,7A 64 8E 1C CD F4 C9 FE,fuel=100.00
1779899466.790,0x300,8,02 6E 65 DE E3 85 26 9A,temp=42.00
1779899466.908,0x100,8,00 B0 30 81 1F 0D 2D EC,speed=0.00
1779899466.994,0x200,8,A9 64 18 10 03 B7 68 97,fuel=100.00
1779899467.112,0x300,8,02 9F 65 26 00 45 25 14,temp=42.00
1779899467.200,0x100,8,00 B9 7A 0B EC 99 C0 B2,speed=0.00
1779899467.278,0x200,8,43 64 69 AB 84 37 86 35,fuel=100.00
1779899467.396,0x300,8,02 23 D3 07 BF E7 58 C9,temp=42.00
1779899467.473,0x100,8,00 7D 4B 3A BD F1 72 6A,speed=0.00
1779899467.564,0x200,8,41 64 8C A5 00 21 4B A4,fuel=100.00
1779899467.716,0x300,8,02 75 1F CA 44 67 DC DE,temp=42.00
1779899467.752,0x100,8,00 8B C9 FE 5C F4 1A 31,speed=0.00
1779899467.850,0x200,8,7C 64 3C B9 1C 85 D6 73,fuel=100.00
1779899467.937,0x300,8,02 4F 3A 0F EF 19 C3 78,temp=42.00
1779899468.026,0x100,8,00 89 4E 08 17 93 9B 24,speed=0.00
1779899468.137,0x200,8,9E 64 22 D0 63 5C 5A EB,fuel=100.00
1779899468.223,0x300,8,02 2B 0A 86 0A 93 0F F6,temp=42.00
1779899468.328,0x100,8,00 A6 E7 8F 93 99 04 1D,speed=0.00
1779899468.403,0x200,8,79 64 47 90 28 CF FE 69,fuel=100.00
1779899468.502,0x300,8,02 99 C1 5F EA 5C 8E 23,temp=42.00
1779899468.605,0x100,8,00 69 9E 8C D8 4E 77 8D,speed=0.00
1779899468.699,0x200,8,12 64 1C 10 E3 45 58 1C,fuel=100.00
1779899468.777,0x300,8,02 32 34 49 B0 6A E3 19,temp=42.00
1779899468.881,0x100,8,00 4D B5 19 74 BC 22 45,speed=0.00
1779899468.962,0x200,8,28 64 94 CC 2A C9 58 8C,fuel=100.00
1779899469.075,0x300,8,02 24 5B 38 A8 72 42 FF,temp=42.00
1779899469.155,0x100,8,00 DF A1 64 28 59 0D ED,speed=0.00
1779899469.258,0x200,8,45 64 86 A1 FC 18 1C 7C,fuel=100.00
1779899469.368,0x300,8,02 18 1C 6B B3 21 4D AF,temp=42.00
1779899469.433,0x100,8,00 01 FB FF 19 EF 7D 69,speed=0.00
1779899469.539,0x200,8,E6 64 E5 CB 47 CF 2A BB,fuel=100.00
1779899469.620,0x300,8,02 CF 72 B0 3E EC 60 91,temp=42.00
1779899469.719,0x100,8,00 E6 A7 F8 75 CB ED F1,speed=0.00
1779899469.808,0x200,8,15 64 91 9F 7C EF 62 9B,fuel=100.00
1779899469.940,0x300,8,02 74 26 51 CA 03 C5 9F,temp=42.00
1779899470.020,0x100,8,00 18 0D 5E B6 77 8F C6,speed=0.00
1779899470.121,0x200,8,78 64 8E 74 22 56 47 B8,fuel=100.00
1779899470.199,0x300,8,02 D0 19 F1 89 61 EF 4F,temp=42.00
1779899470.291,0x100,8,00 7A 2D 47 21 47 AC 71,speed=0.00
1779899470.386,0x200,8,18 64 27 F5 2E 55 F5 66,fuel=100.00
1779899470.492,0x300,8,02 55 2C 2B 56 DF 6C 6E,temp=42.00
1779899470.555,0x100,8,00 30 60 99 C1 66 88 DD,speed=0.00
1779899470.651,0x200,8,9B 64 71 ED 06 B4 1D 64,fuel=100.00
1779899470.759,0x300,8,02 90 96 E0 34 22 31 6F,temp=42.00
1779899470.875,0x100,8,00 84 D4 53 9D F9 1C 57,speed=0.00
1779899470.943,0x200,8,84 64 A2 3E 48 3A D2 70,fuel=100.00
1779899471.054,0x300,8,02 92 71 4C 3B 01 EC AA,temp=42.00
1779899471.128,0x100,8,00 C7 34 34 41 93 88 80,speed=0.00
1779899471.225,0x200,8,A1 64 F3 F8 83 B6 E4 A5,fuel=100.00
1779899471.340,0x300,8,02 1A 24 6D 3A 35 11 19,temp=42.00
1779899471.407,0x100,8,00 1B 2E 31 0E 7E 00 3F,speed=0.00
1779899471.498,0x200,8,84 64 AF CE F4 D0 8D AF,fuel=100.00
1779899471.613,0x300,8,02 F6 22 A6 51 0D EC 05,temp=42.00
1779899471.713,0x100,8,00 43 29 46 73 A5 34 A2,speed=0.00
1779899471.786,0x200,8,AE 64 EA 80 69 73 42 47,fuel=100.00
1779899471.880,0x300,8,02 0B 39 56 61 16 A0 42,temp=42.00
1779899471.978,0x100,8,00 39 52 6E 6E 12 AE 6D,speed=0.00
1779899472.074,0x200,8,35 64 EA D1 2A 6A 75 2F,fuel=100.00
1779899472.164,0x300,8,02 32 CA 67 90 6A D8 20,temp=42.00
1779899472.269,0x100,8,00 26 5C D7 D1 FD 05 80,speed=0.00
1779899472.355,0x200,8,E4 64 72 F7 B6 1C E5 2D,fuel=100.00
1779899472.463,0x300,8,02 EC 2A A3 56 D0 F3 05,temp=42.00
1779899472.554,0x100,8,00 52 2B B6 1A 7E 32 3B,speed=0.00
1779899472.642,0x200,8,9D 64 08 3A A3 9D 78 B3,fuel=100.00
1779899472.718,0x300,8,02 84 0A 13 4D 95 4E 27,temp=42.00
1779899472.818,0x100,8,00 13 47 D6 82 B3 A1 9E,speed=0.00
1779899472.900,0x200,8,F3 64 71 17 49 37 35 CE,fuel=100.00
1779899473.014,0x300,8,02 BF B5 42 65 82 A0 61,temp=42.00
1779899473.087,0x100,8,00 E2 48 C8 28 17 4C 52,speed=0.00
1779899473.199,0x200,8,D8 64 A5 60 BD DB B6 25,fuel=100.00
1779899473.305,0x300,8,02 67 E6 F4 7E E7 8D CA,temp=42.00
1779899473.385,0x100,8,00 2F 02 8D B8 E9 0C 8F,speed=0.00
1779899473.504,0x200,8,A6 64 41 5F C5 63 55 16,fuel=100.00
1779899473.589,0x300,8,02 A1 8C DB 23 7E 89 40,temp=42.00
1779899473.697,0x100,8,00 5E D0 E0 CC 19 B9 3E,speed=0.00
1779899473.782,0x200,8,03 64 9F 76 C6 E4 40 E5,fuel=100.00
1779899473.880,0x300,8,02 0F 04 19 45 F4 E9 DB,temp=42.00
1779899473.951,0x100,8,00 14 59 1D 83 64 C5 78,speed=0.00
1779899474.049,0x200,8,2B 64 FB 68 C2 DC F2 7C,fuel=100.00
1779899474.142,0x300,8,02 2D 8A 8C 6A CF 2A C2,temp=42.00
1779899474.241,0x100,8,00 D9 A1 7D 90 2C EE 26,speed=0.00
1779899474.347,0x200,8,C6 64 A5 10 08 ED A7 35,fuel=100.00
1779899474.430,0x300,8,02 40 52 B8 AD 78 7B C4,temp=42.00
1779899474.524,0x100,8,00 C8 E9 69 51 F5 64 17,speed=0.00
1779899474.610,0x200,8,BD 64 C9 B8 44 B9 88 88,fuel=100.00
1779899474.711,0x300,8,02 BA 76 42 03 F2 E8 F6,temp=42.00
1779899474.817,0x100,8,00 57 F5 43 69 EC AF C0,speed=0.00
1779899474.919,0x200,8,FF 64 26 4D B4 AE 01 8A,fuel=100.00
1779899474.984,0x300,8,02 2F 23 A6 9C 9D C9 D1,temp=42.00
1779899475.099,0x100,8,00 CA 1A A1 2C E5 09 2A,speed=0.00
1779899475.169,0x200,8,B1 64 1B FA CD 87 87 EB,fuel=100.00
1779899475.266,0x300,8,02 B3 DE 96 14 2C D8 60,temp=42.00
1779899475.390,0x100,8,00 A9 92 CF 27 ED 45 B2,speed=0.00
1779899475.469,0x200,8,76 64 B9 B4 CE 0C FC 7D,fuel=100.00
1779899475.557,0x300,8,02 14 DF FD 9E 9D 6C 02,temp=42.00
1779899475.645,0x100,8,00 30 88 0E 29 45 BE BD,speed=0.00
1779899475.759,0x200,8,29 64 FF 80 F8 E2 8D 03,fuel=100.00
1779899475.827,0x300,8,02 28 EE 2B 2A 07 CB 89,temp=42.00
1779899475.931,0x100,8,00 72 74 50 47 AE 6E DA,speed=0.00
1779899476.010,0x200,8,75 64 76 FD C1 D6 EA AF,fuel=100.00
1779899476.115,0x300,8,02 4B 49 75 C2 C7 38 A4,temp=42.00
1779899476.195,0x100,8,00 80 F6 91 99 D0 BC C9,speed=0.00
1779899476.309,0x200,8,22 64 6F 60 D6 FF D8 41,fuel=100.00
1779899476.407,0x300,8,02 30 37 40 1B F7 3F FD,temp=42.00
1779899476.478,0x100,8,00 B4 46 6E 67 93 C5 D9,speed=0.00
1779899476.573,0x200,8,E9 64 EF 91 38 06 D3 C1,fuel=100.00
1779899476.668,0x300,8,02 2F B3 37 E0 F6 5E DE,temp=42.00
1779899476.762,0x100,8,00 6F 05 E6 A7 CE 8A 2D,speed=0.00
1779899476.862,0x200,8,27 64 AC 84 4D 01 6F 17,fuel=100.00
1779899476.976,0x300,8,02 D6 C8 DC 42 98 46 87,temp=42.00
1779899477.053,0x100,8,00 05 E0 2B 72 D7 EA 96,speed=0.00
1779899477.160,0x200,8,10 64 4D 0B B0 74 5B 2D,fuel=100.00
1779899477.228,0x300,8,02 74 8E 7E 47 D1 20 3C,temp=42.00
1779899477.334,0x100,8,00 7D 22 8B E2 1C 70 13,speed=0.00
1779899477.425,0x200,8,C7 64 FB 78 A8 4C 03 D9,fuel=100.00
1779899477.512,0x300,8,02 3E 9D 53 70 AA A1 42,temp=42.00
1779899477.614,0x100,8,00 18 D0 EA D4 A1 72 74,speed=0.00
1779899477.705,0x200,8,88 64 00 F8 FC 70 D1 5D,fuel=100.00
1779899477.795,0x300,8,02 F7 8E C2 47 FE 4C 93,temp=42.00
1779899477.893,0x100,8,00 9C D0 3C 4A C8 C3 85,speed=0.00
1779899477.990,0x200,8,BF 64 1E B3 49 BD 95 99,fuel=100.00
1779899478.112,0x300,8,02 CE 7E C5 85 04 54 E9,temp=42.00
1779899478.181,0x100,8,00 69 31 80 E3 7D 33 73,speed=0.00
1779899478.287,0x200,8,9C 64 33 E9 D3 73 46 13,fuel=100.00
1779899478.370,0x300,8,02 DC 38 65 8F 58 D8 9F,temp=42.00
1779899478.472,0x100,8,00 89 9D 1A 4B 98 43 9B,speed=0.00
1779899478.570,0x200,8,64 64 79 95 D1 B7 E2 3F,fuel=100.00
1779899478.658,0x300,8,02 48 55 94 5C 56 FF F5,temp=42.00
1779899478.748,0x100,8,00 79 38 C3 26 5E 19 5B,speed=0.00
1779899478.840,0x200,8,EC 64 27 51 F9 EC B1 CE,fuel=100.00
1779899478.920,0x300,8,02 21 F6 95 AB 64 FA 0F,temp=42.00
1779899479.016,0x100,8,00 1A B4 38 FA CD ED EE,speed=0.00
1779899479.121,0x200,8,5F 64 B1 FA 6D EF EA 3B,fuel=100.00
1779899479.199,0x300,8,02 61 3E C5 88 C7 16 2F,temp=42.00
1779899479.299,0x100,8,00 02 F6 40 78 4A 5B 36,speed=0.00
1779899479.401,0x200,8,85 64 9A 4A CC F9 CF 54,fuel=100.00
1779899479.479,0x300,8,02 DF CD FD FF A3 A3 EE,temp=42.00
1779899479.574,0x100,8,00 A9 81 42 B7 D6 A6 B3,speed=0.00
1779899479.695,0x200,8,C4 64 DE 13 51 B6 28 96,fuel=100.00
1779899479.768,0x300,8,02 4B 94 C7 35 31 51 B2,temp=42.00
1779899479.861,0x100,8,00 C2 89 3F 20 4B 9B 74,speed=0.00
1779899479.956,0x200,8,12 64 F9 8B 5D F0 01 72,fuel=100.00
1779899480.047,0x300,8,02 86 69 83 C5 A3 EE 66,temp=42.00
1779899480.147,0x100,8,00 75 4E AA 7C 3D 80 F1,speed=0.00
1779899480.263,0x200,8,14 64 29 BE 4C CE DF 01,fuel=100.00
1779899480.349,0x300,8,02 9B F5 E1 A7 08 35 37,temp=42.00
1779899480.423,0x100,8,00 36 81 D2 8C CC FC 07,speed=0.00
1779899480.512,0x200,8,0D 64 71 50 BA 3B 4B DA,fuel=100.00
1779899480.622,0x300,8,02 C8 AA 8E D7 8F 4A A2,temp=42.00
1779899480.721,0x100,8,00 27 92 45 19 1C B0 29,speed=0.00
1779899480.791,0x200,8,DA 64 40 08 C3 A7 9F 3E,fuel=100.00
1779899480.907,0x300,8,02 D5 F6 D5 E6 D7 E9 56,temp=42.00
1779899481.039,0x100,8,00 46 FC 78 BC EF 67 53,speed=0.00
1779899481.088,0x200,8,82 64 34 D9 EB 4C AC F2,fuel=100.00
1779899481.197,0x300,8,02 F2 86 2E 83 02 61 8B,temp=42.00
1779899481.269,0x100,8,00 EC 86 91 62 28 18 BD,speed=0.00
1779899481.366,0x200,8,9E 64 6C B8 46 9F 97 1B,fuel=100.00
1779899481.484,0x300,8,02 F1 4A 9D 9D A0 EC 98,temp=42.00
1779899481.566,0x100,8,00 C2 B6 21 45 E9 CC 29,speed=0.00
1779899481.634,0x200,8,74 64 20 02 51 CA 09 67,fuel=100.00
1779899481.729,0x300,8,02 8B 67 A4 14 19 80 33,temp=42.00
1779899481.863,0x100,8,00 15 3C B4 54 DC 16 C1,speed=0.00
1779899481.929,0x200,8,D0 64 42 F8 E2 61 73 0A,fuel=100.00
1779899482.025,0x300,8,02 12 1F 02 CA 7D 21 3F,temp=42.00
1779899482.112,0x100,8,00 00 8B 57 F6 9B 47 D2,speed=0.00
1779899482.199,0x200,8,CD 64 C7 C0 90 44 4F 34,fuel=100.00
1779899482.316,0x300,8,02 3A 90 9D 6C 3C 09 93,temp=42.00
1779899482.393,0x100,8,00 88 AD DE C9 24 26 D0,speed=0.00
1779899482.477,0x200,8,76 64 7A D1 96 C8 E4 8E,fuel=100.00
1779899482.578,0x300,8,02 9D 61 5E 17 7F 56 C5,temp=42.00
1779899482.680,0x100,8,00 C7 6C 52 CA 3B E2 31,speed=0.00
1779899482.760,0x200,8,5D 64 64 DF 69 14 8E 8B,fuel=100.00
1779899482.874,0x300,8,02 95 13 C4 34 9C E2 F9,temp=42.00
1779899482.946,0x100,8,00 70 DB C0 74 9E 09 6C,speed=0.00
1779899483.066,0x200,8,A3 64 D6 B4 CE 3D 1D 41,fuel=100.00
1779899483.146,0x300,8,02 36 DE 5E 9A 11 D2 86,temp=42.00
1779899483.252,0x100,8,00 35 9D 08 46 FB 84 EB,speed=0.00
1779899483.325,0x200,8,F3 64 BF E9 AC 88 87 9A,fuel=100.00
1779899483.436,0x300,8,02 0C 6A 71 E5 08 6D E7,temp=42.00
1779899483.515,0x100,8,00 A7 90 2A 99 F7 9B 84,speed=0.00
1779899483.617,0x200,8,5F 64 68 E0 8C 55 AA 03,fuel=100.00
1779899483.707,0x300,8,02 D4 6C 1A B3 83 9C F2,temp=42.00
1779899483.803,0x100,8,00 F1 7E F9 D6 DE 46 BF,speed=0.00
1779899483.903,0x200,8,4F 64 CC 16 02 F7 49 1C,fuel=100.00
1779899483.994,0x300,8,02 57 4D 1B C9 52 17 70,temp=42.00
1779899484.074,0x100,8,00 DD AE F6 DA C3 08 96,speed=0.00
1779899484.178,0x200,8,BA 64 6E A4 30 87 EE 3F,fuel=100.00
1779899484.268,0x300,8,02 B9 63 D6 2F 59 82 F4,temp=42.00
1779899484.375,0x100,8,00 83 53 B4 26 3D 05 A2,speed=0.00
1779899484.463,0x200,8,44 64 BC 4A 0B 66 F8 B7,fuel=100.00
1779899484.573,0x300,8,02 88 FC 22 C2 C5 5E 8A,temp=42.00
1779899484.641,0x100,8,00 85 FE 13 12 52 3D 43,speed=0.00
1779899484.741,0x200,8,72 64 C3 65 60 77 05 3F,fuel=100.00
1779899484.834,0x300,8,02 03 F2 DD FA 66 63 70,temp=42.00
1779899484.938,0x100,8,00 FE 49 08 A3 04 78 C5,speed=0.00
1779899485.019,0x200,8,7E 64 C3 FC 35 0A 85 17,fuel=100.00
1779899485.128,0x300,8,02 0C 52 BB 21 39 62 21,temp=42.00
1779899485.202,0x100,8,00 32 0E C0 B4 D3 6A 7A,speed=0.00
1779899485.310,0x200,8,53 64 B8 E2 7B D9 E9 11,fuel=100.00
1779899485.401,0x300,8,02 5E 8C 3D C4 A3 CE 18,temp=42.00
1779899485.477,0x100,8,00 00 1D 5F FA 43 A1 0E,speed=0.00
1779899485.578,0x200,8,1C 64 0C 3A 27 58 B5 D7,fuel=100.00
1779899485.674,0x300,8,02 4E D6 B9 74 B5 BE 10,temp=42.00
1779899485.758,0x100,8,00 D4 D3 30 EB 42 C9 C8,speed=0.00
1779899485.863,0x200,8,E4 64 98 B7 AC C6 2E 76,fuel=100.00
1779899485.967,0x300,8,02 2B 10 A4 A4 4E 12 A2,temp=42.00
1779899486.051,0x100,8,00 5B 25 E7 B4 BD 32 98,speed=0.00
1779899486.156,0x200,8,D3 64 97 94 49 37 D2 E2,fuel=100.00
1779899486.239,0x300,8,02 39 35 30 71 15 D8 93,temp=42.00
1779899486.325,0x100,8,00 DC B6 8B C5 C6 2A 2E,speed=0.00
1779899486.512,0x200,8,F6 64 11 83 17 81 C4 50,fuel=100.00
1779899486.612,0x300,8,02 04 F1 8F 88 28 93 E1,temp=42.00
1779899486.703,0x100,8,00 45 3D 47 C1 69 2B DC,speed=0.00
1779899486.806,0x200,8,14 64 E8 33 53 93 54 32,fuel=100.00
1779899486.900,0x300,8,02 13 15 FD 49 84 B1 70,temp=42.00
1779899486.985,0x100,8,00 98 91 B4 DE 7F 82 49,speed=0.00
1779899487.079,0x200,8,36 64 6D 8C 26 54 4C F0,fuel=100.00
1779899487.192,0x300,8,02 94 1E 74 B5 5C DE 37,temp=42.00
1779899487.273,0x100,8,00 58 1C A0 D5 4A B8 C5,speed=0.00
1779899487.386,0x200,8,E1 64 DE F3 9D 9D BA AB,fuel=100.00
1779899487.455,0x300,8,02 59 94 FE E8 9A BA 8A,temp=42.00
1779899487.547,0x100,8,00 CA CE 33 52 67 3F 88,speed=0.00
1779899487.736,0x200,8,8C 64 36 93 3E 1D E2 D7,fuel=100.00
1779899487.840,0x300,8,02 03 15 D5 BD 60 F7 E7,temp=42.00
1779899487.942,0x100,8,00 BB B0 44 29 87 94 67,speed=0.00
1779899488.017,0x200,8,57 64 79 38 7D 3E B7 C5,fuel=100.00
1779899488.112,0x300,8,02 CE 10 BC 6F 72 60 88,temp=42.00
1779899488.216,0x100,8,00 68 59 D1 C4 22 03 8E,speed=0.00
1779899488.297,0x200,8,63 64 6A 8F 03 70 E1 6B,fuel=100.00
1779899488.410,0x300,8,02 CF 94 91 19 C5 86 24,temp=42.00
1779899488.504,0x100,8,00 89 11 15 B3 10 18 5C,speed=0.00
1779899488.585,0x200,8,6A 64 D8 94 F8 19 83 98,fuel=100.00
1779899488.667,0x300,8,02 E1 EE 51 DC 28 0D CC,temp=42.00
1779899488.790,0x100,8,00 77 47 C4 10 FA 2A 50,speed=0.00
1779899488.876,0x200,8,68 64 EC C3 AA 86 AD 6B,fuel=100.00
1779899488.964,0x300,8,02 F4 67 90 76 6A 46 EF,temp=42.00
1779899489.052,0x100,8,00 6E 32 99 34 00 90 75,speed=0.00
1779899489.136,0x200,8,C4 64 96 DA C2 43 E8 3F,fuel=100.00
1779899489.228,0x300,8,02 81 91 9A 78 CF 0B 73,temp=42.00
1779899489.335,0x100,8,00 5A 69 D2 5E ED DD A4,speed=0.00
1779899489.445,0x200,8,6B 64 CA 0A 49 01 08 A4,fuel=100.00
1779899489.521,0x300,8,02 7F CD 5F 9A C8 89 E1,temp=42.00
1779899489.612,0x100,8,00 F9 C8 EA 5D 85 D2 7F,speed=0.00
1779899489.701,0x200,8,47 64 84 B1 F3 21 A1 6A,fuel=100.00
1779899489.799,0x300,8,02 1B 5C 6E EF E2 C9 B0,temp=42.00
1779899489.885,0x100,8,00 93 3F 9F AD 78 68 4C,speed=0.00
1779899489.985,0x200,8,56 64 2E E6 AE FE 53 5A,fuel=100.00
1779899490.090,0x300,8,02 16 CC 29 45 13 03 03,temp=42.00
1779899490.192,0x100,8,00 AA 3A E0 D4 38 7D BD,speed=0.00
1779899490.278,0x200,8,C2 64 7A 8C D1 E0 D2 7E,fuel=100.00
1779899490.356,0x300,8,02 A1 00 BB 3A 6B 37 AE,temp=42.00
1779899490.461,0x100,8,00 8A 78 D2 EA F6 F9 65,speed=0.00
1779899490.583,0x200,8,44 64 32 B0 A7 E9 AA F9,fuel=100.00
1779899490.670,0x300,8,02 EC 7E D3 D6 87 0B 8F,temp=42.00
1779899490.765,0x100,8,00 5F AB 7D 09 68 E0 CD,speed=0.00
1779899490.837,0x200,8,C4 64 67 5E 4B 43 F4 A3,fuel=100.00
1779899490.918,0x300,8,02 75 42 BD A8 A0 38 7B,temp=42.00
1779899491.018,0x100,8,00 A8 33 14 E0 28 09 A7,speed=0.00
1779899491.117,0x200,8,33 64 05 5D 19 45 36 9A,fuel=100.00
1779899491.205,0x300,8,02 2B 82 FB C9 E9 5A E7,temp=42.00
1779899491.300,0x100,8,00 10 99 CE 59 81 5D 19,speed=0.00
1779899491.400,0x200,8,E5 64 9F 47 CF 5B DD F5,fuel=100.00
1779899491.484,0x300,8,02 F6 4E E3 95 6B 54 39,temp=42.00
1779899491.579,0x100,8,00 B2 F8 76 B6 7E F0 D9,speed=0.00
1779899491.666,0x200,8,67 64 A3 14 02 21 1F 58,fuel=100.00
1779899491.767,0x300,8,02 08 73 EA 7B 51 E8 16,temp=42.00
1779899491.868,0x100,8,00 61 F1 61 7C 18 A4 70,speed=0.00
1779899491.951,0x200,8,31 64 B9 63 D0 80 E7 28,fuel=100.00
1779899492.062,0x300,8,02 3D 38 60 2C 76 06 FC,temp=42.00
1779899492.158,0x100,8,00 6A 46 23 FC 38 05 97,speed=0.00
1779899492.244,0x200,8,AE 64 BB 38 5C AB 42 C5,fuel=100.00
1779899492.341,0x300,8,02 4F F4 36 2B 2A 22 70,temp=42.00
1779899492.444,0x100,8,00 78 6F 5D 9F 38 75 18,speed=0.00
1779899492.510,0x200,8,E7 64 E8 6D 7B 02 E7 63,fuel=100.00
1779899492.604,0x300,8,02 B4 7D CC B1 4B 49 A8,temp=42.00
1779899492.731,0x100,8,00 7E 2D DB AA 92 BD EB,speed=0.00
1779899492.811,0x200,8,D8 64 19 08 FA 6A E2 E7,fuel=100.00
1779899492.888,0x300,8,02 0B F4 B4 DA B3 F8 9D,temp=42.00
1779899493.002,0x100,8,00 5B FE DE D0 7F 42 EF,speed=0.00
1779899493.071,0x200,8,3E 64 41 94 6A DB E1 8A,fuel=100.00
1779899493.195,0x300,8,02 4C 46 5A 41 4F 30 B6,temp=42.00
1779899493.278,0x100,8,00 8E 05 E6 2C 83 00 AB,speed=0.00
1779899493.354,0x200,8,CD 64 81 DA C4 44 E8 65,fuel=100.00
1779899493.452,0x300,8,02 25 9A C2 E6 93 03 E1,temp=42.00
1779899493.572,0x100,8,00 19 4F 95 4D D0 AD AF,speed=0.00
1779899493.647,0x200,8,51 64 66 12 98 5D 49 1F,fuel=100.00
1779899493.729,0x300,8,02 66 2B 42 D2 D1 FA 3D,temp=42.00
1779899493.840,0x100,8,00 15 95 98 CA 07 E6 69,speed=0.00
1779899493.935,0x200,8,80 64 20 30 60 D7 11 90,fuel=100.00
1779899494.011,0x300,8,02 E9 AE 39 55 E2 07 87,temp=42.00
1779899494.122,0x100,8,00 A9 6F 7F 3A F6 B8 A3,speed=0.00
1779899494.199,0x200,8,6B 64 23 0C 7C 56 B5 0A,fuel=100.00
1779899494.312,0x300,8,02 77 8D 23 4B 05 DB 39,temp=42.00
1779899494.423,0x100,8,00 E1 A8 D7 16 6A 74 2F,speed=0.00
1779899494.498,0x200,8,91 64 F2 E8 E6 05 A2 4F,fuel=100.00
1779899494.605,0x300,8,02 29 11 9E BB 22 2A CA,temp=42.00
1779899494.696,0x100,8,00 5C 71 6F 11 50 8D 26,speed=0.00
1779899494.782,0x200,8,E6 64 F1 CB 84 68 F3 90,fuel=100.00
1779899494.878,0x300,8,02 83 6F 07 41 A6 AA 5C,temp=42.00
1779899494.967,0x100,8,00 38 DC B3 9A DE FC DF,speed=0.00
1779899495.098,0x200,8,13 64 F8 ED C8 15 AD C4,fuel=100.00
1779899495.151,0x300,8,02 31 B8 EE 64 73 1F C4,temp=42.00
1779899495.265,0x100,8,00 EA 68 B6 9C 44 6D C0,speed=0.00
1779899495.341,0x200,8,35 64 94 7C 5C EC A0 4F,fuel=100.00
1779899495.433,0x300,8,02 A5 16 3C C8 13 10 BD,temp=42.00
1779899495.533,0x100,8,00 A6 67 95 25 DB A3 0A,speed=0.00
1779899495.627,0x200,8,F0 64 23 BB 90 B7 C7 8B,fuel=100.00
1779899495.720,0x300,8,02 28 FE 8D 99 98 FB 5D,temp=42.00
1779899495.822,0x100,8,00 BC 3A 41 80 76 FB 2F,speed=0.00
1779899495.929,0x200,8,38 64 D4 AC BC 10 1B CB,fuel=100.00
1779899496.029,0x300,8,02 CB CA 5E 74 0A 2B 2B,temp=42.00
1779899496.098,0x100,8,00 53 1D A6 82 D5 DE DB,speed=0.00
1779899496.187,0x200,8,2E 64 CC DB E3 05 6B 54,fuel=100.00
1779899496.294,0x300,8,02 64 0F 41 81 85 0B F8,temp=42.00
1779899496.374,0x100,8,00 EC 3A E7 D2 8E EF FE,speed=0.00
1779899496.487,0x200,8,81 64 62 3A C7 13 59 2A,fuel=100.00
1779899496.596,0x300,8,02 A3 31 7C 88 3B 8B F1,temp=42.00
1779899496.657,0x100,8,00 89 88 8D 08 30 1A 74,speed=0.00
1779899496.757,0x200,8,88 64 16 80 D7 7E 66 6D,fuel=100.00
1779899496.840,0x300,8,02 CB 06 7F ED 6C A4 9B,temp=42.00
1779899496.940,0x100,8,00 04 48 43 FD 5D 90 1A,speed=0.00
1779899497.057,0x200,8,BA 64 DF 46 73 FF F9 E8,fuel=100.00
1779899497.130,0x300,8,02 1B A4 98 BB 8D C8 FB,temp=42.00
1779899497.225,0x100,8,00 C8 40 C1 3F C6 2D E4,speed=0.00
1779899497.316,0x200,8,57 64 63 6B 09 22 6A D8,fuel=100.00
1779899497.415,0x300,8,02 B0 95 E6 85 22 F3 3F,temp=42.00
1779899497.507,0x100,8,00 F7 25 C2 F1 03 97 CF,speed=0.00
1779899497.599,0x200,8,6C 64 6A 02 7B A1 83 04,fuel=100.00
1779899497.743,0x300,8,02 86 28 50 E8 4E 7A 45,temp=42.00
1779899497.816,0x100,8,00 AC C2 FD 39 88 8E 55,speed=0.00
1779899497.881,0x200,8,80 64 7A D8 31 2B FD 00,fuel=100.00
1779899497.975,0x300,8,02 3D A4 9A F0 A0 E1 A1,temp=42.00
1779899498.081,0x100,8,00 5E E5 B9 CB A6 ED 5F,speed=0.00
1779899498.163,0x200,8,80 64 68 70 BA 5D 01 AE,fuel=100.00
1779899498.257,0x300,8,02 75 60 5F 27 23 14 05,temp=42.00
1779899498.353,0x100,8,00 04 DC 2D A7 03 AD 1A,speed=0.00
1779899498.453,0x200,8,B9 64 90 AC 1D 78 49 F1,fuel=100.00
1779899498.534,0x300,8,02 8A 85 75 6A 84 D6 E6,temp=42.00
1779899498.632,0x100,8,00 1C 2A 1F 1A 82 43 5F,speed=0.00
1779899498.715,0x200,8,65 64 F2 E2 91 D0 E3 AA,fuel=100.00
1779899498.813,0x300,8,02 58 F9 DF 22 36 2F 25,temp=42.00
1779899498.916,0x100,8,00 67 EE 0D 1E FD 6D 5E,speed=0.00
1779899498.995,0x200,8,FF 64 91 3C 57 BE 12 21,fuel=100.00
1779899499.104,0x300,8,02 FD 38 B0 DD 49 CC FD,temp=42.00
1779899499.203,0x100,8,00 F4 86 59 18 E2 08 4B,speed=0.00
1779899499.287,0x200,8,57 64 8F 32 64 A3 6A 8E,fuel=100.00
1779899499.389,0x300,8,02 87 29 31 8F 8F D9 F4,temp=42.00
1779899499.461,0x100,8,00 B8 4D DF 83 89 AE 6A,speed=0.00
1779899499.580,0x200,8,97 64 47 4B C8 A8 B1 3E,fuel=100.00
1779899499.690,0x300,8,02 74 78 91 BF B2 F1 4F,temp=42.00
1779899499.744,0x100,8,00 E0 BE 1A B5 98 DF 9A,speed=0.00
1779899499.845,0x200,8,38 64 43 EA ED 81 56 5F,fuel=100.00
1779899499.940,0x300,8,02 D5 3A 26 3D 36 91 4B,temp=42.00
1779899500.063,0x100,8,00 EE 9E 19 F5 60 3C DC,speed=0.00
1779899500.138,0x200,8,DA 64 D6 F4 8C F9 40 35,fuel=100.00
1779899500.222,0x300,8,02 30 5A 5F 3B 50 15 40,temp=42.00
1779899500.343,0x100,8,00 2F 0A 2B A7 9B 7D E5,speed=0.00
1779899500.407,0x200,8,15 64 E6 1F 98 73 A7 EF,fuel=100.00
1779899500.501,0x300,8,02 4A 25 5A 61 62 A8 F4,temp=42.00
1779899500.598,0x100,8,00 FC FB CC 70 61 A5 84,speed=0.00
1779899500.697,0x200,8,B4 64 62 A3 40 C0 AC DE,fuel=100.00
1779899500.777,0x300,8,02 0A 1C 01 AD 25 E8 1E,temp=42.00
1779899500.878,0x100,8,00 93 30 9E F1 9A 96 93,speed=0.00
1779899500.974,0x200,8,26 64 DC BE 00 A5 4F B4,fuel=100.00
1779899501.088,0x300,8,02 8F 75 7E 3F 1E D3 E7,temp=42.00
1779899501.173,0x100,8,00 DF 1F 2B 4C 80 B3 4E,speed=0.00
1779899501.254,0x200,8,9D 64 9B EA 4C C9 78 79,fuel=100.00
1779899501.349,0x300,8,02 CB 78 47 5C 30 CC BC,temp=42.00
1779899501.447,0x100,8,00 6D 72 26 53 A5 44 CD,speed=0.00
1779899501.545,0x200,8,7A 64 21 FA 1E 22 B3 E5,fuel=100.00
1779899501.623,0x300,8,02 36 F4 9F 91 30 B1 43,temp=42.00
1779899501.717,0x100,8,00 68 AB 49 81 88 36 95,speed=0.00
1779899501.811,0x200,8,21 64 D3 77 40 DA 36 CE,fuel=100.00
1779899501.908,0x300,8,02 9F 86 ED 7A 43 D1 6A,temp=42.00
1779899502.025,0x100,8,00 41 44 E7 B4 8C BD B4,speed=0.00
1779899502.109,0x200,8,A0 64 92 FB 30 BB 30 5B,fuel=100.00
1779899502.188,0x300,8,02 D3 86 0D A5 04 FA 76,temp=42.00
1779899502.281,0x100,8,00 25 AF 14 F8 79 DA 15,speed=0.00
1779899502.374,0x200,8,B5 64 98 26 78 CC ED 9B,fuel=100.00
1779899502.470,0x300,8,02 95 53 EC EE 0C 35 06,temp=42.00
1779899502.574,0x100,8,00 61 AD 64 C5 6F 9B 83,speed=0.00
1779899502.662,0x200,8,CA 64 0F 5B 58 8C DA C3,fuel=100.00
1779899502.762,0x300,8,02 59 08 C0 E5 7D 62 28,temp=42.00
1779899502.852,0x100,8,00 8F 17 FA F3 68 15 EA,speed=0.00
1779899502.932,0x200,8,08 64 FF 74 CC E9 58 AC,fuel=100.00
1779899503.054,0x300,8,02 5E F0 7C E3 68 71 2C,temp=42.00
1779899503.130,0x100,8,00 6D 37 67 94 4F BE 36,speed=0.00
1779899503.226,0x200,8,2A 64 F6 9A F1 22 A3 89,fuel=100.00
1779899503.314,0x300,8,02 75 55 49 F8 70 F6 78,temp=42.00
1779899503.414,0x100,8,00 3E CB 76 74 79 0C B3,speed=0.00
1779899503.535,0x200,8,6E 64 85 3D B7 27 F1 EE,fuel=100.00
1779899503.608,0x300,8,02 B9 EC C4 CA 2B AE 94,temp=42.00
1779899503.685,0x100,8,00 94 E6 BC 96 8C E5 D2,speed=0.00
1779899503.775,0x200,8,33 64 1D E4 6D 7A 9B CA,fuel=100.00
1779899503.868,0x300,8,02 FC C6 6D 0F 92 D1 DB,temp=42.00
1779899503.971,0x100,8,00 B6 EB C0 E4 C3 D3 80,speed=0.00
1779899504.074,0x200,8,13 64 3F 6F B5 F3 D8 FC,fuel=100.00
1779899504.158,0x300,8,02 6E BB FB 9C 7A E3 9F,temp=42.00
1779899504.262,0x100,8,00 95 86 A9 D0 36 07 8C,speed=0.00
1779899504.380,0x200,8,02 64 BB 1A B8 89 84 14,fuel=100.00
1779899504.459,0x300,8,02 43 40 06 FA 66 9B B7,temp=42.00
1779899504.530,0x100,8,00 C2 A0 55 F5 2C F9 A9,speed=0.00
1779899504.639,0x200,8,8E 64 41 5E 2A E3 E0 13,fuel=100.00
1779899504.714,0x300,8,02 CE B2 30 DD A0 2D 66,temp=42.00
1779899504.845,0x100,8,00 4F CC 78 EE 93 79 68,speed=0.00
1779899504.925,0x200,8,8F 64 42 41 A4 A6 F7 6E,fuel=100.00
1779899504.996,0x300,8,02 76 3C 8F E4 F5 16 3C,temp=42.00
1779899505.090,0x100,8,00 65 FA DB AE 65 3A 05,speed=0.00
1779899505.196,0x200,8,EB 64 8A 2C 6B 80 C8 EB,fuel=100.00
1779899505.278,0x300,8,02 2E 94 9A BD D8 67 9F,temp=42.00
1779899505.388,0x100,8,00 D7 58 A4 17 CF 10 D1,speed=0.00
1779899505.485,0x200,8,FC 64 3A 9D 58 2A 06 25,fuel=100.00
1779899505.592,0x300,8,02 B7 E5 0A 69 03 A5 4D,temp=42.00
1779899505.673,0x100,8,00 80 50 B6 A7 D6 D5 A7,speed=0.00
1779899505.772,0x200,8,47 64 54 DC 15 26 8D 22,fuel=100.00
1779899505.862,0x300,8,02 72 9F 22 1F 65 03 3B,temp=42.00
1779899505.949,0x100,8,00 C9 F2 38 6B 5E 3F 10,speed=0.00
1779899506.051,0x200,8,B8 64 46 29 8C 82 A1 1A,fuel=100.00
1779899506.166,0x300,8,02 24 E9 C6 3C 9D BC B3,temp=42.00
1779899506.238,0x100,8,00 A0 B2 64 1F 5A 59 1C,speed=0.00
1779899506.323,0x200,8,A7 64 BC 4B 8E 23 A6 BB,fuel=100.00
1779899506.440,0x300,8,02 14 84 34 0C 32 FD 0D,temp=42.00
1779899506.521,0x100,8,00 B4 88 60 64 5B C2 65,speed=0.00
1779899506.629,0x200,8,96 64 4E 44 67 08 E8 5E,fuel=100.00
1779899506.714,0x300,8,02 1F 8D 79 7D 11 4A 05,temp=42.00
1779899506.817,0x100,8,00 FA 94 AF 1C CE 7F 40,speed=0.00
1779899506.890,0x200,8,92 64 55 77 C4 2F 55 B3,fuel=100.00
1779899506.991,0x300,8,02 41 37 5B 96 92 1F 54,temp=42.00
1779899507.091,0x100,8,00 43 58 6D 11 96 C7 0E,speed=0.00
1779899507.180,0x200,8,D4 64 C4 B6 03 49 36 BE,fuel=100.00
1779899507.273,0x300,8,02 02 43 96 43 EB 8D 9A,temp=42.00
1779899507.365,0x100,8,00 DE A9 B0 EF 61 04 CA,speed=0.00
1779899507.468,0x200,8,23 64 66 D5 8B 95 86 F0,fuel=100.00
1779899507.560,0x300,8,02 0B 54 24 2A CF 8A 0B,temp=42.00
1779899507.668,0x100,8,00 7C 3D EC 06 6C 1A D2,speed=0.00
1779899507.739,0x200,8,DC 64 01 DD 2E F4 68 D0,fuel=100.00
1779899507.837,0x300,8,02 58 64 EC 14 1B 31 13,temp=42.00
1779899507.916,0x100,8,00 34 8F AC 21 35 FB 75,speed=0.00
1779899508.011,0x200,8,B2 64 95 81 79 56 7B D7,fuel=100.00
1779899508.121,0x300,8,02 C3 84 E3 44 02 7A 6F,temp=42.00
1779899508.197,0x100,8,00 9B 2F BB 3D FE 2C D1,speed=0.00
1779899508.318,0x200,8,B5 64 C8 EE 2F E0 19 AB,fuel=100.00
1779899508.412,0x300,8,02 55 9B FA 07 9E 99 85,temp=42.00
1779899508.496,0x100,8,00 DA 2A 5E AF B6 D7 DC,speed=0.00
1779899508.574,0x200,8,10 64 CA 8F FA 50 A0 AB,fuel=100.00
1779899508.669,0x300,8,02 28 6A 8B 7D 16 F2 AB,temp=42.00
1779899508.763,0x100,8,00 5F EE 22 E9 3A 2A 87,speed=0.00
1779899508.864,0x200,8,3A 64 FD 60 2F FA C3 6F,fuel=100.00
1779899508.957,0x300,8,02 0C FD 1D A9 1D 3B 19,temp=42.00
1779899509.043,0x100,8,00 EE BB 13 27 61 BD 59,speed=0.00
1779899509.158,0x200,8,1F 64 71 65 78 1E 03 19,fuel=100.00
1779899509.232,0x300,8,02 2C F9 3A A4 ED F9 09,temp=42.00
1779899509.330,0x100,8,00 4C 27 E8 14 96 16 FD,speed=0.00
1779899509.429,0x200,8,DF 64 A5 3E 0E 96 35 E6,fuel=100.00
1779899509.530,0x300,8,02 17 FC 5A 0E 42 FA C3,temp=42.00
1779899509.614,0x100,8,00 15 EE A6 CB 09 FC 70,speed=0.00
1779899509.717,0x200,8,C1 64 91 B9 05 74 7A 1E,fuel=100.00
1779899509.791,0x300,8,02 82 E5 22 7D 40 4B 3E,temp=42.00
1779899509.909,0x100,8,00 E3 5F BD 49 3D 8D 56,speed=0.00
1779899509.982,0x200,8,AB 64 94 9E 4F 19 D7 C4,fuel=100.00
1779899510.082,0x300,8,02 C2 3A 00 87 4F 8C 90,temp=42.00
1779899510.182,0x100,8,00 69 07 F1 F6 8B 20 DF,speed=0.00
1779899510.276,0x200,8,F4 64 17 AD 6A E5 A3 D6,fuel=100.00
1779899510.361,0x300,8,02 ED 7F 0D 88 E0 85 A4,temp=42.00
1779899510.472,0x100,8,00 F3 D7 0B 88 6D FF 51,speed=0.00
1779899510.564,0x200,8,B9 64 F1 13 20 9D 0D 81,fuel=100.00
1779899510.637,0x300,8,02 9A 5F 42 10 B2 9B CA,temp=42.00
1779899510.735,0x100,8,00 BA D0 D0 F3 76 9F 00,speed=0.00
1779899510.853,0x200,8,64 64 32 E4 A4 39 37 2E,fuel=100.00
1779899510.928,0x300,8,02 63 36 0D FE 9F 83 42,temp=42.00
1779899511.011,0x100,8,00 A2 97 99 A8 2C E6 E2,speed=0.00
1779899511.112,0x200,8,83 64 41 F7 BC D0 E1 2B,fuel=100.00
1779899511.213,0x300,8,02 08 D8 5A B9 AB 15 1F,temp=42.00
1779899511.325,0x100,8,00 A8 8D E0 69 10 C8 79,speed=0.00
1779899511.404,0x200,8,DE 64 4F 37 35 FF B6 5A,fuel=100.00
1779899511.491,0x300,8,02 F4 9F 3A 12 57 F6 2A,temp=42.00
1779899511.591,0x100,8,00 86 9D C7 ED 08 B3 B0,speed=0.00
1779899511.688,0x200,8,76 64 6D 55 52 6B A9 6A,fuel=100.00
1779899511.770,0x300,8,02 91 27 F4 E7 63 3B 63,temp=42.00
1779899511.886,0x100,8,00 24 A6 BE 39 A3 2B 37,speed=0.00
1779899511.965,0x200,8,F9 64 A0 6E 16 1E F7 87,fuel=100.00
1779899512.075,0x300,8,02 9C F8 8F F9 1A 4A 4F,temp=42.00
1779899512.141,0x100,8,00 83 28 4D 02 6A 19 E3,speed=0.00
1779899512.234,0x200,8,8C 64 66 D1 49 7A AE E6,fuel=100.00
1779899512.331,0x300,8,02 39 16 E3 82 99 8B 3C,temp=42.00
1779899512.449,0x100,8,00 7D B5 EC 8D CF 0E 56,speed=0.00
1779899512.557,0x200,8,3F 64 E1 EE C6 18 7A 8F,fuel=100.00
1779899512.611,0x300,8,02 5D BB CA 52 B1 D6 0A,temp=42.00
1779899512.712,0x100,8,00 6E 9B 88 DA AE 0E 06,speed=0.00
1779899512.814,0x200,8,F4 64 D6 76 C1 B1 4E 76,fuel=100.00
1779899512.912,0x300,8,02 8C F2 5E EF 27 4E C6,temp=42.00
1779899512.980,0x100,8,00 CB 75 EC 49 8B 62 F7,speed=0.00
1779899513.083,0x200,8,0C 64 BF 4D D3 4B 2C 8D,fuel=100.00
1779899513.177,0x300,8,02 82 0C 83 75 EC 89 1D,temp=42.00
1779899513.265,0x100,8,00 7D CA AF 00 A8 18 9D,speed=0.00
1779899513.373,0x200,8,57 64 32 F2 06 15 80 2D,fuel=100.00
1779899513.485,0x300,8,02 6A 32 C1 05 D8 48 79,temp=42.00
1779899513.558,0x100,8,00 3F BD 27 8E 21 20 95,speed=0.00
1779899513.656,0x200,8,15 64 F0 88 DB B6 8D D5,fuel=100.00
1779899513.740,0x300,8,02 2B C6 85 0E 1B AD C3,temp=42.00
1779899513.832,0x100,8,00 D3 8B 07 16 09 12 47,speed=0.00
1779899513.918,0x200,8,D1 64 11 2B E1 98 04 2A,fuel=100.00
1779899514.011,0x300,8,02 E8 1D DE F9 7F F3 57,temp=42.00
1779899514.124,0x100,8,00 76 79 5D 33 5A E7 E2,speed=0.00
1779899514.210,0x200,8,35 64 53 30 A2 A6 FE 97,fuel=100.00
1779899514.298,0x300,8,02 15 D0 88 43 34 3A B8,temp=42.00
1779899514.413,0x100,8,00 57 C5 26 17 A6 0D 4C,speed=0.00
1779899514.521,0x200,8,4C 64 46 30 B0 8B 89 31,fuel=100.00
1779899514.588,0x300,8,02 A8 0E 4E 24 A6 00 E2,temp=42.00
1779899514.708,0x100,8,00 BB 41 AE 0D 80 40 0F,speed=0.00
1779899514.764,0x200,8,CA 64 5F 54 73 73 0E 2E,fuel=100.00
1779899514.885,0x300,8,02 B3 34 FB D0 91 0E FB,temp=42.00
1779899514.960,0x100,8,00 30 6F D2 D8 DA 1D 00,speed=0.00
1779899515.059,0x200,8,8A 64 83 39 73 A2 71 EA,fuel=100.00
1779899515.155,0x300,8,02 F5 9D 36 4D 37 2A 53,temp=42.00
1779899515.244,0x100,8,00 32 94 A4 1D 92 D6 76,speed=0.00
1779899515.384,0x200,8,7A 64 47 84 65 85 BB 1A,fuel=100.00
1779899515.438,0x300,8,02 39 55 62 B2 0D 91 5F,temp=42.00
1779899515.535,0x100,8,00 40 55 42 07 BE E3 22,speed=0.00
1779899515.623,0x200,8,62 64 CA 8A 2E 23 4D 9E,fuel=100.00
1779899515.737,0x300,8,02 AA 3A E5 60 E4 BB 6B,temp=42.00
1779899515.841,0x100,8,00 9C 61 D6 EE DC 8C C6,speed=0.00
1779899515.921,0x200,8,B1 64 0F DD B1 7F 19 FB,fuel=100.00
1779899516.017,0x300,8,02 65 E2 7C 49 39 F9 9D,temp=42.00
1779899516.127,0x100,8,00 DB F6 6E E4 AE B6 B9,speed=0.00
1779899516.216,0x200,8,F0 64 75 77 82 6F BF 13,fuel=100.00
1779899516.305,0x300,8,02 66 6C 8A 60 9D 1E 73,temp=42.00
1779899516.386,0x100,8,00 F5 D0 8E 2D 9F E2 69,speed=0.00
1779899516.481,0x200,8,C8 64 E3 4D 5C 32 36 CF,fuel=100.00
1779899516.583,0x300,8,02 58 48 51 F4 85 C5 DB,temp=42.00
1779899516.675,0x100,8,00 5E 69 29 A3 F8 0E 02,speed=0.00
1779899516.792,0x200,8,6A 64 DC AD 8F 26 FF 36,fuel=100.00
1779899516.857,0x300,8,02 45 25 F6 5E 6C FA 11,temp=42.00
1779899516.962,0x100,8,00 BE 41 D1 CB D8 8F 76,speed=0.00
1779899517.057,0x200,8,6A 64 8D ED C7 97 EA 4F,fuel=100.00
1779899517.178,0x300,8,02 02 94 2C 30 A9 40 FF,temp=42.00
1779899517.259,0x100,8,00 5A F9 49 A3 BC 43 94,speed=0.00
1779899517.337,0x200,8,CC 64 03 39 1C 25 DC CA,fuel=100.00
1779899517.450,0x300,8,02 AB 51 AB 8E 6A 6F 07,temp=42.00
1779899517.515,0x100,8,00 31 A3 76 85 DF 8D 46,speed=0.00
1779899517.622,0x200,8,97 64 5E E8 90 E2 46 03,fuel=100.00
1779899517.750,0x300,8,02 71 8D FF EE D7 78 44,temp=42.00
1779899517.806,0x100,8,00 07 56 2F 1C 4B A6 37,speed=0.00
1779899517.897,0x200,8,6E 64 49 C6 3F A4 EB 96,fuel=100.00
1779899517.996,0x300,8,02 44 4C 7F CA 75 0B DA,temp=42.00
1779899518.075,0x100,8,00 1D A6 CC BC A2 79 B4,speed=0.00
1779899518.164,0x200,8,63 64 86 91 FA 3F 14 7A,fuel=100.00
1779899518.277,0x300,8,02 64 51 2B 61 1C EF C4,temp=42.00
1779899518.388,0x100,8,00 F4 2D 77 2B 82 34 DA,speed=0.00
1779899518.475,0x200,8,33 64 52 2F F9 CC 0D 4B,fuel=100.00
1779899518.555,0x300,8,02 3F D8 FC 00 9D 7E EA,temp=42.00
1779899518.669,0x100,8,00 FA 36 16 19 12 48 C0,speed=0.00
1779899518.739,0x200,8,C1 64 7C 78 F1 42 1D 65,fuel=100.00
1779899518.827,0x300,8,02 B2 E0 E8 6F D6 7E 3C,temp=42.00
1779899518.942,0x100,8,00 AD BD 01 1A EA A3 8C,speed=0.00
1779899519.018,0x200,8,C1 64 DA 7F CE E9 0C FF,fuel=100.00
1779899519.120,0x300,8,02 CD 3F 88 0A 35 A2 2D,temp=42.00
1779899519.217,0x100,8,00 2F 23 FD AB 5B 58 40,speed=0.00
1779899519.304,0x200,8,EE 64 CB B3 9B 26 02 19,fuel=100.00
1779899519.415,0x300,8,02 FF C0 25 1B 16 06 F9,temp=42.00
1779899519.479,0x100,8,00 80 4E 75 EE 0A 4C 4B,speed=0.00
1779899519.574,0x200,8,0C 64 A7 C9 8A 14 BD 31,fuel=100.00
1779899519.678,0x300,8,02 10 6C 33 5D AA B6 9C,temp=42.00
1779899519.761,0x100,8,00 17 A4 0A 2E FC 1A 07,speed=0.00
1779899519.879,0x200,8,E2 64 8A 11 D8 25 83 EF,fuel=100.00
1779899519.948,0x300,8,02 70 73 C4 07 58 08 26,temp=42.00
1779899520.062,0x100,8,00 36 18 C2 E3 9B 9A FB,speed=0.00
1779899520.145,0x200,8,45 64 54 34 8F D1 87 E9,fuel=100.00
1779899520.230,0x300,8,02 F2 A2 EB 8D 01 75 3E,temp=42.00
1779899520.325,0x100,8,00 85 F9 C1 CD 2D 89 D3,speed=0.00
1779899520.437,0x200,8,0C 64 8B DC 24 56 87 0B,fuel=100.00
1779899520.520,0x300,8,02 07 25 51 02 20 77 B1,temp=42.00
1779899520.626,0x100,8,00 E9 6F BC 70 2B DF 25,speed=0.00
1779899520.721,0x200,8,6C 64 E4 6A 10 A2 15 CC,fuel=100.00
1779899520.807,0x300,8,02 B6 1C 57 C3 0B 15 D1,temp=42.00
1779899520.896,0x100,8,00 8D 78 0C 0D 8C 14 8C,speed=0.00
1779899521.007,0x200,8,75 64 2D 7A 84 AD B9 C5,fuel=100.00
1779899521.090,0x300,8,02 83 CB 87 28 C5 D8 07,temp=42.00
1779899521.171,0x100,8,00 14 F9 D0 7A 19 CB 1A,speed=0.00
1779899521.264,0x200,8,5B 64 B0 27 77 A2 0C 63,fuel=100.00
1779899521.382,0x300,8,02 8C 89 83 40 97 81 49,temp=42.00
1779899521.458,0x100,8,00 D6 BF 96 61 55 65 86,speed=0.00
1779899521.571,0x200,8,B0 64 AE B5 D7 1A 40 20,fuel=100.00
1779899521.650,0x300,8,02 F5 11 3E D0 FD 40 A3,temp=42.00
1779899521.740,0x100,8,00 98 73 6F F9 0D CB 9E,speed=0.00
1779899521.848,0x200,8,7A 64 C4 75 C8 BB 22 72,fuel=100.00
1779899521.929,0x300,8,02 0F 8A C3 F3 95 DA A3,temp=42.00
1779899522.012,0x100,8,00 03 68 E5 F5 31 B1 60,speed=0.00
1779899522.120,0x200,8,A3 64 A5 FB 52 0F D3 8A,fuel=100.00
1779899522.198,0x300,8,02 FC 70 37 F1 11 13 70,temp=42.00
1779899522.300,0x100,8,00 59 A0 CB 5D CC F3 DC,speed=0.00
1779899522.415,0x200,8,ED 64 80 B4 F9 83 68 B3,fuel=100.00
1779899522.521,0x300,8,02 91 A0 E9 0E 0C E8 54,temp=42.00
1779899522.580,0x100,8,00 A9 8D 1B 32 64 7B B3,speed=0.00
1779899522.685,0x200,8,1B 64 8B 1C 3B E0 11 0E,fuel=100.00
1779899522.776,0x300,8,02 98 EF 54 AE FB 03 D6,temp=42.00
1779899522.860,0x100,8,00 4D 12 DD ED F0 EB B5,speed=0.00
1779899522.965,0x200,8,5D 64 EF 09 01 22 9F 3A,fuel=100.00
1779899523.047,0x300,8,02 2B 26 69 24 24 D7 27,temp=42.00
1779899523.165,0x100,8,00 34 5A EA 30 1B 42 74,speed=0.00
1779899523.237,0x200,8,14 64 8D 0A DD 38 93 29,fuel=100.00
1779899523.349,0x300,8,02 3E AF 9E CC 6D 52 77,temp=42.00
1779899523.430,0x100,8,00 1D 72 33 B5 23 F1 0F,speed=0.00
1779899523.517,0x200,8,ED 64 A7 F9 5D 21 35 08,fuel=100.00
1779899523.641,0x300,8,02 55 72 C4 40 6F 79 91,temp=42.00
1779899523.703,0x100,8,00 8F 22 66 93 5E 82 BA,speed=0.00
1779899523.821,0x200,8,8C 64 BF 2B 69 FB 39 49,fuel=100.00
1779899523.893,0x300,8,02 44 45 AE 78 F7 EC A0,temp=42.00
1779899524.001,0x100,8,00 EF 82 3B 17 64 D0 FB,speed=0.00
1779899524.094,0x200,8,8E 64 91 BF 84 17 C4 71,fuel=100.00
1779899524.191,0x300,8,02 65 A5 D3 62 6C 39 A3,temp=42.00
1779899524.293,0x100,8,00 5D 1F 3A F2 4B 76 C3,speed=0.00
1779899524.417,0x200,8,57 64 A6 93 4F 83 7E 08,fuel=100.00
1779899524.477,0x300,8,02 5D 54 16 A7 F2 C3 1F,temp=42.00
1779899524.584,0x100,8,00 3F D2 DA A2 4B F3 16,speed=0.00
1779899524.670,0x200,8,A7 64 E3 63 43 C0 0D 27,fuel=100.00
1779899524.749,0x300,8,02 78 46 C7 9E 99 92 53,temp=42.00
1779899524.842,0x100,8,00 9D 5C 2B B8 E4 C7 17,speed=0.00
1779899524.964,0x200,8,68 64 71 09 0B A6 E6 59,fuel=100.00
1779899525.054,0x300,8,02 2E A6 B5 66 CB D6 DB,temp=42.00
1779899525.144,0x100,8,00 8D C2 28 E2 52 79 21,speed=0.00
1779899525.232,0x200,8,B6 64 33 9A 8A D7 45 F9,fuel=100.00
1779899525.309,0x300,8,02 DF D9 63 3C 0E 13 E5,temp=42.00
1779899525.419,0x100,8,00 7F 12 CB 72 CE 2B 5A,speed=0.00
1779899525.497,0x200,8,8D 64 B4 FE AA BF B5 66,fuel=100.00
1779899525.605,0x300,8,02 7C C7 C3 46 47 B4 2D,temp=42.00
1779899525.711,0x100,8,00 C5 D1 1D A3 D9 5D 28,speed=0.00
1779899525.784,0x200,8,A5 64 AC 0E 75 D8 25 BB,fuel=100.00
1779899525.893,0x300,8,02 0D 26 41 C5 1E 18 FA,temp=42.00
1779899525.966,0x100,8,00 FE D1 3D 05 9A 05 7E,speed=0.00
1779899526.070,0x200,8,52 64 78 B9 99 77 EE AB,fuel=100.00
1779899526.166,0x300,8,02 E8 E8 6C 7A 1D E6 71,temp=42.00
1779899526.247,0x100,8,00 92 D3 61 55 52 FF E7,speed=0.00
1779899526.376,0x200,8,02 64 D9 5B 95 3D 44 19,fuel=100.00
1779899526.450,0x300,8,02 34 67 45 E0 6D F0 5D,temp=42.00
1779899526.532,0x100,8,00 43 6A 94 4E 66 E8 AF,speed=0.00
1779899526.623,0x200,8,86 64 9F 63 12 B2 C3 A4,fuel=100.00
1779899526.728,0x300,8,02 99 4A 05 A9 38 32 06,temp=42.00
1779899526.815,0x100,8,00 10 BD 62 A2 AD AE 1D,speed=0.00
1779899526.915,0x200,8,94 64 0D 1A 5A 77 CC BA,fuel=100.00
1779899526.998,0x300,8,02 AE BB FD 20 26 75 71,temp=42.00
1779899527.108,0x100,8,00 F9 8C A4 83 31 19 AA,speed=0.00
1779899527.189,0x200,8,0B 64 86 04 AF C5 E6 9A,fuel=100.00
1779899527.309,0x300,8,02 C1 26 25 83 8B 62 2F,temp=42.00
1779899527.392,0x100,8,00 83 9C 18 21 3D 07 28,speed=0.00
1779899527.475,0x200,8,91 64 96 F9 78 1E 3A D6,fuel=100.00
1779899527.571,0x300,8,02 23 8F 04 AB B0 97 C5,temp=42.00
1779899527.696,0x100,8,00 FC 3D 36 68 C9 9F A2,speed=0.00
1779899527.751,0x200,8,49 64 AD 93 69 FA FE BA,fuel=100.00
1779899527.857,0x300,8,02 8B 2B 4B 81 37 60 12,temp=42.00
1779899527.966,0x100,8,00 F2 90 ED 28 04 F4 EE,speed=0.00
1779899528.062,0x200,8,34 64 43 85 FB E4 A7 C7,fuel=100.00
1779899528.128,0x300,8,02 24 10 7E F1 1D 35 16,temp=42.00
1779899528.233,0x100,8,00 51 13 70 9B AD 9E 96,speed=0.00
1779899528.324,0x200,8,18 64 99 27 BA 0F A5 87,fuel=100.00
1779899528.428,0x300,8,02 8E 4E 93 E7 B5 E5 28,temp=42.00
1779899528.537,0x100,8,00 9A 08 3F 24 16 9F CE,speed=0.00
1779899528.613,0x200,8,91 64 8D FF 41 06 6E 09,fuel=100.00
1779899528.724,0x300,8,02 EC C6 D4 BC B3 A3 AE,temp=42.00
1779899528.804,0x100,8,00 F2 05 7A 56 61 77 73,speed=0.00
1779899528.887,0x200,8,95 64 48 78 76 14 F3 8E,fuel=100.00
1779899528.995,0x300,8,02 68 FB 97 24 E9 D1 E9,temp=42.00
1779899529.092,0x100,8,00 60 2F 3D F9 C9 50 B0,speed=0.00
1779899529.218,0x200,8,FC 64 13 C0 26 A0 C7 E6,fuel=100.00
1779899529.262,0x300,8,02 1B 87 25 59 48 F1 8F,temp=42.00
1779899529.380,0x100,8,00 7A 21 FD C7 CD C5 C8,speed=0.00
1779899529.460,0x200,8,21 64 DA D2 38 52 53 DC,fuel=100.00
1779899529.554,0x300,8,02 62 D1 B0 3A 78 FC 04,temp=42.00
1779899529.634,0x100,8,00 5F 14 27 CD 7F 33 C3,speed=0.00
1779899529.740,0x200,8,9A 64 0D 0B DA 98 62 7E,fuel=100.00
1779899529.838,0x300,8,02 D3 A1 54 B6 BF 77 F7,temp=42.00
1779899529.916,0x100,8,00 14 67 C0 44 D5 39 3B,speed=0.00
1779899530.048,0x200,8,60 64 D6 C8 F3 50 3A A9,fuel=100.00
1779899530.120,0x300,8,02 03 4D 77 DF 8F A6 F5,temp=42.00
1779899530.207,0x100,8,00 85 6D 00 95 66 86 44,speed=0.00
1779899530.294,0x200,8,05 64 36 C0 8D BB F4 C7,fuel=100.00
1779899530.404,0x300,8,02 67 77 ED 3F B9 76 19,temp=42.00
1779899530.489,0x100,8,00 1E 84 77 9C 03 3F 56,speed=0.00
1779899530.599,0x200,8,7A 64 16 CE 3C 00 A0 34,fuel=100.00
1779899530.688,0x300,8,02 50 FC E4 4C 75 5F 23,temp=42.00
1779899530.778,0x100,8,00 B0 72 4B 14 27 9C 1F,speed=0.00
1779899530.872,0x200,8,24 64 41 BE 79 16 14 AC,fuel=100.00
1779899530.960,0x300,8,02 8E FF 4C 4D B4 B5 E2,temp=42.00
1779899531.048,0x100,8,00 52 89 2D 9F 81 E9 D3,speed=0.00
1779899531.159,0x200,8,B7 64 12 0F B3 D3 EB DD,fuel=100.00
1779899531.246,0x300,8,02 2A EF 1F 9E 43 C6 92,temp=42.00
1779899531.332,0x100,8,00 A5 BC FE 93 C4 69 AA,speed=0.00
1779899531.447,0x200,8,86 64 7E 9C 59 48 99 15,fuel=100.00
1779899531.520,0x300,8,02 14 EB AA 40 45 E2 76,temp=42.00
1779899531.624,0x100,8,00 C2 78 61 7E C1 2A 99,speed=0.00
1779899531.736,0x200,8,6A 64 B5 F5 D9 DF 14 D7,fuel=100.00
1779899531.791,0x300,8,02 3F F2 89 A8 BE B0 04,temp=42.00
1779899531.908,0x100,8,00 68 AE E4 85 A1 18 8C,speed=0.00
1779899531.987,0x200,8,B2 64 D5 CB DD F1 4E B1,fuel=100.00
1779899532.084,0x300,8,02 0E 79 49 51 00 74 C4,temp=42.00
1779899532.195,0x100,8,00 E5 EB F2 5C 9B 83 ED,speed=0.00
1779899532.267,0x200,8,54 64 2C EF 1F FB 3C BE,fuel=100.00
1779899532.364,0x300,8,02 6C 6E 73 BC FB 2B 2A,temp=42.00
1779899532.466,0x100,8,00 D2 28 F8 B6 44 99 7E,speed=0.00
1779899532.544,0x200,8,3F 64 FE E4 F7 3E 56 7A,fuel=100.00
1779899532.641,0x300,8,02 7C 5B F6 52 C9 6F 49,temp=42.00
1779899532.739,0x100,8,00 40 37 CA 59 7A A0 BC,speed=0.00
1779899532.825,0x200,8,E9 64 17 27 00 40 B7 56,fuel=100.00
1779899532.945,0x300,8,02 00 93 1F DA 82 60 83,temp=42.00
1779899533.022,0x100,8,00 7B 6A 1A 0B 1C D2 07,speed=0.00
1779899533.118,0x200,8,CA 64 BA 12 5B 2B 9A 4A,fuel=100.00
1779899533.198,0x300,8,02 74 AF A9 17 9C 13 4C,temp=42.00
1779899533.298,0x100,8,00 63 62 5C 52 C9 3C F6,speed=0.00
1779899533.390,0x200,8,E1 64 B2 98 0C 48 D3 2B,fuel=100.00
1779899533.500,0x300,8,02 FE CF 08 50 17 C4 E7,temp=42.00
1779899533.588,0x100,8,00 3E E2 90 F0 AF 7B 2E,speed=0.00
1779899533.673,0x200,8,97 64 E5 F4 71 3B 5E F1,fuel=100.00
1779899533.773,0x300,8,02 A5 E5 59 A0 3A 5E E6,temp=42.00
1779899533.853,0x100,8,00 F2 0C 59 F2 A9 37 EC,speed=0.00
1779899533.948,0x200,8,AC 64 01 5A C3 CD 92 7C,fuel=100.00
1779899534.053,0x300,8,02 DC 21 AA 60 67 7B 44,temp=42.00
1779899534.152,0x100,8,00 08 57 A7 92 F6 D3 71,speed=0.00
1779899534.236,0x200,8,D7 64 AB 3B B4 75 4F F0,fuel=100.00
1779899534.347,0x300,8,02 E7 0D B7 6E 48 BB 0F,temp=42.00
1779899534.420,0x100,8,00 32 A0 79 66 CA ED EF,speed=0.00
1779899534.525,0x200,8,4B 64 ED 78 4A 70 91 99,fuel=100.00
1779899534.610,0x300,8,02 AE EC 23 4C D7 39 A6,temp=42.00
1779899534.704,0x100,8,00 EC 2D 0E A1 40 C6 D5,speed=0.00
1779899534.791,0x200,8,E3 64 3C 01 1C 99 BB C9,fuel=100.00
1779899534.912,0x300,8,02 9C B3 41 AD 4B E2 97,temp=42.00
1779899534.999,0x100,8,00 D3 CB 1C 40 96 1C FB,speed=0.00
1779899535.117,0x200,8,B3 64 D5 A1 8C D7 30 67,fuel=100.00
1779899535.200,0x300,8,02 D0 1D 46 67 21 0B 0C,temp=42.00
1779899535.287,0x100,8,00 00 D5 8A 61 DD F1 A3,speed=0.00
1779899535.372,0x200,8,14 64 E9 05 CA C6 10 3E,fuel=100.00
1779899535.498,0x300,8,02 F6 8F DA 4B 54 83 CE,temp=42.00
1779899535.577,0x100,8,00 28 DB 59 DB EE 2F AA,speed=0.00
1779899535.670,0x200,8,B7 64 21 CF F5 4D 7C 13,fuel=100.00
1779899535.772,0x300,8,02 AB B1 D5 44 EE 0E 96,temp=42.00
1779899535.866,0x100,8,00 5B B7 B4 C7 39 FE E7,speed=0.00
1779899535.971,0x200,8,9F 64 4E A4 82 C8 1E 9A,fuel=100.00
1779899536.055,0x300,8,02 F3 42 F2 9D 98 5B 5B,temp=42.00
1779899536.145,0x100,8,00 C4 F5 AD E3 4B AC 62,speed=0.00
1779899536.256,0x200,8,61 64 C5 4C 57 72 EC 9A,fuel=100.00
1779899536.327,0x300,8,02 A6 DF AE BA 07 08 EF,temp=42.00
1779899536.457,0x100,8,00 A7 61 10 90 1E 5B 8A,speed=0.00
1779899536.524,0x200,8,79 64 B7 D9 98 76 BE FA,fuel=100.00
1779899536.609,0x300,8,02 D3 9C 12 74 26 D0 06,temp=42.00
1779899536.723,0x100,8,00 2B A3 40 29 15 46 30,speed=0.00
1779899536.796,0x200,8,34 64 68 63 2C B5 36 A3,fuel=100.00
1779899536.905,0x300,8,02 03 F0 94 A9 5B 80 3D,temp=42.00
1779899536.986,0x100,8,00 AC 6E 77 9F D2 82 9F,speed=0.00
1779899537.083,0x200,8,FD 64 40 45 C3 58 B9 1A,fuel=100.00
1779899537.171,0x300,8,02 98 B7 50 F5 54 EF 6D,temp=42.00
1779899537.282,0x100,8,00 1E 53 61 95 09 47 BD,speed=0.00
1779899537.359,0x200,8,D1 64 A2 A3 D8 D4 5C 5B,fuel=100.00
1779899537.464,0x300,8,02 0E 3B B0 85 D5 59 0A,temp=42.00
1779899537.548,0x100,8,00 DF A2 BB F1 87 58 70,speed=0.00
1779899537.704,0x200,8,48 64 EA 3E 3D 7B D1 9F,fuel=100.00
1779899537.741,0x300,8,02 B2 C2 28 FC 63 53 72,temp=42.00
1779899537.829,0x100,8,00 26 83 5E B5 88 F1 7F,speed=0.00
1779899537.942,0x200,8,F7 64 52 FF 6B 84 1D D8,fuel=100.00
1779899538.012,0x300,8,02 A6 82 4C 0D 02 2D 6A,temp=42.00
1779899538.119,0x100,8,00 0F 75 BE 6F 29 EC A3,speed=0.00
1779899538.224,0x200,8,43 64 01 E7 03 7E A6 F6,fuel=100.00
1779899538.299,0x300,8,02 99 67 62 FA 4B AF 8D,temp=42.00
1779899538.424,0x100,8,00 A6 C6 80 B5 CE E8 B5,speed=0.00
1779899538.509,0x200,8,0C 64 EA D4 5C 06 AE B9,fuel=100.00
1779899538.587,0x300,8,02 B9 DC 42 5E B3 57 2C,temp=42.00
1779899538.678,0x100,8,00 5A F2 24 26 60 C7 EE,speed=0.00
1779899538.772,0x200,8,DC 64 E3 BC B6 03 A5 7E,fuel=100.00
1779899538.862,0x300,8,02 DF DC 5E 33 9C 39 8C,temp=42.00
1779899538.973,0x100,8,00 70 04 01 84 D5 7B 40,speed=0.00
1779899539.069,0x200,8,38 64 23 1E 67 7F 9C BA,fuel=100.00
1779899539.159,0x300,8,02 B5 FF 0E E6 D2 FD 68,temp=42.00
1779899539.243,0x100,8,00 75 79 B6 EA 28 33 90,speed=0.00
1779899539.329,0x200,8,8B 64 14 40 CB E4 83 D5,fuel=100.00
1779899539.470,0x300,8,02 D3 A1 76 F1 64 C9 DC,temp=42.00
1779899539.523,0x100,8,00 A3 80 CA 4E 49 64 BE,speed=0.00
1779899539.612,0x200,8,12 64 DB 9A AA 05 E4 71,fuel=100.00
1779899539.746,0x300,8,02 7A 77 8E B1 9C 69 A7,temp=42.00
1779899539.806,0x100,8,00 04 EF A4 5A 90 A5 28,speed=0.00
1779899539.884,0x200,8,5F 64 E1 BF 2F A8 3A DF,fuel=100.00
1779899540.008,0x300,8,02 C5 AE 2E 0D 49 3D DF,temp=42.00
1779899540.097,0x100,8,00 8E C4 AE 02 81 B4 E7,speed=0.00
1779899540.196,0x200,8,A3 64 9E 1B 0F B0 49 6B,fuel=100.00
1779899540.280,0x300,8,02 AA 4D C7 2F 4B 75 3E,temp=42.00
1779899540.396,0x100,8,00 AA 13 93 CF B4 F8 ED,speed=0.00
1779899540.466,0x200,8,AC 64 E6 8F FE 7E 38 7F,fuel=100.00
1779899540.564,0x300,8,02 7F E7 6D 2D 39 33 3B,temp=42.00
1779899540.699,0x100,8,00 C7 BA 8C B2 F9 F7 C0,speed=0.00
1779899540.772,0x200,8,71 64 7A DC C0 51 BE 47,fuel=100.00
1779899540.855,0x300,8,02 21 7A 52 27 04 B3 04,temp=42.00
1779899540.933,0x100,8,00 42 02 CC 9D C8 AE 44,speed=0.00
1779899541.038,0x200,8,9E 64 16 DA 8E C9 D2 18,fuel=100.00
1779899541.144,0x300,8,02 57 37 1F E8 51 2A B9,temp=42.00
1779899541.218,0x100,8,00 EC 14 33 22 81 78 B4,speed=0.00
1779899541.319,0x200,8,B6 64 11 86 E0 11 04 9F,fuel=100.00
1779899541.415,0x300,8,02 AE AA 12 21 31 8B F3,temp=42.00
1779899541.506,0x100,8,00 69 89 F1 7F 47 68 B7,speed=0.00
1779899541.608,0x200,8,79 64 64 D4 31 3D 6F 93,fuel=100.00
1779899541.691,0x300,8,02 FB F1 86 A4 FD 75 6E,temp=42.00
1779899541.781,0x100,8,00 A6 DB E6 02 C4 0A 19,speed=0.00
1779899541.885,0x200,8,65 64 22 41 B1 B0 A8 5D,fuel=100.00
1779899541.974,0x300,8,02 42 7D 27 DC 4B C7 FE,temp=42.00
1779899542.071,0x100,8,00 9E 42 4F 95 7C 5F 2D,speed=0.00
1779899542.151,0x200,8,8E 64 C3 4E 22 E7 80 6A,fuel=100.00
1779899542.272,0x300,8,02 6B 8E 1E 50 77 F2 76,temp=42.00
1779899542.348,0x100,8,00 B8 A3 7E 97 F3 0B 50,speed=0.00
1779899542.459,0x200,8,42 64 CD 1B 5F 2C A3 60,fuel=100.00
1779899542.537,0x300,8,02 46 D7 96 DC 16 77 12,temp=42.00
1779899542.632,0x100,8,00 F4 92 55 D5 E8 12 E0,speed=0.00
1779899542.741,0x200,8,EB 64 31 7B E1 78 17 26,fuel=100.00
1779899542.814,0x300,8,02 62 62 4A 45 50 2C 31,temp=42.00
1779899542.925,0x100,8,00 4D 96 FA 75 7C 59 BD,speed=0.00
1779899543.010,0x200,8,C2 64 5E E6 2C 6E BE 82,fuel=100.00
1779899543.116,0x300,8,02 1C 21 1B D0 92 6B AA,temp=42.00
1779899543.212,0x100,8,00 EF 86 7F B1 C3 BE E3,speed=0.00
1779899543.289,0x200,8,20 64 B3 E3 68 DC 46 44,fuel=100.00
1779899543.391,0x300,8,02 34 30 BE 65 63 03 D2,temp=42.00
1779899543.469,0x100,8,00 39 71 2E CC E5 0C A1,speed=0.00
1779899543.564,0x200,8,26 64 C9 4C DF 0C 9D D9,fuel=100.00
1779899543.690,0x300,8,02 4D D6 1B 9B 5D F1 30,temp=42.00
1779899543.745,0x100,8,00 96 12 37 E2 15 BD 6F,speed=0.00
1779899543.845,0x200,8,3D 64 D1 A7 91 A9 AB E5,fuel=100.00
1779899543.939,0x300,8,02 FC CC 7C D1 ED 04 FE,temp=42.00
1779899544.054,0x100,8,00 7F C1 20 5C 84 D9 D5,speed=0.00
1779899544.128,0x200,8,AF 64 F4 C6 F6 3A 3B 6A,fuel=100.00
1779899544.254,0x300,8,02 D7 8A 98 A5 F6 E8 92,temp=42.00
1779899544.308,0x100,8,00 35 E3 7C 6F 3E 7D E7,speed=0.00
1779899544.418,0x200,8,CC 64 60 EC 17 DD C9 0A,fuel=100.00
1779899544.496,0x300,8,02 CC 30 A0 3E 86 A7 35,temp=42.00
1779899544.620,0x100,8,00 8A D6 7D 9B B7 86 85,speed=0.00
1779899544.689,0x200,8,44 64 65 2B 75 BF EB 75,fuel=100.00
1779899544.786,0x300,8,02 9F 7A 11 E0 65 6D AA,temp=42.00
1779899544.901,0x100,8,00 CA D0 7E 6A 68 EB 0F,speed=0.00
1779899544.970,0x200,8,B6 64 3E 4B E5 FB EF 87,fuel=100.00
1779899545.066,0x300,8,02 F5 F7 15 13 90 B0 53,temp=42.00
1779899545.150,0x100,8,00 C6 CF E6 5A 78 0B BB,speed=0.00
1779899545.250,0x200,8,01 64 D5 3B 99 12 2A FB,fuel=100.00
1779899545.338,0x300,8,02 89 5F A5 9D 41 93 60,temp=42.00
1779899545.448,0x100,8,00 0C FA FB B5 F0 09 BA,speed=0.00
1779899545.526,0x200,8,F2 64 95 59 0B 88 F6 94,fuel=100.00
1779899545.632,0x300,8,02 0C 15 FC 65 96 45 5F,temp=42.00
1779899545.722,0x100,8,00 00 27 69 8C 12 F9 2F,speed=0.00
1779899545.817,0x200,8,9A 64 13 E6 A0 DB B3 C3,fuel=100.00
1779899545.904,0x300,8,02 1A 2B 7E DA 4D 4C 51,temp=42.00
1779899546.002,0x100,8,00 48 A8 8F 1A EA DE C7,speed=0.00
1779899546.100,0x200,8,E1 64 E4 E4 D8 83 E7 A6,fuel=100.00
1779899546.219,0x300,8,02 87 9C F6 56 BE ED 48,temp=42.00
1779899546.295,0x100,8,00 F1 4F DB 9E 1C 32 19,speed=0.00
1779899546.373,0x200,8,6C 64 1D 0C ED A7 77 C1,fuel=100.00
1779899546.516,0x300,8,02 6C 16 4E 75 E0 D4 D5,temp=42.00
1779899546.603,0x100,8,00 51 0C 54 46 3E 1F 27,speed=0.00
1779899546.691,0x200,8,60 64 5B F7 29 4E 52 3A,fuel=100.00
1779899546.777,0x300,8,02 75 6E A8 72 89 F0 93,temp=42.00
1779899546.890,0x100,8,00 25 7A 2E 97 DE 46 50,speed=0.00
1779899546.960,0x200,8,E9 64 90 1B 48 D4 8D 65,fuel=100.00
1779899547.053,0x300,8,02 F3 43 AC 3F DA 6C 3A,temp=42.00
1779899547.152,0x100,8,00 88 06 4D 4D 02 99 DD,speed=0.00
1779899547.229,0x200,8,3D 64 86 D1 00 AB 8C 98,fuel=100.00
1779899547.324,0x300,8,02 04 4A 72 16 EB 07 04,temp=42.00
1779899547.436,0x100,8,00 0A 94 F2 61 D8 FC 9A,speed=0.00
1779899547.565,0x200,8,1F 64 70 B5 FF D2 B4 9C,fuel=100.00
1779899547.611,0x300,8,02 F8 56 E9 25 60 02 53,temp=42.00
1779899547.698,0x100,8,00 38 51 F6 FD 7C A2 39,speed=0.00
1779899547.820,0x200,8,65 64 7B 39 EF 18 51 9E,fuel=100.00
1779899547.924,0x300,8,02 01 0D 30 ED 09 AD C6,temp=42.00
1779899548.003,0x100,8,00 59 C7 AF C6 99 F0 E2,speed=0.00
1779899548.072,0x200,8,F9 64 6D D6 2E 96 F6 F7,fuel=100.00
1779899548.176,0x300,8,02 06 82 19 AD EE 19 5F,temp=42.00
1779899548.288,0x100,8,00 39 3C 31 B8 DB 6C A5,speed=0.00
1779899548.356,0x200,8,F8 64 23 46 03 B1 42 D8,fuel=100.00
1779899548.453,0x300,8,02 E5 ED 5F 6A B5 B2 E5,temp=42.00
1779899548.561,0x100,8,00 7D 8A 64 F2 DA 7F 07,speed=0.00
1779899548.646,0x200,8,5B 64 CD 18 20 A0 88 DA,fuel=100.00
1779899548.738,0x300,8,02 15 AB 06 23 49 F6 A6,temp=42.00
1779899548.834,0x100,8,00 9F 77 51 47 3B E2 95,speed=0.00
1779899548.927,0x200,8,18 64 F2 8A 73 26 53 AC,fuel=100.00
1779899549.011,0x300,8,02 54 77 9C 71 34 B1 95,temp=42.00
1779899549.123,0x100,8,00 8A 3E AB E4 02 10 BC,speed=0.00
1779899549.199,0x200,8,10 64 86 CC 61 6F 75 EC,fuel=100.00
1779899549.309,0x300,8,02 BB 09 50 04 98 22 2E,temp=42.00
1779899549.420,0x100,8,00 5E B9 19 64 13 A5 99,speed=0.00
1779899549.515,0x200,8,8D 64 C7 C5 33 51 3B EB,fuel=100.00
1779899549.608,0x300,8,02 3A EF FD 12 AC C7 BB,temp=42.00
1779899549.672,0x100,8,00 4C 95 ED 79 FA 2D 83,speed=0.00
1779899549.767,0x200,8,CE 64 E0 07 A0 F1 3E FD,fuel=100.00
1779899549.884,0x300,8,02 1D 54 A5 C2 E2 F3 3B,temp=42.00
1779899549.976,0x100,8,00 B0 49 8D 48 38 90 E0,speed=0.00
1779899550.049,0x200,8,B3 64 EC 38 5A E5 2B 56,fuel=100.00
1779899550.165,0x300,8,02 33 AA C2 BE 98 C3 C0,temp=42.00
1779899550.247,0x100,8,00 26 76 10 F6 FC D7 0D,speed=0.00
1779899550.329,0x200,8,EE 64 1A B4 95 83 96 1B,fuel=100.00
1779899550.443,0x300,8,02 34 48 3E BA 24 0E D2,temp=42.00
1779899550.513,0x100,8,00 A5 36 32 C9 58 5E 79,speed=0.00
1779899550.608,0x200,8,74 64 21 10 65 7F 7C 09,fuel=100.00
1779899550.703,0x300,8,02 A1 8F B2 C7 AE 8D D2,temp=42.00
1779899550.820,0x100,8,00 7F 28 14 8D C0 0E 95,speed=0.00
1779899550.904,0x200,8,1A 64 79 62 AD D9 59 B4,fuel=100.00
1779899550.983,0x300,8,02 86 CD 6D E8 E2 48 48,temp=42.00
1779899551.071,0x100,8,00 60 C8 E0 84 FD 32 3C,speed=0.00
1779899551.181,0x200,8,0F 64 95 2A 49 04 9E F7,fuel=100.00
1779899551.289,0x300,8,02 DA A2 F0 7F 35 F3 90,temp=42.00
1779899551.356,0x100,8,00 F5 0F 08 53 A7 76 C4,speed=0.00
1779899551.465,0x200,8,6E 64 92 CF AC C6 01 1D,fuel=100.00
1779899551.561,0x300,8,02 B0 EE CA F2 B1 80 E2,temp=42.00
1779899551.649,0x100,8,00 AB 98 77 D3 A6 F0 FD,speed=0.00
1779899551.729,0x200,8,58 64 A5 43 FE 0F 8B 2F,fuel=100.00
1779899551.830,0x300,8,02 E0 4D FA D7 9F ED 6B,temp=42.00
1779899551.929,0x100,8,00 73 A6 42 DE 34 F0 11,speed=0.00
1779899552.018,0x200,8,EB 64 AF 33 EA 77 93 85,fuel=100.00
1779899552.114,0x300,8,02 B1 B5 4F 9E 21 CF 58,temp=42.00
1779899552.213,0x100,8,00 A4 91 AE 57 91 46 F5,speed=0.00
1779899552.298,0x200,8,96 64 A8 4C 48 E7 83 D5,fuel=100.00
1779899552.414,0x300,8,02 BC 80 14 04 17 77 10,temp=42.00
1779899552.480,0x100,8,00 03 BA 10 74 03 D9 EE,speed=0.00
1779899552.576,0x200,8,33 64 4C 91 70 FB C6 50,fuel=100.00
1779899552.672,0x300,8,02 4B 1C 7D E7 86 15 6E,temp=42.00
1779899552.770,0x100,8,00 9F CD 39 4D 87 9E 9C,speed=0.00
1779899552.868,0x200,8,1E 64 7F 21 33 E9 68 A9,fuel=100.00
1779899552.974,0x300,8,02 FF 28 66 57 83 B0 C3,temp=42.00
1779899553.055,0x100,8,00 4F 6A 42 2E EA 8F B5,speed=0.00
1779899553.159,0x200,8,81 64 22 48 B9 F8 45 04,fuel=100.00
1779899553.235,0x300,8,02 49 8C F4 D5 58 75 9A,temp=42.00
1779899553.352,0x100,8,00 46 EA 7C CD 8D 82 0E,speed=0.00
1779899553.439,0x200,8,F4 64 C4 02 E8 EB FE 34,fuel=100.00
1779899553.516,0x300,8,02 B2 0E 2D 74 3B 9F FC,temp=42.00
1779899553.622,0x100,8,00 CB 18 1D CC 82 38 7A,speed=0.00
1779899553.722,0x200,8,00 64 44 C3 31 90 F7 43,fuel=100.00
1779899553.806,0x300,8,02 5E 9D F8 8A 9A 19 3D,temp=42.00
1779899553.902,0x100,8,00 D5 B2 54 19 AD 52 E9,speed=0.00
1779899553.978,0x200,8,06 64 71 EA 65 E6 83 DC,fuel=100.00
1779899554.098,0x300,8,02 11 8F 18 63 BB B9 F9,temp=42.00
1779899554.182,0x100,8,00 43 3F 28 C0 F4 3B 65,speed=0.00
1779899554.261,0x200,8,86 64 F6 05 F9 55 AF 4B,fuel=100.00
1779899554.366,0x300,8,02 B7 F7 DF BC 13 36 CB,temp=42.00
1779899554.458,0x100,8,00 7E 8A EA AD CE D7 DE,speed=0.00
1779899554.554,0x200,8,50 64 A3 B8 19 5A A7 E3,fuel=100.00
1779899554.669,0x300,8,02 1A A2 45 7E D3 B9 FD,temp=42.00
1779899554.763,0x100,8,00 C6 04 C8 71 5E A2 E1,speed=0.00
1779899554.833,0x200,8,17 64 73 C7 C6 EE 73 ED,fuel=100.00
1779899554.941,0x300,8,02 1F 30 A4 DB 52 52 FD,temp=42.00
1779899555.015,0x100,8,00 45 8A 47 AD CB 4D AC,speed=0.00
1779899555.125,0x200,8,CE 64 40 54 F2 C9 03 C7,fuel=100.00
1779899555.197,0x300,8,02 2C 7F D8 C5 44 D7 F3,temp=42.00
1779899555.330,0x100,8,00 D8 70 8A 63 BD C1 69,speed=0.00
1779899555.416,0x200,8,AE 64 BD 04 D3 B4 E3 6A,fuel=100.00
1779899555.488,0x300,8,02 27 F7 77 AC E8 FF 7F,temp=42.00
1779899555.577,0x100,8,00 38 70 34 4F 5E 31 15,speed=0.00
1779899555.676,0x200,8,77 64 C1 8A 50 DF 91 75,fuel=100.00
1779899555.788,0x300,8,02 7B C3 DE 6C 33 99 02,temp=42.00
1779899555.873,0x100,8,00 FB 64 AF F9 1C 4B 1D,speed=0.00
1779899555.949,0x200,8,0A 64 0D 7F 22 BA 77 4B,fuel=100.00
1779899556.063,0x300,8,02 FA A5 82 EF 91 3E 9B,temp=42.00
1779899556.146,0x100,8,00 37 DD 62 BB AC 75 4E,speed=0.00
1779899556.251,0x200,8,A7 64 D5 11 B7 47 8C 9E,fuel=100.00
1779899556.356,0x300,8,02 D8 81 E6 09 6E 4E 81,temp=42.00
1779899556.433,0x100,8,00 46 8A C5 FF 91 37 8E,speed=0.00
1779899556.522,0x200,8,F3 64 FF 2A DB F4 63 EF,fuel=100.00
1779899556.616,0x300,8,02 57 45 81 D2 7E E2 6C,temp=42.00
1779899556.719,0x100,8,00 63 45 19 47 83 87 3F,speed=0.00
1779899556.794,0x200,8,7E 64 68 AB B1 40 41 82,fuel=100.00
1779899556.891,0x300,8,02 2C 49 E4 77 1A B9 36,temp=42.00
1779899556.991,0x100,8,00 DA C1 DC 10 F1 7B 05,speed=0.00
1779899557.092,0x200,8,30 64 60 DA AF EE F7 F6,fuel=100.00
1779899557.171,0x300,8,02 F0 95 25 7C D1 67 A4,temp=42.00
1779899557.263,0x100,8,00 F7 11 59 21 8B 7B 50,speed=0.00
1779899557.369,0x200,8,D6 64 58 8C 19 F4 61 73,fuel=100.00
1779899557.486,0x300,8,02 6D 99 F0 9E 8F 6B B6,temp=42.00
1779899557.639,0x100,8,00 DE DA 4B 06 11 31 6D,speed=0.00
1779899557.688,0x200,8,7E 64 4A 70 3E 76 2B D0,fuel=100.00
1779899557.749,0x300,8,02 89 55 86 F8 11 11 A6,temp=42.00
1779899557.846,0x100,8,00 E2 E4 95 07 D4 76 F7,speed=0.00
1779899557.950,0x200,8,8D 64 EB BB 01 1F 2C F7,fuel=100.00
1779899558.063,0x300,8,02 72 08 D2 4C EE 09 52,temp=42.00
1779899558.152,0x100,8,00 CB 50 AF 1D BE 09 B9,speed=0.00
1779899558.217,0x200,8,6C 64 AB 4F 9C 23 4C C9,fuel=100.00
1779899558.324,0x300,8,02 AD 30 D1 6D 36 67 BF,temp=42.00
1779899558.409,0x100,8,00 B3 FF 11 87 AC FE 0F,speed=0.00
1779899558.547,0x200,8,75 64 E7 5A F1 52 00 E3,fuel=100.00
1779899558.596,0x300,8,02 83 D4 46 CE CC 25 36,temp=42.00
1779899558.693,0x100,8,00 DD 1E C5 21 C8 60 F8,speed=0.00
1779899558.792,0x200,8,EB 64 41 05 1D 12 E1 BC,fuel=100.00
1779899558.870,0x300,8,02 11 F4 AF 3E 07 9F 86,temp=42.00
1779899558.974,0x100,8,00 00 8E 20 E0 E4 C7 75,speed=0.00
1779899559.079,0x200,8,17 64 0F 11 E5 0B 6A 4D,fuel=100.00
1779899559.164,0x300,8,02 07 1F 2D C3 7F 22 3D,temp=42.00
1779899559.265,0x100,8,00 B6 BC 70 8C 31 CD 9D,speed=0.00
1779899559.356,0x200,8,CA 64 21 C8 21 5D 80 56,fuel=100.00
1779899559.441,0x300,8,02 C9 27 E2 A0 C4 84 47,temp=42.00
1779899559.554,0x100,8,00 EE DF F7 DE 91 C5 06,speed=0.00
1779899559.632,0x200,8,47 64 26 C1 44 4A 67 C3,fuel=100.00
1779899559.720,0x300,8,02 3D 1C 92 15 BC 65 C4,temp=42.00
1779899559.814,0x100,8,00 5A C3 CD 50 12 80 19,speed=0.00
1779899559.913,0x200,8,19 64 97 1C C6 49 4E 71,fuel=100.00
1779899560.011,0x300,8,02 76 F2 B6 D4 84 AB 85,temp=42.00
1779899560.087,0x100,8,00 CE 50 50 76 48 17 70,speed=0.00
1779899560.203,0x200,8,4F 64 DE B0 6A B9 A7 E7,fuel=100.00
1779899560.284,0x300,8,02 CA 10 5D 8B 17 37 7C,temp=42.00
1779899560.371,0x100,8,00 13 2A 3D F6 95 4D 4A,speed=0.00
1779899560.496,0x200,8,97 64 F3 98 F6 FA 5A 45,fuel=100.00
1779899560.580,0x300,8,02 9A 62 53 4F C9 08 78,temp=42.00
1779899560.698,0x100,8,00 A8 10 2D 17 FB 53 0A,speed=0.00
1779899560.778,0x200,8,10 64 0A 4E 22 EE 79 6F,fuel=100.00
1779899560.866,0x300,8,02 81 E5 36 18 C3 97 4B,temp=42.00
1779899560.951,0x100,8,00 36 A1 DE 51 0A F0 E6,speed=0.00
1779899561.075,0x200,8,CB 64 22 81 CB 47 29 A7,fuel=100.00
1779899561.158,0x300,8,02 7B 8D EE 0D DD FE E6,temp=42.00
1779899561.233,0x100,8,00 4E AB 68 72 75 B5 06,speed=0.00
1779899561.333,0x200,8,3F 64 B2 A6 1E 2E 9C 7A,fuel=100.00
1779899561.440,0x300,8,02 E5 7B 36 89 D5 91 88,temp=42.00
1779899561.518,0x100,8,00 2B E8 A8 F6 B1 BE 13,speed=0.00
1779899561.604,0x200,8,50 64 55 EF 02 A0 C3 0C,fuel=100.00
1779899561.705,0x300,8,02 34 C4 A5 87 C1 05 1D,temp=42.00
1779899561.806,0x100,8,00 0B A2 62 54 69 E6 69,speed=0.00
1779899561.896,0x200,8,A0 64 DE 7F 54 86 D7 4B,fuel=100.00
1779899562.002,0x300,8,02 48 98 D4 0F 7D 3F 9A,temp=42.00
1779899562.080,0x100,8,00 25 E9 FF 45 18 DD 3E,speed=0.00
1779899562.183,0x200,8,82 64 29 4E 44 7D B7 1D,fuel=100.00
1779899562.263,0x300,8,02 F5 DC 77 19 E9 3B 14,temp=42.00
1779899562.366,0x100,8,00 F3 A5 2C EF 83 97 FB,speed=0.00
1779899562.449,0x200,8,01 64 14 40 98 A8 77 2D,fuel=100.00
1779899562.546,0x300,8,02 2B 54 8A B3 F8 16 05,temp=42.00
1779899562.637,0x100,8,00 90 11 41 F9 D1 41 65,speed=0.00
1779899562.774,0x200,8,B9 64 8D BF EF 54 36 7E,fuel=100.00
1779899562.840,0x300,8,02 34 2E A3 5D 89 01 01,temp=42.00
1779899562.922,0x100,8,00 92 E7 62 7C 7D 08 61,speed=0.00
1779899563.026,0x200,8,B4 64 E8 2D B5 CE D9 7D,fuel=100.00
1779899563.108,0x300,8,02 AE 93 2F 20 67 E5 83,temp=42.00
1779899563.199,0x100,8,00 9C 4E 50 0B 7B 91 C0,speed=0.00
1779899563.301,0x200,8,08 64 B4 54 81 E1 0C 19,fuel=100.00
1779899563.400,0x300,8,02 2F 1F 3E 3C 75 3D 49,temp=42.00
1779899563.489,0x100,8,00 A1 B3 27 CD 8C B4 03,speed=0.00
1779899563.609,0x200,8,64 64 BC DF 04 E9 C7 B6,fuel=100.00
1779899563.679,0x300,8,02 1E C2 BD 4B 58 FA 2E,temp=42.00
1779899563.776,0x100,8,00 1A 2D 55 2F 79 0D 1B,speed=0.00
1779899563.864,0x200,8,63 64 E2 94 C1 E7 F6 A6,fuel=100.00
1779899563.954,0x300,8,02 BB 93 08 B4 4E 36 1F,temp=42.00
1779899564.051,0x100,8,00 37 D5 F2 87 73 03 C6,speed=0.00
1779899564.163,0x200,8,22 64 23 B9 46 2B F8 DF,fuel=100.00
1779899564.239,0x300,8,02 E1 1C D3 69 C7 7B EC,temp=42.00
1779899564.342,0x100,8,00 3C 3F 62 10 86 F9 CC,speed=0.00
1779899564.452,0x200,8,D8 64 26 D4 3E DE B4 07,fuel=100.00
1779899564.541,0x300,8,02 6C 33 B6 EE 7E FD 3F,temp=42.00
1779899564.628,0x100,8,00 FB 49 FE 9D 70 17 9D,speed=0.00
1779899564.713,0x200,8,6D 64 D7 99 6D 2E AF 1E,fuel=100.00
1779899564.838,0x300,8,02 C0 2D C9 9F 2F F4 F0,temp=42.00
1779899564.919,0x100,8,00 F2 9F 27 B1 EC 12 EF,speed=0.00
1779899565.005,0x200,8,27 64 C1 05 27 AA 30 38,fuel=100.00
1779899565.100,0x300,8,02 C7 BD C0 33 53 5A C5,temp=42.00
1779899565.173,0x100,8,00 7B 49 93 3B 5A C9 BB,speed=0.00
1779899565.287,0x200,8,7A 64 F3 B9 23 5F 77 CB,fuel=100.00
1779899565.368,0x300,8,02 9C 77 B8 A6 1E 45 0B,temp=42.00
1779899565.451,0x100,8,00 73 9A C8 3A C0 2F 63,speed=0.00
1779899565.562,0x200,8,B9 64 A3 6D 33 FD A1 9D,fuel=100.00
1779899565.641,0x300,8,02 4A 34 55 B2 BD D7 2C,temp=42.00
1779899565.738,0x100,8,00 9B CD B7 6C 59 83 4E,speed=0.00
1779899565.837,0x200,8,A5 64 6C 1F A6 59 9A E8,fuel=100.00
1779899565.926,0x300,8,02 94 08 67 EB 78 2E 7C,temp=42.00
1779899566.046,0x100,8,00 FE 9F B6 6F 3D FC 93,speed=0.00
1779899566.126,0x200,8,21 64 05 83 40 A5 BA 0D,fuel=100.00
1779899566.213,0x300,8,02 46 AA E1 00 23 89 02,temp=42.00
1779899566.290,0x100,8,00 1A 11 A6 D2 A4 BC 76,speed=0.00
1779899566.399,0x200,8,1C 64 08 C8 51 88 BC 4D,fuel=100.00
1779899566.493,0x300,8,02 6C C0 4D 72 E5 BB 76,temp=42.00
1779899566.583,0x100,8,00 45 0C 4A 3B 99 F1 E0,speed=0.00
1779899566.677,0x200,8,FA 64 CD 24 BB 4F 41 F9,fuel=100.00
1779899566.768,0x300,8,02 97 42 F8 5A 63 11 1B,temp=42.00
1779899566.869,0x100,8,00 89 40 85 66 1B 86 1B,speed=0.00
1779899566.962,0x200,8,89 64 14 99 C5 C1 8A 47,fuel=100.00
1779899567.040,0x300,8,02 3E 2E 8B 2F D4 F6 A8,temp=42.00
1779899567.147,0x100,8,00 C4 E3 BA DA 4E 2C A8,speed=0.00
1779899567.263,0x200,8,D0 64 A2 57 B6 43 0B A1,fuel=100.00
1779899567.348,0x300,8,02 B6 4B 73 9F 31 87 1F,temp=42.00
1779899567.430,0x100,8,00 69 42 47 E2 81 94 29,speed=0.00
1779899567.531,0x200,8,CE 64 9A 8A D9 8D B9 84,fuel=100.00
1779899567.608,0x300,8,02 3F 36 AD E3 E8 7E E9,temp=42.00
1779899567.715,0x100,8,00 D3 37 9C 19 F6 D7 DF,speed=0.00
1779899567.820,0x200,8,0A 64 32 9E 2E 59 7E 5B,fuel=100.00
1779899567.919,0x300,8,02 D2 13 B6 86 7A C8 F8,temp=42.00
1779899568.003,0x100,8,00 DB 7F D0 EE 0F B9 6B,speed=0.00
1779899568.073,0x200,8,B8 64 F3 12 F5 96 C4 DB,fuel=100.00
1779899568.192,0x300,8,02 4E E9 26 25 CA 6F 12,temp=42.00
1779899568.283,0x100,8,00 43 B6 BE 89 D3 ED 17,speed=0.00
1779899568.357,0x200,8,ED 64 A2 1A F3 5C 56 4D,fuel=100.00
1779899568.450,0x300,8,02 73 44 8B 2C 9C D6 9E,temp=42.00
1779899568.559,0x100,8,00 80 64 89 FE CB 29 C8,speed=0.00
1779899568.676,0x200,8,5F 64 D0 2E 23 51 83 A9,fuel=100.00
1779899568.736,0x300,8,02 90 54 54 3A 83 EA EC,temp=42.00
1779899568.840,0x100,8,00 7B A5 C4 54 06 DC 64,speed=0.00
1779899568.931,0x200,8,97 64 A5 C6 4C 2B DD C8,fuel=100.00
1779899569.019,0x300,8,02 B3 D4 AE C0 EC BD CE,temp=42.00
1779899569.122,0x100,8,00 55 F9 96 F4 0C 44 2C,speed=0.00
1779899569.214,0x200,8,B4 64 4B 90 C0 45 F4 60,fuel=100.00
1779899569.298,0x300,8,02 5B 19 BF 7F 53 D8 FA,temp=42.00
1779899569.422,0x100,8,00 CE CF 8B 83 2A 23 A2,speed=0.00
1779899569.501,0x200,8,6F 64 99 97 E1 9F 1B 72,fuel=100.00
1779899569.577,0x300,8,02 75 A6 A3 74 7F FB 00,temp=42.00
1779899569.676,0x100,8,00 F5 64 20 C5 0F B0 D3,speed=0.00
1779899569.773,0x200,8,ED 64 FD 69 48 DE 11 AF,fuel=100.00
1779899569.882,0x300,8,02 82 25 94 B4 6D CB B7,temp=42.00
1779899569.966,0x100,8,00 14 D5 F8 9A 6F F3 20,speed=0.00
1779899570.048,0x200,8,04 64 E0 00 5B 05 48 8D,fuel=100.00
1779899570.146,0x300,8,02 14 06 EE EE F5 E2 9E,temp=42.00
1779899570.257,0x100,8,00 B0 93 3E 37 20 72 35,speed=0.00
1779899570.332,0x200,8,B5 64 9A 4E 98 DD EB EC,fuel=100.00
1779899570.441,0x300,8,02 98 CF E1 75 4F 4C 1C,temp=42.00
1779899570.555,0x100,8,00 7C 8F 1D D6 99 11 7A,speed=0.00
1779899570.625,0x200,8,9F 64 18 39 BA 46 5D A5,fuel=100.00
1779899570.704,0x300,8,02 CD A2 AA 63 1A 08 23,temp=42.00
1779899570.798,0x100,8,00 47 65 7C 6C EC B2 F2,speed=0.00
1779899570.924,0x200,8,82 64 A0 E7 45 A8 9D 59,fuel=100.00
1779899570.982,0x300,8,02 67 FB D1 8F 07 51 A5,temp=42.00
1779899571.104,0x100,8,00 34 C2 54 9D F1 3C 39,speed=0.00
1779899571.178,0x200,8,AB 64 30 1A B4 11 25 8B,fuel=100.00
1779899571.288,0x300,8,02 8C 0E 13 E8 EF 48 A0,temp=42.00
1779899571.360,0x100,8,00 C5 A8 B3 7F 3C CA 1F,speed=0.00
1779899571.466,0x200,8,A0 64 D5 59 AB 25 0F 39,fuel=100.00
1779899571.566,0x300,8,02 06 5C 06 42 EB FF 18,temp=42.00
1779899571.663,0x100,8,00 44 FD D8 0A 95 7E 75,speed=0.00
1779899571.748,0x200,8,FA 64 26 EC AB D1 4A D1,fuel=100.00
1779899571.837,0x300,8,02 5F 4D 8B 05 82 EA 89,temp=42.00
1779899571.943,0x100,8,00 D3 C7 B0 4D C3 38 7A,speed=0.00
1779899572.050,0x200,8,27 64 9B 36 BD DD 1F 35,fuel=100.00
1779899572.136,0x300,8,02 44 21 71 92 38 D9 B3,temp=42.00
1779899572.221,0x100,8,00 C1 2C 56 21 D5 9C D3,speed=0.00
1779899572.314,0x200,8,90 64 71 4F C4 3E 66 8C,fuel=100.00
1779899572.419,0x300,8,02 06 78 26 7D 28 B3 37,temp=42.00
1779899572.518,0x100,8,00 52 56 AC 20 31 6C AD,speed=0.00
1779899572.608,0x200,8,BC 64 B4 E6 B3 5A FA DF,fuel=100.00
1779899572.681,0x300,8,02 72 35 F7 1B C0 FA EB,temp=42.00
1779899572.793,0x100,8,00 F4 10 A8 C9 62 56 61,speed=0.00
1779899572.875,0x200,8,1D 64 48 7F 08 8B 29 FF,fuel=100.00
1779899572.998,0x300,8,02 29 1B 18 0A 14 91 82,temp=42.00
1779899573.056,0x100,8,00 C4 51 EE D2 9A 01 A0,speed=0.00
1779899573.151,0x200,8,3D 64 2F 49 A2 CB D1 9E,fuel=100.00
1779899573.254,0x300,8,02 B8 0C 2D 6F 20 EB AC,temp=42.00
1779899573.344,0x100,8,00 25 01 57 44 F3 B4 D4,speed=0.00
1779899573.450,0x200,8,24 64 67 80 97 7A 4B 91,fuel=100.00
1779899573.534,0x300,8,02 BA 63 47 D7 EB DA C9,temp=42.00
1779899573.641,0x100,8,00 7D 77 4A 8E AF 1E A9,speed=0.00
1779899573.727,0x200,8,4C 64 45 91 C6 CD F0 49,fuel=100.00
1779899573.824,0x300,8,02 5A 3C 66 51 73 2C C9,temp=42.00
1779899573.901,0x100,8,00 B4 00 95 DF 68 12 74,speed=0.00
1779899574.020,0x200,8,05 64 79 67 C2 F5 B1 D6,fuel=100.00
1779899574.113,0x300,8,02 14 4A 2D 4E 93 0A 77,temp=42.00
1779899574.213,0x100,8,00 39 CD 4F 23 78 77 FC,speed=0.00
1779899574.299,0x200,8,96 64 AC 90 A0 83 F6 B0,fuel=100.00
1779899574.380,0x300,8,02 5F EB 26 17 DA 7F 64,temp=42.00
1779899574.483,0x100,8,00 23 53 49 BA 99 99 23,speed=0.00
1779899574.567,0x200,8,4E 64 F0 AD 79 6E 40 BE,fuel=100.00
1779899574.672,0x300,8,02 34 7C D4 FD 83 B0 1C,temp=42.00
1779899574.759,0x100,8,00 0D C0 09 3D 6E 83 7F,speed=0.00
1779899574.860,0x200,8,A7 64 0A FE F6 CA 4B D8,fuel=100.00
1779899574.943,0x300,8,02 8D D7 45 11 A8 6F E6,temp=42.00
1779899575.048,0x100,8,00 96 E3 38 32 85 DB F6,speed=0.00
1779899575.132,0x200,8,8A 64 64 1E 37 5D 0D E4,fuel=100.00
1779899575.232,0x300,8,02 46 D7 8D FC 01 67 85,temp=42.00
1779899575.311,0x100,8,00 E7 7A EA 96 2D A0 9C,speed=0.00
1779899575.409,0x200,8,C5 64 CA C1 B9 F8 F8 E3,fuel=100.00
1779899575.535,0x300,8,02 7A 90 81 47 21 FD B7,temp=42.00
1779899575.591,0x100,8,00 A4 57 60 DC 6E E0 2A,speed=0.00
1779899575.704,0x200,8,DF 64 EF 47 CF 45 BA F1,fuel=100.00
1779899575.787,0x300,8,02 B0 B0 25 C2 26 AD 70,temp=42.00
1779899575.876,0x100,8,00 81 8B 70 6A 81 45 B5,speed=0.00
1779899575.987,0x200,8,02 64 95 AC 45 60 33 46,fuel=100.00
1779899576.059,0x300,8,02 32 62 7F F4 47 5B 4A,temp=42.00
1779899576.181,0x100,8,00 34 DE EE 13 77 A6 26,speed=0.00
1779899576.258,0x200,8,88 64 43 E9 2B 3D 0F 5C,fuel=100.00
1779899576.349,0x300,8,02 6E 68 FE BE 48 65 A3,temp=42.00
1779899576.458,0x100,8,00 11 E6 BA 55 78 18 40,speed=0.00
1779899576.545,0x200,8,82 64 42 93 E1 56 0E E7,fuel=100.00
1779899576.637,0x300,8,02 03 92 90 EA 20 78 53,temp=42.00
1779899576.728,0x100,8,00 62 0A 39 46 DC 29 93,speed=0.00
1779899576.831,0x200,8,33 64 19 EB CE 7A 0A 30,fuel=100.00
1779899576.906,0x300,8,02 8B 21 0F D7 41 0A AC,temp=42.00
1779899577.006,0x100,8,00 D4 F2 87 6D BE 48 E3,speed=0.00
1779899577.091,0x200,8,F3 64 64 30 B8 D2 B4 8C,fuel=100.00
1779899577.219,0x300,8,02 98 3F D0 02 B6 20 F9,temp=42.00
1779899577.301,0x100,8,00 B3 2F CB F8 70 A1 4E,speed=0.00
1779899577.386,0x200,8,56 64 67 10 F6 06 33 16,fuel=100.00
1779899577.477,0x300,8,02 07 BF 2B 3C 47 9D F0,temp=42.00
1779899577.572,0x100,8,00 0F 4D 3B B6 95 30 44,speed=0.00
1779899577.723,0x200,8,50 64 7E 4C D9 12 81 4B,fuel=100.00
1779899577.764,0x300,8,02 3B 28 FC C8 D7 D9 4C,temp=42.00
1779899577.874,0x100,8,00 F9 44 49 D0 80 C2 0A,speed=0.00
1779899577.937,0x200,8,95 64 DF 3E 90 23 68 D6,fuel=100.00
1779899578.031,0x300,8,02 61 86 69 96 FE AA 5D,temp=42.00
1779899578.140,0x100,8,00 FB 33 5C 55 47 A1 4F,speed=0.00
1779899578.230,0x200,8,C7 64 B9 1A 4F 17 65 EF,fuel=100.00
1779899578.312,0x300,8,02 9A 74 50 B4 E9 BC 8F,temp=42.00
1779899578.417,0x100,8,00 0A 26 5B F8 67 9F FD,speed=0.00
1779899578.515,0x200,8,42 64 39 5A E9 97 94 6C,fuel=100.00
1779899578.593,0x300,8,02 B3 45 AA FB FC 81 C1,temp=42.00
1779899578.718,0x100,8,00 91 64 49 EF 23 F4 4C,speed=0.00
1779899578.799,0x200,8,EC 64 99 E8 A7 51 73 20,fuel=100.00
1779899578.875,0x300,8,02 B4 2F A9 26 28 FE 81,temp=42.00
1779899578.981,0x100,8,00 2A 8E D2 0F 5D 8B 06,speed=0.00
1779899579.094,0x200,8,44 64 05 5E 2D 6A DA 3F,fuel=100.00
1779899579.183,0x300,8,02 6A 49 86 5D 36 E1 75,temp=42.00
1779899579.272,0x100,8,00 A5 54 52 28 6D 87 19,speed=0.00
1779899579.363,0x200,8,21 64 57 13 3B 78 A8 E3,fuel=100.00
1779899579.455,0x300,8,02 2C E7 70 62 06 3E B8,temp=42.00
1779899579.576,0x100,8,00 4D 11 FB A5 20 A4 34,speed=0.00
1779899579.641,0x200,8,B8 64 91 59 94 1E 2F 00,fuel=100.00
1779899579.731,0x300,8,02 81 70 70 EC DC 35 83,temp=42.00
1779899579.824,0x100,8,00 3B 17 07 B8 78 90 B1,speed=0.00
1779899579.919,0x200,8,66 64 E4 C1 1D C2 D4 28,fuel=100.00
1779899580.043,0x300,8,02 25 F0 69 E8 1E 61 82,temp=42.00
1779899580.125,0x100,8,00 A2 80 AF 07 25 39 78,speed=0.00
1779899580.228,0x200,8,14 64 34 E6 37 C0 81 7F,fuel=100.00
1779899580.306,0x300,8,02 12 A2 BD 40 51 A7 35,temp=42.00
1779899580.398,0x100,8,00 CA 52 F5 0B AF E1 43,speed=0.00
1779899580.489,0x200,8,DA 64 13 54 6D 37 B1 02,fuel=100.00
1779899580.587,0x300,8,02 AF B7 BC 31 93 E0 EC,temp=42.00
1779899580.665,0x100,8,00 6C 95 96 E3 17 B0 63,speed=0.00
1779899580.784,0x200,8,92 64 B2 62 97 28 62 99,fuel=100.00
1779899580.869,0x300,8,02 BE 7F BC 44 3D 1E 00,temp=42.00
1779899580.950,0x100,8,00 E1 ED EF 37 67 1A 89,speed=0.00
1779899581.054,0x200,8,46 64 68 31 EA 79 5D 4A,fuel=100.00
1779899581.150,0x300,8,02 98 D6 2C 27 B6 11 80,temp=42.00
1779899581.241,0x100,8,00 93 6D 8D 60 EC 9C 66,speed=0.00
1779899581.331,0x200,8,F0 64 BA 4F F0 EF 00 31,fuel=100.00
1779899581.429,0x300,8,02 B9 74 64 DE B2 42 1F,temp=42.00
1779899581.533,0x100,8,00 78 18 91 DF 5F 62 00,speed=0.00
1779899581.641,0x200,8,64 64 1E 7E 1F ED DC FC,fuel=100.00
1779899581.715,0x300,8,02 8E C4 75 FE F6 65 EE,temp=42.00
1779899581.804,0x100,8,00 3C 29 75 0A 5B 6E E5,speed=0.00
1779899581.896,0x200,8,10 64 13 49 D6 72 22 28,fuel=100.00
1779899581.985,0x300,8,02 C8 D1 39 B8 48 76 ED,temp=42.00
1779899582.078,0x100,8,00 5D B0 26 25 03 7F 26,speed=0.00
1779899582.190,0x200,8,D1 64 A0 AD 37 07 E7 D5,fuel=100.00
1779899582.272,0x300,8,02 08 02 34 49 84 ED 19,temp=42.00
1779899582.385,0x100,8,00 19 66 E9 6B B7 AE 95,speed=0.00
1779899582.477,0x200,8,44 64 C2 45 40 84 8A 71,fuel=100.00
1779899582.545,0x300,8,02 4F AF F4 03 5A 9A 2D,temp=42.00
1779899582.639,0x100,8,00 51 F2 F7 2D 8E 17 2F,speed=0.00
1779899582.750,0x200,8,2D 64 D8 26 0A 85 F1 2A,fuel=100.00
1779899582.827,0x300,8,02 EF 41 94 96 2B 63 82,temp=42.00
1779899582.928,0x100,8,00 F6 D1 0B 70 91 A8 6D,speed=0.00
1779899583.030,0x200,8,D8 64 9F 5B 10 E4 27 3F,fuel=100.00
1779899583.115,0x300,8,02 6F B4 06 01 B2 66 A6,temp=42.00
1779899583.231,0x100,8,00 16 47 DE BA EE 60 42,speed=0.00
1779899583.323,0x200,8,92 64 4B D4 B3 AC D7 77,fuel=100.00
1779899583.404,0x300,8,02 0E 2C 55 EE B9 99 6B,temp=42.00
1779899583.509,0x100,8,00 BD 4C 87 88 44 1C 81,speed=0.00
1779899583.580,0x200,8,59 64 FA 72 BC BD E9 CD,fuel=100.00
1779899583.680,0x300,8,02 FC 98 5D 11 12 8D 1E,temp=42.00
1779899583.787,0x100,8,00 A7 C8 B7 E4 E9 D6 1C,speed=0.00
1779899583.870,0x200,8,89 64 10 F7 B5 D3 B7 78,fuel=100.00
1779899583.951,0x300,8,02 8B FC 1D F0 A0 A4 CE,temp=42.00
1779899584.060,0x100,8,00 B8 97 DF B3 22 FF A7,speed=0.00
1779899584.154,0x200,8,A0 64 93 5C E1 88 46 22,fuel=100.00
1779899584.235,0x300,8,02 7E A4 FF 7B D1 E9 72,temp=42.00
1779899584.358,0x100,8,00 16 0D 37 4A 33 16 08,speed=0.00
1779899584.446,0x200,8,A2 64 86 89 5A 7B B2 D2,fuel=100.00
1779899584.513,0x300,8,02 A3 9F A0 95 C2 25 BE,temp=42.00
1779899584.622,0x100,8,00 EF A7 12 79 18 9F 29,speed=0.00
1779899584.702,0x200,8,6A 64 2C 0C EB 4D EA F2,fuel=100.00
1779899584.818,0x300,8,02 0B D6 F8 72 3C 3E BE,temp=42.00
1779899584.901,0x100,8,00 23 96 B7 06 10 7F 84,speed=0.00
1779899584.986,0x200,8,31 64 42 D0 32 ED 90 C5,fuel=100.00
1779899585.072,0x300,8,02 E1 7E 2C F0 60 2C 93,temp=42.00
1779899585.188,0x100,8,00 52 20 00 39 DB 82 33,speed=0.00
1779899585.261,0x200,8,D4 64 1F FA FE 61 87 36,fuel=100.00
1779899585.388,0x300,8,02 30 1E C6 B4 9A 0A EE,temp=42.00
1779899585.465,0x100,8,00 B6 42 10 E8 43 43 20,speed=0.00
1779899585.580,0x200,8,BE 64 B6 ED 35 9A 4E FE,fuel=100.00
1779899585.654,0x300,8,02 C9 63 E6 8F 34 7A 5A,temp=42.00
1779899585.754,0x100,8,00 F5 58 F4 C1 03 60 55,speed=0.00
1779899585.827,0x200,8,42 64 95 BA DC 86 56 CB,fuel=100.00
1779899585.928,0x300,8,02 7D 5B 83 E8 F7 64 C5,temp=42.00
1779899586.041,0x100,8,00 3C 76 D4 58 19 94 95,speed=0.00
1779899586.111,0x200,8,FB 64 79 C1 9B BF 11 D1,fuel=100.00
1779899586.222,0x300,8,02 F7 31 4E 27 05 D1 C3,temp=42.00
1779899586.325,0x100,8,00 90 E3 FB 10 05 AA 09,speed=0.00
1779899586.408,0x200,8,08 64 DC 64 C6 EE 09 90,fuel=100.00
1779899586.496,0x300,8,02 16 3A B9 79 6B 99 39,temp=42.00
1779899586.607,0x100,8,00 3F C0 ED DA 29 71 B1,speed=0.00
1779899586.691,0x200,8,5A 64 F8 75 9D A2 21 52,fuel=100.00
1779899586.797,0x300,8,02 B6 21 5E 5A D6 A1 30,temp=42.00
1779899586.900,0x100,8,00 0B B1 8E 99 73 02 F1,speed=0.00
1779899586.977,0x200,8,F9 64 CC 36 0B FF 86 9B,fuel=100.00
1779899587.068,0x300,8,02 88 34 56 99 01 6C DC,temp=42.00
1779899587.151,0x100,8,00 FA 7D A7 95 7D FC AC,speed=0.00
1779899587.294,0x200,8,FA 64 4C EF AC 1D B4 5D,fuel=100.00
1779899587.368,0x300,8,02 0E 3B 11 08 0E 01 87,temp=42.00
1779899587.441,0x100,8,00 BF 14 74 BF 29 7E 5C,speed=0.00
1779899587.547,0x200,8,4C 64 48 4A 0D CB 9E 0F,fuel=100.00
1779899587.672,0x300,8,02 35 93 B7 75 DC 3A 34,temp=42.00
1779899587.720,0x100,8,00 A9 A3 9D 89 9F 75 2E,speed=0.00
1779899587.832,0x200,8,0B 64 A8 EA 83 B2 AC 0A,fuel=100.00
1779899587.908,0x300,8,02 6A 23 9D 85 DC F8 DF,temp=42.00
1779899588.010,0x100,8,00 A1 22 56 87 57 2E B7,speed=0.00
1779899588.101,0x200,8,5E 64 57 F1 C5 F9 A4 BB,fuel=100.00
1779899588.210,0x300,8,02 F7 9F 64 C7 81 E7 BC,temp=42.00
1779899588.282,0x100,8,00 68 C2 63 08 9B 2E C9,speed=0.00
1779899588.369,0x200,8,3A 64 BA A2 76 FA 73 CC,fuel=100.00
1779899588.491,0x300,8,02 29 AD FC 92 BB F9 A5,temp=42.00
1779899588.582,0x100,8,00 A5 AA F1 0D 92 08 F2,speed=0.00
1779899588.688,0x200,8,B7 64 EB 1E 78 C7 DC 99,fuel=100.00
1779899588.746,0x300,8,02 6F BC F0 49 70 A7 A3,temp=42.00
1779899588.851,0x100,8,00 92 90 3F F9 BA 71 C6,speed=0.00
1779899588.969,0x200,8,94 64 56 F6 3A AC 35 9E,fuel=100.00
1779899589.059,0x300,8,02 A9 38 10 9D 0B 41 84,temp=42.00
1779899589.122,0x100,8,00 A4 EF DB C3 32 C4 A8,speed=0.00
1779899589.248,0x200,8,E5 64 D6 E8 00 DA EF BB,fuel=100.00
1779899589.321,0x300,8,02 7B CB A5 6D 6C 5D 5F,temp=42.00
1779899589.437,0x100,8,00 98 68 12 AE CA 20 7B,speed=0.00
1779899589.518,0x200,8,DB 64 97 15 72 9C CF 98,fuel=100.00
1779899589.618,0x300,8,02 A2 92 9B 3E 06 F5 3C,temp=42.00
1779899589.694,0x100,8,00 17 61 A4 7B D6 FC 9D,speed=0.00
1779899589.796,0x200,8,90 64 EC E5 72 5A 54 99,fuel=100.00
1779899589.888,0x300,8,02 49 E0 F6 75 A0 DF D6,temp=42.00
1779899589.962,0x100,8,00 CE 8E 1F 8B 3D F3 82,speed=0.00
1779899590.073,0x200,8,FC 64 14 12 A1 E6 80 EE,fuel=100.00
1779899590.155,0x300,8,02 6B B4 DB D4 BD 73 45,temp=42.00
1779899590.259,0x100,8,00 3E C4 73 E6 60 6C A2,speed=0.00
1779899590.349,0x200,8,A6 64 2B 8C 5C 5E CE 02,fuel=100.00
1779899590.451,0x300,8,02 ED A8 1E 44 A3 21 90,temp=42.00
1779899590.551,0x100,8,00 CF D4 9D 22 75 C9 A3,speed=0.00
1779899590.630,0x200,8,9B 64 D3 7A 8F D4 52 66,fuel=100.00
1779899590.733,0x300,8,02 1D 2F 0E 2E D9 8A 3E,temp=42.00
1779899590.839,0x100,8,00 D2 CF 17 ED 69 31 E5,speed=0.00
1779899590.923,0x200,8,79 64 64 96 21 2C 49 83,fuel=100.00
1779899591.003,0x300,8,02 81 D4 08 56 79 CD 4F,temp=42.00
1779899591.123,0x100,8,00 7E EE 1D A0 B2 89 8C,speed=0.00
1779899591.186,0x200,8,F9 64 08 DD D0 28 B4 5A,fuel=100.00
1779899591.313,0x300,8,02 EE 68 5C 56 39 E9 43,temp=42.00
1779899591.399,0x100,8,00 48 91 A7 3B B9 B4 8C,speed=0.00
1779899591.494,0x200,8,41 64 C0 31 A8 36 98 0B,fuel=100.00
1779899591.558,0x300,8,02 CE B5 4A F5 56 9A 21,temp=42.00
1779899591.658,0x100,8,00 4C B1 DF 67 97 EE 61,speed=0.00
1779899591.751,0x200,8,9D 64 42 E1 E4 6F 03 E7,fuel=100.00
1779899591.873,0x300,8,02 16 54 56 1D DB 85 98,temp=42.00
1779899591.942,0x100,8,00 CF 85 F5 E8 BA 0A 21,speed=0.00
1779899592.045,0x200,8,B5 64 C0 65 09 9B 34 15,fuel=100.00
1779899592.141,0x300,8,02 9D 02 72 00 5C 34 AF,temp=42.00
1779899592.248,0x100,8,00 AF 3A FF F5 D6 C2 00,speed=0.00
1779899592.331,0x200,8,BF 64 B5 9B 8D D2 5B 91,fuel=100.00
1779899592.420,0x300,8,02 66 E2 E3 22 11 54 DD,temp=42.00
1779899592.528,0x100,8,00 17 C0 D3 75 51 C7 6D,speed=0.00
1779899592.620,0x200,8,9F 64 D6 BD F0 14 B2 9E,fuel=100.00
1779899592.704,0x300,8,02 41 19 44 CF AC 08 05,temp=42.00
1779899592.783,0x100,8,00 7E 20 BD C3 AA B9 B2,speed=0.00
1779899592.884,0x200,8,A1 64 A5 F8 33 99 DD 44,fuel=100.00
1779899592.968,0x300,8,02 1F 86 FA D5 95 37 90,temp=42.00
1779899593.079,0x100,8,00 3A 33 52 25 3D 3E CB,speed=0.00
1779899593.187,0x200,8,A2 64 BD 32 A4 E6 BA 73,fuel=100.00
1779899593.251,0x300,8,02 75 7A 88 34 89 C7 4C,temp=42.00
1779899593.372,0x100,8,00 8E 57 C6 20 A0 EF 06,speed=0.00
1779899593.470,0x200,8,85 64 FC 97 57 8A E0 7F,fuel=100.00
1779899593.530,0x300,8,02 51 8F 4E 0A 6C CE 7F,temp=42.00
1779899593.627,0x100,8,00 B7 6E DF 20 83 0D 38,speed=0.00
1779899593.734,0x200,8,CA 64 08 B7 21 C3 7F 25,fuel=100.00
1779899593.813,0x300,8,02 3F F2 09 62 2A 0A AD,temp=42.00
1779899593.913,0x100,8,00 31 DE 68 3E D9 30 7D,speed=0.00
1779899594.010,0x200,8,39 64 F6 01 FB 1A CE D5,fuel=100.00
1779899594.101,0x300,8,02 AC 66 0E B8 D3 4C 34,temp=42.00
1779899594.186,0x100,8,00 5F E1 C5 FC C9 FA 40,speed=0.00
1779899594.302,0x200,8,D9 64 E3 A4 90 E5 00 80,fuel=100.00
1779899594.372,0x300,8,02 0C BA 78 8B CA 0B 90,temp=42.00
1779899594.471,0x100,8,00 93 82 12 32 90 8D 90,speed=0.00
1779899594.575,0x200,8,03 64 4C E0 33 42 13 90,fuel=100.00
1779899594.687,0x300,8,02 A7 DE 0D 0B 2B 18 AE,temp=42.00
1779899594.768,0x100,8,00 63 BE F4 9D C8 81 8C,speed=0.00
1779899594.849,0x200,8,F8 64 1D FA 04 DF DA E4,fuel=100.00
1779899594.937,0x300,8,02 9D E3 CC A0 17 2F 54,temp=42.00
1779899595.043,0x100,8,00 75 DA 2C 5A 74 B0 8E,speed=0.00
1779899595.146,0x200,8,31 64 BD CE 92 50 1C 86,fuel=100.00
1779899595.230,0x300,8,02 56 C8 EF F9 23 84 5C,temp=42.00
1779899595.322,0x100,8,00 5B 3E 53 FB C9 EA D9,speed=0.00
1779899595.436,0x200,8,F0 64 EF F6 EE B0 A4 D2,fuel=100.00
1779899595.519,0x300,8,02 C5 0F 96 92 B7 3A 4A,temp=42.00
1779899595.653,0x100,8,00 FB 7A 10 E2 96 6C D9,speed=0.00
1779899595.705,0x200,8,43 64 26 07 1D D4 8F 22,fuel=100.00
1779899595.798,0x300,8,02 CF 0F C4 F2 B2 DC 46,temp=42.00
1779899595.914,0x100,8,00 92 F4 4D 85 1B EA B3,speed=0.00
1779899595.982,0x200,8,50 64 F5 FE DA 11 43 51,fuel=100.00
1779899596.097,0x300,8,02 1F 0F 81 C6 18 05 EB,temp=42.00
1779899596.175,0x100,8,00 5E D8 8B 2E 12 8A 32,speed=0.00
1779899596.270,0x200,8,5E 64 86 3A 19 38 A4 1C,fuel=100.00
1779899596.359,0x300,8,02 F1 C3 BE 40 7C 5E AD,temp=42.00
1779899596.471,0x100,8,00 2E 96 FD 7B FE E4 82,speed=0.00
1779899596.552,0x200,8,1A 64 F2 B3 93 91 7F 37,fuel=100.00
1779899596.645,0x300,8,02 64 79 7F B6 04 4E BB,temp=42.00
1779899596.771,0x100,8,00 F5 FA 39 85 D0 BE 1D,speed=0.00
1779899596.845,0x200,8,9C 64 0F 24 1B DC 5B 9D,fuel=100.00
1779899596.916,0x300,8,02 1B B2 F3 32 A1 65 7A,temp=42.00
1779899597.024,0x100,8,00 55 73 8E F9 7A 81 F3,speed=0.00
1779899597.112,0x200,8,CD 64 EC 08 46 0C C6 01,fuel=100.00
1779899597.210,0x300,8,02 DE 17 FF E4 67 27 C8,temp=42.00
1779899597.307,0x100,8,00 A2 63 E3 1F CA 99 09,speed=0.00
1779899597.415,0x200,8,0B 64 DD D9 FF 5D 39 82,fuel=100.00
1779899597.499,0x300,8,02 91 19 33 2F 3F 40 64,temp=42.00
1779899597.608,0x100,8,00 34 D5 DC 58 81 33 16,speed=0.00
1779899597.700,0x200,8,EA 64 48 61 4A 52 9B ED,fuel=100.00
1779899597.772,0x300,8,02 BB F6 41 22 2D 37 68,temp=42.00
1779899597.872,0x100,8,00 65 51 95 63 97 DD 0C,speed=0.00
1779899597.952,0x200,8,5C 64 8E E8 1E 16 49 24,fuel=100.00
1779899598.070,0x300,8,02 DC C7 24 AD 3E 43 C6,temp=42.00
1779899598.149,0x100,8,00 B2 61 31 F2 4B 24 19,speed=0.00
1779899598.232,0x200,8,67 64 2D 9E 2E F2 18 E3,fuel=100.00
1779899598.330,0x300,8,02 A3 2B EE 98 F2 E2 A9,temp=42.00
1779899598.440,0x100,8,00 3D 64 1B 3B 2B 7F B0,speed=0.00
1779899598.540,0x200,8,70 64 04 DD 3B 9F 9F 64,fuel=100.00
1779899598.620,0x300,8,02 73 1F 57 39 56 81 B0,temp=42.00
1779899598.702,0x100,8,00 C5 11 9B 5B 3C 61 B4,speed=0.00
1779899598.809,0x200,8,CF 64 43 D5 A8 21 61 71,fuel=100.00
1779899598.886,0x300,8,02 F8 D2 0E C4 1C A5 6F,temp=42.00
1779899598.985,0x100,8,00 BC 35 E5 A6 4D 62 6D,speed=0.00
1779899599.095,0x200,8,8A 64 1F 8A 68 0A 48 B2,fuel=100.00
1779899599.204,0x300,8,02 1F 4F 78 A8 4B 72 A1,temp=42.00
1779899599.267,0x100,8,00 7D 59 F3 AE D5 90 4F,speed=0.00
1779899599.366,0x200,8,E9 64 8B 6A A4 17 D5 65,fuel=100.00
1779899599.446,0x300,8,02 85 EA 16 CC A2 35 A1,temp=42.00
1779899599.569,0x100,8,00 F8 FF 32 23 FD 51 63,speed=0.00
1779899599.654,0x200,8,1B 64 B1 E0 ED 7B 84 F1,fuel=100.00
1779899599.738,0x300,8,02 A9 BB 99 BD 84 20 84,temp=42.00
1779899599.843,0x100,8,00 75 7D E9 C6 C4 86 4B,speed=0.00
1779899599.925,0x200,8,7C 64 78 7D 97 2F DC 42,fuel=100.00
1779899600.026,0x300,8,02 7F B0 46 F9 11 8B 52,temp=42.00
1779899600.126,0x100,8,00 75 28 BD 1B 17 9B C6,speed=0.00
1779899600.226,0x200,8,FF 64 09 96 80 83 32 11,fuel=100.00
1779899600.301,0x300,8,02 A5 C6 4C DD B5 2B BA,temp=42.00
1779899600.419,0x100,8,00 A8 16 00 90 03 E3 F5,speed=0.00
1779899600.506,0x200,8,D0 64 66 01 01 DE 9B BB,fuel=100.00
1779899600.572,0x300,8,02 60 A2 D5 7A 87 58 F7,temp=42.00
1779899600.684,0x100,8,00 9E F7 D4 A0 D8 29 4A,speed=0.00
1779899600.761,0x200,8,08 64 14 97 05 3C D6 7F,fuel=100.00
1779899600.902,0x300,8,02 5F 23 65 1E 64 E5 23,temp=42.00
1779899600.959,0x100,8,00 C6 4A 6E E6 B3 EE BB,speed=0.00
1779899601.057,0x200,8,0F 64 4E 5E B2 83 01 AE,fuel=100.00
1779899601.157,0x300,8,02 64 44 88 CA 8D D9 E8,temp=42.00
1779899601.240,0x100,8,00 34 77 B1 59 41 B4 F3,speed=0.00
1779899601.344,0x200,8,0F 64 D0 8F FC FA 54 71,fuel=100.00
1779899601.439,0x300,8,02 81 2F 88 7C E6 1D E8,temp=42.00
1779899601.513,0x100,8,00 9C 30 30 EB 4B 48 92,speed=0.00
1779899601.643,0x200,8,CF 64 C7 0D 53 BC FA AF,fuel=100.00
1779899601.697,0x300,8,02 6D 47 D8 37 D0 1B 30,temp=42.00
1779899601.800,0x100,8,00 69 C4 8B 97 C5 45 71,speed=0.00
1779899601.890,0x200,8,79 64 C4 54 99 4E D3 02,fuel=100.00
1779899602.003,0x300,8,02 19 2F 23 8A 9C 4A FA,temp=42.00
1779899602.075,0x100,8,00 A7 F1 D3 68 14 3A 71,speed=0.00
1779899602.174,0x200,8,B4 64 C0 E9 D6 DF 81 F7,fuel=100.00
1779899602.276,0x300,8,02 2F E6 F1 B9 87 85 CF,temp=42.00
1779899602.373,0x100,8,00 EA 43 3A D8 F4 69 09,speed=0.00
1779899602.469,0x200,8,E6 64 3F D4 7E FC 77 7E,fuel=100.00
1779899602.551,0x300,8,02 9C 13 9A FB 4E 89 28,temp=42.00
1779899602.649,0x100,8,00 13 FF 43 C5 C9 7B 5D,speed=0.00
1779899602.727,0x200,8,51 64 4D A4 CA 7A B8 8E,fuel=100.00
1779899602.826,0x300,8,02 04 20 85 8D 8E 31 00,temp=42.00
1779899602.929,0x100,8,00 DF 1E B5 1D 56 43 2B,speed=0.00
1779899603.020,0x200,8,33 64 CB 98 FE 7B D3 DF,fuel=100.00
1779899603.117,0x300,8,02 0F B2 8D 2D AE 95 29,temp=42.00
1779899603.238,0x100,8,00 DE F7 A2 F3 91 A1 9D,speed=0.00
1779899603.300,0x200,8,40 64 16 27 4F E5 24 7D,fuel=100.00
1779899603.409,0x300,8,02 B9 09 61 A7 64 81 FB,temp=42.00
1779899603.487,0x100,8,00 BF 16 47 2A 20 DB 4D,speed=0.00
1779899603.585,0x200,8,65 64 76 64 0E 7E 61 BA,fuel=100.00
1779899603.674,0x300,8,02 AD E7 3D 03 27 F8 44,temp=42.00
1779899603.784,0x100,8,00 29 C6 A9 92 46 42 72,speed=0.00
1779899603.878,0x200,8,6F 64 28 E0 3D B6 73 53,fuel=100.00
1779899603.964,0x300,8,02 6A 98 B7 C6 6F EF CC,temp=42.00
1779899604.060,0x100,8,00 45 C6 4B 0D 6B CF 05,speed=0.00
1779899604.151,0x200,8,8C 64 C9 A8 0C A1 19 FA,fuel=100.00
1779899604.253,0x300,8,02 69 73 90 A4 0F E0 83,temp=42.00
1779899604.339,0x100,8,00 88 52 4B F4 1C B2 43,speed=0.00
1779899604.421,0x200,8,19 64 80 E1 AE 43 8D 03,fuel=100.00
1779899604.528,0x300,8,02 F5 B5 74 B4 60 D1 9A,temp=42.00
1779899604.647,0x100,8,00 0E 19 6B 40 50 3E E3,speed=0.00
1779899604.709,0x200,8,A5 64 7C B9 C3 5F 81 A6,fuel=100.00
1779899604.798,0x300,8,02 A9 2B 01 AA 70 E7 31,temp=42.00
1779899604.884,0x100,8,00 B4 69 BC C5 15 90 73,speed=0.00
1779899604.980,0x200,8,91 64 B5 C8 F9 43 2E 16,fuel=100.00
1779899605.081,0x300,8,02 00 AF C4 79 C8 A8 A2,temp=42.00
1779899605.184,0x100,8,00 92 78 14 21 DB 15 F7,speed=0.00
1779899605.285,0x200,8,33 64 45 18 79 46 46 49,fuel=100.00
1779899605.375,0x300,8,02 40 E2 E8 5F 12 E1 9F,temp=42.00
1779899605.457,0x100,8,00 FB 29 F9 2F D6 B5 51,speed=0.00
1779899605.576,0x200,8,0F 64 D0 39 60 AE C0 1B,fuel=100.00
1779899605.665,0x300,8,02 2D 90 54 09 12 51 07,temp=42.00
1779899605.747,0x100,8,00 85 E7 FF 98 2E 35 7A,speed=0.00
1779899605.866,0x200,8,B5 64 3C 12 6F DE 1E 55,fuel=100.00
1779899605.937,0x300,8,02 A9 8E 80 A1 4D B1 59,temp=42.00
1779899606.036,0x100,8,00 4C 3E 75 78 8F 45 F3,speed=0.00
1779899606.122,0x200,8,99 64 33 56 33 2A 5B 95,fuel=100.00
1779899606.215,0x300,8,02 98 B3 A0 A5 43 A4 48,temp=42.00
1779899606.305,0x100,8,00 94 86 8A 2E 30 13 BE,speed=0.00
1779899606.409,0x200,8,C6 64 05 19 A0 24 A6 01,fuel=100.00
1779899606.547,0x300,8,02 00 CF F4 99 3A 98 55,temp=42.00
1779899606.605,0x100,8,00 65 71 A2 7B 80 B6 97,speed=0.00
1779899606.686,0x200,8,A6 64 99 1E 4E DC 78 2D,fuel=100.00
1779899606.767,0x300,8,02 A7 DA 3A 8C 4D E3 93,temp=42.00
1779899606.878,0x100,8,00 6F 7E C5 A4 D0 66 40,speed=0.00
1779899606.976,0x200,8,78 64 AA 32 E8 38 0B 83,fuel=100.00
1779899607.049,0x300,8,02 26 25 0A 98 EF AE D3,temp=42.00
1779899607.156,0x100,8,00 6D 6D 5C 4C 98 5C D5,speed=0.00
1779899607.234,0x200,8,98 64 4F BB 55 E1 2A 85,fuel=100.00
1779899607.342,0x300,8,02 95 AA DC EB 30 1C 8E,temp=42.00
1779899607.430,0x100,8,00 58 76 D0 09 F4 13 7D,speed=0.00
1779899607.525,0x200,8,BB 64 A3 EE C7 06 BA 35,fuel=100.00
1779899607.623,0x300,8,02 EC F9 68 87 89 98 7C,temp=42.00
1779899607.698,0x100,8,00 47 EB 76 DB F4 A9 D1,speed=0.00
1779899607.805,0x200,8,7F 64 F0 85 DC 60 A0 61,fuel=100.00
1779899607.892,0x300,8,02 56 AE A2 E2 C9 96 B6,temp=42.00
1779899607.979,0x100,8,00 78 04 6F 98 F2 D0 4C,speed=0.00
1779899608.095,0x200,8,24 64 4F DD 03 0A 29 93,fuel=100.00
1779899608.186,0x300,8,02 0D E4 BC EB 5D BF BB,temp=42.00
1779899608.274,0x100,8,00 20 3D 4F 45 FD 6D 15,speed=0.00
1779899608.379,0x200,8,E8 64 1E 36 B0 1E D0 6E,fuel=100.00
1779899608.446,0x300,8,02 D9 84 64 88 98 E9 E1,temp=42.00
1779899608.562,0x100,8,00 BF CA F0 BB 9E 2C D0,speed=0.00
1779899608.658,0x200,8,D5 64 87 00 A2 CD AA F6,fuel=100.00
1779899608.731,0x300,8,02 53 CF 1E B7 18 47 66,temp=42.00
1779899608.822,0x100,8,00 8E 82 4F 90 B3 F8 53,speed=0.00
1779899608.935,0x200,8,1E 64 18 77 8F 4A 14 18,fuel=100.00
1779899609.021,0x300,8,02 12 F0 1E 19 D3 2A 82,temp=42.00
1779899609.129,0x100,8,00 6F 3B 3C AE 1E A1 42,speed=0.00
1779899609.207,0x200,8,AC 64 90 E4 C7 60 1B 3C,fuel=100.00
1779899609.296,0x300,8,02 D3 75 76 D9 C1 F0 11,temp=42.00
1779899609.406,0x100,8,00 83 44 C9 A6 E1 69 33,speed=0.00
1779899609.494,0x200,8,47 64 31 A3 DA 9F 1C DC,fuel=100.00
1779899609.580,0x300,8,02 A8 BA 09 96 37 15 08,temp=42.00
1779899609.688,0x100,8,00 42 8C 21 42 AF 4C 33,speed=0.00
1779899609.772,0x200,8,0E 64 43 0B BA 38 8E 81,fuel=100.00
1779899609.852,0x300,8,02 5A B3 2E 66 37 E8 4C,temp=42.00
1779899609.956,0x100,8,00 2B DC 9F 3A 4B B3 1C,speed=0.00
1779899610.053,0x200,8,16 64 27 46 B8 F2 FA 83,fuel=100.00
1779899610.150,0x300,8,02 CA 8E B7 83 A3 E1 B4,temp=42.00
1779899610.246,0x100,8,00 EE AC E6 2E 09 35 85,speed=0.00
1779899610.327,0x200,8,FC 64 CF 25 C6 35 FE 86,fuel=100.00
1779899610.441,0x300,8,02 26 3E E0 94 F2 56 33,temp=42.00
1779899610.519,0x100,8,00 77 56 28 FF CE AC 51,speed=0.00
1779899610.622,0x200,8,AF 64 B7 FF 89 53 F7 A5,fuel=100.00
1779899610.705,0x300,8,02 0C 6E 0E A6 ED B8 21,temp=42.00
1779899610.803,0x100,8,00 D7 77 DB CE 0E E2 E8,speed=0.00
1779899610.914,0x200,8,9E 64 4A 57 BE 0E 01 58,fuel=100.00
1779899610.999,0x300,8,02 9D F3 FA C9 1D 93 59,temp=42.00
1779899611.096,0x100,8,00 CB 71 03 1A 8D 55 47,speed=0.00
1779899611.192,0x200,8,01 64 48 F3 62 77 68 E4,fuel=100.00
1779899611.260,0x300,8,02 C2 D9 F0 0B B5 6D 9F,temp=42.00
1779899611.378,0x100,8,00 8C 95 AE 8D 04 02 D6,speed=0.00
1779899611.481,0x200,8,90 64 CD 2C 45 41 A1 18,fuel=100.00
1779899611.543,0x300,8,02 0E 90 D1 EA 8D 47 E0,temp=42.00
1779899611.650,0x100,8,00 D2 C8 E6 DC F4 E6 6D,speed=0.00
1779899611.738,0x200,8,A7 64 60 91 F6 92 71 F4,fuel=100.00
1779899611.828,0x300,8,02 52 FF B7 54 AD AC 34,temp=42.00
1779899611.947,0x100,8,00 D4 4C 57 60 8E 01 EE,speed=0.00
1779899612.017,0x200,8,06 64 34 CA FB F2 ED 6B,fuel=100.00
1779899612.123,0x300,8,02 7E 99 A2 77 B3 F2 31,temp=42.00
1779899612.203,0x100,8,00 CD 09 85 D5 2B 82 20,speed=0.00
1779899612.299,0x200,8,EA 64 62 67 91 1E 96 F8,fuel=100.00
1779899612.396,0x300,8,02 19 46 6F 69 D7 CC 5A,temp=42.00
1779899612.483,0x100,8,00 E5 37 02 7E 3C CB 52,speed=0.00
1779899612.580,0x200,8,89 64 4D FB 37 54 BF F8,fuel=100.00
1779899612.696,0x300,8,02 A8 94 F5 0E 7C 34 6D,temp=42.00
1779899612.782,0x100,8,00 E9 41 63 05 39 BB BA,speed=0.00
1779899612.862,0x200,8,4E 64 FA A4 AA 5A 20 B1,fuel=100.00
1779899612.955,0x300,8,02 38 F1 02 B7 36 44 BB,temp=42.00
1779899613.060,0x100,8,00 01 39 6D 74 0D D7 6E,speed=0.00
1779899613.174,0x200,8,97 64 56 02 45 3D E4 D1,fuel=100.00
1779899613.252,0x300,8,02 94 1C 48 A2 17 C2 2F,temp=42.00
1779899613.349,0x100,8,00 54 1B A2 F9 38 2F 97,speed=0.00
1779899613.429,0x200,8,EF 64 F8 8E 37 80 06 F8,fuel=100.00
1779899613.513,0x300,8,02 6D 23 81 AD 86 1D 2D,temp=42.00
1779899613.616,0x100,8,00 1E 6D CC 5F 94 03 94,speed=0.00
1779899613.713,0x200,8,68 64 B8 A1 FB 1E 43 90,fuel=100.00
1779899613.808,0x300,8,02 11 5F 21 19 05 EE E9,temp=42.00
1779899613.905,0x100,8,00 54 FA 14 AF 04 D7 C6,speed=0.00
1779899614.025,0x200,8,63 64 40 B5 76 69 7B 82,fuel=100.00
1779899614.103,0x300,8,02 EA 1D 91 05 52 73 65,temp=42.00
1779899614.184,0x100,8,00 9C C6 E1 F5 2D 60 EF,speed=0.00
1779899614.292,0x200,8,E3 64 47 50 48 4F 81 C6,fuel=100.00
1779899614.403,0x300,8,02 BE FC 69 21 06 C0 31,temp=42.00
1779899614.493,0x100,8,00 56 A3 5C FB B2 40 F3,speed=0.00
1779899614.569,0x200,8,98 64 4A CB 00 DB DA 84,fuel=100.00
1779899614.664,0x300,8,02 94 0F 72 12 B1 41 2C,temp=42.00
1779899614.766,0x100,8,00 05 46 1B 70 CA B3 BF,speed=0.00
1779899614.855,0x200,8,5E 64 DB 06 DD 9E 01 FE,fuel=100.00
1779899614.938,0x300,8,02 B8 87 63 FC 28 FB 83,temp=42.00
1779899615.035,0x100,8,00 19 3F 63 28 19 2F C0,speed=0.00
1779899615.131,0x200,8,7E 64 69 06 55 23 CC 2B,fuel=100.00
1779899615.221,0x300,8,02 03 05 B7 D8 24 A5 55,temp=42.00
1779899615.317,0x100,8,00 79 3B A8 08 61 C7 A8,speed=0.00
1779899615.428,0x200,8,31 64 6A ED 96 EA 77 48,fuel=100.00
1779899615.498,0x300,8,02 42 19 DD E7 0B 5A 8C,temp=42.00
1779899615.593,0x100,8,00 9E 59 A1 13 80 5A 12,speed=0.00
1779899615.687,0x200,8,C9 64 73 EE 43 D5 75 F5,fuel=100.00
1779899615.787,0x300,8,02 0E 77 A7 98 04 76 1E,temp=42.00
1779899615.904,0x100,8,00 97 3F 1F 0B D9 6B F2,speed=0.00
1779899615.988,0x200,8,00 64 A5 2D 8F CC 4E 47,fuel=100.00
1779899616.087,0x300,8,02 15 98 9B 92 1F F1 6F,temp=42.00
1779899616.163,0x100,8,00 E0 CE BD 76 C4 C3 5A,speed=0.00
1779899616.246,0x200,8,17 64 64 63 FD 64 36 1A,fuel=100.00
1779899616.359,0x300,8,02 58 62 48 C5 6F C4 C7,temp=42.00
1779899616.448,0x100,8,00 FF 07 74 D7 56 02 B0,speed=0.00
1779899616.555,0x200,8,41 64 30 66 7B ED 66 22,fuel=100.00
1779899616.658,0x300,8,02 C1 A6 CE 1A D4 55 89,temp=42.00
1779899616.738,0x100,8,00 A1 1B 5B A0 90 D1 6E,speed=0.00
1779899616.832,0x200,8,EF 64 12 B7 07 B0 DC 6A,fuel=100.00
1779899616.933,0x300,8,02 EA 27 2E 24 6C 56 2D,temp=42.00
1779899617.036,0x100,8,00 04 CC 5C A0 5F 8F F9,speed=0.00
1779899617.100,0x200,8,60 64 F6 BB B9 39 3A 68,fuel=100.00
1779899617.199,0x300,8,02 52 30 1D C9 D1 76 F5,temp=42.00
1779899617.311,0x100,8,00 FA 18 2A C3 6E 13 FC,speed=0.00
1779899617.390,0x200,8,C7 64 04 20 CA 11 17 EE,fuel=100.00
1779899617.482,0x300,8,02 DB 84 F4 D5 B5 41 DE,temp=42.00
1779899617.595,0x100,8,00 1D 13 A5 5A 74 68 51,speed=0.00
1779899617.791,0x200,8,72 64 6D 74 D7 A6 F0 35,fuel=100.00
1779899617.849,0x300,8,02 53 D9 D0 DA A6 35 E4,temp=42.00
1779899617.931,0x100,8,00 3B 95 2F 14 F1 52 61,speed=0.00
1779899618.028,0x200,8,65 64 03 71 48 E5 DD 81,fuel=100.00
1779899618.136,0x300,8,02 99 3B F3 84 C6 62 0D,temp=42.00
1779899618.212,0x100,8,00 B5 41 CB 9F 63 AE 2E,speed=0.00
1779899618.350,0x200,8,04 64 98 1D E3 4A 28 2F,fuel=100.00
1779899618.412,0x300,8,02 E3 2E C0 29 16 68 EF,temp=42.00
1779899618.512,0x100,8,00 81 3A D0 86 98 95 F1,speed=0.00
1779899618.597,0x200,8,2B 64 79 57 41 3E DF 32,fuel=100.00
1779899618.699,0x300,8,02 82 CD 4A C1 80 C6 F1,temp=42.00
1779899618.788,0x100,8,00 A9 DB CB 67 3A AC CB,speed=0.00
1779899618.891,0x200,8,59 64 14 C0 81 88 EB 73,fuel=100.00
1779899618.988,0x300,8,02 68 61 4B 99 12 51 DE,temp=42.00
1779899619.071,0x100,8,00 F7 D2 82 86 AC 06 0F,speed=0.00
1779899619.165,0x200,8,56 64 ED 5E F7 5A BC D5,fuel=100.00
1779899619.282,0x300,8,02 3A BE A3 91 25 1D 35,temp=42.00
1779899619.346,0x100,8,00 F6 65 5C AC 6D 84 F0,speed=0.00
1779899619.462,0x200,8,F0 64 54 16 57 5F 26 B2,fuel=100.00
1779899619.551,0x300,8,02 27 03 D1 3B DE A7 BB,temp=42.00
1779899619.622,0x100,8,00 B6 F7 1D 11 58 64 D0,speed=0.00
1779899619.741,0x200,8,9D 64 FB 4A 8C D9 B9 28,fuel=100.00
1779899619.858,0x300,8,02 BA 4F 73 FF E3 3E A9,temp=42.00
1779899619.904,0x100,8,00 28 E4 4B EC 8B 02 3E,speed=0.00
1779899619.996,0x200,8,B1 64 EF F2 C8 85 3E 26,fuel=100.00
1779899620.101,0x300,8,02 E4 19 18 81 67 A3 E4,temp=42.00
1779899620.187,0x100,8,00 6F 11 BF 0E 14 BB FC,speed=0.00
1779899620.301,0x200,8,DA 64 30 BC 53 1A DD 9D,fuel=100.00
1779899620.379,0x300,8,02 EE 68 1B D1 F2 72 F7,temp=42.00
1779899620.463,0x100,8,00 FC BF E6 8A 83 BF 50,speed=0.00
1779899620.575,0x200,8,C9 64 09 10 98 4C DE EE,fuel=100.00
1779899620.670,0x300,8,02 36 7C F4 A8 92 C6 26,temp=42.00
1779899620.778,0x100,8,00 B7 C6 85 1E 95 B6 61,speed=0.00
1779899620.876,0x200,8,28 64 97 C7 89 3F D8 44,fuel=100.00
1779899620.953,0x300,8,02 6C F8 C9 34 14 AE D9,temp=42.00
1779899621.039,0x100,8,00 BA A3 1E FA 7C 8F C5,speed=0.00
1779899621.124,0x200,8,7B 64 75 28 49 A0 EA 78,fuel=100.00
1779899621.215,0x300,8,02 A4 C0 0A A9 6C E0 56,temp=42.00
1779899621.336,0x100,8,00 A7 84 F2 D7 92 80 B3,speed=0.00
1779899621.418,0x200,8,05 64 3D 2D 63 F3 4A 3F,fuel=100.00
1779899621.505,0x300,8,02 7F 40 D0 A8 C8 7A 8C,temp=42.00
1779899621.614,0x100,8,00 0E 9B 32 36 D2 AD 57,speed=0.00
1779899621.681,0x200,8,F2 64 42 7B A2 9D 3C B0,fuel=100.00
1779899621.774,0x300,8,02 1F 8F 42 33 EE E5 63,temp=42.00
1779899621.886,0x100,8,00 6D 50 EA 86 07 7C 2E,speed=0.00
1779899621.963,0x200,8,5E 64 4D 72 80 E1 82 8F,fuel=100.00
1779899622.085,0x300,8,02 D9 DD 20 81 9C 6D 46,temp=42.00
1779899622.163,0x100,8,00 47 C8 C8 FA CA C8 DE,speed=0.00
1779899622.248,0x200,8,D1 64 F2 B6 92 E2 1C 68,fuel=100.00
1779899622.350,0x300,8,02 F3 8E CB 1F C6 C9 7A,temp=42.00
1779899622.434,0x100,8,00 CF 63 C3 FE CF 15 D4,speed=0.00
1779899622.533,0x200,8,80 64 1F BB 8F 6C 03 1E,fuel=100.00
1779899622.640,0x300,8,02 E2 AF 2B 41 CD 36 9F,temp=42.00
1779899622.724,0x100,8,00 F0 D5 10 34 DD D4 82,speed=0.00
1779899622.825,0x200,8,E7 64 A4 27 72 53 1B 87,fuel=100.00
1779899622.910,0x300,8,02 DE E6 F3 31 32 AC ED,temp=42.00
1779899623.034,0x100,8,00 6D E7 68 1E 07 A4 DF,speed=0.00
1779899623.089,0x200,8,1E 64 4E 8E 32 B1 F3 90,fuel=100.00
1779899623.184,0x300,8,02 8D 46 D8 C6 08 0C BD,temp=42.00
1779899623.297,0x100,8,00 C3 45 9D 2C F1 76 6C,speed=0.00
1779899623.385,0x200,8,10 64 65 59 E4 C4 95 3B,fuel=100.00
1779899623.503,0x300,8,02 CD 62 73 AA 69 58 BB,temp=42.00
1779899623.585,0x100,8,00 1C DC 15 86 BB 31 3C,speed=0.00
1779899623.677,0x200,8,65 64 82 2A DA B5 98 FB,fuel=100.00
1779899623.747,0x300,8,02 CA 85 04 29 9A 35 5E,temp=42.00
1779899623.852,0x100,8,00 13 27 AF 2C 70 84 54,speed=0.00
1779899623.931,0x200,8,2D 64 7E BF 65 A5 3E 31,fuel=100.00
1779899624.040,0x300,8,02 32 CA 73 FB 23 07 72,temp=42.00
1779899624.131,0x100,8,00 24 52 43 9A F6 DD 12,speed=0.00
1779899624.217,0x200,8,D7 64 67 50 D0 80 2A D2,fuel=100.00
1779899624.325,0x300,8,02 1B 58 0C B2 05 BE C6,temp=42.00
1779899624.419,0x100,8,00 1C D4 AD 23 F4 A6 B6,speed=0.00
1779899624.494,0x200,8,AD 64 D2 18 D2 D1 2A 86,fuel=100.00
1779899624.629,0x300,8,02 FD 3F 49 C4 A3 D3 ED,temp=42.00
1779899624.718,0x100,8,00 80 6B 59 BF 19 31 50,speed=0.00
1779899624.809,0x200,8,3B 64 BE 67 B6 F1 09 AF,fuel=100.00
1779899624.912,0x300,8,02 80 11 4D ED 00 AD B5,temp=42.00
1779899624.970,0x100,8,00 FB 91 51 48 B2 EE 71,speed=0.00
1779899625.070,0x200,8,31 64 3A 9C 08 D9 F2 2C,fuel=100.00
1779899625.183,0x300,8,02 59 80 27 17 95 3E 12,temp=42.00
1779899625.251,0x100,8,00 1C 41 A3 85 78 F3 D8,speed=0.00
1779899625.340,0x200,8,6D 64 9A CC D5 AF F1 7D,fuel=100.00
1779899625.441,0x300,8,02 BA 46 27 94 E3 40 6B,temp=42.00
1779899625.528,0x100,8,00 0E 29 6F CC 5D A0 E6,speed=0.00
1779899625.656,0x200,8,C0 64 3B C6 FD 0D 95 F1,fuel=100.00
1779899625.755,0x300,8,02 C1 7C 8F F3 D3 9E 50,temp=42.00
1779899625.816,0x100,8,00 16 66 27 AD 01 54 DA,speed=0.00
1779899625.908,0x200,8,F8 64 BA CF 3F F7 43 B7,fuel=100.00
1779899626.033,0x300,8,02 38 82 C1 0A 84 23 16,temp=42.00
1779899626.094,0x100,8,00 94 F7 DF 09 2E 4E 00,speed=0.00
1779899626.182,0x200,8,E2 64 85 11 12 14 CD DD,fuel=100.00
1779899626.291,0x300,8,02 93 AC F0 F7 98 6A 6C,temp=42.00
1779899626.375,0x100,8,00 6C 4A 9B 5C BB 4C 78,speed=0.00
1779899626.475,0x200,8,97 64 32 02 45 F4 B5 FD,fuel=100.00
1779899626.580,0x300,8,02 D8 6A EF 91 EF 0C 89,temp=42.00
1779899626.654,0x100,8,00 81 F8 F5 BC D7 C7 DA,speed=0.00
1779899626.759,0x200,8,32 64 E2 2C 3D 93 7D B8,fuel=100.00
1779899626.851,0x300,8,02 79 56 9E 7E EE 6D 30,temp=42.00
1779899626.931,0x100,8,00 AD 28 6F 2D 9D 5E CF,speed=0.00
1779899627.037,0x200,8,85 64 E9 16 14 62 B3 3D,fuel=100.00
1779899627.131,0x300,8,02 51 45 4D 75 71 64 FD,temp=42.00
1779899627.231,0x100,8,00 35 82 A9 53 47 25 4A,speed=0.00
1779899627.328,0x200,8,7D 64 AC 57 92 05 01 00,fuel=100.00
1779899627.434,0x300,8,02 83 4B E5 51 EB 50 A7,temp=42.00
1779899627.497,0x100,8,00 B5 CB FA A4 CA CC 16,speed=0.00
1779899627.595,0x200,8,ED 64 5C 3A 6B 12 B9 A5,fuel=100.00
1779899627.692,0x300,8,02 46 FB 34 93 9B 89 E3,temp=42.00
1779899627.815,0x100,8,00 2C 25 CF A1 27 ED D4,speed=0.00
1779899627.880,0x200,8,39 64 4E 64 96 93 5B BE,fuel=100.00
1779899627.980,0x300,8,02 D0 C7 4B 43 B4 73 98,temp=42.00
1779899628.074,0x100,8,00 0F E2 FD 72 4F D7 9A,speed=0.00
1779899628.158,0x200,8,4B 64 D1 EF 27 5A DE A4,fuel=100.00
1779899628.254,0x300,8,02 35 94 8B 4C 44 2D 46,temp=42.00
1779899628.358,0x100,8,00 B3 DC 6B 09 39 61 81,speed=0.00
1779899628.472,0x200,8,24 64 71 ED 3D 76 FC A6,fuel=100.00
1779899628.545,0x300,8,02 DF D3 54 3B 15 79 91,temp=42.00
1779899628.624,0x100,8,00 2E 6E 09 7E B3 81 8D,speed=0.00
1779899628.717,0x200,8,E8 64 95 4F 6F 04 74 BE,fuel=100.00
1779899628.848,0x300,8,02 0E D9 76 63 FD 44 E6,temp=42.00
1779899628.900,0x100,8,00 3B 37 8F E4 C4 70 18,speed=0.00
1779899629.026,0x200,8,C2 64 00 DD 3D 25 CB B3,fuel=100.00
1779899629.128,0x300,8,02 24 C8 DF EF 15 8D D8,temp=42.00
1779899629.216,0x100,8,00 21 BD 2A 3C A9 2E 1B,speed=0.00
1779899629.281,0x200,8,FE 64 CC 66 0B 26 C4 4F,fuel=100.00
1779899629.396,0x300,8,02 33 96 99 A0 FF 69 4C,temp=42.00
1779899629.472,0x100,8,00 3F E8 32 28 5D 0E 58,speed=0.00
1779899629.571,0x200,8,15 64 31 0F 97 9F DC 1B,fuel=100.00
1779899629.653,0x300,8,02 DD 3D 82 2D AD 13 8D,temp=42.00
1779899629.765,0x100,8,00 C2 D4 94 22 0E 63 92,speed=0.00
1779899629.859,0x200,8,AB 64 48 26 6A 02 0E 37,fuel=100.00
1779899629.966,0x300,8,02 03 33 F7 E6 97 F3 D7,temp=42.00
1779899630.034,0x100,8,00 C2 9F 5C 94 A4 7E BC,speed=0.00
1779899630.131,0x200,8,53 64 00 46 EA 38 B6 D8,fuel=100.00
1779899630.239,0x300,8,02 76 31 27 E3 17 D0 E0,temp=42.00
1779899630.325,0x100,8,00 59 E5 1B E2 FA F7 66,speed=0.00
1779899630.417,0x200,8,38 64 E6 32 74 84 F1 C6,fuel=100.00
1779899630.503,0x300,8,02 A4 06 D9 01 5A BF 65,temp=42.00
1779899630.597,0x100,8,00 35 62 C9 28 4A 04 6B,speed=0.00
1779899630.714,0x200,8,D8 64 85 32 5E 97 9D 05,fuel=100.00
1779899630.806,0x300,8,02 9D 1A DC 46 58 06 01,temp=42.00
1779899630.885,0x100,8,00 0A D7 29 36 F7 8C 6E,speed=0.00
1779899630.980,0x200,8,34 64 18 39 BC A7 BA 3B,fuel=100.00
1779899631.085,0x300,8,02 DC B4 D6 07 67 F1 98,temp=42.00
1779899631.165,0x100,8,00 6A 79 2B D2 EF 38 34,speed=0.00
1779899631.276,0x200,8,26 64 3D D7 AA E5 9D A0,fuel=100.00
1779899631.355,0x300,8,02 58 84 01 59 31 A7 4A,temp=42.00
1779899631.437,0x100,8,00 9B 68 EF 4B DE 13 77,speed=0.00
1779899631.536,0x200,8,AE 64 EC A9 FC D7 C6 ED,fuel=100.00
1779899631.625,0x300,8,02 BD 81 24 0C 6E 74 A7,temp=42.00
1779899631.713,0x100,8,00 C7 38 B6 5C B3 78 C1,speed=0.00
1779899631.818,0x200,8,9A 64 8C 3A 9A 9E 16 BB,fuel=100.00
1779899631.901,0x300,8,02 1E EA DF 9B 4A 57 78,temp=42.00
1779899632.020,0x100,8,00 6B 4B D2 5C 6E 7D C3,speed=0.00
1779899632.128,0x200,8,91 64 44 59 EE 01 9F 43,fuel=100.00
1779899632.199,0x300,8,02 1D E5 3C A7 F8 4F B6,temp=42.00
1779899632.283,0x100,8,00 59 65 C0 04 08 43 D2,speed=0.00
1779899632.401,0x200,8,F8 64 CB 89 8B 0F 08 62,fuel=100.00
1779899632.476,0x300,8,02 5F 54 F3 5F 32 17 1B,temp=42.00
1779899632.567,0x100,8,00 FE A5 A0 CE EC D4 25,speed=0.00
1779899632.666,0x200,8,5B 64 39 F4 44 2D 04 D3,fuel=100.00
1779899632.754,0x300,8,02 BC A7 80 05 1B 12 51,temp=42.00
1779899632.842,0x100,8,00 E8 DA C5 64 0D 0E 28,speed=0.00
1779899632.933,0x200,8,87 64 05 8F FF 59 BB 31,fuel=100.00
1779899633.054,0x300,8,02 4F D3 F6 FB 27 DD 0A,temp=42.00
1779899633.132,0x100,8,00 F9 35 40 43 C1 59 69,speed=0.00
1779899633.217,0x200,8,7C 64 D6 C3 F1 26 39 88,fuel=100.00
1779899633.326,0x300,8,02 79 30 A2 67 90 0C 21,temp=42.00
1779899633.415,0x100,8,00 8E 57 95 67 0E 61 F5,speed=0.00
1779899633.504,0x200,8,7A 64 3B 8B 9B C8 DB 66,fuel=100.00
1779899633.603,0x300,8,02 EB 2C FE 84 FD E9 E5,temp=42.00
1779899633.681,0x100,8,00 9F 8A 53 61 31 ED 00,speed=0.00
1779899633.780,0x200,8,EF 64 60 68 B2 CA 53 41,fuel=100.00
1779899633.891,0x300,8,02 E9 5D 6F F9 AF DB AE,temp=42.00
1779899633.966,0x100,8,00 5C 92 37 FE 99 9C 6D,speed=0.00
1779899634.088,0x200,8,59 64 38 F6 A0 D5 1F AD,fuel=100.00
1779899634.159,0x300,8,02 5E 63 20 21 C1 B3 77,temp=42.00
1779899634.282,0x100,8,00 CE E9 06 D3 4A 2F F7,speed=0.00
1779899634.381,0x200,8,87 64 A8 01 E0 A7 F5 8F,fuel=100.00
1779899634.477,0x300,8,02 28 A5 79 08 7A 33 16,temp=42.00
1779899634.532,0x100,8,00 87 57 60 21 AD 42 D1,speed=0.00
1779899634.632,0x200,8,C5 64 B7 CF 91 6A 21 12,fuel=100.00
1779899634.719,0x300,8,02 33 C9 3A D5 9D A5 1A,temp=42.00
1779899634.839,0x100,8,00 D0 62 EE 7E 07 72 54,speed=0.00
1779899634.906,0x200,8,02 64 EA FE E8 B3 28 64,fuel=100.00
1779899635.007,0x300,8,02 CA DB 81 1B 4A E2 4E,temp=42.00
1779899635.103,0x100,8,00 90 06 CF C2 9C B7 4D,speed=0.00
1779899635.206,0x200,8,5A 64 5F 93 81 CC 61 BC,fuel=100.00
1779899635.293,0x300,8,02 DE 47 38 68 FE 5F 29,temp=42.00
1779899635.382,0x100,8,00 30 F1 E6 8B A8 A7 0C,speed=0.00
1779899635.476,0x200,8,11 64 1F 92 E5 57 3A F8,fuel=100.00
1779899635.578,0x300,8,02 62 1B 32 08 9E 1B 42,temp=42.00
1779899635.662,0x100,8,00 E4 50 77 20 63 3F DF,speed=0.00
1779899635.759,0x200,8,B4 64 25 F2 F9 B5 B1 D4,fuel=100.00
1779899635.842,0x300,8,02 95 6F CA 12 B4 7B 9E,temp=42.00
1779899635.963,0x100,8,00 4B 67 FB 18 28 C4 49,speed=0.00
1779899636.024,0x200,8,FD 64 BD 3C 93 3B BA F4,fuel=100.00
1779899636.128,0x300,8,02 25 AF 3B 14 EA 90 B8,temp=42.00
1779899636.226,0x100,8,00 AC 74 1F C5 95 75 6D,speed=0.00
1779899636.308,0x200,8,A2 64 90 C0 50 B2 F7 F0,fuel=100.00
1779899636.427,0x300,8,02 6E A5 4C C2 F9 DB 3C,temp=42.00
1779899636.505,0x100,8,00 19 FC 32 1B 0F 49 72,speed=0.00
1779899636.622,0x200,8,78 64 43 C3 43 E6 D2 1B,fuel=100.00
1779899636.716,0x300,8,02 92 D0 A5 08 F2 23 A8,temp=42.00
1779899636.786,0x100,8,00 F3 16 02 A8 D5 1A 6D,speed=0.00
1779899636.886,0x200,8,96 64 8B C3 95 8D A2 01,fuel=100.00
1779899636.964,0x300,8,02 12 DC E8 B9 79 D3 01,temp=42.00
1779899637.070,0x100,8,00 91 A8 94 AA 6E 14 BA,speed=0.00
1779899637.188,0x200,8,2C 64 EE FC 6A A2 40 25,fuel=100.00
1779899637.260,0x300,8,02 BE ED B1 4A C1 7A D4,temp=42.00
1779899637.359,0x100,8,00 8C 96 23 AD 26 01 F9,speed=0.00
1779899637.441,0x200,8,ED 64 19 D0 9F 6A 1C 14,fuel=100.00
1779899637.550,0x300,8,02 22 DC 90 28 A1 15 3E,temp=42.00
1779899637.649,0x100,8,00 BD 0D B2 56 FD 40 2D,speed=0.00
1779899637.755,0x200,8,59 64 CB A8 6C 5C 00 D3,fuel=100.00
1779899637.813,0x300,8,02 9B 22 F6 D4 FF 4B BD,temp=42.00
1779899637.916,0x100,8,00 11 D8 22 FF CE 69 DA,speed=0.00
1779899638.021,0x200,8,28 64 C8 6F 2D 6D 4F 66,fuel=100.00
1779899638.115,0x300,8,02 89 0C A6 55 CD E3 67,temp=42.00
1779899638.196,0x100,8,00 3E D2 77 2F 80 FA A1,speed=0.00
1779899638.283,0x200,8,B9 64 23 CB 97 CE 33 BC,fuel=100.00
1779899638.377,0x300,8,02 A5 77 C4 5D 9A 9A CB,temp=42.00
1779899638.469,0x100,8,00 13 BB CE 12 78 01 EF,speed=0.00
1779899638.569,0x200,8,5F 64 54 18 9B 22 BB 46,fuel=100.00
1779899638.651,0x300,8,02 EC 97 BB 2B FB 3B 91,temp=42.00
1779899638.756,0x100,8,00 33 8D 91 37 36 67 94,speed=0.00
1779899638.858,0x200,8,85 64 2A 25 32 25 33 60,fuel=100.00
1779899638.956,0x300,8,02 6D 41 A7 75 F9 D2 32,temp=42.00
1779899639.034,0x100,8,00 EB D7 68 FE E8 3C 4E,speed=0.00
1779899639.126,0x200,8,70 64 66 87 55 59 C8 DF,fuel=100.00
1779899639.230,0x300,8,02 D2 7F CA AD 57 47 21,temp=42.00
1779899639.312,0x100,8,00 79 2B 89 53 9A B8 28,speed=0.00
1779899639.417,0x200,8,A4 64 10 8A 28 15 E5 7D,fuel=100.00
1779899639.498,0x300,8,02 9D 97 AB CD 30 45 0F,temp=42.00
1779899639.600,0x100,8,00 FA 35 04 30 7D 35 34,speed=0.00
1779899639.691,0x200,8,F9 64 7E 99 FD 7E 8E 55,fuel=100.00
1779899639.781,0x300,8,02 36 D9 A8 EC 57 C1 DD,temp=42.00
1779899639.887,0x100,8,00 20 5C 48 A9 B7 D4 BD,speed=0.00
1779899639.963,0x200,8,2F 64 60 61 32 FF 92 42,fuel=100.00
1779899640.068,0x300,8,02 0C 82 A3 D1 68 BA 5B,temp=42.00
1779899640.167,0x100,8,00 77 CE 73 00 D5 B6 E9,speed=0.00
1779899640.264,0x200,8,31 64 62 66 CE 1B 12 67,fuel=100.00
1779899640.350,0x300,8,02 66 50 0A 77 2E 19 76,temp=42.00
1779899640.452,0x100,8,00 D2 36 30 4F 07 4D DF,speed=0.00
1779899640.527,0x200,8,B8 64 BB 25 48 F1 23 13,fuel=100.00
1779899640.639,0x300,8,02 51 0D 1F 00 05 44 1A,temp=42.00
1779899640.717,0x100,8,00 72 C0 08 67 66 3B BB,speed=0.00
1779899640.815,0x200,8,F9 64 13 26 6A 68 24 CC,fuel=100.00
1779899640.906,0x300,8,02 3E 26 7C 08 EB 60 5C,temp=42.00
1779899641.006,0x100,8,00 C2 5A 85 82 2D 90 2F,speed=0.00
1779899641.108,0x200,8,01 64 2B 08 0B 45 B9 16,fuel=100.00
1779899641.187,0x300,8,02 F0 C2 C4 AA B1 2A 01,temp=42.00
1779899641.298,0x100,8,00 02 EF 1D 01 3B 88 52,speed=0.00
1779899641.390,0x200,8,2C 64 5B C0 07 43 28 D0,fuel=100.00
1779899641.473,0x300,8,02 18 7A 98 C2 F2 FC 8E,temp=42.00
1779899641.578,0x100,8,00 59 9C 2B 12 B5 86 F6,speed=0.00
1779899641.669,0x200,8,30 64 70 58 0D 18 54 3A,fuel=100.00
1779899641.773,0x300,8,02 EA 91 9E A9 7F 2D 0F,temp=42.00
1779899641.849,0x100,8,00 86 B4 BC E9 59 06 FC,speed=0.00
1779899641.961,0x200,8,C2 64 14 D5 C0 5E 0F 60,fuel=100.00
1779899642.028,0x300,8,02 AF 28 A0 E2 CE 85 EC,temp=42.00
1779899642.131,0x100,8,00 AF 2B B1 81 EE 99 5A,speed=0.00
1779899642.238,0x200,8,02 64 60 A6 82 30 05 FE,fuel=100.00
1779899642.309,0x300,8,02 0D AA 5D CC E7 FD FD,temp=42.00
1779899642.426,0x100,8,00 18 F3 B0 73 D3 CB 20,speed=0.00
1779899642.517,0x200,8,90 64 B7 4E 4C 36 2D 31,fuel=100.00
1779899642.619,0x300,8,02 A0 5D CB 1B 7C 1F 75,temp=42.00
1779899642.696,0x100,8,00 81 5B 02 1B B2 5E F8,speed=0.00
1779899642.782,0x200,8,48 64 4B C5 DE C3 B0 CB,fuel=100.00
1779899642.897,0x300,8,02 F0 C3 41 D0 15 4C 7D,temp=42.00
1779899642.984,0x100,8,00 72 94 AB 0C 04 95 77,speed=0.00
1779899643.063,0x200,8,E1 64 AB D4 42 97 62 91,fuel=100.00
1779899643.154,0x300,8,02 0E 4C E8 2A 4F A0 E3,temp=42.00
1779899643.250,0x100,8,00 11 72 54 E6 A1 25 29,speed=0.00
1779899643.337,0x200,8,D8 64 59 2B BA 70 A3 FD,fuel=100.00
1779899643.464,0x300,8,02 F0 D3 54 ED FB A6 61,temp=42.00
1779899643.543,0x100,8,00 98 E2 FC A1 C5 87 92,speed=0.00
1779899643.619,0x200,8,3F 64 4A 3A EC 61 7D 38,fuel=100.00
1779899643.740,0x300,8,02 8B 86 83 3C 75 E4 15,temp=42.00
1779899643.806,0x100,8,00 3E 74 9E EC 8B 21 1A,speed=0.00
1779899643.943,0x200,8,CA 64 3A 30 6E 11 79 13,fuel=100.00
1779899644.022,0x300,8,02 B1 D0 07 DE BF A4 85,temp=42.00
1779899644.095,0x100,8,00 FB 18 B2 99 AD 2C 65,speed=0.00
1779899644.193,0x200,8,47 64 8F 93 43 B3 CF 1B,fuel=100.00
1779899644.306,0x300,8,02 00 A8 A4 60 99 5F F7,temp=42.00
1779899644.387,0x100,8,00 FB 88 F4 A6 26 34 53,speed=0.00
1779899644.474,0x200,8,3E 64 99 57 3A 13 C0 B4,fuel=100.00
1779899644.563,0x300,8,02 48 D0 3E E2 D8 12 A9,temp=42.00
1779899644.678,0x100,8,00 2E 2D 52 6E 36 21 9C,speed=0.00
1779899644.765,0x200,8,C4 64 EA 59 11 C4 EC 85,fuel=100.00
1779899644.838,0x300,8,02 E0 C9 16 08 BC 28 D7,temp=42.00
1779899644.935,0x100,8,00 08 F2 83 7F C1 1B CA,speed=0.00
1779899645.030,0x200,8,B5 64 C8 E4 FB 71 09 58,fuel=100.00
1779899645.130,0x300,8,02 3B E7 EC 0E 33 6A 9F,temp=42.00
1779899645.246,0x100,8,00 93 B8 57 2D 54 3E 4D,speed=0.00
1779899645.331,0x200,8,E3 64 35 44 BD C9 29 C4,fuel=100.00
1779899645.418,0x300,8,02 F1 09 AC ED A5 0F C5,temp=42.00
1779899645.506,0x100,8,00 F6 A4 9B 8C 1C 95 BC,speed=0.00
1779899645.608,0x200,8,20 64 90 5E 05 3F D6 8F,fuel=100.00
1779899645.692,0x300,8,02 F3 0D 2C 66 E9 33 BB,temp=42.00
1779899645.774,0x100,8,00 DF 2A 7C F0 6E 06 7C,speed=0.00
1779899645.880,0x200,8,68 64 75 D5 3C 1B CE 68,fuel=100.00
1779899645.963,0x300,8,02 70 AB 8F 25 05 73 2F,temp=42.00
1779899646.076,0x100,8,00 85 33 C3 88 49 7E 5C,speed=0.00
1779899646.164,0x200,8,1D 64 E0 97 13 5B C1 7A,fuel=100.00
1779899646.262,0x300,8,02 22 F7 50 B2 2C 3D 4B,temp=42.00
1779899646.355,0x100,8,00 6A D0 5F 43 47 8B E8,speed=0.00
1779899646.435,0x200,8,0A 64 BA F7 1A 13 A7 B2,fuel=100.00
1779899646.536,0x300,8,02 13 9A F7 DB F4 0A A9,temp=42.00
1779899646.627,0x100,8,00 3D 30 AF 86 28 5E 56,speed=0.00
1779899646.720,0x200,8,1B 64 D8 63 B3 56 81 35,fuel=100.00
1779899646.818,0x300,8,02 1D 90 EB 18 FF 66 7C,temp=42.00
1779899646.929,0x100,8,00 94 B3 F5 96 4B BA A6,speed=0.00
1779899647.018,0x200,8,77 64 37 37 F7 BF 63 A2,fuel=100.00
1779899647.096,0x300,8,02 5C F6 1E 3E 21 E7 B3,temp=42.00
1779899647.210,0x100,8,00 AB 6C 5F 40 89 0E 97,speed=0.00
1779899647.286,0x200,8,F4 64 D4 8B 12 E3 FD 1E,fuel=100.00
1779899647.389,0x300,8,02 73 DD 02 BA 95 99 3E,temp=42.00
1779899647.492,0x100,8,00 ED 6B E6 FB 66 71 A1,speed=0.00
1779899647.566,0x200,8,3C 64 6A 72 6D 6F 74 E5,fuel=100.00
1779899647.706,0x300,8,02 AC 94 A9 0A 28 79 E8,temp=42.00
1779899647.748,0x100,8,00 B9 5F 7E 0E 49 AE B9,speed=0.00
1779899647.867,0x200,8,7B 64 E8 1F 58 AF 92 53,fuel=100.00
1779899647.950,0x300,8,02 FF C3 58 34 DA B6 13,temp=42.00
1779899648.039,0x100,8,00 A5 E7 EF EB 75 7A 05,speed=0.00
1779899648.138,0x200,8,4E 64 8F 68 30 B3 D8 BA,fuel=100.00
1779899648.222,0x300,8,02 A2 DD EF 36 9E A0 5D,temp=42.00
1779899648.338,0x100,8,00 A3 4B 6D AA D4 7E 85,speed=0.00
1779899648.420,0x200,8,CE 64 6C 44 55 69 79 AE,fuel=100.00
1779899648.508,0x300,8,02 DA 32 D7 B9 51 92 F4,temp=42.00
1779899648.633,0x100,8,00 48 08 92 62 5F 8F 81,speed=0.00
1779899648.688,0x200,8,8B 64 53 DF 4F 63 5B 5B,fuel=100.00
1779899648.778,0x300,8,02 E5 39 98 21 2E 1F 8B,temp=42.00
1779899648.877,0x100,8,00 97 B9 21 0F D2 AC 82,speed=0.00
1779899648.986,0x200,8,BB 64 99 76 7C 49 A2 28,fuel=100.00
1779899649.074,0x300,8,02 A4 3E 70 A8 9A 49 EE,temp=42.00
1779899649.155,0x100,8,00 BC 1F A0 46 C8 0E 2E,speed=0.00
1779899649.259,0x200,8,AA 64 A7 76 49 63 B6 FE,fuel=100.00
1779899649.367,0x300,8,02 1C A5 C9 62 D7 D7 21,temp=42.00
1779899649.446,0x100,8,00 23 F4 25 AC 01 BD C1,speed=0.00
1779899649.546,0x200,8,FF 64 9D 0C 91 A7 0F 07,fuel=100.00
1779899649.631,0x300,8,02 55 89 A6 BA BE 2E 24,temp=42.00
1779899649.714,0x100,8,00 20 35 19 34 D8 A7 F4,speed=0.00
1779899649.834,0x200,8,BD 64 84 CA 5F 6D 56 51,fuel=100.00
1779899649.909,0x300,8,02 ED 13 F1 80 E5 3A 29,temp=42.00
1779899650.021,0x100,8,00 B0 23 48 09 07 02 32,speed=0.00
1779899650.094,0x200,8,42 64 20 6A 37 CC 21 27,fuel=100.00
1779899650.207,0x300,8,02 BF 61 B7 AD 4A 7C 9F,temp=42.00
1779899650.286,0x100,8,00 02 1F 1C 81 D7 1E 49,speed=0.00
1779899650.376,0x200,8,A7 64 10 E6 9F 2B E2 DA,fuel=100.00
1779899650.493,0x300,8,02 7B F8 85 5F CA C8 A8,temp=42.00
1779899650.567,0x100,8,00 E6 C8 C1 3F E8 2F EF,speed=0.00
1779899650.656,0x200,8,4D 64 44 9B 65 D0 49 D0,fuel=100.00
1779899650.764,0x300,8,02 5C EF A8 FC 52 BE A6,temp=42.00
1779899650.851,0x100,8,00 11 95 3E 56 BA 55 D1,speed=0.00
1779899650.932,0x200,8,E6 64 74 87 47 51 73 19,fuel=100.00
1779899651.032,0x300,8,02 68 A2 FC D5 98 75 56,temp=42.00
1779899651.130,0x100,8,00 53 79 C4 10 FB 47 73,speed=0.00
1779899651.239,0x200,8,40 64 A0 1C E6 AC 54 54,fuel=100.00
1779899651.319,0x300,8,02 20 59 0F CC 93 91 82,temp=42.00
1779899651.406,0x100,8,00 5F 29 10 7A 31 74 7F,speed=0.00
1779899651.504,0x200,8,85 64 8E 19 94 09 30 25,fuel=100.00
1779899651.593,0x300,8,02 88 7A F0 52 F6 1F 06,temp=42.00
1779899651.688,0x100,8,00 F8 64 4E 41 79 7E D6,speed=0.00
1779899651.777,0x200,8,DA 64 C9 F1 4D 1B 43 2B,fuel=100.00
1779899651.887,0x300,8,02 EA 1D 86 BC 8B 9B 03,temp=42.00
1779899651.973,0x100,8,00 3E 2D CC 8C 73 AF 0D,speed=0.00
1779899652.075,0x200,8,7A 64 F9 19 8E F2 58 EF,fuel=100.00
1779899652.187,0x300,8,02 94 E3 2D 5F A6 E1 62,temp=42.00
1779899652.261,0x100,8,00 2B 36 6B 75 BA 99 55,speed=0.00
1779899652.374,0x200,8,06 64 54 70 B6 F1 88 3F,fuel=100.00
1779899652.446,0x300,8,02 67 3D 3F 0B 99 E0 C2,temp=42.00
1779899652.561,0x100,8,00 AD 5A 78 29 1C D4 E4,speed=0.00
1779899652.634,0x200,8,DC 64 26 C3 8F 07 B4 51,fuel=100.00
1779899652.718,0x300,8,02 50 8B 64 5E 9C 98 12,temp=42.00
1779899652.816,0x100,8,00 5B 88 1F 1E 6A 17 DF,speed=0.00
1779899652.913,0x200,8,B4 64 19 18 CE 4D 94 98,fuel=100.00
1779899653.009,0x300,8,02 94 76 12 71 24 62 46,temp=42.00
1779899653.112,0x100,8,00 97 B6 42 3E 31 56 D3,speed=0.00
1779899653.196,0x200,8,ED 64 57 D8 00 34 F5 B2,fuel=100.00
1779899653.312,0x300,8,02 E2 50 32 39 FF 53 3B,temp=42.00
1779899653.394,0x100,8,00 AB 3C A4 BB 91 A6 F1,speed=0.00
1779899653.476,0x200,8,34 64 F7 B1 CE 79 2D 34,fuel=100.00
1779899653.570,0x300,8,02 A0 4A 67 62 72 34 00,temp=42.00
1779899653.659,0x100,8,00 A9 E5 3F D4 43 5A DE,speed=0.00
1779899653.747,0x200,8,FD 64 8D E9 2C 76 26 A9,fuel=100.00
1779899653.840,0x300,8,02 4A 4A 72 12 53 80 DA,temp=42.00
1779899653.957,0x100,8,00 B5 2B 59 82 23 D6 B9,speed=0.00
1779899654.042,0x200,8,5B 64 DD 2C A4 CC CD 79,fuel=100.00
1779899654.139,0x300,8,02 18 BC 40 B9 EB C7 ED,temp=42.00
1779899654.220,0x100,8,00 90 E4 F0 DB CD E3 DC,speed=0.00
1779899654.316,0x200,8,44 64 67 45 DA 2F AC 04,fuel=100.00
1779899654.422,0x300,8,02 F7 4F E0 97 DF 56 FC,temp=42.00
1779899654.515,0x100,8,00 A4 2C CA 2D AE B4 93,speed=0.00
1779899654.600,0x200,8,87 64 94 23 9F 17 09 9E,fuel=100.00
1779899654.697,0x300,8,02 5B E2 BB B1 BA 56 06,temp=42.00
1779899654.798,0x100,8,00 C5 15 66 54 F4 02 A1,speed=0.00
1779899654.890,0x200,8,67 64 F2 3C 3B D0 AA 67,fuel=100.00
1779899654.986,0x300,8,02 AE D0 A3 AC 1C 63 DC,temp=42.00
1779899655.058,0x100,8,00 7C 17 44 B8 0E 74 BD,speed=0.00
1779899655.166,0x200,8,83 64 61 7A AE F9 12 38,fuel=100.00
1779899655.249,0x300,8,02 AA C7 91 0F D6 EE D2,temp=42.00
1779899655.347,0x100,8,00 D5 E4 FE 68 D7 CA 35,speed=0.00
1779899655.446,0x200,8,74 64 6B 8E 6D A6 EC 37,fuel=100.00
1779899655.541,0x300,8,02 0E 0E 57 7F 88 A8 AA,temp=42.00
1779899655.630,0x100,8,00 78 B0 E4 8C C0 F7 6B,speed=0.00
1779899655.727,0x200,8,30 64 94 32 85 E6 5D 53,fuel=100.00
1779899655.834,0x300,8,02 C1 6B 1D 60 AD 86 8B,temp=42.00
1779899655.919,0x100,8,00 16 B8 D2 DA 6D 3A 7B,speed=0.00
1779899656.022,0x200,8,EF 64 22 1B 55 98 BD 00,fuel=100.00
1779899656.113,0x300,8,02 A3 3B E1 CA 71 03 07,temp=42.00
1779899656.215,0x100,8,00 BB 06 AF 1B BA 6F 6C,speed=0.00
1779899656.299,0x200,8,74 64 44 3D 94 D6 7C CE,fuel=100.00
1779899656.407,0x300,8,02 3D C7 0B 2F B6 DF E6,temp=42.00
1779899656.512,0x100,8,00 E7 36 46 08 A2 3F 14,speed=0.00
1779899656.576,0x200,8,84 64 8E 37 B7 A9 DB 85,fuel=100.00
1779899656.676,0x300,8,02 18 DE 3D 0E BF B1 61,temp=42.00
1779899656.792,0x100,8,00 82 8B F2 3F 25 3F 47,speed=0.00
1779899656.866,0x200,8,C4 64 1D 3E 5C 5B 69 FB,fuel=100.00
1779899656.980,0x300,8,02 FC 62 33 2A 2A 26 4F,temp=42.00
1779899657.046,0x100,8,00 BE AC AA 0D 7F 7A FD,speed=0.00
1779899657.151,0x200,8,81 64 DE FF A6 4D 5F 64,fuel=100.00
1779899657.240,0x300,8,02 BF D7 B8 CC 61 1D 8F,temp=42.00
1779899657.349,0x100,8,00 42 B8 19 ED 94 F9 AC,speed=0.00
1779899657.428,0x200,8,22 64 2F D2 15 C7 C2 7E,fuel=100.00
1779899657.517,0x300,8,02 3E 99 F9 D6 A3 43 11,temp=42.00
1779899657.611,0x100,8,00 D8 0F 48 68 10 12 D9,speed=0.00
1779899657.703,0x200,8,FB 64 93 EE AF B2 75 C5,fuel=100.00
1779899657.795,0x300,8,02 F8 CA 6F 23 5E B3 F7,temp=42.00
1779899657.924,0x100,8,00 67 CE D9 29 ED 3B 43,speed=0.00
1779899657.983,0x200,8,DF 64 BF 4C 9D 2F 09 A5,fuel=100.00
1779899658.075,0x300,8,02 DB 35 48 6E 71 7E C0,temp=42.00
1779899658.174,0x100,8,00 60 C9 34 CF 6F 48 49,speed=0.00
1779899658.271,0x200,8,C8 64 C2 20 A4 8E 7D 4B,fuel=100.00
1779899658.359,0x300,8,02 C5 17 C3 73 7A FC 4B,temp=42.00
1779899658.460,0x100,8,00 B3 7D B9 0B 5B 97 FA,speed=0.00
1779899658.557,0x200,8,D4 64 13 FE 96 6A EF 24,fuel=100.00
1779899658.640,0x300,8,02 05 48 0C 11 A0 6A 34,temp=42.00
1779899658.741,0x100,8,00 93 8D D6 87 18 0E E6,speed=0.00
1779899658.835,0x200,8,63 64 F1 3D 88 49 2C 82,fuel=100.00
1779899658.938,0x300,8,02 0D 47 59 DE B0 8E 95,temp=42.00
1779899659.017,0x100,8,00 FE 3A 90 F0 60 10 65,speed=0.00
1779899659.105,0x200,8,C6 64 79 94 E5 F7 E9 3C,fuel=100.00
1779899659.230,0x300,8,02 86 51 E4 86 5E 03 C9,temp=42.00
1779899659.344,0x100,8,00 DC 73 1A CB 7B 69 24,speed=0.00
1779899659.405,0x200,8,2E 64 96 08 6A FA 58 01,fuel=100.00
1779899659.480,0x300,8,02 18 3C 92 43 46 24 FA,temp=42.00
1779899659.582,0x100,8,00 8F 47 6E 25 20 BC 3C,speed=0.00
1779899659.699,0x200,8,0D 64 1B 39 25 4E D3 25,fuel=100.00
1779899659.802,0x300,8,02 63 2A BF 84 42 AA FF,temp=42.00
1779899659.867,0x100,8,00 15 47 10 F9 BC 91 51,speed=0.00
1779899659.953,0x200,8,AE 64 E8 C4 B9 F8 60 11,fuel=100.00
1779899660.058,0x300,8,02 33 8B 9A 00 A8 03 4A,temp=42.00
1779899660.141,0x100,8,00 81 57 19 0A B7 F4 7F,speed=0.00
1779899660.256,0x200,8,78 64 10 73 A8 74 AF 65,fuel=100.00
1779899660.351,0x300,8,02 9C E4 2C 45 D9 B4 35,temp=42.00
1779899660.422,0x100,8,00 E4 01 05 44 BE 7B 44,speed=0.00
1779899660.537,0x200,8,3D 64 C2 DE 62 09 5D 82,fuel=100.00
1779899660.626,0x300,8,02 98 7A 7E 11 15 2A 2B,temp=42.00
1779899660.721,0x100,8,00 85 40 5A 77 B1 16 13,speed=0.00
1779899660.830,0x200,8,36 64 4F B4 1A BA E7 DC,fuel=100.00
1779899660.901,0x300,8,02 4C 87 1C BA D7 A9 44,temp=42.00
1779899660.997,0x100,8,00 25 16 50 4A 84 E7 1D,speed=0.00
1779899661.101,0x200,8,75 64 4B FA EF 7D 73 DB,fuel=100.00
1779899661.180,0x300,8,02 50 0D 70 82 93 9C 59,temp=42.00
1779899661.277,0x100,8,00 D6 F9 EB 89 0F A0 D8,speed=0.00
1779899661.392,0x200,8,63 64 41 DC EE A9 C0 A6,fuel=100.00
1779899661.474,0x300,8,02 B4 CB 44 52 1A F8 FE,temp=42.00
1779899661.604,0x100,8,00 FA C7 63 06 8A 3D C5,speed=0.00
1779899661.673,0x200,8,1E 64 32 43 45 27 4E 72,fuel=100.00
1779899661.757,0x300,8,02 6D 19 D3 6F CB 04 0D,temp=42.00
1779899661.842,0x100,8,00 C6 FA FD B5 D1 0A 25,speed=0.00
1779899661.934,0x200,8,FE 64 34 42 72 E1 22 ED,fuel=100.00
1779899662.026,0x300,8,02 55 87 13 8C 2B 78 EC,temp=42.00
1779899662.127,0x100,8,00 9E 73 60 57 AB 9E 82,speed=0.00
1779899662.220,0x200,8,6D 64 14 8D E3 7F 4B 5D,fuel=100.00
1779899662.320,0x300,8,02 D9 7F 84 A8 64 B0 4F,temp=42.00
1779899662.425,0x100,8,00 49 5B 20 41 41 E7 C3,speed=0.00
1779899662.506,0x200,8,7C 64 CD 59 AE 79 35 76,fuel=100.00
1779899662.622,0x300,8,02 D6 E3 A9 CD 4B 5A D5,temp=42.00
1779899662.691,0x100,8,00 B9 DC AA 52 79 5B 23,speed=0.00
1779899662.799,0x200,8,3D 64 29 71 D2 EC 11 A4,fuel=100.00
1779899662.884,0x300,8,02 40 8A 56 D7 DF A6 D7,temp=42.00
1779899662.985,0x100,8,00 F7 23 5D 0E 1A 45 9E,speed=0.00
1779899663.058,0x200,8,D2 64 4A 44 D2 FA D9 DC,fuel=100.00
1779899663.153,0x300,8,02 23 A4 D5 2D A2 D0 84,temp=42.00
1779899663.251,0x100,8,00 18 3C 4B AE D8 A8 1A,speed=0.00
1779899663.346,0x200,8,3D 64 CE AF 08 26 D5 04,fuel=100.00
1779899663.439,0x300,8,02 0A 1D 29 EF 49 6C 76,temp=42.00
1779899663.532,0x100,8,00 B4 70 9E A3 FA 34 27,speed=0.00
1779899663.632,0x200,8,DB 64 EB 7D BC 43 CF EF,fuel=100.00
1779899663.724,0x300,8,02 3B 34 EB E7 93 26 7F,temp=42.00
1779899663.819,0x100,8,00 1D C5 7F 7B F4 2A 54,speed=0.00
1779899663.913,0x200,8,5B 64 2A F1 DF 39 F9 97,fuel=100.00
1779899664.004,0x300,8,02 09 B2 1F 6C 21 03 DC,temp=42.00
1779899664.096,0x100,8,00 CA 18 AA 84 E4 F5 75,speed=0.00
1779899664.194,0x200,8,1D 64 91 52 53 19 11 44,fuel=100.00
1779899664.303,0x300,8,02 FC 06 10 A4 33 1C 67,temp=42.00
1779899664.383,0x100,8,00 4A 90 F1 C9 B1 6E E0,speed=0.00
1779899664.474,0x200,8,EB 64 66 7E 65 04 09 B5,fuel=100.00
1779899664.577,0x300,8,02 32 C2 41 A3 2C 4A B1,temp=42.00
1779899664.663,0x100,8,00 44 C8 A3 9E 77 88 7C,speed=0.00
1779899664.760,0x200,8,AA 64 D5 A4 23 92 7E 02,fuel=100.00
1779899664.882,0x300,8,02 B2 26 90 37 55 11 E5,temp=42.00
1779899664.947,0x100,8,00 87 34 35 5C 35 68 49,speed=0.00
1779899665.040,0x200,8,85 64 99 D3 DB 95 79 53,fuel=100.00
1779899665.137,0x300,8,02 F1 F5 6B AF C5 72 72,temp=42.00
1779899665.231,0x100,8,00 B4 EE D3 C7 63 5E 2C,speed=0.00
1779899665.341,0x200,8,EC 64 21 85 30 55 80 7D,fuel=100.00
1779899665.433,0x300,8,02 D5 4E FB EF B3 7A A2,temp=42.00
1779899665.513,0x100,8,00 02 0D EF 3D D5 23 B4,speed=0.00
1779899665.608,0x200,8,95 64 E5 D4 5A 25 F2 15,fuel=100.00
1779899665.729,0x300,8,02 0C 29 8D E8 9D 14 99,temp=42.00
1779899665.816,0x100,8,00 37 F0 B9 29 DC 92 F8,speed=0.00
1779899665.910,0x200,8,B8 64 03 B5 25 87 70 76,fuel=100.00
1779899665.984,0x300,8,02 14 DF F2 0B 2B B3 58,temp=42.00
1779899666.085,0x100,8,00 6F 9C BC 83 62 32 E2,speed=0.00
1779899666.168,0x200,8,61 64 F5 83 CF 99 A2 7B,fuel=100.00
1779899666.267,0x300,8,02 15 C8 C8 85 1F 42 3B,temp=42.00
1779899666.372,0x100,8,00 DC 47 29 F6 04 3B 86,speed=0.00
1779899666.471,0x200,8,ED 64 DC C7 64 D1 03 15,fuel=100.00
1779899666.560,0x300,8,02 93 B9 5B 14 34 27 C5,temp=42.00
1779899666.650,0x100,8,00 8F 04 2A E3 A9 46 8D,speed=0.00
1779899666.735,0x200,8,9B 64 68 28 05 1C 90 5A,fuel=100.00
1779899666.846,0x300,8,02 BF B9 CC D3 89 71 E6,temp=42.00
1779899666.927,0x100,8,00 D7 B1 9F DA 16 E3 52,speed=0.00
1779899667.030,0x200,8,2D 64 97 3B DF C1 09 89,fuel=100.00
1779899667.120,0x300,8,02 FA D2 B7 92 E6 D2 96,temp=42.00
1779899667.203,0x100,8,00 FF 77 FC D2 4F 5F EF,speed=0.00
1779899667.320,0x200,8,CE 64 DA 52 6F 04 C1 9C,fuel=100.00
1779899667.410,0x300,8,02 1B 7F 6D 41 BA F0 BD,temp=42.00
1779899667.489,0x100,8,00 7C 00 78 60 6E 22 BF,speed=0.00
1779899667.584,0x200,8,56 64 D5 70 11 DC A6 23,fuel=100.00
1779899667.678,0x300,8,02 38 10 A6 8F 80 43 63,temp=42.00
1779899667.764,0x100,8,00 FE 6A 6D AB A0 91 73,speed=0.00
1779899667.867,0x200,8,AC 64 56 1D 8C B6 26 E1,fuel=100.00
1779899667.960,0x300,8,02 BA 10 30 35 B9 11 01,temp=42.00
1779899668.042,0x100,8,00 3C EB B1 CE 76 01 3C,speed=0.00
1779899668.164,0x200,8,87 64 1C 4F D2 8D 57 4E,fuel=100.00
1779899668.240,0x300,8,02 31 F5 46 25 5A 12 A6,temp=42.00
1779899668.347,0x100,8,00 4E 49 09 2E 43 49 14,speed=0.00
1779899668.417,0x200,8,8D 64 92 91 E3 46 05 40,fuel=100.00
1779899668.519,0x300,8,02 C0 B5 58 BA EB 70 64,temp=42.00
1779899668.603,0x100,8,00 13 68 38 DF 56 72 A0,speed=0.00
1779899668.709,0x200,8,2C 64 51 69 41 F9 CA 76,fuel=100.00
1779899668.807,0x300,8,02 3D 7E E6 FC 99 B8 B7,temp=42.00
1779899668.899,0x100,8,00 1C 5D 9F E8 64 8C 34,speed=0.00
1779899669.006,0x200,8,16 64 55 F2 92 CC 85 C7,fuel=100.00
1779899669.083,0x300,8,02 4E 14 89 55 F1 86 FF,temp=42.00
1779899669.172,0x100,8,00 B0 89 F9 5F C2 C6 8D,speed=0.00
1779899669.279,0x200,8,40 64 D3 96 5C 3C 20 3B,fuel=100.00
1779899669.386,0x300,8,02 37 30 EB A0 C2 70 AA,temp=42.00
1779899669.465,0x100,8,00 55 21 3E 5D B6 77 94,speed=0.00
1779899669.551,0x200,8,02 64 7F 78 7A AA 98 AF,fuel=100.00
1779899669.651,0x300,8,02 B2 9D DF 14 3F 8C DC,temp=42.00
1779899669.742,0x100,8,00 E4 CA 69 E1 71 6A DA,speed=0.00
1779899669.843,0x200,8,26 64 8C 0C 91 E0 C1 94,fuel=100.00
1779899669.920,0x300,8,02 4D 3D CA C3 0C 30 7B,temp=42.00
1779899670.020,0x100,8,00 8A B7 96 27 9F B0 AC,speed=0.00
1779899670.114,0x200,8,AF 64 D5 FA 96 6F D7 13,fuel=100.00
1779899670.216,0x300,8,02 87 98 80 4D 2E 42 25,temp=42.00
1779899670.297,0x100,8,00 2A 90 C0 C2 E8 0C B2,speed=0.00
1779899670.402,0x200,8,98 64 00 5E 37 54 A0 9F,fuel=100.00
1779899670.485,0x300,8,02 86 93 A5 0E 56 36 FC,temp=42.00
1779899670.580,0x100,8,00 2B 91 79 0F 82 FF AD,speed=0.00
1779899670.671,0x200,8,F2 64 DB 03 15 CB 20 95,fuel=100.00
1779899670.770,0x300,8,02 32 50 84 8C 8B EA 87,temp=42.00
1779899670.892,0x100,8,00 B7 33 CC 92 92 6E FC,speed=0.00
1779899670.946,0x200,8,2A 64 1F 54 76 F6 B1 3B,fuel=100.00
1779899671.056,0x300,8,02 E2 F4 E7 A8 D9 E3 E1,temp=42.00
1779899671.163,0x100,8,00 4C 0C 76 18 ED 1F 1F,speed=0.00
1779899671.237,0x200,8,BB 64 A8 B8 AD 18 B6 8D,fuel=100.00
1779899671.356,0x300,8,02 03 70 36 FB FC 99 2F,temp=42.00
1779899671.436,0x100,8,00 71 67 65 D3 F5 BD 17,speed=0.00
1779899671.522,0x200,8,33 64 62 C2 3C FD 7B C0,fuel=100.00
1779899671.629,0x300,8,02 5B B9 89 9C 9A 4A 32,temp=42.00
1779899671.704,0x100,8,00 3D 88 9E CF 37 6D 66,speed=0.00
1779899671.804,0x200,8,3F 64 15 F6 7E A4 AA 18,fuel=100.00
1779899671.883,0x300,8,02 6B 77 7C B0 8D BB 28,temp=42.00
1779899671.990,0x100,8,00 F3 74 99 23 92 7D 31,speed=0.00
1779899672.087,0x200,8,61 64 C9 A7 98 14 37 C2,fuel=100.00
1779899672.170,0x300,8,02 65 B6 ED 6F 47 60 AB,temp=42.00
1779899672.274,0x100,8,00 81 CD CB 6D 89 13 A2,speed=0.00
1779899672.358,0x200,8,96 64 B7 6D 73 16 16 2B,fuel=100.00
1779899672.448,0x300,8,02 D7 07 C1 AF 6B F3 FC,temp=42.00
1779899672.560,0x100,8,00 B8 F9 A0 14 AE 90 63,speed=0.00
1779899672.646,0x200,8,24 64 9B 61 43 1F 4F A1,fuel=100.00
1779899672.747,0x300,8,02 B8 C2 50 A9 B4 D8 2D,temp=42.00
1779899672.833,0x100,8,00 34 33 0C C1 8B 66 34,speed=0.00
1779899672.942,0x200,8,1C 64 2A C7 BD BB 0A 7E,fuel=100.00
1779899673.020,0x300,8,02 63 42 2B 09 C5 5D 8C,temp=42.00
1779899673.113,0x100,8,00 37 33 73 2B C2 94 48,speed=0.00
1779899673.208,0x200,8,0A 64 CA 31 58 96 7C F7,fuel=100.00
1779899673.293,0x300,8,02 78 E4 49 2B 50 B1 1B,temp=42.00
1779899673.387,0x100,8,00 2E 22 EF 1F 69 CA 99,speed=0.00
1779899673.483,0x200,8,37 64 65 A3 54 2D 3A CA,fuel=100.00
1779899673.589,0x300,8,02 EB A2 88 7B CB 1C A1,temp=42.00
1779899673.675,0x100,8,00 22 E9 8E 60 8B 3C C3,speed=0.00
1779899673.808,0x200,8,76 64 B3 1B 03 15 09 D2,fuel=100.00
1779899673.862,0x300,8,02 BB 44 5C D2 9E BA 69,temp=42.00
1779899673.950,0x100,8,00 D6 A7 C2 EB 3C 6E A9,speed=0.00
1779899674.044,0x200,8,E7 64 F0 2F 68 88 C5 B2,fuel=100.00
1779899674.149,0x300,8,02 2E FF 66 43 63 7C 00,temp=42.00
1779899674.227,0x100,8,00 59 76 3A 38 EB C6 A1,speed=0.00
1779899674.348,0x200,8,E7 64 FD CA 9C 0B F7 B8,fuel=100.00
1779899674.426,0x300,8,02 66 15 B1 1C 34 62 95,temp=42.00
1779899674.517,0x100,8,00 F5 60 76 34 08 F2 7E,speed=0.00
1779899674.625,0x200,8,F7 64 5A 52 A1 54 A6 99,fuel=100.00
1779899674.708,0x300,8,02 E2 50 13 7A D0 46 66,temp=42.00
1779899674.801,0x100,8,00 8B CF 94 BB 0B 21 FD,speed=0.00
1779899674.901,0x200,8,D2 64 BB 79 21 12 BF 38,fuel=100.00
1779899674.992,0x300,8,02 FF 64 6C FD 60 9E 3F,temp=42.00
1779899675.085,0x100,8,00 D4 28 1E 85 4E 5A 25,speed=0.00
1779899675.184,0x200,8,B7 64 C0 D1 C5 43 30 40,fuel=100.00
1779899675.290,0x300,8,02 D1 0E AA BF 3A A2 AD,temp=42.00
1779899675.363,0x100,8,00 FE 1A 47 C6 11 10 80,speed=0.00
1779899675.456,0x200,8,1E 64 89 BE 2B 66 6F 15,fuel=100.00
1779899675.560,0x300,8,02 78 FC 1F E3 88 AA DE,temp=42.00
1779899675.680,0x100,8,00 28 2B 49 5C FB C6 DE,speed=0.00
1779899675.739,0x200,8,8F 64 E8 E7 0D 55 E0 0E,fuel=100.00
1779899675.831,0x300,8,02 D9 F8 68 41 CA C2 55,temp=42.00
1779899675.917,0x100,8,00 44 58 F4 09 56 5B 29,speed=0.00
1779899676.025,0x200,8,8F 64 4D 31 01 55 0F 9E,fuel=100.00
1779899676.106,0x300,8,02 B0 AD 82 65 43 DC 94,temp=42.00
1779899676.224,0x100,8,00 CC 42 1B 52 54 B6 E5,speed=0.00
1779899676.298,0x200,8,C9 64 D9 CD A9 F5 06 6D,fuel=100.00
1779899676.399,0x300,8,02 54 62 00 6F 88 19 1B,temp=42.00
1779899676.515,0x100,8,00 56 BA 82 DB 08 F5 17,speed=0.00
1779899676.590,0x200,8,5F 64 58 9C CF 0E 2C DC,fuel=100.00
1779899676.674,0x300,8,02 7E 0F 56 D8 BE A6 45,temp=42.00
1779899676.768,0x100,8,00 AC AF 03 85 EE 68 0A,speed=0.00
1779899676.878,0x200,8,A4 64 6C 62 05 89 5E 94,fuel=100.00
1779899676.964,0x300,8,02 BA 6D AF 8B 6E 14 45,temp=42.00
1779899677.049,0x100,8,00 EC BC 9D 88 12 E4 7E,speed=0.00
1779899677.139,0x200,8,94 64 5B 7F 28 BD 14 E3,fuel=100.00
1779899677.236,0x300,8,02 50 2F 8F AD 02 D3 64,temp=42.00
1779899677.356,0x100,8,00 CD B3 77 6E DD 6C 6D,speed=0.00
1779899677.436,0x200,8,22 64 47 E2 4D 46 97 A9,fuel=100.00
1779899677.512,0x300,8,02 78 19 1F 06 7A AA 44,temp=42.00
1779899677.611,0x100,8,00 94 28 BF 49 ED 1B 66,speed=0.00
1779899677.721,0x200,8,9E 64 71 E6 98 DF 22 22,fuel=100.00
1779899677.823,0x300,8,02 0E 36 00 73 25 E6 EF,temp=42.00
1779899677.912,0x100,8,00 5D 5E E4 17 4E D8 1F,speed=0.00
1779899677.985,0x200,8,3C 64 C1 15 65 D5 E1 9B,fuel=100.00
1779899678.097,0x300,8,02 0C BE F7 F9 A4 04 B2,temp=42.00
1779899678.173,0x100,8,00 B1 EA F9 B4 3F 51 93,speed=0.00
1779899678.261,0x200,8,D9 64 FC EF 20 D0 89 F4,fuel=100.00
1779899678.366,0x300,8,02 A5 09 CB 79 E3 EF F6,temp=42.00
1779899678.467,0x100,8,00 DF 33 24 55 E6 9D 84,speed=0.00
1779899678.568,0x200,8,58 64 71 06 50 93 D8 F6,fuel=100.00
1779899678.669,0x300,8,02 2F D0 2B 39 6B E5 01,temp=42.00
1779899678.773,0x100,8,00 4F 0C 37 E3 83 FE A5,speed=0.00
1779899678.897,0x200,8,EB 64 58 5A 4A 5A 92 7E,fuel=100.00
1779899678.946,0x300,8,02 1A 4B 6D ED C9 AD 8D,temp=42.00
1779899679.065,0x100,8,00 42 73 46 E9 D4 33 80,speed=0.00
1779899679.146,0x200,8,54 64 B6 55 2E 5D C7 16,fuel=100.00
1779899679.231,0x300,8,02 E0 43 FE 25 04 B7 BA,temp=42.00
1779899679.320,0x100,8,00 A6 20 12 92 57 0F CF,speed=0.00
1779899679.408,0x200,8,F7 64 5D 51 01 33 8A 04,fuel=100.00
1779899679.495,0x300,8,02 F8 BC 62 8F 8A 4A 8B,temp=42.00
1779899679.604,0x100,8,00 D4 CF CE 83 12 5C A0,speed=0.00
1779899679.698,0x200,8,4B 64 C4 AB 9D 31 6A DE,fuel=100.00
1779899679.806,0x300,8,02 78 E1 95 35 36 1F AE,temp=42.00
1779899679.885,0x100,8,00 9B 0F FF 51 BD 88 F2,speed=0.00
1779899679.968,0x200,8,45 64 A3 20 75 85 AD 0F,fuel=100.00
1779899680.067,0x300,8,02 D7 DD BB 50 A2 EE E2,temp=42.00
1779899680.179,0x100,8,00 3E 8E 2B 4E CA CF A6,speed=0.00
1779899680.260,0x200,8,D9 64 6F 55 39 65 B7 83,fuel=100.00
1779899680.350,0x300,8,02 A8 CC CC 9F CC FA 01,temp=42.00
1779899680.434,0x100,8,00 E9 EF B6 5A 58 1F 59,speed=0.00
1779899680.575,0x200,8,F4 64 C5 98 E5 3B DB CC,fuel=100.00
1779899680.629,0x300,8,02 B9 B0 67 B2 7F 15 21,temp=42.00
1779899680.729,0x100,8,00 4F 74 BA 8D 7F 3F 95,speed=0.00
1779899680.835,0x200,8,2B 64 43 98 2A 5E BC 0D,fuel=100.00
1779899680.911,0x300,8,02 E2 57 85 20 6B 17 E1,temp=42.00
1779899681.007,0x100,8,00 B4 E9 3C FD 87 12 E0,speed=0.00
1779899681.102,0x200,8,F6 64 5B CD 15 25 D5 C0,fuel=100.00
1779899681.193,0x300,8,02 AE 01 8F 4C 01 5D C6,temp=42.00
1779899681.284,0x100,8,00 13 6F E6 1D FB A4 8B,speed=0.00
1779899681.386,0x200,8,4F 64 D7 02 DC E8 C8 8A,fuel=100.00
1779899681.469,0x300,8,02 B0 F5 F9 CC 3C 07 B9,temp=42.00
1779899681.558,0x100,8,00 B1 AE 28 1B CA CC 41,speed=0.00
1779899681.661,0x200,8,93 64 A8 80 05 E7 A2 80,fuel=100.00
1779899681.767,0x300,8,02 1F F7 66 60 79 4D F4,temp=42.00
1779899681.841,0x100,8,00 DD 90 87 75 8F 43 6F,speed=0.00
1779899681.941,0x200,8,3B 64 48 CA B7 0A F4 61,fuel=100.00
1779899682.056,0x300,8,02 B9 83 97 4E 83 66 BE,temp=42.00
1779899682.142,0x100,8,00 D6 D5 4C 34 C5 13 77,speed=0.00
1779899682.223,0x200,8,6C 64 D6 69 5E DB 36 78,fuel=100.00
1779899682.328,0x300,8,02 12 00 17 C0 03 3E A9,temp=42.00
1779899682.403,0x100,8,00 34 2F 15 1E 5F 3C 9D,speed=0.00
1779899682.531,0x200,8,4E 64 FC 52 18 09 0F B9,fuel=100.00
1779899682.617,0x300,8,02 DA 1F 23 3E 5D 4D A1,temp=42.00
1779899682.684,0x100,8,00 AF 71 8B 9E 72 E0 2E,speed=0.00
1779899682.777,0x200,8,DE 64 3E 35 09 CB B6 0F,fuel=100.00
1779899682.881,0x300,8,02 B0 83 D0 E7 5B 5A 7F,temp=42.00
1779899682.973,0x100,8,00 BA F7 D9 0B 36 1C 8D,speed=0.00
1779899683.081,0x200,8,B8 64 B4 C0 14 5B 0B AA,fuel=100.00
1779899683.172,0x300,8,02 48 0D 90 B2 C4 51 64,temp=42.00
1779899683.263,0x100,8,00 7A B8 6A 26 4F BE 0C,speed=0.00
1779899683.337,0x200,8,5C 64 0F F9 81 DE 18 1C,fuel=100.00
1779899683.440,0x300,8,02 F5 4C A5 F1 BF CE CB,temp=42.00
1779899683.529,0x100,8,00 6B 06 60 A4 75 AA BE,speed=0.00
1779899683.632,0x200,8,CB 64 19 B5 C0 02 C5 D3,fuel=100.00
1779899683.736,0x300,8,02 19 85 EE 36 45 25 8A,temp=42.00
1779899683.812,0x100,8,00 E6 AB 6B DE 82 4D 8D,speed=0.00
1779899683.922,0x200,8,23 64 BF BC 08 93 08 1F,fuel=100.00
1779899684.024,0x300,8,02 B2 0D 54 D9 9B 65 DD,temp=42.00
1779899684.099,0x100,8,00 DC 23 7D 89 B4 13 10,speed=0.00
1779899684.195,0x200,8,63 64 72 B5 02 BB 94 18,fuel=100.00
1779899684.281,0x300,8,02 1C D3 58 36 99 06 3D,temp=42.00
1779899684.379,0x100,8,00 AA 2B 17 A3 FA 8C EA,speed=0.00
1779899684.479,0x200,8,99 64 99 F8 4F 6A E8 76,fuel=100.00
1779899684.564,0x300,8,02 27 2C EF DD B5 AE 86,temp=42.00
1779899684.653,0x100,8,00 23 B6 12 3D 81 2F A0,speed=0.00
1779899684.744,0x200,8,84 64 EB D6 B0 E6 0E CA,fuel=100.00
1779899684.847,0x300,8,02 30 E5 7F A9 5C 56 3C,temp=42.00
1779899684.936,0x100,8,00 29 45 7B 26 66 70 06,speed=0.00
1779899685.032,0x200,8,51 64 C9 06 0B 92 22 9F,fuel=100.00
1779899685.130,0x300,8,02 BE 5B 20 2F B2 7E 07,temp=42.00
1779899685.225,0x100,8,00 0C CF DE 2C 30 BD 7E,speed=0.00
1779899685.316,0x200,8,7E 64 F1 0E EF 2D 19 27,fuel=100.00
1779899685.442,0x300,8,02 50 34 EE 9D 5B A8 F3,temp=42.00
1779899685.505,0x100,8,00 58 9A 85 1E 28 1A 29,speed=0.00
1779899685.609,0x200,8,9C 64 F9 FD 50 65 60 6B,fuel=100.00
1779899685.689,0x300,8,02 96 45 76 1C 24 9B AD,temp=42.00
1779899685.778,0x100,8,00 7E 84 46 5E 40 A3 0D,speed=0.00
1779899685.878,0x200,8,55 64 E7 18 02 48 8D 71,fuel=100.00
1779899685.980,0x300,8,02 5A 75 EF 9F 93 E3 8C,temp=42.00
1779899686.091,0x100,8,00 72 35 92 4B 31 54 5F,speed=0.00
1779899686.164,0x200,8,45 64 9F 10 AD F0 F8 61,fuel=100.00
1779899686.254,0x300,8,02 31 E5 68 42 41 4B 21,temp=42.00
1779899686.340,0x100,8,00 DF EC 82 E8 AC 45 76,speed=0.00
1779899686.448,0x200,8,9C 64 CB 3B AB AC 74 37,fuel=100.00
1779899686.531,0x300,8,02 3D DF C8 17 B3 54 5E,temp=42.00
1779899686.629,0x100,8,00 66 63 BB 30 CF CA 9C,speed=0.00
1779899686.715,0x200,8,C6 64 B9 95 83 3B 00 54,fuel=100.00
1779899686.807,0x300,8,02 62 2D 0C B1 B1 8D EE,temp=42.00
1779899686.905,0x100,8,00 56 EB 1F 16 9C 2F 20,speed=0.00
1779899687.006,0x200,8,1E 64 75 0F 9C 14 1D 44,fuel=100.00
1779899687.106,0x300,8,02 35 61 C7 DD 90 A6 31,temp=42.00
1779899687.203,0x100,8,00 5E 38 7E 50 E2 10 BD,speed=0.00
1779899687.296,0x200,8,60 64 CD 91 DC 95 52 91,fuel=100.00
1779899687.414,0x300,8,02 EC 8F B1 E9 55 F7 42,temp=42.00
1779899687.491,0x100,8,00 8B 0A CD 9F 17 AA 8A,speed=0.00
1779899687.585,0x200,8,96 64 08 6A AF F5 33 DF,fuel=100.00
1779899687.677,0x300,8,02 14 CC 58 71 F9 4D FB,temp=42.00
1779899687.776,0x100,8,00 76 44 48 29 C1 DB 69,speed=0.00
1779899687.866,0x200,8,61 64 9E A3 E9 8A 6B 41,fuel=100.00
1779899687.950,0x300,8,02 F8 3B 6D A4 35 7F 6F,temp=42.00
1779899688.059,0x100,8,00 EB 9D 20 75 0B 23 AF,speed=0.00
1779899688.146,0x200,8,44 64 35 46 8B 11 26 39,fuel=100.00
1779899688.242,0x300,8,02 43 B0 E1 B1 48 E5 6C,temp=42.00
1779899688.323,0x100,8,00 8E B2 D1 01 A4 1B 69,speed=0.00
1779899688.416,0x200,8,11 64 F5 30 B9 B7 F5 A3,fuel=100.00
1779899688.528,0x300,8,02 02 7F 71 70 33 D8 00,temp=42.00
1779899688.619,0x100,8,00 03 AF 70 FC 0C 96 34,speed=0.00
1779899688.709,0x200,8,E3 64 8E 7E DC 92 2A 3B,fuel=100.00
1779899688.795,0x300,8,02 5D C1 44 E4 39 78 B5,temp=42.00
1779899688.896,0x100,8,00 17 A0 46 4A 11 37 BB,speed=0.00
1779899688.993,0x200,8,95 64 2A 70 BA B9 A3 74,fuel=100.00
1779899689.095,0x300,8,02 3A D0 C6 61 7D 3A A3,temp=42.00
1779899689.181,0x100,8,00 95 3C 49 2B 73 22 11,speed=0.00
1779899689.291,0x200,8,6D 64 14 68 13 8F 78 89,fuel=100.00
1779899689.363,0x300,8,02 9D B1 99 10 34 9E 15,temp=42.00
1779899689.452,0x100,8,00 AB B1 E8 5E AF DC B5,speed=0.00
1779899689.542,0x200,8,EC 64 A0 AC 5B C3 56 3E,fuel=100.00
1779899689.667,0x300,8,02 E8 6E 91 F5 DB 8B 44,temp=42.00
1779899689.757,0x100,8,00 B9 FE 51 2B 28 95 6B,speed=0.00
1779899689.833,0x200,8,8F 64 34 72 0D AD 8F 10,fuel=100.00
1779899689.920,0x300,8,02 33 19 0F CB 93 9B 65,temp=42.00
1779899690.036,0x100,8,00 D3 6C 60 76 3D 34 1E,speed=0.00
1779899690.117,0x200,8,72 64 0E 70 C7 7B 3A 8A,fuel=100.00
1779899690.202,0x300,8,02 1B 95 6D 66 5E 5C 2B,temp=42.00
1779899690.301,0x100,8,00 12 57 EE 3B 0D 45 F9,speed=0.00
1779899690.390,0x200,8,D6 64 DD FA 38 8A F4 D0,fuel=100.00
1779899690.490,0x300,8,02 3E D3 BD B3 31 36 10,temp=42.00
1779899690.577,0x100,8,00 62 C0 AE C8 8D 6E A7,speed=0.00
1779899690.694,0x200,8,80 64 88 89 CC C7 3B 24,fuel=100.00
1779899690.767,0x300,8,02 18 77 13 DF 4A B5 6B,temp=42.00
1779899690.881,0x100,8,00 33 05 E8 6E AD BE 7D,speed=0.00
1779899690.966,0x200,8,71 64 1B C6 BA 71 15 C1,fuel=100.00
1779899691.057,0x300,8,02 5E F1 7C 17 AB 0D 22,temp=42.00
1779899691.161,0x100,8,00 AE 20 E9 9F 9F 86 47,speed=0.00
1779899691.269,0x200,8,F4 64 0F 3B A0 86 58 88,fuel=100.00
1779899691.363,0x300,8,02 A3 52 29 23 61 A4 4C,temp=42.00
1779899691.447,0x100,8,00 5C 92 B9 EC 3B 01 02,speed=0.00
1779899691.538,0x200,8,51 64 18 BD 09 36 C6 79,fuel=100.00
1779899691.638,0x300,8,02 E4 59 64 7D EE 6A E6,temp=42.00
1779899691.733,0x100,8,00 FE 68 90 F7 15 A6 93,speed=0.00
1779899691.806,0x200,8,EF 64 39 A4 2C 48 D7 FA,fuel=100.00
1779899691.925,0x300,8,02 16 0A 5D E8 2C 0F 6C,temp=42.00
1779899691.998,0x100,8,00 92 C6 25 A5 9F AD A6,speed=0.00
1779899692.098,0x200,8,B4 64 A4 E3 EE 3E 3C 08,fuel=100.00
1779899692.191,0x300,8,02 08 CC B8 2A 8B 34 DE,temp=42.00
1779899692.311,0x100,8,00 8D 55 04 EE 97 9D 42,speed=0.00
1779899692.404,0x200,8,A9 64 E5 15 3D 7D 9D FC,fuel=100.00
1779899692.501,0x300,8,02 22 3D 38 A9 84 E2 08,temp=42.00
1779899692.597,0x100,8,00 3D FF 25 91 0D 3C C6,speed=0.00
1779899692.663,0x200,8,A8 64 7E 8A B7 53 0B 93,fuel=100.00
1779899692.766,0x300,8,02 5A 3C 72 79 79 99 8B,temp=42.00
1779899692.842,0x100,8,00 E7 C9 0E AB 09 20 86,speed=0.00
1779899692.931,0x200,8,C4 64 3E F2 40 A0 C3 CF,fuel=100.00
1779899693.034,0x300,8,02 3A DD E3 A6 DB E4 CE,temp=42.00
1779899693.141,0x100,8,00 BD C8 43 D6 35 20 D3,speed=0.00
1779899693.222,0x200,8,CD 64 B9 A5 8F EA C7 62,fuel=100.00
1779899693.329,0x300,8,02 0F 06 EA 87 04 E9 60,temp=42.00
1779899693.407,0x100,8,00 15 6A B6 20 53 83 E2,speed=0.00
1779899693.499,0x200,8,C2 64 3C 64 1F C5 47 43,fuel=100.00
1779899693.606,0x300,8,02 90 5E 70 2E 77 5A C8,temp=42.00
1779899693.696,0x100,8,00 4C F2 F8 BD C8 CD 0C,speed=0.00
1779899693.788,0x200,8,51 64 ED 98 76 BA F9 0D,fuel=100.00
1779899693.883,0x300,8,02 A5 30 85 7F 2C B0 95,temp=42.00
1779899693.973,0x100,8,00 E5 B5 06 C8 67 8F 0A,speed=0.00
1779899694.064,0x200,8,CE 64 26 64 90 AA 88 3B,fuel=100.00
1779899694.158,0x300,8,02 13 98 DF 1A 53 B1 BB,temp=42.00
1779899694.247,0x100,8,00 95 8C 14 4B 00 92 5D,speed=0.00
1779899694.337,0x200,8,91 64 6E 30 6B FD 85 94,fuel=100.00
1779899694.453,0x300,8,02 AD FB 42 4B A9 A1 1A,temp=42.00
1779899694.546,0x100,8,00 11 36 15 44 54 A6 54,speed=0.00
1779899694.655,0x200,8,15 64 F0 A2 63 04 7D 00,fuel=100.00
1779899694.735,0x300,8,02 A4 50 27 5A 18 3B BC,temp=42.00
1779899694.842,0x100,8,00 F8 CE 54 F6 7B 40 71,speed=0.00
1779899694.937,0x200,8,57 64 AA AC BF 52 48 03,fuel=100.00
1779899695.019,0x300,8,02 CD B5 9B 04 35 3F 25,temp=42.00
1779899695.102,0x100,8,00 BA A8 04 19 9C EA 09,speed=0.00
1779899695.220,0x200,8,B1 64 50 E9 7E DD 1A 54,fuel=100.00
1779899695.322,0x300,8,02 FE 9E 5E 15 9E 2E 53,temp=42.00
1779899695.392,0x100,8,00 A0 80 37 D0 0E 7D 5F,speed=0.00
1779899695.509,0x200,8,22 64 FF B7 A5 FF C5 0C,fuel=100.00
1779899695.577,0x300,8,02 33 00 B4 C6 A5 A9 F2,temp=42.00
1779899695.671,0x100,8,00 1E 8B 2D CC AA 05 D4,speed=0.00
1779899695.765,0x200,8,4E 64 22 D5 59 64 4D A5,fuel=100.00
1779899695.859,0x300,8,02 16 25 7E B6 32 50 68,temp=42.00
1779899695.948,0x100,8,00 B9 5F 4E BC 70 65 58,speed=0.00
1779899696.063,0x200,8,89 64 15 75 A3 E7 91 39,fuel=100.00
1779899696.136,0x300,8,02 00 67 AA 0D 4C F9 45,temp=42.00
1779899696.247,0x100,8,00 B1 F5 25 18 B7 DB EB,speed=0.00
1779899696.336,0x200,8,EF 64 20 B2 1A CA 5A DF,fuel=100.00
1779899696.440,0x300,8,02 F8 86 ED 60 38 E2 54,temp=42.00
1779899696.536,0x100,8,00 63 6F 95 12 0F 28 04,speed=0.00
1779899696.616,0x200,8,3D 64 ED 79 74 D1 5C 02,fuel=100.00
1779899696.705,0x300,8,02 F7 7F 82 03 FC 71 A4,temp=42.00
1779899696.797,0x100,8,00 E7 03 5D 4D 52 56 2D,speed=0.00
1779899696.918,0x200,8,4A 64 63 91 CA F2 DF A4,fuel=100.00
1779899696.997,0x300,8,02 CF 5C 44 E0 72 3B 82,temp=42.00
1779899697.074,0x100,8,00 0B 18 34 70 9E 80 37,speed=0.00
1779899697.182,0x200,8,9E 64 02 4A 11 8F E0 2C,fuel=100.00
1779899697.299,0x300,8,02 C7 AF B6 D1 A1 3E 8D,temp=42.00
1779899697.377,0x100,8,00 D9 AC 98 47 72 B4 1F,speed=0.00
1779899697.460,0x200,8,6C 64 51 7E 4A 02 08 59,fuel=100.00
1779899697.544,0x300,8,02 2E 69 75 34 C8 04 6F,temp=42.00
1779899697.669,0x100,8,00 F1 63 14 F6 BF 31 E6,speed=0.00
1779899697.728,0x200,8,7C 64 6D 82 1A 41 BC 21,fuel=100.00
1779899697.838,0x300,8,02 44 8E 69 81 A4 9B 8D,temp=42.00
1779899697.922,0x100,8,00 41 00 09 B7 F7 71 27,speed=0.00
1779899698.022,0x200,8,87 64 A8 03 8C 57 4E 07,fuel=100.00
1779899698.115,0x300,8,02 71 65 F3 2F C6 A1 53,temp=42.00
1779899698.211,0x100,8,00 31 96 49 56 A7 07 8C,speed=0.00
1779899698.316,0x200,8,D8 64 B5 75 00 FD 4D 3A,fuel=100.00
1779899698.418,0x300,8,02 A3 9D 6C 77 92 73 7D,temp=42.00
1779899698.493,0x100,8,00 9B 8D 38 DF 31 A5 AB,speed=0.00
1779899698.579,0x200,8,6E 64 35 2A 3F 1E 60 DB,fuel=100.00
1779899698.677,0x300,8,02 68 DB 65 12 72 00 79,temp=42.00
1779899698.768,0x100,8,00 BB 15 4A C8 9B E1 0F,speed=0.00
1779899698.872,0x200,8,5D 64 BD E0 F8 57 0B 26,fuel=100.00
1779899698.957,0x300,8,02 A3 7E 12 27 75 80 52,temp=42.00
1779899699.052,0x100,8,00 55 CA 4D 7C 29 73 3B,speed=0.00
1779899699.141,0x200,8,E7 64 F5 65 8F C5 8C 92,fuel=100.00
1779899699.253,0x300,8,02 3B 29 EB C2 E2 00 29,temp=42.00
1779899699.340,0x100,8,00 AD A9 50 7C AC FD 0C,speed=0.00
1779899699.433,0x200,8,C7 64 C7 F2 45 CA 35 BC,fuel=100.00
1779899699.547,0x300,8,02 F5 E9 A0 3B 16 30 F3,temp=42.00
1779899699.606,0x100,8,00 4B 54 82 1B 24 2A 30,speed=0.00
1779899699.715,0x200,8,F5 64 C7 BB 29 F9 AB F9,fuel=100.00
1779899699.809,0x300,8,02 2A 8A 6C A3 6A 9A 5C,temp=42.00
1779899699.899,0x100,8,00 0E ED FE 15 49 09 9E,speed=0.00
1779899699.981,0x200,8,CC 64 01 88 79 6D 2E AB,fuel=100.00
1779899700.081,0x300,8,02 A0 FF 83 A3 A1 45 DD,temp=42.00
1779899700.169,0x100,8,00 4F 06 29 17 67 47 B1,speed=0.00
1779899700.285,0x200,8,C2 64 70 BD 07 91 5E 74,fuel=100.00
1779899700.362,0x300,8,02 2D 34 D0 DD A3 E0 0F,temp=42.00
1779899700.454,0x100,8,00 3A 52 31 C8 E3 BF 1B,speed=0.00
1779899700.556,0x200,8,C6 64 2E 7C 3C 45 73 C6,fuel=100.00
1779899700.647,0x300,8,02 05 99 4A C5 C5 3B 69,temp=42.00
1779899700.735,0x100,8,00 18 C9 B2 99 76 09 62,speed=0.00
1779899700.836,0x200,8,89 64 65 0E 50 B9 1F 0F,fuel=100.00
1779899700.948,0x300,8,02 F7 DD DD D1 8E AF DE,temp=42.00
1779899701.026,0x100,8,00 5F 14 17 F9 2F BC 58,speed=0.00
1779899701.109,0x200,8,28 64 A4 B2 19 00 5D 3F,fuel=100.00
1779899701.199,0x300,8,02 08 F9 BD 47 9C AA E6,temp=42.00
1779899701.314,0x100,8,00 54 BA 63 BF BE C1 AD,speed=0.00
1779899701.408,0x200,8,2F 64 42 2D BE 29 AE 8D,fuel=100.00
1779899701.503,0x300,8,02 94 AD C1 82 61 E4 E8,temp=42.00
1779899701.573,0x100,8,00 E4 CD FD FF 5C 81 63,speed=0.00
1779899701.672,0x200,8,C8 64 0E 61 8F E2 51 54,fuel=100.00
1779899701.798,0x300,8,02 52 33 05 34 1B C3 8A,temp=42.00
1779899701.864,0x100,8,00 31 32 6E D6 24 2A E5,speed=0.00
1779899701.953,0x200,8,64 64 34 1C F6 EA B8 7B,fuel=100.00
1779899702.058,0x300,8,02 5A 85 A2 38 27 A9 F0,temp=42.00
1779899702.135,0x100,8,00 40 7C 64 36 6E DF 58,speed=0.00
1779899702.237,0x200,8,37 64 D6 A7 46 F8 61 32,fuel=100.00
1779899702.328,0x300,8,02 F5 DC 51 68 8F 1C BE,temp=42.00
1779899702.429,0x100,8,00 71 31 88 5E 05 D5 19,speed=0.00
1779899702.514,0x200,8,E9 64 59 C8 F5 9F 2D 16,fuel=100.00
1779899702.624,0x300,8,02 F5 8D 31 B5 E0 65 F1,temp=42.00
1779899702.697,0x100,8,00 F5 F1 96 48 CC EA 54,speed=0.00
1779899702.810,0x200,8,B9 64 FC AE 7F 21 8E 37,fuel=100.00
1779899702.894,0x300,8,02 86 80 AC 2D A9 7F BD,temp=42.00
1779899703.008,0x100,8,00 80 1B 01 52 46 3D 06,speed=0.00
1779899703.076,0x200,8,B3 64 BB D5 CA F5 B3 FF,fuel=100.00
1779899703.168,0x300,8,02 B9 EE 8E F6 0A 63 CB,temp=42.00
1779899703.279,0x100,8,00 59 E2 7D F6 60 A7 CB,speed=0.00
1779899703.361,0x200,8,F4 64 4D 84 4C 7A 59 CC,fuel=100.00
1779899703.451,0x300,8,02 8A 2A D2 89 38 69 40,temp=42.00
1779899703.551,0x100,8,00 71 C6 B6 53 17 45 BC,speed=0.00
1779899703.640,0x200,8,1A 64 21 00 AF 15 6C E9,fuel=100.00
1779899703.749,0x300,8,02 B6 62 71 A2 C5 8E 5A,temp=42.00
1779899703.847,0x100,8,00 B1 8D 70 86 5B D9 E4,speed=0.00
1779899703.936,0x200,8,6C 64 18 37 EE 3E B6 97,fuel=100.00
1779899704.028,0x300,8,02 A0 9D F2 EB 43 3A D3,temp=42.00
1779899704.121,0x100,8,00 1D D6 7A 9F F2 37 93,speed=0.00
1779899704.212,0x200,8,41 64 45 A9 DB F9 95 8A,fuel=100.00
1779899704.299,0x300,8,02 6C CA 3F 0D 30 D5 E3,temp=42.00
1779899704.408,0x100,8,00 41 47 91 B3 51 B7 A8,speed=0.00
1779899704.480,0x200,8,3C 64 72 23 FB FF 62 84,fuel=100.00
1779899704.589,0x300,8,02 BA E1 EA DC 05 97 34,temp=42.00
1779899704.701,0x100,8,00 DE 6C F8 AF B4 90 25,speed=0.00
1779899704.764,0x200,8,E3 64 97 09 E3 40 C8 66,fuel=100.00
1779899704.864,0x300,8,02 2B A3 28 F8 31 88 CB,temp=42.00
1779899704.967,0x100,8,00 61 77 1F FF 0D 18 03,speed=0.00
1779899705.050,0x200,8,17 64 39 AD 7D 35 02 81,fuel=100.00
1779899705.167,0x300,8,02 FB F6 8C 1B 05 7B 29,temp=42.00
1779899705.237,0x100,8,00 B1 92 1F 76 31 19 A3,speed=0.00
1779899705.329,0x200,8,8D 64 F3 81 14 F8 18 44,fuel=100.00
1779899705.434,0x300,8,02 F1 AA CE F5 EE 64 72,temp=42.00
1779899705.541,0x100,8,00 2C 3B 21 9A B0 CC 6E,speed=0.00
1779899705.619,0x200,8,1A 64 0A 53 2B 03 B5 B2,fuel=100.00
1779899705.697,0x300,8,02 34 C5 DB 3E 1D FF 5E,temp=42.00
1779899705.799,0x100,8,00 89 C1 4A 6D A8 8E 5F,speed=0.00
1779899705.890,0x200,8,B2 64 40 1D 7A 51 21 BA,fuel=100.00
1779899706.001,0x300,8,02 BA 0B 9A 99 7E 64 1D,temp=42.00
1779899706.083,0x100,8,00 3A 46 68 1A 14 28 5D,speed=0.00
1779899706.169,0x200,8,D6 64 0A 13 73 D8 B7 F4,fuel=100.00
1779899706.289,0x300,8,02 54 4D FF 77 9C F0 D1,temp=42.00
1779899706.356,0x100,8,00 87 ED 00 63 BC 6A 5A,speed=0.00
1779899706.454,0x200,8,F2 64 A9 31 D0 BE 1D 0C,fuel=100.00
1779899706.549,0x300,8,02 84 4C 67 57 BE 71 DE,temp=42.00
1779899706.639,0x100,8,00 B2 62 CC D5 71 02 59,speed=0.00
1779899706.758,0x200,8,00 64 9E 85 BE 02 12 EB,fuel=100.00
1779899706.839,0x300,8,02 9E AD 0B F2 35 C5 03,temp=42.00
1779899706.936,0x100,8,00 40 9F D8 8D 32 76 56,speed=0.00
1779899707.014,0x200,8,A8 64 39 9A 07 D3 E3 E9,fuel=100.00
1779899707.130,0x300,8,02 4B 48 5C 82 CA 40 B7,temp=42.00
1779899707.212,0x100,8,00 55 BC 63 9B E1 0A 6D,speed=0.00
1779899707.323,0x200,8,96 64 84 97 8A 4F F7 A1,fuel=100.00
1779899707.410,0x300,8,02 CC B7 35 B9 27 13 1D,temp=42.00
1779899707.489,0x100,8,00 BB 36 13 AC 3B 76 52,speed=0.00
1779899707.603,0x200,8,E4 64 5D 58 29 D8 FF E5,fuel=100.00
1779899707.703,0x300,8,02 EB 6A 5F 41 0C 26 CB,temp=42.00
1779899707.767,0x100,8,00 C6 41 E4 F6 74 0E A7,speed=0.00
1779899707.857,0x200,8,37 64 8C C7 D7 CF CF 33,fuel=100.00
1779899707.953,0x300,8,02 24 4F 51 4E AE BC B8,temp=42.00
1779899708.053,0x100,8,00 BD 6F 8F 3F DA 61 ED,speed=0.00
1779899708.139,0x200,8,53 64 40 1B 74 C6 CA B5,fuel=100.00
1779899708.254,0x300,8,02 83 B8 93 7E B5 9A BC,temp=42.00
1779899708.333,0x100,8,00 C2 8D 8D E6 04 D8 DC,speed=0.00
1779899708.423,0x200,8,3C 64 15 14 79 11 82 7D,fuel=100.00
1779899708.518,0x300,8,02 34 60 99 7D 63 AD E6,temp=42.00
1779899708.615,0x100,8,00 63 16 F4 41 E7 A4 DC,speed=0.00
1779899708.699,0x200,8,18 64 D9 26 1A 46 44 B8,fuel=100.00
1779899708.807,0x300,8,02 2D AD 20 FD 03 F8 4D,temp=42.00
1779899708.897,0x100,8,00 1E B5 A2 F7 FC 75 E1,speed=0.00
1779899708.980,0x200,8,B3 64 FE 8A 34 48 0F D4,fuel=100.00
1779899709.107,0x300,8,02 9F C4 CC 2D AF 9B B2,temp=42.00
1779899709.168,0x100,8,00 CD 45 25 D9 A1 D3 D1,speed=0.00
1779899709.275,0x200,8,1D 64 CD BE DD 1C 7C BD,fuel=100.00
1779899709.365,0x300,8,02 1D A4 1B F2 59 E8 09,temp=42.00
1779899709.470,0x100,8,00 DB 4A 52 AF FF 24 69,speed=0.00
1779899709.578,0x200,8,53 64 84 F3 B5 04 2A C3,fuel=100.00
1779899709.644,0x300,8,02 B9 42 C2 7E 62 8A 90,temp=42.00
1779899709.738,0x100,8,00 F7 0C 4F 1D D5 10 87,speed=0.00
1779899709.834,0x200,8,00 64 DF BD D3 FA CF 9D,fuel=100.00
1779899709.954,0x300,8,02 1A 28 51 31 C8 0D BE,temp=42.00
1779899710.018,0x100,8,00 DA 60 44 83 BE E6 8F,speed=0.00
1779899710.107,0x200,8,3A 64 D1 4C 85 4D BF D9,fuel=100.00
1779899710.199,0x300,8,02 6F CC AB 18 D5 38 27,temp=42.00
1779899710.320,0x100,8,00 13 57 BB D6 54 36 F8,speed=0.00
1779899710.396,0x200,8,B7 64 F6 2D 47 50 C5 5F,fuel=100.00
1779899710.502,0x300,8,02 3B A9 96 6E 0E C1 49,temp=42.00
1779899710.582,0x100,8,00 7E 4E 8A 42 4D F2 B2,speed=0.00
1779899710.675,0x200,8,49 64 33 A1 FF 44 FB CB,fuel=100.00
1779899710.764,0x300,8,02 A7 CB E8 0F C9 D9 F2,temp=42.00
1779899710.865,0x100,8,00 06 5B 70 DF 83 1D 3E,speed=0.00
1779899710.947,0x200,8,E7 64 02 80 96 A5 02 C8,fuel=100.00
1779899711.057,0x300,8,02 23 01 2F EF 67 40 D5,temp=42.00
1779899711.149,0x100,8,00 16 23 9E 26 CE BD DE,speed=0.00
1779899711.238,0x200,8,7C 64 BC F2 9D 12 75 BF,fuel=100.00
1779899711.334,0x300,8,02 EB F9 04 5B E0 11 8A,temp=42.00
1779899711.432,0x100,8,00 6A 1E 30 3E A7 B8 35,speed=0.00
1779899711.509,0x200,8,C2 64 B7 B0 3A E6 06 99,fuel=100.00
1779899711.631,0x300,8,02 50 26 A4 E7 59 AD 52,temp=42.00
1779899711.707,0x100,8,00 8F 48 61 23 D2 D5 20,speed=0.00
1779899711.806,0x200,8,DD 64 57 6F B1 76 D9 40,fuel=100.00
1779899711.897,0x300,8,02 2D B5 92 12 A3 F4 CB,temp=42.00
1779899711.988,0x100,8,00 B1 9F F9 64 7B 95 E9,speed=0.00
1779899712.077,0x200,8,AD 64 89 6A 18 E5 D3 A5,fuel=100.00
1779899712.175,0x300,8,02 6C 16 34 00 94 18 40,temp=42.00
1779899712.277,0x100,8,00 3B 1F 99 73 E8 5A 14,speed=0.00
1779899712.367,0x200,8,4B 64 0D 41 E2 22 26 AC,fuel=100.00
1779899712.453,0x300,8,02 ED A2 39 F9 7D FB 8D,temp=42.00
1779899712.551,0x100,8,00 91 7F A0 C7 D5 BB 94,speed=0.00
1779899712.658,0x200,8,46 64 2B 3C 4E B3 BD 70,fuel=100.00
1779899712.736,0x300,8,02 BE EA 19 96 91 91 93,temp=42.00
1779899712.823,0x100,8,00 30 AF 32 6A B7 9D D3,speed=0.00
1779899712.931,0x200,8,8B 64 8D F4 3A AC FB A2,fuel=100.00
1779899713.021,0x300,8,02 4C AD 76 56 CB C7 50,temp=42.00
1779899713.116,0x100,8,00 46 E2 86 AB 7C 3D 36,speed=0.00
1779899713.203,0x200,8,DD 64 10 96 BD 70 BF 87,fuel=100.00
1779899713.297,0x300,8,02 E9 D8 81 24 CD 06 0E,temp=42.00
1779899713.388,0x100,8,00 98 AB 98 CE F7 3D 4C,speed=0.00
1779899713.485,0x200,8,1E 64 86 B0 B8 AB 41 B6,fuel=100.00
1779899713.579,0x300,8,02 D4 5D 51 72 21 59 D2,temp=42.00
1779899713.677,0x100,8,00 6B 2D 0B A1 5B 26 0D,speed=0.00
1779899713.769,0x200,8,3C 64 22 F8 C6 99 BF E4,fuel=100.00
1779899713.864,0x300,8,02 1B D3 E5 E1 29 3E 9D,temp=42.00
1779899713.961,0x100,8,00 9C D4 F1 20 71 83 38,speed=0.00
1779899714.068,0x200,8,11 64 55 06 55 A7 81 30,fuel=100.00
1779899714.148,0x300,8,02 05 06 D2 84 54 B6 FF,temp=42.00
1779899714.260,0x100,8,00 11 A1 A4 E4 69 2A 93,speed=0.00
1779899714.331,0x200,8,7F 64 67 5E B2 23 2B AF,fuel=100.00
1779899714.423,0x300,8,02 97 8D 07 23 74 BE 87,temp=42.00
1779899714.523,0x100,8,00 F2 E0 A6 09 A2 52 6D,speed=0.00
1779899714.620,0x200,8,94 64 2F DA CC D1 56 81,fuel=100.00
1779899714.701,0x300,8,02 CE 2D F1 39 0B BE 8D,temp=42.00
1779899714.824,0x100,8,00 3C C5 8F AA FD 68 22,speed=0.00
1779899714.888,0x200,8,12 64 99 3D CD 18 8D 76,fuel=100.00
1779899714.988,0x300,8,02 5C C0 90 D7 CD 19 10,temp=42.00
1779899715.085,0x100,8,00 8C 8D 09 42 72 83 DB,speed=0.00
1779899715.176,0x200,8,66 64 A9 02 1A 46 BA FC,fuel=100.00
1779899715.266,0x300,8,02 7E D3 9D 71 AF 40 F5,temp=42.00
1779899715.354,0x100,8,00 91 13 D9 AB 2D D5 71,speed=0.00
1779899715.465,0x200,8,08 64 36 81 0D DD 0B 76,fuel=100.00
1779899715.542,0x300,8,02 10 08 76 6E 67 E1 E6,temp=42.00
1779899715.673,0x100,8,00 C4 36 13 F0 E1 F7 23,speed=0.00
1779899715.748,0x200,8,66 64 7D 56 AA 61 70 C7,fuel=100.00
1779899715.842,0x300,8,02 1F 66 47 9F 54 EC 66,temp=42.00
1779899715.918,0x100,8,00 B2 17 7B 55 2B 5B 7C,speed=0.00
1779899716.018,0x200,8,2F 64 5C 4F 1B 77 34 1A,fuel=100.00
1779899716.134,0x300,8,02 0F C5 8C FF 56 20 12,temp=42.00
1779899716.216,0x100,8,00 16 04 6A D3 09 E7 D7,speed=0.00
1779899716.307,0x200,8,4C 64 D6 75 0F A7 E8 29,fuel=100.00
1779899716.407,0x300,8,02 FC 66 5F D0 3A 17 B7,temp=42.00
1779899716.491,0x100,8,00 C6 31 E6 C4 E4 41 27,speed=0.00
1779899716.608,0x200,8,17 64 02 75 38 D3 A3 9F,fuel=100.00
1779899716.680,0x300,8,02 84 72 EB 8D AB 1B 66,temp=42.00
1779899716.792,0x100,8,00 37 EE F9 4E F9 CA E9,speed=0.00
1779899716.854,0x200,8,74 64 AE F3 19 67 02 40,fuel=100.00
1779899716.977,0x300,8,02 2B 0C 74 4E 36 F0 8A,temp=42.00
1779899717.070,0x100,8,00 FD A6 4D C0 D0 BB 1D,speed=0.00
1779899717.142,0x200,8,62 64 DE 5A EF 4C 40 BA,fuel=100.00
1779899717.244,0x300,8,02 6C C9 16 F6 B6 D5 C9,temp=42.00
1779899717.365,0x100,8,00 E9 68 05 DA D6 D6 72,speed=0.00
1779899717.441,0x200,8,15 64 54 93 CD D6 4E 9F,fuel=100.00
1779899717.521,0x300,8,02 A4 7D 26 B3 F5 CE BF,temp=42.00
1779899717.615,0x100,8,00 F5 66 9D 5F F8 B9 59,speed=0.00
1779899717.714,0x200,8,09 64 FD CD AD 8A 9A 10,fuel=100.00
1779899717.799,0x300,8,02 4A 02 FE F4 5D C5 BE,temp=42.00
1779899717.900,0x100,8,00 AA 2E 0F B6 2C E2 28,speed=0.00
1779899717.978,0x200,8,91 64 F8 D0 FE EE B4 30,fuel=100.00
1779899718.085,0x300,8,02 0D D9 3E 96 86 34 A1,temp=42.00
1779899718.174,0x100,8,00 D5 02 B3 CE E3 32 BF,speed=0.00
1779899718.270,0x200,8,7E 64 0A 14 17 59 B3 2F,fuel=100.00
1779899718.360,0x300,8,02 C5 22 0D 51 EC A4 D3,temp=42.00
1779899718.447,0x100,8,00 03 89 93 37 05 13 36,speed=0.00
1779899718.548,0x200,8,2F 64 62 2D 51 78 63 E8,fuel=100.00
1779899718.650,0x300,8,02 5F 9A 05 EE 6F 56 E2,temp=42.00
1779899718.741,0x100,8,00 1B AA 35 BF 96 00 17,speed=0.00
1779899718.832,0x200,8,44 64 FE D7 E5 F2 8E A5,fuel=100.00
1779899718.922,0x300,8,02 96 8B B2 0E CC B1 88,temp=42.00
1779899719.009,0x100,8,00 DE 0E C6 E4 40 4E A9,speed=0.00
1779899719.114,0x200,8,8E 64 B6 92 3B 86 8A 81,fuel=100.00
1779899719.197,0x300,8,02 1F 98 97 EB 6C 3B EB,temp=42.00
1779899719.301,0x100,8,00 FF 04 76 FD 5C F9 DF,speed=0.00
1779899719.406,0x200,8,B6 64 42 76 5E C8 22 E2,fuel=100.00
1779899719.491,0x300,8,02 73 F9 D4 36 48 1F 8B,temp=42.00
1779899719.576,0x100,8,00 94 B0 A6 5D CF 41 7A,speed=0.00
1779899719.677,0x200,8,53 64 FD 37 CD 2B 78 97,fuel=100.00
1779899719.767,0x300,8,02 42 2E E6 2C 4A 66 8A,temp=42.00
1779899719.856,0x100,8,00 C1 D3 74 45 1D E8 74,speed=0.00
1779899719.956,0x200,8,81 64 CF 5C BF B0 5D BA,fuel=100.00
1779899720.052,0x300,8,02 C7 C3 3B 28 9E D1 45,temp=42.00
1779899720.157,0x100,8,00 2E 4F 89 18 72 55 EE,speed=0.00
1779899720.232,0x200,8,9E 64 82 23 CF A3 45 AE,fuel=100.00
1779899720.336,0x300,8,02 74 D5 67 1E 18 32 23,temp=42.00
1779899720.430,0x100,8,00 07 3A 17 64 4F 2F 83,speed=0.00
1779899720.535,0x200,8,BE 64 FC 58 F0 EF 5A 04,fuel=100.00
1779899720.647,0x300,8,02 2C 4A C0 A2 D5 CC E9,temp=42.00
1779899720.713,0x100,8,00 CF B2 EF 63 65 4A 17,speed=0.00
1779899720.844,0x200,8,74 64 7F 2A 07 5C 88 E9,fuel=100.00
1779899720.943,0x300,8,02 EB D3 36 5C DC EE 21,temp=42.00
1779899721.002,0x100,8,00 5A 2C A0 4A 44 EE 40,speed=0.00
1779899721.117,0x200,8,87 64 07 CD 95 3A 40 D9,fuel=100.00
1779899721.203,0x300,8,02 0C 64 43 D6 AD 63 E5,temp=42.00
1779899721.297,0x100,8,00 F5 CA 04 9B 65 94 E8,speed=0.00
1779899721.407,0x200,8,33 64 3C 46 45 A8 9A 8B,fuel=100.00
1779899721.502,0x300,8,02 D8 05 33 61 D9 E5 71,temp=42.00
1779899721.585,0x100,8,00 50 53 F4 B1 E0 1C 3B,speed=0.00
1779899721.687,0x200,8,EB 64 26 1D 7A E3 DB 13,fuel=100.00
1779899721.779,0x300,8,02 DF 9C AE 0A 53 05 9A,temp=42.00
1779899721.862,0x100,8,00 68 A6 8D 3A 0E 0A B2,speed=0.00
1779899721.981,0x200,8,25 64 C4 58 7F C3 AD 37,fuel=100.00
1779899722.047,0x300,8,02 A4 A1 90 DD 30 6F CF,temp=42.00
1779899722.146,0x100,8,00 28 B5 79 DD C7 3D DE,speed=0.00
1779899722.233,0x200,8,ED 64 B0 45 9A B7 19 6A,fuel=100.00
1779899722.329,0x300,8,02 86 F7 84 21 AF B2 A2,temp=42.00
1779899722.416,0x100,8,00 CE CE F5 96 8D 26 3E,speed=0.00
1779899722.520,0x200,8,1A 64 AD 5D 1E B8 2E 9E,fuel=100.00
1779899722.608,0x300,8,02 16 8D 5C 84 1F 29 BD,temp=42.00
1779899722.702,0x100,8,00 F3 37 E7 E9 8B 72 DC,speed=0.00
1779899722.806,0x200,8,07 64 40 F8 B2 BA 14 E2,fuel=100.00
1779899722.893,0x300,8,02 F2 F4 E6 59 CB 21 1F,temp=42.00
1779899722.979,0x100,8,00 BD 61 25 5D 96 B8 97,speed=0.00
1779899723.086,0x200,8,A2 64 C2 28 8A 03 A6 EB,fuel=100.00
1779899723.165,0x300,8,02 D4 F6 54 23 4F 7F FD,temp=42.00
1779899723.264,0x100,8,00 BD A9 60 71 D1 BB 82,speed=0.00
1779899723.364,0x200,8,15 64 38 E7 38 BD 45 EB,fuel=100.00
1779899723.450,0x300,8,02 4D 31 54 54 41 34 AE,temp=42.00
1779899723.550,0x100,8,00 B6 B2 7E 18 17 9A 7E,speed=0.00
1779899723.644,0x200,8,3D 64 09 12 8E 16 FA 31,fuel=100.00
1779899723.738,0x300,8,02 36 54 39 48 73 6C F4,temp=42.00
1779899723.826,0x100,8,00 5E B4 05 FF A0 B2 2E,speed=0.00
1779899723.927,0x200,8,6F 64 02 BE EF 58 70 43,fuel=100.00
1779899724.031,0x300,8,02 95 F4 F3 0E F5 58 DE,temp=42.00
1779899724.114,0x100,8,00 06 DF 15 44 24 C0 FC,speed=0.00
1779899724.233,0x200,8,0D 64 C6 77 19 FB 06 DE,fuel=100.00
1779899724.320,0x300,8,02 10 FB 08 58 5A 2E 67,temp=42.00
1779899724.405,0x100,8,00 F4 7E 46 10 A3 E3 0E,speed=0.00
1779899724.482,0x200,8,02 64 C5 46 44 B5 2E 38,fuel=100.00
1779899724.613,0x300,8,02 E1 38 62 0F 32 14 61,temp=42.00
1779899724.678,0x100,8,00 CA 67 DF 5B 8C 84 FA,speed=0.00
1779899724.777,0x200,8,4B 64 BD 21 38 8A DB 8C,fuel=100.00
1779899724.856,0x300,8,02 4D 00 10 85 74 25 26,temp=42.00
1779899724.947,0x100,8,00 AF D1 32 46 24 26 8B,speed=0.00
1779899725.057,0x200,8,91 64 93 C4 AB AC 96 65,fuel=100.00
1779899725.153,0x300,8,02 99 40 DB 0A FE 31 94,temp=42.00
1779899725.242,0x100,8,00 5F 5F 27 91 9A DB E0,speed=0.00
1779899725.331,0x200,8,00 64 B5 E4 DC 94 0E 17,fuel=100.00
1779899725.438,0x300,8,02 80 E1 26 D7 58 60 CF,temp=42.00
1779899725.544,0x100,8,00 19 77 EA F9 03 F3 65,speed=0.00
1779899725.636,0x200,8,52 64 E8 5A D2 1D 18 CB,fuel=100.00
1779899725.710,0x300,8,02 8D B4 97 8C BD 15 63,temp=42.00
1779899725.801,0x100,8,00 AA 73 88 2E A1 A6 7F,speed=0.00
1779899725.907,0x200,8,82 64 B5 89 46 F0 F5 23,fuel=100.00
1779899725.992,0x300,8,02 C4 82 D6 F4 E7 F9 52,temp=42.00
1779899726.098,0x100,8,00 23 90 CE A0 B4 75 E9,speed=0.00
1779899726.166,0x200,8,A4 64 47 C0 56 0B 61 73,fuel=100.00
1779899726.285,0x300,8,02 87 18 61 A1 CB 20 F1,temp=42.00
1779899726.367,0x100,8,00 0C A6 57 46 5A 41 E1,speed=0.00
1779899726.454,0x200,8,31 64 85 F3 BA E7 02 DE,fuel=100.00
1779899726.550,0x300,8,02 09 06 D8 B5 D5 BF 58,temp=42.00
1779899726.641,0x100,8,00 3A 25 AE 6D 7B 19 29,speed=0.00
1779899726.743,0x200,8,EA 64 98 A5 9E 3A 29 D9,fuel=100.00
1779899726.842,0x300,8,02 8E 8F 7F 91 06 BD CB,temp=42.00
1779899726.940,0x100,8,00 27 60 58 8F 8E 1E C6,speed=0.00
1779899727.023,0x200,8,DE 64 91 22 A0 86 A6 0A,fuel=100.00
1779899727.116,0x300,8,02 09 68 97 2C 0C C0 8C,temp=42.00
1779899727.223,0x100,8,00 66 EB F4 19 28 78 A0,speed=0.00
1779899727.319,0x200,8,89 64 7E 15 97 70 C5 A2,fuel=100.00
1779899727.406,0x300,8,02 5C E6 94 D7 8E 1B 04,temp=42.00
1779899727.484,0x100,8,00 AC B5 BF 1C C9 4B FC,speed=0.00
1779899727.582,0x200,8,B6 64 68 A3 34 91 48 EB,fuel=100.00
1779899727.699,0x300,8,02 39 A6 50 3F E9 EB 90,temp=42.00
1779899727.766,0x100,8,00 F9 93 C5 65 17 E2 DD,speed=0.00
1779899727.873,0x200,8,93 64 53 B9 A4 4A C9 04,fuel=100.00
1779899727.976,0x300,8,02 97 13 C8 E0 9E 40 B5,temp=42.00
1779899728.064,0x100,8,00 59 54 D8 2A 17 3B 31,speed=0.00
1779899728.149,0x200,8,9D 64 6C 2B A0 49 9B F3,fuel=100.00
1779899728.234,0x300,8,02 A0 69 36 82 1F FC 3A,temp=42.00
1779899728.347,0x100,8,00 9C 8E CD A2 9F F8 B4,speed=0.00
1779899728.438,0x200,8,BE 64 31 CC C1 A4 81 BF,fuel=100.00
1779899728.550,0x300,8,02 A4 C0 1D A1 64 F9 8B,temp=42.00
1779899728.622,0x100,8,00 35 40 F8 2E DF 95 B9,speed=0.00
1779899728.700,0x200,8,CD 64 B1 E8 DE 72 8E B3,fuel=100.00
1779899728.809,0x300,8,02 29 B7 FB FB 5E A4 0B,temp=42.00
1779899728.908,0x100,8,00 B6 41 91 2D F3 0B AE,speed=0.00
1779899728.984,0x200,8,E8 64 DF 0B 73 42 82 67,fuel=100.00
1779899729.085,0x300,8,02 11 59 71 10 6F ED 55,temp=42.00
1779899729.177,0x100,8,00 C8 E7 AA 69 DC E4 8E,speed=0.00
1779899729.273,0x200,8,1A 64 7E BD 0B B3 A9 0E,fuel=100.00
1779899729.354,0x300,8,02 9B 3A 46 57 8E CE EC,temp=42.00
1779899729.449,0x100,8,00 95 70 3C 3E 2F 48 00,speed=0.00
1779899729.551,0x200,8,3F 64 83 90 31 14 DD D1,fuel=100.00
1779899729.648,0x300,8,02 EE 6F 90 55 D6 A8 1E,temp=42.00
1779899729.739,0x100,8,00 01 6F 49 2E 05 2D 7E,speed=0.00
1779899729.852,0x200,8,65 64 71 26 B9 14 F9 EE,fuel=100.00
1779899729.930,0x300,8,02 81 2F 89 08 AA 16 82,temp=42.00
1779899730.030,0x100,8,00 40 AE B0 B2 F9 07 33,speed=0.00
1779899730.127,0x200,8,C6 64 63 61 99 7D B4 F1,fuel=100.00
1779899730.218,0x300,8,02 AC 23 4B B5 E7 00 4D,temp=42.00
1779899730.307,0x100,8,00 9C F2 19 FA D5 65 BD,speed=0.00
1779899730.397,0x200,8,7B 64 48 33 99 B2 C8 65,fuel=100.00
1779899730.491,0x300,8,02 21 57 4A 61 6B D2 65,temp=42.00
1779899730.586,0x100,8,00 FE C7 28 14 AA 8E 3B,speed=0.00
1779899730.674,0x200,8,3E 64 D9 B8 80 68 42 90,fuel=100.00
1779899730.765,0x300,8,02 5B 28 17 02 81 95 39,temp=42.00
1779899730.880,0x100,8,00 DA 5E 48 5C 0D F4 77,speed=0.00
1779899730.968,0x200,8,4B 64 B5 61 9E 3B 68 07,fuel=100.00
1779899731.048,0x300,8,02 9D 1E 3F E5 1F 0D 96,temp=42.00
1779899731.164,0x100,8,00 F5 DF 02 A2 1E 9B B2,speed=0.00
1779899731.260,0x200,8,BC 64 65 15 9C 09 75 26,fuel=100.00
1779899731.323,0x300,8,02 D2 06 9C B6 9A EA 69,temp=42.00
1779899731.424,0x100,8,00 80 73 F6 CF 7E 59 CE,speed=0.00
1779899731.513,0x200,8,BF 64 26 08 51 2D 29 CA,fuel=100.00
1779899731.637,0x300,8,02 A7 95 1A 00 03 5C 9B,temp=42.00
1779899731.721,0x100,8,00 4A CD 00 6A D8 2E 6C,speed=0.00
1779899731.805,0x200,8,9C 64 89 E7 20 39 A7 72,fuel=100.00
1779899731.899,0x300,8,02 97 95 2A 8E 61 2A 8B,temp=42.00
1779899731.993,0x100,8,00 F9 44 26 C4 CB C9 36,speed=0.00
1779899732.090,0x200,8,EE 64 DE 9A 02 30 92 E4,fuel=100.00
1779899732.195,0x300,8,02 8E FA 0A 3B B4 BC E4,temp=42.00
1779899732.293,0x100,8,00 4A E5 13 61 B4 66 70,speed=0.00
1779899732.364,0x200,8,CF 64 D9 D8 C7 59 AB 1A,fuel=100.00
1779899732.470,0x300,8,02 20 18 FC 9C 77 AB C0,temp=42.00
1779899732.557,0x100,8,00 B6 23 87 CD 00 E6 BA,speed=0.00
1779899732.644,0x200,8,D2 64 36 43 87 CF AB 6C,fuel=100.00
1779899732.731,0x300,8,02 43 30 3D 2E BB 53 1D,temp=42.00
1779899732.833,0x100,8,00 88 D6 A9 A2 C1 03 CD,speed=0.00
1779899732.931,0x200,8,70 64 9D 6D 7A 8F 1F E0,fuel=100.00
1779899733.026,0x300,8,02 6D 0A DF D3 EC EA 69,temp=42.00
1779899733.118,0x100,8,00 8D FC 78 3B BA CE 26,speed=0.00
1779899733.199,0x200,8,00 64 8B F0 9F 7A 06 41,fuel=100.00
1779899733.304,0x300,8,02 EB 82 19 66 59 78 74,temp=42.00
1779899733.405,0x100,8,00 4E 81 06 6C DC 22 6C,speed=0.00
1779899733.481,0x200,8,7E 64 30 8B AA 49 66 F6,fuel=100.00
1779899733.635,0x300,8,02 64 FF FC 74 64 77 E8,temp=42.00
1779899733.671,0x100,8,00 1C EF 32 08 FA F3 75,speed=0.00
1779899733.765,0x200,8,0F 64 2C 8B 7C 67 E4 D4,fuel=100.00
1779899733.865,0x300,8,02 67 CB 87 F2 AB 3E 27,temp=42.00
1779899733.974,0x100,8,00 1D 56 E8 2C 34 7C 14,speed=0.00
1779899734.050,0x200,8,B8 64 B1 73 50 EF 71 04,fuel=100.00
1779899734.165,0x300,8,02 3A 4B 85 9B EB 2F 44,temp=42.00
1779899734.267,0x100,8,00 85 02 B6 AB C7 CD 92,speed=0.00
1779899734.350,0x200,8,85 64 38 61 1E 2F B0 B6,fuel=100.00
1779899734.440,0x300,8,02 EC B8 C2 8E F7 C6 6B,temp=42.00
1779899734.551,0x100,8,00 F9 80 2E A1 1A B2 CD,speed=0.00
1779899734.640,0x200,8,3A 64 FC 0B 3B 4C 38 2A,fuel=100.00
1779899734.722,0x300,8,02 3E 1F A4 64 E1 E2 9F,temp=42.00
1779899734.818,0x100,8,00 40 7C A9 CF E3 5E 30,speed=0.00
1779899734.914,0x200,8,1B 64 51 EF 03 97 B3 40,fuel=100.00
1779899734.999,0x300,8,02 88 37 5E 53 96 2D FA,temp=42.00
1779899735.097,0x100,8,00 73 9F C3 21 00 DA 79,speed=0.00
1779899735.201,0x200,8,3B 64 B4 03 0C B7 4F 20,fuel=100.00
1779899735.316,0x300,8,02 1B F4 9B 19 2A 28 4B,temp=42.00
1779899735.403,0x100,8,00 26 43 86 56 41 CC 5D,speed=0.00
1779899735.500,0x200,8,C2 64 4D 13 E1 8D A8 6D,fuel=100.00
1779899735.592,0x300,8,02 1A 3B 1A 93 38 3E 10,temp=42.00
1779899735.675,0x100,8,00 22 CE 5D DA 22 1C 83,speed=0.00
1779899735.765,0x200,8,85 64 B1 00 90 8B A4 66,fuel=100.00
1779899735.865,0x300,8,02 19 47 6B C5 F9 5C A4,temp=42.00
1779899735.964,0x100,8,00 B6 DB D5 C6 15 9B 12,speed=0.00
1779899736.073,0x200,8,6A 64 75 71 97 B7 74 30,fuel=100.00
1779899736.166,0x300,8,02 98 60 7C 69 C9 78 5C,temp=42.00
1779899736.258,0x100,8,00 34 03 41 6D E9 0F D3,speed=0.00
1779899736.344,0x200,8,E4 64 A2 95 DE E3 66 0D,fuel=100.00
1779899736.439,0x300,8,02 92 3F BD 3B 6B BE 69,temp=42.00
1779899736.524,0x100,8,00 12 58 1E 3A 18 4D 16,speed=0.00
1779899736.615,0x200,8,E8 64 07 26 4B 7F 59 5C,fuel=100.00
1779899736.710,0x300,8,02 49 32 5E 6D 2E D0 44,temp=42.00
1779899736.817,0x100,8,00 E8 E0 CD DE C3 B8 89,speed=0.00
1779899736.920,0x200,8,26 64 15 13 06 79 9D 80,fuel=100.00
1779899736.998,0x300,8,02 8D 1D 67 4E B2 4B C8,temp=42.00
1779899737.081,0x100,8,00 A0 0F 03 DE F4 5F D2,speed=0.00
1779899737.188,0x200,8,82 64 03 48 4A 4F 34 69,fuel=100.00
1779899737.277,0x300,8,02 5E 7C E2 2F BD C2 4D,temp=42.00
1779899737.366,0x100,8,00 D0 54 D9 5D B8 94 36,speed=0.00
1779899737.448,0x200,8,62 64 89 BE 5D 08 B7 5B,fuel=100.00
1779899737.575,0x300,8,02 D5 2B 75 59 7A A2 00,temp=42.00
1779899737.675,0x100,8,00 F3 F2 C3 75 F7 37 52,speed=0.00
1779899737.758,0x200,8,B3 64 94 AE 4A 73 14 F1,fuel=100.00
1779899737.867,0x300,8,02 BC 45 11 4E 77 42 1A,temp=42.00
1779899737.943,0x100,8,00 7D 2F 7F D5 62 74 57,speed=0.00
1779899738.037,0x200,8,A6 64 C1 7E BF A0 47 8C,fuel=100.00
1779899738.132,0x300,8,02 74 11 13 F0 F6 FF 39,temp=42.00
1779899738.216,0x100,8,00 D4 46 55 67 28 81 37,speed=0.00
1779899738.300,0x200,8,C5 64 C6 24 83 66 AC 4D,fuel=100.00
1779899738.420,0x300,8,02 2C AF EB D3 2D 56 A1,temp=42.00
1779899738.489,0x100,8,00 47 0C B8 B4 EF FC 5A,speed=0.00
1779899738.587,0x200,8,BA 64 2E AC 96 BB C1 E5,fuel=100.00
1779899738.686,0x300,8,02 0B DC 4B 8F 94 BD 63,temp=42.00
1779899738.773,0x100,8,00 38 83 B3 8B 14 6C 23,speed=0.00
1779899738.868,0x200,8,F4 64 A5 EC E2 73 63 9C,fuel=100.00
1779899738.951,0x300,8,02 5C 9B C1 BB A5 47 B8,temp=42.00
1779899739.070,0x100,8,00 28 21 79 09 E0 F4 40,speed=0.00
1779899739.155,0x200,8,A0 64 75 B6 01 2D 93 B9,fuel=100.00
1779899739.241,0x300,8,02 CA F8 0F E8 92 55 DE,temp=42.00
1779899739.335,0x100,8,00 78 CC 3A 38 BD 08 43,speed=0.00
1779899739.431,0x200,8,6F 64 41 35 53 35 A5 C8,fuel=100.00
1779899739.531,0x300,8,02 82 BD 5A 31 B1 74 E8,temp=42.00
1779899739.618,0x100,8,00 7F B8 45 E0 DA 81 E3,speed=0.00
1779899739.710,0x200,8,EA 64 B5 DB 56 61 9F 99,fuel=100.00
1779899739.797,0x300,8,02 35 07 6B F2 9E 46 D6,temp=42.00
1779899739.898,0x100,8,00 A3 89 39 0E E6 B5 6E,speed=0.00
1779899739.981,0x200,8,DF 64 F3 B2 3E FB 3A 30,fuel=100.00
1779899740.093,0x300,8,02 57 4D 65 44 5C 62 CA,temp=42.00
1779899740.182,0x100,8,00 95 CD 57 CA 5E E5 37,speed=0.00
1779899740.274,0x200,8,9C 64 7F 66 82 3E D4 87,fuel=100.00
1779899740.389,0x300,8,02 AE D0 29 A6 B2 26 31,temp=42.00
1779899740.450,0x100,8,00 96 1C 73 DA B9 10 75,speed=0.00
1779899740.558,0x200,8,7D 64 51 BF 52 4C 0C 3B,fuel=100.00
1779899740.675,0x300,8,02 C5 CA D4 EA B8 E3 B9,temp=42.00
1779899740.758,0x100,8,00 28 C0 84 7B 86 21 FB,speed=0.00
1779899740.824,0x200,8,2E 64 79 82 1D 5F 3C E0,fuel=100.00
1779899740.957,0x300,8,02 F8 38 84 90 45 5E 81,temp=42.00
1779899741.036,0x100,8,00 8D 9A A8 A7 B6 86 39,speed=0.00
1779899741.115,0x200,8,F5 64 56 DA 1C FE 8D 0F,fuel=100.00
1779899741.218,0x300,8,02 B3 1E 1C 31 2E DF 69,temp=42.00
1779899741.300,0x100,8,00 63 DD E8 78 E3 95 7B,speed=0.00
1779899741.410,0x200,8,A8 64 7F D1 66 F4 0B 64,fuel=100.00
1779899741.511,0x300,8,02 7F D2 E0 64 F2 29 56,temp=42.00
1779899741.585,0x100,8,00 71 52 49 E0 36 1F B4,speed=0.00
1779899741.666,0x200,8,86 64 14 B0 E8 3E F5 68,fuel=100.00
1779899741.764,0x300,8,02 21 C9 70 09 CA B6 79,temp=42.00
1779899741.874,0x100,8,00 8B 6E 90 C7 C9 4B 71,speed=0.00
1779899741.955,0x200,8,93 64 5E 65 79 1D 3F 63,fuel=100.00
1779899742.056,0x300,8,02 03 CD 65 93 3B 97 AE,temp=42.00
1779899742.162,0x100,8,00 54 36 9C 7B 68 D9 58,speed=0.00
1779899742.246,0x200,8,54 64 C8 BF 33 F2 C0 06,fuel=100.00
1779899742.333,0x300,8,02 D2 95 ED F5 9F 9C CC,temp=42.00
1779899742.416,0x100,8,00 F6 24 67 14 2F D4 EB,speed=0.00
1779899742.518,0x200,8,40 64 92 D0 4B B1 34 0B,fuel=100.00
1779899742.614,0x300,8,02 AE 4B 4F 95 5D 2E E8,temp=42.00
1779899742.719,0x100,8,00 90 36 3A 29 BF 74 16,speed=0.00
1779899742.819,0x200,8,FB 64 A9 0F B0 97 18 BD,fuel=100.00
1779899742.888,0x300,8,02 08 6A 0D C7 E2 BA ED,temp=42.00
1779899742.980,0x100,8,00 6D 4C A9 FE 3B 49 B0,speed=0.00
1779899743.090,0x200,8,38 64 C5 1F 60 75 26 E5,fuel=100.00
1779899743.178,0x300,8,02 09 05 D5 7F FC 6B 9F,temp=42.00
1779899743.263,0x100,8,00 D0 0F BA AD 8F E7 6E,speed=0.00
1779899743.383,0x200,8,BF 64 74 B1 02 AC BE 78,fuel=100.00
1779899743.447,0x300,8,02 03 A0 63 56 18 D3 0E,temp=42.00
1779899743.565,0x100,8,00 B9 8E 69 C3 75 2C 26,speed=0.00
1779899743.650,0x200,8,D2 64 E2 31 FF 8D 26 5A,fuel=100.00
1779899743.731,0x300,8,02 F7 35 F3 5C 90 3C E4,temp=42.00
1779899743.838,0x100,8,00 E5 89 5B 75 4A 51 73,speed=0.00
1779899743.932,0x200,8,A4 64 9B 4D 38 01 FC 45,fuel=100.00
1779899744.014,0x300,8,02 B3 7A A8 EB 4B 07 0E,temp=42.00
1779899744.125,0x100,8,00 88 97 8E 94 2B 97 F3,speed=0.00
1779899744.215,0x200,8,BB 64 30 00 69 13 00 35,fuel=100.00
1779899744.329,0x300,8,02 0D 35 B0 FA E6 CA 3E,temp=42.00
1779899744.406,0x100,8,00 BE 26 34 21 92 3E B3,speed=0.00
1779899744.517,0x200,8,9F 64 2B ED 7B 3F 9F 93,fuel=100.00
1779899744.613,0x300,8,02 76 3F 56 3F EB 93 99,temp=42.00
1779899744.708,0x100,8,00 51 64 45 A0 C4 33 CE,speed=0.00
1779899744.775,0x200,8,4C 64 AC E2 65 09 9D 78,fuel=100.00
1779899744.873,0x300,8,02 5A 7A 80 96 91 51 6C,temp=42.00
1779899744.981,0x100,8,00 9A 4F 52 5C 78 BB B5,speed=0.00
1779899745.083,0x200,8,00 64 82 76 2E 03 54 BC,fuel=100.00
1779899745.164,0x300,8,02 5C DE EF 1C 04 AD C4,temp=42.00
1779899745.257,0x100,8,00 AB 64 6D A5 A2 55 83,speed=0.00
1779899745.338,0x200,8,A7 64 A4 3D 46 85 11 B7,fuel=100.00
1779899745.437,0x300,8,02 5E 28 9D 9B 91 C3 BA,temp=42.00
1779899745.533,0x100,8,00 A7 13 E1 99 E3 AC 05,speed=0.00
1779899745.658,0x200,8,46 64 F4 A7 A9 DE B5 36,fuel=100.00
1779899745.732,0x300,8,02 2D B4 95 AC 12 B2 1A,temp=42.00
1779899745.811,0x100,8,00 1D 53 BD D8 47 BF E4,speed=0.00
1779899745.912,0x200,8,C5 64 55 9C 1B 2F CE 9B,fuel=100.00
1779899745.999,0x300,8,02 5F 0D 30 60 66 6B 41,temp=42.00
1779899746.092,0x100,8,00 F3 10 CD 51 EF 40 AB,speed=0.00
1779899746.198,0x200,8,CB 64 C1 96 DE D5 77 AB,fuel=100.00
1779899746.285,0x300,8,02 01 6D ED 0B 6A 93 9D,temp=42.00
1779899746.393,0x100,8,00 3A 7D 29 23 A6 BF 6A,speed=0.00
1779899746.476,0x200,8,89 64 2A BC E1 E4 EA D5,fuel=100.00
1779899746.571,0x300,8,02 01 81 E2 4C 87 F1 CD,temp=42.00
1779899746.670,0x100,8,00 16 E4 D8 D0 8B CA 81,speed=0.00
1779899746.747,0x200,8,45 64 D0 A9 D8 2C 40 C7,fuel=100.00
1779899746.840,0x300,8,02 71 96 5F 97 A4 72 5A,temp=42.00
1779899746.932,0x100,8,00 CD 97 5B C5 5C FC 92,speed=0.00
1779899747.031,0x200,8,0B 64 F0 3E 82 DE 37 66,fuel=100.00
1779899747.150,0x300,8,02 F6 2E 07 2A 88 95 EA,temp=42.00
1779899747.213,0x100,8,00 3D 21 1B 39 F0 A5 34,speed=0.00
1779899747.310,0x200,8,37 64 3B DD 4B EE 67 43,fuel=100.00
1779899747.414,0x300,8,02 E3 0F 52 CA 96 2E BA,temp=42.00
1779899747.504,0x100,8,00 BC 99 C8 8E 82 20 9A,speed=0.00
1779899747.621,0x200,8,3A 64 B7 1F E7 14 94 73,fuel=100.00
1779899747.690,0x300,8,02 9E 93 CF 0D 3E 5E 80,temp=42.00
1779899747.798,0x100,8,00 77 60 5F 2B 74 11 F2,speed=0.00
1779899747.892,0x200,8,A7 64 85 67 8B BF 64 B1,fuel=100.00
1779899747.970,0x300,8,02 1B 63 C1 50 6F 13 6C,temp=42.00
1779899748.072,0x100,8,00 4D FC BB A0 B6 A0 76,speed=0.00
1779899748.161,0x200,8,89 64 F7 DA 49 68 64 41,fuel=100.00
1779899748.250,0x300,8,02 0D C2 08 CA 3F E6 CE,temp=42.00
1779899748.366,0x100,8,00 C8 97 31 76 8D 4C DA,speed=0.00
1779899748.436,0x200,8,29 64 A6 BE F0 B5 C8 6D,fuel=100.00
1779899748.546,0x300,8,02 31 14 EB EF B1 44 D8,temp=42.00
1779899748.644,0x100,8,00 4F CD A8 05 AC 15 BA,speed=0.00
1779899748.723,0x200,8,03 64 6A 33 CC 06 00 48,fuel=100.00
1779899748.826,0x300,8,02 B6 92 A8 64 8A 35 3C,temp=42.00
1779899748.921,0x100,8,00 54 C4 28 CC 8E 28 7A,speed=0.00
1779899749.015,0x200,8,ED 64 2E 97 4C B0 3C 7B,fuel=100.00
1779899749.111,0x300,8,02 BA F5 1D C4 9E D3 00,temp=42.00
1779899749.199,0x100,8,00 91 61 58 7D 68 51 DB,speed=0.00
1779899749.281,0x200,8,CC 64 11 12 E2 02 07 D6,fuel=100.00
1779899749.384,0x300,8,02 66 6A 46 CB 17 B1 8D,temp=42.00
1779899749.486,0x100,8,00 93 79 24 54 0F 6A A8,speed=0.00
1779899749.567,0x200,8,36 64 52 16 E2 28 5C 6A,fuel=100.00
1779899749.676,0x300,8,02 8C C2 DF 0B DD 53 2D,temp=42.00
1779899749.752,0x100,8,00 24 9F 4C 25 A6 E9 02,speed=0.00
1779899749.848,0x200,8,33 64 72 DE 97 18 7B 76,fuel=100.00
1779899749.940,0x300,8,02 7B 9B F0 2F BA 86 04,temp=42.00
1779899750.031,0x100,8,00 9A 58 47 CF EB AC B9,speed=0.00
1779899750.124,0x200,8,83 64 85 71 7F DB 6F 76,fuel=100.00
1779899750.215,0x300,8,02 5C D9 35 4C 05 0D 16,temp=42.00
1779899750.328,0x100,8,00 46 33 79 47 F2 37 01,speed=0.00
1779899750.415,0x200,8,A8 64 A3 69 C4 F0 73 3A,fuel=100.00
1779899750.521,0x300,8,02 89 AA 80 48 B8 23 07,temp=42.00
1779899750.594,0x100,8,00 E0 51 41 00 1A A2 75,speed=0.00
1779899750.711,0x200,8,59 64 31 26 9D 09 D4 9D,fuel=100.00
1779899750.801,0x300,8,02 DE 11 25 86 26 D8 AC,temp=42.00
1779899750.893,0x100,8,00 0E D6 EC FC 12 47 CA,speed=0.00
1779899750.986,0x200,8,C9 64 D2 94 85 81 74 73,fuel=100.00
1779899751.072,0x300,8,02 C4 8B 00 46 0F B6 FA,temp=42.00
1779899751.166,0x100,8,00 4A AD BB 1F 7B 19 41,speed=0.00
1779899751.260,0x200,8,81 64 48 B8 72 46 7D 2F,fuel=100.00
1779899751.338,0x300,8,02 A3 81 6B 61 03 27 42,temp=42.00
1779899751.433,0x100,8,00 D9 B5 48 EB 3E F0 48,speed=0.00
1779899751.544,0x200,8,BA 64 71 85 97 67 0C 94,fuel=100.00
1779899751.626,0x300,8,02 58 D6 DA B9 A7 24 4A,temp=42.00
1779899751.727,0x100,8,00 0D 1C C1 0F F8 6F 3A,speed=0.00
1779899751.826,0x200,8,56 64 05 D0 B3 01 5A 71,fuel=100.00
1779899751.910,0x300,8,02 76 2E 72 5E FB D0 EE,temp=42.00
1779899752.010,0x100,8,00 86 9E 85 1D 03 A1 3A,speed=0.00
1779899752.119,0x200,8,88 64 AA 28 3B 82 E3 43,fuel=100.00
1779899752.198,0x300,8,02 75 4C 5B F1 66 34 78,temp=42.00
1779899752.275,0x100,8,00 E1 93 BE 8B 4C 6D 08,speed=0.00
1779899752.387,0x200,8,93 64 18 0C 76 ED B1 9A,fuel=100.00
1779899752.470,0x300,8,02 57 B0 7E 53 0D BB 5A,temp=42.00
1779899752.562,0x100,8,00 0B A9 9C 64 73 E4 11,speed=0.00
1779899752.664,0x200,8,8C 64 D8 7C 50 2C 71 BB,fuel=100.00
1779899752.760,0x300,8,02 D8 03 AF 35 50 EE A7,temp=42.00
1779899752.847,0x100,8,00 28 E8 70 82 70 D5 CF,speed=0.00
1779899752.953,0x200,8,2C 64 41 D7 8F 70 30 42,fuel=100.00
1779899753.065,0x300,8,02 45 83 81 2C 44 62 D6,temp=42.00
1779899753.125,0x100,8,00 26 05 B6 5A E5 D6 F3,speed=0.00
1779899753.242,0x200,8,2E 64 06 C8 96 8F DE 0D,fuel=100.00
1779899753.340,0x300,8,02 47 46 1A E5 4E 2A F8,temp=42.00
1779899753.438,0x100,8,00 FE 57 74 CF 5E CD 94,speed=0.00
1779899753.516,0x200,8,DE 64 B4 AD A0 85 38 39,fuel=100.00
1779899753.621,0x300,8,02 74 0A 47 C4 39 7F 83,temp=42.00
1779899753.699,0x100,8,00 C8 41 1D F4 08 40 03,speed=0.00
1779899753.806,0x200,8,37 64 B1 83 58 52 9C 35,fuel=100.00
1779899753.884,0x300,8,02 59 76 19 9A 4D 9C 80,temp=42.00
1779899753.967,0x100,8,00 64 48 14 11 46 80 94,speed=0.00
1779899754.074,0x200,8,29 64 0B 59 CB 19 D9 0D,fuel=100.00
1779899754.193,0x300,8,02 F7 6A F7 75 48 C9 D7,temp=42.00
1779899754.243,0x100,8,00 18 0E 25 87 BE 74 3D,speed=0.00
1779899754.358,0x200,8,3E 64 10 40 C2 85 07 28,fuel=100.00
1779899754.434,0x300,8,02 4F A3 74 77 21 15 FE,temp=42.00
1779899754.543,0x100,8,00 6E C3 98 F9 07 F7 14,speed=0.00
1779899754.629,0x200,8,FA 64 BE 60 E4 A6 31 5D,fuel=100.00
1779899754.729,0x300,8,02 41 C9 4B 94 55 25 AD,temp=42.00
1779899754.836,0x100,8,00 F6 BA 9A 8B D3 0E 6B,speed=0.00
1779899754.907,0x200,8,67 64 3C 96 97 20 BE 74,fuel=100.00
1779899755.029,0x300,8,02 7C 34 10 DC 1A 2A B9,temp=42.00
1779899755.093,0x100,8,00 D5 E3 CD 82 7D A1 F0,speed=0.00
1779899755.189,0x200,8,F8 64 4A 35 29 D2 89 C4,fuel=100.00
1779899755.300,0x300,8,02 6F A5 02 11 CA CF 6F,temp=42.00
1779899755.382,0x100,8,00 58 C7 15 C8 C3 75 1E,speed=0.00
1779899755.469,0x200,8,6B 64 06 AB 73 E3 56 C7,fuel=100.00
1779899755.598,0x300,8,02 A5 47 63 0F E1 81 64,temp=42.00
1779899755.674,0x100,8,00 69 C4 17 60 5E 22 EB,speed=0.00
1779899755.753,0x200,8,C2 64 E9 21 29 84 F6 96,fuel=100.00
1779899755.853,0x300,8,02 21 B1 0A 32 49 DF 8A,temp=42.00
1779899755.949,0x100,8,00 FA 13 4A A8 29 3B 70,speed=0.00
1779899756.033,0x200,8,2B 64 AC 9C 56 26 6E 91,fuel=100.00
1779899756.139,0x300,8,02 86 B5 99 00 E4 CF 70,temp=42.00
1779899756.223,0x100,8,00 9D 12 E2 D3 43 98 7A,speed=0.00
1779899756.309,0x200,8,C3 64 8A FA 25 A9 9C 03,fuel=100.00
1779899756.416,0x300,8,02 40 7F 5B B7 2D B8 A7,temp=42.00
1779899756.520,0x100,8,00 90 3D 3C 64 2B 2B 97,speed=0.00
1779899756.625,0x200,8,7C 64 44 9B 8C ED 2D AA,fuel=100.00
1779899756.690,0x300,8,02 63 F5 C0 04 5C 54 D9,temp=42.00
1779899756.802,0x100,8,00 0E 95 BC 6D 69 8F 07,speed=0.00
1779899756.882,0x200,8,23 64 00 58 DB 80 09 D8,fuel=100.00
1779899756.971,0x300,8,02 04 C7 CC B3 37 3A B8,temp=42.00
1779899757.091,0x100,8,00 0A DC 5D 67 46 B4 F2,speed=0.00
1779899757.154,0x200,8,50 64 DE 07 EB 70 2A B6,fuel=100.00
1779899757.243,0x300,8,02 8A 95 4F 4E FB BF 9A,temp=42.00
1779899757.346,0x100,8,00 19 3D 07 FC 07 FA 4F,speed=0.00
1779899757.439,0x200,8,BB 64 6A D0 94 6B AD 50,fuel=100.00
1779899757.548,0x300,8,02 6C 88 9D 28 8F 90 B7,temp=42.00
1779899757.621,0x100,8,00 37 3C 7D A4 0B 99 D6,speed=0.00
1779899757.726,0x200,8,9A 64 01 3E A0 51 2D CD,fuel=100.00
1779899757.814,0x300,8,02 B2 78 48 3A EF 5D 05,temp=42.00
1779899757.906,0x100,8,00 46 3F F2 6A D4 46 CE,speed=0.00
1779899758.003,0x200,8,47 64 B0 30 D1 4C EB FC,fuel=100.00
1779899758.100,0x300,8,02 0A 6C C2 24 97 B7 80,temp=42.00
1779899758.183,0x100,8,00 88 40 47 91 D7 31 B7,speed=0.00
1779899758.301,0x200,8,46 64 3F 6E 3E CE F0 2F,fuel=100.00
1779899758.388,0x300,8,02 AD CE 43 44 77 90 40,temp=42.00
1779899758.470,0x100,8,00 3B 5C AF 65 16 34 21,speed=0.00
1779899758.580,0x200,8,74 64 BC EE BC 76 48 8E,fuel=100.00
1779899758.671,0x300,8,02 08 02 CD B8 DC 9E 1D,temp=42.00
1779899758.744,0x100,8,00 26 97 1B CE 22 58 05,speed=0.00
1779899758.860,0x200,8,8D 64 C9 CB 37 9F D0 35,fuel=100.00
1779899758.941,0x300,8,02 D5 4F 69 33 94 46 3C,temp=42.00
1779899759.038,0x100,8,00 9F 0D 3F 5D 09 9F 6D,speed=0.00
1779899759.144,0x200,8,1B 64 AE 4D 14 64 D1 88,fuel=100.00
1779899759.243,0x300,8,02 81 C9 C2 9D 3C CE 6C,temp=42.00
1779899759.333,0x100,8,00 B1 1E EE 99 2B 8E DD,speed=0.00
1779899759.412,0x200,8,29 64 36 63 BC 5C 74 7F,fuel=100.00
1779899759.510,0x300,8,02 26 4C C9 2A A6 D8 F5,temp=42.00
1779899759.614,0x100,8,00 6D 1F BB 69 00 55 0B,speed=0.00
1779899759.691,0x200,8,95 64 36 64 B8 B4 2A 71,fuel=100.00
1779899759.787,0x300,8,02 0C C0 B9 F0 2A 74 29,temp=42.00
1779899759.904,0x100,8,00 CE 82 FD D1 CF E9 7F,speed=0.00
1779899760.000,0x200,8,71 64 A8 8B 19 1C 2D 13,fuel=100.00
1779899760.066,0x300,8,02 DA 9E 20 09 6B F9 53,temp=42.00
1779899760.169,0x100,8,00 ED 59 66 DE ED 2D B5,speed=0.00
1779899760.246,0x200,8,21 64 A1 8F D8 E6 AD CF,fuel=100.00
1779899760.357,0x300,8,02 F7 74 B7 E0 F7 21 95,temp=42.00
1779899760.469,0x100,8,00 10 99 E3 7A 8E 62 4C,speed=0.00
1779899760.553,0x200,8,E4 64 8E E1 D9 3E 90 28,fuel=100.00
1779899760.650,0x300,8,02 55 B5 54 B7 D8 A2 5A,temp=42.00
1779899760.736,0x100,8,00 B9 54 F4 30 8F 7D A0,speed=0.00
1779899760.814,0x200,8,FE 64 F3 A0 48 42 6A AA,fuel=100.00
1779899760.906,0x300,8,02 11 DA 31 5B 46 CE A5,temp=42.00
1779899760.998,0x100,8,00 A2 E6 EA 5B 3D E8 4F,speed=0.00
1779899761.095,0x200,8,DC 64 75 E7 3D A2 64 1E,fuel=100.00
1779899761.188,0x300,8,02 2F 14 05 10 8C D3 27,temp=42.00
1779899761.289,0x100,8,00 24 B9 96 57 77 1C C6,speed=0.00
1779899761.407,0x200,8,71 64 82 B0 75 8B 33 81,fuel=100.00
1779899761.470,0x300,8,02 56 A9 4F 24 52 95 48,temp=42.00
1779899761.604,0x100,8,00 71 D5 FF C2 88 AA F6,speed=0.00
1779899761.669,0x200,8,00 64 D6 C9 18 DA 04 D2,fuel=100.00
1779899761.749,0x300,8,02 C7 B1 FA 1C DF F9 D3,temp=42.00
1779899761.853,0x100,8,00 D8 4B 3C 9F 33 0A 72,speed=0.00
1779899761.954,0x200,8,6D 64 F1 C8 60 EA D2 7D,fuel=100.00
1779899762.031,0x300,8,02 18 71 6B 99 4B AF 0E,temp=42.00
1779899762.157,0x100,8,00 FA AB 7A 41 AB 3C E9,speed=0.00
1779899762.216,0x200,8,BB 64 B8 7E 92 D5 B9 73,fuel=100.00
1779899762.326,0x300,8,02 F7 4A 53 03 BF AD F4,temp=42.00
1779899762.409,0x100,8,00 E5 92 48 4F FD 41 B1,speed=0.00
1779899762.496,0x200,8,81 64 99 BB 3C AA CF 7C,fuel=100.00
1779899762.601,0x300,8,02 BB 45 A5 D9 3E A0 38,temp=42.00
1779899762.684,0x100,8,00 BC 5C 51 42 06 74 83,speed=0.00
1779899762.802,0x200,8,FD 64 DD 07 D9 D9 FC 7F,fuel=100.00
1779899762.897,0x300,8,02 32 F9 3B B5 B0 4D 8F,temp=42.00
1779899762.976,0x100,8,00 71 8C A6 15 3D E6 78,speed=0.00
1779899763.075,0x200,8,41 64 80 9A DE BB 11 E2,fuel=100.00
1779899763.160,0x300,8,02 D5 06 41 1A 85 9E 15,temp=42.00
1779899763.264,0x100,8,00 CC AA D0 EE 53 5B AE,speed=0.00
1779899763.340,0x200,8,CB 64 A0 02 D4 88 7C 53,fuel=100.00
1779899763.433,0x300,8,02 36 56 B2 CE DD C1 90,temp=42.00
1779899763.537,0x100,8,00 31 E1 68 91 6D 58 B5,speed=0.00
1779899763.624,0x200,8,96 64 EE FD 80 4A 84 4F,fuel=100.00
1779899763.715,0x300,8,02 71 EC 0B 1B D7 BB C8,temp=42.00
1779899763.827,0x100,8,00 CA 01 94 AA 79 65 C9,speed=0.00
1779899763.916,0x200,8,5F 64 B8 CC DA AB F9 C1,fuel=100.00
1779899764.006,0x300,8,02 AE 82 71 D3 E8 CD 81,temp=42.00
1779899764.102,0x100,8,00 CB C4 0A 62 6C E7 16,speed=0.00
1779899764.185,0x200,8,3D 64 2D 3F 09 FC 00 B2,fuel=100.00
1779899764.281,0x300,8,02 3F 64 AB E3 02 05 15,temp=42.00
1779899764.383,0x100,8,00 64 82 78 3C 9F 66 AA,speed=0.00
1779899764.491,0x200,8,C5 64 6C 3F 80 F4 0A 2C,fuel=100.00
1779899764.582,0x300,8,02 20 BC C4 71 0B 67 3E,temp=42.00
1779899764.667,0x100,8,00 11 3A C8 D1 01 8D 94,speed=0.00
1779899764.764,0x200,8,5C 64 01 8F 87 5B A3 19,fuel=100.00
1779899764.851,0x300,8,02 64 A1 FC A4 94 12 B4,temp=42.00
1779899764.957,0x100,8,00 C0 F7 E3 0F B6 A6 F8,speed=0.00
1779899765.054,0x200,8,76 64 2D F2 9B 01 4C 37,fuel=100.00
1779899765.134,0x300,8,02 D3 56 46 D6 98 70 C7,temp=42.00
1779899765.222,0x100,8,00 8F CD 66 48 87 C8 DA,speed=0.00
1779899765.325,0x200,8,CC 64 A8 AB 56 C4 89 95,fuel=100.00
1779899765.411,0x300,8,02 98 DC 79 FF B0 D1 F0,temp=42.00
1779899765.520,0x100,8,00 90 8F DE 17 B6 14 69,speed=0.00
1779899765.599,0x200,8,3C 64 1E 2C 16 42 18 54,fuel=100.00
1779899765.683,0x300,8,02 2D 2E FE D7 87 C7 A7,temp=42.00
1779899765.792,0x100,8,00 DD 05 0A E1 18 67 22,speed=0.00
1779899765.873,0x200,8,12 64 AF 99 1F 12 3C 6F,fuel=100.00
1779899765.962,0x300,8,02 FE 7D 7D 3A 0C CF 40,temp=42.00
1779899766.067,0x100,8,00 E5 35 5A E7 66 91 B4,speed=0.00
1779899766.173,0x200,8,00 64 C6 E4 33 C4 0F 8D,fuel=100.00
1779899766.245,0x300,8,02 6C 94 F6 E4 58 46 C6,temp=42.00
1779899766.365,0x100,8,00 C1 5A 6B 1F 47 88 EA,speed=0.00
1779899766.438,0x200,8,0F 64 82 81 77 91 8E B0,fuel=100.00
1779899766.556,0x300,8,02 DE 5B 9B 3C BB 48 D7,temp=42.00
1779899766.652,0x100,8,00 98 4F A8 51 33 41 38,speed=0.00
1779899766.719,0x200,8,68 64 9A 94 CC D6 3C 9B,fuel=100.00
1779899766.832,0x300,8,02 88 26 EE 81 5F 3F 4A,temp=42.00
1779899766.901,0x100,8,00 F8 BF 50 62 83 C1 E7,speed=0.00
1779899767.007,0x200,8,79 64 22 CA 45 81 08 C0,fuel=100.00
1779899767.101,0x300,8,02 79 9B 80 B0 A6 BD DB,temp=42.00
1779899767.184,0x100,8,00 BB DB C5 DB 03 4A 24,speed=0.00
1779899767.320,0x200,8,FC 64 91 7D 84 6A 7A 12,fuel=100.00
1779899767.412,0x300,8,02 AD 4E FD 2E 08 69 DB,temp=42.00
1779899767.510,0x100,8,00 06 83 CE 55 18 CE 43,speed=0.00
1779899767.568,0x200,8,F5 64 F4 D9 B3 8E 4D A8,fuel=100.00
1779899767.662,0x300,8,02 79 1C 96 C4 4F 97 BC,temp=42.00
1779899767.748,0x100,8,00 4D AB 75 D5 B7 47 61,speed=0.00
1779899767.858,0x200,8,61 64 81 79 79 0F 7E 5F,fuel=100.00
1779899767.932,0x300,8,02 C7 B4 B1 7F 9B 18 FC,temp=42.00
1779899768.047,0x100,8,00 02 6C 23 C3 30 C9 4E,speed=0.00
1779899768.148,0x200,8,A3 64 5D 67 1D 31 DD CD,fuel=100.00
1779899768.221,0x300,8,02 47 04 36 8D 62 A3 B2,temp=42.00
1779899768.312,0x100,8,00 F5 39 F2 CF 7D DB F6,speed=0.00
1779899768.416,0x200,8,01 64 E2 90 41 C2 4A EA,fuel=100.00
1779899768.501,0x300,8,02 01 D5 14 9B 07 FB FF,temp=42.00
1779899768.588,0x100,8,00 BC FB 6B D8 5E 4A AA,speed=0.00
1779899768.710,0x200,8,D4 64 2A 2C DE 1D 52 E1,fuel=100.00
1779899768.797,0x300,8,02 83 11 47 DD 27 B1 42,temp=42.00
1779899768.893,0x100,8,00 0D 14 4D 17 20 09 B8,speed=0.00
1779899768.984,0x200,8,FB 64 DB D6 B1 E8 59 38,fuel=100.00
1779899769.077,0x300,8,02 07 51 B0 3F CE 1C 16,temp=42.00
1779899769.190,0x100,8,00 51 74 77 D1 A2 C3 41,speed=0.00
1779899769.263,0x200,8,51 64 2F 70 9D 42 51 1E,fuel=100.00
1779899769.360,0x300,8,02 1D 91 6A F0 09 38 53,temp=42.00
1779899769.481,0x100,8,00 44 4C 13 57 3A 68 EC,speed=0.00
1779899769.566,0x200,8,7F 64 FD E7 2B 1D 98 C8,fuel=100.00
1779899769.693,0x300,8,02 FB CD DB 17 DF 29 A4,temp=42.00
1779899769.779,0x100,8,00 8A 67 91 A4 A7 63 5E,speed=0.00
1779899769.839,0x200,8,E9 64 1E F9 9E 77 F5 9B,fuel=100.00
1779899769.953,0x300,8,02 89 43 35 71 6A 9E F4,temp=42.00
1779899770.032,0x100,8,00 B7 68 CD 21 EA 6B 3E,speed=0.00
1779899770.136,0x200,8,FA 64 01 0C C5 DD E5 9C,fuel=100.00
1779899770.237,0x300,8,02 66 D8 63 29 88 66 50,temp=42.00
1779899770.330,0x100,8,00 EE C0 29 DD 2F 35 C0,speed=0.00
1779899770.405,0x200,8,EC 64 E5 71 1E 05 23 64,fuel=100.00
1779899770.523,0x300,8,02 C9 47 CB DA 82 78 82,temp=42.00
1779899770.620,0x100,8,00 52 C4 3E 43 B8 E1 1F,speed=0.00
1779899770.708,0x200,8,2A 64 49 51 AF B5 3B 35,fuel=100.00
1779899770.782,0x300,8,02 77 D7 9E B0 E0 63 F5,temp=42.00
1779899770.891,0x100,8,00 28 C2 F5 9E AF D4 BF,speed=0.00
1779899770.963,0x200,8,14 64 C3 4D 99 CD E0 77,fuel=100.00
1779899771.084,0x300,8,02 4B 4B 55 4A E3 56 D1,temp=42.00
1779899771.156,0x100,8,00 26 DA 88 92 F5 E7 D7,speed=0.00
1779899771.272,0x200,8,F4 64 D6 61 5D F7 67 B1,fuel=100.00
1779899771.349,0x300,8,02 5A D4 9A AC 23 D3 27,temp=42.00
1779899771.458,0x100,8,00 4B 07 75 B6 B6 C3 0B,speed=0.00
1779899771.539,0x200,8,31 64 BD EF 5A F3 92 D4,fuel=100.00
1779899771.624,0x300,8,02 B3 8F F5 C9 1E 88 AE,temp=42.00
1779899771.715,0x100,8,00 7D 5A 83 05 A4 0E E3,speed=0.00
1779899771.820,0x200,8,2F 64 E2 B9 CE 67 2E AD,fuel=100.00
1779899771.899,0x300,8,02 21 F6 23 56 CD D8 DC,temp=42.00
1779899771.997,0x100,8,00 3E 05 1F 20 3B AC 47,speed=0.00
1779899772.117,0x200,8,03 64 07 ED 5F B1 EB 92,fuel=100.00
1779899772.193,0x300,8,02 CD 8E 86 6E 42 5A B6,temp=42.00
1779899772.308,0x100,8,00 4D F6 34 46 E6 F2 4F,speed=0.00
1779899772.380,0x200,8,FF 64 30 6D D0 84 E9 87,fuel=100.00
1779899772.498,0x300,8,02 EE BB 3B 39 21 5A 52,temp=42.00
1779899772.578,0x100,8,00 C3 3A 58 FA 3C BD 40,speed=0.00
1779899772.685,0x200,8,0C 64 42 2C 89 1F 9E 72,fuel=100.00
1779899772.754,0x300,8,02 75 4C 50 43 1D 9C 13,temp=42.00
1779899772.850,0x100,8,00 64 B5 FC 9F AA 5E 1A,speed=0.00
1779899772.934,0x200,8,EF 64 9F A6 8B B4 DB 6C,fuel=100.00
1779899773.026,0x300,8,02 0F 6F FC B3 D6 1A E7,temp=42.00
1779899773.143,0x100,8,00 5E 03 03 2C 4B 5E 12,speed=0.00
1779899773.224,0x200,8,86 64 FF 09 A6 A9 8B 51,fuel=100.00
1779899773.331,0x300,8,02 CE AD 6B 5C 52 AE 06,temp=42.00
1779899773.431,0x100,8,00 36 72 11 A7 C8 9B 06,speed=0.00
1779899773.506,0x200,8,4E 64 D0 E2 E1 E8 F0 C2,fuel=100.00
1779899773.598,0x300,8,02 54 A4 EC 38 65 52 76,temp=42.00
1779899773.681,0x100,8,00 6B CD B0 A7 5E 63 B8,speed=0.00
1779899773.804,0x200,8,F3 64 F7 B6 DB B9 89 0C,fuel=100.00
1779899773.876,0x300,8,02 EA E1 15 A0 BC EA 24,temp=42.00
1779899773.995,0x100,8,00 F0 A7 78 C7 0F B7 BD,speed=0.00
1779899774.060,0x200,8,22 64 6E 86 7C 1E 89 4D,fuel=100.00
1779899774.176,0x300,8,02 B2 A4 48 30 1B CF 7B,temp=42.00
1779899774.245,0x100,8,00 09 3B 0B 23 26 96 06,speed=0.00
1779899774.364,0x200,8,DE 64 94 2F 9E EA 57 0D,fuel=100.00
1779899774.445,0x300,8,02 A3 11 9D 8C 90 BF BD,temp=42.00
1779899774.555,0x100,8,00 5C C1 9B F8 D1 90 EB,speed=0.00
1779899774.628,0x200,8,C9 64 BB 46 DE 5C FE 19,fuel=100.00
1779899774.719,0x300,8,02 EC DB 3F AB 1C A4 D0,temp=42.00
1779899774.818,0x100,8,00 9D EE 18 E7 E1 6A B4,speed=0.00
1779899774.903,0x200,8,0A 64 E8 89 10 64 C5 41,fuel=100.00
1779899774.997,0x300,8,02 AD E8 91 09 C8 11 5C,temp=42.00
1779899775.117,0x100,8,00 77 B4 31 00 02 75 D6,speed=0.00
1779899775.193,0x200,8,DC 64 A5 F3 67 07 EB FF,fuel=100.00
1779899775.300,0x300,8,02 46 F0 3B E0 F9 A2 A8,temp=42.00
1779899775.382,0x100,8,00 CD 13 AB 2C 11 73 87,speed=0.00
1779899775.501,0x200,8,1D 64 C6 2D 4E AF C4 2C,fuel=100.00
1779899775.587,0x300,8,02 5C CA BB 59 CF 5B 27,temp=42.00
1779899775.657,0x100,8,00 C1 A8 60 14 0D 77 EF,speed=0.00
1779899775.751,0x200,8,6B 64 3C 65 84 B5 1F 3D,fuel=100.00
1779899775.842,0x300,8,02 DE C5 C7 96 C0 59 0A,temp=42.00
1779899775.934,0x100,8,00 13 43 AE AA 02 11 82,speed=0.00
1779899776.061,0x200,8,3A 64 EE 65 23 88 85 76,fuel=100.00
1779899776.137,0x300,8,02 5B 9C 47 4E 68 DB 32,temp=42.00
1779899776.242,0x100,8,00 B3 81 EA 8B 4C 7A D9,speed=0.00
1779899776.335,0x200,8,17 64 BD D2 CF 16 20 07,fuel=100.00
1779899776.415,0x300,8,02 2A 76 7C 01 9C 1A 34,temp=42.00
1779899776.523,0x100,8,00 EF A4 07 1D 1D A6 B0,speed=0.00
1779899776.615,0x200,8,96 64 5C AF 25 BA AA 77,fuel=100.00
1779899776.690,0x300,8,02 79 61 78 F3 01 0C E0,temp=42.00
1779899776.797,0x100,8,00 4E 75 9C 95 74 5B 7C,speed=0.00
1779899776.903,0x200,8,C9 64 9E CD CD CC F7 CD,fuel=100.00
1779899776.974,0x300,8,02 A9 44 03 76 DD 99 57,temp=42.00
1779899777.078,0x100,8,00 97 E6 F5 B1 78 FA F0,speed=0.00
1779899777.159,0x200,8,A3 64 22 75 7A 09 E4 2B,fuel=100.00
1779899777.282,0x300,8,02 65 63 A5 52 72 A0 C3,temp=42.00
1779899777.350,0x100,8,00 6F DF C2 61 C0 F4 54,speed=0.00
1779899777.460,0x200,8,1A 64 81 D3 4D 39 86 B4,fuel=100.00
1779899777.540,0x300,8,02 E8 CC 88 27 62 55 E2,temp=42.00
1779899777.676,0x100,8,00 DD 20 96 D3 4E 65 3B,speed=0.00
1779899777.717,0x200,8,49 64 D3 C3 11 B9 CC BA,fuel=100.00
1779899777.837,0x300,8,02 13 F8 96 27 38 6C 59,temp=42.00
1779899777.911,0x100,8,00 DB BA 10 BC A3 BF 8B,speed=0.00
1779899778.022,0x200,8,C3 64 7C 1F 72 41 18 CC,fuel=100.00
1779899778.114,0x300,8,02 66 66 1F 6A 3B FF A8,temp=42.00
1779899778.192,0x100,8,00 FE 89 3C 92 0F BF C2,speed=0.00
1779899778.300,0x200,8,57 64 E5 CF A9 C4 B4 7C,fuel=100.00
1779899778.408,0x300,8,02 A8 4F 93 19 14 D7 C9,temp=42.00
1779899778.484,0x100,8,00 3A 0C 5D CA AC 6F 8E,speed=0.00
1779899778.624,0x200,8,E0 64 C5 61 4E D6 78 00,fuel=100.00
1779899778.681,0x300,8,02 D7 03 AA 98 F0 71 FC,temp=42.00
1779899778.770,0x100,8,00 3D 5F B2 38 56 28 14,speed=0.00
1779899778.856,0x200,8,CA 64 64 CD 05 07 76 10,fuel=100.00
1779899778.938,0x300,8,02 D5 71 69 A5 CC B9 47,temp=42.00
1779899779.056,0x100,8,00 2E 9E 64 6D 8A 94 EF,speed=0.00
1779899779.132,0x200,8,40 64 1E F1 C6 50 7E 41,fuel=100.00
1779899779.231,0x300,8,02 45 78 CC C3 BE D4 3E,temp=42.00
1779899779.310,0x100,8,00 A3 0E 2A 65 36 C5 17,speed=0.00
1779899779.425,0x200,8,C2 64 38 D9 0D 46 89 C0,fuel=100.00
1779899779.501,0x300,8,02 8E 15 96 E2 B6 0F 7B,temp=42.00
1779899779.593,0x100,8,00 FA C2 69 37 4A 67 39,speed=0.00
1779899779.700,0x200,8,17 64 86 20 EF C5 81 03,fuel=100.00
1779899779.783,0x300,8,02 83 B1 6C E9 F3 23 25,temp=42.00
1779899779.879,0x100,8,00 40 86 CF C6 B1 D4 79,speed=0.00
1779899779.974,0x200,8,ED 64 E7 38 D8 3F 58 DC,fuel=100.00
1779899780.059,0x300,8,02 EE C2 C1 F4 36 30 2F,temp=42.00
1779899780.193,0x100,8,00 F6 5C 0D 3C F4 CC 02,speed=0.00
1779899780.265,0x200,8,ED 64 A6 41 AC 2D 51 7B,fuel=100.00
1779899780.341,0x300,8,02 F3 FF 4F 31 2A 51 72,temp=42.00
1779899780.444,0x100,8,00 FB 77 A5 7E 43 DB 3C,speed=0.00
1779899780.560,0x200,8,EB 64 5F DF 52 F9 D3 4E,fuel=100.00
1779899780.643,0x300,8,02 A4 29 6C A1 73 04 FC,temp=42.00
1779899780.722,0x100,8,00 0D 42 38 8B 7C 29 3C,speed=0.00
1779899780.818,0x200,8,E3 64 0D 3A 40 65 6E A3,fuel=100.00
1779899780.901,0x300,8,02 AF AC 62 2E AF 74 D7,temp=42.00
1779899781.012,0x100,8,00 73 9E 19 8F F7 11 35,speed=0.00
1779899781.108,0x200,8,DE 64 FE 5B 38 D7 DF 1E,fuel=100.00
1779899781.183,0x300,8,02 24 E0 96 95 8A 50 01,temp=42.00
1779899781.280,0x100,8,00 9A B0 10 01 63 9A E5,speed=0.00
1779899781.384,0x200,8,55 64 D9 66 DE 1D C4 2E,fuel=100.00
1779899781.495,0x300,8,02 53 6F 07 BA F5 6A 7A,temp=42.00
1779899781.575,0x100,8,00 65 6B EC C3 9F 4F DF,speed=0.00
1779899781.655,0x200,8,0E 64 11 4C 8A A3 4F 07,fuel=100.00
1779899781.756,0x300,8,02 19 94 EC D6 49 D8 75,temp=42.00
1779899781.858,0x100,8,00 9F 51 52 B9 80 78 E8,speed=0.00
1779899781.952,0x200,8,88 64 77 D0 E5 A6 33 16,fuel=100.00
1779899782.030,0x300,8,02 32 FF 22 95 27 5C 9A,temp=42.00
1779899782.135,0x100,8,00 32 6E 12 02 75 FC A8,speed=0.00
1779899782.242,0x200,8,F1 64 C3 41 8C 13 79 A6,fuel=100.00
1779899782.309,0x300,8,02 A5 A8 41 72 36 FD CF,temp=42.00
1779899782.430,0x100,8,00 4B 68 01 79 07 A4 EA,speed=0.00
1779899782.513,0x200,8,59 64 A8 0E A0 7C 4C 8F,fuel=100.00
1779899782.600,0x300,8,02 11 DC E1 EE 63 15 7C,temp=42.00
1779899782.687,0x100,8,00 5F C1 7D 8D 8B 4D 12,speed=0.00
1779899782.794,0x200,8,9A 64 FD 54 99 EC 72 2D,fuel=100.00
1779899782.908,0x300,8,02 42 36 F5 AF 74 5E 8D,temp=42.00
1779899782.975,0x100,8,00 0B F5 20 1E 6C B8 50,speed=0.00
1779899783.074,0x200,8,54 64 E3 42 67 5E D3 3E,fuel=100.00
1779899783.177,0x300,8,02 0C EB 69 39 10 17 A0,temp=42.00
1779899783.250,0x100,8,00 32 5E 83 D0 35 A7 9C,speed=0.00
1779899783.346,0x200,8,D7 64 90 8F D1 D7 3D 31,fuel=100.00
1779899783.434,0x300,8,02 70 46 08 CC 12 0C F3,temp=42.00
1779899783.534,0x100,8,00 38 8F 19 85 C2 CE D5,speed=0.00
1779899783.643,0x200,8,C9 64 24 EC 58 89 46 43,fuel=100.00
1779899783.719,0x300,8,02 41 5F AC AF 73 35 34,temp=42.00
1779899783.831,0x100,8,00 6E E1 8F B5 D0 49 5E,speed=0.00
1779899783.913,0x200,8,CE 64 4C 43 35 14 A4 E0,fuel=100.00
1779899784.006,0x300,8,02 9B 4C CF 4C 5E B6 E2,temp=42.00
1779899784.100,0x100,8,00 EB FE 5B FE 84 EB 02,speed=0.00
1779899784.189,0x200,8,1F 64 24 A1 52 8E 79 4E,fuel=100.00
1779899784.275,0x300,8,02 00 0E 46 8B 05 A7 E6,temp=42.00
1779899784.394,0x100,8,00 FC E9 18 D5 6B 49 BF,speed=0.00
1779899784.482,0x200,8,DB 64 2A FF 1F 1F 1A 7F,fuel=100.00
1779899784.566,0x300,8,02 C7 32 18 50 D8 CB 0B,temp=42.00
1779899784.659,0x100,8,00 80 86 04 2D 15 5F 39,speed=0.00
1779899784.756,0x200,8,D3 64 A6 30 AC F0 A8 7B,fuel=100.00
1779899784.848,0x300,8,02 72 B0 41 19 23 9E 7C,temp=42.00
1779899784.937,0x100,8,00 03 A3 21 C1 C5 59 98,speed=0.00
1779899785.036,0x200,8,66 64 B2 87 A5 C8 91 8D,fuel=100.00
1779899785.153,0x300,8,02 B2 36 85 23 A8 31 47,temp=42.00
1779899785.234,0x100,8,00 D5 45 8E 94 AF 02 66,speed=0.00
1779899785.330,0x200,8,7B 64 AE 10 E5 E5 F5 4C,fuel=100.00
1779899785.411,0x300,8,02 60 B7 C6 E0 8B 96 B8,temp=42.00
1779899785.500,0x100,8,00 59 45 36 2E 8F DF F6,speed=0.00
1779899785.626,0x200,8,C9 64 B3 46 FA AC 8A BA,fuel=100.00
1779899785.695,0x300,8,02 0D 16 01 B6 CD 90 7E,temp=42.00
1779899785.797,0x100,8,00 B4 D2 C8 E1 FE 4D 06,speed=0.00
1779899785.877,0x200,8,98 64 13 58 3C CC 8D A6,fuel=100.00
1779899785.968,0x300,8,02 23 49 B5 0B E9 29 18,temp=42.00
1779899786.071,0x100,8,00 02 21 C2 8F A3 48 F7,speed=0.00
1779899786.173,0x200,8,52 64 DD CA 4B E4 7D BD,fuel=100.00
1779899786.263,0x300,8,02 68 A3 75 64 21 12 5C,temp=42.00
1779899786.357,0x100,8,00 9D A8 FA 9C A3 D5 CC,speed=0.00
1779899786.453,0x200,8,5F 64 EF 3D 2E 61 72 D3,fuel=100.00
1779899786.531,0x300,8,02 36 19 64 AB 43 A4 97,temp=42.00
1779899786.642,0x100,8,00 2A E4 4A 0E 36 A3 4C,speed=0.00
1779899786.747,0x200,8,33 64 6B 9A AD B4 C4 6D,fuel=100.00
1779899786.818,0x300,8,02 3E AE FA 1D 14 C0 35,temp=42.00
1779899786.928,0x100,8,00 7F 36 B3 73 52 61 02,speed=0.00
1779899787.014,0x200,8,2F 64 25 04 13 C8 7C 7D,fuel=100.00
1779899787.106,0x300,8,02 C5 D4 E0 02 CD 2D E0,temp=42.00
1779899787.194,0x100,8,00 DF FA D9 AF E4 17 02,speed=0.00
1779899787.287,0x200,8,D9 64 8C 27 44 11 62 41,fuel=100.00
1779899787.387,0x300,8,02 94 43 51 98 02 20 2D,temp=42.00
1779899787.487,0x100,8,00 E7 BD 31 96 59 67 03,speed=0.00
1779899787.572,0x200,8,36 64 66 77 F6 72 66 71,fuel=100.00
1779899787.731,0x300,8,02 A0 FF AD 05 BE E1 E8,temp=42.00
1779899787.764,0x100,8,00 57 EF D6 73 F4 A2 A0,speed=0.00
1779899787.854,0x200,8,08 64 6D 09 CD F1 79 4D,fuel=100.00
1779899787.947,0x300,8,02 6D 88 3A 00 47 1D 72,temp=42.00
1779899788.049,0x100,8,00 92 7C 83 BF 1C FF 11,speed=0.00
1779899788.144,0x200,8,05 64 4B 98 9D 30 6D 36,fuel=100.00
1779899788.233,0x300,8,02 E3 D4 EA C9 B1 7C B5,temp=42.00
1779899788.339,0x100,8,00 5C 7C 33 A7 49 9D CE,speed=0.00
1779899788.433,0x200,8,BA 64 6F 1E D9 39 BB F1,fuel=100.00
1779899788.524,0x300,8,02 4E 38 AC F2 3B A7 56,temp=42.00
1779899788.591,0x100,8,00 CD AC F6 5A 30 BC 57,speed=0.00
1779899788.701,0x200,8,5F 64 E5 E2 A4 37 9C C5,fuel=100.00
1779899788.812,0x300,8,02 4A 29 E7 C3 4E 20 A1,temp=42.00
1779899788.871,0x100,8,00 5E 79 0A FF DC E5 98,speed=0.00
1779899788.969,0x200,8,C4 64 2C EB A4 42 21 3D,fuel=100.00
1779899789.067,0x300,8,02 ED 80 AB C3 6E 27 77,temp=42.00
1779899789.158,0x100,8,00 0E AD 41 4A ED 59 EF,speed=0.00
1779899789.267,0x200,8,E6 64 52 79 30 7D D0 3D,fuel=100.00
1779899789.355,0x300,8,02 BC AE 51 48 96 E4 F5,temp=42.00
1779899789.433,0x100,8,00 9A 88 9B 6A 30 82 DD,speed=0.00
1779899789.537,0x200,8,78 64 93 83 87 3C 52 62,fuel=100.00
1779899789.642,0x300,8,02 7B D6 90 97 3C 35 D2,temp=42.00
1779899789.715,0x100,8,00 4A 65 CF 0F FF 44 CD,speed=0.00
1779899789.825,0x200,8,3B 64 F8 C9 48 7C 23 3C,fuel=100.00
1779899789.909,0x300,8,02 44 B9 FF D9 C3 97 00,temp=42.00
1779899790.015,0x100,8,00 DE 6F F3 90 31 0A 32,speed=0.00
1779899790.106,0x200,8,BF 64 A8 8B 24 DB D7 1C,fuel=100.00
1779899790.187,0x300,8,02 72 82 BE 4B 06 29 96,temp=42.00
1779899790.291,0x100,8,00 ED 0C C1 A1 C5 8A 19,speed=0.00
1779899790.380,0x200,8,40 64 8E B6 90 28 FB 31,fuel=100.00
1779899790.479,0x300,8,02 DF BE 63 4E 2A F9 0A,temp=42.00
1779899790.598,0x100,8,00 4F 68 C6 7F 75 F0 11,speed=0.00
1779899790.666,0x200,8,15 64 99 51 2C 70 3C 4E,fuel=100.00
1779899790.751,0x300,8,02 60 CF FC 33 B6 E3 86,temp=42.00
1779899790.847,0x100,8,00 42 C2 C9 D9 F7 EF 61,speed=0.00
1779899790.942,0x200,8,97 64 35 0E E3 55 4C FC,fuel=100.00
1779899791.031,0x300,8,02 39 EE 94 22 62 15 21,temp=42.00
1779899791.152,0x100,8,00 BD 18 AC 00 8B A4 E2,speed=0.00
1779899791.226,0x200,8,47 64 3D 67 AD 18 C7 73,fuel=100.00
1779899791.324,0x300,8,02 8F B0 87 A6 B4 7E C4,temp=42.00
1779899791.431,0x100,8,00 98 FA 54 06 2B 7E 93,speed=0.00
1779899791.502,0x200,8,64 64 81 85 FC 81 E2 D5,fuel=100.00
1779899791.604,0x300,8,02 BE FE A1 74 9F 6F B1,temp=42.00
1779899791.682,0x100,8,00 CD AC C8 3D 96 10 85,speed=0.00
1779899791.785,0x200,8,C1 64 A5 D5 60 B2 CD AA,fuel=100.00
1779899791.905,0x300,8,02 D6 1E 69 27 E2 AA 2D,temp=42.00
1779899791.986,0x100,8,00 0C 93 AA 47 D7 3F 08,speed=0.00
1779899792.069,0x200,8,31 64 76 4E 4E 59 4E 15,fuel=100.00
1779899792.166,0x300,8,02 8C C4 FA D7 71 B5 6E,temp=42.00
1779899792.256,0x100,8,00 CD 11 8F 41 76 E1 2F,speed=0.00
1779899792.367,0x200,8,4B 64 2C 5E DE 96 59 92,fuel=100.00
1779899792.438,0x300,8,02 B8 55 44 2A 09 DF 52,temp=42.00
1779899792.547,0x100,8,00 B4 D2 3B E0 38 45 B8,speed=0.00
1779899792.642,0x200,8,3A 64 D1 50 0F 87 CE 34,fuel=100.00
1779899792.731,0x300,8,02 07 5D BA AF FC BE 7D,temp=42.00
1779899792.819,0x100,8,00 56 2D 4B 70 81 49 2A,speed=0.00
1779899792.925,0x200,8,D6 64 91 E9 0E 96 9B 96,fuel=100.00
1779899793.019,0x300,8,02 52 0C 50 9B 87 BC 2F,temp=42.00
1779899793.104,0x100,8,00 D8 AC 79 63 A8 6D E4,speed=0.00
1779899793.197,0x200,8,16 64 E3 1C F6 C1 FD 15,fuel=100.00
1779899793.313,0x300,8,02 5A 9B 4D 74 21 3F B3,temp=42.00
1779899793.400,0x100,8,00 FD 8E 45 8D 1D F3 01,speed=0.00
1779899793.479,0x200,8,76 64 8B 00 C6 D4 22 CD,fuel=100.00
1779899793.575,0x300,8,02 8D CD AF BD 71 02 B3,temp=42.00
1779899793.663,0x100,8,00 3B C9 EA 10 7D 12 AC,speed=0.00
1779899793.758,0x200,8,C7 64 B7 56 CA 5C EB 5E,fuel=100.00
1779899793.873,0x300,8,02 67 50 04 63 CA 36 FF,temp=42.00
1779899793.932,0x100,8,00 BB 6A D5 88 1A 28 3F,speed=0.00
1779899794.027,0x200,8,D9 64 E6 3D 4F 32 0D 68,fuel=100.00
1779899794.134,0x300,8,02 95 3C BA 1F AC E4 A6,temp=42.00
1779899794.220,0x100,8,00 18 65 20 7F C4 A7 84,speed=0.00
1779899794.321,0x200,8,71 64 9F F0 30 59 4E 66,fuel=100.00
1779899794.419,0x300,8,02 43 51 EF 16 34 A8 B8,temp=42.00
1779899794.495,0x100,8,00 D3 70 39 A9 09 7D BD,speed=0.00
1779899794.595,0x200,8,9D 64 76 F5 5C BB 35 FE,fuel=100.00
1779899794.684,0x300,8,02 6A D4 F9 18 DA EE E5,temp=42.00
1779899794.791,0x100,8,00 96 E5 55 83 0A 55 A9,speed=0.00
1779899794.885,0x200,8,D5 64 97 F3 2B D0 0F BF,fuel=100.00
1779899794.966,0x300,8,02 FC 0C 61 29 17 B8 73,temp=42.00
1779899795.067,0x100,8,00 0C C4 8E 68 34 A0 6B,speed=0.00
1779899795.177,0x200,8,A0 64 05 F2 B5 1D 16 9E,fuel=100.00
1779899795.247,0x300,8,02 84 41 DB 43 F0 83 90,temp=42.00
1779899795.372,0x100,8,00 E8 ED F0 77 17 D5 EE,speed=0.00
1779899795.470,0x200,8,E2 64 DE A9 25 02 BF 77,fuel=100.00
1779899795.547,0x300,8,02 79 84 A2 32 E0 2A D8,temp=42.00
1779899795.629,0x100,8,00 47 E7 A8 E8 46 24 06,speed=0.00
1779899795.738,0x200,8,47 64 95 67 40 7D 3E 87,fuel=100.00
1779899795.819,0x300,8,02 43 8A 95 1F 23 A1 9B,temp=42.00
1779899795.924,0x100,8,00 87 52 09 4C 37 2B 79,speed=0.00
1779899796.005,0x200,8,6E 64 5E 51 4B 1F 59 48,fuel=100.00
1779899796.091,0x300,8,02 DB 79 6A 34 B3 25 3C,temp=42.00
1779899796.185,0x100,8,00 6D 5F CB EE 9B EE 5D,speed=0.00
1779899796.284,0x200,8,6A 64 93 B0 24 FF 9C 3A,fuel=100.00
1779899796.376,0x300,8,02 50 43 E5 C1 7B 0E AA,temp=42.00
1779899796.495,0x100,8,00 A8 1A 07 50 2D 0E 97,speed=0.00
1779899796.575,0x200,8,79 64 15 0C 09 D2 07 8D,fuel=100.00
1779899796.675,0x300,8,02 1C 86 07 E6 3F 1B 24,temp=42.00
1779899796.776,0x100,8,00 9E 24 CF DD E2 7F 71,speed=0.00
1779899796.853,0x200,8,A6 64 D5 D0 45 97 53 32,fuel=100.00
1779899796.939,0x300,8,02 E1 0C 3A 34 6C BD 51,temp=42.00
1779899797.027,0x100,8,00 0F 44 60 24 F2 64 5A,speed=0.00
1779899797.150,0x200,8,A5 64 3E C8 92 1F 14 E5,fuel=100.00
1779899797.225,0x300,8,02 4A 9F 20 B9 31 DF 36,temp=42.00
1779899797.316,0x100,8,00 6F 2B 32 19 7D 44 AD,speed=0.00
1779899797.436,0x200,8,8E 64 27 D1 9C EC A2 7E,fuel=100.00
1779899797.524,0x300,8,02 14 B5 6E F2 68 A1 3E,temp=42.00
1779899797.624,0x100,8,00 71 82 81 78 B1 8C 57,speed=0.00
1779899797.687,0x200,8,ED 64 06 79 ED 43 E7 E1,fuel=100.00
1779899797.805,0x300,8,02 D1 51 5F B7 4A 2A A8,temp=42.00
1779899797.899,0x100,8,00 AF 22 D3 52 A4 1F 8E,speed=0.00
1779899797.969,0x200,8,43 64 3C 98 AD E9 1D 77,fuel=100.00
1779899798.066,0x300,8,02 04 9D 0A 84 C1 6E BD,temp=42.00
1779899798.169,0x100,8,00 AC 56 D1 60 15 EF 52,speed=0.00
1779899798.255,0x200,8,07 64 B8 CE 52 12 37 39,fuel=100.00
1779899798.352,0x300,8,02 64 54 66 41 DF 45 49,temp=42.00
1779899798.441,0x100,8,00 72 74 7D 31 DD 51 3E,speed=0.00
1779899798.526,0x200,8,54 64 B0 96 D5 D9 0A B6,fuel=100.00
1779899798.622,0x300,8,02 0C 5B 2F B2 15 84 99,temp=42.00
1779899798.716,0x100,8,00 9F FF 3F 57 A4 A7 49,speed=0.00
1779899798.815,0x200,8,8E 64 D8 11 D3 50 82 96,fuel=100.00
1779899798.903,0x300,8,02 5E CF 7B 01 23 B8 B2,temp=42.00
1779899799.019,0x100,8,00 83 66 37 5A 23 C6 B1,speed=0.00
1779899799.093,0x200,8,56 64 50 2A 72 5A B4 1F,fuel=100.00
1779899799.188,0x300,8,02 38 14 00 2A 7E 09 67,temp=42.00
1779899799.295,0x100,8,00 1A C6 01 64 99 48 99,speed=0.00
1779899799.387,0x200,8,5E 64 22 22 FB AB EC 76,fuel=100.00
1779899799.488,0x300,8,02 40 B6 F7 62 00 A6 D4,temp=42.00
1779899799.571,0x100,8,00 6B 28 C3 3E 7D D9 53,speed=0.00
1779899799.666,0x200,8,0A 64 5E 54 AC 2D 6C 7A,fuel=100.00
1779899799.750,0x300,8,02 08 2F 02 47 81 80 DD,temp=42.00
1779899799.853,0x100,8,00 20 F0 97 A9 67 D8 E4,speed=0.00
1779899799.951,0x200,8,15 64 BF 53 ED DD 8A 92,fuel=100.00
1779899800.034,0x300,8,02 78 F2 18 30 59 CC F6,temp=42.00
1779899800.141,0x100,8,00 09 83 51 D5 F1 B6 CE,speed=0.00
1779899800.216,0x200,8,96 64 16 98 46 ED 70 5A,fuel=100.00
1779899800.333,0x300,8,02 28 95 AE 91 BF 6C 16,temp=42.00
1779899800.436,0x100,8,00 41 97 EC 17 41 3B 26,speed=0.00
1779899800.503,0x200,8,D6 64 A0 E0 F0 6B D8 43,fuel=100.00
1779899800.613,0x300,8,02 25 0B AD AB E5 D7 6F,temp=42.00
1779899800.689,0x100,8,00 58 3C A5 67 7C E2 7C,speed=0.00
1779899800.787,0x200,8,18 64 13 1E 7D A9 10 8A,fuel=100.00
1779899800.878,0x300,8,02 85 14 D2 33 E8 EF B8,temp=42.00
1779899800.975,0x100,8,00 FF B9 0E CE D0 F2 03,speed=0.00
1779899801.073,0x200,8,A5 64 FC 07 F7 C9 A9 67,fuel=100.00
1779899801.164,0x300,8,02 CD F5 0F D3 00 25 B3,temp=42.00
1779899801.264,0x100,8,00 FC 3F 67 24 D0 F7 29,speed=0.00
1779899801.345,0x200,8,54 64 33 02 06 05 59 38,fuel=100.00
1779899801.435,0x300,8,02 96 00 30 38 37 50 DF,temp=42.00
1779899801.574,0x100,8,00 42 CE 04 D6 4D 08 5E,speed=0.00
1779899801.627,0x200,8,E5 64 45 C4 7F D5 E9 8D,fuel=100.00
1779899801.745,0x300,8,02 E6 60 76 A9 1A 7B 56,temp=42.00
1779899801.826,0x100,8,00 02 46 4C 10 D7 83 18,speed=0.00
1779899801.900,0x200,8,C7 64 DC A8 41 C6 BF 7B,fuel=100.00
1779899801.997,0x300,8,02 EC E5 29 AC 65 3E EB,temp=42.00
1779899802.106,0x100,8,00 18 F4 AA 70 83 7C 07,speed=0.00
1779899802.197,0x200,8,F4 64 75 3F 76 50 95 29,fuel=100.00
1779899802.275,0x300,8,02 D9 81 81 66 60 A8 B4,temp=42.00
1779899802.381,0x100,8,00 16 A2 2B 21 EB A2 06,speed=0.00
1779899802.485,0x200,8,64 64 5A 4C 5B 59 96 B5,fuel=100.00
1779899802.570,0x300,8,02 25 A2 18 B2 F8 02 28,temp=42.00
1779899802.668,0x100,8,00 E9 7E 8C DD AD 8A 5A,speed=0.00
1779899802.749,0x200,8,78 64 8E F2 E2 86 04 E9,fuel=100.00
1779899802.861,0x300,8,02 49 D4 5E 64 7E 6D B0,temp=42.00
1779899802.936,0x100,8,00 F4 61 A4 03 18 8B D1,speed=0.00
1779899803.030,0x200,8,4F 64 22 19 9A 59 69 67,fuel=100.00
1779899803.150,0x300,8,02 2B CC BC 75 FC 23 64,temp=42.00
1779899803.222,0x100,8,00 7A 4C 8D 24 9A 66 83,speed=0.00
1779899803.331,0x200,8,C9 64 21 49 0B 02 A2 8B,fuel=100.00
1779899803.413,0x300,8,02 93 01 2C F3 54 2B 2F,temp=42.00
1779899803.505,0x100,8,00 AF 06 A3 76 73 B2 1E,speed=0.00
1779899803.593,0x200,8,59 64 2F FB 44 77 85 EF,fuel=100.00
1779899803.685,0x300,8,02 43 11 83 F9 57 06 C8,temp=42.00
1779899803.811,0x100,8,00 59 05 94 53 59 4B D1,speed=0.00
1779899803.893,0x200,8,D1 64 68 DF 5F 3A BD EA,fuel=100.00
1779899803.970,0x300,8,02 D6 A2 5B AE D9 20 82,temp=42.00
1779899804.065,0x100,8,00 D1 0F BD DD FF 7E 97,speed=0.00
1779899804.156,0x200,8,24 64 36 7A 41 07 64 C5,fuel=100.00
1779899804.253,0x300,8,02 B3 07 D6 EB EE E6 E6,temp=42.00
1779899804.354,0x100,8,00 CA A8 09 A6 BA AF 5B,speed=0.00
1779899804.462,0x200,8,AF 64 9B 2E 66 30 46 63,fuel=100.00
1779899804.548,0x300,8,02 96 EF 1A 2E 0C F3 E1,temp=42.00
1779899804.658,0x100,8,00 22 7F 74 1C C0 B8 7D,speed=0.00
1779899804.732,0x200,8,6D 64 51 99 DF 8F F3 CF,fuel=100.00
1779899804.823,0x300,8,02 DA BF AB 7C 49 AB 9D,temp=42.00
1779899804.940,0x100,8,00 39 47 2B CE 53 BA 8A,speed=0.00
1779899805.011,0x200,8,04 64 64 8E 92 F2 60 7D,fuel=100.00
1779899805.119,0x300,8,02 B9 D3 CB F6 A3 59 D5,temp=42.00
1779899805.216,0x100,8,00 1E CE 97 E5 6C F9 89,speed=0.00
1779899805.313,0x200,8,D5 64 96 9B 8D B5 13 3A,fuel=100.00
1779899805.407,0x300,8,02 9B DF FC BA 89 51 C9,temp=42.00
1779899805.482,0x100,8,00 C1 AA 34 F6 8C 53 3D,speed=0.00
1779899805.614,0x200,8,D6 64 9C 95 EF 45 79 5E,fuel=100.00
1779899805.678,0x300,8,02 20 7D 35 6F F1 A1 88,temp=42.00
1779899805.781,0x100,8,00 C4 35 DD 6F 27 B2 6E,speed=0.00
1779899805.857,0x200,8,BB 64 2E BF A9 02 A0 60,fuel=100.00
1779899805.959,0x300,8,02 F6 F7 18 7B 65 59 29,temp=42.00
1779899806.051,0x100,8,00 97 8D 1F 14 7E B2 31,speed=0.00
1779899806.148,0x200,8,F8 64 A3 DD C1 8C 9D 78,fuel=100.00
1779899806.234,0x300,8,02 5B 85 C8 EA CE 48 7A,temp=42.00
1779899806.325,0x100,8,00 C2 B3 15 FE 0B 3D 22,speed=0.00
1779899806.418,0x200,8,47 64 7B 2A 6A F8 0C F0,fuel=100.00
1779899806.528,0x300,8,02 01 1F 65 03 A1 35 49,temp=42.00
1779899806.610,0x100,8,00 65 15 79 F2 B0 FB 94,speed=0.00
1779899806.750,0x200,8,80 64 A0 A4 AD 30 25 E5,fuel=100.00
1779899806.795,0x300,8,02 BF B8 8E 99 25 52 69,temp=42.00
1779899806.886,0x100,8,00 58 CF 36 F4 C7 64 E5,speed=0.00
1779899806.990,0x200,8,55 64 41 08 CD 41 72 63,fuel=100.00
1779899807.095,0x300,8,02 C0 2C 5A F7 85 FD 6D,temp=42.00
1779899807.202,0x100,8,00 EA 7E 98 1B F7 C1 B4,speed=0.00
1779899807.271,0x200,8,D3 64 49 CD A8 1F F2 F1,fuel=100.00
1779899807.362,0x300,8,02 98 34 B6 46 50 C5 0A,temp=42.00
1779899807.483,0x100,8,00 2E D4 E7 7D FC 9B 9A,speed=0.00
1779899807.550,0x200,8,32 64 91 5A 1F 96 C4 76,fuel=100.00
1779899807.695,0x300,8,02 4E 8D D4 78 22 14 48,temp=42.00
1779899807.741,0x100,8,00 BC 60 94 AB EA D9 A3,speed=0.00
1779899807.833,0x200,8,AB 64 0D 01 69 D1 2A B0,fuel=100.00
1779899807.938,0x300,8,02 DB CC D8 AE 22 7D D5,temp=42.00
1779899808.045,0x100,8,00 F4 BC 01 98 FA 2A 09,speed=0.00
1779899808.132,0x200,8,A7 64 EE D7 45 33 BA 22,fuel=100.00
1779899808.248,0x300,8,02 20 74 8A 94 72 2F 7A,temp=42.00
1779899808.326,0x100,8,00 05 31 F4 35 0A 66 57,speed=0.00
1779899808.409,0x200,8,6B 64 F8 7F 2E 47 9A E8,fuel=100.00
1779899808.520,0x300,8,02 A2 8B CF F7 5D 1F D9,temp=42.00
1779899808.601,0x100,8,00 C3 23 CC 9D 91 9A DC,speed=0.00
1779899808.683,0x200,8,28 64 56 20 9A 32 84 80,fuel=100.00
1779899808.774,0x300,8,02 76 C1 A1 DE 9A CF 3D,temp=42.00
1779899808.893,0x100,8,00 F6 AD C7 AE E2 0F E1,speed=0.00
1779899808.981,0x200,8,FD 64 D0 40 C2 48 9F CD,fuel=100.00
1779899809.066,0x300,8,02 F9 93 18 2C 73 7D 7B,temp=42.00
1779899809.164,0x100,8,00 04 7E 53 8F E3 BC CD,speed=0.00
1779899809.260,0x200,8,68 64 E0 75 CD 49 C6 A0,fuel=100.00
1779899809.362,0x300,8,02 33 EC 1F 0E 3D 8F B2,temp=42.00
1779899809.435,0x100,8,00 5C 2D 36 7A B3 74 9C,speed=0.00
1779899809.536,0x200,8,44 64 03 81 B6 36 51 30,fuel=100.00
1779899809.625,0x300,8,02 BE 0C 39 47 62 64 1B,temp=42.00
1779899809.742,0x100,8,00 EE 78 C8 D3 33 E0 D7,speed=0.00
1779899809.822,0x200,8,D2 64 50 C5 F8 38 E6 AE,fuel=100.00
1779899809.907,0x300,8,02 D2 53 35 FE 8B E7 73,temp=42.00
1779899810.001,0x100,8,00 1D 3A FA 84 8D B3 CF,speed=0.00
1779899810.093,0x200,8,97 64 80 72 5C AD 14 8D,fuel=100.00
1779899810.197,0x300,8,02 0C D5 2E 09 23 C0 0C,temp=42.00
1779899810.314,0x100,8,00 7C 32 CB 83 02 E0 FB,speed=0.00
1779899810.397,0x200,8,83 64 74 E2 25 3F 48 6F,fuel=100.00
1779899810.478,0x300,8,02 C5 D4 CF 39 8F F4 1F,temp=42.00
1779899810.570,0x100,8,00 33 B6 EA 1C E2 55 B2,speed=0.00
1779899810.665,0x200,8,EB 64 A9 B1 79 46 65 88,fuel=100.00
1779899810.756,0x300,8,02 D8 B2 5F 21 B8 3A 33,temp=42.00
1779899810.865,0x100,8,00 76 B3 FA 43 C0 48 B6,speed=0.00
1779899810.942,0x200,8,8A 64 79 AD 60 10 82 7C,fuel=100.00
1779899811.065,0x300,8,02 17 AF AC 52 5E EE 98,temp=42.00
1779899811.153,0x100,8,00 D6 04 20 94 AD C9 EB,speed=0.00
1779899811.214,0x200,8,00 64 48 F5 61 04 7E 98,fuel=100.00
1779899811.319,0x300,8,02 17 79 F6 71 5E 4A 85,temp=42.00
1779899811.423,0x100,8,00 68 0D 9A F1 CB 78 29,speed=0.00
1779899811.503,0x200,8,7E 64 5C BC 9C 2D 52 06,fuel=100.00
1779899811.634,0x300,8,02 68 00 93 3C E9 71 41,temp=42.00
1779899811.692,0x100,8,00 66 A7 3F B6 F1 E9 C5,speed=0.00
1779899811.780,0x200,8,63 64 69 96 19 5C 74 AA,fuel=100.00
1779899811.889,0x300,8,02 50 A3 97 53 FC 88 FC,temp=42.00
1779899811.993,0x100,8,00 BD E3 B9 A0 46 C9 53,speed=0.00
1779899812.061,0x200,8,82 64 2B D9 24 B2 49 88,fuel=100.00
1779899812.154,0x300,8,02 71 6D 83 5A 79 5E 91,temp=42.00
1779899812.273,0x100,8,00 7C C1 60 DE DC 2A 0E,speed=0.00
1779899812.347,0x200,8,83 64 DA B2 D0 D9 DB 74,fuel=100.00
1779899812.432,0x300,8,02 6D AB D8 86 BC 79 37,temp=42.00
1779899812.527,0x100,8,00 50 52 53 53 D8 50 9D,speed=0.00
1779899812.619,0x200,8,4F 64 E2 16 6B 99 C2 68,fuel=100.00
1779899812.740,0x300,8,02 3A 3A 15 DE CC 13 CD,temp=42.00
1779899812.821,0x100,8,00 EE B3 C3 2A CE B9 1D,speed=0.00
1779899812.910,0x200,8,D0 64 70 7A 26 8C B4 14,fuel=100.00
1779899813.012,0x300,8,02 F7 BE B8 4F 07 E7 77,temp=42.00
1779899813.091,0x100,8,00 8F E2 AE 1B 90 88 D2,speed=0.00
1779899813.218,0x200,8,B2 64 BC EE 37 63 35 D1,fuel=100.00
1779899813.295,0x300,8,02 B3 D6 64 13 F3 BE 55,temp=42.00
1779899813.397,0x100,8,00 66 3E EF 08 A0 D8 C7,speed=0.00
1779899813.471,0x200,8,8D 64 09 88 F0 4C C5 90,fuel=100.00
1779899813.601,0x300,8,02 CD AF 7F D4 21 48 F4,temp=42.00
1779899813.657,0x100,8,00 27 E0 3A A4 A3 C1 FC,speed=0.00
1779899813.762,0x200,8,08 64 6E 0E EC 85 E8 70,fuel=100.00
1779899813.842,0x300,8,02 6C D3 8D 62 02 DB 70,temp=42.00
1779899813.958,0x100,8,00 7A 21 40 D3 DB D1 B0,speed=0.00
1779899814.036,0x200,8,CF 64 25 6F 4F 8A 67 54,fuel=100.00
1779899814.142,0x300,8,02 6A F2 1E B4 53 98 05,temp=42.00
1779899814.225,0x100,8,00 AE E3 D3 56 52 9D E8,speed=0.00
1779899814.321,0x200,8,B1 64 98 28 F5 92 5B 5D,fuel=100.00
1779899814.415,0x300,8,02 B3 28 70 10 40 30 98,temp=42.00
1779899814.519,0x100,8,00 40 6A BB EB 8C F8 7A,speed=0.00
1779899814.601,0x200,8,2C 64 07 F0 A9 2B E8 BB,fuel=100.00
1779899814.686,0x300,8,02 E3 D9 FB 68 92 0D AB,temp=42.00
1779899814.800,0x100,8,00 0C AF B1 4B 65 2C BC,speed=0.00
1779899814.894,0x200,8,1D 64 33 66 E6 DB EE 70,fuel=100.00
1779899814.978,0x300,8,02 BF 22 3E 83 97 D7 81,temp=42.00
1779899815.066,0x100,8,00 69 92 F5 B5 39 0A 1E,speed=0.00
1779899815.155,0x200,8,7F 64 9D 4A 95 97 2C B9,fuel=100.00
1779899815.249,0x300,8,02 A3 4E 94 9C A6 24 DB,temp=42.00
1779899815.356,0x100,8,00 AE DE 48 CB B3 2A BD,speed=0.00
1779899815.448,0x200,8,54 64 69 EE AF 55 FC 95,fuel=100.00
1779899815.552,0x300,8,02 ED 5F 95 FE B4 6F E2,temp=42.00
1779899815.622,0x100,8,00 2D 7B 91 B5 5F 41 32,speed=0.00
1779899815.721,0x200,8,07 64 81 88 78 92 8D BA,fuel=100.00
1779899815.850,0x300,8,02 8C 2E 1E AC 1C 7A 2D,temp=42.00
1779899815.916,0x100,8,00 2E 97 8C 2F 74 CA B6,speed=0.00
1779899816.019,0x200,8,7C 64 0F D2 55 9A 0E 46,fuel=100.00
1779899816.101,0x300,8,02 AC 02 10 45 6F 36 C3,temp=42.00
1779899816.181,0x100,8,00 40 BE 9D A4 43 26 5B,speed=0.00
1779899816.307,0x200,8,2D 64 7F EC 7E 40 B5 2D,fuel=100.00
1779899816.399,0x300,8,02 EA 05 F7 2A 03 4F 17,temp=42.00
1779899816.479,0x100,8,00 F6 DF 80 32 27 B9 87,speed=0.00
1779899816.558,0x200,8,3C 64 F4 60 EE 70 7D F6,fuel=100.00
1779899816.672,0x300,8,02 BD 02 19 DB 27 9A DA,temp=42.00
1779899816.752,0x100,8,00 C7 82 9E 10 11 B0 86,speed=0.00
1779899816.843,0x200,8,14 64 FF FA E4 14 05 18,fuel=100.00
1779899816.938,0x300,8,02 31 00 16 3A A5 9F 17,temp=42.00
1779899817.053,0x100,8,00 BF 34 0E E2 19 84 20,speed=0.00
1779899817.155,0x200,8,34 64 E7 8F F1 70 15 E2,fuel=100.00
1779899817.222,0x300,8,02 80 EE BB 33 BB 6C 05,temp=42.00
1779899817.323,0x100,8,00 69 50 95 9E DE FA 60,speed=0.00
1779899817.407,0x200,8,F2 64 F4 1F 9F E9 90 F2,fuel=100.00
1779899817.506,0x300,8,02 EF A6 AF AD 6E E4 B1,temp=42.00
1779899817.630,0x100,8,00 3B 5F E2 F3 5F A6 21,speed=0.00
1779899817.716,0x200,8,28 64 BB 7A 45 08 CB 0C,fuel=100.00
1779899817.785,0x300,8,02 ED 3F 05 16 0C 9F 81,temp=42.00
1779899817.894,0x100,8,00 43 22 24 CB AE 5A 4F,speed=0.00
1779899817.972,0x200,8,D4 64 C2 3F CF A6 A1 61,fuel=100.00
1779899818.090,0x300,8,02 ED E1 D0 07 C1 46 0E,temp=42.00
1779899818.150,0x100,8,00 96 B5 9D 6A 6C B2 04,speed=0.00
1779899818.272,0x200,8,C3 64 AC 62 12 5B F7 3B,fuel=100.00
1779899818.382,0x300,8,02 97 D9 F3 77 26 29 B1,temp=42.00
1779899818.453,0x100,8,00 BA A4 5F C0 75 C3 30,speed=0.00
1779899818.533,0x200,8,37 64 B1 B4 F8 E9 2B 48,fuel=100.00
1779899818.634,0x300,8,02 F8 49 3D E1 2A 47 5D,temp=42.00
1779899818.711,0x100,8,00 41 83 40 AF 3C B3 D1,speed=0.00
1779899818.838,0x200,8,D5 64 1F 0E 2D A7 E0 2B,fuel=100.00
1779899818.918,0x300,8,02 3C 8F F1 E9 9D 35 81,temp=42.00
1779899819.022,0x100,8,00 60 04 52 BE 84 6A FF,speed=0.00
1779899819.123,0x200,8,B3 64 D2 A3 7B 72 88 E0,fuel=100.00
1779899819.187,0x300,8,02 CE F7 E5 37 E6 1C 14,temp=42.00
1779899819.324,0x100,8,00 D7 96 DA 5F A1 EF 80,speed=0.00
1779899819.380,0x200,8,4B 64 D5 B9 C3 99 68 D8,fuel=100.00
1779899819.477,0x300,8,02 E0 D3 E6 5A 0A E0 7F,temp=42.00
1779899819.562,0x100,8,00 A2 B2 8C 35 3E 69 98,speed=0.00
1779899819.657,0x200,8,90 64 54 9A CE DD 9F 77,fuel=100.00
1779899819.744,0x300,8,02 FA 01 9A 78 7C 43 2D,temp=42.00
1779899819.849,0x100,8,00 53 03 8B B6 E8 05 5C,speed=0.00
1779899819.944,0x200,8,4C 64 02 28 6F A6 3C 55,fuel=100.00
1779899820.037,0x300,8,02 5A EA EB EB 8B 07 F1,temp=42.00
1779899820.156,0x100,8,00 73 BB 8B FC 86 F8 E0,speed=0.00
1779899820.236,0x200,8,7B 64 82 88 65 37 46 7E,fuel=100.00
1779899820.309,0x300,8,02 4E 88 68 B3 DA 98 22,temp=42.00
1779899820.408,0x100,8,00 A9 CF 19 26 8B FB AF,speed=0.00
1779899820.504,0x200,8,07 64 9A 47 DA 9E CA 4F,fuel=100.00
1779899820.589,0x300,8,02 DC 22 35 80 14 04 57,temp=42.00
1779899820.687,0x100,8,00 86 CC 11 35 0C EF FA,speed=0.00
1779899820.786,0x200,8,42 64 77 72 B8 28 7D 7C,fuel=100.00
1779899820.891,0x300,8,02 2A A0 1D 06 F0 D1 E2,temp=42.00
1779899820.982,0x100,8,00 01 8E C9 CB C9 EC 07,speed=0.00
1779899821.065,0x200,8,C7 64 4D 1E 2B A9 62 B1,fuel=100.00
1779899821.166,0x300,8,02 E1 AB 91 B3 04 9A 49,temp=42.00
1779899821.256,0x100,8,00 DA 4A AB 34 83 98 53,speed=0.00
1779899821.350,0x200,8,29 64 29 68 4D 43 E3 60,fuel=100.00
1779899821.440,0x300,8,02 4C 30 48 9D 01 AB AA,temp=42.00
1779899821.541,0x100,8,00 C0 B0 8D 8E 17 0B FA,speed=0.00
1779899821.640,0x200,8,52 64 E1 CC E4 7B 8E 34,fuel=100.00
1779899821.716,0x300,8,02 4E C4 16 2F 0C 9A 6D,temp=42.00
1779899821.819,0x100,8,00 A0 26 4C D3 8A 11 FC,speed=0.00
1779899821.914,0x200,8,4D 64 3A 83 24 77 BA 8D,fuel=100.00
1779899822.001,0x300,8,02 B3 0E 9C A4 DE C5 23,temp=42.00
1779899822.096,0x100,8,00 B0 5B FF 03 EE 13 ED,speed=0.00
1779899822.210,0x200,8,60 64 B5 1D 45 4C 59 69,fuel=100.00
1779899822.296,0x300,8,02 36 DB AC 46 65 BB 2B,temp=42.00
1779899822.410,0x100,8,00 37 A1 EA B3 F4 EF 84,speed=0.00
1779899822.483,0x200,8,0E 64 0C F4 37 4F 6A FC,fuel=100.00
1779899822.570,0x300,8,02 6D 2F DD 73 35 9B 59,temp=42.00
1779899822.657,0x100,8,00 38 FB 8D B5 6F D5 6A,speed=0.00
1779899822.756,0x200,8,00 64 BB 1B 2E 78 DF 92,fuel=100.00
1779899822.848,0x300,8,02 EC B5 4D 41 81 48 32,temp=42.00
1779899822.936,0x100,8,00 AE B0 4D EB BE 51 E5,speed=0.00
1779899823.037,0x200,8,F0 64 5D 36 CF 4C 82 60,fuel=100.00
1779899823.137,0x300,8,02 73 DD 12 ED DF 09 EF,temp=42.00
1779899823.213,0x100,8,00 8E D2 AD B5 80 51 06,speed=0.00
1779899823.312,0x200,8,46 64 B1 AA 9B A5 32 B6,fuel=100.00
1779899823.431,0x300,8,02 C7 C6 47 22 22 A3 AC,temp=42.00
1779899823.501,0x100,8,00 7A 24 AE 04 EB 4D 3C,speed=0.00
1779899823.601,0x200,8,87 64 0C 4C 44 50 5B FF,fuel=100.00
1779899823.704,0x300,8,02 98 B7 13 19 4D 34 D4,temp=42.00
1779899823.789,0x100,8,00 11 59 6D 87 AA 67 99,speed=0.00
1779899823.883,0x200,8,7E 64 B9 C7 F2 84 83 0F,fuel=100.00
1779899823.980,0x300,8,02 05 2C A1 E9 B8 B8 20,temp=42.00
1779899824.089,0x100,8,00 87 63 10 C4 F0 E0 63,speed=0.00
1779899824.151,0x200,8,FC 64 4F 74 40 6B 36 17,fuel=100.00
1779899824.251,0x300,8,02 D0 68 5E 66 DB 1A 11,temp=42.00
1779899824.347,0x100,8,00 7E 71 11 3B 95 19 13,speed=0.00
1779899824.444,0x200,8,C1 64 FD 41 92 AC 94 F0,fuel=100.00
1779899824.542,0x300,8,02 5D 83 85 75 E7 36 6B,temp=42.00
1779899824.630,0x100,8,00 41 B5 B5 E8 F9 3B 97,speed=0.00
1779899824.713,0x200,8,0B 64 E6 ED FE 81 D1 85,fuel=100.00
1779899824.849,0x300,8,02 E2 4E 62 6E 0D 7F 95,temp=42.00
1779899824.930,0x100,8,00 D0 2D 43 27 58 D2 7F,speed=0.00
1779899825.003,0x200,8,E4 64 53 DD CF 58 81 23,fuel=100.00
1779899825.104,0x300,8,02 16 AB 1A 2B B1 02 AB,temp=42.00
1779899825.210,0x100,8,00 7E F2 0B 71 F9 CC AF,speed=0.00
1779899825.303,0x200,8,29 64 B8 0A C5 AD 53 99,fuel=100.00
1779899825.395,0x300,8,02 52 7F 1A 1E 23 FF 52,temp=42.00
1779899825.482,0x100,8,00 1F A3 17 C4 F4 79 4F,speed=0.00
1779899825.567,0x200,8,4D 64 D7 A8 82 AE A4 09,fuel=100.00
1779899825.655,0x300,8,02 F5 E4 FF D2 48 0D C4,temp=42.00
1779899825.767,0x100,8,00 87 35 29 FB 6F 2E FB,speed=0.00
1779899825.849,0x200,8,40 64 63 01 A3 BD B4 52,fuel=100.00
1779899825.963,0x300,8,02 D0 7B 1B E8 0A 4B 03,temp=42.00
1779899826.037,0x100,8,00 1E B0 DE B4 A7 44 29,speed=0.00
1779899826.128,0x200,8,C4 64 69 81 29 EB 8B EF,fuel=100.00
1779899826.228,0x300,8,02 4A 89 2F 61 B4 D0 1D,temp=42.00
1779899826.328,0x100,8,00 B6 38 9D C5 CB D7 45,speed=0.00
1779899826.431,0x200,8,03 64 40 A0 EF D7 34 1B,fuel=100.00
1779899826.508,0x300,8,02 DD 8E 85 D2 95 A0 38,temp=42.00
1779899826.602,0x100,8,00 60 3B 00 9E 0A 74 72,speed=0.00
1779899826.680,0x200,8,9F 64 C1 6A D6 57 37 41,fuel=100.00
1779899826.802,0x300,8,02 3C 01 0D F0 FE 7C E1,temp=42.00
1779899826.869,0x100,8,00 A5 38 01 2B 51 C3 09,speed=0.00
1779899826.967,0x200,8,33 64 B7 0B C3 9C DE 56,fuel=100.00
1779899827.076,0x300,8,02 60 56 FC BD 79 C0 D2,temp=42.00
1779899827.180,0x100,8,00 A3 B1 83 86 DC 1D 63,speed=0.00
1779899827.251,0x200,8,F4 64 A0 BE 37 AE 3F B7,fuel=100.00
1779899827.351,0x300,8,02 B7 EE 67 7D 73 A8 B5,temp=42.00
1779899827.438,0x100,8,00 1D A5 72 8C D4 1B 7F,speed=0.00
1779899827.541,0x200,8,36 64 D7 BA 32 49 21 81,fuel=100.00
1779899827.648,0x300,8,02 8C 8E 5C 11 AF 71 AB,temp=42.00
1779899827.719,0x100,8,00 0B 75 67 6F 7E CE 6F,speed=0.00
1779899827.816,0x200,8,91 64 CC 67 EC A8 DD DD,fuel=100.00
1779899827.927,0x300,8,02 5A 39 81 40 43 A0 58,temp=42.00
1779899828.017,0x100,8,00 39 E5 79 84 96 DB 61,speed=0.00
1779899828.107,0x200,8,7F 64 06 7F 86 E4 FF 69,fuel=100.00
1779899828.190,0x300,8,02 0B 61 67 2D 18 D4 FE,temp=42.00
1779899828.304,0x100,8,00 27 4C DD F6 E9 BD 3F,speed=0.00
1779899828.372,0x200,8,27 64 7D 13 B9 3B 4C 52,fuel=100.00
1779899828.487,0x300,8,02 DD 76 D2 A6 37 A3 92,temp=42.00
1779899828.563,0x100,8,00 DD D1 3B EB 6A 9F F6,speed=0.00
1779899828.665,0x200,8,DC 64 6E C5 EC 28 6A 18,fuel=100.00
1779899828.758,0x300,8,02 65 3B 5B EA 5D BE CD,temp=42.00
1779899828.866,0x100,8,00 C3 FB E7 E1 DB 03 F6,speed=0.00
1779899828.942,0x200,8,FF 64 31 E3 0E 0C 22 66,fuel=100.00
1779899829.046,0x300,8,02 58 E2 39 5D B6 D8 CC,temp=42.00
1779899829.153,0x100,8,00 FF 20 B1 F9 86 0A C4,speed=0.00
1779899829.225,0x200,8,1D 64 9F C9 AB 43 B8 EF,fuel=100.00
1779899829.332,0x300,8,02 A4 53 5C C4 0D F6 E9,temp=42.00
1779899829.407,0x100,8,00 EF 0B C7 38 90 35 17,speed=0.00
1779899829.512,0x200,8,26 64 0E 8D 7C CB 79 B7,fuel=100.00
1779899829.602,0x300,8,02 52 7C 07 F4 FE 65 0F,temp=42.00
1779899829.683,0x100,8,00 9E 2B FA 26 7F 79 B2,speed=0.00
1779899829.797,0x200,8,6B 64 58 05 32 50 E8 5E,fuel=100.00
1779899829.891,0x300,8,02 0F 86 A8 B9 18 4D EF,temp=42.00
1779899829.980,0x100,8,00 13 AD B5 8C 34 15 E3,speed=0.00
1779899830.076,0x200,8,9F 64 60 62 EA 12 E2 80,fuel=100.00
1779899830.178,0x300,8,02 C3 61 8E 4E 99 75 F2,temp=42.00
1779899830.256,0x100,8,00 6A 4E DC 23 C1 2D E5,speed=0.00
1779899830.368,0x200,8,6C 64 23 D1 36 1F 0B B5,fuel=100.00
1779899830.448,0x300,8,02 9D 7A 3E 9F 50 B9 89,temp=42.00
1779899830.530,0x100,8,00 F4 98 DF A5 F4 D2 E1,speed=0.00
1779899830.637,0x200,8,C7 64 1A 1B 0C 8D 77 84,fuel=100.00
1779899830.725,0x300,8,02 E2 FF 79 2D 99 85 9A,temp=42.00
1779899830.831,0x100,8,00 5E DE DC 15 F9 5F 2E,speed=0.00
1779899830.907,0x200,8,89 64 B3 86 FB 1C 97 75,fuel=100.00
1779899831.006,0x300,8,02 3E F8 2E A1 0E C7 57,temp=42.00
1779899831.097,0x100,8,00 E5 F2 54 2B 2E 8C 59,speed=0.00
1779899831.188,0x200,8,C6 64 E0 0C CB 23 97 CE,fuel=100.00
1779899831.300,0x300,8,02 26 38 A1 62 F1 8F B9,temp=42.00
1779899831.378,0x100,8,00 87 E3 57 74 FA D3 54,speed=0.00
1779899831.481,0x200,8,00 64 82 51 0B F6 62 49,fuel=100.00
1779899831.578,0x300,8,02 41 7D 19 D0 F2 4F 91,temp=42.00
1779899831.668,0x100,8,00 2C C9 3C E5 5B 52 CD,speed=0.00
1779899831.757,0x200,8,3F 64 6C F6 B9 8C 9C 33,fuel=100.00
1779899831.845,0x300,8,02 BA 4E 7B A3 ED 07 45,temp=42.00
1779899831.944,0x100,8,00 E6 2B EA 05 FC 61 DD,speed=0.00
1779899832.041,0x200,8,D6 64 C4 64 88 E1 CA 05,fuel=100.00
1779899832.153,0x300,8,02 B8 B3 ED CE 9D 76 4B,temp=42.00
1779899832.237,0x100,8,00 B0 02 E0 6F BB F4 E8,speed=0.00
1779899832.320,0x200,8,33 64 37 90 13 8A 7A 06,fuel=100.00
1779899832.426,0x300,8,02 B9 74 3E B4 43 26 54,temp=42.00
1779899832.517,0x100,8,00 84 AF D8 64 5C 4F B5,speed=0.00
1779899832.613,0x200,8,32 64 71 B9 A0 68 95 D8,fuel=100.00
1779899832.680,0x300,8,02 EC 7D B8 81 88 1F AE,temp=42.00
1779899832.788,0x100,8,00 C3 6A 9C 55 3D 09 BF,speed=0.00
1779899832.871,0x200,8,41 64 65 10 F3 2A 03 38,fuel=100.00
1779899832.967,0x300,8,02 BB 22 50 44 01 EC E4,temp=42.00
1779899833.074,0x100,8,00 91 38 28 FC CC BF 2A,speed=0.00
1779899833.155,0x200,8,CB 64 8D 15 F2 E3 37 45,fuel=100.00
1779899833.271,0x300,8,02 6A CB D5 E0 B7 F3 EA,temp=42.00
1779899833.344,0x100,8,00 4E D7 C0 34 A9 77 06,speed=0.00
1779899833.449,0x200,8,F9 64 49 44 38 FB 62 8D,fuel=100.00
1779899833.571,0x300,8,02 24 8B 0C 2D FC 61 00,temp=42.00
1779899833.631,0x100,8,00 5F CF AC 1A 5F 08 26,speed=0.00
1779899833.747,0x200,8,45 64 16 7B F0 CE 40 2B,fuel=100.00
1779899833.834,0x300,8,02 B5 49 25 9B DF 2D 61,temp=42.00
1779899833.905,0x100,8,00 24 EF 05 A9 A0 56 DD,speed=0.00
1779899834.005,0x200,8,AB 64 61 E3 1B 3E 94 AE,fuel=100.00
1779899834.133,0x300,8,02 6F 2E B6 61 DB 76 73,temp=42.00
1779899834.203,0x100,8,00 FC 63 F8 29 D0 1B 88,speed=0.00
1779899834.291,0x200,8,AC 64 6B 66 4F 64 DB 7C,fuel=100.00
1779899834.385,0x300,8,02 CC E1 9B 59 2A C9 94,temp=42.00
1779899834.472,0x100,8,00 A4 58 9F 08 8F E4 EB,speed=0.00
1779899834.603,0x200,8,BE 64 A8 DE AE E7 A1 F0,fuel=100.00
1779899834.674,0x300,8,02 3F 13 1F 7A 4D DF EA,temp=42.00
1779899834.769,0x100,8,00 42 F7 B9 BE 65 AD ED,speed=0.00
1779899834.853,0x200,8,B3 64 9B 02 FD 35 78 40,fuel=100.00
1779899834.965,0x300,8,02 6A 86 E9 DA 7F BD 41,temp=42.00
1779899835.069,0x100,8,00 57 29 0A E9 2F CC 7A,speed=0.00
1779899835.160,0x200,8,27 64 1E 86 DF E4 59 74,fuel=100.00
1779899835.245,0x300,8,02 2F A0 D6 6E 92 B8 CC,temp=42.00
1779899835.338,0x100,8,00 CF 80 65 6D 59 03 37,speed=0.00
1779899835.426,0x200,8,F7 64 35 80 03 05 FC 24,fuel=100.00
1779899835.496,0x300,8,02 98 28 10 C9 B7 DF 32,temp=42.00
1779899835.587,0x100,8,00 2A CF D2 73 D8 59 86,speed=0.00
1779899835.682,0x200,8,20 64 FA CD 7F DE 71 2F,fuel=100.00
1779899835.778,0x300,8,02 2A 18 27 5C 4E 57 9C,temp=42.00
1779899835.899,0x100,8,00 1B F5 93 F2 96 9C 30,speed=0.00
1779899835.975,0x200,8,EE 64 1A 08 2B 3F 7A BD,fuel=100.00
1779899836.092,0x300,8,02 F7 FC 39 DA 7D B9 49,temp=42.00
1779899836.164,0x100,8,00 23 80 07 CC E5 0F 39,speed=0.00
1779899836.245,0x200,8,15 64 AD 40 71 D6 C9 33,fuel=100.00
1779899836.360,0x300,8,02 4C 27 15 79 12 C3 07,temp=42.00
1779899836.459,0x100,8,00 78 FC 80 A9 60 71 AE,speed=0.00
1779899836.561,0x200,8,03 64 82 13 BF 95 3C 37,fuel=100.00
1779899836.631,0x300,8,02 61 F3 55 90 02 DE 44,temp=42.00
1779899836.717,0x100,8,00 6D DB 1F 3A 1E 75 3A,speed=0.00
1779899836.806,0x200,8,52 64 A4 FB BC 3D 41 EF,fuel=100.00
1779899836.928,0x300,8,02 47 0E D4 AB 92 E2 15,temp=42.00
1779899837.019,0x100,8,00 19 88 BC B2 DC D8 14,speed=0.00
1779899837.127,0x200,8,F9 64 7F 76 90 5D CB 88,fuel=100.00
1779899837.192,0x300,8,02 3F A4 EA 4D C6 2D B5,temp=42.00
1779899837.278,0x100,8,00 67 07 E6 39 FE 02 6B,speed=0.00
1779899837.404,0x200,8,18 64 F5 AA AF 61 37 32,fuel=100.00
1779899837.474,0x300,8,02 D1 B8 93 D6 FA E3 AC,temp=42.00
1779899837.562,0x100,8,00 3C 2E FB 3C 3D EC 90,speed=0.00
1779899837.690,0x200,8,B7 64 CD 39 41 DD E0 50,fuel=100.00
1779899837.753,0x300,8,02 58 59 5F 9F 18 2B 2F,temp=42.00
1779899837.859,0x100,8,00 9C 1C E1 C9 C6 46 6B,speed=0.00
1779899837.946,0x200,8,6A 64 47 E9 19 39 41 B7,fuel=100.00
1779899838.033,0x300,8,02 BA D2 F3 20 F6 40 56,temp=42.00
1779899838.136,0x100,8,00 C5 DA 50 B2 B8 92 BF,speed=0.00
1779899838.244,0x200,8,16 64 B0 FF 8F 56 E5 47,fuel=100.00
1779899838.317,0x300,8,02 61 1A C3 A1 C6 6F FF,temp=42.00
1779899838.432,0x100,8,00 67 03 5D 09 16 2C 20,speed=0.00
1779899838.522,0x200,8,11 64 F4 FF 2D 2C 46 77,fuel=100.00
1779899838.592,0x300,8,02 31 D0 AF 19 66 FF 55,temp=42.00
1779899838.690,0x100,8,00 5C E3 86 38 7B 3D C5,speed=0.00
1779899838.794,0x200,8,A3 64 D8 0D 4B 24 4E CB,fuel=100.00
1779899838.895,0x300,8,02 EB C7 14 3B 0D 87 E8,temp=42.00
1779899838.969,0x100,8,00 C9 7D CD 6D 3F 69 E4,speed=0.00
1779899839.077,0x200,8,A3 64 7C EF AB 47 AD 1F,fuel=100.00
1779899839.163,0x300,8,02 3D D3 BE 77 D8 D4 9E,temp=42.00
1779899839.250,0x100,8,00 60 E9 54 C2 99 29 5B,speed=0.00
1779899839.342,0x200,8,9A 64 EB 9B E0 F3 A5 E4,fuel=100.00
1779899839.434,0x300,8,02 64 AD 59 E3 FC FE D3,temp=42.00
1779899839.544,0x100,8,00 BE 90 24 EE DA F4 77,speed=0.00
1779899839.644,0x200,8,E6 64 8A EB 77 91 90 E0,fuel=100.00
1779899839.728,0x300,8,02 E1 E7 43 00 7E 68 33,temp=42.00
1779899839.835,0x100,8,00 77 FE 72 13 7B 6E BB,speed=0.00
1779899839.909,0x200,8,BD 64 29 3A DF 9A E8 71,fuel=100.00
1779899840.005,0x300,8,02 87 DC B1 77 D7 80 83,temp=42.00
1779899840.114,0x100,8,00 9D E6 D4 E1 3A C9 18,speed=0.00
1779899840.207,0x200,8,B8 64 1B EB FF 9F B4 59,fuel=100.00
1779899840.297,0x300,8,02 95 C4 63 73 4B C2 5E,temp=42.00
1779899840.378,0x100,8,00 A3 73 8A 83 14 08 8A,speed=0.00
1779899840.500,0x200,8,BC 64 DE 0C 88 90 14 2E,fuel=100.00
1779899840.560,0x300,8,02 91 5F 1D 62 C0 6E BD,temp=42.00
1779899840.667,0x100,8,00 4A 19 83 57 63 2E 10,speed=0.00
1779899840.750,0x200,8,15 64 C7 93 06 7D CE 0D,fuel=100.00
1779899840.868,0x300,8,02 5E 50 36 88 C6 A4 47,temp=42.00
1779899840.948,0x100,8,00 4C 2A B3 0A 84 A9 B4,speed=0.00
1779899841.051,0x200,8,7A 64 2D B4 A8 8D 0F 48,fuel=100.00
1779899841.134,0x300,8,02 F4 FB 5F 88 98 C0 5D,temp=42.00
1779899841.246,0x100,8,00 D9 47 35 18 0D 58 49,speed=0.00
1779899841.331,0x200,8,F7 64 07 33 CD 52 0F D7,fuel=100.00
1779899841.409,0x300,8,02 8B ED 19 CD 64 86 C7,temp=42.00
1779899841.506,0x100,8,00 93 FC DE 20 45 29 E5,speed=0.00
1779899841.603,0x200,8,B0 64 DF 5D 38 FE F5 DF,fuel=100.00
1779899841.713,0x300,8,02 CE 82 06 C7 6A 13 09,temp=42.00
1779899841.796,0x100,8,00 BC 1B 85 EF 5F 52 B5,speed=0.00
1779899841.889,0x200,8,B3 64 A1 32 7A FD 3E B6,fuel=100.00
1779899841.983,0x300,8,02 AE 67 55 18 42 8C BF,temp=42.00
1779899842.074,0x100,8,00 33 20 B8 E9 9C 94 E6,speed=0.00
1779899842.178,0x200,8,1E 64 2F D9 C0 9C 6B 19,fuel=100.00
1779899842.291,0x300,8,02 25 94 CA 07 89 63 E3,temp=42.00
1779899842.370,0x100,8,00 7D A1 44 1C 58 B0 23,speed=0.00
1779899842.453,0x200,8,15 64 2B 15 3B 11 9F 99,fuel=100.00
1779899842.580,0x300,8,02 0A 80 58 8F C7 E7 73,temp=42.00
1779899842.637,0x100,8,00 33 EF E5 AE 62 EC E4,speed=0.00
1779899842.755,0x200,8,03 64 63 30 24 E0 2D B6,fuel=100.00
1779899842.830,0x300,8,02 93 1B 6E 05 D1 75 53,temp=42.00
1779899842.932,0x100,8,00 FA 95 97 7F 2E AA 81,speed=0.00
1779899843.042,0x200,8,B2 64 EF D9 E6 2A E1 D8,fuel=100.00
1779899843.123,0x300,8,02 DB 1B 89 0A 85 CB ED,temp=42.00
1779899843.211,0x100,8,00 6E 7A 2B 5C 43 70 E6,speed=0.00
1779899843.305,0x200,8,DA 64 D2 99 3C 99 6D 72,fuel=100.00
1779899843.387,0x300,8,02 67 36 98 F8 86 B9 9C,temp=42.00
1779899843.525,0x100,8,00 10 30 91 C8 CD 25 AD,speed=0.00
1779899843.581,0x200,8,9D 64 FE F8 E8 5C 95 89,fuel=100.00
1779899843.690,0x300,8,02 0D 8A F2 37 ED AC B9,temp=42.00
1779899843.773,0x100,8,00 2F 72 47 11 12 57 AF,speed=0.00
1779899843.867,0x200,8,90 64 B9 5C 1D 25 66 8B,fuel=100.00
1779899843.955,0x300,8,02 2E 5A 2D 28 C0 18 ED,temp=42.00
1779899844.060,0x100,8,00 C8 D8 12 EB 41 7B DF,speed=0.00
1779899844.165,0x200,8,55 64 78 0F 53 4B 67 9D,fuel=100.00
1779899844.236,0x300,8,02 F6 24 BE FA C8 6C E1,temp=42.00
1779899844.327,0x100,8,00 85 6D D0 D8 55 8B B3,speed=0.00
1779899844.433,0x200,8,6E 64 F6 DB 0C 1C F1 D3,fuel=100.00
1779899844.535,0x300,8,02 64 D9 CD 94 72 D5 DD,temp=42.00
1779899844.656,0x100,8,00 9C 5B 09 4B AB 35 6E,speed=0.00
1779899844.755,0x200,8,EF 64 C0 9C 3D D7 B9 28,fuel=100.00
1779899844.818,0x300,8,02 EE C9 05 64 AB 81 82,temp=42.00
1779899844.925,0x100,8,00 AC 93 E9 1D 7D 1D BB,speed=0.00
1779899845.007,0x200,8,E4 64 DE 1B 0A 01 4E 5C,fuel=100.00
1779899845.095,0x300,8,02 58 4E 7A DD 26 9F 34,temp=42.00
1779899845.204,0x100,8,00 5B C0 68 48 03 69 12,speed=0.00
1779899845.282,0x200,8,75 64 CF 6F 62 09 61 06,fuel=100.00
1779899845.385,0x300,8,02 4E 8B CB DA 94 4A E9,temp=42.00
1779899845.481,0x100,8,00 57 50 05 31 F1 24 9D,speed=0.00
1779899845.561,0x200,8,52 64 34 7C 7A 93 32 41,fuel=100.00
1779899845.664,0x300,8,02 7A 86 E4 0D 55 8F 6E,temp=42.00
1779899845.745,0x100,8,00 44 38 73 B5 56 A8 4B,speed=0.00
1779899845.846,0x200,8,D8 64 47 61 05 C2 3C 5D,fuel=100.00
1779899845.941,0x300,8,02 07 33 B8 AD 23 A5 3F,temp=42.00
1779899846.030,0x100,8,00 59 DF 6A 59 6B 1C F3,speed=0.00
1779899846.130,0x200,8,CB 64 1B 3B 4C AA 66 9F,fuel=100.00
1779899846.263,0x300,8,02 CD 7F 19 E6 11 C6 2F,temp=42.00
1779899846.316,0x100,8,00 F3 92 82 5A A1 6A FF,speed=0.00
1779899846.411,0x200,8,6A 64 38 EC 55 41 3F 5B,fuel=100.00
1779899846.499,0x300,8,02 E8 02 AD 47 D6 3C 8D,temp=42.00
1779899846.588,0x100,8,00 2F C3 87 D7 44 38 0E,speed=0.00
1779899846.686,0x200,8,E3 64 B7 FD BA 9D F1 BF,fuel=100.00
1779899846.787,0x300,8,02 20 F6 A7 E7 4D 91 2D,temp=42.00
1779899846.893,0x100,8,00 12 93 DB 71 0E 10 91,speed=0.00
1779899846.968,0x200,8,6E 64 6A DE 90 FA 4B 6F,fuel=100.00
1779899847.082,0x300,8,02 DD D4 BA BA 61 54 99,temp=42.00
1779899847.160,0x100,8,00 FD 0D 2B F4 97 DA 12,speed=0.00
1779899847.255,0x200,8,18 64 A1 65 00 41 97 A5,fuel=100.00
1779899847.373,0x300,8,02 B0 C5 8B 0F 6B B5 ED,temp=42.00
1779899847.449,0x100,8,00 C3 95 59 4F 21 DA 5D,speed=0.00
1779899847.559,0x200,8,08 64 D0 D6 63 AA 96 3E,fuel=100.00
1779899847.626,0x300,8,02 AF C4 6C BC 7E 6D 7B,temp=42.00
1779899847.725,0x100,8,00 C2 C4 0A 8E 2D 78 BC,speed=0.00
1779899847.816,0x200,8,18 64 33 4E AF D9 8D CD,fuel=100.00
1779899847.916,0x300,8,02 72 D1 E4 B6 5A 7E 51,temp=42.00
1779899848.034,0x100,8,00 6A 1F F0 2C 82 47 69,speed=0.00
1779899848.097,0x200,8,72 64 11 88 EA 58 5E CF,fuel=100.00
1779899848.180,0x300,8,02 4D 92 8C 19 90 6B 0F,temp=42.00
1779899848.298,0x100,8,00 4C AE 33 5C 36 1C 18,speed=0.00
1779899848.398,0x200,8,B4 64 45 EB C7 89 90 85,fuel=100.00
1779899848.477,0x300,8,02 FA 59 7E 94 AF 28 F6,temp=42.00
1779899848.555,0x100,8,00 27 C9 4F AD 33 05 B6,speed=0.00
1779899848.669,0x200,8,56 64 FA 93 1E 72 4E 56,fuel=100.00
1779899848.761,0x300,8,02 3E 1B FA 87 BC F1 93,temp=42.00
1779899848.856,0x100,8,00 EE 62 23 1B F1 45 78,speed=0.00
1779899848.930,0x200,8,EC 64 74 95 20 68 AA DD,fuel=100.00
1779899849.028,0x300,8,02 AF 21 F5 66 C3 D6 58,temp=42.00
1779899849.141,0x100,8,00 BA CC 13 42 11 04 6A,speed=0.00
1779899849.259,0x200,8,64 64 00 BD 19 3A 46 13,fuel=100.00
1779899849.333,0x300,8,02 1F DE 5D E0 26 B7 21,temp=42.00
1779899849.409,0x100,8,00 C9 61 C5 82 3A CC 18,speed=0.00
1779899849.511,0x200,8,5C 64 81 A7 49 10 8B 1C,fuel=100.00
1779899849.618,0x300,8,02 34 B6 02 B0 3C 58 27,temp=42.00
1779899849.682,0x100,8,00 55 32 04 21 C6 AB 94,speed=0.00
1779899849.810,0x200,8,92 64 AF B4 D2 9D 65 75,fuel=100.00
1779899849.883,0x300,8,02 77 07 D5 B3 74 4E 82,temp=42.00
1779899849.968,0x100,8,00 3E A0 25 E7 0D 98 FA,speed=0.00
1779899850.061,0x200,8,A4 64 8F FD 88 65 F9 01,fuel=100.00
1779899850.178,0x300,8,02 66 E7 B0 5E 9B 33 F8,temp=42.00
1779899850.271,0x100,8,00 5B 8A BF 33 59 1C BF,speed=0.00
1779899850.344,0x200,8,6B 64 9E 43 34 20 BA 0B,fuel=100.00
1779899850.435,0x300,8,02 B4 B5 C9 ED 86 9C 72,temp=42.00
1779899850.535,0x100,8,00 D1 C1 A7 18 88 64 04,speed=0.00
1779899850.634,0x200,8,53 64 27 F9 99 8E A0 17,fuel=100.00
1779899850.718,0x300,8,02 6A 5B 8C 8B 6E 26 D7,temp=42.00
1779899850.815,0x100,8,00 7B 7A 8B CB 38 FD E4,speed=0.00
1779899850.906,0x200,8,44 64 8F 8B AF 32 EB 62,fuel=100.00
1779899851.008,0x300,8,02 72 D2 DD 65 CB 9D 42,temp=42.00
1779899851.110,0x100,8,00 EC 93 2A 1B 36 94 8D,speed=0.00
1779899851.183,0x200,8,05 64 9F 85 77 74 27 43,fuel=100.00
1779899851.299,0x300,8,02 91 C9 9F 19 8F 95 1E,temp=42.00
1779899851.397,0x100,8,00 09 52 8F 7E 1F 46 F0,speed=0.00
1779899851.470,0x200,8,27 64 3D 3A 20 25 58 9D,fuel=100.00
1779899851.570,0x300,8,02 07 98 E7 C0 72 1F C3,temp=42.00
1779899851.666,0x100,8,00 A1 55 E7 B1 0D 73 3E,speed=0.00
1779899851.760,0x200,8,51 64 04 E7 15 45 94 09,fuel=100.00
1779899851.838,0x300,8,02 10 93 91 4F 40 CA DF,temp=42.00
1779899851.943,0x100,8,00 FA E6 30 A8 3C 4F FE,speed=0.00
1779899852.054,0x200,8,ED 64 F6 9D 59 3B E9 72,fuel=100.00
1779899852.140,0x300,8,02 E1 7B 3E E2 88 38 2B,temp=42.00
1779899852.214,0x100,8,00 F4 3B FF D4 8C 25 58,speed=0.00
1779899852.317,0x200,8,87 64 55 0B 31 A7 57 29,fuel=100.00
1779899852.431,0x300,8,02 1A 94 E9 E9 7B 5B C2,temp=42.00
1779899852.532,0x100,8,00 2F 57 28 5C 0B A9 61,speed=0.00
1779899852.619,0x200,8,A6 64 8E 9D 61 46 E8 5C,fuel=100.00
1779899852.702,0x300,8,02 59 74 46 14 FB A9 4C,temp=42.00
1779899852.801,0x100,8,00 F0 14 2F F6 4C 31 17,speed=0.00
1779899852.877,0x200,8,4F 64 AE 49 94 E9 2C 4F,fuel=100.00
1779899852.983,0x300,8,02 36 A4 BB 52 0C 43 87,temp=42.00
1779899853.089,0x100,8,00 94 D3 51 5C 7A EB 03,speed=0.00
1779899853.169,0x200,8,CC 64 79 4F 5E F3 BB FA,fuel=100.00
1779899853.249,0x300,8,02 7E 2C 06 5C 5B EE 13,temp=42.00
1779899853.363,0x100,8,00 A0 1F 26 5B 10 75 EE,speed=0.00
1779899853.461,0x200,8,F4 64 04 F6 F0 3F 74 B5,fuel=100.00
1779899853.546,0x300,8,02 BB 38 A1 42 43 4A AF,temp=42.00
1779899853.630,0x100,8,00 7A FB AC 05 D6 F6 C5,speed=0.00
1779899853.717,0x200,8,D1 64 46 42 DC BA 53 D2,fuel=100.00
1779899853.829,0x300,8,02 90 22 EE AE 3C 63 3D,temp=42.00
1779899853.905,0x100,8,00 DF 2B 23 50 2C 5F E5,speed=0.00
1779899853.993,0x200,8,24 64 C4 34 D8 5E EB CE,fuel=100.00
1779899854.117,0x300,8,02 7C A3 1C 3D 32 98 3A,temp=42.00
1779899854.206,0x100,8,00 9D D4 AF F6 66 EE C6,speed=0.00
1779899854.296,0x200,8,64 64 15 1E CD FB 0A 99,fuel=100.00
1779899854.381,0x300,8,02 2B B0 B5 3A 27 38 47,temp=42.00
1779899854.488,0x100,8,00 F0 D9 7A C9 C2 4D 0C,speed=0.00
1779899854.555,0x200,8,35 64 ED A3 B7 06 45 33,fuel=100.00
1779899854.665,0x300,8,02 07 E8 A1 DB 97 6B 59,temp=42.00
1779899854.749,0x100,8,00 9D E9 AC BC D1 2C 2A,speed=0.00
1779899854.839,0x200,8,5C 64 5A E0 B9 27 84 53,fuel=100.00
1779899854.930,0x300,8,02 80 5A 34 6F 80 79 3D,temp=42.00
1779899855.036,0x100,8,00 E8 76 B4 A8 FF 3E 7C,speed=0.00
1779899855.146,0x200,8,48 64 71 F7 0F A8 27 0C,fuel=100.00
1779899855.221,0x300,8,02 27 FA 0A DA 2F AE 07,temp=42.00
1779899855.313,0x100,8,00 7A 65 70 C3 DD F2 BB,speed=0.00
1779899855.434,0x200,8,68 64 3B B2 A4 0D E4 5A,fuel=100.00
1779899855.497,0x300,8,02 9B DD F5 CF 62 5D B8,temp=42.00
1779899855.591,0x100,8,00 B3 53 23 6D 9E 07 B2,speed=0.00
1779899855.693,0x200,8,9A 64 9D 08 6D 27 E5 7F,fuel=100.00
1779899855.799,0x300,8,02 E8 D5 6B DD E3 56 FD,temp=42.00
1779899855.872,0x100,8,00 07 A5 81 FA A2 91 CE,speed=0.00
1779899856.003,0x200,8,80 64 11 0A 06 66 EB 87,fuel=100.00
1779899856.077,0x300,8,02 6A 64 0A 70 0C 81 62,temp=42.00
1779899856.164,0x100,8,00 E9 6F F7 23 A4 4D A5,speed=0.00
1779899856.250,0x200,8,40 64 39 B7 EC B9 81 E0,fuel=100.00
1779899856.343,0x300,8,02 EF 42 07 11 F6 66 B7,temp=42.00
1779899856.432,0x100,8,00 72 92 43 CF 2C FD EE,speed=0.00
1779899856.537,0x200,8,89 64 9A 08 82 E3 D6 44,fuel=100.00
1779899856.632,0x300,8,02 6C 84 A4 2D 7C 6A 56,temp=42.00
1779899856.715,0x100,8,00 BB F2 38 52 03 BB 73,speed=0.00
1779899856.829,0x200,8,D2 64 C0 B1 53 1B 22 AE,fuel=100.00
1779899856.902,0x300,8,02 1A 48 12 FA E2 8D 97,temp=42.00
1779899856.998,0x100,8,00 4E C2 DC 3D BE D7 1C,speed=0.00
1779899857.103,0x200,8,9D 64 46 71 EF DC 56 89,fuel=100.00
1779899857.202,0x300,8,02 AF 78 42 63 A7 C6 83,temp=42.00
1779899857.305,0x100,8,00 A5 AC E7 E2 A1 AE D4,speed=0.00
1779899857.380,0x200,8,A8 64 C5 B8 E1 9E AD 5B,fuel=100.00
1779899857.487,0x300,8,02 B5 D7 7E 84 6A 04 30,temp=42.00
1779899857.569,0x100,8,00 22 F9 08 5F D4 0D D5,speed=0.00
1779899857.684,0x200,8,9B 64 99 26 DD 2F 84 D4,fuel=100.00
1779899857.754,0x300,8,02 98 F1 15 AD 32 EE 64,temp=42.00
1779899857.842,0x100,8,00 E7 5B B4 1B 88 8B 5B,speed=0.00
1779899857.954,0x200,8,E5 64 56 F7 B8 D9 E5 E8,fuel=100.00
1779899858.032,0x300,8,02 66 0F B8 D0 62 C4 60,temp=42.00
1779899858.132,0x100,8,00 6C 73 04 CF F3 A1 A9,speed=0.00
1779899858.227,0x200,8,CC 64 4C A2 28 BA 9A 29,fuel=100.00
1779899858.338,0x300,8,02 25 68 75 A9 22 A8 DC,temp=42.00
1779899858.413,0x100,8,00 7E FE 44 21 96 F5 EF,speed=0.00
1779899858.504,0x200,8,7C 64 3A E7 23 92 C2 A9,fuel=100.00
1779899858.616,0x300,8,02 9A 38 FD 42 4E F7 CE,temp=42.00
1779899858.693,0x100,8,00 AD 2C 3E 71 E4 37 49,speed=0.00
1779899858.807,0x200,8,21 64 CA C1 FB FB 52 2D,fuel=100.00
1779899858.899,0x300,8,02 D9 A4 23 CB 5E 20 A9,temp=42.00
1779899858.978,0x100,8,00 AA 6C 62 67 60 95 1A,speed=0.00
1779899859.072,0x200,8,03 64 17 8E 9B 04 69 E2,fuel=100.00
1779899859.173,0x300,8,02 AD F9 8A 90 E2 F0 AF,temp=42.00
1779899859.265,0x100,8,00 B7 02 30 67 1D D9 3B,speed=0.00
1779899859.370,0x200,8,45 64 A3 59 24 D4 DB 8D,fuel=100.00
1779899859.437,0x300,8,02 DC C8 DD EC 54 B0 0F,temp=42.00
1779899859.535,0x100,8,00 91 CC 46 1F D3 6B FB,speed=0.00
1779899859.640,0x200,8,BB 64 C1 F3 97 F3 54 72,fuel=100.00
1779899859.715,0x300,8,02 B3 DF 5C 66 C0 7C F0,temp=42.00
1779899859.826,0x100,8,00 5F 3E 81 C6 A0 93 7B,speed=0.00
1779899859.905,0x200,8,30 64 8E 21 1F 4C 99 F7,fuel=100.00
1779899860.015,0x300,8,02 89 18 41 27 7A 36 E2,temp=42.00
1779899860.113,0x100,8,00 6F 2F 0A E5 90 0A 5D,speed=0.00
1779899860.193,0x200,8,EB 64 87 E1 35 75 E5 A7,fuel=100.00
1779899860.289,0x300,8,02 D4 6A 98 9B F1 53 89,temp=42.00
1779899860.389,0x100,8,00 75 52 A0 BC C0 02 15,speed=0.00
1779899860.472,0x200,8,26 64 1F CF 0D CE D2 A7,fuel=100.00
1779899860.575,0x300,8,02 11 DD A8 77 F7 41 7E,temp=42.00
1779899860.663,0x100,8,00 0C 16 A8 47 69 7F D3,speed=0.00
1779899860.755,0x200,8,10 64 82 FD FA 16 28 32,fuel=100.00
1779899860.844,0x300,8,02 6C 3A 4E 28 C4 63 7A,temp=42.00
1779899860.935,0x100,8,00 9B 13 7F 72 A2 9D 82,speed=0.00
1779899861.036,0x200,8,DA 64 D1 EA 85 67 22 E0,fuel=100.00
1779899861.124,0x300,8,02 78 0B 66 4A 39 DE E3,temp=42.00
1779899861.231,0x100,8,00 E1 4D 63 1B 0B 08 2D,speed=0.00
1779899861.328,0x200,8,68 64 80 AD BC 12 17 98,fuel=100.00
1779899861.415,0x300,8,02 2D E0 03 02 D3 82 6C,temp=42.00
1779899861.499,0x100,8,00 38 81 5F 67 6C 3C AC,speed=0.00
1779899861.602,0x200,8,AF 64 85 04 41 0C B7 74,fuel=100.00
1779899861.692,0x300,8,02 C5 16 C4 E9 44 4D 05,temp=42.00
1779899861.794,0x100,8,00 76 FB 3A 3A 3B 9C 55,speed=0.00
1779899861.891,0x200,8,7F 64 1C 4A 16 34 77 CC,fuel=100.00
1779899861.965,0x300,8,02 A5 23 1D 46 7A 52 AE,temp=42.00
1779899862.079,0x100,8,00 D1 7F 24 5B EF D3 0F,speed=0.00
1779899862.176,0x200,8,49 64 EC A4 45 DD 76 DA,fuel=100.00
1779899862.275,0x300,8,02 2B D5 E8 C7 71 83 E2,temp=42.00
1779899862.355,0x100,8,00 50 82 E6 BF 96 36 06,speed=0.00
1779899862.468,0x200,8,96 64 DA A3 17 7A 4B BC,fuel=100.00
1779899862.552,0x300,8,02 AD 51 45 85 6A 4D 20,temp=42.00
1779899862.638,0x100,8,00 13 89 C5 C0 FA 18 72,speed=0.00
1779899862.727,0x200,8,2D 64 78 30 3A 92 84 95,fuel=100.00
1779899862.830,0x300,8,02 31 4C CB 5C 79 04 B3,temp=42.00
1779899862.900,0x100,8,00 5E 32 26 3F 9F 97 72,speed=0.00
1779899863.019,0x200,8,0E 64 46 2E B7 75 97 72,fuel=100.00
1779899863.103,0x300,8,02 75 0C EB 19 B3 93 DB,temp=42.00
1779899863.202,0x100,8,00 F9 B4 08 24 E7 82 2F,speed=0.00
1779899863.287,0x200,8,F8 64 5A CA D5 A8 17 BF,fuel=100.00
1779899863.404,0x300,8,02 E8 4E 4D A2 F1 1A 34,temp=42.00
1779899863.472,0x100,8,00 FE C6 A6 0E 5B 17 60,speed=0.00
1779899863.562,0x200,8,8E 64 B0 69 FF C4 97 E5,fuel=100.00
1779899863.658,0x300,8,02 9D 3D 11 B2 DF 63 04,temp=42.00
1779899863.784,0x100,8,00 2D 6F 82 94 E1 66 A8,speed=0.00
1779899863.890,0x200,8,01 64 04 46 7D 24 48 B2,fuel=100.00
1779899863.952,0x300,8,02 F7 87 E5 AD A9 B5 DD,temp=42.00
1779899864.038,0x100,8,00 40 5B 1C 93 FA 6C 92,speed=0.00
1779899864.131,0x200,8,A6 64 2E 94 4A 26 28 9D,fuel=100.00
1779899864.246,0x300,8,02 80 75 C8 53 C5 6C 08,temp=42.00
1779899864.312,0x100,8,00 AC 22 EE CC 85 B2 C8,speed=0.00
1779899864.412,0x200,8,E1 64 E4 F8 48 B9 8E FB,fuel=100.00
1779899864.513,0x300,8,02 ED 8D 44 1F 8A 12 95,temp=42.00
1779899864.596,0x100,8,00 F2 46 35 E9 67 BE 14,speed=0.00
1779899864.689,0x200,8,EE 64 DA FD DF D0 A1 BF,fuel=100.00
1779899864.789,0x300,8,02 15 B2 B4 0F 4E E5 A3,temp=42.00
1779899864.893,0x100,8,00 B8 18 19 89 14 A0 4D,speed=0.00
1779899864.969,0x200,8,50 64 D2 4B 17 BC A3 42,fuel=100.00
1779899865.056,0x300,8,02 A1 80 75 F1 4B 90 38,temp=42.00
1779899865.155,0x100,8,00 1A 43 72 C0 68 A7 59,speed=0.00
1779899865.244,0x200,8,83 64 5E 34 ED C8 5F 29,fuel=100.00
1779899865.340,0x300,8,02 A0 06 04 8B 4F 5F 8A,temp=42.00
1779899865.443,0x100,8,00 86 4C 4A 6C 7F 1D B4,speed=0.00
1779899865.553,0x200,8,D1 64 E8 43 E2 9B 93 C2,fuel=100.00
1779899865.620,0x300,8,02 CB 39 C0 85 F6 7C 4A,temp=42.00
1779899865.718,0x100,8,00 6B 69 99 D8 44 80 47,speed=0.00
1779899865.822,0x200,8,C6 64 D4 9F 16 43 2B B9,fuel=100.00
1779899865.907,0x300,8,02 50 46 63 94 03 57 2F,temp=42.00
1779899866.007,0x100,8,00 69 74 DF 64 29 57 70,speed=0.00
1779899866.113,0x200,8,D8 64 7F D3 44 EA D8 EA,fuel=100.00
1779899866.199,0x300,8,02 A0 D6 E9 D0 B8 21 C2,temp=42.00
1779899866.302,0x100,8,00 19 75 43 B9 A2 66 FD,speed=0.00
1779899866.378,0x200,8,B8 64 96 F9 AC 40 7D 4E,fuel=100.00
1779899866.468,0x300,8,02 CD 79 58 F7 8F 53 A7,temp=42.00
1779899866.571,0x100,8,00 97 56 29 12 D1 79 88,speed=0.00
1779899866.690,0x200,8,A6 64 00 25 E4 00 35 8E,fuel=100.00
1779899866.786,0x300,8,02 A3 B9 54 01 77 A6 17,temp=42.00
1779899866.842,0x100,8,00 61 84 DF 3F B3 78 CF,speed=0.00
1779899866.943,0x200,8,50 64 28 92 E8 0F EB 50,fuel=100.00
1779899867.030,0x300,8,02 FD 18 45 C4 63 93 B7,temp=42.00
1779899867.144,0x100,8,00 BE 81 FC 32 1A C0 C5,speed=0.00
1779899867.227,0x200,8,33 64 74 CD 6C 0E 0C 20,fuel=100.00
1779899867.321,0x300,8,02 0F E5 66 DE 3B E9 E2,temp=42.00
1779899867.410,0x100,8,00 F7 23 18 48 26 FB B7,speed=0.00
1779899867.501,0x200,8,78 64 63 90 17 A3 97 07,fuel=100.00
1779899867.605,0x300,8,02 13 C8 18 2B 4D 8E 32,temp=42.00
1779899867.688,0x100,8,00 AD 68 6D 35 43 C5 19,speed=0.00
1779899867.807,0x200,8,5D 64 BE 2E 75 F6 0D 61,fuel=100.00
1779899867.889,0x300,8,02 72 15 7B 90 89 68 0D,temp=42.00
1779899867.982,0x100,8,00 9D 27 44 F8 D3 C9 D7,speed=0.00
1779899868.084,0x200,8,03 64 07 62 7D 54 DD 74,fuel=100.00
1779899868.180,0x300,8,02 3F A5 94 BE 72 A2 6A,temp=42.00
1779899868.253,0x100,8,00 63 FF 69 24 11 45 B9,speed=0.00
1779899868.368,0x200,8,39 64 2F A6 71 98 95 8B,fuel=100.00
1779899868.442,0x300,8,02 CD F1 2A 39 9D 86 7C,temp=42.00
1779899868.529,0x100,8,00 9C F9 AB C7 67 3C D3,speed=0.00
1779899868.631,0x200,8,B5 64 4F F1 C1 C2 1D B6,fuel=100.00
1779899868.750,0x300,8,02 C9 74 D3 EB 5C 7C 2D,temp=42.00
1779899868.823,0x100,8,00 82 A7 EC 53 B6 0B E6,speed=0.00
1779899868.916,0x200,8,C3 64 EF C1 5E 6C 7D 36,fuel=100.00
1779899869.005,0x300,8,02 25 12 77 F1 AF D9 BB,temp=42.00
1779899869.094,0x100,8,00 CA 84 38 1A 1B E7 8B,speed=0.00
1779899869.193,0x200,8,DD 64 18 AF 6F DF 45 7B,fuel=100.00
1779899869.290,0x300,8,02 81 1B 1D B4 6F 7C 26,temp=42.00
1779899869.390,0x100,8,00 3F EE AF 78 3A 68 46,speed=0.00
1779899869.475,0x200,8,E2 64 DB 70 D9 F9 F2 6F,fuel=100.00
1779899869.573,0x300,8,02 C3 71 8B 29 8D 55 48,temp=42.00
1779899869.661,0x100,8,00 BB BD 17 0B 08 FB 3E,speed=0.00
1779899869.748,0x200,8,F5 64 B4 36 A1 4F 36 2B,fuel=100.00
1779899869.841,0x300,8,02 F3 44 85 E0 28 D3 B4,temp=42.00
1779899869.956,0x100,8,00 1D 7D 20 15 D5 1D E4,speed=0.00
1779899870.057,0x200,8,72 64 49 E5 88 22 1A C3,fuel=100.00
1779899870.127,0x300,8,02 99 C7 DF 3B C9 FB 29,temp=42.00
1779899870.214,0x100,8,00 B0 07 3A C2 92 7D E6,speed=0.00
1779899870.334,0x200,8,3A 64 00 2B DE 11 37 46,fuel=100.00
1779899870.421,0x300,8,02 2F 43 CC 2A CD FB CF,temp=42.00
1779899870.495,0x100,8,00 45 91 03 87 A0 86 CE,speed=0.00
1779899870.597,0x200,8,FA 64 F5 0A 23 C9 FC 9B,fuel=100.00
1779899870.682,0x300,8,02 4E 08 64 64 34 F5 0C,temp=42.00
1779899870.779,0x100,8,00 3C A1 B0 9D E5 D0 7B,speed=0.00
1779899870.878,0x200,8,04 64 AD 69 36 50 3F E9,fuel=100.00
1779899870.972,0x300,8,02 D8 73 41 17 C3 26 1C,temp=42.00
1779899871.090,0x100,8,00 2F 50 8E 8A 8E 69 8C,speed=0.00
1779899871.153,0x200,8,AC 64 CF 85 E8 38 9F AA,fuel=100.00
1779899871.251,0x300,8,02 89 9A 3D 98 5D F0 96,temp=42.00
1779899871.342,0x100,8,00 E0 EA B7 52 69 D1 C6,speed=0.00
1779899871.439,0x200,8,11 64 DE E2 EB 8D 3F BC,fuel=100.00
1779899871.545,0x300,8,02 04 32 F1 1F DA BA FB,temp=42.00
1779899871.626,0x100,8,00 80 B8 FA A5 4C 2D F6,speed=0.00
1779899871.720,0x200,8,37 64 52 C6 89 6D D3 C7,fuel=100.00
1779899871.826,0x300,8,02 4B BE A4 C4 A0 B9 4C,temp=42.00
1779899871.905,0x100,8,00 42 0C 8E 86 1C D0 76,speed=0.00
1779899872.016,0x200,8,36 64 3A E0 A1 3D 2E 86,fuel=100.00
1779899872.112,0x300,8,02 88 D1 B6 DA D4 1B B1,temp=42.00
1779899872.193,0x100,8,00 B0 20 91 12 1F C5 20,speed=0.00
1779899872.300,0x200,8,FC 64 4D B5 5F 46 B4 B7,fuel=100.00
1779899872.386,0x300,8,02 2B 56 02 D6 44 CD 94,temp=42.00
1779899872.463,0x100,8,00 14 5F 67 6E 52 F6 36,speed=0.00
1779899872.572,0x200,8,FD 64 AD 55 35 C9 49 09,fuel=100.00
1779899872.668,0x300,8,02 5D C7 7A 9E 38 9D 46,temp=42.00
1779899872.756,0x100,8,00 BF DC 10 D3 A2 D0 E7,speed=0.00
1779899872.841,0x200,8,14 64 02 05 EB D2 F7 DD,fuel=100.00
1779899872.935,0x300,8,02 20 C3 C4 BF A4 A4 ED,temp=42.00
1779899873.027,0x100,8,00 BF F3 2D 00 FB 2C C2,speed=0.00
1779899873.136,0x200,8,D9 64 C0 AB 63 DD DA C2,fuel=100.00
1779899873.222,0x300,8,02 81 9B B5 72 55 26 A7,temp=42.00
1779899873.319,0x100,8,00 23 48 31 A1 80 E7 69,speed=0.00
1779899873.413,0x200,8,6F 64 9C A1 62 AD 38 25,fuel=100.00
1779899873.504,0x300,8,02 8A 2D 92 F4 D8 DC 61,temp=42.00
1779899873.604,0x100,8,00 1C 68 FD 60 EE 57 01,speed=0.00
1779899873.693,0x200,8,8C 64 48 DB 4A D6 6D 89,fuel=100.00
1779899873.809,0x300,8,02 E4 9C C8 1C 10 D7 5E,temp=42.00
1779899873.890,0x100,8,00 D0 23 43 24 A4 09 63,speed=0.00
1779899873.987,0x200,8,3F 64 06 D5 67 B2 29 07,fuel=100.00
1779899874.062,0x300,8,02 7D DC 87 49 13 0C 47,temp=42.00
1779899874.159,0x100,8,00 DF DB F0 45 90 F7 62,speed=0.00
1779899874.246,0x200,8,5B 64 0A 2E F6 2A F2 00,fuel=100.00
1779899874.344,0x300,8,02 35 E4 15 5A 30 55 86,temp=42.00
1779899874.438,0x100,8,00 BE 51 03 B1 16 5B A8,speed=0.00
1779899874.535,0x200,8,88 64 36 2C A5 97 51 30,fuel=100.00
1779899874.629,0x300,8,02 B9 82 56 BE B5 48 40,temp=42.00
1779899874.713,0x100,8,00 BA 74 DD 59 97 02 DC,speed=0.00
1779899874.809,0x200,8,9B 64 42 81 46 A8 5E 71,fuel=100.00
1779899874.905,0x300,8,02 32 7A CA B8 4A 55 DB,temp=42.00
1779899874.996,0x100,8,00 C5 4F FA 90 8F 32 89,speed=0.00
1779899875.096,0x200,8,97 64 EC 3F 29 D5 9F EF,fuel=100.00
1779899875.190,0x300,8,02 09 C1 E6 22 43 AC F1,temp=42.00
1779899875.286,0x100,8,00 CB 7F 20 63 17 0B 18,speed=0.00
1779899875.380,0x200,8,1B 64 64 5E E6 34 34 5B,fuel=100.00
1779899875.477,0x300,8,02 BA A4 FB B6 F2 81 D5,temp=42.00
1779899875.557,0x100,8,00 65 AA 1A 8B FA F4 BA,speed=0.00
1779899875.652,0x200,8,53 64 97 0D D2 72 A7 68,fuel=100.00
1779899875.749,0x300,8,02 CE 68 A5 5A B8 6B 55,temp=42.00
1779899875.843,0x100,8,00 FB CA DA 37 23 ED AE,speed=0.00
1779899875.948,0x200,8,3A 64 7A A4 89 66 7A CB,fuel=100.00
1779899876.040,0x300,8,02 EE A1 28 CC 6F 31 3B,temp=42.00
1779899876.126,0x100,8,00 0F 62 D5 8E B3 E2 01,speed=0.00
1779899876.225,0x200,8,A6 64 54 A3 3A EC DA 1A,fuel=100.00
1779899876.315,0x300,8,02 EC 72 65 B7 AD 38 FF,temp=42.00
1779899876.400,0x100,8,00 B6 3B 19 E2 8A 6D B0,speed=0.00
1779899876.551,0x200,8,BB 64 4E 09 5F 31 0C 8D,fuel=100.00
1779899876.689,0x300,8,02 EF 4E 7A 02 57 8F 0F,temp=42.00
1779899876.779,0x100,8,00 7F 0A AC 13 D3 89 18,speed=0.00
1779899876.875,0x200,8,FD 64 04 2D 70 F0 EE 8B,fuel=100.00
1779899876.970,0x300,8,02 EC D7 12 F0 C8 1F 54,temp=42.00
1779899877.065,0x100,8,00 06 9C BB AB 6E 65 D3,speed=0.00
1779899877.161,0x200,8,2F 64 0B A4 F2 6E D1 A2,fuel=100.00
1779899877.257,0x300,8,02 8F C2 27 A7 8C 00 E8,temp=42.00
1779899877.337,0x100,8,00 60 FF 39 35 8F B3 D0,speed=0.00
1779899877.432,0x200,8,F1 64 AF 96 BF 84 ED 4F,fuel=100.00
1779899877.527,0x300,8,02 9C F3 B5 1E F7 39 D3,temp=42.00
1779899877.622,0x100,8,00 3A 4D 83 66 34 4E C4,speed=0.00
1779899877.718,0x200,8,41 64 F7 66 23 1B A4 B8,fuel=100.00
1779899877.821,0x300,8,02 D2 F5 BC B6 49 CC 5D,temp=42.00
1779899877.913,0x100,8,00 D3 B8 48 6C C0 52 4C,speed=0.00
1779899878.076,0x200,8,84 64 78 46 24 ED 11 8A,fuel=100.00
1779899878.092,0x300,8,02 35 8B 10 62 03 01 26,temp=42.00
1779899878.196,0x100,8,00 81 FC 37 5F 0A 9E 7F,speed=0.00
1779899878.279,0x200,8,6C 64 7E A5 1C 6C D6 D6,fuel=100.00
1779899878.374,0x300,8,02 D2 4E 7E B0 6D 3D FF,temp=42.00
1779899878.467,0x100,8,00 18 91 B8 3B DD 76 BA,speed=0.00
1779899878.571,0x200,8,35 64 AB 9E 99 B3 E0 5E,fuel=100.00
1779899878.657,0x300,8,02 65 FA 0A 83 E5 A7 89,temp=42.00
1779899878.752,0x100,8,00 EB 7E AA D0 85 B8 B6,speed=0.00
1779899878.850,0x200,8,26 64 4E 93 49 7F EE 1E,fuel=100.00
1779899878.938,0x300,8,02 C7 A6 99 EB BD 71 94,temp=42.00
1779899879.025,0x100,8,00 19 67 1B 5E 92 B4 0E,speed=0.00
1779899879.119,0x200,8,8D 64 65 69 9B 9D FA 0C,fuel=100.00
